ply
format ascii 1.0
comment Generated by PyMesh
element vertex 3820

property float x
property float y
property float z
property float charge
property float hbond
property float hphob
property float nx
property float ny
property float nz
property uchar red
property uchar green
property uchar blue
element face 7636
property list uchar int vertex_indices
property float predict_score

end_header
43.898 51.998 -6.773 -0.597466 0 -3.2 1 0.103441 -0.390493 255 86 86
45.673 56.955 -5.121 0.817046 0 -3.2 0 -0.383154 0.802256 132 132 255
69.4345 68.173 -14.214 0.0130987 0 -4.5 0 0.863845 -0.00762737 210 210 255
62.005 71.379 3.0165 0.468188 0 -3.9 0 -0.865421 -0.463483 10 10 255
64.7065 53.6235 -1.0595 -0.825526 0 2.8 0 0.830551 -0.541431 37 37 255
42.505 54.712 -6.5965 0.311296 0 -3.2 0 -0.564149 0.480471 243 243 255
61.085 67.173 -20.943 0.0198415 0 -3.5 0 -0.179384 0.975756 53 53 255
63.6305 69.5795 -13.24 0.473665 0 2.72549 0 -0.547371 0.547934 91 91 255
82.3865 68.4675 -31.7525 -0.205444 0 3.8 0 0.828667 0.539851 40 40 255
80.781 68.914 -27.82 -0.0168901 0.383689 -4.5 0 0.259207 0.965686 7 7 255
68.956 61.728 3.016 -1.14284 -0.855574 -3.5 0 0.931704 -0.302495 22 22 255
70.452 72.182 -37.977 0.589484 0 -0.4 0 -0.345482 0.935373 15 15 255
52.3585 51.795 -11.7715 0.537027 0 3.8 0 0.101054 0.517229 87 87 255
59.817 63.5915 -19.871 -0.172521 -0.804573 -3.5 0 -0.694117 -0.171836 40 40 255
80.244 59.8915 -23.9055 -1.16064 0 -3.5 0 0.761042 0.0829003 6 6 255
62.804 81.856 -1.5665 -1.43023 -0.742831 -3.5 0 0.453977 0.70652 2 2 255
58.291 46.5815 -24.3245 0.513997 0 -3.9 0 0.446681 0.201952 234 234 255
76.39 49.8115 -37.4295 -0.499304 -0.944182 -0.8 0 0.66535 -0.551941 227 227 255
49.4165 53.1155 1.008 0.181311 0 -1.3 0 0.0641581 -0.550367 255 47 47
65.2245 69.6745 -26.42 -0.184974 0 2.8 0 -0.635659 0.101489 201 201 255
80.9325 71.3825 -36.947 -0.381729 0 -0.7 0 0.791484 -0.0699696 12 12 255
54.649 69.44 -4.5345 -0.331225 -0.0132717 4.19842 0 -0.789538 0.0667576 168 168 255
74.9815 74.9255 -43.194 -0.272039 0 3.8 0 -0.302723 0.750598 52 52 255
55.207 45.8735 0.639 0.231021 0 -3.5 0 -0.77585 0.205313 52 52 255
79.8305 54.365 -29.973 -0.327137 -0.338413 -1.91056 0 0.158958 -0.98645 84 84 255
70.9595 50.7 -14.4955 -0.345157 0 -3.2 0 0.853445 -0.45378 21 21 255
67.8615 57.7445 -40.813 -0.0446852 0 1.8 0 -0.479664 -0.449457 181 181 255
61.426 55.004 4.8955 -0.753635 -0.606894 -0.4 0 -0.276277 -0.946767 153 153 255
80.1715 61.8755 -40.9815 -0.366119 0 -3.5 0 0.554076 -0.510469 39 39 255
66.9895 51.997 -31.105 -1.17667 -0.831722 2.99584 0 0.544847 -0.779761 194 194 255
53.5665 41.3315 -8.5655 -0.189485 0 -3.9 0 -0.0704774 -0.593294 255 29 29
78.858 75.437 -43.722 -0.354255 0 3.8 0 0.765912 0.602071 155 155 255
60.611 79.32 -7.861 -0.230618 0 -3.9 0 0.347699 0.349479 8 8 255
78.346 53.4645 -28.7225 -0.220809 0 -3.2 0 0.590961 -0.75252 30 30 255
44.6242 53.0882 -4.00525 0.601076 0 -3.2 1 -0.475809 -0.868117 255 45 45
76.084 69.197 -50.497 -0.552132 -0.0420623 -1.6 0 0.935992 0.344082 20 20 255
74.035 47.1255 -19.4322 -0.201385 0 4.2 0 0.71829 -0.692976 5 5 255
60.2145 52.525 -22.673 -0.335111 0.0140288 -3.35828 0 -0.983966 0.177756 255 221 221
69.7645 77.3685 -8.53 -1.09137 -0.0428982 -3.43258 0 0.415395 -0.437097 73 73 255
57.307 50.324 2.821 -0.0963056 0 -4.5 0 0.533497 -0.559726 126 126 255
70.978 54.684 -39.3935 0.482804 0.0898185 -1.19655 0 -0.563238 -0.587474 70 70 255
79.0775 66.5335 -45.0195 -1.19796 0 -3.5 0 0.957205 -0.133606 8 8 255
63.711 65.652 -19.662 -0.358752 0 -3.5 0 0.679011 0.730894 65 65 255
63.4245 43.5295 -20.5535 0.120176 0 -0.9 0 0.786834 -0.613333 219 219 255
58.15 51.251 2.763 0.162845 0 -4.5 0 0.769561 -0.39488 107 107 255
53.3525 65.5275 -9.3805 0.314172 0.380106 -3.2 0 -0.998178 -0.039221 255 135 135
71.0335 52.579 -36.3835 -0.869789 -0.816682 -0.8 0 0.00954616 -0.998457 71 71 255
65.4275 64.4105 -17.488 -0.0723426 -0.03999 -1.73113 0 0.517428 0.656166 38 38 255
82.6685 81.0005 -37.318 0.623649 0 -3.5 0 0.638153 0.182318 76 76 255
78.676 64.354 -44.414 -1.96481 -0.826275 -3.5 0 0.556615 -0.830692 5 5 255
65.604 76.078 -10.601 -1.79984 -0.0386394 -3.5 0 0.517034 0.202722 8 8 255
63.928 78.2425 -8.7945 -1.53641 -0.108319 -3.5 0 -0.236351 0.878408 3 3 255
70.7915 49.672 -7.25 -1.47523 -0.0015369 -3.5 0 0.211462 -0.468211 206 206 255
75.707 71.9545 -30.682 -0.257389 0 -1.07003 0 -0.628826 0.254726 19 19 255
54.9375 72.386 -7.973 -0.0987763 0 -1.6 0 -0.610571 -0.0849519 255 136 136
45.203 46.711 -6.084 -0.0152197 0 -3.2 1 -0.852258 -0.0993982 255 74 74
70.814 48.6395 -7.8785 -1.29935 -0.0373799 -3.5 0 0.214987 -0.785169 213 213 255
60.8495 80.664 -1.197 -1.26729 -0.728666 -3.5 0 -0.634355 -0.110951 1 1 255
59.148 43.6555 -3.8875 -0.729366 -0.155753 -3.5 0 0.715366 -0.595577 155 155 255
72.954 79.676 -8.296 -1.49709 -0.95298 -0.4 0 0.71209 0.386718 93 93 255
61.892 52.9085 -33.033 -0.48041 0 2.8 0 -0.482263 -0.299538 101 101 255
65.759 72.5745 -14.978 0.372606 0.525304 -4.5 0 -0.454545 0.399001 96 96 255
52.754 67.8755 -11.815 -0.271385 0 -3.2 0 -0.925718 0.309963 255 206 206
69.1065 69.61 -45.2135 0.0287346 0 -1.3 0 -0.728813 0.331985 88 88 255
67.6195 51.5505 -29.48 -0.767821 0 4.5 0 0.392783 -0.745729 114 114 255
57.689 44.1025 -1.68075 0.371967 0 -3.5 0 0.71446 -0.549348 82 82 254
66.9275 67.312 3.3385 -1.61978 -0.402791 -0.8 0 0.0751271 -0.002191 1 1 255
60.501 56.1575 -32.3215 -0.235868 0 2.8 0 -0.576564 0.375064 58 58 255
62.565 48.018 -5.7055 0.235534 0.501052 -0.8 0 0.608076 -0.788296 54 54 255
46.72 47.938 -8.7435 -0.386753 0 -3.2 0 0.0581673 -0.119646 255 162 162
76.109 62.852 -54.117 -0.845402 0 -3.5 0 -0.372404 -0.646574 9 9 255
78.739 67.58 -41.201 -1.17537 0 -3.5 0 0.998762 -0.0467607 41 41 255
58.952 48.6915 -2.823 -0.230918 -0.166515 -2.20325 0 0.437223 -0.322375 15 15 255
73.288 57.909 -14.44 -1.49064 -0 -3.5 0 0.218743 0.0625521 23 23 255
80.456 73.972 -36.415 -0.766527 -0.927264 -0.7 0 0.75336 0.295283 17 17 255
59.117 67.525 -15.517 0.410211 0.566573 -3.2 0 0.240766 0.957629 116 116 255
82.176 57.314 -39.036 -0.304172 0 3.8 0 0.71581 -0.0651492 104 104 255
67.5155 63.0275 -41.2975 -0.195195 0 -0.8 0 -0.158087 -0.337055 255 186 186
74.8625 64.733 -20.5265 0.152248 0.115355 -3.5 0 -0.207202 0.905942 51 51 255
48.7682 60.2175 -2.26875 -0.872579 -0.573221 -1.3 0 -0.8698 0.417968 255 141 141
55.8857 50.116 -3.30175 0.361834 0 -0.4 0 -0.241744 -0.343011 32 32 255
66.489 46.817 -24.5975 -1.08153 -0.27427 1.8 0 0.260522 -0.964266 29 29 255
68.162 75.254 -8.97 0.508331 0 -3.9 0 0.312341 0.212441 48 48 255
54.164 60.6437 2.449 -0.990297 0 -4.5 0 -0.674976 -0.712595 245 245 255
69.1478 73.174 2.35075 -0.178501 0 3.8 0 0.666174 -0.65454 18 18 255
77.8705 66.2525 -47.443 -0.43114 0 -3.5 0 0.620747 -0.488391 8 8 255
59.873 53.6715 2.106 0.441985 0 3.8 0 0.248607 -0.617941 96 96 255
81.3347 61.6927 -24.466 -2.48819 0 -3.5 0 0.577379 -0.344717 7 7 255
67.7515 73.8505 -12.031 0.275502 0 -4.5 0 0.451869 0.872344 60 60 255
69.4337 53.4114 -12.1851 -0.775151 0 -3.2 0 -0.0803232 0.146229 66 66 255
54.4285 44.179 -14.3355 0.83245 0.00472988 -0.7 0 -0.155404 -0.962013 255 48 48
56.905 77.979 -6.686 0.240031 0 -3.9 0 -0.944745 0.325075 35 35 255
61.8167 54.1585 2.29875 0.124935 0 3.8 0 -0.0833658 -0.720397 115 115 255
61.3867 64.8375 -34.9025 1.86193 0 -3.9 0 -0.316473 -0.0657749 92 92 255
79.706 59.5805 -23.0788 -1.03929 0 -3.5 0 0.735844 -0.0436489 3 3 255
65.0912 71.7653 8.483 2.01542 0 -3.9 0 0.815256 0.573203 3 3 255
64.4098 50.2685 -33.1797 -1.43447 -0.0935321 -3.5 0 0.507364 0.165063 159 159 255
78.4364 72.3138 -40.7681 -0.265914 0 3.8 0 0.982174 0.169316 58 58 255
78.6295 53.815 -27.7873 -0.593793 0 -3.2 0 0.727219 -0.675199 29 29 255
68.2115 73.7245 3.41625 -0.0695478 0 3.8 0 0.116348 -0.231186 8 8 255
65.238 65.0983 -20.4135 -1.33222 -0.686219 -3.5 0 0.631491 0.770894 60 60 255
72.9955 63.746 -4.89325 0.0898984 0 -3.5 0 0.84434 0.469848 15 15 255
79.681 69.0075 -45.0265 -0.696247 -0.0181319 -3.5 0 0.987853 0.15408 42 42 255
58.2625 58.2025 6.043 0.736949 0 -3.5 0 -0.385961 0.110615 78 78 255
58.3205 42.495 -16.3625 0.703926 0.33313 -0.9 0 -0.709049 -0.703426 255 85 85
71.066 47.072 -25.679 -0.719852 0 -0.7 0 0.38575 -0.120886 1 1 255
51.0875 45.1787 -10.06 0.603768 0 -0.4 0 -0.522206 -0.120442 255 37 37
77.4242 52.7147 -33.423 -0.186478 0 4.5 0 0.161888 -0.911751 144 144 255
77.97 63.7205 -42.4622 -0.613694 0.232983 -3.5 0 0.162959 -0.577833 14 14 255
73.237 55.81 -15.9567 -1.29096 0 -3.5 0 0.526237 -0.681436 11 11 255
64.47 45.685 -12.13 0.190493 0 -0.4 0 -0.127651 -0.98774 255 231 231
45.5762 49.3815 -6.647 0.121536 0 -3.2 1 -0.766501 0.441637 255 82 82
65.6111 48.7675 -31.7184 -2.43333 -0.57846 -3.5 0 0.603556 -0.320954 101 101 255
55.128 58.662 -15.542 0.728385 0 -4.5 0 -0.980457 0.00930331 30 30 255
65.214 69.4455 5.286 -0.714715 -0.674228 -3.9 0 0.326921 -0.720051 1 1 255
72.941 69.671 -29.4055 -0.120115 0 4.2 0 0.287706 0.208964 48 48 255
52.6343 41.2783 -2.85175 -0.704277 -0.0109666 -0.8 0 0.120895 -0.417893 255 106 106
49.0895 50.7127 -9.5725 -0.0188757 0 3.8 0 -0.815555 -0.142735 181 181 255
64.619 69.7385 10.8615 2.25423 0.0337322 -3.9 0 0.409585 -0.233483 9 9 255
80.4153 55.756 -39.5665 -0.346122 0 3.8 0 0.127325 -0.0269898 204 204 255
65.5825 45.746 -19.005 -0.361791 0 -3.5 0 -0.0175026 -0.988621 255 168 168
54.8735 63.4205 2.5945 -0.205869 0 -4.5 0 -0.550273 0.706339 38 38 255
82.658 58.3865 -34.1725 0.0915001 0 3.76045 0 0.915938 0.394629 134 134 255
81.817 73.31 -35.154 -0.158322 0 -0.7 0 0.735353 0.492941 10 10 255
80.1565 53.7255 -24.2188 -0.253737 0 -3.5 0 0.115374 -0.991982 54 54 255
73.217 59.5255 -16.3682 -2.44144 -0.0180935 -3.5 0 0.270563 0.939003 36 36 255
58.2407 54.0568 -19.7173 -0.76802 0.697843 -3.2 0 -0.0536013 0.167972 126 126 254
56.579 70.102 -12.805 -0.240441 0 -3.2 0 0.197453 0.727466 255 187 187
75.4382 57.4735 -44.555 -1.51202 -0.0466679 -3.5 0 0.379491 0.134926 191 191 255
65.617 46.7145 -15.903 0.00541801 0.108357 3.63819 0 -0.701966 -0.650538 212 212 255
60.026 43.5532 -14.8673 -0.348809 0 -0.9 1 0.611924 -0.671804 255 24 24
51.157 37.3247 -6.18375 0.603667 0.211208 -0.8 0 -0.209265 -0.803843 255 114 114
60.8452 42.7243 -20.969 0.317339 0 -3.9 0 -0.345623 -0.929703 233 233 255
63.8075 56.6175 -34.4525 -0.0865548 0 2.8 0 -0.565194 0.244587 206 206 255
68.3765 75.93 3.9505 -0.0887433 0 3.8 0 -0.0846691 -0.0614874 11 11 255
73.97 53.1225 -17.8805 0.458353 0.522541 -0.8 0 0.529909 0.0166729 9 9 255
53.2605 55.0425 -18.0235 0.196514 0.47898 -3.5 0 -0.596883 0.741927 27 27 255
66.8542 65.06 -24.6772 0.175847 0.157868 3.8 0 0.215294 0.632278 255 239 239
81.671 68.5545 -25.832 0.189355 0.269674 -4.5 0 0.231425 0.815381 4 4 255
64.363 70.2555 -13.323 0.375463 0 1.93942 0 -0.71588 0.30629 72 72 255
64.541 53.657 1.1105 -0.13905 0 2.8 0 0.776628 -0.471597 58 58 255
43.9725 56.4905 0.9595 -0.0266964 0.286864 -3.2 1 -0.121088 0.191874 255 31 31
52.4473 75.103 -5.49925 0.171 0 -1.6 0 -0.775422 0.63093 204 204 255
74.0452 65.418 -21.8542 0.271774 0.0167852 -1.96081 0 -0.0207469 0.810719 75 75 255
72.1813 53.6193 -12.6167 -0.477867 0 -3.2 0 0.802066 -0.0941971 49 49 255
49.3657 45.9372 -8.49175 0.291824 0.854827 -0.4 0 -0.546665 0.444212 255 79 79
61.9995 77.84 -8.95 -1.45583 -0.478775 -3.5 0 -0.435101 0.747957 11 11 255
45.7465 45.978 -5.472 0.377422 0 -3.2 0 -0.743102 -0.352016 255 68 68
65.901 55.1418 -34.4275 0.318983 0 2.8 0 0.123609 -0.313615 245 245 255
51.297 64.166 0.243 0.561263 0 -3.9 0 0.125831 0.675209 255 231 231
57.569 58.3485 -20.1675 0.241481 0.917418 -4.5 0 -0.101519 -0.354576 156 156 255
61.147 41.5425 -9.3395 0.551712 0.798869 -0.9 0 0.694182 -0.695253 255 45 45
60.456 42.2902 -11.859 -0.309327 0 -0.9 0 0.777982 -0.330688 255 15 15
43.6345 55.4128 -4.49075 0.557953 0 -3.2 0 -0.985451 0.148376 255 161 161
77.907 60.17 -18.808 -2.02261 -0.0783692 -3.5 0 0.234599 -0.972014 2 2 255
62.454 47.776 -3.133 -0.982423 -0.864152 -0.8 0 0.126493 -0.978651 16 16 255
79.7998 69.8826 -30.0231 -1.56641 -0.0541489 3.8 0 0.655934 0.64639 27 27 255
70.3167 59.345 -0.80725 -0.0466361 0 -0.8 0 0.685464 -0.644721 9 9 255
47.028 54.444 -10.768 0.267483 0 -3.2 0 0.261402 -0.2015 31 31 255
71.644 63.744 -6.427 -0.430844 0 -3.5 0 0.681705 0.106522 10 10 255
60.7615 43.9412 -25.641 1.17281 0 -3.9 0 0.102435 -0.0136207 116 116 255
67.3962 67.8705 -35.6875 -0.170962 -0.037847 -2.65259 0 -0.902782 -0.270144 83 83 255
58.014 75.374 -9.145 -1.4187 -0 -1.6 0 -0.292869 0.715709 81 81 255
52.2 55.5472 -12.091 0.269004 0 -3.5 0 0.0570842 0.0967143 60 60 255
56.4725 42.015 -3.449 0.859327 0.695314 -3.52102 0 0.369114 -0.777992 255 238 238
70.826 65.866 -48.224 0.0953834 0 -3.5 0 -0.180863 0.875009 129 129 255
69.6858 63.3177 -42.733 -0.962729 -0.120321 -2.8204 0 -0.497013 -0.827375 255 218 218
74.9463 78.4402 -35.922 -1.4609 -0.568553 3.8 0 -0.933129 -0.169101 38 38 255
56.149 47.2855 -24.9215 1.30096 0 -3.9 0 -0.128384 -0.0799115 255 191 191
78.12 65.644 -42.5955 -0.838784 0 -3.5 0 0.978058 0.131295 6 6 255
60.305 63.211 -20.7015 0.458717 0 -3.34705 0 -0.985277 -0.137347 32 32 255
56.6973 54.6128 -15.6135 0.339307 0.44928 -1.22345 0 -0.971915 0.0484879 24 24 255
72.879 62.788 -2.522 0.0816324 0 -3.5 0 0.554501 0.415366 18 18 255
73.7318 54.7347 -17.0244 -0.629323 0 -3.5 0 0.349104 -0.686305 6 6 255
60.113 64.141 -33.547 1.70611 0.181207 -3.9 0 -0.594989 -0.803638 66 66 255
49.4925 58.6975 0.85075 0.175647 0 -1.3 1 -0.435775 0.566394 255 96 96
78.1572 76.0645 -34.505 -0.450585 0 -2.15197 0 0.596856 0.647825 23 23 255
81.462 78.1835 -39.9645 -0.0835262 0 -3.5 0 0.556797 -0.819587 102 102 255
59.906 70.284 1.104 -1.46179 -0.205276 -3.5 0 -0.721685 0.0944607 51 51 255
79.764 73.6223 -27.531 0.877631 0.727253 -3.9 0 0.978819 -0.0290389 6 6 255
75.614 65.411 -54.3385 -0.470595 -0.132776 -3.5 0 -0.0926315 0.523161 21 21 255
78.916 75.2965 -40.8262 -0.410893 0 -1.6 0 0.886477 -0.214551 49 49 255
62.864 66.354 -20.226 0.0837323 0 -3.5 0 0.650925 0.758142 83 83 255
69.689 52.486 -31.945 -0.473063 0 -1.3 0 -0.168306 -0.944208 71 71 255
70.4345 68.175 -46.087 0.219036 0 -1.3 0 -0.460998 0.133069 138 138 255
72.2858 78.3463 -8.6875 -1.73123 -0.944242 -0.4 0 0.47808 -0.361711 105 105 255
65.5123 51.252 -4.713 -1.11483 0 -0.8 0 0.419486 -0.729556 129 129 255
58.0735 63.7458 -18.6065 -0.777749 0 -1.44974 0 -0.809786 0.0182615 87 87 255
62.501 82.188 -2.522 -1.52399 -0.700813 -3.5 0 0.190593 0.973299 2 2 255
52.5112 44.5435 -12.3418 0.187281 0 3.24003 1 -0.899215 -0.4219 255 35 35
80.1322 61.2005 -23.3425 -1.55428 0 -3.5 0 0.795973 -0.221127 3 3 255
66.3238 48.4365 -30.6685 -1.67162 -0.655777 -3.5 0 0.936383 -0.309313 55 55 255
58.502 38.1775 -6.10525 0.413929 0 -3.9 0 0.114718 -0.644834 234 234 255
65.106 51.6575 -8.639 0.278041 0.410365 -2.7119 0 0.142735 -0.86863 98 98 255
77.385 51.6025 -35.5737 0.35355 0.466363 -0.8 0 0.681705 -0.714293 157 157 255
60.8213 63.767 -31.6295 -0.0486449 0 -3.9 0 -0.583028 -0.800936 176 176 255
43.566 53.348 0.06975 0.355576 0 -3.2 1 -0.593622 -0.759721 255 23 23
72.1075 79.374 -8.797 -1.80163 -0.645768 -0.4 0 0.420883 0.245924 86 86 255
60.24 41.7675 -24.2055 1.57424 0.377797 -3.9 0 0.331661 -0.918841 100 100 255
52.824 46.376 -16.805 0.0324877 0 -0.7 0 -0.447371 -0.536527 230 230 255
51.2205 61.716 0.728 0.656663 0 -3.9 0 -0.399951 0.0110489 255 129 129
75.8965 47.035 -25.2542 -0.199205 0 -3.5 0 0.60546 -0.214806 0 0 255
77.2655 65.0565 -19.0965 0.042764 0.152434 -3.5 0 -0.320943 0.826514 13 13 255
53.7583 42.741 -10.658 0.0995297 0 4.2 1 0.0568959 -0.997176 255 25 25
62.578 75.9175 1.0705 0.0768123 0 -0.7 0 0.0334803 0.927551 3 3 255
48.894 47.402 -11.89 0.154928 0 1.8 0 -0.594253 -0.467739 255 195 195
44.6162 57.9258 -1.49025 0.188405 0 -3.2 0 0.0697812 0.964006 255 142 142
53.8665 69.871 -11.5168 -0.302938 0 -3.2 0 -0.72536 0.665087 255 228 228
76.523 62.978 -18.042 -0.21686 0 -3.5 0 -0.282384 0.241267 25 25 255
69.4518 64.377 -0.676375 -0.114453 0 -0.4 0 0.972154 0.215355 14 14 255
57.203 53.796 -19.678 -0.907543 -0.624782 -3.5 0 0.135855 -0.0922948 137 137 255
55.0755 66.673 1.841 0.732201 0.702355 -4.5 0 -0.96403 0.200839 13 13 255
58.205 48.2272 -2.2665 -0.603641 -0.674303 -3.5 0 0.804324 0.00965972 26 26 255
74.707 74.684 -35.648 0.242377 0 -3.03496 0 -0.928759 0.265892 57 57 255
76.9802 80.7797 -38.215 0.237312 0 3.8 0 -0.715772 0.21491 95 95 255
66.1752 48.407 -28.3155 -0.627879 -0.92885 1.8 0 0.767894 -0.320839 53 53 255
78.2145 52.7945 -27.8857 0.348535 0.153451 -3.2 0 0.737457 -0.649315 23 23 255
75.9212 68.6148 -51.5233 -0.26407 0 -1.6 0 0.864304 -0.076729 13 13 255
46.042 56.596 -9.602 0.184639 0 -3.2 0 -0.202964 0.865782 15 15 255
75.417 67.1015 -22.6255 -1.10381 0 -1.6 0 0.0470436 0.390887 40 40 255
78.2699 70.9827 -25.093 -1.08886 -0.187631 -3.5 0 0.546493 0.224454 8 8 255
67.0915 44.684 -18.9205 -1.6769 -0.0808296 -3.5 0 -0.565345 -0.79708 175 175 255
60.6823 62.9565 7.74275 0.479199 0 -3.9 0 -0.223357 0.928604 13 13 255
68.0735 51.322 -10.4255 -0.392902 0 -3.5 0 -0.871346 -0.0305395 105 105 255
60.1305 57.58 -22.58 -0.506409 0 -1.6 0 -0.497862 -0.788909 40 40 255
51.7472 51.1535 -12.8802 0.449274 0.00585128 3.8 0 0.0927455 0.889633 88 88 255
71.2842 61.7337 -42.838 -0.41884 0 -0.8 0 -0.800214 -0.598578 187 187 255
79.2803 70.3432 -41.0018 -1.71861 -0.0234423 -3.5 0 0.995652 0.0901505 52 52 255
67.29 66.977 -25.89 -0.215466 0 2.8 0 0.0644695 0.0807365 224 224 255
64.1892 69.089 5.00175 -0.32481 0 -3.9 0 -0.087252 -0.951638 1 1 255
60.797 42.1725 -23.227 1.30198 0.032846 -3.9 0 0.25585 -0.94226 134 134 255
85.108 56.964 -30.127 -1.28172 -0.0642207 -3.5 0 0.809541 -0.584953 65 65 255
69.6475 68.8645 -45.6598 0.231985 0 -1.3 0 -0.584533 0.0117025 129 129 255
70.6448 80.38 1.7505 -1.63542 -0.326752 -3.5 0 -0.515942 0.749384 77 77 255
58.879 69.7828 -12.61 -0.359853 0 -2.55362 0 -0.178171 0.3377 238 238 255
72.6497 63.2863 -6.033 -0.173126 0 -3.5 0 0.629721 0.296764 10 10 255
70.1785 53.1955 -8.516 -1.72088 -0.103794 -3.5 0 0.41414 0.852469 48 48 255
58.898 57.8965 -18.2745 -0.668226 0.000477384 -4.4904 0 0.524551 -0.513581 142 142 255
58.5635 78.4645 -3.9695 0.0866946 0 -3.9 0 -0.509895 0.127611 25 25 255
51.9762 53.5327 -1.00875 -0.163879 0 -1.3 0 0.459829 -0.608777 255 137 137
77.6155 61.9038 -41.299 -0.0838681 0 -3.5 0 0.0378473 -0.523224 51 51 255
77.145 78.515 -39.766 -0.608385 0 -1.6 0 -0.879701 0.457055 125 125 254
67.3317 65.4457 2.9345 -0.375958 -0.822811 -1.00713 0 0.616362 0.172015 14 14 255
52.782 66.1645 -7.5655 1.06884 0.72014 -3.2 0 -0.983254 -0.0592148 255 77 77
58.5111 74.6068 -13.0955 0.0766126 0 -1.6 0 -0.571175 0.450593 113 113 254
65.12 58.014 -35.554 -1.50034 -0 -0.8 0 -0.775226 -0.397953 178 178 255
62.22 62.993 8.61 0.438579 0 -3.9 0 0.492322 0.840901 10 10 255
84.513 56.8645 -31.046 -0.984782 -0.0662363 -1.00904 0 0.868093 -0.340139 108 108 255
66.8055 46.763 -11.469 -0.786625 0 2.14263 0 0.327339 -0.587778 122 122 255
70.3043 66.7063 -24.1418 -0.342894 0 4.2 0 -0.788316 0.45975 206 206 255
67.556 82.789 -6.642 1.31175 0.0061937 -3.9 0 0.392116 0.645958 4 4 255
63.3505 76.591 -1.1105 -0.185253 0 -0.7 0 -0.104278 0.732314 2 2 255
64.3698 69.4492 -15.6545 0.41446 0 -1.6 0 -0.266485 0.890743 56 56 255
49.584 49.8576 -14.3883 0.145893 0 1.8 0 -0.375529 0.645676 88 88 255
55.765 75.1531 -4.32762 0.441305 0.155681 -2.02116 0 0.0814185 0.276658 57 57 255
76.0101 51.5869 -38.779 -0.307842 0 -0.8 0 0.447036 -0.413362 255 242 242
67.0273 56.4075 -39.1167 -0.0243143 0 1.8 0 -0.537191 -0.743067 51 51 255
71.4895 75.7415 -1.112 -0.309494 -0.0492403 -2.88319 0 0.706542 -0.602436 187 187 255
77.079 51.4302 -36.5728 -0.472394 -0.87054 -0.8 0 0.892059 -0.449527 163 163 255
75.252 57.512 -39.117 -1.34149 0 -3.5 0 0.984663 -0.0900946 136 136 255
56.86 67.73 -1.779 0.158227 0.0507595 2.66882 0 -0.926835 0.278075 42 42 255
72.593 67.678 -8.334 0.0540303 0 4.2 0 0.585275 -0.767445 240 240 255
70.584 57.1758 -40.9043 0.269523 0 -2.96091 0 -0.450963 -0.417974 140 140 255
85.5215 59.489 -26.0928 -1.77464 -0.203646 -3.5 0 0.328625 -0.902819 21 21 255
73.412 76.3335 -4.783 -0.0585799 0.0309382 -0.843547 0 0.927198 0.371601 255 135 135
68.4315 71.4443 1.38325 -0.561808 0 -0.468692 0 0.856774 0.0263977 28 28 255
84.286 57.527 -32.2373 -0.308708 0 -0.8 0 0.852455 0.0152162 161 161 255
73.4225 54.423 -29.752 -0.697006 0.00589181 -1.3 0 0.906983 -0.384458 9 9 255
72.739 80.1325 -3.114 -0.257369 0 -3.5 0 0.851127 0.379916 142 142 255
82.0725 61.1872 -31.9072 -0.486901 0 2.8 0 0.954359 0.0563994 41 41 255
73.036 67.8012 -28.2055 -0.356591 -0.0276678 2.77701 0 0.109952 0.793563 161 161 255
62.45 45.0052 -10.7718 -0.0704878 0 -0.9 0 0.79688 -0.517953 255 111 111
81.788 64.7728 -28.1467 0.209879 0 -4.5 0 0.845016 -0.174307 19 19 255
49.9165 42.005 -3.4745 0.0704427 0 -0.8 0 -0.573546 0.273645 255 132 132
75.048 71.6089 -52.2835 -0.0731526 0 -1.6 0 0.719186 0.53048 7 7 255
73.2394 70.1414 -53.3029 0.0101448 0 -1.6 0 -0.376476 -0.0128567 15 15 255
75.923 76.8675 -40.2675 -0.209913 0 -1.6 0 -0.8395 0.368945 102 102 255
47.7323 47.6745 -0.94775 2.79485 0.00701858 -3.9 0 0.444618 -0.480175 255 95 95
57.7178 69.1247 -0.7915 -0.047925 0 4.5 0 -0.611699 0.645621 46 46 255
43.378 50.747 -7.316 0.0320683 0 -3.2 1 -0.12592 -0.634839 255 91 91
50.978 48.6465 -1.20675 0.267583 0 3.8 0 -0.0315845 0.198216 255 245 245
62.9045 45.9765 -27.6117 -0.0780829 0 1.8 0 -0.721574 -0.491208 55 55 255
53.4405 62.6427 1.9335 -0.335552 -0.387555 -4.30484 0 -0.761205 0.567262 136 136 255
58.8843 75.0872 -1.1045 -0.292947 0 -0.7 0 -0.844016 0.536317 6 6 255
72.7485 66.042 -22.3295 -0.243177 0 4.2 0 -0.346194 0.535046 147 147 255
54.4095 57.4408 -17.4077 0.132226 0 -4.5 0 -0.97248 0.214625 34 34 255
63.6348 59.6543 -34.9865 -0.1327 0 -0.8 0 -0.870081 -0.457421 92 92 255
54.1772 63.1577 -14.8708 -1.60371 0 -3.5 0 -0.618055 0.184753 231 231 255
49.3175 48.562 -1.3195 0.796201 0 0.276872 0 0.15198 -0.282045 255 134 134
65.204 67.6515 3.0435 -0.517199 -0.52371 -2.54909 0 0.0938 -0.438802 1 1 255
59.3235 44.3745 -20.308 0.237147 0 -3.9 0 -0.593396 -0.801263 255 218 218
66.4845 51.1235 -30.224 -0.419007 0 3.59233 0 0.692806 -0.607405 155 155 255
57.85 69.6135 -12.308 -0.311018 0 -3.2 0 0.0654446 0.455178 255 222 222
59.71 58.494 -18.5625 -0.768393 0 -1.98772 0 0.00171484 -0.779771 155 155 255
53.9453 62.72 3.17375 -0.74643 -0.172963 -4.5 0 -0.584626 0.579203 76 76 255
61.6075 55.5735 -19.063 -1.45635 -0.495498 -3.5 0 -0.496205 0.691189 87 87 255
79.1247 62.9805 -52.8945 -2.11098 -0.874764 -3.5 0 0.963219 -0.267751 4 4 255
55.9637 47.346 0.26975 0.361924 0 -3.5 0 -0.868455 0.493235 47 47 255
64.3207 72.33 8.828 1.6412 0 -3.9 0 0.517543 0.787376 6 6 255
72.9975 76.5255 -1.731 0.117677 0 -3.29398 0 0.803754 -0.590229 246 246 255
74.0295 59.8805 -18.832 -0.748309 0 -3.5 0 -0.354529 0.578845 15 15 255
78.8275 64.1315 -52.452 -1.45224 -0.0178472 -3.5 0 0.837143 0.449005 9 9 255
58.677 59.7267 -21.4145 -0.068977 0 -1.6 0 -0.916583 -0.336601 91 91 255
74.7708 59.2767 -16.0185 -1.75572 -0.399123 -3.5 0 0.311654 0.822002 21 21 255
79.4005 72.1185 -31.66 0.360234 0 -3.049 0 0.854103 -0.0291767 11 11 255
65.3855 56.0755 5.777 -0.0535964 0 -0.4 0 0.483759 -0.704672 28 28 255
80.5427 57.7495 -39.8262 -0.380437 0 3.8 0 0.20542 -0.100716 171 171 255
81.9305 80.7728 -36.6527 -0.848606 -0.107703 -3.5 0 0.505111 0.308467 59 59 255
73.988 71.1852 -7.37475 -0.239546 0 4.2 0 0.945685 -0.194611 255 230 230
45.6365 44.9065 -6.643 0.329487 0 -3.2 1 -0.585229 -0.808633 255 67 67
62.6912 45.483 -9.73025 0.159489 0 -0.9 0 0.899963 -0.160902 255 224 224
70.3225 79.6588 -9.3305 -1.56023 -0.210912 -0.4 0 0.167448 0.250748 36 36 255
74.7825 51.041 -17.5075 -0.505974 0 4.2 0 0.742621 0.474104 7 7 255
70.616 45.322 -22.008 0.23201 0.409859 -0.7 0 -0.0822573 -0.990125 13 13 255
77.4815 76.2562 -44.3375 -0.312857 0 3.8 0 -0.0207885 0.991903 161 161 255
55.6343 40.3613 -4.81325 0.282238 0 -3.9 0 -0.00947318 -0.710618 255 84 84
71.5895 50.0325 -27.1768 -2.30782 -0.104258 -3.5 0 0.422918 -0.710752 1 1 255
63.3015 75.36 -11.5655 -0.469111 0 -1.74092 0 0.333658 0.27199 28 28 255
84.3275 61.4655 -24.214 -1.6346 -0.0161246 -3.5 0 -0.193503 -0.355953 13 13 255
73.155 68.657 -29.0825 -0.198877 0.0212461 4.2 0 0.098698 0.579403 66 66 255
62.0955 47.905 -4.2045 -0.192904 -0.0394906 -0.8 0 0.44611 -0.893883 32 32 255
41.0008 53.6598 -8.0995 0.481978 0 -3.2 0 -0.979647 0.114725 118 118 255
75.124 55.276 -28.9225 -1.24198 -0.0209268 -1.02547 0 -0.180067 -0.8396 10 10 255
82.8685 54.05 -30.687 -0.612952 0 -0.8 0 0.26736 -0.959812 153 153 255
84.9017 59.233 -30.7847 -1.23456 0 -3.5 0 0.616182 0.504857 68 68 255
56.308 47.587 -0.682 -0.0280737 0 -3.5 0 -0.714783 0.682069 36 36 255
52.4538 61.015 -12.562 -0.492129 -0.0125925 -3.5 0 -0.743874 -0.107135 106 106 255
71.5348 44.7453 -15.4327 -0.326903 0 4.5 0 0.960968 -0.247533 127 127 255
63.8537 50.1435 -10.5235 -0.0384961 -0.341682 3.8 0 0.677019 -0.114321 125 125 255
54.989 71.3743 -8.273 0.217352 0 -2.67953 0 -0.615654 0.475527 255 174 174
45.418 49.3325 -0.8 1.60986 0 -3.9 1 -0.913239 0.07206 255 45 45
54.736 46.979 -21.3865 0.908447 0.0500828 -3.9 0 -0.905825 -0.422498 255 240 240
77.716 62.1945 -51.4938 -1.98293 -0.817628 -3.5 0 0.15998 -0.508326 11 11 255
79.649 70.415 -38.741 -2.00597 -0.105571 -0.8 0 0.896649 -0.107331 13 13 255
69.1497 48.1898 -26.2178 -1.96858 -0.0268245 -1.89787 0 0.0231541 -0.455167 2 2 255
57.9048 60.233 -23.728 -0.0783079 0 -1.6 0 -0.960651 -0.243475 62 62 255
71.7302 55.747 -2.487 0.252425 0.511171 -0.7 0 0.91798 0.144872 9 9 255
60.2145 46.149 -4.042 0.027293 0 4.2 0 0.720384 -0.413676 15 15 255
59.9745 68.2735 -17.837 0.105063 0 -3.5 0 -0.29096 0.95369 46 46 255
62.8415 55.5035 -23.2295 -1.12837 0 3.79775 0 -0.570103 0.18258 75 75 255
81.0205 83.2395 -39.5455 1.16272 0 -3.5 0 -0.283616 0.950111 30 30 255
73.342 79.4435 -7.239 -1.4252 -0.832276 -0.4 0 0.944636 0.284365 118 118 255
66.461 52.5065 -13.1105 0.0258844 0 0.952863 0 -0.147586 -0.57071 42 42 255
52.004 52.3955 -17.4575 0.538209 0.65533 -3.5 0 -0.992657 -0.0561011 80 80 255
56.9825 72.0665 -9.18875 -0.0836506 0 -1.6 0 -0.583031 0.3818 227 227 255
49.6432 63.4567 -6.34975 0.224086 0 2.8 0 -0.373868 0.923175 196 196 255
76.5033 57.9875 -17.1493 -2.38123 -0.360045 -3.5 0 0.977285 -0.174825 3 3 255
84.9525 57.4505 -29.0023 -1.23524 -0.0521542 -3.5 0 0.671493 -0.541293 47 47 255
77.3035 58.8153 -37.3555 -0.181888 0 -3.5 0 -0.198099 -0.643455 200 200 255
63.7185 48.834 -5.139 -0.626301 -0.0812036 -0.8 0 0.729428 -0.677046 88 88 255
84.5645 63.817 -24.6388 -1.96659 -0.112977 -3.5 0 0.0413174 0.80619 7 7 255
62.5835 61.0665 -30.038 -0.734094 0 -0.7 0 -0.833148 0.336376 174 174 255
76.169 69.0985 -47.771 0.0973016 0.519179 -0.8 0 0.771111 0.351577 32 32 255
47.9315 48.8587 -12.8492 0.157795 0 1.8 0 -0.991757 0.104358 175 175 255
55.9475 58.0425 5.954 0.0109655 0 -3.5 0 -0.392151 0.329256 138 138 255
60.1345 66.1397 -28.6864 -1.03544 -0.0633775 -3.5 0 -0.810756 0.576652 140 140 255
77.0855 54.2508 -42.7487 0.214922 0.011739 -3.5 0 0.838616 -0.525413 108 108 255
56.9025 59.3275 -19.8132 0.417298 0.196178 -4.5 0 -0.594518 0.247839 170 170 255
64.8692 70.6568 10.5529 3.94951 0 -3.9 0 0.550169 0.192618 9 9 255
74.5465 58.1105 -20.0462 -1.31988 0.530558 3.8 0 0.866829 0.309251 3 3 255
83.059 65.5113 -24.888 -0.238624 0.676398 -4.5 0 0.718717 0.2093 8 8 255
70.7233 67.947 0.50725 0.263824 -0.436778 -0.8 0 0.689379 -0.516082 13 13 255
72.575 67.2905 -27.3095 -0.422402 0.0356194 4.2 0 0.199232 0.925821 255 227 227
78.5468 75.2815 -45.907 -0.270497 0 3.8 0 0.569875 0.297277 163 163 255
62.7895 46.1015 -13.923 -1.4033 -0.000882577 -0.4 1 0.0865269 -0.982715 255 107 107
57.6275 43.9193 -15.5612 0.277637 0 -0.822786 0 -0.68397 -0.642728 255 93 93
79.791 53.469 -34.9615 -0.657686 0 4.5 0 0.416922 -0.874427 111 111 255
59.373 74.985 -13.7683 0.00894649 0 -1.6 0 -0.378042 0.504982 140 140 255
62.7405 58.804 7.863 0.143773 0 -3.9 0 0.747875 -0.449888 41 41 255
80.9622 65.6367 -23.71 -0.610331 0 -1.6 0 0.643648 0.303457 5 5 255
70.035 72.8317 -10.521 -1.22072 -0.348502 4.2 0 0.504127 0.74219 223 223 255
72.796 43.652 -24.044 0.276219 0.716019 -3.5 0 -0.216756 -0.976198 1 1 255
61.803 81.6295 -0.895 -1.48045 -0.152666 -3.5 0 -0.0576446 0.420982 2 2 255
61.803 82.3495 -1.798 -1.94796 -0.707718 -3.5 0 -0.0949254 0.983955 1 1 255
79.374 80.8895 -43.803 -1.50119 -0.269093 -3.5 0 -0.106271 0.392579 44 44 255
73.2335 73.5655 -31.915 -1.44755 0 1.31627 0 -0.115554 0.892836 23 23 255
54.061 64.6385 -5.61525 0.173422 0 2.8 0 -0.804782 0.379594 255 245 245
70.104 43.95 -14.32 -0.234 0 4.5 0 0.264876 -0.587912 119 119 255
53.617 51.274 -14.591 -0.405825 -0.060807 -0.7 0 -0.492448 0.838477 155 155 255
43.991 58.242 -2.808 0.309967 0 -3.2 0 -0.277654 0.933761 254 254 255
80.3585 64.287 -41.4975 -0.142214 0.585926 -3.5 0 0.730345 0.361208 15 15 255
65.3213 58.745 -36.533 -0.375053 -0.560518 -0.8 0 -0.708099 -0.479087 140 140 255
61.8353 48.3037 -28.9736 -0.0366435 0 -3.5 0 -0.68515 -0.686141 226 226 255
51.176 64.5785 -0.71275 1.37125 0 -3.9 0 -0.0123485 0.907605 255 250 250
51.562 62.434 -11.6895 0.328157 0.651426 -3.5 0 -0.782792 0.251708 188 188 255
76.647 50.891 -24.353 -1.80818 -0.465607 -3.5 0 0.994436 -0.0677196 3 3 255
67.5395 65.315 -42.3713 -0.250574 0 -1.3 0 -0.986741 -0.013789 223 223 255
58.032 45.3345 -0.565 -0.168731 0 -3.5 0 0.916759 -0.327772 14 14 255
79.9177 54.2165 -31.0513 -0.771226 -0.453647 1.89622 0 0.161393 -0.975524 93 93 255
65.094 79.0935 -1.0265 -0.529222 0 -3.5 0 -0.430972 0.40706 6 6 255
62.657 78.7255 -8.4365 -1.78537 -0.376362 -3.5 0 -0.232755 0.789002 6 6 255
74.02 54.9975 -28.9468 -1.16004 -0.33245 -1.3 0 0.552541 -0.676664 7 7 255
70.2357 78.4427 -9.43375 -1.55324 -0.907703 -0.4 0 0.198912 -0.328665 60 60 255
80.7605 63.942 -22.3237 -1.80672 -0.0250747 -3.5 0 0.677418 0.0608003 4 4 255
65.8135 77.0898 -0.28875 -0.362617 0 -2.81269 0 -0.529675 0.657888 3 3 255
57.4925 54.486 5.936 -1.00247 -0.17302 -3.5 0 0.386965 -0.468605 217 217 255
84.3075 57.6685 -28.1982 -0.172463 -0.0289142 -3.5 0 0.690878 -0.615226 45 45 255
41.5605 53.6645 -6.578 0.663717 0 -3.2 0 -0.730455 0.122489 244 244 255
54.0295 55.1722 1.51425 0.732255 0.183459 -0.7 0 -0.518366 -0.197435 255 237 237
64.4977 55.2035 3.719 0.136411 0 -0.4 0 0.480582 -0.87599 58 58 255
72.2535 66.5245 -23.054 -0.331483 0 4.2 0 -0.25632 0.563995 172 172 255
78.9137 75.397 -44.8985 -0.305806 0 3.8 0 0.86115 0.468763 215 215 255
59.2687 71.9697 -1.21675 -0.394078 0 -0.7 0 -0.934441 0.0731803 51 51 255
78.86 74.363 -45.4525 -0.310712 0 3.8 0 0.828041 -0.132884 154 154 255
73.7872 68.752 -10.2765 -0.123358 0 4.2 0 0.665042 -0.506668 255 135 135
62.3785 63.5233 10.8595 1.18807 0.779 -3.9 0 0.809604 0.563563 12 12 255
59.759 40.573 -10.959 0.475237 0 -0.9 0 0.774569 -0.561076 255 10 10
55.9135 71.6312 -3.2965 0.119128 0 0.90809 0 -0.356533 0.192004 128 128 255
77.402 80.8985 -39.2305 0.28183 0.824726 3.8 0 -0.795878 0.474204 124 124 254
55.533 57.435 -19.532 0.184492 0.428433 -4.5 0 -0.472939 0.244976 140 140 255
71.274 65.9785 -3.1985 -0.407562 0 1.01398 0 0.217939 -0.29732 58 58 255
61.7105 54.3792 -22.8275 -0.75806 -0.0851232 -1.29526 0 -0.410697 0.768795 160 160 255
61.465 48.409 -2.44125 -0.481334 -0.775958 -0.8 0 -0.335801 -0.736306 9 9 255
75.8688 53.5643 -42.9435 0.391952 0.0342491 -3.5 0 0.087163 -0.96333 137 137 255
66.7365 59.5355 -10.3375 -0.704992 0 1.63177 0 0.456813 -0.750401 40 40 255
74.441 51.0018 -39.2485 -0.147482 0 -0.8 0 -0.23213 -0.428771 244 244 255
68.988 56.1917 -35.9085 0.0219716 0 -1.21589 0 -0.814781 -0.556709 96 96 254
70.788 61.099 -47.7445 -1.50267 -0.752072 -3.5 0 -0.0942703 -0.973325 109 109 255
53.7793 55.1058 -16.919 0.338006 0.789414 -3.5 0 -0.542909 0.607272 21 21 255
61.4625 47.9835 -8.8365 0.296733 0 -0.9 0 0.588813 -0.516196 172 172 255
61.129 66.2572 -26.5555 -0.519458 0 -3.5 0 -0.287696 0.758027 199 199 255
86.204 60.5765 -27.5935 -1.63615 -0.00150794 -3.5 0 0.913966 0.0625899 23 23 255
66.2172 68.3 -16.1675 0.600748 0 -1.6 0 0.415002 0.365833 99 99 255
71.706 74.7617 -39.5607 -0.0351941 0 1.8 0 -0.362464 0.729693 33 33 255
43.623 57.3418 0.55125 -0.00164358 0.878968 -3.2 1 -0.287138 0.680454 255 41 41
56.3535 58.9185 5.4655 -0.28652 -0.715023 -3.5 0 -0.189385 0.287314 144 144 255
74.746 78.4955 2.599 0.110827 0.0351182 -3.5 0 0.88987 0.171426 255 182 182
62.7415 65.1697 -23.73 -0.374206 0 -3.5 0 -0.13152 0.961039 239 239 255
81.9652 61.4685 -36.4953 -0.33417 0 2.8 0 0.633794 -0.217602 28 28 255
81.9625 54.911 -35.097 -0.448285 -0.285916 3.8 0 0.779013 -0.625756 190 190 255
72.9082 52.0935 -30.4587 -0.0101492 0 -1.3 0 0.564423 -0.793966 13 13 255
67.5648 68.525 -15.8083 -0.0393362 0 -3.84512 0 0.319322 -0.0373311 214 214 255
71.0837 66.785 -2.5825 -0.613286 -0.0730734 1.87145 0 0.357463 -0.508666 66 66 254
63.244 66.808 -18.251 0.0680425 0 -3.5 0 0.454767 0.391242 81 81 255
75.0167 69.024 -26.9365 -0.615936 -0.0787133 -3.5 0 -0.952721 0.294558 47 47 255
71.4068 54.9383 -40.3665 0.601536 0.914264 -3.5 0 -0.483022 -0.676141 55 55 255
71.4985 52.0597 -29.702 -1.39431 -0.216422 -1.3 0 0.162547 -0.960995 14 14 255
74.8398 50.0513 -35.552 -0.0328652 -0.123899 -0.8 0 -0.338166 -0.368882 141 141 255
56.731 45.4305 1.19325 0.296142 0 -3.5 0 0.212188 -0.238573 22 22 255
64.735 70.1097 -14.6528 0.370548 0.180341 -3.22821 0 -0.53652 0.513076 76 76 255
64.436 67.9985 -29.9907 -0.477473 0 2.8 0 -0.776333 0.491813 255 206 206
64.317 63.809 5.0065 0.509799 0.589199 -3.5 0 -0.474012 0.439783 3 3 255
82.718 67.789 -27.2892 0.0412501 0 -4.5 0 0.925977 0.333691 6 6 255
46.9105 46.6455 -0.984 2.77469 0.0408387 -3.9 0 0.165999 -0.761612 255 93 93
62.8415 54.5655 -22.1793 -1.09926 -0.199619 -0.0752621 0 -0.605009 0.789617 159 159 255
45.7422 45.4715 -7.5965 0.247534 0 -3.2 0 -0.582036 -0.561978 255 69 69
73.3363 80.237 -1.6335 -0.21216 0 -3.5 0 0.715123 0.698357 245 245 255
71.8185 68.073 -27.655 -0.216878 0.46677 4.2 0 0.423877 0.625279 222 222 255
60.6867 54.081 -23.0583 -0.112178 0.427893 -0.8 0 -0.628775 0.589189 196 196 255
75.6635 60.8445 -43.4395 -0.566081 0 -0.8 0 0.93254 -0.36103 68 68 255
68.1865 63.148 4.5455 -0.527431 0 -3.5 0 0.634059 0.466015 15 15 255
63.4325 49.2225 -10.5025 0.936635 0.967223 3.73119 0 0.593977 -0.016151 144 144 255
81.4952 78.4648 -41.0885 -0.159024 0 -3.5 0 0.405228 -0.868078 110 110 255
78.052 83.9995 -33.9318 -0.0956815 0 3.8 0 0.316516 0.65716 8 8 255
71.8865 55.6115 -41.506 0.0585941 0 -3.5 0 -0.51435 -0.693919 82 82 255
62.9225 80.8755 -1.18925 -1.74001 -0.0726122 -3.5 0 0.44992 0.218587 3 3 255
54.3925 70.035 -12.3645 -0.626838 0 -3.2 0 -0.553457 0.725734 255 169 169
56.3778 72.5905 -3.5775 0.147084 0 1.45074 0 -0.172977 0.369088 119 119 255
75.8997 81.1005 -33.609 -0.176219 0 3.8 0 -0.188999 -0.123201 27 27 255
66.171 58.9685 -38.9545 0.490499 0.408725 0.29259 0 -0.916491 -0.157354 110 110 255
53.996 46.998 -17.493 -0.268294 0 -0.7 0 -0.468969 -0.553173 255 232 232
52.7605 54.097 -18.4772 -0.0658595 0 -3.5 0 -0.684699 0.421132 26 26 255
53.2318 62.5542 -14.0953 -1.22538 0 -3.5 0 -0.773728 0.065965 239 239 255
73.6965 63.65 -19.001 -0.324632 0 -3.5 0 -0.433724 0.679998 118 118 255
45.1875 46.8195 -8.286 -0.112926 0.133924 -3.2 0 -0.681427 -0.388156 255 69 69
63.7668 48.8483 -2.5635 0.138891 -0.379805 -0.8 0 0.937761 -0.342131 39 39 255
66.616 71.8375 3.869 -0.447151 0 -2.53754 0 0.757225 -0.0659431 5 5 255
76.9655 75.3692 -27.4727 1.24914 0.653926 -3.9 0 -0.573711 0.466573 16 16 255
62.9043 48.0665 -2.208 0.187246 -0.23122 -0.8 0 0.483084 -0.811646 19 19 255
71.6005 49.4518 -7.99725 -1.66821 -0.394741 -3.5 0 0.796155 -0.420486 152 152 255
73.3635 44.0125 -23.1825 0.0922368 0.265213 -3.5 0 0.102898 -0.857467 1 1 255
70.747 54.655 -4.197 -1.06394 -0.875466 -0.7 0 0.726746 -0.533315 27 27 255
68.5915 69.3372 -15.7262 -0.0699857 0 -4.5 0 0.642945 -0.248792 255 252 252
71.7175 71.065 -52.5825 -0.0445382 0 -1.6 0 -0.783046 0.130055 10 10 255
52.3615 73.747 -7.3675 0.110379 0 -1.6 0 -0.715238 -0.121728 255 168 168
83.162 57.4738 -24.739 -0.367968 0 -3.5 0 0.800692 -0.0361252 69 69 255
70.0433 63.5908 -14.8453 -0.437193 0 -1.3 0 0.607159 0.791711 130 130 255
70.5478 49.9678 -15.228 -0.199267 0 -3.2 0 0.847603 -0.428859 25 25 255
73.7195 71.6683 -36.569 0.584913 0 -0.682139 0 -0.36864 0.916756 37 37 255
45.351 47.8812 -6.02175 -0.707229 0 -3.2 1 -0.862293 0.205144 255 66 66
53.3055 67.8092 -13.4775 -0.00617563 0 -3.2 0 -0.771734 0.275017 255 187 187
45.3742 49.503 -3.64875 0.901501 0 -3.9 1 -0.92698 0.19606 255 49 49
69.0872 61.85 1.97075 -0.172391 -0.0947835 -3.5 0 0.974478 -0.0895814 17 17 255
69.865 61.5475 -48.0033 -0.579943 -0.0113854 -3.5 0 -0.147439 -0.695792 99 99 255
55.263 56.4733 -19.3148 0.47738 0.513493 -4.5 0 -0.626652 -0.0307736 78 78 255
59.31 66.886 -19.4695 -0.109935 0 -3.5 0 -0.455561 0.699079 47 47 255
80.8895 53.557 -33.0935 -1.69105 -0.236168 3.8 0 0.198148 -0.90057 107 107 255
74.7075 76.6965 1.2535 0.335495 0.790562 -3.5 0 0.729288 -0.682985 254 254 255
42.8825 51.479 -6.81125 -0.329396 0 -3.2 1 -0.123621 -0.473613 255 91 91
78.7905 72.697 -42.486 -0.392235 0 3.8 0 0.943954 0.155994 137 137 255
73.579 63.428 -51.926 -0.229986 0 -3.5 0 -0.718903 -0.615251 41 41 255
59.915 51.768 -22.0395 -0.645174 0 -3.5 0 -0.98892 0.111001 255 237 237
43.642 57.6732 -0.408 0.00206809 0.167804 -3.2 1 -0.282292 0.92546 255 61 61
55.6845 45.4427 -17.0648 -0.451859 -0.797652 -0.819718 0 -0.227531 -0.702797 255 186 186
77.7045 52.2815 -34.6975 0.157107 0.0598061 0.0187536 0 0.366571 -0.899005 136 136 255
73.179 66.6823 -3.0575 -0.185919 0 -0.7 0 0.636436 -0.520178 74 74 255
50.1968 52.0698 -11.4137 0.626303 0.566831 3.8 0 -0.705218 0.459819 98 98 255
61.668 63.2702 -34.846 0.239377 0 -3.9 0 -0.708026 -0.473158 104 104 255
71.87 60.1232 -1.568 -0.738733 -0.252189 -2.07181 0 0.346081 -0.752431 5 5 255
65.77 45.1802 -14.4913 0.0560412 0 4.5 1 -0.865755 -0.495413 220 220 255
54.7817 53.7178 -19.9942 -0.650439 0 -3.5 0 -0.348616 0.382242 87 87 255
82.1995 60.7365 -32.8405 -0.758855 0 2.8 0 0.956824 -0.0862029 88 88 255
64.866 66.64 -17.229 0.473187 0 -1.6 0 0.493201 0.0862885 72 72 255
44.914 52.7465 -3.08775 1.09205 0.286379 -3.2 1 -0.618639 -0.686138 255 43 43
75.2305 53.713 -41.8425 -0.0239526 0 -3.5 0 -0.36964 -0.925674 180 180 255
74.762 45.485 -22.1297 -0.705175 0 -3.5 0 0.672985 -0.528393 1 1 255
78.0208 65.3915 -21.622 -0.320253 0 -1.6 0 0.342883 0.86872 9 9 255
50.9992 42.2052 -9.74125 0.100584 0 -0.4 0 0.0191691 -0.600809 255 13 13
58.6558 53.3305 -26.2327 -0.00869681 -0.420497 -0.8 0 -0.90136 -0.272983 255 168 168
59.808 41.7743 -23.2355 1.67719 0.645389 -3.9 0 0.0188629 -0.912079 104 104 255
67.009 71.6598 -26.234 -0.0147033 0 2.8 0 0.068512 0.376619 102 102 255
78.644 65.5553 -19.2215 0.210954 0.584152 -3.5 0 0.127331 0.984055 2 2 255
66.31 44.4567 -13.5422 -0.0503503 0 4.5 1 -0.588149 -0.766231 198 198 255
71.5155 73.5975 -39.1698 0.0738623 0 1.8 0 -0.330279 0.47166 22 22 255
62.4205 71.7458 -12.315 0.192676 0 -1.6 0 -0.0776055 -0.419186 176 176 255
82.9405 60.5605 -25.326 -1.12833 0 -3.5 0 -0.0726503 -0.148569 26 26 255
72.6345 54.969 -13.1777 -0.85345 0.198051 -3.2 0 0.916066 -0.0302397 43 43 255
49.6525 47.7482 -8.2185 -0.00859155 -0.0162305 0.349449 0 -0.457052 -0.0905145 255 111 111
79.1137 70.8587 -45.2575 -1.37246 -0.739188 -3.5 0 0.854488 0.396398 70 70 255
74.972 59.7755 -43.7845 -0.162921 0 -0.8 0 0.961586 -0.263551 91 91 254
70.1902 63.1808 -22.0695 -0.813324 0 2.81163 0 -0.475222 0.736324 245 245 255
59.9335 62.8645 12.138 2.8299 0.0586036 -3.9 0 -0.622752 0.246304 47 47 255
70.546 71.254 -44.514 0.0214992 -0.0799995 -1.3 0 -0.811795 0.579397 17 17 255
68.449 63.2272 -40.994 -0.273304 0 -1.20883 0 0.147432 -0.677786 255 217 217
57.573 78.831 -4.363 0.114301 0 -3.9 0 -0.693684 0.077703 32 32 255
58.826 47.6213 -2.90575 -0.268634 0 0.303139 0 0.662039 -0.0105405 19 19 255
66.4837 73.2312 -14.356 0.369056 0 -4.5 0 -0.167252 0.861528 77 77 255
58.314 42.4222 -14.4452 0.125666 0 -0.9 0 0.0158685 -0.767286 255 22 22
66.753 66.075 -25.207 0.296512 0.770301 3.8 0 0.237254 0.70272 255 247 247
42.418 51.7915 -9.2665 -0.563533 0 -3.2 0 -0.56611 -0.393869 252 252 255
52.591 74.927 -4.4205 0.127521 0 -1.6 0 -0.529687 0.429572 133 133 255
67.746 72.2155 -15.849 0.439678 0 -4.5 0 0.0187546 0.279047 134 134 255
78.9 61.9895 -18.1367 -0.842708 -0.0698953 -3.5 0 0.54488 -0.388279 0 0 255
71.0945 48.5062 -8.856 -1.69764 -0.269238 -3.5 0 0.431453 -0.880061 199 199 255
69.2685 60.6975 -47.4815 0.0458719 0.47392 -3.5 0 0.0123402 -0.82748 113 113 255
48.004 63.6413 -2.61775 2.97378 0.0434399 -3.9 0 -0.961498 -0.120368 255 177 177
68.4368 43.3725 -15.692 -0.244346 0 4.5 0 -0.331697 -0.927964 153 153 255
54.7665 57.6813 -18.5002 -0.0276965 0 -4.5 0 -0.84332 0.281989 102 102 255
58.7925 61.474 4.5665 0.162609 0 -4.19123 0 -0.627217 0.327942 29 29 255
80.3935 80.5625 -43.4132 -1.29576 -0.825006 -3.5 0 0.532273 0.267065 49 49 255
68.8795 52.4917 -11.9893 -0.451752 0 -3.2 0 0.169351 0.486285 82 82 255
52.7477 54.7705 0.91075 0.0623175 0 -1.00007 0 -0.025158 -0.576199 255 155 155
84.46 62.574 -23.833 -1.99677 -0.123514 -3.5 0 -0.0949208 0.132739 9 9 255
65.08 70.979 -30.905 -0.334062 0 2.8 0 -0.959563 0.200032 227 227 255
67.4733 49.846 -7.46025 -0.259254 0 -3.5 0 -0.392109 -0.870199 180 180 255
70.473 71.1923 -1.10775 -0.0369432 -0.564007 4.5 0 0.914158 -0.127023 93 93 255
53.9255 72.7365 -3.7595 0.632681 0 -1.6 0 -0.416714 -0.0958721 154 154 255
57.586 74.1265 -12.6243 0.0266976 0 -1.6 0 -0.840843 0.265634 110 110 255
71.2665 71.7018 -35.8755 -0.681566 0 -0.4 0 -0.0532349 0.99508 24 24 255
79.4775 59.6948 -40.032 -0.371144 0 -3.5 0 0.405519 -0.348694 119 119 255
68.2497 59.8078 4.2835 0.0950167 0 -3.5 0 0.937342 -0.160767 20 20 255
59.6673 65.467 -27.0912 -0.232981 0 -3.5 0 -0.923308 0.292861 229 229 255
63.3613 67.4898 -29.5343 -1.68867 0 -3.5 0 -0.349642 0.880684 218 218 255
80.5573 75.0625 -34.4795 0.79068 0.383094 -0.7 0 0.686623 0.633906 17 17 255
60.32 54.571 -24.401 -0.761212 -0.852802 -0.8 0 -0.812445 0.394268 208 208 255
46.8498 44.9965 -7.74025 0.31124 0 -3.2 0 -0.431131 -0.607449 255 77 77
77.5867 65.206 -20.2178 -0.0694877 0.364274 -3.5 0 -0.0959353 0.994599 7 7 254
56.8685 39.5165 -9.7315 2.35525 0 -3.9 1 -0.619776 0.0305032 255 56 56
71.8132 71.7613 -48.574 0.0226703 0 -1.6 0 -0.76747 0.637926 62 62 255
55.5315 38.5643 -7.26575 0.467602 0 -3.9 0 -0.639083 -0.749581 255 47 47
66.8092 63.1185 -21.6515 -0.612578 0 3.8 0 0.240443 0.970244 164 164 255
64.978 53.1362 -33.4868 -0.321016 0 2.8 0 0.307601 -0.606886 156 156 255
82.2635 54.4868 -32.795 -0.615498 -0.374678 1.45991 0 0.530538 -0.808838 114 114 254
64.954 48.0564 -10.5009 0.0806593 0 -0.4 0 0.234213 0.106166 141 141 255
78.6523 84.1963 -34.7552 -0.0749171 0 3.8 0 0.512435 0.823541 6 6 255
66.375 45.689 -18.27 -0.924373 0 -3.5 0 -0.601086 -0.791294 239 239 255
57.2085 44.6092 -23.5525 1.25913 0.435958 -3.9 0 -0.670759 -0.696801 221 221 255
70.3668 48.4905 -26.1693 -2.29366 0 -0.7 0 0.371947 -0.409573 1 1 255
79.756 54.057 -38.824 -0.312197 0 3.8 0 -0.110038 -0.832442 209 209 255
54.2443 61.7723 3.62525 -0.802867 -0.335167 -4.5 0 -0.488311 0.213788 78 78 255
76.9425 50.4033 -36.6245 -1.00399 -0.929983 -0.8 0 0.922242 -0.367298 168 168 255
70.17 52.468 -30.797 -1.21477 0 -1.3 0 -0.213484 -0.976549 50 50 255
52.1015 49.1805 -17.7948 -1.05513 -0.103188 -3.5 0 -0.848929 -0.328153 190 190 255
79.0805 70.8815 -30.2663 -0.74235 -0.000104783 3.8 0 0.909112 0.236489 16 16 255
65.9613 47.4045 -27.9505 -0.52521 0 1.8 0 0.704883 -0.44948 38 38 255
66.9548 79.811 0.28525 -1.41154 0 -3.5 0 -0.646786 0.335951 6 6 255
71.3435 64.8885 -10.294 -0.26365 0 -0.9 0 0.984221 -0.104231 252 252 255
76.3073 56.0855 -43.7573 -0.553333 -0.0101783 -3.5 0 0.642412 0.0469974 113 113 255
76.5775 50.2245 -23.2295 -1.06895 -0.414728 -3.5 0 0.965606 0.1075 2 2 255
54.544 48.7477 -20.3678 -0.305638 -0.0305305 -3.9 0 -0.985316 -0.0731199 221 221 255
61.536 63.6695 -30.89 -0.594754 0 -3.9 0 -0.515554 -0.855328 244 244 255
71.4705 68.8455 -0.157 0.838662 0.457053 -0.8 0 0.968337 0.104367 16 16 255
85.2085 63.2067 -24.1675 -1.63581 -0.784777 -3.5 0 0.559809 0.467506 9 9 255
71.6465 80.8255 -0.0945 -0.654396 -0.163353 -3.5 0 -0.0698308 0.994249 120 120 255
82.332 64.2605 -35.2045 -0.255888 0.0807518 -0.35 0 0.935641 0.330047 72 72 255
63.3932 48.1377 -32.4847 -1.58804 0 -3.5 0 -0.321515 -0.775879 155 155 255
72.7777 56.097 -13.8767 -0.795883 0.609564 -3.2 0 0.912567 0.0452192 25 25 255
52.0322 50.4137 -17.5185 -1.27639 -0.284905 -3.5 0 -0.973899 0.18044 145 145 255
68.1943 52.9285 -2.326 -0.102581 0 -0.7 0 0.0459621 -0.977794 45 45 255
80.535 78.9965 -36.2165 -0.45158 -0.848388 -3.15711 0 0.472206 -0.551052 63 63 255
74.7943 61.1512 -3.52375 -0.00848823 0 -3.5 0 0.907641 0.158229 7 7 255
73.6905 59.8558 -4.87275 -0.0895669 0 -3.5 0 0.117325 -0.824417 10 10 255
67.7623 52.6275 -11.5225 -0.387765 0 -3.27794 0 -0.679541 -0.733586 86 86 255
57.2477 44.2902 -0.75325 0.330905 0 -3.5 0 0.640867 -0.667749 28 28 255
50.255 59.6053 -11.6205 -0.0104271 0 -0.8 0 -0.378029 0.0559693 39 39 255
55.07 44.742 0.419 0.539614 0.578177 -3.5 0 -0.803876 -0.32969 36 36 255
56.373 44.9972 -23.0585 0.868761 0 -3.9 0 -0.549802 -0.824645 255 241 241
57.681 45.8128 0.74525 0.199857 0 -3.5 0 0.805728 -0.139682 15 15 255
50.5348 51.004 -13.259 0.464247 0.0631049 2.87733 0 -0.266469 0.874928 74 74 255
70.83 79.235 2.545 -1.2626 -0 -3.5 0 -0.406631 0.153474 53 53 255
80.075 75.544 -35.32 0.578806 0 -0.7 0 0.742909 0.666283 18 18 255
68.8955 63.0773 1.78025 0.0744127 -0.205221 -2.24185 0 0.965283 0.0807174 10 10 255
71.449 70.8215 -28.8595 -0.168786 0 4.2 0 0.268587 0.0411817 57 57 255
58.213 67.9 -15.9613 0.341873 0.908468 -3.2 0 0.0337454 0.903278 200 200 255
73.4672 69.6953 -10.855 -0.0926784 0 4.2 0 0.51959 0.177348 255 113 113
66.3585 74.742 -33.4765 0.00440059 0 -3.5 0 -0.394157 0.889317 36 36 255
45.801 47.6797 -5.08175 0.185088 0.122667 -3.56308 1 -0.969596 -0.0447672 255 73 73
67.4433 72.1095 -36.389 0.136208 0 -3.5 0 -0.30927 0.560015 21 21 255
67.4085 58.773 5.9625 -1.03631 -0.880751 -3.5 0 0.823882 -0.0322444 6 6 255
60.3278 56.0135 -25.0858 -1.87899 -0.023679 -0.8 0 -0.969001 0.224862 124 124 255
66.7265 63.903 -20.0588 -0.311705 0 -1.3 0 0.0847862 0.926112 88 88 255
49.3195 46.4595 -2.8295 0.426475 0 3.8 0 -0.337267 -0.847908 255 228 228
68.1768 64.458 -46.5695 0.150962 0 -3.5 0 -0.917327 0.33862 255 234 234
68.0583 66.8958 -16.4198 -1.17576 -0.00241257 -1.6 0 0.427333 0.199654 220 220 255
57.6355 67.222 2.69275 0.00284198 0 -4.5 0 0.0283747 0.578895 20 20 255
71.7598 59.955 -17.5987 -0.81315 0 -1.3 0 0.900887 0.433642 61 61 255
62.316 63.036 9.70975 1.19771 0.363714 -3.9 0 0.683102 0.71316 11 11 255
71.4258 56.1022 -3.50875 -0.215791 -0.37555 -0.7 0 0.889614 0.278362 15 15 255
67.739 46.38 -22.836 -0.87492 0 -0.7 0 -0.419589 -0.891398 74 74 255
73.5595 47.8795 -16.6022 -0.358279 0 4.2 0 0.420573 -0.240512 7 7 255
66.2205 64.3142 -35.0482 -0.285388 -0.0493039 -3.07982 0 -0.447935 0.584217 209 209 255
79.433 62.927 -20.063 -0.733336 0 -3.5 0 0.903794 -0.310711 1 1 255
52.229 53.316 -17.992 0.097565 0 -3.5 0 -0.946708 0.172967 45 45 255
65.998 51.8735 -9.1025 0.0442041 -0.0880637 -1.18495 0 -0.315237 -0.718468 98 98 255
57.146 55.6628 -19.055 -0.455609 0.045047 -3.84978 0 0.328491 0.0276323 79 79 255
74.5727 65.4822 -53.8032 -0.217445 0 -3.5 0 -0.622818 0.39514 26 26 255
79.4477 53.9465 -23.2935 -0.222758 0.188041 -3.5 0 -0.041473 -0.875103 23 23 255
59.593 63.893 -23.409 0.396667 0.427639 -2.5442 0 -0.841174 0.531649 79 79 254
71.9902 71.997 -28.6437 -0.27775 0 4.2 0 0.284324 0.0815326 38 38 255
76.8565 67.9293 -23.6448 -0.526631 -0.34604 -1.6 0 -0.019355 0.584631 20 20 255
79.117 75.6875 -30.4425 1.00306 0.0749955 -3.9 0 0.647411 0.715097 24 24 255
79.357 55.995 -39.4655 -0.45453 0 3.8 0 -0.444469 -0.0597977 177 177 255
52.2287 48.4248 -16.7375 -0.429758 0 -0.7 0 -0.835959 -0.254988 173 173 255
84.613 58.4725 -27.1115 -0.278604 0 -3.5 0 0.727033 -0.563597 39 39 255
79.2868 65.1805 -44.9338 -1.96535 -0.209011 -3.5 0 0.960329 -0.254087 7 7 255
59.5205 65.246 -21.7822 0.0418788 0 -3.5 0 -0.901423 0.192784 38 38 255
72.4827 52.7 -29.3682 -0.94641 0 -1.3 0 0.619537 -0.746804 7 7 255
72.792 75.801 -2.936 0.528223 0.00846329 -3.43226 0 0.937176 -0.197046 255 183 183
57.0672 48.6525 -24.0042 1.71442 0.00746122 -3.9 0 0.397996 0.605553 255 148 148
59.719 64.5423 -22.5298 0.326422 0.466578 -3.5 0 -0.961886 0.217962 35 35 255
54.831 39.063 -6.415 0.265087 0 -3.9 0 -0.436967 -0.834797 255 52 52
81.5425 79.0555 -38.8275 0.431895 0 -3.5 0 0.713442 -0.66809 93 93 255
78.6545 65.175 -54.084 -1.67432 -0.102643 -3.5 0 0.812374 0.524246 5 5 255
68.1748 58.9625 3.68175 0.100691 0 -3.5 0 0.902001 -0.413778 21 21 255
67.9275 48.0155 -26.346 -1.96494 0 1.37894 0 0.376735 -0.654752 9 9 255
71.7087 68.7855 -50.86 0.288151 0 -1.6 0 -0.997365 -0.0496446 57 57 255
78.7438 71.2728 -41.0462 -1.37081 -0.649202 -3.5 0 0.941938 0.328072 63 63 254
48.5735 49.6025 0.11725 0.37345 0 -3.9 0 0.508552 -0.285535 255 61 61
59.6295 49.5015 -2.47325 -0.215253 0 -3.08161 0 0.0542796 -0.741671 13 13 255
74.389 69.8205 -9.88075 -0.165198 0 4.2 0 0.977553 0.0832524 255 73 73
82.1935 64.965 -38.0275 -0.311912 0 -3.5 0 0.773014 0.130318 39 39 255
77.7203 71.511 -45.5955 -0.648839 0 0.43553 0 0.565756 0.17097 75 75 255
59.206 43.448 -22.1355 1.90381 0 -3.9 0 -0.447701 -0.700331 220 220 255
68.9902 69.7288 -44.071 0.0648263 0 -1.3 0 -0.90674 0.420484 53 53 255
56.7091 60.2209 -18.5369 0.0937423 0 -4.5 0 -0.784649 0.488549 170 170 255
62.489 47.504 -25.064 0.215544 0 1.8 0 -0.913117 -0.0732929 147 147 255
44.8167 56.1598 -6.98775 0.753231 0.437732 -3.2 0 -0.256955 0.965646 63 63 255
57.2325 70.707 -12.244 -0.189577 0 -2.61778 0 -0.224354 0.382541 255 244 244
61.8402 48.5235 -24.839 -0.121661 -0.02611 -1.02231 0 -0.605968 -0.427665 189 189 255
51.5065 50.5885 -14.5573 -0.150583 0 1.8 0 -0.172549 0.848677 77 77 255
76.4245 58.2472 -37.116 -0.119152 -0.0815042 -1.33695 0 0.509253 -0.56467 186 186 255
71.6387 52.8102 -37.4627 0.0145573 -0.0676827 -0.8 0 -0.378257 -0.877434 103 103 255
69.4912 68.205 -26.227 -1.57461 -0.136375 4.2 0 0.0637119 0.529365 209 209 255
53.2677 67.3505 -6.90575 0.727097 0.0195861 -3.2 0 -0.91963 0.0730463 255 145 145
78.8873 72.9197 -25.7815 -1.72506 -0.199015 -3.5 0 0.403445 0.578188 7 7 255
47.4608 60.427 -6.714 0.394606 0 2.8 0 -0.981804 0.158717 40 40 255
73.3305 62.6885 -49.597 -1.33874 -0.835772 -3.5 0 -0.381999 -0.784413 20 20 255
42.8063 55.2752 -0.2585 -0.453823 0 -3.2 1 -0.914343 0.0180516 255 39 39
73.6345 72.7605 -8.4475 -0.185422 0 4.2 0 0.591532 0.69108 255 202 202
70.4693 56.1535 -12.3848 -1.07572 0 -3.2 0 0.15708 0.409637 42 42 255
56.558 61.496 -16.7555 -0.0237631 0 -4.0596 0 -0.833468 0.0893328 131 131 255
61.98 75.6178 1.987 -0.017904 0 -0.7 0 0.0296309 0.719634 4 4 255
56.746 49.7762 -23.1105 1.25338 0.809182 -3.9 0 0.371442 0.903528 255 150 150
45.046 55.614 0.721 -0.236234 0 -3.2 1 0.296907 0.16037 255 24 24
73.5825 79.7305 -2.5325 -0.167242 0 -3.5 0 0.809554 0.424391 201 201 255
71.934 73.1355 -43.4202 -0.192716 -0.158851 1.05658 0 -0.593039 0.727372 41 41 255
51.8635 40.523 -7.5055 0.645289 0.675026 -3.9 0 0.149861 -0.63313 255 34 34
67.679 57.0885 -12.4368 -0.349626 0.193279 1.49978 0 0.335897 0.601035 23 23 255
57.0755 64.6745 -16.7815 -0.273615 0 -2.08363 0 -0.658538 0.067647 109 109 255
65.3152 65.1505 -24.6493 -0.0285337 0.0577046 3.8 0 0.075059 0.798284 255 229 229
43.2225 54.268 0.503 0.426607 0 -3.2 1 -0.805096 -0.176019 255 23 23
52.719 67.132 -8.2075 0.510246 0.187896 -3.2 0 -0.977229 -0.0349241 255 103 103
55.6763 49.9705 3.44025 0.714936 0.530459 -4.5 0 -0.266996 -0.498326 176 176 255
71.2243 80.1523 -8.7335 -1.20557 0 -0.4 0 0.268537 0.626188 49 49 255
78.8173 81.973 -39.5728 0.419757 0 -3.5 0 -0.593713 0.758847 74 74 255
72.324 63.4315 -20.2315 -0.927016 -0.403789 -3.5 0 -0.279435 0.798928 208 208 255
69.769 76.4023 -8.0655 -0.34077 0 -2.30058 0 0.290759 -0.269318 121 121 255
75.567 72.045 -48.6695 -0.191312 0 -1.27179 0 0.68413 0.600306 126 126 254
62.0275 56.0433 -23.4958 -1.87764 0 -0.8 0 -0.304574 -0.0846593 58 58 255
71.706 64.6803 -5.731 -0.505257 0 -3.5 0 0.771763 0.312174 15 15 255
66.2032 65.2845 -38.2402 -0.769728 -0.910581 -0.8 0 -0.726088 0.673074 163 163 255
65.4642 70.6793 7.89 1.2607 0.154195 -3.9 0 0.984686 0.0967605 2 2 255
68.931 73.357 -10.5798 -0.334558 0.511264 -2.89339 0 0.505428 0.800994 191 191 255
47.8527 57.5428 -9.923 -0.362265 -0.0139867 -3.307 0 -0.873984 0.260738 25 25 255
51.743 62.6395 -10.116 -0.21078 -0.000778084 -3.5 0 -0.672787 0.734962 180 180 255
56.2835 53.284 -20.098 -1.62695 -0.478195 -3.5 0 0.307599 0.118244 134 134 255
79.918 75.25 -36.3713 -0.173537 -0.417383 -0.7 0 0.907687 0.282311 23 23 255
67.865 69.945 -16.195 -0.0599245 0 -4.5 0 0.135295 -0.00591745 218 218 255
83.8982 60.2463 -25.1602 -1.10278 0 -3.5 0 -0.0825698 -0.455068 25 25 255
56.1265 64.9898 -16.5723 -0.137262 0 -3.2 0 -0.426733 -0.193637 155 155 255
80.1475 74.439 -33.5703 0.514423 0.376047 -0.7 0 0.569283 0.713423 15 15 255
65.8705 69.9585 -33.342 -0.196464 0 -3.5 0 -0.805683 -0.573466 255 248 248
70.3903 57.4637 -6.29025 -1.41505 -0.146128 1.9382 0 0.980802 -0.0567735 23 23 255
59.2938 75.4898 -10.5142 -0.135209 0 -1.6 0 -0.597709 0.796487 69 69 255
65.644 61.3335 -39.1592 0.191719 0 -0.8 0 -0.835742 -0.321624 252 252 255
76.525 48.1485 -23.5355 -0.203966 0 -3.5 0 0.995644 -0.0343005 1 1 255
62.0648 67.0508 -20.2922 0.0700247 0 -3.5 0 0.385048 0.922168 67 67 255
73.468 68.068 -8.886 -0.0886716 0 4.2 0 0.659922 -0.751317 255 212 212
59.2295 61.3415 5.9885 0.2339 0 -3.9 0 -0.864258 0.264142 22 22 255
56.964 49.227 -21.965 0.925107 0.00364435 -3.9 0 0.270893 0.957271 255 171 171
71.237 45.9425 -19.407 -1.1309 -0.630436 -2.67611 0 0.333716 -0.937864 14 14 255
76.054 49.756 -35.7352 -0.267414 -0.385421 -0.8 0 0.401036 -0.58485 150 150 255
80.1892 70.9125 -37.6268 -0.638321 -0.35029 -0.752041 0 0.859804 -0.227192 15 15 255
69.7495 55.0653 -6.4395 -1.37432 -0.941359 -0.7 0 0.886129 -0.256442 29 29 255
71.1265 61.9245 -44.045 -0.867167 -0.0268031 -1.18957 0 -0.603159 -0.782124 147 147 255
84.3952 56.0885 -30.095 -0.535529 0 -0.8 0 0.891306 -0.448911 94 94 255
77.4262 77.1783 -41.213 -0.4235 0 -2.51929 0 -0.162828 0.0649342 104 104 255
54.6618 50.414 1.95275 0.538928 0.0404107 -4.5 0 -0.979668 -0.186681 203 203 255
73.2505 58.9793 -14.731 -2.04214 -0.729146 -3.5 0 0.12 0.550978 35 35 255
49.1022 49.4095 -0.812 0.717655 0 -3.9 0 0.535013 -0.419994 255 91 91
82.7355 81.1667 -41.257 1.03162 0 -3.5 0 0.581471 0.220609 44 44 255
59.5617 77.0165 -8.2995 -0.150071 0 -3.9 0 -0.360149 0.343966 44 44 255
64.162 46.426 -10.532 0.265755 0 -0.632365 0 0.243048 -0.450364 225 225 255
78.1285 79.613 -34.186 -0.164033 0 3.8 0 0.336549 -0.346142 47 47 255
73.7305 59.4375 -15.486 -2.23472 -0.708603 -3.5 0 0.292163 0.867873 39 39 255
60.222 42.225 -17.5537 0.116755 0 -0.9 0 0.0340965 -0.993804 255 121 121
52.8213 47.7293 -17.3715 -0.231653 0 -0.7 0 -0.617595 -0.250879 225 225 255
66.227 74.128 -13.019 -0.182595 0 -4.5 0 0.0866388 0.848713 50 50 255
71.9053 67.62 -51.1963 0.575445 0 -1.6 0 -0.988741 -0.133998 55 55 254
73.6905 46.557 -25.8815 -0.225508 0.256338 -3.5 0 -0.182439 0.11944 0 0 255
75.85 59.2422 -16.5487 -1.96424 -0.748929 -3.5 0 0.417649 0.771609 7 7 255
78.9173 73.5685 -26.6833 -0.503019 0.789515 -3.9 0 0.501244 0.500258 5 5 255
82.508 59.3625 -34.5515 -0.282631 0 2.8 0 0.997597 -0.0605239 124 124 254
69.623 70.564 -13.765 0.638293 0 -4.5 0 0.986976 0.0140618 193 193 255
53.5812 75.3086 -4.56025 0.226526 0 -1.6 0 -0.261639 0.757064 93 93 255
74.55 55.4535 -30.34 -0.667532 0 4.5 0 0.29605 -0.913114 15 15 255
59.7192 49.1527 -23.9137 -1.31933 -0.178411 -3.9 0 -0.509388 0.233213 255 198 198
61.0395 47.8862 -7.4655 0.299021 0 4.2 0 0.809346 -0.57114 123 123 255
61.1025 52.2935 0.1975 0.256703 0 2.02222 0 0.00114222 -0.625981 61 61 255
48.36 59.9232 -1.4045 -1.3792 -0.372473 -1.3 0 -0.862264 0.498326 255 144 144
57.286 81.8577 -7.84325 1.46804 0.0549659 -3.9 0 -0.576188 0.35665 4 4 255
77.6428 55.2663 -37.8693 -1.02052 -0.574529 1.10799 0 -0.138162 0.308426 164 164 255
53.4767 66.7718 -13.681 0.0420744 0 -3.2 0 -0.76082 -0.194978 255 195 195
51.5672 47.2757 -0.9035 0.171093 0 3.8 0 0.0857076 -0.216218 190 190 255
74.2438 47.3015 -18.4272 -0.298194 0 4.2 0 0.791903 -0.603367 5 5 255
75.4758 75.8457 -43.9103 -0.267583 0 3.8 0 -0.214568 0.917349 76 76 255
74.0575 73.7523 -4.17275 -0.164739 0 -0.7 0 0.835632 -0.157378 255 185 185
70.6357 62.6003 -42.7205 -0.977722 -0.376589 -2.08517 0 -0.671603 -0.720846 221 221 255
67.595 83.813 -7.97875 2.20698 0.0716473 -3.9 0 0.439882 0.888116 4 4 255
86.4603 59.8568 -26.6717 -1.59596 -0.421193 -3.5 0 0.838078 -0.507632 25 25 255
52.2762 50.8665 -13.7095 -0.411899 -0.280336 1.07279 0 -0.0663616 0.979481 98 98 255
52.4455 51.7865 -16.754 0.12944 0.365282 -3.5 0 -0.919339 0.087338 109 109 255
66.7602 73.9672 -31.3335 -0.00229538 0.232493 -3.5 0 -0.12361 0.634512 72 72 255
43.3755 57.3003 -3.21525 0.525935 0 -3.2 0 -0.71214 0.484733 255 219 219
67.0608 52.573 -32.9398 -1.40902 -0.322279 2.8 0 0.285863 -0.644634 221 221 255
50.371 50.577 -14.2285 0.146742 0 1.8 0 -0.398638 0.669292 70 70 255
66.2785 79.4782 -0.50825 -1.00735 0 -3.5 0 -0.662428 0.256563 5 5 255
63.3155 45.8715 -12.8885 0.303302 0 -0.4 0 0.0035197 -0.973286 255 133 133
54.984 44.8405 -16.6365 -0.26241 -0.82489 -0.7 0 -0.251265 -0.602849 255 206 206
82.3845 55.2777 -33.6025 -0.493193 -0.676228 3.8 0 0.789927 -0.576168 140 140 255
71.2172 51.709 -14.262 -0.42851 0 -3.2 0 0.842601 -0.445137 18 18 255
54.548 56.7508 -18.1658 0.125314 0 -4.5 0 -0.963536 0.034869 44 44 255
52.8935 67.213 -12.624 0.0643898 0 -3.2 0 -0.935318 0.0344218 255 198 198
63.391 60.468 -32.5223 -0.258506 0 -1.71243 0 -0.879802 0.28867 90 90 255
55.2365 57.322 5.3625 -0.145424 0 -3.5 1 -0.79297 -0.0318458 176 176 255
70.077 46.224 -25.985 -0.474045 0 -0.7 0 0.0586745 -0.497879 1 1 255
70.8838 63.2632 -15.7225 -0.585756 0 -1.3 0 0.498307 0.853506 119 119 255
60.0067 50.943 -21.0438 -1.26143 -0.150115 -3.5 0 -0.963291 0.232103 255 221 221
78.0595 64.9175 -18.234 -0.183867 0 -3.5 0 -0.147344 0.666063 4 4 255
56.327 68.1553 0.608 1.0018 0.43619 -4.5 0 -0.561974 0.827118 25 25 255
64.8347 70.3173 -27.5875 -0.490829 0 2.8 0 -0.93398 0.213772 183 183 255
64.9893 54.9888 0.95475 -0.124941 0 2.8 0 0.890078 -0.158042 15 15 255
62.7783 62.1085 8.53975 0.394155 0 -3.9 0 0.955074 0.281815 15 15 255
82.783 64.366 -37.14 0.327467 0.723184 -3.5 0 0.897474 -0.153402 41 41 255
56.3097 39.3235 -5.5705 0.322772 0 -3.9 0 -0.0577387 -0.558267 255 79 79
52.3855 37.6592 -6.1865 0.62257 -0.00512174 -0.8 0 0.53446 -0.735717 255 80 80
76.2473 65.0423 -21.16 -0.170703 0 -3.5 0 -0.0781396 0.952524 25 25 254
66.7893 68.081 -33.421 0.00396086 0 -3.5 0 -0.93481 -0.0880834 255 225 225
79.7545 77.4485 -37.034 -0.0729844 0 -1.6 0 0.849748 -0.322212 46 46 255
59.6975 63.6678 11.2005 2.27285 0.32241 -3.9 0 -0.4076 0.824972 33 33 255
69.985 52.6365 -35.641 -0.164926 -0.721074 -0.8 0 -0.109131 -0.97385 65 65 255
75.2937 45.5425 -23.1232 0.0952034 0 -3.5 0 0.748111 -0.611391 0 0 255
67.6018 44.5 -17.6658 -1.57334 -0.257536 -3.5 0 -0.506312 -0.859501 185 185 255
70.8867 71.7152 -34.7858 -1.9643 -0.0674686 -3.5 0 0.0930533 0.985565 17 17 255
77.8558 57.805 -36.971 -0.591617 -0.486721 4.32637 0 -0.569882 -0.107385 217 217 255
86.8473 61.3112 -25.183 -1.84364 -0.924742 -3.5 0 0.742082 0.163662 35 35 255
72.243 68.622 -51.987 0.431273 0 -1.6 0 -0.737145 -0.11664 39 39 255
44.585 53.226 0.3525 0.575024 0 -3.2 1 -0.0915943 -0.875241 255 28 28
73.365 46.3555 -17.9145 -0.338976 0 4.2 0 0.571243 -0.817503 7 7 255
73.9297 76.5475 2.00375 0.371753 0.103737 -3.5 0 0.115915 -0.898775 183 183 255
80.5563 57.3415 -22.6625 -1.20301 0 -3.5 0 0.444318 0.157427 11 11 255
70.7373 53.3915 -38.0385 -0.311987 0 -0.8 0 -0.537546 -0.590208 74 74 255
55.0802 58.709 -17.7537 -0.12243 0 -4.5 0 -0.772181 0.621075 85 85 255
61.9067 48.5793 -8.02975 0.118431 0 -0.850893 0 0.442047 -0.891522 137 137 255
61.4832 43.0335 -25.2735 0.551705 0 -3.9 0 0.374757 -0.476243 103 103 255
73.0208 62.371 -5.83475 0.194155 0.0486174 -3.5 0 0.483572 0.20445 10 10 255
55.5783 65.9005 2.5325 0.767185 0.663519 -4.5 0 -0.792979 -0.120459 9 9 255
82.3075 55.892 -26.0485 -0.254003 0 -3.5 0 0.749849 -0.661453 61 61 255
68.6685 63.606 -42.773 -0.121538 0 -1.3 0 -0.498416 -0.864989 255 213 213
67.224 56.1885 -8.57425 -1.13973 0 3.81569 0 0.772327 -0.219458 39 39 255
74.9102 77.763 -36.9043 -0.643762 -0.0363178 -1.31847 0 -0.99276 0.113582 46 46 255
60.8565 59.866 -27.5865 -1.3954 -0.0522234 -3.5 0 -0.884431 -0.239711 181 181 255
50.0115 41.37 -9.4335 0.246793 0 -0.4 0 -0.0659854 -0.647765 255 12 12
68.6837 50.1027 -6.536 -0.34014 0 -3.5 0 0.112899 -0.631724 184 184 255
55.4485 70.445 -12.1565 -0.326665 0 -3.2 0 -0.138122 0.865693 255 170 170
51.907 37.137 -5.2495 1.26911 0.755679 -0.8 0 0.339494 -0.918384 255 120 120
60.784 64.08 -34.424 1.10038 0.151998 -3.9 0 -0.50876 -0.67343 78 78 255
76.3382 54.9518 -38.5895 -1.29222 -0.706244 -0.8 0 0.76687 0.372692 154 154 255
66.0665 60.0765 -39.1465 0.866236 0.780993 -0.8 0 -0.787359 -0.158385 181 181 255
60.557 52.957 -32.0768 -0.445547 0 2.8 0 -0.648592 -0.392824 87 87 255
80.633 63.476 -40.979 -0.25935 0 -3.5 0 0.812745 -0.144564 24 24 255
74.746 74.17 -40.918 -0.394476 0 0.952992 0 -0.0497137 0.994207 48 48 255
79.4512 67.695 -44.9193 -0.88728 0 -3.5 0 0.91875 -0.229562 24 24 255
59.3223 63.195 -24.4583 0.256346 0 -1.6 0 -0.840775 0.493661 157 157 255
50.0675 63.3275 -7.249 0.157011 0 2.8 0 -0.225838 0.889857 213 213 255
54.2528 48.0998 -21.4665 1.71438 0.862643 -3.9 0 -0.968169 -0.123461 250 250 255
52.637 59.1255 -11.5165 -0.102755 0 -1.50675 0 -0.122353 -0.273178 20 20 255
73.763 60.678 -5.6645 -0.0689046 0.00545251 -3.5 0 0.151701 -0.590837 13 13 255
77.056 63.7735 -50.1955 -0.548862 0 -3.5 0 0.636545 -0.620329 14 14 255
76.327 57.141 -36.9845 -1.41308 -0.14465 4.37256 0 0.230836 0.188926 178 178 255
73.8982 59.4777 -3.81825 0.683855 0.680418 -3.5 0 0.290542 -0.956206 6 6 255
77.4585 80.3995 -40.3013 -1.02039 0.181855 -1.85643 0 -0.872729 0.455093 160 160 255
80.3165 66.6837 -23.4 -0.344707 0 -1.6 0 0.559254 0.38394 5 5 255
68.7357 63.5485 3.252 -0.814746 -0.411679 -3.5 0 0.809594 0.448683 12 12 255
64.1602 53.4098 -34.0132 -0.230719 0 2.8 0 -0.052454 -0.579627 145 145 255
59.524 79.174 -8.133 0.366226 0 -3.9 0 0.105954 -0.113055 11 11 255
53.7637 73.152 -7.7 0.252433 0 -1.6 0 -0.486245 -0.299437 255 141 141
73.4805 76.549 -0.789 -0.012895 0 -3.5 0 0.675023 -0.727017 199 199 255
63.3925 72.397 9.346 1.41213 0.259271 -3.9 0 -0.198363 0.835384 9 9 255
76.699 77.748 -40.692 -0.32614 0 -1.6 0 -0.723049 0.240788 122 122 255
66.9625 59.4925 -12.4075 -0.435588 0 -0.9 0 0.484064 -0.570587 31 31 255
66.987 74.343 -34.3515 -0.410264 0 -3.5 0 -0.143852 0.780033 23 23 255
60.0845 76.1888 -9.33325 -0.0567316 0 -1.97387 0 -0.600701 0.737246 50 50 255
68.3435 65.8347 2.18175 -0.624871 -0.302528 -0.772891 0 0.705364 0.131518 22 22 255
82.6055 56.4852 -24.583 -0.150174 0 -3.5 0 0.777193 -0.477644 58 58 255
72.6225 59.2853 -17.4513 -0.97641 0 -3.5 0 0.33374 0.941995 35 35 255
63.9162 67.1367 -30.36 -0.800102 -0.554012 -2.71744 0 -0.335796 0.803638 255 239 239
71.8238 49.6963 -8.94725 -2.44416 -0.850944 -3.5 0 0.901551 -0.293542 158 158 255
60.564 53.753 -21.036 -1.37997 0 -3.5 0 -0.647462 0.584416 143 143 255
69.7917 54.0373 -6.308 -0.44673 0 -3.5 0 0.998177 0.0593358 62 62 255
61.4642 70.8525 7.2935 0.621664 0 -3.9 0 -0.988044 -0.0318836 4 4 255
53.5537 48.0978 -18.0023 -0.292598 -0.122032 -2.05037 0 -0.626666 -0.450662 242 242 255
66.744 57.402 3.9475 0.341744 0 -3.5 0 0.670534 -0.703133 18 18 255
74.4567 77.3577 0.34325 0.291369 0.457431 -3.5 0 0.804097 -0.295733 246 246 255
81.115 80.4898 -42.5843 -0.848261 0 -3.5 0 0.603063 0.0955138 61 61 255
69.175 78.064 -9.2655 -1.08555 0 -3.9 0 0.161983 -0.270688 46 46 255
41.162 52.674 -7.8415 0.219532 0 -3.2 0 -0.952411 -0.219036 217 217 255
75.804 68.112 -23.392 -1.27051 -0.787595 -1.6 0 0.0352899 0.752708 32 32 255
65.886 45.6878 -15.77 -0.103453 0 4.5 0 -0.876193 -0.359758 196 196 255
70.3491 46.8135 -14.0745 -0.280266 0 4.5 0 0.850786 -0.000613474 50 50 255
68.7495 64.019 -16.7205 -0.704325 0 -1.3 0 0.47614 0.871228 90 90 255
84.0859 56.2856 -31.84 -0.281754 0 -0.8 0 0.896919 -0.201049 171 171 255
82.119 78.9833 -40.0771 0.243697 0 -3.5 0 0.825363 -0.561059 82 82 255
65.1803 81.1377 -6.84675 0.343907 0 -3.9 0 -0.923788 0.375508 1 1 255
65.2404 46.0135 -21.237 0.127744 0 -3.5 0 0.246656 -0.92371 206 206 255
61.2337 50.5223 -29.5713 -0.185477 0 -3.5 0 -0.976314 -0.198924 255 163 163
59.525 52.2315 -26.0593 -0.602509 -0.268278 -0.8 0 -0.745747 -0.629282 255 201 201
68.548 58.9305 1.0785 -0.0208566 0 -0.8 0 0.206334 -0.890106 16 16 255
59.6721 58.2925 -24.1315 0.00431587 0 -1.6 0 -0.78629 -0.617822 25 25 255
65.3554 50.6077 -12.9504 -0.198904 0 3.8 0 0.485095 0.337058 46 46 255
75.6225 57.8095 -18.297 -1.73489 -0.845284 -3.5 0 0.809624 -0.0614945 3 3 255
67.5069 54.3846 -9.996 -0.474146 0 -2.32744 0 0.921481 0.382196 54 54 255
58.007 43.895 -16.609 -0.183646 0 -0.9 0 -0.816072 -0.474912 255 174 174
69.0685 63.291 -20.4485 -0.335083 0 -1.3 0 0.231313 0.855137 175 175 255
56.357 66.348 -16.64 0.0158266 0 -3.2 0 -0.213682 0.251203 166 166 255
43.1362 54.5452 -2.197 -0.226394 0 -3.2 1 -0.912476 -0.327253 255 59 59
54.0802 45.6469 -1.26787 0.199542 0 3.18069 0 -0.580846 0.164337 50 50 255
60.979 42.716 -16.872 -0.14574 0 -0.9 1 0.568855 -0.676555 255 82 82
57.6205 70.5821 -1.88525 -0.0926211 0 4.5 0 -0.348009 0.53077 43 43 255
63.166 56.72 -21.032 -1.17503 0 4.2 0 -0.968742 -0.136376 40 40 255
59.0335 73.0318 -1.499 -0.150598 0 -0.7 0 -0.942474 -0.169825 27 27 255
50.1162 47.8226 -11.2879 -0.0647407 0 1.8 0 -0.689216 -0.328763 255 169 169
76.8727 64.1855 -18.595 -0.136751 0 -3.5 0 -0.380719 0.490179 19 19 255
59.8054 39.7508 -8.56612 2.33133 0 -3.9 0 0.999604 -0.0113131 255 117 117
73.3305 69.0865 -5.5315 -0.764993 -0.17537 -0.7 0 0.943149 0.262967 236 236 255
62.6839 78.9829 -1.47981 -0.85801 0 -3.5 0 0.0694225 -0.189593 3 3 255
55.645 55.9277 5.28625 -1.17145 0 -3.5 0 -0.726253 -0.203964 222 222 255
78.0994 83.307 -36.8165 -0.026989 0 3.8 0 0.265307 0.622166 9 9 255
56.6176 50.8416 -1.40375 0.835799 0 -4.5 0 -0.808576 -0.579919 47 47 255
78.8295 67.4029 -43.9349 -0.523038 0 -3.5 0 0.924787 -0.30038 40 40 255
60.8174 63.7825 -32.7811 1.12634 0 -3.9 0 -0.574124 -0.818264 106 106 254
72.5835 64.937 -50.6343 0.483685 0 -3.5 0 -0.950781 -0.297825 75 75 255
60.513 81.491 -3.9415 -0.264371 0.0424908 -3.53077 0 -0.222364 0.951982 3 3 255
63.3717 60.657 -34.3645 -0.112148 0 -0.8 0 -0.990291 -0.137907 114 114 255
64.1963 61.0252 -36.7293 -0.235513 0 -0.8 0 -0.550378 -0.147527 128 128 255
66.5208 58.5105 2.6145 1.24126 0 -3.5 0 0.406466 -0.750447 17 17 255
60.118 51.6927 -27.2397 -0.369047 0 -0.8 0 -0.650067 -0.717464 255 218 218
53.19 75.6921 -5.88975 0.247374 0 -1.6 0 -0.596481 0.787043 144 144 255
57.4188 49.7817 -19.7323 0.510667 0 -3.64623 0 0.227764 0.703709 255 217 217
68.8539 73.2203 -12.5819 1.15566 0 -4.5 0 0.607488 0.791426 95 95 255
80.4435 78.4283 -41.6418 -0.573908 0 -3.5 0 0.258406 -0.826681 102 102 255
57.1217 52.378 4.234 -0.0814121 0 -4.5 0 0.364161 -0.392621 167 167 255
73.8503 72.9485 -5.76025 -0.242261 0 -0.7 0 0.906749 -0.41725 215 215 255
60.6815 44.1895 -7.431 -0.032621 0 4.2 0 0.709738 -0.538171 233 233 255
75.4516 52.7706 -19.3188 -0.692506 0 -0.8 0 0.900534 -0.158962 9 9 255
69.5355 53.9021 -7.97575 -0.714786 0 -3.5 0 0.596558 0.687893 53 53 255
72.4068 72.4908 -50.8942 0.302046 0 -1.6 0 -0.504939 0.85877 10 10 255
67.6365 50.5365 -28.1677 -1.27208 0 4.5 0 0.430286 -0.623367 46 46 255
60.113 81.915 -6.383 1.62566 0.182323 -3.9 0 0.851898 0.47345 3 3 255
61.6911 47.3715 -5.97213 0.877515 0.798598 -0.8 0 0.635644 -0.771942 34 34 255
63.7494 50.5184 -3.6635 -0.295353 -0.337864 -0.8 0 0.923698 -0.250874 70 70 255
78.746 76.0902 -31.35 0.18428 0 -3.9 0 0.674958 0.714337 18 18 255
52.7441 54.2892 -0.020875 -0.243419 -0.430604 -0.913081 0 0.0474044 -0.88568 255 154 154
65.7972 76.0875 2.949 0.0795404 0 3.8 0 -0.428704 0.719279 4 4 255
58.4546 45.5925 -2.7995 -0.175903 0 -3.5 0 0.867855 -0.0919755 34 34 255
54.3886 42.881 -11.545 0.175479 0 4.2 1 -0.0335349 -0.984863 255 28 28
63.8279 68.7335 7.02825 0.479645 0 -3.9 0 0.17655 -0.932569 2 2 255
78.8688 55.0677 -39.1227 -0.454891 0 3.8 0 -0.608933 -0.16128 154 154 255
63.6895 49.9765 -2.66625 0.0532749 -0.264467 -0.8 0 0.968566 0.151605 44 44 255
48.3565 64.5275 -3.168 2.1287 0 -3.9 0 -0.644499 0.448264 255 179 179
60.7586 45.5154 -12.5229 -0.216472 0 -0.9 1 0.665323 -0.589899 255 52 52
70.3321 56.989 -4.00462 -0.965842 -0.342571 -0.7 0 0.788619 0.600861 17 17 255
61.4098 67.275 -33.0713 2.29304 0 -3.9 0 0.278796 0.95109 102 102 255
52.5708 50.8102 -14.8883 -1.04575 -0.0563865 -0.7 0 -0.50784 0.857122 113 113 255
75.6475 83.378 -34.7607 -0.1288 0 3.8 0 -0.576442 0.591887 8 8 255
53.949 48.811 -23.674 1.84653 0 -3.9 0 -0.847127 0.430044 255 213 213
70.2523 47.4814 -26.1326 -1.01636 0 -0.7 0 0.198789 -0.11958 1 1 255
51.2919 46.0616 -13.9325 1.45682 0.623524 1.19625 1 -0.769009 -0.637159 255 217 217
68.9078 49.3353 -8.56525 -1.58863 0 -3.5 0 -0.409878 -0.912001 184 184 255
79.8863 68.5052 -37.4557 -0.870768 -0.125323 -3.5 0 0.737417 0.388604 91 91 255
74.8839 56.3519 -19.2609 -1.08895 0 -3.5 0 0.954259 0.144594 3 3 255
55.2492 53.5536 -0.67825 -0.046368 -0.383159 -0.7 0 -0.667965 -0.732053 253 253 255
48.7151 43.7627 -9.41037 0.216987 0 -0.4 0 -0.596504 0.100957 255 27 27
73.2599 57.2915 -43.226 -0.81126 0 -3.5 0 -0.707492 -0.0694756 196 196 255
69.6084 58.7826 -15.058 -0.845871 0 -2.3528 0 0.641526 0.363174 45 45 255
42.9193 50.696 -8.554 -0.0489174 0.171028 -3.2 0 -0.397224 -0.773466 255 158 158
62.3802 64.5598 3.706 -0.197793 -0.288859 -3.5 0 -0.191275 0.284245 6 6 255
63.867 81.473 -2.218 -2.04357 -0.690301 -3.5 0 0.526944 0.733588 2 2 255
73.2489 71.989 -6.09325 -0.386125 0 2.03034 0 0.89639 -0.300055 202 202 255
69.747 57.9215 -13.974 -0.371846 0 -2.2661 0 0.544051 0.624468 33 33 255
72.7203 54.996 -16.3681 -0.753806 0 -3.5 0 0.562227 -0.623255 11 11 255
63.5735 61.5455 -32.916 -0.274873 0 -2.34927 0 -0.97211 -0.2344 112 112 255
57.6084 44.8283 -17.3967 -0.0260246 0 -3.49651 0 -0.526307 -0.839659 255 216 216
68.7966 66.9796 1.61575 -0.136411 0 -0.8 0 0.774134 -0.10319 17 17 255
61.5314 55.463 -28.8101 -0.624005 0 2.8 0 -0.620826 0.509114 43 43 255
52.619 63.173 0.67575 0.446143 0 -3.9 0 -0.126906 0.463185 170 170 255
65.5065 70.213 -31.9376 -0.141162 0 -2.3788 0 -0.947089 -0.179865 255 220 220
66.5695 79.7268 -9.83825 -0.0561786 0 -3.9 0 -0.181903 -0.106093 9 9 255
50.655 50.8237 -0.893125 0.135595 0 -3.9 0 0.41895 -0.361121 255 101 101
72.5271 52.9641 -38.423 0.143491 0 -0.8 0 -0.197653 -0.644427 137 137 255
72.4555 53.5127 -13.6154 -0.3308 0 -3.2 0 0.976774 -0.212709 26 26 255
54.8781 43.8734 -13.3929 0.467828 0 -0.765945 0 -0.344574 -0.87264 255 30 30
69.9232 81.6405 -5.87012 -0.528105 0 -0.4 0 -0.0736651 0.995193 32 32 255
62.5196 73.6336 -12.8524 0.219944 0 -1.6 0 0.218704 0.132107 94 94 255
58.0285 56.958 5.98725 0.458792 0.574691 -3.5 0 -0.00562802 -0.134737 98 98 255
75.6265 74.5963 -40.6345 -1.60205 0 -1.6 0 -0.675406 0.643126 64 64 255
61.9025 57.536 -28.5016 -0.16505 -0.280526 0.0706208 0 -0.89269 -0.183606 33 33 255
53.3708 52.463 -16.2948 0.247127 0 -3.5 0 -0.333717 0.290193 87 87 255
75.6393 74.2615 -30.2366 0.191656 0 -3.9 0 -0.898064 0.0741138 23 23 255
53.8268 44.2588 -1.8975 0.077002 0 -3.5 0 -0.510843 -0.354661 103 103 255
73.8911 79.0809 -1.52525 -0.082532 0 -3.5 0 0.985108 0.0968071 249 249 255
52.109 63.853 -8.7915 -1.15577 -0.0328433 -3.5 0 -0.674748 0.691721 255 254 254
59.7671 43.9132 -6.63938 -0.113611 0 4.2 0 0.564743 -0.769539 255 230 230
54.2887 48.4518 -3.2205 -0.852 0 -0.4 0 0.122863 0.40548 42 42 255
75.903 58.7216 -38.9987 -1.08874 0 -3.5 0 0.628179 -0.77608 146 146 255
50.3156 48.7546 -8.89213 0.439487 -0.238201 3.8 0 -0.826677 -0.408517 255 141 141
63.8895 65.6787 -18.3048 -0.0885465 0 -2.81243 0 0.651089 0.598948 67 67 254
64.4116 46.0698 -22.7574 0.420096 0 -3.9 0 0.719938 -0.686172 81 81 255
46.1646 48.8647 -0.080625 1.40611 0 -3.9 1 -0.404388 -0.149135 255 56 56
76.6923 53.8185 -31.5009 -0.455901 0 4.5 0 -0.180177 -0.801546 63 63 254
71.1458 64.643 -6.8925 -1.34876 -0.0699395 -3.5 0 0.881856 0.0538618 17 17 255
66.1795 49.3715 -31.036 -1.80548 -0.497463 -3.5 0 0.913433 0.0806427 133 133 255
75.1256 58.985 -41.9141 -0.706199 0 -3.05868 0 0.914825 0.201859 161 161 255
69.914 71.208 -28.64 -0.28701 0 4.2 0 0.131525 0.377343 69 69 255
80.2284 77.6604 -37.8955 0.113888 0 -2.00163 0 0.901993 -0.37115 67 67 255
68.9358 68.8884 -43.2809 -0.156257 0 -1.3 0 -0.942765 0.326143 44 44 255
80.3585 71.1115 -32.2919 1.08104 0 -0.7 0 0.54569 0.158995 7 7 255
52.616 72.5078 -6.10012 0.442443 0 -1.6 0 -0.887526 -0.444368 255 222 222
58.64 51.4338 1.83775 0.528504 0 -4.5 0 0.756963 -0.293043 86 86 254
70.6503 74.0549 1.24487 -0.2197 0 3.8 0 0.833782 -0.393494 74 74 255
53.388 64.405 -0.151 0.404709 0 -3.9 0 0.0568402 0.880096 131 131 255
67.7246 72.2711 -27.9433 -0.273482 0 2.8 0 0.630056 0.670613 105 105 255
54.527 57.21 1.999 -0.0393202 0 -3.5 1 -0.755398 0.116725 210 210 255
69.1087 77.5944 3.18313 -0.285796 0 3.8 0 0.14377 0.707844 20 20 255
66.9216 53.2456 -3.36875 -0.0853577 0 -0.7 0 -0.169343 -0.857736 76 76 255
71.2195 72.1685 -1.567 -1.37409 0 4.5 0 0.821684 -0.456726 206 206 255
52.7487 44.3851 -2.70813 -0.287468 0 3.8 0 -0.451321 -0.33035 168 168 255
60.149 51.4543 -25.9276 -0.624416 0 -0.8 0 -0.792164 -0.608666 255 251 251
75.7343 53.5962 -28.4368 -1.04442 0 -3.2 0 -0.461552 -0.490102 10 10 255
79.396 75.5744 -39.7924 -0.096872 0 -1.6 0 0.877164 -0.279239 58 58 255
69.1 64 -15.463 -0.568062 0 -1.3 0 0.621999 0.773201 91 91 255
54.12 51.757 -11.887 0.185529 0 3.8 0 -0.237214 0.730605 146 146 255
82.9514 66.536 -30.2869 -0.17142 0 3.8 0 0.92392 -0.0421803 21 21 255
63.3165 52.1385 0.32125 -0.0141199 0 2.8 0 0.453871 -0.751463 64 64 255
60.2835 62.4748 -28.6268 -0.331517 0 -3.5 0 -0.62686 -0.466258 244 244 255
81.5265 60.4754 -36.3867 -0.260432 0 2.8 0 0.708807 -0.183136 35 35 255
82.0748 71.2562 -34.5197 0.0534324 0 -0.7 0 0.84626 -0.419561 5 5 255
81.7789 64.5608 -31.1546 -0.0374553 0 3.8 0 0.762772 -0.582871 31 31 255
70.0304 67.1354 -1.29575 -0.856869 -0.686146 1.59949 0 0.766925 -0.543751 28 28 255
75.138 50.507 -18.289 -0.523739 0 4.2 0 0.994828 0.0980249 5 5 255
53.9285 54.083 0.96125 0.779975 0.253122 -0.7 0 -0.488565 -0.79931 255 206 206
68.9101 54.2405 -36.1255 0.257249 -0.468728 -0.8 0 -0.943807 -0.100041 57 57 255
73.5628 51.5732 -26.3232 -1.01228 0 -3.5 0 0.419074 -0.443096 1 1 255
71.5489 45.8563 -15.986 -0.450083 0 4.5 0 0.927497 -0.0401009 71 71 255
77.372 57.7718 -21.2057 -0.538599 0 -0.4 0 0.570896 0.277429 4 4 255
74.3449 82.1762 -34.7769 -0.155303 0 3.8 0 -0.663492 0.466438 7 7 255
46.7655 46.1865 -2.025 2.88408 0.1536 -3.9 0 -0.00797938 -0.997302 255 115 115
43.7821 53.821 -4.35825 0.476819 0 -3.2 1 -0.819692 -0.572791 255 57 57
50.629 43.8835 -4.004 -0.250697 -0.0510258 3.38974 0 -0.650536 -0.0099887 255 148 148
63.4258 66.1954 -33.772 0.636091 0 -3.9 0 0.331997 0.914414 210 210 255
72.2859 75.5768 -1.90725 0.0504881 0 -0.7 0 0.75282 -0.408618 255 240 240
75.3197 51.1675 -25.5551 -1.02413 0 -3.34533 0 0.399701 -0.534486 2 2 255
53.4885 67.996 -5.712 -0.248911 -0.0642385 -3.2 0 -0.96502 0.011822 241 241 255
42.789 54.3005 -0.9105 0.0324439 0 -3.2 1 -0.944678 -0.327879 255 32 32
74.8286 73.3781 -47.2551 -0.279997 0 3.8 0 0.0525853 0.465352 119 119 255
69.869 66.2042 -1.8825 -1.52107 0 4.5 0 0.683004 -0.404691 38 38 255
68.8543 80.936 -0.694812 -2.54831 -0.124768 -3.5 0 0.21433 0.86289 26 26 255
75.8777 64.1158 -18.8538 -0.0528853 0 -3.5 0 -0.257224 0.59157 40 40 255
74.0908 68.2197 -3.80125 -0.182931 0 -0.7 0 0.830112 0.303277 122 122 255
61.4813 79.633 -1.41175 -1.54518 0 -3.5 0 -0.352472 -0.245317 2 2 255
63.547 49.3895 -4.25325 -0.671398 -0.778028 -0.8 0 0.966152 -0.231008 84 84 254
67.588 79.9505 -9.95475 -0.0807803 0 -3.9 0 0.135517 -0.0485498 10 10 255
76.2266 79.0517 -38.152 -0.522877 0 3.8 0 -0.68713 0.241857 82 82 255
68.8315 43.824 -16.9345 -0.494925 -0.0409281 3.99424 0 -0.146135 -0.891533 159 159 255
74.5295 68.229 -24.765 -1.27025 -0.0288883 -1.6 0 -0.406364 0.89059 73 73 254
53.037 51.1705 -12.3451 0.177702 0 3.8 0 0.00993673 0.824382 109 109 255
64.3711 49.8484 -6.90312 -0.67355 -0.885633 -0.8 0 0.796455 -0.47102 155 155 255
81.1385 56.4776 -39.2909 -0.313416 0 3.8 0 0.362532 -0.0878047 184 184 255
61.3515 48.5807 -29.8461 -0.149655 0 -3.5 0 -0.876721 -0.468174 255 237 237
68.581 65.5498 -13.984 -0.615411 -0.212607 -1.6 0 0.94972 -0.0928293 131 131 255
78.6045 75.7067 -32.3296 0.078662 0 -3.9 0 0.781019 0.615712 16 16 255
76.0655 48.5817 -24.5185 -0.115874 0 -3.5 0 0.852451 0.191213 0 0 255
57.418 43.1553 -2.941 0.36446 0.0620503 -3.5 0 0.682469 -0.656932 198 198 255
61.8112 62.7518 7.579 0.405548 0 -3.9 0 0.403359 0.797372 14 14 255
58.8717 56.364 5.50425 0.463053 0.619996 -3.5 0 0.137161 -0.533011 94 94 254
69.9049 63.8269 -13.6296 0.395339 0 -1.10799 0 0.597732 0.637209 154 154 255
77.8811 56.5411 -37.4463 -0.986377 -0.0136872 4.5 0 -0.387529 0.33615 192 192 255
65.284 53.9039 -2.02875 -0.567722 0 2.8 0 0.458544 -0.729887 38 38 255
71.6247 65.1653 -22.8363 -0.286379 0 4.2 0 -0.44834 0.372734 184 184 255
64.172 67.557 -27.421 -0.426454 0 2.8 0 -0.664345 0.559324 207 207 255
60.076 65.7475 -34.9135 2.53293 0.0448176 -3.9 0 -0.512006 0.115546 67 67 255
72.5038 76.1977 -0.7885 -0.0591877 0 -3.5 0 0.399856 -0.906807 178 178 255
69.8885 72.9033 -40.9533 -0.0400735 0 1.8 0 -0.796695 0.593987 12 12 255
68.2037 52.9202 -3.5015 0.222588 0.189928 -0.7 0 0.29182 -0.908232 94 94 255
69.8065 73.4351 1.63625 -0.239266 0 3.8 0 0.646595 -0.631035 37 37 255
57.5812 72.3295 -2.92613 -0.0128757 0 4.5 0 -0.408386 0.334484 62 62 255
70.8866 43.8074 -15.1314 -0.26818 0 4.5 0 0.509604 -0.832296 138 138 255
68.4695 60.7173 -11.0676 -0.704481 0 -0.9 0 0.631199 -0.770748 75 75 255
79.5167 69.3213 -37.9137 -1.8412 -0.746766 -0.8 0 0.909171 -0.0836431 27 27 255
82.0744 73.2641 -33.9566 -0.0287378 0 -0.7 0 0.758376 0.647195 11 11 255
80.2598 73.7858 -32.5457 0.158616 0 -0.7 0 0.458688 0.604677 10 10 255
73.9088 45.6496 -21.1496 -1.65249 0 -3.5 0 0.438092 -0.635728 2 2 255
64.4384 79.1819 -7.01487 -1.20616 -0.027319 -3.70202 0 -0.491666 0.814966 1 1 255
78.5009 71.6606 -39.7617 -0.853858 0 1.26865 0 0.934471 0.301553 35 35 255
84.048 56.3665 -29.0695 -0.353082 0 -0.8 0 0.65974 -0.52215 68 68 255
73.6435 58.82 -44.4147 -0.109632 -0.576921 -0.8 0 -0.505998 -0.594771 131 131 255
58.1942 75.1751 -12.152 0.0145291 0 -1.6 0 -0.59478 0.757101 104 104 255
65.7292 60.621 -37.852 0.985147 0.326848 -0.8 0 -0.909849 -0.272847 198 198 255
66.0055 62.8305 5.5335 0.490979 0 -3.5 0 -0.0697548 0.353254 3 3 255
65.3098 70.3909 5.80937 0.0534833 -0.207572 -3.9 0 0.809197 -0.442136 2 2 255
61.0757 66.7767 -27.9498 -0.77719 0 -3.5 0 -0.305753 0.923079 158 158 255
72.4072 67.0553 -47.3856 -0.128669 0 -1.41692 0 -0.743553 0.215235 69 69 255
81.6492 55.372 -27.9303 -0.770769 -0.185464 -3.2 0 0.45453 -0.848732 57 57 255
70.0267 53.101 -32.7777 -0.652004 0 -1.3 0 -0.00932341 -0.879217 72 72 254
81.6665 61.5939 -30.7195 -0.278925 0 2.8 0 0.89461 0.426938 20 20 255
69.5918 63.5764 -41.6138 -0.279731 0 -1.3 0 -0.326455 -0.924352 255 222 222
69.9456 73.2185 -32.0791 -0.131155 0.253772 -0.536534 0 0.200129 0.87444 20 20 255
76.4921 71.2831 -47.4377 -0.510985 0 -0.8 0 0.884351 0.106199 102 102 254
64.6495 78.3444 -9.69188 -0.995776 -0.216103 -3.74119 0 -0.166184 0.833119 4 4 255
79.427 81.8982 -34.817 -0.0857565 0 3.8 0 0.865899 0.158993 29 29 255
77.8201 62.7976 -42.0149 -0.402064 0.523775 -3.5 0 0.0521512 -0.499272 34 34 255
77.4455 81.653 -38.445 0.0829082 0 3.8 0 -0.459305 0.637513 68 68 255
71.3457 72.1635 -3.4115 -0.128901 0 4.5 0 0.816107 -0.192407 242 242 255
60.4048 80.6011 -3.37112 -0.68499 -0.19897 -3.52802 0 -0.801816 0.459985 5 5 255
54.987 59.9953 2.1045 0.105342 0 -4.5 1 -0.7877 -0.560308 255 254 254
56.6113 63.7489 -16.5386 -0.305948 0 -1.99778 0 -0.705689 0.0655415 143 143 255
64.5421 79.1527 -8.132 -0.63822 0 -3.64516 0 -0.628392 0.707111 1 1 255
58.4785 81.7655 -8.188 1.45459 0.00542645 -3.9 0 0.0524391 0.432549 3 3 255
48.0624 56.3721 -10.5747 -0.553995 -0.879425 -3.5 0 -0.595063 -0.052596 28 28 255
58.747 73.1953 0.425375 -0.00911487 0 -0.7 0 -0.870847 -0.474484 47 47 255
71.557 45.4212 -24.6747 -0.320394 0 -3.21664 0 -0.378495 -0.752471 3 3 255
71.4573 73.0189 -29.0076 -0.258626 0 4.2 0 0.061421 0.597612 26 26 255
76.7981 71.7405 -46.4022 -0.788608 -0.11712 -0.8 0 0.766675 0.0835708 104 104 255
71.6908 62.6328 -15.7793 -0.419248 0 -1.3 0 0.831797 0.530599 114 114 255
70.5674 62.8115 -41.468 -0.464016 0.0755776 -0.828154 0 -0.733918 -0.610006 255 246 246
65.9193 58.6925 -37.4297 0.0479474 -0.0910694 1.51272 0 -0.908557 -0.276292 109 109 255
78.0505 80.5605 -42.8585 -1.67731 -0.731681 -3.5 0 -0.855013 0.0799639 142 142 255
83.436 82.334 -39.956 2.35102 0 -3.5 0 0.887766 0.44588 22 22 255
68.4303 60.3343 3.2695 -0.0711928 0 -3.5 0 0.965536 -0.175563 18 18 255
69.5885 73.3725 -9.77437 -1.91738 -0.176477 4.2 0 0.429205 0.852821 225 225 255
50.084 65.4765 -2.0575 2.72523 0.113676 -3.9 0 0.140618 0.985784 255 194 194
72.6346 80.3375 -0.132875 -0.294372 0 -3.5 0 0.458795 0.886411 214 214 255
81.062 70.2674 -32.4099 0.461023 0 0.808533 0 0.725672 0.368545 9 9 255
74.7815 73.7631 -36.1647 0.853419 0 -3.9 0 -0.914805 0.161942 50 50 255
59.0414 73.4206 -13.6742 0.0823153 0 -1.6 0 -0.399981 -0.0966575 129 129 255
69.4382 70.7615 -41.424 -0.110027 -0.19313 -0.856259 0 -0.92546 0.260011 4 4 255
68.425 68.9512 -26.7455 -0.971623 -0.335327 4.2 0 0.228792 0.453536 140 140 255
46.2926 45.0479 -5.73612 0.541253 0 -3.2 0 -0.381152 -0.701368 255 77 77
54.203 50.1678 -20.2838 0.0170521 0 -3.5 0 -0.712246 -0.0748865 182 182 255
76.482 78.0228 -38.9793 -0.217322 0 1.04758 0 -0.775486 0.517265 112 112 255
48.5 61.6468 -0.4015 0.500992 0 -3.9 0 -0.81407 -0.356712 255 106 106
70.645 63.0915 -13.563 -0.140569 -0.0159357 -1.3 0 0.852526 0.352651 187 187 255
58.9421 46.5874 -3.126 -0.36722 0 1.98407 0 0.634953 -0.1922 16 16 255
63.1418 74.047 5.8815 0.120131 0 -3.9 0 -0.0959753 0.916535 14 14 255
55.692 52.6198 -1.15025 0.228545 0 -4.5 0 -0.673795 -0.478741 218 218 255
61.7528 47.4108 -24.1672 0.301612 -0.160521 -2.27844 0 -0.492668 -0.0552204 147 147 255
69.153 72.8095 -35.2472 -0.01698 0 -3.5 0 0.602762 0.685262 20 20 255
58.958 81.0565 -4.7545 1.95497 0 -3.9 0 -0.0814376 0.275003 6 6 255
83.2846 54.6856 -29.487 -0.423622 0 -0.8 0 0.336578 -0.747153 110 110 255
79.1395 71.8566 -30.4979 0.0625649 0 -1.8651 0 0.955586 -0.201301 13 13 255
64.1273 59.4979 -36.3765 -0.0832083 0 -0.8 0 -0.659608 -0.505354 104 104 255
67.931 69.618 -37.104 0.282809 0 -0.4 0 -0.811261 -0.0104066 14 14 255
81.4922 59.0445 -38.732 -0.358117 0 3.8 0 0.577122 0.646054 89 89 255
67.3994 55.7656 -34.7347 0.26064 0.402651 2.8 0 -0.0737244 -0.466302 187 187 255
61.141 60.5625 11.6365 1.853 0.00614119 -3.9 0 0.246768 -0.581904 15 15 255
81.9665 62.2125 -31.5597 -0.428025 0 2.8 0 0.825221 0.0563972 24 24 255
54.662 53.7663 0.17625 0.64459 -0.558022 -0.7 0 -0.422269 -0.905122 255 230 230
69.6712 67.4491 0.895875 -0.687478 -0.693104 -0.8 0 0.68679 -0.414158 13 13 255
74.6125 64.2484 -54.0086 -0.356985 0 -3.5 0 -0.6783 -0.06928 23 23 255
52.4371 63.462 -10.3529 -0.0532355 0 -3.5 0 -0.822287 0.568704 255 254 254
68.1923 62.9652 -45.0978 0.316864 0.0943024 -3.5 0 -0.723936 -0.375126 255 247 247
79.4433 54.7075 -26.9979 -0.532309 0 -3.2 0 0.368932 -0.925085 32 32 255
59.5778 57.2161 -17.847 -0.55961 0.322423 -3.5 0 0.0656294 -0.133422 111 111 255
72.5834 63.3447 -49.1304 -0.894934 -0.442148 -3.5 0 -0.585414 -0.419575 35 35 255
79.2538 53.835 -37.3327 -0.249593 0 3.8 0 0.0381496 -0.972069 199 199 255
78.8271 57.4691 -39.4744 -0.545941 0 3.8 0 -0.634303 -0.196372 216 216 255
74.2093 73.167 -31.0801 -1.15524 0 -1.0647 0 -0.320381 0.536332 21 21 255
50.4141 53.2174 0.405 0.11293 0 -1.3 0 0.440388 -0.57713 255 63 63
81.8545 83.0005 -40.233 2.55042 0 -3.5 0 -0.0104801 0.784052 27 27 255
65.2955 49.6975 -32.179 -2.00006 -0.277254 -3.5 0 0.752668 -0.0832406 163 163 255
68.792 73.6805 -34.294 0.157658 0.289686 -3.5 0 0.699743 0.612298 15 15 255
56.0397 49.1941 1.67963 0.40075 0 -4.5 0 -0.233246 -0.922483 113 113 255
70.6616 57.0226 -13.3474 -0.78867 0 -3.2 0 0.279376 0.749191 33 33 255
55.1145 52.28 2.0245 0.0268726 0 -4.5 0 -0.994337 0.106071 235 235 255
55.3924 52.1981 1.05425 0.107802 0 -4.5 0 -0.923988 -0.00474994 218 218 255
69.276 57.3172 -12.9955 -0.260231 0.0818752 -1.28834 0 0.318941 0.559981 35 35 255
76.2272 51.8305 -22.9807 -1.77737 -0.0449845 -3.5 0 0.940861 -0.105523 4 4 255
69.7818 69.875 1.49025 -0.0764004 0 -0.8 0 0.650253 0.491516 18 18 255
68.727 60.9076 2.24012 -0.0279111 -0.121611 -1.78896 0 0.918573 -0.234876 15 15 254
68.1326 53.44 -11.8611 -0.517906 0 -0.500231 0 0.608134 0.0986441 69 69 255
74.134 69.1555 -29.224 -0.256283 0 -2.22517 0 -0.401739 0.433486 43 43 255
65.287 64.0188 -22.2747 -0.522599 -0.00357947 -3.30372 0 0.581177 0.81355 172 172 255
78.8785 77.7917 -41.1107 -1.30121 0 -2.41706 0 0.396389 -0.648095 130 130 255
82.0946 54.9082 -36.7098 -0.236173 0 3.8 0 0.739207 -0.671688 223 223 255
67.2595 56.9338 -1.158 -0.0370292 0 -0.703559 0 0.000265992 0.0526405 12 12 255
75.5 57.4319 -20.4875 -0.573986 0 -0.4 0 0.501882 0.335328 4 4 255
65.0865 73.9035 -13.3857 -0.210767 0 -4.5 0 -0.188951 0.792241 57 57 255
63.3326 56.6744 -22.1637 -1.13707 0 4.2 0 -0.86032 -0.406836 22 22 255
69.3272 45.6323 -21.8721 -0.611932 0 -0.7 0 -0.228223 -0.973421 36 36 255
74.1062 68.9584 -9.17375 -0.14335 0 4.2 0 0.872365 -0.471275 255 120 120
63.3162 73.1423 8.25625 0.278809 0 -3.9 0 -0.0804959 0.911652 7 7 255
64.4386 49.0547 -10.7238 0.10684 0 -0.4 0 0.345764 0.328878 130 130 255
48.5638 52.1828 -9.562 -0.691824 0 3.8 0 -0.569719 -0.329998 105 105 254
65.4116 69.5824 -15.509 0.632095 0 -2.23495 0 -0.18184 0.698641 67 67 255
65.0071 61.3654 -37.2402 -0.180486 0 -0.8 0 -0.713028 -0.212727 177 177 255
64.1664 64.0547 -35.4374 -0.0361744 -0.154446 -2.4183 0 0.223642 0.516635 165 165 255
59.537 75.9705 -0.8435 -0.242547 0 -0.7 0 -0.626667 0.770961 3 3 255
61.8785 55.1335 -33.4465 -0.452505 0 2.8 0 -0.528843 0.0665042 77 77 255
69.0029 64.3765 -24.3589 -0.404838 0 3.8 0 -0.127707 0.817311 255 213 213
71.1691 66.671 -8.04288 0.184689 0.53677 -0.747249 0 0.892068 -0.425152 94 94 254
69.8415 81.3272 -4.23387 -1.54018 -0.264659 -3.5 0 -0.483811 0.870265 53 53 255
56.7967 41.2175 -11.0278 0.26422 0 -0.9 1 -0.897564 -0.435683 255 54 54
50.11 58.5488 1.6715 0.197579 0 -1.3 1 -0.461586 0.39657 255 105 105
48.4137 58.1242 1.039 0.0914489 0 -1.3 1 -0.386403 0.474616 255 120 120
73.0133 79.036 -3.1905 0.0943332 0 -3.5 0 0.838661 0.0263716 194 194 255
74.6324 54.3211 -28.3376 -1.11771 -0.159901 -1.3 0 -0.021991 -0.492786 9 9 255
73.3307 73.9625 -43.9529 -0.305673 0 2.20637 0 -0.698251 0.695951 47 47 255
82.7106 82.2641 -40.7436 2.46874 0 -3.5 0 0.371687 0.532171 23 23 255
49.073 60.1292 -3.2215 -0.254597 -0.517765 -1.3 0 -0.897688 0.43785 255 207 207
59.9128 64.1373 -21.446 0.477226 0 -3.5 0 -0.957309 -0.288865 25 25 255
76.251 63.7931 -46.3379 -0.753196 0 -3.5 0 0.573113 -0.780728 6 6 255
77.6269 70.524 -24.4611 -0.439055 0 -3.5 0 0.245839 0.30107 9 9 255
53.892 47.8177 -22.5695 2.186 0.0662139 -3.9 0 -0.96888 -0.201796 252 252 255
72.766 51.6862 -27.121 -1.86108 -0.434131 -3.5 0 0.68306 -0.33904 1 1 255
68.0401 74.3505 -32.3481 0.192371 0 -3.5 0 0.457804 0.755388 21 21 255
48.5148 56.813 1.36188 -0.278167 0 -1.3 1 -0.350158 0.0790018 255 117 117
69.0519 53.199 -35.1997 0.460068 0.156866 -0.8 0 -0.754887 -0.652241 68 68 255
80.9105 66.8015 -24.2873 -0.247966 0 -1.6 0 0.619718 0.469987 3 3 255
68.4974 65.1841 -44.8326 -0.0536699 0 -2.26261 0 -0.978581 0.148864 255 185 185
66.0263 53.8957 -33.7798 -0.133029 0 2.8 0 0.217241 -0.591645 193 193 255
55.1019 58.0844 1.88863 -0.0106692 0 -3.5 1 -0.839896 0.399584 197 197 255
65.2529 61.8232 -38.3569 0.0798463 0 -0.8 0 -0.931124 -0.246093 214 214 255
73.0312 46.2373 -18.9083 -0.323405 0 4.2 0 0.438413 -0.897708 6 6 255
66.6355 50.5986 -29.0371 -0.551083 0 1.68579 0 0.64662 -0.587719 107 107 255
54.9355 64.1365 0.057 0.44177 0 -1.63538 0 -0.551211 0.748683 51 51 255
44.049 53.7427 1.081 0.382151 0 -3.2 1 -0.224065 -0.465546 255 20 20
49.269 40.455 -6.969 0.802895 0 -0.8 0 -0.824373 -0.413932 255 48 48
72.5694 79.8288 -6.35138 -1.55107 -0.40102 -0.4 0 0.881199 0.379337 117 117 255
47.6157 59.3727 -6.04038 0.309129 0 2.8 0 -0.999603 -0.0188928 48 48 255
57.7945 75.585 -3.44425 -0.534917 -0.575954 -3.9 0 -0.580007 0.313801 12 12 255
57.7595 64.9461 -17.864 -0.756607 -0.672002 -3.26285 0 -0.893588 0.143249 67 67 255
71.0051 74.9508 0.437875 -0.287208 0 3.8 0 0.911066 -0.2702 84 84 255
69.7822 80.804 -7.9025 -1.25109 0 -0.4 0 0.288442 0.792315 21 21 255
56.94 54.7025 -19.3045 -0.941 0.159134 -3.33106 0 0.118369 0.347573 102 102 255
83.3045 61.1603 -34.903 -0.295026 0 2.8 0 0.964702 -0.22121 107 107 255
62.4391 56.033 -19.4835 -1.35371 -0.0724739 0.555668 0 -0.734969 0.410838 80 80 255
66.1866 51.7593 -32.1753 -1.01399 -0.257692 2.8 0 0.417678 -0.718227 207 207 255
71.0807 57.8355 -41.631 -0.056876 0 -3.5 0 -0.606157 -0.19209 146 146 255
74.8305 70.733 -26.0825 -0.441195 0 -3.5 0 -0.947062 0.26735 33 33 255
59.0918 57.606 6.40725 0.290517 0.256601 -3.67282 0 -0.333263 -0.436795 65 65 255
67.4236 60.0035 -11.5826 -0.273225 0 -0.9 0 0.47914 -0.877506 39 39 255
70.8418 59.8615 -3.94712 -0.234898 0 -3.5 0 0.336781 -0.94157 10 10 255
64.5745 68.7575 -28.1105 -0.634472 0 2.8 0 -0.911372 0.349445 209 209 255
79.7745 53.857 -32.5187 -0.899652 0 4.48094 0 0.190995 -0.905491 100 100 255
57.7801 43.2356 -14.7751 0.233018 0 -0.9 0 -0.371509 -0.665881 255 45 45
59.849 70.765 -12.8175 -1.14044 -0.584298 -1.6 0 0.0352613 -0.167563 162 162 255
60.2518 55.7467 -29.5655 -0.149542 0 2.8 0 -0.657951 0.41738 104 104 255
68.8796 52.9706 -32.4626 -0.350848 0 -1.3 0 -0.0292249 -0.923367 113 113 255
66.2682 59.5723 -11.297 -0.916085 -0.130402 1.50405 0 0.755187 -0.653246 27 27 255
45.4614 47.7416 -8.65588 -0.327775 0.0641903 -3.2 0 -0.489346 -0.000581327 255 101 101
51.016 62.4403 -9.265 -0.481961 0 -0.8 0 -0.532991 0.76389 127 127 255
55.4282 70.6076 -3.29688 0.127067 0 4.5 0 -0.671609 0.214291 91 91 255
64.8997 55.911 -34.6645 0.072309 0 2.8 0 -0.0583309 -0.123995 250 250 255
65.3727 63.6367 -35.5151 -1.00745 -0.872419 -0.8 0 -0.18342 0.835666 182 182 255
75.8583 77.7312 -34.664 -1.06657 -0.376757 -0.759241 0 -0.705688 0.366564 44 44 255
64.1045 67.3455 3.24412 -0.0237653 0 -3.5 0 -0.0637216 -0.145992 2 2 255
72.7485 48.4136 -25.1945 -0.330759 0 -3.5 0 -0.0784848 -0.096434 1 1 255
75.5905 78.022 -38.0485 -0.465478 0 2.27823 0 -0.69222 0.359003 67 67 255
70.527 52.0905 -6.894 -1.10451 0 -3.5 0 0.522274 0.0625167 101 101 255
47.099 57.1283 -7.21775 -0.569164 -0.769062 -3.2 0 -0.675309 0.735602 43 43 255
63.4525 55.521 -22.4085 -1.13078 0 4.2 0 -0.974972 0.205759 68 68 255
61.6476 66.3767 -22.4245 -0.0372542 0 -3.5 0 -0.101985 0.658324 77 77 255
70.3815 45.8165 -13.921 -0.290921 0 4.5 0 0.661067 -0.10757 83 83 254
58.3816 59.0578 -20.3921 -0.152372 0.410375 -4.5 0 -0.291675 -0.522098 140 140 255
79.9177 58.5925 -39.75 -0.421798 0 3.8 0 0.103075 0.116003 164 164 255
74.2337 74.3154 -41.8354 -0.225278 0 2.79667 0 0.0404999 0.994568 46 46 255
72.1995 67.7345 -24.8384 -0.433356 0 4.2 0 -0.0658592 0.989443 229 229 255
81.3479 63.2741 -28.8732 0.234517 0 -4.5 0 0.86264 -0.0414225 18 18 255
74.1671 74.5184 -6.18412 -0.200205 0 -0.7 0 0.936923 0.26698 255 193 193
45.2491 45.8591 -6.60913 0.376573 0 -3.2 1 -0.898347 -0.414016 255 57 57
55.783 44.7962 -20.4676 0.237345 0 -3.9 0 -0.687478 -0.719816 255 215 215
73.6789 62.9724 -4.60763 0.276364 0.0298907 -3.5 0 0.692038 0.702389 15 15 255
60.4733 54.9432 -28.9153 -0.273025 -0.364352 1.22594 0 -0.460348 0.776858 148 148 255
67.0474 56.3831 -37.9714 -0.0219359 0 1.8 0 -0.538456 -0.825936 54 54 255
58.5975 70.9495 -12.3693 -0.396679 -0.0104332 -1.6 0 -0.204456 -0.232594 202 202 255
63.7985 47.7043 -10.2171 0.9027 0.0430929 -0.9 0 0.538314 0.100516 171 171 255
69.2126 55.1789 -36.5788 -0.233983 -0.408427 -0.8 0 -0.979545 -0.127041 60 60 255
61.7728 67.91 -13.1145 0.728125 0 -1.6 0 -0.299435 0.900334 83 83 255
67.904 47.2711 -25.5111 -1.35259 0 -0.522925 0 0.0400807 -0.764886 10 10 255
75.904 62.4238 -43.0105 -0.722899 0 -0.8 0 0.921388 -0.364212 49 49 255
71.4881 60.0006 -4.85025 -0.0699446 0 -3.5 0 0.354632 -0.908867 12 12 255
64.8575 65.831 -34.3942 -0.0375698 0 -3.9 0 0.178208 0.793562 246 246 255
64.3158 52.6657 -0.712875 -0.392778 0 2.8 0 0.832011 -0.526616 51 51 255
74.89 66.5605 -52.873 -0.164561 0 -3.5 0 -0.0101224 0.577633 21 21 255
75.0291 50.0949 -17.2804 -0.452154 0 4.2 0 0.919035 -0.00251694 5 5 255
71.033 61.15 -6.815 0.313467 0.988751 -3.5 0 0.73278 -0.0628417 45 45 255
72.626 71.1875 -29.2717 -0.301545 0 4.2 0 0.581683 0.0328959 29 29 255
71.1154 70.2742 -2.97688 0.387719 0 2.03736 0 0.647792 0.262246 163 163 255
77.2272 80.8148 -33.9173 -0.17951 0 3.8 0 0.0773728 -0.262883 41 41 255
65.45 46.084 -14.872 0.30403 0.0817076 -0.4 1 -0.724637 -0.604098 246 246 255
75.6595 69.8329 -48.5158 -0.0493889 0 -0.8 0 0.929699 0.083442 42 42 255
80.0179 63.5095 -19.4914 -0.402294 0 -3.5 0 0.972887 -0.08838 0 0 255
68.7555 63.4225 -43.7905 -0.568798 -0.00849024 -1.45955 0 -0.74611 -0.59829 255 203 203
46.9626 50.8021 -4.07338 1.22733 0.401544 -3.9 1 -0.754963 0.327132 255 74 74
63.3843 51.587 -0.8045 0.103206 0 2.8 0 0.665086 -0.681765 39 39 255
63.733 52.3925 -33.2935 -0.244813 0 2.8 0 -0.0623848 -0.48685 133 133 255
71.6196 71.1702 -3.41013 -0.140884 0 1.96264 0 0.672444 0.226963 196 196 255
61.8419 60.442 -29.1746 -1.26837 -0.777837 -0.7 0 -0.787657 0.406686 212 212 255
56.4895 75.0865 -8.6045 0.111719 -0.00591517 -1.6 0 -0.285345 0.575359 68 68 255
72.8815 72.0424 -4.79287 -0.31053 0 -0.7 0 0.878506 -0.290005 171 171 255
65.751 56.4739 4.266 0.0387565 -0.0252456 -1.51237 0 0.647334 -0.749007 23 23 255
55.739 71.171 -9.931 0.0980396 0 -3.2 0 -0.384426 0.898032 237 237 255
75.7435 77.023 -39.079 0.217243 0 -1.6 0 -0.786868 0.460656 93 93 255
73.7077 66.6919 -5.12313 -0.151976 0 -0.7 0 0.660295 -0.577293 79 79 255
72.6361 69.1526 -11.0976 0.0411756 0 4.2 0 0.300909 -0.0171611 255 195 195
61.45 62.4152 -29.1844 -0.574086 0 -3.5 0 -0.433019 -0.444106 255 254 254
70.0155 69.996 -12.9535 0.188038 0 -4.5 0 0.925163 0.10656 192 192 255
68.5823 73.4023 -11.616 0.88595 0.0543476 -4.5 0 0.605226 0.786101 113 113 255
69.4595 61.732 -10.541 -1.00597 0 -0.9 0 0.798087 -0.57387 171 171 255
72.3479 70.2365 -3.3685 -0.159571 0 -0.7 0 0.551174 0.385939 188 188 255
68.8695 68.8715 -39.8455 -0.226292 -0.175203 -0.749541 0 -0.998517 0.0337399 9 9 255
68.106 52.4193 -30.753 -0.75816 0 1.6 0 0.408057 -0.849005 156 156 255
79.6569 58.0166 -22.5735 -2.2248 -0.0740621 -3.5 0 0.339329 0.400409 5 5 255
55.0804 52.0641 -12.0234 -0.00635273 0 -0.8 0 -0.525545 0.688913 188 188 255
56.97 82.6735 -5.602 2.85222 0.0276975 -3.9 0 -0.659655 0.655424 3 3 255
59.8465 65.0794 -28.9529 -1.30993 -0.363889 -3.5 0 -0.997795 0.0611003 173 173 255
72.1256 46.1048 -19.8829 -0.306533 0 4.2 0 0.170517 -0.980599 6 6 255
65.419 69.8475 10.098 2.76149 0.0508748 -3.9 0 0.809909 -0.357364 6 6 255
64.5687 68.9952 9.9545 2.71358 0.0671802 -3.9 0 0.325994 -0.857138 8 8 255
64.4208 45.714 -21.7846 0.202472 0 -3.69959 0 0.726494 -0.663873 95 95 255
74.349 75.6355 -43.907 -0.22815 0 3.8 0 -0.412699 0.804549 50 50 255
64.417 63.1208 -36.3652 -0.429935 -0.814183 -0.8 0 -0.310404 0.700812 171 171 255
76.4581 53.7464 -42.0351 0.0847229 0 -3.5 0 0.437751 -0.885524 157 157 255
67.8575 59.1024 -12.9323 -0.380453 0.474183 -0.837913 0 0.51264 -0.212297 37 37 255
68.5368 60.5615 -9.80138 -0.758642 0 1.84835 0 0.654906 -0.646995 92 92 255
66.9164 72.9786 -15.2586 0.21482 0 -4.5 0 -0.198287 0.708251 87 87 255
69.5785 80.3278 -8.84 -1.4192 -0.0242407 -1.24285 0 0.315444 0.637798 18 18 255
59.245 52.3369 -27.2609 0.685276 0.357372 -0.8 0 -0.674988 -0.699261 255 183 183
60.8058 49.3177 -24.6175 -1.03637 0 -3.9 0 -0.521879 -0.223384 234 234 255
62.4227 61.956 -29.567 -0.556929 0 -2.86241 0 -0.752355 -0.0171796 238 238 255
72.508 49.5796 -25.6266 -0.850521 0 -3.5 0 0.320364 -0.511438 1 1 255
58.3498 43.225 -17.3598 0.46067 0.00576429 -0.9 0 -0.792754 -0.422647 255 156 156
59.685 65.778 -30.202 -1.37045 -0.183375 -3.5 0 -0.953167 0.298737 105 105 255
56.7225 44.123 -20.9958 0.295732 0 -3.9 0 -0.23837 -0.967525 255 235 235
79.3745 54.004 -28.735 -0.283099 0 -3.2 0 0.429333 -0.903044 38 38 255
73.4755 62.906 -3.61625 0.155194 0 -3.5 0 0.775749 0.483478 13 13 255
65.3421 45.8112 -13.6499 0.308376 0 3.69827 1 -0.658 -0.741133 245 245 255
55.7853 43.9806 -0.216625 0.718901 0.418211 -3.5 0 -0.106671 -0.873464 37 37 255
59.6506 76.6003 -3.1885 -0.546203 0 -3.9 0 -0.584319 0.358663 8 8 255
60.0283 63.4596 -25.6236 0.0349404 0 -1.88999 0 -0.920067 0.37317 225 225 255
68.086 61.8797 -47.5685 -0.253267 0 -3.5 0 -0.613111 -0.278472 157 157 255
48.6813 62.9126 -6.03088 0.22066 0 2.8 0 -0.758407 0.641993 137 137 255
70.3965 64.366 -22.8065 -0.405993 0 4.2 0 -0.520548 0.542847 228 228 255
59.7584 69.2893 -12.6707 -0.28678 -0.289973 -2.22791 0 0.244489 0.354251 201 201 255
79.4808 77.155 -40.0175 0.0608706 0 -2.24618 0 0.755187 -0.351587 108 108 254
56.4543 54.6623 -14.5825 0.469472 0.0514221 -2.48079 0 -0.97623 0.188647 19 19 255
70.8075 71.817 -45.3145 -1.38885 -0.0579786 -1.3 0 -0.823578 0.544068 37 37 255
56.4874 49.2342 -3.28238 0.228046 0 -1.0755 0 -0.488271 0.0796363 29 29 255
75.303 59.8414 -18.6396 -0.934212 0 -3.5 0 0.58114 -0.642457 7 7 255
79.327 68.27 -43.994 -0.392832 0 -3.5 0 0.893204 -0.235124 69 69 255
53.898 70.037 -9.9875 0.0385027 0 -3.2 0 -0.705977 0.698736 234 234 255
59.8633 48.1128 -23.8596 -0.657034 -0.882389 -3.9 0 -0.195779 -0.134919 255 245 245
70.426 62.4248 -48.7318 -0.947451 0 -3.5 0 -0.297495 -0.19518 99 99 255
52.9436 65.6742 -10.367 0.308664 0.936332 -3.2 0 -0.967029 -0.162775 255 208 208
55.3423 58.7368 4.8165 -0.578986 -0.78672 -3.5 0 -0.842187 0.165708 172 172 255
72.691 71.1145 -53.0098 0.0112292 0 -1.6 0 -0.418698 0.109503 10 10 254
69.6585 71.1162 -0.26575 0.0875234 0 -0.8 0 0.772794 0.28169 35 35 255
41.726 52.655 -8.983 -0.372957 0 -3.2 0 -0.736498 -0.223575 171 171 255
64.6526 68.2645 3.90725 -0.647966 -0.586612 -3.9 0 -0.0853966 -0.760395 2 2 255
64.167 67.6321 -17.6751 0.0540366 0 -1.6 0 0.160906 0.375596 74 74 255
81.4176 64.5909 -29.4495 0.389762 0 1.64871 0 0.916406 -0.391186 24 24 255
82.4474 57.6094 -37.8628 -0.27323 0 3.8 0 0.967835 0.125639 88 88 255
67.6722 53.3581 -10.1925 -0.4666 0 -3.5 0 0.95592 0.263938 81 81 255
75.2598 69.4101 -53.0378 -0.0534234 0 -1.6 0 0.617598 -0.116275 11 11 255
60.3139 43.4431 -8.0165 -0.140243 0 1.08582 0 0.475155 -0.568374 255 215 215
76.6683 47.1766 -24.3685 -0.266849 0 -3.5 0 0.955251 -0.120215 0 0 255
65.8774 46.3051 -25.2321 -0.233131 0 1.8 0 0.637837 -0.737871 23 23 255
82.3341 66.9949 -29.3149 0.00108098 0 3.8 0 0.9566 0.0952367 15 15 255
71.16 63.1475 -10.698 -0.522063 0 -0.9 0 0.836645 -0.464258 197 197 255
68.017 72.816 -35.8685 0.164642 0 -3.5 0 0.0749154 0.743668 24 24 255
61.5326 44.6177 -25.524 0.644193 0 -3.9 0 0.0225747 0.140875 90 90 255
69.5752 66.8379 -0.1385 -0.788372 -0.605367 -0.643467 0 0.773795 -0.616579 17 17 255
68.7315 56.9518 -0.952 -0.0425888 0 -0.718301 0 0.22173 -0.0380266 15 15 255
77.7321 76.4754 -30.9044 0.281965 0 -3.9 0 0.0943353 0.995535 27 27 255
53.9022 59.017 -11.8955 -0.443937 -0.21058 -3.5 0 -0.257971 -0.54752 16 16 255
52.3074 50.4642 -16.2044 -0.864137 0 -3.10203 0 -0.887461 0.438786 127 127 255
58.4379 79.0329 -8.14188 0.812959 0 -3.9 0 -0.128839 -0.133269 19 19 255
56.0472 56.9265 -13.301 -0.0113702 -0.0297115 2.5 0 -0.960593 0.0149878 20 20 255
69.7525 58.7475 -41.189 -0.511533 -0.123014 -3.38136 0 -0.287665 -0.0899844 175 175 255
68.439 49.2316 -26.9056 -2.02803 -0.617702 -0.972546 0 0.305099 -0.495635 8 8 254
63.5165 74.162 -12.1982 0.0437739 0.470601 -3.5044 0 0.271616 0.551738 54 54 255
67.0727 45.0802 -16.924 -0.800016 -0.240112 0.570899 0 -0.706689 -0.684088 211 211 255
72.8011 66.5869 -52.1754 0.353712 0.0149687 -3.5 0 -0.551768 -0.0707651 50 50 255
59.7645 58.353 7.5465 0.196449 0 -3.9 0 -0.542725 -0.633232 49 49 255
59.5481 45.0176 -3.9425 -0.935391 -0.3856 -3.5 0 0.790309 -0.272835 59 59 255
75.5766 55.318 -30.1653 -0.717731 0 4.5 0 -0.447508 -0.891113 22 22 255
81.429 83.2546 -38.5868 1.47446 0 -3.5 0 -0.155207 0.888922 26 26 255
65.243 81.1171 -5.2885 -0.532241 0 -3.59293 0 -0.464042 0.854893 2 2 255
68.759 74.5124 -8.392 0.152861 0 -3.9 0 0.690108 0.258206 134 134 255
78.4202 66.3611 -43.4986 -0.958733 -0.117945 -3.5 0 0.964866 -0.13324 7 7 255
71.7035 72.9538 -2.48425 -0.874521 -0.0435928 3.37497 0 0.874285 -0.427393 255 219 219
60.7265 69.5425 -12.1425 -0.590769 -0.617077 -1.6 0 0.196975 -0.0471657 174 174 255
74.9335 78.047 1.40437 0.137351 0 -3.5 0 0.991676 0.0755 255 202 202
71.9056 67.1265 -9.05475 0.19634 0 2.86026 0 0.716353 -0.694976 183 183 255
75.4453 76.0872 -32.6688 -0.264536 0 -3.9 0 -0.435628 0.796498 31 31 255
77.674 76.24 -32.3408 -0.0512935 0 -3.9 0 0.273061 0.960719 25 25 255
82.1947 66.9646 -35.022 -1.12159 -0.178467 -1.83607 0 0.993236 0.0517738 195 195 255
57.1589 58.228 5.82837 0.149452 0 -3.5 0 -0.0425438 0.288108 104 104 255
79.436 61.4906 -22.307 -1.00787 0 -3.5 0 0.7907 -0.159759 2 2 255
85.3275 58.5055 -28.519 -0.702822 -0.620003 -3.5 0 0.794971 -0.516551 39 39 255
58.7012 61.582 -21.9163 0.197774 0 -1.6 0 -0.799876 0.571399 61 61 255
53.578 51.0536 -13.2921 -0.196266 -0.446829 -0.7 0 -0.365314 0.929235 141 141 255
54.509 43.2316 -2.35087 0.074931 0 -3.5 0 -0.188315 -0.69272 167 167 255
65.1719 56.2506 0.12925 -0.0297863 0 2.8 0 0.896496 0.0875952 7 7 255
63.1035 49.1143 -7.67225 -0.944462 -0.100839 -0.8 0 0.701083 -0.617869 144 144 255
73.8303 72.7883 -49.2425 0.222134 0 -1.6 0 0.113641 0.993509 104 104 255
81.249 78.742 -37.4725 -1.68263 -0.0121752 -3.5 0 0.664009 -0.725105 75 75 255
63.2556 68.6914 3.26712 -0.059696 0 -3.5 0 -0.601598 -0.408855 4 4 255
55.9979 46.4874 1.053 0.473798 0 -3.5 0 -0.54752 0.270175 49 49 255
75.2333 70.6444 -28.6408 0.258198 0.847309 -3.5 0 -0.772322 0.592741 25 25 255
78.4595 81.246 -40.2115 -0.0956042 0 -3.5 0 -0.648987 0.721788 142 142 255
71.9232 69.5794 -49.9446 -0.45426 0 -1.6 0 -0.991777 -0.0969052 51 51 255
78.17 52.6917 -35.5798 0.355473 0 -0.764936 0 0.632484 -0.730513 130 130 255
82.2551 59.7306 -25.3179 -0.491875 0 -3.5 0 0.355712 0.165973 26 26 255
79.715 63.298 -21.8638 -1.5841 -0.234716 -3.5 0 0.637102 -0.108578 4 4 255
80.192 56.7529 -39.6247 -0.386536 0 3.8 0 -0.0135001 -0.10081 211 211 255
72.3913 44.388 -24.8865 0.0821344 0.011424 -3.5 0 -0.632069 -0.636796 1 1 254
81.8285 71.1195 -33.2145 0.432994 0 -0.7 0 0.873648 -0.21928 6 6 255
72.894 65.181 -21.8345 0.0467561 0 4.2 0 -0.381802 0.548774 137 137 255
72.46 73.5331 -30.5374 -0.456012 0 4.2 0 0.389197 0.886893 15 15 255
72.6931 78.3006 -6.39125 -1.4025 -0.964133 -0.4 0 0.967429 -0.0543166 193 193 255
46.3618 49.7205 -6.07025 0.66575 0 -3.2 1 -0.673027 0.541771 255 90 90
74.4983 77.0845 -37.689 0.0432457 0 -1.6 0 -0.963563 0.247308 62 62 255
72.817 72.2859 -47.0493 -0.398377 0 -0.8 0 -0.478428 0.803068 105 105 255
59.3285 53.4743 -19.8285 -1.09886 -0.0948572 -3.33521 0 -0.578334 0.113399 166 166 255
50.5993 47.8677 -15.1285 0.439919 0 1.8 0 -0.388134 -0.158703 102 102 254
78.8979 68.7991 -39.1686 -1.7856 -0.182164 -0.758835 0 0.957083 -0.0154734 23 23 255
57.2363 65.7396 -16.9592 -0.170675 0 -3.2 0 -0.539626 0.207043 90 90 255
82.5751 65.5605 -36.581 -0.234267 0.167781 -3.5 0 0.989613 0.140096 78 78 255
67.0615 54.9548 -9.08975 -0.61652 0 -0.984778 0 0.938331 0.316889 38 38 255
49.87 42.8475 -4.1965 -0.0479801 0 -0.8 0 -0.69114 0.334723 255 113 113
64.8024 55.4518 4.90413 0.108753 0 -0.4 0 0.416192 -0.895971 45 45 255
83.0225 56.8423 -26.2318 0.306858 0 -3.5 0 0.776153 -0.614551 82 82 255
72.24 73.0045 -44.5552 -1.20197 -0.0539141 -1.3 0 -0.589567 0.80531 45 45 255
57.0173 48.4976 -1.00275 0.0234511 -0.362067 -3.97071 0 -0.908415 0.391201 31 31 255
62.5462 73.9489 4.76038 0.231775 0 -3.9 0 -0.590554 0.797933 13 13 255
48.9935 42.0455 -9.35812 0.274106 0 -0.4 0 -0.562685 -0.417465 255 11 11
79.8692 77.977 -40.4347 -0.648842 0 -3.5 0 0.440273 -0.840711 147 147 255
70.9881 73.9051 -30.075 -0.212879 0 4.2 0 -0.0722206 0.958876 16 16 255
81.2915 54.2668 -32.0954 -1.10914 -0.159692 1.76071 0 0.228363 -0.947158 93 93 254
59.4125 62.6195 9.236 1.32689 0.0570821 -3.9 0 -0.751664 0.569783 17 17 255
54.8708 39.7427 -7.7655 0.463985 0 -3.9 0 -0.61748 -0.661544 255 36 36
49.3776 48.9769 -8.41925 0.271341 0 -0.0581952 0 -0.253793 -0.402825 255 152 152
59.0122 70.8633 -1.12487 -1.04152 -0.178664 1.32358 0 -0.784943 0.376164 63 63 255
69.4719 73.3986 -30.8216 -0.126504 0 4.2 0 -0.143352 0.975211 25 25 255
49.8884 52.9595 -10.6094 0.181184 0.829494 -3.5 0 -0.567167 -0.0774101 49 49 255
78.219 58.633 -39.366 -0.607214 0 1.95902 0 -0.405665 -0.607977 176 176 255
79.7247 67.3845 -45.8395 -0.487615 0 -3.5 0 0.924991 -0.376071 7 7 255
65.0114 62.6355 -37.5192 -0.132998 0 -0.8 0 -0.860362 0.247896 192 192 255
69.0955 62.6237 3.53825 -1.23831 -0.0469768 -3.5 0 0.959745 0.0876475 20 20 255
67.8785 67.1107 -36.6611 -1.57587 -0.197612 2.5 0 -0.942133 0.0811777 41 41 255
67.5135 80.705 -0.02775 -1.63112 -0.121974 -3.5 0 -0.33088 0.773254 15 15 255
58.763 54.2869 -26.8665 0.194794 -0.0267261 -0.8 0 -0.819637 0.572193 255 210 210
74.5536 53.9351 -34.7002 -0.364853 0 1.73318 0 -0.393817 -0.882389 62 62 255
76.468 59.5125 -17.7 -0.879493 0 -3.5 0 0.926616 -0.14111 6 6 255
74.8021 53.474 -27.7428 -1.2205 0 -2.13824 0 -0.125319 -0.602102 6 6 255
75.3518 51.8153 -21.1957 -1.55505 -0.445431 2.76089 0 0.974512 -0.123678 7 7 255
70.2514 60.6948 -14.2084 -1.30598 -0.255284 -1.3 0 0.476648 -0.711561 94 94 255
55.1582 46.4277 -24.225 1.40396 0 -3.9 0 -0.572984 -0.472289 255 210 210
56.3115 55.9849 -14.8904 0.342225 0.116359 -3.88172 0 -0.952315 -0.293465 24 24 255
70.8043 65.6762 -11.8308 -0.0542971 0 -0.9 0 0.707292 0.449546 185 185 255
74.1694 67.0964 -4.13438 -0.171754 0 -0.7 0 0.889794 -0.384685 92 92 254
48.3044 62.9366 -0.5815 1.34587 0 -3.9 1 -0.922287 0.012351 255 134 134
48.0504 59.1834 -0.416125 0.0880708 0 -1.3 0 -0.714134 0.61465 255 130 130
49.8446 38.758 -3.69825 0.0933333 0 -0.8 0 -0.526197 -0.523498 255 167 167
67.2115 58.1128 -12.9073 -0.263666 0.396399 -0.8 0 0.375111 0.120331 17 17 255
66.6845 64.1895 -17.4032 -0.0404532 0 -1.43732 0 0.0701553 0.803073 65 65 255
60.259 76.4745 -10.2925 -0.0937395 0 -1.6 0 -0.517421 0.855676 50 50 255
80.8118 60.6585 -24.5021 -1.55413 0 -3.5 0 0.67432 -0.0939696 11 11 255
72.4922 76.643 1.8315 -0.214057 0 -3.5 0 0.115701 -0.830399 94 94 254
72.4745 74.1243 -2.49625 -0.239077 0 -0.7 0 0.768402 -0.380554 255 199 199
59.6405 67.7917 -18.6497 -0.0991958 0 -3.5 0 -0.473501 0.761228 59 59 255
72.0592 64.298 -22.149 -0.179846 0 0.350226 0 -0.493601 0.594606 170 170 255
55.8925 71.733 -9.099 0.0702851 0 -2.4647 0 -0.521325 0.466229 255 210 210
60.9404 50.5928 -25.8091 -0.745639 0 -1.18 0 -0.745441 -0.652551 241 241 255
70.8268 67.3995 -11.1038 0.773643 0.370337 -0.453416 0 0.667077 -0.255242 182 182 255
55.6484 61.2766 -15.3033 -0.74421 -0.651009 -3.79032 0 -0.723978 -0.0529656 149 149 255
55.3348 46.5335 -17.9304 -0.544659 -0.199192 -3.22167 0 -0.568347 -0.749141 255 182 182
67.3315 53.5289 -1.81212 -0.129576 0 -0.7 0 -0.38008 -0.78429 33 33 255
70.8075 70.0863 -28.476 -0.149809 0 4.2 0 0.319124 0.394014 111 111 255
54.7642 64.268 -15.0616 -1.07571 0 -3.28524 0 -0.731725 -0.0698932 206 206 255
50.0694 53.9246 -11.1152 0.508659 0 -3.5 0 -0.568456 -0.2698 61 61 255
70.2481 48.7542 -15.292 -0.182539 0 0.618133 0 0.922958 0.00851619 32 32 255
56.3775 57.1548 6.14325 -0.0586252 0 -3.5 0 -0.2494 -0.0415711 161 161 255
74.5235 83.0904 -35.6068 -0.130761 0 3.8 0 -0.760742 0.636475 7 7 255
59.8451 63.251 4.138 0.828196 0 -4.5 0 0.235972 0.385394 18 18 255
71.837 80.1755 2.624 -1.29866 -0.88961 -3.5 0 -0.000436702 0.65447 126 126 255
78.9624 68.9062 -23.7418 -0.142775 0 -1.6 0 0.401559 0.641373 5 5 255
57.6765 43.8175 -23.9452 3.46385 0.0488033 -3.9 0 -0.906194 -0.334832 179 179 255
74.8765 53.9772 -42.9425 -0.191421 0 -3.5 0 -0.592542 -0.735693 133 133 255
82.4425 60.0895 -35.5375 -0.190578 0 2.8 0 0.872539 -0.0654099 88 88 254
65.6465 52.842 -12.491 -0.130066 0 3.8 0 0.254685 -0.834825 43 43 255
80.617 81.663 -37.137 0.543361 0 -3.5 0 0.395803 0.739427 46 46 255
75.4606 70.1896 -49.9126 -0.255017 0 -1.6 0 0.967211 0.253623 32 32 255
49.2622 44.685 -9.30775 0.584474 0.0419673 -0.4 0 -0.504325 0.345101 255 52 52
47.5185 53.3274 -9.7585 0.499073 0 -2.8258 0 0.0118809 -0.522815 49 49 255
75.5768 70.9938 -48.9449 -0.134401 0 -0.838397 0 0.9459 0.113617 59 59 255
55.2277 53.7593 2.739 -0.417444 0 -4.5 0 -0.975601 -0.0220776 216 216 255
69.5524 72.4768 -11.3894 -0.084052 0.968058 -4.5 0 0.725235 0.601698 196 196 255
71.6123 67.2121 -10.1961 0.179341 0 2.01745 0 0.765577 -0.467986 219 219 255
61.7825 46.0008 -14.5279 -0.387829 -0.00148814 -0.631582 1 0.465455 -0.834958 255 80 80
58.815 49.2118 -20.7905 -0.24519 0 -3.9 0 -0.549277 0.770362 255 184 184
60.0685 60.846 -26.6915 -0.279536 0 -3.5 0 -0.858917 -0.156418 192 192 255
76.6501 64.3681 -49.4285 -0.309061 0 -3.5 0 0.882105 -0.182743 10 10 255
58.5643 65.6385 -19.9275 -0.901829 -0.00652328 -3.5 0 -0.703807 0.302738 35 35 255
48.8415 53.1253 -10.0942 0.593544 0.182853 0.253972 0 -0.45986 -0.263737 31 31 255
61.857 70.6612 2.19788 0.0872872 0 -3.70251 0 -0.728144 -0.136831 13 13 255
68.5605 66.7452 -44.8535 0.000188751 0 -1.3 0 -0.87374 0.199058 255 245 245
68.0545 68.3037 -36.9845 -0.0549232 -0.186368 -1.55895 0 -0.850998 -0.125017 19 19 254
68.2184 72.9717 -15.154 0.734064 0 -4.5 0 0.283233 0.795716 64 64 255
78.4122 76.3281 -29.6269 1.54484 0 -3.9 0 0.130101 0.986938 30 30 255
54.6331 49.4275 -21.1881 0.6676 0.248756 -3.76469 0 -0.885492 0.423552 223 223 255
72.8432 45.0101 -25.6485 0.0965954 0 -3.5 0 -0.415062 -0.299781 1 1 255
65.3098 73.1273 -34.665 -0.339468 0 -3.5 0 -0.666953 0.436168 47 47 255
85.3278 62.0967 -24.1248 -1.87659 -0.569312 -3.5 0 0.575015 -0.0231298 16 16 255
44.8532 56.178 -9.588 0.286029 0 -3.2 0 -0.402065 0.79207 18 18 255
62.7018 58.2829 -20.7013 -1.23292 0 0.533298 0 -0.759544 -0.637762 67 67 254
65.4662 56.7082 -35.0238 -0.327256 0 1.42018 0 -0.439155 -0.475748 214 214 255
48.0757 59.824 -10.2192 0.216904 -0.141391 -0.8 0 -0.612166 0.457442 35 35 255
49.2721 59.522 -10.8765 0.316385 0.0904656 -0.8 0 -0.443215 0.255979 31 31 255
74.2105 47.0923 -20.446 -0.275586 -0.347929 0.421495 0 0.760968 -0.549623 2 2 255
72.7801 71.863 -35.9618 0.0707181 0 -2.3446 0 -0.084577 0.992176 35 35 255
61.5741 71.5583 4.17837 0.20107 0 -3.9 0 -0.919814 -0.282124 9 9 254
64.5041 46.9967 -15.2887 0.0736042 0.930884 -0.4 1 -0.17241 -0.910637 255 200 200
67.0307 76.032 3.53975 -0.0532904 0 3.8 0 -0.371352 0.434088 6 6 255
79.5496 65.0271 -41.2411 -0.15216 0.384946 -3.5 0 0.7426 0.535475 13 13 255
59.5754 64.677 -34.3358 1.46734 0.833184 -3.9 0 -0.77337 -0.535861 59 59 255
67.0611 81.2878 -1.42156 -2.33534 -0.0259509 -3.5 0 -0.568383 0.784594 18 18 255
55.2966 59.0204 2.80538 0.0247891 0 -3.928 1 -0.997713 0.0310873 208 208 255
59.8143 50.2397 -1.33875 0.324045 0 -1.87666 0 0.196756 -0.83186 19 19 255
44.0876 54.993 1.03675 0.253027 0 -3.2 1 -0.316648 0.0836247 255 24 24
57.92 43.196 -23.0993 2.88889 0.272951 -3.9 0 -0.763837 -0.581773 202 202 255
68.795 60.1782 -40.6105 0.125985 0 1.8 0 -0.184689 0.253268 251 251 255
62.235 64.2148 -35.2624 0.489098 0 -3.9 0 -0.475523 0.063791 121 121 255
59.5144 62.6427 -27.3779 -0.179713 0 -3.5 0 -0.966783 -0.222196 229 229 255
72.1965 59.039 -15.1331 -1.55537 -0.0187358 -3.5 0 -0.136702 0.37452 44 44 255
57.359 47.74 0.40625 0.396224 0.754793 -3.5 0 0.816764 0.215561 27 27 255
66.1472 61.3688 6.3795 0.288226 0 -3.5 0 -0.12162 0.21548 3 3 254
79.3375 80.341 -34.7352 -0.132505 0 3.8 0 0.65908 -0.153005 41 41 255
69.9674 67.2686 -45.7146 0.151047 0 -1.3 0 -0.619818 0.17689 195 195 255
68.6266 76.2549 -8.81363 -0.229588 0 -3.9 0 0.538354 -0.164268 72 72 255
77.4163 55.759 -21.2125 -0.706236 0 -0.4 0 0.567821 -0.355712 9 9 255
75.5667 70.5752 -52.4615 -0.082109 0 -1.6 0 0.763574 0.382274 9 9 255
74.4845 74.038 -32.0905 -1.22242 -0.0606413 -3.9 0 -0.57602 0.648863 35 35 255
58.2765 74.932 -10.0457 -0.520209 0 -1.6 0 -0.567201 0.818067 77 77 255
71.0905 44.4834 -14.308 -0.25702 0 4.5 0 0.729386 -0.245368 116 116 255
83.6675 58.7228 -31.592 -0.325075 0 -0.8 0 0.507524 0.583668 95 95 255
70.2375 73.2435 -29.6214 -0.195281 0 4.2 0 -0.366375 0.732359 24 24 255
61.8199 74.6556 2.44412 -0.166711 0 -0.7 0 -0.273598 0.452387 7 7 255
61.2759 65.3081 3.15762 0.0839608 0.104329 -4.00241 0 -0.183253 0.461367 14 14 255
68.8495 67.0669 -38.1985 -0.324954 -0.271646 0.829651 0 -0.9258 0.310272 23 23 255
74.7636 46.153 -25.6671 0.0543885 0.313667 -3.5 0 0.541441 -0.190816 0 0 255
73.3445 51.6307 -17.0455 -0.692859 -0.022287 4.2 0 0.498346 0.407084 8 8 255
81.5035 58.2816 -39.4836 -0.348809 0 3.8 0 0.485053 0.338117 119 119 255
78.8574 65.4555 -22.59 -0.745895 0 -1.6 0 0.429109 0.53633 6 6 255
45.5105 46.5715 -2.74925 2.77409 0.331984 -3.9 0 -0.563755 -0.771349 255 109 109
71.9756 53.8489 -16.5408 -0.817237 0 -1.6934 0 0.856866 -0.219097 12 12 255
76.2383 57.8675 -41.544 -0.406975 0 -3.5 0 0.87019 0.468958 158 158 255
71.9155 67.3641 -7.44325 0.489429 0.84611 -0.7 0 0.642324 -0.758516 139 139 255
56.9601 73.149 -9.19662 -0.416291 0 -1.6 0 -0.565676 -0.0707487 217 217 255
47.175 58.279 -3.8455 0.819125 0.0913794 -2.21253 0 -0.632412 0.774479 146 146 255
55.4217 62.6145 3.477 -0.314701 -0.413589 -4.5 0 -0.260793 0.47982 36 36 255
70.5745 67.3763 -25.1864 -0.462109 0 4.2 0 -0.551892 0.825155 247 247 255
78.407 74.8733 -42.6198 -0.472556 0 3.8 0 0.896435 0.373178 78 78 255
72.0537 72.5918 -9.29025 -0.148537 0 4.2 0 0.215863 0.776381 255 196 196
49.076 46.0029 -4.60988 0.668213 0.579897 -3.2 0 -0.466833 -0.635409 255 141 141
49.0023 59.7436 -0.254125 -0.617904 -0.60947 -1.3 0 -0.557634 0.458799 255 100 100
78.3871 60.6371 -19.9823 -1.36417 0 -3.5 0 0.504793 -0.848346 2 2 255
54.9774 55.2095 2.3265 -0.295086 0.404477 -1.97284 0 -0.906491 -0.128183 223 223 255
43.905 53.7036 -3.26925 0.202063 0 -3.2 1 -0.781011 -0.600954 255 42 42
62.4095 60.0317 10.5115 0.490459 0 -3.9 0 0.781662 -0.489387 27 27 255
65.6746 71.7239 6.94425 0.237937 0 -3.9 0 0.976907 0.0806127 2 2 255
67.457 58.2028 -0.76425 -0.0222127 0 -0.8 0 0.00227487 -0.59263 11 11 255
67.0144 48.154 -27.4696 -2.39518 -0.547481 1.8 0 0.610548 -0.472042 27 27 254
75.2025 71.465 -26.8525 -1.15903 -0.682832 -3.5 0 -0.974109 0.20641 33 33 255
63.2034 68.6562 8.59237 1.34582 0 -3.9 0 -0.145811 -0.984869 5 5 255
75.7705 54.7257 -31.1197 -0.551886 0 4.5 0 -0.19952 -0.73886 37 37 255
69.0658 65.3745 -25.9495 -0.328857 0 4.2 0 -0.301193 0.571758 255 222 222
67.881 66.2657 -39.8143 -0.236514 0.196696 -1.15488 0 -0.824083 0.546564 91 91 255
65.198 52.2355 -32.6833 -0.731038 0 2.8 0 0.228924 -0.525437 201 201 255
62.0851 58.0031 7.0085 0.121741 0 -1.2498 0 0.34204 -0.60759 52 52 255
67.5604 58.214 4.49988 -0.0330129 -0.0700394 -3.5 0 0.889176 -0.457336 19 19 255
68.7401 82.0188 -7.49563 0.912379 0 -3.9 0 0.740412 0.666999 12 12 255
64.156 73.248 6.4105 0.265243 0 -3.9 0 0.418498 0.82753 7 7 255
65.2452 72.509 6.158 0.215017 0 -3.9 0 0.677616 0.660609 4 4 255
53.1592 71.2377 -5.56725 0.328382 0 -1.6 0 -0.885672 -0.462016 188 188 255
61.9852 65.6575 -34.9707 1.55362 0 -3.9 0 -0.000794443 0.247663 99 99 255
81.5345 62.7948 -39.1027 -1.5087 -0.528638 -3.5 0 0.942357 -0.0854495 23 23 255
62.9571 67.785 -17.5596 0.173007 0.477715 -2.53555 0 0.208794 0.687827 69 69 255
73.4065 77.6635 -2.28825 0.268463 0.115923 -3.5 0 0.965995 -0.129699 244 244 255
57.6662 68.3388 -14.3232 -0.104266 0 -3.2 0 0.0723829 0.918462 255 198 198
73.1844 63.4849 -50.5423 -0.310452 0 -3.5 0 -0.68541 -0.687631 42 42 255
63.5542 62.2981 4.87913 0.172964 0.385125 -3.72023 0 -0.322547 0.517648 6 6 255
60.4584 80.3029 -2.24938 -1.33309 -0.157873 -3.5 0 -0.91643 0.170147 2 2 254
82.504 65.241 -27.527 -0.353871 0 -4.5 0 0.900127 -0.0846434 13 13 255
51.7276 52.4821 -1.1695 -0.460573 0 -3.9 0 0.578732 -0.275106 255 114 114
67.1111 52.6727 -12.287 -0.156876 0 0.486121 0 -0.524074 -0.706935 63 63 255
51.2884 65.0496 -1.81475 1.40059 0.380639 -3.9 0 0.164688 0.986089 255 221 221
58.6381 67.9762 -14.7011 0.353964 0.247911 -3.2 0 0.318039 0.869153 229 229 255
57.6577 41.9258 -4.919 0.275725 0.0804479 -3.84745 0 0.740838 -0.396361 255 136 136
77.401 72.6975 -46.1425 -0.370559 0 3.8 0 0.636946 -0.0722204 83 83 255
65.9616 64.1014 -19.4163 -0.365136 -0.526509 -3.30644 0 0.312104 0.944263 69 69 255
50.4035 46.8778 -14.464 0.983476 0.352219 1.8 0 -0.513492 -0.717722 157 157 255
57.3396 74.2439 -11.5129 0.0492541 0 -1.6 0 -0.938345 0.342898 97 97 255
49.5865 46.0933 -3.73012 0.452227 0 3.8 0 -0.627148 -0.708028 255 194 194
75.6685 71.7886 -25.7379 -1.60461 -0.316626 -3.5 0 -0.709005 0.372759 28 28 255
55.9575 69.7259 -13.614 -0.345157 0.528181 -3.2 0 0.129636 0.722646 255 152 152
73.3863 46.4367 -20.1413 -0.392931 -0.175565 -1.29472 0 0.442196 -0.838326 5 5 255
53.1621 69.0515 -7.58125 0.713345 0 -3.2 0 -0.844399 0.304208 255 219 219
70.8743 45.8745 -25.2874 -0.379649 0 -0.7 0 -0.0688397 -0.787919 2 2 255
54.8481 39.8731 -5.74475 0.299076 0 -3.9 0 -0.0429232 -0.761067 255 71 71
55.191 70.9515 -11.1555 0.154543 0 -3.2 0 -0.381585 0.895369 255 233 233
59.8415 62.264 -20.3765 0.111713 0 -1.46832 0 -0.795471 0.555799 57 57 255
59.9239 53.1989 -23.5613 0.572397 0.652184 -0.8 0 -0.958213 0.074729 255 232 232
76.348 54.2799 -39.4425 -0.48903 0.374985 -2.34777 0 0.915716 0.106356 172 172 255
59.695 66.1894 -20.6922 0.076084 0 -3.5 0 -0.708297 0.528845 35 35 255
58.3601 44.3984 -18.2505 -0.23834 0 -2.06438 0 -0.612188 -0.732324 255 216 216
48.826 63.9022 -0.23375 1.49826 0 -3.9 0 -0.653388 0.444371 255 139 139
54.6384 58.9924 1.01488 0.0419663 0 -3.96801 1 -0.566599 -0.0544447 255 221 221
64.1901 69.3439 6.15538 0.325788 0 -3.9 0 0.308199 -0.948884 1 1 255
75.2497 60.125 -20.1698 -0.693134 0 -3.5 0 0.523094 -0.814438 5 5 255
60.6501 61.4972 -27.8045 -0.386932 0 -3.5 0 -0.777169 -0.476823 236 236 255
82.93 63.5838 -33.1635 -0.0473206 0 2.8 0 0.955114 0.253563 92 92 255
71.1841 72.2347 -44.0205 -0.715658 -0.943802 -1.3 0 -0.717069 0.674444 29 29 255
81.8701 68.6834 -27.1909 0.0766954 0 -4.5 0 0.417719 0.908454 5 5 255
65.2048 68.9131 -31.3035 -0.113464 0 2.8 0 -0.801727 0.0775719 255 175 175
71.362 66.5639 -6.43463 0.0754532 0.649511 -0.7 0 0.784253 -0.479204 51 51 255
79.309 76.4016 -28.5643 1.86239 0.366973 -3.9 0 0.390599 0.907951 21 21 255
81.8916 54.1716 -37.9334 -0.26508 0 3.8 0 0.733272 -0.667872 241 241 255
59.7673 56.0457 -31.5168 -0.0382889 0 2.8 0 -0.8567 0.367203 70 70 255
82.9626 81.9876 -37.8911 2.37872 0 -3.5 0 0.638613 0.464781 46 46 255
69.3077 72.4433 -33.8825 0.0787283 0 -3.5 0 0.796199 0.587251 17 17 255
55.9372 52.19 -0.1325 0.601925 0 -4.5 0 -0.961001 -0.263 184 184 255
46.3473 46.437 -8.371 -0.20132 0 -3.2 0 -0.103582 -0.342462 255 123 123
62.0055 68.1397 -17.4921 0.540701 0.709609 -3.5 0 0.174951 0.878244 44 44 255
51.0896 41.9709 -3.21487 -0.648517 -0.170637 -0.8 0 -0.298378 0.125235 255 139 139
43.428 53.452 -1.271 0.206468 0 -3.2 1 -0.699144 -0.708026 255 33 33
51.6534 38.3759 -6.85675 -0.00110598 -0.907189 -0.8 0 0.0595529 -0.481255 255 70 70
53.9637 68.8385 -13.3265 -0.706768 0 -3.2 0 -0.625894 0.511772 255 165 165
52.5941 54.2689 -17.4845 0.590808 0.00748582 -3.5 0 -0.821439 0.52958 26 26 255
70.786 68.6065 -27.6362 -0.527466 0.271508 4.2 0 0.35687 0.660532 190 190 255
62.2229 47.8196 -30.3625 -0.279897 0 -3.5 0 -0.548334 -0.814407 228 228 255
65.0789 52.7765 -11.1112 -0.275195 -0.222787 3.8 0 0.646265 -0.762954 56 56 255
59.1346 62.0871 8.12475 0.421773 0 -3.9 0 -0.865157 0.445839 17 17 255
75.9884 49.2043 -36.572 0.349556 0 -0.8 0 0.404442 -0.898754 194 194 255
56.1144 74.0625 -4.16262 0.398642 0.311131 -2.64478 0 0.0169709 0.318849 80 80 254
69.82 45.234 -19.765 -2.30539 -0.678463 -3.5 0 0.364146 -0.894871 40 40 255
53.6414 64.2883 -13.159 -0.785418 0.447561 -3.31786 0 -0.824916 0.338974 237 237 255
49.051 39.991 -5.96938 0.206968 0 -0.8 0 -0.943665 -0.211741 255 65 65
49.3036 50.275 -11.6337 0.310504 0 1.8 0 -0.867737 0.484976 161 161 255
68.516 80.4875 -9.4495 -0.165151 0 -3.9 0 0.573544 0.261181 10 10 255
60.9632 42.2477 -8.55713 0.775472 0.438441 -0.9 0 0.545426 -0.310895 255 143 143
51.1214 51.9362 -12.1439 1.07766 0.384264 3.8 0 -0.100502 0.711626 93 93 255
70.577 65.6357 -23.33 -0.334426 0 4.2 0 -0.644055 0.299167 213 213 255
66.1625 72.9415 -31.0149 -0.117887 0 -0.621098 0 -0.624178 0.508556 95 95 255
72.133 74.834 -7.546 0.0528929 0.207815 -0.7 0 0.315846 0.241498 255 171 171
43.7761 56.3541 -4.00025 0.492851 0 -3.2 0 -0.816488 0.348263 255 213 213
69.0494 72.1579 0.695125 -0.394135 0 3.8 0 0.740348 -0.325168 37 37 255
85.5834 59.226 -29.6222 -1.06387 -0.776988 -3.5 0 0.890944 0.162271 44 44 255
64.1212 81.7035 -3.5875 -1.92056 -0.518377 -3.5 0 0.35414 0.898026 1 1 255
57.604 44.1181 -22.1271 0.733728 0.293802 -3.9 0 -0.444432 -0.884639 246 246 255
72.7805 78.2738 -3.79725 0.338222 0.137195 -3.5 0 0.918902 0.14133 186 186 255
69.2405 72.0587 -15.29 0.477638 0 -4.5 0 0.661607 0.312598 129 129 255
82.864 61.01 -35.822 -0.175167 0 2.8 0 0.762779 -0.18887 67 67 255
73.0236 72.0408 -9.51219 -0.140845 0 4.2 0 0.485929 0.584569 255 146 146
69.3438 62.3228 -44.696 -0.811044 0 -3.5 0 -0.362869 -0.744353 206 206 255
44.0126 55.9271 -6.37925 0.469103 0 -3.2 0 -0.445332 0.892878 109 109 254
67.5707 71.0919 -15.8546 0.648594 0 -4.5 0 -0.133799 0.157729 156 156 255
74.8664 59.8711 -17.9609 -0.938981 0 -3.5 0 -0.208922 0.728584 11 11 255
68.9865 79.432 -9.4465 -1.10996 0 -3.9 0 0.228084 0.0743449 16 16 255
61.0192 59.673 10.9765 1.04535 0 -3.9 0 0.120991 -0.802012 18 18 255
67.8594 52.6664 -32.2005 -1.1934 0 2.8 0 0.31831 -0.871525 184 184 255
53.095 63.4025 -5.182 0.252452 0 2.8 0 -0.33785 0.917839 166 166 255
60.0349 38.1463 -9.37875 2.7788 0.316633 -3.9 0 0.942575 -0.257185 255 140 140
53.0304 65.0038 -11.305 0.0803637 0.28347 -3.34171 0 -0.986674 0.160266 238 238 255
78.8997 64.1269 -53.5854 -1.54136 -0.342756 -3.5 0 0.976889 0.1587 4 4 255
70.981 50.552 -9.991 -1.47098 0 -3.5 0 0.564163 -0.0967958 151 151 255
62.6813 55.8365 -33.689 -0.266272 0 2.8 0 -0.514282 0.135467 131 131 255
72.207 79.5201 -5.325 -0.815009 -0.0582641 -2.93512 0 0.99176 0.107954 157 157 255
74.8565 68.4476 -25.8569 -0.577754 -0.00827984 -3.22486 0 -0.764308 0.642648 63 63 255
65.7196 69.9668 8.6975 1.65181 0.505911 -3.9 0 0.867106 -0.465797 2 2 255
80.3255 54.3905 -23.0685 -0.300692 0 -3.5 0 0.360566 -0.596182 33 33 255
59.2225 75.8487 -2.613 -1.0508 0 -3.9 0 -0.531835 0.590452 7 7 255
76.8941 71.4802 -24.7611 -0.728612 0 -3.5 0 -0.0938735 0.368115 13 13 255
74.8539 58.5283 -44.5599 -0.464219 0.41915 -1.70519 0 0.497925 0.0227637 148 148 255
71.289 54.4745 -12.1023 -1.00443 0 -3.2 0 0.330319 0.176017 58 58 255
61.2664 56.5481 -29.379 0.0924259 0.0323126 2.26905 0 -0.649106 0.164046 42 42 255
71.2734 56.4846 -41.1657 0.26245 0 -3.5 0 -0.730814 -0.410332 91 91 255
62.4659 68.9135 7.601 0.945064 0 -3.9 0 -0.490442 -0.848025 4 4 255
61.7081 61.9897 6.32812 0.28646 0 -3.9 0 0.386738 0.921447 17 17 255
75.1291 63.059 -53.812 -0.504662 0 -3.5 0 -0.439229 -0.588463 18 18 255
80.9146 68.7048 -26.5658 -0.0497357 0 -4.5 0 0.193472 0.946455 5 5 255
59.5705 50.4795 -20.0051 -0.88655 -0.258441 -3.70229 0 -0.821334 0.320221 255 215 215
67.5677 68.0796 -26.2911 -0.386326 -0.170288 3.05272 0 0.163432 0.196377 192 192 255
47.694 58.257 -1.34675 0.140458 0 -1.3 0 -0.719535 0.693734 255 132 132
58.9383 39.6164 -6.19912 1.20457 0 -3.9 0 0.585484 0.131431 255 146 146
71.4951 54.899 -3.05562 0.273842 -0.0104963 -0.7 0 0.821159 -0.566296 18 18 255
56.9479 71.3526 -10.2845 0.0464318 0 -2.30723 0 -0.514914 0.802588 218 218 255
68.2605 72.2875 2.07588 -0.714733 0 3.8 0 0.797111 -0.420869 21 21 255
68.3094 56.1381 -35.0026 0.13154 0 -1.3 0 -0.441431 -0.422854 140 140 255
57.4179 48.9198 0.195 0.242233 0.0883945 -4.5 0 0.795033 -0.425376 28 28 255
47.593 48.58 -0.1945 1.10287 0 -3.9 0 0.31157 -0.46294 255 69 69
62.182 65.9502 3.4185 0.620748 0.723029 -3.5 0 -0.362608 0.357639 5 5 255
60.8045 55.125 -26.761 -0.889241 -0.0139979 -0.8 0 -0.625662 0.663327 96 96 255
72.5185 61.1707 -46.537 -0.621686 -0.486984 -2.14945 0 0.100666 -0.807033 85 85 255
51.0363 60.9215 -11.6488 0.388267 0.322197 -2.07752 0 -0.598568 0.172518 99 99 255
75.6442 63.2721 -49.0629 -0.904394 0 -3.5 0 0.640728 -0.73118 14 14 255
78.836 60.8797 -18.6535 -1.70944 -0.697821 -3.5 0 0.67724 -0.566983 0 0 255
65.723 58.0928 -11.697 -0.94272 -0.306365 3.8 0 0.993327 0.0617812 19 19 255
72.6569 77.5805 2.89037 -0.350303 0 -3.5 0 -0.236416 -0.48003 124 124 255
49.9294 44.8789 -4.54775 -0.102216 -0.046794 0.527015 0 -0.732093 -0.307636 255 144 144
55.8974 67.1018 2.59838 0.671229 0.0941952 -4.5 0 -0.488918 0.524218 12 12 255
69.386 73.8215 3.111 -0.115633 0 3.8 0 0.555567 -0.474736 13 13 255
49.7856 64.1496 0.519875 0.566846 0 -3.9 0 -0.244615 0.466271 255 145 145
80.2753 65.0872 -22.7838 -1.33352 -0.152678 -2.48762 0 0.514104 0.382654 5 5 255
78.528 71.617 -28.58 -0.858389 -0 -3.5 0 0.991097 -0.12344 14 14 255
71.1488 49.2383 -26.2624 -2.14419 0 -3.5 0 0.413508 -0.668792 1 1 255
63.6842 50.9185 -8.85725 -0.310377 0 -0.8 0 0.651122 -0.730855 109 109 254
57.1797 48.9053 -2.299 -0.314469 -0.153899 -4.09384 0 -0.909387 0.230561 27 27 255
78.3692 62.2115 -53.401 -1.71328 -0.4425 -3.5 0 0.604719 -0.653081 4 4 255
74.2694 63.146 -53.048 -0.302387 0 -3.5 0 -0.673911 -0.634066 24 24 255
67.8036 56.8336 -35.594 -0.312477 0 0.0808778 0 -0.260812 -0.852515 126 126 254
82.8815 58.5235 -32.6735 0.116751 0 -0.72439 0 0.679735 0.576884 146 146 255
73.4651 67.794 -52.3529 0.819928 0 -1.9473 0 -0.389535 -0.182858 23 23 255
82.0573 63.465 -37.3758 -0.225726 0.0587308 -3.5 0 0.852158 -0.326072 36 36 255
47.26 50.3504 -5.41038 0.907226 0.318632 -3.57136 1 -0.913421 0.397463 255 87 87
80.7917 72.7262 -36.3745 -0.417539 -0.171967 -0.7 0 0.644084 0.35245 13 13 255
54.364 54.3705 -19.044 -0.419007 -0.232806 -3.5 0 -0.460377 0.496276 48 48 255
82.058 64.7897 -34.1738 -0.248782 0 3.35938 0 0.942131 0.327254 115 115 255
54.6732 44.5148 -0.7505 0.295934 0 -3.5 0 -0.691108 -0.466826 63 63 255
67.2234 58.2129 3.3315 0.547332 0 -3.5 0 0.593207 -0.710279 22 22 255
61.8724 45.5681 -11.9858 -0.150705 0 -0.654426 1 0.341654 -0.773821 255 73 73
75.7933 49.1495 -21.3275 -0.472668 0 0.505452 0 0.854229 -0.152033 1 1 255
61.5805 80.9792 -4.36525 -0.795823 0 -3.5 0 0.0962292 0.890481 2 2 255
68.8223 47.3582 -12.2732 -0.544768 -0.463757 4.5 0 0.659721 -0.275867 83 83 255
76.396 82.1837 -37.8493 -0.109663 0 3.8 0 -0.379546 0.372805 43 43 255
58.4135 71.4873 -2.2955 -0.182469 0 4.5 0 -0.604237 0.33114 41 41 254
60.501 69.433 1.656 -1.07811 0 -3.5 0 -0.543807 0.163938 34 34 255
81.5545 53.6027 -33.8895 -1.43482 -0.156557 3.8 0 0.618235 -0.785641 142 142 255
69.2909 56.3451 -39.4098 0.943534 0.0363847 1.8 0 -0.300955 -0.83918 57 57 255
75.5918 56.9425 -17.652 -2.13348 -0.221939 -3.5 0 0.847724 -0.500113 2 2 255
57.2323 71.4906 -11.4019 0.0410097 0 -3.2 0 -0.815437 0.50862 197 197 255
48.8148 65.272 -2.46675 3.1475 0.147264 -3.9 0 -0.402443 0.91436 255 184 184
72.9437 52.5235 -31.7698 0.157827 0.0344155 -1.3 0 0.45972 -0.806615 24 24 255
57.4917 42.7192 -3.911 0.711616 0.40901 -3.5 0 0.590206 -0.663428 255 239 239
76.6975 66.376 -52.1862 -0.480893 0 -3.5 0 0.547697 0.717034 15 15 255
52.6735 41.1715 -8.101 0.23617 0.842357 -3.9 0 -0.104568 -0.747248 255 29 29
73.2692 59.2798 -45.2812 0.0742843 -0.0187555 -0.8 0 -0.393477 -0.784926 87 87 255
59.2295 60.984 -24.95 -0.313599 0 -1.6 0 -0.817373 -0.0243746 84 84 255
72.8054 77.0665 -5.64625 -0.171921 0 -0.7 0 0.909387 0.377921 255 211 211
59.3135 79.2125 -3.58525 -0.067559 0 -3.7 0 -0.58177 0.248974 15 15 254
62.1821 76.4741 -0.824375 -0.450851 0 -0.7 0 -0.0699565 0.831472 2 2 255
61.2926 70.4681 8.46675 0.402587 0 -3.9 0 -0.948455 0.0694927 5 5 255
61.047 46.826 -5.02975 0.578906 0.154422 2.79253 0 0.822914 -0.539233 23 23 255
69.6819 76.4984 3.72225 -0.157585 0 3.8 0 0.353002 0.137448 24 24 255
60.2726 67.569 -15.8074 0.237631 0.0369789 -3.28941 0 -0.251791 0.967292 57 57 255
73.9151 77.582 -0.80225 0.054347 0 -3.5 0 0.903715 -0.289647 211 211 255
73.3281 76.5416 0.78 0.350845 0.0241615 -3.5 0 0.353936 -0.933945 167 167 255
82.726 66.195 -26.945 -0.273284 0 -4.5 0 0.979484 -0.0274058 10 10 255
75.1162 70.8055 -29.9242 -0.164549 0.333783 -0.824889 0 -0.444212 0.750991 22 22 255
70.3894 49.8979 -13.9985 0.315596 0.11568 4.5 0 0.8832 -0.236334 37 37 255
74.0788 73.0502 -39.1801 0.807668 0.34873 0.585883 0 -0.363668 0.434143 50 50 255
71.872 62.053 -1.736 -1.0015 -0 -3.5 0 0.530763 0.500442 17 17 255
71.5185 53.5409 -39.0192 -0.0246166 0 -0.8 0 -0.378881 -0.66328 96 96 254
53.9398 76.4274 -6.34363 0.21029 0 -1.6 0 -0.448784 0.893228 129 129 255
71.6889 63.0501 -48.7935 -0.776933 -0.507322 -3.5 0 -0.0313706 -0.257192 46 46 255
67.515 80.588 -4.916 -0.3618 0 -3.9 0 -0.0455846 0.923259 14 14 255
50.6064 39.6003 -7.26062 0.710698 0.0432233 -0.8 0 -0.129189 -0.566012 255 44 44
59.1441 58.8731 6.613 0.404043 0 -3.71822 0 -0.836856 0.000415568 48 48 255
70.9749 63.1403 -12.5706 -0.0929015 0 -0.937337 0 0.970543 -0.167061 182 182 255
69.0815 72.9115 -14.1368 0.848258 0 -4.5 0 0.611848 0.766422 92 92 255
68.0153 63.9271 -41.913 -0.332936 0 -1.281 0 -0.574066 -0.691364 255 191 191
68.6816 44.2163 -17.9714 -1.63156 -0.742079 -3.5 0 0.0593399 -0.952829 154 154 255
59.8997 41.1268 -11.9375 0.158125 0 -0.9 1 0.695778 -0.511718 255 10 10
57.8154 73.1871 -12.992 0.0540584 0 -1.6 0 -0.713251 -0.0134752 112 112 255
72.4925 57.0674 -14.2172 -0.860425 0.193792 -3.34706 0 0.33597 0.484588 27 27 255
59.374 37.939 -10.224 2.52957 0 -3.9 1 0.282207 -0.525725 255 135 135
75.5932 61.1311 -44.6632 -0.506691 0 -0.8 0 0.91029 -0.272114 64 64 255
77.3611 74.7865 -46.2956 -0.26224 0 3.8 0 0.329798 0.427976 115 115 254
70.3095 66.5762 -11.665 0.317962 0 -0.9 0 0.800818 0.0673486 167 167 255
71.5577 74.3385 -1.6475 -0.796622 -0.0855585 -0.191922 0 0.886945 -0.134789 241 241 255
69.5577 59.786 -14.8993 -0.869901 0 -1.07843 0 0.62247 -0.463625 58 58 255
86.6158 60.1901 -25.2431 -2.0103 -0.203848 -3.5 0 0.559132 -0.651684 31 31 255
60.0374 81.9723 -4.723 0.211436 0.646992 -3.9 0 0.45857 0.724607 2 2 255
81.9244 68.5969 -34.0243 -0.315226 0 3.8 0 0.948945 0.235937 134 134 255
74.0355 72.2897 -38.2822 1.14015 0 -0.8 0 -0.40762 0.799162 40 40 255
67.272 60.6393 6.37838 0.0410578 0 -3.5 0 0.561723 -0.0307102 3 3 255
63.6365 76.1533 0.58975 0.577553 0.328425 1.42311 0 -0.143186 0.921323 2 2 255
59.8755 44.0718 -13.6336 -0.214106 0 -0.9 1 0.873615 -0.484946 255 30 30
60.5996 55.4595 3.82888 -0.257522 0 2.74721 0 -0.23726 -0.922667 147 147 255
62.8244 69.3406 5.473 0.244351 0 -3.9 0 -0.408355 -0.912453 3 3 254
63.2175 48.3148 -3.829 -0.865299 -0.951854 -0.8 0 0.705208 -0.705483 46 46 255
45.1715 51.8575 -10.0407 0.539406 0 -3.2 0 0.0967677 -0.346095 133 133 255
67.4163 73.2229 -30.9034 -0.0913056 0 2.01089 0 0.0683328 0.838235 53 53 255
74.1256 54.7056 -39.7256 -0.495497 0 -2.46661 0 -0.281035 -0.762014 103 103 255
60.2315 66.241 -27.568 -0.452999 0 -3.5 0 -0.778649 0.603598 204 204 255
65.3035 80.9443 -8.7755 0.982346 0.141178 -3.9 0 -0.821285 -0.149106 3 3 255
56.7979 60.5122 5.18687 -1.17776 0 -3.5 0 -0.00687342 0.43033 115 115 255
83.5985 56.9069 -28.2504 -0.126455 0 -3.04635 0 0.643619 -0.619607 54 54 255
50.0207 47.7886 -1.3765 0.451598 0 3.8 0 -0.203662 -0.132131 255 202 202
73.825 78.5939 3.50588 0.645423 0.867605 -3.5 0 0.263108 0.227547 239 239 255
71.4805 72.3716 -38.1871 0.746223 0 1.38039 0 -0.172765 0.876337 18 18 254
76.286 65.0658 -19.6077 -0.171717 0 -3.5 0 -0.245398 0.919675 26 26 255
70.048 60.0995 -8.578 -0.409043 0 4.2 0 0.815214 -0.21859 106 106 255
81.3402 55.2782 -26.8538 -1.00387 -0.0171438 -3.24892 0 0.565482 -0.810739 48 48 255
55.6956 49.9609 -23.463 2.20399 0.378196 -3.9 0 -0.0311969 0.928114 255 143 143
54.934 66.1158 -2.71025 0.00224557 0 2.8 0 -0.689045 0.532686 136 136 255
67.9201 47.7333 -11.0456 -1.7853 -0.0258225 4.5 0 0.326684 -0.415665 122 122 254
75.1721 72.7429 -26.8701 -2.06107 -0.795206 -3.5 0 -0.955051 0.29438 31 31 255
54.8926 65.1908 -1.70512 0.20291 0 2.8 0 -0.5812 0.702092 101 101 255
56.6213 81.397 -5.448 1.72503 0.427565 -3.9 0 -0.942421 -0.00863333 9 9 255
63.059 46.4335 -10.0275 0.462824 0.176004 -0.9 0 0.592775 -0.370133 255 241 241
75.4925 75.871 -46.415 -0.215683 0 3.8 0 0.0806791 0.863545 104 104 255
64.2389 51.1151 -10.5938 -1.56589 -0.0914633 3.8 0 0.889696 -0.380745 85 85 255
65.0761 58.4342 6.3355 -0.534527 -0.135689 -3.5 0 -0.158248 0.104144 10 10 255
55.154 57.0182 -15.8355 0.607337 0.336257 -4.5 0 -0.865727 -0.189777 26 26 255
43.338 57.586 -1.73637 0.221632 0 -3.2 0 -0.737831 0.674427 255 126 126
62.5218 48.6105 -31.8507 -1.39053 0 -3.5 0 -0.693368 -0.551066 226 226 255
62.4286 63.0731 -30.0705 -0.668298 0 -3.71009 0 -0.572259 -0.702544 255 246 246
75.1397 69.698 -25.413 -0.462044 0 -3.5 0 -0.938735 0.0869681 35 35 255
82.3955 67.0512 -28.2964 -0.225714 0 -4.5 0 0.982935 0.0473681 10 10 255
69.0545 64.367 2.225 -0.138165 0 -0.4 0 0.849989 0.185867 13 13 255
68.6547 67.9515 1.99812 -0.340871 0 -0.8 0 0.609164 -0.188213 12 12 255
79.6018 82.1738 -37.018 0.174547 0 0.11949 0 0.413343 0.910537 27 27 255
77.8278 54.1813 -23.2493 -0.891872 0.138852 -2.18132 0 0.356671 -0.856666 14 14 255
45.9245 52.837 -3.99725 0.76976 0 -3.2 1 -0.46858 -0.825088 255 51 51
67.24 49.542 -27.8013 -1.87195 -0.130966 1.8 0 0.576351 -0.376535 31 31 255
69.3739 57.7035 -8.574 -0.612946 0 4.2 0 0.752117 -0.238778 25 25 255
65.731 71.9505 -26.9741 -0.0711911 0 2.8 0 -0.595681 0.606564 150 150 255
62.5872 46.7851 -26.3311 0.00951057 0 1.8 0 -0.958092 -0.0842297 104 104 255
70.8259 71.4584 -2.36625 -0.112754 -0.0985561 4.5 0 0.911144 -0.259731 199 199 255
66.3544 57.2109 -11.7902 -0.316749 -0.03137 3.8 0 0.667515 0.65008 19 19 255
63.3415 66.4275 3.526 0.540501 0.234579 -3.5 0 -0.0424881 0.349809 2 2 255
68.6777 70.6731 -15.6891 0.333015 0 -4.5 0 0.511448 0.0444656 191 191 255
69.4726 66.6117 -13.0489 0.145542 0 -4.5 0 0.87798 -0.186586 173 173 255
63.4975 74.3033 4.561 0.365133 0.141798 -3.9 0 -0.0616275 0.961889 10 10 255
65.524 73.9443 -33.3955 -0.255035 -0.159876 -3.5 0 -0.735751 0.656627 46 46 255
71.224 60.8478 0.56775 -0.87994 -0.907607 -0.8 0 0.68365 0.0246122 12 12 255
72.4212 57.8566 -42.6213 -0.379325 0 -3.5 0 -0.640074 0.00855335 193 193 255
61.4605 45.6525 -25.15 0.574372 0 -3.9 0 -0.0907368 0.438912 93 93 255
53.978 47.7702 -23.5745 2.45008 0 -3.9 0 -0.935278 -0.233323 255 239 239
63.528 65.1921 3.8965 -0.156731 0 -3.5 0 -0.0212266 0.27782 2 2 255
51.1009 60.5573 0.733375 1.43189 0.72308 -1.3 0 -0.423256 0.196476 255 95 95
63.5332 49.2874 -1.53975 0.773971 0.493065 -0.8 0 0.748139 -0.206957 14 14 255
59.8981 79.175 -2.63 -0.260115 0 -3.5 0 -0.844241 0.1737 5 5 255
70.4665 60.7492 -7.61 -0.165553 0.381332 0.120946 0 0.906155 -0.0416314 76 76 255
69.9679 73.5983 -8.35962 -0.146436 0 3.2757 0 0.348476 0.690816 224 224 255
75.1635 55.2695 -18.865 -0.73922 0 -2.30789 0 0.918707 0.0755051 3 3 255
72.6145 52.807 -17.152 -0.749224 -0.325446 4.04566 0 0.689913 0.128017 10 10 255
69.3777 66.2535 -46.015 0.284614 0 -1.87161 0 -0.565961 0.583166 255 246 246
69.4941 43.2545 -15.9301 -0.282678 0 4.5 0 0.0866733 -0.99115 146 146 255
59.8408 60.1712 11.1755 1.14497 0 -3.9 0 -0.390841 -0.676712 14 14 255
64.8895 45.7743 -11.1795 0.000396345 0 -0.4 0 0.0930297 -0.849543 233 233 255
73.5851 51.3225 -38.4185 0.00919332 0 -0.8 0 -0.734284 -0.37597 171 171 255
64.0358 69.4459 -14.3315 0.466019 0 -1.6 0 -0.639756 0.729686 76 76 255
51.1953 54.1237 1.00225 0.198881 0 -1.3 0 0.3511 -0.579982 255 104 104
75.966 50.0112 -22.0175 -0.647449 -0.371226 0.452925 0 0.881325 0.276814 1 1 255
79.7631 68.9869 -25.8037 0.0388994 0 -1.6 0 0.58234 0.754412 5 5 255
58.4554 49.379 -2.12838 -0.076775 0 -4.5 0 0.629601 -0.523859 23 23 255
58.4721 74.2125 -0.0575 -0.0463009 0 -0.7 0 -0.999094 -0.00815217 21 21 255
70.4005 78.1529 2.39212 -0.538746 0 0.204109 0 -0.159456 0.407786 26 26 255
72.6198 45.7848 -21.098 -0.832937 -0.470863 -3.0599 0 -0.0695361 -0.883908 4 4 254
85.3083 60.8484 -24.5292 -1.32182 -0.0373108 -3.5 0 0.232754 -0.362039 27 27 255
66.082 58.9479 -12.2428 -0.677138 0 3.8 0 0.690387 -0.33958 19 19 255
69.7635 62.864 -40.579 0.00877986 0.462905 -1.29796 0 -0.328174 -0.540766 247 247 255
79.243 72.565 -28.01 -0.598853 0.0686714 -3.57491 0 0.915837 -0.200322 11 11 255
82.6805 67.9607 -26.0094 0.479179 0.854476 -4.5 0 0.850443 0.462407 5 5 255
60.736 81.8272 -1.9625 -1.36619 -0.153615 -3.5 0 -0.796815 0.565745 1 1 255
78.1386 53.4123 -36.9926 -0.233837 0 -0.8 0 0.507409 -0.77035 179 179 255
60.5732 77.5003 -8.549 -0.35448 0 -3.67323 0 -0.340539 0.537214 18 18 255
62.0966 46.8855 -9.30262 0.322964 0.36636 -0.9 0 0.561515 -0.047909 219 219 255
66.8985 83.7549 -7.05025 1.32548 0.716467 -3.9 0 0.0941268 0.733999 2 2 255
82.944 66.4595 -25.7773 0.0335749 0.195515 -4.5 0 0.969475 0.226793 7 7 255
73.6097 44.2374 -25.2974 -0.00829224 0 -3.5 0 0.0514166 -0.821542 0 0 255
55.1345 72.9573 -3.39475 0.217698 0 -1.6 0 -0.0800459 0.163861 139 139 255
82.6105 66.894 -36.1186 -1.61644 -0.901231 -3.5 0 0.988377 0.115495 185 185 255
68.8903 74.7849 3.59938 -0.0848949 0 3.8 0 0.180557 -0.247088 13 13 255
51.9823 48.4825 -1.35475 0.150545 0 3.8 0 0.414311 0.296028 193 193 255
83.6655 81.303 -40.1432 1.85053 0 -3.5 0 0.917603 -0.123868 35 35 255
60.5851 57.1591 -25.4158 -0.618416 -0.0836629 -1.18647 0 -0.881402 -0.29233 38 38 255
59.2435 65.484 -33.837 2.39166 0.069274 -3.9 0 -0.971972 0.0671457 63 63 255
57.2806 78.5123 -7.67825 0.249511 0 -3.9 0 -0.689338 -0.0317288 33 33 255
81.1178 55.8754 -23.0436 -0.545061 0 -3.5 0 0.615905 -0.19656 21 21 255
68.9939 63.9281 -18.2926 -0.467042 0 -1.3 0 0.37458 0.926355 150 150 255
64.5899 72.9654 -33.6566 -1.79712 -0.470002 -3.5 0 -0.913247 0.386103 89 89 255
64.8461 65.2442 -17.7686 -0.129129 0 -1.6 0 0.654072 0.392949 46 46 255
52.522 53.2784 -16.7675 0.418545 0 -3.5 0 -0.718775 0.270695 65 65 254
69.5484 81.473 -7.115 -0.36691 0 -1.02752 0 0.355502 0.888106 19 19 255
53.1724 73.6556 -4.08887 0.376055 0 -1.6 0 -0.507196 -0.0287327 141 141 255
76.2623 76.0799 -40.784 -0.410233 0 -1.6 0 -0.761932 0.381689 71 71 255
66.422 54.0807 -2.08687 -0.282218 0 -0.544756 0 -0.143041 -0.813539 30 30 255
68.572 51.209 -28.901 -0.913742 0 4.5 0 0.331188 -0.735443 56 56 255
75.6172 53.7048 -40.8315 0.218984 0.66127 -3.5 0 -0.142064 -0.989845 171 171 255
48.8979 62.2085 -4.33275 0.461979 0.537032 -1.44235 0 -0.954081 0.220799 217 217 255
56.5834 49.5475 2.60025 0.208976 0 -4.5 0 0.322357 -0.791209 127 127 255
79.4628 70.7829 -27.0536 -1.0971 -0.402365 -3.5 0 0.999786 0.0204639 15 15 255
56.8405 68.1325 1.7735 0.249675 0 -4.5 0 -0.163681 0.873761 22 22 255
71.492 49.8613 -16.5452 -1.04432 0 0.646789 0 0.478993 -0.225395 20 20 255
79.925 54.8155 -39.5299 -0.344982 0 3.8 0 -0.0174105 -0.440913 196 196 255
64.6966 64.6765 -21.7465 -0.714291 -0.206155 -3.5 0 0.669055 0.703039 128 128 255
68.634 45.7395 -23.2755 -0.519239 0 -0.7 0 -0.405419 -0.899169 41 41 255
46.0865 57.5135 -2.10975 0.412405 0 -2.62543 0 0.0281276 0.98502 255 198 198
63.532 44.589 -18.1585 -0.410914 0 -0.9 0 0.757046 -0.380505 255 67 67
78.803 58.599 -22.551 -0.802169 0 -3.5 0 0.467566 0.0523255 3 3 254
76.732 48.9841 -22.5532 -0.422717 0 -3.5 0 0.950793 -0.078416 1 1 255
73.8051 74.3761 -7.193 -0.191736 0 -0.7 0 0.760517 0.198679 255 189 189
79.7729 76.272 -36.969 -0.0478714 0 -1.6 0 0.957612 -0.0629367 36 36 255
65.0941 81.559 -7.94737 1.40995 0.091995 -3.9 0 -0.999699 -0.0244552 1 1 255
55.0749 65.1359 -16.0754 -0.129807 0 -3.2 0 -0.593671 -0.251979 229 229 255
74.4115 59.1004 -19.4346 -0.931247 0.0441757 3.8 0 0.974905 -0.1957 5 5 255
44.043 56.3815 -5.042 0.448283 0 -3.2 0 -0.676283 0.686531 188 188 255
56.7669 79.9238 -7.88775 0.413603 0 -3.9 0 -0.943498 -0.130524 15 15 255
81.8194 60.9622 -25.1886 -1.5886 0 -3.5 0 0.343548 -0.237006 16 16 255
59.5115 78.089 -8.2925 -0.05442 0 -3.9 0 -0.0949479 0.112056 23 23 255
69.024 71.482 -38.683 -0.570739 -0 -0.4 0 -0.674544 0.736375 5 5 255
47.6441 56.0758 1.106 -0.327964 0 -1.3 1 -0.265128 0.110457 255 69 69
66.2698 68.1525 3.4235 -0.727087 -0.525879 -2.35031 0 0.30075 -0.233868 1 1 255
69.0215 53.5723 -33.6865 -0.222804 0.853734 -0.846894 0 -0.249128 -0.903266 99 99 255
56.0965 51.1771 -0.3795 0.678296 0 -4.5 0 -0.91111 -0.271406 121 121 255
55.3345 49.8401 1.037 0.652545 0 -4.5 0 -0.803172 -0.46977 136 136 255
71.9376 51.9777 -16.0374 -2.15606 -0.644684 4.2 0 0.794675 -0.00192589 8 8 255
73.423 54.1881 -34.3715 -0.539862 0 2.72555 0 0.00697863 -0.954057 63 63 255
67.6854 59.7159 5.258 0.102821 -0.0887935 -3.5 0 0.848771 -0.184924 13 13 254
56.058 57.11 -14.443 0.361398 0.708887 -4.5 0 -0.929798 -0.233518 22 22 255
73.3268 73.0228 -4.35087 -0.234564 0 -0.7 0 0.59918 -0.581826 239 239 255
63.5935 69.8546 11.0174 2.15295 0.31067 -3.9 0 -0.261075 -0.368302 8 8 255
75.7166 53.1885 -39.5687 -0.151669 0.305589 -1.6982 0 0.351082 -0.649958 191 191 255
82.6605 65.439 -30.5025 -0.164532 0 3.8 0 0.783146 -0.568452 26 26 255
70.3664 53.384 -33.9406 -0.281417 0.169552 -0.8 0 0.0339686 -0.988941 72 72 255
71.9983 46.2749 -25.3458 -0.44616 0 -3.5 0 -0.205789 -0.202341 1 1 254
57.1675 46.5665 1.22263 0.713406 0.319597 -3.5 0 0.486842 0.191258 25 25 255
78.276 67.9891 -23.3165 -0.0485375 0 -1.6 0 0.038307 0.382062 8 8 255
68.4319 54.6476 -8.01737 -0.82768 0 -3.5 0 0.587386 0.456723 50 50 254
64.6991 57.6309 -34.6306 -0.255821 0 2.56786 0 -0.600845 -0.152546 215 215 255
63.3939 60.595 -35.9729 0.065992 0 -0.8 0 -0.88741 -0.279031 127 127 255
67.8757 71.4835 -26.9277 -0.102133 0 2.8 0 0.715205 0.325562 89 89 255
74.6572 44.589 -25.0165 -0.0854127 0 -3.5 0 0.671431 -0.604453 0 0 255
50.817 37.3205 -5.2395 0.601587 0.549639 -0.8 0 -0.490008 -0.865815 255 178 178
82.0729 66.6643 -37.5111 -0.869048 -0.0762071 -3.5 0 0.756776 0.290332 101 101 255
61.9082 46.4308 -24.6928 0.25835 0 -2.8826 0 -0.469214 0.412619 132 132 255
76.9286 74.3269 -27.1661 -0.13313 -0.389318 -3.7074 0 -0.434982 0.548715 12 12 254
67.986 64.5092 -24.5721 -0.279103 0 3.8 0 0.159728 0.797665 255 229 229
82.9335 55.6165 -36.197 -0.23019 0 3.8 0 0.856613 -0.515641 184 184 255
52.8524 38.3305 -5.43944 0.170249 -0.708686 -0.8 0 0.748019 -0.498724 255 92 92
48.6149 49.7046 -13.8406 0.167823 0 1.8 0 -0.624244 0.6593 127 127 255
57.9933 46.7217 -0.82625 -0.330023 -0.00962219 -3.5 0 0.936871 0.162551 18 18 255
74.94 57.4905 -19.258 -1.19805 -0.554938 -3.5 0 0.980295 0.125691 3 3 254
65.028 54.2235 -34.69 -0.0937796 0 2.8 0 0.111402 -0.386426 192 192 255
62.3605 48.497 -1.48637 0.470141 0.086548 -0.8 0 -0.18738 -0.604888 10 10 254
79.1588 72.5815 -29.2855 0.541341 0 -3.9 0 0.899344 -0.434383 13 13 255
49.5521 63.2679 -4.87213 0.581667 0.0949234 1.52196 0 -0.526584 0.840033 217 217 255
41.6374 54.2216 -8.94525 0.130026 0 -3.2 0 -0.714754 0.368833 59 59 255
69.4604 70.3497 -43.4352 0.394718 0.182067 -1.3 0 -0.866575 0.490417 13 13 255
57.1632 44.6986 0.523 0.320666 0 -3.5 0 0.505399 -0.672551 17 17 255
44.3346 52.822 -6.32713 0.109712 0 -3.2 1 -0.0412453 -0.689896 255 61 61
48.8462 61.6366 -8.22875 -0.2994 0 -0.0663437 0 -0.722519 0.573325 48 48 255
53.1166 55.9641 1.21225 -0.0337285 0 -1.08867 0 -0.199155 -0.190704 255 213 213
66.6377 74.4395 -11.7397 -0.47586 0 -4.5 0 0.309702 0.913737 35 35 255
62.73 49.1963 -32.9615 -1.55369 -0.464275 -3.5 0 -0.594862 -0.348414 159 159 255
48.8877 47.1698 -13.9528 0.210719 0 1.8 0 -0.468597 -0.695937 144 144 255
45.7244 50.1049 -0.06875 0.501719 0 -3.9 1 -0.714776 -0.00442041 255 48 48
72.8623 54.1886 -17.1998 -0.418851 0.234046 -1.75594 0 0.499574 -0.383759 9 9 255
54.78 49.0439 -24.4928 2.097 0.207034 -3.9 0 -0.402082 0.655938 255 151 151
59.8649 80.4086 -8.303 0.234868 0 -3.9 0 0.587898 0.212873 5 5 255
55.701 52.5464 -14.1812 -0.122644 -0.542782 -0.8 0 -0.659208 0.716946 149 149 255
62.094 69.9055 4.951 0.202086 0 -3.9 0 -0.706594 -0.655139 4 4 255
47.1087 44.6106 -6.72725 0.492694 0 -3.2 1 -0.338534 -0.908195 255 72 72
64.4021 80.8544 -4.6245 -1.82846 0 -3.5 0 0.101084 0.960531 2 2 255
82.2538 80.4449 -42.0168 -0.0399729 0 -3.5 0 0.735148 0.0775821 62 62 255
74.5076 58.3196 -15.0968 -2.4031 -0.337711 -3.5 0 0.491094 0.16759 20 20 255
56.1222 76.078 -4.70612 0.449194 0.0247802 -1.67839 0 -0.346468 0.471244 44 44 255
69.3652 69.6885 -42.4145 0.318094 0.0117219 -1.3 0 -0.944234 0.324313 10 10 255
66.1188 64.9993 -16.9 -0.123486 0 -1.6 0 0.309251 0.287015 66 66 255
57.0737 49.3145 1.41562 0.812815 0.0666883 -4.5 0 0.484442 -0.759859 56 56 255
79.939 75.55 -28.1973 1.819 0.0681376 -3.9 0 0.830595 0.362263 14 14 255
74.761 81.0101 -34.1334 -0.198174 0 3.8 0 -0.656957 -0.237721 27 27 255
78.6965 61.1655 -21.1653 -0.794873 0 -3.5 0 0.84162 -0.482311 1 1 255
67.7426 50.6284 -6.20825 -0.242587 0 -3.5 0 -0.094908 -0.790532 162 162 255
69.5563 75.315 -7.80037 -0.246089 0 -1.88673 0 0.350089 0.0177365 158 158 255
69.6927 50.7255 -13.0689 -0.0820429 0 -3.2 0 0.866245 -0.213473 78 78 255
77.6442 69.2667 -24.134 -0.311758 0 -3.1422 0 -0.0403314 0.456953 12 12 255
62.0947 56.3387 -28.3196 -0.216533 0 3.07238 0 -0.967914 0.245222 24 24 255
51.4135 37.861 -4.30025 0.889167 0.075564 -0.8 0 0.132536 -0.739511 255 157 157
66.6536 64.53 -37.0312 -0.899962 -0.9938 -0.8 0 -0.750641 0.578152 187 187 255
85.0205 58.1909 -31.28 -1.46954 -0.226608 -3.23921 0 0.743461 0.230769 102 102 255
59.2086 37.1343 -9.62362 2.51586 0.329981 -3.9 1 0.385822 -0.853695 255 202 202
53.011 64.7021 -8.37438 0.178426 -0.204649 -3.36827 0 -0.939852 0.309123 255 113 113
42.6572 55.1359 -9.16088 0.190915 0 -3.2 0 -0.425229 0.522123 33 33 255
52.1242 74.0635 -5.2275 0.238008 0 -1.6 0 -0.951685 -0.0861768 253 253 255
57.8768 65.0638 -19.2595 -1.62739 -0.0417505 -3.5 0 -0.902132 0.0518462 52 52 255
65.3305 64.0665 5.2215 0.285111 0.00785038 -3.5 0 -0.0642521 0.486661 2 2 255
57.1999 49.8589 -1.36925 0.456704 0 -4.5 0 -0.959911 -0.251396 33 33 255
75.9444 68.8464 -48.8885 -0.854189 -0.657658 -1.6 0 0.87443 0.48372 28 28 255
56.3419 41.1839 -4.35012 0.387826 0.124219 -3.81963 0 0.284667 -0.589499 255 145 145
60.3224 72.595 1.58337 0.139604 -0.320721 -0.7 0 -0.704183 -0.203774 39 39 255
72.1706 81.3799 -3.45 -1.65087 -0.010356 -3.5 0 0.680528 0.73062 100 100 255
71.1325 65.9174 -10.7341 -0.0407515 0 -0.9 0 0.895664 0.142377 218 218 255
70.0488 62.277 -7.34662 -0.221234 -0.281822 -3.13422 0 0.803386 0.0160525 89 89 255
59.1741 41.7982 -13.0331 -0.129379 0 -0.9 1 0.627413 -0.484145 255 12 12
50.5522 62.7189 -8.18175 -0.239056 -0.00593406 0.738195 0 -0.417223 0.788203 130 130 255
61.4827 43.8075 -8.53375 -0.0857476 0 -0.9 0 0.607405 -0.353139 255 250 250
49.3356 43.6676 -5.16975 -1.08301 0 -0.4 0 -0.742059 0.0803894 255 119 119
68.6497 68.5537 -15.0705 -0.0269818 0 -4.5 0 0.751574 -0.132437 238 238 255
81.6537 81.655 -37.4825 1.57008 0 -3.5 0 0.151198 0.647542 53 53 255
77.1506 78.4137 -34.6455 -0.347429 -0.344868 1.3795 0 0.0837317 -0.150891 47 47 255
65.4656 47.7627 -31.0794 -2.48352 -0.191176 -3.5 0 0.421902 -0.854844 56 56 255
65.1371 83.0356 -8.99763 2.58567 0.158816 -3.9 0 -0.841217 0.480489 2 2 255
78.0902 72.2449 -25.1976 -1.54638 0 -3.5 0 0.279385 0.383448 10 10 255
83.7322 57.2612 -26.9564 0.892304 0.665167 -3.5 0 0.712901 -0.666381 60 60 255
72.128 52.3522 -13.2297 -0.343875 0 -3.2 0 0.767217 -0.611725 30 30 255
56.2584 38.1905 -6.29812 0.356192 0 -3.9 0 -0.219758 -0.860783 255 87 87
48.3786 53.9192 1.18669 -0.134865 0 -1.3 1 -0.131972 -0.294125 255 36 36
68.1626 74.6439 -33.6054 0.462532 0.164591 -3.5 0 0.512448 0.840812 16 16 255
75.0119 48.3932 -19.4223 -0.293057 0 4.2 0 0.924502 -0.362982 4 4 255
60.8975 68.234 -18.282 0.11422 0 -3.5 0 0.0588558 0.90038 52 52 254
67.4394 63.0259 -46.0189 0.36885 0.695807 -3.5 0 -0.988925 0.0196451 230 230 255
52.4764 53.0174 -11.2102 0.796909 0 0.771392 0 0.11086 0.0553816 77 77 255
53.4453 61.597 2.60462 -0.926054 -0.446059 -4.5 0 -0.840978 -0.225186 174 174 255
58.3297 47.7998 -23.9969 0.337899 0 -3.9 0 0.277852 0.28513 255 203 203
61.3428 55.1754 -19.9509 -2.89136 -0.0771716 -3.5 0 -0.478232 0.765288 112 112 254
66.444 65.4973 -34.5648 0.0671404 0 0.345209 0 -0.513915 0.468906 255 246 246
49.43 60.483 -10.42 -0.145459 0 -0.8 0 -0.538056 0.486538 46 46 254
69.7053 59.8613 -40.8862 -1.1004 -0.0784244 1.08537 0 -0.352713 0.295213 222 222 255
59.1616 75.4411 -9.2065 -0.876281 -0.261052 -1.6 0 -0.389888 0.779204 78 78 255
69.2694 73.2349 -32.9058 0.130983 0.566569 -3.5 0 0.714954 0.666109 17 17 255
58.4711 43.0737 -4.82562 -0.816858 -0.489443 -3.5 0 0.699168 -0.703316 255 230 230
78.4792 84.2646 -35.8651 -0.0545021 0 3.8 0 0.476307 0.77823 7 7 255
52.8447 72.5058 -4.80175 0.66358 0 -1.6 0 -0.821411 -0.308126 192 192 255
75.7745 80.0098 -34.283 -0.338736 0 3.8 0 -0.254448 -0.492907 47 47 255
68.564 65.5983 -45.7635 0.00558427 0 -3.5 0 -0.904112 0.392116 255 195 195
59.8455 56.7995 5.89075 0.245877 0.235676 -3.36497 0 -0.193035 -0.608369 67 67 255
51.468 56.9388 -11.389 -0.20792 0 -3.5 0 -0.0834742 0.201144 34 34 255
71.7735 65.9459 -47.9034 0.220485 0 -3.5 0 -0.304678 0.822748 77 77 255
58.5846 66.4818 -18.8769 -1.0866 -0.260468 -3.5 0 -0.773331 0.548924 62 62 255
63.3455 68.9358 10.1348 1.98257 0.693756 -3.9 0 -0.319623 -0.843447 7 7 255
55.0159 76.5941 -6.92025 0.325729 0 -1.6 0 -0.144138 0.919777 105 105 255
72.9258 72.4952 -34.5579 -0.388338 -0.49079 -3.9 0 -0.697558 0.555726 26 26 255
58.575 53.2604 -27.5701 0.784185 0.74341 -0.8 0 -0.910542 0.0056868 255 188 188
85.937 59.2359 -27.7038 -0.556142 0 -3.5 0 0.811619 -0.582496 23 23 255
69.0231 69.4971 -40.8556 -0.321867 -0.0210754 -0.843587 0 -0.951658 0.237351 6 6 255
60.7832 55.601 5.40812 -1.33348 -0.394976 -0.4 0 -0.344589 -0.751822 92 92 255
80.9386 62.7799 -29.9552 -0.109667 0 -4.5 0 0.992078 0.114655 16 16 255
81.0977 69.6192 -31.5775 -0.233665 -0.411095 3.8 0 0.582275 0.655491 12 12 255
61.035 45.455 -7.066 0.0370808 0 4.2 0 0.956088 -0.0481046 168 168 255
71.6478 52.6517 -7.79725 -2.04592 -0.112114 -3.5 0 0.806897 0.523523 63 63 255
80.001 54.766 -27.978 -0.650427 0 -3.2 0 0.395157 -0.907186 30 30 255
69.72 45.7855 -13.125 -0.244722 0 4.5 0 0.608193 -0.332145 59 59 255
80.1742 68.8767 -29.0263 -0.333526 0.0475427 3.38234 0 0.474994 0.878958 14 14 255
46.5106 57.7924 -4.70162 1.12671 0.61384 -3.2 0 -0.482566 0.799601 107 107 255
66.0491 78.1048 -0.641125 -0.732252 0 -3.5 0 -0.521373 0.151569 4 4 255
59.9925 54.5952 -31.9944 -0.391398 0 2.8 0 -0.747516 -0.0853783 53 53 255
69.2048 66.7925 -14.3007 -0.325372 0 -4.5 0 0.928773 -0.186816 185 185 255
66.5965 66.0664 3.35413 -0.43833 -0.535992 -0.960133 0 0.167355 0.25662 3 3 255
48.3381 49.699 -12.2136 0.19149 0 1.8 0 -0.775235 0.590526 147 147 255
74.5498 60.1478 -3.19375 0.410259 0.673747 -3.5 0 0.717498 -0.464464 5 5 255
51.1124 54.5816 -12.0407 0.291334 0 -3.5 0 -0.247216 -0.173019 73 73 254
74.5033 61.9555 -18.3832 -0.474113 0 -3.5 0 -0.166939 -0.136378 56 56 255
73.8249 75.2376 -44.6874 -0.222941 0 3.8 0 -0.817951 0.565804 57 57 255
72.9932 75.5387 -6.88062 -0.0888238 0.0334333 -0.7 0 0.674419 0.382769 255 192 192
45.813 54.1473 -10.9095 0.225319 0 -3.2 0 -0.182849 0.00411119 33 33 255
60.5913 78.6557 -1.797 -0.412178 0 -3.5 0 -0.582341 0.0395276 2 2 255
54.0815 48.854 -22.31 2.42382 0.0884118 -3.9 0 -0.913749 0.394914 255 254 254
72.8985 73.5013 -7.86062 -0.205033 0 -0.553305 0 0.437922 0.521349 255 184 184
64.2933 45.2004 -26.0478 -0.0663597 0 1.8 0 0.0390419 -0.995995 27 27 255
68.9342 64.2227 -14.4932 -0.314055 0 -1.41408 0 0.727925 0.632276 111 111 255
56.046 70.046 -2.05025 0.100701 0 4.5 0 -0.592977 0.268572 56 56 255
80.1072 60.581 -39.7697 -0.326981 0 -3.5 0 0.673103 -0.337637 72 72 255
75.6179 61.3531 -42.1331 -0.560292 0 -0.8 0 0.845452 -0.406462 78 78 255
81.2012 71.602 -32.5892 0.527224 0 -0.7 0 0.522604 -0.00858179 5 5 255
76.0642 73.7416 -26.5135 -1.77197 -0.294461 -3.5 0 -0.490209 0.721903 21 21 255
62.6369 67.3459 2.66388 0.0322599 0.369894 -3.5 0 -0.43262 0.2353 4 4 255
82.2113 56.2448 -38.748 -0.283154 0 3.8 0 0.802154 -0.0764173 127 127 255
69.3689 49.5544 -7.26806 -1.00786 0 -3.5 0 -0.0772894 -0.787136 219 219 255
58.7965 48.9743 -21.9767 -0.266157 0 -3.9 0 -0.263804 0.964539 255 164 164
47.0498 57.0296 -8.9075 -0.0889901 0 -3.2 0 -0.605322 0.750408 17 17 255
64.2665 47.7402 -31.6516 -1.34775 0 -3.5 0 0.235251 -0.851116 128 128 255
62.909 81.833 -3.496 -1.94924 -0.0377724 -3.5 0 0.02632 0.918213 1 1 255
69.726 51.4925 -28.2103 -1.35161 -0.286408 0.657771 0 0.223391 -0.65705 20 20 255
73.9098 44.8923 -22.252 -0.68503 -0.286751 -3.5 0 0.269153 -0.813652 1 1 255
55.041 54.748 -16.8419 0.225671 0.106944 -3.62506 0 -0.266511 0.0766995 22 22 255
82.203 68.023 -36.568 -1.55807 -0.0753544 -3.5 0 0.718792 0.619508 225 225 255
61.037 57.869 -22.005 -0.62986 0 -1.6 0 -0.123183 -0.847915 33 33 255
82.9912 61.2536 -33.6589 -0.585584 0 2.8 0 0.927774 -0.163876 109 109 255
68.5469 70.1039 -38.8406 -0.400046 -0.919836 -0.4 0 -0.991214 0.013994 3 3 255
67.0545 59.0547 1.546 1.12796 0.254657 -3.5 0 0.269978 -0.958686 16 16 255
74.885 48.9852 -36.4085 0.779948 0.770364 -0.8 0 -0.300315 -0.903071 166 166 255
72.254 59.88 -3.714 -0.374903 0 -3.5 0 -0.0694037 -0.982375 8 8 254
52.978 57.9378 -11.5605 -0.980598 -0.0271141 -3.5 0 -0.114921 0.0346329 27 27 255
79.5729 63.344 -41.9482 -0.572048 0 -3.5 0 0.436857 -0.208252 20 20 255
73.3341 75.9508 -5.94294 -0.20373 0 -0.7 0 0.865079 0.433434 255 150 150
71.6819 71.7218 -51.3675 0.102285 0 -1.6 0 -0.923929 0.342426 10 10 255
59.8624 38.1729 -7.99425 1.49641 0.0446878 -3.9 0 0.864826 -0.436286 255 239 239
69.8611 54.3981 -4.94987 -0.542463 -0.955449 -0.7 0 0.861797 -0.459961 43 43 255
45.5276 55.4531 -10.4901 0.394868 0 -3.2 0 -0.273092 0.46041 23 23 255
41.724 54.8747 -7.56675 0.579242 0 -3.2 0 -0.817861 0.498743 126 126 255
70.3601 52.3643 -29.1152 -1.08319 -0.124781 0.0662697 0 -0.0714308 -0.983495 33 33 255
74.6511 75.2562 -46.6527 -0.204654 0 3.8 0 -0.560607 0.547412 86 86 255
78.832 68.6835 -40.502 -1.76025 -0.824523 -0.7 0 0.998174 -0.0308206 36 36 255
72.2582 71.782 -10.4078 -0.0860741 0 4.2 0 0.377102 0.520685 255 176 176
71.6745 80.8418 1.3555 -2.27877 -0.0155288 -3.5 0 0.140431 0.97214 169 169 255
55.6043 59.9595 5.23338 -1.52812 -0.540608 -3.5 0 -0.599887 0.163128 162 162 255
83.4603 56.1135 -33.0213 0.0976911 0.0112352 3.71654 0 0.797799 -0.378857 168 168 255
73.5124 60.1362 -46.075 -0.121627 -0.230264 -0.8 0 0.0119516 -0.516174 75 75 255
84.059 55.1664 -31.5238 -0.349454 0 -0.8 0 0.892783 -0.342646 157 157 255
68.2205 81.7982 -1.97713 -2.83315 -0.619936 -3.5 0 -0.0166904 0.99629 31 31 255
70.8914 69.376 0.778562 0.886801 0.507176 -0.8 0 0.76451 0.212748 11 11 255
71.4313 65.6611 -5.99638 -0.426797 0 -2.38153 0 0.814749 -0.133449 33 33 254
68.3875 69.2807 -37.9652 0.861213 0.848508 -0.4 0 -0.920455 -0.0595912 6 6 255
69.8966 71.932 -14.2694 0.342507 0 -4.5 0 0.96496 0.179025 155 155 255
63.4953 49.9325 -33.4345 -1.60629 -0.318477 -3.5 0 -0.248129 0.205733 136 136 255
44.958 57.3779 -4.00787 0.557689 0.0915135 -3.2 0 -0.370677 0.767003 175 175 255
82.4999 58.8348 -35.862 -0.208886 0 3.8 0 0.958282 0.229639 121 121 255
81.6083 63.991 -38.3927 -0.411152 -0.0932569 -3.5 0 0.765147 0.0874319 24 24 255
72.7835 66.5435 -48.1775 0.164115 0 -3.5 0 -0.900173 0.39737 66 66 255
60.5858 45.806 -5.54075 0.0645079 0 4.2 0 0.883748 -0.337508 84 84 255
60.45 66.5236 -21.8335 0.0213633 0 -3.5 0 -0.498606 0.723452 50 50 255
69.5577 81.3972 -2.52463 -1.43006 0 -3.5 0 -0.178928 0.983671 53 53 255
44.6872 53.755 -10.3405 -0.0143617 0 -3.2 0 -0.26578 -0.0151034 53 53 255
64.0664 67.8999 -28.5312 -0.574238 0 2.13838 0 -0.704322 0.700778 215 215 255
66.2347 49.4541 -28.7547 -0.766155 -0.342807 -1.95932 0 0.78371 -0.354746 63 63 254
58.881 41.627 -7.377 0.537459 0 -3.9 0 0.811189 0.207805 255 135 135
54.9316 53.5938 1.69625 0.110356 0.42347 -2.27215 0 -0.913403 -0.311868 232 232 255
74.162 47.8035 -25.93 -0.414904 0 -3.5 0 -0.00298986 0.108794 0 0 255
69.9327 70.348 -45.0844 0.226091 0 -1.3 0 -0.763559 0.47341 38 38 255
55.5425 44.2535 -15.865 0.761511 -0.107226 -0.7 0 -0.0713284 -0.838084 255 145 145
49.5765 51.304 -10.5898 0.0384369 -0.201383 3.8 0 -0.871751 0.0480296 95 95 255
58.983 60.138 10.2115 0.557602 0 -3.9 0 -0.893936 -0.403567 22 22 255
65.4115 73.1742 -32.4842 -0.503942 -0.463961 -3.5 0 -0.810326 0.408955 93 93 254
58.6541 80.7534 -8.66712 0.94514 0 -3.9 0 0.156075 0.171103 5 5 255
48.7464 46.9415 -12.7904 0.159903 0 1.8 0 -0.669846 -0.728537 236 236 255
73.998 45.2583 -26.1461 0.360669 0.788566 -3.5 0 0.189861 -0.292799 0 0 255
77.5342 65.5795 -54.6567 -1.75083 -0.481381 -3.5 0 -0.0102466 0.919966 9 9 255
58.9598 82.1718 -4.7925 2.97291 0 -3.9 0 -0.101795 0.536621 2 2 255
57.3545 76.494 -4.073 0.205542 0.0682696 -3.9 0 -0.523262 0.351605 22 22 255
61.2115 56.3469 -26.1882 -1.15263 -0.195517 -0.8 0 -0.804967 0.316096 69 69 255
56.8587 62.701 3.89056 0.420995 0 -4.5 0 -0.274359 0.272333 22 22 255
69.0297 80.7994 -3.80938 -1.0443 -0.0203185 -3.19775 0 -0.357884 0.925665 50 50 255
65.2002 82.0866 -9.55325 1.69104 0.70829 -3.9 0 -0.801162 -0.108653 2 2 255
53.8828 61.9545 -14.7355 -1.38237 -0.0263452 -3.5 0 -0.497616 -0.148526 190 190 255
79.021 69 -43.188 -0.375672 0 -3.5 0 0.963633 -0.101297 72 72 255
56.0126 66.4191 0.035 0.337575 0 -4.5 0 -0.92984 0.271071 25 25 255
55.2906 59.659 -15.0935 0.247849 0 -4.5 0 -0.942197 -0.0155933 53 53 255
51.446 64.6148 -2.99325 1.37047 0.437969 -3.9 0 0.255301 0.820626 255 210 210
74.238 50.2151 -16.3475 -0.460485 0 4.2 0 0.454943 0.297251 5 5 255
55.4819 58.8714 -12.217 -0.261761 0 -1.66792 0 -0.511443 -0.649535 20 20 255
61.2795 63.4981 -29.7834 -1.14076 0 -3.5409 0 -0.499823 -0.649096 244 244 255
71.6225 72.762 -45.4745 -1.60747 -0.215654 -1.3 0 -0.611843 0.755565 63 63 255
51.5457 57.8587 1.98275 0.318991 0 -1.3 1 0.0848837 0.0287338 255 156 156
66.441 57.6695 -0.83325 -0.133181 0 -0.8 0 0.429316 -0.466331 9 9 255
83.2221 54.4834 -32.0653 -0.374154 0 -0.8 0 0.465188 -0.803671 163 163 255
78.0671 66.3208 -22.4831 -0.255825 0 -1.6 0 0.129421 0.589798 12 12 255
76.1701 50.8955 -35.3623 -0.676072 -0.966848 -0.8 0 0.271132 -0.423821 142 142 255
69.7079 63.58 -48.4963 0.248225 0 -3.5 0 -0.504376 -0.00483811 107 107 255
71.8774 51.7246 -30.955 -1.56155 -0.210588 -1.3 0 -0.0173268 -0.987966 26 26 255
56.5274 46.2419 -24.6874 1.28721 0 -3.9 0 -0.211567 -0.333188 255 239 239
72.0723 54.6824 -15.3236 -1.09598 0 -3.36322 0 0.90871 -0.413517 15 15 255
73.8838 56.3341 -44.1291 -1.66933 0 -3.5 0 -0.538739 -0.252636 186 186 255
59.6901 67.6994 -14.1803 0.177019 0 -3.2 0 0.0422281 0.91089 119 119 255
73.4273 64.1208 -20.1437 0.442465 0.256739 -3.5 0 -0.444821 0.742149 139 139 255
81.4991 54.8286 -25.5684 -0.0498463 0.435808 -3.5 0 0.714805 -0.673817 44 44 255
59.301 44.1138 -19.2638 -0.145602 0 -0.9 0 -0.654021 -0.695138 255 187 187
76.7494 52.7581 -38.9096 -0.289485 0 -0.8 0 0.587102 -0.348936 217 217 255
71.2 80.9791 -1.14237 -0.645626 0 -3.5 0 0.100177 0.947375 101 101 255
59.5983 58.2697 -25.3022 -0.16322 0 -1.6 0 -0.783547 -0.440655 33 33 255
66.9827 72.4488 -26.894 0.0595858 0 2.8 0 0.269283 0.809616 99 99 255
78.6185 57.3148 -38.3232 -0.657221 0 3.8 0 -0.928312 -0.132053 225 225 255
73.2552 46.576 -16.8425 -0.332677 0 4.2 0 0.609933 -0.579516 9 9 255
78.9914 82.098 -38.278 0.722585 0 -3.5 0 -0.204652 0.974483 34 34 255
75.5823 51.0732 -22.0705 -1.47911 -0.957315 4.05704 0 0.923916 0.0913238 3 3 255
56.7397 42.6995 -2.313 0.263374 0 -3.5 0 0.357814 -0.809995 176 176 255
76.6804 72.8264 -25.4159 -1.1105 0 -3.5 0 -0.198738 0.564978 15 15 255
71.2538 61.5659 -48.5073 -1.49838 -0.205767 -3.5 0 0.138424 -0.65994 65 65 255
63.6636 65.7594 -34.9771 0.0930574 0 -3.9 0 0.276087 0.598828 163 163 255
76.8685 75.933 -28.3867 1.08142 0.617746 -3.9 0 -0.721427 0.616409 29 29 255
69.8873 62.7425 -9.54825 -0.961429 0 -0.9 0 0.811628 -0.526197 193 193 255
76.3412 60.4027 -18.996 -1.12133 -0.0274004 -3.5 0 0.17954 -0.95733 4 4 255
78.6507 65.1152 -20.3891 -0.173308 0.262613 -3.5 0 0.523972 0.835176 3 3 255
64.0277 55.2636 -34.683 0.0534392 0 2.8 0 -0.317829 -0.030799 200 200 255
55.637 72.687 -8.861 0.0544955 0 -1.6 0 -0.466168 -0.172233 255 175 175
77.8956 82.4851 -37.7173 0.0274626 0 3.8 0 0.136643 0.748789 21 21 254
65.0076 45.3973 -25.3684 -0.154417 0 1.8 0 0.474903 -0.841071 29 29 255
55.8449 44.8034 1.067 0.996114 0.564755 -3.5 0 -0.240279 -0.424093 33 33 255
63.315 50.091 -8.00725 -0.244421 -0.28551 -0.8 0 0.759532 -0.508658 151 151 255
55.766 45.3855 -23.899 0.571694 0 -3.9 0 -0.535724 -0.734226 255 231 231
75.493 57.0033 -16.056 -1.98387 0 -3.5 0 0.670095 -0.513047 4 4 255
57.5319 60.3423 -19.8358 0.455448 0.489965 -2.19302 0 -0.748043 0.243005 178 178 255
65.0835 57.0119 6.24775 -0.170855 0 -0.4 0 0.0641812 -0.281231 21 21 255
52.2195 62.039 -12.4305 -0.0673504 0.285763 -3.5 0 -0.784064 -0.0176009 193 193 255
53.4897 71.4932 -4.498 0.460869 0 -1.6 0 -0.633342 -0.450825 169 169 255
78.74 54.0942 -26.3294 -0.669968 0 -3.2 0 0.601605 -0.798659 32 32 255
62.3721 51.5428 -0.163375 0.342221 0 2.8 0 0.120882 -0.694208 49 49 255
54.223 40.8081 -4.03125 0.08057 -0.0318757 -2.55905 0 0.272736 -0.663495 255 102 102
66.4522 63.4585 -22.6462 -0.507765 0 3.8 0 0.334347 0.894531 178 178 255
75.5212 48.0163 -25.3699 -0.186603 0 -3.5 0 0.575837 0.206146 0 0 255
45.4995 52.572 -6.8275 0.31628 0 -3.2 1 -0.0547182 -0.678473 255 70 70
59.1555 42.0277 -16.658 1.6216 0.812359 -0.9 0 -0.274718 -0.957178 255 90 90
55.6634 39.6186 -9.08175 0.518418 0 -3.9 0 -0.672458 -0.203834 255 35 35
59.173 46.949 -23.6695 0.213495 -0.122194 -3.9 0 0.115379 0.21499 219 219 255
58.0249 41.3009 -13.4434 0.145174 0 -0.9 0 0.135636 -0.694999 255 17 17
72.046 69.7595 -28.96 0.244195 0.127451 4.2 0 0.469415 0.377959 88 88 255
59.9019 73.9541 -14.1105 0.0419121 0 -1.6 0 -0.0601057 -0.125518 153 153 255
55.6445 61.5125 4.1655 -0.653782 -0.673859 -4.30322 0 -0.251543 0.465895 78 78 255
69.507 72.3299 -12.7361 0.752219 0.197411 -4.5 0 0.935452 0.353307 164 164 255
72.8779 62.2774 -48.2929 -1.02897 -0.190895 -3.5 0 0.0109255 -0.848952 25 25 255
73.9747 81.3942 -35.4364 -0.203902 0 3.8 0 -0.996292 -0.00921006 17 17 255
70.449 56.1722 -6.15075 -2.2471 -0.0624406 -0.7 0 0.955581 -0.0856507 20 20 255
52.4905 64.586 -2.8285 0.444013 0 -3.9 0 0.0790124 0.971117 255 253 253
78.8783 81.4351 -42.8018 -2.11983 -0.0247639 -3.5 0 -0.288801 0.826776 102 102 255
49.7272 46.8153 -12.0057 0.138313 0 1.8 0 -0.422604 -0.695022 255 215 215
52.6035 63.0615 -13.098 -0.434014 0 -3.5 0 -0.78204 0.316089 255 251 251
68.834 53.3514 -1.56825 -0.101219 0 -0.7 0 0.299909 -0.871635 38 38 255
79.3665 62.141 -19.2288 -0.678803 0 -3.5 0 0.888768 -0.45611 0 0 255
59.1151 75.3579 0.420625 -0.0976924 0 -0.7 0 -0.642099 0.651602 6 6 255
64.458 75.729 -11.213 -1.26783 0 -3.5 0 0.331049 0.214152 13 13 255
82.2805 58.3273 -38.54 -0.311302 0 3.8 0 0.854481 0.437636 67 67 254
65.8398 74.3364 -32.1678 0.576786 0.742912 -3.5 0 -0.659668 0.648889 63 63 255
81.6045 65.851 -38.238 -0.633484 0 -3.5 0 0.459086 0.291054 41 41 255
59.3708 59.2188 8.19825 0.259104 0 -3.9 0 -0.834019 -0.40159 43 43 255
61.7998 42.4141 -9.723 0.509709 0.195335 -0.9 0 0.871821 -0.473465 255 107 107
76.4153 75.4128 -42.5449 -0.391799 0 3.8 0 -0.586986 0.79683 56 56 255
81.5788 72.0235 -36.0042 -0.26653 0 -0.7 0 0.821451 -0.0209643 9 9 255
70.608 59.454 -15.694 -0.9118 -0.0493526 -1.6024 0 0.106722 -0.0671461 60 60 255
51.814 45.136 -14.9563 0.228523 0 -0.7 0 -0.717394 -0.579699 255 173 173
47.9417 60.224 -7.7485 -0.36748 -0.927297 -0.624397 0 -0.951188 0.247594 30 30 255
58.3997 72.0557 -13.1698 -0.0589156 0 -1.6 0 -0.282236 -0.384874 133 133 255
59.679 71.1917 0.55525 -1.34902 -0.107946 -3.5 0 -0.828067 0.0861232 63 63 255
48.2165 60.7015 -9.24775 -1.16723 -0.801832 -0.8 0 -0.731665 0.603261 33 33 255
64.6468 47.3101 -16.638 0.0293398 0.0503369 -2.6671 1 -0.0224574 -0.958862 255 172 172
68.2841 77.1407 3.63112 -0.170342 0 3.8 0 -0.291834 0.613613 11 11 255
47.915 61.0465 -5.3995 0.108833 0 2.8 0 -0.90062 0.256412 94 94 255
54.5095 76.1174 -7.75112 0.22144 0 -1.6 0 -0.305079 0.63277 124 124 255
70.4755 63.3968 -17.2558 -0.68559 0 -1.3 0 0.447313 0.891767 144 144 255
54.3384 65.5447 -4.72725 -0.230126 0 2.8 0 -0.981915 0.168951 255 248 248
63.3452 78.9976 -7.67525 -1.57842 -0.157523 -3.5 0 0.00697387 0.92209 3 3 255
64.1497 48.8925 -6.43975 -1.78468 -0.00299179 -0.8 0 0.74549 -0.645796 143 143 255
58.4509 59.7506 -22.5531 0.0121987 0 -1.6 0 -0.842074 -0.500028 71 71 255
70.4153 51.6833 -13.22 -0.200464 0 -3.2 0 0.609488 -0.638403 52 52 255
64.9604 70.8764 -32.8629 -0.884145 -0.0747438 -3.5 0 -0.863694 -0.492259 254 254 255
57.5215 68.5742 0.36875 0.400437 0.840989 -4.12556 0 -0.32829 0.86925 40 40 255
66.0577 80.0238 -1.45075 -1.30253 0 -3.5 0 -0.674424 0.622885 9 9 255
51.5821 53.7951 -0.018375 0.0490138 0 -1.3 0 0.530234 -0.675088 255 106 106
59.6475 53.3424 -31.0194 -0.131258 0 2.8 0 -0.883164 -0.325969 158 158 255
72.2076 80.4714 -7.50056 -1.81523 -0.326888 -0.4 0 0.556143 0.775224 73 73 255
63.6374 57.6274 -33.664 -0.105876 0 0.121826 0 -0.628435 0.066098 147 147 255
69.911 68.2243 -12.516 0.827896 0.0640091 -4.13108 0 0.896726 -0.121517 180 180 255
68.9806 59.1525 -13.951 -0.443308 0.00338575 -0.8 0 0.806299 0.122429 41 41 255
63.0291 74.9959 2.17913 0.289244 0.0698907 -0.969522 0 -0.028657 0.748239 5 5 255
70.5157 53.2511 -7.183 -0.738523 0 -3.5 0 0.698438 0.648206 57 57 255
59.4935 55.7272 4.9725 -0.0676244 -0.103958 -2.84133 0 0.0587237 -0.833668 102 102 254
73.1805 76.6645 -3.86588 0.186737 0.582741 -3.5 0 0.972732 0.231049 255 200 200
77.1565 78.7595 -41.019 -1.28605 -0.582859 -3.5 0 -0.906361 0.279945 148 148 255
73.8001 57.5775 -44.0855 -1.12672 -0.44139 -3.5 0 -0.669517 -0.143211 183 183 255
51.761 40.4796 -3.29212 0.0120344 -0.0219203 -0.8 0 0.125663 -0.225966 255 82 82
52.0247 43.5677 -3.1445 -1.16448 0 -0.8 0 -0.434087 -0.0913914 255 247 247
71.1572 49.3208 -9.7645 -1.47784 -0.419978 -3.5 0 0.503038 -0.405434 172 172 255
79.9219 53.2412 -33.7721 -1.26006 -0.247145 4.2811 0 0.287555 -0.950694 114 114 255
64.4806 51.0089 -12.1834 -0.167964 0 3.8 0 0.89195 0.138921 55 55 255
76.639 52.9505 -22.83 -1.89291 -0.0784731 -0.8 0 0.808281 -0.478989 7 7 255
70.8658 64.2428 -12.8066 -0.154872 0 -0.9 0 0.708621 0.313663 188 188 255
74.921 75.5925 -34.5826 -0.352403 -0.000519534 -1.6 0 -0.880159 0.461826 52 52 255
55.5346 67.1844 -3 0.300303 0 2.8 0 -0.779869 0.375256 133 133 255
67.9805 52.5775 -11.1442 -0.468402 0 -3.30822 0 0.756665 0.592502 98 98 255
65.2418 79.502 -9.29862 -0.318718 0 -3.9 0 -0.636086 0.278742 4 4 254
54.9386 69.5922 -13.5425 -0.648635 0.0117505 -3.2 0 -0.336345 0.633534 255 136 136
82.5159 56.2499 -27.5672 -0.336495 0 -3.5 0 0.644801 -0.725665 70 70 255
72.021 66.2736 -51.4741 1.00107 0.88771 -3.5 0 -0.924186 -0.203392 57 57 255
70.7281 55.7681 -4.75612 -1.07983 -0.940669 -0.7 0 0.926805 -0.0481021 20 20 255
77.9908 76.0062 -45.1664 -0.283827 0 3.8 0 0.276108 0.903167 179 179 255
48.315 57.2142 -11.3007 -1.1057 -0.445797 -3.5 0 -0.738109 -0.111964 28 28 255
79.8329 67.9285 -23.9158 0.200447 0 -1.6 0 0.552051 0.503945 3 3 254
81.932 79.3098 -36.7765 -1.26039 -0.0303696 -3.5 0 0.64854 -0.462347 61 61 255
66.6094 81.1294 -9.65475 1.6335 0 -3.9 0 -0.31487 0.0436893 8 8 255
62.2025 67.139 -21.643 -0.107834 0 -3.5 0 0.221697 0.891484 79 79 254
57.7241 66.6404 -16.5546 0.128628 0 -3.2 0 -0.418573 0.55393 142 142 255
65.2125 46.5076 -24.0181 -0.0811302 -0.122303 1.8 0 0.508475 -0.812705 53 53 255
64.8436 62.6206 5.40963 0.602424 0.249254 -3.5 0 -0.284496 0.298464 4 4 255
69.3051 63.3854 -23.0589 -0.566763 0 4.05448 0 -0.281645 0.78893 249 249 255
74.1731 71.8145 -8.67688 -0.180939 0 4.2 0 0.955693 0.18195 255 179 179
70.045 63.1102 -19.0125 -0.557307 0 -1.3 0 0.452653 0.88804 227 227 255
72.2613 66.2764 -50.349 0.986017 0.00120458 -3.5 0 -0.987867 -0.154473 63 63 254
55.667 55.5957 -12.8057 -0.63404 -0.565164 1.12348 0 -0.76521 -0.0430179 25 25 255
75.4047 53.9793 -19.088 -0.671505 0 -0.8 0 0.865729 -0.0256781 8 8 255
83.512 57.6073 -33.31 0.105121 0.211292 3.8 0 0.891991 0.316271 165 165 255
48.1045 47.9254 -13.5879 0.150156 0 1.8 0 -0.906191 -0.4218 195 195 255
59.4981 44.089 -5.34788 -0.987206 -0.36531 -3.5 0 0.752362 -0.613374 183 183 255
69.2445 71.855 -39.9645 -1.27477 -0.10196 -0.0204896 0 -0.841068 0.529828 3 3 255
62.1334 57.0902 -18.5976 -0.699819 0 0.0859138 0 -0.597115 -0.333029 85 85 254
71.5782 71.9262 -49.9059 0.161626 0 -1.6 0 -0.821698 0.559603 20 20 255
62.6382 68.6056 -14.3944 0.754117 0 -1.6 0 -0.520099 0.852705 78 78 255
64.9648 64.618 -34.7705 -0.139281 0 -3.9 0 0.147237 0.487073 221 221 255
54.2882 51.9785 -2.2425 -0.282512 -0.799132 -3.51787 0 -0.179958 -0.554955 218 218 255
54.5062 46.1432 -16.9317 -0.776987 -0.678699 -0.7 0 -0.350183 -0.595565 255 229 229
66.0871 68.4651 -26.0333 -0.109813 0 2.8 0 -0.254008 0.0259282 207 207 255
61.1635 50.7453 -31.0079 -0.139589 0 0.951039 0 -0.879509 -0.218159 255 217 217
67.6365 69.0257 2.52725 -0.365195 -0.163755 -0.8 0 0.439329 0.0896155 5 5 255
55.9106 65.3795 -0.261125 0.441065 0 2.8 0 -0.916371 0.38183 24 24 255
79.7477 82.7473 -39.3882 0.661997 0 -3.5 0 -0.417685 0.907653 39 39 255
62.9523 73.2861 6.9745 0.257467 0 -3.9 0 -0.294218 0.88033 9 9 254
66.5044 67.8828 -32.4756 -0.035307 0 1.84572 0 -0.833059 0.120572 255 182 182
71.588 50.984 -7.38375 -1.40297 -0.0360537 -3.5 0 0.618487 -0.0663486 119 119 254
67.592 59.7541 -40.1802 0.66094 0 -0.767616 0 -0.526785 0.0762274 255 247 247
67.889 67.049 -41.1655 -0.344499 0 -1.3 0 -0.933647 0.356127 45 45 255
66.2207 44.5495 -15.2168 -0.137935 0 4.5 1 -0.700477 -0.649867 211 211 255
65.9682 69.3717 -32.2685 -0.10693 0 0.527826 0 -0.863202 -0.328424 255 218 218
72.1826 71.8166 -34.8055 -0.401999 -0.549596 -3.25733 0 -0.266417 0.935103 26 26 255
62.073 52.6036 0.926875 0.141763 0 2.8 0 -0.137547 -0.755354 71 71 254
71.7415 52.6465 -32.385 -0.895644 0 -1.3 0 0.115201 -0.76043 34 34 255
51.539 46.6025 -11.4677 -0.601257 0 2.83136 0 -0.530786 -0.847506 255 90 90
70.989 73.8463 -0.21775 -0.659483 0 3.8 0 0.87435 -0.271204 154 154 255
83.9564 54.7864 -30.4659 -0.441491 0 -0.8 0 0.767717 -0.624447 125 125 255
71.6137 66.0318 -9.7295 -0.0960735 0 -0.9 0 0.971309 -0.237797 192 192 255
72.4601 60.0974 -43.6096 -0.88913 -0.750924 -0.8 0 -0.812096 -0.535733 145 145 255
68.5267 60.6333 -46.7974 0.517436 0.742297 -3.5 0 -0.487774 -0.87271 165 165 255
72.6055 72.5652 -29.3725 -0.363363 0 4.2 0 0.68527 0.401712 17 17 255
57.928 65.8792 3.462 0.451892 0 -4.5 0 0.0446374 0.486862 20 20 255
77.0489 63.7189 -55.232 -1.82388 -0.0291678 -3.5 0 -0.183519 -0.425714 5 5 255
59.6569 80.2552 -4.131 0.124817 0 -3.9 0 -0.445382 0.425917 7 7 254
50.5337 46.692 -1.63725 0.288972 0 3.8 0 -0.313715 -0.56879 219 219 255
66.5557 59.7168 6.24825 -0.310541 -0.416365 -3.5 0 0.216436 -0.00219603 3 3 255
74.9023 52.266 -39.1782 -0.0528083 0 -0.8 0 -0.041555 -0.281145 225 225 255
53.3354 46.3807 -1.55775 0.112923 0 3.8 0 -0.155944 -0.00773477 63 63 255
66.2696 56.7474 5.39775 -1.07825 -0.0892965 -1.80895 0 0.569258 -0.761275 15 15 255
66.3625 84.042 -8.5845 2.88175 0.0143 -3.9 0 -0.133836 0.926896 3 3 255
53.815 40.1623 -5.02625 0.0608248 0 -3.9 0 0.335172 -0.786934 255 76 76
86.5107 61.777 -26.8738 -1.90977 0 -3.5 0 0.792805 0.410771 22 22 254
77.0997 84.0112 -36.4486 -0.0826499 0 3.8 0 -0.0861915 0.760808 7 7 255
51.0158 59.3978 1.4995 0.297697 0 -1.3 0 -0.142101 0.441307 255 95 95
61.036 66.6016 -35.0326 1.99534 0.390902 -3.9 0 0.0370831 0.435195 88 88 255
67.7876 65.7061 -25.9491 -0.0140006 0 3.39045 0 0.273176 0.487154 245 245 255
58.1958 45.4305 -1.68219 0.186368 0 -3.5 0 0.940643 -0.186741 26 26 255
52.4723 51.4385 -18.0012 0.0802315 -0.600069 -3.5 0 -0.940671 -0.00941198 94 94 254
73.719 72.264 -35.6302 0.249276 0 -3.9 0 -0.598149 0.63036 40 40 255
83.9908 60.0854 -30.3399 -0.0846791 0 -3.5 0 0.350989 0.595493 49 49 255
66.807 69.9911 3.08463 -0.616867 -0.0969913 -3.01551 0 0.742012 -0.115925 4 4 255
61.4432 72.3298 3.3475 0.0747803 0 -3.9 0 -0.947242 -0.18701 18 18 255
79.9922 63.1626 -18.0746 0.0327383 0.907151 -3.5 0 0.830448 -0.154048 0 0 255
53.2215 42.9456 -11.7345 0.178515 0 4.2 1 -0.288409 -0.871249 255 21 21
45.213 49.2505 -2.19213 2.58949 0 -3.9 1 -0.983837 0.172383 255 44 44
52.7345 56.6205 -11.9005 -0.635988 -0.00447916 -3.5 0 0.0828633 0.107733 47 47 255
69.6616 54.1063 -37.3677 -0.886774 -0.885123 -0.8 0 -0.801647 -0.286625 47 47 255
87.144 60.931 -26.268 -2.14615 -0.168846 -3.5 0 0.991665 0.0791631 33 33 255
67.6844 61.4098 -40.3935 -0.143831 0 -0.56121 0 -0.179744 -0.262235 255 201 201
72.6475 72.3485 -52.1685 0.0631166 0 -1.6 0 -0.38649 0.809697 8 8 254
60.9053 41.777 -18.8419 0.380846 0 -0.9 0 -0.187621 -0.968884 255 151 151
71.1977 62.7234 -18.9854 -0.663385 0 -1.79393 0 0.150487 0.960704 202 202 255
66.0573 70.8025 4.598 -0.343466 0 -3.9 0 0.888189 -0.1076 4 4 255
56.0846 55.7354 -15.9781 0.439285 0.146809 -4.5 0 -0.661557 -0.296087 27 27 255
81.3979 64.5049 -23.666 -1.26232 -0.903017 -3.5 0 0.775653 0.112253 5 5 255
75.8985 83.8209 -35.9354 -0.110986 0 3.8 0 -0.533119 0.816831 6 6 255
79.0219 62.5724 -21.4557 -0.846578 0 -3.5 0 0.88371 -0.246598 2 2 255
55.4663 54.055 3.85838 -0.508312 0 -3.72441 0 -0.916466 -0.134494 230 230 255
59.5329 53.942 -28.6829 0.0495284 0.116823 1.19305 0 -0.940616 0.336615 255 230 230
66.1137 58.5494 -10.2841 -0.631349 -0.473762 3.9873 0 0.782289 0.0894465 29 29 255
60.6569 64.2732 3.7225 0.201797 0 -4.5 0 0.0686303 0.437088 14 14 255
59.2115 50.1795 0.091625 0.844107 0 -4.5 0 0.505549 -0.80686 32 32 255
68.4583 67.5986 -15.3877 -0.904103 -0.203278 -2.35996 0 0.679844 0.247747 226 226 255
79.2507 74.334 -44.1517 -0.356583 0 3.8 0 0.997778 0.0100787 166 166 255
56.1931 44.7375 -21.6929 0.470524 0 -3.9 0 -0.572063 -0.787798 255 237 237
62.057 67.2259 -28.8482 -1.28857 0 -3.5 0 -0.233846 0.962848 158 158 255
70.3595 49.6758 -27.1723 -2.31171 -0.600653 -3.5 0 0.151766 -0.630189 1 1 254
57.2848 47.3763 -24.9191 0.484912 0 -3.9 0 0.293187 0.192691 255 199 199
65.5742 46.5055 -10.8862 -0.109744 0 -0.4 0 0.344279 -0.449222 150 150 255
80.1716 69.7418 -36.6813 -0.505031 0 -0.7 0 0.910779 -0.0571907 50 50 255
45.203 56.4225 -5.9815 0.908012 0.0422028 -3.2 0 -0.359129 0.910392 97 97 255
82.5625 55.627 -37.6896 -0.254905 0 3.8 0 0.930421 -0.255068 166 166 255
76.9961 65.3896 -21.828 -0.211814 0 -2.63932 0 -0.124939 0.877059 16 16 255
58.5498 44.3235 -3.01025 -0.660623 0 -3.5 0 0.760413 -0.375371 101 101 254
49.9665 57.5114 1.71625 0.0394968 0 -1.3 1 -0.302964 0.101353 255 138 138
66.1121 49.7035 -12.616 -0.188806 0 4.2379 0 0.0455089 0.748329 71 71 255
78.0909 82.798 -33.3452 -0.110927 0 3.8 0 0.319605 0.0819966 16 16 255
70.1151 75.2387 3.17663 -0.141598 0 3.8 0 0.619177 -0.313693 33 33 255
78.906 71.1546 -43.6058 -1.0286 -0.464337 -3.5 0 0.922538 0.377479 64 64 255
63.1063 47.2718 -28.2533 0.111666 0 1.8 0 -0.755598 -0.569624 137 137 255
59.0527 41.7277 -24.3481 2.67316 0.438021 -3.9 0 -0.318237 -0.890175 89 89 254
42.0355 52.41 -6.7425 0.0196277 0 -3.2 1 -0.403106 -0.415337 255 140 140
65.4174 63.3975 -36.8961 -0.438428 -0.72647 -0.8 0 -0.682374 0.729441 221 221 255
58.9065 42.7054 -25.5 3.0094 0.0463531 -3.9 0 -0.252276 -0.553466 115 115 255
66.421 56.3727 -34.9408 -0.129935 -0.40782 1.15535 0 -0.0866862 -0.556151 209 209 255
63.3672 65.8473 -25.1987 -1.60849 -0.0452396 3.8 0 -0.128571 0.856215 255 243 243
75.3307 56.4104 -44.6527 -1.70213 -0.909734 -3.5 0 0.352391 -0.13292 168 168 255
75.081 55.8495 -17.839 -1.00011 0 -3.5 0 0.969523 -0.242386 2 2 255
64.4035 58.9245 -35.1842 -0.176292 0 -0.8 0 -0.73331 -0.531767 133 133 255
71.387 50.9059 -15.592 -0.935889 0 -3.2 0 0.73736 -0.408582 15 15 255
85.5761 63.3311 -25.6712 -1.9729 -0.0107025 -3.5 0 0.703901 0.710296 11 11 254
51.8423 58.177 -11.3667 -0.498963 -0.229192 -2.13259 0 -0.00237035 -0.125981 23 23 255
54.9781 51.4772 3.04012 0.382651 0.0747386 -4.5 0 -0.895016 -0.0368279 212 212 255
78.9294 72.9251 -43.7106 -0.426329 0 3.8 0 0.995379 -0.0898172 140 140 255
53.9516 67.959 -4.6495 -0.850022 -0.150207 -3.2 0 -0.810354 0.0255047 190 190 255
52.8695 44.3602 -14.6776 0.202631 0 -0.7 0 -0.345425 -0.881984 255 88 88
58.679 49.9137 -19.6273 0.0535291 0 -3.9 0 -0.244081 0.625957 255 196 196
72.397 77.9425 -4.79812 0.142896 0 -3.5 0 0.96797 0.236506 216 216 255
58.6941 52.7467 -19.253 -0.961551 -0.566694 -3.44015 0 -0.247351 -0.289462 189 189 255
59.1186 39.053 -10.7541 2.08597 0.279814 -3.9 1 0.568267 -0.373045 255 40 40
82.2194 82.8018 -38.1628 3.33235 0 -3.5 0 0.1428 0.660872 32 32 255
76.6541 81.9281 -33.6016 -0.147782 0 3.8 0 -0.125115 0.063215 18 18 255
79.9473 68.5508 -46.6455 0.040129 0.872426 -3.5 0 0.856693 0.191062 12 12 255
74.0844 62.1555 -5.73263 0.487981 0.899982 -3.5 0 0.514758 0.280346 14 14 255
54.6669 66.9607 -4.01613 -0.273089 0 2.8 0 -0.863249 0.19956 195 195 255
75.7951 65.6659 -22.3711 -0.0515063 0 -1.6 0 0.00978556 0.600125 32 32 255
60.5317 61.1903 12.2565 2.13099 0.433105 -3.9 0 -0.0943062 -0.403306 26 26 255
68.4652 55.5573 -0.309625 -0.0569666 0 -0.7 0 0.0227009 0.200415 20 20 255
77.9743 61.7586 -52.434 -2.39679 -0.0238699 -3.5 0 0.227506 -0.960675 7 7 255
74.2032 48.9683 -16.4069 -0.388994 0 4.2 0 0.420216 -0.243493 5 5 255
66.506 47.8988 -10.7758 -0.892988 -0.603643 3.04015 0 0.160802 -0.0813287 140 140 255
55.417 45.5622 -19.9026 0.0631092 0 -3.9 0 -0.747262 -0.591545 255 224 224
55.0955 49.6872 2.5145 0.868133 0.341125 -4.5 0 -0.637995 -0.718603 171 171 255
65.1448 67.9658 -26.8905 -0.231531 0 2.8 0 -0.698486 0.206757 213 213 255
62.3559 66.7656 -34.2736 1.39479 0.303034 -3.9 0 0.39532 0.810429 132 132 255
56.3379 49.8396 -20.4939 -0.0280117 0 -3.5 0 0.557345 0.624006 250 250 255
73.8324 68.8976 -53.4276 -0.026123 0 -1.6 0 -0.176002 -0.28125 15 15 255
61.2374 55.1779 -23.533 -1.44317 -0.329914 -0.8 0 -0.529185 0.306438 123 123 255
56.1751 63.6114 3.35437 0.723392 0.550237 -4.5 0 -0.5027 0.319254 15 15 255
62.141 80.267 -0.96425 -1.29295 -0.00751657 -3.5 0 0.0296174 -0.205686 3 3 255
61.0935 49.3656 -30.6521 -0.214478 0 -3.5 0 -0.930306 -0.275403 255 214 214
54.6444 56.2751 -16.5166 0.803183 0.91331 -4.5 0 -0.835938 -0.0416401 24 24 255
86.262 62.1421 -25.2754 -2.32887 -0.201039 -3.5 0 0.801141 0.445056 26 26 255
59.2375 42.6797 -7.9835 0.0830375 0 -0.911439 0 0.571743 -0.213934 255 150 150
59.5218 65.8455 -32.2632 2.31049 0.307988 -3.9 0 -0.920664 0.100268 76 76 254
74.3053 68.0945 -4.919 -0.178653 0 -0.7 0 0.947219 0.157905 133 133 255
48.7327 60.8615 -1.189 -0.0701929 -0.143685 -1.3 0 -0.99136 -0.00453316 255 114 114
50.1865 46.7298 -8.67075 -0.17136 -0.0617372 3.8 0 -0.766503 0.19723 255 82 82
74.9295 64.4577 -19.5554 -0.146968 0.0111491 -3.5 0 -0.301038 0.78965 67 67 254
62.179 62.7686 11.5487 2.95559 0.0968425 -3.9 0 0.725631 0.266508 21 21 255
68.7742 54.0545 -0.558 -0.0866785 0 -0.7 0 0.0801425 -0.611321 28 28 255
76.3333 60.002 -40.381 -0.878988 0 -3.5 0 0.545733 -0.36646 114 114 254
63.3095 69.3115 4.412 -0.0116804 0 -3.9 0 -0.539994 -0.822198 3 3 255
75.9301 55.439 -39.7499 -0.834093 0.081997 -2.32847 0 0.947786 0.258158 155 155 255
53.588 50.9765 -2.708 -0.818812 -0.131667 -3.56163 0 0.307715 -0.349322 205 205 255
77.098 67.087 -23.0535 -0.190094 -0.108869 -1.6 0 0.0860751 0.481045 17 17 255
63.2673 64.868 -35.4825 0.135992 0 -3.9 0 -0.0645161 0.292925 130 130 255
69.3921 61.4347 -11.5284 -0.607096 0 -0.9 0 0.66237 -0.746514 112 112 255
75.986 58.247 -15.8573 -2.45914 -0.321896 -3.5 0 0.685571 0.181069 6 6 255
65.9691 71.7523 5.74125 0.0349697 0 -3.9 0 0.949081 0.0536053 3 3 255
63.0353 62.8445 -30.8822 -0.502916 0 -3.9 0 -0.909432 -0.375588 224 224 255
68.714 58.2705 -9.181 -0.574234 0 4.2 0 0.614113 -0.0328934 29 29 255
53.5585 51.163 -20.0765 0.127978 0 -3.5 0 -0.562835 0.0918573 107 107 255
67.6208 65.8334 -36.5462 -0.57731 0 2.5 0 -0.92372 0.38226 95 95 255
77.6125 52.4325 -26.712 -0.412101 0 -3.2 0 0.621135 -0.772358 11 11 255
71.1666 67.1331 -23.6209 -0.333649 0 4.2 0 -0.323613 0.723748 210 210 255
67.851 66.3164 -43.557 -0.338199 0 -1.3 0 -0.948561 0.229876 138 138 255
79.8886 71.884 -37.7487 -0.483672 -0.0300491 -0.737496 0 0.701757 0.37022 17 17 255
61.432 55.029 -27.892 -0.577631 -0.139379 -0.459801 0 -0.604131 0.796374 86 86 255
49.4468 48.5708 -15.1055 0.109246 0 1.8 0 -0.31293 0.143218 104 104 255
62.6096 62.3683 -35.5348 0.82771 0.581934 -1.87843 0 -0.792807 -0.242177 135 135 255
75.3326 76.4401 -33.649 -0.502883 -0.066307 -2.08087 0 -0.660127 0.705415 35 35 255
59.6362 38.7551 -6.65475 0.749392 0 -3.9 0 0.770351 -0.219908 255 233 233
82.5113 79.997 -37.4835 -0.505405 -0.341333 -3.5 0 0.809519 -0.516173 81 81 254
68.2162 77.9876 1.84375 -0.737491 -0.0296573 3.46358 0 -0.434762 0.687642 9 9 255
67.2387 57.3908 5.49388 -1.72959 0 -3.5 0 0.775316 -0.591481 11 11 255
63.1396 63.256 -35.9605 0.531357 0.223159 -1.39499 0 -0.320457 0.2953 155 155 255
70.9111 81.9511 -2.96338 -2.33285 -0.0839545 -3.5 0 0.0528584 0.986913 80 80 255
82.1945 68.0892 -29.6068 -0.159188 0 3.8 0 0.776795 0.618452 9 9 255
81.2159 54.0752 -24.3425 0.312723 0.186768 -3.5 0 0.682231 -0.710846 46 46 255
47.8688 58.4173 -7.12375 -0.147803 -0.187608 -1.7835 0 -0.978826 0.199438 42 42 254
71.6793 56.8172 -42.1934 -0.110229 0 -3.5 0 -0.680258 -0.148646 156 156 255
67.9525 81.7067 -9.812 0.628371 0.55138 -3.9 0 0.442775 0.119607 9 9 255
75.2607 77.4893 -35.7357 -0.772024 -0.672664 3.8 0 -0.898937 -0.0391853 49 49 255
69.5226 79.0281 1.49012 -1.15137 -0.00233836 -3.5 0 -0.39894 0.473431 20 20 255
54.047 65.7213 -13.7205 -0.576532 0 -3.2 0 -0.867845 -0.0183297 255 241 241
73.1195 78.4011 -7.81375 -2.15816 -0.55876 -0.4 0 0.882033 -0.297232 132 132 255
61.116 59.3683 -29.4319 -1.16937 -0.918505 -0.7 0 -0.918673 0.303893 163 163 255
60.964 75.6042 1.688 -0.102215 0 -0.7 0 -0.378843 0.748791 4 4 255
72.7486 55.8952 -42.6009 -0.108717 0 -3.5 0 -0.581727 -0.473014 148 148 255
70.7541 81.7164 -4.67125 -1.28923 -0.859802 -3.19385 0 0.0165673 0.999559 65 65 254
64.3246 45.6514 -27.7074 -0.135714 0 1.8 0 -0.0116715 -0.788119 29 29 255
54.0923 59.9453 -14.2805 -1.25536 -0.826368 -3.5 0 -0.573948 -0.495524 35 35 255
80.3577 54.3064 -25.9005 -0.201111 0.450826 -3.5 0 0.24401 -0.919278 49 49 255
69.3335 59.6695 1.40488 -0.229191 0 -0.8 0 0.616361 -0.425807 13 13 255
78.3474 55.6935 -22.3505 -0.660101 0.0472517 -0.963541 0 0.454325 -0.344808 10 10 255
75.907 70.68 -24.8382 -0.542557 0 -3.5 0 -0.483123 0.287227 21 21 255
71.5147 73.075 -1.14863 -1.84514 -0.137966 4.5 0 0.863308 -0.246376 245 245 255
75.5577 57.4241 -37.7178 -1.4422 0 -1.22918 0 0.902496 -0.0869988 145 145 255
54.0677 57.3535 -11.391 -0.890124 -0.550069 -3.5 0 -0.0738033 -0.0166099 24 24 255
43.3295 55.0387 -3.5125 0.0639719 0 -3.2 0 -0.947699 -0.153902 255 92 92
68.4455 56.0568 -12.0491 -0.532556 0 1.0287 0 0.42944 0.313617 31 31 255
77.63 64.9195 -55.445 -1.29306 -0.372112 -3.5 0 0.158703 0.307567 6 6 255
47.7411 43.9688 -8.206 0.181239 0 -0.466785 0 -0.907155 -0.32998 255 49 49
72.5344 79.059 2.94163 -0.220642 0.0447047 -3.5 0 -0.0357991 0.329285 159 159 255
47.5976 59.6302 -9.29537 -0.482987 -0.629176 -0.8 0 -0.980487 0.151952 38 38 255
69.6231 52.9725 -36.835 -1.06811 -0.784219 -0.8 0 -0.566784 -0.715781 68 68 255
61.8042 63.2695 -32.2399 0.44662 0 -3.9 0 -0.547791 -0.826048 184 184 255
68.5127 70.6348 -39.9637 -1.1306 -0.110894 -0.4 0 -0.964472 0.164237 2 2 255
62.7648 42.9678 -21.725 0.113654 0 -3.1406 0 0.622012 -0.773304 146 146 255
70.7705 62.007 0.3505 -0.821012 -0.877841 -0.8 0 0.65087 0.617567 17 17 255
67.6381 62.1645 -46.6 0.0446317 0 -3.5 0 -0.965921 -0.233117 207 207 255
56.5101 45.3044 -17.6505 -0.0525207 0 -3.9 0 -0.550577 -0.824514 255 202 202
64.7006 49.9072 -11.6855 -0.0470891 -0.00403305 -0.121257 0 0.689219 0.449621 99 99 255
69.8014 72.0139 -34.9845 -0.179113 0 -3.5 0 0.550116 0.808786 18 18 255
54.8097 56.2075 2.06787 -0.159916 0.00383885 -3.13509 0 -0.828883 -0.140323 231 231 255
65.9505 70.7842 9.4025 1.64288 0.732608 -3.9 0 0.9395 0.329117 3 3 255
55.215 55.2101 4.02631 -1.01684 0 -3.5 0 -0.946332 -0.223073 231 231 255
81.6815 73.265 -32.8887 0.013551 0 -0.7 0 0.694884 0.349472 7 7 255
70.5228 56.2827 -40.219 0.498802 0.0207232 1.59812 0 -0.386567 -0.686565 89 89 255
58.254 60.8126 -22.5396 0.154497 0 -1.6 0 -0.965851 0.211657 73 73 255
65.8978 83.8386 -7.67825 2.25055 0.39024 -3.9 0 -0.447477 0.84185 2 2 255
73.7781 70.802 -9.84025 -0.144376 0 4.2 0 0.775804 0.412102 255 101 101
75.237 70.598 -27.587 -0.208893 0.27182 -3.5 0 -0.938985 0.300913 27 27 255
74.5234 62.4045 -49.2644 -1.73865 -0.338677 -3.5 0 0.243338 -0.954903 17 17 255
60.6707 44.6787 -6.07575 -0.0119966 0 4.2 0 0.782276 -0.503656 196 196 255
59.9347 50.2282 -21.8482 -0.833762 0 -3.5 0 -0.877872 0.47886 255 172 172
69.6045 55.5132 -37.9743 0.145256 -0.145352 1.04605 0 -0.54737 -0.719116 43 43 255
73.1166 60.0835 -2.737 -0.507544 -0.0314347 -3.5 0 0.334018 -0.762221 5 5 254
69.485 54.8402 -0.3315 -0.0730703 0 -0.7 0 0.500508 -0.0330034 22 22 255
63.4991 52.7163 1.2965 0.237334 0 2.8 0 0.42234 -0.798192 78 78 255
74.7134 62.0284 -4.38737 0.0288848 0 -3.5 0 0.843816 0.519799 12 12 255
74.4849 49.7984 -37.7308 0.394071 0.101912 -0.8 0 -0.379124 -0.79473 208 208 255
57.4328 72.667 -11.669 0.259729 0 -1.6 0 -0.99229 -0.00211846 126 126 255
67.3378 53.8652 -33.559 -0.141682 0.313112 2.8 0 0.00321319 -0.661219 182 182 255
71.9046 60.9258 -43.0785 -0.47668 0 -0.8 0 -0.866152 -0.472236 166 166 255
75.7875 74.9549 -47.0961 -0.217215 0 3.8 0 0.0499126 0.278409 86 86 254
48.3514 48.644 -14.518 0.110995 0 1.8 0 -0.793094 0.0119614 142 142 255
74.2968 73.8593 -5.23612 -0.189465 0 -0.7 0 0.975623 -0.190616 255 248 248
62.1181 49.848 -31.9827 -0.936398 0 -3.5 0 -0.77116 -0.0473001 206 206 255
53.0602 60.727 -13.7836 -2.06339 0 -3.5 0 -0.727662 -0.254484 99 99 255
69.735 46.798 -12.768 -0.269963 0 4.5 0 0.655043 -0.109993 58 58 255
67.1695 64.1475 -23.7705 -0.343047 0 3.8 0 0.178673 0.7872 242 242 255
53.285 54.0915 -16.5343 0.479439 0.0182636 -3.5 0 -0.342438 0.377993 45 45 255
75.8629 73.0256 -47.195 -0.321425 0 0.360546 0 0.545297 0.40057 132 132 255
68.0123 56.0006 -38.4231 0.0733194 0 1.8 0 -0.273055 -0.956964 56 56 254
61.2523 50.2184 -1.43212 0.177452 0 -1.51344 0 -0.0806312 -0.583171 18 18 255
72.127 61.0518 -1.2235 -0.627877 -0.111251 -1.48365 0 0.697721 0.0030386 7 7 255
57.262 80.286 -4.97875 0.918194 0.110049 -3.9 0 -0.841476 -0.116852 22 22 255
62.6668 49.27 -9.41838 0.323645 0.281491 3.8 0 0.982792 -0.0863893 169 169 255
69.3356 62.7481 -21.6129 -0.795562 0 2.13132 0 -0.0387099 0.997518 220 220 255
79.7042 72.1448 -26.2875 -2.63244 -0.173284 -3.5 0 0.883842 0.0841736 8 8 255
71.251 62.4591 -6.409 -0.030537 -0.07942 -3.5 0 0.529512 -0.121543 22 22 255
78.7174 56.1608 -38.3387 -0.609132 0 3.8 0 -0.819082 0.0979541 190 190 255
66.2626 51.1739 -5.54625 -0.250255 0 -0.8 0 0.145561 -0.917371 156 156 255
65.2838 71.8323 -28.2743 -0.473384 0 2.8 0 -0.85631 0.51491 167 167 255
74.2538 72.7684 -51.6009 -0.0459086 0 -1.6 0 0.44197 0.879185 14 14 255
54.8773 51.2615 1.415 -0.14021 0 -4.5 0 -0.920076 0.0830769 194 194 255
58.44 82.9354 -7.5775 2.54555 0.295655 -3.9 0 0.142463 0.731138 1 1 255
62.6166 56.4782 6.45475 -0.0891086 0 -0.4 0 0.131771 -0.36339 46 46 255
73.6724 56.5754 -15.2179 -1.15339 0 -3.5 0 0.603195 -0.425216 12 12 255
73.353 61.17 -2.37 -0.581156 0 -3.5 0 0.656281 0.148794 6 6 255
62.3577 57.9309 -21.6194 -0.979366 0 3.44604 0 -0.632748 -0.688918 40 40 255
59.3189 53.7475 -29.9452 0.25483 0 2.8 0 -0.942685 -0.306076 255 231 231
52.1235 73.7679 -6.27563 0.24857 0 -1.6 0 -0.986395 0.0807423 255 180 180
70.0449 80.1879 0.661875 -1.37694 -0.68369 -3.5 0 -0.268866 0.885823 44 44 255
61.3825 73.3346 -13.62 0.161766 0 -1.6 0 0.427717 -0.185351 137 137 255
59.3481 66.6265 -32.9118 2.59528 0.393388 -3.9 0 -0.851301 0.513973 69 69 255
71.6182 64.1296 -11.5725 -0.174223 0 -0.9 0 0.979894 0.0544501 202 202 255
69.7913 59.1486 -2.75875 -0.116976 0 -3.02066 0 0.71587 -0.670765 9 9 255
77.3138 62.3221 -53.8504 -1.46514 0 -3.5 0 -0.0356764 -0.835275 6 6 255
61.089 51.655 -31.65 -0.0802148 0 2.8 0 -0.665329 -0.408929 155 155 255
54.8544 56.6307 4.21375 -0.311244 0 -3.5 1 -0.945441 -0.107519 208 208 255
72.9546 70.7698 -5.63788 -0.802556 0 3.83253 0 0.983387 0.108271 239 239 255
54.6469 52.2868 -15.6011 -0.00187511 -0.871195 -0.8 0 -0.536249 0.587371 107 107 255
47.1519 55.0768 0.978 -0.267704 0 -1.3 1 -0.203262 0.021056 255 49 49
55.9198 60.2217 -16.2292 0.420159 0 -4.5 0 -0.854867 0.247879 87 87 254
56.7612 44.7637 -19.3207 0.171791 0 -3.9 0 -0.43183 -0.862531 255 223 223
59.395 60.1748 7.48475 0.48267 0 -3.9 0 -0.994098 0.0725262 28 28 255
77.5498 76.2464 -43.2105 -0.365326 0 3.8 0 0.145585 0.980195 102 102 255
66.1576 46.1753 -16.7738 -0.199108 0 2.55208 0 -0.731355 -0.67754 223 223 255
67.0105 54.706 -0.6685 -0.0972864 0 -0.7 0 -0.289928 -0.379853 18 18 255
78.4276 54.0477 -38.2041 -0.389145 0 -0.8 0 -0.112858 -0.69077 185 185 255
60.8354 49.1592 -2.21206 -0.213395 0 -0.8 0 -0.35839 -0.604186 8 8 255
62.623 62.5747 -33.0425 0.166887 0 -3.9 0 -0.661153 -0.748227 125 125 255
69.9331 68.4463 1.36769 -0.329643 -0.358158 -0.8 0 0.605697 -0.257387 13 13 255
78.9486 70.3011 -42.6611 -0.654492 0 -3.5 0 0.987263 0.141299 60 60 255
57.0646 50.961 -19.1034 -0.0292946 0 -3.5 0 0.446621 0.341977 255 228 228
62.2836 72.0854 8.12706 0.884586 0 -3.9 0 -0.737432 0.565514 7 7 255
59.3491 75.4434 -12.6095 0.210284 0 -1.6 0 -0.310446 0.829996 117 117 255
65.4164 59.8471 5.97388 0.394938 0 -3.5 0 -0.127208 0.113056 4 4 255
62.6616 66.7118 -33.1727 1.27832 0 -3.9 0 0.357239 0.932432 176 176 255
68.7269 58.2453 -13.1731 0.374424 0.678789 -0.8 0 0.429812 0.351131 29 29 255
72.7057 69.2946 -52.5813 0.292567 0 -1.6 0 -0.68662 -0.225606 19 19 255
55.6159 42.5636 -12.0014 0.0819652 0 0.061029 0 -0.628048 -0.767824 255 32 32
72.6198 67.3177 -49.8693 1.22142 0 -1.66814 0 -0.973212 0.0178385 63 63 255
74.5289 72.6182 -48.1786 -0.133183 0 -1.43246 0 -0.0561029 0.920467 147 147 255
74.3985 74.8 -39.26 0.0505078 0 -1.6 0 -0.824019 0.561134 65 65 255
48.9302 55.6323 1.28275 -0.315378 0 -1.3 1 -0.206698 -0.0572719 255 87 87
76.5105 74.0772 -46.67 -0.27321 0 3.8 0 0.431881 0.015684 89 89 255
54.9533 52.4864 -20.2755 0.0437138 -0.0432033 -3.5 0 -0.127413 0.195229 115 115 254
67.6982 64.8921 -16.7376 -0.433877 -0.332189 -1.40846 0 0.402906 0.48467 111 111 255
56.0998 48.7766 -24.4773 2.56282 0 -3.9 0 0.199677 0.500244 255 146 146
59.2817 62.5626 4.77187 0.284613 0 -4.40944 0 -0.211031 0.463598 18 18 255
63.686 45.6833 -17.8328 -0.322647 0 -0.9 0 0.563895 -0.568697 255 78 78
55.382 53.0963 0.582563 0.236801 -0.375895 -2.60596 0 -0.789736 -0.582076 238 238 255
54.1499 44.4584 -15.3834 0.180355 -0.459741 -0.7 0 -0.249319 -0.877999 255 110 110
69.4228 69.3651 -14.0678 0.35816 0 -4.5 0 0.902256 -0.0675646 213 213 255
64.5123 47.6574 -29.5855 -0.740211 0.234938 -0.641606 0 0.0591317 -0.977236 102 102 255
44.1474 55.3905 -9.54362 0.0915434 0 -3.2 0 -0.488906 0.422362 28 28 255
54.9487 43.2711 -12.2864 0.196486 0 4.2 0 -0.302989 -0.813085 255 33 33
67.6959 80.6618 -3.6535 -1.3308 -0.978201 -3.5 0 -0.110851 0.968328 26 26 255
74.1765 51.1611 -35.7498 -0.355406 0 -0.8 0 -0.450129 -0.234017 106 106 255
60.4494 42.6564 -19.9412 0.270982 0 -0.9 0 -0.603039 -0.748581 255 184 184
58.029 57.686 -19.385 -0.185947 0 -4.5 0 0.428501 -0.606632 148 148 255
55.7739 42.9321 -13.0137 0.354721 0 -0.9 0 -0.686187 -0.598217 255 28 28
69.6962 65.0323 -24.8025 -0.410444 0 3.98692 0 -0.685344 0.527235 255 241 241
50.8643 63.7108 -4.71475 0.498193 0 1.8971 0 -0.0990196 0.992256 207 207 255
59.2129 58.7154 -19.5362 -0.415546 0 -1.34706 0 0.191446 -0.930268 145 145 255
76.6857 51.3137 -37.7034 -0.977503 -0.0915692 -0.8 0 0.795453 -0.363956 221 221 255
69.5045 51.7065 -11.2795 -0.557442 0 -3.28363 0 0.892128 0.35823 102 102 255
78.0621 53.7996 -25.154 -0.928695 0 -3.26607 0 0.564546 -0.781391 16 16 255
50.4411 49.1731 -14.8794 0.0562719 0 1.8 0 -0.213536 0.326328 82 82 255
79.0819 70.5693 -25.8326 -1.39165 -0.866439 -3.5 0 0.863979 -0.0215889 10 10 255
62.0267 60.1875 -30.2639 -1.29998 0 -0.7 0 -0.750546 0.511946 160 160 255
73.8531 74.5821 -43.1409 -0.232136 0 1.98374 0 -0.42391 0.866441 51 51 255
61.7463 46.16 -13.051 -0.495109 0 -0.9 1 0.172337 -0.970125 255 77 77
67.2371 62.4791 5.64838 0.446678 0 -3.5 0 0.401683 0.444066 5 5 255
59.8297 52.7954 0.979312 1.16098 0 3.8 0 0.522059 -0.474349 64 64 254
71.6361 70.724 -50.5631 0.273574 0 -1.6 0 -0.990548 -0.135768 24 24 255
73.2785 72.2487 -48.3365 0.32076 0 -1.6 0 -0.348457 0.929018 86 86 255
64.3715 45.4484 -20.7999 0.0690334 0 -3.9 0 0.662176 -0.744723 220 220 255
77.4935 76.308 -41.996 -0.402781 0 2.61628 0 0.206482 0.832935 54 54 255
67.6596 73.5229 -34.846 0.202192 0 -3.5 0 0.128868 0.719306 22 22 255
81.9011 55.8159 -24.2553 -0.0977993 0 -3.5 0 0.829739 -0.409266 32 32 255
68.6631 73.5073 -31.8282 -0.0517158 0 -1.83567 0 0.30195 0.939513 24 24 255
68.6505 63.6974 -47.5876 0.271217 0 -3.5 0 -0.749302 0.128783 181 181 255
63.2238 50.4181 -9.72987 -0.319533 -0.293034 3.8 0 0.830357 -0.461366 143 143 255
50.6586 52.3078 -0.3745 0.0646188 0 -3.11286 0 0.513488 -0.370396 255 85 85
59.391 68.5504 -13.3901 0.124314 0 -3.2 0 0.14496 0.754025 176 176 255
57.769 71.56 -12.548 -0.13309 0 -1.6 0 -0.705609 -0.137686 171 171 255
59.6908 39.4002 -9.77962 3.4087 0.0120056 -3.9 0 0.952564 -0.0159739 255 57 57
67.6529 50.265 -12.4191 -0.310191 0 -3.2 0 -0.747322 0.509903 70 70 255
73.8158 61.9582 -46.5835 -0.430702 -0.683511 -1.07063 0 0.46851 -0.664729 51 51 255
58.5448 42.1425 -23.3995 2.75106 0.0442085 -3.9 0 -0.648354 -0.68679 134 134 255
56.1948 58.0921 -13.058 0.316491 0 -4.5 0 -0.961842 -0.26848 24 24 255
60.208 80.8326 -7.03013 0.928736 0 -3.9 0 0.756457 0.483606 4 4 255
60.2636 42.6016 -25.1287 2.55996 0 -3.9 0 0.21585 -0.632544 105 105 255
60.9878 47.0428 -6.73012 0.4252 0.145105 1.19799 0 0.896085 -0.420484 78 78 255
69.938 63.527 -1.83219 -0.902398 0 -0.4 0 0.695497 0.41805 22 22 255
62.7774 69.0013 -13.0376 0.363214 0 2.02748 0 -0.604433 0.596298 109 109 255
78.5011 76.6444 -40.9022 -0.303315 0 -1.6 0 0.682182 0.0974254 77 77 255
53.4974 68.4527 -6.78931 0.610798 0 -3.2 0 -0.928939 0.181006 255 215 215
50.1445 65.1448 -3.213 2.55607 0.0581801 -3.9 0 0.0454359 0.79994 255 184 184
78.9555 68.9812 -41.9325 -0.711474 0 -3.5 0 0.996093 -0.0838439 55 55 255
59.2429 83.1804 -5.9195 2.68582 0.179532 -3.9 0 0.532418 0.844242 1 1 255
59.2627 51.4971 -19.4252 -1.33134 -0.0415351 -3.5 0 -0.67861 0.0464311 255 253 253
73.5966 75.2972 -4.60588 -0.129495 0 -0.7 0 0.932723 0.265351 255 157 157
55.7066 51.7196 -1.70187 0.221358 0 -4.5 0 -0.713297 -0.588013 99 99 255
74.7684 60.8241 -18.5044 -0.676276 0 -3.5 0 -0.302393 0.148945 24 24 255
75.4571 82.7056 -36.8672 -0.150907 0 3.8 0 -0.455365 0.622944 8 8 255
74.8743 55.3747 -44.0448 -0.822864 -0.0522121 -3.5 0 -0.280169 -0.495867 131 131 255
69.3411 71.4126 -37.3535 0.10772 0 -0.4 0 -0.402026 0.914456 12 12 255
60.2111 52.375 -24.8674 -0.691126 0 -0.8 0 -0.871243 -0.393197 255 227 227
68.8055 65.4167 -47.2163 0.147215 0 -3.5 0 -0.697699 0.575803 255 243 243
74.0277 65.815 -52.6547 -0.105266 0 -3.5 0 -0.634089 0.119029 37 37 255
76.6462 76.1121 -32.1655 -0.0357731 0 -3.9 0 -0.27787 0.949647 30 30 255
78.2858 75.3671 -41.6313 -0.601798 0 -1.6 0 0.922267 0.152234 53 53 255
61.6187 58.0966 -31.9707 0.259458 0 -0.7 0 -0.833645 0.361714 56 56 255
44.9518 48.1656 -1.02262 3.26834 0.141973 -3.9 0 -0.868153 0.0491604 255 58 58
72.6564 64.5728 -49.5918 0.566534 0 -3.5 0 -0.828905 -0.293663 66 66 255
64.8701 53.9943 -0.017375 -0.38093 0 2.8 0 0.820022 -0.539484 33 33 254
62.6091 65.767 -22.8304 -0.129687 0 -3.5 0 0.221724 0.772522 129 129 255
52.2117 38.7648 -4.23469 -0.133041 -0.390419 -0.8 0 0.678472 -0.40073 255 99 99
82.1742 58.5568 -37.0016 -0.242479 0 3.8 0 0.872911 0.412577 85 85 255
72.5419 55.5019 -14.679 -1.07407 0 -3.2 0 0.901353 -0.432997 17 17 255
67.1948 73.2731 3.41637 0.0945479 0 3.38546 0 0.317485 -0.052247 5 5 255
49.0946 61.4099 -9.47894 -0.425431 0 -0.8 0 -0.571892 0.685778 50 50 255
55.3643 65.8625 1.09225 0.717009 0.182404 -4.5 0 -0.991224 0.0335399 21 21 255
72.2742 77.0369 -7.31081 -0.480278 -0.58109 -0.491332 0 0.722178 -0.314956 191 191 255
76.2143 63.3394 -44.6426 -0.89985 0 -1.21375 0 0.756964 -0.629591 16 16 255
69.9915 59.3302 -4.17475 0.573342 0 4.2 0 0.850351 -0.462407 12 12 255
56.8431 80.1423 -6.24113 1.43741 0 -3.9 0 -0.962961 -0.225548 16 16 255
72.9723 52.1106 -38.0701 0.715214 0 -0.8 0 -0.592315 -0.530026 149 149 255
42.801 56.3 -2.717 0.201979 0 -3.2 0 -0.945456 0.113958 255 131 131
63.4934 43.501 -19.2794 -0.116881 0 -0.9 0 0.793732 -0.582007 255 138 138
55.6861 42.5554 -2.95475 0.908115 0 -3.5 0 -0.121804 -0.79119 224 224 255
68.704 67.668 -39.52 0.138176 0 -1.3 0 -0.910936 0.321811 30 30 255
78.6837 78.561 -42.1445 -1.29214 0 -3.5 0 -0.397097 -0.53112 127 127 255
75.7552 67.4897 -51.7864 -0.385318 0 -2.81961 0 0.693587 0.337551 13 13 255
63.4436 46.4299 -17.1396 -0.123859 0 -0.9 0 0.628856 -0.541219 255 65 65
79.0982 66.9465 -23.1713 -0.101591 0 -1.6 0 0.237835 0.384862 6 6 255
69.2943 61.2357 -9.65475 -0.696777 0 3.07663 0 0.846234 -0.374793 137 137 255
75.8066 61.6197 -18.3567 -0.710463 0 -3.5 0 -0.190002 -0.0445165 24 24 255
70.8276 69.6216 -45.9196 0.783293 0 -1.2665 0 -0.538886 0.126345 85 85 255
50.2469 56.372 1.68562 -0.232773 0 -1.3 0 -0.0705038 -0.101447 255 127 127
82.0471 79.356 -41.6157 0.00304945 0 -3.5 0 0.684089 -0.500687 67 67 255
67.9289 56.7497 -36.8606 0.0149406 0 1.8 0 -0.411353 -0.873671 83 83 255
76.822 54.3322 -30.2975 -0.432654 0 4.5 0 -0.532557 -0.846139 32 32 255
51.5223 55.9296 1.39287 0.018573 0 -1.3 0 0.194295 -0.233335 255 143 143
66.47 69.3123 -15.8129 0.409647 0 -4.07669 0 -0.0614608 0.267688 107 107 255
74.9753 72.0291 -50.1572 0.171641 0 -1.6 0 0.708103 0.694375 61 61 255
47.1731 55.9403 -10.1841 0.428692 0 -3.2 0 -0.171248 0.429159 24 24 255
52.083 51.0385 -1.638 -1.23796 -0.931193 -3.9 0 0.50258 -0.270674 255 130 130
57.5989 72.5247 -10.026 0.442499 0 -1.6 0 -0.953705 0.178418 172 172 255
50.4528 56.1234 -11.705 0.168437 0 -3.5 0 -0.124281 0.0591532 53 53 255
77.073 58.9765 -39.831 -0.667842 0 -3.5 0 0.0671476 -0.90877 144 144 255
69.3299 57.4616 -40.7704 -0.171924 0 0.294574 0 -0.135577 -0.478285 159 159 255
75.016 48.2486 -20.7337 -0.218392 0 0.610752 0 0.880472 -0.351962 2 2 255
68.7534 55.9491 -37.2466 0.117954 0 1.8 0 -0.74967 -0.657142 65 65 255
81.4893 58.8545 -24.361 -0.53432 0 -3.5 0 0.530752 0.375265 27 27 255
50.5363 58.227 -11.4817 -0.377203 -0.198179 -3.44866 0 -0.0643521 0.0981984 22 22 255
58.0298 43.7135 -25.2787 2.35857 0.180528 -3.9 0 -0.8214 -0.269321 144 144 255
63.3961 79.2966 -6.4355 -1.49024 -0.620777 -3.5 0 0.0122511 0.87722 1 1 255
68.1616 82.9373 -7.96044 2.38263 0 -3.9 0 0.81066 0.563301 7 7 254
66.3624 57.5475 -38.918 0.0884691 0 1.8 0 -0.857696 -0.33575 61 61 254
78.8445 78.917 -35.337 0.0207235 0 3.8 0 0.492248 -0.424848 52 52 255
79.1192 72.6065 -37.6527 -0.177484 0 -0.783128 0 0.697227 0.426632 22 22 255
68.0756 64.5575 -43.7286 0.0726048 0 -1.3 0 -0.940561 -0.257778 255 219 219
74.7299 75.2018 -32.688 -0.381472 0 -3.9 0 -0.732747 0.597014 37 37 255
52.1639 45.4188 -11.0445 0.0734144 0 4.2 1 -0.806478 -0.294981 255 43 43
56.6818 50.0101 -0.50325 0.618245 0 -4.5 0 -0.830642 -0.254349 63 63 254
61.755 64.5738 -23.9369 0.0839442 0 -3.5 0 -0.273679 0.933748 245 245 255
55.293 50.2399 -21.0798 0.0418943 0 -3.5 0 -0.0942574 0.614252 210 210 255
59.2101 60.948 8.33037 0.714011 0 -3.9 0 -0.975967 -0.15202 24 24 255
54.4173 47.2707 -18.5349 -1.14558 -0.124131 -3.9 0 -0.720687 -0.644368 255 207 207
79.0911 82.9271 -36.4198 0.00984245 0 3.8 0 0.758569 0.559149 17 17 255
73.9847 73.729 -46.617 -0.289892 0 3.8 0 -0.545933 0.525213 93 93 254
75.0099 59.7946 -42.7321 -0.62014 0 -0.8 0 0.959885 -0.235777 107 107 255
53.8906 64.5322 -1.26275 0.424521 0 -3.9 0 -0.186814 0.955906 151 151 255
72.1676 73.2209 -3.62819 -0.366993 0 -0.7 0 0.715449 -0.431681 255 249 249
67.7243 78.5494 -9.44312 -0.528463 0 -3.9 0 0.0854071 -0.113883 17 17 255
63.1172 47.6303 -29.2922 -0.0496878 0 -3.5 0 -0.235248 -0.953134 144 144 255
72.9135 70.778 -4.54375 -0.374887 0 -0.7 0 0.835281 0.231037 197 197 255
57.7761 39.1309 -5.88319 0.839948 0 -3.9 0 0.173844 -0.390908 255 159 159
70.6373 71.9533 -28.8678 -0.241502 0 4.2 0 -0.105277 0.201577 44 44 255
48.802 47.4735 -1.72375 1.22983 0.107543 1.46416 0 0.188458 -0.511896 255 162 162
62.1489 77.4979 -1.57375 -0.620095 0 -3.5 0 -0.0649023 0.191902 2 2 254
65.2469 80.3463 -7.878 0.382951 0 -3.9 0 -0.953219 0.236219 1 1 255
62.2805 48.854 -26.3972 -1.02653 -0.122604 -0.209966 0 -0.921215 -0.366557 195 195 255
67.8039 74.8907 3.48256 -0.0112288 0 3.8 0 -0.059231 -0.136884 8 8 255
67.438 65.4952 -40.8548 -0.509649 0 -1.3 0 -0.937554 0.302884 161 161 255
72.6989 63.9409 -3.15138 -0.0165335 0 -3.5 0 0.777158 0.472306 25 25 254
54.6164 42.2906 -8.9575 -0.192171 0 -3.9 1 -0.0592411 -0.611871 255 26 26
64.7032 69.2402 -29.8862 -0.758845 0 2.8 0 -0.959211 0.229124 255 226 226
56.8905 68.2306 -0.702125 0.304652 0.645125 -2.72729 0 -0.847199 0.530715 28 28 254
67.7925 44.1746 -16.1385 -0.423948 0 4.5 0 -0.548899 -0.778578 196 196 255
56.2715 70.9788 -11.4548 0.0277311 0 -3.2 0 -0.227973 0.894035 255 251 251
70.8816 64.2438 -9.651 -0.604149 0 -0.9 0 0.874381 -0.382784 197 197 255
70.9812 69.153 -1.74713 0.0463982 0.000578227 0.533974 0 0.806245 0.488061 92 92 255
55.0734 51.1224 -2.89175 -0.0962063 0 -0.4 0 -0.128266 -0.55887 77 77 255
77.3555 76.1428 -29.4335 1.625 0 -3.9 0 -0.139687 0.978954 37 37 255
50.2151 59.7955 0.211125 0.454763 0.104168 -1.3 1 -0.523405 0.441866 255 71 71
68.1379 66.1604 -38.8156 0.0493055 0.4553 -0.875431 0 -0.742555 0.660478 61 61 255
54.9526 60.6857 -14.6388 -2.04666 -0.820983 -3.5 0 -0.512548 -0.104481 89 89 255
61.8811 72.3191 7.06225 0.397994 0 -3.9 0 -0.738814 0.543492 7 7 255
65.5614 49.1258 -11.1707 -0.254156 -0.0457762 0.0506413 0 0.15731 0.615877 134 134 255
68.5141 64.7574 -15.8656 -0.665152 -0.064581 -1.53707 0 0.859406 0.409174 88 88 255
62.4079 44.3217 -8.95862 0.149065 0 -0.9 0 0.906709 -0.264623 255 211 211
68.043 56.9781 -39.9938 0.10005 0 1.8 0 -0.375255 -0.681735 89 89 255
69.4887 49.0439 -12.5659 -0.121718 0.400908 4.5 0 0.866868 -0.127846 80 80 254
57.5288 48.3223 -0.990875 -0.0239479 -0.628987 -3.8354 0 0.93706 -0.0350234 24 24 255
68.9446 68.1363 -38.6154 0.00651146 0.585958 -0.63824 0 -0.981549 -0.0641141 11 11 255
71.0014 72.7294 -9.24938 -0.341781 0 4.2 0 0.309993 0.807149 255 238 238
74.0962 54.3754 -31.0061 -0.297867 0.324757 1.90507 0 0.628768 -0.426054 20 20 255
58.3023 47.1963 -1.69938 -1.46147 -0.354476 -3.5 0 0.909314 0.0876641 23 23 254
68.8901 62.1934 -40.2605 -0.130183 0.0641867 -0.778124 0 0.0986945 -0.210203 255 242 242
51.8714 49.3613 -16.5753 -0.640037 -0.675498 -2.83731 0 -0.98581 0.025854 151 151 255
59.0391 61.307 9.56481 1.32295 0 -3.9 0 -0.998249 -0.0123688 29 29 254
64.4371 66.1432 -33.0047 0.129266 0 -3.9 0 -0.0711016 0.943716 255 218 218
55.7084 46.0526 -18.9164 -0.346584 0 -3.9 0 -0.68601 -0.680343 255 206 206
48.79 60.661 -4.29125 -0.00309004 0 2.8 0 -0.871179 0.172736 210 210 255
69.3132 65.3575 -1.435 -0.63399 -0.123316 0.635333 0 0.915993 -0.0552414 22 22 255
61.5791 54.2715 -21.3386 -1.54165 -0.000621267 -3.5 0 -0.483906 0.818981 169 169 255
62.1027 57.0996 -27.6106 0.171593 0 4.2 0 -0.943455 -0.123578 30 30 255
53.8445 39.19 -6.208 0.216648 -0.914653 -0.8 0 0.314714 -0.947244 255 58 58
75.6913 56.6947 -39.5219 -1.06978 0 -3.5 0 0.962702 0.248476 136 136 255
81.8306 65.5221 -34.9589 -0.481454 -0.168821 -1.48902 0 0.98691 0.00629717 123 123 255
53.2443 51.5477 -15.8361 -0.0887422 0 -0.7 0 -0.568213 0.578408 129 129 255
76.7038 65.4705 -49.248 -0.288646 0 -3.5 0 0.994009 -0.101634 12 12 255
59.6598 55.3343 3.23875 -0.155733 0 3.8 0 0.208726 -0.827496 123 123 255
72.2795 51.3475 -8.41438 -2.24512 -0.704625 -3.5 0 0.996115 0.0257237 113 113 254
58.0911 65.9296 -17.9724 -0.601295 -0.93405 -3.5 0 -0.828672 0.446883 74 74 255
52.797 47.3165 -1.80712 0.101543 0 3.8 0 0.454143 0.208 97 97 254
74.7218 60.8363 -4.94481 -0.0691098 0 -3.5 0 0.865675 -0.331926 12 12 255
63.2069 55.2491 4.06612 0.215652 -0.328447 -0.4 0 0.0854848 -0.965656 117 117 255
72.0901 60.9856 -5.72856 0.0428297 0.201381 -3.5 0 0.400604 -0.337177 14 14 255
73.0138 67.8216 -6.43694 0.982184 0.115681 -0.7 0 0.826342 -0.343601 173 173 255
79.6251 73.2186 -30.8749 0.408025 0 -3.9 0 0.985483 -0.101035 14 14 254
82.9956 58.9316 -25.292 -0.410439 0 -3.5 0 0.439705 0.0819688 45 45 255
67.2854 76.8294 2.4715 -0.255803 0 3.8 0 -0.597023 0.701961 7 7 255
74.4926 54.4028 -17.991 -0.517376 0 -3.07316 0 0.68677 -0.342139 5 5 255
65.7387 46.5827 -21.956 0.264108 0.169559 -3.60047 0 0.28035 -0.892875 140 140 255
79.9586 70.4743 -31.3053 -0.606275 -0.412052 3.8 0 0.685866 0.552544 17 17 255
54.2536 42.8802 -9.78687 -0.136661 0 4.2 1 0.152245 -0.941594 255 26 26
71.6259 76.0128 -0.07975 -0.216287 0 -3.5 0 0.758744 -0.62529 131 131 255
80.6083 54.5191 -29.0791 0.0904375 0 -1.88042 0 0.294248 -0.911665 66 66 254
69.771 62.9705 -0.872 -0.370021 -0.0457158 -0.418391 0 0.810957 0.524704 12 12 255
69.5439 64.1295 0.52725 0.301323 0 -0.4 0 0.981082 0.105301 11 11 255
59.3635 43.0676 -18.2271 -0.0224175 0 -0.9 0 -0.636313 -0.636937 255 154 154
71.2051 45.9476 -20.7414 -0.40296 -0.184043 -2.12933 0 0.179236 -0.976503 9 9 254
55.9265 52.5234 -12.8146 -0.254302 0 -0.8 0 -0.867734 0.415737 122 122 255
60.1226 62.1606 4.80306 0.0645558 0 -4.2321 0 0.110861 0.763659 21 21 255
61.6143 49.575 -28.5975 0.177536 0 -3.5 0 -0.924656 -0.306107 255 213 213
68.7763 66.2725 -15.7215 -1.70857 -0.304218 -1.6 0 0.8308 -0.0293804 178 178 255
69.2187 54.849 -7.30469 -0.919966 -0.150774 -2.26412 0 0.753356 0.141598 45 45 255
50.3377 45.903 -9.81075 0.165257 0.395856 -0.4 0 -0.67346 0.0766179 255 58 58
67.2197 75.9952 -9.46619 -0.346338 0.130902 -3.80594 0 0.527261 0.168449 28 28 255
52.4002 60.2365 1.08413 0.925708 0 -1.3 0 -0.165862 0.113893 255 105 105
78.4354 64.4791 -46.1842 -2.15464 -0.319372 -3.5 0 0.546405 -0.686871 6 6 255
59.2637 50.9123 0.98175 0.966233 0 -4.5 0 0.60807 -0.493628 47 47 255
70.8926 77.2125 -8.05975 -0.789083 0.00295829 -0.453652 0 0.282632 -0.450754 111 111 255
56.745 40.6093 -9.82856 0.640353 0 -3.9 1 -0.799186 -0.16303 255 40 40
53.4577 43.9122 -13.1198 0.244034 0 1.63515 0 -0.397319 -0.849648 255 29 29
71.7441 61.0423 -18.2609 -0.68768 0 -1.3 0 0.819766 -0.148023 100 100 255
78.0208 77.7308 -35.3376 -0.302171 -0.158725 1.59887 0 0.615585 0.0606238 37 37 255
52.9949 64.3745 -9.7315 0.186262 0 -3.5 0 -0.914468 0.404586 255 177 177
47.799 48.8155 -8.695 0.204826 0 -3.2 0 0.118316 -0.103 255 181 181
51.48 46.1893 -1.81869 0.174359 0 3.8 0 -0.0708299 -0.509988 130 130 255
56.1683 53.4793 -14.2555 1.21033 0.122759 -0.8 0 -0.911665 0.384623 62 62 255
60.0536 52.3371 -21.1364 -1.93138 0 -3.5 0 -0.93843 0.191922 237 237 255
75.8565 82.5957 -34.1657 -0.151841 0 3.8 0 -0.349236 0.405856 11 11 255
65.5624 47.864 -29.3962 -1.02862 -0.5803 -3.34639 0 0.747345 -0.637814 53 53 255
59.1387 43.0422 -14.0189 -0.074122 0 -0.9 1 0.731101 -0.645101 255 16 16
47.115 57.8723 -2.4275 0.402726 0 2.8 0 -0.477946 0.862479 255 235 235
52.3454 63.7846 -11.7606 -0.0471844 0 -3.5 0 -0.811999 0.553829 207 207 255
62.764 57.7988 -19.723 -0.972433 0 4.2 0 -0.899002 -0.317428 61 61 255
74.881 75.0861 -38.0915 0.844417 0 -1.6 0 -0.983184 -0.045639 77 77 255
60.4816 41.6442 -10.7192 0.121103 0 -0.9 0 0.77309 -0.552668 255 22 22
54.9337 51.8235 -13.0103 -0.294913 -0.299856 -0.8 0 -0.492879 0.868366 185 185 255
66.0778 62.4087 -40.4093 -0.132757 0 -0.8 0 -0.59531 -0.295607 255 185 185
75.7959 52.8934 -21.676 -1.23935 -0.148097 -0.8 0 0.838679 -0.316886 6 6 255
60.5992 67.096 -19.8939 0.233167 0 -3.5 0 -0.215377 0.925367 50 50 254
57.2559 74.0397 -3.76962 -0.0380131 -0.0379174 -3.9 0 -0.558385 0.180765 43 43 255
61.0761 68.2411 -16.8339 0.286424 0 -1.6 0 -0.237352 0.971127 42 42 255
73.0918 67.2629 -23.7641 -0.776949 -0.661164 -0.274547 0 -0.228037 0.833853 161 161 255
47.5929 58.5109 -5.23806 0.571678 0.0037859 -3.05455 0 -0.886373 0.439586 77 77 255
71.2615 60.2658 -15.1231 -0.656429 0 -1.3 0 0.3804 -0.428804 79 79 254
81.0216 74.0794 -35.0169 0.0301614 -0.120086 -0.7 0 0.812018 0.555411 14 14 254
61.9758 61.4484 11.5599 2.45378 0 -3.9 0 0.68581 -0.289114 30 30 254
73.0622 65.9522 -4.3375 -0.158071 0 -0.7 0 0.75189 -0.646285 58 58 255
51.3781 43.9721 -10.2229 0.592975 0 4.2 1 -0.477537 -0.1117 255 26 26
67.2372 58.6641 0.167625 -0.769863 -0.0441466 -0.8 0 0.158837 -0.900835 13 13 255
55.8882 41.2929 -8.88988 0.496988 0 -3.9 1 -0.53442 -0.271424 255 22 22
62.1409 69.0612 2.37944 -0.457549 0 -3.5 0 -0.583009 -0.0797525 10 10 255
70.1653 63.1437 -20.044 -0.818323 0 -1.58324 0 0.262882 0.960963 227 227 255
67.944 67.1925 2.9835 -1.18927 0 -0.8 0 0.583522 0.0142154 9 9 255
71.617 65.557 -49.1065 0.0530584 0 -3.5 0 -0.65438 0.513036 87 87 255
55.9342 43.793 -14.7514 0.491215 0.0662686 -0.860197 0 -0.288651 -0.845187 255 59 59
62.3618 73.8503 3.26775 0.323657 0 -1.19581 0 -0.486716 0.786566 8 8 254
59.5294 55.0837 -30.7846 -0.210468 0 2.8 0 -0.991067 0.131311 89 89 255
64.8846 51.9888 -12.7796 -0.133035 -0.00383853 3.8 0 0.721722 -0.333783 39 39 255
69.7516 48.6956 -8.48088 -2.2569 -0.752895 -3.5 0 -0.364104 -0.908735 237 237 255
58.6733 61.6555 -24.2323 0.318825 0 -1.6 0 -0.898458 0.256711 85 85 254
54.9065 53.1561 -11.3872 0.430505 0 -1.67835 0 -0.421152 0.197899 116 116 255
68.0533 63.0244 -21.3096 -0.454916 0 2.80685 0 0.170289 0.942546 141 141 255
68.257 59.3366 2.04769 0.184522 0 -1.1792 0 0.567846 -0.815094 19 19 255
76.6034 62.5617 -41.903 -0.619847 0.71317 -2.87451 0 0.404342 -0.561533 47 47 255
78.4729 81.6442 -34.0382 -0.121389 0 3.8 0 0.455507 -0.138793 28 28 255
59.9338 43.429 -20.8519 0.366478 0 -3.37465 0 -0.646573 -0.727195 237 237 255
56.815 71.144 -2.59687 0.042555 0 4.5 0 -0.375772 0.485545 73 73 255
75.6687 79.1523 -35.0194 -1.03362 0 3.8 0 -0.651887 -0.25309 43 43 255
47.5206 47.1378 -8.34525 -0.379157 0 -3.2 0 0.172497 -0.162987 255 159 159
62.7287 61.6048 5.83531 0.207737 0 -3.9 0 0.288816 0.790268 9 9 255
73.7763 55.1369 -42.1963 0.109676 0 -3.5 0 -0.496782 -0.806395 115 115 254
81.2182 59.5979 -37.1624 -0.257379 0 3.48034 0 0.875142 0.36191 48 48 255
76.2464 49.4916 -24.0826 -0.604966 -0.100866 -3.5 0 0.853496 -0.0957127 1 1 255
61.4072 44.4164 -15.7973 -0.602469 0 -0.9 1 0.678973 -0.519222 255 50 50
71.3743 48.5272 -25.4762 -1.32712 0 -0.7 0 0.40884 -0.247012 1 1 255
80.1744 76.6676 -38.6011 0.339181 0 -1.6 0 0.924259 -0.368152 63 63 255
53.996 70.0517 -5.53181 0.141469 0 -2.19277 0 -0.921249 -0.136104 180 180 255
62.8339 53.7443 -33.6805 -0.428524 0 2.8 0 -0.416596 -0.243417 127 127 255
80.9133 82.6628 -40.3882 1.67503 0 -3.5 0 -0.120645 0.738342 46 46 255
64.6079 73.5343 5.40331 0.232789 0 -3.9 0 0.445202 0.781359 8 8 255
67.6661 59.59 -9.93394 -0.639552 0 4.17295 0 0.561069 -0.443608 49 49 255
75.0475 58.6815 -43.1323 -0.84539 -0.449516 -3.5 0 0.918142 0.367143 149 149 255
52.5207 66.9345 -10.9987 0.672657 0.0802705 -3.2 0 -0.993954 -0.0982581 255 207 207
69.7296 63.5426 -16.2834 -0.692266 0 -1.3 0 0.368072 0.929192 102 102 255
48.1491 58.6256 -10.7539 0.0350353 0.177609 -1.36262 0 -0.729016 0.205529 30 30 255
56.8661 44.7174 -16.0832 0.21439 -0.409886 -0.736209 0 -0.286139 -0.842492 255 146 146
59.47 82.209 -7.2955 2.25158 0 -3.9 0 0.647597 0.508228 2 2 255
81.2061 63.4236 -30.8334 0.065893 0 2.8 0 0.913176 -0.0732392 24 24 255
78.7584 71.6183 -42.2101 -0.485727 0 3.8 0 0.989262 0.104081 91 91 255
59.9816 64.6769 -32.6102 2.01995 0 -3.9 0 -0.819288 -0.554046 94 94 255
73.0618 58.9485 -43.3348 -0.494128 -0.250923 -2.78426 0 -0.780068 -0.237311 183 183 255
55.7002 67.4128 1.05731 0.734775 0 -4.5 0 -0.836823 0.524069 18 18 255
84.4784 62.2236 -28.4797 -0.556081 0 -3.5 0 0.268499 0.794665 18 18 255
66.9358 64.4247 -36.0734 -0.824111 -0.40545 1.14309 0 -0.734052 0.6734 187 187 255
78.3942 58.3218 -38.1829 -0.610089 0 3.8 0 -0.719811 -0.656775 202 202 255
48.2653 51.8477 0.039125 0.201684 0 -3.38068 1 0.0706502 -0.115586 255 47 47
56.694 41.9144 -10.2149 0.100262 0 -0.9 1 -0.848793 -0.50624 255 35 35
63.8076 44.5306 -20.503 -0.0304679 0 -1.47632 0 0.881734 -0.469248 196 196 255
68.2775 51.4912 -11.409 -0.385849 0 -3.2 0 -0.973216 -0.108639 84 84 255
76.0201 76.1549 -30.4411 0.0116061 0 -3.9 0 -0.651876 0.725571 29 29 255
62.6686 50.6355 -1.13425 0.208192 0.411818 -0.00588833 0 0.539654 -0.300415 17 17 255
62.8696 51.1836 -32.5826 -0.587659 -0.40625 -1.94591 0 -0.427893 -0.190998 148 148 255
63.2416 51.0697 -2.2715 -0.0119872 0 1.55142 0 0.888674 -0.300226 33 33 255
68.1783 54.1411 -9.10119 -0.605419 0 -3.5 0 0.653396 0.590505 58 58 255
67.1606 58.4439 -40.1171 0.22942 0 1.8 0 -0.739682 -0.132016 147 147 255
70.028 61.2505 -40.4576 -0.797239 0.514266 -0.7 0 -0.445697 0.047206 249 249 255
62.224 69.6529 6.70288 1.00346 0 -3.9 0 -0.610268 -0.758891 2 2 255
71.0319 61.5857 -45.4566 -0.468607 0 -3.5 0 -0.20421 -0.914221 149 149 255
76.5574 83.2386 -37.0186 -0.099483 0 3.8 0 -0.186283 0.667871 8 8 255
70.7771 69.8974 -0.402438 0.853593 0.230375 -0.8 0 0.840822 0.534055 31 31 255
75.6984 45.9981 -24.2326 0.00957232 0 -3.5 0 0.814758 -0.561448 0 0 255
55.8155 64.1946 -15.7279 -0.542214 0 -3.2 0 -0.636012 -0.219545 180 180 255
66.6321 61.2015 -39.8404 0.301616 0 -0.8 0 -0.50065 -0.319065 255 219 219
70.1035 62.188 -43.8515 -1.64237 -0.234146 -3.5 0 -0.432443 -0.816105 234 234 255
50.6622 48.0146 -10.1551 -1.14191 0 1.8 0 -0.981004 -0.192705 255 112 112
62.0805 55.0349 3.20325 0.0458097 -0.252115 0.779815 0 0.0430681 -0.890304 162 162 255
70.4514 65.2382 -2.82275 -0.447334 0 4.5 0 0.547637 0.0257349 41 41 255
66.3749 50.9038 -7.261 0.0130117 0 -2.90424 0 -0.480563 -0.875588 160 160 255
42.8973 56.6679 -0.116 -0.334935 0.0992162 -3.2 1 -0.869772 0.275077 255 53 53
53.524 57.19 1.534 -0.00307147 0 -1.3 1 -0.146141 0.2131 255 235 235
61.6307 66.86 -32.1331 1.52488 0 -3.9 0 0.0865386 0.953956 144 144 255
62.6466 47.7394 -26.9301 -0.18669 0 1.8 0 -0.944528 -0.296118 181 181 255
72.4951 73.1371 -39.0511 0.71606 0 1.8 0 0.0920022 0.609384 38 38 255
68.9948 59.3817 -8.8725 -0.505938 0 4.2 0 0.642117 -0.240298 68 68 254
77.5872 58.66 -21.9376 -0.492922 0 -0.853672 0 0.572206 0.127739 3 3 255
84.0799 59.2419 -25.9899 -0.533797 0 -3.5 0 0.400299 -0.625202 35 35 255
72.4383 54.1654 -39.2936 0.225048 0 -0.8 0 -0.0203104 -0.666975 98 98 255
55.663 55.0572 -19.3994 -0.547227 -0.674824 -3.50678 0 -0.178001 0.252088 83 83 255
83.7579 57.8975 -26.0151 0.19352 0.469702 -3.5 0 0.812889 -0.319339 67 67 255
46.9348 46.7383 -3.50119 1.71494 0 -3.9 0 -0.105187 -0.984174 255 92 92
70.844 76.379 2.9025 -0.17195 0 3.8 0 0.602692 -0.12386 53 53 255
75.9022 47.0694 -22.7323 0.0230905 0 -3.5 0 0.829148 -0.389194 1 1 255
49.683 38.2661 -4.87162 0.156104 0 -0.8 0 -0.664222 -0.736137 255 191 191
73.5922 53.5784 -38.9591 -0.0119662 0 -0.8 0 -0.335197 -0.392144 146 146 255
50.7257 63.7794 -5.92919 0.346628 0 2.8 0 -0.223096 0.972932 236 236 255
71.6677 58.6135 -41.8722 -0.696502 0 -3.5 0 -0.557303 0.0104664 173 173 255
74.4067 68.011 -27.7914 -1.18349 -0.509151 -3.5 0 -0.631713 0.685293 62 62 254
59.2337 62.5668 -22.8394 0.948146 0 -1.6 0 -0.877322 0.456972 62 62 255
69.1346 80.8566 -5.02256 -0.741302 0 -0.4 0 -0.284218 0.928652 34 34 255
64.3811 51.4655 -3.74012 -0.756325 -0.205304 -0.8 0 0.597303 -0.599627 88 88 255
60.7803 44.7119 -14.8436 -0.453029 0 -0.9 1 0.694918 -0.497254 255 44 44
47.9755 59.5047 -4.74363 0.231441 0 2.8 0 -0.871173 0.421052 150 150 255
80.7085 59.7839 -38.8296 -0.444349 0 3.8 0 0.778402 0.0771657 75 75 254
73.7446 64.3846 -52.5802 -0.157539 0 -3.5 0 -0.796681 -0.0912508 39 39 255
48.0718 54.5041 -10.4134 0.61028 0 -3.48636 0 -0.173067 -0.217824 32 32 254
68.2476 70.6274 2.10069 -0.361863 -0.0059471 -0.479675 0 0.670217 0.20321 14 14 255
52.5967 54.359 -11.6228 0.582902 0 -3.5 0 0.238811 -0.237481 72 72 255
58.8624 54.5851 2.94937 -0.328438 -0.00299759 2.10724 0 0.49279 -0.555442 109 109 255
65.9622 45.2646 -12.5811 -0.0705646 0 4.5 0 -0.196475 -0.890303 190 190 255
57.5585 73.8503 -10.5337 0.102302 0 -1.6 0 -0.979027 0.109656 111 111 255
51.9894 45.3944 -2.26988 0.0436366 0 3.8 0 -0.305063 -0.52415 116 116 255
45.3036 50.2621 -1.67212 0.989401 0 -3.9 1 -0.996821 0.0620645 255 41 41
84.5703 61.1263 -29.8101 -0.351536 0 -3.5 0 0.321486 0.593972 23 23 255
65.1332 71.5338 10.0828 3.11365 0 -3.9 0 0.572283 0.578726 8 8 255
61.9744 72.9137 6.00425 0.246346 0 -3.9 0 -0.693889 0.666588 12 12 255
71.4925 70.3659 -10.9546 0.304343 0 4.2 0 0.35338 0.249156 255 219 219
81.0196 61.1732 -38.9683 -1.35336 -0.241971 -3.5 0 0.903001 -0.268762 29 29 255
60.7919 57.8041 -29.931 0.482023 -0.432499 -0.7 0 -0.950586 0.197177 83 83 254
61.8459 75.1139 -12.7402 0.410265 0 -1.6 0 0.492035 0.394943 88 88 255
71.7424 52.8001 -15.155 -0.811129 -0.0254284 -2.67507 0 0.976585 -0.214496 14 14 255
59.6372 45.023 -25.0893 2.03539 0 -3.9 0 -0.153352 0.511749 135 135 255
57.5226 64.3971 3.91125 1.23335 0 -4.5 0 -0.304783 0.220808 14 14 255
69.1485 65.906 -0.505875 0.529062 0 -0.4 0 0.988259 -0.120189 16 16 255
66.7426 47.1374 -26.1262 -1.01699 0 1.8 0 0.605705 -0.74451 20 20 255
64.6711 69.0688 8.91303 2.39231 0 -3.9 0 0.484282 -0.87417 4 4 255
50.7178 46.5557 -12.9757 0.466487 0 1.8 1 -0.367802 -0.929838 249 249 255
69.2704 44.9352 -13.5889 -0.221204 0 4.5 0 0.368138 -0.504656 103 103 255
52.0624 49.8996 -2.11675 -0.161925 -0.0778701 2.99077 0 0.589083 -0.0251599 229 229 255
56.2945 51.7485 -19.8333 -0.442596 -0.279012 -3.5 0 0.572501 0.147976 194 194 255
85.5536 61.5796 -28.0056 -1.10259 0 -3.5 0 0.652433 0.592541 20 20 255
56.6985 81.5179 -6.68722 2.24543 0 -3.9 0 -0.959688 0.153554 7 7 255
66.2897 66.601 -33.4806 0.0347763 0 -3.9 0 -0.521113 0.605368 255 200 200
74.3761 72.1144 -30.8652 -1.60512 -0.0497902 1.8 0 0.0276065 0.31501 17 17 255
78.6585 69.7876 -46.1246 -0.738407 -0.0145053 -3.5 0 0.563019 0.520992 50 50 255
76.9015 76.6953 -33.578 -1.21891 -0.650521 -1.6 0 0.20275 0.829218 29 29 255
79.331 74.2929 -32.2391 0.279153 0.0160103 -0.873787 0 0.792565 0.535048 15 15 255
54.677 74.0475 -8.6845 0.284906 0 -1.6 0 -0.472839 0.14897 255 248 248
60.6364 66.7602 -29.682 -1.56927 0 -3.5 0 -0.476974 0.877989 119 119 254
76.3322 51.9302 -26.3062 -0.201952 0 -3.2 0 0.141504 -0.949144 5 5 255
77.241 59.13 -38.3315 -0.604779 0 -3.5 0 0.158877 -0.970097 175 175 255
66.5405 77.32 -9.69013 -1.30427 -0.571961 -3.65454 0 0.34703 0.14539 13 13 255
81.8645 68.0635 -35.2215 -1.25602 -0.105699 2.02063 0 0.86752 0.487449 179 179 255
54.5182 76.087 -5.08875 0.339443 0 -1.6 0 -0.233026 0.783506 99 99 254
71.2924 75.7641 -7.90975 0.246184 0.797485 -0.7 0 0.343959 -0.000559449 227 227 255
80.8019 68.9256 -35.9571 -0.723059 -0.855261 -3.16026 0 0.675036 0.618259 162 162 255
58.8377 37.6473 -7.377 1.41115 0 -3.9 0 0.32668 -0.84774 205 205 255
73.268 67.7245 -25.1365 -0.524158 0 4.2 0 -0.276113 0.96111 134 134 255
63.9264 60.3533 5.98031 0.283013 0 -3.5 0 0.437792 0.239551 6 6 255
82.4886 67.738 -32.7508 -0.242831 0 3.8 0 0.923065 0.250028 134 134 255
65.047 45.8353 -19.9775 0.0669221 0 -3.5 0 0.243819 -0.963136 255 204 204
59.9808 41.4268 -8.38475 0.363616 0.158962 -2.52734 0 0.790959 -0.184906 255 90 90
60.8369 53.5568 -22.0458 -0.677892 0.119832 -1.96609 0 -0.776935 0.620788 219 219 255
52.4141 61.8409 1.087 0.477252 0 -3.9 0 -0.471343 0.158709 255 229 229
74.9178 76.1171 -38.5848 0.498977 0 -1.6 0 -0.899722 0.268918 79 79 255
67.0644 78.0571 0.351875 -1.40878 -0.417401 -3.5 0 -0.676918 0.30858 5 5 254
48.2492 43.2985 -7.104 0.338474 0 -0.4 0 -0.923366 -0.252388 255 65 65
58.8029 59.5573 -24.4517 -0.059114 0 -1.6 0 -0.842742 -0.289192 45 45 255
72.2786 60.2616 -15.7509 -0.764364 0 -1.3 0 0.775946 0.593351 57 57 255
82.9753 67.7044 -30.8507 -0.207204 0 3.8 0 0.862731 0.472501 44 44 255
58.2889 44.6394 -19.5419 0.176522 0 -3.9 0 -0.16558 -0.985607 255 232 232
59.7774 54.9847 -25.8389 -0.981359 -0.442215 -0.8 0 -0.750401 0.660719 198 198 255
78.2907 73.8685 -40.726 -1.65962 0 3.8 0 0.984866 -0.143881 48 48 255
46.5636 49.2151 -8.62975 0.338179 0 -3.2 0 -0.209776 0.0717266 255 156 156
63.3195 59.1505 6.9015 0.178453 0 -3.9 0 0.775598 -0.193136 17 17 255
64.3106 76.3716 -0.37275 -0.0613426 0.0146539 3.38512 0 -0.259493 0.808088 2 2 255
77.5968 73.7432 -46.0461 -0.312063 0 3.8 0 0.532065 -0.156264 91 91 255
44.0677 56.3129 -8.42138 0.778177 0.315003 -3.2 0 -0.296933 0.935928 39 39 255
58.5765 40.8092 -6.40513 0.989425 0 -3.9 0 0.807432 0.0819695 255 134 134
65.6647 65.8973 -25.2245 1.06207 0.491274 3.8 0 -0.161511 0.650261 255 215 215
67.0824 74.8518 -32.4751 0.42276 0.00954346 -3.5 0 0.107853 0.953588 31 31 254
79.2214 75.4166 -34.0873 0.470056 0.598832 -1.51151 0 0.507232 0.807307 21 21 255
61.8181 49.3703 -27.4815 -0.280321 0 -3.5 0 -0.873361 -0.485606 252 252 255
66.2104 51.2969 -8.31262 0.379367 0 -3.5 0 -0.422834 -0.832643 118 118 255
46.02 47.2939 -0.2805 2.62022 0.297171 -3.9 0 -0.125581 -0.420051 255 67 67
77.1212 55.5088 -42.7985 -0.633549 0 -3.5 0 0.961954 0.163163 112 112 255
52.3554 68.4269 -8.75856 0.264811 0 -3.2 0 -0.982487 0.173991 255 179 179
68.4854 54.8449 -12.1459 -0.714233 0 1.10202 0 0.646407 0.0186803 51 51 255
62.5807 70.074 3.55262 0.383503 0 -3.9 0 -0.840474 -0.534335 5 5 255
62.5986 65.1776 -24.9274 -1.5073 -0.505078 3.8 0 -0.390758 0.850629 255 212 212
55.6623 58.1824 -14.4054 1.01653 0.725311 -4.5 0 -0.906488 -0.275759 29 29 255
77.0937 66.2664 -48.2525 -0.361907 0 -3.5 0 0.806816 -0.230408 11 11 255
66.0253 70.9005 -26.343 -0.187955 0 2.8 0 -0.507445 0.275692 162 162 255
75.2861 49.5519 -25.0751 -0.3256 0 -3.5 0 0.452417 -0.0463255 1 1 255
63.2863 53.3918 2.137 0.229739 0 2.8 0 0.112336 -0.636216 108 108 255
76.4324 54.4365 -29.3814 -0.729853 0 -1.20527 0 -0.573648 -0.587657 17 17 255
70.357 55.4255 -38.8715 0.586896 0.586186 1.04634 0 -0.682315 -0.518296 48 48 255
75.7559 68.8537 -24.3889 -0.675706 -0.754825 -1.81426 0 -0.457718 0.55318 30 30 255
74.3295 79.3238 1.77775 -0.507493 0 -3.5 0 0.685038 0.715471 255 188 188
55.5799 75.5422 -7.97569 1.02098 0 -1.6 0 -0.203122 0.548744 111 111 255
79.5255 73.6254 -36.9579 -0.726946 -0.831379 -0.7 0 0.629527 0.121151 20 20 255
72.6237 52.7917 -35.9864 0.558828 0.3099 -0.8 0 -0.250383 -0.706445 91 91 255
80.713 79.992 -35.9774 -0.922934 -0.855151 -3.5 0 0.543963 -0.0373196 50 50 255
63.1981 61.7561 -31.7698 -0.293438 0 -1.84067 0 -0.963572 -0.175042 142 142 255
64.7271 72.7701 7.54712 0.43431 0 -3.9 0 0.618477 0.7396 4 4 255
78.3535 63.7038 -17.6012 -0.483493 0 -3.5 0 0.0206326 0.21054 3 3 255
74.5685 67.7095 -52.685 0.0637152 0 -1.93128 0 0.350971 -0.178827 13 13 255
71.9709 52.1416 -28.5951 -1.33902 -0.0597194 -2.62 0 0.44882 -0.797961 6 6 255
81.0445 68.933 -30.5689 -0.401608 -0.129519 3.8 0 0.589494 0.718357 13 13 255
74.7971 75.9622 -45.4487 -0.222892 0 3.8 0 -0.327134 0.940067 82 82 255
58.2303 80.473 -4.32875 0.424966 0.0177919 -3.9 0 -0.242653 0.298567 16 16 255
57.683 51.8451 3.45637 -0.107626 0 -4.5 0 0.689993 -0.290801 151 151 255
60.1699 54.718 -27.6081 -0.511345 -0.898222 -0.8 0 -0.471053 0.856703 222 222 255
57.1125 67.8223 -15.725 0.413897 0.0763148 -3.2 0 -0.156433 0.743137 255 244 244
81.6032 61.9141 -28.882 -0.521474 0 -4.39418 0 0.643859 0.554512 15 15 255
70.375 70.121 -1.5805 0.745813 0.334425 4.5 0 0.973229 0.176331 95 95 255
63.6533 73.2013 -13.1927 0.710877 0.388852 -4.5 0 -0.351977 0.499 76 76 255
53.9813 64.0191 -14.158 -0.698366 0.278415 -3.37341 0 -0.792959 0.315376 250 250 255
64.2586 45.2734 -19.1784 -0.131444 0 -2.96315 0 0.704436 -0.68279 255 126 126
76.7897 67.9235 -50.1732 -2.01976 -0.289773 -1.6 0 0.943219 0.279795 17 17 255
77.4624 53.856 -38.4175 -0.467495 -0.0618363 -0.230588 0 0.650483 -0.0714843 189 189 255
75.4044 75.7788 -39.5479 0.0693361 0 -1.6 0 -0.792288 0.348796 81 81 254
65.1264 57.3001 0.101125 0.266009 0 2.8 0 0.835009 -0.246366 7 7 255
47.9951 61.528 -6.57375 0.110363 0 2.8 0 -0.894098 0.401597 54 54 255
51.2757 41.2159 -8.48487 0.286975 -0.2215 0.361662 0 0.168642 -0.771727 255 23 23
66.918 49.167 -10.875 -0.620218 0 -0.4 0 -0.302238 0.335926 120 120 255
76.1373 69.8349 -51.9173 -0.191504 0 -1.6 0 0.959643 0.126422 13 13 255
48.5878 44.3418 -6.00881 0.0351943 0 -0.4 0 -0.692729 -0.359234 255 94 94
69.7702 56.9352 -7.358 -1.50294 -0.583256 -0.7 0 0.782675 -0.218356 24 24 255
52.807 68.335 -10.107 -0.183319 0 -3.2 0 -0.95578 0.278041 255 232 232
57.4735 38.0001 -6.929 1.3586 0 -3.9 0 -0.191828 -0.893124 255 190 190
72.2513 80.8842 -2.256 -0.832279 -0.0245154 -3.5 0 0.56835 0.818673 147 147 255
80.0067 81.4855 -35.8139 -0.0753123 0 3.8 0 0.799169 0.45468 34 34 255
62.9053 78.0291 -9.73681 -1.58228 0 -3.5 0 -0.232968 0.909063 7 7 255
61.3714 70.5827 5.37087 0.23275 0 -3.9 0 -0.826667 -0.552461 4 4 255
60.0462 68.2479 1.58375 -1.23103 -0.502526 -3.71983 0 -0.253537 0.35967 29 29 255
73.1105 52.6899 -27.1496 -1.45055 -0.380778 -1.56182 0 0.546274 -0.560022 2 2 255
71.785 61.6741 -14.9325 -0.379705 0 -1.3 0 0.916393 0.0640342 99 99 255
53.9743 59.5161 -13.1578 -2.64731 -0.0451937 -3.5 0 -0.437623 -0.829412 16 16 255
53.3036 68.8904 -11.7385 -0.651446 0 -3.2 0 -0.831132 0.497296 255 221 221
64.7627 77.4279 -1.10856 -0.252478 0 -3.5 0 -0.319664 0.450579 3 3 255
81.0018 67.8517 -37.3924 -1.11978 -0.0561716 -3.5 0 0.427956 0.606484 134 134 255
59.1055 62.8058 10.7836 2.43589 0.321127 -3.9 0 -0.949306 0.291953 40 40 255
51.7532 63.7159 -7.17319 -0.0553213 0 2.8 0 -0.510172 0.84864 255 226 226
51.3265 53.0571 -11.5959 0.425642 0.0207315 -3.15719 0 -0.139448 0.0729593 76 76 255
45.9617 50.3031 -8.61481 0.241456 0 -3.2 0 -0.0975363 -0.356309 255 176 176
52.9832 75.081 -7.13331 0.185765 0 -1.6 0 -0.726624 0.531036 198 198 255
68.598 69.741 -27.3955 -0.72617 0 3.41616 0 0.453006 0.447736 115 115 255
50.2116 64.0249 -3.94462 2.90262 0 -3.9 0 -0.0763867 0.731919 255 233 233
54.4091 55.6156 -18.1938 0.0802479 0.442784 -3.62851 0 -0.77888 0.446067 44 44 255
59.9091 54.5539 -19.3719 -1.25124 -0.252859 -3.33905 0 -0.243745 0.655127 103 103 255
54.0308 66.1402 -5.80312 0.280906 -0.343838 -1.72298 0 -0.890989 -0.092367 255 217 217
57.2859 63.0002 -18.0129 -0.133623 0 -0.9 0 -0.829572 0.181811 124 124 255
49.1234 62.5953 0.356937 1.09626 0 -3.9 0 -0.484226 -0.0823713 255 117 117
70.411 63.8484 -7.85625 -1.09958 -0.204976 -3.5 0 0.902682 -0.335986 77 77 255
44.7494 47.7048 -2.19025 3.31923 0.123127 -3.9 0 -0.985202 -0.134848 255 73 73
82.6117 83.3424 -39.5023 2.1139 0 -3.5 0 0.393768 0.916933 22 22 255
55.3792 45.6333 -22.1305 0.937256 0 -3.9 0 -0.779466 -0.62444 255 209 209
65.3145 82.4721 -7.44212 1.82116 0 -3.9 0 -0.836368 0.351103 1 1 255
74.8637 79.1879 -37.0697 -1.45854 -0.0087993 3.8 0 -0.900204 0.0239907 45 45 255
57.3126 78.1766 -5.43575 0.35939 0 -3.9 0 -0.953772 0.207806 37 37 255
66.1394 49.7834 -30.1164 -1.16818 0 -3.5 0 0.986473 -0.132304 103 103 255
58.7194 40.6006 -12.071 0.285063 0 -0.9 1 0.307585 -0.728015 255 15 15
54.6806 40.4951 -8.532 0.31504 0 -3.9 0 -0.390864 -0.485567 255 29 29
82.1625 69.2885 -32.363 -0.181888 0 3.8 0 0.825541 0.548243 29 29 255
59.86 63.6627 9.91325 2.23193 0.540984 -3.9 0 -0.44829 0.819985 16 16 255
76.767 60.2567 -20.4336 -0.915944 -0.418136 -3.5 0 0.320174 -0.816665 2 2 255
53.0952 69.6989 -8.42087 0.483539 0 -3.2 0 -0.799208 0.599423 255 225 225
71.7331 77.8394 2.543 -0.318594 0 -3.5 0 -0.120449 -0.152277 59 59 255
79.4449 60.3461 -22.3376 -0.829698 0 -3.5 0 0.735737 -0.224419 2 2 255
67.8421 66.1275 -37.6596 -0.268346 0 1.65348 0 -0.729527 0.679199 80 80 255
76.7903 53.2574 -24.1374 -1.57652 -0.0511103 -1.43721 0 0.810065 -0.552803 6 6 255
73.2947 68.7185 -7.64337 -0.0675895 0 4.2 0 0.8644 -0.441646 255 193 193
60.1685 56.949 -30.1875 0.117183 0.00111241 1.92425 0 -0.834986 0.454264 74 74 254
61.3863 59.273 9.7905 0.738345 0 -3.9 0 0.230521 -0.930037 36 36 255
74.2119 66.4877 -22.6244 -0.687038 -0.0146467 3.86528 0 -0.12574 0.536702 102 102 255
66.6647 64.5191 4.39712 0.172313 0 -3.5 0 0.428494 0.581937 5 5 255
42.6546 55.9416 -7.811 1.27341 0.419624 -3.2 0 -0.603295 0.789074 98 98 254
60.9705 63.1904 9.21825 2.23218 0 -3.9 0 -0.127743 0.940583 11 11 255
60.9212 63.9232 10.767 2.81594 0 -3.9 0 0.155497 0.979806 16 16 255
83.4201 81.0396 -38.4076 3.30556 0 -3.5 0 0.940153 -0.169785 73 73 255
78.4173 53.9523 -30.4065 -0.309261 0 3.7933 0 0.0922556 -0.994851 52 52 255
69.0277 50.6294 -27.7114 -1.60307 -0.189642 2.21272 0 0.152167 -0.628751 9 9 255
77.078 60.2275 -18.142 -1.05124 -0.136934 -3.5 0 0.133348 -0.368261 7 7 255
65.1559 50.9196 -7.16744 0.392879 0 -2.46101 0 0.351251 -0.891465 143 143 255
58.6666 76.8404 -3.49887 -0.157528 -0.105648 -3.9 0 -0.40642 0.297759 13 13 255
75.2621 63.3706 -18.4666 -0.256979 0 -3.5 0 -0.168525 0.367819 65 65 255
60.493 51.6316 -23.5736 -0.0068804 0 -0.8 0 -0.984551 -0.0700583 255 241 241
72.0161 46.8191 -16.3529 -0.421707 0 4.2 0 0.428209 -0.197961 26 26 255
79.3004 53.603 -36.0793 -0.162161 0 4.0989 0 0.293293 -0.924593 158 158 255
77.4107 65.5634 -52.4514 -0.902803 0 -3.5 0 0.674522 0.734956 13 13 255
71.1446 61.731 -41.4534 -0.319955 0 -0.990007 0 -0.852614 -0.256337 240 240 255
54.7796 41.9672 -3.56206 0.339794 0 -3.83684 0 0.11082 -0.609816 255 196 196
49.818 48.9296 -10.8785 0.381413 0 1.8 0 -0.706309 -0.518595 255 194 194
63.9352 54.8653 2.45444 0.157844 0 0.389275 0 0.645843 -0.643328 80 80 255
67.7004 46.6825 -24.1138 -1.56441 0 1.37753 0 -0.228815 -0.926376 23 23 255
60.8278 67.4331 -34.2019 2.39008 0.340542 -3.9 0 -0.165976 0.909038 88 88 255
71.4662 60.1846 -41.8869 -1.03395 -0.019308 -3.5 0 -0.702842 -0.100041 197 197 255
61.1292 57.7443 -18.3263 -0.759891 0 -3.5 0 -0.361133 -0.446605 111 111 255
52.0658 44.9388 -13.5114 0.311655 0 -0.7 1 -0.75872 -0.642087 255 73 73
55.9664 68.354 -14.4583 -0.233492 0.443754 -3.2 0 -0.141496 0.71021 255 148 148
52.6632 50.197 -18.866 -0.312938 -0.429981 -3.5 0 -0.780683 -0.179078 156 156 255
63.6787 77.9867 -10.9965 -1.55167 -0.67314 -3.5 0 -0.15002 0.794921 11 11 255
70.6393 54.6898 -1.88538 0.515265 0.0966461 -0.7 0 0.706019 -0.409251 21 21 255
82.6765 62.493 -32.372 -0.466539 0 2.8 0 0.864918 -0.10274 50 50 255
59.3244 61.6836 11.2968 2.27785 0 -3.9 0 -0.806048 -0.121734 36 36 255
62.0423 65.9106 -26.17 -1.07326 0 -3.5 0 -0.175628 0.836185 219 219 255
80.5176 64.3597 -40.1166 -0.301365 0.356963 -3.5 0 0.838037 0.471598 14 14 255
74.5841 52.0491 -18.4512 -0.399487 0 4.06432 0 0.84258 0.0755756 8 8 255
80.158 72.7895 -32.0077 0.191185 0 -0.7 0 0.593275 0.0952412 9 9 254
72.8783 70.9852 -10.342 -0.0620203 0 4.2 0 0.381914 0.401121 255 130 130
81.624 54.9109 -39.2232 -0.282825 0 3.8 0 0.506967 -0.369999 211 211 255
56.852 55.848 5.99713 -1.23227 -0.497833 -3.5 0 0.0469254 -0.158354 172 172 255
69.9448 49.2224 -9.86725 -1.67923 -0.0158023 -3.5 0 0.0705887 -0.780707 168 168 255
78.4979 56.9969 -21.9319 -0.687458 -0.0344499 -0.525165 0 0.468412 0.049872 7 7 254
65.3959 58.2339 1.96306 0.940923 0 -0.4 0 0.721021 -0.660008 11 11 255
77.7473 62.0869 -17.7106 -1.04329 -0.106064 -3.5 0 0.0270659 -0.193699 5 5 255
55.8022 59.0778 -18.5448 -0.327555 0 -4.5 0 -0.680468 0.575007 142 142 255
46.0822 53.0544 -10.2227 0.277562 0 -3.2 0 0.244859 -0.485975 82 82 255
60.207 42.5415 -15.9125 0.15794 0 -0.9 1 0.468418 -0.733821 255 45 45
69.5964 57.79 -3.14138 -0.058863 0 -0.7 0 0.949955 0.306738 13 13 255
71.628 70.39 -46.8255 -0.0193478 0 -0.8 0 -0.877181 -0.0677523 67 67 255
62.2584 57.2368 -22.9975 -0.94062 0 4.2 0 -0.426688 -0.604919 25 25 255
53.6256 60.6223 1.55744 0.101654 -0.288633 -3.70588 0 -0.494361 -0.452788 255 195 195
67.8443 83.3382 -9.34112 2.52449 0.32184 -3.9 0 0.633971 0.594212 6 6 255
59.7519 40.079 -7.13006 1.04298 0 -3.9 0 0.859319 0.199246 255 144 144
82.1359 65.679 -28.7764 0.0678035 0 -4.09285 0 0.953842 -0.300016 19 19 255
66.0527 46.1752 -27.5297 -0.401989 0 1.8 0 0.620636 -0.524614 24 24 255
64.7424 74.1387 4.30562 0.601667 0 -3.9 0 0.233007 0.751825 5 5 255
60.055 59.7735 -26.1437 -0.47384 -0.0284064 -3.38954 0 -0.829585 -0.15962 96 96 255
43.3498 53.6636 -5.69544 0.213531 0 -3.2 0 -0.640069 -0.31125 255 116 116
53.3812 53.0764 -1.69125 -0.456339 -0.376602 -3.37007 0 0.223037 -0.490781 255 160 160
71.1505 78.463 -9.0125 -1.53646 -0.619344 -0.4 0 0.318054 -0.262205 84 84 254
59.7974 58.692 -21.4006 -0.375636 0 -1.5705 0 -0.44075 -0.888034 71 71 255
49.2681 61.4403 -2.70175 0.984751 0 -1.95611 0 -0.991507 -0.0607203 255 171 171
74.473 81.9604 -36.7884 -0.190929 0 3.8 0 -0.727371 0.19979 28 28 255
73.9948 72.2214 -52.7307 -0.0633627 0 -1.6 0 0.157494 0.625636 6 6 255
60.6831 54.3179 2.66031 0.103338 0 3.8 0 0.0413825 -0.70604 118 118 255
80.6204 69.7556 -35.3287 0.305306 0 -0.7 0 0.885265 0.1621 58 58 255
69.6132 62.2814 -8.65788 -0.686526 0 0.35969 0 0.965836 -0.136887 158 158 255
61.655 58.6939 -27.8914 -0.775662 -0.683237 -0.183256 0 -0.936719 -0.350044 108 108 255
48.7386 41.9194 -7.27688 0.839505 0 -0.49678 0 -0.935209 -0.352572 255 61 61
79.3911 78.0906 -35.9701 -0.0691658 0 3.8 0 0.633923 -0.303765 47 47 255
53.137 48.152 -2.6585 0.0283091 0 3.8 0 0.372835 0.501481 76 76 255
82.9488 57.5342 -35.1089 0.265216 0 3.8 0 0.971788 0.210792 133 133 255
80.4063 58.7261 -23.4519 -1.33246 -0.60535 -3.5 0 0.539397 0.385396 7 7 255
60.9538 57.7719 7.12525 0.128007 0 -3.9 0 -0.0787823 -0.737949 57 57 255
69.9744 80.5914 -0.907812 -1.10047 0 -3.5 0 0.0634989 0.930788 50 50 255
73.2199 50.5534 -25.8671 -1.14333 0 -3.5 0 0.416696 -0.438006 1 1 254
56.7984 74.2917 -9.31356 -0.382803 -0.135388 -1.6 0 -0.46483 0.364765 134 134 255
64.3343 46.3361 -13.8474 0.38072 -0.069383 -0.4 1 -0.135354 -0.938018 255 206 206
73.4297 60.7955 -19.2924 -0.240491 0 -3.5 0 -0.0382822 -0.140194 64 64 255
65.0985 71.3815 -29.9855 -0.521646 0 2.8 0 -0.887094 0.459921 168 168 255
73.0527 80.1335 1.66 -0.939004 -0.0685711 -3.5 0 0.496763 0.816119 255 244 244
65.5695 74.8564 -11.2121 -0.101974 0 -4.00757 0 0.255832 0.743804 21 21 255
65.8974 63.7914 -20.9163 -0.681494 0 -3.5 0 0.510267 0.823988 105 105 255
59.9341 42.5791 -22.5014 2.13504 0 -3.9 0 -0.312716 -0.795284 162 162 255
66.7585 65.2261 -39.5532 0.669037 0 -0.8 0 -0.704493 0.649922 186 186 255
70.3165 45.1415 -18.2864 -1.22775 -0.16499 2.64759 0 0.46668 -0.791552 83 83 255
74.5785 52.1261 -26.4204 -0.772307 0 -3.23857 0 0.0365201 -0.699524 2 2 255
65.5021 59.6565 -37.2066 0.597677 0 -0.8 0 -0.72953 -0.249223 142 142 255
79.299 83.3897 -34.8335 -0.0619184 0 3.8 0 0.876086 0.325731 13 13 255
69.2101 53.03 -5.06488 0.199935 0.007344 -0.7 0 0.784952 -0.560121 97 97 255
60.8407 47.4064 -3.91875 0.241555 0 3.4127 0 0.441439 -0.716147 11 11 255
58.8584 42.8243 -15.2924 0.190695 0 -0.9 0 -0.104812 -0.979242 255 38 38
73.7882 72.5086 -6.92519 -0.238662 0 3.18085 0 0.993299 0.058702 248 248 255
59.4861 65.7734 2.96338 0.688095 0 -4.5 0 0.189929 0.568142 22 22 255
63.959 45.3317 -24.4039 -0.00334113 0 -0.734127 0 0.528648 -0.845166 50 50 255
78.7985 52.5277 -34.502 -0.282113 0 4.5 0 0.389583 -0.920787 104 104 255
64.116 58.839 6.199 0.417167 -0 -3.5 0 0.2248 -0.0337712 21 21 255
61.5282 42.2261 -22.0496 0.318304 0 -3.9 0 0.206859 -0.978222 154 154 255
66.3169 80.702 -2.63306 -1.26296 -0.0562304 -3.5 0 -0.278946 0.9448 12 12 255
46.3195 50.0612 -4.3275 0.781223 0 -3.9 1 -0.631829 0.543821 255 66 66
47.9665 45.1517 -5.73825 0.70751 0 -3.2 0 -0.171944 -0.69643 255 95 95
67.5222 54.6888 -34.3874 0.421001 0.847879 2.8 0 -0.183581 -0.421275 200 200 255
59.1466 43.8319 -25.9412 2.08344 0.826626 -3.9 0 -0.132747 0.0979284 147 147 255
56.499 53.3225 4.81175 -0.393208 -0.101816 -4.39747 0 0.0403591 -0.409033 219 219 255
57.5606 80.4975 -8.4205 0.952171 0 -3.9 0 -0.396019 0.000138478 10 10 255
44.4253 52.4927 -1.73875 1.31844 0.353816 -3.2 1 -0.714073 -0.699516 255 44 44
66.565 63.4025 -40.7962 -0.208132 0 -0.8 0 -0.686972 0.236663 255 188 188
75.4548 50.2989 -38.3559 -0.303737 0 -0.8 0 0.341696 -0.580421 255 235 235
53.9006 49.0165 -19.0909 -0.397807 -0.42006 -3.69212 0 -0.80625 -0.361805 228 228 255
69.8774 58.8946 -7.47013 -0.449221 0 4.2 0 0.888633 -0.185407 38 38 255
68.9818 71.7629 -36.3513 0.315423 0 -3.5 0 0.188269 0.901703 18 18 255
71.2989 45.0774 -23.3176 0.390343 0.0347826 -1.49968 0 -0.31869 -0.941127 5 5 255
47.9781 52.9598 0.350625 -0.130979 -0.0213369 -3.68029 1 -0.0588877 -0.508539 255 38 38
61.4642 71.9649 -12.7481 0.0820776 0 -1.6 0 0.191386 -0.3829 150 150 255
67.6422 44.4589 -13.0311 -0.111647 0 4.5 0 0.0727076 -0.689813 162 162 255
82.5017 61.9694 -24.8608 -1.5655 -0.347394 -3.5 0 -0.0597923 -0.344713 11 11 255
76.3093 75.8501 -44.9346 -0.270779 0 3.8 0 -0.0225817 0.977229 132 132 255
57.9183 60.014 5.16888 0.241082 -0.0121099 -3.58923 0 -0.237002 0.40338 76 76 255
58.5675 74.5417 -1.95212 -0.880467 -0.316037 -3.9 0 -0.903543 0.308681 11 11 255
56.0886 54.43 5.61163 -1.90317 -0.0200746 -3.5 0 -0.531437 -0.478711 242 242 255
81.1952 61.6998 -37.4527 -0.716087 -0.566662 -1.90353 0 0.903061 -0.250856 24 24 255
64.4833 64.7505 -23.5473 -0.355487 0 -1.34746 0 0.401764 0.901107 214 214 255
72.2767 66.97 -6.15775 0.666791 0 -0.7 0 0.488009 -0.642765 63 63 255
57.5674 37.264 -9.37444 3.84453 0.127778 -3.9 1 -0.335811 -0.905784 255 180 180
73.7445 67.43 -26.4233 -0.670852 0 1.51954 0 -0.252234 0.965765 171 171 255
73.1306 71.7449 -37.4934 0.894202 0 -0.543358 0 -0.0938129 0.941272 34 34 255
43.5702 55.1174 -5.88438 0.383003 0 -3.2 0 -0.84199 0.437276 238 238 255
65.9433 68.8475 4.45175 -0.827639 -0.33281 -3.9 0 0.625989 -0.454496 2 2 255
69.4421 45.5869 -20.6973 -1.71421 -0.069739 -3.5 0 -0.0403686 -0.967035 64 64 255
82.9408 57.287 -36.5451 -0.184151 0 3.8 0 0.971212 0.160364 126 126 255
68.768 66.6477 -26.2216 -0.758229 0 2.8 0 -0.110391 0.151812 255 254 254
65.7117 64.403 -38.9473 -1.07322 -0.685977 -0.8 0 -0.860839 0.491628 245 245 255
84.3262 62.9941 -27.2369 -0.945079 0 -3.5 0 0.39072 0.752091 14 14 255
57.0805 38.2385 -10.229 2.23564 0.330375 -3.9 1 -0.494664 -0.385243 255 79 79
64.99 64.509 -18.6583 -0.38176 -0.201448 -3.5 0 0.487583 0.872045 42 42 255
63.3076 59.5969 -33.7105 -0.138624 0 -0.719665 0 -0.916998 0.0250332 73 73 255
45.3732 52.8423 -0.1675 0.275653 0 -2.59151 1 -0.331518 -0.573139 255 31 31
78.6677 63.3252 -51.6384 -2.34818 -0.00471528 -3.5 0 0.770987 -0.142276 8 8 255
83.3866 66.4293 -31.7473 -0.253146 0 3.8 0 0.987766 -0.0929532 115 115 255
48.2986 46.7147 -3.92987 0.718394 0 -3.2 0 -0.208737 -0.926043 255 134 134
57.4288 81.9381 -4.62256 2.11971 0.581605 -3.9 0 -0.328396 0.238912 6 6 255
65.0098 71.3939 -14.49 0.8213 0.641269 -4.5 0 -0.711195 0.0903939 69 69 255
74.8495 72.7731 -36.906 1.42695 0.258812 -3.19957 0 -0.796529 0.598199 36 36 255
59.5165 53.5885 -25.0217 -0.682328 -0.444765 -0.8 0 -0.881325 0.15606 255 217 217
73.2727 72.4472 -30.4813 -1.12507 -0.0563606 4.0487 0 0.543961 0.479284 13 13 254
72.4098 68.1045 -10.727 0.0704098 0 4.2 0 0.500583 -0.628196 255 234 234
58.1095 49.0158 -23.089 0.0193514 0.00903332 -3.9 0 -0.111374 0.926557 255 148 148
48.158 42.6251 -8.597 0.289556 0 -0.4 0 -0.883108 -0.416982 255 25 25
69.1858 60.376 -13.5623 -0.830474 0.000726549 -1.26787 0 0.63934 -0.583126 68 68 254
62.1577 55.2305 5.63713 -1.72821 -0.609112 -0.4 0 0.0280019 -0.837843 99 99 255
76.2734 57.3629 -42.9912 -0.690392 0 -3.5 0 0.865829 0.395275 140 140 255
59.9101 40.6582 -9.82837 0.824966 0.282206 -3.67804 0 0.886342 -0.453498 255 29 29
75.9722 62.2756 -52.7983 -0.875942 0 -3.5 0 -0.307828 -0.947125 15 15 255
61.5476 42.5404 -23.9221 1.15728 0 -3.9 0 0.579075 -0.764234 106 106 255
56.5871 42.7682 -13.9145 0.375564 0 -0.9 0 -0.436149 -0.572581 255 24 24
56.3874 51.1161 3.69294 0.224525 0 -4.5 0 0.119735 -0.462162 175 175 255
45.078 53.1637 -5.50212 0.650167 0 -3.2 1 -0.325434 -0.927276 255 53 53
48.1155 45.3109 -8.20331 0.215347 0 -2.21693 0 -0.326964 0.146735 255 82 82
61.6695 49.6297 -25.5239 -0.889517 -0.0928225 -2.52815 0 -0.813228 -0.49763 224 224 255
51.1554 39.0314 -3.1255 0.074133 0 -0.8 0 0.262039 -0.325592 255 110 110
53.998 64.3105 -3.98787 0.163108 0 -2.56174 0 -0.763281 0.624771 207 207 255
66.1236 78.37 -9.45556 -0.784476 0 -3.9 0 0.0822308 0.222967 9 9 255
60.4505 58.6002 -19.2386 -0.668849 0 -0.9 0 -0.242683 -0.927893 131 131 255
47.1055 57.711 0.255812 0.0528782 0 -1.3 0 -0.550617 0.604945 255 91 91
79.2868 75.0734 -38.0725 0.115353 0 -1.6 0 0.871099 -0.393137 28 28 255
78.7251 65.9111 -46.3206 -1.2853 -0.00508478 -3.5 0 0.780506 -0.339625 7 7 254
73.6374 65.0337 -20.9807 1.02291 0.871829 -3.5 0 -0.274035 0.786992 88 88 254
65.3662 76.4205 1.197 0.302466 0.0577029 3.8 0 -0.399345 0.875266 3 3 255
75.0098 69.5406 -28.1957 0.14268 0.010961 -3.5 0 -0.939798 0.235258 35 35 255
63.5546 63.7813 4.17531 0.52887 0.226169 -3.5 0 -0.30415 0.386101 4 4 255
72.78 64.7845 -51.7298 0.113436 0 -3.5 0 -0.85053 -0.318261 61 61 255
65.696 66.8045 -26.2536 0.0377748 0.0223618 3.6546 0 -0.218735 0.452044 237 237 255
58.7671 67.3274 2.13963 -0.0365983 0 -4.5 0 0.153421 0.644714 28 28 255
70.8766 74.1431 -40.3322 -0.0278215 0 1.8 0 -0.767397 0.632925 21 21 255
49.7697 40.8365 -8.203 0.865663 0.100986 -0.8 0 -0.499486 -0.74781 255 23 23
46.3413 46.4337 -4.777 0.330349 0 -3.23378 0 -0.528624 -0.610925 255 80 80
85.7606 58.0534 -29.8277 -1.79152 -0.503118 -3.5 0 0.972285 -0.192901 61 61 255
52.1194 45.8072 -12.3786 0.14809 0 -0.7 1 -0.721393 -0.647901 255 95 95
47.2592 50.0803 0.419125 0.497821 0 -3.9 1 0.0177408 -0.0493493 255 48 48
72.4628 60.0003 -19.0275 -0.733609 0 -3.09239 0 0.268214 0.584567 37 37 255
62.024 79.3795 -7.2815 -1.58549 -0.697447 -3.5 0 0.297844 0.792932 3 3 255
68.8321 70.9552 -28.2199 -0.591933 0 3.23399 0 0.533273 0.476431 100 100 255
72.0964 68.47 -49.7282 0.162047 0 -1.14537 0 -0.930757 -0.263261 60 60 255
72.9144 74.4519 -42.6094 -0.155221 0 1.8 0 -0.242205 0.901729 49 49 254
52.6258 64.0294 -6.08456 0.261033 0 2.8 0 -0.234964 0.893045 240 240 255
53.0752 41.9873 -9.466 -1.0966 -0.0727742 4.2 0 0.146287 -0.768729 255 24 24
55.3506 63.0196 -15.3268 -1.35134 -0.266674 -3.5 0 -0.543996 -0.0309952 190 190 255
68.4774 73.9735 -9.39394 0.05657 -0.481742 1.32089 0 0.581504 0.647591 115 115 255
57.8683 39.5855 -10.8608 1.78161 0.321436 -3.9 1 -0.551528 -0.505504 255 48 48
72.7385 50.5057 -16.3541 -0.752975 -0.0405139 4.2 0 0.191819 -0.0420045 8 8 255
59.768 62.8626 -22.0269 0.792249 0 -3.38142 0 -0.906973 0.317632 39 39 254
61.3104 56.8586 6.45775 -0.459375 0 -3.23348 0 -0.149063 -0.530591 53 53 255
58.3117 42.9138 -5.81131 -0.161548 0 -3.66765 0 0.862927 -0.445402 255 179 179
67.3432 74.5668 -10.3881 0.316329 0 -4.5 0 0.51096 0.767178 44 44 255
64.5909 74.4514 -11.7525 0.0150396 0.0612552 -4.25737 0 0.0265164 0.674677 39 39 255
60.8975 65.0385 -23.2425 0.645476 0 -3.5 0 -0.34488 0.69834 96 96 255
69.1138 46.8345 -25.7552 -0.841322 0 -0.7 0 -0.380607 -0.670358 3 3 255
77.2911 63.9673 -44.9997 -2.38067 -0.00263993 -3.5 0 0.347467 -0.933019 5 5 255
46.039 56.5289 -7.86475 0.503649 0.0494376 -3.2 0 -0.322895 0.946072 30 30 255
48.7279 62.7574 -7.49056 0.303291 0 2.8 0 -0.58211 0.686934 126 126 255
82.491 72.2572 -34.5299 -0.124752 0 -0.7 0 0.984082 -0.0511843 6 6 255
58.4705 72.9891 -2.54719 -0.383269 0 4.5 0 -0.742735 0.0515115 28 28 255
66.0871 80.561 -4.70687 -0.695627 0 -3.5 0 0.0709341 0.932979 6 6 255
78.0642 76.0594 -27.6642 3.16112 0.129727 -3.9 0 -0.0357041 0.792174 22 22 255
48.0726 59.1213 -2.45287 -0.187308 -0.637636 -0.0780392 0 -0.825403 0.564425 255 195 195
73.9456 49.3532 -25.4359 -0.488842 0 -3.5 0 0.107743 -0.00308479 1 1 255
60.1534 74.4117 1.76953 -0.179117 0 -0.7 0 -0.499089 0.352104 16 16 255
45.6321 57.8309 -3.17325 0.42426 0.0513666 -3.2 0 -0.061198 0.997978 188 188 255
48.1151 46.7126 -1.82712 1.82463 0.898494 -3.9 0 0.316225 -0.873475 255 132 132
80.905 62.3145 -40.2276 -0.86859 -0.11991 -3.5 0 0.840482 -0.322598 36 36 254
62.9344 69.0063 -15.6504 0.363554 0 -1.6 0 -0.357158 0.931964 65 65 255
55.5257 43.0174 -10.6546 0.0165396 0 4.2 1 -0.358155 -0.909045 255 24 24
60.7331 56.9986 -23.7414 -0.740563 -0.038705 -1.13671 0 -0.68946 -0.559961 48 48 255
64.9304 65.1891 3.6825 0.43168 0 -3.5 0 -0.113477 0.612654 2 2 255
49.571 51.848 0.00225 0.206206 0 -2.08892 0 0.228406 -0.419038 255 55 55
67.027 56.8352 -11.0616 -0.37199 0 3.8 0 0.760528 0.64898 26 26 255
63.8792 44.5148 -23.0767 -0.0158214 0 -3.9 0 0.838259 -0.529114 53 53 255
57.1235 79.1393 -6.25875 0.896185 0 -3.9 0 -0.987274 -0.103554 25 25 255
61.9426 67.1401 -19.0809 0.380859 0.0471205 -3.5 0 0.459642 0.785395 74 74 255
57.0617 76.8766 -7.6285 0.0807422 0 -3.79819 0 -0.415922 0.527688 61 61 255
48.4449 62.3933 -2.02903 1.89726 0 -3.9 0 -0.938145 -0.30203 255 138 138
57.6048 40.1628 -5.46231 0.470908 0 -3.9 0 0.460174 -0.241113 255 106 106
77.935 73.8114 -26.7046 -0.629546 0.0145173 -3.81425 0 0.0532957 0.670002 8 8 255
78.9855 76.5033 -35.8499 -0.0934659 0 0.508515 0 0.71311 0.465656 27 27 255
67.5679 72.1235 2.98012 -1.15295 0 3.8 0 0.605858 -0.303155 7 7 255
50.1779 43.322 -9.96513 0.0664014 0 -0.4 1 -0.267393 -0.0754247 255 20 20
69.5271 65.2227 -48.1767 0.179593 0 -3.5 0 -0.529001 0.442129 156 156 255
74.422 67.9221 -23.1782 -1.76946 -0.330603 -1.6 0 -0.286015 0.720468 77 77 255
58.7149 67.4672 -17.0123 0.410308 0.912053 -3.5 0 -0.494086 0.856807 77 77 254
64.8845 80.8783 -2.69775 -2.08097 -0.0367736 -3.5 0 0.450956 0.853224 3 3 255
64.9133 69.0381 -16.5441 0.317334 0 -1.6 0 0.124669 0.746376 53 53 255
82.6991 63.9309 -27.3233 -0.333988 0 -4.45996 0 0.622195 0.363658 14 14 255
77.141 52.11 -28.0566 0.86158 0.733387 -3.2 0 0.179229 -0.925901 12 12 255
60.6506 50.7803 -24.711 -0.569342 -0.170604 -3.69476 0 -0.937295 -0.201249 246 246 255
76.2353 74.339 -29.2795 0.944865 0 -3.9 0 -0.946367 0.111348 25 25 255
59.6183 43.1912 -12.934 -0.411154 0 -0.9 1 0.775185 -0.33111 255 15 15
63.1222 61.8841 -34.1737 0.238634 0 -1.517 0 -0.815161 -0.569472 119 119 255
65.7812 58.2761 0.52975 -0.298645 -0.148677 -0.8 0 0.61821 -0.731855 11 11 255
74.9408 59.9509 -45.488 0.7311 0.704426 -0.8 0 0.562025 -0.47233 84 84 255
82.9232 55.9302 -34.7282 0.190122 0.0677003 3.8 0 0.927958 -0.361293 152 152 255
79.9155 69.1956 -27.3965 -0.177866 0.068021 -4.12095 0 0.641281 0.766121 13 13 254
61.1319 50.8516 -27.4966 -1.09437 0 -0.8 0 -0.81513 -0.558974 255 235 235
66.0344 72.4634 -35.496 0.233071 0 -3.5 0 -0.439966 0.461547 34 34 255
73.3993 69.5064 -4.16925 -0.31598 0 -0.7 0 0.855776 0.449361 198 198 255
69.1168 49.9179 -11.1414 -0.482448 -0.498583 3.91385 0 0.933999 -0.279725 113 113 255
75.6553 74.5198 -41.7158 -0.676898 0 3.8 0 -0.507413 0.850209 46 46 255
65.986 52.5085 -3.81663 -1.14834 -0.795294 -0.8 0 0.305553 -0.688422 101 101 255
61.4753 61.0916 -28.4554 -1.29893 -0.0401958 -3.5 0 -0.736885 -0.137336 240 240 255
78.4146 73.5624 -42.1256 -0.503548 -0.0651637 3.8 0 0.963893 0.111084 105 105 255
64.3334 77.0232 -11.3958 -2.2423 -0.361262 -3.5 0 0.37389 0.290182 10 10 255
68.7007 81.3171 -8.551 0.596403 0 -3.9 0 0.756736 0.495376 11 11 255
59.8786 63.7051 -28.7078 -0.481918 0 -3.5 0 -0.896637 -0.2399 218 218 255
60.9229 58.6807 8.64262 0.328433 0 -3.9 0 0.0219299 -0.823932 59 59 255
54.6391 67.0687 -14.4894 -0.376728 0 -3.2 0 -0.640135 0.349703 255 154 154
71.5459 72.4196 -32.5191 -0.622288 0 4.2 0 -0.302716 0.748757 19 19 255
70.6839 43.8523 -16.7692 -0.396686 0 4.5 0 0.517849 -0.766187 158 158 255
54.6166 66.039 -15.3962 -0.0519235 0 -3.2 0 -0.902336 0.0839651 255 217 217
48.9915 50.7055 -0.244 0.421764 0 -3.9 0 0.404806 -0.19819 255 67 67
71.8154 70.4304 -49.1093 -0.0697883 0 -1.6 0 -0.989334 -0.139227 50 50 255
61.0741 64.4188 -24.8437 -0.0134505 0 -3.5 0 -0.506039 0.857458 230 230 255
48.9108 39.3976 -4.71125 0.104474 0 -0.8 0 -0.942686 -0.292594 255 125 125
79.2357 74.6992 -27.1606 2.77499 0.14412 -3.9 0 0.483315 0.354233 6 6 255
78.412 63.3838 -54.6283 -1.9141 -0.622762 -3.5 0 0.634007 -0.364328 4 4 255
66.8636 69.554 -35.9661 0.0478288 0 -3.5 0 -0.812675 -0.202244 48 48 255
59.1797 46.0822 -24.2257 0.581176 0 -3.9 0 -0.0697486 0.462933 190 190 255
71.844 61.2165 -16.6682 -0.614152 0 -1.3 0 0.995766 0.0736325 97 97 255
55.0076 51.3699 -20.5815 0.012073 0 -3.5 0 -0.108827 0.249804 162 162 255
56.9912 77.1827 -4.83125 0.280279 0 -3.9 0 -0.762847 0.39466 38 38 255
76.6021 60.9455 -40.9781 -0.573889 0 -3.5 0 0.230257 -0.468482 78 78 255
56.8349 69.2384 -1.59137 0.0614176 0 4.5 0 -0.663885 0.276106 45 45 255
61.6281 68.8239 -12.2216 0.345375 -0.190341 -0.973946 0 0.0456855 0.555768 138 138 255
61.7999 45.3674 -8.29 0.200231 0 -0.9 0 0.770235 0.0466114 212 212 255
55.3311 59.0517 -13.6474 -0.322187 0.00025318 -4.5 0 -0.664161 -0.739599 27 27 255
60.5916 45.532 -13.8831 -0.172249 0 -0.9 1 0.699909 -0.682173 255 63 63
61.602 78.7657 -8.0485 -2.44281 -0.142367 -3.5 0 -0.0113932 0.650034 8 8 255
62.7009 60.2959 8.7325 0.476416 0 -3.9 0 0.915888 -0.338774 29 29 255
59.1969 64.516 4.13062 1.27941 0 -4.5 0 0.198048 0.403007 16 16 255
52.3773 64.7439 -0.29825 0.45017 0 -3.9 0 0.07848 0.819979 218 218 255
63.1741 68.6178 -16.7323 0.283675 0 -1.6 0 -0.0925557 0.80679 44 44 255
57.3488 40.5691 -12.4286 0.330075 0 -0.9 0 -0.371796 -0.823222 255 32 32
58.9085 37.1145 -8.58125 2.72221 0.143734 -3.9 1 0.297445 -0.923816 255 242 242
65.5836 45.5818 -26.8514 -0.244341 0 1.8 0 0.532981 -0.842678 19 19 255
79.7814 75.8265 -29.547 1.83156 0.753472 -3.9 0 0.792348 0.51528 25 25 255
70.4244 61.844 -12.2306 0.055594 -0.193624 -0.993695 0 0.661525 -0.691735 132 132 255
79.2493 55.0405 -22.653 -0.372613 0.596899 -3.5 0 0.198013 -0.358977 16 16 255
68.6941 61.2926 -45.5946 0.09302 0 -3.5 0 -0.414252 -0.6671 188 188 255
43.828 51.8595 -9.98175 0.0278157 0 -3.2 0 -0.232401 -0.452425 218 218 255
59.7972 77.869 -3.0215 -0.248682 0 -3.5 0 -0.716997 0.027154 9 9 255
67.2476 67.3551 -34.245 0.229375 0 -3.0119 0 -0.908349 0.00835365 203 203 255
53.3363 49.2651 -3.09087 0.332728 0 3.8 0 0.397243 0.00355599 88 88 255
69.2381 69.3248 2.23338 -0.18855 0 -0.8 0 0.478872 0.0202752 12 12 255
81.0269 53.824 -35.2499 -0.882763 0 3.8 0 0.480476 -0.871234 185 185 255
52.9912 66.4871 -9.17825 0.374717 0.244296 -3.2 0 -0.977014 -0.207114 255 127 127
66.4187 52.9917 -10.4459 -0.178471 0 3.8 0 -0.08075 -0.958224 77 77 255
71.9159 69.789 -51.5684 0.276964 0 -1.6 0 -0.9274 -0.155718 28 28 255
64.1466 79.8641 -1.63262 -1.20028 0 -3.5 0 0.209783 0.259055 5 5 255
69.7484 50.8841 -6.67519 -0.72895 0 -3.5 0 0.371915 -0.29204 184 184 255
65.1695 66.3799 2.94306 0.0248217 0 -2.62142 0 0.0169967 0.152206 1 1 255
62.5471 43.6294 -24.0127 0.774842 0 -3.9 0 0.638738 -0.652761 68 68 255
78.8896 66.037 -40.4194 -0.681871 0 -0.7 0 0.913719 0.329954 18 18 255
62.3195 48.2759 -6.86006 -0.3858 -0.412896 -0.8 0 0.511252 -0.788347 97 97 255
68.4232 60.6085 -12.3272 -0.301755 0 -0.9 0 0.564894 -0.747868 72 72 255
76.6995 54.8083 -40.7395 -0.0863617 0.287791 -3.5 0 0.940005 -0.226211 152 152 255
45.0421 51.1604 -7.40281 0.337345 0 -3.2 1 -0.0780308 -0.332456 255 97 97
67.7521 73.5066 -13.5696 0.265905 0 -4.5 0 0.244084 0.929057 54 54 255
45.203 47.068 -1.102 2.81641 0 -3.9 0 -0.621067 -0.679615 255 90 90
63.013 47.784 -31.127 -0.679171 0 -3.5 0 -0.255265 -0.938497 182 182 255
63.9683 62.0151 -36.7277 0.219608 0 -0.8 0 -0.588063 0.048768 165 165 255
71.8174 45.8062 -17.2528 -0.570633 0 4.26162 0 0.588746 -0.804942 28 28 255
58.345 83.492 -6.359 2.48041 0 -3.9 0 -0.0878633 0.983198 1 1 255
61.1159 81.6314 -2.97575 -2.41035 -0.0890864 -3.5 0 -0.495486 0.830645 2 2 255
60.3898 64.9196 -26.1067 -0.266762 0 -3.5 0 -0.65066 0.44147 233 233 255
71.2766 74.1214 -7.81838 -0.115155 0 1.53117 0 0.125697 0.338788 255 233 233
41.9558 51.1469 -7.78837 -0.080537 0.507708 -3.2 0 -0.692248 -0.708428 255 139 139
53.2977 45.4017 -16.0243 -0.210793 -0.0446011 -0.7 0 -0.409512 -0.647192 255 209 209
47.7964 58.3399 -8.53125 -0.442464 -0.518252 -1.22291 0 -0.965585 0.238155 32 32 255
44.5778 47.4383 -7.16169 -0.0365865 0.297961 -3.2 1 -0.997643 -0.0646977 255 57 57
74.2489 77.4112 2.75631 0.201893 0 -3.5 0 0.580329 -0.490386 243 243 255
70.9342 52.2637 -31.8325 -1.11287 -0.330537 -1.3 0 -0.137817 -0.878685 41 41 255
57.4215 49.2167 -20.6937 0.226685 0 -3.9 0 0.178943 0.93223 255 219 219
68.4893 80.1871 0.911375 -2.69307 -0.810115 -3.5 0 -0.150752 0.651277 12 12 255
73.2978 53.5271 -28.8693 -0.902992 -0.128006 -1.3 0 0.683792 -0.631142 4 4 255
75.7555 52.5845 -27.866 -0.559959 0 -3.2 0 -0.420294 -0.650227 10 10 255
78.4931 74.0456 -38.0332 0.456754 0 -1.6 0 0.873869 -0.206803 26 26 255
82.5059 59.9793 -31.3189 -0.195298 0 -3.5 0 0.790135 0.530696 64 64 255
55.4118 66.6169 -16.3888 0.174809 0 -3.2 0 -0.546554 0.428433 255 230 230
76.2761 54.2715 -43.8829 0.914415 0.869768 -3.5 0 0.33723 -0.426004 100 100 254
68.356 77.0555 -9.40588 -0.373971 0 -3.9 0 0.375744 -0.22775 44 44 255
57.8664 53.4406 3.8425 0.186454 -0.183464 -4.25561 0 0.733433 -0.32562 138 138 255
65.7181 50.8332 -31.4092 -0.566585 -0.547319 1.80874 0 0.825979 -0.281626 171 171 255
62.9577 45.5042 -26.4212 -0.00559086 0 1.8 0 -0.415702 -0.862247 46 46 255
66.4394 82.6693 -9.96944 2.61552 0 -3.9 0 -0.184075 0.1845 5 5 254
68.2139 64.0254 -45.1464 -0.0033863 0.565002 -3.39022 0 -0.972632 0.129801 255 217 217
59.408 75.8921 -11.7021 0.174174 0 -1.6 0 -0.467753 0.880528 77 77 254
70.0703 71.8623 -42.3821 0.59671 0.147228 -1.3 0 -0.82377 0.460976 11 11 255
43.0722 53.4433 -9.75313 -0.151226 0 -3.2 0 -0.42021 0.0417407 85 85 254
60.9116 53.4302 1.37937 0.270527 0 3.8 0 0.0532616 -0.743014 82 82 255
50.2695 54.67 1.6405 -0.0744338 0 -1.3 0 0.103043 -0.278752 255 74 74
61.5832 72.8451 4.52606 0.165898 0 -3.9 0 -0.890679 0.446376 11 11 255
73.2667 67.7206 -2.68256 -0.171664 0 -0.7 0 0.545181 -0.11324 91 91 255
56.362 38.1513 -8.10931 1.30414 0 -3.9 0 -0.601296 -0.781231 255 71 71
62.9827 80.6095 -4.8265 -1.61432 0 -3.5 0 0.050214 0.816273 1 1 255
71.595 60.999 -0.3715 0.0243989 -0.335663 -0.8 0 0.833758 -0.18515 10 10 255
63.7 71.5719 10.7352 3.21936 0.385217 -3.9 0 -0.140523 0.473483 8 8 255
79.2389 54.0667 -25.0177 -0.504799 0 -3.5 0 0.00700711 -0.997818 39 39 255
72.0456 60.7373 -45.2242 -1.11938 -0.996669 -0.8 0 -0.567254 -0.810768 110 110 255
64.8744 52.1696 -9.76925 -0.250884 -0.471148 3.8 0 0.480361 -0.817902 82 82 255
78.7432 79.6509 -43.4231 -2.15418 -0.540409 -3.5 0 -0.300586 -0.301924 63 63 255
70.1774 72.0587 -33.0504 -0.210113 0 4.2 0 0.314295 0.870052 18 18 255
61.8829 66.5991 -30.9914 -0.991763 0 -3.9 0 -0.140803 0.975547 182 182 255
80.2692 79.2247 -42.7646 -1.79931 -0.0334097 -3.5 0 0.364377 -0.587189 60 60 255
61.843 69.4435 8.53681 0.997393 0 -3.9 0 -0.786651 -0.604159 5 5 254
54.73 46.5452 -19.7395 -0.271393 -0.697286 -3.9 0 -0.905357 -0.422309 255 252 252
66.6995 66.1315 -16.5766 -0.308286 -0.0828594 -1.6 0 0.208569 0.144407 145 145 255
42.6905 56.314 -1.4585 -0.465634 0 -3.2 1 -0.994098 0.101422 255 76 76
71.318 76.0241 1.33631 -0.174493 0 3.8 0 0.63494 -0.723599 76 76 254
67.4348 52.1888 -10.1054 -0.288409 0 -2.83016 0 -0.65203 -0.453795 102 102 254
55.4373 49.7541 -22.2486 2.16558 0.0283981 -3.9 0 -0.152301 0.984299 255 220 220
48.772 49.0057 -11.4222 0.206033 0 1.8 0 -0.723184 -0.205385 255 251 251
77.44 70.1198 -46.3048 -0.303137 -0.0613857 -3.33419 0 0.480709 0.39826 54 54 255
45.4547 47.7859 -3.71731 1.52193 0.520855 -3.9 1 -0.921263 -0.256811 255 73 73
63.2595 45.7951 -11.2374 0.378976 0 -0.636429 0 0.340311 -0.92649 255 160 160
73.8039 50.2993 -36.5739 0.255055 0.0282271 -0.8 0 -0.797839 -0.55518 142 142 255
64.9311 69.8483 7.309 0.997803 0 -3.9 0 0.799561 -0.566024 1 1 255
72.4747 73.3995 -32.5542 -1.09412 -0.375533 -1.05394 0 -0.49799 0.832905 22 22 255
76.7579 84.6831 -35.0493 -0.0982139 0 3.8 0 -0.223004 0.96803 7 7 255
65.062 68.0505 -17.4855 0.00842956 0 -1.6 0 0.34153 0.344025 77 77 254
48.6739 63.3854 -3.54575 3.73794 0.0410303 -3.9 0 -0.84369 0.0123791 255 196 196
67.5264 66.1064 -35.2988 0.109529 0 2.5 0 -0.859228 0.320826 145 145 255
73.2419 72.7701 -50.3352 0.548753 0 -1.6 0 -0.14345 0.987897 32 32 255
64.2961 66.2719 -26.2829 -0.758624 -0.738554 3.79253 0 -0.268979 0.740657 236 236 255
54.4289 56.0504 -11.8118 -0.305701 -0.0347879 -0.352521 0 -0.272678 0.0394221 36 36 255
58.8052 69.9194 -0.547125 -0.999955 -0.627072 -0.830556 0 -0.683379 0.429096 62 62 255
75.2531 58.8509 -18.2805 -1.78609 -0.0587104 -3.5 0 0.720981 -0.0162436 5 5 255
71.987 62.241 -18.027 -0.511987 0 -1.3 0 0.826824 0.481573 143 143 255
77.7456 80.5707 -41.5151 -1.2286 -0.189789 -3.5 0 -0.843099 0.476399 183 183 255
45.261 50.9863 -9.472 0.553078 0 -3.2 0 0.185037 -0.622191 248 248 255
67.2247 43.7554 -14.3874 -0.144461 0 4.5 0 -0.362169 -0.928111 201 201 255
71.7666 71.5719 -47.0599 -0.284759 0 -0.8 0 -0.842183 0.401846 67 67 255
52.1593 60.0326 -12.0504 -0.122188 0 -1.03146 0 -0.395272 -0.415938 31 31 255
73.2905 70.2585 -6.52913 -0.648046 0 4.2 0 0.954688 -0.10802 255 232 232
68.9115 68.1764 -44.5159 -0.0893723 0 -1.3 0 -0.876366 0.177658 143 143 255
50.4162 49.6105 -1.414 0.458203 0 -3.39427 0 0.267026 -0.100598 255 161 161
60.1616 48.1773 -3.33087 0.0387937 0 4.2 0 0.0461535 -0.456544 8 8 255
60.4155 51.3218 -0.135 0.364731 0 -4.5 0 0.397574 -0.596651 42 42 255
77.3155 52.4124 -37.6508 -0.410217 0 -0.8 0 0.828981 -0.441712 173 173 255
75.87 62.204 -44.899 -0.583391 0 -0.8 0 0.867125 -0.287227 44 44 255
76.236 52.9395 -32.529 -0.343173 0 4.5 0 -0.133371 -0.905684 108 108 255
53.4342 65.3333 -12.4312 -0.119856 0 -3.5 0 -0.913997 -0.0412512 255 253 253
68.5799 48.7253 -10.9591 -0.628314 -0.724188 4.5 0 0.517842 -0.58029 119 119 255
76.2396 64.3229 -54.7325 -1.65 -0.200938 -3.5 0 -0.416433 0.15112 13 13 255
78.942 70.0556 -28.883 -0.554042 -0.217485 -0.83972 0 0.867473 0.496895 23 23 255
63.7896 78.2527 -1.67737 -0.51344 0 -3.5 0 -0.221815 0.177342 3 3 255
67.7293 51.8084 -4.66581 -0.128879 0 -3.5 0 0.256684 -0.722702 130 130 255
75.2689 53.4451 -34.0649 -0.233632 0 4.23339 0 -0.511153 -0.847572 67 67 255
64.5236 72.7186 -14.126 0.838915 0 -4.5 0 -0.476498 0.396134 77 77 255
73.8344 70.6159 -29.8324 -0.317692 0.0157269 3.45431 0 -0.0210792 0.503869 29 29 255
72.0707 75.0678 -40.564 -0.0570998 0 1.8 0 0.00287698 0.999884 42 42 255
52.2412 43.8833 -11.1357 0.249219 0 4.2 1 -0.791488 -0.392533 255 21 21
82.2668 55.314 -28.7244 0.129552 0 -0.8 0 0.346697 -0.762863 81 81 255
70.7401 71.948 -10.7824 -0.214932 -0.375527 4.2 0 0.435329 0.585204 255 249 249
76.9378 83.7783 -33.7909 -0.111927 0 3.8 0 -0.333028 0.473693 11 11 255
68.8923 53.2358 -9.20063 -0.728995 0 -3.5 0 0.439002 0.648162 72 72 255
52.781 42.7305 -10.3518 -0.0495363 0 4.2 1 -0.209348 -0.759455 255 20 20
76.1452 58.4921 -40.339 -0.781117 0 -3.5 0 0.991717 -0.124895 146 146 255
76.4184 56.7282 -41.0675 -0.192246 0 -3.5 0 0.954004 0.172852 138 138 255
49.2472 57.3797 -11.799 -1.48743 -0.0200861 -3.5 0 -0.261173 0.0390829 32 32 255
53.9757 64.842 -2.78325 0.174254 0 -3.8035 0 -0.676187 0.736699 216 216 255
55.5982 64.2249 1.23119 0.582073 0 -4.5 0 -0.866705 0.447877 34 34 255
70.9055 81.3662 -7.10087 -0.610979 0 -0.4 0 0.160502 0.88431 33 33 255
49.771 50.6128 -12.5735 0.59628 0.000317721 1.82368 0 -0.588319 0.763667 104 104 255
78.4234 72.3122 -44.8456 -0.543059 0 3.8 0 0.863288 0.0260566 91 91 255
68.3125 56.1304 -7.86719 -1.4833 0 3.94272 0 0.553372 -0.360166 35 35 255
63.6957 56.098 6.02394 0.267296 0 -0.4 0 0.134628 -0.603501 47 47 255
60.8099 76.277 -12.183 0.261298 0 -1.6 0 -0.101056 0.861715 78 78 255
79.6254 70.0989 -44.3128 -2.22814 -0.226018 -3.5 0 0.984579 0.162573 68 68 255
64.4947 52.8319 -2.55653 -0.400274 0 2.8 0 0.730773 -0.594668 57 57 255
50.802 46.6595 -10.6485 -0.0315158 0.0772291 1.19427 0 -0.745006 -0.666403 255 131 131
56.5291 57.6543 -19.624 0.110446 0.308421 -4.5 0 -0.0835746 -0.14639 121 121 255
66.3474 57.8699 6.68331 -1.9254 -0.0862745 -3.5 0 0.210205 -0.192417 8 8 255
71.2099 65.4867 -8.63925 -0.00953299 0 -0.9 0 0.933035 -0.263724 93 93 255
64.7854 67.0332 -31.3816 -0.252168 0 2.34182 0 -0.551971 0.652759 255 182 182
56.7612 65.7097 3.208 0.714094 0 -4.5 0 -0.417687 0.220602 12 12 255
53.565 72.276 -7.244 0.182583 0 -1.6 0 -0.635917 -0.342021 255 188 188
54.948 46.1273 -0.593625 -0.0217976 0 -3.5 0 -0.820665 0.43441 48 48 255
70.8091 68.7982 -11.569 0.430031 0.488119 -0.593955 0 0.644847 -0.0479339 189 189 255
68.3187 64.1188 -19.6239 -0.152307 0 -1.3 0 0.17383 0.938626 118 118 255
58.2889 49.7504 -1.1125 0.753402 0 -4.5 0 0.564425 -0.777767 24 24 255
45.9808 48.7895 -5.18937 0.33256 0 -3.70291 1 -0.909684 0.415298 255 73 73
79.5061 64.5702 -18.5614 0.178496 0 -3.5 0 0.718864 0.619724 1 1 255
76.4208 65.8051 -53.3723 -0.809391 0 -3.5 0 0.239628 0.831952 16 16 255
66.8469 45.5646 -19.8044 -1.30321 -0.0827495 -3.5 0 -0.250791 -0.909945 228 228 255
68.9927 52.4782 -29.9694 -0.855558 0 -0.646457 0 0.164385 -0.924309 87 87 255
67.4302 64.5191 -41.1348 -0.569027 -0.14896 -1.3 0 -0.854661 0.0502387 255 206 206
49.0855 46.8125 -8.00175 0.0819719 0 -3.2 0 -0.135778 0.0239244 255 119 119
60.9554 71.6776 6.07281 0.178306 0 -3.9 0 -0.974047 0.206649 8 8 255
79.3224 74.6648 -30.8675 1.0355 0 -3.9 0 0.930316 0.262009 20 20 255
76.2856 56.0646 -37.9762 -1.83849 -0.747299 -0.8 0 0.585825 0.484582 139 139 255
67.6964 46.1676 -21.4044 -0.668664 0 -3.5 0 -0.216801 -0.947512 138 138 255
75.1776 73.6319 -38.0662 1.32151 0.311748 -2.80496 0 -0.965515 0.154868 47 47 255
71.6744 50.7926 -27.9853 -2.79091 -0.527299 -3.5 0 0.400786 -0.515858 2 2 255
81.4264 69.8206 -33.9869 0.558664 0 3.8 0 0.966421 0.0587187 29 29 255
64.7056 51.2427 -32.5495 -0.716034 0 -1.9878 0 0.41511 -0.129792 155 155 255
56.5964 60.5772 -17.4057 0.240776 0 -4.5 0 -0.865436 0.383983 110 110 255
81.9444 63.3753 -24.4072 -1.46452 -0.339976 -3.80187 0 0.523518 -0.054993 7 7 255
65.2765 63.1643 -39.0836 -0.328463 0 -0.8 0 -0.940084 0.132873 255 245 245
57.2344 68.9602 -13.4344 -0.252735 0.260139 -3.2 0 0.204454 0.729872 255 202 202
60.4314 55.9318 -18.2092 -0.692178 0.870247 -3.5 0 -0.225571 0.371918 91 91 254
69.6162 58.0894 -1.53394 -0.0719695 0 -0.8 0 0.898175 -0.248898 12 12 255
72.0106 55.9939 -12.6436 -0.925533 0.431371 -3.2 0 0.521695 0.425022 43 43 255
59.6379 59.6045 9.1485 0.717711 0 -3.9 0 -0.719227 -0.663129 36 36 255
70.3014 60.0056 0.844125 -1.17607 -0.454826 -0.8 0 0.633233 -0.506851 10 10 255
75.1999 62.9369 -45.9771 -0.332788 0 -3.06432 0 0.678301 -0.596416 23 23 255
70.1284 60.991 -46.3763 -0.210347 0.0361627 -3.5 0 0.20187 -0.972329 122 122 255
56.4863 62.7339 -16.7741 -0.200942 0 -0.9 0 -0.783156 0.0633377 156 156 255
45.9091 57.3814 -0.38825 0.139326 0 -2.10623 0 -0.244326 0.947137 255 101 101
77.3494 53.4394 -29.379 -0.235487 0 -3.2 0 -0.0237015 -0.805406 26 26 255
64.4269 48.7525 -33.0877 -2.44824 -0.712779 -3.5 0 0.324784 -0.456005 143 143 255
65.6734 67.1259 -32.0496 -0.116169 0 -3.9 0 -0.557852 0.546545 255 181 181
70.1409 48.1279 -13.6333 0.272262 0.372456 4.5 0 0.882077 0.029541 48 48 255
62.3521 71.5657 9.10931 1.3768 0 -3.9 0 -0.735469 0.535862 7 7 255
78.0468 59.7906 -21.9279 -0.808178 0 -3.5 0 0.499412 -0.386241 2 2 255
74.9607 49.6601 -19.6398 -0.437326 0 4.2 0 0.976287 -0.0495703 4 4 255
53.9743 53.7352 -1.19675 -0.62506 -0.872378 -0.7 0 -0.206353 -0.819374 255 201 201
71.6133 53.7151 -33.4421 -0.641174 0 -1.28187 0 0.18198 -0.949676 56 56 255
58.9318 73.6913 1.40325 -0.00910201 0 -0.7 0 -0.740435 -0.174498 37 37 255
47.0503 57.2088 -5.99119 0.480401 0 -2.00188 0 -0.634679 0.714175 84 84 254
50.381 61.7741 -10.3494 0.0886798 0 -0.8 0 -0.621876 0.675322 109 109 255
62.7207 48.4058 -8.644 0.103836 0.173769 -0.823172 0 0.597653 -0.482637 186 186 255
72.5957 68.0102 -48.6853 -0.0754898 0 -0.834708 0 -0.96982 -0.227139 63 63 255
68.2119 58.7905 -41.1673 -0.094858 0 1.8 0 -0.328056 0.120136 225 225 255
62.9032 55.3684 -20.8626 -1.45529 -0.313074 0.632167 0 -0.715284 0.543809 127 127 255
55.1511 58.675 -16.5643 0.231933 0 -4.5 0 -0.897105 0.441129 42 42 255
72.6858 51.7858 -36.7085 0.0913995 0.602318 -0.8 0 -0.777178 -0.600973 118 118 255
72.0535 74.8224 -41.9229 -0.101924 0 1.8 0 -0.458492 0.781447 42 42 255
75.6312 73.2817 -30.4461 -0.0257203 0 -3.9 0 -0.730772 0.0100779 19 19 255
58.9323 62.8029 -19.3765 -0.489677 -0.0252401 -0.974894 0 -0.613491 0.0954231 87 87 255
60.2475 66.3232 -31.2763 0.000261651 0.484166 -3.9 0 -0.625333 0.765738 109 109 255
78.7107 66.4635 -41.6444 -0.700188 0 -3.5 0 0.979543 0.032472 17 17 255
68.7469 43.6093 -14.4545 -0.197465 0 4.5 0 0.0967293 -0.881832 147 147 255
76.8717 66.6127 -50.6949 -0.916496 0 -3.5 0 0.942939 0.331859 14 14 255
62.2783 70.2387 -12.3766 0.187957 0 2.8 0 -0.263268 0.0893738 153 153 255
71.3062 63.4836 -21.2444 -1.35891 -0.717887 -3.5 0 -0.344807 0.862175 232 232 255
76.784 62.7841 -51.4115 -1.63084 -0.526909 -3.5 0 0.00307605 -0.830823 16 16 255
63.4706 66.5966 -31.4182 -0.404487 0 -3.9 0 -0.0288249 0.982714 255 251 251
85.6855 60.7943 -29.059 -0.502829 0 -3.5 0 0.853994 0.276406 24 24 255
82.0598 63.3369 -28.0334 -0.221741 0 -4.10482 0 0.6703 0.201304 19 19 255
45.3363 56.7885 0.343 -0.21126 0 -3.05363 1 0.0338793 0.565813 255 48 48
80.8002 67.8639 -25.1491 0.0442015 0 -3.37586 0 0.38766 0.693853 4 4 255
78.6908 69.1374 -46.8989 0.35935 0 -3.5 0 0.266769 0.57026 21 21 255
75.3056 51.356 -20.0338 -0.996517 0 -0.0364423 0 0.965535 -0.0381846 5 5 255
67.23 73.2103 -29.7073 0.134334 0 2.8 0 -0.20432 0.940911 74 74 255
58.5224 44.3226 -21.1345 0.439921 0 -3.9 0 -0.229085 -0.918758 255 250 250
54.794 47.8008 -24.7645 2.45154 0.540841 -3.9 0 -0.477058 -0.0483745 255 185 185
60.3047 67.2894 -32.8268 2.97001 0.128111 -3.9 0 -0.467529 0.876492 81 81 255
61.5509 73.4367 2.83694 -0.394226 0 -2.25993 0 -0.730676 0.33699 16 16 255
49.0893 42.3219 -5.40994 0.0259506 0 -0.746611 0 -0.908632 0.00247318 255 100 100
59.7229 64.34 -27.5508 -0.386665 0 -3.5 0 -0.993144 0.114498 229 229 255
82.7239 63.083 -36.0019 -0.22314 0.0340285 2.4775 0 0.939515 -0.0500326 57 57 255
57.0566 52.4873 -19.0301 -1.35772 -0.710202 -3.5 0 0.406553 -0.209979 193 193 255
66.0673 82.0659 -6.02719 0.234453 0 -3.9 0 -0.31986 0.642715 3 3 255
56.3892 43.2786 -1.26569 0.323875 0 -3.5 0 0.0447739 -0.840274 92 92 255
83.1376 62.7466 -24.5217 -1.50214 -0.545648 -3.5 0 -0.251195 0.188147 7 7 255
74.3313 44.2241 -24.0576 -0.439216 0 -3.5 0 0.566051 -0.819243 0 0 255
48.0957 64.5084 -1.64175 2.88484 0.796808 -3.9 0 -0.885931 0.395062 255 184 184
72.3897 47.4281 -25.1268 -0.439971 0 -0.7 0 -0.0463243 0.0847651 1 1 255
71.2991 81.7099 -5.9245 -0.460877 0 -0.4 0 0.502941 0.861147 59 59 255
45.2809 51.5583 -0.910688 0.428438 0 -3.9 1 -0.87259 -0.235513 255 46 46
73.0413 74.5481 -3.30675 -0.112743 0 -0.7 0 0.77694 -0.185178 255 156 156
66.7209 71.2548 -36.4649 0.00741159 0 -3.5 0 -0.715867 -0.00681276 53 53 255
50.7977 44.9953 -3.03531 0.075686 0 3.8 0 -0.509028 -0.559433 242 242 255
77.1356 79.5005 -39.1441 -0.0268538 -0.0775508 0.177711 0 -0.889243 0.220394 114 114 255
54.6464 71.3727 -4.01056 0.530108 0 3.00255 0 -0.580845 -0.207525 139 139 255
60.8915 74.7771 -13.8554 0.0745022 0 -1.6 0 0.260159 0.526176 130 130 255
83.1186 62.7034 -34.67 -0.287366 0 2.8 0 0.964569 0.243532 99 99 255
76.5626 52.093 -34.4461 0.181617 0.363884 -0.8 0 -0.108538 -0.819463 143 143 255
65.655 46.835 -23.0345 -0.000782389 0.754336 -3.13295 0 0.103679 -0.989811 88 88 255
62.0156 43.5153 -10.2594 -0.554087 0 -0.9 0 0.835588 -0.371712 255 69 69
76.577 58.8578 -21.1557 -0.838195 0 -0.4 0 0.420402 0.00913711 3 3 255
60.745 47.2342 -24.0444 -0.0136946 -0.810496 -3.9 0 -0.265485 0.057518 199 199 255
54.6447 70.619 -9.0695 0.341525 0 -3.2 0 -0.568459 0.751891 255 237 237
49.3517 55.2094 -10.9164 0.168406 0 -3.5 0 -0.466113 -0.248617 47 47 255
69.7799 70.7466 -11.9826 0.520199 0.0637525 -4.5 0 0.845686 0.30375 224 224 255
69.6435 62.1933 0.87975 -0.436109 -0.824029 -0.8 0 0.734368 0.197034 11 11 255
60.9982 62.4297 12.5529 2.59153 0.421475 -3.9 0 0.0902336 0.284561 37 37 255
69.2722 70.1884 -14.8199 0.426551 0 -4.5 0 0.876986 -0.171622 193 193 255
72.1921 65.4402 -3.27312 -0.187936 0 -1.03635 0 0.472997 -0.180605 58 58 255
53.2521 65.5372 -6.64181 0.559563 0.258927 -1.93746 0 -0.835371 0.249463 255 138 138
62.5685 76.4984 -11.6685 -0.790696 -0.547047 -3.24419 0 0.0713378 0.537646 36 36 255
80.9528 53.6316 -37.403 -0.268593 0 3.8 0 0.277616 -0.93574 236 236 255
57.1852 82.9479 -6.91738 3.60701 0.30269 -3.9 0 -0.663218 0.663545 1 1 255
75.9434 64.0761 -48.1574 -0.525185 0 -3.5 0 0.792604 -0.609709 8 8 255
80.0514 65.2248 -39.1922 -0.41396 0 -3.5 0 0.644509 0.522063 19 19 255
53.117 52.3309 -19.1955 0.336535 0 -3.5 0 -0.702414 0.195264 60 60 255
71.3002 67.6681 -26.4791 -0.537546 -0.0926679 4.2 0 0.112058 0.958055 255 239 239
68.8226 54.8041 -35.2982 0.49017 0.121418 -0.8 0 -0.849951 -0.246301 92 92 255
71.3243 73.639 -31.4648 -0.317769 0 4.2 0 -0.0864097 0.921342 16 16 255
64.3695 72.0485 -32.8713 -1.27329 -0.553381 -3.5 0 -0.97629 0.0036516 167 167 255
58.6446 61.1073 -20.8024 0.0903807 0 -1.28278 0 -0.83897 0.462455 124 124 254
53.4007 39.9727 -7.07569 0.573408 -0.605443 -1.69153 0 -0.0127556 -0.599137 255 40 40
74.046 61.067 -46.097 -0.522081 0 -0.8 0 0.577613 -0.232629 62 62 255
54.889 60.7215 4.1285 -0.984545 -0.198268 -4.17554 0 -0.7198 -0.00966972 136 136 255
72.4273 44.7605 -22.704 -0.122575 0.0676867 -3.3433 0 -0.42057 -0.77912 2 2 255
82.2065 66.6182 -24.9321 0.138311 0.422809 -4.5 0 0.531698 0.367994 5 5 255
73.4873 79.7634 -0.169375 -0.00648554 0 -3.5 0 0.779871 0.62594 255 202 202
50.0105 40.2281 -3.3835 0.0863608 0 -0.8 0 -0.467205 -0.0104187 255 134 134
55.712 64.6984 2.33541 1.06904 0.519173 -4.5 0 -0.878701 0.153182 16 16 255
54.9123 59.8555 3.59444 -1.00915 0 -3.61451 1 -0.949792 -0.280951 195 195 255
64.3705 74.9854 3.07162 1.12209 0.656948 -3.54849 0 -0.285886 0.80519 5 5 255
78.163 59.7612 -40.4126 -0.428756 0 -3.5 0 0.0611342 -0.547639 120 120 255
75.823 54.0371 -20.5893 -0.532289 0 -0.8 0 0.94025 -0.183898 10 10 254
69.2171 65.9306 1.00406 -0.191193 0 -0.417143 0 0.941546 -0.0303099 14 14 255
76.0104 73.5991 -28.0619 -0.759315 -0.185645 -3.55699 0 -0.893861 0.447569 23 23 255
67.5315 55.3607 -10.728 -0.425491 0 3.8 0 0.940535 0.136465 41 41 255
61.256 53.9388 -32.5732 -0.778866 0 2.8 0 -0.522901 -0.211797 78 78 255
54.5635 57.6085 3.0455 -0.0314528 0 -3.5 1 -0.995948 0.0890904 196 196 255
73.2095 74.5875 -39.6325 0.0593086 0 1.8 0 0.0571042 0.712583 48 48 255
61.6717 63.1181 -33.3701 0.545153 0 -3.9 0 -0.61315 -0.788011 106 106 255
53.5679 53.1673 -11.3139 0.941949 0.16354 -3.5 0 -0.0471214 0.0879552 80 80 255
59.2203 58.7421 -23.1613 -0.0930088 0 -1.6 0 -0.772072 -0.635347 44 44 255
69.6365 54.5704 -12.2296 -1.14023 0 -3.2 0 -0.00235323 0.106829 53 53 255
70.8421 65.1942 -7.73825 -0.62702 0 -1.49919 0 0.97907 -0.172429 37 37 255
59.7306 72.2022 -13.2336 0.00626088 0 -1.6 0 -0.00480658 -0.420598 142 142 255
70.2746 74.4938 2.13591 -0.19055 0 3.8 0 0.80989 -0.431604 49 49 255
66.638 69.2168 -34.7007 0.078516 0 -3.5 0 -0.882485 -0.395202 181 181 255
78.8028 69.6309 -25.0531 -0.15393 -0.0723958 -1.81398 0 0.718324 0.448491 7 7 255
72.8168 55.104 -40.4014 0.33539 0 -3.5 0 -0.0681401 -0.922371 76 76 255
78.7018 74.6648 -39.303 -0.19587 0 -1.6 0 0.869077 -0.485651 35 35 255
54.447 74.5685 -4.21844 0.468533 0 -1.6 0 -0.0677343 0.367295 82 82 255
65.005 70.1127 -29.3585 -0.979336 0 2.8 0 -0.97948 0.201387 194 194 255
70.0496 57.7814 -4.83266 -0.525901 0 0.396891 0 0.975253 0.112893 18 18 255
72.978 62.4855 -18.4795 -0.502108 0 -3.5 0 -0.0337087 0.337135 122 122 255
69.8788 66.485 -25.4072 -0.451407 0 4.2 0 -0.749177 0.383827 255 252 252
60.6183 52.0788 -30.6193 -0.0953976 0 2.8 0 -0.874457 -0.480469 255 236 236
73.5778 53.2967 -30.213 -0.0676732 0.731706 -1.3 0 0.849354 -0.411571 12 12 255
66.4659 71.4497 -15.3863 0.646507 0 -4.5 0 -0.418234 0.175467 111 111 255
67.7762 46.3728 -12.2878 -0.140986 0 4.5 0 0.308268 -0.49221 93 93 255
72.043 80.6944 -5.33138 -0.7195 0 -0.4 0 0.896253 0.438051 107 107 255
63.1363 66.7152 -27.646 -1.56804 0 -1.30191 0 -0.362978 0.787273 187 187 255
53.9815 63.2348 0.947156 0.236722 -0.118302 -4.5 0 -0.43526 0.777226 91 91 255
74.091 62.395 -47.58 -0.668494 -0.784745 -3.5 0 0.510236 -0.859553 19 19 255
72.6362 48.9254 -16.6141 -0.481372 0 4.2 0 0.0577585 -0.0179306 11 11 255
80.5434 78.0815 -38.999 0.186812 0 -3.5 0 0.675017 -0.733919 117 117 255
56.299 41.8279 -13.1763 0.474398 0 -0.9 0 -0.74132 -0.574612 255 35 35
73.4524 53.7105 -32.852 -0.345928 0 4.5 0 0.00637055 -0.892017 47 47 255
71.2259 53.2566 -35.0791 -0.431598 -0.123726 -0.8 0 0.208774 -0.893721 68 68 254
75.2956 75.0331 -31.3913 -0.15283 0 -3.9 0 -0.779722 0.482983 28 28 255
74.3447 70.6209 -53.253 -0.00985729 0 -1.6 0 0.257986 0.253302 8 8 255
68.4475 70.9867 -37.5443 0.0447468 -0.396964 -0.4 0 -0.623287 0.485778 13 13 255
73.8447 78.6444 -0.28575 0.182727 0 -3.5 0 0.940707 0.212297 255 239 239
63.2347 43.7962 -22.5445 0.263743 0 -3.9 0 0.732394 -0.654888 83 83 255
80.4827 81.5349 -41.7505 -0.173302 0 -3.5 0 0.259051 0.775777 70 70 255
67.8989 63.4667 -22.93 -0.499801 0 3.8 0 0.096943 0.895285 232 232 255
62.4951 44.4935 -17.2106 -0.619484 0 -0.9 0 0.694808 -0.467296 255 70 70
83.0043 61.9618 -28.6007 -0.483622 0 -3.5 0 0.107494 0.699146 16 16 255
71.2588 61.897 -0.9515 0.337154 -0.180254 -0.8 0 0.598211 0.629316 19 19 255
71.5837 68.4916 -46.4375 0.447656 0 -1.24509 0 -0.672798 0.0584642 86 86 254
68.93 58.4235 -0.15 -0.0945229 0 -0.8 0 0.37207 -0.760379 10 10 255
67.7718 64.0866 -17.8566 -0.30695 0 -1.3 0 0.213354 0.953222 73 73 255
62.5141 70.5727 9.99512 2.47546 0 -3.9 0 -0.758961 -0.0100447 5 5 255
74.6051 55.8017 -16.4504 -1.00109 0 -3.5 0 0.566509 -0.620351 4 4 255
60.492 76.799 -1.637 -0.421602 0 -0.7 0 -0.610102 0.574191 3 3 255
78.2638 73.0774 -38.9739 -0.128793 0 -0.8 0 0.967534 0.172525 31 31 255
79.3849 81.9373 -41.0595 -0.0756283 0 -3.5 0 -0.429955 0.85234 104 104 255
45.7622 54.4125 0.7475 0.0197819 0 -2.91064 1 0.0501456 -0.169767 255 24 24
72.0034 69.1012 -47.1801 0.342417 0 -0.8 0 -0.900962 -0.15474 68 68 255
49.9603 61.1431 -0.0122813 0.982547 0 -3.9 1 -0.464979 -0.128537 255 95 95
71.1126 47.8186 -16.0348 -0.498218 0 4.5 0 0.594592 0.157518 33 33 255
69.0149 51.767 -5.88188 -0.243627 0 -3.5 0 0.588027 -0.325961 126 126 255
60.8381 58.3735 -26.3044 -0.276658 0 -1.6 0 -0.734636 -0.339569 67 67 254
66.2988 67.1536 -16.5782 0.711465 -0.0771068 -1.6 0 0.370083 0.20159 141 141 255
70.9769 61.7639 -13.6367 -1.23353 -0.90173 -1.3 0 0.930601 0.0504375 140 140 255
70.573 71.8979 -36.837 0.0373594 0 -0.4 0 -0.100411 0.984535 23 23 255
82.2459 59.5331 -33.1215 -0.424512 0 2.8 0 0.964193 0.262512 133 133 255
81.1604 70.6734 -34.9544 0.916326 0 1.80853 0 0.778962 -0.434507 14 14 255
73.8425 59.3472 -17.634 -1.4869 0 -3.5 0 -0.0306987 0.980674 21 21 255
58.6749 53.1332 2.32591 1.1212 0 -4.5 0 0.643665 -0.410764 98 98 255
54.9205 47.0814 -2.0885 -0.0378577 0 -3.5 0 -0.224859 0.652388 44 44 255
71.5052 59.6735 -2.751 -1.43432 -0.15027 -3.5 0 0.289038 -0.956472 8 8 255
62.7733 61.0372 7.52684 0.334406 0 -3.9 0 0.922954 0.363513 15 15 255
65.3765 70.8948 -34.5503 -0.944776 -0.78387 -3.5 0 -0.841536 -0.315815 142 142 255
52.5489 58.8877 1.07725 0.271104 0 -1.44031 1 0.121315 0.13708 255 138 138
82.2393 64.4666 -32.1744 -0.147658 0 3.73077 0 0.953093 -0.140392 83 83 255
75.3853 59.175 -20.9581 -1.39561 0.205525 0.496703 0 0.50056 -0.202776 3 3 255
71.4655 63.8975 -2.63025 -0.0915495 0 -3.5 0 0.361435 0.422095 35 35 254
52.2848 63.5606 -4.00387 0.383743 0 -3.9 0 0.02404 0.938969 216 216 255
76.6449 56.8773 -20.6351 -0.655273 0 -0.4 0 0.409143 0.0799699 7 7 255
66.1035 73.165 4.32156 0.0197023 0 -2.04592 0 0.695128 0.301672 4 4 255
70.1133 72.4917 -0.307187 -1.09636 -0.163737 3.93119 0 0.715988 -0.396769 98 98 255
50.141 38.7806 -6.40447 -0.0553661 0 -0.8 0 -0.639195 -0.546619 255 98 98
75.8959 55.8008 -20.4256 -0.671377 0 -0.693639 0 0.741539 -0.0241886 7 7 255
76.823 67.8145 -48.4755 -0.428061 0 -1.6 0 0.883917 0.345829 21 21 255
79.8269 73.9413 -29.1716 1.84338 0 -3.9 0 0.995708 -0.0912529 16 16 255
50.7678 62.7293 0.5645 1.16137 0 -3.9 0 -0.0912617 0.0813515 255 184 184
75.8458 80.5492 -37.494 -0.530272 0 3.8 0 -0.612811 0.134993 68 68 255
44.7537 48.6265 -7.5095 -0.0465943 0.0471635 -3.2 1 -0.970818 0.196881 255 93 93
82.5338 61.0395 -29.8048 -0.22665 0 -2.30049 0 0.313804 0.753058 23 23 255
60.7863 80.669 -5.69906 0.0383815 0.0849926 -3.9 0 0.598456 0.748949 3 3 255
58.0382 51.205 -18.7555 -0.221387 0.259528 -3.5 0 -0.135092 0.129343 255 240 240
56.2655 54.4843 -13.2705 0.347646 0 -3.11628 0 -0.94235 -0.0219475 29 29 255
62.4915 45.0092 -25.4306 0.192972 0 -3.9 0 0.13666 -0.379587 80 80 255
78.9338 67.1737 -46.9473 -0.0507514 0 -3.5 0 0.657096 -0.264758 9 9 255
44.5955 49.912 -7.833 0.123426 0 -3.2 1 -0.465596 -0.882136 255 127 127
61.0742 67.9615 -14.6175 0.347528 0 -1.6 0 -0.223216 0.963449 73 73 255
78.1191 53.2723 -32.3452 -0.438326 0 4.5 0 0.188445 -0.901744 100 100 255
63.8052 71.5991 -12.9608 0.317851 0 -4.5 0 -0.539013 -0.207902 105 105 255
57.5899 61.6981 4.21694 0.179434 -0.00191196 -4.44566 0 -0.149018 0.30969 37 37 255
70.7827 66.6301 -46.6404 0.0895312 0 -1.81176 0 -0.429599 0.609228 165 165 255
73.5532 69.9651 -7.93813 -0.232905 0 4.2 0 0.963618 -0.120506 255 125 125
77.0154 64.1669 -43.2528 -1.42402 0.195448 -3.5 0 0.532759 -0.789805 13 13 255
79.3613 64.1192 -21.1774 -0.635619 0 -3.5 0 0.92224 0.355093 3 3 255
61.0831 71.3324 1.6895 0.358832 -0.59972 -0.7 0 -0.677535 -0.179846 30 30 255
64.7 46.9691 -28.4829 0.128351 0 1.8 0 0.136493 -0.727729 56 56 255
59.7735 62.1812 -25.9544 0.0296223 0 -1.6 0 -0.939946 -0.0235237 174 174 255
61.9852 57.242 -32.9893 0.176553 0 0.999516 0 -0.660988 0.225555 65 65 255
55.8229 53.5922 -16.1166 0.151139 0.700504 -1.57335 0 -0.63128 0.462165 34 34 255
66.9789 72.9622 -28.6316 0.0243944 0 2.8 0 -0.207079 0.961864 135 135 255
56.2861 76.7747 -6.25356 0.52174 0 -1.6 0 -0.621547 0.776016 66 66 255
58.1654 54.7036 4.713 -1.80188 -0.016744 -3.5 0 0.562249 -0.60393 166 166 255
66.5082 69.8436 -26.0485 -0.0721863 0 2.8 0 0.188545 0.11707 137 137 255
74.9834 52.5188 -35.4246 -0.0380526 0 -0.8 0 -0.359554 -0.462404 90 90 255
71.452 68.0597 -1.69934 -0.183768 -0.0992871 -0.8 0 0.835259 -0.28483 55 55 255
69.8353 45.7185 -24.0482 -0.494627 0 -0.7 0 -0.292358 -0.917309 9 9 255
75.2175 47.2552 -21.9028 -0.226648 -0.0805909 -3.5 0 0.739067 -0.356377 1 1 255
46.5889 52.2858 -6.53797 0.405185 0 -3.2 1 -0.618687 -0.581111 255 73 73
82.6182 80.0148 -39.6978 2.34163 0 -3.5 0 0.833422 -0.548374 75 75 255
55.8387 66.0177 -1.48231 0.623697 0 2.8 0 -0.792182 0.478253 68 68 255
72.5474 64.7154 -4.59538 -0.0220716 0 -3.11088 0 0.941393 0.20839 26 26 254
55.8745 48.0549 -2.81288 -0.395807 0 -2.19313 0 -0.354611 0.680379 37 37 255
53.7443 74.631 -7.82269 0.371398 0 -1.6 0 -0.434267 0.212907 204 204 255
71.409 57.7422 -14.8848 -1.00902 -0.0581514 -3.22248 0 0.112121 0.636611 36 36 255
63.5649 65.7083 -21.3598 -0.0869036 0 -3.5 0 0.598063 0.796292 85 85 255
83.4832 64.2848 -25.7015 -0.594374 -0.21457 -4.04379 0 0.760913 0.642213 8 8 255
70.9957 46.2575 -15.0101 -0.396812 0 4.5 0 0.867032 0.19102 66 66 255
76.4569 70.2139 -47.3522 0.114642 -0.0984843 -0.8 0 0.832166 0.0382582 67 67 255
65.8813 55.1446 -0.582594 -0.223544 0 2.52814 0 0.601174 -0.366099 11 11 255
64.7288 61.4938 5.87625 0.29077 0 -3.5 0 -0.179927 0.296993 5 5 255
66.1435 57.3661 -36.6706 -1.10233 -0.314839 -0.8 0 -0.656067 -0.689554 123 123 255
68.5939 52.0931 -9.96075 -0.688414 0 -3.5 0 0.326934 0.809958 111 111 254
80.3091 62.4401 -22.7366 -2.08523 0 -3.5 0 0.723296 -0.316117 4 4 255
76.2131 72.3505 -29.2271 -0.242143 0 -3.9 0 -0.972229 0.232792 23 23 254
61.4305 58.8184 -20.3944 -0.589434 0 -0.9 0 -0.27663 -0.960832 68 68 255
73.7695 74.358 -34.3893 -1.2636 -0.165258 -3.9 0 -0.776016 0.526305 43 43 255
77.0549 54.6209 -22.0935 -1.46259 -0.160404 -0.626867 0 0.594466 -0.471702 9 9 255
47.1639 52.0598 -4.55925 0.58393 0.119985 -3.56526 1 -0.938276 -0.30772 255 73 73
62.1759 42.6727 -20.2769 0.0754149 0 -0.9 0 0.326027 -0.942395 255 215 215
81.8599 54.1189 -30.6106 -1.39175 -0.376928 -0.8 0 0.0178585 -0.990905 124 124 254
77.7249 64.3085 -51.2599 -1.25486 0 -3.5 0 0.753998 0.11392 14 14 255
45.9547 50.4535 -7.05556 0.588551 0 -3.2 1 -0.710961 0.148025 255 97 97
59.9543 50.1419 -23.1651 -1.9927 -0.769227 -3.85734 0 -0.851483 0.425158 255 200 200
77.0669 64.7021 -46.7746 -1.27042 -0.127276 -3.5 0 0.557041 -0.626976 6 6 254
68.1288 61.5547 4.84566 0.00813822 0 -3.5 0 0.873919 -0.0489038 15 15 255
67.344 50.0698 -9.95775 -0.300308 0 -3.5 0 -0.876509 -0.462401 118 118 255
69.663 53.8508 -2.98406 -0.186428 0 -0.7 0 0.573158 -0.81912 49 49 255
76.5849 51.8476 -25.0462 -0.90084 0 -3.34732 0 0.836322 -0.54517 4 4 255
57.9866 49.8451 0.675125 1.06517 0 -4.5 0 0.622577 -0.684398 51 51 255
49.705 64.8744 -0.94875 2.36736 0 -3.9 0 -0.186979 0.870892 255 184 184
61.042 57.3208 -31.4874 0.318953 0.00525734 2.68895 0 -0.707529 0.522272 74 74 255
52.9913 42.6522 -2.64672 -1.3216 -0.333207 -0.8 0 -0.112778 -0.255755 255 231 231
64.7243 56.3345 1.74891 0.524966 0 2.8 0 0.955568 -0.276399 14 14 255
70.4037 72.7908 -39.7915 -0.0695333 0 1.8 0 -0.649808 0.629 8 8 255
82.1719 66.3493 -33.4974 -0.318272 0 3.8 0 0.959456 -0.0495251 193 193 255
60.8361 51.9427 -28.2999 -0.569034 0 -1.0311 0 -0.813748 -0.506781 255 183 183
64.4334 50.4782 -5.31881 -0.281513 0 -0.8 0 0.751936 -0.590004 122 122 255
71.0741 72.9866 -42.417 0.301915 0 1.8 0 -0.630765 0.619816 32 32 255
74.8042 75.449 -36.8046 1.32328 0 -1.6 0 -0.998938 -0.000590891 64 64 255
46.6906 52.0271 -0.012 0.0921997 0 -3.9 1 -0.217879 -0.221554 255 32 32
60.9551 46.7827 -8.28506 0.192552 0 -0.593844 0 0.912944 0.106184 167 167 255
56.6513 50.4825 -2.56484 0.600542 0 -4.00768 0 -0.715063 -0.50523 34 34 255
75.3279 63.1788 -50.6149 -0.367494 0 -3.5 0 0.115724 -0.993191 20 20 255
64.3291 80.1535 -5.81256 -1.15051 -0.00232278 -3.5 0 -0.56127 0.698136 1 1 255
49.4825 49.9223 -10.2027 0.240623 0 3.50957 0 -0.946949 -0.30708 255 239 239
61.7301 77.0583 -10.2114 -0.765976 -0.186516 -3.5 0 -0.420444 0.8377 26 26 255
75.1922 71.4842 -51.0439 0.0986114 0 -1.6 0 0.897768 0.440217 22 22 255
68.4231 44.5116 -19.2728 -2.47636 -0.387345 -3.5 0 0.0279083 -0.922713 132 132 255
45.5952 51.2995 -2.87913 0.580637 0.518396 -3.52725 1 -0.835057 -0.114358 255 49 49
80.3032 82.3131 -38.2544 2.22071 0 -3.5 0 -0.124469 0.86071 38 38 255
62.07 42.3154 -18.2811 -0.00616181 0 -0.9 0 0.522753 -0.788804 255 139 139
57.4809 61.7201 -18.663 0.227001 0 -0.9 0 -0.765252 0.338475 172 172 255
68.9417 72.2635 -29.3208 -0.234747 0 4.2 0 0.0997003 0.697011 66 66 255
62.1713 59.6543 -31.6212 -0.433001 -0.0658198 -0.7 0 -0.792888 0.450522 76 76 255
74.6048 48.3481 -17.9489 -0.334264 0 4.2 0 0.909911 -0.308701 5 5 255
81.7892 57.4416 -23.6919 -0.26433 0 -3.5 0 0.644931 0.125595 23 23 255
51.4007 49.0894 -15.3725 0.172097 0 -0.362672 0 -0.678023 0.276871 96 96 255
65.0922 46.3497 -18.0218 -0.138583 0 -3.5 0 -0.0528328 -0.881535 255 150 150
73.2455 73.7529 -45.606 -0.371016 0 3.8 0 -0.678429 0.687086 55 55 255
65.2141 56.4057 3.14812 0.325994 0 -0.4 0 0.721798 -0.589181 22 22 255
51.9492 46.9605 -15.9667 0.377491 0 0.729524 0 -0.724586 -0.310266 189 189 255
60.9945 43.9832 -11.7533 -0.578976 0 -0.9 1 0.708488 -0.337309 255 37 37
47.1844 52.2037 -8.95938 0.214599 0 -3.2 0 0.1015 -0.458234 187 187 255
59.9615 64.857 -30.7915 -1.51872 -0.186078 -3.50001 0 -0.904802 -0.424232 158 158 255
74.1067 54.9969 -41.2596 0.111498 0 -3.5 0 -0.547092 -0.836965 127 127 255
58.3829 76.5228 -8.11162 -0.409084 -0.0139104 -3.53291 0 -0.257277 0.378375 57 57 255
66.61 77.0789 1.13931 -0.380715 0 3.8 0 -0.500436 0.775152 5 5 255
62.5643 61.3746 9.67284 1.19769 0 -3.9 0 0.981669 0.0195254 25 25 255
69.4274 65.3605 -12.9178 -0.290348 0 -1.38957 0 0.669728 0.317283 161 161 255
74.47 80.0782 -36.2445 -0.579052 0 3.8 0 -0.961286 -0.255828 38 38 255
55.0089 49.3294 -3.41775 -0.253641 0 -0.4 0 0.052493 -0.00807562 45 45 255
75.0445 62.7422 -51.8338 -0.490722 0 -3.5 0 -0.267579 -0.948875 25 25 255
55.6063 57.5442 -11.9013 -0.336166 -0.019276 2.5 0 -0.695626 0.0799871 23 23 255
61.7744 62.4187 4.42869 -0.154704 0 -3.60618 0 9.64668e-05 0.742957 14 14 255
78.6992 64.5625 -43.0322 -0.705967 -0.919304 -3.5 0 0.926763 -0.300571 7 7 255
54.7006 46.3919 -23.1239 1.51317 0 -3.9 0 -0.834466 -0.550971 255 220 220
61.0956 66.6576 2.11663 -0.051303 0.0253813 -4.21203 0 -0.236566 0.364843 21 21 255
70.6308 59.0058 -5.66313 -0.0948077 0 4.2 0 0.87792 -0.473503 22 22 255
66.2539 74.7835 3.61781 0.184818 0 2.03093 0 0.0515754 0.326429 4 4 255
72.4661 68.9721 -2.93625 -0.168157 0 -0.7 0 0.552256 0.430962 138 138 255
69.7949 56.0462 -1.25787 0.00152677 0 -0.7 0 0.608879 0.257998 17 17 255
79.0145 70.1215 -39.8125 -2.28488 -0.142795 -3.34702 0 0.979662 0.113872 29 29 255
70.772 52.7658 -9.40525 -1.97771 -0.238201 -3.5 0 0.303756 0.859199 66 66 255
79.5458 67.6443 -38.5426 -0.821254 0 -3.5 0 0.780525 0.30056 38 38 255
53.975 71.1975 -7.6165 0.152756 0 -2.67361 0 -0.908815 0.250695 255 235 235
68.4993 81.7945 -6.04456 -0.0606362 0 -3.31304 0 0.262143 0.802639 14 14 255
55.2956 54.4896 -11.7478 -0.0584843 -0.102688 -1.28873 0 -0.608135 -0.163609 50 50 255
56.4037 48.4117 0.640125 0.223302 0.582187 -4.5 0 -0.65505 -0.24119 50 50 255
55.3704 52.5467 4.30094 0.971488 0.818642 -4.5 0 -0.732002 -0.158978 216 216 255
65.5757 71.9193 -31.2806 -0.190469 -0.102618 -1.23562 0 -0.898956 0.354141 174 174 255
67.5612 64.1899 3.45769 -0.151747 -0.190808 -3.5 0 0.532163 0.55346 15 15 254
59.3701 72.399 -0.110719 -0.09261 0 -0.7 0 -0.926751 -0.307402 55 55 255
59.1825 64.4652 -20.1926 -0.845614 -0.742415 -3.5 0 -0.742532 -0.319066 32 32 255
70.719 64.803 -48.752 0.0696466 0 -3.5 0 -0.325349 -0.0270017 82 82 255
52.6333 39.781 -4.36925 0.0397381 0 -0.8 0 0.591784 -0.505729 255 76 76
59.0601 59.8587 6.09953 0.633796 0 -3.9 0 -0.824873 0.269294 30 30 255
66.5996 51.2839 -13.3473 -0.0908145 0 -3.2 0 -0.214829 -0.0384326 47 47 255
78.9886 61.3361 -41.0638 -0.118018 0 -3.5 0 0.309514 -0.523862 65 65 255
57.8622 45.0639 -24.5455 1.22013 0 -3.9 0 -0.343224 0.00650504 210 210 255
49.1138 41.2233 -4.583 0.098931 0 -0.8 0 -0.956732 0.0938065 255 101 101
77.389 67.915 -47.613 -0.298813 0 -3.5 0 0.479238 0.307937 18 18 255
70.8783 56.7728 -2.705 0.40405 0 -0.7 0 0.745054 0.597822 13 13 255
74.724 53.4505 -32.074 -0.386211 0.337589 1.56776 0 0.177791 -0.914108 44 44 255
70.6131 52.2152 -10.5052 -0.686595 0 -3.5 0 0.575467 0.347699 117 117 255
58.3554 56.3712 -18.447 -0.542585 0 -3.2 0 0.331491 0.142692 110 110 255
59.8229 62.0073 6.4985 0.278984 0 -3.9 0 -0.606932 0.793963 20 20 255
62.7106 46.468 -15.4167 -0.238584 -0.0658408 -0.4 1 0.522481 -0.849605 255 93 93
67.6557 57.0238 -9.745 -0.545535 0 4.2 0 0.803076 -0.194102 30 30 254
60.8083 75.8962 0.23375 -0.22877 0 -0.7 0 -0.255004 0.89104 2 2 255
48.4477 50.2181 -8.66494 0.191351 0 2.86221 0 -0.362401 -0.194809 255 226 226
55.7005 68.223 -3.1705 0.0392979 0 4.0028 0 -0.777326 0.0539664 115 115 255
70.7119 52.6796 -11.4055 -0.607087 0 -3.2 0 0.192883 -0.073613 66 66 255
72.743 62.8459 -19.4277 -0.481836 -0.0366429 -3.5 0 -0.366293 0.774445 160 160 255
79.0005 68.0459 -42.6032 -0.419004 0 -3.5 0 0.995194 -0.0843033 59 59 255
69.1056 71.0201 0.688324 -0.121219 0 -0.8 0 0.751121 0.260016 31 31 255
60.2421 53.0341 -29.0591 -0.00798302 0 2.8 0 -0.735607 -0.616277 255 164 164
59.018 68.8842 0.379263 -0.269952 -0.677946 -3.60537 0 -0.416657 0.614845 52 52 255
67.4192 49.9395 -8.5038 -0.316764 0 -3.5 0 -0.546856 -0.83593 160 160 255
68.7369 68.7161 -41.6194 -0.281805 0 -1.3 0 -0.891791 0.41861 13 13 255
60.8734 52.226 -29.394 -0.290408 0 -0.533081 0 -0.873278 -0.479274 255 162 162
63.644 65.301 -24.325 -0.854573 0 2.91918 0 -0.00878712 0.90997 255 216 216
71.3808 44.8283 -16.7698 -0.45394 0 4.5 0 0.867715 -0.429432 96 96 255
72.859 53.739 -35.1355 -0.483403 0 -0.8 0 0.0676558 -0.831078 71 71 255
65.0463 75.8493 2.07637 0.698977 0.0933703 3.8 0 -0.447718 0.809976 3 3 255
71.747 61.139 -47.414 -1.54112 -0.635078 -3.5 0 0.311888 -0.882821 84 84 255
79.553 62.258 -41.573 -0.666766 0 -3.5 0 0.460026 -0.469601 34 34 255
58.7399 43.0773 -7.00413 0.0184843 0 -0.388006 0 0.75498 -0.503851 255 158 158
82.0331 68.3848 -28.4048 -0.131231 0 -4.5 0 0.712266 0.6777 6 6 255
55.7115 67.5554 -15.3457 -0.114175 0 -3.2 0 -0.474095 0.717896 255 180 180
73.0947 74.0945 -33.2257 -1.64274 -0.209446 -3.9 0 -0.675463 0.728998 33 33 255
79.5221 66.1823 -38.8541 -0.375649 0 -3.5 0 0.635948 0.350783 19 19 255
74.914 54.1315 -39.9725 -0.168477 0.0284683 -0.983097 0 -0.54239 -0.617549 149 149 255
58.7323 68.1052 1.03966 0.249612 0 -4.5 0 -0.203048 0.718872 31 31 255
68.4912 67.6426 -42.529 -0.640444 0 -1.3 0 -0.927193 0.364012 57 57 255
3 1812 785 2365 0.069783
3 1464 2365 2333 0.034976
3 2886 2274 421 0.045427
3 2274 749 421 0.051150
3 421 749 1988 0.045127
3 749 263 1988 0.037531
3 1958 633 2845 0.111820
3 1748 2214 1044 0.097515
3 1044 2214 3418 0.120407
3 2214 1958 1382 0.138416
3 2214 1382 797 0.154415
3 1958 2845 1382 0.135565
3 1382 2845 475 0.199871
3 475 2712 2633 0.089620
3 3134 515 698 0.036212
3 3521 3134 318 0.017479
3 1812 1464 318 0.038359
3 2365 1464 1812 0.051051
3 87 3134 3463 0.012905
3 2297 3698 3463 0.011483
3 3521 350 3691 0.014148
3 3463 3691 360 0.017702
3 3691 2333 3151 0.017653
3 2274 2886 3151 0.027836
3 3151 2809 3613 0.035721
3 2809 2869 3613 0.031448
3 2282 2869 1608 0.072187
3 3504 1608 2869 0.060084
3 1608 324 2282 0.121580
3 1608 3504 1988 0.050261
3 1608 1988 1349 0.074859
3 1608 1349 3195 0.107805
3 3195 1349 347 0.076663
3 324 1496 2282 0.126217
3 1496 1934 1672 0.259586
3 1672 1934 266 0.254070
3 1934 247 266 0.224250
3 266 247 851 0.275015
3 247 231 715 0.174602
3 2053 247 715 0.200582
3 347 1044 231 0.107401
3 715 231 1044 0.121710
3 1754 2214 797 0.148958
3 1754 797 2109 0.094936
3 2109 797 2557 0.091245
3 2109 2557 2402 0.074272
3 834 3741 2557 0.052000
3 87 3463 3698 0.006383
3 190 3698 1348 0.006328
3 3015 190 1348 0.006122
3 621 3669 1241 0.002601
3 393 1664 1364 0.010090
3 1364 1664 3669 0.007783
3 2614 1664 822 0.013062
3 1664 2297 369 0.008718
3 1664 369 822 0.013513
3 3562 2297 3463 0.013057
3 369 3562 1167 0.010719
3 3562 1822 1816 0.011620
3 1816 1822 1708 0.015122
3 1708 1822 1544 0.017940
3 3613 3250 3151 0.027701
3 1544 3250 272 0.026199
3 266 2232 1672 0.345034
3 2232 266 2051 0.421674
3 3418 2719 3705 0.194415
3 1995 2719 1052 0.066821
3 3418 1052 2719 0.121784
3 2416 1995 1754 0.045739
3 2416 1754 2109 0.082497
3 2387 2544 3713 0.010633
3 3363 124 626 0.065818
3 124 1631 626 0.051207
3 3303 790 3060 0.023394
3 790 3741 3091 0.016330
3 3015 14 190 0.005717
3 94 3015 1853 0.007000
3 3480 1853 3015 0.002987
3 3091 94 1853 0.007498
3 1853 1262 3091 0.012011
3 3015 1348 1926 0.003487
3 2161 1926 621 0.001732
3 621 1241 2161 0.001243
3 2951 768 872 0.010321
3 202 1752 1007 0.054164
3 202 556 1752 0.014558
3 556 2126 506 0.011502
3 1504 2100 506 0.018769
3 556 776 1752 0.025356
3 2348 2100 2378 0.020447
3 2378 219 2348 0.055257
3 2378 847 219 0.055633
3 2378 2100 2614 0.019064
3 2614 1881 2378 0.013153
3 2100 1504 2614 0.011082
3 2614 822 2219 0.008509
3 1881 2614 2219 0.009939
3 1167 2219 822 0.005788
3 3562 138 3507 0.008993
3 138 1641 3507 0.010648
3 3507 1641 1807 0.008796
3 1708 3072 1770 0.025778
3 1770 3072 1317 0.032867
3 1317 3072 982 0.035595
3 3533 1572 2032 0.207326
3 1613 1184 1440 0.153530
3 1440 1184 732 0.216793
3 1184 2032 732 0.221772
3 732 2032 3632 0.309054
3 732 2061 1440 0.224880
3 2061 3090 3148 0.295469
3 3090 3258 3148 0.255205
3 3148 3258 1892 0.359164
3 2099 2051 2053 0.374619
3 2099 3705 562 0.240561
3 562 3705 1389 0.197456
3 562 1389 1688 0.166529
3 1688 1389 486 0.172485
3 3663 388 3027 0.128166
3 24 3705 2719 0.238119
3 2719 1284 24 0.090907
3 3475 33 216 0.057409
3 33 1284 98 0.068956
3 33 98 216 0.064579
3 1284 1995 98 0.054515
3 216 2139 2387 0.039687
3 2895 3251 2387 0.015373
3 3251 2895 3341 0.020274
3 385 3713 1126 0.009321
3 3363 626 1774 0.037321
3 3017 1774 2207 0.020286
3 626 3303 1774 0.033827
3 2207 1774 3702 0.020237
3 1491 2418 3060 0.022911
3 3537 994 2841 0.007828
3 3537 3645 994 0.008116
3 2125 3012 1517 0.005901
3 2125 154 3029 0.007054
3 3392 1404 346 0.006251
3 346 1404 730 0.007892
3 2951 532 2285 0.001265
3 2285 532 2161 0.000864
3 532 1657 2161 0.001148
3 2616 3062 208 0.030053
3 2616 208 3032 0.060027
3 208 872 1007 0.074316
3 3032 1007 2371 0.107869
3 1752 78 2371 0.086874
3 219 3021 2348 0.078889
3 3246 2758 3021 0.248528
3 2758 400 3021 0.248385
3 1014 2903 2758 0.260265
3 1216 2758 2903 0.335287
3 847 2943 1014 0.079826
3 1014 2943 1629 0.079806
3 1629 2943 1769 0.068921
3 2419 2943 1930 0.039352
3 1437 1930 1881 0.014766
3 1930 1437 3584 0.014719
3 3584 1161 1930 0.016041
3 1437 2219 1807 0.007049
3 3813 1770 2401 0.016507
3 2401 1770 1317 0.018850
3 2401 1317 2915 0.032811
3 2915 2905 8 0.137410
3 8 2905 3010 0.129109
3 2905 2915 3157 0.290776
3 1572 1678 3641 0.247491
3 3157 3641 3720 0.403478
3 1678 3533 584 0.126610
3 1378 584 3517 0.148261
3 3517 1674 773 0.092818
3 3517 428 3139 0.050510
3 1537 3139 2873 0.037252
3 985 428 1613 0.056536
3 1613 1440 985 0.107787
3 985 1440 2788 0.117630
3 1440 2061 2597 0.239514
3 3148 1311 2597 0.162031
3 1311 2164 2597 0.132948
3 3148 1892 2314 0.228506
3 2314 1892 1133 0.403145
3 3258 429 1892 0.369191
3 3310 429 1688 0.401185
3 3548 3310 3035 0.455455
3 366 3310 2205 0.199264
3 2205 3114 366 0.169646
3 2205 3663 3114 0.174766
3 3027 2621 959 0.072867
3 3341 978 2941 0.025436
3 3459 2982 1163 0.002734
3 3593 636 430 0.019908
3 430 436 2103 0.026800
3 3459 2027 2953 0.006671
3 2027 3028 1841 0.025147
3 3459 2309 3028 0.006461
3 3459 316 2309 0.002719
3 316 3094 1280 0.002865
3 1163 992 3094 0.003825
3 1001 2895 3713 0.006546
3 1001 2789 2939 0.002724
3 2939 2789 2143 0.001704
3 2143 2789 1021 0.001906
3 705 2789 1854 0.002796
3 578 1854 2789 0.002772
3 2118 1806 578 0.003773
3 1806 1854 578 0.003401
3 3509 2118 1406 0.006900
3 1126 2207 2754 0.011641
3 2207 1126 3017 0.008654
3 3702 1491 3649 0.016524
3 3649 3569 3702 0.019222
3 1491 3645 3649 0.020105
3 2231 3649 1797 0.010570
3 2134 3619 1690 0.004903
3 2330 1690 3619 0.004315
3 2134 2381 1919 0.011700
3 2381 303 1919 0.025265
3 1919 303 724 0.078111
3 3634 730 1618 0.018325
3 2371 2108 463 0.214180
3 685 2108 3501 0.444965
3 1422 3501 2108 0.327001
3 3185 1368 1422 0.260476
3 1368 3185 143 0.212452
3 284 1368 3021 0.259286
3 143 3021 1368 0.247712
3 1422 1028 1292 0.410507
3 1368 284 1028 0.312898
3 1028 284 400 0.362770
3 1028 400 1603 0.375794
3 1603 400 2388 0.370698
3 2388 400 2758 0.442651
3 1028 1603 1292 0.382273
3 1603 249 3591 0.396497
3 249 2388 1512 0.391075
3 2388 2758 1216 0.464907
3 3149 3591 662 0.576366
3 3591 1512 3553 0.510475
3 3591 3553 662 0.451397
3 662 3553 1590 0.486412
3 1216 3143 3553 0.435248
3 1769 3187 434 0.080211
3 1629 434 2853 0.132900
3 1188 2446 3187 0.047984
3 3187 2446 1359 0.058500
3 1524 1188 1555 0.073834
3 1524 1555 1758 0.072780
3 1633 1555 2419 0.039067
3 1957 1633 220 0.021385
3 1161 220 1633 0.013828
3 1957 664 3241 0.012823
3 664 2474 731 0.012704
3 3280 731 179 0.005205
3 731 2474 179 0.010050
3 2474 1815 179 0.011529
3 1815 1845 3410 0.031222
3 1641 9 3259 0.014598
3 9 1574 1997 0.014000
3 156 1997 2954 0.040882
3 2954 2915 8 0.029358
3 1992 2954 3010 0.017379
3 8 3010 2954 0.020496
3 2954 1992 2716 0.030075
3 1992 3010 1082 0.026641
3 2018 1082 1367 0.008971
3 1082 3010 3460 0.027573
3 1082 3460 1367 0.021766
3 3460 986 1367 0.013250
3 3010 2905 1734 0.126116
3 2905 3720 1734 0.408207
3 1346 2700 1825 0.343513
3 3720 1346 1734 0.390466
3 2898 1734 1346 0.421893
3 3633 2312 712 0.050696
3 2030 2987 2901 0.467385
3 1888 1825 1378 0.216624
3 1674 1537 2062 0.050286
3 3053 1537 3228 0.038625
3 3053 3228 810 0.030587
3 2873 2016 3228 0.074185
3 1102 2859 2788 0.109420
3 1102 2788 2164 0.122229
3 1503 76 306 0.240301
3 306 76 1017 0.320155
3 1017 76 2021 0.241251
3 3057 1017 2021 0.348033
3 1311 2021 76 0.152058
3 3057 119 1017 0.413080
3 119 3057 1848 0.416075
3 568 1114 2505 0.388091
3 1578 1133 3548 0.485978
3 1114 3035 1818 0.354039
3 3404 1818 1362 0.292494
3 1362 3035 3114 0.220343
3 1362 3114 494 0.213876
3 494 194 1362 0.249228
3 194 494 3534 0.324851
3 3406 3534 107 0.317012
3 3534 3406 3413 0.170204
3 3413 3679 3534 0.198247
3 3413 3406 3788 0.106981
3 3413 3788 3603 0.086101
3 1693 3788 3593 0.044317
3 3406 3663 959 0.227435
3 3788 1526 2687 0.054281
3 3788 1693 3603 0.065454
3 1693 430 2103 0.041725
3 1053 3337 183 0.100107
3 183 3337 571 0.094077
3 183 571 3451 0.141789
3 1261 64 291 0.242976
3 1841 3028 897 0.044250
3 1776 1329 1523 0.034275
3 1329 2309 334 0.003893
3 334 2309 567 0.001789
3 334 567 916 0.002293
3 2309 1666 567 0.001920
3 567 1666 2791 0.002730
3 567 2791 916 0.002011
3 2072 1206 3224 0.003499
3 2791 3524 105 0.004219
3 729 2072 1501 0.001181
3 2939 2143 3224 0.001633
3 2072 201 1501 0.000851
3 1501 201 2827 0.000729
3 2848 781 2827 0.001338
3 2848 1315 705 0.001715
3 2848 705 1854 0.003030
3 1315 1021 705 0.002230
3 3682 1682 2631 0.002968
3 1806 3509 1682 0.003742
3 1406 3569 3509 0.020524
3 3054 3509 894 0.015855
3 3054 894 2231 0.022435
3 894 3569 2231 0.021830
3 2714 2231 1797 0.007980
3 1797 2330 2714 0.003719
3 1797 920 2330 0.004773
3 2714 173 1911 0.013694
3 135 2714 1911 0.014089
3 135 1911 1798 0.015972
3 173 3619 930 0.013434
3 2598 2483 586 0.028506
3 2483 73 1725 0.044356
3 586 1725 3468 0.063774
3 73 1485 1725 0.044954
3 1122 3689 929 0.045021
3 2760 1485 2914 0.102941
3 2760 2914 2983 0.158085
3 718 724 1485 0.104443
3 1485 724 2914 0.090547
3 724 125 2914 0.080003
3 2983 2914 3284 0.177083
3 3634 125 724 0.061501
3 2983 3630 2760 0.224459
3 1407 2760 3630 0.207713
3 3630 766 476 0.249644
3 766 2800 476 0.224614
3 2800 766 2181 0.196501
3 2800 2181 850 0.220450
3 850 2181 1833 0.212965
3 2181 2228 1833 0.380308
3 3501 2294 685 0.471585
3 1292 3501 1422 0.425818
3 3611 1148 1891 0.649161
3 3611 1891 2465 0.525442
3 2278 3149 228 0.532772
3 2278 228 3190 0.381267
3 2278 3190 528 0.478986
3 528 3190 2925 0.524260
3 2242 228 1643 0.416843
3 1643 228 3149 0.431169
3 1643 3149 662 0.425024
3 662 1086 1643 0.376846
3 1643 1086 3678 0.270246
3 3678 1086 2993 0.176958
3 3200 2993 1429 0.257943
3 1429 1590 447 0.361395
3 628 602 1236 0.080541
3 2149 447 270 0.317272
3 115 3415 1236 0.075841
3 2446 1524 3699 0.056108
3 3571 3253 3699 0.051716
3 3571 2019 1890 0.031964
3 3571 1890 2123 0.033044
3 2123 1890 467 0.032197
3 467 1890 3222 0.023283
3 2019 2120 3241 0.026669
3 1924 3280 3651 0.022163
3 3455 3301 3651 0.065229
3 2711 1899 1099 0.030576
3 2716 573 3410 0.040219
3 966 2018 3055 0.012093
3 1039 123 2761 0.030260
3 20 2170 3633 0.023806
3 2170 20 1676 0.024279
3 2390 2946 1676 0.033374
3 74 1676 2946 0.031629
3 3621 2640 2390 0.047752
3 2390 712 333 0.023837
3 333 712 1038 0.021762
3 2390 3767 1043 0.032984
3 646 3767 227 0.102584
3 1376 3767 333 0.028583
3 227 3767 2047 0.085080
3 919 2987 3769 0.135510
3 3053 1475 3318 0.021304
3 1475 2038 3760 0.028717
3 3228 28 810 0.056346
3 28 3783 810 0.068729
3 810 3783 3811 0.066433
3 3783 2016 549 0.219536
3 1102 1214 2859 0.205659
3 2859 1214 549 0.226235
3 1115 1396 1214 0.345736
3 549 1214 1396 0.279765
3 1396 3568 549 0.285721
3 2476 2115 1115 0.477922
3 2476 1115 631 0.420883
3 907 2476 631 0.283649
3 631 1115 1365 0.397159
3 1365 119 631 0.394559
3 907 568 2505 0.339916
3 2111 2966 3404 0.383075
3 1564 2111 1876 0.428103
3 1564 1876 3321 0.320471
3 3321 1876 1842 0.323259
3 1876 2111 2269 0.462776
3 2269 2111 255 0.512663
3 3404 2542 2111 0.396484
3 255 2111 2542 0.457905
3 3404 1362 194 0.300057
3 2542 258 570 0.377720
3 258 194 2101 0.312933
3 258 2101 570 0.317749
3 194 3534 2101 0.378648
3 3534 3679 2101 0.245882
3 3808 3483 3604 0.108093
3 2256 3337 3483 0.087831
3 1197 1867 1053 0.173184
3 1878 1053 1867 0.155003
3 1867 1166 1878 0.147371
3 183 1197 1053 0.181613
3 1197 3451 1621 0.298940
3 1261 291 29 0.366075
3 1621 29 1186 0.445239
3 1119 961 112 0.331360
3 1119 112 2025 0.263915
3 1955 2025 112 0.154973
3 2025 3476 1119 0.330177
3 1955 2531 2025 0.153988
3 2025 2531 3325 0.344507
3 3671 2745 574 0.113800
3 3007 2069 2745 0.106587
3 2745 2069 215 0.127385
3 1776 1523 2069 0.074788
3 215 2069 1523 0.109939
3 574 1523 2880 0.044068
3 2880 3073 574 0.060523
3 1523 644 2880 0.030810
3 1228 644 334 0.011740
3 334 3215 1228 0.004745
3 3300 3073 2880 0.045033
3 3300 2880 1316 0.035679
3 3215 3681 3041 0.009321
3 3681 1559 1070 0.007839
3 1070 1559 1879 0.002955
3 1070 1879 1366 0.004165
3 1366 1879 1462 0.002780
3 105 1559 765 0.003152
3 1559 105 1879 0.003414
3 1462 1879 729 0.002625
3 1462 1823 1366 0.001903
3 2028 3522 781 0.001713
3 781 3522 2827 0.000836
3 1886 2827 3522 0.000626
3 505 2848 3682 0.002575
3 470 2028 3561 0.003432
3 3561 1811 3130 0.009597
3 3130 1811 2723 0.011700
3 1557 1811 1041 0.006255
3 1266 1811 1557 0.012885
3 1557 1172 1266 0.012408
3 3682 1470 1041 0.003189
3 36 1470 1963 0.007227
3 1172 36 744 0.013215
3 744 3740 2116 0.010886
3 1963 3481 3740 0.013358
3 989 312 1234 0.010812
3 2714 135 3054 0.020617
3 1798 1502 135 0.022928
3 3054 135 1502 0.020975
3 312 3054 1502 0.023138
3 2876 2598 940 0.032560
3 516 940 2598 0.041027
3 940 516 144 0.088687
3 3468 1635 516 0.137980
3 144 516 1635 0.123778
3 669 3468 1122 0.067158
3 1725 1122 3468 0.074066
3 3579 2424 2933 0.078308
3 929 2515 1125 0.083269
3 929 2195 2515 0.057045
3 3302 3630 1719 0.300438
3 3630 1091 1719 0.377647
3 1719 1091 2208 0.380874
3 3630 476 1091 0.379847
3 1091 476 1025 0.286240
3 1091 1025 2208 0.408878
3 2208 1025 3754 0.318499
3 476 980 2014 0.187133
3 2014 980 2680 0.179333
3 850 3617 2680 0.124148
3 2680 3617 2524 0.141647
3 2680 2524 2727 0.228628
3 2727 2524 3372 0.381259
3 3445 3617 1833 0.188987
3 2778 3611 560 0.418420
3 2142 3140 1131 0.436695
3 679 3140 2465 0.491367
3 679 2465 137 0.529168
3 137 2925 679 0.640305
3 679 2925 3389 0.578184
3 2328 679 3389 0.492265
3 3678 510 2938 0.242324
3 3678 1885 510 0.150215
3 2993 3200 1885 0.200265
3 1885 3200 971 0.197275
3 1429 602 963 0.178523
3 2658 963 602 0.103924
3 602 628 2658 0.115646
3 3699 3253 3494 0.038799
3 948 3494 3253 0.038665
3 3494 948 3605 0.042838
3 2642 3605 1344 0.064889
3 2816 2589 3605 0.060623
3 2589 1344 3605 0.057054
3 1323 2816 2674 0.049545
3 2674 2816 2123 0.080737
3 2816 3253 2123 0.065395
3 1460 2674 3222 0.079154
3 1460 3222 1577 0.051482
3 1577 3222 1924 0.031802
3 2674 1460 1323 0.060373
3 3301 630 1460 0.055607
3 630 1323 1460 0.059314
3 630 901 1323 0.038122
3 630 3455 901 0.039401
3 1020 2927 1345 0.041927
3 1020 3455 2892 0.028121
3 1040 2441 700 0.021282
3 2441 1039 700 0.015576
3 700 1039 2761 0.031928
3 700 2761 553 0.031447
3 2927 600 3242 0.037341
3 600 74 696 0.045507
3 1856 696 3183 0.050664
3 74 2946 696 0.038866
3 696 2946 3183 0.036578
3 2918 3621 97 0.076393
3 1043 97 3621 0.074590
3 97 2805 3267 0.159384
3 489 3267 2805 0.277019
3 2509 2805 646 0.177731
3 227 2577 2509 0.080819
3 2047 3318 71 0.053235
3 3799 71 3497 0.075705
3 2089 879 1299 0.164924
3 3760 634 41 0.009814
3 812 41 1397 0.017331
3 634 3184 41 0.018754
3 41 3184 1397 0.014744
3 1397 3184 3660 0.014927
3 3184 2732 3709 0.014050
3 3709 85 3184 0.012437
3 2732 3216 3709 0.009247
3 3709 3216 1160 0.010247
3 3216 49 3760 0.009304
3 1060 108 2038 0.036356
3 3169 1507 3424 0.228223
3 3424 2699 2376 0.283737
3 3424 2376 3321 0.315192
3 2376 2699 807 0.293843
3 807 2699 3456 0.288839
3 2850 2269 1803 0.348857
3 2850 1803 2606 0.327949
3 2606 939 2850 0.338641
3 3126 17 1594 0.523271
3 2535 3381 437 0.212172
3 1803 3381 3492 0.239315
3 2535 2947 3492 0.187821
3 2535 3679 2947 0.206476
3 780 1166 2429 0.137174
3 1166 991 2429 0.132304
3 1529 1169 2457 0.437250
3 1529 561 1169 0.338467
3 1897 1169 561 0.309583
3 1186 1529 754 0.418521
3 1529 1186 3461 0.413765
3 1119 96 3461 0.322421
3 96 2059 3461 0.263011
3 3461 2059 2818 0.228088
3 3461 2818 1245 0.239361
3 2059 1908 2462 0.322044
3 1908 585 1767 0.343434
3 585 3476 2025 0.203758
3 1767 3325 1591 0.420980
3 1591 3325 2655 0.357237
3 3535 81 3041 0.054754
3 3535 2224 81 0.100435
3 1316 81 2224 0.045848
3 2224 2130 1316 0.065598
3 957 3535 2715 0.189690
3 2715 3535 3457 0.313102
3 1850 618 3041 0.081714
3 3457 1850 1138 0.118107
3 3457 1138 3147 0.127590
3 3450 3457 3147 0.265763
3 313 1138 3681 0.034800
3 3681 3130 313 0.013753
3 3147 313 2723 0.018760
3 2723 1596 3147 0.028136
3 1596 710 3104 0.050787
3 710 1172 3327 0.018204
3 788 744 2116 0.010599
3 788 2116 3327 0.021378
3 3327 993 3807 0.117371
3 2116 3034 3327 0.042043
3 3327 3034 993 0.100303
3 327 993 3692 0.153187
3 3034 619 3600 0.016792
3 3600 619 2352 0.012883
3 619 2116 3740 0.011338
3 619 3740 2352 0.008824
3 2352 3208 3600 0.014950
3 3600 3208 1847 0.015604
3 1847 3208 2332 0.029319
3 1502 1870 3208 0.012660
3 1870 1798 2876 0.019349
3 3579 89 3797 0.136647
3 1129 3579 2933 0.114574
3 3572 3234 3793 0.066610
3 2384 3793 2797 0.055602
3 1415 677 2515 0.033866
3 1415 2515 1273 0.045059
3 830 1273 3320 0.109110
3 830 3320 1190 0.092857
3 414 1190 2797 0.076039
3 1190 1037 2797 0.107997
3 1258 3302 1318 0.340638
3 1318 3302 1719 0.314126
3 1318 2671 2124 0.470113
3 1753 3085 1795 0.234971
3 2671 576 2260 0.529581
3 576 2491 1946 0.529022
3 576 1946 2260 0.554945
3 2491 1410 1946 0.385164
3 1410 2208 3754 0.392147
3 2001 2727 2305 0.366051
3 1952 2305 431 0.508783
3 1952 431 472 0.516258
3 613 3629 2305 0.461312
3 472 431 697 0.600210
3 3629 3372 1922 0.168741
3 3617 3445 1551 0.169057
3 1551 3445 610 0.186606
3 3153 1551 100 0.067798
3 1551 610 3101 0.153674
3 1551 3101 100 0.135065
3 3153 3690 42 0.089950
3 956 42 182 0.193142
3 1849 3140 3690 0.302978
3 3690 2595 2222 0.194396
3 2222 2595 1211 0.205504
3 2935 427 3806 0.635244
3 2935 3806 2328 0.563310
3 2595 3140 427 0.427154
3 427 3140 3806 0.557613
3 2595 427 3214 0.295280
3 2328 3052 2935 0.546176
3 1029 3389 2356 0.417504
3 3597 1029 2068 0.369863
3 2068 2308 3597 0.321408
3 1192 2068 1029 0.410439
3 1192 1029 2356 0.420833
3 770 2938 1778 0.371895
3 3588 2478 3098 0.274085
3 3675 1778 2114 0.240106
3 3675 2114 971 0.166977
3 3775 3510 1604 0.177121
3 1604 3510 1743 0.170285
3 1604 1743 752 0.204150
3 1604 752 2165 0.166157
3 3675 3738 3510 0.214277
3 3738 1497 1394 0.068966
3 3738 3675 971 0.264810
3 3738 2658 1071 0.053645
3 3555 3273 1056 0.036976
3 3273 3555 3383 0.041501
3 3494 3605 1116 0.037814
3 1116 3605 1493 0.062286
3 3163 1116 375 0.032538
3 3163 375 1369 0.023389
3 1493 2642 3815 0.090940
3 2642 2394 3701 0.068535
3 3815 2642 3701 0.082419
3 2394 1344 2891 0.065040
3 2209 1204 3724 0.131406
3 3724 1204 2406 0.109452
3 167 2406 2784 0.084637
3 1204 2784 2406 0.071602
3 1204 2891 1954 0.061652
3 1238 1954 723 0.115727
3 2891 2738 1954 0.058479
3 723 1954 2639 0.096754
3 2948 2639 3088 0.117644
3 2948 1488 2639 0.099512
3 589 3088 1356 0.116263
3 1856 2792 964 0.104807
3 3183 3586 2792 0.050227
3 979 2792 3586 0.098326
3 2574 1294 979 0.143743
3 890 1132 2611 0.234108
3 2574 181 2590 0.106229
3 2502 2555 1513 0.078768
3 2918 181 3586 0.077711
3 3267 489 2336 0.296584
3 489 2805 2336 0.235677
3 2321 518 3430 0.152888
3 518 2890 3430 0.118495
3 3430 2890 651 0.131179
3 518 3434 2890 0.168114
3 3508 2890 2345 0.031769
3 2890 3434 102 0.104759
3 2890 102 2345 0.036101
3 2089 1299 3434 0.170541
3 102 3434 1299 0.138005
3 102 1299 812 0.104845
3 1299 879 812 0.101169
3 812 1397 2345 0.013260
3 85 3660 3184 0.017321
3 85 2937 3660 0.020119
3 3660 2937 3786 0.026228
3 3471 3599 3550 0.018732
3 1656 3550 3599 0.026541
3 3559 3471 3405 0.101241
3 3405 1727 3559 0.118755
3 1727 3257 3559 0.156444
3 1727 3405 1229 0.108356
3 1060 3783 240 0.097612
3 449 2017 2651 0.154943
3 449 2651 519 0.152139
3 3169 577 2329 0.248279
3 577 3169 2931 0.243007
3 2931 3424 3321 0.298791
3 356 1272 413 0.223679
3 2584 1439 2787 0.222764
3 1439 3750 2787 0.231795
3 2850 939 2843 0.262885
3 2843 939 1713 0.233549
3 2606 661 939 0.277095
3 939 661 1713 0.234874
3 661 3492 2947 0.206410
3 661 2947 46 0.163040
3 661 46 2429 0.146410
3 46 2947 3604 0.155235
3 2429 2289 791 0.116490
3 791 2289 2942 0.097817
3 991 1226 2289 0.086734
3 2289 1226 2632 0.094369
3 2620 1223 2468 0.091181
3 1223 2638 256 0.049602
3 2638 2682 256 0.089739
3 26 2682 2821 0.243244
3 1223 3696 2638 0.107770
3 3696 1223 2620 0.172432
3 3120 2327 1103 0.458318
3 2327 3120 148 0.478576
3 148 3120 1169 0.450942
3 148 1169 1897 0.394866
3 1897 2127 1202 0.467234
3 2794 824 1245 0.274621
3 824 561 1245 0.323953
3 1245 561 3461 0.318064
3 3573 60 2494 0.143332
3 60 2818 2494 0.215963
3 3573 809 2000 0.110354
3 809 3592 2191 0.226873
3 2494 2818 2243 0.502669
3 2243 2818 2462 0.453189
3 2494 2243 3592 0.583796
3 2363 855 2243 0.725183
3 2363 2462 1767 0.536789
3 2726 1018 382 0.582604
3 2726 382 2322 0.447300
3 2322 2928 2726 0.523274
3 382 2655 2322 0.316324
3 1779 2322 281 0.148804
3 281 2322 2414 0.085110
3 2838 1779 2662 0.297614
3 2662 1779 655 0.290546
3 1779 3349 3659 0.098716
3 794 2570 160 0.220648
3 2570 3121 160 0.225729
3 2570 2326 3121 0.247545
3 3172 2570 794 0.222401
3 3172 198 2570 0.198827
3 3317 3609 3172 0.139588
3 3609 3317 3235 0.109793
3 2013 2130 3113 0.062348
3 854 2906 2554 0.432844
3 3733 3147 1596 0.145812
3 1596 3104 3733 0.151568
3 3733 3104 1722 0.223712
3 3104 3274 1013 0.308132
3 3498 377 2883 0.268212
3 3498 2883 3133 0.313346
3 1495 1212 377 0.235583
3 2883 377 1212 0.206730
3 1212 1996 2883 0.132524
3 3692 1212 1495 0.186599
3 1996 1212 849 0.102646
3 3626 1432 3692 0.071578
3 3478 3692 1432 0.077618
3 1432 1710 3478 0.052742
3 477 25 1710 0.048454
3 1710 25 760 0.045488
3 25 2332 760 0.030614
3 1959 760 2876 0.029549
3 1959 3797 2186 0.088943
3 3789 2704 1626 0.230799
3 1626 2704 837 0.304240
3 1626 837 2204 0.322346
3 837 2704 469 0.277640
3 1208 1994 2197 0.098743
3 1994 3768 2197 0.072082
3 2197 3768 236 0.072551
3 2197 236 895 0.095848
3 895 236 3421 0.086630
3 236 3768 3421 0.126514
3 3421 1882 895 0.111835
3 3431 1777 2974 0.043833
3 3128 2974 1777 0.037444
3 3128 1777 2840 0.070639
3 3128 2840 1753 0.119136
3 1777 2384 2840 0.041706
3 1795 1947 1235 0.188860
3 2124 2671 3000 0.323432
3 3439 3580 3000 0.067213
3 3580 960 3000 0.041374
3 3439 2671 2260 0.308794
3 3439 2260 1149 0.213980
3 261 1343 707 0.473700
3 1343 2260 1449 0.370830
3 1343 1449 707 0.439669
3 707 1449 3164 0.587989
3 2260 1946 1449 0.407887
3 1256 3444 2194 0.317645
3 3444 3164 1425 0.360614
3 3444 1729 2194 0.213813
3 2194 1729 1784 0.378023
3 2 2530 2194 0.396900
3 2 2305 1952 0.440936
3 3544 1952 472 0.477766
3 3544 2530 1952 0.450167
3 1783 1612 3544 0.297121
3 3249 2623 422 0.130119
3 3249 422 3385 0.146826
3 422 3629 3385 0.185043
3 1309 1538 3297 0.093855
3 1584 1538 3237 0.126611
3 3237 433 956 0.142560
3 3237 182 706 0.138449
3 706 182 3690 0.148024
3 706 2755 3237 0.143656
3 706 6 2755 0.099196
3 3237 2755 1964 0.145353
3 6 2065 2755 0.075782
3 2755 1565 485 0.052978
3 3214 1211 2595 0.142934
3 3214 639 635 0.064863
3 639 3209 1159 0.055859
3 639 1159 635 0.056015
3 3209 2854 1350 0.082236
3 3209 627 2854 0.083939
3 2854 627 813 0.124376
3 627 3214 3278 0.214149
3 420 1050 1745 0.379732
3 1050 3052 2308 0.324677
3 2308 3052 3597 0.335665
3 355 1745 1050 0.360911
3 836 3503 3368 0.463131
3 2837 3368 3503 0.402974
3 836 552 440 0.521367
3 1575 440 2667 0.697398
3 552 2308 2068 0.329723
3 2667 2068 1192 0.464581
3 1575 2667 936 0.685131
3 936 2667 543 0.573277
3 2667 3588 543 0.475437
3 936 543 3775 0.437131
3 936 3775 2187 0.570051
3 2187 3775 3556 0.498695
3 3775 543 3098 0.343980
3 3556 2077 1834 0.202341
3 2077 2165 1786 0.116536
3 1786 1834 2077 0.107608
3 1786 605 831 0.050440
3 1056 1394 3555 0.031274
3 1394 1056 2558 0.054847
3 1120 1096 2556 0.040823
3 1974 1581 1120 0.027623
3 1096 1120 1581 0.030926
3 213 3701 2209 0.102580
3 3724 2406 1372 0.123533
3 167 3005 800 0.062490
3 3005 1207 800 0.088181
3 800 1207 1372 0.111847
3 3653 1012 1207 0.129409
3 3653 3005 3755 0.103425
3 167 3755 3005 0.060730
3 167 2784 3755 0.078226
3 1978 1925 2784 0.083686
3 1925 2744 995 0.019965
3 2744 458 2344 0.028705
3 1238 458 1978 0.091270
3 2781 2344 1238 0.049525
3 2781 723 1488 0.087266
3 723 2639 1488 0.100900
3 1488 2948 2978 0.070908
3 1442 2978 2948 0.087481
3 1442 307 1953 0.116188
3 1953 307 48 0.119807
3 1953 48 1580 0.127597
3 307 2396 48 0.148159
3 48 2396 3026 0.190550
3 2396 3684 3026 0.238906
3 1356 641 2396 0.160275
3 852 641 177 0.170810
3 3684 852 2619 0.142691
3 852 452 2619 0.150902
3 1387 890 452 0.246049
3 890 3369 2619 0.115218
3 3369 2611 3366 0.153058
3 2169 2555 2502 0.102461
3 716 2555 1839 0.127436
3 2169 2502 745 0.136100
3 2502 3135 745 0.271714
3 2955 3135 1762 0.199648
3 3135 314 2217 0.351039
3 1550 2922 3430 0.127591
3 2467 1550 1072 0.199638
3 2467 1072 1057 0.249231
3 3732 35 2972 0.034276
3 35 2965 217 0.032917
3 35 217 2972 0.030224
3 2965 2612 217 0.029811
3 2612 2965 3499 0.028891
3 2612 3499 1695 0.021716
3 3706 3499 1453 0.023096
3 3706 818 3502 0.034551
3 3156 3706 332 0.024760
3 3502 332 3706 0.035537
3 3728 3502 818 0.041252
3 818 1656 3728 0.028471
3 2447 3728 1656 0.035355
3 818 1453 1656 0.021017
3 1656 1453 3550 0.021599
3 666 3728 2447 0.034065
3 666 1113 1541 0.057705
3 1113 666 2153 0.028614
3 1113 2153 1715 0.040920
3 1715 2153 2121 0.070356
3 666 2447 2153 0.029978
3 2447 3599 2153 0.033153
3 2121 2153 2566 0.095779
3 1697 3257 1045 0.175751
3 1045 3257 1634 0.230992
3 1045 1634 2201 0.335988
3 2201 1634 2106 0.342621
3 2106 1634 128 0.401869
3 128 1634 3169 0.297933
3 519 3257 1727 0.137064
3 923 2201 2106 0.388488
3 923 2106 2412 0.369806
3 2584 2329 577 0.246935
3 2584 577 3345 0.185798
3 3345 577 2931 0.185769
3 2787 2412 2106 0.323893
3 435 454 3585 0.111470
3 2787 3585 454 0.167142
3 454 435 1637 0.105334
3 1637 2404 454 0.192289
3 1637 2942 2442 0.095822
3 2442 2942 1689 0.101468
3 2942 435 40 0.092054
3 2942 40 1713 0.116621
3 40 435 2843 0.135896
3 40 2843 1713 0.208614
3 435 3585 2843 0.130529
3 2468 2682 1689 0.098804
3 3489 1328 2630 0.413987
3 262 2630 1328 0.344339
3 1328 3489 1972 0.379907
3 1482 3489 2250 0.443429
3 2291 2250 2829 0.661411
3 2829 2250 808 0.530611
3 2821 459 808 0.131857
3 808 459 1047 0.271831
3 2638 3696 1075 0.168706
3 381 1075 3696 0.214847
3 245 2331 381 0.369311
3 1100 381 2331 0.245807
3 1883 245 3696 0.352055
3 1883 3696 1467 0.371152
3 133 1883 2127 0.481487
3 1467 1202 1883 0.431930
3 2127 1883 1202 0.483001
3 1627 2794 1147 0.216149
3 1147 2794 3573 0.179110
3 1147 3673 1627 0.163146
3 3716 2591 3673 0.067556
3 3716 1147 67 0.139125
3 67 1147 2000 0.094596
3 1147 3573 2000 0.119678
3 2773 2191 2486 0.385328
3 3721 855 2726 0.649049
3 3260 2928 3177 0.517394
3 2662 2928 2838 0.480833
3 2662 655 658 0.392589
3 1278 658 3538 0.375384
3 1889 3283 3538 0.402602
3 1968 16 2310 0.549929
3 160 3121 2877 0.272498
3 3121 2635 3784 0.413781
3 2310 3784 2104 0.535340
3 2326 2323 2635 0.214095
3 2323 2326 2570 0.170068
3 2567 652 1481 0.349680
3 2567 509 3102 0.224023
3 3102 509 230 0.219554
3 230 3116 3102 0.320584
3 198 230 509 0.249389
3 3116 230 3172 0.312294
3 132 3116 3704 0.500653
3 132 3704 2536 0.644175
3 3704 3116 2432 0.355433
3 2432 43 3704 0.445662
3 3609 3235 2814 0.139509
3 43 3609 2814 0.272429
3 2814 2964 2608 0.754215
3 3450 221 565 0.417610
3 120 3450 565 0.547922
3 120 565 3743 0.668982
3 2252 1331 2669 0.421804
3 1722 1013 782 0.373477
3 2669 782 1013 0.357498
3 536 3498 3396 0.366743
3 3595 2883 1996 0.121914
3 2464 1684 3595 0.158438
3 1684 1757 3595 0.172911
3 1757 1684 3408 0.217735
3 1684 2464 3478 0.111548
3 3789 1626 3059 0.321210
3 3059 1626 2204 0.301859
3 918 2775 2022 0.483330
3 2775 52 2022 0.493874
3 52 469 2249 0.278626
3 2249 469 2704 0.207194
3 2022 3315 803 0.396523
3 3315 1208 3627 0.281413
3 3627 2197 839 0.149432
3 471 2042 2216 0.040417
3 2216 713 2155 0.035155
3 2197 895 839 0.114431
3 839 895 2728 0.104428
3 839 2728 713 0.088081
3 2155 713 2974 0.038771
3 2155 3589 2216 0.040690
3 2216 3589 911 0.040333
3 3589 702 3763 0.035357
3 3763 702 3128 0.063632
3 2036 1230 817 0.017949
3 2709 3763 1235 0.040255
3 960 159 3000 0.017473
3 2475 3000 159 0.036969
3 2475 159 235 0.017324
3 960 689 159 0.020960
3 159 689 235 0.013391
3 235 689 3686 0.028370
3 3141 2710 1253 0.139893
3 1253 2710 2368 0.183391
3 3018 2710 1508 0.381284
3 1508 261 3018 0.481646
3 3667 3018 1139 0.785989
3 3018 707 1139 0.708671
3 404 1254 604 0.657744
3 2048 3056 2872 0.743000
3 1254 2872 3056 0.662557
3 3056 2048 1614 0.706323
3 1614 2048 1514 0.686129
3 1514 3419 2686 0.518944
3 2686 3419 370 0.468868
3 2152 733 2058 0.340290
3 2058 733 3544 0.314570
3 2058 1720 2152 0.285088
3 1720 1612 1459 0.117784
3 3297 1584 2757 0.078568
3 1983 1421 485 0.112473
3 1421 1964 485 0.119397
3 485 1964 2755 0.131971
3 1983 485 1454 0.080129
3 635 3778 1565 0.079378
3 3778 1454 1565 0.054739
3 1159 3778 635 0.050605
3 1421 1983 3247 0.142260
3 2705 1180 1377 0.150374
3 699 864 1377 0.191469
3 1180 1939 187 0.119382
3 1180 187 2998 0.102634
3 2998 187 3737 0.256644
3 3778 3495 1939 0.083896
3 1350 2443 3557 0.165306
3 2443 2185 302 0.154075
3 357 1213 150 0.327440
3 2776 3672 1698 0.228546
3 813 1289 3672 0.391224
3 1484 3672 1289 0.384613
3 3330 551 3516 0.495353
3 1265 3516 1745 0.442653
3 1265 1745 355 0.356464
3 1265 3749 3270 0.347419
3 3270 3749 2095 0.397114
3 195 3749 2806 0.347344
3 1282 3496 3749 0.200060
3 3496 2367 3749 0.188080
3 2894 3496 1282 0.168827
3 2367 3496 3513 0.163639
3 3368 3496 2894 0.280423
3 912 2837 2514 0.197840
3 912 2514 2357 0.211422
3 2514 3503 2692 0.538688
3 1575 3477 3440 0.652809
3 2692 3477 2888 0.637166
3 3477 1575 2248 0.649628
3 2248 1575 2253 0.663133
3 3583 2253 701 0.510373
3 701 2187 3639 0.480341
3 3639 3583 701 0.440943
3 3639 3261 3528 0.103929
3 1463 1834 1786 0.099644
3 3261 2556 1319 0.056925
3 1319 1096 3129 0.046180
3 1864 2585 11 0.012864
3 1581 2437 1096 0.040969
3 11 3631 1751 0.048540
3 3631 3144 1751 0.058596
3 1751 3144 2839 0.044631
3 3144 3631 1471 0.072846
3 2281 3701 1083 0.128505
3 1083 3701 213 0.105283
3 1083 3724 3458 0.084556
3 1207 1252 2910 0.162927
3 276 1252 1089 0.228933
3 2583 1685 3081 0.030665
3 3081 1685 3653 0.114555
3 914 2744 2344 0.022050
3 1976 2275 3384 0.013744
3 2825 2275 877 0.013279
3 2825 877 2129 0.019552
3 877 1976 2649 0.018529
3 3107 2781 1059 0.052161
3 453 3420 2319 0.018031
3 1059 2978 2649 0.059154
3 2649 3107 1059 0.040606
3 1442 3735 1773 0.077428
3 1442 1953 3735 0.112530
3 1336 3735 2343 0.067914
3 1953 2343 3735 0.072127
3 1580 2343 1953 0.075406
3 1828 3026 3684 0.147243
3 3026 1828 1077 0.049917
3 1157 3002 1077 0.028180
3 3002 1157 1118 0.052497
3 3610 720 1918 0.091788
3 720 3684 1918 0.114512
3 3369 539 844 0.084410
3 2619 844 1918 0.133307
3 539 3610 844 0.150931
3 3610 2157 3622 0.217676
3 3622 2157 3394 0.368564
3 2157 1076 3394 0.433726
3 3394 1076 2611 0.362740
3 3366 2611 1076 0.208103
3 821 2200 3530 0.277957
3 821 3530 408 0.274452
3 408 1061 684 0.195479
3 2129 1061 1685 0.072619
3 3530 214 408 0.244449
3 1061 408 214 0.192792
3 214 1685 1061 0.160928
3 684 2117 2246 0.058313
3 3735 1336 340 0.071502
3 340 2246 3735 0.082633
3 1118 2795 340 0.052304
3 2246 340 2795 0.061840
3 3622 2795 3610 0.164873
3 684 3622 1360 0.167299
3 2343 1580 3002 0.063269
3 2275 2825 2298 0.013319
3 2825 1685 2583 0.018601
3 2298 2825 2583 0.011789
3 2583 1434 2298 0.011087
3 1434 995 2298 0.008550
3 2298 995 914 0.007831
3 2200 829 1089 0.293654
3 2200 2611 829 0.266486
3 276 1839 2967 0.158654
3 3264 2548 1215 0.087497
3 3416 1215 3202 0.089379
3 2548 3264 22 0.092016
3 1270 2007 2548 0.096176
3 2007 3744 1156 0.092879
3 2650 2459 1004 0.193789
3 2046 2955 1762 0.206136
3 2459 2522 1004 0.161397
3 1004 2522 2467 0.239343
3 2519 687 1355 0.278425
3 1355 687 2624 0.221450
3 687 1446 2624 0.164932
3 3732 1492 274 0.021414
3 1492 2972 1313 0.020449
3 1695 3036 3449 0.033216
3 3449 3036 2081 0.028802
3 2081 3036 642 0.014200
3 3036 1625 642 0.010013
3 296 1625 301 0.006101
3 3706 3156 301 0.025008
3 1625 296 1669 0.005521
3 1625 1669 3281 0.006863
3 3281 1669 2493 0.011194
3 3171 3502 3757 0.033839
3 3171 1640 70 0.021647
3 1640 1670 1108 0.033358
3 2860 1670 490 0.066165
3 490 1670 3757 0.045095
3 3757 1541 490 0.085641
3 1332 3189 2215 0.150246
3 2215 3189 2229 0.104762
3 881 2229 3189 0.133973
3 1715 1302 3779 0.164505
3 3779 1302 2102 0.210187
3 1302 2121 483 0.151111
3 2121 417 483 0.182981
3 483 417 3472 0.186340
3 483 3472 534 0.164601
3 1654 2052 3364 0.194145
3 2566 1654 3810 0.115604
3 3364 2261 2458 0.234941
3 1045 2807 2261 0.289950
3 2852 2807 1788 0.383369
3 1788 2404 2852 0.364488
3 2852 2404 1187 0.316967
3 2404 1788 923 0.409853
3 1187 2404 1637 0.278737
3 1637 262 1187 0.266077
3 1187 1328 2852 0.285475
3 2458 3043 3037 0.465016
3 3037 226 2458 0.383726
3 2689 1482 2291 0.566513
3 2250 2291 1482 0.589052
3 2829 808 704 0.425375
3 808 1047 704 0.413104
3 3106 884 1144 0.203657
3 884 1884 3326 0.293221
3 3326 1884 2393 0.288998
3 3673 3154 2193 0.113650
3 286 3154 883 0.193654
3 3673 3739 3154 0.064879
3 3716 3019 2874 0.172303
3 2874 3019 1636 0.118683
3 2874 1636 946 0.097795
3 3019 1196 1636 0.114455
3 2301 1196 2486 0.482832
3 2773 2486 1196 0.206297
3 2958 2301 1987 0.510940
3 2301 3801 1987 0.706133
3 1987 3801 1277 0.653760
3 508 1277 856 0.676739
3 856 1277 886 0.618629
3 977 856 886 0.541946
3 886 1277 3721 0.598733
3 856 977 2586 0.557429
3 1424 3252 977 0.473135
3 1424 3260 3177 0.441821
3 491 3708 2449 0.578530
3 638 672 3165 0.706694
3 3708 736 3165 0.690995
3 736 1301 1968 0.621758
3 2525 2310 168 0.628322
3 168 3512 2525 0.684449
3 3512 168 1408 0.618985
3 3761 1790 1408 0.610542
3 3512 1408 1790 0.559777
3 3003 596 2307 0.632296
3 596 2133 566 0.443086
3 1481 566 1438 0.361605
3 2307 1610 1283 0.521214
3 1481 652 1610 0.494085
3 1283 1610 3511 0.487568
3 3102 3116 132 0.346421
3 2722 2293 725 0.716281
3 2722 725 2145 0.747875
3 2293 3736 725 0.680376
3 2145 725 3065 0.846927
3 2608 3612 3736 0.775836
3 1852 2608 2964 0.804048
3 2964 120 3743 0.819491
3 2964 3743 2527 0.814034
3 848 2503 2252 0.454279
3 499 1239 848 0.421037
3 1473 1239 3096 0.550761
3 1239 499 1286 0.480772
3 1239 1286 3096 0.484783
3 499 512 2865 0.465013
3 2353 2311 248 0.258531
3 2353 2679 563 0.294452
3 2353 1757 2971 0.326616
3 3803 3711 918 0.272865
3 3803 918 544 0.353961
3 544 1927 2834 0.340960
3 2834 1927 2477 0.376563
3 3030 2834 2477 0.370647
3 1927 803 3627 0.312072
3 1927 3627 3412 0.253863
3 2477 3412 3265 0.243704
3 186 2477 3265 0.287508
3 3627 3108 3412 0.240566
3 1033 3412 3108 0.245125
3 588 1033 3712 0.083149
3 3108 2042 3712 0.131861
3 2042 471 3712 0.085901
3 3637 498 3361 0.011247
3 498 2470 3361 0.009774
3 2470 1712 3361 0.013611
3 3361 1712 3614 0.012558
3 820 2451 2036 0.013815
3 590 2484 2004 0.006317
3 2454 1285 2484 0.014653
3 1285 1221 2665 0.032700
3 1285 2454 1221 0.031294
3 2665 1221 101 0.035313
3 1221 2346 795 0.024657
3 1221 795 101 0.025851
3 101 795 235 0.022309
3 235 795 2475 0.017938
3 1253 2763 3141 0.139631
3 495 3545 2763 0.133237
3 2763 3545 3686 0.082661
3 3545 2665 3686 0.071417
3 1259 3765 3262 0.342179
3 1008 3262 3765 0.282742
3 1008 3358 1411 0.190469
3 3262 2368 874 0.354528
3 874 2368 2710 0.302276
3 874 2710 3399 0.532460
3 3399 2496 874 0.607479
3 874 2496 3262 0.520958
3 3399 928 2496 0.443501
3 928 3399 3111 0.376124
3 3111 3399 308 0.408854
3 3399 3667 308 0.607144
3 3111 892 928 0.447439
3 3111 668 2012 0.553862
3 3111 2012 1855 0.604088
3 3111 1855 892 0.452529
3 1855 2012 1605 0.716813
3 2012 1514 3331 0.648149
3 3206 692 1257 0.275289
3 370 1448 692 0.404814
3 1257 692 1448 0.352439
3 889 88 1257 0.169247
3 3212 88 1907 0.053614
3 3100 727 1136 0.096984
3 727 3323 526 0.092939
3 526 3323 1275 0.106904
3 727 526 3414 0.157165
3 526 1275 61 0.228347
3 526 61 3414 0.172303
3 1275 3594 61 0.234968
3 61 3594 3160 0.186982
3 252 1804 439 0.143049
3 1804 3229 2238 0.128835
3 3229 3662 2238 0.143786
3 75 3247 603 0.199720
3 75 603 1548 0.309465
3 603 3247 2223 0.270649
3 603 2223 2959 0.505861
3 3344 2959 864 0.415329
3 2223 864 2959 0.392878
3 2959 3344 3814 0.506853
3 3275 3272 3344 0.701941
3 3272 3275 2408 0.633246
3 3272 2408 742 0.661274
3 2408 3275 1430 0.437539
3 1858 1430 3275 0.510676
3 1430 1858 2828 0.416114
3 1430 2828 3205 0.338373
3 3473 1065 2998 0.288104
3 2499 670 3462 0.151849
3 670 2998 3462 0.301442
3 3737 2135 654 0.460412
3 2135 357 654 0.352180
3 2537 1213 2541 0.332543
3 3079 2031 3700 0.086843
3 2541 3079 3181 0.210676
3 3181 3079 3700 0.165025
3 869 2749 2485 0.090972
3 224 3231 2031 0.078302
3 688 3231 2360 0.161418
3 2360 3231 609 0.184680
3 3231 3578 858 0.053342
3 858 2913 2113 0.048192
3 2913 3075 2113 0.092461
3 3075 1698 3672 0.223963
3 3672 1484 1571 0.490178
3 3672 1571 1452 0.470085
3 1484 984 1571 0.431821
3 984 3266 1571 0.528361
3 3266 984 1255 0.520389
3 984 2095 1255 0.480002
3 2430 880 3576 0.220741
3 2806 174 880 0.144479
3 2490 1830 2367 0.131651
3 2806 2367 1830 0.113496
3 1830 2490 3513 0.136623
3 3042 3513 912 0.141888
3 2277 1030 3042 0.153506
3 1536 1030 2277 0.136215
3 2379 1536 2122 0.215846
3 2277 2357 1536 0.203141
3 1536 2357 2122 0.253071
3 2122 2357 999 0.400169
3 2379 1145 2399 0.346871
3 2399 1145 1271 0.315399
3 1271 1145 1203 0.308442
3 1145 2122 2239 0.342861
3 2239 2122 1231 0.352248
3 2122 999 1231 0.395949
3 1231 999 2692 0.508561
3 2239 2888 1970 0.572787
3 3387 1970 3307 0.499105
3 3528 3583 3639 0.264410
3 1864 2033 3607 0.006782
3 3528 607 3607 0.029742
3 3719 2235 1864 0.008703
3 3192 3719 513 0.020614
3 1751 2839 513 0.032627
3 513 2839 3575 0.080264
3 1735 3144 3161 0.081108
3 3458 3161 1083 0.075572
3 3719 3192 1032 0.017996
3 3416 3575 811 0.094612
3 3723 1032 3192 0.026398
3 3202 675 3723 0.071915
3 1383 1573 675 0.074769
3 1573 1296 522 0.045300
3 3353 1573 1902 0.018971
3 522 1902 1573 0.027293
3 522 1296 2073 0.036541
3 1296 3397 2073 0.058617
3 2096 1373 3397 0.171894
3 2096 1383 3744 0.119620
3 3388 2624 2479 0.047947
3 2479 2624 3732 0.060182
3 2479 2292 3388 0.015919
3 274 3606 3082 0.008249
3 1492 3606 274 0.009707
3 1305 3606 275 0.014903
3 2516 1305 275 0.033091
3 2516 3313 1305 0.025495
3 2516 2359 1673 0.032158
3 2516 1673 786 0.048703
3 1673 2359 2952 0.029188
3 1332 2215 728 0.107684
3 1332 728 786 0.080059
3 2215 2229 728 0.085147
3 728 2229 2518 0.111267
3 728 2518 3201 0.124323
3 165 3666 1982 0.192329
3 3615 3666 184 0.219918
3 3779 2102 3245 0.194087
3 2559 1302 1290 0.293646
3 1302 483 1290 0.264275
3 1290 2262 2434 0.435809
3 2262 3304 2434 0.412655
3 1615 3304 2824 0.334684
3 3472 2824 3304 0.317782
3 2824 2830 1615 0.337504
3 1242 2830 166 0.664360
3 166 798 1242 0.573908
3 747 2830 714 0.349156
3 747 714 226 0.366424
3 226 714 2458 0.270343
3 2689 77 523 0.587946
3 523 77 1721 0.661117
3 77 3125 3452 0.635676
3 77 3452 1721 0.644762
3 798 1721 2641 0.619535
3 2641 1721 386 0.590638
3 3103 3125 3150 0.519877
3 1171 1398 3464 0.372500
3 1271 1398 3326 0.301301
3 1203 2325 1271 0.349161
3 1933 3150 2325 0.533371
3 690 3016 3103 0.302272
3 1933 2386 3016 0.179644
3 1400 3016 2386 0.079335
3 3387 1400 2386 0.042163
3 1400 3307 161 0.167616
3 1458 1400 161 0.044780
3 2057 1458 1101 0.015983
3 2033 2431 1260 0.003050
3 1260 2431 1989 0.007255
3 2610 1260 2251 0.031618
3 1989 2251 1260 0.021777
3 1902 1085 3353 0.013254
3 3353 2235 1032 0.006465
3 653 1902 2073 0.029855
3 3400 965 653 0.156848
3 3067 2617 2073 0.128358
3 3067 3397 3277 0.167327
3 3277 3397 558 0.068293
3 3397 1373 558 0.202808
3 558 1373 2553 0.227026
3 3388 896 2237 0.029104
3 2040 2237 896 0.021548
3 2040 2552 2237 0.016480
3 645 3313 786 0.091374
3 3201 1361 645 0.108307
3 3624 3277 3488 0.126293
3 3201 3488 3277 0.127069
3 2617 184 232 0.205460
3 232 184 1489 0.342886
3 1489 184 3666 0.382571
3 2587 2559 612 0.544444
3 2559 1965 612 0.463050
3 1965 3351 612 0.489508
3 612 3351 1979 0.546590
3 1110 1242 3351 0.610765
3 1242 2641 3351 0.607558
3 798 2641 1242 0.556293
3 2641 2389 1457 0.482270
3 3819 386 2664 0.267067
3 2664 386 3452 0.443497
3 2664 3103 1528 0.271564
3 1528 3103 2676 0.171702
3 3819 2251 3804 0.047015
3 3819 1921 965 0.029482
3 965 3400 2389 0.153235
3 1168 1457 1979 0.702852
3 3400 1489 1799 0.453829
3 1979 1457 1799 0.577634
3 1799 2587 1979 0.629621
3 2399 2393 1483 0.243045
3 1483 2393 497 0.278640
3 2393 3255 497 0.193032
3 497 3255 3576 0.206206
3 883 3255 1884 0.271426
3 2393 1884 3255 0.273191
3 1483 497 93 0.180406
3 93 497 806 0.196552
3 93 806 1030 0.137227
3 497 3576 806 0.173887
3 1476 806 174 0.089710
3 1483 93 2379 0.217481
3 3739 351 2949 0.294413
3 2410 801 3266 0.521190
3 2410 3086 801 0.420587
3 801 3086 3628 0.240023
3 3086 2874 946 0.112795
3 1653 2958 2917 0.341827
3 2084 1653 2917 0.226563
3 2084 2917 609 0.342881
3 609 2917 554 0.363224
3 2586 1563 3162 0.612531
3 2586 3033 1563 0.503304
3 1563 448 554 0.506014
3 554 448 2360 0.302751
3 2696 2908 838 0.324281
3 448 1563 2908 0.455766
3 838 2908 2743 0.376420
3 2743 37 491 0.528179
3 1563 3033 37 0.619303
3 37 3033 491 0.542865
3 2743 491 767 0.473421
3 491 2449 767 0.565328
3 709 3338 2023 0.612836
3 709 2023 3165 0.702452
3 709 3165 672 0.709909
3 672 1755 3376 0.642554
3 2885 2646 3285 0.400205
3 1755 1912 3376 0.705817
3 1912 1755 2525 0.769909
3 2011 915 1790 0.493338
3 2011 1790 1162 0.496729
3 2011 815 1461 0.538027
3 579 815 3371 0.481348
3 3127 579 3371 0.424352
3 3761 331 815 0.449359
3 3371 331 3003 0.531849
3 3371 2354 2693 0.515372
3 3371 2693 2648 0.533430
3 2354 3003 1220 0.580625
3 2354 2500 2693 0.608467
3 1283 2916 2500 0.527680
3 1283 3511 2916 0.543662
3 2771 2074 2802 0.845417
3 1281 104 365 0.770085
3 104 2145 3110 0.896866
3 3173 527 2148 0.959909
3 527 3110 2746 0.962517
3 527 2746 2148 0.970665
3 2148 2746 1948 0.975767
3 867 3065 725 0.802780
3 867 725 3736 0.780086
3 3736 3612 867 0.787686
3 867 2790 3065 0.914582
3 3612 1852 2613 0.894125
3 1852 2527 2613 0.899639
3 3792 3096 364 0.759830
3 110 757 3096 0.558004
3 110 3096 2865 0.482867
3 2865 3096 1286 0.480028
3 110 2865 1802 0.380118
3 1802 2865 2311 0.289622
3 757 110 3380 0.689115
3 1802 722 3380 0.623871
3 722 1225 1761 0.455929
3 722 563 1225 0.314504
3 563 1141 1225 0.204996
3 2679 2436 1141 0.285006
3 1141 2436 328 0.275290
3 328 2436 1763 0.189552
3 2560 328 1763 0.254362
3 193 2929 3030 0.242066
3 3030 2477 3722 0.338949
3 3030 3722 1016 0.268397
3 1016 3722 2184 0.339938
3 186 2856 3722 0.212841
3 1010 900 908 0.199454
3 3265 3435 2856 0.248380
3 1428 974 588 0.083441
3 1428 2504 1840 0.053591
3 2504 2350 1134 0.031975
3 3049 3766 2452 0.029121
3 3049 3787 3766 0.028956
3 3766 1322 2350 0.044002
3 3616 3467 157 0.021359
3 3361 157 3637 0.017331
3 3470 1787 3542 0.022464
3 10 482 1399 0.050485
3 2433 2720 3542 0.030143
3 3643 2665 3545 0.084299
3 3358 3545 495 0.133300
3 1005 432 3680 0.108990
3 3358 3765 3680 0.212916
3 581 3680 2826 0.047434
3 975 1780 1340 0.482165
3 1874 892 2461 0.371282
3 264 2580 2039 0.755885
3 1218 2039 2580 0.650808
3 2039 1218 2008 0.677844
3 1605 2900 2008 0.613195
3 2602 2008 2900 0.460617
3 2900 2734 2602 0.370274
3 2734 3078 2602 0.270827
3 2900 3331 686 0.382178
3 3346 686 1490 0.136185
3 1338 3206 1490 0.174811
3 1490 82 2730 0.089436
3 2730 3346 1490 0.077015
3 82 3206 2730 0.090899
3 3212 2730 3206 0.083409
3 3212 1907 3100 0.042669
3 3212 3100 2730 0.023787
3 2730 3100 50 0.013144
3 50 3100 2163 0.016820
3 50 3268 2897 0.013255
3 1136 3414 2962 0.149534
3 3414 3664 2962 0.198760
3 3664 3414 3160 0.138102
3 3132 3500 1341 0.400714
3 1341 1293 1195 0.302862
3 2562 3465 1293 0.475054
3 1293 3465 234 0.476002
3 1293 234 1195 0.451365
3 1195 234 1224 0.413490
3 2562 1548 3465 0.580743
3 1540 3465 1548 0.615204
3 1540 2959 3046 0.639479
3 1540 3046 3465 0.723852
3 1556 3465 3046 0.765101
3 3465 1556 127 0.605604
3 2213 804 1556 0.747204
3 2213 3272 1588 0.722717
3 1588 2985 456 0.661460
3 62 762 2799 0.593494
3 3407 2799 762 0.644044
3 3407 762 742 0.614243
3 762 480 742 0.633967
3 2748 3407 1597 0.406528
3 3407 742 2408 0.536681
3 1430 287 2963 0.368264
3 2963 287 2159 0.623105
3 2159 287 462 0.523017
3 287 2088 462 0.516919
3 2088 3205 1426 0.467323
3 2499 3462 3491 0.094418
3 3491 3462 3063 0.114970
3 792 3063 537 0.322444
3 409 537 3063 0.372041
3 761 484 2995 0.128435
3 136 2995 1677 0.074055
3 484 3437 2844 0.138461
3 1183 624 3790 0.144773
3 126 210 1183 0.228233
3 2844 1183 695 0.245105
3 210 695 1183 0.242114
3 2341 210 126 0.285522
3 2341 3518 210 0.295838
3 3518 695 210 0.293257
3 2341 126 1374 0.349773
3 2579 2341 1374 0.377963
3 2579 1374 2743 0.431810
3 126 2996 1374 0.235793
3 2743 1374 838 0.333565
3 2996 838 1374 0.228210
3 838 2996 1969 0.212001
3 2749 869 1185 0.089317
3 1185 869 3490 0.117133
3 1185 3490 1969 0.207102
3 1969 3490 2696 0.344580
3 2579 2743 1642 0.512549
3 3338 2339 1451 0.594140
3 3518 2885 695 0.339356
3 2885 3285 2523 0.329332
3 695 2885 2523 0.277852
3 2523 2385 3552 0.126691
3 2385 3047 3552 0.135010
3 3552 3047 2280 0.189406
3 2280 3047 587 0.249512
3 3127 841 3047 0.417188
3 841 2648 460 0.639995
3 726 841 460 0.526235
3 758 493 2074 0.652489
3 932 2500 1566 0.557377
3 932 1566 862 0.561946
3 862 1566 1281 0.573507
3 2500 2916 1566 0.520974
3 2529 2771 90 0.863368
3 2529 90 2338 0.848809
3 2338 90 2736 0.917447
3 2538 2771 3173 0.952541
3 3173 3602 2538 0.967962
3 3173 2148 3602 0.969603
3 2148 1948 3008 0.975024
3 130 3065 2857 0.957992
3 130 2857 1738 0.933776
3 1738 2857 3292 0.918681
3 3254 1738 3747 0.957775
3 2790 3612 3792 0.914669
3 1450 3792 364 0.833857
3 364 2549 1450 0.812173
3 2549 364 757 0.827130
3 757 364 3096 0.714546
3 2549 757 1681 0.872338
3 1681 757 3380 0.772475
3 1681 3380 271 0.839288
3 3747 1681 271 0.881427
3 2681 2168 3536 0.725527
3 2168 2681 1950 0.567080
3 2168 1950 1601 0.718183
3 893 3290 1993 0.425067
3 893 1993 2448 0.416524
3 3290 3726 1993 0.340148
3 1820 3290 310 0.457032
3 310 1761 1820 0.476617
3 451 2560 2472 0.333618
3 1763 1667 2560 0.210308
3 3030 2132 1667 0.245654
3 3030 1016 2132 0.333734
3 1354 2132 1016 0.280990
3 3319 68 899 0.096874
3 3319 349 68 0.175424
3 1741 349 1010 0.135373
3 349 3722 1010 0.210040
3 899 320 3109 0.028367
3 155 412 3109 0.021775
3 1898 2469 2506 0.018323
3 2140 2817 1244 0.065573
3 1793 908 2817 0.029951
3 2817 908 2819 0.029163
3 2817 2819 1244 0.024468
3 1244 3435 1232 0.077902
3 1244 983 2140 0.103180
3 983 1232 2594 0.089525
3 2940 140 3040 0.173537
3 3040 140 771 0.054844
3 140 2594 771 0.030582
3 2594 3694 771 0.014945
3 771 3694 1353 0.012285
3 1353 2968 3718 0.015799
3 3061 3256 2034 0.020733
3 2765 2034 3256 0.024232
3 3616 2417 857 0.019377
3 857 2417 2779 0.040214
3 1680 2779 643 0.035819
3 2779 1128 643 0.030687
3 643 1128 1078 0.029210
3 1078 10 3710 0.048694
3 3710 550 1078 0.044508
3 3776 823 1771 0.020061
3 823 1399 601 0.017200
3 823 601 1771 0.015755
3 3570 833 1771 0.041772
3 833 3570 933 0.029266
3 1107 3570 1321 0.026449
3 2721 209 2879 0.029703
3 2720 2572 209 0.019246
3 2695 209 2572 0.034026
3 1005 3680 988 0.094576
3 361 3680 581 0.041436
3 2055 1127 2508 0.026752
3 3309 2508 1127 0.029421
3 1127 2055 2826 0.027526
3 1127 2826 1306 0.044126
3 3647 545 975 0.283587
3 2420 2258 3647 0.384555
3 1730 2258 2420 0.440942
3 1730 2420 1340 0.618141
3 1730 1340 1420 0.558093
3 746 3527 1874 0.695852
3 2653 1874 3527 0.669243
3 3527 1420 2653 0.705699
3 2580 3527 746 0.758682
3 264 1699 2199 0.688784
3 2199 1699 2340 0.500524
3 2199 2340 1611 0.470487
3 1370 1177 1628 0.338316
3 1611 1628 3596 0.269673
3 1628 1177 3596 0.271456
3 2192 3525 1177 0.137869
3 3596 1177 3525 0.128554
3 2192 197 683 0.167988
3 683 197 3078 0.150160
3 197 185 3078 0.150747
3 392 311 3078 0.102157
3 3078 311 683 0.108275
3 311 1276 683 0.055936
3 683 1276 1182 0.056478
3 311 1619 1276 0.033021
3 1619 1600 1276 0.020505
3 845 1619 311 0.055734
3 2654 845 3346 0.069468
3 392 2734 845 0.138665
3 845 2734 38 0.146434
3 845 38 3346 0.103842
3 1619 2654 1011 0.021309
3 3346 2897 2654 0.030535
3 3346 2730 2897 0.047132
3 3268 3048 1058 0.015338
3 3180 1058 2212 0.009708
3 3180 2212 937 0.013925
3 3048 2979 1058 0.011585
3 2979 146 390 0.012681
3 3547 3433 3731 0.074962
3 1417 3731 3433 0.103772
3 3268 317 3547 0.030586
3 317 2875 3547 0.101829
3 3213 2962 1330 0.111502
3 2875 943 2489 0.195031
3 2962 3664 943 0.199705
3 943 3664 3132 0.193942
3 2489 943 3132 0.235385
3 3132 1195 3581 0.200637
3 3581 1195 1224 0.299366
3 1224 2174 3581 0.330869
3 804 1561 2670 0.564795
3 1561 1300 1251 0.488396
3 3539 1251 1300 0.413434
3 1300 3013 3539 0.448858
3 1561 207 1300 0.469270
3 1300 207 2985 0.506816
3 1300 2975 2932 0.360401
3 2975 2799 3311 0.601775
3 2932 2975 3311 0.713556
3 951 1109 694 0.446912
3 2748 384 3486 0.382247
3 2748 2159 384 0.468532
3 384 2159 2137 0.393424
3 384 2137 1655 0.330297
3 2159 462 2137 0.545783
3 2137 326 1655 0.276964
3 2088 2677 2463 0.203065
3 1655 326 3398 0.109846
3 2463 2984 3398 0.033200
3 2984 2415 3291 0.041927
3 3291 2415 2091 0.068385
3 2091 2936 3291 0.066154
3 113 2936 2091 0.066659
3 2415 2677 2091 0.126629
3 3758 1327 2230 0.044934
3 1873 2936 1765 0.052420
3 2936 113 1765 0.061829
3 1765 113 3491 0.047456
3 136 418 2995 0.047264
3 2995 418 2364 0.044252
3 2995 2364 761 0.052084
3 418 2466 2029 0.038567
3 418 2029 2364 0.039502
3 2466 1589 1836 0.065352
3 2844 500 1677 0.145524
3 2466 947 2497 0.158253
3 1914 2497 378 0.283974
3 1589 622 1836 0.069477
3 622 3552 2280 0.105525
3 378 2701 913 0.315284
3 751 343 2280 0.204876
3 1325 751 587 0.259759
3 2280 587 751 0.211092
3 659 3742 755 0.153179
3 2690 632 3742 0.252301
3 2690 572 632 0.337460
3 3746 632 726 0.382867
3 572 841 632 0.411363
3 632 841 726 0.404122
3 3742 3746 1375 0.201598
3 3746 199 3333 0.462520
3 2172 3746 3333 0.540773
3 3333 199 2241 0.429257
3 2241 758 3333 0.502137
3 2529 2338 3333 0.740319
3 3045 3196 917 0.855558
3 917 3196 2882 0.692227
3 3196 3045 189 0.897044
3 3045 2736 189 0.933363
3 2736 3417 189 0.953829
3 2736 2286 3417 0.971826
3 2736 2533 2286 0.962737
3 2286 2533 905 0.945905
3 406 1723 2751 0.980076
3 2751 152 3536 0.961473
3 152 3747 3536 0.956070
3 1601 2907 151 0.836378
3 873 2907 3071 0.781475
3 3071 2907 2070 0.825207
3 952 893 2448 0.480882
3 952 2448 2234 0.418850
3 2064 2448 1993 0.340472
3 2064 1993 2571 0.196302
3 2571 1703 2064 0.062812
3 2571 899 1703 0.073159
3 2064 1703 337 0.037336
3 2064 337 1334 0.047721
3 337 3109 1092 0.010996
3 904 1092 2688 0.056448
3 968 2733 2551 0.135113
3 2255 738 2140 0.140323
3 3403 2140 738 0.116865
3 2140 983 2255 0.133284
3 983 2453 2255 0.138610
3 92 3083 3355 0.215057
3 3355 2940 92 0.230535
3 3040 399 2708 0.175809
3 2832 2708 3168 0.372366
3 2708 399 1381 0.150466
3 399 3745 1381 0.063978
3 3745 399 3040 0.068747
3 3745 3040 3718 0.050920
3 771 3718 3040 0.050760
3 3061 2034 885 0.017822
3 885 1680 3745 0.039745
3 643 1531 1680 0.060063
3 550 1872 643 0.062359
3 1531 643 1872 0.048800
3 1872 608 1531 0.020784
3 1872 550 3710 0.026861
3 1872 1736 2268 0.008571
3 2268 608 1872 0.012643
3 608 2268 3438 0.007635
3 1048 2550 1940 0.004460
3 1940 2550 3022 0.007714
3 2550 3776 3022 0.016967
3 1791 3232 3316 0.003751
3 3232 3022 2002 0.004510
3 2002 3022 242 0.013022
3 2002 242 2769 0.010138
3 3316 66 1866 0.002292
3 1308 1866 3146 0.003725
3 66 2769 1866 0.002557
3 2244 2769 1772 0.006204
3 2244 1772 3309 0.015276
3 3243 2862 1648 0.021171
3 1034 1607 3647 0.086152
3 1034 969 3582 0.112055
3 1034 3582 84 0.062458
3 84 3582 1662 0.035648
3 3582 969 1181 0.123895
3 1181 3374 3582 0.126279
3 1031 827 1707 0.320750
3 827 1706 1707 0.370942
3 1707 1706 843 0.373728
3 3608 1706 1539 0.401478
3 1539 950 3608 0.429712
3 827 299 1706 0.463876
3 1539 1706 299 0.434418
3 299 637 1539 0.592392
3 1031 299 827 0.407563
3 299 1031 1000 0.442301
3 3527 1000 1420 0.639374
3 1611 1154 1539 0.376204
3 950 1539 1154 0.414070
3 1154 1611 268 0.304997
3 268 674 1154 0.361569
3 268 3596 1945 0.197417
3 3596 3525 2413 0.162833
3 3596 2413 1945 0.182360
3 3525 942 2413 0.111974
3 942 3428 1837 0.042721
3 942 1837 3771 0.053008
3 3771 1837 1532 0.029382
3 3525 2192 3428 0.086639
3 3428 1182 1837 0.052561
3 3269 2637 1532 0.015605
3 748 2637 3070 0.011554
3 748 3070 2272 0.011685
3 937 2221 1011 0.024126
3 2221 3350 2405 0.021862
3 1011 2221 2405 0.023318
3 1011 2405 1600 0.015385
3 3269 1600 2405 0.021365
3 937 1011 2654 0.017789
3 2221 2212 1746 0.010440
3 2221 1746 3350 0.012609
3 3350 1746 2087 0.007425
3 2212 2661 1746 0.003444
3 2087 1746 1857 0.003758
3 1857 1746 2661 0.003306
3 2661 2212 1066 0.003386
3 3199 2636 2183 0.003913
3 3199 3360 2636 0.003734
3 3199 3293 32 0.009320
3 3199 32 2569 0.009239
3 2569 32 1913 0.010354
3 3293 390 1819 0.015591
3 1819 390 146 0.021327
3 1819 146 3731 0.032155
3 721 1863 1819 0.037560
3 1417 3352 703 0.108094
3 703 3352 1494 0.136167
3 1494 3352 1046 0.113617
3 2512 3352 3433 0.186632
3 3433 3532 2512 0.199350
3 3532 3433 2875 0.261868
3 244 1084 1724 0.246516
3 2150 1084 367 0.374396
3 244 367 1084 0.218802
3 1724 2456 547 0.235682
3 547 2456 1553 0.194737
3 3539 3013 3770 0.577777
3 3442 3770 1535 0.421235
3 2575 681 663 0.693914
3 663 681 243 0.813470
3 243 681 3311 0.911710
3 3546 2997 663 0.758544
3 2997 1002 663 0.621727
3 2997 2337 1002 0.401549
3 243 3311 1936 0.875514
3 814 1949 3218 0.342528
3 694 1200 951 0.313913
3 1971 1655 594 0.120741
3 1655 3398 594 0.114151
3 1971 594 1469 0.114947
3 1469 594 2634 0.040365
3 1469 2634 2801 0.028114
3 2801 2634 3425 0.029901
3 594 2334 2634 0.034261
3 2634 1981 2628 0.072102
3 2037 2288 1981 0.067425
3 2288 2422 3390 0.070883
3 3758 2230 3390 0.050487
3 3390 2230 3772 0.067328
3 3772 2230 3658 0.042651
3 1295 2742 3658 0.040955
3 1295 3658 1409 0.042062
3 1351 913 750 0.203543
3 225 750 659 0.147454
3 750 913 659 0.181141
3 225 598 1602 0.135959
3 1602 598 3429 0.169566
3 755 3429 598 0.150229
3 755 253 3429 0.140164
3 253 755 2545 0.131013
3 253 2545 2392 0.166816
3 1375 2545 3742 0.154375
3 1375 2392 2545 0.209459
3 2392 1375 1909 0.145216
3 1552 1909 1375 0.226025
3 1552 917 2882 0.363118
3 1552 2882 1909 0.357641
3 2079 205 3377 0.607581
3 205 2158 3377 0.673743
3 3377 2158 871 0.634335
3 2831 871 3436 0.740999
3 2643 189 3417 0.945155
3 3417 2286 3422 0.951845
3 3417 3422 2764 0.959787
3 3422 2286 203 0.955454
3 3422 203 2717 0.945170
3 2717 3204 3422 0.953237
3 203 905 2717 0.944546
3 2813 2517 3602 0.925411
3 2517 2813 3230 0.959320
3 905 3230 2717 0.950108
3 2766 2146 3009 0.943202
3 2146 1391 3009 0.932468
3 3359 2146 3152 0.925940
3 2146 557 3152 0.871607
3 3299 3142 1935 0.485721
3 3152 3207 2342 0.889977
3 3152 2342 1726 0.903111
3 1726 2342 1623 0.823838
3 2564 1623 2342 0.905274
3 3071 2070 1645 0.681329
3 2924 2070 3211 0.696297
3 1022 1694 2316 0.428451
3 2316 65 1022 0.208240
3 2316 1334 904 0.109996
3 2316 904 2279 0.077734
3 904 2688 2279 0.052609
3 2279 2688 1895 0.033361
3 3446 2304 3714 0.058181
3 3714 2733 968 0.084071
3 3635 2957 968 0.246530
3 86 3635 3355 0.157005
3 2551 3355 3635 0.147825
3 86 2864 3635 0.201041
3 2864 86 3083 0.223922
3 86 3355 3083 0.178775
3 1990 1739 27 0.284362
3 1739 3083 2832 0.296855
3 1739 2832 27 0.406576
3 1990 3210 1980 0.108095
3 1980 3210 3092 0.095665
3 3432 3168 2708 0.157008
3 1381 1250 305 0.062400
3 3745 842 1250 0.037162
3 842 1531 2398 0.034456
3 2271 3438 2136 0.026871
3 2271 2136 305 0.040229
3 3438 1764 2136 0.028228
3 3638 368 2920 0.027784
3 1764 3438 2513 0.011028
3 2513 3438 2268 0.006990
3 2513 1487 3695 0.005525
3 1487 2225 3695 0.008443
3 2225 1048 1940 0.006234
3 3232 1791 3188 0.002330
3 3188 441 3232 0.005960
3 2375 229 1740 0.003746
3 229 114 1569 0.003823
3 3382 906 1569 0.003404
3 114 3146 1049 0.004108
3 3382 1049 1521 0.002875
3 2295 466 3646 0.010916
3 1648 84 3243 0.023727
3 99 1826 2663 0.023140
3 2663 1826 134 0.019764
3 1826 1662 2320 0.029689
3 2320 1662 3582 0.039364
3 2320 2847 1704 0.092208
3 3014 2847 1419 0.128242
3 1659 3014 1419 0.159458
3 2847 3374 1419 0.135004
3 3374 2718 1707 0.160745
3 3608 950 3563 0.580056
3 2977 446 674 0.369044
3 2977 674 268 0.308331
3 268 1945 2977 0.236837
3 1945 2400 2977 0.209546
3 2977 2400 2112 0.201096
3 2400 2066 2112 0.157732
3 3093 2066 2054 0.095037
3 2400 1150 2066 0.095417
3 2066 1150 2086 0.101452
3 2054 2066 2534 0.062975
3 1150 2413 2855 0.107241
3 2855 2413 942 0.052294
3 942 3771 2855 0.048330
3 1532 2637 3771 0.021472
3 250 3771 2637 0.016165
3 2637 1821 250 0.007143
3 2637 748 1821 0.007954
3 1821 3519 250 0.005766
3 3519 1821 3004 0.004159
3 2444 3004 1821 0.003769
3 3004 2444 1956 0.002885
3 1956 2444 2272 0.005517
3 1857 853 3004 0.002465
3 1857 2661 853 0.002182
3 3519 1337 3221 0.004088
3 3248 1917 1609 0.003772
3 3519 853 1337 0.002745
3 1609 1917 3360 0.003369
3 2636 3360 3729 0.002579
3 2803 898 2569 0.005377
3 2078 1067 2803 0.007273
3 1067 2481 2803 0.003958
3 2078 825 3123 0.015197
3 1863 721 3751 0.075834
3 1863 3751 1831 0.080696
3 162 1248 3751 0.132452
3 3751 1248 3238 0.115465
3 162 1494 3095 0.175688
3 2866 3095 1494 0.128900
3 1494 1553 2866 0.145771
3 2945 1248 3095 0.163076
3 2945 2893 3688 0.370662
3 3688 2180 2945 0.178602
3 3688 2893 826 0.592502
3 2893 2128 826 0.743855
3 967 3442 1535 0.381396
3 1977 967 1535 0.327733
3 1535 2793 2138 0.321813
3 2793 2575 1002 0.421581
3 2337 3796 21 0.377536
3 3796 2337 2347 0.297212
3 3179 2182 376 0.462168
3 3203 2851 2540 0.436137
3 2092 2994 2576 0.605222
3 2989 814 2851 0.482851
3 345 2851 814 0.453615
3 1291 3218 2969 0.171562
3 1905 3218 1949 0.152821
3 1905 1949 2600 0.109818
3 2600 1949 3486 0.139076
3 2600 3486 1971 0.095366
3 2600 1971 2176 0.067024
3 2176 1971 1468 0.053657
3 3334 2801 693 0.072584
3 693 2218 1068 0.048548
3 693 1068 2625 0.049246
3 2218 3540 1068 0.046455
3 2009 2625 158 0.049916
3 3425 2628 3540 0.099799
3 2628 3425 2634 0.063489
3 2628 1981 163 0.084751
3 2628 163 2005 0.176665
3 2005 163 2863 0.150977
3 2863 2288 3577 0.161741
3 3577 2288 3390 0.105594
3 3577 3772 2777 0.142922
3 2752 1263 2724 0.425164
3 496 2990 1602 0.164261
3 1431 2005 2990 0.115246
3 496 1599 2075 0.199191
3 2003 1599 3429 0.239644
3 1894 353 2003 0.304806
3 3039 871 2831 0.762028
3 2729 1444 145 0.871465
3 1444 2729 3244 0.919424
3 3244 2729 2764 0.931142
3 2764 3422 3244 0.972979
3 3244 3422 507 0.979688
3 507 3422 3204 0.963088
3 507 3204 2970 0.969387
3 1717 2970 676 0.942556
3 30 3204 2666 0.938768
3 30 2666 3009 0.937708
3 3009 3558 1696 0.951458
3 640 774 1560 0.867895
3 1560 774 315 0.863053
3 774 2657 3240 0.836625
3 774 3240 1943 0.816548
3 2657 1960 2976 0.708642
3 2657 2976 192 0.574900
3 3359 2976 1960 0.817127
3 2902 2976 3299 0.478180
3 2902 3299 2041 0.385708
3 1623 873 2041 0.679247
3 2041 873 2395 0.678393
3 2395 3071 1645 0.677419
3 3240 1645 2924 0.743449
3 3240 2657 1645 0.792009
3 1549 1694 1943 0.663832
3 164 1943 1694 0.593530
3 1943 164 2609 0.581934
3 1943 2609 3038 0.610623
3 164 2119 2609 0.489078
3 1694 1022 164 0.530195
3 2119 164 1022 0.471489
3 1287 3520 593 0.089589
3 593 1903 1287 0.049048
3 593 3520 65 0.092565
3 593 65 2279 0.051318
3 1903 593 387 0.025080
3 597 1880 438 0.038740
3 1880 1358 438 0.061189
3 297 1358 3773 0.112420
3 3773 1121 1869 0.224225
3 1358 1880 3773 0.065567
3 1121 3773 1923 0.121320
3 1844 1121 1923 0.168797
3 1880 1486 3773 0.060656
3 3773 1486 1650 0.066437
3 3773 1650 1923 0.075213
3 1844 1923 3714 0.126819
3 1868 1582 2581 0.183522
3 2581 1582 1094 0.308130
3 1124 2480 1123 0.481277
3 2335 2480 717 0.464738
3 717 1869 2355 0.328551
3 1869 1121 2355 0.294460
3 1121 1844 2355 0.299357
3 3174 39 2957 0.353328
3 2957 39 44 0.283598
3 39 3714 44 0.143609
3 3174 2957 891 0.349225
3 3122 891 3347 0.282217
3 3347 3677 3122 0.361484
3 3138 3122 3677 0.561581
3 3122 3774 891 0.398444
3 3122 3138 2300 0.482635
3 2300 3774 3122 0.496589
3 3138 876 2440 0.449105
3 876 3058 1433 0.450681
3 3677 1024 3058 0.252090
3 944 3058 1024 0.226983
3 103 1347 944 0.149628
3 1347 1433 944 0.224711
3 1718 103 1189 0.162543
3 1718 1189 1333 0.095461
3 2167 1718 1333 0.079498
3 1189 1024 1980 0.117878
3 3210 2482 1530 0.109416
3 1530 2920 368 0.070878
3 2482 3115 1530 0.098769
3 1530 3115 2920 0.036372
3 3271 3092 1530 0.143921
3 3020 3271 3294 0.098805
3 3294 1520 3020 0.050142
3 3294 3638 772 0.041183
3 2225 441 1542 0.011080
3 3759 3188 926 0.011174
3 2303 1499 3112 0.041627
3 1652 1782 2020 0.005680
3 2767 2020 1357 0.009316
3 3762 2767 1687 0.051073
3 2934 2767 1357 0.009706
3 2934 1357 2375 0.009155
3 2375 1740 2934 0.008590
3 1915 2934 1740 0.009223
3 1915 1740 2980 0.008744
3 2823 1740 1569 0.002737
3 1638 2823 906 0.005060
3 1569 906 2823 0.003337
3 2881 1984 1525 0.014139
3 2881 1268 1984 0.014391
3 3382 1630 2881 0.003801
3 3382 1521 691 0.003313
3 1630 691 2439 0.004421
3 1521 2950 691 0.005225
3 691 2950 95 0.006054
3 691 95 2439 0.005023
3 2950 1521 1534 0.005873
3 1534 1521 2382 0.006616
3 3764 3646 2599 0.009353
3 3646 3764 3074 0.011426
3 3764 903 3567 0.007143
3 3567 3074 3764 0.005931
3 1474 3752 903 0.010110
3 2713 1474 2178 0.016100
3 2178 1474 134 0.017638
3 1474 3764 2663 0.011973
3 1474 2663 134 0.014828
3 2713 2178 2397 0.017158
3 2178 973 2397 0.020960
3 2911 2397 3339 0.013323
3 2397 2407 3339 0.016931
3 973 2847 1810 0.050131
3 1810 2847 3014 0.089191
3 3099 2944 3563 0.746015
3 2944 3608 3563 0.607904
3 3099 3563 1081 0.577287
3 3099 1081 2049 0.513454
3 583 2049 1081 0.336091
3 2049 583 233 0.298301
3 2488 233 583 0.177008
3 583 2112 3093 0.172242
3 1401 3339 1006 0.023721
3 1401 1477 2189 0.025818
3 927 3314 3248 0.004930
3 2026 188 927 0.003118
3 15 927 188 0.004946
3 3360 1683 2026 0.002257
3 188 2026 3329 0.003378
3 2026 1683 3329 0.004082
3 3328 2578 2481 0.002008
3 2803 2481 2578 0.001661
3 3549 1264 3328 0.001297
3 3549 2887 1264 0.002227
3 2887 3549 740 0.005457
3 740 3123 2887 0.021036
3 2481 1067 740 0.005053
3 3123 1831 1861 0.030778
3 1831 3236 1861 0.042618
3 1861 3236 2605 0.037175
3 3236 91 3006 0.058611
3 91 1831 3676 0.069850
3 3238 3676 1831 0.098846
3 2945 3238 1248 0.118751
3 1985 2945 2180 0.265296
3 1985 1714 3676 0.220544
3 2992 887 1714 0.259479
3 1938 1977 1838 0.341297
3 546 1838 1977 0.337079
3 2783 407 1201 0.174303
3 1201 407 3531 0.244092
3 407 1824 3531 0.250961
3 2015 868 2783 0.084180
3 2015 3288 868 0.069521
3 2015 3796 3288 0.112429
3 769 2668 2808 0.053290
3 1547 2156 2092 0.610759
3 1547 1080 383 0.585369
3 1547 383 3296 0.467783
3 3715 1080 1692 0.659231
3 2576 1692 1080 0.665906
3 1291 1900 345 0.355177
3 2994 1900 3386 0.504049
3 2179 1843 1291 0.330778
3 1900 1291 1843 0.314691
3 1900 1843 3386 0.505164
3 2173 1178 665 0.053649
3 2403 2173 2428 0.052832
3 2428 2173 2176 0.071615
3 2403 2428 3334 0.080123
3 1209 3334 2024 0.041437
3 1209 3217 2313 0.095436
3 3217 1209 2024 0.040947
3 2024 218 3217 0.019392
3 1465 2923 3217 0.047989
3 2923 1465 2532 0.034643
3 2043 218 2625 0.039577
3 2532 2009 2067 0.074240
3 2043 2625 2009 0.050118
3 2067 2009 3064 0.074036
3 3064 1742 2067 0.122224
3 3064 3395 1742 0.275975
3 1445 3064 158 0.057122
3 1445 158 2861 0.057442
3 2861 1455 1445 0.060003
3 2861 3540 1395 0.074485
3 1431 1395 3540 0.111348
3 1142 3795 3748 0.419411
3 2003 3377 1599 0.336696
3 1599 3377 3730 0.470228
3 1392 517 3453 0.764105
3 1392 3453 2740 0.683422
3 2740 3453 2785 0.626651
3 445 464 1583 0.821142
3 464 445 1219 0.921255
3 464 1219 3335 0.911265
3 55 3335 1219 0.887062
3 3335 55 479 0.874892
3 55 147 3194 0.836049
3 3379 3194 2846 0.851585
3 3379 2846 1505 0.795915
3 3158 3194 3119 0.848659
3 147 1219 1087 0.877559
3 555 3176 2426 0.874218
3 3176 922 2426 0.919725
3 555 2426 1916 0.866794
3 3166 3087 2912 0.917779
3 3166 922 1386 0.980422
3 3166 3193 3087 0.947318
3 3087 3193 1176 0.929944
3 3193 802 2970 0.960761
3 2970 1717 3193 0.944791
3 1598 1176 3648 0.927866
3 1717 3648 1176 0.885616
3 3648 1717 1587 0.836549
3 1587 3558 2698 0.883537
3 1893 2596 1932 0.771235
3 2596 1893 3780 0.868788
3 2141 2273 1560 0.865768
3 2273 2141 3780 0.847970
3 3038 3717 2141 0.776102
3 2141 116 3780 0.837660
3 3780 116 2202 0.853886
3 116 1585 2202 0.857507
3 3178 2202 3564 0.764063
3 273 1585 1380 0.743078
3 1585 3717 2203 0.552020
3 949 3717 1352 0.354581
3 1287 595 1679 0.057875
3 1287 1679 3520 0.160779
3 595 23 3443 0.079536
3 23 2131 1358 0.122338
3 1358 2131 438 0.052219
3 866 3443 3636 0.102494
3 3636 2270 866 0.087893
3 2644 2480 1868 0.212386
3 1868 2581 878 0.134567
3 1868 878 2644 0.105693
3 2377 2240 3077 0.567538
3 1123 2071 1124 0.424630
3 2071 2528 1124 0.437989
3 2071 990 2528 0.482464
3 1106 2528 990 0.531792
3 2335 682 3174 0.348631
3 2335 3174 3774 0.400284
3 1447 1123 3774 0.470070
3 3774 2300 1447 0.426181
3 2495 3574 2440 0.457276
3 2495 1304 3574 0.365955
3 1304 764 354 0.268263
3 1304 354 425 0.293961
3 425 2050 1304 0.380604
3 1347 425 354 0.238080
3 2050 425 1747 0.293497
3 3136 1347 103 0.168518
3 3136 103 1718 0.135025
3 2501 2167 3469 0.081172
3 2691 3469 2076 0.073124
3 2167 3271 3469 0.104865
3 3469 3271 3020 0.105042
3 1104 1620 2762 0.036666
3 2762 2349 1104 0.043941
3 2372 2762 3753 0.060828
3 3753 772 616 0.032829
3 772 246 616 0.020185
3 616 246 3024 0.021741
3 246 1023 3024 0.024183
3 3024 1023 222 0.019709
3 1639 1023 3638 0.038788
3 3638 2786 1639 0.030717
3 1639 3759 3791 0.046767
3 3759 926 2303 0.022580
3 2303 3295 1435 0.032048
3 3191 3112 3762 0.059591
3 3191 2981 3818 0.060538
3 3762 2981 3191 0.076886
3 1687 3670 178 0.079265
3 3670 1687 1456 0.048389
3 2980 1472 1915 0.010748
3 2823 1638 3370 0.008813
3 1984 3370 1525 0.017422
3 3370 1984 3618 0.014495
3 3618 1875 3362 0.007402
3 3362 1875 118 0.023758
3 3362 118 358 0.010376
3 358 118 1267 0.018624
3 1268 1267 118 0.017628
3 1267 1268 2881 0.008263
3 2870 358 1267 0.021142
3 2796 1093 1533 0.023792
3 1533 1093 2247 0.021239
3 1093 2871 2247 0.031445
3 2796 3074 1785 0.015608
3 3567 1785 3074 0.012313
3 3074 2796 3646 0.010815
3 1498 2196 671 0.009197
3 2196 3567 1737 0.007593
3 2196 1737 204 0.006811
3 671 2196 204 0.008097
3 3186 3809 903 0.006516
3 2911 575 756 0.009594
3 1999 2911 756 0.008820
3 1999 756 389 0.010013
3 756 2189 389 0.016970
3 3411 389 3314 0.013870
3 455 927 15 0.005779
3 2362 57 1009 0.003840
3 1009 57 1543 0.003609
3 1009 1543 2010 0.004022
3 2010 1543 1794 0.006117
3 3329 1063 1543 0.006925
3 2266 2956 1700 0.033693
3 238 1700 524 0.051986
3 524 3286 238 0.071068
3 2471 3006 524 0.070893
3 3006 3286 524 0.080308
3 3006 2471 3236 0.052539
3 2471 2605 3236 0.047218
3 1760 2471 3159 0.017840
3 2471 2956 3159 0.027235
3 2605 1760 2887 0.018680
3 238 3031 3306 0.038040
3 2083 1179 3031 0.021661
3 1632 3031 1179 0.013320
3 1920 254 1595 0.083933
3 3587 2899 734 0.093174
3 2899 887 734 0.276805
3 734 887 142 0.226059
3 1838 546 3587 0.239896
3 2756 1035 3220 0.073402
3 1393 868 3288 0.100875
3 2188 278 2668 0.073226
3 2668 769 2188 0.057815
3 1069 3777 3484 0.123377
3 2175 178 3670 0.086454
3 2175 3670 1944 0.095694
3 3514 3225 1944 0.052648
3 3484 1944 3225 0.089810
3 1944 2284 3514 0.061087
3 3357 3514 2284 0.023135
3 3670 2284 1944 0.056019
3 3357 2284 1472 0.027441
3 1472 3454 3357 0.030551
3 1472 2980 3454 0.012120
3 2871 3357 3454 0.019715
3 2247 2678 2511 0.015352
3 2678 3454 840 0.009885
3 3479 840 1702 0.007572
3 3454 2980 840 0.012085
3 1702 840 3370 0.009480
3 2511 828 1140 0.018556
3 828 298 1140 0.017784
3 828 2870 298 0.016974
3 1140 298 2950 0.013209
3 2247 2871 2678 0.019347
3 1498 3225 3514 0.025676
3 3225 2411 3794 0.006393
3 2411 204 3794 0.005344
3 1701 1737 251 0.002397
3 1701 251 2660 0.005186
3 2660 3411 875 0.006142
3 1146 3794 3620 0.004249
3 2010 3306 3620 0.006462
3 283 1146 3137 0.016655
3 283 3137 1809 0.021262
3 1069 1809 3777 0.080753
3 1595 2756 1920 0.081785
3 1179 1920 2756 0.036359
3 358 2870 3362 0.021074
3 3818 1846 3191 0.051545
3 1846 769 2808 0.032466
3 3685 2245 2090 0.053901
3 1759 3426 2652 0.288005
3 970 2652 2156 0.398968
3 970 935 3598 0.206583
3 3652 3296 149 0.542279
3 149 1663 3652 0.654310
3 149 3296 383 0.361170
3 1663 149 3715 0.637108
3 383 3715 149 0.537304
3 3715 3523 1567 0.702539
3 3523 1412 1567 0.626944
3 1412 3523 3239 0.724402
3 535 3239 3523 0.581870
3 909 3386 535 0.680428
3 1692 2576 909 0.686420
3 3386 909 2994 0.635580
3 1843 2179 2694 0.287542
3 3223 2858 1510 0.390727
3 79 3223 739 0.759682
3 3223 1510 2747 0.451244
3 1998 2060 3226 0.260572
3 2060 1998 1 0.254299
3 2060 1 1860 0.334867
3 3485 1998 2759 0.173670
3 2923 3023 1616 0.129917
3 1616 3023 3145 0.262682
3 1860 1616 3145 0.319617
3 5 3023 2044 0.276034
3 2044 3023 1901 0.141495
3 1937 1901 3023 0.070152
3 1937 2923 2532 0.059299
3 1937 3354 1901 0.069232
3 3354 1937 2067 0.061310
3 2067 1937 2532 0.052458
3 3354 3305 529 0.395970
3 529 3305 925 0.533537
3 3661 925 3305 0.664255
3 3661 3395 2991 0.697192
3 117 3730 3795 0.561653
3 3795 2740 2919 0.637289
3 2919 69 1199 0.740619
3 3654 479 111 0.852241
3 111 479 3447 0.874468
3 3379 2287 481 0.903982
3 3379 3001 2287 0.869784
3 481 2287 2868 0.942105
3 2592 3001 3324 0.882101
3 2846 996 1505 0.792293
3 1505 996 3324 0.710265
3 3324 996 443 0.787162
3 277 2930 443 0.872297
3 277 3227 2659 0.705921
3 3529 611 1554 0.571644
3 1515 3119 2973 0.774093
3 1554 1660 3529 0.634504
3 1380 1951 3515 0.762991
3 3515 3785 1380 0.832661
3 3515 2973 2912 0.816272
3 3785 3515 3087 0.783868
3 3785 1176 1598 0.874602
3 3279 3785 1598 0.818092
3 3279 2849 1414 0.625471
3 1887 2849 3648 0.626175
3 1932 2849 1887 0.510577
3 1932 2596 3178 0.756759
3 3178 1414 1932 0.777484
3 2267 3529 2741 0.358099
3 2741 3529 2867 0.303085
3 2867 2270 2741 0.184678
3 2741 2270 2706 0.165497
3 2741 2706 743 0.229654
3 743 2706 1827 0.261667
3 2706 3636 3089 0.087948
3 3636 325 3687 0.073164
3 953 3687 3756 0.060900
3 80 3727 2673 0.072920
3 80 2673 3756 0.088166
3 2377 2626 2884 0.632016
3 1827 2884 3401 0.465180
3 938 2626 2561 0.801440
3 1545 2561 2626 0.780557
3 3482 1106 990 0.643280
3 902 990 541 0.688344
3 902 541 2190 0.764874
3 2190 541 1805 0.767929
3 990 398 541 0.625617
3 1805 541 2622 0.697578
3 3574 1304 3566 0.391655
3 3566 1304 2050 0.323887
3 83 3566 1967 0.487717
3 3560 1967 3566 0.298471
3 1967 3560 569 0.250724
3 2151 569 3560 0.160717
3 569 2151 1511 0.094973
3 1747 3665 2151 0.113088
3 3665 2085 2151 0.058498
3 708 3791 2526 0.041142
3 1593 3791 2647 0.032583
3 2647 2691 1593 0.051423
3 3051 2988 2691 0.114675
3 1801 2349 3051 0.027337
3 1801 3469 1620 0.036078
3 2349 1801 1104 0.026734
3 2988 3051 521 0.116367
3 2988 521 779 0.096763
3 779 521 3543 0.064511
3 2762 2372 3543 0.064061
3 3024 3011 3025 0.015910
3 1435 3295 2526 0.035031
3 2878 3295 2264 0.028090
3 2264 3295 3112 0.039165
3 2808 2090 2601 0.046038
3 796 3565 3441 0.014297
3 2601 3565 796 0.024043
3 121 1511 2361 0.039478
3 2361 3565 121 0.037420
3 2085 3665 2878 0.026071
3 1593 1390 3024 0.021150
3 1390 3011 3024 0.018818
3 3011 1390 2988 0.047372
3 83 1967 3069 0.408443
3 3069 1967 2909 0.517832
3 1967 282 2909 0.387403
3 2731 2909 1792 0.785566
3 1792 200 3625 0.786485
3 200 3652 3625 0.771781
3 3625 1090 2369 0.830302
3 2369 1516 3625 0.822829
3 1516 2369 739 0.744149
3 2369 1090 3239 0.786965
3 739 2369 79 0.694611
3 175 2675 1516 0.852063
3 175 1516 1413 0.829913
3 739 1413 1516 0.707736
3 3223 1413 739 0.679804
3 1644 3474 3182 0.864999
3 206 3474 1851 0.796784
3 3506 206 492 0.896380
3 492 206 1766 0.786943
3 492 1766 2835 0.885324
3 1766 3373 2835 0.818611
3 3373 2607 865 0.825273
3 865 2607 2423 0.749517
3 2607 753 1606 0.669089
3 206 1851 3226 0.559913
3 1606 753 2060 0.456580
3 2060 1860 1606 0.379046
3 1860 3145 153 0.484088
3 5 3076 3145 0.678455
3 153 3076 997 0.866797
3 488 2324 3332 0.820329
3 846 3332 2324 0.660576
3 3332 846 1307 0.581525
3 1307 3354 529 0.274775
3 1307 529 3332 0.519182
3 488 279 3322 0.837507
3 111 1371 3707 0.815278
3 3447 1675 1371 0.826027
3 1675 3447 3118 0.840870
3 481 3118 3447 0.861810
3 3118 3734 1243 0.875959
3 34 3175 1775 0.903398
3 503 3734 3124 0.920273
3 2868 330 1910 0.910446
3 330 2592 958 0.892024
3 958 1910 330 0.893645
3 1910 958 3197 0.920263
3 1651 3197 958 0.907808
3 3131 2812 3233 0.917413
3 3233 3276 938 0.887127
3 3276 647 719 0.863605
3 3276 719 3401 0.856770
3 647 1651 719 0.863203
3 2561 1117 3233 0.892644
3 2190 1805 1117 0.848452
3 2097 2836 3640 0.650870
3 2097 3640 2276 0.778302
3 1792 2276 2731 0.849936
3 3640 2731 2276 0.785624
3 2276 1792 2675 0.842164
3 2675 1152 2276 0.867173
3 2317 1152 175 0.731995
3 175 1153 2317 0.778142
3 1153 1165 2317 0.708882
3 2317 1165 2521 0.649523
3 1165 3182 1865 0.839658
3 2521 1865 2498 0.893766
3 2498 3506 3623 0.905791
3 141 1480 673 0.953323
3 2835 1480 141 0.935697
3 1480 2835 667 0.928312
3 667 3373 1003 0.903166
3 3124 787 1586 0.917777
3 1586 1003 865 0.956380
3 997 1519 2423 0.913602
3 997 2423 153 0.823899
3 1519 997 34 0.915660
3 1519 34 503 0.910405
3 3124 1519 503 0.914898
3 1519 3124 1586 0.912432
3 3725 1910 3197 0.912210
3 3197 2812 3725 0.922800
3 1961 2521 2498 0.906987
3 3725 1961 3623 0.968882
3 787 3155 3623 0.966329
3 3356 1117 1805 0.845571
3 3175 997 3076 0.902813
3 3175 3076 1904 0.908830
3 0 1904 2324 0.857887
3 0 3322 2144 0.825909
3 2884 1827 2706 0.267049
3 3089 3687 953 0.088078
3 443 2930 3324 0.870696
3 2071 398 990 0.538772
3 1447 2071 1123 0.448687
3 2867 949 2270 0.125583
3 866 2270 949 0.103810
3 1679 866 949 0.117489
3 2202 3178 3780 0.884532
3 3178 2596 3780 0.824738
3 3159 2082 1264 0.006020
3 3328 1264 2082 0.002085
3 2488 2407 233 0.048939
3 2488 3339 2407 0.028841
3 233 2407 599 0.071160
3 3099 1436 2427 0.388520
3 3099 2427 2944 0.581268
3 1436 599 2427 0.219718
3 2599 3646 3243 0.007779
3 2482 3432 3115 0.068202
3 2136 3115 3432 0.051673
3 1935 3142 1726 0.598102
3 2766 3009 2666 0.956198
3 244 1046 2512 0.209990
3 2512 367 244 0.255290
3 3170 2564 2342 0.939478
3 3170 2342 406 0.971422
3 406 2342 3008 0.978265
3 2342 3207 3008 0.948499
3 1552 3746 917 0.327023
3 917 3746 2172 0.488827
3 3319 899 2571 0.103707
3 456 804 2213 0.779835
3 3365 1763 1592 0.136728
3 3782 2565 2815 0.126456
3 3782 2815 1546 0.138184
3 2084 609 1829 0.118462
3 1829 609 3231 0.152248
3 2113 1829 858 0.038528
3 3075 801 3628 0.210764
3 3672 1452 3075 0.274401
3 1452 3266 801 0.418428
3 1285 2665 172 0.035532
3 3643 172 2665 0.055607
3 3643 1712 172 0.062563
3 2874 2591 3716 0.137443
3 2588 1108 2860 0.076395
3 1108 180 3409 0.031651
3 3409 180 3449 0.034160
3 3409 3449 2081 0.021961
3 2265 3281 2493 0.011182
3 70 1640 3409 0.030809
3 2445 3056 1614 0.785159
3 1614 2227 2445 0.754612
3 2445 2227 3667 0.787398
3 2445 3667 649 0.887103
3 649 3667 1139 0.883417
3 2567 1481 1438 0.339931
3 2630 2442 2682 0.189885
3 1240 1057 3693 0.117785
3 3693 3378 352 0.077616
3 3786 352 3378 0.049725
3 3378 3508 3786 0.045107
3 2522 2459 1728 0.131996
3 2459 1762 1728 0.190989
3 1728 1762 3135 0.255691
3 1728 3135 2217 0.308180
3 1294 1387 3601 0.266271
3 3601 2792 1294 0.211145
3 1493 3815 375 0.058059
3 375 3815 3383 0.054736
3 375 3383 1369 0.044408
3 1369 3383 3555 0.030795
3 1309 3385 502 0.171016
3 502 3385 3629 0.194632
3 502 3629 1922 0.178042
3 1753 2840 2615 0.259411
3 1258 2615 2380 0.258048
3 2089 3434 2509 0.128495
3 2089 2509 2577 0.089613
3 2738 2891 176 0.047221
3 176 2891 2927 0.043327
3 2927 2891 1345 0.059448
3 3130 1366 3561 0.006449
3 2047 3769 3318 0.052793
3 1676 74 2761 0.025481
3 2170 1676 123 0.020541
3 2761 123 1676 0.024958
3 2898 3460 1734 0.178667
3 3633 986 3460 0.014759
3 633 1988 2842 0.044667
3 633 2842 2845 0.087251
3 2842 1988 263 0.037696
3 633 1349 1988 0.043274
3 396 1349 633 0.083654
3 1349 396 347 0.077720
3 396 633 1958 0.090580
3 1044 347 1748 0.107851
3 396 1748 347 0.091838
3 1748 396 1958 0.106167
3 1958 2214 1748 0.134708
3 2712 475 2845 0.126057
3 2712 2845 2842 0.133676
3 2712 2842 698 0.080453
3 1363 2712 515 0.075702
3 515 2712 698 0.066291
3 1862 515 3134 0.032181
3 1862 3134 87 0.022032
3 3463 3134 3521 0.015064
3 3691 3463 3521 0.013726
3 3250 1544 3691 0.020922
3 3151 3250 3691 0.021293
3 2886 2809 3151 0.038672
3 3655 3613 2869 0.034581
3 269 1105 1054 0.043955
3 269 1054 3343 0.062106
3 3343 1054 3655 0.054161
3 3343 3655 2282 0.073338
3 2282 3655 2869 0.048912
3 2053 851 247 0.309630
3 1754 1052 2214 0.132640
3 2214 1052 3418 0.172171
3 2712 1363 2633 0.058667
3 1418 2633 1363 0.049987
3 1418 1363 1862 0.031352
3 1418 1862 87 0.027136
3 1862 1363 515 0.046664
3 1418 87 3698 0.008310
3 14 2633 1418 0.024651
3 14 1418 190 0.007255
3 190 1418 3698 0.010451
3 1926 1348 2299 0.004851
3 1926 2299 621 0.005170
3 1364 2299 3698 0.007698
3 3698 2299 1348 0.006774
3 621 2299 3669 0.004805
3 3669 2299 1364 0.005162
3 506 2126 3669 0.012624
3 506 3669 1504 0.014156
3 1664 1504 3669 0.009123
3 2614 1504 1664 0.014995
3 369 2297 3562 0.011154
3 3507 1167 3562 0.006418
3 272 3250 3505 0.041315
3 3505 3250 3613 0.033335
3 2960 3613 3655 0.031238
3 3505 3613 2960 0.028809
3 3505 2960 1217 0.031510
3 2960 1054 1991 0.031177
3 2804 1991 1054 0.019613
3 2804 1054 1105 0.028323
3 3655 1054 2960 0.035856
3 2960 1991 1217 0.024121
3 3641 987 2804 0.077881
3 3641 2804 1105 0.057990
3 3641 1105 3050 0.047886
3 269 3050 1105 0.060541
3 2032 3050 501 0.160650
3 3343 501 269 0.135342
3 269 501 3050 0.108877
3 3632 2032 501 0.254246
3 3632 501 3343 0.210024
3 1672 3632 1496 0.222737
3 3343 1496 3632 0.204474
3 732 3632 122 0.259075
3 122 2232 3090 0.272531
3 1672 2232 3632 0.351388
3 3632 2232 122 0.288315
3 2051 851 2053 0.385457
3 851 2051 266 0.377580
3 1995 1284 2719 0.073476
3 1111 1995 2416 0.061727
3 1111 98 1995 0.043135
3 98 1111 2139 0.065872
3 3363 2139 2416 0.093394
3 2416 2139 1111 0.086337
3 2387 2139 2544 0.038442
3 2544 2139 3363 0.064434
3 3091 3741 2633 0.020079
3 3091 14 94 0.008481
3 94 14 3015 0.004868
3 14 3091 2633 0.026687
3 3480 2841 1853 0.004754
3 1517 3012 1926 0.004979
3 1926 3012 3480 0.004257
3 1926 3480 3015 0.004090
3 3480 3537 2841 0.008574
3 3480 3012 3537 0.003107
3 2161 1657 1517 0.001979
3 2161 1517 1926 0.002419
3 202 1007 872 0.059313
3 202 872 768 0.022352
3 776 556 2315 0.023331
3 2315 506 2100 0.031697
3 506 2315 556 0.020191
3 2100 2348 2315 0.046255
3 2315 2348 776 0.041657
3 629 847 2378 0.049940
3 629 2378 1881 0.026886
3 1167 3507 2219 0.005719
3 1310 1877 3072 0.060149
3 1310 3072 272 0.042999
3 1310 272 3505 0.043801
3 1217 1310 3505 0.049351
3 987 1877 1310 0.044365
3 987 1310 2804 0.059234
3 1991 2804 1310 0.046288
3 1991 1310 1217 0.040640
3 987 3641 1877 0.064792
3 1572 3641 3050 0.118108
3 122 3090 732 0.233931
3 732 3090 2061 0.242064
3 429 3258 759 0.284655
3 429 759 1688 0.412207
3 562 1688 759 0.217744
3 562 759 2051 0.220635
3 562 2051 2099 0.301483
3 2051 759 3258 0.239061
3 3663 1193 388 0.191201
3 388 1193 1389 0.174692
3 388 1389 3705 0.226695
3 1389 1193 486 0.164947
3 3027 388 24 0.158753
3 3027 24 1284 0.119211
3 3705 24 388 0.225190
3 33 3475 1284 0.044795
3 1284 3475 3027 0.079310
3 2139 216 98 0.053729
3 1405 978 3341 0.019385
3 3105 1405 3341 0.011090
3 1405 3105 3340 0.005517
3 3340 3105 2982 0.004687
3 3105 992 2982 0.004405
3 2982 992 1163 0.002914
3 1126 3713 3017 0.011771
3 2544 1774 3017 0.012648
3 3363 1774 2544 0.051577
3 2544 3017 3713 0.011197
3 2418 3702 3303 0.016625
3 3303 3702 1774 0.022506
3 1491 3702 2418 0.014800
3 3060 2418 3303 0.027258
3 2841 994 3060 0.006577
3 1853 2841 3060 0.006683
3 1853 3060 1262 0.008506
3 860 1896 3392 0.008131
3 3537 1135 3645 0.010124
3 1135 3642 359 0.006595
3 1859 1896 359 0.007523
3 3392 1896 1859 0.007796
3 1859 359 3642 0.006927
3 3537 3642 1135 0.006790
3 1135 359 1896 0.005436
3 2125 1570 3012 0.006879
3 3537 3012 3642 0.004645
3 3642 3012 1570 0.006900
3 1298 1570 2125 0.013017
3 3392 1298 1404 0.014487
3 1404 1298 2125 0.013096
3 1404 2125 3029 0.013190
3 1618 730 1404 0.015936
3 1618 1404 3029 0.015471
3 1618 3029 2582 0.032828
3 2582 3029 2616 0.030773
3 3062 2616 3029 0.016150
3 2951 3062 532 0.002805
3 1007 3032 208 0.102962
3 2108 2371 78 0.127285
3 2108 78 3185 0.165266
3 143 3185 776 0.069866
3 143 776 2348 0.062578
3 143 2348 3021 0.143873
3 776 78 1752 0.056243
3 78 776 3185 0.073247
3 2903 1014 1629 0.137985
3 2419 1769 2943 0.051729
3 1881 1930 629 0.025816
3 629 1930 2943 0.038688
3 629 2943 847 0.055913
3 220 1161 3584 0.016546
3 220 3584 2546 0.012495
3 1807 3584 1437 0.009644
3 1845 2546 3584 0.019733
3 1845 3584 3259 0.019293
3 3259 3584 1807 0.015087
3 3259 1807 1641 0.012570
3 982 2915 1317 0.032467
3 3720 3641 1678 0.392284
3 1678 2700 3720 0.237714
3 1378 1825 2700 0.281264
3 1378 2700 584 0.141136
3 584 2700 1678 0.123585
3 3533 3517 584 0.167329
3 1674 3139 1537 0.059336
3 3139 1674 3517 0.084141
3 3139 428 985 0.028108
3 2859 2873 2788 0.061945
3 985 2788 3139 0.037701
3 3139 2788 2873 0.034634
3 2597 2788 1440 0.147932
3 2164 2788 2597 0.127628
3 2021 1311 2314 0.200676
3 2314 1311 3148 0.239676
3 3310 3548 1133 0.426699
3 429 3310 1892 0.397441
3 1892 3310 1133 0.414022
3 3035 3310 366 0.310718
3 1193 3663 2205 0.224310
3 2621 3027 3475 0.074149
3 2621 3475 2941 0.060597
3 2941 3475 3341 0.036921
3 2941 978 1155 0.021067
3 3340 1155 1405 0.013675
3 1405 1155 978 0.017958
3 636 3593 3340 0.011604
3 3459 2953 2982 0.004331
3 3340 2982 2953 0.006151
3 3340 2953 636 0.009196
3 430 636 436 0.020095
3 436 636 2953 0.014607
3 3451 2045 2027 0.093313
3 3451 2027 1841 0.087923
3 2027 2045 2953 0.020242
3 2953 2045 436 0.024444
3 436 2045 2103 0.055396
3 3028 2027 3459 0.011853
3 3224 1206 1280 0.004241
3 3224 1280 3094 0.004278
3 2939 3224 3094 0.003272
3 1001 2939 3094 0.002795
3 3094 3105 1001 0.003192
3 1001 3105 2895 0.005856
3 3094 992 3105 0.004447
3 1806 2118 3509 0.005092
3 1406 2118 2754 0.006998
3 2754 2118 1126 0.007604
3 1406 2754 3569 0.021414
3 3569 3649 2231 0.020319
3 3649 1896 920 0.010281
3 1690 2330 1896 0.005264
3 1690 1896 860 0.005334
3 1896 2330 920 0.007087
3 1135 1896 3649 0.009826
3 1135 3649 3645 0.016575
3 3198 3634 300 0.027878
3 1618 300 3634 0.020590
3 3198 300 2582 0.040588
3 3198 2582 3097 0.054431
3 2006 3097 2582 0.081797
3 2582 300 1618 0.031644
3 2737 3097 3590 0.190545
3 2737 3590 3393 0.290188
3 3590 3097 2006 0.166677
3 3284 2737 3393 0.260226
3 3798 3590 463 0.271499
3 3393 3590 2294 0.335378
3 3798 2108 685 0.359005
3 2108 3798 463 0.291634
3 1368 1028 1422 0.321950
3 2226 1292 2539 0.483820
3 2226 2539 1148 0.506627
3 2539 1292 1603 0.465884
3 3591 2539 1603 0.527618
3 447 1590 3553 0.508427
3 362 3143 270 0.444306
3 270 3143 2853 0.169445
3 3553 3143 362 0.552987
3 3553 362 447 0.606024
3 447 362 270 0.609621
3 434 1629 1769 0.077600
3 2903 1629 3143 0.218689
3 3143 1629 2853 0.162003
3 3187 2853 434 0.078503
3 1188 1524 2446 0.072676
3 2419 1555 1188 0.054531
3 3241 664 731 0.014238
3 3241 731 3280 0.010251
3 3651 179 1899 0.020188
3 1899 179 1815 0.017089
3 1099 1899 1665 0.028863
3 1099 1665 573 0.020906
3 1815 3410 1665 0.029353
3 1815 1665 1899 0.026040
3 3410 573 1665 0.041178
3 3259 3410 1845 0.053912
3 3410 1997 156 0.067111
3 1997 3259 9 0.025017
3 3259 1997 3410 0.048533
3 1997 2401 2954 0.015373
3 2716 1992 1082 0.021821
3 2716 1082 966 0.018610
3 966 1082 2018 0.010685
3 3460 3010 1734 0.058673
3 2700 1346 3720 0.323785
3 3084 3460 2898 0.109956
3 2901 3084 2898 0.224198
3 2901 2898 2030 0.497784
3 3633 3084 2312 0.058961
3 2901 2312 3084 0.145368
3 712 2312 1038 0.031721
3 1038 2312 919 0.084105
3 919 2312 2901 0.217709
3 919 2901 2987 0.365106
3 3769 1038 919 0.090105
3 650 1888 1378 0.088283
3 2166 1888 650 0.100678
3 3551 2166 2062 0.055270
3 3053 3551 2062 0.029332
3 3053 2062 1537 0.035015
3 2016 2873 2859 0.087551
3 1365 306 1017 0.365837
3 1365 1017 119 0.476882
3 1818 2505 1114 0.341626
3 2505 1818 2966 0.448741
3 2966 1818 3404 0.413053
3 1362 1818 3035 0.262774
3 3534 494 107 0.340898
3 3114 107 494 0.213799
3 3663 3406 107 0.300294
3 3663 107 3114 0.242704
3 1526 3788 959 0.135819
3 1526 959 2621 0.070020
3 959 3788 3406 0.158333
3 1335 1526 2621 0.065985
3 1335 2621 2941 0.040869
3 1335 322 735 0.015797
3 735 322 391 0.013904
3 322 1155 391 0.022175
3 735 391 267 0.016292
3 2687 735 267 0.032932
3 2687 267 3593 0.021480
3 3593 267 3340 0.009955
3 3340 267 391 0.010023
3 3340 391 1155 0.011078
3 1155 322 2941 0.021409
3 2941 322 1335 0.032563
3 1335 735 1526 0.062448
3 1526 735 2687 0.046763
3 3788 2687 3593 0.042244
3 2256 3603 1693 0.069138
3 2045 3451 571 0.108213
3 2045 571 2103 0.091594
3 1261 3451 64 0.200015
3 64 3451 1841 0.138695
3 291 1173 3007 0.251791
3 1173 64 1841 0.227135
3 64 1173 291 0.310323
3 897 1173 1841 0.137018
3 3028 1329 897 0.023043
3 897 1329 1776 0.030852
3 644 1523 1329 0.017072
3 644 1329 334 0.006025
3 1280 1206 2791 0.004544
3 1280 2791 1666 0.002560
3 3524 2791 1206 0.003394
3 3524 1206 2072 0.003229
3 1879 105 3524 0.002482
3 1879 3524 729 0.002140
3 729 3524 2072 0.001832
3 1886 1501 2827 0.000858
3 2789 705 1021 0.001735
3 3481 1963 2631 0.007993
3 3481 2631 1682 0.003995
3 3509 3481 1682 0.004899
3 3054 989 3481 0.008637
3 3054 3481 3509 0.010261
3 3649 920 1797 0.008928
3 1911 173 930 0.017285
3 2105 930 2598 0.033894
3 2598 930 109 0.026056
3 109 930 3619 0.019879
3 109 3619 2483 0.015386
3 109 2483 2598 0.027311
3 586 2483 1725 0.035658
3 1122 1725 3689 0.046956
3 3689 1725 1485 0.061407
3 3689 2171 924 0.115450
3 929 3689 924 0.059162
3 924 2171 1731 0.111260
3 1731 2171 2760 0.133897
3 2760 2171 1485 0.127687
3 1485 2171 3689 0.103804
3 3284 615 2737 0.161737
3 615 3284 2914 0.140646
3 615 2914 835 0.084694
3 835 125 3634 0.068001
3 125 835 2914 0.073093
3 615 835 3198 0.075889
3 615 3198 2737 0.139276
3 2737 3198 3097 0.136233
3 3634 3198 835 0.043707
3 980 2800 850 0.176568
3 2768 1833 2228 0.514744
3 2768 2228 2294 0.474813
3 2768 2294 3501 0.449619
3 2473 863 2768 0.463091
3 2473 2768 3501 0.560083
3 2473 3501 520 0.523210
3 520 3501 1292 0.445361
3 2778 863 2473 0.325433
3 2778 2473 3611 0.328826
3 3611 2473 2226 0.393675
3 2226 2473 520 0.430940
3 2226 520 1292 0.526026
3 3611 2226 1148 0.594238
3 2142 3611 2465 0.395390
3 137 2465 1891 0.508609
3 1891 1527 2278 0.571905
3 2278 528 137 0.448808
3 2539 1527 1148 0.558275
3 1148 1527 1891 0.599176
3 137 1891 2278 0.450455
3 1527 3149 2278 0.503723
3 3149 1527 3591 0.533775
3 3591 1527 2539 0.616645
3 3190 228 2242 0.436768
3 1429 2993 1590 0.237826
3 602 1429 2149 0.118927
3 1236 602 115 0.090255
3 115 602 2149 0.106376
3 3415 115 1130 0.091607
3 3415 1130 3187 0.085657
3 319 1130 115 0.103312
3 2853 3187 1130 0.055935
3 2853 1130 319 0.088908
3 270 2853 319 0.172529
3 270 319 2149 0.190616
3 2149 319 115 0.099720
3 3415 3187 1359 0.066295
3 3163 2263 1236 0.027225
3 3163 1236 3415 0.031867
3 3163 3415 2889 0.020109
3 2889 3415 1709 0.047453
3 1709 3415 1359 0.042541
3 1709 3699 53 0.040005
3 1709 53 2889 0.034169
3 2889 53 3494 0.041884
3 3494 53 3699 0.033846
3 3699 1709 1359 0.053954
3 2446 3699 1359 0.033137
3 2123 3253 3571 0.057565
3 3280 3222 1890 0.017676
3 3280 1890 3241 0.008049
3 3241 1890 2019 0.024655
3 1040 2892 3055 0.019785
3 3055 2892 2711 0.030432
3 2711 2892 3455 0.030878
3 966 3055 304 0.017145
3 966 304 2716 0.019406
3 573 2716 304 0.027899
3 573 304 1099 0.027882
3 2711 1099 304 0.024128
3 2711 304 3055 0.019538
3 2640 2946 2390 0.042356
3 646 97 1043 0.112501
3 646 1043 3767 0.073289
3 2047 3767 1376 0.061284
3 3769 2047 1376 0.045943
3 3769 1376 1038 0.061939
3 3816 3551 3318 0.033655
3 3769 3816 3318 0.026846
3 3318 3551 3053 0.026399
3 71 3318 3497 0.045791
3 1475 3497 3318 0.025887
3 3760 1339 169 0.009588
3 1475 3760 3497 0.021214
3 3497 3760 169 0.011950
3 3497 169 1339 0.014280
3 2859 549 2016 0.195277
3 2629 3568 1396 0.270385
3 2699 3424 3423 0.288797
3 954 3423 2629 0.269028
3 954 2629 2896 0.238978
3 2896 2629 2811 0.333968
3 2811 2629 1396 0.342354
3 2811 1396 2115 0.461334
3 2115 1396 1115 0.434026
3 2811 2115 784 0.488538
3 784 2115 1026 0.383436
3 348 2811 784 0.379637
3 348 784 819 0.424108
3 784 1026 819 0.452100
3 348 819 660 0.429421
3 660 2896 348 0.351522
3 3456 819 1026 0.313022
3 2811 348 2896 0.376419
3 741 3456 1026 0.336665
3 741 1026 2476 0.364792
3 2115 2476 1026 0.411056
3 741 2476 907 0.279954
3 741 2966 807 0.328053
3 2376 807 1564 0.309537
3 2376 1564 3321 0.319577
3 2966 1564 807 0.315841
3 2966 741 2505 0.375732
3 741 907 2505 0.290638
3 3456 741 807 0.283857
3 2111 1564 2966 0.340730
3 2542 3404 258 0.310531
3 194 258 3404 0.287775
3 2535 2101 3679 0.202729
3 3603 1403 3413 0.112945
3 3413 1403 3679 0.122053
3 3679 1403 1871 0.129028
3 1871 1403 3603 0.126953
3 3483 3808 1871 0.117206
3 2256 3483 3603 0.083639
3 1871 3603 3483 0.101738
3 1878 3604 3483 0.136626
3 1878 3483 1053 0.143745
3 1053 3483 3337 0.102858
3 1621 2457 1867 0.300383
3 2457 1621 754 0.423741
3 1621 1867 1197 0.278910
3 29 1621 1261 0.426291
3 1261 1621 3451 0.295538
3 3348 1186 29 0.381962
3 3348 3007 961 0.297970
3 3007 3348 291 0.371004
3 291 3348 29 0.287374
3 1119 3348 961 0.351246
3 2745 3671 2531 0.125386
3 1523 574 215 0.068009
3 2745 215 574 0.111232
3 1776 2069 897 0.109261
3 1173 897 2069 0.206139
3 1173 2069 3007 0.135649
3 2880 644 1228 0.028111
3 1316 2880 81 0.049564
3 81 2880 3041 0.039971
3 3041 1228 3215 0.019292
3 1228 3041 2880 0.034397
3 1850 3041 3681 0.040508
3 3681 1070 3130 0.010243
3 3130 1070 1366 0.005829
3 2028 470 3522 0.003171
3 2723 1811 1266 0.012664
3 1557 36 1172 0.012534
3 1557 1470 36 0.008856
3 1470 1557 1041 0.006959
3 2631 1963 1470 0.005191
3 1470 3682 2631 0.003680
3 1502 1798 1870 0.017977
3 1506 1911 930 0.025320
3 1911 1506 1798 0.021949
3 1506 2105 2876 0.026793
3 2105 1506 930 0.024528
3 1506 2876 1798 0.023266
3 2598 2876 2105 0.035370
3 2933 2424 3572 0.064270
3 677 3234 2424 0.047745
3 677 2424 1125 0.054906
3 677 1125 2515 0.061289
3 2195 924 1731 0.086718
3 929 924 2195 0.075959
3 2195 1731 3167 0.090233
3 2760 1407 1731 0.138966
3 1731 1407 3167 0.128369
3 1273 3167 3320 0.087642
3 1273 2515 2195 0.067569
3 2195 3167 1273 0.106507
3 2380 1037 3320 0.196864
3 2380 3320 3302 0.185443
3 3167 3302 3320 0.219725
3 3754 1025 2014 0.229085
3 3754 2014 1019 0.272213
3 1019 2680 2727 0.213237
3 2680 1019 2014 0.165295
3 476 2014 1025 0.275135
3 2680 980 850 0.164930
3 560 3101 2778 0.287866
3 2778 3101 610 0.164163
3 1849 3101 1131 0.239399
3 3611 2142 560 0.336949
3 560 2142 3101 0.244799
3 3101 2142 1131 0.283165
3 3140 1849 1131 0.392710
3 3389 3190 2356 0.473946
3 3190 3389 2925 0.534855
3 2242 2356 3190 0.436303
3 3738 3200 963 0.152352
3 3200 3738 971 0.203637
3 1116 3163 2889 0.027315
3 1116 2889 3494 0.034355
3 3455 630 3301 0.051603
3 1345 2891 2589 0.052042
3 700 2892 1040 0.022981
3 1020 2892 2927 0.030021
3 2927 2892 700 0.045705
3 2738 3242 3088 0.075839
3 2927 3242 176 0.038179
3 176 3242 2738 0.056884
3 778 3088 1856 0.060372
3 3242 1856 3088 0.062237
3 1856 3242 696 0.055840
3 696 3242 600 0.052539
3 3183 2946 3342 0.053380
3 3342 2946 2640 0.044362
3 3342 2640 3621 0.045163
3 3586 3342 3621 0.067360
3 3586 3621 2918 0.072064
3 2805 97 646 0.148069
3 71 3799 2577 0.140962
3 71 2577 2047 0.095943
3 3799 2089 2577 0.134138
3 41 812 879 0.023512
3 41 879 1339 0.021332
3 41 1339 3760 0.012047
3 1339 879 3497 0.015813
3 3668 3216 3760 0.008422
3 3668 3760 108 0.016710
3 3760 2038 108 0.019248
3 3287 240 3783 0.113852
3 2374 2629 3423 0.237111
3 2374 3287 3568 0.193035
3 3568 2629 2374 0.289994
3 2017 3287 2374 0.138093
3 2374 3423 962 0.308192
3 2017 2374 2651 0.173631
3 2374 962 2651 0.235130
3 1507 962 3423 0.356322
3 2651 962 2798 0.285744
3 1507 2798 962 0.393246
3 1507 3169 2798 0.283663
3 2421 3456 2699 0.207917
3 2421 2699 259 0.250251
3 2421 259 954 0.283247
3 2421 954 2896 0.362898
3 3423 954 259 0.285943
3 3423 259 2699 0.254828
3 819 3456 2421 0.205034
3 660 819 2421 0.281219
3 660 2421 2896 0.402960
3 1744 3817 2850 0.245769
3 3817 1744 3750 0.211691
3 1876 2269 3817 0.425560
3 3817 2269 2850 0.282038
3 1803 3492 2606 0.310759
3 3604 2947 3808 0.166263
3 416 1226 3554 0.134935
3 2632 416 2620 0.199534
3 2620 416 1671 0.263370
3 1671 416 1649 0.219959
3 1649 416 3554 0.137567
3 991 3554 1226 0.101680
3 2632 1226 416 0.179756
3 1103 1649 3120 0.389879
3 1649 3554 3120 0.309659
3 3120 3554 2457 0.328343
3 1867 2457 3554 0.198927
3 1867 3554 1166 0.114539
3 1169 3120 2457 0.343092
3 561 1529 3461 0.288030
3 1119 3461 3348 0.316955
3 3348 3461 1186 0.350979
3 2059 2462 2818 0.199985
3 1767 2462 1908 0.402960
3 2655 2531 3671 0.187429
3 2655 3325 2531 0.276115
3 2655 3671 2322 0.169721
3 2322 3671 2414 0.087815
3 3659 3349 3113 0.104287
3 3113 3349 2013 0.087214
3 3113 2130 2224 0.089253
3 3113 2224 957 0.127550
3 3113 957 3235 0.114458
3 957 2224 3535 0.196007
3 3457 618 1850 0.137035
3 3535 618 3457 0.283326
3 3147 1138 313 0.049636
3 710 1596 2723 0.022150
3 710 2723 1266 0.016687
3 3327 3104 710 0.052833
3 3626 3692 993 0.100283
3 3626 993 3034 0.090528
3 3600 3626 3034 0.045243
3 3626 1847 1432 0.060885
3 477 1432 1847 0.064775
3 477 1847 2332 0.036609
3 3600 1847 3626 0.029725
3 1870 2332 3208 0.016840
3 2876 760 1870 0.016949
3 1870 760 2332 0.018310
3 540 2543 3797 0.189433
3 540 3797 89 0.138370
3 3789 2543 3697 0.246284
3 3789 3697 3768 0.208255
3 1312 3697 2211 0.224421
3 3421 3697 1312 0.227490
3 1129 2211 540 0.160144
3 1129 540 89 0.141008
3 2543 540 2211 0.182290
3 2543 2211 3697 0.242042
3 2820 3421 1312 0.158911
3 2820 1312 861 0.134880
3 861 1312 3572 0.122221
3 3572 1312 2933 0.111812
3 2933 1312 1129 0.131329
3 2211 1129 1312 0.161109
3 1658 2302 1781 0.044456
3 1781 2302 3234 0.045776
3 3793 3234 2302 0.049125
3 1781 1415 1813 0.030432
3 1781 1813 1658 0.032315
3 1415 1781 677 0.032846
3 677 1781 3234 0.044450
3 1198 1658 1813 0.035458
3 1198 1813 1190 0.044669
3 1190 1813 830 0.048586
3 1273 830 1415 0.030060
3 1813 1415 830 0.032472
3 2302 1658 1198 0.039016
3 2302 1198 414 0.070485
3 2302 414 2797 0.091110
3 2302 2797 3793 0.062258
3 1190 414 1198 0.076544
3 2840 2384 2797 0.082561
3 2840 2797 1274 0.157237
3 1274 2797 1037 0.137694
3 2615 2840 1274 0.204489
3 2615 1274 2380 0.209730
3 2380 1274 1037 0.201834
3 3085 1753 2615 0.306909
3 3085 2615 1258 0.377997
3 3085 1258 2124 0.419513
3 2124 1258 1318 0.344580
3 1425 3164 1449 0.375163
3 1425 1946 1729 0.360152
3 1729 1946 1410 0.359316
3 1946 1425 1449 0.405115
3 3754 1784 1729 0.348255
3 3754 1729 1410 0.354441
3 2001 1784 1019 0.275680
3 2001 1019 2727 0.316891
3 3754 1019 1784 0.299868
3 431 2305 3629 0.413691
3 1922 3372 1416 0.190176
3 1416 3372 2524 0.173667
3 1416 2524 3617 0.167904
3 3153 3617 1551 0.101696
3 47 1416 3153 0.071806
3 1835 1922 47 0.076536
3 1835 47 3153 0.075294
3 1416 3617 3153 0.084422
3 1416 47 1922 0.081542
3 502 1922 1835 0.091407
3 502 1835 956 0.102878
3 3153 956 1835 0.107292
3 1309 502 433 0.149771
3 433 502 956 0.111735
3 42 956 3153 0.079545
3 3690 182 42 0.147716
3 2645 3214 427 0.296513
3 2645 427 2935 0.608552
3 3278 3214 2645 0.416933
3 3330 3278 3052 0.531490
3 3052 3278 2935 0.551121
3 2935 3278 2645 0.600460
3 3597 3052 3389 0.392095
3 2328 3389 3052 0.411088
3 3597 3389 1029 0.416452
3 1164 2926 1743 0.057739
3 1743 2926 752 0.074341
3 3510 1394 2558 0.043069
3 3510 2558 1743 0.084681
3 2558 1164 1743 0.043234
3 3738 1394 3510 0.092044
3 2658 3738 963 0.072060
3 2558 1056 1974 0.041492
3 1974 1056 3367 0.040092
3 3367 1056 3273 0.037168
3 1116 1493 375 0.059990
3 2642 1493 3605 0.075514
3 2209 3701 2394 0.079560
3 2589 2891 1344 0.063715
3 1978 2784 1954 0.090008
3 1978 1954 1238 0.127357
3 1954 2784 1204 0.098355
3 1954 2738 2639 0.101173
3 3088 2639 2738 0.098531
3 1356 778 964 0.134202
3 964 778 1856 0.068904
3 3088 778 1356 0.102060
3 3342 3586 3183 0.047364
3 890 1387 1132 0.295186
3 1132 1387 1294 0.296991
3 1132 1294 2574 0.220564
3 2555 2574 2590 0.098539
3 1513 2555 2590 0.094133
3 3267 1513 2590 0.105969
3 2590 2918 3267 0.127018
3 2918 2590 181 0.098373
3 3430 2336 2805 0.192770
3 3430 2805 2321 0.144382
3 2509 3434 2321 0.121285
3 2509 2321 2805 0.097022
3 1550 3430 651 0.096537
3 1072 1550 651 0.175445
3 3378 1072 651 0.210024
3 3378 3693 1072 0.163551
3 3378 651 2890 0.130846
3 812 2345 102 0.029305
3 3786 2937 3650 0.037208
3 3499 2965 2702 0.028217
3 2702 3650 2937 0.026626
3 3650 2702 2965 0.028938
3 1453 3499 2702 0.022774
3 1453 2702 3550 0.020320
3 3550 2702 2937 0.014608
3 3550 2937 3709 0.013683
3 3550 3709 1160 0.013524
3 2603 3405 3471 0.050755
3 2603 3471 1160 0.013942
3 2603 1160 3216 0.013931
3 3471 3559 2566 0.075782
3 3471 2566 3599 0.054901
3 108 1060 2780 0.039917
3 108 2780 3668 0.027384
3 3216 3668 2603 0.015336
3 2603 3668 1229 0.034269
3 2603 1229 3405 0.060828
3 1229 3668 2780 0.061718
3 449 1229 2017 0.126277
3 2017 1229 2780 0.155893
3 2780 240 3287 0.117245
3 3287 2017 2780 0.176835
3 240 2780 1060 0.077812
3 519 2651 2798 0.264701
3 2843 3585 1744 0.169452
3 2843 1744 2850 0.205393
3 3585 3750 1744 0.180042
3 791 1713 661 0.215339
3 791 661 2429 0.170657
3 2468 2450 2632 0.116784
3 2632 2450 2289 0.070900
3 2289 2450 2942 0.068888
3 2620 2468 2632 0.112673
3 2327 3696 1671 0.226268
3 2327 1671 1103 0.302847
3 1671 3696 2620 0.148501
3 1103 1671 1649 0.321840
3 1467 3696 2327 0.403278
3 1467 2327 1202 0.476443
3 1202 2327 148 0.536377
3 1897 1202 148 0.547606
3 3592 2243 855 0.663173
3 2838 2928 2322 0.395257
3 2838 2322 1779 0.248427
3 655 1779 1889 0.211605
3 1889 3659 1789 0.155890
3 3659 1889 1779 0.203050
3 1320 1789 3659 0.136987
3 3659 3113 3317 0.140731
3 3235 3317 3113 0.067008
3 957 2715 1269 0.227231
3 957 1269 3235 0.099302
3 1269 2715 854 0.251761
3 2814 3235 1269 0.099204
3 2814 1269 2554 0.238144
3 2554 1269 854 0.212178
3 1722 3104 1013 0.234023
3 3692 849 1212 0.117216
3 3478 2464 849 0.082177
3 3478 849 3692 0.125066
3 1710 1432 477 0.049587
3 1929 1710 2186 0.087566
3 2186 1710 760 0.062864
3 1959 2186 760 0.046535
3 2683 1710 1929 0.137780
3 2543 1929 2186 0.167109
3 2543 2186 3797 0.164247
3 3697 3421 3768 0.168868
3 2728 895 1882 0.120990
3 3431 2728 1882 0.086842
3 2728 3431 2974 0.062594
3 3793 799 1379 0.065885
3 3793 1379 3572 0.069368
3 3572 1379 861 0.085007
3 861 1379 2820 0.088809
3 2820 1379 1882 0.073926
3 3431 1882 799 0.103102
3 3793 3431 799 0.063442
3 799 1882 1379 0.073569
3 702 2974 3128 0.053155
3 3763 3128 1795 0.060636
3 3763 1795 1235 0.067700
3 1795 3128 1753 0.122057
3 2475 1235 1947 0.118963
3 2475 1947 3000 0.070002
3 3000 3085 2124 0.336652
3 3085 1947 1795 0.223901
3 1947 3085 3000 0.271508
3 3439 3000 2671 0.203912
3 1149 3580 3439 0.122995
3 261 1508 1343 0.324513
3 1343 1149 2260 0.250116
3 1149 1343 1508 0.302969
3 3444 3541 2872 0.464805
3 3541 3444 1256 0.395491
3 1952 2530 2 0.411318
3 3629 422 431 0.304194
3 431 422 2623 0.213409
3 431 2623 697 0.389316
3 1143 2623 3249 0.086494
3 1584 3297 1538 0.067903
3 3237 1538 433 0.182508
3 433 1538 1309 0.210460
3 3209 170 1159 0.053327
3 1159 170 3778 0.037930
3 3778 170 13 0.063558
3 1562 13 170 0.064503
3 1562 170 3209 0.095654
3 1562 3209 1350 0.099381
3 1289 813 3278 0.532263
3 1289 3278 3330 0.422826
3 627 3278 813 0.342960
3 3440 3503 836 0.624134
3 3440 836 440 0.617036
3 3440 440 1575 0.671139
3 2667 440 2068 0.549871
3 2068 440 552 0.511225
3 2253 1575 936 0.575850
3 2165 2077 1604 0.148435
3 3775 1604 2077 0.252784
3 3775 2077 3556 0.270729
3 3367 1581 1974 0.036949
3 2437 1581 3367 0.036976
3 2437 3367 783 0.029230
3 2254 783 3367 0.032425
3 2254 3367 3273 0.034678
3 2254 3273 1986 0.035866
3 3383 1986 3273 0.041473
3 548 783 2254 0.054503
3 3631 548 1471 0.053267
3 1471 548 2254 0.069888
3 1471 2254 2281 0.072856
3 2281 2254 1986 0.059858
3 2281 1986 3701 0.059582
3 800 1372 2406 0.101115
3 800 2406 167 0.093830
3 1238 2344 458 0.043216
3 2781 1488 1059 0.064088
3 3684 641 852 0.183176
3 641 3684 2396 0.149058
3 3601 964 2792 0.171332
3 964 3601 1356 0.184209
3 1356 3601 641 0.209943
3 641 3601 177 0.230965
3 2555 716 2574 0.136420
3 2574 716 1132 0.226593
3 1132 716 2611 0.266424
3 829 2611 716 0.270014
3 2555 2169 1839 0.103447
3 2169 3264 1839 0.091200
3 22 3264 2169 0.088883
3 22 2169 745 0.140816
3 22 745 1270 0.093904
3 2955 745 3135 0.157927
3 2522 2922 1550 0.173710
3 2467 2522 1550 0.206089
3 3693 1057 1072 0.229595
3 2890 3508 3378 0.066599
3 352 3786 3650 0.052886
3 352 3650 1942 0.067291
3 1942 3650 2965 0.045873
3 1942 1240 352 0.058017
3 352 1240 3693 0.076996
3 3732 1443 35 0.050158
3 35 1443 1942 0.055511
3 35 1942 2965 0.042256
3 1942 1443 1240 0.060679
3 1240 1443 1446 0.086640
3 3757 3502 3728 0.032676
3 1541 3757 3728 0.055935
3 1541 3728 666 0.052392
3 1654 2566 2052 0.156762
3 2566 2153 3599 0.050813
3 3559 2052 2566 0.122932
3 2798 3169 1634 0.309522
3 2798 1634 519 0.222936
3 519 1634 3257 0.181196
3 1788 2807 923 0.363174
3 923 2807 2201 0.420258
3 2201 2807 1045 0.310933
3 3585 2787 3750 0.144267
3 1637 2442 262 0.232280
3 262 2442 2630 0.244661
3 1689 2450 2468 0.095098
3 2450 1689 2942 0.076884
3 2682 2442 1689 0.194123
3 1482 1972 3489 0.440618
3 808 2250 2821 0.360827
3 1075 3106 459 0.259016
3 459 3106 1047 0.383540
3 381 1100 3106 0.264675
3 3106 1075 381 0.299270
3 245 1883 2331 0.415119
3 2193 133 1627 0.343548
3 2193 1627 3673 0.280725
3 3801 3721 1277 0.640336
3 3721 3801 3805 0.703956
3 886 3721 3260 0.606865
3 3260 3721 2726 0.590280
3 2928 3260 2726 0.618084
3 2662 3177 2928 0.434576
3 3177 658 1278 0.389202
3 658 3177 2662 0.403213
3 1095 1889 3538 0.246620
3 1889 1095 655 0.247445
3 658 655 1095 0.299018
3 658 1095 3538 0.364403
3 2147 3538 3283 0.408611
3 1301 2147 1968 0.457979
3 16 1968 2147 0.475343
3 16 2147 3283 0.394734
3 3538 2147 1301 0.416149
3 3784 2310 16 0.479191
3 3784 16 3283 0.399767
3 3784 3283 2877 0.272770
3 3784 2877 3121 0.300007
3 2133 2104 3784 0.444067
3 566 2133 3784 0.493437
3 566 3784 1438 0.426060
3 1438 3784 2635 0.358621
3 652 3102 2782 0.460690
3 3102 652 2567 0.301562
3 3172 230 198 0.221238
3 3609 43 2432 0.210796
3 2964 2554 2906 0.642878
3 2554 2964 2814 0.631812
3 2964 2906 120 0.672273
3 3450 120 2906 0.641614
3 3743 565 2503 0.533651
3 2503 1331 2252 0.448568
3 1331 2503 565 0.406485
3 2669 1331 782 0.372498
3 3396 2669 536 0.401017
3 2683 3408 1684 0.199600
3 2683 1684 3478 0.116734
3 3408 3263 3059 0.237663
3 3263 3408 2683 0.188356
3 3789 3059 3263 0.292969
3 3789 3263 2543 0.240458
3 2543 3263 1929 0.178202
3 2683 1929 3263 0.199742
3 2971 1757 3408 0.296669
3 2971 3408 3711 0.243604
3 2775 918 3059 0.403147
3 3059 918 3711 0.301350
3 3059 3711 3408 0.254927
3 2042 3108 839 0.131328
3 839 3108 3627 0.193032
3 2216 2042 713 0.045634
3 713 2042 839 0.076922
3 2728 2974 713 0.067049
3 2604 3589 3763 0.036362
3 2604 3763 1191 0.034556
3 2036 3637 1191 0.018643
3 2036 1191 1230 0.013362
3 1230 1191 3763 0.025343
3 2709 817 1230 0.032795
3 3763 2709 1230 0.033530
3 795 2709 2475 0.017154
3 2475 2709 1235 0.034215
3 3686 689 2056 0.044260
3 2056 689 960 0.043543
3 2056 1576 3141 0.083215
3 1508 3141 1576 0.123792
3 1508 1576 1149 0.132720
3 1149 1576 3580 0.085348
3 960 3580 2056 0.044047
3 2056 3580 1576 0.078166
3 3399 2710 3018 0.669176
3 3399 3018 3667 0.704170
3 2227 308 3667 0.626104
3 1448 370 3419 0.424205
3 3541 3419 2872 0.445230
3 1448 3419 3541 0.585304
3 1448 3541 2152 0.435758
3 2152 3541 733 0.394970
3 733 3541 1256 0.359139
3 3544 733 2530 0.439565
3 1256 2530 733 0.422575
3 1720 889 2152 0.203747
3 3323 889 1720 0.137152
3 3323 1459 1275 0.111049
3 1143 3594 2623 0.153177
3 252 1143 3249 0.087411
3 1565 1454 485 0.056272
3 2223 1377 864 0.191765
3 1377 2223 2705 0.155019
3 1983 2705 3247 0.185552
3 2223 3247 2705 0.158330
3 678 1180 2998 0.175211
3 699 1377 678 0.248600
3 699 678 1065 0.262975
3 1065 678 2998 0.256353
3 1377 1180 678 0.129609
3 3495 187 1939 0.137034
3 187 3495 3737 0.246950
3 3557 3495 1562 0.166859
3 3557 1562 1350 0.148549
3 13 1562 3495 0.105697
3 13 3495 3778 0.083698
3 2135 1213 357 0.385707
3 1213 2135 302 0.190876
3 302 2135 3557 0.262318
3 302 3557 2443 0.152589
3 1213 302 3079 0.155074
3 3578 3079 2185 0.101410
3 2185 3079 302 0.167268
3 3516 1289 3330 0.443201
3 3270 3516 1265 0.432231
3 2095 3749 580 0.495412
3 580 3749 195 0.418080
3 2367 2806 3749 0.161979
3 3368 2837 3496 0.291068
3 3496 2837 3513 0.215319
3 912 3513 2837 0.226688
3 2692 999 2514 0.433618
3 3477 2692 3440 0.637084
3 2692 3503 3440 0.651641
3 777 2888 2248 0.643223
3 3583 777 2253 0.510157
3 2253 777 2248 0.609738
3 3477 2248 2888 0.643705
3 2187 701 936 0.573334
3 936 701 2253 0.562731
3 3607 607 1319 0.035698
3 3607 1319 3129 0.047422
3 3607 3129 2585 0.034824
3 3631 11 2585 0.032489
3 3631 2585 3129 0.028940
3 2437 3129 1096 0.039434
3 548 3631 3129 0.033518
3 548 3129 783 0.025597
3 783 3129 2437 0.031188
3 1735 2839 3144 0.078561
3 3161 3144 478 0.072771
3 3161 478 2281 0.075989
3 1471 2281 478 0.078631
3 1471 478 3144 0.065161
3 1083 3161 2281 0.077546
3 3458 3724 2750 0.115351
3 2910 2750 3724 0.182324
3 2520 2750 2910 0.158867
3 2967 2520 2910 0.153520
3 276 2967 1252 0.203214
3 2967 2910 1252 0.151503
3 1207 1089 1252 0.166230
3 1089 1207 1012 0.147825
3 2200 1089 241 0.286922
3 241 3530 2200 0.238019
3 1089 3530 241 0.211687
3 3530 1089 1012 0.189634
3 214 3530 3653 0.171563
3 3653 3530 1012 0.182105
3 214 3653 1685 0.164818
3 914 995 2744 0.016288
3 1773 2649 2978 0.048696
3 1773 2978 1442 0.063446
3 2795 1118 1157 0.059152
3 2795 720 3610 0.126980
3 720 2795 1157 0.065160
3 844 2619 3369 0.096794
3 1360 3394 821 0.367071
3 1360 821 408 0.310058
3 684 1360 408 0.243202
3 2117 684 1061 0.108778
3 2117 1061 2129 0.074016
3 3735 2246 2117 0.054910
3 1773 2117 2129 0.049543
3 1773 2129 2649 0.031349
3 877 2649 2129 0.025333
3 3735 2117 1773 0.057188
3 3264 945 1839 0.111478
3 1839 945 2967 0.152328
3 2520 2967 945 0.139046
3 2520 945 811 0.134020
3 2520 811 3575 0.090609
3 811 1215 3416 0.089968
3 1215 811 3264 0.064127
3 3264 811 945 0.098893
3 3202 1215 2548 0.122208
3 2548 22 1270 0.100239
3 3202 2548 1156 0.117712
3 1156 2548 2007 0.088736
3 675 3202 1156 0.101566
3 675 1156 1383 0.082311
3 3744 1383 1156 0.072517
3 2650 1004 2519 0.281868
3 687 2519 2467 0.315608
3 2467 2519 1004 0.295484
3 3732 2624 1446 0.086509
3 3732 1446 1443 0.062004
3 2952 1313 217 0.030056
3 2952 217 2612 0.017447
3 217 1313 2972 0.019630
3 2952 2612 1233 0.026878
3 3449 1233 1695 0.034674
3 1695 1233 2612 0.032342
3 2588 2860 3189 0.096497
3 2588 3189 1332 0.124137
3 3189 2593 881 0.149976
3 1113 2593 1541 0.099634
3 3189 1541 2593 0.112091
3 2593 1113 3779 0.117177
3 1715 3779 1113 0.073552
3 3364 2824 417 0.260441
3 417 2824 3472 0.276425
3 714 2830 2824 0.276283
3 714 2824 3364 0.250900
3 2458 714 3364 0.227154
3 3043 2458 2261 0.380898
3 2261 2807 3043 0.382254
3 3043 2807 2852 0.366815
3 2822 3037 1972 0.550320
3 1972 3037 3043 0.420880
3 2822 1972 1482 0.451197
3 1482 2689 2822 0.464790
3 2753 2291 2829 0.590488
3 1171 704 1047 0.514818
3 1171 1047 1144 0.359987
3 1144 1047 3106 0.386768
3 3154 2331 2193 0.147755
3 2193 1883 133 0.496730
3 1883 2193 2331 0.351725
3 286 2331 3154 0.146149
3 3255 883 931 0.273796
3 3255 931 2507 0.238035
3 763 931 3154 0.183424
3 3739 763 3154 0.146285
3 883 3154 931 0.161807
3 2507 931 2949 0.231372
3 2949 763 3739 0.140945
3 763 2949 931 0.237301
3 1931 946 1636 0.034937
3 946 1931 2697 0.029112
3 2301 2958 1222 0.567459
3 2301 1222 1196 0.322196
3 3033 3252 3708 0.536702
3 977 3252 2586 0.472073
3 2586 3252 3033 0.440420
3 1278 3252 3177 0.411721
3 3177 3252 1424 0.477276
3 491 3033 3708 0.518041
3 2449 3708 3165 0.738428
3 2449 3165 2023 0.744225
3 638 3165 1968 0.656819
3 1968 3165 736 0.715203
3 2310 2525 638 0.705653
3 331 3761 3003 0.617322
3 596 566 2307 0.427861
3 1610 2307 566 0.448356
3 1610 566 1481 0.440530
3 3511 652 2782 0.477774
3 652 3511 1610 0.504875
3 3511 290 2916 0.525431
3 2916 290 2110 0.580110
3 2110 290 2536 0.694633
3 2782 2536 290 0.548105
3 2782 290 3511 0.514143
3 2536 2782 132 0.438311
3 132 2782 3102 0.359849
3 3743 2503 2177 0.599672
3 3743 2177 2527 0.798343
3 2177 2613 2527 0.840484
3 1473 2177 129 0.493738
3 129 2503 848 0.296237
3 129 2177 2503 0.334866
3 3792 2613 2177 0.842211
3 3792 2177 1473 0.721789
3 1473 129 1239 0.537174
3 1239 129 848 0.423329
3 2865 1286 499 0.480604
3 2865 248 2311 0.295280
3 248 2865 3595 0.216958
3 563 2311 2353 0.249937
3 2679 2353 2971 0.293919
3 2834 2929 3711 0.251300
3 2477 1927 3412 0.274304
3 3315 3627 803 0.368562
3 3412 974 3265 0.247316
3 974 1033 588 0.099839
3 1033 974 3412 0.286385
3 3066 3787 911 0.031029
3 3066 911 3589 0.039634
3 2604 2492 3066 0.016622
3 3637 2492 1191 0.013883
3 1191 2492 2604 0.013231
3 2604 3066 3589 0.025017
3 3467 3787 3066 0.024138
3 3467 3066 2492 0.026732
3 3467 2492 3637 0.018591
3 157 3467 3637 0.020239
3 3614 1712 3643 0.050606
3 2004 2484 2451 0.009982
3 2036 2451 3637 0.016652
3 3141 2763 2056 0.090009
3 2056 2763 3686 0.074074
3 2656 3262 2496 0.519765
3 2656 2496 1249 0.390258
3 1249 2496 928 0.341231
3 1249 928 892 0.373971
3 2686 3331 1514 0.634932
3 1796 2686 1079 0.540556
3 2686 1796 3331 0.575502
3 1928 1796 1338 0.329979
3 3206 1338 1796 0.353781
3 3206 1796 1079 0.374142
3 1796 1928 3331 0.469010
3 692 3206 1079 0.399975
3 88 3212 1257 0.133837
3 3213 2163 3100 0.044563
3 3213 3100 1136 0.063055
3 439 3160 3594 0.144200
3 439 3594 1143 0.230206
3 439 1143 252 0.107368
3 3160 1804 139 0.121281
3 3664 3160 139 0.105641
3 3664 139 3500 0.187811
3 7 3500 139 0.161503
3 7 139 1804 0.132779
3 439 1804 3160 0.127472
3 3500 7 2573 0.237427
3 1804 2238 2573 0.198810
3 1804 2573 7 0.182632
3 1227 2573 2238 0.170561
3 2238 3662 1227 0.128969
3 2107 2562 3662 0.188658
3 1548 2107 75 0.352264
3 75 2107 1705 0.147683
3 3662 1705 2107 0.132006
3 75 1705 3247 0.133619
3 2757 1705 3662 0.084471
3 3046 2959 3814 0.605252
3 3272 2213 3046 0.733633
3 3205 287 1430 0.279842
3 2828 699 1065 0.314372
3 699 2828 1858 0.429906
3 3473 3205 2828 0.344321
3 1065 3473 2828 0.285522
3 1426 3205 3473 0.397225
3 1426 3473 2499 0.257137
3 670 2499 3473 0.287714
3 654 3063 3462 0.260495
3 654 3462 3737 0.311140
3 3737 3462 2998 0.276088
3 409 3063 3437 0.345100
3 624 3437 3790 0.173709
3 2537 3790 3437 0.230923
3 1213 3079 2541 0.213976
3 2485 1466 3700 0.118567
3 2749 1466 2485 0.131752
3 2485 3700 2031 0.059413
3 2031 3068 2485 0.058306
3 2485 3068 1137 0.052090
3 2485 1137 869 0.044879
3 688 3068 3231 0.056457
3 3231 3068 2031 0.043557
3 1829 3231 858 0.047406
3 3578 2913 858 0.062609
3 3075 2913 1698 0.099161
3 2913 2776 1698 0.109380
3 3266 1452 1571 0.399059
3 2410 3266 1247 0.457003
3 2410 1247 2547 0.357271
3 351 2547 1279 0.432182
3 1247 1279 2547 0.385632
3 1279 1247 3266 0.464494
3 1279 3266 1255 0.467614
3 2383 2949 351 0.341094
3 1768 2383 1279 0.546048
3 1768 1279 1255 0.535090
3 351 1279 2383 0.442425
3 2430 2949 2383 0.398947
3 2430 2383 1768 0.472059
3 2430 1768 580 0.521592
3 580 1768 2095 0.528298
3 2095 1768 1255 0.498302
3 2507 2949 2430 0.312258
3 3576 2507 2430 0.267831
3 93 1030 1536 0.150767
3 93 1536 2379 0.209573
3 2514 999 2357 0.323184
3 2399 1483 2379 0.273376
3 1203 1145 2239 0.353838
3 2325 1203 2810 0.352399
3 2325 2810 1933 0.433527
3 2239 620 1203 0.385904
3 1203 620 2810 0.402944
3 3387 2810 620 0.376004
3 3387 620 1970 0.411530
3 1970 620 2239 0.475491
3 3307 1970 2888 0.628384
3 3583 3307 777 0.456507
3 777 3307 2888 0.570428
3 3282 3583 3528 0.145729
3 1101 3607 2057 0.011058
3 3607 1101 3282 0.032621
3 3607 3282 3528 0.035223
3 2033 2057 3607 0.009985
3 1864 3607 2585 0.011924
3 2235 3719 1032 0.008724
3 513 3719 1751 0.028508
3 3575 1711 2520 0.103957
3 2839 1711 3575 0.112748
3 3458 2750 2520 0.151310
3 3458 2520 1711 0.090778
3 3458 1711 1735 0.085031
3 1735 1711 2839 0.106989
3 3161 3458 1735 0.042524
3 3723 675 1573 0.077939
3 3353 3723 1573 0.035948
3 1902 522 2073 0.026547
3 2650 1373 3744 0.124137
3 3744 1373 2096 0.133353
3 2553 1373 2519 0.277460
3 2519 1373 2650 0.315664
3 1355 2553 2519 0.257782
3 1332 786 1673 0.072265
3 2588 1332 1673 0.056993
3 2588 1233 625 0.056403
3 1673 2952 1233 0.030783
3 1673 1233 2588 0.052380
3 2770 2518 2229 0.119384
3 3779 2770 2593 0.118567
3 881 2593 2229 0.162555
3 2229 2593 2770 0.148357
3 1982 2063 2770 0.115254
3 2518 2063 3488 0.111064
3 3488 2063 1051 0.138937
3 1051 2063 1982 0.109035
3 165 1982 2770 0.184960
3 2770 2063 2518 0.174255
3 3666 1051 1982 0.156067
3 534 1290 483 0.219141
3 1615 1110 3304 0.428204
3 1615 2830 1110 0.517994
3 1242 1110 2830 0.591255
3 1055 798 166 0.618733
3 1814 1055 1074 0.521808
3 1814 1074 2822 0.458776
3 747 1074 166 0.505398
3 747 166 2830 0.485312
3 166 1074 1055 0.586357
3 3037 2822 1074 0.582002
3 3037 1074 747 0.445967
3 3037 747 226 0.454001
3 523 1814 2689 0.500689
3 2689 1814 2822 0.422873
3 1055 1814 523 0.519332
3 1055 523 1721 0.594565
3 1055 1721 798 0.537892
3 3452 386 1721 0.716478
3 3103 2664 3452 0.499045
3 3103 3452 3125 0.633636
3 2325 1398 1271 0.398414
3 1398 2325 3464 0.444569
3 3150 3464 2325 0.532116
3 884 3326 1144 0.388532
3 1144 3326 1398 0.343752
3 1144 1398 1171 0.407088
3 3387 2386 2810 0.211935
3 2810 2386 1933 0.423392
3 3583 161 3307 0.301190
3 1500 1400 1458 0.022860
3 1500 1458 2685 0.020645
3 1500 2685 2610 0.042636
3 2057 2685 1458 0.013908
3 1260 2610 2685 0.039110
3 2033 1260 2685 0.006990
3 2033 2685 2057 0.008401
3 3804 2251 1989 0.020708
3 1921 1989 1085 0.007104
3 1921 1085 1902 0.018972
3 1085 1989 2431 0.006313
3 3353 1085 2235 0.006313
3 2235 1085 2431 0.003958
3 965 1921 1902 0.035913
3 965 1902 653 0.042872
3 2617 3067 3624 0.120278
3 3313 1361 2552 0.071826
3 1361 3313 645 0.113720
3 786 3313 2516 0.057589
3 2518 3488 3201 0.101156
3 3277 3624 3067 0.116263
3 1051 3666 3615 0.153949
3 1051 3615 3488 0.123534
3 3488 3615 3624 0.147302
3 2617 3624 3615 0.163930
3 3666 1799 1489 0.459482
3 1799 3666 2587 0.514086
3 1168 1979 3351 0.583665
3 1168 3351 2641 0.652231
3 1457 1168 2641 0.606198
3 2676 2610 1528 0.094119
3 1500 2610 2676 0.071889
3 1500 2676 3016 0.082790
3 1500 3016 1400 0.038754
3 3016 2676 3103 0.185324
3 3400 1799 1457 0.462089
3 3576 3255 2507 0.183406
3 880 174 806 0.157144
3 880 806 3576 0.205823
3 3628 3086 2697 0.126881
3 2697 3086 946 0.056483
3 2084 1829 2697 0.055747
3 2697 1829 3628 0.067824
3 2391 1653 1931 0.066737
3 2391 1931 934 0.074649
3 934 1636 1196 0.083053
3 1636 934 1931 0.053166
3 2697 1931 2084 0.027334
3 2084 1931 1653 0.045077
3 2958 1653 2391 0.267531
3 2958 2391 1222 0.349221
3 1222 2391 934 0.093057
3 1222 934 1196 0.123805
3 554 3162 1563 0.535519
3 3162 554 2917 0.444154
3 411 2908 2696 0.349817
3 2908 411 448 0.363584
3 448 411 2360 0.297146
3 2743 2908 37 0.563691
3 37 2908 1563 0.574888
3 1642 2743 767 0.508701
3 2339 1642 1451 0.623660
3 1451 1642 767 0.616337
3 2023 3338 1451 0.653243
3 2023 1451 2449 0.677420
3 767 2449 1451 0.665712
3 2358 888 3338 0.476208
3 2358 3338 3376 0.493585
3 2646 2885 2358 0.439254
3 2646 2358 3376 0.485685
3 672 3376 709 0.673439
3 709 3376 3338 0.617090
3 3761 1162 1790 0.462673
3 3376 2011 1461 0.412686
3 3376 1461 2646 0.483936
3 1088 3285 2646 0.344654
3 1088 2646 1461 0.320666
3 3127 1088 579 0.386275
3 815 579 1461 0.427605
3 1461 579 1088 0.448548
3 331 3371 815 0.518944
3 1566 2916 2110 0.560985
3 1566 2110 2722 0.652197
3 2802 862 365 0.780261
3 365 862 1281 0.716237
3 2802 365 2771 0.821171
3 1194 2771 365 0.874986
3 1194 365 3110 0.874308
3 3110 365 104 0.874968
3 3173 2771 1194 0.918416
3 527 3173 1194 0.946483
3 527 1194 3110 0.944464
3 2857 3065 2790 0.954533
3 3096 3792 1473 0.726566
3 310 2681 271 0.611215
3 310 271 3380 0.705507
3 722 1761 3380 0.583569
3 3380 1761 310 0.651256
3 2472 3487 1225 0.349522
3 2472 1225 451 0.334488
3 451 1225 1141 0.243107
3 1141 328 451 0.231200
3 451 328 2560 0.275416
3 2206 1763 2436 0.179408
3 2206 2436 859 0.096880
3 2318 859 2436 0.117578
3 2971 2318 2679 0.185297
3 2679 2318 2436 0.217323
3 223 2815 3711 0.179031
3 3711 2815 2565 0.157156
3 2971 3711 2565 0.184107
3 592 2815 3375 0.181312
3 1546 2815 592 0.150225
3 1546 592 3312 0.156220
3 3312 592 3375 0.187457
3 3711 3375 223 0.213469
3 223 3375 2815 0.230843
3 3312 3375 623 0.194561
3 1592 3312 3365 0.142088
3 3365 3312 623 0.171834
3 3711 623 3375 0.201559
3 193 3365 623 0.157186
3 193 623 2929 0.189937
3 2929 623 3711 0.241832
3 1667 1763 3365 0.191033
3 1667 3365 193 0.167538
3 1667 193 3030 0.212032
3 2834 3030 2929 0.236636
3 1010 3722 900 0.189982
3 900 3722 2856 0.112689
3 900 2856 2819 0.098959
3 2819 2856 3435 0.109840
3 900 2819 908 0.091563
3 974 1840 3265 0.113659
3 3265 1840 1027 0.064165
3 3265 1027 3435 0.117978
3 1428 1840 974 0.074182
3 1232 3435 4 0.082848
3 4 3435 1027 0.112264
3 4 1027 3694 0.048922
3 3694 1027 1840 0.030613
3 2594 4 3694 0.025350
3 2504 3694 1840 0.027253
3 4 2594 1232 0.096678
3 2765 2098 1522 0.025592
3 2765 1522 3616 0.022001
3 3616 1522 1322 0.024230
3 1322 1522 1134 0.022166
3 2350 1322 1134 0.035558
3 2098 1134 1522 0.021029
3 3467 3766 3787 0.031437
3 1322 3766 3467 0.040201
3 1322 3467 3616 0.020674
3 3470 157 3361 0.017153
3 1128 2417 3542 0.025280
3 1128 3542 482 0.026504
3 1128 482 10 0.031653
3 2417 3470 3542 0.025705
3 1771 601 2721 0.014941
3 2721 601 3542 0.016355
3 482 3542 601 0.021983
3 482 601 1399 0.043039
3 2721 3542 2720 0.017342
3 2720 3614 2572 0.025703
3 3643 2572 3614 0.056122
3 2433 3614 2720 0.043154
3 2695 2572 2833 0.044718
3 2695 2833 1005 0.063998
3 3643 2833 2572 0.083538
3 432 1005 2833 0.070239
3 432 2833 410 0.098394
3 432 410 3545 0.134118
3 432 3545 3358 0.182187
3 3643 3545 2833 0.099229
3 2833 3545 410 0.109315
3 3680 432 3358 0.190042
3 2672 2826 3680 0.090937
3 2672 3680 3765 0.186941
3 2826 2672 2961 0.096224
3 1237 2961 2672 0.205685
3 1237 2672 3765 0.330727
3 1237 3765 1259 0.374975
3 1246 1780 1237 0.381118
3 1246 1237 1259 0.331856
3 1237 1780 2961 0.298970
3 1062 1340 1780 0.558858
3 1062 1780 1246 0.484062
3 2656 2653 1062 0.336776
3 1874 2653 1249 0.338384
3 1249 2653 2656 0.312740
3 1259 2656 1246 0.370219
3 1246 2656 1062 0.359290
3 892 1874 1249 0.259326
3 1699 2039 2008 0.676982
3 1699 2008 2602 0.519537
3 1699 2602 1370 0.465067
3 1370 2602 2409 0.431166
3 3331 2900 1605 0.586772
3 2012 3331 1605 0.694026
3 3346 38 686 0.140746
3 38 2734 686 0.188569
3 686 2734 2900 0.267255
3 1490 686 1928 0.215448
3 1928 1338 1490 0.195491
3 1928 686 3331 0.342180
3 1490 3206 82 0.104559
3 3132 3664 514 0.320105
3 3500 514 3664 0.312581
3 514 3500 3132 0.405941
3 1341 3500 3289 0.415675
3 3289 2573 1227 0.212225
3 2573 3289 3500 0.286311
3 1293 1341 3289 0.344795
3 1293 3289 2562 0.318892
3 2562 3289 3662 0.170038
3 3662 3289 1227 0.146298
3 657 1224 292 0.524647
3 657 292 127 0.640695
3 1224 2563 2174 0.317260
3 1224 657 2563 0.427153
3 3465 127 292 0.652454
3 3465 292 234 0.529409
3 234 292 1224 0.470679
3 2107 1548 2562 0.346681
3 2563 657 1691 0.508360
3 1691 657 2670 0.391918
3 2670 657 127 0.633238
3 2670 127 804 0.591389
3 804 127 1556 0.671136
3 207 456 2985 0.611710
3 1624 2799 3407 0.578226
3 1624 3407 2748 0.305724
3 3407 2408 1597 0.429502
3 2159 1597 2963 0.479734
3 2091 2677 1426 0.211606
3 2091 1426 2499 0.168113
3 1426 2677 2088 0.255913
3 1677 2995 2844 0.111250
3 2844 2995 484 0.152341
3 1183 2844 624 0.168005
3 624 2844 3437 0.134712
3 295 1969 2996 0.137970
3 295 2996 3466 0.166956
3 3790 3466 2996 0.228926
3 237 1112 3790 0.273212
3 237 3790 2537 0.291280
3 3790 1112 3466 0.208580
3 3466 1112 3044 0.140469
3 1112 293 3044 0.217770
3 3044 293 3181 0.390987
3 3181 293 2541 0.366415
3 2541 293 237 0.297303
3 2541 237 2537 0.286340
3 237 293 1112 0.253388
3 3181 2236 3044 0.205920
3 2749 2236 3700 0.153768
3 3700 2236 3181 0.207770
3 1466 2749 3700 0.149496
3 1137 1210 869 0.051134
3 869 1210 3490 0.082693
3 444 1210 339 0.183142
3 2696 444 411 0.340833
3 411 444 339 0.287789
3 411 339 2360 0.253948
3 688 2360 339 0.190729
3 688 339 3068 0.052604
3 3068 339 1137 0.039893
3 1137 339 1210 0.032657
3 1210 444 3490 0.326426
3 3490 444 2696 0.421475
3 2236 2749 1185 0.109139
3 3044 2236 3466 0.138120
3 3466 2236 1185 0.195143
3 3466 1185 295 0.176208
3 1969 295 1185 0.205525
3 2341 2579 3657 0.497080
3 2510 3518 3657 0.495358
3 2341 3657 3518 0.423892
3 888 2510 2339 0.695814
3 888 2339 3338 0.536427
3 1642 2339 2579 0.623765
3 3657 2579 2339 0.576137
3 3657 2339 2510 0.646950
3 2510 2358 2885 0.459525
3 2358 2510 888 0.588643
3 2510 2885 3518 0.430670
3 2648 841 3127 0.502439
3 1427 2241 2648 0.668246
3 460 2648 2241 0.600315
3 493 758 2241 0.593818
3 493 2241 1427 0.573521
3 493 1427 2435 0.654504
3 2435 1427 2693 0.632270
3 2693 1427 2648 0.681667
3 2802 2074 493 0.691455
3 2802 932 862 0.659713
3 932 2802 2435 0.550528
3 2435 2802 493 0.635576
3 2722 1281 1566 0.596754
3 941 2736 90 0.952652
3 941 90 2771 0.938570
3 941 2771 2538 0.953060
3 941 2533 2736 0.937577
3 2533 941 2538 0.920575
3 3008 3298 2148 0.973557
3 3254 1948 2746 0.982768
3 3065 130 3110 0.957381
3 3110 130 2746 0.948390
3 3254 2746 1738 0.968189
3 1738 2746 130 0.962109
3 1738 910 3747 0.940265
3 2549 910 3292 0.868921
3 1738 3292 910 0.901913
3 3792 1450 2790 0.851793
3 3292 2857 1450 0.844557
3 1450 2549 3292 0.841746
3 910 2549 1681 0.870999
3 910 1681 3747 0.902665
3 1314 1601 1950 0.523769
3 1314 1950 893 0.401417
3 893 1950 3290 0.448247
3 3290 1950 2681 0.393128
3 2571 1993 3726 0.266954
3 1820 3726 3290 0.393809
3 419 3487 793 0.345866
3 793 1354 3319 0.265319
3 1354 793 3487 0.244781
3 1820 3487 419 0.316471
3 3726 1820 419 0.400968
3 2472 1354 3487 0.313887
3 1667 2132 2560 0.263104
3 2560 2132 2472 0.353953
3 2472 2132 1354 0.307566
3 3726 419 737 0.349321
3 3726 737 2571 0.220056
3 793 3319 737 0.208200
3 793 737 419 0.282507
3 2571 737 3319 0.151665
3 320 899 68 0.062602
3 320 68 349 0.090618
3 320 349 1741 0.116422
3 1703 3109 337 0.020001
3 3109 320 155 0.029345
3 3402 3109 412 0.015821
3 2506 3402 412 0.016634
3 2506 412 1898 0.018446
3 1479 2506 2469 0.016987
3 1479 2469 3403 0.044397
3 1479 3403 2304 0.047272
3 3403 2469 2140 0.068604
3 2140 2469 2817 0.053279
3 3435 1244 2819 0.042178
3 3694 1134 2098 0.018135
3 2968 1353 3694 0.011799
3 2968 3694 2098 0.009693
3 2968 2098 3256 0.016487
3 3256 2098 2765 0.024366
3 1134 3694 2504 0.017076
3 3256 3061 3718 0.023393
3 3718 3061 3745 0.024027
3 2968 3256 3718 0.021788
3 2034 2765 857 0.037649
3 3616 857 2765 0.023129
3 885 2034 2779 0.051984
3 2779 2034 857 0.037278
3 1680 885 2779 0.040050
3 1078 1128 10 0.032588
3 1128 2779 2417 0.033771
3 242 3022 3776 0.023315
3 833 2769 242 0.044132
3 833 242 3776 0.047723
3 833 3776 1771 0.044810
3 933 2769 833 0.055886
3 1107 933 3570 0.021091
3 2879 209 2695 0.044199
3 988 2695 1005 0.040738
3 2695 988 2879 0.034266
3 2879 988 1321 0.039155
3 3570 2879 1321 0.020808
3 1772 933 1107 0.039561
3 1772 1107 2508 0.034799
3 545 1306 2826 0.061073
3 1306 545 3647 0.120540
3 1780 975 545 0.298853
3 1780 545 2961 0.239105
3 545 2826 2961 0.098961
3 1306 3647 3800 0.068651
3 3800 3647 1607 0.089095
3 1181 2258 2718 0.222623
3 1031 2718 257 0.302886
3 257 2718 1730 0.337673
3 1730 2718 2258 0.356683
3 1000 1031 257 0.376271
3 1730 1000 257 0.450976
3 1730 1420 1000 0.557331
3 2653 1420 1340 0.580010
3 2653 1340 1062 0.633667
3 637 3527 2580 0.709903
3 637 2580 2199 0.677566
3 2199 2580 264 0.722672
3 2340 1699 1370 0.479260
3 1611 2340 1628 0.322806
3 1628 2340 1370 0.345277
3 1182 1276 3269 0.024972
3 1600 3269 1276 0.029582
3 2654 1619 845 0.041099
3 3180 2654 2897 0.028798
3 3180 3268 1058 0.010094
3 3180 2897 3268 0.024092
3 1066 1058 51 0.005038
3 1066 51 2183 0.003501
3 390 2183 2979 0.008447
3 2979 2183 51 0.007742
3 2979 51 1058 0.012069
3 2212 1058 1066 0.004690
3 3731 146 2979 0.025871
3 3213 1330 317 0.070227
3 3213 317 2163 0.035409
3 2163 317 3268 0.023387
3 2875 317 1330 0.070138
3 1330 2962 943 0.103681
3 1330 943 2875 0.179836
3 2456 2563 1691 0.286401
3 3311 45 1936 0.815451
3 951 1936 2739 0.784726
3 2739 1936 45 0.788019
3 2739 45 1303 0.669157
3 1303 45 3311 0.664020
3 1109 2739 1624 0.544626
3 1109 1624 2748 0.392020
3 1624 2739 1303 0.496213
3 951 2739 1109 0.624950
3 694 1109 2748 0.493746
3 694 2748 3486 0.301103
3 326 2137 2463 0.353209
3 3398 326 2463 0.092450
3 2334 816 2037 0.046369
3 2037 816 1324 0.037855
3 1324 816 3398 0.035359
3 1324 3398 2984 0.027668
3 3398 816 2334 0.044095
3 1324 2094 2422 0.025812
3 2094 3758 2422 0.035486
3 3390 2422 3758 0.045443
3 2984 2094 1324 0.024271
3 2037 1324 2422 0.048820
3 3758 2094 2568 0.053956
3 2568 2094 3291 0.057110
3 2984 3291 2094 0.039758
3 3491 113 2091 0.059902
3 2499 3491 2091 0.066228
3 2568 3291 2936 0.054427
3 2568 1873 1327 0.036302
3 2568 1327 3758 0.046195
3 2568 2936 1873 0.040765
3 2230 1327 3658 0.041218
3 3658 1327 1409 0.028113
3 1409 1327 1873 0.046373
3 1409 1765 2296 0.057106
3 2296 1765 2364 0.054444
3 1409 1873 1765 0.042955
3 3674 2296 2029 0.048813
3 2296 2364 2029 0.049588
3 2296 3674 171 0.044454
3 1295 171 3674 0.033243
3 1295 3674 2742 0.033184
3 3674 2029 2466 0.041223
3 1914 2742 2497 0.216464
3 2497 3674 2466 0.152099
3 3674 2497 2742 0.122452
3 378 2497 2701 0.306800
3 947 2701 2497 0.236228
3 1325 913 2701 0.285136
3 2701 751 1325 0.260320
3 659 913 3742 0.148621
3 3742 913 1325 0.161818
3 2545 755 3742 0.151666
3 2690 3742 1325 0.230203
3 3742 632 3746 0.251173
3 917 2172 3045 0.715293
3 905 2533 2517 0.925519
3 2538 3602 2517 0.951299
3 2538 2517 2533 0.914380
3 3207 557 2735 0.879931
3 2735 557 2146 0.940021
3 3152 557 3207 0.865691
3 3298 3207 1151 0.931553
3 1151 3207 2735 0.873486
3 3008 3207 3298 0.951779
3 152 2751 1723 0.985873
3 3170 2751 151 0.959699
3 2751 3170 406 0.977944
3 873 2564 3170 0.897882
3 873 3170 2907 0.926180
3 2907 3170 151 0.917282
3 2366 2070 2907 0.725810
3 1314 3812 2366 0.706588
3 1314 952 3812 0.653666
3 1314 2366 1601 0.600501
3 1601 2366 2907 0.741712
3 893 952 1314 0.578572
3 1334 2234 2064 0.210480
3 2064 2234 2448 0.270833
3 904 1334 1092 0.045879
3 1092 1334 337 0.038988
3 525 2688 1092 0.040914
3 525 1092 3402 0.023507
3 3109 3402 1092 0.011359
3 212 2688 525 0.064299
3 212 525 72 0.051442
3 72 525 3402 0.013936
3 72 3402 648 0.019569
3 648 3402 2506 0.018127
3 1808 212 72 0.039860
3 648 1808 72 0.026196
3 648 3446 1808 0.046683
3 648 1479 3446 0.033388
3 1479 648 2506 0.016764
3 2304 3446 1479 0.070044
3 3355 738 2255 0.117631
3 738 3355 2551 0.106891
3 738 2551 3403 0.124309
3 3403 2551 2733 0.103300
3 2832 92 2940 0.238784
3 92 2832 3083 0.217654
3 2832 2940 3040 0.284279
3 2832 3040 2708 0.398004
3 885 3745 3061 0.024603
3 2002 3316 3232 0.003321
3 1205 3316 289 0.002710
3 1205 289 1308 0.002982
3 1308 289 1866 0.002902
3 1866 289 3316 0.002557
3 2283 3146 1866 0.003974
3 2283 1866 2244 0.006478
3 2769 2244 1866 0.003479
3 933 1772 2769 0.021388
3 2508 3309 1772 0.033640
3 3243 2283 2862 0.015604
3 2244 2862 2283 0.012944
3 265 1648 2862 0.046400
3 84 1648 1034 0.039275
3 1648 1607 1034 0.059019
3 1607 265 3800 0.071902
3 3800 265 2862 0.044224
3 1648 265 1607 0.059561
3 2718 3374 1181 0.163799
3 1707 2718 1031 0.253936
3 3608 1342 843 0.569165
3 3608 843 1706 0.438207
3 637 1000 3527 0.668927
3 1000 637 299 0.559533
3 3269 1532 1837 0.028077
3 3269 1837 1182 0.027456
3 3180 937 2654 0.027652
3 1042 2661 1066 0.002085
3 3729 2661 1042 0.002149
3 1042 2183 2636 0.003229
3 1066 2183 1042 0.002264
3 3729 853 2661 0.002275
3 3729 1042 2636 0.003478
3 3656 3360 3199 0.002936
3 2569 3656 3199 0.008220
3 825 1913 32 0.012484
3 1863 825 32 0.030735
3 1863 32 3293 0.031256
3 1819 1863 3293 0.026300
3 832 1819 3731 0.046988
3 832 3731 1417 0.064770
3 721 1819 832 0.068018
3 721 1973 3751 0.119986
3 162 3751 1973 0.152496
3 1973 832 703 0.158590
3 703 832 1417 0.113660
3 832 1973 721 0.138041
3 1494 162 1973 0.194045
3 1973 703 1494 0.160644
3 1046 3352 2512 0.263172
3 2128 3095 1509 0.396314
3 1509 3095 2866 0.243448
3 1509 2866 2627 0.294706
3 1647 2627 1691 0.390330
3 1647 1691 2670 0.439265
3 1647 2670 1251 0.444823
3 2456 1691 2627 0.307740
3 2866 2456 2627 0.295857
3 344 1647 1423 0.445112
3 1509 344 1423 0.598760
3 1509 2627 344 0.370586
3 2128 1509 1423 0.654497
3 1251 1423 1647 0.478517
3 2627 1647 344 0.372425
3 329 1423 3539 0.632674
3 54 2128 1423 0.740424
3 54 1423 329 0.645810
3 1251 3539 1423 0.495697
3 826 54 3442 0.768364
3 54 3770 3442 0.702840
3 3539 3770 329 0.631613
3 329 3770 54 0.721724
3 2128 54 826 0.819973
3 3770 3013 1558 0.487121
3 2793 1535 3770 0.361097
3 2793 3770 2575 0.436075
3 2575 3770 1558 0.498753
3 663 1002 2575 0.580955
3 376 2182 2997 0.641855
3 376 2997 3546 0.642027
3 376 3546 3203 0.644340
3 3203 3546 2989 0.680075
3 951 2989 1936 0.629369
3 1936 3546 243 0.822249
3 3546 1936 2989 0.726761
3 814 2989 1949 0.412699
3 1949 2989 951 0.404573
3 3486 1949 1200 0.173827
3 1200 1949 951 0.304149
3 3486 1200 694 0.211327
3 1971 3486 1655 0.131776
3 1468 1971 1469 0.056599
3 1981 2634 2334 0.047136
3 1981 2334 2037 0.060048
3 3772 3658 2724 0.098577
3 2724 3658 2742 0.112630
3 1409 2296 171 0.067026
3 1409 171 1295 0.046012
3 2724 2742 1914 0.206921
3 2752 2724 1914 0.352454
3 1263 2752 981 0.411734
3 1015 3577 981 0.249718
3 1015 981 1351 0.270028
3 2752 1351 981 0.288175
3 12 3577 1015 0.164440
3 12 1015 1602 0.191227
3 225 1602 1015 0.193516
3 225 1015 750 0.220207
3 750 1015 1351 0.217147
3 3436 871 2158 0.633113
3 106 2729 2643 0.915018
3 2643 2729 3436 0.892237
3 2643 3436 2257 0.847668
3 2643 2257 3196 0.875850
3 2882 3196 3436 0.694753
3 2882 3436 2158 0.569844
3 2257 3436 3196 0.746869
3 2764 2729 106 0.914635
3 2643 2764 106 0.946894
3 2643 3417 2764 0.965872
3 2666 3204 2717 0.950022
3 3230 905 2517 0.941040
3 2717 3230 2666 0.950406
3 2666 3230 2766 0.951187
3 2766 3230 2813 0.957298
3 2146 2766 2735 0.957627
3 2766 2813 2735 0.967666
3 2735 2813 1151 0.900655
3 2976 3359 3142 0.736995
3 3299 2976 3142 0.604020
3 2924 1645 2070 0.745578
3 1975 3211 2234 0.502254
3 952 2234 3211 0.531420
3 952 3211 3812 0.625565
3 2924 3211 1549 0.753345
3 1549 3211 1975 0.716959
3 1549 1975 1694 0.703089
3 2279 65 2316 0.083997
3 1486 2684 1650 0.052247
3 1650 2684 3446 0.039973
3 1650 3446 3714 0.042732
3 2688 2684 1895 0.032648
3 1895 2684 1486 0.048835
3 1808 2684 212 0.065570
3 212 2684 2688 0.041160
3 2684 1808 3446 0.050258
3 3347 2957 3635 0.284043
3 3677 3347 2864 0.218775
3 3635 2864 3347 0.174539
3 3677 2864 2703 0.244903
3 2703 2864 3083 0.229725
3 1739 2198 2703 0.264261
3 1990 2198 1739 0.215400
3 1739 2703 3083 0.265708
3 3677 2703 2198 0.202326
3 1024 3677 2198 0.199679
3 1980 1024 2198 0.177241
3 1980 2198 1990 0.150815
3 2271 305 1250 0.037738
3 842 2398 2271 0.030587
3 842 2271 1250 0.031553
3 3115 2136 1764 0.029753
3 2513 3115 1764 0.013500
3 926 3188 1791 0.005377
3 1652 926 1791 0.004415
3 1205 1782 3316 0.003277
3 2020 1782 1205 0.005001
3 1357 1308 2375 0.006879
3 1308 1357 1205 0.004643
3 1205 1357 2020 0.007765
3 229 1569 1740 0.003316
3 114 1049 1569 0.003766
3 1569 1049 3382 0.002552
3 2382 1521 1049 0.004728
3 2295 2382 1049 0.006511
3 2295 1049 3146 0.005570
3 466 2295 2283 0.008652
3 466 2283 3243 0.012854
3 2283 2295 3146 0.006538
3 3646 466 3243 0.009540
3 2599 3243 99 0.009192
3 3764 2599 2663 0.012208
3 2663 2599 99 0.014780
3 1419 3374 1707 0.172014
3 2066 3093 2112 0.119510
3 2086 2534 2066 0.106583
3 2855 2086 1150 0.103744
3 2086 2855 2534 0.084640
3 2534 2855 1716 0.043233
3 3771 1716 2855 0.034876
3 3221 1716 3771 0.024194
3 3221 3771 3519 0.017214
3 3117 2534 3221 0.020106
3 1716 3221 2534 0.013754
3 3248 3117 3221 0.014423
3 1917 3248 3221 0.005546
3 1917 3221 1337 0.006197
3 3729 1917 1337 0.003876
3 3729 1337 853 0.003202
3 1917 3729 3360 0.002640
3 1683 3656 882 0.004938
3 882 3656 1733 0.005803
3 1733 3656 898 0.009137
3 3360 3656 1683 0.003887
3 2569 898 3656 0.012580
3 1326 3123 825 0.024898
3 825 1863 1326 0.035645
3 1326 1863 1831 0.056400
3 21 3531 2793 0.268486
3 21 2793 2337 0.369079
3 2793 3531 2138 0.306051
3 1201 3531 3796 0.194413
3 21 3796 3531 0.309974
3 2210 3796 2347 0.273339
3 2182 2347 2997 0.498323
3 2997 2347 2337 0.457389
3 3426 2182 3179 0.468349
3 3644 3179 1622 0.291424
3 3644 1622 3203 0.286303
3 1622 3179 376 0.319362
3 3426 3179 3644 0.494790
3 3426 3644 2156 0.535742
3 3203 1622 376 0.405403
3 2994 2092 3644 0.569425
3 2994 3644 2540 0.395812
3 2540 3644 3203 0.295767
3 3644 2092 2156 0.529304
3 2173 2969 1905 0.072064
3 2173 1905 2176 0.044078
3 1905 2969 3218 0.103245
3 2600 2176 1905 0.086747
3 2024 3334 693 0.042747
3 2625 218 2024 0.030438
3 2625 2024 693 0.032585
3 2861 158 2625 0.066940
3 3540 2861 1068 0.061542
3 2861 2625 1068 0.069977
3 3772 2724 2777 0.158745
3 1263 2777 2724 0.329525
3 3577 2777 981 0.197269
3 1263 981 2777 0.311924
3 2863 3577 1966 0.142294
3 2990 2863 1966 0.149317
3 1602 2990 12 0.186935
3 12 2990 1966 0.154476
3 12 1966 3577 0.159831
3 2005 2863 2990 0.150826
3 496 1395 2990 0.158864
3 2990 1395 1431 0.114866
3 1455 1395 2075 0.056907
3 2075 1395 496 0.107571
3 3730 2075 1599 0.355563
3 3436 2729 2831 0.809420
3 2831 2729 2370 0.864519
3 517 2370 3453 0.847317
3 145 3453 2370 0.823822
3 145 2370 2729 0.849343
3 2785 3453 3176 0.784519
3 3176 3453 145 0.825316
3 1444 922 3176 0.909803
3 1444 3176 145 0.854089
3 3244 922 1444 0.933376
3 676 2970 1696 0.938959
3 1696 2970 3204 0.946561
3 1696 30 3009 0.950944
3 30 1696 3204 0.942196
3 1391 2698 3009 0.935742
3 3009 2698 3558 0.927617
3 2698 1391 640 0.925257
3 640 1391 559 0.907107
3 2698 1560 2273 0.846500
3 3780 1893 2698 0.837012
3 3780 2698 2273 0.843645
3 640 1560 2698 0.903597
3 1943 315 774 0.855820
3 2564 873 1623 0.809788
3 1352 3717 3038 0.532869
3 1352 3038 2609 0.458099
3 1923 1650 3714 0.060062
3 1582 1868 1124 0.350669
3 1124 1868 2480 0.440129
3 2335 1123 2480 0.463241
3 2300 3138 2440 0.447499
3 944 1433 3058 0.266388
3 1530 3092 3210 0.099146
3 1520 3294 3753 0.038515
3 772 3753 3294 0.034404
3 2786 3638 2904 0.017412
3 2513 3695 2904 0.006297
3 2513 2904 3115 0.012399
3 3115 2904 2920 0.020475
3 3638 2920 2904 0.014029
3 2786 2904 3695 0.011726
3 2786 3695 1542 0.016994
3 1542 3695 2225 0.009997
3 1542 3188 3759 0.016118
3 3188 1542 441 0.009417
3 2786 1542 3759 0.016655
3 2303 926 1499 0.014304
3 1499 926 1652 0.016113
3 3112 1499 3762 0.044785
3 3762 1499 1652 0.025252
3 2020 3762 1652 0.014514
3 2767 3762 2020 0.012083
3 1456 2767 2934 0.011722
3 2823 2980 1740 0.006576
3 1630 3382 691 0.002724
3 1534 1533 2950 0.009625
3 1533 1534 2796 0.012712
3 3809 3567 903 0.006706
3 2713 3752 1474 0.009403
3 3752 2713 2397 0.013719
3 3752 2397 2911 0.009955
3 2407 1810 599 0.048729
3 1810 2407 2397 0.028231
3 1810 2397 973 0.027618
3 3014 599 1810 0.063062
3 2427 599 3014 0.111603
3 2427 3014 1659 0.147692
3 2488 3093 3339 0.035974
3 3093 2488 583 0.140855
3 1006 3339 3093 0.043796
3 3117 2189 1477 0.025437
3 2189 3117 389 0.020195
3 389 3117 3314 0.013490
3 3314 3117 3248 0.011494
3 3329 1683 882 0.006364
3 882 1063 3329 0.007331
3 1063 882 2266 0.008768
3 1097 2266 2082 0.010629
3 2082 2266 1733 0.006893
3 1733 2266 882 0.005263
3 2956 1097 3159 0.012267
3 3159 1097 2082 0.006510
3 1831 3123 1326 0.035235
3 3286 3676 1920 0.104454
3 3676 3006 91 0.088034
3 3676 3286 3006 0.088936
3 2945 1985 3238 0.151307
3 3676 3238 1985 0.130843
3 457 1824 407 0.363223
3 457 407 2783 0.224788
3 457 2783 1035 0.216439
3 1686 1035 2783 0.129670
3 1686 2783 868 0.084957
3 2090 2808 2668 0.040654
3 2090 2668 260 0.042385
3 2090 260 3685 0.076420
3 3685 260 3796 0.142181
3 3796 260 3288 0.113834
3 3288 260 2668 0.044146
3 1756 3685 2210 0.223273
3 2210 3685 3796 0.246901
3 3426 1759 1756 0.280712
3 2652 3426 2156 0.482091
3 1547 3296 2156 0.563688
3 3715 383 1080 0.590222
3 2994 2540 1900 0.455404
3 1900 2540 2851 0.451651
3 1900 2851 345 0.404267
3 1510 2759 1998 0.172266
3 1178 2759 2858 0.144401
3 1178 2858 2179 0.138320
3 2858 2759 1510 0.197031
3 2403 2759 1178 0.090173
3 3334 1209 2403 0.056896
3 2173 2403 1178 0.045703
3 3485 2759 2403 0.137358
3 3485 2403 1209 0.117566
3 3485 1209 2313 0.160956
3 656 3217 2923 0.079445
3 3748 3395 3064 0.344059
3 3748 3064 1445 0.178527
3 3748 1445 1142 0.157694
3 1455 2075 1142 0.073138
3 1445 1455 1142 0.067204
3 3748 3795 2991 0.555156
3 2991 3395 3748 0.554642
3 2991 3795 2919 0.611111
3 3730 117 2075 0.345282
3 3377 3039 3730 0.520343
3 955 3730 3039 0.571639
3 955 3039 2831 0.673305
3 955 2831 2370 0.825498
3 1392 3730 955 0.751341
3 517 1392 955 0.696707
3 517 955 2370 0.816716
3 3795 3730 1392 0.669998
3 3795 1392 2740 0.640301
3 606 479 55 0.860846
3 606 55 3194 0.815738
3 606 3194 3379 0.873242
3 3194 3158 2846 0.841597
3 1916 2426 2973 0.902378
3 2973 2426 2912 0.878635
3 3558 1587 1717 0.915555
3 3558 1717 676 0.926606
3 3558 676 1696 0.918053
3 3564 2202 1585 0.835482
3 3564 1585 273 0.738950
3 998 1380 1585 0.768710
3 1585 2203 998 0.649974
3 3529 998 2203 0.597741
3 3529 976 2867 0.337958
3 976 3529 2203 0.377400
3 949 2867 976 0.194193
3 949 976 3717 0.350830
3 3717 976 2203 0.392629
3 866 1679 3443 0.084662
3 3443 1679 595 0.081324
3 325 3443 297 0.085482
3 325 297 1384 0.061101
3 1384 297 3773 0.057244
3 3687 325 1384 0.076773
3 1384 3773 2644 0.065239
3 1941 1384 2644 0.073928
3 3727 878 2581 0.085978
3 2377 3756 2673 0.132538
3 2581 2673 3727 0.080617
3 2377 2673 2240 0.321568
3 2240 2673 2581 0.219960
3 2240 1094 3482 0.504381
3 1106 3482 921 0.578831
3 921 3482 1094 0.568613
3 2581 1094 2240 0.351900
3 2240 3482 3077 0.604090
3 921 1582 2528 0.487816
3 1106 921 2528 0.440711
3 2528 1582 1124 0.430020
3 1094 1582 921 0.407130
3 2335 3774 1123 0.481804
3 1447 1518 2071 0.383004
3 2071 1518 398 0.471578
3 2440 1518 2300 0.462841
3 2300 1518 1447 0.397386
3 2438 398 1518 0.462647
3 2438 1518 2440 0.446674
3 2440 3574 2438 0.442392
3 3136 1747 425 0.284820
3 3136 425 1347 0.207791
3 2167 2501 1718 0.052607
3 3781 1718 2501 0.056654
3 1718 3781 3136 0.082760
3 2691 2647 3469 0.052819
3 2647 2501 3469 0.060286
3 3791 1023 1639 0.035902
3 3759 1639 2786 0.021247
3 2725 3791 3759 0.063157
3 1435 2725 2303 0.040181
3 2303 2725 3759 0.023193
3 3818 2981 1687 0.047648
3 3391 1687 178 0.087508
3 3 2284 3670 0.027545
3 2284 3 1472 0.019679
3 3 3670 1456 0.022408
3 1915 1472 2934 0.010224
3 3 2934 1472 0.016733
3 2934 3 1456 0.014805
3 2767 1456 1687 0.033835
3 840 2980 2823 0.006364
3 840 2823 3370 0.006046
3 298 2870 2439 0.008584
3 298 2439 95 0.006134
3 298 95 2950 0.010293
3 2196 1498 2772 0.009596
3 2196 2772 3567 0.018097
3 3567 2772 1785 0.017875
3 1785 2772 1385 0.015445
3 3794 204 1737 0.003876
3 251 1737 2921 0.002758
3 3186 2921 1737 0.005445
3 1999 2986 394 0.007189
3 3752 394 3186 0.009458
3 3186 394 2921 0.005079
3 2921 394 2986 0.005417
3 3752 2911 394 0.007966
3 394 2911 1999 0.008993
3 2660 251 3411 0.006200
3 2921 2986 3411 0.004449
3 2921 3411 251 0.003630
3 3411 3314 875 0.010899
3 1063 1700 1794 0.014879
3 1700 1063 2266 0.019732
3 1063 1794 1543 0.007365
3 2956 2266 1097 0.023582
3 3306 1794 1700 0.016851
3 3306 1700 238 0.030108
3 1760 2605 2471 0.033285
3 1179 2083 1920 0.045144
3 3286 1920 2083 0.054059
3 1595 254 3587 0.148806
3 1595 3587 1824 0.166314
3 1035 2756 457 0.129832
3 457 2756 1595 0.215411
3 457 1595 1824 0.250994
3 3137 3220 870 0.039677
3 3137 870 1809 0.033010
3 3777 1809 870 0.057975
3 402 3777 870 0.083283
3 402 870 1686 0.057299
3 402 1686 1393 0.083782
3 1035 1686 3220 0.062024
3 3220 1686 870 0.057207
3 3777 402 1393 0.180184
3 3777 1393 2175 0.155189
3 3391 2175 1393 0.161978
3 3391 1393 3288 0.102413
3 3391 3288 278 0.101860
3 3802 2188 3818 0.061015
3 278 2188 3391 0.112236
3 3391 2188 3802 0.130016
3 1944 3484 3777 0.092368
3 1944 3777 2175 0.100779
3 1498 3514 2772 0.015128
3 2772 3514 3357 0.018931
3 2772 3357 1385 0.017711
3 3479 2511 840 0.009324
3 2511 2678 840 0.009833
3 3479 828 2511 0.023356
3 3794 1701 3620 0.004154
3 3620 1701 2660 0.005902
3 3620 2660 2010 0.003985
3 3137 1146 3620 0.007210
3 3137 3620 1632 0.011658
3 1288 1632 3620 0.012589
3 1288 3620 3306 0.011461
3 3031 1632 1288 0.017215
3 3031 1288 3306 0.022176
3 1174 2245 3685 0.055471
3 2601 2090 2245 0.037287
3 2601 2245 1174 0.046808
3 970 1174 2652 0.156550
3 2652 1174 1759 0.155111
3 1759 1174 3685 0.095059
3 3598 3427 1174 0.097566
3 3565 2601 3427 0.045605
3 970 3598 1174 0.134001
3 1174 3427 2601 0.069859
3 282 3598 2909 0.300222
3 2909 3598 935 0.292793
3 3652 2909 935 0.516038
3 3652 935 3296 0.405097
3 3386 3239 535 0.687823
3 2369 3239 3080 0.808610
3 2369 3080 79 0.743969
3 3080 3239 3386 0.730744
3 1158 3080 2694 0.565632
3 1158 79 3080 0.678253
3 2694 3080 1843 0.561764
3 1843 3080 3386 0.557175
3 3223 79 1158 0.739211
3 3223 1158 2858 0.542613
3 2858 1158 2694 0.435137
3 3223 1644 1413 0.709667
3 1644 2747 3474 0.701005
3 2747 1644 3223 0.667835
3 3474 2747 1851 0.675801
3 3226 1851 2747 0.408764
3 3226 2747 1510 0.320632
3 2313 1860 1 0.304512
3 2313 1 3485 0.196290
3 3485 1 1998 0.211074
3 1616 1860 2313 0.273920
3 1616 2313 656 0.190615
3 1616 656 2923 0.109489
3 3145 3023 5 0.385968
3 2919 1199 3654 0.789151
3 2919 3654 2991 0.742860
3 2991 3654 3661 0.766441
3 3707 3661 3654 0.797971
3 3707 3654 111 0.811691
3 606 3379 3447 0.867097
3 606 3447 479 0.867035
3 3447 3379 481 0.874146
3 2592 2287 3001 0.902003
3 1651 2930 277 0.879312
3 719 1651 2659 0.782750
3 719 2659 288 0.768064
3 2659 1749 288 0.695130
3 277 2659 1651 0.818640
3 2267 1749 2659 0.554340
3 3529 2267 611 0.377184
3 611 2267 2659 0.491757
3 611 2659 3227 0.628973
3 1515 1554 3158 0.612372
3 2846 3158 3227 0.817686
3 3227 3158 611 0.668648
3 611 3158 1554 0.578876
3 1660 2973 1951 0.757142
3 2973 1660 1515 0.739948
3 1554 1515 1660 0.699459
3 998 3529 1660 0.721643
3 1380 998 1951 0.764852
3 1951 998 1660 0.748110
3 2973 3515 1951 0.791227
3 1916 2973 3119 0.858721
3 1916 3119 1087 0.838184
3 3636 2706 2270 0.085340
3 3089 3636 3687 0.108495
3 3756 1297 80 0.045313
3 1297 3756 3687 0.086863
3 3727 80 1297 0.049504
3 1668 3727 1297 0.054735
3 1668 1297 3687 0.053239
3 1384 1941 1668 0.054425
3 1384 1668 3687 0.048324
3 1668 1941 3727 0.063567
3 878 3727 1941 0.071934
3 2644 878 1941 0.065160
3 3308 2377 2884 0.294340
3 2377 3308 3756 0.120692
3 3401 2884 938 0.710187
3 938 2884 2626 0.728292
3 2561 1545 2190 0.795567
3 2190 1545 239 0.774820
3 3077 902 239 0.675969
3 902 2190 239 0.722757
3 3482 902 3077 0.678175
3 1545 3077 239 0.751313
3 902 3482 990 0.656849
3 2622 541 1906 0.711033
3 1906 541 398 0.604997
3 2438 3574 972 0.399229
3 398 2438 1906 0.500195
3 1906 2438 972 0.475449
3 1906 972 2836 0.537586
3 2836 1170 1568 0.500293
3 2836 1568 3640 0.615709
3 1170 972 3574 0.294779
3 1170 2836 972 0.360024
3 1568 1478 1064 0.522970
3 3069 3640 1568 0.731545
3 3069 1568 1064 0.593118
3 1478 1170 3574 0.354780
3 1568 1170 1478 0.430474
3 83 1064 3566 0.499978
3 3566 1064 1478 0.363277
3 3566 1478 3574 0.374133
3 1511 2151 2085 0.074578
3 2526 3665 538 0.035014
3 2526 538 708 0.035769
3 708 538 3781 0.052398
3 3781 538 3136 0.073194
3 3136 538 3665 0.096757
3 3136 3665 1747 0.152287
3 2501 2647 3791 0.041074
3 2501 3791 3781 0.048637
3 2526 3791 2725 0.044725
3 2526 2725 1435 0.036293
3 3565 3427 121 0.054485
3 3598 121 3427 0.075191
3 2085 2361 1511 0.040956
3 2878 2361 2085 0.016166
3 2691 2988 1390 0.052150
3 1593 2691 1390 0.036873
3 3069 1064 83 0.526205
3 2731 3640 3069 0.810659
3 2731 3069 2909 0.730632
3 200 1792 2909 0.735034
3 3652 200 2909 0.692357
3 2675 1792 3625 0.874135
3 1516 2675 3625 0.862329
3 175 1152 2675 0.857574
3 206 3506 3474 0.887840
3 1003 3373 865 0.915462
3 153 2423 1606 0.753881
3 1606 2423 2607 0.734495
3 1860 153 1606 0.494862
3 3076 153 3145 0.672934
3 1904 3076 2324 0.869259
3 3322 279 3661 0.780892
3 3322 3661 3707 0.778696
3 1675 3703 3707 0.819125
3 1675 3707 1371 0.807579
3 3707 3703 3683 0.856848
3 1243 3703 1675 0.820957
3 1243 1675 3118 0.856130
3 1775 3703 3734 0.888378
3 3175 3683 1775 0.889906
3 1243 3734 3703 0.866558
3 3703 1775 3683 0.885941
3 503 34 1775 0.919360
3 3734 503 1775 0.909770
3 3526 3124 3734 0.900037
3 3526 3734 2868 0.924503
3 2868 2287 330 0.930509
3 330 2287 2592 0.925757
3 2812 3197 3276 0.884727
3 3276 3233 2812 0.877164
3 280 3401 1749 0.628124
3 288 1749 3401 0.686591
3 288 3401 719 0.794295
3 2190 1117 2561 0.868745
3 1865 2521 1165 0.854360
3 3506 673 3623 0.937599
3 3526 3155 3124 0.893806
3 3124 3155 787 0.928827
3 3725 3155 3526 0.936139
3 2812 3131 3725 0.936721
3 1961 3725 3131 0.939736
3 3683 3175 2144 0.867273
3 2144 3175 1904 0.899569
3 0 2144 1904 0.866277
3 3322 3707 3683 0.786564
3 2144 3322 3683 0.849295
3 3089 3308 2884 0.269054
3 3089 2884 2706 0.239456
3 3756 3308 953 0.084745
3 953 3308 3089 0.101532
3 1441 1592 2774 0.072818
3 1441 3312 1592 0.094353
3 859 2774 2206 0.081511
3 2206 2774 1763 0.081392
3 1763 2774 1592 0.104758
3 2774 3782 1441 0.062885
3 3782 342 1441 0.071511
3 1546 3312 1441 0.119477
3 1546 1441 342 0.095498
3 1546 342 3782 0.083279
3 3782 2774 859 0.066055
3 2565 3782 2318 0.097979
3 2971 2565 2318 0.129707
3 3782 859 2318 0.098600
3 1452 801 3075 0.327700
3 2922 2522 1728 0.143787
3 3460 3084 3633 0.030947
3 1570 1859 3642 0.009221
3 1859 1298 3392 0.017040
3 1298 1859 1570 0.014989
3 2290 785 1732 0.082612
3 2290 1732 749 0.063868
3 2290 749 2274 0.057374
3 2290 2274 2365 0.059836
3 2290 2365 785 0.063170
3 1732 785 1812 0.063887
3 1732 1812 2842 0.067581
3 1732 2842 263 0.043791
3 1732 263 749 0.046481
3 318 3134 698 0.027894
3 318 698 1812 0.035889
3 2842 1812 698 0.057482
3 582 2333 350 0.015304
3 1464 582 542 0.023556
3 542 318 1464 0.021623
3 582 1464 2333 0.020331
3 3691 350 2333 0.010314
3 350 542 582 0.018629
3 350 3521 542 0.011881
3 542 3521 318 0.017791
3 2333 2274 3151 0.029869
3 2274 2333 2365 0.036231
3 2869 2809 2886 0.036937
3 2869 2886 3504 0.042888
3 421 3504 2886 0.047428
3 1988 3504 421 0.043000
3 347 231 3195 0.095125
3 247 3195 231 0.145161
3 247 1934 3195 0.155632
3 1608 3195 324 0.119058
3 1934 324 3195 0.147347
3 1934 1496 324 0.159602
3 3418 1098 1044 0.149742
3 2259 1044 1098 0.201754
3 2259 715 1044 0.173481
3 834 2557 797 0.099626
3 834 797 1382 0.133147
3 475 834 1382 0.211951
3 834 475 3741 0.077815
3 2633 3741 475 0.108402
3 393 3698 2297 0.008457
3 393 2297 1664 0.010817
3 393 1364 3698 0.009116
3 3691 1822 360 0.015100
3 3562 3463 360 0.021037
3 3562 360 1822 0.012486
3 1544 1822 3691 0.020527
3 2282 1496 3343 0.145231
3 1098 323 2259 0.202841
3 715 2259 2053 0.252451
3 323 1098 3705 0.321789
3 3705 1098 3418 0.203482
3 1052 1754 1995 0.069144
3 2402 2416 2109 0.097506
3 2402 124 2416 0.156688
3 2416 124 3363 0.148306
3 1832 3303 1631 0.057017
3 2402 1832 1631 0.061088
3 1832 2402 2557 0.044482
3 2402 1631 124 0.112168
3 3741 1832 2557 0.022809
3 1832 790 3303 0.041254
3 790 1832 3741 0.026523
3 768 2951 3448 0.002165
3 3448 1241 3669 0.001455
3 768 511 202 0.005774
3 511 768 3448 0.002336
3 511 3448 2126 0.003120
3 511 2126 556 0.006700
3 511 556 202 0.008118
3 2126 3448 3669 0.003335
3 369 1167 822 0.009969
3 1816 1574 138 0.010690
3 1816 138 3562 0.007284
3 1816 1708 442 0.012729
3 1816 442 1574 0.009206
3 138 1574 1641 0.008793
3 1544 3072 1708 0.033901
3 3072 1544 272 0.038504
3 1572 3050 2032 0.102346
3 3533 2032 1184 0.241181
3 2232 2051 3258 0.323452
3 2232 3258 3090 0.268865
3 2053 2259 2099 0.324952
3 2099 2259 323 0.326849
3 3705 2099 323 0.353739
3 2387 3713 2895 0.010255
3 2895 3105 3341 0.007610
3 1631 3303 626 0.042963
3 790 1262 3060 0.010484
3 3091 1262 790 0.015529
3 1517 1657 154 0.002090
3 2125 1517 154 0.007048
3 154 1657 3029 0.001980
3 3029 1657 3062 0.002571
3 532 3062 1657 0.001644
3 2285 2161 1241 0.001023
3 2285 1241 3448 0.000782
3 3448 2951 2285 0.001240
3 2951 872 208 0.026058
3 2951 208 3062 0.010400
3 2371 1007 1752 0.078369
3 3246 3021 219 0.151512
3 219 847 3246 0.051987
3 847 1014 3246 0.088704
3 2758 3246 1014 0.223086
3 1437 1881 2219 0.009134
3 2219 3507 1807 0.008579
3 1708 1770 442 0.016804
3 3813 442 1770 0.012582
3 442 3813 1574 0.012392
3 1877 3641 3157 0.067798
3 3157 982 1877 0.034324
3 3072 1877 982 0.042268
3 3157 2915 982 0.066867
3 3533 1678 1572 0.228384
3 1184 1613 3533 0.223133
3 3533 1613 3517 0.167264
3 428 3517 1613 0.088192
3 2061 3148 2597 0.191388
3 1688 486 2205 0.273442
3 1688 2205 3310 0.305475
3 486 1193 2205 0.231382
3 3251 3475 216 0.033817
3 216 2387 3251 0.023969
3 3475 3251 3341 0.024790
3 3094 3459 1163 0.002705
3 316 3459 3094 0.003069
3 1126 2118 578 0.006397
3 1126 578 385 0.007990
3 385 2789 3713 0.006798
3 1001 3713 2789 0.005496
3 2789 385 578 0.005950
3 2207 3702 2754 0.014092
3 3060 994 3645 0.012515
3 3060 3645 1491 0.016725
3 346 2381 2134 0.009368
3 346 2134 1690 0.007021
3 346 1690 860 0.004759
3 346 730 2381 0.007544
3 2381 730 303 0.011488
3 303 730 3634 0.028105
3 346 860 3392 0.008839
3 2616 3032 2006 0.086177
3 2616 2006 2582 0.064343
3 2006 3032 3590 0.156701
3 3590 3032 463 0.208456
3 2371 463 3032 0.178912
3 1422 2108 3185 0.260472
3 400 284 3021 0.224460
3 2388 249 1603 0.407291
3 1216 3553 1512 0.692335
3 1216 1512 2388 0.405023
3 249 1512 3591 0.423789
3 1216 2903 3143 0.367590
3 2419 1188 1769 0.064615
3 1769 1188 3187 0.076080
3 2419 1161 1633 0.025601
3 2419 1930 1161 0.023853
3 2474 2546 1845 0.028033
3 2474 664 1957 0.016922
3 2474 1957 220 0.016223
3 2474 220 2546 0.018624
3 1815 2474 1845 0.025780
3 1574 9 1641 0.007850
3 2401 2915 2954 0.015177
3 3157 3720 2905 0.493968
3 1825 1888 2030 0.308370
3 1825 2030 2898 0.588888
3 1888 2987 2030 0.346894
3 1825 2898 1346 0.440363
3 773 1378 3517 0.104634
3 773 1674 2062 0.067489
3 773 2062 650 0.046477
3 773 650 1378 0.099898
3 1537 2873 3228 0.051878
3 1102 2164 1503 0.141914
3 1311 76 2164 0.149524
3 2164 76 1503 0.121502
3 2314 3057 2021 0.306451
3 3057 2314 1578 0.443737
3 1133 1578 2314 0.463828
3 3548 1114 568 0.499492
3 1578 3548 3057 0.497674
3 3057 3548 1848 0.481637
3 1848 3548 568 0.480956
3 3548 3035 1114 0.375306
3 366 3114 3035 0.192980
3 3663 3027 959 0.086026
3 1693 3593 430 0.024948
3 2103 3337 2256 0.050619
3 2103 2256 1693 0.044933
3 3337 2103 571 0.055750
3 1329 3028 2309 0.006248
3 316 1280 1666 0.002002
3 1666 2309 316 0.002443
3 3224 2143 2072 0.001598
3 2143 201 2072 0.001090
3 1315 201 2143 0.000788
3 1315 2143 1021 0.001416
3 1315 2848 2827 0.001871
3 201 1315 2827 0.001034
3 1854 1806 1682 0.003364
3 1854 1682 3682 0.002440
3 1854 3682 2848 0.002866
3 3509 3569 894 0.016171
3 3702 3569 2754 0.020533
3 3619 2714 2330 0.004412
3 2714 3619 173 0.006720
3 1919 2483 2134 0.016973
3 2134 2483 3619 0.006273
3 718 73 1919 0.058349
3 718 1919 724 0.061883
3 73 718 1485 0.055787
3 1919 73 2483 0.024907
3 303 3634 724 0.064058
3 3284 1073 2983 0.190294
3 2181 766 1073 0.262272
3 2181 1073 3393 0.214283
3 3393 1073 3284 0.215733
3 1073 3630 2983 0.230052
3 3630 1073 766 0.236786
3 2294 2228 2181 0.417661
3 2294 2181 3393 0.368709
3 1086 662 2993 0.280897
3 2993 662 1590 0.272376
3 447 2149 1429 0.209031
3 2019 1758 1555 0.083437
3 2019 1555 2120 0.045212
3 3571 1758 2019 0.046006
3 1758 3571 3699 0.056350
3 1758 3699 1524 0.048736
3 1633 1957 2120 0.033924
3 1633 2120 1555 0.025679
3 2120 1957 3241 0.022103
3 179 3651 3280 0.012728
3 2711 3651 1899 0.031273
3 3455 3651 2711 0.036300
3 3410 156 2716 0.061079
3 2954 2716 156 0.049185
3 1367 986 3219 0.008355
3 2441 1367 3219 0.012460
3 2018 1367 2441 0.010616
3 2441 3219 1039 0.017540
3 712 2390 20 0.024131
3 712 20 3633 0.032029
3 2390 1676 20 0.022771
3 1038 1376 333 0.029613
3 2390 333 3767 0.023868
3 1888 2166 2987 0.131633
3 2987 2166 3769 0.131494
3 2062 2166 650 0.048182
3 810 380 3053 0.024595
3 3053 380 1475 0.023852
3 1475 380 2038 0.034190
3 2038 380 810 0.036576
3 2016 3783 3228 0.137618
3 28 3228 3783 0.107695
3 1503 306 1214 0.371641
3 1503 1214 1102 0.297228
3 1115 1214 1365 0.467038
3 306 1365 1214 0.381371
3 907 1848 568 0.341844
3 631 119 1848 0.301945
3 631 1848 907 0.284991
3 183 3451 1197 0.183339
3 1955 112 191 0.081049
3 961 191 112 0.159404
3 191 961 3007 0.164929
3 2745 191 3007 0.095846
3 1955 191 2745 0.043229
3 2531 1955 2745 0.117734
3 916 2791 105 0.002930
3 334 916 3215 0.002262
3 765 3215 916 0.002442
3 765 1559 3215 0.002695
3 3681 3215 1559 0.004112
3 916 105 765 0.001918
3 2080 729 1501 0.001029
3 1886 2080 1501 0.000699
3 2080 1886 1823 0.001140
3 1823 1462 2080 0.002118
3 2080 1462 729 0.001837
3 1823 1886 3522 0.000937
3 781 2848 505 0.002116
3 781 505 2028 0.002440
3 1041 2028 505 0.003942
3 1041 505 3682 0.003589
3 2028 1041 1811 0.005675
3 2028 1811 3561 0.006044
3 36 1963 744 0.012221
3 744 1963 3740 0.010826
3 989 3054 312 0.013332
3 2231 2714 3054 0.019232
3 516 586 3468 0.067313
3 516 2598 586 0.055013
3 1122 1125 669 0.095167
3 669 2424 3579 0.079719
3 2424 669 1125 0.053164
3 1125 1122 929 0.069492
3 1407 3630 3302 0.271257
3 1407 3302 3167 0.176916
3 2800 980 476 0.186604
3 1833 3617 850 0.167946
3 2768 3445 1833 0.308948
3 3445 2768 863 0.357569
3 3445 863 2778 0.229546
3 2465 3140 2142 0.400683
3 528 2925 137 0.610090
3 1643 3678 2242 0.342785
3 2356 2242 19 0.398000
3 19 2242 3678 0.413758
3 2993 1885 3678 0.152869
3 1429 963 3200 0.173231
3 628 1236 2263 0.041904
3 628 2263 1071 0.048679
3 628 1071 2658 0.093429
3 948 2816 3605 0.053663
3 2816 948 3253 0.047908
3 3222 2123 467 0.039888
3 3222 2674 2123 0.098014
3 3222 3280 1924 0.014475
3 1924 3301 1577 0.033610
3 3301 1924 3651 0.039507
3 1460 1577 3301 0.052434
3 1020 901 3455 0.028488
3 1345 901 1020 0.034666
3 1345 1323 901 0.041354
3 2589 1323 1345 0.074676
3 1040 3055 2441 0.018283
3 3055 2018 2441 0.011788
3 2761 600 553 0.026215
3 700 553 2927 0.044478
3 553 600 2927 0.035817
3 74 600 2761 0.025811
3 3633 3219 986 0.008712
3 3633 2170 3219 0.012014
3 123 3219 2170 0.010629
3 123 1039 3219 0.016713
3 2390 1043 3621 0.052523
3 3267 2918 97 0.122672
3 2047 2577 227 0.107591
3 646 227 2509 0.138267
3 2732 3184 634 0.015491
3 634 3760 49 0.014504
3 634 49 2732 0.011245
3 2732 49 3216 0.009351
3 3811 2038 810 0.054084
3 3783 3568 3287 0.178868
3 549 3568 3783 0.202161
3 3423 3424 1507 0.292811
3 3321 1842 1272 0.370224
3 1272 1842 504 0.383980
3 504 1842 3750 0.341725
3 2269 3126 415 0.559627
3 2269 255 3126 0.554760
3 415 3126 2455 0.566783
3 415 2455 1803 0.392913
3 415 1803 2269 0.396255
3 3126 255 2542 0.573301
3 2542 570 17 0.414676
3 3126 2542 17 0.507334
3 1594 17 570 0.335133
3 1594 570 711 0.288954
3 711 2101 437 0.320693
3 437 2101 2535 0.213422
3 2101 711 570 0.248511
3 2535 3492 3381 0.231863
3 1878 1166 780 0.150449
3 1878 780 3604 0.122842
3 1166 3554 991 0.129468
3 1621 1186 754 0.428787
3 2457 754 1529 0.470114
3 96 3476 2059 0.329365
3 3476 585 1908 0.229146
3 2059 3476 1908 0.265909
3 1119 3476 96 0.333652
3 585 2025 3325 0.318867
3 585 3325 1767 0.433203
3 3300 1316 2130 0.032847
3 3300 2013 2414 0.039719
3 3349 2414 2013 0.047561
3 3300 2130 2013 0.036251
3 3073 3300 2414 0.036099
3 574 3073 3671 0.051928
3 2414 3671 3073 0.043816
3 3041 618 3535 0.083368
3 1138 1850 3681 0.027831
3 313 3130 2723 0.014395
3 371 1366 1823 0.001230
3 371 1823 3522 0.001407
3 3522 470 371 0.002030
3 470 3561 371 0.003667
3 371 3561 1366 0.002409
3 1172 710 1266 0.011438
3 1172 744 788 0.011153
3 1172 788 3327 0.015246
3 619 3034 2116 0.019744
3 2352 1234 2093 0.011279
3 2352 3740 1234 0.006875
3 2093 3208 2352 0.012388
3 312 2093 1234 0.010018
3 989 1234 3740 0.012721
3 3481 989 3740 0.011555
3 312 1502 2093 0.014246
3 1502 3208 2093 0.008847
3 144 1635 3797 0.110069
3 3797 1635 3579 0.114244
3 669 3579 1635 0.107022
3 669 1635 3468 0.098258
3 89 3579 1129 0.105115
3 2424 3234 3572 0.052725
3 3320 1037 1190 0.099957
3 3302 1258 2380 0.273474
3 576 1318 2491 0.371043
3 2491 1318 1719 0.379633
3 576 2671 1318 0.490967
3 2491 1719 2208 0.395943
3 2208 1410 2491 0.324114
3 2305 2727 613 0.476199
3 3629 613 3372 0.319222
3 3372 613 2727 0.474377
3 610 3445 2778 0.187287
3 3101 1849 100 0.141933
3 3153 100 3690 0.065110
3 3690 100 1849 0.179887
3 3140 2595 3690 0.257549
3 770 3588 1192 0.384651
3 770 19 2938 0.333027
3 2938 19 3678 0.405530
3 19 770 2356 0.428721
3 2356 770 1192 0.348752
3 1778 3675 2478 0.358404
3 1778 2478 770 0.342431
3 770 2478 3588 0.308717
3 510 2114 1778 0.220330
3 510 1778 2938 0.236119
3 510 1885 2114 0.155795
3 2114 1885 971 0.197179
3 3675 3510 3775 0.245850
3 2263 3163 1369 0.020522
3 2263 1369 1071 0.033865
3 1388 1071 1369 0.035087
3 1071 1388 1497 0.045095
3 1497 3738 1071 0.052112
3 1388 1369 3555 0.024127
3 1344 2394 2642 0.059244
3 1323 2589 2816 0.049412
3 2891 1204 2394 0.062248
3 2394 1204 2209 0.079463
3 3088 589 2948 0.119472
3 1856 3183 2792 0.100643
3 3586 181 979 0.072989
3 979 181 2574 0.127382
3 3434 518 2321 0.114086
3 3709 2937 85 0.014271
3 1160 3471 3550 0.012170
3 3424 2931 3169 0.198207
3 504 3750 1439 0.338531
3 504 1439 413 0.361014
3 504 413 1272 0.341955
3 3321 1272 356 0.224301
3 3321 356 2931 0.220507
3 661 2606 3492 0.212487
3 2455 3381 1803 0.340021
3 1594 2035 2455 0.357597
3 2035 3381 2455 0.322401
3 2455 3126 1594 0.477710
3 2035 1594 711 0.302539
3 2035 711 437 0.317210
3 2035 437 3381 0.328651
3 991 2289 2429 0.113568
3 2429 46 780 0.120041
3 780 46 3604 0.111627
3 2682 2638 2821 0.172262
3 561 824 1897 0.266912
3 2794 2127 1897 0.384264
3 2794 1897 824 0.276757
3 60 3573 2794 0.213091
3 60 2794 1245 0.220010
3 60 1245 2818 0.199390
3 3573 2494 809 0.156458
3 3592 809 2494 0.226588
3 2462 2363 2243 0.516366
3 2363 1767 1591 0.530520
3 2363 1591 1018 0.505889
3 2363 1018 2726 0.560974
3 2363 2726 855 0.681722
3 2655 382 1591 0.390584
3 1018 1591 382 0.484417
3 281 2414 3349 0.065995
3 1779 281 3349 0.138068
3 3317 3172 3659 0.216351
3 794 3659 3172 0.218924
3 160 1320 794 0.211798
3 1320 3659 794 0.141674
3 3457 3450 854 0.543168
3 3457 854 2715 0.391690
3 854 3450 2906 0.600599
3 3450 3147 3733 0.245080
3 1036 377 3498 0.215299
3 1036 3498 1800 0.209464
3 1800 3274 1036 0.351342
3 1036 3274 327 0.338037
3 327 3274 3807 0.269189
3 327 3807 993 0.273729
3 3274 1800 1013 0.402157
3 327 1495 1036 0.261839
3 1495 327 3692 0.207848
3 1495 377 1036 0.250271
3 2332 25 477 0.046154
3 1959 2876 940 0.035833
3 1959 940 144 0.063452
3 1959 144 3797 0.096578
3 2704 1994 2249 0.151254
3 2704 3789 1994 0.164180
3 1994 3789 3768 0.134047
3 1994 1208 2249 0.128582
3 3421 2820 1882 0.118088
3 1777 3431 3793 0.055281
3 1777 3793 2384 0.048486
3 3164 3444 1254 0.436409
3 1254 3444 2872 0.504038
3 3444 1425 1729 0.286401
3 1784 2001 2194 0.403601
3 2194 2001 2 0.370171
3 2 2001 2305 0.444195
3 3544 472 1783 0.366838
3 1783 472 697 0.561637
3 1783 697 1617 0.327902
3 1617 697 2623 0.262978
3 3297 3249 3385 0.105825
3 3297 3385 1309 0.103466
3 182 3237 956 0.194682
3 2222 706 3690 0.131719
3 2222 1211 2065 0.163579
3 2065 6 2222 0.115414
3 2222 6 706 0.128543
3 1211 3214 2065 0.093001
3 2065 1565 2755 0.049947
3 3214 627 639 0.099630
3 639 627 3209 0.069467
3 3052 420 3330 0.442408
3 420 3052 1050 0.335842
3 2308 3368 2894 0.277996
3 2308 2894 1050 0.233206
3 355 1050 2894 0.228324
3 2308 552 3368 0.352894
3 3368 552 836 0.430173
3 3588 2667 1192 0.439025
3 3098 543 3588 0.402115
3 2478 3675 3098 0.357409
3 3098 3675 3775 0.275992
3 2165 752 2926 0.124799
3 2926 605 2165 0.059507
3 2165 605 1786 0.127087
3 2926 1164 1962 0.032108
3 605 2926 831 0.048474
3 2556 831 1962 0.034661
3 1962 831 2926 0.037451
3 1394 1497 1388 0.027246
3 1394 1388 3555 0.030400
3 1974 1120 1962 0.023110
3 1974 1962 2558 0.033114
3 2558 1962 1164 0.034313
3 2556 1962 1120 0.032734
3 213 2209 3724 0.121281
3 1207 3005 3653 0.131153
3 458 1925 1978 0.077260
3 2744 1925 458 0.030034
3 1238 723 2781 0.065848
3 2220 2948 589 0.104888
3 2220 2396 307 0.112295
3 2948 2220 307 0.111342
3 2948 307 1442 0.087563
3 2396 2220 1356 0.123357
3 589 1356 2220 0.155782
3 852 177 452 0.165904
3 177 3601 452 0.233742
3 1387 452 3601 0.342790
3 979 1294 2792 0.134118
3 3369 890 2611 0.157981
3 2502 314 3135 0.269023
3 2306 3430 403 0.311513
3 2306 403 401 0.422371
3 2306 401 31 0.419023
3 2306 31 1513 0.235822
3 1513 31 2502 0.162984
3 2502 31 2217 0.260649
3 401 2217 31 0.446729
3 2502 2217 314 0.331162
3 403 3430 2922 0.178410
3 3267 2306 1513 0.243035
3 2306 2336 3430 0.333278
3 2336 2306 3267 0.315590
3 2345 3786 3508 0.025431
3 1397 3660 2345 0.011448
3 2345 3660 3786 0.019206
3 3499 3706 3036 0.037539
3 818 3706 1453 0.018737
3 2447 1656 3599 0.042272
3 3257 2052 3559 0.161737
3 1697 2052 3257 0.117484
3 1727 1229 449 0.126003
3 1727 449 519 0.116990
3 2329 2106 128 0.417346
3 2584 2106 2329 0.354003
3 2329 128 3169 0.387464
3 3345 2931 356 0.173702
3 3345 356 413 0.224989
3 413 1439 3345 0.197907
3 3345 1439 2584 0.219100
3 2106 2584 2787 0.321066
3 1637 435 2942 0.081065
3 1713 791 2942 0.129151
3 2468 256 2682 0.151637
3 2468 1223 256 0.111916
3 3489 2630 26 0.414658
3 26 2630 2682 0.265179
3 26 2821 3489 0.496825
3 3489 2821 2250 0.504900
3 2638 459 2821 0.118482
3 459 2638 1075 0.135636
3 3696 245 381 0.263354
3 2127 2794 1627 0.241631
3 3716 3673 1147 0.156337
3 2773 1579 2000 0.100508
3 67 2000 1579 0.082800
3 67 1579 3716 0.144930
3 2191 2773 2000 0.096230
3 2191 2000 809 0.135496
3 1789 2877 1889 0.249886
3 2877 3283 1889 0.368132
3 160 2877 1320 0.210347
3 1320 2877 1789 0.189240
3 3121 2326 2635 0.271409
3 509 2567 2323 0.177789
3 2323 2570 198 0.163759
3 198 509 2323 0.156682
3 2432 3116 3609 0.136834
3 3116 3172 3609 0.142125
3 3733 782 221 0.343481
3 3733 221 3450 0.326969
3 782 3733 1722 0.381013
3 1331 565 782 0.421373
3 221 782 565 0.291670
3 536 1800 3498 0.230694
3 1800 536 1013 0.237736
3 2669 1013 536 0.270528
3 3396 3498 3133 0.426854
3 2464 1996 849 0.071932
3 3595 1996 2464 0.152821
3 2683 3478 1710 0.099088
3 837 469 533 0.301169
3 837 533 2204 0.343860
3 533 469 56 0.370622
3 533 56 2775 0.473728
3 2775 3059 533 0.469911
3 2204 533 3059 0.383819
3 469 52 56 0.359483
3 56 52 2775 0.474028
3 1208 3315 2249 0.293918
3 52 2249 3315 0.347000
3 52 3315 2022 0.479081
3 2197 3627 1208 0.188405
3 2155 702 3589 0.041697
3 2974 702 2155 0.040029
3 1508 2710 3141 0.169646
3 3018 261 707 0.609393
3 1254 404 3164 0.643272
3 707 3164 1139 0.676295
3 404 1139 3164 0.696072
3 3056 604 1254 0.797443
3 2048 3419 1514 0.527800
3 3419 2048 2872 0.603210
3 2194 2530 1256 0.392657
3 2058 1612 1720 0.275496
3 2058 3544 1612 0.307539
3 1617 531 1783 0.370305
3 1783 531 1612 0.327836
3 1612 531 1459 0.197400
3 1720 1459 3323 0.074741
3 1617 2623 3594 0.239938
3 3297 3229 252 0.104980
3 3297 252 3249 0.067527
3 1964 1584 3237 0.099308
3 1584 1964 2757 0.061043
3 1421 338 1964 0.077795
3 1964 338 2757 0.080162
3 635 2065 3214 0.076046
3 2065 635 1565 0.121303
3 1983 1454 1939 0.095760
3 1939 2705 1983 0.114253
3 1939 1180 2705 0.111976
3 1939 1454 3778 0.061110
3 2776 2443 2854 0.144217
3 2854 2443 1350 0.110940
3 2854 813 2776 0.190905
3 3672 2776 813 0.269637
3 3330 1745 551 0.466042
3 3330 420 1745 0.408903
3 551 1745 3516 0.390750
3 355 2894 1282 0.213087
3 355 1282 1265 0.214213
3 1265 1282 3749 0.242453
3 2837 3503 2514 0.365851
3 3639 2187 3556 0.368044
3 3639 3556 1834 0.300850
3 1463 3639 1834 0.170954
3 1463 3261 3639 0.099574
3 2556 3261 831 0.059308
3 1463 831 3261 0.049694
3 831 1463 1786 0.047946
3 1319 607 3261 0.054802
3 2556 1096 1319 0.042017
3 213 3724 1083 0.125160
3 3724 1372 2910 0.149488
3 1207 2910 1372 0.127228
3 3081 3653 3755 0.076764
3 1925 995 2154 0.022820
3 1925 2154 3755 0.047668
3 1925 3755 2784 0.089670
3 3755 2154 3081 0.069177
3 2319 2781 3107 0.033087
3 2319 3107 453 0.023872
3 2344 3420 914 0.025392
3 3420 453 3384 0.017176
3 564 3384 453 0.014353
3 3384 564 1976 0.012508
3 2275 1976 877 0.016386
3 564 453 3107 0.010495
3 2344 2319 3420 0.039235
3 2319 2344 2781 0.044867
3 2978 1059 1488 0.070746
3 48 3026 1580 0.164762
3 1828 3684 720 0.078616
3 1828 720 1157 0.046183
3 1828 1157 1077 0.029033
3 890 2619 452 0.156272
3 539 3369 3366 0.100559
3 539 3366 374 0.070189
3 374 3366 2157 0.095366
3 2157 3366 1076 0.116294
3 2157 3610 539 0.079269
3 2157 539 374 0.096218
3 3394 2611 2200 0.336002
3 3394 2200 821 0.339567
3 829 1839 276 0.181554
3 829 716 1839 0.202573
3 829 276 1089 0.232270
3 1270 2955 2007 0.106974
3 1270 745 2955 0.096836
3 3744 2007 2650 0.104748
3 2650 2007 2046 0.101099
3 2650 2046 2459 0.162876
3 2046 2007 2955 0.203299
3 2459 2046 1762 0.174189
3 363 401 403 0.376124
3 363 403 2922 0.221744
3 363 2922 1728 0.235592
3 363 1728 2217 0.322529
3 363 2217 401 0.447718
3 2467 1057 687 0.313572
3 687 1057 1446 0.195028
3 1446 1057 1240 0.105453
3 2972 1492 3732 0.025095
3 3499 3036 1695 0.033889
3 3706 301 3036 0.034828
3 3036 301 1625 0.014732
3 296 3156 2351 0.013507
3 296 2351 1669 0.009672
3 3156 332 2351 0.011492
3 1669 2351 2493 0.009574
3 296 301 3156 0.008919
3 3171 2351 3502 0.025064
3 2351 332 3502 0.017433
3 2351 3171 2493 0.014565
3 1640 3171 1670 0.046879
3 3171 3757 1670 0.048175
3 3189 490 1541 0.113275
3 490 3189 2860 0.095419
3 2121 3810 417 0.167520
3 1302 1715 2121 0.101909
3 2121 2566 3810 0.130474
3 1697 3364 2052 0.139545
3 1045 2261 1697 0.206977
3 3364 1697 2261 0.220965
3 2412 2404 923 0.364639
3 2412 454 2404 0.222621
3 454 2412 2787 0.176904
3 262 1328 1187 0.292338
3 1972 3043 1328 0.369502
3 1328 3043 2852 0.319165
3 1100 1884 884 0.218477
3 1100 884 3106 0.154812
3 1884 1100 286 0.184218
3 2331 286 1100 0.160817
3 2127 1627 133 0.300453
3 3739 3673 2591 0.057384
3 2773 1196 3019 0.104784
3 2773 3019 1579 0.157236
3 1579 3019 3716 0.203550
3 3592 3805 2486 0.682647
3 3592 2486 2191 0.709111
3 1987 508 1402 0.735103
3 1987 1277 508 0.651797
3 1987 1402 2958 0.524259
3 3260 977 886 0.496175
3 3260 1424 977 0.499839
3 3538 1301 1278 0.522207
3 1301 736 1278 0.578807
3 1278 736 3252 0.485651
3 3708 3252 736 0.574967
3 638 1968 2310 0.732709
3 2310 2104 168 0.624383
3 168 2104 1408 0.567840
3 2104 2133 1408 0.480840
3 3761 1408 2133 0.684850
3 3003 3761 2133 0.668947
3 3003 2133 596 0.601221
3 2323 2567 2635 0.172805
3 2567 1438 2635 0.274594
3 3704 2293 2536 0.688834
3 2293 2722 2536 0.777862
3 3736 2293 3704 0.655445
3 43 2814 2608 0.568470
3 43 2608 3704 0.649998
3 3704 2608 3736 0.684725
3 2608 1852 3612 0.867514
3 848 2252 499 0.332378
3 3595 3133 2883 0.179001
3 3133 512 3396 0.352905
3 3396 2252 2669 0.490539
3 512 2252 3396 0.334823
3 2252 512 499 0.415256
3 3595 1757 248 0.193697
3 2353 248 1757 0.233804
3 2022 803 544 0.372954
3 2022 544 918 0.358702
3 1927 544 803 0.359812
3 1033 3108 3712 0.209918
3 2216 911 617 0.034675
3 2216 617 471 0.047117
3 1646 471 617 0.039626
3 471 1646 3712 0.060812
3 617 911 3787 0.024185
3 3637 2451 498 0.010660
3 498 2451 2470 0.007589
3 2470 2451 2484 0.007745
3 817 591 2036 0.018774
3 591 817 2707 0.029099
3 2707 2454 590 0.025170
3 590 2454 2484 0.013294
3 2454 2707 2346 0.035265
3 2454 2346 1221 0.027165
3 2346 2707 817 0.035007
3 795 2346 2709 0.019683
3 2709 2346 817 0.025778
3 235 3686 101 0.028705
3 3765 3358 1008 0.170657
3 1411 3358 495 0.173819
3 1411 495 2763 0.140671
3 1411 2763 1253 0.142369
3 1411 2368 1008 0.274236
3 2368 3262 1008 0.283414
3 1411 1253 2368 0.169742
3 2227 1614 668 0.666854
3 308 2227 3111 0.547579
3 2227 668 3111 0.505668
3 649 604 2445 0.830257
3 1139 404 649 0.836398
3 649 404 604 0.841587
3 2445 604 3056 0.765026
3 1614 1514 668 0.675321
3 1514 2012 668 0.611480
3 692 1079 370 0.442105
3 2686 370 1079 0.451747
3 1257 1448 889 0.218150
3 2152 889 1448 0.274407
3 88 889 3323 0.120018
3 3323 727 1907 0.091606
3 3323 1907 88 0.120958
3 1907 727 3100 0.041548
3 1275 1459 531 0.128358
3 3594 531 1617 0.331689
3 3594 1275 531 0.224608
3 3229 1804 252 0.159826
3 2757 3229 3297 0.073686
3 2757 3662 3229 0.153917
3 1421 3247 338 0.133780
3 338 3247 2757 0.069945
3 2757 3247 1705 0.066393
3 3344 1858 3275 0.582796
3 699 1858 864 0.380837
3 3344 864 1858 0.385297
3 670 3473 2998 0.292565
3 3495 3557 3737 0.373398
3 2135 3737 3557 0.444622
3 3063 357 3437 0.351574
3 357 150 3437 0.301180
3 3437 150 2537 0.273972
3 2537 150 1213 0.328531
3 3578 224 3079 0.095980
3 2031 3079 224 0.066271
3 224 3578 3231 0.079804
3 335 2443 2776 0.121614
3 335 2776 2913 0.111913
3 335 2913 3578 0.102105
3 335 3578 2185 0.114597
3 2185 2443 335 0.164385
3 1484 3270 984 0.436873
3 1289 3516 1484 0.478461
3 1484 3516 3270 0.473964
3 2095 984 3270 0.482024
3 195 2806 880 0.270213
3 580 195 2430 0.435768
3 2430 195 880 0.258824
3 2490 2367 3513 0.139557
3 2357 2277 3042 0.200156
3 3042 912 2357 0.231841
3 2379 2122 1145 0.277975
3 1231 2692 2888 0.594970
3 1231 2888 2239 0.563378
3 607 3528 3261 0.051807
3 1751 3719 1864 0.016720
3 1751 1864 11 0.027788
3 423 3416 3192 0.053870
3 423 3192 513 0.032003
3 423 513 3575 0.072792
3 423 3575 3416 0.105982
3 2825 2129 1685 0.029167
3 1434 3081 2154 0.023145
3 1434 2154 995 0.011820
3 1434 2583 3081 0.015397
3 3384 2298 914 0.016087
3 3384 2275 2298 0.016309
3 3420 3384 914 0.015280
3 3107 1976 564 0.012344
3 2649 1976 3107 0.019164
3 2343 3002 1336 0.039918
3 3002 1118 340 0.055515
3 3002 340 1336 0.032422
3 3026 1077 1580 0.068005
3 1077 3002 1580 0.042493
3 2619 1918 3684 0.130646
3 1918 844 3610 0.137643
3 2795 3622 2246 0.105235
3 684 2246 3622 0.097857
3 3394 1360 3622 0.310053
3 3202 3493 3416 0.085155
3 3416 3493 3192 0.069948
3 3192 3493 3723 0.080609
3 3723 3493 3202 0.094503
3 1296 1573 2096 0.088192
3 1383 2096 1573 0.093850
3 2096 3397 1296 0.135687
3 3388 1355 2624 0.140971
3 2479 3732 274 0.019486
3 2479 274 3082 0.010370
3 3082 2292 2479 0.016111
3 1492 1313 3606 0.017302
3 2359 275 3606 0.033063
3 2359 3606 1313 0.026907
3 2952 2359 1313 0.024377
3 2359 2516 275 0.037050
3 625 180 1108 0.046560
3 625 1108 2588 0.048234
3 625 1233 180 0.055208
3 180 1233 3449 0.046407
3 1625 3281 642 0.009080
3 642 3281 2425 0.011695
3 642 2425 2081 0.012215
3 3281 2265 2425 0.008164
3 2425 2265 3409 0.013119
3 2425 3409 2081 0.017701
3 3171 70 2493 0.019747
3 2265 2493 70 0.011247
3 2265 70 3409 0.013764
3 1670 2860 1108 0.048950
3 1640 1108 3409 0.043915
3 3779 3245 2770 0.257541
3 3245 165 2770 0.249764
3 3666 165 3245 0.388737
3 2102 1302 2559 0.175172
3 2262 1290 534 0.271058
3 2262 534 3472 0.232663
3 3304 2262 3472 0.266663
3 1290 2434 2559 0.364980
3 2291 2753 77 0.622772
3 2291 77 2689 0.602277
3 77 2753 3125 0.691588
3 2753 3464 3125 0.738606
3 3125 3464 3150 0.559004
3 3464 2753 704 0.528247
3 3464 704 1171 0.451877
3 704 2753 2829 0.640236
3 1271 3326 2399 0.339891
3 2393 2399 3326 0.312617
3 883 1884 286 0.219472
3 3739 2547 351 0.202199
3 2591 2874 2410 0.180189
3 2591 2410 3739 0.108406
3 3739 2410 2547 0.192315
3 2410 2874 3086 0.323690
3 508 856 2586 0.626135
3 508 2586 3162 0.669284
3 508 3162 1402 0.663475
3 2917 1402 3162 0.519278
3 1402 2917 2958 0.489264
3 672 638 2525 0.744469
3 672 2525 1755 0.756680
3 915 1912 3512 0.685345
3 915 3512 1790 0.563304
3 1912 2525 3512 0.705627
3 3761 815 1162 0.475797
3 1162 815 2011 0.545755
3 3003 2354 3371 0.511009
3 2500 2354 1220 0.583348
3 2307 1220 3003 0.575328
3 1283 2500 1220 0.542550
3 1283 1220 2307 0.605240
3 2536 2722 2110 0.675234
3 2145 104 1281 0.789726
3 2145 1281 2722 0.716017
3 3110 2145 3065 0.936601
3 3612 2790 867 0.906297
3 2527 1852 2964 0.875100
3 2613 3792 3612 0.885450
3 3133 3595 2865 0.268192
3 3133 2865 512 0.374213
3 722 1802 2311 0.374350
3 110 1802 3380 0.620748
3 2311 563 722 0.297901
3 2679 1141 563 0.300782
3 2477 186 3722 0.253535
3 2856 186 3265 0.262420
3 588 3712 2160 0.103081
3 2160 1428 588 0.079210
3 3712 3049 2160 0.053865
3 2160 3049 2373 0.085158
3 2160 2373 1428 0.055792
3 2504 1428 2373 0.046507
3 2504 2373 2350 0.038828
3 1646 336 3049 0.017986
3 336 1646 617 0.016060
3 336 617 3787 0.016067
3 3787 3049 336 0.024084
3 3049 3712 1646 0.047566
3 1787 3470 3361 0.023481
3 1787 3361 2433 0.029949
3 2433 3361 3614 0.046477
3 2433 3542 1787 0.022070
3 2470 2484 172 0.015666
3 2470 172 1712 0.031177
3 172 2484 1285 0.017866
3 820 591 2707 0.017466
3 820 2707 2004 0.012246
3 2004 2707 590 0.014927
3 2004 2451 820 0.009530
3 820 2036 591 0.013676
3 2665 101 3686 0.036185
3 1259 3262 2656 0.427349
3 2461 892 1218 0.461824
3 2580 2461 1218 0.641086
3 1855 1218 892 0.592603
3 1218 1855 2008 0.703261
3 2008 1855 1605 0.705401
3 1257 3212 3206 0.186111
3 50 2163 3268 0.015913
3 727 3414 1136 0.116636
3 61 3160 3414 0.126677
3 2959 1540 603 0.578573
3 603 1540 1548 0.498475
3 3046 2213 1556 0.718660
3 480 762 2985 0.589344
3 62 2985 762 0.590528
3 480 2985 1588 0.593017
3 480 1588 3272 0.706969
3 742 480 3272 0.640998
3 1430 2963 2408 0.477095
3 2408 2963 1597 0.505369
3 287 3205 2088 0.409819
3 3063 792 3491 0.178345
3 654 357 3063 0.288869
3 3437 484 409 0.202732
3 537 409 484 0.185336
3 537 484 761 0.116844
3 3790 2996 126 0.207826
3 3790 126 1183 0.182226
3 609 554 2360 0.299374
3 1829 2113 3628 0.053752
3 2113 3075 3628 0.099117
3 1476 1830 1030 0.113743
3 1476 1030 806 0.113962
3 174 2806 1476 0.129480
3 1476 2806 1830 0.133078
3 1830 3513 1030 0.114930
3 3042 1030 3513 0.136806
3 690 3150 1933 0.409226
3 690 1933 3016 0.230053
3 690 3103 3150 0.338258
3 3387 3307 1400 0.169860
3 3583 3282 161 0.212242
3 161 3282 1458 0.092174
3 1458 3282 1101 0.050884
3 2431 2033 1864 0.003387
3 2431 1864 2235 0.003953
3 3353 1032 3723 0.058121
3 653 2073 63 0.061056
3 653 63 3400 0.237216
3 63 2073 2617 0.133417
3 63 2617 232 0.211108
3 63 232 3400 0.226283
3 3397 3067 2073 0.126812
3 1355 3388 2553 0.123334
3 3082 3606 1305 0.011128
3 3082 1305 2292 0.013030
3 2292 896 3388 0.019157
3 896 2292 2040 0.016154
3 2040 473 3313 0.022335
3 2040 3313 2552 0.027904
3 2040 2292 473 0.016000
3 473 2292 1305 0.015411
3 473 1305 3313 0.030612
3 728 3201 645 0.131806
3 728 645 786 0.117760
3 184 2617 3615 0.209541
3 2102 2559 3245 0.266524
3 3245 2559 2587 0.336704
3 3245 2587 3666 0.458721
3 1965 2434 3304 0.413915
3 1965 3304 1110 0.410322
3 3351 1965 1110 0.526953
3 1965 2559 2434 0.407701
3 2641 386 2389 0.436855
3 3819 2389 386 0.175008
3 1528 2610 2251 0.081825
3 3400 1457 2389 0.279726
3 232 1489 3400 0.279766
3 3388 2237 2553 0.063867
3 2553 2237 558 0.067762
3 558 2237 3277 0.046281
3 3277 2237 2552 0.040064
3 2552 1361 3277 0.088514
3 3201 3277 1361 0.119232
3 612 1979 2587 0.656569
3 2664 2251 3819 0.146320
3 1528 2251 2664 0.275855
3 2696 838 1969 0.211111
3 1912 915 3376 0.647602
3 915 2011 3376 0.514517
3 2385 3285 1088 0.287720
3 3285 2385 2523 0.231175
3 1088 3127 3047 0.436674
3 2385 1088 3047 0.274261
3 3371 2648 3127 0.519446
3 2693 2500 2435 0.603792
3 2435 2500 932 0.544197
3 2771 2529 2074 0.779438
3 271 2681 3536 0.756679
3 271 3536 3747 0.892623
3 310 3290 2681 0.460810
3 1820 1761 3487 0.541867
3 1761 1225 3487 0.446468
3 2184 349 3319 0.247153
3 1354 2184 3319 0.273621
3 1354 1016 2184 0.300962
3 349 2184 3722 0.243489
3 1898 412 155 0.018447
3 1898 155 468 0.022195
3 468 155 1741 0.049575
3 468 1741 465 0.065107
3 465 1741 1010 0.126212
3 465 1010 908 0.134464
3 1741 155 320 0.050480
3 1898 468 1793 0.025686
3 1793 468 465 0.027365
3 1793 465 908 0.038903
3 1793 2817 1898 0.016040
3 1898 2817 2469 0.021009
3 1244 1232 983 0.154154
3 2594 2453 983 0.134783
3 2453 2594 140 0.070039
3 2453 140 2940 0.245158
3 2452 2373 3049 0.055767
3 2452 3766 2350 0.037393
3 2452 2350 2373 0.051011
3 3616 157 3470 0.020359
3 2417 3616 3470 0.017018
3 1399 823 450 0.029109
3 1399 450 3710 0.042701
3 1399 3710 10 0.053377
3 450 823 3776 0.041979
3 3570 1771 2721 0.027169
3 2720 209 2721 0.016221
3 361 2508 1107 0.019457
3 361 1107 1321 0.018433
3 361 1321 3680 0.040191
3 3680 1321 988 0.066476
3 581 2826 2055 0.026727
3 361 581 2055 0.017235
3 2055 2508 361 0.017119
3 1340 2420 975 0.561172
3 3647 975 2420 0.399570
3 746 2461 2580 0.610450
3 2461 746 1874 0.482780
3 2039 1699 264 0.767688
3 341 2409 59 0.202762
3 341 59 2192 0.172607
3 185 197 2409 0.190667
3 59 2409 197 0.191675
3 59 197 2192 0.168593
3 2192 1177 341 0.187878
3 341 1177 1370 0.313611
3 341 1370 2409 0.284001
3 2409 2602 185 0.257024
3 3078 185 2602 0.227679
3 2734 392 3078 0.151174
3 311 392 845 0.079587
3 2730 50 2897 0.020848
3 3268 3547 3048 0.027007
3 3731 3048 3547 0.040689
3 3731 2979 3048 0.020605
3 1136 2962 3213 0.134147
3 2489 3132 3581 0.357242
3 1341 1195 3132 0.248435
3 3581 2174 1084 0.200899
3 1084 2174 1724 0.193089
3 1724 2174 2563 0.262838
3 1724 2563 2456 0.210234
3 1561 804 456 0.635656
3 207 1561 456 0.622382
3 1588 456 2213 0.689145
3 2985 2975 1300 0.393766
3 2975 62 2799 0.611781
3 62 2975 2985 0.581507
3 1624 1303 2799 0.493525
3 3311 2799 1303 0.631816
3 2159 2748 1597 0.512028
3 2088 2463 462 0.392521
3 2137 462 2463 0.372479
3 2415 2984 2463 0.033087
3 2415 2463 2677 0.080215
3 537 285 792 0.105562
3 792 285 3491 0.064142
3 285 537 761 0.100788
3 136 1589 418 0.038813
3 2466 418 1589 0.047710
3 1589 136 461 0.046844
3 461 136 1677 0.061207
3 500 2844 695 0.218633
3 500 695 2523 0.223244
3 2523 3552 500 0.167626
3 500 3552 1677 0.107516
3 1836 947 2466 0.120222
3 622 1589 461 0.040450
3 622 461 3552 0.045437
3 3552 461 1677 0.066159
3 343 751 1836 0.150721
3 2280 343 622 0.157209
3 622 343 1836 0.116049
3 751 2701 1836 0.205487
3 2701 947 1836 0.174374
3 587 3047 572 0.330822
3 572 2690 587 0.360510
3 587 2690 1325 0.299944
3 841 572 3047 0.424049
3 2241 199 460 0.478042
3 726 460 199 0.471973
3 726 199 3746 0.420870
3 758 2074 3333 0.634699
3 2529 3333 2074 0.685046
3 2736 3045 2338 0.905677
3 3602 2148 3298 0.941851
3 1151 3602 3298 0.887426
3 3254 152 1723 0.981430
3 3254 1723 1948 0.972744
3 1723 3008 1948 0.975555
3 3254 3747 152 0.959636
3 2790 1450 2857 0.863685
3 2168 2751 3536 0.886826
3 2168 1601 151 0.897042
3 151 2751 2168 0.942295
3 899 3109 1703 0.041834
3 3403 2733 2304 0.072294
3 2940 3355 2255 0.134371
3 2940 2255 2453 0.179622
3 771 1353 3718 0.017886
3 1078 550 643 0.030322
3 1736 1872 3710 0.007729
3 3710 2550 1736 0.007602
3 1736 2550 1487 0.006715
3 1487 2268 1736 0.005407
3 450 3776 2550 0.016051
3 450 2550 3710 0.018311
3 66 2002 2769 0.003990
3 2002 66 3316 0.003073
3 2721 2879 3570 0.030704
3 2244 3309 2862 0.016619
3 2862 3309 1127 0.030975
3 2258 1181 969 0.189760
3 2258 969 3647 0.219244
3 1034 3647 969 0.083694
3 1611 1539 2199 0.552765
3 2199 1539 637 0.629325
3 3596 268 1611 0.267525
3 3525 3428 942 0.069287
3 2192 683 3428 0.094019
3 3428 683 1182 0.047777
3 3070 2405 3350 0.012397
3 3070 2637 3269 0.017208
3 3070 3269 2405 0.014704
3 1619 1011 1600 0.018803
3 2212 2221 937 0.013016
3 3199 2183 3293 0.009596
3 390 3293 2183 0.008671
3 3352 1417 3433 0.104129
3 3547 2875 3433 0.153504
3 2150 2489 3581 0.282188
3 2489 2150 3532 0.292269
3 2489 3532 2875 0.256779
3 1084 2150 3581 0.290135
3 244 1724 547 0.172174
3 2456 2866 1553 0.201818
3 1561 1251 2670 0.477773
3 3013 1300 2932 0.602267
3 2932 681 2575 0.777131
3 2932 2575 1558 0.627334
3 2932 1558 3013 0.668299
3 2932 3311 681 0.791435
3 3546 663 243 0.819147
3 384 1655 3486 0.276370
3 2334 594 3398 0.039104
3 2422 2288 2037 0.059235
3 285 761 2364 0.040271
3 3491 285 1765 0.048222
3 2364 1765 285 0.052587
3 378 1351 1914 0.357759
3 2752 1914 1351 0.345726
3 378 913 1351 0.261408
3 659 755 598 0.106867
3 659 598 225 0.171576
3 3746 1552 1375 0.265517
3 2172 3333 2338 0.726622
3 3045 2172 2338 0.823228
3 2158 2079 2882 0.386663
3 2079 2158 205 0.567106
3 2079 1909 2882 0.365404
3 189 2643 3196 0.925292
3 2286 905 203 0.957958
3 1151 2813 3602 0.869721
3 3359 1391 2146 0.938932
3 3142 3359 3152 0.765563
3 1723 406 3008 0.984843
3 1334 2316 58 0.149894
3 1334 58 2234 0.219726
3 1694 58 2316 0.333270
3 58 1694 1975 0.458785
3 58 1975 2234 0.362185
3 2733 3714 2304 0.066351
3 2551 3635 968 0.139455
3 1990 27 3168 0.181183
3 27 2832 3168 0.328461
3 3168 3432 2482 0.105666
3 2482 3210 3168 0.069366
3 3168 3210 1990 0.153131
3 3745 1250 1381 0.057783
3 2708 1381 3432 0.130442
3 1531 842 1680 0.053332
3 1680 842 3745 0.031587
3 3438 2271 2398 0.019607
3 608 2398 1531 0.013570
3 2398 608 3438 0.011672
3 2550 1048 1487 0.007883
3 1487 1048 2225 0.007081
3 2268 1487 2513 0.004785
3 1940 3022 3232 0.004375
3 3316 1782 1791 0.005919
3 229 1308 114 0.003349
3 3146 114 1308 0.003760
3 1308 229 2375 0.004100
3 84 1662 3243 0.020093
3 99 3243 1662 0.014108
3 1826 99 1662 0.023744
3 3582 3374 2847 0.140401
3 3582 2847 2320 0.132940
3 1342 487 843 0.544070
3 1342 3336 487 0.509215
3 789 487 3336 0.460200
3 487 1707 843 0.486614
3 789 1707 487 0.492660
3 1707 789 1419 0.322127
3 950 674 446 0.488743
3 446 3563 950 0.574257
3 674 950 1154 0.449682
3 1945 2413 2400 0.157334
3 2400 2413 1150 0.120981
3 748 2272 2444 0.005260
3 748 2444 1821 0.005294
3 1956 2272 3350 0.006663
3 3350 2272 3070 0.007271
3 1956 2087 1857 0.002051
3 1956 1857 3004 0.002388
3 1956 3350 2087 0.004865
3 3004 853 3519 0.002256
3 1913 2078 2803 0.007522
3 1913 2803 2569 0.009084
3 2078 1913 825 0.012184
3 162 3095 1248 0.143347
3 1553 1046 547 0.248638
3 1494 1046 1553 0.160050
3 1046 244 547 0.229561
3 3532 2150 367 0.261598
3 3532 367 2512 0.265406
3 2128 2893 3095 0.579749
3 3095 2893 2945 0.277942
3 474 2992 3688 0.409374
3 474 3688 826 0.610380
3 474 826 3442 0.796598
3 967 474 3442 0.714359
3 474 967 2487 0.746321
3 474 2487 2992 0.735304
3 1535 2138 1977 0.403373
3 1002 2337 2793 0.339413
3 3203 2989 2851 0.550243
3 3218 1291 345 0.311055
3 3218 345 814 0.403615
3 2801 2428 1468 0.092346
3 2801 1468 1469 0.072589
3 2428 2801 3334 0.085391
3 3425 2218 2801 0.045223
3 3540 2218 3425 0.080778
3 2801 2218 693 0.056420
3 2288 163 1981 0.079162
3 163 2288 2863 0.103662
3 3772 3577 3390 0.089253
3 496 1602 3429 0.237618
3 496 3429 1599 0.292957
3 2233 1909 2079 0.387256
3 2233 353 2460 0.335536
3 2460 353 1894 0.282777
3 253 1894 3429 0.206668
3 353 2233 3377 0.430091
3 3377 2233 2079 0.466712
3 3377 871 3039 0.568928
3 2460 1894 2392 0.281025
3 2392 1894 253 0.224260
3 2392 1909 2460 0.199527
3 2460 1909 2233 0.300636
3 1391 3359 559 0.936369
3 774 1960 2657 0.770551
3 1960 774 640 0.896568
3 559 1960 640 0.880844
3 1960 559 3359 0.901077
3 1623 3299 1935 0.665389
3 1935 1726 1623 0.659342
3 3299 1623 2041 0.530469
3 3142 3152 1726 0.689951
3 873 3071 2395 0.615461
3 1943 3240 1549 0.815655
3 1549 3240 2924 0.746583
3 65 2119 1022 0.307639
3 65 3520 2119 0.228490
3 2119 3520 2609 0.234107
3 2279 1895 387 0.033740
3 2279 387 593 0.027732
3 1880 597 1895 0.034491
3 1880 1895 1486 0.041235
3 39 3174 1844 0.304613
3 3714 39 1844 0.154295
3 1869 717 2480 0.400700
3 44 968 2957 0.248301
3 968 44 3714 0.166927
3 2957 3347 891 0.309767
3 395 3058 3138 0.389120
3 395 3138 3677 0.556217
3 3677 3058 395 0.333502
3 876 3138 3058 0.444274
3 1024 1189 944 0.135473
3 103 944 1189 0.151701
3 1189 3092 1333 0.090541
3 3092 1189 1980 0.139269
3 1381 305 3432 0.065787
3 3432 305 2136 0.074685
3 3638 3294 368 0.046554
3 3294 3271 368 0.096412
3 3271 1530 368 0.165084
3 1940 3232 441 0.003531
3 1940 441 2225 0.005875
3 1791 1782 1652 0.004123
3 906 1525 1638 0.006289
3 1525 906 2881 0.006169
3 2881 906 3382 0.003174
3 2382 2295 3646 0.009353
3 2382 3646 1534 0.007397
3 1534 3646 2796 0.009697
3 903 3764 1474 0.008349
3 2178 134 1704 0.026696
3 1704 973 2178 0.035308
3 1704 134 1826 0.030374
3 1826 2320 1704 0.037005
3 1704 2847 973 0.066939
3 1342 3608 2944 0.684045
3 1342 2944 426 0.670310
3 1342 426 3336 0.638529
3 789 3336 1659 0.321220
3 789 1659 1419 0.198876
3 1081 446 2977 0.442010
3 446 1081 3563 0.530205
3 1081 2112 583 0.287520
3 1081 2977 2112 0.256596
3 1477 2054 3117 0.048704
3 2054 1477 1401 0.047174
3 1401 1006 2054 0.058351
3 2054 1006 3093 0.084791
3 2054 2534 3117 0.037856
3 250 3519 3771 0.008134
3 1609 927 3248 0.003504
3 3360 2026 1609 0.001554
3 1609 2026 927 0.003082
3 2082 1733 2578 0.003519
3 2578 1733 898 0.003124
3 2578 898 2803 0.002829
3 3549 3328 2481 0.002422
3 3549 2481 740 0.003455
3 3123 1067 2078 0.012387
3 740 1067 3123 0.010193
3 3751 3238 1831 0.109819
3 1831 91 3236 0.058168
3 1985 2180 1714 0.265826
3 2180 3688 2992 0.246512
3 2180 2992 1714 0.260031
3 1938 967 1977 0.532068
3 1938 2487 967 0.681779
3 2487 1938 142 0.616004
3 142 2992 2487 0.446744
3 887 2992 142 0.362858
3 2138 3531 546 0.301945
3 1977 2138 546 0.327355
3 3796 2015 1201 0.195014
3 2015 2783 1201 0.088727
3 2182 3426 2347 0.496816
3 1756 2347 3426 0.357180
3 2210 2347 1756 0.302898
3 1080 2092 2576 0.607867
3 1080 1547 2092 0.601531
3 1291 2969 2179 0.136279
3 2173 665 2969 0.074352
3 2969 665 2179 0.085910
3 2179 665 1178 0.099976
3 2176 1468 2428 0.074685
3 2043 1465 218 0.033731
3 218 1465 3217 0.024657
3 2043 2009 2532 0.065149
3 2043 2532 1465 0.045191
3 3064 2009 158 0.080840
3 2005 1431 3540 0.138971
3 2005 3540 2628 0.131067
3 2861 1395 1455 0.052243
3 2075 117 1142 0.167753
3 1142 117 3795 0.351778
3 3377 2003 353 0.364141
3 1894 2003 3429 0.203316
3 555 1583 3176 0.810424
3 3176 1583 2785 0.724313
3 555 445 1583 0.786060
3 55 1219 147 0.848090
3 147 1087 3194 0.898878
3 3194 1087 3119 0.771275
3 2426 922 3166 0.956708
3 2426 3166 2912 0.920919
3 922 3244 1386 0.976235
3 3166 1386 3193 0.976720
3 802 1386 3244 0.977636
3 802 3244 507 0.986190
3 507 2970 802 0.972032
3 1386 802 3193 0.977760
3 1717 1176 3193 0.939755
3 1587 2698 775 0.898616
3 775 2698 1893 0.842107
3 315 1943 2141 0.807009
3 315 2141 1560 0.812269
3 1943 3038 2141 0.693982
3 2395 192 2902 0.310685
3 2902 2041 2395 0.381517
3 2395 1645 2657 0.636407
3 2395 2657 192 0.489670
3 192 2976 2902 0.462124
3 3717 116 2141 0.750539
3 116 3717 1585 0.659552
3 3520 1352 2609 0.264313
3 2131 595 1287 0.047819
3 1903 2131 1287 0.038272
3 1903 438 2131 0.041304
3 2131 23 595 0.087487
3 387 1895 597 0.031107
3 387 597 1903 0.025240
3 438 1903 597 0.024781
3 23 1358 3443 0.119292
3 1358 297 3443 0.149062
3 1869 2480 2644 0.212730
3 1869 2644 3773 0.140357
3 2355 1844 682 0.343657
3 682 1844 3174 0.348062
3 682 2335 2355 0.345774
3 2355 2335 717 0.405423
3 891 3774 3174 0.302925
3 2495 2440 876 0.477845
3 764 1304 2495 0.346846
3 764 2495 876 0.394645
3 1433 1347 354 0.234883
3 354 764 1433 0.326030
3 1433 764 876 0.397400
3 3092 3271 1333 0.112733
3 1333 3271 2167 0.106492
3 1520 1620 3020 0.031160
3 1520 2762 1620 0.029189
3 2762 1520 3753 0.123647
3 246 772 1023 0.014634
3 3638 1023 772 0.034442
3 3112 3295 2303 0.026663
3 3762 1687 2981 0.045537
3 1525 3370 1638 0.012414
3 1268 118 1875 0.018768
3 1268 1875 1984 0.025276
3 3618 1984 1875 0.007013
3 2439 2870 1267 0.012786
3 2439 1267 1630 0.006352
3 1630 1267 2881 0.004980
3 2796 1785 1093 0.022360
3 1093 1785 1385 0.034222
3 1093 1385 2871 0.040751
3 903 3752 3186 0.011161
3 3339 1401 575 0.015857
3 2911 3339 575 0.010054
3 1436 2049 233 0.198971
3 2049 1436 3099 0.315215
3 1436 233 599 0.116087
3 1750 1659 3336 0.343289
3 3336 426 1750 0.592085
3 426 2944 1750 0.667929
3 1750 2944 2427 0.451603
3 1750 2427 1659 0.290307
3 1401 2189 575 0.014177
3 575 2189 756 0.011723
3 389 3411 1999 0.007273
3 1999 3411 2986 0.007231
3 2362 1009 875 0.006170
3 455 2362 3314 0.009864
3 927 455 3314 0.008260
3 3314 2362 875 0.009941
3 15 373 372 0.004721
3 372 373 1817 0.002869
3 372 1817 57 0.002695
3 2362 372 57 0.003096
3 373 3329 1817 0.003434
3 372 2362 455 0.005126
3 372 455 15 0.005206
3 15 188 373 0.004305
3 373 188 3329 0.004044
3 1817 3329 1543 0.004447
3 1817 1543 57 0.003766
3 524 2956 2471 0.059946
3 524 1700 2956 0.043099
3 3159 1264 1760 0.008624
3 1760 1264 2887 0.018371
3 2082 2578 3328 0.002614
3 1861 2887 3123 0.018354
3 1861 2605 2887 0.025306
3 238 3286 2083 0.055731
3 238 2083 3031 0.047301
3 2899 1920 3676 0.138748
3 1920 2899 3587 0.139805
3 1920 3587 254 0.107308
3 887 2899 1714 0.287938
3 1714 2899 3676 0.234948
3 530 142 1938 0.519273
3 1838 530 1938 0.294094
3 734 530 3587 0.095444
3 1838 3587 530 0.173770
3 530 734 142 0.229913
3 3531 1824 546 0.315998
3 546 1824 3587 0.294389
3 868 1393 1686 0.088356
3 2668 278 3288 0.073874
3 1846 2188 769 0.058702
3 2188 1846 3818 0.061048
3 1759 3685 1756 0.173770
3 970 2156 3296 0.406166
3 970 3296 935 0.248600
3 1663 2999 3652 0.772901
3 1663 3715 1567 0.768554
3 1663 1567 2999 0.742743
3 1692 909 3523 0.598486
3 1692 3523 3715 0.577538
3 909 535 3523 0.658068
3 2576 2994 909 0.626161
3 2694 2179 2858 0.211741
3 1510 1998 3226 0.191736
3 2313 3217 656 0.117062
3 1937 3023 2923 0.084300
3 3661 3305 3395 0.640491
3 3395 3305 1742 0.415697
3 2067 1742 3305 0.233564
3 2067 3305 3354 0.115368
3 69 2740 2785 0.646578
3 69 2919 2740 0.633882
3 1199 69 1583 0.728480
3 1199 1583 464 0.784397
3 1583 69 2785 0.656607
3 1199 464 3335 0.876483
3 3654 1199 3335 0.885625
3 3335 479 3654 0.885312
3 3001 3379 1505 0.810117
3 3227 996 2846 0.811865
3 996 3227 443 0.762074
3 443 3227 277 0.791537
3 3119 1515 3158 0.791187
3 309 445 555 0.901484
3 555 1916 309 0.853078
3 309 1916 1087 0.824586
3 1087 1219 309 0.874773
3 309 1219 445 0.886749
3 3087 3515 2912 0.826174
3 3087 1176 3785 0.874115
3 3648 2849 3279 0.784599
3 3648 3279 1598 0.867759
3 1893 805 775 0.834427
3 775 805 131 0.819753
3 805 1932 1887 0.696664
3 805 1887 131 0.707250
3 131 1587 775 0.815491
3 805 1893 1932 0.759172
3 3648 131 1887 0.713756
3 131 3648 1587 0.819558
3 3178 3564 1414 0.694053
3 3564 273 3785 0.686121
3 1380 3785 273 0.794967
3 1352 3520 1679 0.196263
3 1352 1679 949 0.168540
3 325 3636 3443 0.062975
3 1545 2626 3077 0.775081
3 2377 3077 2626 0.745280
3 1747 2151 2050 0.284770
3 2050 2151 3560 0.291769
3 2050 3560 3566 0.335326
3 3781 3791 708 0.048350
3 2076 3469 1801 0.059922
3 2076 1801 3051 0.014653
3 2076 3051 2691 0.029518
3 1801 1620 1104 0.011336
3 1620 3469 3020 0.073037
3 2349 3543 3051 0.101091
3 2349 2762 3543 0.064891
3 3543 521 3051 0.095796
3 2372 405 3025 0.015329
3 2372 3753 405 0.031031
3 405 3753 616 0.027739
3 405 616 3025 0.020742
3 3025 616 3024 0.017106
3 1023 3791 222 0.026794
3 3191 614 2264 0.052715
3 3191 2264 3112 0.053436
3 2264 614 3441 0.036110
3 3391 178 2175 0.147083
3 2871 3454 2678 0.015944
3 1702 3370 3618 0.010696
3 1702 3618 3479 0.012975
3 3362 2870 828 0.019699
3 3362 828 3479 0.020908
3 3479 3618 3362 0.015299
3 2950 2247 1140 0.012218
3 2247 2950 1533 0.010544
3 2511 1140 2247 0.015767
3 2871 1385 3357 0.021961
3 671 2411 1498 0.012597
3 671 204 2411 0.006113
3 2411 3225 1498 0.015652
3 3794 1737 1701 0.002757
3 1009 2010 2660 0.004593
3 1009 2660 875 0.004452
3 3306 2010 1794 0.007799
3 2756 3137 1179 0.019676
3 1632 1179 3137 0.015562
3 3137 2756 3220 0.043611
3 283 1809 2162 0.007388
3 3225 3794 2162 0.008563
3 1069 3484 1809 0.078195
3 3484 3225 2162 0.031629
3 3484 2162 1809 0.021228
3 3794 1146 2162 0.005136
3 283 2162 1146 0.005183
3 1846 2808 1661 0.024863
3 1846 614 3191 0.042375
3 614 1846 1661 0.033219
3 614 1661 3441 0.032257
3 2601 211 2808 0.034180
3 211 2601 796 0.027680
3 796 1661 211 0.018101
3 211 1661 2808 0.027056
3 3441 1661 796 0.013470
3 569 294 1967 0.185082
3 294 569 1511 0.074406
3 121 294 1511 0.110723
3 294 282 1967 0.196613
3 282 294 3598 0.189531
3 121 3598 294 0.140136
3 1567 1412 2999 0.790271
3 2999 3625 3652 0.748933
3 1412 3239 1090 0.783594
3 1412 1090 2999 0.760754
3 2999 1090 3625 0.798584
3 1644 3182 1413 0.755672
3 175 1413 1153 0.812286
3 1153 1413 3182 0.718856
3 1766 2607 3373 0.762677
3 1766 753 2607 0.712121
3 379 1766 206 0.645369
3 379 206 3226 0.474434
3 2060 379 3226 0.367176
3 379 2060 753 0.362754
3 379 753 1766 0.649636
3 2044 321 846 0.243695
3 397 2044 846 0.285892
3 2324 397 846 0.423155
3 2044 1901 321 0.130376
3 321 1901 1307 0.193683
3 321 1307 846 0.359803
3 2324 3076 397 0.640430
3 397 3076 5 0.638004
3 397 5 2044 0.405207
3 1901 3354 1307 0.090033
3 3332 529 925 0.753934
3 279 3332 3661 0.823670
3 925 3661 3332 0.808446
3 279 488 3332 0.840250
3 3447 1371 111 0.838247
3 481 3734 3118 0.911245
3 3734 481 2868 0.929355
3 2930 2592 3324 0.865457
3 958 2930 1651 0.882465
3 2930 958 2592 0.840616
3 3001 1505 3324 0.818450
3 647 3197 1651 0.906087
3 647 3276 3197 0.882776
3 743 1749 2267 0.508431
3 743 1827 280 0.402901
3 743 280 1749 0.544870
3 2267 2741 743 0.293960
3 1932 1414 2849 0.571043
3 1414 3564 3279 0.692553
3 3785 3279 3564 0.739443
3 1827 3401 280 0.498112
3 938 3276 3401 0.822874
3 938 2561 3233 0.854380
3 1906 2836 2097 0.569971
3 1906 2097 2622 0.669614
3 2622 2097 2618 0.650104
3 2618 2097 2317 0.713590
3 2526 2878 3665 0.033582
3 2526 3295 2878 0.033554
3 3024 222 3791 0.030719
3 3024 3791 1593 0.025993
3 779 3011 2988 0.051881
3 779 3025 3011 0.031436
3 779 3543 3025 0.079567
3 2372 3025 3543 0.042107
3 3441 2361 2878 0.026661
3 2361 3441 3565 0.017755
3 3441 2878 2264 0.031186
3 2097 2276 1152 0.752281
3 2097 1152 2317 0.757205
3 3182 1165 1153 0.799775
3 3474 3506 3182 0.885033
3 3506 1865 3182 0.875819
3 3506 2498 1865 0.851266
3 141 424 2835 0.906147
3 424 492 2835 0.919892
3 424 141 3506 0.945268
3 673 3506 141 0.951192
3 424 3506 492 0.905909
3 667 2835 3373 0.869934
3 667 1003 680 0.947391
3 667 680 1480 0.959550
3 673 1480 3623 0.964330
3 196 680 1003 0.942224
3 1586 196 1003 0.956116
3 196 1586 787 0.938935
3 865 2423 1519 0.935171
3 997 3175 34 0.900399
3 488 3322 0 0.798654
3 488 0 2324 0.804159
3 1910 3526 2868 0.880140
3 3526 1910 3725 0.916658
3 1117 18 3233 0.906004
3 3233 18 3131 0.909419
3 3356 2521 1961 0.892031
3 3356 1961 18 0.915265
3 3356 18 1117 0.886111
3 3131 18 1961 0.915169
3 2622 3356 1805 0.811892
3 3356 2618 2521 0.850492
3 2618 3356 2622 0.774353
3 2618 2317 2521 0.757261
3 3623 1961 2498 0.959685
3 1175 196 787 0.968895
3 787 3623 1175 0.948954
3 1175 3623 1480 0.957449
3 1175 1480 680 0.960319
3 1175 680 196 0.963206
3 865 1519 1586 0.921306
3 3725 3623 3155 0.963644
3 879 2089 3799 0.164491
3 879 3799 3497 0.064476
3 1127 1306 3800 0.056603
3 1127 3800 2862 0.041212
3 2294 3590 3798 0.294654
3 2294 3798 685 0.358543
3 2486 3805 3801 0.662120
3 2486 3801 2301 0.698783
3 1687 3391 3802 0.136766
3 1687 3802 3818 0.083997
3 2834 3711 3803 0.289271
3 2834 3803 544 0.342377
3 1921 3819 3804 0.021800
3 1921 3804 1989 0.013969
3 1737 3567 3809 0.007045
3 1737 3809 3186 0.008133
3 855 3721 3805 0.695667
3 855 3805 3592 0.658583
3 3272 3046 3814 0.780548
3 3272 3814 3344 0.694865
3 679 2328 3806 0.596541
3 679 3806 3140 0.522349
3 3104 3327 3807 0.086742
3 3104 3807 3274 0.197468
3 2389 3819 965 0.106946
3 1997 1574 3813 0.011445
3 1997 3813 2401 0.008963
3 3679 1871 3808 0.143620
3 3679 3808 2947 0.166746
3 2070 2366 3812 0.749941
3 2070 3812 3211 0.711821
3 1986 3383 3815 0.050252
3 1986 3815 3701 0.061583
3 1060 2038 3811 0.065637
3 1060 3811 3783 0.087018
3 2166 3551 3816 0.042563
3 2166 3816 3769 0.052925
3 1842 1876 3817 0.292362
3 1842 3817 3750 0.305841
3 3364 417 3810 0.212334
3 3364 3810 1654 0.204101
