ply
format ascii 1.0
comment Generated by PyMesh
element vertex 4413

property float x
property float y
property float z
property float charge
property float hbond
property float hphob
property float nx
property float ny
property float nz
property uchar red
property uchar green
property uchar blue
element face 8826
property list uchar int vertex_indices
property float predict_score

end_header
-38.849 66.317 21.571 0.252467 0 -3.9 0 -0.46003 0.241658 12 12 255
-20.12 62.885 14.462 0.445517 0 -0.7 0 0.37584 0.837908 160 160 255
-27.5995 27.678 24.7025 -0.329031 0 -3.45925 0 -0.0268256 -0.380962 56 56 255
-48.951 52.961 15.5655 -0.300158 0 -3.5 0 -0.0174685 0.937208 21 21 255
-23.5435 55.858 24.7545 0.379791 0.0301921 1.69172 0 0.873694 0.232027 214 214 255
-22.2835 48.8165 31.0255 0.263277 0.476875 -4.5 0 0.276605 0.0985546 78 78 255
-39.427 64.363 2.9055 -0.523167 0 -3.40806 0 -0.9577 0.0157611 208 208 255
-18.011 51.8495 26.6755 1.05445 0.752378 -3.5 0 0.00995587 0.939482 63 63 254
-42.208 66.0925 15.782 -0.350906 0 -3.30625 0 -0.230568 0.930798 24 24 255
-21.735 58.795 4.073 -1.47997 -0.0212507 -3.5 0 0.795923 0.520645 104 104 255
-35.723 66.4085 0.348 -0.230371 0 -4.5 0 -0.0183411 0.0261037 95 95 255
-42.985 48.9785 6.0185 -0.317555 0 -0.8 0 -0.936258 -0.0696319 221 221 255
-16.451 37.1555 5.747 -0.15883 0 -4.5 0 -0.324795 -0.777737 17 17 255
-35.094 43.053 37.599 0.1587 0 -4.5 0 -0.139993 0.500612 11 11 255
-17.753 21.9225 21.282 0.23991 0 -4.5 0 0.374636 -0.615408 17 17 255
-34.989 65.7185 0.5695 0.493624 0 -4.5 0 0.216514 -0.315462 118 118 255
-11.7645 48.204 22.6885 0.397699 0.0582225 3.68499 0 0.83015 0.363911 14 14 255
-7.7895 42.951 12.7645 -0.998539 -0.804392 -3.5 0 0.602174 -0.534114 47 47 255
-33.0165 33.0915 9.153 -0.538541 -0.493372 0.613984 0 0.210771 -0.750236 255 46 46
-26.694 55.9535 -4.8555 -0.0456055 0 -3.37476 0 -0.852831 0.489289 82 82 255
-43.464 47.4975 9.9865 0.355625 -0.0432728 -1.6 0 -0.820187 0.508678 255 145 145
-40.041 71.0785 13.499 -1.28642 -0.39365 -3.5 0 -0.584173 0.571605 5 5 255
-30.0025 41.04 37.5015 0.30142 0 -4.5 0 0.496565 -0.306458 26 26 255
-25.6075 65.7205 3.483 0.170517 0.372334 -3.5 0 0.417151 0.538323 147 147 255
-39.984 30.25 18.667 0.524482 0.0202892 -0.818451 1 -0.854858 -0.361619 255 49 49
-37.133 38.779 23.573 0.014287 0 -3.5 1 -0.409606 -0.390509 255 11 11
-11.388 27.57 15.209 -0.7441 0 -3.5 0 0.873539 -0.252163 90 90 255
-37.389 20.422 15.373 -0.828709 -0.622218 -3.53099 0 -0.576125 -0.813512 255 142 142
-13.8815 30.0845 11.701 -0.0150991 0 4.2 0 0.104574 -0.486954 74 74 255
-19.6915 62.358 16.307 0.616549 0.834141 -0.7 0 0.469473 0.66504 121 121 255
-40.916 62.9995 6.765 8.98078 0 -0.8 0 0.135721 -0.976792 255 149 149
-42.226 43.308 21.951 0.479749 0.506374 -4.22872 0 -0.506446 -0.844233 255 121 121
-25.0905 65.569 13.025 -1.04398 -0.7424 3.8 0 0.51987 0.846197 169 169 255
-43.657 63.905 21.405 -0.218843 0 -3.9 0 0.649162 0.520188 5 5 255
-18.855 33.0865 6.6325 -0.929326 -0.260515 -3.5 0 0.827432 -0.267304 18 18 255
-29.917 64.842 1.344 0.575126 0 -3.5 0 -0.636304 -0.15505 103 103 255
-43.859 58.2015 26.6855 -0.0690067 0 -0.8 0 0.334148 0.751615 116 116 255
-14.8475 27.398 20.7155 -0.253545 0.367398 -4.5 0 -0.0367763 -0.983053 3 3 255
-35.155 38.1185 19.8498 -0.153774 -0.769118 -0.8 1 -0.965186 -0.114117 255 8 8
-17.751 37.033 31.016 -0.0636785 0 -0.4 0 0.684808 -0.288088 49 49 255
-20.582 28.127 10.462 0.138977 0 3.8 0 -0.131082 -0.317939 87 87 254
-12.243 44.2985 8.005 -1.13296 -0.221011 -3.5 0 0.789944 0.276905 84 84 255
-20.957 55.958 4.04 -0.199374 0 -3.5 0 0.972949 -0.0267961 82 82 255
-13.7385 54.539 9.0755 -0.789914 -0.905377 1.8 0 0.611332 -0.756305 36 36 255
-6.708 33.9935 15.8155 -0.596759 0 1.8 0 0.900877 0.415105 255 98 98
-35.928 41.75 37.729 0.325873 0.365276 -4.5 0 -0.569709 -0.200813 11 11 255
-18.007 46.149 8.937 -0.389202 -0 3.8 0 -0.342336 -0.138468 255 171 171
-19.721 53.272 27.413 0.379419 0 4.2 0 0.724319 0.593689 112 112 255
-6.714 32.9405 15.793 -0.469416 -0.0630157 1.44506 0 0.916121 -0.139667 255 189 189
-9.11 38.993 8.6925 0.531012 0.3236 1.65718 0 0.947692 -0.0769517 42 42 255
-37.215 66.741 3.344 -0.47424 0 -4.5 0 -0.970162 0.0886949 255 248 248
-28.978 23.808 12.186 -0.423638 0 1.9 0 -0.00399638 0.151552 154 154 255
-26.356 40.25 1.0735 -0.111536 0 4.2 0 0.210505 -0.00053626 26 26 255
-35.423 36.71 22.918 -0.719828 0.511143 -3.5 1 -0.459623 0.574789 255 6 6
-29.2705 62.453 10.876 -0.772523 -0.530658 -2.09609 0 -0.219105 0.579615 23 23 255
-11.951 29.6805 3.526 0.39786 0.198641 -4.5 0 0.517289 -0.582974 17 17 255
-30.873 60.4405 8.9195 -1.5019 -0.0467279 3.22245 0 0.213109 0.927374 65 65 255
-15.0155 25.4955 7.7055 -1.10906 -0.00577528 -3.5 0 0.71165 -0.245548 80 80 255
-14.46 24.895 9.2785 -1.08754 0 -3.5 0 0.894888 -0.394187 94 94 255
-30.418 60.7515 26.0155 0.349466 0 -4.5 0 0.359592 0.713177 1 1 255
-51.208 47.619 13.571 0.163719 0 1.8 0 -0.923013 -0.092318 70 70 255
-38.599 62.6415 6.0085 -0.0638215 0 1.8 0 -0.701288 -0.69533 254 254 255
-31.104 15.358 11.069 -1.37896 -0.853916 -3.5 0 0.128246 -0.604958 61 61 255
-40.612 29.136 13.563 0.0744591 0 -1.6 1 -0.939682 0.0735906 255 27 27
-42.43 29.909 24.581 -0.256121 0 -3.5 0 -0.843495 -0.460248 255 53 53
-23.074 36.1665 32.623 0.669333 0.296458 1.8 0 -0.439583 -0.206736 134 134 255
-46.2995 45.7175 14.05 0.314452 0.00665967 -0.839136 0 -0.592376 -0.591811 240 240 255
-15.971 34.323 21.8125 0.0730416 0 -4.5 0 0.284243 0.654111 6 6 255
-19.784 51.0335 31.997 -0.601942 -0.105216 -3.5 0 -0.132548 0.43954 77 77 255
-13.136 55.657 9.002 -0.952351 0 1.8 0 0.934671 -0.13955 46 46 255
-30.5235 15.039 11.907 -1.01256 0 -3.5 0 -0.0261133 -0.931742 67 67 255
-26.6475 29.7725 30.606 -0.63645 0 -0.9 0 -0.366237 -0.891453 29 29 255
-35.944 63.397 28.156 0.495598 0.690978 -4.5 0 0.157013 0.88732 8 8 255
-12.779 31.5645 2.953 0.0398037 0 -4.5 0 0.329106 0.361209 7 7 255
-15.5295 26.135 6.978 -1.34746 -0.0122651 -3.5 0 0.517925 -0.0203379 59 59 255
-25.9925 46.2965 37.1775 0.339955 0.235197 -4.5 0 0.027469 0.145068 87 87 255
-31.341 14.253 17.8805 -0.393572 -0.59269 1.8 0 -0.00620661 -0.570171 31 31 255
-36.187 56.04 1.866 -0.292989 0 4.5 0 -0.886231 0.450156 255 210 210
-34.0905 51.814 28.6875 0.10586 -0.166878 -4.5 0 -0.0428616 -0.363774 14 14 255
-24.354 28.022 10.054 0.0468685 0 -0.4 0 0.154924 0.172404 87 87 255
-7.627 28.06 20.631 -1.59662 -0.0433205 -3.5 0 0.760616 -0.648028 15 15 255
-25.802 52.499 33.351 1.10753 0.602092 -4.5 0 0.236073 0.439531 4 4 255
-37.165 51.5075 -4.8045 0.0729463 0 1.8 0 -0.970653 0.234442 229 229 255
-9.202 41.221 7.088 0.169774 0.0691595 1.8 0 0.890872 0.440009 26 26 255
-12.423 39.1255 26.068 -1.28927 -0.185565 -3.5 0 -0.169154 -0.61065 43 43 255
-49.2465 47.408 21.836 -0.083667 -0.0997187 0.17446 0 0.0241972 -0.413217 255 223 223
-43.721 42.5455 29.913 -0.549948 -0.299547 -3.5 0 -0.995173 0.0872006 73 73 255
-32.286 62.6915 23.5705 0.652719 0.553768 -4.5 0 -0.0987435 0.911337 0 0 255
-9.2795 41.6838 12.0465 -0.458592 0 -3.35673 0 0.966242 -0.0366668 110 110 255
-20.029 50.918 -0.445 0.0757009 0 -3.9 0 0.801499 -0.3936 6 6 255
-42.9468 57.324 11.2668 0.134047 0 -0.4 0 -0.926093 0.377295 69 69 255
-30.1238 69.1035 2.917 -0.0962363 0 -4.5 0 0.3211 0.866434 71 71 255
-24.3905 54.4963 27.89 0.132307 0 -0.7 0 0.456424 0.692987 11 11 255
-35.979 39.4818 22.9255 -1.16461 -0.0757446 -3.5 1 -0.512282 -0.545155 255 8 8
-19.357 60.664 8.26 -0.364332 0 -3.5 0 0.109976 0.927951 115 115 255
-15.0548 39.2687 28 0.656766 0 2.48793 0 0.688676 -0.630022 29 29 255
-31.176 31.5865 29.5798 -0.315028 0 -0.9 0 -0.345159 -0.887181 129 129 255
-34.9027 49.8896 36.8155 0.312817 0 -0.4 0 -0.179129 -0.192735 17 17 255
-45.7315 67.0987 16.0053 -0.0516752 0 3.8 0 -0.0720574 0.885153 12 12 255
-43.5585 43.3155 11.1455 0.411416 0 -1.6 0 -0.633502 -0.689658 255 151 151
-20.5413 40.7025 5.2925 -0.269544 0 -4.5 0 -0.120638 0.207772 52 52 255
-50.3358 51.1978 23.4147 -0.324555 -0.037195 -1.6 0 -0.913838 0.376858 179 179 255
-33.625 50.725 33.8503 0.854227 0 -0.4 0 0.441721 0.41389 16 16 255
-38.087 36.4123 24.258 -0.217534 0 -0.7 1 -0.541448 0.571051 255 16 16
-23.98 29.544 29.9095 -0.0125234 0 -0.9 0 0.587694 -0.670662 46 46 255
-6.978 33.7565 13.6155 -1.3734 -0.563667 -3.5 0 0.708056 0.13424 255 128 128
-25.3895 54.3245 -7.099 -0.826975 -0.446655 -3.5 0 0.157332 -0.455131 69 69 255
-18.7188 40.737 30.9517 0.482295 0 1.27022 0 0.380281 0.109718 174 174 255
-35.532 68.615 5.88225 0.330889 0 -3.2 0 0.297626 0.954643 63 63 255
-36.4082 44.3543 31.4272 1.17154 0.134552 3.74513 0 0.909981 0.412844 11 11 255
-37.151 52.2735 -3.8755 0.262666 0.625323 1.8 0 -0.996576 0.0724314 255 229 229
-43.9385 65.696 7.517 0.520155 0 -0.8 0 -0.915319 0.334027 194 194 255
-47.0643 53.6842 13.217 -0.0803037 0 -3.5 0 -0.401439 0.858356 25 25 255
-9.912 38.7195 5.549 0.325601 0 1.8 0 0.714345 -0.633256 10 10 255
-27.674 25.609 24.978 -0.571933 0 3.8 0 0.33874 0.269529 95 95 255
-3.848 46.8885 14.612 -0.192723 -0.0215965 -3.5 0 0.843454 -0.166763 13 13 255
-12.101 23.511 16.8445 -0.485951 -0.0192817 -3.5 0 0.576524 -0.664395 9 9 255
-33.8775 58.276 1.25725 -0.113526 0 4.5 0 0.0478957 0.451127 103 103 255
-38.2012 39.2988 32.546 -0.871542 0 -3.5 0 -0.136864 -0.974874 71 71 255
-26.5895 62.997 17.23 0.160458 0 -0.579637 0 0.372706 0.927947 255 101 101
-41.227 57.46 7.2225 0.165121 0 1.8 0 -0.939604 0.241049 255 83 83
-25.494 20.9412 23.0133 -1.52289 -0.0824286 -3.2 0 0.173114 0.490012 22 22 255
-16.9595 53.6468 7.37475 0.131058 0 1.8 0 0.109617 -0.651616 178 178 255
-29.799 15.3095 17.8993 -1.41492 -0.0543588 1.8 0 0.213727 0.0291891 39 39 255
-16.3468 37.862 30.6735 -0.0196918 0 1.8 0 0.428328 -0.616562 68 68 255
-20.8818 47.5265 32.6092 0.739844 0.0757398 -4.5 0 -0.248162 0.511531 99 99 255
-15.7785 24.7976 7.51188 -1.00955 0 -3.5 0 0.524144 -0.243323 88 88 255
-10.0755 39.354 12.8258 -0.113191 0 -0.8 0 0.931498 -0.0306511 190 190 255
-23.9025 53.396 -6.4735 0.195574 0 -3.5 0 0.207437 -0.294596 40 40 255
-49.365 59.621 25.4185 0.167659 -0.0926208 -0.8 0 -0.802462 0.588812 36 36 255
-25.367 58.1355 -5.286 0.441768 0.890968 -3.5 0 -0.409286 0.897028 35 35 255
-10.2122 36.062 11.3515 -0.278904 0 -0.8 0 0.593103 -0.722064 172 172 255
-28.7521 69.3708 5.551 -1.10795 -0.041605 -4.5 0 0.71777 0.695067 102 102 255
-22.796 30.192 10.3735 0.0495278 0 -0.413418 0 0.0166169 -0.107764 52 52 255
-41.8985 62.4975 8.343 0.926229 0 -1.6 0 -0.0717197 -0.93304 255 183 183
-32.1982 37.4941 34.9958 0.815066 0 -4.5 0 -0.177741 -0.655982 20 20 255
-43.2573 51.855 29.7183 -1.13943 -0.012762 -3.5 0 -0.874272 -0.408827 41 41 255
-14.1503 41.2272 3.77675 0.587637 0.178393 -4.5 0 0.187513 0.981064 26 26 255
-39.44 29.068 25.587 0.376617 0 -3.5 0 -0.562383 -0.500806 255 76 76
-34.2878 50.0425 28.6373 0.507667 0 -1.6 0 0.0321483 0.0568999 11 11 255
-37.616 26.635 22.246 -0.511091 -0.277133 4.18161 1 -0.854394 -0.494276 255 125 125
-51.17 53.799 19.95 -1.54481 -0.923483 -3.5 0 -0.317277 0.447386 73 73 255
-37.368 66.313 4.593 -1.32723 0 -3.2 0 -0.821974 0.328041 255 249 249
-27.04 60.0345 0.586 -0.19214 0 -0.9 0 0.219351 0.00992017 40 40 255
-31.2458 59.1208 30.175 -0.0321531 0 -3.5 0 0.104992 0.259423 0 0 255
-31.7838 68.0368 6.437 -0.507142 -0.0632697 -4.5 0 -0.477019 0.364738 58 58 255
-37.3049 33.803 9.42475 -1.12588 0 1.9 1 -0.950404 0.294028 255 26 26
-13.7513 50.0687 11.0548 0.0148787 -0.688205 -0.7 0 0.553196 0.831043 12 12 255
-26.7728 28.5898 25.7932 -1.22019 0 -3.5 0 -0.255423 -0.816056 43 43 255
-9.8835 40.6 12.7937 0.128062 0 3.8 0 0.854141 -0.370987 160 160 255
-31.83 20.579 9.276 -0.393546 0 -3.2 0 0.0697329 -0.619751 157 157 255
-14.386 47.9735 29.983 -0.438766 -0.177514 -3.58057 0 0.934311 -0.0456078 21 21 255
-28.361 68.306 1.866 -0.926434 -0.0300701 -3.5 0 -0.0707443 0.685609 96 96 255
-16.664 54.7125 5.7535 0.0179915 0 1.8 0 -0.223914 -0.855978 83 83 254
-16.3722 29.9355 25.142 -1.15908 -0.0363286 -0.7 0 0.548 -0.236311 37 37 255
-30.8295 61.659 6.42525 -1.60838 -0.507352 2.46654 0 0.261299 0.343399 92 92 255
-48.3085 55.3223 21.3633 -0.332719 0 2.42991 0 -0.937561 -0.26957 50 50 255
-24.548 37.4615 32.542 0.00387028 0 -1.6 0 0.289204 -0.0396957 148 148 255
-44.327 44.093 13.021 0.719849 0 -3.5 0 -0.429527 -0.874806 255 158 158
-41.2798 42.5173 35.7135 -0.272523 0 3.8 0 -0.692511 -0.426258 3 3 255
-47.2589 62.9335 17.6537 -0.445352 0 -2.89668 0 -0.621603 0.763169 3 3 255
-29.431 21.238 12.2405 -0.673228 -0.205395 -1.77716 0 0.635812 -0.258268 103 103 255
-20.028 31.7965 30.697 0.0545482 0 -0.4 0 -0.120359 -0.72237 7 7 255
-39.314 48.225 35.6982 -0.141057 -0.0314864 -1.6 0 -0.0202648 -0.170696 12 12 255
-16.0292 51.9144 24.5405 -0.786736 -0.183233 -0.4 0 -0.401988 0.898542 49 49 255
-23.659 19.7735 11.29 0.520406 0 -3.9 0 0.336299 -0.0556335 44 44 255
-28.843 64.799 15.14 0.0520539 0 -0.7 0 0.256973 0.947964 189 189 255
-26.6275 15.239 17.544 0.318016 0 -3.2 0 -0.320625 -0.94643 21 21 255
-38.369 58.32 4.867 -0.0367084 0 1.8 0 -0.200817 -0.058743 255 131 131
-42.3667 66.5305 12.269 0.0637244 0 -1.46194 0 -0.411612 0.911359 158 158 255
-51.6473 52.8643 19.7367 -1.99388 -0.320902 -3.5 0 -0.644304 0.157002 105 105 255
-38.155 23.4485 20.647 -0.341666 0 0.145134 1 -0.651797 0.501884 255 103 103
-34.5783 54.4601 29.72 0.334205 0 -4.5 0 0.422237 -0.219079 39 39 255
-16.1725 51.0983 31.5492 0.316962 0 -3.5 0 0.19916 0.0779975 149 149 255
-23.5105 61.2188 3.51475 -0.55056 0.445217 -4.30716 0 0.72508 0.623482 49 49 255
-34.431 44.7395 3.5235 0.472706 0.0673863 -4.5 0 -0.204171 0.0426913 154 154 255
-30.406 34.888 32.2135 0.909263 0.699809 -0.9 0 -0.354028 -0.236678 62 62 255
-19.9865 34.8645 33.1425 0.0191464 0 1.8 0 0.114787 -0.890975 38 38 255
-44.1022 63.957 11.35 0.226181 0 -1.6 0 -0.905263 -0.00706309 123 123 254
-15.9255 53.3915 7.9425 -0.00506111 0 1.8 0 0.407588 -0.882527 127 127 255
-20.189 52.8955 4.57675 -0.542508 -0.203652 1.8 0 0.919212 0.37412 70 70 255
-31.656 17.694 29.691 -0.589664 -0.920287 -3.5 0 -0.501669 -0.852749 255 192 192
-16.9385 45.6505 32.2315 0.87818 0 -4.5 0 0.187062 -0.343138 91 91 255
-9.36475 41.3543 24.5998 0.315033 0 -3.5 0 0.97515 -0.133878 18 18 255
-35.7 22.2255 27.878 -0.681244 -0.690143 -3.5 1 -0.747059 0.339306 255 73 73
-9.70775 40.5622 25.1145 0.25794 0 -3.5 0 0.757126 -0.503114 27 27 255
-9.846 42.2993 26.3265 0.0615412 0 -3.5 0 0.704745 0.0431085 20 20 255
-38.9905 27.891 12.531 0.252476 0 -1.6 1 -0.483845 -0.5352 255 45 45
-36.5565 44.087 4.393 0.481672 0 -4.5 0 -0.483675 -0.562323 112 112 255
-32.7948 15.2793 21.5952 0.237913 0 -4.5 0 0.100126 -0.784112 145 145 255
-45.095 42.881 19.56 0.487814 0 1.9 0 -0.346693 -0.789883 155 155 255
-23.3065 21.7005 10.448 -0.305692 0 -0.7 0 0.0616532 -0.579748 137 137 255
-16.7015 61.1128 14.2002 0.439057 0 -4.5 0 0.575934 -0.122049 31 31 255
-27.2 45.739 -0.912 0.283714 0.465861 -3.5 0 -0.550984 -0.77261 61 61 255
-23.3407 57.4455 -4.4235 0.38409 0 -3.5 0 0.690365 0.722651 30 30 255
-46.8815 60.6758 24.1938 -0.0054462 0.441379 -0.8 0 0.0535967 0.679224 12 12 255
-19.028 55.3805 15.8177 -0.677229 0 1.9 0 0.873155 0.0809647 6 6 255
-40.648 39.438 31.319 -1.14379 0 -3.5 0 -0.140665 -0.911508 96 96 255
-20.5438 32.4507 31.302 -0.942856 0 -0.4 0 -0.144266 -0.537921 7 7 255
-39.0407 34.0202 27.3211 -0.612204 0 -0.7 0 -0.767068 -0.0119291 255 51 51
-11.331 37.7192 4.19375 0.590312 0.206321 -4.5 0 0.952828 -0.294311 10 10 255
-32.283 60.788 29.112 -1.2645 -0.378439 -3.5 0 0.352898 0.683357 3 3 255
-32.989 58.4365 29.883 -0.558688 0 -3.5 0 -0.0121266 -0.184443 8 8 255
-16.3785 21.1238 17.9905 0.731757 0 -4.5 0 0.473889 -0.874994 11 11 255
-25.82 14.867 16.145 0.198239 0 -3.2 0 -0.406929 -0.86959 17 17 255
-44.423 44.83 26.2275 0.755662 0 -4.42395 0 -0.83555 -0.30961 81 81 255
-20.3259 39.2111 4.64237 -1.33475 0 -4.5 0 -0.151284 0.0929197 12 12 255
-50.3293 47.0477 21.1777 0.0202295 0 -0.8 0 -0.551209 -0.503406 255 233 233
-39.3312 34.8951 26.8371 -0.68877 0 -0.7 0 -0.76698 0.035613 255 36 36
-32.7865 60.4473 1.71312 -1.62165 -0.0513019 4.5 0 0.0196731 0.150632 74 74 255
-43.8815 52.3181 28.5954 -0.0789334 0 -3.5 0 -0.775065 -0.279279 59 59 255
-18.556 34.043 6.972 -0.0678802 0 -3.5 0 0.76609 -0.43558 23 23 255
-39.101 51.958 35.81 0.141485 0 -1.6 0 0.0970785 0.565531 20 20 255
-8.445 45.338 16.1725 0.414483 0 -3.86798 0 0.569 0.0114658 6 6 255
-35.2443 14.345 16.64 -0.0573732 0 1.8 0 -0.917265 -0.215353 82 82 255
-42.4705 58.3242 26.066 -0.492745 -0.205263 -0.4 0 -0.261251 0.793729 116 116 255
-20.2385 20.028 13.137 -0.0808156 -0.0549744 -3.86325 0 0.428963 -0.629635 24 24 255
-34.6225 15.689 21.999 0.741845 0.733771 -4.5 0 -0.511995 -0.794985 193 193 255
-15.4735 32.2105 5.3985 0.345259 0.469129 -4.5 0 -0.966073 -0.187839 43 43 255
-12.578 29.7895 2.7265 0.521341 0.45153 -4.5 0 0.480304 -0.366425 12 12 255
-50.5798 49.9157 10.3802 0.414751 0 -3.5 0 -0.703568 -0.506088 37 37 255
-39.4385 38.676 12.4675 0.214829 0 4.2 0 -0.926197 -0.102623 255 18 18
-37.1372 32.09 15.8223 0.248405 0 -1.6 1 -0.573632 0.810066 255 49 49
-25.8805 56.0145 28.5365 -0.290335 0 -0.7 0 0.735403 0.0135866 3 3 255
-31.3105 28.4398 26.184 0.136531 0.675285 -3.5 0 0.275977 -0.732958 255 175 175
-37.443 19.43 27.285 -0.105163 0 -3.5 1 -0.60855 0.116784 255 51 51
-32.5731 42.3823 37.9266 0.147657 0 -4.5 0 0.137805 0.433745 15 15 255
-11.0035 48.018 10.9955 -0.036644 0 -0.8 0 0.784751 0.24392 25 25 255
-45.198 46.449 30.889 0.250263 0 -4.5 0 -0.957304 -0.10646 29 29 255
-29.2185 46.9282 0.86425 0.501759 0.0213575 3.974 0 -0.262491 -0.810892 197 197 255
-20.1075 62.5418 10.3813 0.0929565 0 3.65637 0 0.577486 0.524289 93 93 255
-33.929 27.6395 27.1663 -0.504872 0 4.2 0 0.694432 -0.277003 255 110 110
-14.7808 39.0252 1.33738 0.638638 0 -4.5 0 0.13087 -0.0890376 28 28 255
-32.6707 17.1318 13.9645 -0.997204 -0.0432136 -3.5 0 -0.866332 -0.17559 81 81 255
-20.8175 49.38 3.7605 0.0408783 0 1.8 0 0.89176 -0.379032 104 104 255
-23.839 62.95 2.125 -0.438769 0 -3.5 0 0.99406 0.0499051 63 63 255
-39.5895 36.827 10.982 0.0787312 0 4.2 1 -0.944776 -0.288944 255 32 32
-42.7875 50.394 34.392 0.00252756 0 -1.6 0 -0.96233 0.173048 17 17 255
-43.2465 48.748 4.987 -0.100105 0 -0.8 0 -0.975447 -0.156909 178 178 255
-20.936 37.3867 34.9277 0.0120281 0 1.8 0 -0.123053 0.312909 195 195 255
-51.2067 47.3872 14.8025 0.284281 0 1.8 0 -0.927739 -0.356547 82 82 255
-37.2573 56.7645 30.5095 0.724892 0.741663 -4.5 0 -0.526995 0.258719 47 47 255
-24.461 39.3327 1.65375 -0.453055 -0.52866 -3.5 0 0.192681 0.614774 27 27 255
-19.1365 51.762 26.265 0.465674 0.0322175 -3.27626 0 0.426042 0.868186 120 120 255
-21.5023 58.9725 5.164 -0.536635 -0.100863 -3.5 0 0.561567 0.794947 158 158 255
-17.556 37.821 3.922 0.425244 0 -4.5 0 -0.367817 -0.826079 7 7 255
-41.993 67.598 5.502 0.293956 0 -0.8 0 0.340353 0.876565 122 122 255
-34.2315 57.124 -0.549 -0.0264965 0 -1.6 0 -0.0745924 0.91023 255 213 213
-32.0703 50.9302 29.0282 0.57843 0 -4.5 0 -0.686558 -0.0750687 12 12 255
-36.1686 35.879 33.4915 -0.355147 0 -3.5 0 -0.542212 0.303298 78 78 255
-31.9792 20.8608 31.1863 0.0976838 0 -3.5 0 -0.207313 0.107683 255 210 210
-28.308 61.4095 21.5645 0.782135 0 1.8 0 0.0320967 0.904108 96 96 255
-42.261 30.895 24.95 -0.513402 0 -3.5 0 -0.898458 0.0791766 255 26 26
-41.5563 47.065 34.778 0.481687 0 -1.6 0 -0.804509 -0.0752986 12 12 255
-41.623 61.568 24.258 -0.266291 0 -3.5 0 -0.362636 0.547433 26 26 255
-14.6235 52.3652 19.4842 1.39462 0 -3.9 0 0.255661 0.871042 10 10 255
-19.776 20.033 18.42 -0.923182 -0 -3.9 0 0.64968 -0.56663 32 32 255
-31.3445 60.606 26.825 -0.110793 0 -3.6961 0 0.420878 0.82817 1 1 255
-14.0495 52.343 21.993 1.74514 0.575197 -3.9 0 0.525364 0.82931 54 54 255
-39.072 42.4565 14.6882 1.11289 0.445191 -4.5 0 -0.16066 -0.982674 255 57 57
-41.161 41.271 19.262 0.474529 0 1.8 1 -0.496023 -0.80271 255 40 40
-17.7996 22.7756 8.28988 -0.165874 0 -3.5 0 -0.417585 -0.59116 73 73 255
-40.7515 64.4717 4.07825 1.43989 0 -0.8 0 -0.135643 -0.2197 175 175 255
-32.3735 19.728 31.0025 0.0978759 0 -3.5 0 -0.335993 -0.0997997 255 126 126
-39.433 48.8505 2.4895 -0.446719 -0.460403 -2.68389 0 -0.282745 -0.0851917 255 230 230
-34.0815 69.7095 11.738 -1.34227 -0.00420279 -3.5 0 0.908708 0.0444265 17 17 255
-23.113 31.753 30.7605 -0.00861638 0 -0.472268 0 0.58426 -0.446873 47 47 255
-10.467 48.5047 17.372 0.370751 0 -4.5 0 0.954214 0.211256 2 2 255
-13.5815 32.213 7.6745 0.272321 0 -4.5 0 -0.280033 -0.490983 54 54 255
-37.2152 34.567 14.4668 -1.48537 -0.282577 1.9 1 -0.981923 -0.0324712 255 6 6
-13.013 46.0303 28.8875 0.204541 0 -4.5 0 0.803234 0.154586 38 38 255
-20.379 49.9943 -3.49587 0.130002 0 -3.9 0 0.412735 -0.732738 2 2 255
-20.5905 18.2087 14.2922 0.0655586 0 -3.9 0 0.684549 -0.670748 6 6 255
-37.7648 40.31 35.6005 -2.2472 -0.79509 -3.5 0 0.113834 -0.523797 14 14 255
-34.3947 13.7548 17.1038 -0.0212155 0 1.8 0 -0.503202 -0.672193 86 86 255
-48.837 51.846 28.502 0.00110012 0 -1.6 0 0.161495 0.174283 184 184 255
-36.027 50.3535 36.7875 -0.317489 -0.065384 -0.483064 0 -0.0500129 -0.190836 19 19 255
-33.0477 14.2587 14.2242 -0.104218 0 1.8 0 -0.0951575 -0.526093 42 42 255
-11.1155 35.9415 7.2845 0.663977 0 -4.5 0 0.968872 -0.243871 25 25 255
-39.66 41.5945 11.9117 -1.33549 -0.0854648 4.2 0 -0.810833 -0.402933 255 84 84
-13.2945 41.0112 27.306 -0.510315 0 0.15186 0 0.57558 -0.653478 34 34 255
-38.1855 50.6375 2.02475 0.409401 -0.158568 -0.955456 0 -0.640644 -0.145374 255 252 252
-36.702 40.6475 35.7645 -0.872524 -0.647928 -3.55684 0 -0.1435 -0.647806 15 15 255
-25.1545 18.923 23.073 -1.02521 0 -3.2 0 0.380909 -0.483168 14 14 255
-39.1635 42.844 37.524 -0.210225 0 3.8 0 -0.312222 -0.129675 7 7 255
-33.1235 44.742 28.1725 -0.124993 0 -1.79236 0 -0.368889 -0.216895 62 62 255
-12.021 28.8855 24.0565 0.253227 0.378868 -4.5 0 0.848951 -0.0861673 1 1 255
-31.4247 48.7108 -1.26375 -1.48262 -0.822182 -0.9 0 -0.656429 -0.633325 255 236 236
-23.2127 54.4785 26.9335 0.152831 0 4.2 0 0.270784 0.927485 34 34 255
-38.436 29.004 26.153 0.31124 0 -3.5 0 -0.591926 -0.318857 255 70 70
-26.956 65.078 12.284 -1.24301 -0 3.8 0 -0.406606 0.742854 36 36 255
-40.5083 43.348 5.5185 0.151607 0 -0.4 0 -0.441753 -0.200389 255 172 172
-24.4795 44.1628 32.9155 0.601368 0 -4.5 0 0.806813 -0.323424 203 203 255
-41.5397 51.948 30.0828 -1.21509 -0.0400858 -3.5 0 0.376573 -0.762264 30 30 255
-24.2035 56.041 -1.8005 0.0334716 0 -1.6 0 0.939482 0.146045 41 41 255
-34.873 34.282 34.0013 -0.425486 0 -3.5 0 0.295704 -0.131421 107 107 255
-40.8812 40.193 33.5028 -1.30793 -0.405266 -3.5 0 -0.813573 -0.576671 24 24 255
-22.0895 19.3025 11.699 0.0599907 0 -3.9 0 0.588361 -0.162663 54 54 255
-46.1345 43.0482 15.4703 0.704881 0 1.9 0 -0.278702 -0.634102 146 146 255
-41.6705 54.105 31.594 -1.11485 -0.00163585 -3.5 0 0.300539 0.275893 16 16 255
-29.659 38.4468 2.81875 -1.42996 -0.905659 -3.5 0 -0.6174 0.267108 37 37 255
-52.006 49.0455 18.432 -0.233246 0 -0.8 0 -0.966758 0.251573 104 104 255
-38.4168 28.129 21.0562 -0.313005 -0.51639 2.14171 1 -0.778397 -0.619365 255 67 67
-37.38 55.261 2.125 -1.12237 -0.264411 4.2 0 -0.577973 0.736769 255 200 200
-28.0825 67.754 7.0005 -1.4386 -0.0244983 -4.5 0 0.954986 0.0606417 102 102 255
-43.2875 45.2 23.737 0.33964 0.0355934 -0.4 0 -0.847394 -0.526436 224 224 255
-13.746 67.185 14.8045 0.495196 0.713861 -4.5 0 0.51066 0.627754 12 12 255
-13.6115 46.6035 29.47 0.161866 0 -4.5 0 0.756524 0.442483 27 27 255
-20.9685 44.032 3.399 -0.034826 0 3.8 0 0.13196 -0.06268 131 131 255
-20.302 48.2863 8.65475 0.0618463 0 3.8 0 0.7032 -0.453033 255 85 85
-18.605 50.3575 21.095 0.27858 -0.737821 -0.87924 0 -0.0300136 0.469233 52 52 255
-43.7808 41.6743 17.1077 0.393226 0 1.9 0 0.00995455 -0.905878 255 222 222
-14.6285 67.6223 14.2635 0.660226 0.60842 -4.5 0 -0.0648109 0.958951 14 14 255
-19.5077 54.1172 6.20275 0.035026 0 3.8 0 0.482031 0.239335 120 120 255
-14.9745 41.8587 19.2435 0.470434 0 2.8 0 0.94995 0.101187 4 4 255
-52.1 53.2885 17.8305 -1.35256 0 -3.5 0 -0.874848 0.317538 31 31 255
-12.905 39.018 21.561 0.0418681 0.300474 -2.47228 0 0.153879 -0.972 15 15 255
-30.7865 15.2595 18.233 -0.361431 -0.175468 1.8 0 0.240825 -0.227793 32 32 255
-16.1505 27.6373 8.14375 -2.24519 -0.470938 -3.5 0 0.393203 0.839698 55 55 255
-30.173 21.025 10.303 -0.641934 0 -3.2 0 0.876894 -0.230618 189 189 255
-26.6575 35.179 2.9665 -1.58644 -0.632208 -3.5 0 0.280343 -0.709869 27 27 255
-30.6185 14.0347 24.807 0.796382 0 -4.5 0 0.104672 -0.986157 19 19 255
-25.015 28.987 10.1132 -0.183645 0 -0.4 0 0.197688 -0.00785237 99 99 255
-40.838 39.3885 34.616 -1.65979 -0.287227 -3.5 0 -0.723093 -0.68835 19 19 255
-49.9725 60.829 16.9163 -0.0266867 0 -3.5 0 -0.939913 0.0150409 27 27 255
-17.453 23.11 21.622 -0.24314 0 -4.5 0 0.635909 -0.136324 14 14 255
-52.365 51.6035 18.6575 -1.41581 -0.0186817 -3.5 0 -0.994879 -0.093057 56 56 255
-17.4445 20.7222 15.8757 0.199964 0.0192605 -4.46607 0 0.680203 -0.703562 37 37 255
-19.525 49.0485 8.3625 0.101457 0 3.56726 0 0.107826 -0.797475 255 129 129
-10.609 46.779 21.193 1.04167 0.757866 -4.5 0 0.950348 -0.167755 1 1 255
-5.6365 44.9925 12.471 -0.361476 -0.450413 -3.5 0 0.316128 -0.609174 8 8 255
-25.5391 63.2389 -0.407125 -0.116372 0 -3.5 0 0.273457 0.0106728 64 64 255
-27.042 45.818 -3.456 -0.359154 0 -3.5 0 -0.73469 -0.629897 128 128 255
-45.3425 62.353 23.9422 -0.0300966 0 -0.8 0 0.315979 0.282861 6 6 255
-31.533 67.3798 15.5325 -0.0269075 0 3.8 0 0.593964 0.453406 98 98 255
-20.8803 52.6565 -0.11275 0.0812052 0 -3.9 0 0.491471 0.779192 30 30 255
-28.8393 61.4034 23.8993 1.49992 0.341623 1.8 0 0.283602 0.911421 3 3 255
-26.89 60.4463 24.6135 0.622584 0 -2.74389 0 0.0805322 0.987538 31 31 255
-21.9975 54.646 28.7738 0.137752 0 4.2 0 -0.231267 0.931251 34 34 255
-29.857 61.837 23.006 0.784261 0.407198 1.8 0 0.460221 0.871071 3 3 255
-38.7735 40.489 19.709 0.449363 0 1.8 1 0.265678 -0.936724 255 19 19
-10.581 32.6355 5.7865 0.375262 0.672986 -4.5 0 0.965184 0.261178 32 32 255
-28.293 66.6348 7.6325 -1.56666 -0.115377 -4.5 0 0.698392 -0.250112 83 83 255
-34.6258 67.5312 14.6362 0.205138 0 3.8 0 0.256708 0.921396 11 11 255
-32.0718 36.2967 33.1598 0.224557 0 -4.5 0 -0.141183 -0.789456 46 46 255
-9.19 29.4685 14.4345 -0.21565 0 -0.4 0 0.152821 -0.308721 115 115 255
-13.1707 23.3435 17.9622 0.275961 0.754992 -3.5 0 0.467817 -0.344524 10 10 255
-30.9015 69.771 5.6125 -0.826803 -0.779871 -4.5 0 -0.252555 0.967068 61 61 255
-38.138 37.0975 8.827 -0.256676 0 -4.5 1 -0.739737 -0.662251 255 55 55
-33.6345 33.3898 5.0675 0.0944031 0 -4.5 0 0.757229 -0.295274 255 213 213
-25.1497 30.4613 9.81375 -0.223421 0 0.706727 0 0.356988 -0.516945 54 54 255
-22.4665 27.0205 22.9662 -0.653059 0 1.56237 0 -0.133058 -0.905536 31 31 255
-33.846 70.59 9.21 -0.599226 0 -3.5 0 0.972933 -0.10247 6 6 255
-28.8355 49.3605 36.3078 0.269238 0 1.8 0 0.023833 0.369681 21 21 255
-34.5975 46.686 32.546 -0.200961 0 -3.5 0 -0.198066 -0.26067 9 9 255
-40.4652 42.155 7.56825 0.506421 0 -0.4 0 -0.411359 -0.874616 255 81 81
-27.968 36.985 1.702 -1.54921 -0.956944 -3.5 0 -0.0185774 -0.241822 32 32 255
-40.5925 61.374 31.2805 0.345974 0.0039707 -4.5 0 -0.0906784 0.179177 60 60 255
-38.4022 71.5843 11.9382 -1.45093 0 -3.5 0 0.460047 0.87509 4 4 255
-9.18375 36.829 9.66475 -0.137976 0 -0.8 0 0.669023 -0.68638 93 93 255
-25.1483 22.849 22.1982 -0.318499 0 4.5 0 0.168138 -0.0175355 12 12 255
-41.762 66.0127 17.6562 0.438314 0 -3.9 0 -0.652093 0.750689 18 18 255
-38.302 65.452 22.056 0.102453 0 -0.9 0 -0.62187 0.118362 9 9 255
-37.656 20.399 18.4357 -0.695709 -0.51338 -3.5 0 -0.423616 -0.895521 255 197 197
-34.4347 17.0777 26.5702 0.95143 0.106662 -4.31455 0 0.0301674 -0.20333 255 102 102
-42.5555 66.357 3.20825 -0.844176 -0.964431 -0.8 0 0.564682 0.215291 75 75 255
-43.462 47.1818 33.2082 0.355902 0 -4.5 0 -0.561895 0.477714 19 19 255
-28.7372 35.0065 32.6987 -0.020743 0 -2.27817 0 0.0234864 -0.0376883 94 94 255
-31.5495 46.7075 36.246 0.00082955 -0.697604 -2.98785 0 0.261169 -0.148649 13 13 255
-12.0328 38.4945 16.0955 -0.553454 0 1.8 0 0.863794 -0.0134976 220 220 255
-12.9125 32.0415 11.379 -0.05368 0 4.2 0 0.32672 0.358733 133 133 255
-28.078 45.0257 36.2235 0.172773 0 -4.5 0 -0.512974 -0.0830647 62 62 255
-46.9622 46.2492 21.2943 0.621579 0.705245 -4.5 0 -0.547347 -0.427402 255 232 232
-30.0495 27.622 24.525 -0.752546 0 -3.5 0 0.0442121 -0.58651 255 194 194
-24.921 26.35 22.507 -0.0546257 -0.118706 3.8 0 0.55639 -0.698124 12 12 255
-6.54575 49.393 14.6645 0.7712 0.828431 -3.5 0 -0.464054 0.874552 15 15 255
-10.5927 48.032 15.7353 0.700387 0 -3.99996 0 0.842183 0.38811 1 1 255
-25.851 15.783 14.7802 -0.00477982 -0.0891226 -3.23568 0 -0.072153 -0.93469 28 28 255
-38.6295 49.7255 2.3015 -0.168724 -0.151419 -2.97705 0 -0.231052 -0.0852615 255 245 245
-9.246 40.959 11.2148 -0.270186 -0.0465053 -0.426041 0 0.920127 0.385913 108 108 255
-47.8755 43.423 16.6375 0.398015 0 1.9 0 -0.63321 -0.659034 191 191 255
-28.1805 29.42 10.8875 -0.347737 0 1.48357 0 -0.674992 -0.379692 183 183 255
-36.6123 52.4733 -5.042 0.556361 0 1.8 0 -0.73211 0.662932 108 108 255
-11.4275 37.9398 15.273 -1.90059 -0.825531 -3.5 0 0.603096 0.397584 238 238 255
-27.9683 34.1905 32.5778 -0.177767 0 -0.9 0 0.210792 0.216205 65 65 255
-42.7103 36.3047 23.063 0.0510713 0 -1.3 1 -0.270453 0.458436 255 16 16
-23.9995 34.6035 6.87525 -0.059413 0 -3.01233 0 -0.451123 -0.455041 17 17 255
-38.3775 36.0312 12.6648 0.0449625 0 4.2 1 -0.624737 -0.666242 255 20 20
-27.465 66.792 4.726 -0.215627 0 -3.5 0 0.739686 0.116185 158 158 255
-38.585 39.602 7.249 -0.417905 -0.0450936 -4.5 0 -0.500903 0.432771 255 164 164
-25.346 32.4398 8.1555 0.229805 0 -0.9 0 -0.159215 -0.387478 26 26 255
-36.3573 47.6802 35.7805 -0.171237 0 -3.5 0 -0.0434021 -0.00115747 9 9 255
-28.7498 16.8783 11.59 -0.292737 0 -3.5 0 0.223364 0.0342413 90 90 255
-40.3882 29.6825 25.263 -0.202641 0 -3.5 0 -0.30328 -0.607443 255 69 69
-33.778 66.285 9.6185 -0.00690455 0 -1.6 0 0.831193 0.540128 17 17 255
-40.9883 34.9048 24.1073 -0.799488 0 -2.39154 1 -0.444786 0.737466 255 11 11
-22.8625 56.9225 20.697 0.516955 0 1.8 0 0.870084 0.430919 255 32 32
-30.517 65.8795 7.305 -1.60433 -0.0475683 -4.40503 0 -0.119364 -0.340008 60 60 255
-5.596 31.6185 18.254 -1.16055 -0.474823 1.8 0 0.976817 0.0352133 81 81 255
-24.8792 59.761 24.1685 -0.580428 0 -3.5 0 0.536894 0.686674 255 210 210
-32.894 14.264 24.987 0.274822 0 -4.5 0 -0.122336 -0.989203 132 132 255
-18.827 36.667 34.0332 0.0421611 0 1.8 0 0.852483 -0.276712 130 130 255
-22.2563 48.3125 -2.00425 -1.22553 -0.523215 -3.5 0 0.660509 -0.747731 3 3 255
-45.3107 47.3885 30.538 0.050928 0 -4.5 0 -0.928508 0.338497 30 30 255
-34.7215 13.6698 15.9395 -0.0462472 0 1.8 0 -0.744001 -0.654442 64 64 255
-39.6037 19.7118 17.441 -1.35215 -0.0273896 -3.5 0 0.106589 -0.982436 255 47 47
-14.6927 56.622 5.25275 0.0413467 0 1.8 0 0.558707 0.318696 41 41 255
-19.4175 30.2095 28.7295 0.210571 -0.0554101 -0.107933 0 0.0585448 -0.905518 6 6 255
-11.8755 45.3155 27.68 0.0483071 0 -3.52634 0 0.680632 0.053685 32 32 255
-4.12575 49.3262 14.3228 0.494386 0.21231 -3.5 0 0.507267 0.848534 24 24 255
-42.826 35.7668 17.3918 0.196697 0 -1.3 1 -0.329936 0.188611 255 36 36
-27.802 48.5033 36.2477 0.321734 0 1.8 0 0.203106 0.336393 29 29 255
-37.5477 31.0718 26.6725 -0.416708 0 4.2 0 -0.270765 -0.031117 255 61 61
-30.3493 61.5715 25.0818 0.451582 0 -4.5 0 0.381548 0.78292 1 1 255
-36.73 49.1717 27.8095 0.830041 0 -1.6 0 -0.28966 0.110863 25 25 255
-24.3815 62.5488 8.05725 -0.353376 0 3.8 0 -0.0956234 0.823298 108 108 255
-41.9328 63.2033 21.4945 -0.237367 0 -3.58167 0 -0.0715088 0.663402 10 10 255
-12.9497 22.7455 17.1147 0.223756 0 -3.5 0 0.470873 -0.813319 8 8 255
-39.8945 18.9277 22.3312 -0.0594447 0.0155372 -3.5 1 -0.995541 0.0219301 255 100 100
-12.167 49.736 10.484 -0.626913 0 -0.7 0 0.390987 0.899496 17 17 255
-43.369 65.5935 3.029 -0.554955 -0.817479 -0.8 0 -0.0669639 -0.397419 110 110 255
-16.122 26.9425 6.986 -1.56546 -0.256824 -3.5 0 -0.0213256 0.468339 58 58 255
-11.807 38.5255 25.378 -1.51151 -0.488471 -3.5 0 0.0692002 -0.950059 51 51 255
-25.584 45.6235 -5.259 -1.02492 -0.339504 -3.5 0 0.0888011 -0.410872 39 39 255
-26.041 65.8875 12.928 -1.32137 -0.314935 3.8 0 -0.10013 0.97329 99 99 255
-25.584 44.9035 -4.356 -1.27049 -0.539094 -3.5 0 0.00708583 -0.967524 35 35 255
-24.363 62.2495 26.375 -0.892426 -0.076611 -3.5 0 0.0995715 0.985725 195 195 255
-18.8908 55.2472 19.4503 0.327583 0 1.8 0 0.484837 0.874533 71 71 255
-42.7648 42.843 23.737 -0.921671 -0.0688403 -0.4 0 -0.770387 -0.570455 255 198 198
-16.452 52.9745 19.7535 0.610438 0 -1.05004 0 0.563803 0.824199 11 11 255
-40.6415 20.177 16.745 -1.40567 -0.900289 -3.5 0 -0.400504 -0.698018 255 50 50
-32.2583 51.336 36.3377 -0.631972 -0.506854 -0.4 0 0.739551 0.59077 16 16 255
-24.667 44.9755 35.788 -0.0599473 0 -4.5 0 0.877194 -0.298466 151 151 255
-34.2925 71.0843 8.2585 0.128306 0 -3.5 0 0.77373 0.14988 6 6 255
-17.8783 21.965 9.04625 -0.125037 0 -3.5 0 -0.229033 -0.812686 97 97 255
-45.3095 48.272 25.4872 -0.514889 -0.179938 -0.551294 0 -0.790463 -0.61249 224 224 255
-27.3018 52.442 -5.527 0.185815 0 -3.5 0 -0.418016 -0.0892888 93 93 254
-32.876 64.9297 2.0675 0.423443 -0.230209 -4.1189 0 0.377599 -0.353618 114 114 254
-40.365 59.799 30.8525 -0.0368674 0 -4.5 0 -0.0817609 -0.439966 59 59 255
-38.6295 31.053 4.4585 0.583019 0.323927 -4.5 0 -0.267272 -0.858395 255 115 115
-19.463 33.944 6.227 -0.713307 -0 -3.5 0 0.34927 0.0501872 14 14 255
-43.8988 63.7743 8.389 0.855449 0 -1.6 0 -0.874056 -0.468907 212 212 255
-35.4365 49.333 -4 0.0182054 0 1.8 0 -0.477535 -0.845281 255 202 202
-41.115 56.703 6.054 0.0813863 0 1.8 0 -0.97654 0.104212 255 73 73
-9.32425 30.5208 22.923 -1.54156 0 -3.5 0 -0.0683398 0.00237585 2 2 255
-51.4505 54.6478 18.323 -1.6836 -0.153346 -3.5 0 -0.43981 0.874727 25 25 255
-21.7575 64.6667 14.952 -1.19433 -0.22739 -0.7 0 0.437746 0.860336 185 185 255
-24.517 64.7615 0.8175 -0.26254 0 -3.5 0 0.632935 0.520682 78 78 255
-7.1125 31.972 19.686 -0.601088 -0.217102 1.8 0 0.745208 -0.0330935 28 28 255
-37.2765 32.648 27.648 -0.329166 0.117764 -0.7 0 -0.548173 -0.537972 255 62 62
-34.7 45.992 36.491 -0.762327 0 -3.5 0 -0.253498 0.13972 7 7 255
-24.5155 33.772 7.3895 -0.360719 0 -0.9 0 -0.332685 -0.370566 12 12 255
-21.652 49.842 30.911 0.248344 -0.76513 -3.5 0 0.0746333 -0.0503837 72 72 255
-41.3575 49.813 2.1765 -0.841374 -0.413407 -0.8 0 -0.351867 -0.44143 235 235 255
-33.9217 13.2572 15.2083 -0.066821 0 1.8 0 -0.455517 -0.763983 51 51 255
-19.2855 24.2105 9.323 -0.120385 0 -3.5 0 -0.795185 0.00947967 68 68 255
-36.4118 56.3018 3.9285 -0.267251 0 4.5 0 -0.732437 0.389816 231 231 255
-51.215 51.4775 26.3988 -0.0439732 0 -1.6 0 -0.994619 0.100754 200 200 255
-30.0315 60.4137 8.191 -2.1697 -0.235753 -3.5 0 -0.109718 0.992345 99 99 255
-32.823 42.9683 30.368 -0.467586 0.271167 -3.99988 0 -0.646203 0.714783 31 31 255
-13.0925 65.752 12.103 0.868366 0.306087 -4.5 0 0.65709 0.210176 16 16 255
-7.8115 28.087 21.9455 -1.52378 -0.0482358 -3.5 0 0.611002 -0.623995 11 11 255
-17.734 64.7237 10.8435 0.752843 0 -4.5 0 -0.541896 0.567922 105 105 255
-18.003 61.4805 10.2555 0.183101 0 -1.02435 0 -0.256351 0.566964 76 76 255
-47.472 65.1318 23.1663 0.479075 0.642978 -0.8 0 -0.289753 0.680096 2 2 255
-44.229 55.247 11.7738 -0.722767 0 -3.5 0 -0.579666 0.776381 18 18 255
-8.8585 32.1177 13.9963 -0.219979 -0.472927 0.349671 0 0.383394 -0.531004 220 220 255
-27.7195 64.7725 12.9825 -1.27351 -0.622825 3.8 0 -0.271551 0.902434 28 28 255
-29.8668 17.9312 19.4058 -0.487263 0.466452 1.07386 0 0.602183 -0.798321 30 30 255
-22.838 49.7065 31.5732 0.584127 0.683031 -4.5 0 0.6371 -0.167301 59 59 255
-12.7382 29.974 11.9672 -0.118363 0 4.2 0 0.433827 -0.532742 93 93 255
-10.8638 38.5275 4.6235 0.423144 0 1.8 0 0.757675 -0.567319 10 10 255
-12.9305 41.96 27.83 -0.531062 0 -3.5 0 0.591506 -0.196774 36 36 255
-31.913 17.9982 30.7035 -1.23765 -0.169437 -3.5 0 -0.574419 -0.736939 255 193 193
-41.001 41.727 23.991 0.411998 0 -0.4 1 -0.376921 -0.869798 255 84 84
-24.8315 52.6185 32.7723 0.810614 0.40657 -4.5 0 0.327073 0.831005 8 8 255
-32.362 31.4375 11.0238 0.389216 0 1.84999 1 0.32606 -0.495395 255 15 15
-37.9085 30.7445 5.251 0.347644 0.0665691 -4.5 0 -0.279459 -0.864036 255 49 49
-15.0407 52.1535 27.4013 0.237821 0 -1.79585 0 0.171448 0.930277 37 37 255
-33.9813 38.1645 5.63425 -0.78069 -0.00668589 -3.50668 0 -0.0518536 -0.0316969 253 253 255
-33.565 33.0965 6.0625 0.412755 0 -4.5 0 0.788713 -0.614758 255 141 141
-32.4985 35.4445 32.475 -0.359584 -0.0174132 -3.09954 0 0.150126 -0.360864 63 63 255
-39.085 37.7206 12.4795 0.166937 0 4.2 0 -0.835124 -0.181275 255 16 16
-10.07 48.876 14.2995 0.814083 0 -0.8 0 0.604211 0.777253 2 2 255
-48.7048 53.9593 27.8248 0.0717061 0 -1.6 0 -0.0497745 0.64189 166 166 255
-25.022 58.107 0.09975 -0.340567 0 -1.6 0 0.64059 0.642301 38 38 255
-35.7375 61.0578 1.4725 -0.267109 0 -3.5 0 0.0386339 -0.412595 139 139 255
-34.9695 14.7983 25.6248 0.441839 0 -4.5 0 -0.421107 -0.816249 255 213 213
-20.789 53.7972 24.062 0.736548 0.0676633 -0.8 0 0.727183 0.67428 255 207 207
-45.4238 57.0337 14.14 -0.0608664 0 -3.5 0 -0.419278 -0.0120054 14 14 255
-19.81 47.6235 9.232 0.0549916 0 3.8 0 0.156963 -0.182702 255 95 95
-16.674 37.125 27.2315 -1.22192 0 -0.4 0 0.805095 -0.53458 40 40 255
-47.7533 63.0535 20.0257 -0.281094 -0.519992 -0.8 0 -0.837688 0.321549 2 2 255
-44.0185 43.2115 8.9635 0.195651 0 -1.6 0 -0.70062 -0.639924 255 70 70
-13.514 26.9967 23.5543 0.335395 0.561501 -4.5 0 0.196467 -0.883931 1 1 255
-44.5218 66.1728 3.1865 0.507574 -0.0433459 -0.8 0 -0.51945 -0.121196 148 148 255
-29.2752 28.7943 26.718 -0.335387 0 -3.5 0 -0.0790939 -0.714077 164 164 255
-16.233 37.4145 28.681 -0.350325 0 1.21562 0 0.772666 -0.598712 57 57 255
-10.2493 44.3947 25.4883 -0.144542 -0.237783 -3.5 0 0.953162 0.133047 3 3 255
-18.2162 49.8305 21.8748 0.293209 -0.0586089 -2.30854 0 -0.0973988 0.944051 75 75 255
-25.643 34.477 7.141 -0.149262 0 -0.9 0 -0.117113 -0.590141 12 12 255
-39.533 19.973 18.538 -1.21551 -0.509887 -3.5 0 0.232029 -0.939356 255 52 52
-28.0527 62.8763 -0.35925 0.0781845 0 -3.5 0 -0.496829 -0.372931 86 86 255
-32.7825 61.9507 2.354 -0.0966514 0.656083 -0.206282 0 0.162822 0.353593 112 112 255
-20.8185 47.7025 8.02625 -0.0180436 0 3.8 0 0.823638 -0.313512 255 73 73
-29.86 37.304 2.442 -1.94518 -0.269921 -3.5 0 -0.769677 -0.10345 25 25 255
-18.3342 47.2765 32.9338 0.921394 0.698198 -4.5 0 0.142215 0.49531 97 97 255
-34.636 22.9785 29.3755 -0.428613 0 -3.5 1 -0.601145 0.370671 255 127 127
-31.9325 54.7098 -3.46725 -0.0624701 0 -0.9 0 0.04195 0.379122 255 192 192
-44.158 34.9865 20.6645 -0.599478 -0.00838575 -1.3 1 -0.797992 -0.589223 255 50 50
-26.8258 34.8871 4.68062 -1.81228 -0.658354 -3.5 0 0.182274 -0.94488 17 17 255
-45.812 45.638 12.472 0.502714 0.866624 -3.5 0 -0.751917 -0.272651 255 175 175
-44.6035 44.929 28.9945 0.403138 0.0212495 -4.5 0 -0.906373 -0.359048 50 50 255
-41.3032 54.4818 7.79025 -0.0340418 0 3.00535 0 -0.971609 0.207343 123 123 254
-27.4235 17.9035 18.172 0.0279187 0.0504424 -3.2 0 -0.75048 -0.532797 24 24 255
-30.1893 65.1787 17.8298 -0.0683848 -0.359804 2.77572 0 0.646604 0.726434 247 247 255
-43.814 42.685 26.0002 0.112569 0 -3.5 0 -0.884757 -0.290939 146 146 255
-42.0303 51.2585 34.426 -0.000369582 0 -1.6 0 -0.660771 0.739297 15 15 255
-14.6335 49.5132 31.0193 -0.949853 0 -3.5 0 0.455588 -0.107507 65 65 255
-39.269 47.929 30.0946 -1.52422 -0.52679 1.8 0 0.104078 0.961077 34 34 255
-29.8207 64.129 12.5105 -1.24787 -0.677472 -0.7 0 -0.284202 0.748329 15 15 255
-25.8447 65.2545 12.0885 -1.49081 -0.526269 3.8 0 0.103878 0.709835 56 56 255
-30.2925 32.3 10.2635 0.30268 0 1.76648 0 -0.348447 -0.769289 255 25 25
-37.42 19.5865 10.9575 0.816354 0 -3.9 0 -0.838773 -0.515049 255 147 147
-37.291 63.268 27.8445 0.383289 0.489716 -4.5 0 -0.0957828 0.864795 11 11 255
-44.9495 47.567 29.2895 0.116831 0 -4.5 0 -0.832147 0.554353 49 49 255
-19.1875 51.375 -4.46 0.233997 0 -3.9 0 0.677978 -0.39157 34 34 255
-38.3535 31.532 9.76575 0.42541 0 1.9 1 -0.992833 0.0135627 255 48 48
-41.097 31.402 19.68 0.400698 0 -1.3 1 -0.895556 -0.233151 255 49 49
-40.774 52.2668 34.5182 0.138205 0 -1.6 0 -0.534258 0.824135 12 12 255
-36.5105 42.287 7.497 0.599738 0.157679 1.3587 0 -0.0210334 -0.506759 255 188 188
-31.1182 58.3815 -0.9765 0.106483 0 -0.9 0 -0.208617 0.780938 197 197 255
-30.158 52.1995 31.992 0.562249 0 -4.5 0 -0.626334 0.30472 16 16 255
-41.098 52.221 2.49625 -0.590893 -0.185906 3.03846 0 -0.461513 0.406926 127 127 255
-32.2855 59.441 29.9002 -0.365317 0 -3.5 0 -0.00467011 0.248364 2 2 255
-13.66 28.7827 24.7822 0.0418421 0 -4.5 0 -0.0897343 -0.200377 3 3 255
-25.651 60.2445 20.7765 0.24875 0 4.5 0 0.779352 0.578581 255 200 200
-37.7573 61.2212 30.6952 0.438695 0 -4.5 0 0.445448 0.117207 174 174 255
-26.8575 36.579 2.1755 -0.811181 0 -3.5 0 0.034975 -0.603252 33 33 255
-31.8458 39.4695 37.7875 0.477877 0.0364803 -4.5 0 0.457069 -0.518835 22 22 255
-44.2325 64.6855 7.554 0.259252 0 -1.14686 0 -0.983868 -0.171136 209 209 255
-20.281 31.971 6.60025 -1.28603 -0.496615 -3.5 0 -0.190933 -0.887985 21 21 255
-34.2095 72.4013 9.9965 0.418424 0.644513 -3.5 0 0.55467 0.824839 4 4 255
-24.465 47.322 36.0798 0.353338 0 -4.5 0 0.814371 0.167048 20 20 255
-21.6245 49.1575 0.15 0.175758 0 -3.9 0 0.57533 -0.816786 5 5 255
-13.608 50.0395 29.326 -0.295776 -0.492745 -3.5 0 0.927675 -0.370703 15 15 255
-39.77 28.0725 22.839 -0.326231 -0.0433801 1.44218 0 -0.434228 -0.874365 255 90 90
-24.7355 38.6645 0.899 -0.0497806 -0.195544 -3.5 0 0.0549337 0.376393 24 24 255
-7.62225 34.6903 16.2315 -0.237908 0 -2.68452 0 0.562544 0.826424 255 158 158
-34.774 36.8498 22.1082 -0.553862 0.210442 -2.58725 1 -0.860041 0.436527 255 6 6
-18.4625 58.736 16.4115 -0.618587 -0.141099 -0.4 0 0.336644 0.219271 35 35 255
-21.2533 44.9302 32.0455 0.229149 0 -2.42203 0 -0.128401 -0.0453111 117 117 255
-23.2397 58.3975 1.34375 -1.92245 0 -3.5 0 0.495269 0.233523 35 35 255
-3.40975 46.2832 13.39 -1.28408 -0.902563 -3.5 0 0.967057 -0.0783843 10 10 255
-39.711 42.639 5.60925 0.129435 0 -0.4 0 -0.0364986 -0.644888 255 169 169
-27.252 68.5455 3.366 -1.33434 -0.322019 -3.5 0 0.615474 0.767901 104 104 255
-32.23 68.4382 16.129 0.0242492 0 3.8 0 0.176288 0.926997 49 49 255
-34.0775 14.2542 14.4845 -0.101304 0 1.8 0 -0.460394 -0.396106 47 47 255
-36.6035 18.666 7.883 2.52385 0 -3.9 0 -0.316672 -0.6462 205 205 255
-38.193 67.9863 1.96275 0.288318 0.874412 -4.5 0 -0.968826 0.0824185 154 154 255
-34.6253 31.133 28.5775 -1.32898 -0.162814 2.8934 0 -0.114162 -0.624555 255 193 193
-47.2088 56.6965 19.1063 -0.201462 0 0.195157 0 -0.744652 -0.508833 13 13 255
-45.637 51.973 10.1105 0.127433 0 -3.5 0 0.255884 0.0354607 62 62 255
-35.53 16.598 26.5145 0.602254 0.366574 -4.43375 0 -0.270548 -0.50817 255 108 108
-12.8217 46.71 9.343 -0.0242103 -0.00478752 -0.7 0 0.478548 0.0429371 67 67 255
-26.5 56.385 -6.5165 -0.938966 -0.80776 -3.5 0 -0.612287 0.638023 63 63 255
-28.214 68.909 2.971 -1.00156 -0.417062 -4.00612 0 0.281057 0.923276 71 71 254
-22.8665 59.7655 5.28375 -0.353995 0.746449 -4.42236 0 0.688651 0.698528 118 118 255
-37.0358 23.7087 25.5933 -0.576716 -0.279648 3.8 1 -0.822921 -0.465036 255 86 86
-29.17 69.335 3.4055 -0.261051 0 -4.5 0 0.125011 0.873534 52 52 255
-25.541 22.3035 8.712 -1.39371 -0.809878 -3.5 0 -0.067432 -0.912127 154 154 255
-33.3655 60.1608 29.6695 -1.65641 0 -3.5 0 -0.0682084 0.414229 6 6 255
-11.4395 36.766 17.4135 -0.546909 -0.667218 1.8 0 0.762729 0.637043 185 185 255
-34.8295 62.495 1.626 -0.563817 -0.451614 -3.5 0 0.279763 -0.144168 126 126 254
-42.5508 58.4002 11.732 0.0563893 0 -1.98986 0 -0.973029 0.147345 129 129 255
-51.007 50.9308 27.2945 0.00924494 0 -1.6 0 -0.857779 -0.29096 167 167 255
-20.7862 56.9635 4.02925 -0.294938 0 -3.5 0 0.973486 0.0526237 107 107 255
-35.789 34.7337 34.2028 -0.317721 0 -3.5 0 -0.261583 -0.0924676 108 108 255
-18.958 57.147 6.648 -0.384205 0.393904 -0.8346 0 0.108385 -0.0567161 97 97 255
-14.974 61.0825 11.846 0.233963 0 -4.39706 0 0.846108 0.0962481 25 25 255
-38.0132 65.6925 0.50775 -1.25118 -0.749527 -3.5 0 -0.319878 0.179041 154 154 255
-37.2215 37.6645 29.2805 -0.687316 -0.357291 -2.08158 0 -0.979907 0.198288 255 120 120
-26.267 45.1917 -1.56675 0.135197 0.717893 -3.5 0 0.150088 -0.988376 41 41 255
-31.3485 41.2045 37.7407 0.480287 0 -4.5 0 0.450176 -0.0999578 16 16 255
-19.5325 32.4927 6.15 -0.889723 -0.173517 -3.5 0 0.424945 -0.452374 14 14 255
-22.2257 15.1842 17.4215 -0.610925 0 -3.2 0 0.586493 -0.803179 5 5 255
-50.9505 45.8365 18.6225 0.230199 0 -0.8 0 -0.49025 -0.871115 176 176 255
-31.2698 64.6765 7.19125 -1.31388 -0.463075 -3.2 0 0.370513 -0.0356865 48 48 255
-40.1468 52.828 2.04975 -0.0955153 0 4.2 0 -0.442455 0.326372 150 150 255
-42.4227 48.132 4.35475 -0.085775 0 -0.8 0 -0.632416 -0.543131 169 169 255
-24.6175 64.8865 12.4445 -0.512424 0 3.8 0 0.344419 0.86693 137 137 255
-23.6595 62.3255 1.157 -1.26383 -0.89712 -3.5 0 0.974407 -0.110403 46 46 255
-42.0135 54.3555 4.23225 -0.0658147 0 4.2 0 -0.695853 0.513346 250 250 255
-39.4325 34.0635 4.11125 0.607799 0.648597 -4.5 0 -0.726716 0.522778 255 219 219
-3.5945 48.8365 13.5503 0.486877 0.745444 -3.5 0 0.756917 0.435392 21 21 255
-32.677 14.3295 23.488 -0.115187 0 -4.5 0 0.00155368 -0.983747 104 104 255
-15.8387 55.2808 15.2627 0.62445 0 -4.5 0 -0.0831556 0.422513 3 3 255
-14.083 22.683 17.871 0.338761 0.275701 -4.07784 0 0.353572 -0.857142 9 9 255
-12.4545 29.5767 12.848 -0.228748 0 4.2 0 0.598835 -0.626755 92 92 255
-46.2195 46.5885 21.9405 0.898623 0.120041 -4.5 0 -0.513161 -0.241907 255 215 215
-41.2827 62.313 29.3165 0.296656 0 -4.5 0 -0.44607 0.817277 26 26 255
-34.973 42.0115 38.1255 0.192867 0 -4.5 0 -0.222734 0.0959748 13 13 255
-41.7425 57.197 8.0565 0.138035 0 0.00214015 0 -0.811577 0.395927 255 165 165
-33.3597 28.6485 27.1162 -0.403183 0 4.2 0 0.510223 -0.388613 255 99 99
-38.5348 47.3773 36.0355 -0.079069 0 3.8 0 -0.0635677 0.259929 10 10 255
-50.5762 46.4535 13.1128 0.174633 0 1.8 0 -0.55916 -0.58017 107 107 255
-42.9175 41.3165 26.136 -0.0711279 0 -3.5 0 -0.503175 -0.437162 247 247 255
-34.7835 38.851 5.589 -0.676037 -0.653381 -3.63879 0 -0.265072 0.132254 255 212 212
-41.3442 60.6097 24.5193 -0.587618 -0.0082101 -2.96709 0 -0.21178 0.385085 50 50 255
-20.1085 45.0062 7.3535 -0.155274 0 3.8 0 0.905514 0.401146 255 200 200
-36.4297 69.8992 1.72325 0.35473 0 -4.5 0 -0.0873843 0.834448 38 38 255
-14.8825 26.856 9.4755 -1.52706 -0.612316 -3.5 0 0.725012 0.68623 92 92 255
-45.9355 48.6113 12.4183 0.23651 0 -3.5 0 -0.283997 -0.349238 165 165 255
-29.1895 56.7318 -2.2215 0.0276067 0 -1.6 0 -0.135047 0.654641 173 173 255
-16.375 64.703 14.775 -0.057341 0 -4.5 0 -0.0966534 -0.391525 22 22 255
-23.5785 64.8185 12.773 -0.179531 0 3.8 0 0.254041 0.957269 196 196 255
-39.7715 47.8995 2.7145 -0.198474 -0.320802 -2.97101 0 -0.251208 -0.494347 255 191 191
-7.215 48.5472 14.255 0.784606 0.328528 -3.5 0 -0.486908 0.866559 4 4 255
-47.2352 65.5515 16.3865 -0.134974 0 3.8 0 -0.84323 0.288423 6 6 255
-40.3643 61.437 9.6715 0.464359 0.306563 -0.850035 0 -0.391141 -0.344187 255 120 120
-23.8985 63.677 1.16075 -0.423915 -0.0101925 -3.5 0 0.9653 0.0647257 69 69 255
-25.4545 42.2272 35.596 -1.16612 -0.239506 -3.5 0 0.74044 -0.17529 146 146 255
-41.9435 61.3952 28.932 0.19376 0 -4.5 0 -0.772746 0.361529 38 38 255
-38.181 27.2985 18.888 -0.327859 0 -0.8 1 -0.897086 -0.403461 255 63 63
-17.1397 51.2093 24.415 0.312175 -0.262872 -2.43472 0 -0.394961 0.858332 58 58 255
-44.1655 63.352 22.104 0.23826 0 -0.8 0 0.610603 0.47485 3 3 255
-21.307 29.171 28.026 -0.18737 -0.584737 1.8 0 0.200184 -0.299889 18 18 255
-13.3785 66.638 12.5363 0.502041 0 -4.5 0 0.531034 0.703585 17 17 255
-13.7487 65.9358 14.896 0.35352 0 -4.5 0 0.416143 -0.139947 8 8 255
-28.2415 20.345 30.602 -0.00719461 0 -3.5 0 0.998704 -0.0476422 177 177 255
-13.145 65.1943 14.1412 0.608433 0 -4.5 0 0.722649 -0.451195 7 7 255
-41.143 21.8158 18.081 -1.6383 0 -3.5 1 -0.960178 0.146107 255 70 70
-13.4137 30.408 2.4375 0.314152 0 -4.5 0 0.102367 0.0289361 8 8 255
-39.6505 32.4688 5.658 0.250221 0 -4.5 0 -0.89493 -0.0576713 255 93 93
-47.8638 53.3455 11.1637 0.0434111 0 -3.5 0 -0.320461 0.844969 34 34 255
-16.9783 65.727 15.1725 0.300731 0 -4.5 0 -0.24376 -0.101052 17 17 255
-32.5913 65.7708 19.3295 0.186114 0 1.4499 0 0.572351 0.510138 22 22 255
-11.1263 32.7675 12.5295 -0.196455 0 0.351348 0 0.278859 -0.169752 167 167 255
-46.166 67.3122 15.0745 -0.0540395 0 3.8 0 -0.146781 0.986492 16 16 255
-8.66175 44.3358 16.4233 0.24413 0 -4.5 0 0.788091 -0.0106644 6 6 255
-33.9915 14.3573 24.6047 -0.131182 0 -4.5 0 -0.188417 -0.98066 214 214 255
-37.996 36.709 7.6565 -0.25626 0 -4.5 0 -0.87903 -0.416431 255 77 77
-24.094 19.613 21.841 0.132765 0.139212 -3.2 0 0.762501 -0.136895 13 13 255
-24.3442 40.7528 2.759 -0.16085 0 4.2 0 0.780306 0.311873 33 33 255
-40.5095 43.2725 11.9143 0.525547 0.00268896 -2.29701 0 -0.400557 -0.882897 255 168 168
-9.887 40.419 22.1545 0.321716 0 -3.5 0 0.895917 -0.145372 24 24 255
-48.646 44.367 16.916 0.497996 0 1.9 0 -0.762034 -0.569939 196 196 255
-18.6672 54.7772 20.3825 0.360999 0 1.8 0 0.387459 0.706672 135 135 255
-13.039 37.5472 1.523 0.0118544 0 -4.5 0 0.130162 -0.286939 17 17 255
-37.2557 39.141 29.7225 -0.475625 0 -3.5 0 -0.871976 -0.465319 255 187 187
-20.8577 24.8995 10.3147 -0.0549068 0.254791 -2.09949 0 0.0370335 0.193536 49 49 255
-24.4345 55.121 -1.1065 -0.288844 -0.0681603 -1.6 0 0.886031 0.266463 24 24 255
-24.2033 48.4282 -5.1445 -0.0724681 0 -3.5 0 0.716977 -0.13194 5 5 255
-14.3635 38.107 1.399 0.337451 0 -4.5 0 -0.0272855 -0.185651 16 16 255
-13.9882 30.0163 5.3575 -0.361616 0 -4.5 0 -0.471433 -0.61427 77 77 255
-39.3235 59.9857 26.0387 0.0507471 -0.162045 -2.86608 0 -0.79332 0.542244 24 24 255
-26.074 45.094 37.5555 0.82574 0.735762 -4.5 0 0.187963 -0.109536 108 108 255
-36.9608 19.8165 13.0988 -0.486452 -0.0441503 -3.9 0 -0.690416 -0.715768 255 145 145
-9.03175 40.2467 8.296 1.02603 0.713394 1.8 0 0.930321 0.364514 39 39 255
-25.9452 35.1587 3.95775 -1.38078 -0.0346353 -3.5 0 0.29958 -0.952677 28 28 255
-33.7272 62.0887 1.994 -0.32226 -0.480652 0.500071 0 0.303266 0.114042 108 108 255
-39.7105 68.3545 15.4115 0.0694104 0 -3.5 0 -0.780261 0.286822 7 7 255
-26.4963 66.9648 2.04775 -0.537686 -0.130893 -3.5 0 0.757829 0.571654 114 114 255
-44.9103 57.1813 27.9855 -1.6694 -0.252494 -0.8 0 -0.0057917 0.311211 95 95 255
-30.908 66.6018 17.9452 0.0481249 0 3.8 0 0.76774 0.365268 114 114 255
-10.8675 40.5165 3.707 0.472053 0 1.8 0 0.656483 0.297814 9 9 255
-27.5737 17.0555 11.7683 0.640009 0.531376 -3.87013 0 0.00927383 -0.236397 96 96 254
-17.114 38.416 2.819 0.656457 0 -4.5 0 -0.608192 -0.620088 8 8 255
-17.9425 21.262 20.4805 0.369752 0.590276 -4.5 0 0.100745 -0.931001 18 18 255
-32.6455 50.8355 37.1533 -0.995289 -0.234745 -0.4 0 0.359306 0.300012 17 17 255
-19.5825 20.8937 18.9028 -0.187702 0.092578 -4.23618 0 0.304499 -0.723177 44 44 255
-17.1 50.818 23.4802 0.77018 0.284798 -3.69995 0 -0.649689 0.741432 55 55 255
-43.6255 44.276 25.628 0.620335 0.0107341 -3.47548 0 -0.831432 -0.289845 116 116 255
-36.818 66.024 0.44475 -0.0899669 0.133743 -4.5 0 0.00227647 0.0586101 130 130 255
-32.9175 16.084 12.064 -1.64014 -0.433178 -3.5 0 -0.915856 -0.384974 77 77 254
-28.5112 18.7735 12.782 -0.796321 -0.205548 -1.953 0 0.160233 0.230095 94 94 255
-10.6245 24.7015 15.9143 -1.31632 -0.128898 -3.5 0 0.945397 -0.154857 25 25 255
-7.8575 42.5028 13.7432 -1.28098 -0.0848735 -3.5 0 0.738131 -0.674558 46 46 255
-15.6503 44.7777 8.27575 -0.858796 -0.0608229 1.81282 0 -0.111651 0.26347 126 126 255
-12.5918 66.07 13.055 0.729802 0.283809 -4.5 0 0.956427 0.248815 14 14 255
-30.5298 54.9285 30.5637 1.05555 0.835213 -4.5 0 -0.287782 0.452266 15 15 255
-37.97 25.6215 26.5362 -1.63331 -0.399891 3.8 0 -0.875195 -0.140318 255 130 130
-25.8565 65.6032 14.0793 -1.19978 0 3.8 0 0.153114 0.848904 227 227 255
-33.2315 69.8043 2.753 0.51712 0.287667 -4.5 0 -0.0574847 0.980076 70 70 255
-47.3135 64.1545 23.4837 1.07893 0.535091 -0.8 0 -0.213986 0.153846 2 2 255
-14.171 27.621 24.1695 0.285074 0.0136036 -4.5 0 -0.243664 -0.581818 3 3 255
-50.751 51.299 22.2315 -0.238802 0 1.8 0 -0.939325 0.305307 166 166 255
-13.3512 52.1572 30.0275 0.231071 0 -3.5 0 0.789666 0.390322 33 33 255
-41.5252 67.2268 14.1818 -0.0372503 0 -3.5 0 -0.678441 0.62349 38 38 255
-12.3993 49.4092 26.4498 0.213483 0 -0.4 0 0.791445 0.267746 11 11 255
-38.976 40.824 23.423 -0.73583 -0.552873 1.8 1 -0.535905 -0.833263 255 35 35
-26.9002 56.451 -3.96675 0.221636 0 -1.6 0 -0.617668 0.621146 70 70 254
-42.3372 50.5065 3.109 -1.62371 -0.57604 -0.8 0 -0.891077 -0.0905617 132 132 255
-15.5535 67.333 13.9485 0.319913 0.0508491 -4.5 0 -0.139829 0.990176 19 19 255
-30.5107 37.56 34.964 0.232031 0 -4.5 0 0.386472 -0.1777 29 29 255
-48.4955 58.643 15.442 -0.104733 0 -3.5 0 -0.792942 -0.489306 45 45 255
-17.82 66.2057 12.754 0.501786 0 -4.5 0 -0.736847 0.604287 71 71 254
-13.488 32.3013 3.379 0.236424 0 -4.5 0 -0.0796826 0.598304 17 17 255
-37.1043 40.85 20.6877 1.00588 0.713996 1.8 1 -0.0132696 -0.980802 255 17 17
-23.914 56.5505 -2.6335 0.169289 0.397715 -3.23309 0 0.733428 0.437526 51 51 255
-40.9355 48.118 2.884 -0.0734152 0 -0.8 0 -0.45204 -0.5333 255 232 232
-17.503 35.089 25.643 -0.660249 0 4.2 0 0.932209 0.361919 31 31 255
-49.348 50.7653 28.6705 -0.02821 0 -1.6 0 -0.118308 -0.292463 159 159 255
-40.1688 36.188 21.0037 -0.268936 0 -1.3 1 0.519508 0.854112 255 17 17
-39.3652 52.1875 33.0877 0.520678 0 -1.6 0 0.335207 0.877685 17 17 255
-30.146 14.3135 18.0637 -1.26152 -0.494638 1.8 0 0.151032 -0.465203 33 33 255
-37.5112 34.5718 7.04875 0.301443 0 -4.5 1 -0.875487 0.184505 255 33 33
-21.5815 53.4965 -5.666 2.2861 0 -3.9 0 -0.106213 -0.245671 52 52 255
-29.056 19.4225 31.9205 0.40847 0.581178 -3.5 0 0.3249 -0.519366 120 120 255
-32.435 46.492 31.6348 -0.949193 -0.321871 -3.9999 0 -0.878266 -0.178084 9 9 255
-49.164 48.969 10.61 0.585529 0.32832 -3.5 0 -0.0494201 -0.902773 73 73 255
-15.152 60.0353 8.0435 -0.00682283 0 -0.8 0 0.403589 0.443051 42 42 255
-11.8558 47.5272 9.678 -0.974263 0 -0.7 0 0.689869 -0.244529 50 50 255
-27.614 29.3285 26.9385 -0.441309 0 -1.81523 0 -0.0931512 -0.920254 65 65 255
-15.3795 31.081 3.0165 0.421232 0.662977 -4.5 0 -0.800238 0.0823635 29 29 255
-40.987 33.9725 25.7605 -2.0054 -0.676208 -3.5 0 -0.516132 0.53034 255 17 17
-14.5992 28.539 24.395 -0.463809 0 -4.5 0 -0.390311 -0.308243 6 6 255
-11.2425 49.8428 12.8158 0.374262 0 -0.8 0 0.30918 0.936722 5 5 255
-13.2812 56.6147 9.77275 -0.431667 -0.0878437 0.41896 0 0.968965 0.183376 45 45 255
-37.1131 25.6625 27.1341 -2.0468 -0.28515 3.8 1 -0.336569 -0.154547 255 119 119
-12.71 41.259 21.511 0.0898836 0 -3.5 0 0.535862 -0.121845 6 6 255
-3.554 47.509 13.4963 0.0911175 0.174331 -3.5 0 0.956139 -0.0119748 17 17 255
-10.658 45.3975 25.992 -0.267759 0 -3.5 0 0.772563 0.449641 7 7 255
-41.1625 52.9515 31.7995 -0.472633 0 -2.42558 0 0.355054 0.539273 17 17 255
-39.698 40.4253 20.4295 0.268768 0 1.8 1 -0.152286 -0.956368 255 18 18
-30.039 46.388 1.569 0.199333 0 4.5 0 -0.0547084 -0.633978 203 203 255
-42.278 59.9992 30.2095 0.68227 0.561514 -4.5 0 -0.846363 -0.322504 42 42 255
-39.1075 50.9815 36.095 -0.00622236 -0.0115001 -1.6 0 0.0388059 0.357493 20 20 255
-23.467 54.9992 26.0467 0.650138 0.34205 -0.7 0 0.726149 0.609061 93 93 255
-15.6138 29.159 24.3647 -0.351198 -0.229266 -2.58892 0 0.0505526 -0.46942 14 14 255
-41.5625 30.2188 25.4317 -0.445891 0 -3.5 0 -0.454811 -0.376123 255 42 42
-34.168 69.576 9.245 0.00773408 0 -3.5 0 0.938273 -0.216904 6 6 255
-25.243 39.814 33.61 -0.270139 0 -3.5 0 0.729936 -0.17287 195 195 255
-13.45 55.5742 14.323 0.682542 0.149212 -4.5 0 0.519211 0.638508 1 1 255
-34.9087 51.3397 -7.371 0.0507093 0 1.8 0 0.184764 0.0752769 160 160 255
-46.2803 66.708 14.2793 -0.0541594 0 3.8 0 -0.415997 0.559077 16 16 255
-36.1415 62.113 1.0995 -1.00032 -0.00472452 -3.5 0 0.417586 -0.23872 138 138 255
-38.943 38.6175 6.992 -1.01583 -0.124908 -4.5 0 -0.775539 0.110666 255 137 137
-23.8097 61.5093 25.5882 -1.29875 -0.71099 -3.5 0 0.397638 0.601565 255 189 189
-23.2615 61.1965 4.555 0.338805 0.815942 -4.5 0 0.777357 0.588225 69 69 255
-28.1458 33.4678 8.4675 -0.13834 0 1.48325 0 -0.0590082 -0.333322 107 107 255
-31.745 50.4868 35.6258 -0.450157 -0.0319738 -0.4 0 0.804186 0.594221 16 16 255
-24.1665 63.8445 9.95725 -0.306999 0 3.8 0 -0.316313 0.871516 78 78 255
-38.98 63.4798 0.785 -1.51815 -0.0518504 -3.5 0 -0.790742 -0.0810467 167 167 255
-27.6645 30.3897 31.0853 -0.780005 0 -0.9 0 -0.346729 -0.850008 30 30 255
-16.562 42.2537 3.6155 0.0882627 0 -4.5 0 -0.108773 0.950584 54 54 255
-43.0065 43.8315 12.6178 0.530791 0 -2.71502 0 -0.382615 -0.881327 255 214 214
-17.2812 60.061 14.9012 0.144233 -0.0302639 -0.658611 0 0.6978 0.202367 37 37 255
-28.07 24.3125 26.527 -1.94336 0 -3.5 0 0.753663 0.587876 170 170 255
-36.9613 35.2605 4.281 0.742587 0.694495 -4.5 0 -0.000418756 0.608673 221 221 255
-15.0772 50.6035 31.221 0.265209 0 -3.5 0 0.342646 0.0827419 103 103 254
-19.5975 58.0625 16.8365 0.00974716 0 1.9 0 0.437931 0.262456 57 57 255
-10.5695 46.404 23.652 -0.857769 -0.630516 -3.5 0 0.853089 0.462215 1 1 255
-36.491 63.4075 27.2495 0.451307 0.0733656 -4.5 0 0.121032 0.992292 3 3 255
-38.436 60.345 30.806 -0.126754 0 -4.5 0 0.234185 -0.227389 141 141 255
-13.494 47.6835 9.09 -0.114521 -0.430314 -0.7 0 0.311858 -0.0653773 69 69 255
-21.4172 64.024 11.6322 -0.00925292 0 3.8 0 0.316224 0.948683 120 120 255
-7.158 32.394 14.562 -1.23953 -0 -3.5 0 0.620018 -0.599948 255 232 232
-30.052 47.4405 -1.305 -1.29688 -0.372464 -0.9 0 -0.258144 -0.909097 212 212 255
-31.16 44.9255 36.3935 -0.0991049 0 -4.5 0 0.169772 0.446018 12 12 255
-20.3773 33.7593 31.9455 -0.618924 -0.151129 -0.4 0 -0.122638 -0.41597 11 11 255
-40.444 34.7505 25.245 -1.08235 0 -0.7 0 -0.679865 0.612497 255 18 18
-8.99775 40.289 9.57175 0.171946 0 -0.8 0 0.924044 0.365265 69 69 255
-37.7385 19.8158 19.6728 -0.333808 0 3.8 0 -0.56386 -0.608912 255 210 210
-12.194 46.5405 28.0033 -0.855763 0 -4.5 0 0.782998 0.30653 35 35 255
-44.1092 43.7972 26.559 0.754098 0 -3.5 0 -0.822023 -0.385289 82 82 254
-15.1625 23.9885 10.3685 -1.03056 0 -3.5 0 0.83631 -0.541955 102 102 254
-42.2832 50.7012 35.323 0.0511134 0 -1.6 0 -0.747072 0.449722 17 17 255
-37.467 24.64 26.7095 -1.23276 -0.533467 3.8 1 -0.586975 -0.499359 255 116 116
-8.888 26.445 18.773 -1.35729 -0.886751 -0.4 0 0.185261 -0.924601 50 50 255
-25.706 35.7323 5.27675 -0.50179 -0.146936 -3.5 0 0.21679 -0.974165 20 20 255
-25.9557 61.808 7.9545 -0.639845 0 -1.00175 0 -0.281461 0.956981 103 103 254
-24.518 48.1105 35.344 0.594409 0 -4.5 0 0.807267 0.545593 28 28 255
-22.151 51.7702 -4.85975 0.216515 0 -3.9 0 0.242404 -0.471226 11 11 255
-32.951 57.1155 -0.447 -0.15772 0 -1.55546 0 -0.237545 0.8626 255 225 225
-36.7357 29.586 10.9005 0.620214 0 1.9 1 -0.539252 -0.743753 255 32 32
-23.1195 38.3602 0.8345 -1.50105 -0.370259 -3.5 0 0.121221 0.163943 15 15 255
-13.6248 38.6595 22.869 0.016869 0 2.8 0 0.259073 -0.962813 18 18 255
-17.9393 46.2938 32.9755 0.755223 0.77195 -4.5 0 0.173976 -0.34447 87 87 255
-7.12775 47.5677 11.5848 0.127723 0 -3.5 0 0.147996 0.611785 5 5 255
-29.8323 20.9925 11.2572 -0.314415 0 -3.2 0 0.87041 -0.242165 111 111 255
-30.22 62.697 6.2835 -1.15481 -0.0181059 -0.963371 0 0.251 -0.131336 90 90 255
-23.7143 31.1898 31.4005 0.0767706 0 -0.9 0 0.765624 -0.297465 109 109 255
-36.2448 18.3307 11.1468 0.290325 0 -3.9 0 -0.316274 -0.902829 255 197 197
-8.826 28.443 14.661 -0.157217 0 -0.4 0 0.0129081 -0.615629 105 105 255
-19.384 33.4355 31.678 -0.965337 -0.70768 -0.4 0 0.578067 -0.227373 8 8 255
-29.375 31.602 32.388 -0.481386 0 -0.9 0 -0.464913 -0.690478 61 61 255
-21.531 17.7598 18.9272 0.0865476 0 -3.2 0 0.939208 0.010376 12 12 255
-14.1847 35.7332 2.707 0.753944 0.760162 -4.5 0 -0.409337 -0.724373 11 11 255
-40.6022 61.769 24.4885 -1.47414 -0.255132 -3.5 0 -0.465945 0.311041 24 24 255
-36.9927 61.5045 1.124 -1.24111 -0.623336 -3.5 0 0.0121991 -0.761296 175 175 255
-41.866 62.6145 6.9525 4.21851 0 -0.8 0 0.0931289 -0.991912 255 178 178
-18.822 20.2845 16.4385 0.418528 0.0173747 -3.93252 0 0.33532 -0.890715 37 37 255
-44.725 62.793 13.8778 -0.0895339 0 3.8 0 -0.641798 -0.502729 72 72 255
-39.4017 48.3947 27.7875 0.286666 0 1.8 0 0.0954218 0.553977 42 42 255
-23.5107 63.432 8.8065 -0.284482 0 3.8 0 -0.188687 0.605855 121 121 254
-19.8897 52.2005 -4.994 1.29682 0.0843278 -3.9 0 0.419193 -0.516752 48 48 255
-16.344 58.5065 6.784 -0.103602 -0.388962 -0.673209 0 0.131393 0.749349 61 61 255
-47.65 46.4405 13.088 0.280824 0 1.8 0 8.78174e-05 -0.637825 173 173 255
-22.3875 58.0715 17.8948 0.403866 0 -0.519035 0 0.527874 -0.25177 255 65 65
-41.568 40.0125 26.8055 -0.393129 0 -3.5 1 0.0846062 -0.784655 255 180 180
-16.5455 59.8365 8.0505 -0.18182 0 -0.8 0 0.0835896 0.659845 49 49 255
-10.3245 43.7052 23.4123 0.159859 0 -3.5 0 0.793775 0.112253 1 1 255
-27.0265 34.5607 32.1185 -0.238032 0 -1.26366 0 0.240849 -0.0220657 72 72 255
-30.995 64.2113 20.023 -0.537882 -0.713741 1.49157 0 0.265056 0.790897 27 27 255
-24.7757 64.327 11.5258 -0.18253 0 3.8 0 0.0611292 0.8762 56 56 255
-33.9473 49.6193 -5.9155 0.356143 0 1.19678 0 0.062211 -0.803954 200 200 255
-27.678 66.037 0.055 0.0544477 0 -3.5 0 -0.0429012 0.586082 137 137 255
-35.928 19.6122 16.3228 -0.449929 -0.292992 -3.5 0 -0.440949 -0.897347 184 184 255
-17.571 37.309 25.7725 -0.278341 0 1.15277 0 0.818782 -0.568211 34 34 255
-33.1205 31.8 29.2555 -1.82819 -0.0237044 -3.5 0 0.0472334 -0.837252 223 223 255
-12.85 39.013 1.423 -0.0493089 0 -4.5 0 0.196029 0.0711176 26 26 255
-38.448 21.513 11.2215 0.0903101 0 -3.9 0 -0.99052 -0.0784759 255 146 146
-19.9085 52.46 26.0112 0.526218 0.0513885 -0.239305 0 0.797077 0.57493 179 179 255
-41.896 42.163 23.8545 -0.274636 -0.00568896 -0.4 0 -0.457156 -0.819035 255 137 137
-17.4167 62.193 14.6458 0.430281 0 -4.5 0 0.294228 0.316985 58 58 254
-49.2195 57.906 18.7405 -0.290119 0 -3.5 0 -0.786253 -0.483077 20 20 255
-23.095 64.348 9.2905 -0.239033 0 3.8 0 -0.19342 0.848068 150 150 255
-36.938 35.8527 14.7288 -0.424649 0 1.9 1 -0.953876 -0.0961006 255 6 6
-18.87 51.0225 5.7865 -0.0153757 0 3.8 0 0.800182 -0.198668 249 249 255
-23.437 22.1275 22.288 -0.132113 0 4.5 0 0.278218 -0.0316989 16 16 255
-48.0788 54.3185 22.2285 -0.188084 0 2.26975 0 -0.888181 0.382229 91 91 255
-37.411 39.405 34.8725 -1.7986 -0.415956 -3.5 0 0.0944914 -0.746292 27 27 255
-19.0795 43.2795 31.929 0.121922 0 -0.7 0 0.441778 -0.149383 186 186 255
-12.805 51.0998 29.4855 0.565892 0.72687 -3.5 0 0.94765 -0.217092 24 24 255
-49.78 46.3035 20.7763 0.230607 0 -0.8 0 -0.229175 -0.757221 255 234 234
-42.0785 33.588 23.0525 -0.606813 -0.430341 -2.31979 1 -0.994643 -0.0880861 255 12 12
-35.297 32.471 32.4372 -1.30997 0 -3.5 0 -0.335263 -0.79751 172 172 255
-16.1022 51.7832 27.101 0.517118 0.151526 -3.5 0 -0.0880418 0.980862 43 43 255
-25.5465 29.8057 31.5637 -0.196231 0 -0.9 0 -0.0530763 -0.807958 50 50 255
-51.3355 51.412 16.0155 -0.231948 0 -3.5 0 -0.826708 -0.0633447 17 17 255
-52.2803 52.8478 18.7425 -1.0152 -0.0476441 -3.5 0 -0.957569 0.168541 80 80 255
-18.64 29.147 26.1777 -0.137628 -0.0405049 -0.579845 0 0.718693 -0.514861 7 7 255
-11.2063 24.8878 14.8635 -0.445313 -0.361894 -3.5 0 0.926637 -0.171549 22 22 255
-36.245 50.9625 -1.95025 -0.0847641 -0.490915 3.09758 0 -0.533375 -0.789214 255 178 178
-51.251 48.609 15.7557 0.652921 0 1.596 0 -0.971439 -0.0284448 71 71 255
-38.399 68.7807 21.1868 1.4691 0.212917 -3.9 0 -0.411057 0.389512 31 31 255
-31.518 34.3835 31.9465 -0.0676388 0.859251 -0.936839 0 0.137916 -0.121047 77 77 255
-23.3272 57.0305 -3.491 1.01478 0.397866 -3.5 0 0.594685 0.665331 42 42 255
-40.0365 22.3385 14.938 -1.59125 -0.533267 -3.5 0 -0.578999 -0.00473985 255 64 64
-23.6135 56.3483 -6.0365 -0.123542 0 -3.5 0 0.600826 0.317392 48 48 255
-51.7747 46.9357 17.9855 0.202653 0 -0.8 0 -0.755777 -0.552067 140 140 255
-14.5553 55.1427 6.185 0.118781 0 1.8 0 0.666584 -0.601086 72 72 255
-6.465 28.8347 16.6147 -0.22521 0 -0.4 0 0.907972 -0.412519 104 104 255
-46.1565 65.5523 17.5675 -0.096866 0 3.8 0 -0.275294 0.507221 5 5 255
-36.5558 33.557 32.7723 -0.656395 0 -3.5 0 -0.659773 -0.579424 144 144 255
-13.248 27.0535 22.463 0.0259124 0.4424 -4.5 0 0.3181 -0.940209 1 1 255
-12.706 30.2577 24.1595 0.266337 0.433897 -4.5 0 0.559037 0.366882 8 8 255
-34.475 27.932 27.9665 -0.469102 0 4.2 0 0.460586 -0.349661 255 94 94
-30.7285 54.582 -3.2415 -0.113754 0 -0.9 0 0.255937 0.244921 255 238 238
-34.7728 37.5312 5.4225 -0.232225 0 -4.5 0 -0.00782596 0.329144 255 197 197
-29.559 42.2033 3.19925 -0.408184 0 4.2 0 -0.43384 0.247416 96 96 255
-26.5312 45.7195 -4.80675 -1.42725 0 -3.5 0 -0.6509 -0.571808 84 84 255
-43.6247 42.0228 26.7822 0.00819781 0 -3.5 0 -0.936419 -0.173638 175 175 255
-26.3162 22.9083 8.42025 -1.66551 -0.0864028 -3.5 0 -0.536426 -0.391383 132 132 255
-8.814 43.384 16.919 0.0864015 0 -4.5 0 0.752573 -0.27101 9 9 255
-35.1922 40.1225 20.9382 0.745618 -0.333433 -0.624544 1 -0.824232 -0.565332 255 7 7
-32.7858 63.4383 2.42625 0.100785 0.0476094 -2.08972 0 0.339878 -0.0692894 111 111 255
-17.5205 31.1495 29.044 -0.00989732 0 -0.4 0 0.82599 -0.542121 12 12 255
-17.264 34.3817 28.5138 -0.607113 -0.37138 2.23148 0 0.997113 -0.031419 57 57 255
-25.776 57.164 -5.72075 0.0697784 0.13465 -3.5 0 -0.568555 0.682919 53 53 255
-34.6055 71.7117 10.8875 0.113615 0.133054 -3.5 0 0.502992 0.632924 6 6 255
-25.6068 61.6473 26.9848 -1.09539 -0.637827 -3.5 0 -0.397867 0.912106 57 57 255
-9.45625 43.9775 17.5387 0.33935 0 -4.5 0 0.793564 -0.235879 2 2 255
-10.6135 24.994 17.0508 -0.955977 -0.0364369 -3.5 0 0.724995 -0.511989 29 29 255
-13.6357 53.5633 12.391 -0.167302 0 -4.5 0 0.665194 -0.717577 6 6 255
-27.4125 57.2555 29.9575 -1.36504 -0.261397 -3.5 0 0.0869998 0.20072 2 2 255
-6.89775 48.4142 15.3933 0.520186 0.0743694 -3.5 0 -0.361927 0.587094 8 8 255
-31.018 23.863 9.632 -0.151255 0 -3.2 0 0.638255 0.485188 204 204 255
-38.9545 32.629 27.151 -0.79552 -0.320757 -1.90632 0 -0.334267 -0.227226 255 52 52
-34.723 69.4865 12.5487 -1.16221 -0.399318 -3.5 0 0.612271 -0.10282 18 18 255
-26.2385 45.2318 -3.22775 -0.545677 -0.702274 -3.5 0 -0.130149 -0.987469 64 64 255
-29.249 64.4995 16.0815 0.737006 0.548015 1.71238 0 0.40069 0.893881 255 203 203
-37.0467 21.2065 26.1432 -0.785543 -0.213503 -3.5 1 -0.798441 0.378834 255 51 51
-29.5877 69.9607 5.69025 -1.3874 -0.597715 -4.5 0 0.152325 0.978161 73 73 254
-43.1743 42.7028 10.2323 0.421195 0 -1.6 0 -0.382257 -0.898882 255 101 101
-26.148 53.208 32.4425 0.932904 0.182442 -4.5 0 0.276785 0.945241 6 6 255
-16.9767 21.2633 19.4587 0.349206 0 -4.5 0 0.203528 -0.931369 13 13 255
-15.073 49.8705 8.309 -0.117833 0 -0.7 0 0.288953 0.445665 139 139 255
-50.157 51.958 22.6975 -0.220889 0 1.8 0 -0.771883 0.617884 159 159 255
-22.3442 54.681 27.5912 0.123916 0 4.2 0 -0.0880782 0.992941 47 47 255
-24.0985 51.998 33.2648 1.3306 0.732896 -4.5 0 0.462118 0.413789 17 17 255
-12.308 41.3162 27.266 -0.145416 0 -3.5 0 0.282082 -0.52181 30 30 255
-23.5047 63.5337 15.9515 -0.070744 0 -0.7 0 -0.229597 0.833163 255 185 185
-48.049 60.1457 26.3685 0.857867 0.254938 -0.8 0 -0.0802677 0.833323 56 56 255
-13.7895 49.371 30.081 -0.842237 -0.801752 -3.5 0 0.891717 -0.251838 29 29 255
-38.7395 60.3775 7.0895 0.368456 0 1.8 0 -0.9119 0.325742 255 171 171
-32.4245 50.672 -6.22475 -0.053378 0 0.173064 0 -0.0717421 -0.108578 255 216 216
-14.6447 23.396 14.1829 0.761353 0 -3.5 0 0.00830765 -0.881434 48 48 255
-31.638 61.417 7.137 -1.94345 -0.961059 3.8 0 0.58237 0.503874 66 66 255
-44.0744 48.3876 11.4235 0.409125 0 -3.5 0 -0.61458 0.10836 255 242 242
-17.8225 60.3095 8.20275 -0.850795 0.175668 -2.77172 0 0.165869 0.870824 63 63 255
-24.5914 57.2891 -3.18275 0.118566 0 -3.5 0 0.290503 0.897327 41 41 255
-41.6175 50.2821 33.2192 0.290185 0 -1.6 0 -0.650119 -0.0382768 15 15 255
-44.3971 65.1643 4.85187 0.164094 -0.145939 -0.8 0 -0.739938 -0.626567 189 189 255
-39.786 64.132 3.82 0.263146 0 -0.8 0 -0.6478 -0.254259 212 212 255
-17.025 61.0025 9.299 0.397281 -0.388801 -0.8 0 -0.0637586 0.715981 55 55 255
-30.5613 49.9715 33.5245 0.260029 0 1.8 0 -0.472522 0.870804 14 14 255
-16.2292 60.7031 8.76838 -0.0121173 0 -0.8 0 -0.116099 0.699213 48 48 255
-14.5679 57.411 7.17375 0.407166 0 1.8 0 0.816432 0.545584 65 65 255
-7.283 28.314 17.7815 -0.317829 0 -0.4 0 0.9477 -0.305833 100 100 255
-44.1032 61.6722 11.9595 0.217131 0.330484 -3.5 0 -0.960746 -0.179483 164 164 255
-20.587 22.8369 10.1864 -0.208608 0 -0.7 0 0.108292 -0.356244 93 93 255
-46.4173 42.8975 17.8089 0.73223 0 1.9 0 -0.346857 -0.877024 183 183 255
-27.3115 49.6346 34.6204 0.540229 0 1.8 0 0.549023 0.723988 13 13 255
-39.3245 29.213 16.1455 -0.0207736 0 -1.6 1 -0.9459 -0.0067121 255 35 35
-25.0627 41.079 33.3223 -1.00313 -0.0266764 -2.83682 0 0.899312 -0.123263 230 230 255
-22.0105 24.2677 21.185 -0.0869987 0 4.5 0 0.163456 -0.178984 18 18 255
-31.8505 51.8677 29.7955 0.592754 0 -4.5 0 -0.617372 -0.407925 16 16 255
-32.431 49.495 32.279 -0.922881 -0 -3.5 0 -0.500502 0.840568 15 15 255
-50.5755 46.3273 19.8615 0.274232 0 -0.8 0 -0.525683 -0.706297 242 242 255
-31.2611 31.0958 11.2749 0.221739 0 1.8 0 0.0170778 -0.439609 255 10 10
-27.2479 62.2721 -0.059375 0.0354308 0 -3.5 0 -0.155789 -0.576319 47 47 255
-15.0934 24.7327 18.1476 0.217942 0 -4.5 0 0.563019 0.0300957 16 16 255
-31.1618 69.6945 3.45388 0.0778197 0 -4.5 0 0.23534 0.971055 87 87 255
-35.4647 68.6298 4.80225 0.30545 0 -3.96894 0 0.138676 0.958762 83 83 255
-12.0081 35.8428 4.10344 0.486147 0 -4.5 0 0.60593 -0.682183 19 19 255
-44.3319 48.6554 27.6945 -0.255914 0 -4.5 0 -0.749377 0.418902 92 92 255
-34.615 46.4193 28.8345 0.168958 0 -1.6 0 0.370551 -0.311523 17 17 255
-19.5809 53.1507 29.2685 0.347311 0 4.2 0 0.55722 0.575707 56 56 255
-32 31.6362 28.8949 -0.906743 -0.112298 -3.14359 0 -0.112274 -0.84818 185 185 255
-37.5433 34.3976 31.6405 -0.468706 0 -3.5 0 -0.960694 -0.277574 171 171 255
-35.3068 67.6109 18.1681 1.01943 0 3.8 0 0.290787 0.838863 13 13 255
-24.5325 60.1362 28.298 -0.666493 0 -3.5 0 0.436361 0.218299 34 34 255
-43.0373 50.2411 10.3055 -0.219167 0 -1.82599 0 -0.741404 -0.295172 245 245 255
-14.8603 43.996 30.7792 0.305676 0 -4.5 0 0.557998 -0.447124 60 60 255
-14.132 30.9135 24.3643 0.646134 0 -4.5 0 0.0328925 0.160028 19 19 255
-35.2212 53.9916 -3.653 0.553126 0 1.29781 0 -0.345418 0.602724 231 231 255
-15.2761 34.729 5.59137 0.5462 0 -4.5 0 -0.911743 0.00340495 31 31 255
-16.5385 32.7327 25.2225 0.0435851 0 4.2 0 0.947649 0.0952842 76 76 255
-32.1554 58.7679 1.34613 -0.186617 -0.0614958 -0.196051 0 -0.323703 0.542679 90 90 254
-47.0126 63.9786 19.8148 -0.61355 0 -0.8 0 -0.581774 0.600845 2 2 255
-34.1543 35.717 4.84275 0.155117 0 -4.5 0 0.417345 -0.0194177 254 254 255
-12.3889 44.1888 27.931 0.141833 0 -3.5 0 0.465077 -0.191933 24 24 255
-14.6338 40.9556 30.4521 0.17888 0 1.8 0 0.729469 0.400719 94 94 255
-40.405 31.1462 18.316 0.196244 0 -1.3 1 -0.799055 -0.319549 255 45 45
-40.4958 51.9475 29.5597 -0.0581596 0 -3.5 0 0.673902 -0.655345 25 25 255
-44.0402 64.2465 9.37925 0.814554 0 -1.6 0 -0.992269 -0.102588 161 161 255
-16.857 21.3792 14.7253 0.192422 0 -4.5 0 0.77398 -0.605022 40 40 255
-18.2313 36.1007 31.1089 0.0246299 0 -0.4 0 0.62905 -0.357688 30 30 255
-28.7778 15.7367 25.514 0.685858 0 -4.5 0 0.884198 -0.42997 17 17 255
-22.0505 38.1324 33.1107 0.0698555 0 1.8 0 -0.70919 0.432447 163 163 255
-8.78312 38.9017 9.89219 0.123115 0 -0.8 0 0.986877 0.0822395 91 91 255
-47.0264 59.2605 27.1234 -0.0283717 0 -0.8 0 0.161387 0.732309 87 87 255
-35.63 38.905 34.819 0.254463 0.210627 -4.5 0 -0.509356 -0.649039 36 36 255
-35.8215 50.171 -3.37225 -0.0900348 0 1.8 0 -0.629851 -0.644216 255 172 172
-31.03 63.7255 6.9845 -1.85136 0 -3.2 0 0.461889 -0.238942 55 55 255
-13.077 40.6375 17.2305 0.107684 0 3.8 0 0.454964 0.21763 83 83 255
-21.312 49.5923 -3.26794 -0.0207525 0 -3.9 0 0.186354 -0.756937 4 4 255
-15.6438 24.3655 19.061 0.470154 0 -4.5 0 0.772193 0.197382 14 14 255
-32.472 26.349 10.558 0.0409455 0 4.2 0 0.203557 0.0689935 255 190 190
-26.5971 38.7739 34.1391 -0.608887 -0.0463573 -3.5 0 0.582803 -0.159202 102 102 254
-24.6025 18.425 22.133 -0.160406 0 -3.2 0 0.631074 -0.313417 10 10 255
-35.6405 30.7085 28.0246 -0.606208 0 4.2 0 -0.386143 -0.0920474 255 76 76
-11.951 37.7626 17.7922 -0.0619887 0 1.8 0 0.922546 0.375649 148 148 255
-40.1805 51.1195 32.2067 0.276285 0 -1.6 0 -0.316943 -0.375365 18 18 255
-43.1376 43.9195 22.9048 0.164036 -0.0574096 -0.4 0 -0.735321 -0.65681 255 190 190
-12.2771 50.5134 20.726 0.929386 0 -4.44101 0 0.420075 0.761747 18 18 255
-19.0158 62.0859 10.6154 0.295408 0 -4.5 0 0.191327 0.474844 86 86 255
-43.773 40.928 26.75 -0.102441 0 -3.5 0 -0.836351 -0.185404 222 222 255
-51.6455 52.9398 16.9713 -0.781589 0 -3.5 0 -0.802457 0.330536 18 18 255
-26.4086 47.1253 -5.11513 -0.11581 0 -3.5 0 -0.366951 -0.185846 67 67 255
-38.1631 38.1731 25.3589 0.190501 0 -3.00906 1 -0.90392 -0.0338625 255 34 34
-16.536 33.9723 22.7518 0.244892 0 -3.93403 0 0.551681 0.728332 14 14 255
-35.9715 38.9985 17.371 1.5597 0.692069 -0.8 1 -0.907535 0.318617 255 8 8
-36.3988 45.4985 35.9642 -0.602365 0 2.44481 0 0.0367006 0.216835 8 8 255
-23.1518 63.1274 17.074 0.0988715 0 -0.7 0 -0.103869 0.892924 255 164 164
-29.5624 58.4466 29.2206 0.0307838 0 -3.5 0 0.494431 0.543536 0 0 255
-24.6941 15.963 14.1629 0.524453 0.229867 -3.76564 0 0.206917 -0.918729 30 30 255
-41.44 56.5335 30.1187 -0.786725 -0.703578 -3.5 0 -0.0022857 0.726779 31 31 255
-11.6199 36.1859 3.23837 0.635903 0.0672411 -4.5 0 0.723475 -0.648824 11 11 255
-48.8345 57.962 17.6082 -0.204581 0 -3.5 0 -0.733929 -0.607215 30 30 255
-40.7551 28.9746 24.1141 -0.35324 0 -3.5 0 -0.443195 -0.824743 255 103 103
-41.8092 52.6053 7.15 0.0480767 0 2.40142 0 -0.965063 0.125948 124 124 255
-27.1405 39.3085 1.586 -0.236464 0.0461063 2.07319 0 -0.338474 -0.174489 36 36 255
-36.2695 60.1473 29.0651 0.589173 0.779076 -4.5 0 0.54005 0.0991071 50 50 255
-29.261 35.0207 5.3685 -0.540409 0 -3.5 0 -0.157923 -0.987429 23 23 255
-39.6017 40.974 21.2722 0.38134 0 1.8 1 -0.421896 -0.814974 255 19 19
-33.0186 43.7094 28.2493 -0.365686 0 -1.00954 0 -0.638922 0.303563 64 64 255
-14.5091 51.6604 26.266 -0.219627 -0.0554162 -0.4 0 0.526844 0.847975 43 43 255
-41.0609 55.0374 4.56475 -0.0356922 0 4.2 0 -0.559504 0.714685 255 164 164
-38.8387 51.4225 2.19287 0.460506 0 4.2 0 -0.28352 -0.207906 210 210 255
-38.1481 41.2931 36.0575 -1.32701 -0.182872 0.268157 0 0.00335863 -0.594997 9 9 255
-28.6886 18.1381 20.0806 0.428918 0.627105 -1.3 0 -0.0582107 -0.916109 30 30 255
-24.3931 63.3721 0.051 -0.924737 0 -3.5 0 0.653136 0.23959 69 69 255
-15.056 33.8375 7.4195 0.311392 0 -4.5 0 -0.554044 -0.4957 50 50 255
-42.697 43.264 11.831 0.437734 0 -1.6 0 -0.262042 -0.875166 255 153 153
-16.7895 56.6488 5.15037 -0.0229266 0 1.8 0 -0.480314 0.293914 39 39 255
-11.3638 47.0065 10.6374 -0.262163 -0.0181421 -0.779103 0 0.705 -0.0823026 45 45 255
-25.309 54.99 28.548 0.0624841 0 -0.7 0 0.597026 0.400039 6 6 255
-27.632 17.1619 21.151 0.0890575 -0.150591 -2.84871 0 -0.455121 -0.872939 21 21 254
-33.0986 36.9799 33.9859 0.966872 0 -4.5 0 -0.169704 -0.760845 32 32 254
-14.3369 33.0648 7.34625 0.934882 0 -4.5 0 -0.587025 -0.395161 59 59 255
-14.6322 50.0189 13.8492 0.718006 0 -3.55463 0 0.36524 0.92755 6 6 255
-28.5316 30.9831 31.5279 -0.994674 0 -0.9 0 -0.392878 -0.860025 43 43 255
-24.7074 15.0546 18.7642 -0.706215 0 -3.2 0 -0.0702557 -0.911437 6 6 255
-43.4668 64.2448 5.11525 2.96369 -0.0161359 -0.8 0 -0.713932 -0.600575 204 204 255
-28.121 47.41 36.3495 0.278478 0 1.8 0 -0.19693 0.0242403 51 51 255
-33.073 39.5349 38.26 0.412666 0.0172438 -4.5 0 -0.011728 -0.379967 21 21 255
-11.6594 44.1736 19.6669 1.07465 0 -4.5 0 0.671268 -0.613804 0 0 255
-43.2692 41.5619 18.2705 0.729435 0 1.9 1 0.0942724 -0.993842 255 124 124
-31.6277 60.0337 29.4034 -0.514477 0 -3.5 0 0.326082 0.742947 1 1 255
-21.632 21.254 11.155 -0.233561 0 -0.7 0 0.327073 -0.696904 75 75 255
-6.23 33.171 16.845 -0.147024 0 1.8 0 0.97823 0.179182 255 207 207
-23.4503 18.5071 11.3965 0.856735 0 -3.9 0 0.285892 -0.231935 39 39 255
-18.0149 27.8493 22.8032 -0.243122 0 -0.7 0 0.589779 -0.689521 12 12 255
-30.051 38.4972 34.6893 0.417902 0 -4.5 0 0.389612 -0.0735491 30 30 255
-43.8372 44.1426 11.9699 0.45525 0 -1.6 0 -0.56356 -0.825175 255 163 163
-13.929 41.3915 2.20237 0.374438 0.225038 -4.5 0 0.190722 0.883837 28 28 255
-46.6468 49.8906 26.8535 -0.388165 -0.0743982 -0.7 0 0.0152075 -0.37322 141 141 255
-32.582 38.5484 36.0169 0.387324 0 -4.5 0 0.0106308 -0.841627 18 18 255
-33.8456 63.6219 22.4746 -0.282397 0 -0.9 0 0.380775 0.426259 0 0 255
-31.787 50.154 29.6297 0.339206 0 -0.7 0 -0.855035 0.3718 12 12 255
-17.1951 34.9205 7.19088 0.0573158 0 -3.5 0 0.282857 -0.780209 35 35 255
-20.1011 45.6909 5.20713 -0.0627321 0 3.8 0 0.633987 0.757355 255 251 251
-20.3123 60.3223 7.8245 -1.01883 0 -3.5 0 -0.112693 0.870817 146 146 255
-22.4772 49.9827 -3.80262 -0.3776 0 -3.9 0 0.29192 -0.598277 7 7 255
-31.3105 32.424 31.2103 -0.408166 0 -0.9 0 -0.113119 -0.833482 150 150 255
-24.5925 60.1635 19.4877 0.211681 0 4.5 0 0.549415 0.397123 255 94 94
-19.0783 61.0283 10.0359 0.417804 0 -3.90833 0 0.17396 0.717434 82 82 255
-14.947 28.9466 12.0166 0.443116 0.806951 3.8 0 0.599867 0.00552773 57 57 255
-29.678 22.1985 11.3667 -0.614159 0 -3.2 0 0.770088 -0.205755 172 172 255
-46.3205 44.4823 20.6899 0.700422 0 -4.5 0 -0.736627 -0.549791 201 201 255
-23.9545 57.1805 0.95725 -1.19815 -0.254232 -3.5 0 0.73108 -0.0478812 41 41 255
-23.764 39.4523 31.9075 -0.91053 -0.451066 3.8 0 0.27745 0.0949085 125 125 255
-17.4851 35.6452 30.5186 -0.0285489 0 -0.4 0 0.638548 -0.341283 35 35 255
-26.559 15.463 18.693 0.440502 0 -3.2 0 -0.372988 -0.805116 15 15 255
-36.5479 34.2713 4.13256 0.600025 0 -4.5 0 0.256791 0.167484 185 185 255
-47.4379 57.1426 17.6777 -0.671552 -0.247453 -3.5 0 -0.80475 -0.592699 21 21 255
-43.6056 54.8408 29.0975 -1.41662 -0.0616704 -3.5 0 -0.903513 0.176942 49 49 255
-36.533 55.0588 -0.147 -0.0732998 0 -1.6 0 -0.947116 0.309002 255 107 107
-40.9709 58.1521 8.1595 0.158262 0 1.31982 0 -0.741123 0.655051 255 81 81
-34.007 14.661 23.537 0.0908086 0 -4.5 0 -0.284107 -0.923072 163 163 255
-21.7703 34.82 5.727 0.0874235 0 -3.5 0 0.162567 -0.128508 14 14 255
-37.4084 63.7243 25.8595 0.214785 0 -4.5 0 -0.0264379 0.999106 3 3 255
-46.5933 51.8768 27.4051 -0.351671 0 -1.6 0 0.16526 -0.237265 158 158 255
-16.55 63.0768 9.7545 0.128985 0 -4.5 0 -0.0388716 0.124024 56 56 255
-26.135 56.995 -4.402 0.00156829 0 -3.5 0 -0.766887 0.629726 53 53 255
-38.526 42.125 16.2105 0.960736 0.23999 -4.5 1 -0.194073 -0.980898 255 42 42
-37.746 70.5415 20.412 2.92105 0.0384233 -3.9 0 -0.463282 0.854366 33 33 255
-33.3444 34.0004 6.5355 0.540339 0 -4.5 0 0.894918 -0.442953 255 144 144
-21.4335 46.049 5.7385 -0.00567931 0 3.8 0 0.685545 0.727833 255 185 185
-37.095 19.8575 16.785 -1.373 -0.0472596 -3.5 0 -0.368078 -0.929756 253 253 255
-46.0905 64.3726 19.2564 -0.235823 0 -0.8 0 -0.429175 0.845873 2 2 255
-37.5513 35.5265 5.07525 1.03702 0.754424 -4.5 0 -0.540466 0.788341 255 194 194
-47.9395 62.8101 16.7995 -1.22106 -0.908674 -3.5 0 -0.598028 0.775843 6 6 255
-37.9335 41.6219 13.1216 0.0639685 0 4.2 0 -0.554711 -0.49992 255 27 27
-35.7051 56.4608 -1.27275 0.0442567 0 -1.6 0 -0.570512 0.75895 255 149 149
-45.683 43.64 21.332 0.576233 0.811668 -4.5 0 -0.485479 -0.786221 235 235 255
-39.905 20.6535 16.247 -1.82184 -0.324251 -3.5 0 -0.226296 -0.706498 255 43 43
-36.901 17.2165 19.808 -0.0569517 0 3.8 0 -0.69109 -0.532748 157 157 255
-19.8232 19.0995 14.9207 0.581594 0.229377 -3.9 0 0.713776 -0.700366 15 15 255
-37.884 26.5909 23.343 -0.366596 0 4.05851 1 -0.871742 -0.459981 255 133 133
-44.5294 66.0626 6.553 0.305149 0 -0.8 0 -0.841569 0.245189 162 162 255
-43.9329 66.7087 14.3546 -0.0576679 0 3.8 0 0.207847 0.977888 40 40 255
-41.3763 67.5401 9.93163 0.518564 0 -1.6 0 -0.626978 0.774925 162 162 255
-29.913 30.23 27.5343 -0.36438 0 -3.00032 0 -0.0393121 -0.618085 149 149 255
-28.8288 69.5368 4.43025 -0.4008 0 -4.5 0 0.508063 0.855925 64 64 255
-37.5967 24.6187 24.6995 -0.503266 0 3.8 1 -0.971271 -0.17599 255 69 69
-20.2383 61.6123 16.9495 0.515939 -0.0228072 -0.7 0 0.667548 0.340747 161 161 255
-34.8454 42.7409 29.0947 -0.142305 0 3.8 0 0.565745 0.757438 105 105 255
-21.2617 46.7239 7.49475 -0.0667421 0 3.8 0 0.887814 0.263939 255 63 63
-48.9335 49.7255 27.5276 0.341878 0 -1.6 0 -0.000616715 -0.762307 163 163 255
-12.1165 44.5887 9.1405 -0.832078 -0.169921 -3.5 0 0.92426 0.0819828 82 82 255
-47.1548 54.1577 12.077 -0.0595919 0 -3.5 0 -0.394048 0.918996 32 32 255
-39.2071 61.3493 25.7537 0.0359257 -0.0262102 -3.64323 0 -0.886939 0.198757 13 13 254
-24.772 33.395 32.085 0.0965065 0 -1.6 0 0.296289 -0.0880053 141 141 255
-49.3951 53.3848 20.511 -0.700838 0 1.8 0 -0.608864 0.690084 76 76 255
-27.9835 65.5955 4.9465 0.26199 0 -3.5 0 0.721046 0.0160163 167 167 255
-41.3727 42.7691 22.387 0.18159 -0.493945 0.0693559 0 -0.556699 -0.807261 255 100 100
-48.081 56.1614 23.7144 -0.602187 0 3.8 0 -0.96678 -0.251566 174 174 255
-15.8575 38.705 26.1175 0.271441 0 2.8 0 0.666139 -0.703029 15 15 255
-37.4723 22.1238 24.782 -0.713141 -0.0451747 1.69905 1 -0.74779 0.374857 255 42 42
-30.856 20.909 31.668 -0.519051 0 -3.5 0 -0.29686 0.289337 201 201 255
-19.0121 35.9905 32.0135 0.725264 0 -0.4 0 0.819689 -0.437256 34 34 255
-23.9438 14.8051 18.1411 -0.634753 0 -3.2 0 0.116844 -0.950582 4 4 255
-35.0732 35.759 33.8085 -0.279768 0 -3.5 0 0.156585 0.244702 69 69 255
-15.618 40.7606 31.257 0.158468 0 1.8 0 0.275496 0.287335 105 105 255
-28.8449 49.338 -5.021 -0.193204 0 -0.4 0 0.233034 -0.782082 210 210 255
-11.556 41.6026 16.9307 0.205824 0 -4.5 0 0.156274 -0.456159 30 30 255
-42.0125 50.6841 4.64262 -0.492948 0 -0.8 0 -0.928275 0.369258 166 166 255
-31.5165 69.193 6.263 -0.983229 -0.755189 -4.5 0 -0.625826 0.536558 57 57 255
-39.263 39.664 12.6908 0.260441 0 4.2 0 -0.857619 0.142427 255 18 18
-38.2804 25.8579 18.7816 -0.552453 0 -3.5 1 -0.810642 0.461663 255 108 108
-25.5508 60.8778 28.116 -0.704508 -0.221756 -3.5 0 -0.0127072 0.677085 20 20 255
-14.976 26.977 10.987 -0.598373 -0.557884 -3.5 0 0.733874 0.618092 74 74 255
-27.7379 53.2907 -4.86338 0.848939 0.155874 -3.5 0 -0.584562 0.265551 132 132 255
-49.682 50.785 15.1165 0.262068 0 -3.5 0 -0.828444 0.183031 45 45 255
-41.9663 32.769 22.4638 -0.325511 0 -2.33107 1 -0.985526 -0.106779 255 31 31
-30.8524 32.9389 9.01138 -0.0598776 -0.77639 -0.7 0 -0.0283404 -0.7544 255 96 96
-38.4315 43.1194 5.61462 0.123303 0 -0.4 0 0.256997 -0.637808 255 245 245
-19.3059 25.2155 22.3433 0.53722 0.681515 -4.5 0 0.1153 -0.295583 16 16 255
-48.0165 56.0865 24.8825 -1.15748 0 -0.8 0 -0.960043 -0.190663 209 209 255
-23.3075 60.5981 7.26538 0.188466 0 2.16727 0 0.704157 0.545381 134 134 255
-39.3479 43.483 5.21138 0.108796 0 -0.4 0 -0.119752 -0.261747 249 249 255
-15.3905 46.525 8.572 -0.908596 0 -0.7 0 0.0803799 0.03762 108 108 255
-34.53 68.8057 4.388 0.690567 0 -4.5 0 -0.15613 0.827834 56 56 255
-33.9096 33.6401 33.5304 -1.35528 -0.817659 -3.5 0 0.242983 -0.309498 121 121 255
-18.509 63.0005 14.02 0.658686 0 -4.5 0 -0.01465 0.545733 118 118 255
-35.198 51.391 37.097 0.0154728 0 -0.4 0 -0.0261805 0.129016 14 14 255
-50.0592 52.8597 14.7507 -0.290532 0 -3.5 0 -0.599535 0.707335 15 15 254
-38.2014 61.7523 5.73675 -0.0327203 0 -1.61013 0 -0.984294 -0.1745 255 246 246
-46.3015 47.619 12.8275 0.23187 0 -0.85 0 -0.184707 -0.231998 191 191 255
-19.0525 53.8503 21.2658 0.403585 0 1.8 0 0.408108 0.452393 141 141 255
-14.52 27.0715 23.257 0.299188 0.625905 -4.5 0 -0.398082 -0.890348 2 2 255
-21.6797 53.2249 -0.678937 0.104809 0 -3.9 0 0.258745 0.85442 20 20 255
-37.0035 44.019 37.5895 -0.124383 0 3.8 0 0.257207 0.266863 8 8 255
-38.725 39.7518 25.3405 0.0718258 0 -3.5 1 -0.766945 -0.554522 255 50 50
-29.7335 35.4699 32.818 0.14577 0 -3.28066 0 -0.163587 -0.398761 65 65 254
-35.382 14.8356 24.3699 0.51464 0 -4.5 0 -0.552255 -0.814261 220 220 255
-20.7215 37.1376 5.26613 -0.017211 0 -3.5 0 0.466045 -0.55864 7 7 255
-50.063 48.4015 24.539 -1.00467 -0.260664 -1.6 0 -0.322046 -0.921197 125 125 255
-19.5135 37.0719 34.7031 0.0316531 0 1.8 0 0.420989 -0.165913 177 177 255
-38.1931 40.8544 7.60875 0.49796 0.251422 -1.50446 0 -0.41883 -0.0857977 255 110 110
-49.66 58.595 25.225 -0.727516 -0.791068 -0.8 0 -0.96976 -0.0431611 99 99 255
-40.493 49.3758 2.495 -0.237985 -0.118589 -0.8 0 -0.160424 -0.35426 255 228 228
-7.15625 46.5036 11.2439 0.0613441 0 -3.5 0 0.218834 0.091163 11 11 255
-37.0934 68.2759 17.9077 1.77887 0 -3.9 0 0.208142 0.570823 13 13 255
-45.4879 50.8208 10.6696 0.204404 0 -3.5 0 0.204706 -0.615794 119 119 255
-30.5478 60.6213 7.31125 -1.61007 -0.551546 2.6616 0 0.11294 0.825379 100 100 255
-35.6564 46.0314 29.8825 0.0869228 0 1.8 0 0.835887 -0.00281671 24 24 255
-37.3955 40.1309 13.6567 0.444598 0 4.2 0 -0.671543 0.077308 255 11 11
-35.9705 19.4457 7.26725 2.21273 0.130228 -3.9 0 0.00921815 -0.125109 225 225 255
-40.103 56.59 4.8765 0.0117839 0 1.8 0 -0.423185 0.0529926 255 106 106
-35.2163 24.3517 11.985 -0.0270133 0 -3.9 1 -0.0797108 0.501228 255 88 88
-13.063 55.4893 11.0679 0.79515 0 -4.5 0 0.954279 0.155058 14 14 255
-39.6556 32.8779 4.34263 0.409897 0 -4.5 0 -0.913515 0.00909841 255 224 224
-9.93775 38.8854 6.71037 0.654964 0 1.8 0 0.791928 -0.607348 20 20 255
-14.5294 54.0375 15.8068 0.868373 0 -4.5 0 0.298678 -0.144721 1 1 255
-14.181 34.6302 21.5287 0.124624 0 -4.5 0 0.15685 0.784458 3 3 255
-39.5402 61.656 8.877 0.294133 0 1.8 0 -0.669168 -0.26837 255 139 139
-37.7455 32.1714 26.8751 -0.343695 -0.0762809 -1.29943 0 -0.299918 -0.479844 255 58 58
-8.9705 35.5025 19.221 -0.175235 0 1.8 0 -0.113212 0.971242 61 61 255
-22.8965 47.3721 3.91088 -0.108131 0 1.97528 0 0.819775 -0.173269 65 65 255
-25.7195 47.3196 37.1985 0.515295 0.905644 -4.5 0 0.344912 0.229589 37 37 255
-21.9736 61.682 8.69462 -0.0906579 0 3.8 0 0.342958 0.255051 143 143 255
-10.5234 30.3944 22.4664 -0.796606 0 -3.5 0 -0.145424 0.282677 3 3 255
-31.5546 45.335 2.18525 -0.116342 0 4.5 0 -0.134196 -0.563617 213 213 255
-21.2582 48.9487 -2.076 -0.111475 0 -3.9 0 0.419693 -0.883591 2 2 255
-33.4286 50.8129 -6.44812 0.513273 0 1.74517 0 0.328035 -0.253613 249 249 255
-36.1089 42.0479 16.974 1.37387 0 -0.4 1 -0.698728 -0.715348 255 8 8
-33.103 13.2233 17.0168 -0.0259818 0 1.8 0 -0.0766519 -0.813809 69 69 254
-30.164 15.291 22.9778 0.379704 0 -4.5 0 0.522092 -0.639464 33 33 255
-13.6726 33.9038 4.2145 0.645359 0 -4.5 0 0.059081 0.0744907 28 28 255
-11.8407 50.0267 14.9587 0.58154 0 -0.8 0 0.202745 0.978984 2 2 255
-22.1707 59.683 4.48887 -1.66739 -0.895942 -3.5 0 0.849074 0.519211 82 82 254
-10.947 30.5935 3.666 0.645387 0.112208 -4.5 0 0.622144 -0.0470626 17 17 255
-23.64 58.673 22.3832 0.0947085 0 1.8 0 0.438727 0.886233 255 100 100
-48.131 59.3117 14.3655 0.0376448 0 -3.5 0 -0.651574 -0.249415 17 17 255
-14.3962 53.916 11.0685 0.924183 0 -4.5 0 0.537381 -0.637669 13 13 255
-32.2345 45.731 30.5562 -1.4679 -0.0805594 -4.5 0 -0.998208 0.0267834 8 8 255
-20.3325 63.4959 12.0431 0.125059 0 -3.04655 0 0.0795538 0.995028 129 129 255
-43.4626 51.6041 9.8105 -0.011943 0 0.493258 0 -0.683676 -0.288533 153 153 255
-37.4608 18.7565 8.4335 2.04938 0.0944039 -3.9 0 -0.708432 -0.603997 226 226 255
-47.4499 65.4411 22.0063 0.486956 -0.0994917 -0.8 0 -0.321018 0.945904 2 2 255
-17.1199 33.3947 10.8232 0.0163954 0 3.8 0 0.693567 -0.0591256 86 86 255
-48.3341 50.8872 28.3209 -0.000599375 0 -1.6 0 0.476974 -0.22385 168 168 255
-32.934 13.3438 14.8674 -0.06593 0 1.8 0 0.159963 -0.679393 35 35 255
-37.469 35.792 21.739 0.316163 0.442234 -3.5 1 -0.2669 0.843415 255 13 13
-34.5368 18.243 14.3911 -0.333122 -0.254456 -2.97605 0 -0.579975 -0.791972 156 156 255
-14.0355 48.6819 8.71338 -0.121461 -0.138794 -0.7 0 0.392832 -0.011895 102 102 254
-27.923 46.6457 -1.34375 0.164505 0 -3.5 0 -0.781108 -0.614897 132 132 255
-25.9643 24.3919 24.3499 -0.346187 0 3.8 0 0.550267 -0.426097 18 18 255
-21.4459 18.2425 17.9244 -0.259921 0 -3.9 0 0.865101 -0.458253 13 13 255
-36.8792 17.1645 26.3148 0.34547 0 -3.5 0 -0.395462 -0.572412 255 112 112
-37.2402 38.5674 28.558 -0.121328 -0.864022 -0.7 0 -0.918256 -0.0751349 255 103 103
-47.4569 44.4429 15.7746 0.883564 0 1.9 0 -0.512745 -0.527165 208 208 255
-28.704 47.3424 -1.32413 0.0668527 -0.283831 -1.6054 0 -0.304002 -0.813348 190 190 255
-38.3655 40.154 24.3228 -0.119766 0 -3.5 1 -0.711519 -0.557821 255 32 32
-42.0935 32.4555 23.8237 -1.50184 -0.020873 -3.5 1 -0.994083 0.0991797 255 22 22
-33.9521 45.4618 28.3223 0.119769 0 -1.6 0 -0.00325537 -0.317214 47 47 255
-25.4061 56.2099 27.443 -0.0339473 0 -0.7 0 0.868764 0.213587 5 5 255
-47.1903 48.9685 12.3427 -0.21251 0 -3.5 0 0.125003 -0.608109 174 174 255
-34.5765 44.665 33.1035 -0.588655 0.0429806 -3.96614 0 -0.108649 0.161145 6 6 255
-22.2241 16.7227 20.0166 0.264577 0 -3.2 0 0.677764 -0.319053 11 11 255
-30.567 62.059 10.728 -0.910292 0 -0.944347 0 0.286533 0.629686 25 25 255
-21.923 35.6925 33.0405 0.579697 0.0132214 1.8 0 -0.541059 -0.604875 108 108 255
-48.856 48.6575 24.854 -0.245312 0 -1.6 0 0.0751221 -0.981787 188 188 255
-21.9338 20.4608 11.7653 -0.0627979 0 -2.18247 0 0.512424 -0.384888 77 77 255
-42.0415 51.9025 32.1955 -0.197495 0 -2.96844 0 -0.583611 0.33354 25 25 255
-20.7274 35.4053 34.0229 0.07513 0 1.8 0 -0.11168 -0.765939 90 90 254
-20.1542 54.2243 -6.159 2.392 0.0970172 -3.9 0 0.306811 0.207462 77 77 255
-41.6717 49.1085 3.32725 -0.219703 -0.282423 -0.8 0 -0.698891 -0.350571 203 203 255
-4.8175 47.265 15.5632 -0.041785 0 -3.5 0 0.403421 -0.0478073 19 19 255
-27.295 25.4967 8.682 -0.322646 0 -3.5 0 -0.775575 0.0100725 112 112 255
-44.0861 65.2237 8.91319 0.55618 0 -1.6 0 -0.990067 0.137916 166 166 255
-21.2815 27.887 27.626 -0.0785721 0 1.8 0 0.266188 -0.364277 25 25 255
-46.4964 58.0595 14.5702 -0.22967 0 -3.5 0 -0.361249 -0.25842 14 14 255
-19.8696 63.2509 11.1451 0.167088 0 -0.134631 0 0.145086 0.730831 110 110 255
-12.9485 51.0728 19.1835 0.949556 0 -3.9 0 0.413327 0.852156 8 8 255
-11.704 31.892 3.596 -0.0430322 0 -4.5 0 0.461585 0.440477 16 16 255
-9.983 39.932 15.698 -1.518 -0.572393 -4.5 0 0.660774 -0.678873 84 84 255
-15.8562 38.6116 27.6386 0.122489 0 1.82374 0 0.749409 -0.609872 35 35 255
-12.456 30.9918 23.1276 0.639761 0.0603979 -4.5 0 0.728111 0.389897 5 5 255
-32.1982 30.3294 11.5302 0.166156 0 2.97876 1 0.307567 -0.181646 255 17 17
-19.059 44.5967 31.7384 0.240498 0 -0.7 0 0.267948 -0.153088 176 176 255
-47.709 56.777 16.2355 -1.56542 -0.312417 -3.5 0 -0.875995 -0.474807 36 36 255
-32.1021 57.9856 0.0765 -0.0423312 0 -0.9 0 -0.551032 0.726167 168 168 255
-25.53 17.8235 22.1455 0.226809 0 -3.2 0 0.0939513 -0.594279 14 14 255
-14.0774 60.6193 9.68587 0.0639649 0 -0.8 0 0.78464 0.512669 33 33 255
-36.3986 33.9555 17.5985 -1.27135 -0.00381827 -0.8 1 -0.867333 0.141523 255 23 23
-11.9496 36.6991 2.07037 0.449352 0 -4.5 0 0.571509 -0.345386 17 17 255
-15.854 51.6595 23.5159 1.1886 0 -1.99762 0 -0.47815 0.877702 53 53 255
-40.21 60.783 24.6825 -1.17658 0 -3.5 0 -0.530263 0.201383 30 30 255
-32.3797 21.8984 31.1429 -0.138689 0 -3.5 0 -0.0588166 0.382223 255 188 188
-38.2098 31.5694 10.9432 0.478011 0 1.9 1 -0.969161 0.161792 255 53 53
-17.2598 52.7384 18.793 0.681789 0 1.8 0 0.645203 0.537518 5 5 255
-7.61 30.977 21.554 -2.46249 -0.724667 -3.5 0 0.900509 0.271046 8 8 255
-20.1734 38.691 33.4169 0.134211 0 1.8 0 0.23544 0.839028 255 243 243
-19.106 20.5979 17.9139 -0.168773 -0.0996954 -4.07196 0 0.432137 -0.834061 43 43 255
-34.162 50.6413 -7.1615 0.0780474 0 1.8 0 0.49135 -0.162344 201 201 255
-49.0096 54.3158 25.4854 0.210482 0 -1.6 0 -0.5895 0.737406 185 185 255
-35.9596 40.626 19.8056 0.776161 0.483317 1.25914 1 -0.607657 -0.792754 255 10 10
-39.4902 68.6665 21.058 0.315121 0 -3.9 0 -0.392646 0.525982 64 64 255
-36.6968 40.1855 14.4356 0.768444 0 2.09958 1 -0.777927 -0.136448 255 9 9
-40.2375 70.0615 13.5825 -1.12788 -0.102719 -3.5 0 -0.666637 0.534858 5 5 255
-33.1275 19.0007 28.5457 1.04341 0.453047 -3.5 0 -0.357123 -0.906417 255 165 165
-24.3617 61.0177 1.27163 -1.07847 -0.00820817 -3.5 0 0.682591 -0.461689 31 31 255
-20.1308 50.768 24.1038 -0.714753 0 -3.5 0 0.650314 0.52683 200 200 255
-38.1273 63.3689 24.2035 -0.0840536 0 -1.4276 0 -0.414914 0.896132 4 4 254
-36.5413 33.246 31.7043 -0.909074 -0.0528768 -3.5 0 -0.671838 -0.736518 184 184 255
-25.4689 57.3736 -2.61975 0.179253 0 -1.6 0 0.152057 0.971848 42 42 255
-20.6127 35.4625 6.175 0.0670569 0 -3.5 0 0.285714 -0.163827 9 9 255
-35.751 47.609 29.729 0.125926 0 -1.6 0 0.28991 0.408166 14 14 255
-21.3805 33.4875 31.365 -0.467757 -0.473578 -0.4 0 -0.300203 -0.346451 17 17 255
-31.5893 65.1055 14.1096 0.0341965 0 1.88701 0 0.120042 0.771843 35 35 255
-23.0513 48.0959 1.86263 0.120531 0.2226 2.23632 0 0.756553 -0.633748 23 23 255
-30.6359 52.7615 -4.11562 0.192476 0 -0.591497 0 0.33795 0.80241 255 196 196
-27.7272 39.8983 35.163 -0.107056 0 -3.5 0 0.230467 -0.328049 94 94 254
-30.8915 47.6497 36.4082 1.42151 0.572163 1.8 0 0.253182 -0.172993 14 14 255
-38.5612 37.0522 25.2001 -0.128896 0 -0.7 1 -0.692503 0.494984 255 25 25
-39.311 20.339 19.5245 -0.380222 -0.863275 -3.5 0 -0.479848 -0.794515 255 99 99
-36.6565 44.693 36.5093 -0.32169 0 3.8 0 0.285391 0.582247 7 7 255
-39.3455 40.0191 26.5034 -0.351142 0 -3.5 0 -0.623913 -0.695577 255 106 106
-50.7108 48.4845 13.0336 0.16376 0 1.8 0 -0.917395 0.155462 79 79 255
-34.1092 18.005 26.8129 0.87664 0.0728849 -4.11251 0 0.0536568 -0.440851 255 105 105
-18.5339 31.8962 8.44775 -0.105452 0 3.8 0 0.411814 -0.0497953 60 60 255
-17.7024 51.0424 7.66062 0.0265074 0 3.23096 0 0.653417 0.0224644 255 207 207
-43.847 58.895 13.6235 -0.00248819 0 -3.5 0 -0.517676 -0.105307 35 35 255
-31.4925 23.6667 28.0605 -0.651037 0 -3.5 0 0.397804 0.417081 234 234 255
-41.5871 44.4992 6.67744 0.399024 0 -0.4 0 -0.78706 -0.294309 255 159 159
-28.496 21.4421 30.3078 0.00723621 0 -3.5 0 0.947881 0.240075 104 104 255
-39.6571 39.5565 30.571 -1.34876 0 -3.5 0 0.251835 -0.965327 170 170 255
-51.8377 49.9943 18.1493 -0.505354 -0.12529 -2.13558 0 -0.997579 -0.0460867 61 61 255
-19.059 63.8662 13.4994 0.240739 0.402093 -4.5 0 -0.310236 0.761657 140 140 255
-24.9428 21.6394 22.3044 -0.604919 0 0.898227 0 0.238182 0.283196 14 14 255
-15.484 22.3355 19.3709 0.675184 0 -4.5 0 0.783179 -0.329666 8 8 255
-48.849 59.673 24.5519 0.361195 -0.505204 -0.8 0 -0.918935 0.325591 26 26 255
-29.2924 60.8579 7.3825 -1.49235 -0.919921 -3.5 0 -0.427067 0.836081 165 165 255
-20.5341 53.3652 22.8507 0.379508 0 -0.8 0 0.861896 0.484441 255 136 136
-47.5243 51.998 27.7978 -0.000695917 0 -1.6 0 0.402886 -0.17221 164 164 255
-17.0724 32.8715 28.2934 -0.224263 -0.0360728 1.8424 0 0.991581 0.009995 51 51 255
-19.0537 27.092 23.1752 -0.0551807 0 -0.7 0 0.664888 -0.674916 14 14 255
-10.8945 36.9692 7.12375 1.4548 0.626287 -4.5 0 0.951507 -0.262511 22 22 255
-21.507 27.273 25.8875 0.586968 0 1.8 0 0.375816 -0.926329 24 24 255
-41.2127 60.3819 10.1736 0.427045 0 -3.5 0 -0.402477 -0.245839 255 219 219
-34.5317 68.4516 5.51188 1.05505 0.0566396 -3.2 0 0.0256529 0.982981 58 58 255
-40.4097 22.3555 19.1713 -0.783054 -0.110538 -3.5 1 -0.719649 -0.0296602 255 122 122
-14.2984 50.6795 11.647 -0.265506 -0.957127 -0.7 0 0.818443 0.549603 11 11 255
-22.4536 37.1701 33.1401 0.263364 0 1.8 0 -0.816006 0.0290462 150 150 255
-38.175 55.221 29.356 0.637583 0.0731984 -4.5 0 -0.431147 0.0647151 17 17 255
-25.7145 28.2722 26.2143 -0.493194 0 -0.825123 0 -0.624516 -0.664253 25 25 255
-48.7191 54.6881 26.9041 0.158255 0 -1.6 0 -0.558625 0.676412 174 174 255
-24.1529 32.6937 7.70669 0.272128 0.0454729 -0.9 0 -0.162194 -0.563368 18 18 255
-35.253 50.4753 -2.16438 -0.0524145 0 0.255921 0 -0.513122 -0.84387 255 196 196
-11.8398 43.7422 20.8708 0.3851 0 4.5 0 0.921163 -0.360252 1 1 255
-20.7812 53.8138 2.96375 -0.980073 -0.250209 -1.03572 0 0.733385 0.429373 26 26 255
-18.1484 53.371 16.3354 0.542328 0 0.270474 0 0.736329 0.541496 3 3 255
-33.2487 38.0055 35.182 0.787516 0 -4.5 0 -0.327446 -0.710834 22 22 255
-33.0918 42.7957 29.1203 -0.846512 -0.0943031 0.276937 0 -0.504289 0.764463 64 64 255
-39.6958 26.7005 15.7393 -0.00365718 0 -1.6 1 -0.933401 -0.321812 255 62 62
-13.7075 46.173 8.722 -0.409311 -0.353443 -2.57449 0 0.256137 0.34404 86 86 255
-36.1468 44.4925 32.4683 0.605724 0.637256 3.8 0 0.767327 -0.0505599 7 7 255
-22.5735 27.67 10.492 0.709591 0 -0.4 0 0.189881 -0.197009 58 58 255
-36.7006 19.4242 18.7936 -0.421581 -0.504525 -0.424536 0 -0.746538 -0.465113 213 213 255
-36.257 56.6012 30.8785 0.623741 0.106483 -4.5 0 -0.0280647 0.120198 67 67 255
-36.4156 67.9784 14.3263 0.442659 0 -1.69153 0 0.47325 0.684139 9 9 254
-17.7861 57.172 15.4756 -0.487812 -0.371324 -0.4 0 0.39586 -0.334266 13 13 255
-50.1504 48.3945 12.0765 0.131335 0 1.8 0 -0.634908 -0.369584 101 101 255
-17.7539 41.1355 30.7897 0.221611 0 1.8 0 0.0173856 0.145058 167 167 255
-36.9958 27.5527 12.5125 0.469546 0 -1.6 1 -0.382596 -0.306523 255 40 40
-21.175 52.4815 -5.202 2.09362 0 -3.9 0 -0.0154178 -0.552915 21 21 255
-15.701 52.048 25.957 -0.647333 -0 -0.4 0 -0.0785976 0.995746 44 44 255
-21.8612 63.977 12.838 -0.219173 -0.0683092 1.58276 0 0.373353 0.923795 152 152 255
-15.1699 41.3927 1.71925 0.530272 0 -4.5 0 0.0193564 0.706142 25 25 255
-28.446 63.609 5.9135 -1.30324 0 -0.9 0 0.328469 0.307092 194 194 255
-18.2222 49.1285 7.662 -0.0430868 0 0.14329 0 0.11873 -0.556706 255 169 169
-20.036 38.0745 34.4422 0.0495002 0 1.8 0 0.210985 0.55487 253 253 255
-37.741 25.855 19.7835 -0.362993 0 -1.99499 1 -0.922046 0.000817474 255 94 94
-35.1027 19.0431 16.3225 0.954892 0 3.8 0 -0.773516 -0.586176 166 166 255
-45.096 47.9305 26.4317 0.327612 0 -4.5 0 -0.90329 -0.349845 183 183 255
-20.0688 53.3913 5.55988 -0.0174004 0 3.8 0 0.780191 0.312308 129 129 255
-33.845 13.041 16.2444 -0.0394514 0 1.8 0 -0.349366 -0.926875 73 73 255
-38.5609 31.2506 12.9359 0.215345 0 -1.6 1 -0.680922 0.617396 255 54 54
-29.3095 21.3466 29.06 0.0604937 0 -3.5 0 0.910908 -0.0640852 142 142 255
-33.5457 61.7188 27.3603 0.0983512 -0.0144148 -3.5 0 0.561097 0.808892 2 2 255
-6.83 31.5331 15.9831 0.0908348 0 1.8 0 0.735489 -0.0413085 192 192 255
-50.3591 53.5855 15.9736 -0.364372 0 -3.5 0 -0.128847 0.867872 19 19 255
-34.5819 29.5352 28.3479 -0.577247 0 4.2 0 0.243191 -0.177375 255 98 98
-36.8586 20.2453 27.1822 -0.0781469 0 -3.5 1 -0.675682 0.255695 255 59 59
-32.6403 21.1891 8.965 -0.277352 0.0812457 -3.2 0 -0.274718 -0.214301 134 134 255
-23.2773 47.2637 -2.00125 -1.21792 -0.302479 -3.5 0 0.623928 -0.772594 6 6 255
-26.1055 58.9304 0.009625 -0.157864 0 -1.6 0 0.214111 0.77549 41 41 255
-19.982 26.1182 23.239 -0.032222 0 -0.7 0 0.174255 -0.755289 23 23 255
-19.6057 59.0892 16.4536 -0.162896 -0.626042 -0.079323 0 0.4585 0.201385 64 64 255
-33.1048 59.4123 1.70375 -0.746749 -0.0503609 4.5 0 -0.0494539 0.195814 66 66 255
-30.5685 45.6971 35.8811 0.275539 0 -4.5 0 0.222831 0.211033 12 12 255
-43.7573 44.0293 8.3815 0.202179 0 -1.6 0 -0.619157 -0.0415383 255 63 63
-35.085 24.5694 27.5891 -0.542862 -0.0290964 0.618842 1 -0.647309 0.214565 255 91 91
-22.7348 56.5433 -4.63675 0.398218 0 -3.5 0 0.740839 0.646447 50 50 255
-19.3713 50.5379 -2.89812 0.174811 0 -3.9 0 0.812954 -0.559637 4 4 255
-10.7622 31.7822 21.7526 -0.525985 -0.836413 -3.5 0 0.0258944 0.665406 4 4 255
-24.2419 46.9106 -4.10525 -0.499838 -0.0242084 -3.5 0 0.905688 -0.282442 9 9 255
-46.2631 64.787 20.2271 -0.530387 0 -0.8 0 -0.101369 0.891037 2 2 255
-36.7716 40.148 22.6359 -0.48864 -0.135735 -0.861763 1 -0.433915 -0.749385 255 8 8
-23.1216 36.2765 2.22206 0.109647 0 -3.5 0 0.347907 -0.64847 14 14 255
-36.0135 43.6166 37.0876 -0.0741015 0.0523883 -0.618567 0 0.141302 0.498643 9 9 255
-31.823 61.4575 2.065 0.0299731 0 1.37527 0 -0.115432 0.395298 95 95 254
-31.8943 15.964 21.3808 0.260731 0.00616418 -4.5 0 0.432639 -0.723518 119 119 255
-37.9545 38.1585 6.4315 -1.16811 -0.915539 -4.5 0 -0.406533 -0.0741254 255 171 171
-15.6488 61.89 13.844 0.380121 0 -4.5 0 0.77122 -0.191696 23 23 255
-37.0672 65.5277 23.4364 0.283183 0 -0.9 0 -0.373827 0.418309 3 3 255
-31.1596 48.9473 -2.52338 0.0851037 -0.226277 -0.553125 0 -0.383278 -0.886028 255 221 221
-14.32 52.956 13.981 0.193175 0 -4.5 0 0.668137 -0.735776 3 3 255
-26.4002 51.6183 -5.5315 0.463949 0 -3.5 0 -0.235638 -0.365268 50 50 255
-34.6845 38.1553 22.1119 0.00417596 0.467535 -1.37906 1 -0.947673 -0.148679 255 4 4
-23.903 20.7739 11.1065 -0.00842575 0 -0.7 0 0.109693 -0.371383 97 97 255
-18.477 24.581 22.0265 0.159472 0 -4.5 0 0.387363 -0.0190392 12 12 255
-37.3662 50.6585 -5.795 0.00884455 0 1.8 0 -0.941071 -0.32677 185 185 255
-27.7289 15.285 15.7454 0.00705622 0 -3.5 0 0.513754 -0.857926 23 23 255
-32.2004 50.2119 34.6716 -0.0603011 0 -2.63705 0 0.573238 0.699476 16 16 255
-4.32338 48.5698 15.2824 0.225816 0 -3.5 0 0.473568 0.461225 28 28 255
-14.8564 38.2731 22.9881 -0.144769 0 2.8 0 0.34812 -0.926189 11 11 255
-30.3094 19.3435 11.3597 -0.242587 0 -3.2 0 0.679936 -0.275389 90 90 255
-21.4911 43.5051 32.4139 0.0465464 0 -0.7 0 -0.244455 0.0138904 207 207 255
-10.8935 28.5675 15.1493 -0.322955 -0.0284681 -0.837252 0 0.403941 -0.524594 103 103 255
-41.6418 60.4357 30.8545 0.4665 0 -4.5 0 -0.442864 -0.256893 36 36 255
-31.7437 33.1016 32.1466 -0.513465 -0.117256 -3.5 0 0.23922 -0.617817 148 148 255
-31.4156 15.1569 13.9145 -0.61653 0 -3.5 0 -0.125009 -0.925454 51 51 255
-20.8743 31.3307 9.73225 -0.00452033 0 1.65915 0 -0.350016 -0.508271 77 77 255
-47.2248 53.2161 15.4497 -0.779551 0 -3.5 0 -0.459815 0.860033 24 24 255
-26.4655 57.2142 -3.23525 0.166893 0 -1.6 0 -0.254208 0.87975 58 58 255
-23.6569 39.6919 2.17812 -0.833117 -0.207505 -3.5 0 0.348654 0.770993 23 23 255
-25.0222 53.6195 -6.434 0.0515063 -0.343103 -3.5 0 0.0880432 -0.39075 46 46 255
-22.1706 37.3271 2.55538 -0.571966 -0.288935 -3.5 0 0.842909 -0.352249 13 13 255
-21.2271 18.4021 13.1636 0.0905956 0 -3.9 0 0.701428 -0.529476 16 16 255
-14.7268 59.9335 12.6071 -0.473662 -0.0570289 -0.8 0 0.746408 0.508592 18 18 255
-22.3705 61.0385 18.851 0.740055 0 -0.7 0 0.292387 0.279583 255 99 99
-39.008 41.3569 18.4709 0.767772 0 1.8 1 0.169473 -0.745444 255 25 25
-27.4191 24.6189 9.3955 -0.713733 0 -3.5 0 -0.904005 -0.241544 117 117 255
-38.121 36.324 27.937 -0.950569 0 -0.7 0 -0.816936 0.186411 255 107 107
-38.5762 33.1128 3.50163 0.170894 0 -4.5 0 -0.197803 0.0278153 179 179 255
-14.1274 52.943 29.9813 0.286418 0 -3.5 0 0.313408 0.751548 47 47 255
-36.4255 37.7583 32.3657 -0.561496 0 -3.5 0 -0.809185 -0.184055 95 95 255
-11.7095 41.0539 3.62963 0.394166 0 1.8 0 0.221284 0.833752 18 18 255
-28.5975 24.4032 27.5068 -1.74904 -0.253807 -3.5 0 0.429454 0.55983 179 179 255
-22.908 39.3695 1.3085 -1.04806 -0.484352 -3.5 0 0.52798 0.523521 16 16 255
-18.367 42.3092 30.9888 0.303571 0 -0.7 0 0.408809 -0.230732 150 150 255
-22.383 15.1655 16.3293 -0.291757 0.292474 -3.2 0 0.568084 -0.71494 5 5 255
-22.9538 56.8027 1.83225 -1.04235 -0.177918 -3.5 0 0.545413 0.0194472 45 45 255
-8.58988 34.6917 20.0886 -0.159239 0 1.8 0 0.0724927 0.578099 37 37 255
-35.9069 27.5351 11.5763 0.132591 0 4.2 1 -0.598854 -0.360467 255 32 32
-21.1866 52.4868 30.5193 0.183714 0 4.2 0 0.0770771 0.43565 34 34 254
-16.6895 58.63 15.0555 0.292798 0 -0.4 0 0.705208 0.281254 17 17 255
-27.0989 61.2477 0.4795 -0.0753002 0 -2.05775 0 -0.0155226 -0.227797 37 37 255
-38.2976 37.6419 13.268 0.206415 0 4.2 1 -0.637581 -0.0995099 255 10 10
-32.98 57.8086 0.9675 -0.242819 0 1.60752 0 -0.257792 0.724501 151 151 255
-20.7463 20.6562 19.2307 -0.922823 -0.637603 -3.9 0 0.419274 -0.401382 46 46 255
-50.3348 49.2234 14.273 0.564928 0 1.8 0 -0.771468 0.600036 74 74 255
-18.8528 21.7897 21.3066 0.332209 0 -4.5 0 -0.202035 -0.830005 18 18 255
-35.6917 69.6474 7.29325 0.129286 0.708776 -3.5 0 0.157057 0.415349 27 27 255
-12.8177 29.4645 24.8002 0.286983 0.661995 -4.5 0 0.317342 0.108399 5 5 255
-35.8114 63.3872 1.22637 -1.25955 -0.249018 -3.5 0 0.395922 -0.0719838 153 153 255
-29.3256 64.1679 0.886875 0.374315 0 -3.5 0 -0.752577 -0.206648 104 104 255
-38.7892 35.9372 11.18 0.0232636 0 4.2 1 -0.626426 -0.778583 255 29 29
-24.5987 55.4823 -7.00825 -0.449507 0 -3.5 0 0.45002 0.168708 54 54 255
-40.563 62.4748 8.90975 0.507937 0 -1.6 0 -0.0821326 -0.726798 255 100 100
-40.9829 57.4156 29.5765 0.315345 -0.0929487 -4.34471 0 -0.453925 0.0874214 66 66 255
-29.4603 63.5835 6.21075 -1.27951 -0.862422 -3.2 0 0.323763 -0.0456146 140 140 255
-38.2935 20.8703 21.8215 -0.375515 0.017239 -3.5 1 -0.832289 0.547318 255 127 127
-5.17525 49.5345 14.4296 0.371953 0 -3.5 0 0.0841398 0.994078 26 26 255
-16.4735 51.6693 22.2757 3.02996 0 -3.9 0 -0.525792 0.768526 56 56 255
-19.6631 55.0213 -5.18375 4.23526 0 -3.9 0 0.511593 0.697621 62 62 255
-36.191 43.058 5.172 0.692017 0 -4.5 0 -0.511436 -0.816962 169 169 255
-45.621 48.1234 23.2598 0.295154 0 -0.4 0 -0.642785 -0.568256 255 188 188
-40.5224 40.2836 26.7402 -0.322521 0 -3.5 0 -0.0734659 -0.830508 255 173 173
-48.6115 58.5651 23.8691 -0.226164 -0.972222 -0.8 0 -0.984063 -0.127487 70 70 255
-5.6425 46.0042 15.6567 0.519264 0 -3.5 0 0.230802 -0.154474 11 11 255
-28.5881 29.6583 27.374 -0.363275 0 -2.2422 0 -0.198299 -0.834442 97 97 255
-29.0895 35.0708 6.5585 -0.458476 0 -1.89513 0 0.0610938 -0.982969 51 51 255
-47.0255 56.25 17.2512 -1.20218 -0.827723 -3.5 0 -0.914584 -0.389423 24 24 255
-13.0951 40.2669 26.504 -0.49056 -0.5593 -2.40722 0 0.0793784 -0.642003 29 29 255
-28.0084 26.5632 24.7316 -0.518905 0 3.8 0 -0.0080646 0.112181 74 74 254
-20.813 62.2438 9.151 -0.0765657 0 3.8 0 0.6203 0.342973 108 108 255
-43.297 66.567 7.44775 0.529675 0 -0.8 0 -0.586257 0.688644 158 158 255
-42.7174 54.8089 9.965 0.547715 0 -0.4 0 -0.699869 0.00285002 25 25 255
-35.3194 16.2381 21.1929 0.249408 0 3.8 0 -0.307345 -0.941816 203 203 255
-11.5339 33.7879 12.2404 -0.706846 -0.336204 -3.5 0 0.191952 -0.387839 202 202 255
-37.8214 16.7844 23.0648 0.511115 0.285125 -3.5 0 -0.428991 -0.901414 255 254 254
-42.03 54.0079 9.07325 0.869828 0 0.0414668 0 -0.772666 0.312359 55 55 255
-17.3685 50.2254 22.49 1.44356 0.863033 -3.9 0 -0.692432 0.720626 66 66 255
-11.097 38.609 23.084 0.226557 0.12079 -3.5 0 0.350337 -0.932993 22 22 255
-23.393 47.407 32.6432 0.538365 0 -4.5 0 0.745683 0.358051 71 71 255
-23.472 38.295 31.8825 0.466339 -0.0177459 2.00584 0 0.175565 0.180061 130 130 255
-22.0893 32.9372 6.9445 -0.0863116 -0.112529 -3.5 0 -0.345413 -0.814414 27 27 255
-39.9096 35.6026 25.6571 -0.536512 0 -0.7 0 -0.843656 0.515552 255 20 20
-40.9442 65.7484 3.89875 0.371776 0 -0.8 0 0.167143 0.313812 136 136 255
-16.8221 35.5622 9.06338 0.00676379 0 -2.14389 0 0.36072 -0.931954 79 79 255
-28.7115 27.7165 24.9364 -0.389836 0 1.32453 0 0.0310934 -0.505718 138 138 255
-11.574 31.108 22.2095 -0.141356 -0.264827 -3.79282 0 0.335746 0.419797 4 4 255
-39.7826 51.8741 2.0945 -0.166754 -0.0881935 2.69188 0 -0.0927421 -0.0223461 167 167 255
-24.0042 30.1567 10.1202 -1.00769 0 -0.4 0 0.15678 -0.201744 73 73 255
-38.5726 52.3471 34.8177 0.427725 0 -1.6 0 0.282284 0.926828 17 17 255
-50.3425 52.4193 11.5037 -0.580526 -0.311997 -3.5 0 -0.830542 0.507839 23 23 255
-45.4728 43.531 20.2778 0.668925 0.210685 -1.06022 0 -0.459843 -0.830761 167 167 255
-51.9306 54.0088 19.1415 -1.80646 -0.513937 -3.5 0 -0.75335 0.528497 52 52 255
-22.2669 35.5201 4.38713 0.0704286 0 -3.5 0 0.687129 -0.686081 14 14 255
-32.8 62.9818 22.6817 0.301575 0.284219 -4.5 0 0.154023 0.82694 0 0 255
-16.5457 57.5742 15.1051 0.407372 0 -0.4 0 0.515194 0.00310235 7 7 255
-20.175 52.5843 30.079 0.222734 0 4.2 0 0.396362 0.574729 45 45 255
-14.846 27.8818 12.0208 0.623657 0.33178 0.100978 0 0.688323 0.244635 55 55 255
-36.4256 24.4503 26.8953 -1.05611 -0.502753 3.8 1 -0.426698 -0.227721 255 102 102
-10.8896 45.0434 22.9721 -0.656483 -0.0206704 -1.87941 0 0.819437 -0.0118802 1 1 255
-11.0288 35.7805 10.5485 0.564524 0 -0.8 0 0.386056 -0.827264 142 142 255
-17.412 21.4405 13.4067 -0.0765853 0 -4.1534 0 0.689975 -0.669517 45 45 255
-26.6402 17.4837 21.7213 0.695342 0 -3.06738 0 -0.0638409 -0.665447 16 16 255
-11.553 43.7179 22.4835 0.347962 0 1.66102 0 0.803169 0.0573015 2 2 254
-40.978 39.5735 27.988 -1.70355 -0.495654 -3.5 0 0.187501 -0.860594 255 214 214
-37.4912 30.2485 9.12387 0.379657 0 1.9 1 -0.58012 -0.761516 255 44 44
-38.5858 53.9594 29.6143 0.6723 0.488765 -4.5 0 0.00707935 0.0683246 12 12 255
-43.9921 43.3784 10.1442 0.35988 0 -1.6 0 -0.845197 -0.512784 255 104 104
-8.4755 47.572 15.235 0.734267 0 -3.5 0 -0.15963 0.54422 3 3 255
-14.5545 39.8732 31.2229 0.0594041 0 1.8 0 0.604999 0.148411 116 116 255
-18.5064 48.914 31.582 0.104977 -0.247365 -3.88005 0 0.277616 0.163502 162 162 255
-39.6356 68.8371 18.9412 0.513226 0 -3.9 0 -0.597065 0.72352 73 73 255
-20.1709 53.6516 21.7372 0.274465 0 0.362392 0 0.606599 0.415813 255 195 195
-42.083 45.519 6.9515 0.113318 -0.0114407 -0.566101 0 -0.72859 -0.273913 255 155 155
-28.9107 48.3423 36.489 0.301688 0 1.8 0 -0.0506682 -0.0678936 25 25 255
-12.489 31.6149 7.0105 0.46821 0 -4.5 0 0.0494527 -0.600479 58 58 255
-42.4584 49.502 35.0529 0.176435 0 -1.6 0 -0.928013 -0.212333 16 16 255
-29.9422 53.3288 -3.4 0.187551 0 -0.9 0 0.0506376 0.495929 243 243 255
-38.8044 42.225 17.4699 0.957422 0 -1.81666 1 0.0858179 -0.917676 255 30 30
-39.8713 69.2885 15.056 -0.0607604 0 -3.5 0 -0.599084 0.502347 5 5 255
-11.673 38.32 19.082 -0.0686432 0 1.8 0 0.878965 0.476672 73 73 255
-37.6872 32.793 9.39575 -0.359997 0 1.9 1 -0.92105 0.369561 255 34 34
-6.60787 33.6681 18.3355 -0.118442 0 1.8 0 0.868913 0.437625 156 156 255
-33.6746 53.8117 -4.47575 -0.705721 -0.907222 1.8 0 -0.265512 0.811009 255 216 216
-19.559 59.9519 6.45337 -1.85184 -0.132869 -3.5 0 0.20996 0.662864 152 152 255
-32.9842 65.1923 13.791 0.473621 0.0466573 3.8 0 0.435847 0.666578 17 17 255
-16.4827 51.491 17.5317 0.460471 0 -3.9 0 0.307994 0.94454 5 5 255
-10.9496 45.8213 21.2092 0.941243 0.589659 -2.64258 0 0.864498 -0.467177 1 1 255
-10.177 48.789 12.9908 0.871471 0 -3.5 0 0.548461 0.804873 5 5 255
-27.332 64.7855 4.7535 -0.462131 -0.2368 -2.64295 0 0.552179 0.327003 186 186 255
-22.6488 54.705 -2.59925 0.167062 0 -3.9 0 0.157158 0.725856 37 37 255
-33.4755 26.9186 26.4995 -0.802175 0 2.27216 0 0.55538 -0.00561613 255 111 111
-48.1995 57.8794 16.6464 -0.0528719 0.333832 -3.5 0 -0.747297 -0.63001 45 45 255
-37.3245 49.388 32.169 0.00772579 -0.31888 3.00527 0 0.2635 0.227908 17 17 255
-41.3332 66.1519 16.3528 -0.574624 0 -3.55934 0 -0.517121 0.855617 16 16 255
-34.4997 66.5349 12.4361 0.275954 0.334033 -0.100026 0 0.836802 0.535843 11 11 255
-11.9978 25.7226 17.867 -0.829885 -0.428785 -3.5 0 0.239091 -0.567666 27 27 255
-23.9924 23.3146 22.136 -0.196858 0 4.5 0 0.267749 0.130622 13 13 255
-35.4316 48.3423 2.8535 0.0116229 0 -0.979309 0 -0.103917 -0.835092 203 203 255
-44.2687 67.5964 4.49725 1.33569 0.25368 -0.8 0 -0.372705 0.926038 111 111 255
-29.19 61.7687 21.203 0.859116 0 1.8 0 0.372914 0.785195 68 68 255
-30.5445 60.144 28.2565 -0.101381 0 -3.5 0 0.51169 0.805498 0 0 255
-11.9043 35.7134 9.34175 0.0679489 -0.239287 -2.84101 0 0.290133 -0.941477 57 57 255
-30.2186 50.2784 -6.49875 0.080089 0 -0.4 0 0.435695 -0.142 255 227 227
-30.584 22.2638 9.25875 -0.611131 0 -3.2 0 0.736146 0.200982 197 197 255
-48.3855 55.392 20.3315 -0.449579 -0.414734 -3.02355 0 -0.908898 -0.0264949 22 22 255
-25.4552 51.495 33.239 1.11942 0.000263067 -4.5 0 0.13882 0.0158405 8 8 255
-41.261 36.958 20.8535 -0.121667 0 -1.3 1 0.438141 0.898238 255 21 21
-32.9464 28.5895 10.8549 0.0662806 0 4.2 1 0.324903 0.205631 255 53 53
-8.69775 39.9603 10.589 -0.0422375 0 -0.8 0 0.939034 0.289134 123 123 255
-37.9465 51.3737 28.3885 0.844056 0 -4.5 0 -0.20163 -0.494312 18 18 255
-17.5115 36.5732 26.5975 -0.472158 0 -0.4 0 0.839764 -0.351552 44 44 255
-15.0375 48.2735 30.9655 -0.140458 0 -3.62811 0 0.635246 0.00627041 45 45 255
-14.969 52.232 24.7558 -0.489895 -0.501753 -0.4 0 0.204518 0.977628 51 51 255
-27.9154 24.5625 25.5639 -0.97348 0 -0.519657 0 0.769292 0.252382 156 156 255
-19.331 37.192 5.721 0.204855 0 -4.24035 0 0.221348 -0.580692 8 8 255
-35.4981 16.2962 22.4846 0.57724 0.372672 -0.0655358 0 -0.484394 -0.857596 226 226 255
-22.8592 48.0795 -2.97075 -1.30697 -0.0537603 -3.5 0 0.605914 -0.571527 3 3 255
-46.1284 43.4019 19.3576 0.419346 0 1.9 0 -0.528053 -0.774372 144 144 255
-38.141 33.6589 28.2231 -0.439914 0 -0.7 0 -0.454257 -0.342343 255 57 57
-16.2645 57.587 5.511 -0.0359338 0 1.8 0 -0.0519475 0.663119 37 37 255
-16.3172 62.646 14.5344 0.317428 0 -4.5 0 0.298182 0.0196865 28 28 255
-32.7314 19.646 10.324 -0.178104 0 -3.70298 0 0.322771 -0.600984 185 185 255
-36.0793 49.7266 -4.89913 0.0512225 0 1.8 0 -0.533255 -0.845712 242 242 255
-8.7375 35.611 15.6565 0.307236 0 -3.5 0 0.565151 0.763884 255 192 192
-26.1424 61.1556 20.913 0.253287 0 1.8 0 0.720132 0.585428 220 220 255
-24.3905 61.8717 -0.045 -0.99677 -0.176724 -3.5 0 0.413034 -0.407328 33 33 255
-35.8877 48.737 1.6535 -0.174422 0 3.8 0 -0.155842 -0.752132 209 209 255
-23.2633 25.02 9.61 -0.136029 0.0347087 -0.7 0 0.426017 0.13093 60 60 255
-28.8267 49.1925 -3.813 -0.354012 0 -0.4 0 -0.190446 -0.953655 201 201 255
-25.2836 57.6657 -3.948 0.203296 0 -3.5 0 -0.321831 0.932974 40 40 254
-39.5241 40.4559 11.4298 -0.736779 -0.452687 4.2 0 -0.958908 -0.143208 255 55 55
-10.1474 26.9964 16.4706 -0.305046 0 -0.4 0 0.33567 -0.47418 85 85 255
-26.7584 60.9234 23.7384 0.324856 0 1.8 0 0.188814 0.926935 55 55 255
-27.355 63.6185 20.1785 0.170453 0 1.8 0 0.0332208 0.717707 255 219 219
-25.9125 62.1794 -0.1125 -0.845591 -0.490294 -3.5 0 0.00950017 -0.488763 39 39 255
-32.3073 12.8985 15.8515 -0.0687283 0 1.8 0 0.182185 -0.971464 48 48 255
-31.27 36.851 34.911 0.108479 0 -4.5 0 -0.0509274 -0.628018 23 23 255
-39.8358 39.0655 33.8182 -1.93914 0 -3.5 0 -0.283096 -0.931275 31 31 255
-42.031 41.88 19.0629 0.817651 0 1.86388 1 -0.349844 -0.928962 255 65 65
-33.2417 54.683 29.0801 -0.0842034 -0.492727 -4.5 0 0.0698013 0.0400126 23 23 255
-39.9869 66.074 4.78075 0.126104 -0.188615 -0.8 0 0.231362 0.70058 219 219 255
-25.7437 37.1079 32.9072 -0.189157 0 -2.2803 0 0.474914 -0.404898 116 116 255
-35.5098 17.668 27.2638 0.385636 0 -3.5 0 0.00469221 -0.417544 255 78 78
-32.3968 28.5836 26.755 -0.189603 0.681692 -3.5 0 0.196828 -0.641714 255 133 133
-34.1958 24.921 11.7496 0.115985 0 0.504024 1 -0.543609 -0.0191812 255 93 93
-37.9459 30.3651 10.0861 0.648253 0 1.9 1 -0.815722 -0.558708 255 48 48
-25.0774 20.4644 11.1491 -0.0629407 0 -3.9 0 -0.434081 -0.0862479 64 64 255
-10.8394 38.0395 5.895 0.711217 0 1.8 0 0.872992 -0.446545 15 15 255
-42.4015 56.1695 8.946 0.106894 0 -0.4 0 -0.790003 -0.165112 57 57 255
-32.7046 67.651 6.31025 0.144208 0.584059 -3.2 0 0.0710011 0.590271 49 49 255
-10.2895 41.3208 4.39975 0.181732 0 1.8 0 0.502855 0.494776 17 17 255
-24.0266 47.0708 33.8515 0.704774 0 -4.5 0 0.949978 0.0717014 71 71 255
-34.4972 31.7795 9.2635 -0.219 0 1.9 0 0.617373 -0.494598 255 28 28
-20.7775 51.1975 2.64263 -0.587479 -0.899044 1.8 0 0.897938 -0.391091 30 30 255
-25.1952 64.006 10.3475 -0.407293 0 3.8 0 -0.307338 0.783126 46 46 255
-18.439 30.4865 29.7493 -0.0192623 0 -0.4 0 0.395692 -0.799928 8 8 255
-13.3955 53.862 13.458 0.433368 0 -4.5 0 0.750407 -0.65734 3 3 255
-19.1375 49.7571 6.309 -0.029542 0 3.8 0 0.531153 -0.622234 255 190 190
-24.0208 42.9499 3.08387 -0.0923819 0 4.2 0 0.662165 -0.513614 33 33 255
-12.077 30.8295 3.291 0.00520604 0 -4.5 0 0.493422 0.0604691 9 9 255
-39.9385 42.5895 15.7315 0.880266 0 -4.5 0 -0.163639 -0.985483 255 89 89
-11.7115 34.5798 19.5815 -0.252805 -0.0303963 -3.86028 0 0.28455 0.488193 20 20 255
-27.8333 46.7904 -2.58987 -0.578464 0 -3.5 0 -0.892078 -0.405565 160 160 255
-9.39713 45.4394 10.9944 -0.147806 0 -3.5 0 0.128518 -0.165272 36 36 255
-20.8489 59.391 6.01713 -1.28856 -0.12351 -3.5 0 0.0513023 0.804858 188 188 255
-30.3676 35.5337 4.68125 -0.479988 0 -3.5 0 -0.574701 -0.727423 38 38 255
-17.2784 35.0865 9.88325 0.0541593 0 -0.974829 0 0.688896 -0.622992 91 91 255
-18.5373 57.6787 16.3787 -0.643632 -0.607182 0.0469982 0 0.563803 -0.184924 25 25 255
-10.8686 32.5804 20.5322 -0.254022 0 -4.5 0 0.136106 0.673058 6 6 255
-29.6369 32.4258 9.33613 0.0648811 0 1.8 0 -0.361483 -0.759978 255 90 90
-30.868 24.3675 10.6061 -0.0871031 0 -3.2 0 0.724539 0.502177 200 200 255
-15.34 33.4512 5.57137 0.853383 0.434822 -4.5 0 -0.994409 0.0223277 33 33 255
-27.4791 48.099 -4.60913 0.211541 0 -3.5 0 -0.742014 -0.277392 122 122 255
-36.458 42.6082 37.3695 0.00199386 0 -0.342823 0 -0.203762 -0.00224609 10 10 255
-24.221 58.1995 0.73125 -1.55658 -0.0382835 -3.5 0 0.58478 0.372322 30 30 255
-9.81437 38.625 7.88338 0.889893 0 -0.8 0 0.791988 -0.380006 29 29 255
-19.886 22.4102 21.592 0.388211 0.323038 -4.5 0 -0.397611 -0.54366 16 16 255
-14.791 31.13 5.2795 0.450442 0 -4.5 0 -0.782818 -0.39287 66 66 255
-41.5037 38.8013 30.5448 -2.05089 -0.898102 -3.5 0 -0.0154752 -0.890617 203 203 255
-23.4834 49.339 -4.00787 -0.391097 0 -3.66015 0 0.535345 -0.459668 7 7 255
-24.1565 20.9958 22.1355 -0.270903 -0.225989 2.0065 0 0.655989 -0.149316 18 18 255
-20.4716 54.5327 20.9015 -0.135775 0 1.8 0 0.320589 0.692247 255 204 204
-17.6283 36.52 24.3785 -0.167047 0 3.27279 0 0.946378 -0.206382 17 17 255
-15.3595 51.6465 18.485 1.34568 0 -3.9 0 0.220892 0.848115 7 7 255
-24.8072 20.0443 23.195 -1.03399 -0.136345 -3.2 0 0.620044 0.0741323 17 17 255
-31.2749 18.4124 11.1944 -0.505074 0 -3.3172 0 0.253451 -0.185973 109 109 255
-29.3682 20.0859 26.2073 -0.916196 -0.0692922 -4.3252 0 0.891488 -0.181512 123 123 255
-40.9212 63.1548 7.775 2.61044 0 -1.4859 0 0.147803 -0.978524 255 110 110
-15.9928 48.6963 7.85262 -0.100694 0 -0.7 0 0.328524 -0.0986513 181 181 255
-25.3165 45.7427 -2.35462 -0.220876 -0.232419 -3.5 0 0.463092 -0.878326 40 40 255
-42.1781 47.2126 33.8801 0.522854 0 -3.63565 0 -0.880386 -0.120961 15 15 255
-23.0061 26.3475 25.7184 -0.0829397 0 1.8 0 0.0881411 -0.989776 8 8 255
-31.2313 49.5995 -6.37775 0.0536433 0 -0.4 0 -0.104141 -0.469273 255 237 237
-44.9606 66.9902 14.8088 -0.0527833 0 3.8 0 0.127599 0.939964 24 24 255
-14.326 27.02 12.285 0.313117 0 -3.5 0 0.617294 0.198364 44 44 255
-19.6965 34.555 32.1014 -0.0194042 -0.173839 0.723545 0 0.552362 -0.527799 18 18 255
-23.5977 47.4627 1.0905 -0.0550807 0 2.8 0 0.917235 -0.307757 21 21 255
-41.3155 45.7955 5.787 -1.23528 0 -0.4 0 -0.64719 -0.249036 255 229 229
-23.2083 26.9719 28.0514 -0.107712 0 1.8 0 0.0237922 -0.568243 14 14 255
-38.5308 37.4323 7.086 -0.966456 -0.447681 -4.5 0 -0.702258 -0.559477 255 93 93
-15.6772 37.2105 4.823 0.468144 0 -4.5 0 -0.649511 -0.703192 18 18 255
-20.4815 54.1577 3.9495 -0.301145 0 -3.5 0 0.911024 0.344891 50 50 255
-18.5115 65.0674 13.2747 1.11776 0.84538 -4.5 0 -0.874502 0.354289 98 98 255
-16.8046 52.8641 8.20662 -0.0191658 0 3.3677 0 0.629355 -0.548221 147 147 255
-20.2162 22.2211 20.5374 0.0644694 0 -4.5 0 -0.289161 -0.815584 22 22 255
-25.7852 21.505 11.4351 -0.593539 -0.507879 -3.68822 0 -0.57193 -0.600645 68 68 255
-38.3004 54.5455 2.0315 -1.21312 -0.441908 4.2 0 -0.478409 0.711861 255 217 217
-31.2684 62.6049 23.9093 1.2871 0.557703 -4.5 0 0.262795 0.877504 1 1 255
-24.3385 46.2085 35.5583 0.00491174 0 -4.5 0 0.95487 -0.0914041 61 61 255
-35.176 31.2817 5.88575 0.428192 0 -4.5 0 0.739403 -0.583489 255 84 84
-42.2765 49.3162 7.887 -0.494793 -0.27689 -1.33557 0 -0.993178 0.112723 255 201 201
-41.8375 54.5875 6.183 -0.0132194 0 4.2 0 -0.943357 0.29679 214 214 255
-37.3823 35.6468 13.4425 -0.0513579 -0.00171641 3.95103 1 -0.919011 -0.364235 255 11 11
-27.796 62.2745 6.9485 -0.542497 0.0359625 -4.5 0 -0.171818 0.860597 219 219 255
-34.2695 54.4762 -3.51213 0.290196 -0.0884209 -1.21873 0 -0.0122121 0.610061 255 240 240
-14.0647 29.1682 4.09675 0.157 0 -4.5 0 -0.37208 -0.905869 49 49 254
-41.5829 29.3165 24.6106 -0.275433 0 -3.5 0 -0.360457 -0.83984 255 77 77
-25.264 36.573 1.519 -0.476399 0 -3.5 0 -0.133477 -0.675185 41 41 255
-33.2269 45.9275 32.5291 -0.439889 -0.546895 -4.05825 0 -0.488537 -0.134974 8 8 255
-35.4108 44.6124 36.3974 -1.09626 0.313832 -3.88351 0 -0.127823 0.345747 9 9 255
-38.7357 64.5287 21.7097 -0.0745102 0 -3.9 0 -0.531874 0.358152 11 11 255
-36.5617 19.1315 12.068 -0.0248476 0 -3.9 0 -0.594781 -0.772212 255 170 170
-38.6515 31.9007 3.8145 0.475134 0 -4.5 0 -0.180461 -0.39285 252 252 255
-33.1065 54.2409 -3.69038 -0.186001 -0.26367 0.344996 0 -0.0226197 0.702988 255 187 187
-15.9789 54.1009 15.8085 1.36041 0.632353 -4.5 0 -0.0368778 0.181849 2 2 255
-11.3057 42.0327 4.83475 0.0997595 0 1.8 0 -0.143038 0.903081 29 29 255
-13.8378 59.025 11.3875 0.110786 0 -0.8 0 0.947362 0.28856 21 21 255
-25.7757 63.0443 16.289 0.26348 0 -0.7 0 0.151942 0.896864 255 88 88
-6.57613 33.3249 14.8089 -1.68891 -0.641004 -3.5 0 0.96016 -0.197998 255 144 144
-14.376 46.8724 30.4899 0.179589 0 -4.5 0 0.776015 0.278129 30 30 255
-48.3208 45.6265 15.2436 0.897278 0 1.8 0 -0.226929 -0.831705 138 138 255
-20.7897 51.4103 23.3646 0.0813951 0 -2.3697 0 0.987777 0.0564917 255 186 186
-38.0635 64.4619 22.6849 0.0147287 0 -0.9 0 -0.752617 0.328982 5 5 255
-47.6771 55.9128 19.8081 -0.356562 -0.0989415 0.299786 0 -0.575216 -0.207736 12 12 255
-37.5211 69.6074 8.89719 -0.00980355 0 -3.5 0 -0.633317 0.610727 84 84 255
-7.12238 48.0812 12.6011 0.293116 0 -3.5 0 -0.11108 0.902282 4 4 255
-29.6357 14.3383 15.0595 -0.479811 -0.102226 -1.2811 0 0.150452 -0.957449 37 37 255
-29.5037 40.993 36.493 0.757324 0 -4.5 0 0.714137 -0.546078 42 42 255
-34.741 18.5155 9.34975 1.29065 0.0079127 -3.9 0 0.4886 -0.854843 213 213 255
-10.2607 43.3965 26.1933 0.178909 0 -3.5 0 0.871393 0.22098 10 10 255
-39.0725 36.6012 12.1949 0.0856453 0 4.2 1 -0.833736 -0.282908 255 22 22
-16.0915 21.6213 16.6255 0.538361 0 -4.5 0 0.612754 -0.750492 19 19 255
-6.27075 31.194 19.1777 -1.54363 -0.143018 1.8 0 0.725683 0.00444925 50 50 255
-9.9015 26.7594 19.5508 -0.375858 0 -3.5 0 0.171051 -0.888987 18 18 255
-39.0933 28.7633 20.3533 0.234138 0.0541802 -0.8 1 -0.637525 -0.770349 255 41 41
-13.0286 66.4966 13.9384 0.64385 0 -4.5 0 0.901797 0.317072 13 13 254
-17.2882 52.7675 30.3002 0.368754 0 -3.5 0 -0.0875232 0.892966 55 55 255
-45.7632 62.0112 14.7983 -0.514944 -0.271108 0.029286 0 -0.182537 -0.117578 30 30 255
-39.0202 24.1373 15.3779 -0.56467 -0.931799 -3.5 1 -0.801584 0.362168 255 54 54
-15.9249 23.2089 11.8472 0.143492 0 -3.5 0 0.685754 -0.654077 94 94 255
-34.291 17.4058 15.357 0.537357 0.704963 1.8 0 -0.829452 -0.334347 105 105 254
-28.159 54.112 -4.4635 1.02744 0.873808 -3.5 0 -0.680728 0.370146 142 142 255
-44.42 44.0475 28.516 0.568031 0.238691 -4.01059 0 -0.912934 -0.353491 55 55 255
-8.6975 33.336 13.25 -0.406524 0 -3.5 0 0.405513 -0.284182 239 239 255
-44.5095 64.9417 21.5105 -0.0506 0 -0.8 0 0.45685 0.851253 3 3 255
-20.1174 23.9799 10.0004 -0.100958 0 -3.5 0 -0.213426 0.0406572 78 78 255
-11.5021 42.3266 7.648 -0.137019 0 1.8 0 0.527914 0.84907 49 49 255
-23.403 54.1701 28.0049 0.135511 0 4.2 0 -0.151788 0.90897 20 20 255
-24.7 54.7875 -0.19625 -0.651379 -0.362798 -1.6 0 0.991766 0.101154 21 21 255
-11.9375 25.8873 12.9741 -0.103224 0 -3.5 0 0.592973 0.306629 43 43 255
-23.6445 59.6253 19.187 0.404654 0.453794 1.86163 0 0.353056 0.3802 255 44 44
-12.5771 54.5081 12.126 0.667652 0.0120306 -4.5 0 0.929002 -0.342271 7 7 255
-24.5645 29.7659 30.9086 -0.0540964 0 -0.9 0 0.54458 -0.692464 92 92 254
-22.6681 53.2405 0.0365 -0.265755 -0.117245 -3.9 0 0.346106 0.937991 20 20 255
-33.464 49.927 37.2325 -1.17155 0 -0.4 0 0.029733 -0.22578 18 18 255
-17.128 31.3797 8.97787 -0.0183527 0 3.8 0 0.709633 0.21737 67 67 255
-31.6594 60.863 8.01287 -1.31999 -0.581977 3.8 0 0.567228 0.805177 63 63 255
-31.0729 47.8289 -0.90075 -1.24644 -0.124335 -0.9 0 -0.576421 -0.740309 229 229 255
-43.2033 66.573 12.819 -0.0353322 0 3.8 0 0.0584569 0.986735 90 90 255
-44.7961 44.0539 27.3908 0.774275 0.77127 -4.5 0 -0.877642 -0.449667 62 62 255
-38.7385 62.2217 2.712 -0.708017 -0.0141961 -3.5 0 -0.857521 -0.502828 255 242 242
-18.8274 52.1916 27.3249 0.598522 0.227876 -1.46336 0 0.469868 0.789034 103 103 255
-36.834 30.299 5.3725 0.390705 0.132371 -4.5 0 0.0946012 -0.858312 255 34 34
-41.7925 43.4992 35.5905 -0.135629 0 3.8 0 -0.743651 -0.197042 4 4 255
-30.0635 44.6657 3.2685 -1.00782 -0.0407276 4.5 0 0.0121847 -0.597441 206 206 255
-42.668 41.152 32.501 0.0711966 0.777685 -4.5 0 -0.535151 -0.727344 43 43 255
-40.6839 70.495 12.6955 -1.55598 0 -3.5 0 -0.896727 0.347342 6 6 254
-21.4656 59.884 7.50425 -0.613931 -0.203736 1.36524 0 -0.0319258 0.856125 200 200 255
-35.9124 56.8428 1.10287 -0.0957004 0 -0.577318 0 -0.852083 0.464609 227 227 255
-31.2774 16.0525 18.8466 -0.917575 -0.760718 3.8 0 0.509129 -0.606389 42 42 255
-32.5482 34.2641 32.5202 -1.25955 -0.117819 -3.5 0 0.437193 0.0880599 94 94 255
-6.079 30.029 17.3315 -0.930217 -0.57873 1.8 0 0.93864 -0.343952 95 95 254
-21.821 56.1092 21.5303 0.364732 0 1.8 0 0.867465 0.449212 255 43 43
-35.6483 35.3293 19.7021 -0.656431 0 -3.5 1 -0.690118 0.722951 255 14 14
-25.555 33.573 7.63125 -0.129126 0 -0.9 0 -0.254906 -0.435325 14 14 255
-50.8649 51.3095 21.1924 -0.386539 -0.156767 0.529893 0 -0.864755 0.201731 157 157 255
-38.3669 25.8426 13.092 -1.30854 -0.392021 -1.6 1 -0.78043 -0.0758571 255 78 78
-32.082 19.1103 11.043 -0.252026 0 -3.2 0 0.137043 -0.45443 140 140 255
-39.102 40.6203 8.8175 0.592385 0.47297 1.89958 0 -0.810524 -0.407653 255 75 75
-10.2715 39.337 22.3775 0.265106 0 -3.5 0 0.771975 -0.596592 23 23 255
-39.839 58.8085 30.274 0.305594 0 -4.5 0 0.0316699 -0.416695 69 69 255
-33.4501 21.7757 9.32475 -0.207016 0 -3.51507 1 -0.101366 0.00188058 155 155 255
-17.9046 36.0066 25.6947 -0.280332 0 4.2 0 0.990892 0.0722876 44 44 255
-23.512 42.7334 4.07937 -0.123046 0 3.91647 0 0.468835 -0.587656 77 77 255
-14.5957 66.3695 11.9645 -0.0973759 0 -4.5 0 0.151964 0.611228 26 26 255
-39.985 34.3387 26.1087 -1.14818 -0.108981 -1.02423 0 -0.720828 0.231755 255 22 22
-25.823 50.4706 33.1301 0.797392 0 -4.5 0 0.244711 0.190367 12 12 255
-35.8651 39.9759 15.7801 1.14249 0.00483757 -0.8 1 -0.939108 0.036474 255 7 7
-16.0567 43.0266 30.9385 0.136109 0 -0.343337 0 0.241366 -0.28482 115 115 254
-30.2358 31.285 11.125 0.274234 0 1.8 0 -0.272568 -0.551022 255 22 22
-36.5954 34.5281 12.3195 -0.101351 0 1.9 1 -0.965381 -0.260485 255 21 21
-28.9625 25.148 25.405 -0.977312 -0.111036 -0.691654 0 0.186335 0.73824 209 209 255
-39.4538 60.4879 30.9234 0.0442289 0 -4.5 0 0.192966 -0.247808 96 96 254
-35.7816 28.5849 10.624 0.153793 0 4.2 1 -0.4633 -0.500548 255 30 30
-26.6754 36.0399 32.5099 -0.285045 -0.0175661 -2.09865 0 0.366621 -0.541884 86 86 255
-21.8668 17.6742 13.8805 0.225242 0 -3.9 0 0.667353 -0.730408 4 4 255
-28.081 22.686 26.65 -1.8398 -0.715445 -3.5 0 0.942177 -0.19729 130 130 255
-37.1533 35.415 12.234 -0.0953141 0 4.2 1 -0.617077 -0.774653 255 21 21
-8.8445 44.057 12.0065 -0.254279 -0.346637 -3.5 0 0.258572 -0.420208 59 59 255
-16.1332 37.6835 22.4347 -0.258939 0 2.28696 0 0.562278 -0.784767 7 7 255
-38.3434 35.3501 21.3894 0.0357101 0.0219322 -2.61782 1 0.0868081 0.964966 255 13 13
-39.048 25.4697 15.8701 -0.274281 0 -2.72267 1 -0.996767 -0.039496 255 53 53
-29.927 50.6956 32.8801 0.583487 0 -1.58693 0 -0.703135 0.528007 12 12 255
-31.512 56.745 -2.85287 0.405952 0.825922 -0.9 0 -0.167813 0.703 255 138 138
-14.4867 41.5423 29.5225 -0.140644 0 1.8 0 0.810098 0.236785 66 66 255
-35.7609 68.8223 0.991875 -0.273819 0 -4.5 0 0.0697744 0.45255 60 60 255
-28.301 61.4279 7.6515 -1.11412 -0.391967 -4.06104 0 -0.434322 0.872132 204 204 255
-28.636 64.9595 14.157 -0.305682 0 -0.7 0 -0.0536054 0.993622 130 130 255
-13.0385 28.935 3.57825 0.843456 0.651239 -4.5 0 0.219292 -0.939606 21 21 255
-12.5785 27.307 13.7157 -0.443319 -0.128655 -3.5 0 0.696213 0.247827 60 60 255
-37.0945 57.9128 4.6325 -0.281445 0 2.53315 0 -0.432137 -0.0145819 255 224 224
-45.8316 54.4829 11.9358 0.11385 0 -3.5 0 -0.347326 0.924325 23 23 255
-21.4565 55.4442 20.5305 -0.819185 0 1.8 0 0.538091 0.811375 255 87 87
-19.7736 53.9339 28.3395 0.270025 0 4.2 0 0.660273 0.749631 81 81 254
-31.7826 48.1253 0.1565 -0.32554 0 1.77304 0 -0.309479 -0.80133 214 214 255
-40.2822 41.5705 18.18 0.668932 0 1.8 1 -0.143408 -0.767501 255 33 33
-23.0395 40.253 31.61 -0.645416 -0.161409 3.8 0 0.165751 0.171726 123 123 255
-32.213 61.1096 26.6764 -0.17153 -0.226604 -4.06874 0 0.379788 0.88133 1 1 255
-25.0093 27.3958 9.54788 -0.067527 0 -3.5 0 0.287682 0.529248 89 89 255
-31.9881 23.652 9.07475 0.100282 0 -3.2 0 0.146961 0.363275 181 181 255
-27.9062 61.9878 9.08562 -2.32378 -0.574881 -3.5 0 -0.228048 0.882048 98 98 255
-43.337 55.937 28.837 -0.807142 0 -3.5 0 -0.741628 0.564986 60 60 255
-16.8941 52.143 31.2507 0.303957 0 -3.5 0 0.0395339 0.654636 100 100 255
-6.09562 31.8853 16.9415 -0.473557 0 1.8 0 0.924668 0.0958437 185 185 255
-12.131 26.2936 18.7415 -0.249867 -0.0338819 -3.5 0 0.196669 -0.921476 23 23 255
-16.0029 39.4171 1.09225 0.813944 0 -4.5 0 -0.21194 -0.123225 31 31 255
-37.0308 48.9625 36.6134 -1.44455 0 -1.6 0 0.0277114 -0.435302 19 19 255
-12.049 49.2705 25.4985 0.333347 0 -0.4 0 0.972638 0.159755 14 14 255
-36.4342 18.458 18.8072 -0.220552 0 3.8 0 -0.731138 -0.296462 168 168 255
-16.9972 47.9738 7.71825 -0.133221 0 -0.7 0 -0.052938 -0.336588 231 231 255
-33.7781 42.4744 38.0448 -0.255405 0 -4.5 0 0.0103665 0.387908 14 14 254
-26.394 53.997 -6.7025 -0.486319 -0.886509 -3.5 0 -0.48888 -0.416297 62 62 255
-45.5261 42.4564 17.4396 0.596256 0 1.9 0 -0.398484 -0.89994 193 193 255
-38.1493 46.5515 3.759 0.373474 0 -4.5 0 -0.46663 -0.615603 184 184 255
-21.3064 26.4191 22.9731 -0.0896816 0 -0.7 0 -0.339374 -0.781523 33 33 255
-12.1927 43.2024 27.5819 0.231256 0 -3.5 0 0.422658 -0.176929 19 19 255
-42.6922 45.0677 34.041 0.0906807 0 0.778101 0 -0.52445 0.270912 10 10 255
-9.3035 36.6007 11.7321 -0.326606 0 -0.8 0 0.900962 -0.431216 197 197 255
-40.9034 44.395 5.78587 0.217967 0 -0.4 0 -0.699111 -0.169991 255 177 177
-26.8005 61.0988 27.5546 0.0037864 0 -3.5 0 -0.465326 0.842829 7 7 254
-20.4081 53.4487 26.4621 0.374318 0 1.53494 0 0.687168 0.671379 128 128 255
-40.4453 20.9862 18.9665 -1.96856 -0.559004 -3.5 0 -0.692991 -0.215788 255 69 69
-18.4333 50.1113 7.05113 0.00427612 0 3.8 0 0.754323 -0.1686 255 182 182
-14.8819 25.8341 18.4296 -0.508009 0 -3.5 0 0.291402 -0.530064 14 14 255
-32.4955 62.279 7.54063 -0.853484 0 3.8 0 0.926394 0.210096 52 52 255
-44.973 64.5079 19.4473 -0.216095 0 2.29219 0 -0.0795608 0.985693 3 3 255
-49.842 53.7803 28.1095 -0.0867739 0 -1.6 0 -0.370685 0.48112 145 145 255
-30.4426 39.4899 35.0681 0.829599 0 -4.5 0 0.548162 -0.48656 28 28 255
-23.1555 56.596 18.557 0.431643 0 1.81204 0 0.782575 0.367962 255 44 44
-20.5427 53.6828 30.0117 0.181547 0 4.2 0 0.466617 0.494732 41 41 255
-11.229 23.783 16.1544 -0.846788 0 -3.5 0 0.74523 -0.666732 9 9 255
-38.0718 42.2467 14.5557 0.906523 0.486735 -0.7 0 -0.444957 -0.886338 255 33 33
-32.2449 64.9794 7.72188 -0.405098 0 -3.2 0 0.603797 0.306443 37 37 255
-51.4375 47.3918 17.0532 1.11229 0.0844535 -0.8 0 -0.746776 -0.501545 102 102 255
-40.5645 68.357 9.9795 -0.444841 -0.0605576 -3.24944 0 -0.616064 0.727433 129 129 255
-38.3662 26.6146 17.8302 -1.80843 0 -0.8 1 -0.928864 0.0103427 255 78 78
-42.8237 59.087 12.5795 -0.350926 0 -3.5 0 -0.825418 -0.248475 103 103 255
-39.2045 28.542 21.6915 -0.243654 -0.271007 -0.470027 1 -0.500926 -0.786172 255 68 68
-12.6897 36.173 19.7095 0.599336 0 1.8 0 0.500805 0.0363697 29 29 255
-30.4616 62.1155 1.46037 0.195382 0 -0.9 0 -0.372977 0.202688 75 75 255
-19.6292 38.9204 32.443 0.0670119 0 1.8 0 0.413635 0.664608 238 238 255
-36.4675 39.1645 33.9455 -0.399323 0 -4.33767 0 -0.286835 -0.854126 47 47 255
-4.73975 48.9816 13.1244 0.298587 0 -3.5 0 0.134524 0.713217 20 20 255
-44.5415 46.9123 31.8905 0.593969 0.120101 -4.5 0 -0.780939 0.400043 23 23 255
-26.1626 64.8479 4.06144 -0.139695 0 -3.5 0 0.401945 0.29082 162 162 255
-28.2935 31.4592 32.6823 -0.585456 0 -0.9 0 -0.273732 -0.702205 48 48 254
-30.6448 17.0905 19.6197 -0.921768 -0.136026 3.8 0 0.656365 -0.714121 41 41 255
-37.3683 68.9176 1.29037 0.446758 0.037506 -4.5 0 -0.530293 0.40991 61 61 255
-21.9443 38.6215 2.15425 -1.17987 -0.692224 -3.5 0 0.876365 0.382221 18 18 255
-39.1467 53.4479 1.97781 0.0605693 -0.0535382 4.2 0 -0.400071 0.250301 176 176 255
-40.16 57.7363 4.602 -0.00863058 0 1.8 0 -0.37056 0.0987998 255 62 62
-7.383 29.498 22.009 -1.4839 -0.81385 -3.5 0 0.799449 -0.0364053 9 9 255
-32.0967 32.2311 30.3485 -0.656353 0 -0.9 0 -0.17122 -0.924155 162 162 255
-45.8009 65.2356 21.4141 -0.16782 0 -0.8 0 0.169269 0.984112 2 2 255
-40.1619 33.466 17.5004 0.211151 0 -1.3 1 0.146844 0.00346105 255 27 27
-9.649 40.1365 4.7425 0.257534 0 1.8 0 0.77503 -0.120135 8 8 255
-26.943 24.2208 24.6545 -0.528448 0 3.8 0 0.538706 -0.239388 75 75 254
-21.7195 49.0962 1.22 0.583074 0.295779 -1.20064 0 0.697988 -0.71582 17 17 255
-19.1696 53.7249 -5.60913 2.74967 0.195656 -3.9 0 0.792658 -0.204282 87 87 255
-14.093 49.9755 8.65388 -0.0905264 0 -0.7 0 0.508359 0.501207 79 79 255
-21.719 32.1553 9.19475 -0.020207 0 -0.9 0 -0.0628345 -0.766802 67 67 255
-37.5872 24.2844 20.2446 -0.340326 0 -3.5 1 -0.753563 0.39206 255 106 106
-46.9715 55.7065 16.0105 -0.884585 -0.565392 -3.5 0 -0.937119 -0.330942 27 27 255
-51.1479 48.3676 14.3834 0.258227 0 1.8 0 -0.945719 0.245355 73 73 255
-27.8368 28.6287 25.7143 -0.311302 0 -3.5 0 0.0859042 -0.791799 57 57 255
-50.5675 49.885 21.6166 0.306721 0 1.54402 0 -0.937595 -0.151349 186 186 255
-20.767 20.6894 12.3558 -0.231115 0 -3.55203 0 0.286122 -0.700104 46 46 255
-44.77 65.6797 4.0295 0.480118 -0.125146 -0.8 0 -0.757261 -0.582962 158 158 255
-42.2425 64.1175 20.9832 -1.0096 0 -3.9 0 -0.185693 0.46841 11 11 255
-30.753 21.1432 9.108 -0.401448 0.231877 -3.2 0 0.694519 -0.347398 191 191 255
-42.8305 60.6115 24.062 -0.153461 0 -3.5 0 -0.188903 0.431104 31 31 255
-3.32925 48.145 14.3108 0.670011 0.57555 -3.5 0 0.922067 0.0939674 20 20 255
-38.9166 28.0376 25.3775 0.237324 0 -2.59364 0 -0.761803 -0.382314 255 110 110
-28.208 17.9886 12.2181 -0.0231138 0.0573033 -3.59614 0 -0.0585682 0.478744 86 86 254
-39.5276 35.9685 26.5426 -0.512425 0 -0.7 0 -0.821364 0.234749 255 56 56
-16.9457 36.4235 28.0637 -0.225141 0 -0.4 0 0.917286 -0.324619 48 48 255
-25.874 62.254 20.1187 0.161965 0 1.8 0 0.679998 0.399298 255 206 206
-20.4046 46.7561 8.77713 -0.0897482 0 3.8 0 0.62724 0.155681 255 52 52
-41.393 47.7663 3.8425 -0.0387765 0 -0.8 0 -0.522505 -0.66345 180 180 255
-30.87 52.848 31.5915 0.326994 0 -4.5 0 -0.505807 0.333833 21 21 255
-36.9445 33.146 3.957 0.116067 0 -4.5 0 0.288028 -0.0890921 202 202 255
-14.4644 38.5674 30.7441 0.00203417 0 1.8 0 0.656907 -0.603694 91 91 255
-15.2926 61.7718 12.761 0.551246 0 -4.5 0 0.907259 -0.178081 27 27 255
-16.2626 31.6362 24.6549 -0.359683 -0.173895 3.32324 0 0.697886 0.134787 55 55 255
-17.431 35.732 23.415 -0.0745078 0 3 0 0.950319 -0.0781526 7 7 255
-26.9813 31.3312 33.0672 0.269399 0.0325763 -0.9 0 0.137198 -0.581009 55 55 255
-46.5689 63.2228 14.4201 -0.242032 -0.114882 2.61989 0 -0.306337 -0.326646 43 43 255
-32.312 24.8253 9.60437 0.265835 0 -3.2 0 -0.0612215 0.635275 211 211 255
-13.8769 41.9076 6.98338 -0.279571 0 -2.7585 0 -0.132344 0.659799 47 47 255
-40.5486 32.2246 18.071 0.0848577 0 -1.3 1 -0.672692 -0.333128 255 33 33
-15.0328 43.9705 7.8805 -0.663951 -0.541249 -3.5 0 -0.229914 0.380766 97 97 255
-32.537 51.4205 35.3115 -0.59302 0 -0.4 0 0.659992 0.670651 18 18 255
-21.7922 17.2882 17.72 -0.425332 0 -3.2 0 0.983524 -0.165447 8 8 255
-23.9989 40.8027 3.923 -0.2099 0 -2.6421 0 0.808605 0.363679 35 35 255
-38.6227 38.8681 26.4902 -0.194745 0 -3.5 0 -0.925154 -0.378922 255 75 75
-24.9426 41.659 34.584 -2.08926 -0.0304729 -3.5 0 0.896929 -0.302714 181 181 255
-49.238 53.778 17.8485 -1.29744 0 -3.5 0 0.160202 0.948367 27 27 255
-42.7977 63.1635 7.20775 3.25985 0 -0.843628 0 -0.578414 -0.813954 255 234 234
-34.628 68.9965 1.44425 0.250222 0 -4.5 0 0.151758 0.702972 61 61 255
-23.5238 14.627 17.0235 -0.59973 0 -3.2 0 0.294352 -0.955623 4 4 255
-39.9198 31.8687 26.7983 -1.67994 -0.0368922 -3.5 0 -0.390714 -0.0873634 255 38 38
-25.635 14.7437 17.613 -0.141159 0 -3.2 0 -0.278948 -0.940138 14 14 255
-21.0222 39.2905 32.8203 0.0381887 0 1.8 0 -0.0180226 0.787765 198 198 255
-19.3878 40.0537 31.559 -0.199196 0 1.43442 0 0.38475 0.247845 213 213 255
-15.6257 50.5576 15.0259 1.02905 0 -3.9 0 0.889232 0.452846 5 5 255
-31.6635 64.0235 2.5345 0.539844 0.815937 -3.5 0 -0.137686 -0.164205 98 98 255
-38.7855 45.021 37.1538 -0.118534 0 3.8 0 -0.0961054 0.396704 7 7 255
-28.8605 57.6495 -0.62375 -0.188355 0 -0.9 0 -0.00328171 0.845759 102 102 255
-32.147 63.571 8.838 -0.735106 0 -1.6 0 0.863368 0.478117 25 25 255
-33.0535 32.1105 9.90475 0.502445 0 1.9 0 0.44306 -0.603824 255 28 28
-27.3536 34.5981 3.65263 -1.85896 0 -3.5 0 0.0163664 -0.981224 19 19 255
-44.6139 60.0073 13.856 -0.15602 -0.25564 -3.5 0 -0.527787 -0.00805462 38 38 254
-33.1666 23.3574 9.36675 0.0981219 0 -3.2 1 -0.364788 0.300621 198 198 255
-46.35 46.3775 13.0066 0.318502 0.28856 -0.853934 0 -0.532669 -0.492692 237 237 255
-39.5037 32.2593 17.3005 0.0635649 0 -1.5862 1 -0.364841 0.310658 255 34 34
-31.1056 53.555 30.7561 0.427886 0 -4.5 0 -0.527628 0.427213 26 26 255
-35.0836 18.7804 15.2374 -0.234789 0 -3.9 0 -0.668109 -0.724072 174 174 255
-21.9883 63.1816 17.3027 0.0302623 0 -0.7 0 0.225017 0.824665 255 198 198
-37.4426 32.8848 7.97113 -0.125396 0 -1.44188 1 -0.916912 0.325405 255 23 23
-26.9465 45.6473 1.79975 -0.288389 0.0240875 3.13117 0 -0.444095 -0.720402 59 59 255
-30.1244 62.0918 22.0595 1.05141 0.0343261 -0.556832 0 0.609911 0.733697 15 15 255
-32.2767 46.9658 30.3582 -0.528124 0 -0.7 0 -0.934943 -0.352776 11 11 255
-22.6187 54.3095 25.6978 0.0104206 -0.93527 -0.794721 0 0.386005 0.922129 121 121 254
-10.9304 41.7262 9.69038 -0.221822 -0.174295 0.938441 0 0.617168 0.706424 71 71 255
-26.2274 39.0739 1.059 0.18951 0.716626 -3.5 0 -0.101758 0.22939 33 33 254
-43.422 50.4053 27.8574 -0.294638 -0.219097 -4.38478 0 -0.712153 0.0273905 64 64 255
-26.1064 60.9424 26.1822 -0.682076 -0.048168 -3.5 0 -0.34394 0.893275 43 43 255
-20.3988 19.119 18.2915 -1.21673 -0.288277 -3.9 0 0.63812 -0.639428 26 26 255
-34.9022 31.4275 7.0415 0.667176 0.800929 -4.5 0 0.801215 -0.59385 255 41 41
-19.4285 21.5895 20.1135 0.279032 0 -4.5 0 -0.172204 -0.884923 30 30 255
-30.1235 29.3647 26.9252 -0.121597 0 -3.5 0 0.0608788 -0.712345 202 202 255
-36.5189 70.9625 11.8223 -1.09237 -0.073869 -3.5 0 -0.134792 0.929064 10 10 255
-40.8387 68.9995 12.8895 -0.459425 0 -3.5 0 -0.972449 0.23181 39 39 255
-34.3719 50.1152 33.4419 0.828311 -0.102758 -1.33372 0 0.286943 0.312758 13 13 255
-9.2985 41.503 25.6075 0.0675483 0 -3.5 0 0.887322 -0.291945 21 21 255
-42.4543 34.1746 17.8546 0.0682246 0 -1.3 1 -0.354826 -0.417303 255 44 44
-19.5753 41.2018 5.15137 -0.0468358 0 -4.5 0 -0.223694 -0.0954003 73 73 255
-38.388 61.896 0.670125 -1.69765 -0.0363661 -3.5 0 -0.504468 -0.579574 188 188 255
-31.4605 49.604 33.1165 -0.0962209 0 -2.99261 0 -0.280528 0.955709 13 13 255
-35.03 55.2894 -3.38538 0.137874 0 -1.6 0 -0.175616 0.433844 255 215 215
-15.8565 41.75 31.037 0.121283 0 1.8 0 0.153135 0.199048 100 100 255
-15.0905 23.9217 11.6966 -0.0446979 0 -3.5 0 0.610885 -0.787323 87 87 255
-31.2094 58.7844 0.597188 -0.104996 0 -0.9 0 -0.277171 0.779948 101 101 255
-34.2891 66.8695 21.6615 0.362175 0 -0.9 0 0.510161 0.720838 0 0 255
-36.1066 45.65 30.8399 0.423489 0 1.8 0 0.993787 0.0110483 16 16 255
-8.64812 42.3258 12.8504 -1.28681 0 -3.5 0 0.620341 -0.559438 75 75 255
-48.2515 53.6394 12.8156 -1.04805 -0.406484 -3.5 0 -0.183156 0.962528 25 25 255
-8.18475 47.9681 12.4814 0.366683 0 -3.5 0 0.0110892 0.885541 4 4 255
-37.9805 24.8655 25.6375 -1.38867 0 3.8 1 -0.911644 -0.410698 255 105 105
-11.2026 32.9439 4.909 0.472371 0 -4.5 0 0.693875 0.427112 30 30 255
-41.4015 33.863 17.443 0.134557 0 -1.3 1 -0.357708 -0.333536 255 38 38
-17.6846 28.5362 23.6515 -0.671321 0 -0.7 0 0.422111 -0.838374 13 13 255
-38.5228 33.1895 6.615 -0.0864564 0 -4.5 1 -0.768135 0.17292 255 35 35
-13.8665 50.439 30.353 -0.149534 -0.183967 -3.5 0 0.720262 -0.0907492 47 47 254
-31.0002 39.2 3.8145 -0.578378 -0.424864 0.485618 0 -0.647952 -0.042318 47 47 255
-39.9272 42.5555 12.5955 0.390231 0.206092 -0.1553 0 -0.725401 -0.688118 255 128 128
-28.1079 48.6185 -3.26475 0.329596 0 -3.5 0 -0.734321 -0.537602 192 192 255
-41.3915 43.0633 7.3965 0.416616 0 -0.448203 0 -0.77053 -0.463721 255 106 106
-25.4925 24.597 23.1695 -0.29968 0 3.8 0 0.874712 -0.269655 15 15 255
-20.1947 56.8408 6.38763 -0.741603 0 -3.5 0 0.368365 -0.0990384 128 128 255
-33.4077 24.9375 29.0742 -1.84713 -0.195236 -3.5 0 -0.0553452 0.766453 255 106 106
-15.5505 66.9306 12.6455 0.0517561 0 -4.5 0 -0.0931974 0.821647 36 36 255
-17.9888 39.7912 31.2052 0.0813328 0 1.8 0 0.129493 0.383183 185 185 255
-28.4386 63.7096 19.7681 0.0532834 0 1.8 0 0.0757274 0.834747 242 242 255
-30.2565 56.4689 -2.621 0.294762 0.0245171 -0.9 0 0.223056 0.574658 255 242 242
-48.345 57.5235 23.4095 0.103858 0 3.8 0 -0.93171 -0.285019 119 119 255
-35.2337 52.4403 36.673 0.0838204 0 -0.4 0 0.0295928 0.708105 11 11 255
-50.383 52.2383 24.8056 0.05596 0 -1.6 0 -0.809138 0.303743 185 185 255
-40.8276 59.436 9.90388 -0.289925 0 -0.4 0 -0.632135 0.264061 255 146 146
-24.7414 42.0161 2.40175 -0.118318 0 4.2 0 0.717282 -0.0648442 28 28 255
-37.7492 70.6065 12.8258 -1.2946 -0.0779909 -3.5 0 0.490715 0.760051 7 7 255
-36.3904 16.5446 20.5329 0.0766576 0 3.8 0 -0.400607 -0.896783 180 180 255
-35.8397 39.0122 5.95475 -0.100856 0 -4.5 0 -0.354179 0.436433 255 219 219
-41.613 65.672 20.6205 0.0746069 0 -3.9 0 -0.387875 0.218538 23 23 255
-17.6984 23.7407 7.42688 -0.242161 0 -3.5 0 -0.337081 -0.321454 81 81 254
-37.2006 68.6816 7.52187 -0.130257 0 -3.36167 0 -0.608263 0.730952 113 113 255
-44.158 35.546 19.303 -0.666709 -0.337362 -1.3 1 -0.86969 -0.374102 255 58 58
-39.7061 38.9361 34.8851 -2.00508 -0.151551 -3.5 0 -0.231511 -0.901817 19 19 255
-18.604 37.9925 32.551 0.0287147 0 1.8 0 0.821915 0.334295 186 186 255
-8.52763 36.686 14.0886 -0.280714 0 -3.5 0 0.845089 0.518893 255 210 210
-30.2025 28.3611 25.682 -0.169007 0.0167924 -3.5 0 0.0288265 -0.814304 255 199 199
-37.571 36.5775 29.2295 -0.691872 -0.102296 -0.772744 0 -0.957808 0.112077 255 134 134
-25.043 62.8525 9.3445 -0.47236 0 3.8 0 -0.412416 0.746083 84 84 255
-28.6203 56.878 29.8102 -0.149246 -0.635389 -3.5 0 0.0852093 0.0967857 2 2 255
-46.8102 58.1234 28.1146 -0.23099 0 -0.8 0 0.0711063 0.302117 143 143 255
-42.1304 51.4076 2.72175 -1.40078 -0.118239 -0.8 0 -0.833414 0.34211 101 101 255
-22.5795 37.3531 1.46212 -0.949104 0 -3.5 0 0.659955 -0.331598 14 14 255
-34.1948 37.2495 33.8932 0.285754 0 -4.5 0 -0.333517 -0.477002 31 31 255
-31.1248 27.5037 24.9826 -1.02148 -0.688337 -3.5 0 0.510124 -0.228431 255 144 144
-42.2294 59.9823 29.0994 0.713952 0.696586 -4.5 0 -0.964723 -0.134064 66 66 254
-35.2131 57.1936 30.3582 0.540302 0 -4.5 0 0.260014 0.345015 64 64 255
-43.6157 36.9686 22.3021 0.556979 0.83603 -1.3 1 -0.4838 0.367067 255 21 21
-18.9342 46.595 9.017 -0.0482232 0 3.8 0 0.0456091 0.0738807 255 98 98
-34.885 67.451 12.2048 0.153952 0 -3.5 0 0.852462 0.293532 12 12 255
-32.9865 38.8559 37.4841 0.443331 0.0422362 -4.5 0 0.0509209 -0.916816 20 20 255
-39.2967 19.6029 24.6475 -0.726902 0 -3.5 1 -0.911577 0.0717612 255 69 69
-40.5751 52.3278 32.6644 0.078413 0 -1.6 0 -0.165254 0.971781 18 18 255
-22.5219 64.586 13.658 -0.95518 -0.741639 -0.7 0 0.308083 0.932991 191 191 255
-40.0596 40.5378 19.0672 0.381052 0 1.8 1 -0.221225 -0.894341 255 25 25
-45.423 52.97 27.6639 -0.385697 0 -2.57189 0 -0.279628 -0.19707 105 105 255
-50.0312 60.3461 17.9985 -0.109194 0 -3.5 0 -0.998533 -0.00599646 24 24 255
-28.3377 45.0358 2.644 -1.05151 -0.0849485 4.5 0 -0.187841 -0.521327 143 143 255
-27.3697 19.0695 12.596 0.117123 0 -2.05044 0 -0.324996 0.309625 93 93 255
-41.1828 55.5959 6.05925 -0.000858985 0 2.61616 0 -0.902089 0.353399 255 177 177
-27.434 35.3265 5.3935 -1.66383 -0.798562 -3.5 0 0.0244292 -0.962008 15 15 255
-28.237 14.6757 14.469 -0.0615021 0 -3.5 0 0.517054 -0.850805 27 27 255
-21.4325 19.7005 12.5063 -0.0326024 0 -3.9 0 0.637902 -0.356122 37 37 255
-40.6421 54.357 30.7151 -0.850376 0 -3.5 0 0.693849 0.180595 15 15 255
-13.973 31.4935 2.68925 -0.00451101 0 -4.5 0 -0.187928 0.435873 12 12 255
-37.0863 38.7918 6.51188 -0.214683 0 -4.5 0 -0.281827 0.379584 255 210 210
-21.7186 57.3855 22.0124 0.236457 0 1.8 0 0.916317 0.398305 255 47 47
-29.1682 63.9515 11.7065 -1.61217 -0.932366 -0.7 0 -0.244625 0.726876 16 16 255
-38.6927 61.7039 7.09912 0.110797 0 1.8 0 -0.921055 -0.230864 255 214 214
-27.9875 60.9515 24.245 0.717421 0.128889 0.133015 0 0.202529 0.939225 11 11 254
-24.254 58.0249 -4.49162 0.492214 0.0491192 -3.5 0 0.241524 0.937452 32 32 255
-36.3146 20.9571 7.56512 2.33545 0.356241 -3.9 1 -0.167129 0.600324 255 240 240
-35.7849 40.9342 18.4937 1.07596 0.309402 0.0628073 1 -0.742821 -0.58226 255 9 9
-31.3451 38.2946 35.2998 0.770774 0.0293457 -4.5 0 0.34227 -0.399298 21 21 255
-34.6465 15.2925 22.954 0.557752 0.128749 -4.5 0 -0.538438 -0.744309 183 183 255
-21.2399 63.2109 9.16775 -0.0865161 0 3.8 0 0.506167 0.354142 160 160 255
-40.4105 67.697 20.655 0.147927 0 -3.9 0 -0.726662 0.411092 79 79 255
-24.2661 46.6963 -2.68313 -0.164884 -0.498101 -3.5 0 0.758262 -0.651469 13 13 254
-31.2798 46.7012 1.35425 -0.0696941 0 4.5 0 -0.207026 -0.543256 223 223 255
-47.4629 64.9345 15.2646 -0.180656 0 3.8 0 -0.977937 0.16218 12 12 255
-38.6592 49.8792 27.7261 0.441924 0 -4.5 0 -0.0197151 -0.166068 32 32 255
-24.0365 48.8172 32.4801 0.526672 0 -4.5 0 0.771928 0.0235225 51 51 255
-13.4039 56.697 11.4125 0.308315 0 -2.64963 0 0.959964 0.268566 17 17 255
-18.7633 52.1504 -2.06225 0.181124 0 -3.9 0 0.934924 -0.039806 20 20 255
-28.1313 59.3244 28.0309 0.664722 0 -3.5 0 -0.436105 0.693116 2 2 255
-13.4165 43.172 28.1772 0.581058 0 0.0325174 0 0.632412 -0.185376 27 27 255
-12.7493 50.5125 18.1453 1.07241 0.188874 -4.3419 0 0.185895 0.918623 3 3 255
-35.337 58.621 1.331 -0.109487 0 4.5 0 -0.456577 0.393528 105 105 255
-15.9635 21.3716 18.9573 0.555151 0 -4.5 0 0.516386 -0.808652 7 7 255
-43.3785 55.224 30.7775 -1.83581 -0.697245 -3.5 0 -0.792505 0.371571 38 38 255
-22.5495 48.385 -0.875 -0.557364 0 -3.9 0 0.641341 -0.746435 5 5 255
-45.896 44.5308 21.8403 0.770806 0.037518 -4.5 0 -0.484439 -0.450454 255 234 234
-26.2424 21.6509 22.5654 -0.685965 -0.0082001 -2.75718 0 0.373141 0.215348 19 19 255
-21.2447 27.3213 10.7839 0.174697 0 -0.4 0 0.0608281 -0.0683783 71 71 255
-31.051 47.5265 0.81025 -0.171692 -0.176352 0.000246708 0 -0.20302 -0.734882 230 230 255
-21.459 49.1565 2.716 0.381189 0.456568 1.8 0 0.807349 -0.503112 53 53 255
-12.239 38.265 1.841 0.113185 0 -4.5 0 0.540356 -0.105331 21 21 255
-41.4286 30.2211 21.6679 0.459543 0.301443 -1.3 0 -0.838488 -0.417039 255 65 65
-22.615 48.4155 2.7965 0.485628 0.314921 1.8 0 0.626876 -0.709944 45 45 255
-24.7068 35.386 3.999 -0.120371 0 -3.5 0 -0.106597 -0.987984 30 30 255
-19.4827 54.7573 -2.977 1.96466 0.468014 -3.9 0 0.567473 0.546058 50 50 255
-32.6265 63.9005 21.763 0.0802322 0 -0.9 0 0.578168 0.384262 0 0 255
-48.3051 64.3246 22.5347 0.597938 -0.0521143 -0.8 0 -0.840999 0.227883 3 3 255
-42.5088 48.203 33.1862 0.418733 0 -2.93483 0 -0.827448 0.449719 21 21 255
-38.5375 20.997 15.453 -0.918056 0 -3.71868 0 -0.367977 -0.898675 255 64 64
-10.3604 33.5742 19.9646 -0.154306 0 1.04134 0 0.0192012 0.536091 12 12 255
-40.7373 42.4109 6.26613 0.164451 0 -0.4 0 -0.580712 -0.683765 255 118 118
-41.687 58.5246 28.3389 0.839344 0.82937 -4.5 0 -0.995996 0.0893854 108 108 255
-37.4113 35.6533 30.9312 -0.496874 0 -3.5 0 -0.989873 -0.140202 211 211 255
-25.0881 62.0939 7.2935 -0.413297 0 0.0147624 0 0.0272657 0.998806 105 105 255
-27.8808 52.3171 33.2056 1.2901 0 -4.5 0 -0.111039 0.5266 8 8 255
-27.0567 55.3789 -6.3325 -1.69393 -0.0121914 -3.5 0 -0.918572 0.116122 77 77 255
-33.8414 52.4236 -6.22913 0.0383073 0 1.8 0 0.216393 0.542713 255 224 224
-35.6949 36.8519 33.3956 -0.254516 0 -3.5 0 -0.528943 0.118831 46 46 255
-33.3065 36.0957 32.8128 -0.142449 -0.0788872 -4.21129 0 0.28795 -0.40922 51 51 255
-11.9342 29.2005 14.3363 -1.0235 -0.0850729 -3.5 0 0.619343 -0.308217 101 101 255
-20.8096 36.3535 34.7816 0.0453196 0 1.8 0 -0.0956712 -0.260587 180 180 255
-30.1038 16.1357 11.3438 -1.57027 0 -3.5 0 0.305535 -0.268113 66 66 255
-12.6205 41.7551 17.2325 0.387366 0 -0.838077 0 0.148289 -0.361877 42 42 255
-29.1276 36.1601 2.43325 -1.69697 -0.0105838 -3.5 0 -0.502921 -0.528396 21 21 255
-26.3406 63.8792 4.46225 -0.451642 0.150426 -3.69836 0 0.471729 0.4788 173 173 255
-33.848 64.7655 1.475 -0.135757 0.246669 -3.9445 0 0.315471 -0.315063 140 140 255
-31.3328 25.039 27.6787 -0.575966 0 -3.5 0 0.34815 0.667717 255 195 195
-31.3866 61.9614 24.9182 0.446042 0 -4.5 0 0.0736336 0.853956 1 1 255
-52.083 51.7346 17.653 -0.990063 0 -3.5 0 -0.929229 -0.0781075 30 30 255
-17.1079 35.0635 22.4368 -0.00232571 0 3.18798 0 0.798852 0.272206 7 7 255
-39.6698 31.7725 4.71012 1.06625 0.35943 -4.5 0 -0.838278 -0.488716 255 149 149
-30.8876 40.1689 37.31 0.895789 0.555869 -4.5 0 0.573699 -0.451028 20 20 255
-40.4231 28.702 14.6624 0.125457 0 -1.6 1 -0.945355 -0.189455 255 29 29
-11.5934 44.7795 20.522 1.05368 0 -1.2475 0 0.862613 -0.464033 0 0 255
-31.1435 40.7637 3.46625 -1.01356 -0.073937 4.2 0 -0.433619 -0.275779 81 81 255
-39.4115 60.3946 26.9589 0.254416 0 -4.5 0 -0.688122 0.576862 24 24 255
-41.2415 51.8618 33.6351 0.0984625 0 -1.6 0 -0.591024 0.804279 11 11 255
-11.251 50.43 18.1725 1.04414 0.395353 -4.5 0 0.379501 0.852479 3 3 255
-32.4434 55.7039 -2.981 0.333855 0.165149 -1.03705 0 -0.206378 0.523375 255 141 141
-26.8248 42.8805 2.13112 -0.206289 0 4.2 0 -0.0885522 0.346258 39 39 255
-34.4255 61.034 1.8065 -0.519298 -0.488913 3.15857 0 0.0646103 -0.0447325 86 86 255
-38.78 63.3575 22.6975 -0.333533 0 -1.62303 0 -0.603059 0.650128 6 6 255
-10.8094 45.0892 19.6243 1.65284 0 -4.5 0 0.743957 -0.456752 1 1 255
-52.3484 47.8461 18.5923 -0.00121305 0 -0.8 0 -0.968287 -0.185456 113 113 254
-31.774 14.249 25.3655 0.372674 0 -4.5 0 -0.102743 -0.983181 88 88 255
-38.4809 60.2365 5.949 -0.351786 0 1.8 0 -0.912587 0.344826 255 191 191
-42.0186 42.604 33.9705 -0.242107 0 -0.294791 0 -0.663336 -0.495156 6 6 255
-34.7364 56.6676 -1.52025 0.0365689 0 -1.6 0 -0.0642443 0.909593 255 173 173
-29.2626 14.6007 25.2001 0.580684 0 -4.5 0 0.669493 -0.721127 15 15 255
-41.8174 48.9859 29.2555 0.0301559 0 -4.5 0 0.666549 0.53208 27 27 255
-34.8229 16.2992 19.7575 0.046645 0 3.8 0 -0.28723 -0.948418 125 125 255
-10.8407 48.8355 16.3665 0.781238 0 -4.5 0 0.919621 0.387152 2 2 255
-30.8218 14.2253 25.846 0.545323 0 -4.5 0 0.109257 -0.876744 46 46 255
-38.5443 39.0325 34.481 -1.53669 0 -3.5 0 0.0774247 -0.959361 34 34 255
-23.3571 57.4266 24.711 -0.43931 -0.0745732 -0.176863 0 0.915149 -0.0311771 255 220 220
-40.8299 57.3102 5.2885 0.0593198 0 1.8 0 -0.815806 0.192598 255 72 72
-41.396 36.574 18.5047 0.0298715 0 -1.3 1 0.305246 0.823086 255 26 26
-29.4608 21.8843 28.0422 -0.796788 0 -3.5 0 0.930771 -0.344975 161 161 255
-35.1539 36.4658 21.1766 -0.919451 -0.643313 -3.5 1 -0.816173 0.568789 255 10 10
-25.3314 59.6869 28.958 -0.127502 0 -3.5 0 0.25227 0.316154 10 10 255
-24.0476 56.402 25.6875 0.156689 0.163542 -1.85374 0 0.823367 -0.0508324 106 106 255
-38.0231 66.8134 2.21775 -0.228654 -0.173208 -4.01497 0 -0.938517 0.254872 209 209 255
-9.91075 43.6754 24.605 0.0680207 -0.0669772 -3.5 0 0.969019 0.245019 2 2 255
-11.6877 46.1828 27.0281 -0.461483 -0.418141 -4.07377 0 0.816952 0.433299 18 18 255
-46.136 61.58 23.9498 -0.0436069 0 -0.8 0 -0.119526 0.340133 9 9 255
-12.2735 38.7825 22.3685 0.120916 0.772453 -3.5 0 -0.0838218 -0.99647 23 23 255
-27.6575 42.0969 35.4893 -0.600599 0 -4.04468 0 0.152831 -0.358545 127 127 255
-43.7255 40.9359 31.3454 -1.09091 0.0491452 -3.91045 0 -0.637085 -0.35279 85 85 255
-32.3176 47.3555 1.28663 -0.10863 0 3.87822 0 -0.207572 -0.737403 203 203 255
-35.9019 30.4526 6.3 0.440208 0 -4.5 0 0.47218 -0.874563 255 39 39
-12.696 41.435 3.156 0.551963 0.431023 -4.5 0 0.194251 0.9786 22 22 255
-14.6535 45.6621 8.41562 -0.764149 -0.440995 0.590374 0 -0.125468 0.379176 109 109 255
-23.685 18.391 21.215 0.471759 0 -3.2 0 0.705161 -0.132036 13 13 255
-14.8503 66.9033 15.0364 0.60524 0.593366 -4.5 0 -0.0467202 0.460024 9 9 255
-29.8114 34.0928 32.6743 0.112768 0 -0.9 0 -0.389884 0.0115756 78 78 255
-20.3662 54.496 5.583 -0.0842227 0 0.14833 0 0.865779 0.235584 94 94 255
-21.1901 45.604 3.89188 -0.0173384 0 3.8 0 0.428678 0.415135 171 171 255
-43.12 57.5644 27.1775 -0.250511 -0.101197 -0.8 0 0.0156179 0.756822 111 111 255
-40.0933 52.2286 35.5423 0.0807551 0 -1.6 0 -0.190856 0.843453 16 16 255
-13.332 45.5235 30.1677 0.150207 0 -4.5 0 0.848156 0.098424 35 35 255
-18.77 41.991 4.7895 -0.0369771 0 -1.56337 0 0.172359 0.713554 76 76 254
-29.0269 50.985 33.8592 0.469358 0 -1.40929 0 -0.321295 0.734858 11 11 254
-49.5174 61.7743 17.3359 -0.0209421 0 -3.5 0 -0.803424 0.593946 15 15 255
-32.4992 56.5078 -1.86538 0.16862 0.0193745 -0.9 0 -0.348806 0.797392 255 105 105
-29.1052 19.2209 25.4988 -0.0769702 0 -4.5 0 0.815031 -0.0208614 87 87 255
-20.7183 55.2141 4.79812 -0.173971 0 -3.5 0 0.928717 0.218204 88 88 255
-19.5243 56.9784 17.2694 0.673445 0 1.9 0 0.614951 0.226868 72 72 255
-18.5473 60.5853 9.139 0.303255 0.324625 -0.8 0 0.0144525 0.915358 83 83 255
-30.7421 68.297 7.68687 -1.34546 -0.514495 -4.5 0 -0.605978 0.155087 48 48 255
-24.593 30.8188 32.1645 0.121791 0 -0.9 0 0.428441 -0.338512 128 128 255
-20.967 56.7687 5.304 -0.771847 0 -3.5 0 0.948213 -0.0406549 140 140 255
-34.1155 59.443 1.73225 -0.331394 0 4.5 0 -0.0204108 0.325943 87 87 255
-31.979 69.753 5.27175 -0.0756146 0 -4.5 0 -0.313415 0.904958 76 76 255
-45.2594 58.0546 27.4341 -0.822304 -0.175271 -0.8 0 0.211455 0.509649 124 124 255
-9.27238 39.618 5.78912 0.310728 0 1.8 0 0.908826 -0.389596 10 10 255
-27.8832 35.5778 6.63513 -0.664476 0 -3.5 0 0.0509467 -0.957533 16 16 255
-28.9272 55.6089 29.8415 0.392107 0 -3.73757 0 0.121725 0.302778 5 5 255
-29.7536 33.6591 8.43725 -0.163042 -0.0992768 -0.7 0 -0.139623 -0.53372 255 226 226
-14.747 54.1702 8.5785 -0.00545647 -0.519923 1.8 0 0.572542 -0.817053 59 59 255
-30.1901 65.8561 1.44987 0.400231 0 -3.5 0 -0.36858 0.0198103 138 138 255
-15.3872 37.8329 21.4175 -0.322137 0 2.8 0 0.42381 -0.705249 7 7 254
-41.3467 20.8953 17.572 -1.77647 -0.0644317 -3.5 1 -0.968624 -0.238766 255 54 54
-19.5145 31.358 8.691 -0.127118 0 3.8 0 -0.247796 -0.6098 61 61 255
-21.0473 62.26 17.779 0.0466728 0 -0.7 0 0.585536 0.522742 255 212 212
-28.5399 14.5211 15.6791 -0.238761 -0.213917 -2.17823 0 0.495253 -0.864482 27 27 255
-35.8418 69.1279 12.9555 -0.249561 -0.744904 -3.5 0 0.593013 0.238097 14 14 254
-29.8635 20.6225 32.2095 -0.113635 0 -3.5 0 -0.0662762 0.111572 168 168 255
-47.7445 54.4313 23.3465 -0.0617804 -0.554196 3.76594 0 -0.982461 0.182142 149 149 255
-41.5881 62.5962 22.6815 -0.15648 0 -3.5 0 -0.188118 0.865932 16 16 254
-22.1973 63.7805 16.1415 -0.598596 -0.143961 -0.7 0 0.0322808 0.849572 245 245 255
-18.7078 33.2503 8.02538 -0.333703 -0.760914 -3.5 0 0.891068 -0.339784 32 32 255
-27.9147 24.3251 11.6871 -0.594588 -0.0533317 0.00116649 0 -0.74376 -0.0569398 124 124 255
-37.571 18.8405 19.839 -0.247799 0 3.8 0 -0.716043 -0.342335 219 219 255
-35.7407 18.2442 10.1993 1.25503 0 -3.9 0 -0.0179347 -0.999697 255 254 254
-34.0672 56.6821 29.5867 0.230707 -0.139839 -3.76692 0 0.459293 -0.0683742 59 59 255
-11.8326 40.2821 26.4481 -1.22386 -0.897424 -3.5 0 0.212258 -0.388562 31 31 255
-25.2488 56.5137 -6.68663 -0.731774 -0.337832 -3.5 0 0.0790705 0.602917 43 43 255
-40.6851 47.2626 35.7784 0.160924 0 -1.6 0 -0.568711 -0.140152 8 8 255
-38.4562 52.2098 1.69212 0.669415 0 4.2 0 -0.569385 -0.104728 202 202 255
-30.4615 37.8455 3.3205 -0.816805 -0.414322 -3.5 0 -0.741831 -0.126392 38 38 255
-21.926 37.4152 34.4256 -0.00405067 0 1.8 0 -0.689474 0.250335 163 163 255
-10.509 36.2 16.9035 -0.66557 -0.837121 1.21688 0 0.60355 0.725665 230 230 255
-47.9085 61.0115 14.5028 -0.377473 -0.290991 -3.5 0 -0.505864 0.165903 12 12 255
-18.507 54.253 6.749 0.352504 0 2.94412 0 0.352381 -0.0215277 163 163 255
-31.7973 41.8503 3.14125 0.19265 0.870479 -4.5 0 -0.0365746 -0.338664 140 140 255
-33.8148 62.2364 26.0985 0.202395 0 -4.5 0 0.359917 0.93151 1 1 255
-45.6128 42.941 18.5217 0.752591 0 1.9 0 -0.490207 -0.828776 164 164 255
-43.6613 60.636 11.8735 -0.240897 -0.0133454 -3.5 0 -0.802105 -0.495667 186 186 255
-36.8382 18.3049 27.2806 0.163489 0 -3.5 1 -0.414593 -0.368427 255 59 59
-16.6105 37.8524 26.1443 -0.310815 0 0.647441 0 0.697482 -0.716423 22 22 255
-36.8821 51.7001 -6.35575 0.0571028 0 1.8 0 -0.814523 0.23044 73 73 255
-13.7325 29.323 2.77063 0.63403 0.224168 -4.5 0 -0.204306 -0.698074 18 18 255
-24.9391 31.537 8.618 0.332398 0.638598 -0.9 0 0.222426 -0.646386 41 41 254
-26.8164 37.1591 34.3041 -1.65831 -0.455533 -3.5 0 0.473332 -0.417685 75 75 255
-25.8381 55.3779 -7.448 -1.71486 0 -3.5 0 -0.118047 0.0599067 63 63 255
-24.1696 64.322 14.5511 -0.109023 -0.232118 1.94907 0 -0.0903298 0.753911 255 149 149
-24.9165 46.9776 -5.0975 -0.758186 -0.405386 -3.5 0 0.461385 -0.190348 18 18 255
-14.7922 36.0433 4.29125 0.514358 0 -4.5 0 -0.798988 -0.468622 22 22 255
-15.7141 56.424 4.8435 0.0046852 0 1.8 0 0.0887009 0.160819 37 37 255
-29.2106 39.4098 34.5489 0.151435 0 -4.16053 0 0.0731492 -0.35834 45 45 255
-44.8698 66.5605 5.26125 0.7659 0.206556 -0.8 0 -0.976375 0.13213 163 163 255
-21.0495 34.929 32.3817 0.400998 0 1.8 0 -0.255885 -0.780336 40 40 254
-9.877 42.576 23.425 0.329759 0 -3.5 0 0.784576 0.283803 5 5 255
-48.6107 52.8415 14.5315 -0.546673 0 -3.5 0 -0.133807 0.990989 20 20 255
-26.7488 60.256 28.5684 -0.00250092 0 -3.5 0 -0.305138 0.537938 4 4 255
-15.5732 38.245 25.2428 -0.060609 0 2.8 0 0.612322 -0.741079 9 9 255
-27.1925 68.2073 1.98863 -1.2922 -0.255732 -3.5 0 0.572359 0.681592 90 90 255
-39.2967 71.3564 11.2295 -1.70506 -0.750249 -3.5 0 -0.0926983 0.68467 6 6 255
-29.8423 61.4692 24.1733 1.01654 0.00714801 0.458937 0 0.427464 0.847016 1 1 255
-13.7338 51.2669 23.7611 0.861014 0.102047 -2.01207 0 0.649312 0.759482 52 52 255
-40.9821 66.6014 15.3666 -0.596085 0 -3.5 0 -0.561299 0.746273 21 21 255
-39.0574 71.6596 13.1777 -1.57424 -0.732538 -3.5 0 0.207215 0.847083 5 5 255
-43.3949 34.8344 18.031 0.253009 0 -1.3 1 -0.778034 -0.235498 255 52 52
-39.5535 47.3659 3.6065 -0.0517854 0 -0.8 0 -0.288144 -0.834707 237 237 255
-39.1049 21.5895 14.8664 -0.976208 -0.267149 -3.50126 0 -0.611973 -0.502842 255 64 64
-33.4611 49.8846 -2.95138 0.115972 0 -0.000713549 0 -0.124374 -0.912652 255 218 218
-38.2228 62.7196 28.4326 0.307238 0.149668 -4.5 0 -0.250155 0.9336 33 33 255
-33.8555 45.2515 36.812 -1.15313 0 -3.5 0 -0.0910633 0.132592 11 11 255
-50.5086 49.5726 12.5413 0.0229926 0 -2.71931 0 -0.98773 0.0843957 80 80 255
-37.3404 68.2761 14.7397 0.335977 0 -3.5 0 0.572444 0.524056 7 7 255
-36.8485 22.683 25.428 -0.883423 0 3.8 1 -0.901868 0.0639257 255 54 54
-34.2873 19.5639 29.2897 0.293649 0 -3.5 0 -0.596014 -0.707185 255 110 110
-29.4876 14.5577 12.2541 -0.225024 0 -3.5 0 0.154918 -0.857932 76 76 255
-36.2885 34.2896 16.2339 -0.837662 -0.687731 1.7037 1 -0.982418 -0.0582068 255 14 14
-18.5631 33.4463 30.5684 -0.743703 -0.106596 -0.4 0 0.689503 -0.0220535 17 17 255
-17.187 51.7275 8.2275 -0.00507401 0 1.75793 0 0.725651 0.0317016 208 208 255
-17.2103 27.7636 22.1127 -0.200309 0 -2.74088 0 0.236741 -0.691218 9 9 255
-42.9599 52.6086 8.93287 0.104805 0 1.8 0 -0.799498 0.258713 80 80 255
-36.323 66.4231 22.9574 0.406117 0 -0.9 0 0.00397338 0.695892 2 2 255
-32.831 52.803 29.758 -0.962453 -0.112786 -4.5 0 -0.435384 -0.202034 19 19 255
-7.36725 34.2284 19.9241 -0.173526 0 1.8 0 0.694 0.576425 56 56 255
-37.1562 53.157 -0.574625 -0.189143 0 -1.6 0 -0.978769 0.165421 255 141 141
-33.0765 53.636 -5.5155 -1.12929 -0.249404 1.8 0 0.0129124 0.778364 255 195 195
-29.5055 66.2654 7.93162 -2.25734 -0.162274 -4.5 0 0.0300551 -0.468531 70 70 254
-44.4707 46.0365 33.0155 0.862477 0.797107 -4.5 0 -0.781319 0.340198 22 22 255
-18.7106 37.7991 33.7976 0.0198324 0 1.8 0 0.768828 0.460166 228 228 255
-7.61088 32.9598 13.5721 -1.61247 -0.145272 -3.5 0 0.428719 -0.404214 255 208 208
-26.8171 29.2146 28.1171 -0.56432 0 -0.9 0 -0.363475 -0.911882 50 50 254
-9.156 31.8596 22.6882 -1.38576 -0.026829 -3.5 0 -0.0721752 0.522344 2 2 255
-37.5926 26.6306 20.807 -0.272276 0 -0.8 1 -0.878279 -0.468983 255 105 105
-26.006 41.3295 35.455 -1.20885 -0.907426 -3.5 0 0.212543 -0.46588 150 150 255
-28.8132 25.0839 11.847 -0.26095 0 1.9 0 -0.263032 -0.1971 101 101 255
-13.029 26.7083 21.0632 -1.04786 -0.339508 -3.5 0 0.0517346 -0.920831 5 5 255
-34.3095 23.6495 11.2782 0.0475903 0 -3.47894 1 -0.474806 0.678212 255 140 140
-35.5671 42.5785 6.889 0.332213 0.0221815 -4.16838 0 -0.527561 -0.698452 255 224 224
-12.2485 48.529 9.06775 -1.30007 -0.710873 -0.7 0 0.392925 0.0742655 47 47 255
-30.5535 58.058 29.958 0.0721543 0 -3.5 0 0.17898 0.00901896 1 1 255
-10.0688 49.0319 21.5128 0.761146 0.247023 -4.5 0 0.694457 0.24666 11 11 255
-17.6971 54.2109 19.5653 0.485238 0 1.8 0 0.738586 0.671047 33 33 255
-43.9538 52.8115 30.7135 -1.91292 -0.12994 -3.5 0 -0.887378 -0.280473 28 28 255
-16.906 66.7505 12.588 -0.0849444 0 -4.5 0 -0.297286 0.735256 52 52 255
-41.5197 30.9145 20.5882 0.534901 0.575066 -1.3 1 -0.947277 -0.169168 255 55 55
-43.0798 62.9427 21.6975 0.595912 0 -3.67271 0 0.214183 0.70241 5 5 255
-39.3875 20.0658 22.016 0.264548 0.52925 -3.5 1 -0.852962 0.521558 255 100 100
-16.576 55.2939 4.93837 -0.0351165 0 1.8 0 -0.281963 -0.459309 64 64 255
-27.3484 26.6165 9.18538 -0.187626 0 -3.5 0 -0.773326 0.33976 78 78 255
-35.3942 56.273 -2.35675 0.0398079 0 -1.6 0 -0.358637 0.807782 255 167 167
-28.0812 35.372 2.72925 -1.40306 -0.0107113 -3.5 0 -0.11277 -0.677939 20 20 255
-9.07575 42.3435 16.2547 -0.121202 0 -4.5 0 0.826496 -0.320048 21 21 255
-17.625 20.8472 14.2887 0.125196 0 -4.5 0 0.582465 -0.786529 37 37 255
-21.0029 54.435 29.4568 0.165589 0 4.2 0 0.259707 0.880598 51 51 255
-39.026 62.5814 4.69137 0.116229 0 -3.5 0 -0.686166 -0.724626 255 253 253
-34.1764 34.8075 33.392 -0.86622 -0.150456 -3.5 0 0.52264 0.0962394 79 79 254
-38.425 67.6005 6.0125 -0.750968 -0.206751 -1.9192 0 -0.431122 0.793148 126 126 255
-14.0203 47.727 28.9627 -0.102593 -0.274102 -4.28518 0 0.813682 0.342551 14 14 255
-9.32588 37.2093 12.8764 -0.596701 0 -2.15066 0 0.974944 0.222234 255 234 234
-38.7496 36.9136 27.067 -0.573698 0 -0.7 0 -0.784172 0.351587 255 106 106
-27.074 16.4425 20.4923 0.135664 0 -3.2 0 -0.697572 -0.709232 15 15 255
-44.5049 48.105 30.4514 0.138852 0 -4.5 0 -0.50261 0.830418 26 26 255
-36.5602 54.122 -2.661 0.517382 0 -1.6 0 -0.713903 0.402238 255 182 182
-24.7188 64.9912 13.776 -0.568033 -0.162455 3.8 0 0.322889 0.853265 255 226 226
-37.9414 22.6585 10.0715 0.116117 0 -3.9 1 -0.724028 0.450238 255 148 148
-31.7738 61.1603 9.07175 -0.910867 0 3.8 0 0.723656 0.58912 59 59 255
-44.0695 60.675 13.0592 -1.44066 -0.924184 -3.5 0 -0.919346 -0.191146 110 110 255
-14.8455 41.786 17.988 0.579109 0 3.28332 0 0.85788 0.0472412 5 5 255
-12.1267 24.6611 17.6418 -1.19675 -0.76305 -3.5 0 0.430139 -0.313226 16 16 255
-31.9906 55.2257 29.2412 0.313912 0 -4.2456 0 -0.293958 0.0428968 14 14 255
-8.89425 37.8148 8.85275 0.121156 0 -0.8 0 0.810876 -0.266453 56 56 255
-38.4118 45.4832 4.80688 0.171922 0 -4.5 0 -0.514608 -0.305149 159 159 255
-42.624 67.8829 6.40925 0.0614232 0 -0.8 0 -0.144047 0.961656 126 126 255
-35.722 50.399 -7.253 0.0274398 0 1.8 0 -0.383391 -0.253627 51 51 255
-23.7024 54.8359 -2.27325 0.00545028 0.0746303 -3.01171 0 0.653764 0.466748 38 38 255
-11.6979 35.0616 11.2294 -0.964173 -0.0691071 -3.5 0 0.153645 -0.672639 200 200 255
-22.4451 18.0334 11.9288 0.308787 0 -3.9 0 0.478147 -0.456707 28 28 255
-49.7075 59.0957 20.9718 -0.688547 -0.151636 -3.5 0 -0.963795 0.130271 10 10 255
-17.0505 39.0881 1.77675 0.504494 0 -4.5 0 -0.6641 -0.323218 19 19 255
-46.2892 55.5067 27.1663 -0.803012 -0.136479 -0.8 0 -0.216037 -0.0389793 129 129 255
-29.7035 17.1647 11.4135 -0.780435 0 -3.5 0 0.23576 0.252543 72 72 255
-20.2412 52.8086 -5.83038 1.69164 0.630956 -3.9 0 0.0657011 -0.512798 71 71 255
-25.992 64.1643 11.491 -0.593287 0 3.8 0 -0.221676 0.664538 31 31 255
-35.3457 42.6706 4.67963 0.336532 0 -4.5 0 -0.596023 -0.717675 108 108 255
-7.54462 45.3371 11.3095 -0.0190541 0 -3.5 0 0.218215 -0.217644 23 23 255
-22.8258 21.2327 20.8715 0.237898 0 4.5 0 0.645477 -0.31475 37 37 255
-19.7224 43.7405 8.36475 -0.206928 0 3.8 0 0.904914 0.367061 245 245 255
-46.7287 54.0132 10.9517 -0.00245292 0 -3.5 0 -0.275033 0.767363 32 32 255
-27.107 64.034 18.8083 0.106507 0 1.8 0 0.272795 0.957692 255 162 162
-10.7847 49.5682 15.2942 0.515606 0 -0.8 0 0.720926 0.643548 1 1 255
-29.2834 50.0416 -5.655 -0.00972568 -0.361753 -0.4 0 0.527788 -0.167792 241 241 255
-8.2825 30.306 22.6847 -1.36425 -0.0779401 -3.5 0 0.517754 0.107054 5 5 255
-37.7902 63.3465 0.045 -2.11279 -0.865661 -3.5 0 -0.0713324 0.0997595 186 186 255
-42.3505 40.354 31.2684 -1.7124 -0.448783 -3.5 0 -0.260229 -0.703959 112 112 255
-15.29 27.6115 22.7412 0.222501 0.150865 -4.5 0 -0.452669 -0.835889 3 3 255
-5.54775 49.1375 15.3525 0.698348 0.0852381 -3.5 0 0.0273007 0.521362 23 23 255
-26.9051 52.9367 33.1104 1.26834 0.447869 -4.5 0 -0.0801419 0.664964 5 5 255
-21.5985 30.4613 10.2642 0.0584048 0 -0.619914 0 -0.0846161 -0.246394 70 70 255
-39.9255 41.7195 8.34513 0.674217 0.302391 -0.4 0 -0.569002 -0.77919 255 81 81
-19.0965 52.522 21.4155 0.490876 0 1.8 0 0.380791 0.0803007 131 131 255
-38.4993 24.7716 19.4439 -0.328167 0 -3.5 1 -0.544952 0.520843 255 106 106
-33.842 59.045 29.821 -0.710691 0 -3.5 0 -0.263832 0.123685 8 8 255
-15.7995 48.0028 31.645 0.415371 0 -4.5 0 0.484015 0.29474 74 74 254
-30.9039 55.8996 29.8382 0.762113 0 -3.66975 0 -0.297499 0.197175 7 7 255
-38.6476 40.6551 20.7482 0.221677 0 1.8 1 0.103413 -0.994635 255 16 16
-13.1909 23.1696 14.3097 0.345412 0 -3.5 0 0.0865786 -0.927456 38 38 255
-42.1641 31.4182 22.3801 -0.141201 0 -3.5 1 -0.933495 0.024518 255 53 53
-32.3107 15.6999 11.0577 -1.70067 -0.100983 -3.5 0 -0.49102 -0.505263 79 79 255
-38.2637 16.9651 21.8272 0.87917 0.744115 -3.5 0 -0.359671 -0.851415 227 227 255
-23.6516 43.8569 32.1139 0.167936 0 -4.5 0 0.462857 -0.323449 161 161 255
-6.928 29.4463 18.0084 -0.8416 -0.196596 0.0487777 0 0.824373 -0.506663 93 93 255
-6.28038 48.9316 13.467 0.696972 0.0018185 -3.5 0 -0.279306 0.807457 10 10 255
-13.1059 28.6306 13.2086 -0.33651 0 2.97487 0 0.691625 -0.23987 66 66 255
-47.1527 48.9738 26.507 -0.000893684 -0.0964781 -1.50299 0 0.00521735 -0.877761 178 178 255
-10.2155 47.3545 17.7148 1.00227 0 -4.5 0 0.931464 0.321853 3 3 255
-34.3893 53.2325 -4.89475 -0.328462 -0.797658 1.8 0 -0.0627876 0.869253 234 234 255
-26.0381 66.4277 2.89412 0.0290326 0.691247 -3.5 0 0.686218 0.708801 139 139 255
-36.7043 33.6123 11.5995 -0.53006 0 1.9 1 -0.94266 0.278589 255 37 37
-48.5446 44.578 18.8848 1.01146 0.582044 1.9 0 -0.60993 -0.706695 195 195 255
-30.9926 68.5276 1.47325 0.254206 0 -4.5 0 0.242681 0.428892 154 154 255
-23.3118 20.1413 21.1893 0.631193 0.475868 -3.2 0 0.723945 -0.136702 20 20 255
-32.583 45.486 31.846 -0.960549 -0.924437 -4.5 0 -0.86106 0.117299 7 7 255
-9.94725 32.1944 13.2238 -0.722094 -0.0946756 -1.42139 0 0.485456 -0.319512 180 180 255
-28.571 20.766 25.6645 -1.63412 -0.739865 -3.5 0 0.826225 -0.264756 95 95 255
-36.7093 45.5535 3.286 0.105351 0 -4.5 0 -0.0213562 -0.412283 199 199 255
-12.2011 42.8332 21.2816 0.273925 0 4.5 0 0.77119 -0.263335 2 2 255
-13.249 50.2114 26.7345 0.293593 0 -0.4 0 0.800943 0.423605 15 15 255
-39.518 62.3177 29.208 0.397812 0.00301389 -4.5 0 -0.233776 0.947309 39 39 255
-17.3867 50.1154 7.8885 0.00764277 0 -0.7 0 0.462575 0.0670825 255 195 195
-36.0122 57.9342 1.948 -0.0968546 0 4.5 0 -0.940977 0.148622 129 129 255
-32.7545 41.1535 38.3045 -0.269795 0 -4.5 0 0.196781 0.0347657 16 16 255
-22.9233 15.5005 19.4667 -0.0755177 0 -3.2 0 0.289234 -0.76222 5 5 255
-18.8487 61.4058 15.864 0.73767 0.166711 -3.42337 0 0.598147 0.317785 92 92 255
-37.004 51.8628 35.9863 -0.00154524 0 -0.4 0 -0.409269 0.846407 14 14 255
-18.6456 22.5806 22.0865 0.345677 0.0324322 -4.5 0 0.169661 -0.302343 19 19 255
-51.8034 46.6354 19.1926 0.0592514 0 -0.8 0 -0.757641 -0.586287 191 191 255
-29.8536 14.5759 24.1081 1.01581 0 -4.5 0 0.490118 -0.735719 18 18 255
-36.1167 39.8628 35.12 -0.367502 -0.0559461 -4.40816 0 -0.300442 -0.703284 28 28 255
-10.763 26.2606 16.1628 -0.865489 -0.809649 -3.5 0 0.82875 -0.104975 55 55 255
-12.3062 31.243 11.563 -0.0813444 0 4.2 0 0.545744 -0.224083 110 110 255
-27.9848 37.1647 34.4128 -1.47062 -0.135769 -3.5 0 -0.0778382 -0.450688 56 56 255
-21.6805 16.5559 19.0045 0.30472 0 -3.2 0 0.933066 -0.286855 9 9 255
-24.3049 32.6237 31.6001 0.0405207 0 -1.3103 0 0.554129 -0.0489907 116 116 255
-38.7919 34.5915 4.97 0.742364 0.392788 -4.5 0 -0.605321 0.7943 255 151 151
-46.8545 59.9715 25.7965 0.581677 0.0949379 -0.8 0 0.221622 0.876079 38 38 255
-31.9823 36.6522 34.1559 0.368962 0 -4.5 0 -0.282938 -0.838337 29 29 255
-49.2695 59.3293 26.4258 -0.368497 -0.918281 -0.8 0 -0.74732 0.465307 75 75 255
-40.5345 63.176 21.6971 -0.212652 0 -3.69642 0 -0.225819 0.702767 13 13 255
-34.3785 16.2845 18.3156 0.0472302 0 2.41643 0 -0.706437 -0.674956 85 85 254
-21.2989 18.0861 16.8485 -0.146607 0 -3.9 0 0.826108 -0.523155 9 9 255
-44.8537 43.1217 33.5822 0.386019 0.658073 -4.5 0 -0.70515 -0.447264 14 14 255
-19.415 27.7652 25.7477 -0.182205 0 -0.7 0 0.434353 -0.825591 15 15 255
-10.4923 39.5298 4.12075 0.432328 0.16657 0.487564 0 0.876688 -0.276798 9 9 255
-41.1673 36.705 22.4193 -0.0255312 0 -1.3 1 0.383669 0.838287 255 18 18
-23.803 30.468 30.288 -0.0266277 0 -0.9 0 0.781888 -0.454973 64 64 255
-36.7357 34.4815 30.1799 -0.556401 -0.134872 -3.5 0 -0.93549 -0.353343 254 254 255
-41.0004 51.3315 35.7015 0.137243 0 -1.6 0 -0.406005 0.625435 16 16 255
-48.908 48.7934 11.7731 0.159098 0 -0.762162 0 0.124373 -0.760064 126 126 255
-42.4445 43.034 20.623 1.01412 0.724993 -4.14954 0 -0.338461 -0.83284 255 160 160
-10.2639 47.2561 16.28 0.846835 0 -4.5 0 0.818983 0.547383 2 2 254
-35.3856 69.2692 20.7647 2.4495 0.210049 -3.9 0 0.741022 0.258662 6 6 255
-15.6765 65.5488 11.304 0.33876 0 -4.5 0 -0.125792 0.608467 47 47 255
-13.6094 39.6862 29.8194 -0.0224318 0 1.8 0 0.973187 -0.00725407 65 65 255
-23.4028 50.808 -5.30125 -1.33983 -0.0956953 -3.5 0 0.379786 -0.413691 15 15 255
-25.4689 61.0189 19.7374 0.155717 0 1.59269 0 0.674305 0.257636 255 167 167
-23.5779 60.087 27.7306 -0.866197 0 -3.5 0 0.740842 -0.0589626 133 133 255
-34.4165 65.7795 22.741 0.0365047 0 -0.9 0 0.545728 0.399705 0 0 255
-38.1092 20.3862 11.2915 0.174001 0 -3.9 0 -0.832284 -0.55359 255 111 111
-49.47 49.7664 9.68312 0.649116 0.392705 -3.5 0 -0.160993 -0.350343 56 56 255
-25.0543 18.3148 11.0282 1.15838 0 -3.9 0 -0.0436943 -0.178739 70 70 255
-36.6693 55.2397 0.97425 -0.294648 0 0.00914267 0 -0.845461 0.512635 255 139 139
-19.3547 55.6497 17.3923 0.622349 0 1.9 0 0.938206 0.142137 19 19 255
-27.7353 64.6817 -0.574125 0.0556074 0 -3.5 0 -0.218168 0.192247 128 128 255
-30.804 69.9717 6.751 -1.81455 -0.935451 -4.5 0 -0.515235 0.807274 51 51 255
-33.8488 65.867 11.5922 0.23621 0 -1.6 0 0.80158 0.529002 10 10 255
-34.141 50.8143 37.143 -0.495899 -0.0153781 -0.4 0 -0.0492505 0.180156 17 17 255
-15.9511 37.386 2.18613 1.49648 0.495939 -4.5 0 -0.530946 -0.691167 9 9 255
-10.8435 29.6082 4.35425 0.920019 0.916734 -4.5 0 0.69062 -0.710609 37 37 255
-50.8219 46.512 17.3813 0.347337 0 -0.8 0 -0.584009 -0.710713 113 113 254
-14.856 53.5802 28.9865 0.925761 0.828475 -3.5 0 0.0485371 0.985359 37 37 255
-22.0198 36.4468 34.1694 0.0742071 0 1.8 0 -0.717357 -0.411525 144 144 255
-22.8528 43.0485 31.5882 -0.0793392 0 -2.63825 0 -0.143771 -0.202887 187 187 255
-36.2624 36.1241 22.0403 0.0119068 0.0998551 -3.5 1 -0.296997 0.864866 255 10 10
-17.1981 67.1819 13.7106 0.512663 0 -4.5 0 -0.454278 0.885248 34 34 255
-25.9485 52.5913 -6.25537 0.0842617 0 -3.5 0 -0.221102 -0.367834 52 52 255
-30.0632 48.1258 -2.0565 -1.33087 -0.0625065 -0.9 0 -0.297366 -0.672799 233 233 255
-44.3835 53.5168 28.3064 -1.374 0 -3.5 0 -0.703562 0.05165 51 51 255
-40.9347 41.7014 35.0285 -0.701766 -0.0539805 0.574083 0 -0.784663 -0.313529 5 5 255
-33.782 47.5583 32.218 -0.928863 -0.798555 -3.5 0 -0.415096 -0.0625101 11 11 255
-12.372 23.5205 12.9742 -0.026571 0 -3.5 0 0.319956 -0.741928 55 55 255
-37.6934 30.2607 6.35213 0.671969 0.88209 -4.5 1 -0.461562 -0.877043 255 32 32
-15.4616 37.7321 29.5546 -0.0438752 0 1.8 0 0.537494 -0.813411 61 61 255
-25.504 58.7313 29.2069 -0.0632703 0 -3.5 0 0.4289 -0.0693671 4 4 255
-37.2528 55.335 30.3254 0.830998 0.443464 -4.5 0 -0.472675 -0.103492 32 32 255
-37.1959 33.8614 28.5959 -0.136925 0.0135128 -0.7 0 -0.697767 -0.316096 255 116 116
-34.725 31.9275 29.763 -1.61643 -0.518001 -3.5 0 -0.369816 -0.868758 250 250 255
-34.6222 20.4349 29.8666 0.0514219 0 -3.5 0 -0.731979 -0.300272 255 75 75
-42.6155 57.333 12.2195 0.0770304 0 -0.4 0 -0.964491 0.239541 54 54 255
-21.1688 38.236 34.0868 0.0375679 0 1.8 0 -0.322358 0.70358 196 196 255
-14.1225 42.807 29.1297 -0.325894 0 1.0631 0 0.787828 -0.172967 39 39 255
-25.8875 20.5618 12.1643 0.700978 -0.0428933 -3.87611 0 -0.646295 -0.130514 49 49 255
-28.1551 66.5632 5.60175 -0.96065 -0.218235 -4.14945 0 0.930872 -0.0944779 151 151 255
-15.1167 50.8281 12.8984 0.794162 -0.194201 -2.44544 0 0.827691 0.452092 6 6 255
-21.9741 59.292 6.19575 -0.293792 0.432225 -4.25402 0 0.17432 0.949324 199 199 255
-35.812 71.516 11.0688 -0.663968 -0.00892103 -3.5 0 -0.401952 0.840447 7 7 255
-21.5114 38.0154 3.6275 -0.073062 0 -3.5 0 0.870626 0.154642 18 18 255
-37.7407 39.9798 23.3345 -0.534286 -0.155444 -0.574632 1 -0.438068 -0.684537 255 15 15
-13.7835 56.827 13.2845 0.170991 0 -2.58638 0 0.769103 0.380673 3 3 255
-37.2729 50.4139 -0.4405 -1.72188 -0.397134 3.8 0 -0.686072 -0.588531 255 150 150
-36.5705 35.5887 16.0413 -0.360109 -0.782978 1.76896 1 -0.952954 -0.117045 255 11 11
-34.7956 52.6841 -6.7705 0.0059878 0 1.8 0 0.184571 0.763995 204 204 255
-38.807 65.826 1.131 -1.2277 -0.0214777 -3.5 0 -0.791779 0.492458 152 152 255
-6.491 44.6514 11.963 -0.115803 0 -3.5 0 0.461094 -0.647609 19 19 255
-46.4753 53.8661 14.3939 -0.250903 0 -3.5 0 -0.770442 0.617004 19 19 255
-31.8746 15.089 12.0016 -2.17305 -0.227172 -3.5 0 -0.323976 -0.932183 56 56 255
-36.4605 71.5135 8.5205 0.105183 0.0020452 -3.5 0 -0.737291 0.578109 8 8 255
-33.406 51.9738 34.6927 0.271278 -0.0724641 -0.4 0 0.691014 0.631805 14 14 255
-17.4319 58.6424 15.8485 -0.894973 0 -0.4 0 0.58418 0.0964937 23 23 255
-32.072 69.9585 2.485 0.16034 0 -4.5 0 0.006704 0.967868 88 88 255
-7.5395 44.4017 15.3488 0.0960873 0 -3.5 0 0.59897 -0.520342 12 12 255
-39.5293 18.5282 23.727 -0.16079 0 -3.5 1 -0.963071 -0.118537 255 86 86
-31.8223 27.1185 10.814 -0.00929829 0 4.2 0 0.361755 0.164422 255 149 149
-32.156 32.6334 9.54325 -0.206639 -0.499402 -0.32795 0 0.0315221 -0.80993 255 41 41
-32.7934 69.5171 4.42312 0.303431 0 -4.5 0 -0.176884 0.942771 75 75 255
-10.1125 41.8438 10.7183 -0.931946 -0.871543 3.8 0 0.685062 0.534955 99 99 255
-9.9055 44.8615 24.1068 -1.26547 -0.199707 -3.5 0 0.968433 0.0985668 1 1 255
-39.4253 46.6634 4.79038 -0.178402 -0.514317 -1.2845 0 -0.345269 -0.597145 199 199 255
-39.7596 28.6029 12.8485 0.224452 0 -1.6 1 -0.71563 -0.234884 255 35 35
-29.294 35.2598 3.8135 -0.766947 0 -3.5 0 -0.452651 -0.817115 19 19 255
-10.2525 42.2156 5.402 0.052527 0 1.8 0 0.377836 0.886816 28 28 255
-36.3452 19.4515 17.5589 -0.756545 -0.17501 0.0112891 0 -0.615519 -0.749009 209 209 255
-15.004 52.4989 20.546 2.25411 0 -3.9 0 0.151169 0.987963 17 17 255
-43.675 67.0774 3.26875 0.383555 -0.303881 -0.8 0 -0.00844642 0.604489 109 109 255
-28.2524 68.8315 6.517 -1.30688 -0.0628169 -4.5 0 0.834071 0.436503 83 83 255
-39.8275 68.877 20.115 0.366094 0 -3.9 0 -0.672223 0.729824 114 114 255
-43.4128 53.2038 9.86675 -0.0495007 0 1.8 0 -0.59379 0.239799 39 39 255
-21.4301 54.1001 26.3709 -0.00058956 -0.351882 -0.010305 0 0.32617 0.923857 95 95 255
-38.3925 28.9802 11.9265 0.182391 0 -1.6 1 -0.229659 -0.286556 255 30 30
-37.84 69.5178 14.6792 -0.0723358 0 -3.5 0 0.502685 0.536808 7 7 255
-44.9326 66.9985 3.69625 1.18851 0.670958 -0.8 0 -0.831618 0.39114 152 152 255
-29.1424 37.6092 1.78475 -1.91304 -0.165186 -3.5 0 -0.469035 0.0623616 29 29 255
-36.8475 22.31 9.45325 0.500431 0.182112 -3.9 1 -0.315729 0.61505 255 180 180
-26.9175 20.049 12.6621 -0.192982 -0.00839988 -0.997255 0 -0.346836 0.146553 70 70 255
-29.358 60.7012 1.1865 -0.100854 0 -0.9 0 -0.347211 0.128388 70 70 255
-31.8595 63.842 7.7225 -0.769342 0 -2.64644 0 0.868885 -0.047827 35 35 255
-33.782 65.5222 12.899 0.821344 0.808144 3.8 0 0.774703 0.608851 9 9 255
-46.8298 55.2557 16.9508 -0.439682 -0.756781 -3.5 0 -0.984298 0.108909 20 20 255
-34.7433 15.5099 17.0837 0.0249521 0 1.8 0 -0.99105 0.0151192 92 92 255
-22.8834 20.5643 11.3086 0.0466282 0 -1.48446 0 0.196292 -0.388534 87 87 255
-44.0831 39.9829 29.0944 -1.76339 -0.00132754 -3.5 0 -0.887089 -0.439364 216 216 255
-10.53 39.2294 25.1371 -0.663327 0 -3.5 0 0.699079 -0.645554 38 38 255
-21.619 15.8757 17.0271 -0.377294 0.485908 -3.2 0 0.926677 -0.374508 6 6 254
-43.7897 64.7627 18.7765 -0.0897617 0 -3.87244 0 -0.302682 0.927357 6 6 255
-32.8807 67.4928 15.2401 0.0558715 0 3.8 0 0.120512 0.609345 26 26 255
-28.5858 57.9162 29.327 -0.324565 -0.234192 -3.5 0 0.0695072 0.576933 1 1 255
-34.969 25.9153 11.6667 0.0928867 0 4.2 1 -0.45018 -0.307061 255 45 45
-10.3454 41.1574 21.5569 0.762959 0.52034 -3.5 0 0.524342 0.279504 16 16 255
-44.6125 55.309 27.8525 -1.67441 -0.135456 -3.29286 0 -0.543219 0.165668 61 61 255
-9.27525 35.977 12.9569 -0.828809 0 -3.5 0 0.871983 -0.0605547 255 216 216
-29.7486 64.8071 6.73675 -1.67299 -0.302362 -3.2 0 0.364867 -0.386514 90 90 255
-24.763 14.3837 16.5037 0.249699 0 -3.2 0 -0.0565562 -0.995282 9 9 255
-12.932 29.944 5.573 -0.155529 0 -4.5 0 -0.168144 -0.739039 74 74 254
-41.082 51.1285 1.8275 -1.42565 -0.109105 -0.8 0 -0.452865 0.0531078 178 178 255
-15.8835 52.3535 15.8695 0.664156 0.287678 -4.32445 0 0.60638 0.151052 3 3 255
-30.1755 24.633 11.6803 -0.294723 0 1.9 0 0.512984 0.332037 168 168 255
-9.564 35.6473 16.4555 0.0123688 0 -3.5 0 0.555309 0.689324 255 202 202
-19.0884 38.5064 4.23481 0.103337 0 -4.5 0 -0.408145 -0.355423 7 7 255
-35.427 36.1688 19.058 0.196412 0 -0.8 1 -0.867903 0.363688 255 14 14
-30.3565 65.5116 14.5181 -0.0964165 0 -0.7 0 0.275445 0.933327 105 105 255
-24.0609 42.3204 31.5514 -0.245671 0 -4.0043 0 0.467445 -0.104029 215 215 255
-19.214 23.8598 22.2335 0.159028 0.503288 -4.5 0 -0.158298 -0.116817 21 21 255
-41.6883 58.3913 26.811 -0.0284285 0 -1.13283 0 -0.670851 0.686536 144 144 255
-26.7332 66.009 4.0565 0.0435631 0.369144 -3.5 0 0.617446 0.256429 161 161 255
-36.9965 34.3805 8.2695 -0.133926 0 -3.80468 1 -0.990146 0.0614338 255 30 30
-31.6615 60.6128 27.9333 -1.06676 0 -3.5 0 0.465932 0.870523 2 2 255
-39.73 40.622 36.0495 -1.05377 -0.424115 -3.5 0 -0.22929 -0.291564 9 9 255
-30.1938 17.4928 20.5812 -0.829982 -0.266114 -1.3 0 0.451282 -0.840412 59 59 255
-40.875 40.2724 35.3133 -1.90427 -0.164755 -3.5 0 -0.790191 -0.311706 13 13 255
-38.1286 44.0116 37.6711 -0.13902 0 3.8 0 0.0714769 0.296423 8 8 255
-36.608 21.7103 26.9718 -1.42498 0 -3.5 1 -0.851358 0.240909 255 63 63
-48.0706 57.6885 27.6588 -0.536598 0 -0.8 0 -0.533187 -0.237088 185 185 255
-17.0735 27.0362 7.60625 -1.45923 -0.211701 -3.5 0 -0.529687 0.542022 58 58 255
-39.5315 62.5887 24.9312 -0.931465 0.189947 -4.03734 0 -0.56641 0.713112 14 14 255
-35.0936 32.1046 31.3258 -1.90068 -0.0172341 -3.5 0 -0.327469 -0.942368 210 210 255
-50.0692 52.4181 28.1825 0.00495425 0 -1.6 0 -0.437256 0.132794 174 174 255
-42.9202 63.271 4.93475 5.62203 0 -0.8 0 -0.538049 -0.611651 202 202 255
-37.0129 46.9739 3.03575 -0.290381 -0.392539 -4.5 0 0.0070212 -0.42562 244 244 255
-15.3665 34.915 11.2065 -0.735743 -0.0263326 3.66546 0 0.161018 -0.675569 105 105 255
-38.7648 41.6725 7.277 1.57281 0.0585351 -0.4 0 -0.229842 -0.743172 255 89 89
-14.329 43.3058 7.52225 -0.667242 -0.91552 -3.5 0 0.0116318 0.310532 73 73 255
-39.1911 70.3802 14.2689 -0.660442 -0.422727 -3.5 0 -0.0591879 0.686787 5 5 255
-35.281 39.6287 18.1912 1.2084 0.669188 -0.8 1 -0.981058 -0.0403847 255 7 7
-13.1275 51.3843 28.2113 0.587713 0.212249 -3.5 0 0.927348 0.122574 16 16 255
-49.357 50.8553 13.9853 -0.232268 0 -3.5 0 -0.983435 -0.174416 43 43 255
-31.083 66.0038 15.3535 0.00733292 0 3.8 0 0.482774 0.742494 137 137 255
-19.6583 49.7735 31.9321 -0.775699 -0.0615321 -3.5 0 -0.133436 0.00928203 119 119 255
-36.5049 34.39 33.527 -0.438514 0 -3.5 0 -0.65421 -0.26841 127 127 255
-19.627 51.8527 -1.038 0.113929 0 -3.9 0 0.833227 0.108164 16 16 255
-35.5103 23.2436 27.247 -0.641564 -0.970971 -3.5 1 -0.702661 0.194997 255 90 90
-43.1899 57.2795 13.2954 0.0800757 0 -2.72653 0 -0.662607 0.201354 30 30 255
-10.821 29.8307 14.474 -0.843163 -0.937729 4.2 0 0.14445 -0.65099 113 113 255
-17.6378 51.3302 31.6951 0.109583 0 -3.5 0 -0.0205628 0.208551 127 127 255
-46.789 52.1797 9.63275 0.0757682 0 -3.5 0 0.0811737 0.351394 52 52 255
-32.19 44.568 36.766 -0.643758 -0.0581246 -4.0307 0 0.138491 0.246647 13 13 255
-38.858 27.7489 17.7992 0.170993 0 -0.8 1 -0.858738 -0.48292 255 50 50
-48.5116 64.0855 21.3541 -0.790024 -0.80507 -0.8 0 -0.950603 0.253286 2 2 255
-13.6545 51.146 24.9085 0.125321 0 -0.4 0 0.642631 0.757349 45 45 255
-33.9841 34.6347 4.97494 0.614214 0 -4.5 0 0.455499 0.0647274 241 241 255
-26.7482 48.0807 36.568 0.507644 0.132922 -4.5 0 -0.152888 0.433212 59 59 255
-29.179 48.8935 -2.596 0.246773 0 -0.654 0 -0.205071 -0.815695 227 227 255
-26.4268 48.2487 -5.41888 0.208858 0 -3.5 0 -0.339421 -0.115012 42 42 255
-16.7471 22.4396 8.60775 -0.164715 0 -3.5 0 0.332103 -0.768962 137 137 255
-30.7391 16.3119 21.9174 0.0249321 0.544869 -3.71635 0 0.470518 -0.61893 70 70 255
-33.1196 20.4461 9.48 -0.104907 0 -3.6489 0 0.126428 -0.430326 157 157 255
-41.7677 56.8105 29.183 -0.220909 -0.538244 -3.68043 0 -0.5135 0.776746 76 76 254
-29.787 39.571 3.181 -0.752573 -0.0301517 1.30779 0 -0.561991 -0.0302746 44 44 255
-6.3475 32.5255 18.5695 -0.876354 -0.791682 1.8 0 0.905979 0.263333 100 100 254
-41.5604 50.2701 36.2971 0.0663941 0 -1.6 0 -0.532346 0.0958298 12 12 255
-28.294 21.724 26.071 -2.17459 -0.718904 -3.5 0 0.912136 -0.343031 92 92 255
-37.8027 69.9614 21.3507 2.49602 0.904635 -3.9 0 -0.238293 0.464417 37 37 255
-34.7344 17.9169 16.4312 0.612244 0.211421 1.8 0 -0.889272 -0.366824 133 133 255
-4.20837 45.0486 12.7391 -1.35017 -0.112675 -3.5 0 0.563862 -0.562612 6 6 255
-26.355 66.3051 0.69175 -0.0292812 0 -3.5 0 0.563144 0.649774 118 118 255
-26.2986 63.3633 19.8836 0.123181 0 1.8 0 0.582842 0.6427 255 173 173
-43.3553 42.0464 33.1203 0.0816553 0.346269 -4.5 0 -0.464082 -0.641101 16 16 255
-32.7335 37.8618 5.46375 -1.12891 0 -3.5 0 -0.371068 -0.0355074 157 157 255
-39.9769 23.913 19.6936 -0.288154 0 -3.5 1 -0.649529 0.474265 255 119 119
-11.9422 46.3853 10.0918 0.107618 0.402843 -2.04879 0 0.746151 0.0514621 73 73 255
-33.3591 19.151 30.4981 0.0136299 0 -3.5 0 -0.592878 -0.609684 255 112 112
-35.5119 40.2351 7.1825 -0.0439591 -0.0959227 -4.0499 0 -0.535566 0.469683 255 178 178
-21.9716 33.4492 5.95188 0.4165 0.309281 -3.5 0 -0.13053 -0.603801 17 17 255
-11.456 47.1471 23.1467 0.539766 -0.713576 -1.97723 0 0.866071 0.462344 3 3 255
-17.1199 32.3354 27.3761 0.00093732 0 4.2 0 0.930953 -0.353586 33 33 255
-34.9502 15.627 26.486 1.25365 0.689098 -4.5 0 -0.312674 -0.414462 255 124 124
-26.589 67.4305 3.35125 -1.26113 -0.00919589 -3.5 0 0.856682 0.413226 138 138 255
-14.321 23.7577 13.2218 0.362105 0 -3.5 0 0.00552985 -0.925235 60 60 255
-7.19887 29.2283 21.0204 -3.10531 -0.588972 -3.5 0 0.991885 -0.121269 15 15 255
-13.6686 49.8374 15.3489 0.98148 0 -1.73233 0 0.0616561 0.997276 5 5 255
-52.3845 48.4335 19.7365 -0.118473 0 -0.8 0 -0.915935 0.058793 179 179 255
-14.3921 24.9044 11.1815 -0.751418 -0.114399 -3.5 0 0.860685 -0.407785 64 64 255
-37.84 22.3226 23.7882 -0.668175 -0.0257022 1.34988 1 -0.930698 0.358093 255 52 52
-35.6717 41.3312 7.65475 0.152324 0.787923 1.21898 0 -0.475807 -0.0838339 255 157 157
-40.1917 56.4111 29.3542 0.238681 0 -4.5 0 0.391529 0.209976 31 31 255
-38.0887 62.3369 30.4631 0.685992 0.765881 -4.5 0 0.320124 0.684472 140 140 255
-43.0843 43.8235 13.7987 0.827335 0.612999 -4.03969 0 -0.205713 -0.972184 255 227 227
-20.075 55.8435 6.447 -0.378737 0 -3.5 0 0.651399 0.156574 125 125 255
-42.7826 42.4004 19.7469 1.0179 0 1.9 0 -0.235731 -0.796637 255 153 153
-25.5088 25.6367 23.0282 -0.230529 0 3.8 0 0.910717 -0.151772 15 15 255
-41.7863 57.4431 27.9919 -0.0523339 0.751831 -4.5 0 -0.692437 0.544763 129 129 255
-40.6387 53.3638 30.8573 -0.644026 0 -3.5 0 0.734353 0.270673 14 14 255
-24.7805 63.528 15.4336 0.19828 0 2.09578 0 -0.0423778 0.868359 255 112 112
-35.8473 67.5727 0.6885 -0.199258 0 -4.5 0 -0.0756221 0.257185 73 73 255
-37.7249 66.3633 22.3554 0.285566 0 -0.9 0 -0.515117 0.449527 4 4 255
-28.663 63.6263 0.23425 0.248008 0 -3.5 0 -0.682628 -0.151388 106 106 255
-11.7141 39.6888 16.2173 -0.407717 -0.342928 -3.95818 0 0.623235 -0.565579 160 160 255
-42.0325 37.1691 20.0005 -0.173726 0 -1.3 1 0.27958 0.933732 255 24 24
-23.9329 61.6526 2.37825 -0.648327 -0.54601 -3.5 0 0.995118 0.0477894 49 49 255
-18.1844 21.4996 10.343 -0.215097 0 -3.5 0 -0.161785 -0.916436 82 82 255
-30.672 35.5199 5.89563 -0.700478 0 -3.5 0 -0.332526 -0.891721 82 82 255
-38.924 26.2031 14.3403 -0.223172 -0.630469 -1.6 1 -0.867811 -0.34441 255 66 66
-13.2271 54.676 15.1023 1.51447 0.914196 -4.5 0 0.689482 0.185748 1 1 255
-34.7149 49.8896 -2.801 -0.109427 0 1.8 0 -0.204769 -0.914406 255 210 210
-20.5025 42.8315 3.815 -0.0465575 0 3.8 0 0.132009 -0.52905 111 111 255
-33.6565 67.9331 15.8202 0.118795 0 3.8 0 -0.138322 0.954858 20 20 255
-37.4954 42.1138 7.38713 0.884589 0 -0.4 0 0.207808 -0.507399 255 149 149
-31.4435 67.9528 16.6489 0.0261355 0 3.8 0 0.611968 0.785116 118 118 255
-18.2615 51.3683 25.5155 0.477052 0.0561044 -3.5 0 0.0893666 0.895553 98 98 255
-43.765 40.277 27.641 -0.424612 0 -3.5 0 -0.820695 -0.49488 236 236 255
-29.1755 36.7378 33.8462 -0.230558 -0.0902538 -4.33626 0 0.131086 -0.596795 43 43 254
-23.934 26.546 22.3225 -0.587462 -0.00211286 3.88323 0 0.120591 -0.692536 17 17 255
-43.798 42.845 16.3148 0.339566 0 1.9 0 0.229927 -0.641 221 221 255
-31.7345 16.5874 20.2629 -0.16625 0 3.8 0 0.498826 -0.860493 87 87 255
-36.5 18.2957 8.919 2.35608 0 -3.9 0 -0.133663 -0.983837 217 217 255
-40.2441 29.9619 14.4972 0.151239 0 -1.6 1 -0.894943 0.443277 255 32 32
-31.5128 29.3662 27.5338 -0.220595 0 -3.5 0 0.143406 -0.58928 255 241 241
-40.6415 19.8874 17.9727 -2.06031 -0.152447 -3.5 0 -0.500331 -0.82165 255 47 47
-14.919 53.982 7.2595 0.0480803 0 1.8 0 0.581761 -0.777946 94 94 255
-49.9393 46.2505 15.4467 0.995138 0.0596506 1.8 0 -0.601888 -0.786232 96 96 255
-16.5543 25.4615 7.10375 -1.38418 -0.477649 -3.5 0 -0.000810939 -0.125034 70 70 255
-37.2718 50.2209 37.0985 -1.50659 -0.232174 -1.6 0 -0.0836221 0.0523812 21 21 255
-11.4199 38.8148 24.0689 -0.664459 -0.165445 -3.5 0 0.139213 -0.989825 35 35 254
-12.9487 51.318 20.5308 1.15091 0 -3.9 0 0.580841 0.767967 16 16 255
-15.2308 31.8866 4.08687 0.829137 0.343165 -4.5 0 -0.915065 0.253907 35 35 255
-12.5843 55.091 13.4805 0.780756 0.660017 -4.5 0 0.957036 0.0287567 2 2 255
-49.2967 57.9344 26.3505 -1.67961 -0.809302 -0.8 0 -0.886194 -0.265808 185 185 255
-15.3308 34.9552 21.2868 -0.46105 0 -4.5 0 0.390606 0.46308 3 3 255
-44.7697 36.3759 19.8874 -0.92708 -0.416197 -1.3 1 -0.896494 0.100647 255 53 53
-33.5412 14.7723 22.3018 0.487882 0.000817785 -4.5 0 -0.270535 -0.862267 153 153 255
-23.735 43.9461 1.72287 0.161393 0 2.8 0 0.526218 -0.606528 21 21 255
-15.6425 58.0653 14.2397 -0.0373181 -0.0313901 -0.413424 0 0.485799 0.232677 7 7 255
-29.6222 67.2985 1.62175 0.0702939 0 -4.38944 0 0.029055 0.328557 153 153 255
-35.9175 29.304 28.4384 -0.445547 0 4.2 0 -0.406814 0.154744 255 62 62
-12.6645 45.4469 8.66562 -0.929621 -0.825824 -3.5 0 0.612668 0.479901 96 96 255
-37.8105 48.1445 36.1245 -0.470735 -0.233313 0.0726567 0 -0.0322928 -0.258034 14 14 255
-15.3106 30.2196 4.14738 0.485109 0.164676 -4.5 0 -0.878861 -0.431312 54 54 255
-31.3919 66.4313 7.19525 -0.744786 0 -3.71117 0 -0.205034 0.0439512 47 47 255
-36.7936 30.4504 7.73863 0.255094 0 -4.32055 1 -0.0865324 -0.992974 255 35 35
-37.6457 45.4688 3.8055 0.135685 0 -4.5 0 -0.464162 -0.494253 140 140 255
-33.971 15.9928 20.9527 0.235461 0.602871 -2.4866 0 -0.220095 -0.884016 166 166 255
-28.285 59.9525 26.755 0.812577 0.110298 -3.5 0 -0.34918 0.843673 2 2 255
-26.64 22.1127 11.491 -1.45403 -0.683331 -3.5 0 -0.508846 -0.715059 63 63 255
-48.1971 54.8344 25.0094 -0.359819 0 1.56372 0 -0.875261 0.290005 203 203 255
-16.4902 36.0327 21.667 -0.0981104 -0.147686 1.8 0 0.761168 -0.0393707 4 4 255
-11.0147 36.635 6.07375 0.558941 0 -4.5 0 0.991108 -0.087943 21 21 255
-16.5239 23.5349 7.28687 -0.223994 0 -3.5 0 0.332371 -0.428633 103 103 255
-42.2456 48.5484 34.4026 0.588033 0 -1.6 0 -0.976606 -0.0908274 16 16 255
-6.53937 30.1221 18.8175 -1.52576 -0.567658 1.8 0 0.789104 -0.452354 49 49 255
-43.1082 46.9383 7.57237 0.344512 0 -1.6 0 -0.867404 0.199918 255 115 115
-9.23162 39.8609 7.32688 1.18439 0.720406 1.8 0 0.950198 -0.28604 22 22 255
-35.3088 37.6325 18.8503 0.559121 -0.445079 -0.8 1 -0.922369 0.0642467 255 11 11
-45.2433 44.059 32.393 0.0199957 0 -4.5 0 -0.993411 -0.0867438 25 25 255
-15.0527 55.4444 5.253 0.045628 0 1.8 0 0.495168 -0.462174 52 52 255
-12.6516 43.0794 7.52262 -0.586216 -0.086301 -2.15533 0 0.516757 0.451832 58 58 255
-36.0974 55.4836 -2.69462 0.121047 0 -1.6 0 -0.720641 0.494588 255 150 150
-10.4345 37.6864 7.77987 0.897041 0.853308 -4.20038 0 0.779997 -0.469508 31 31 255
-22.9272 53.7125 1.57687 -0.496018 0 -2.4933 0 0.515398 0.579619 27 27 255
-42.4234 48.4344 7.17637 -0.104578 0 -0.91429 0 -0.996169 0.0870056 255 201 201
-20.3139 52.2939 24.0455 0.818279 0.55338 -0.8 0 0.951374 0.134962 255 217 217
-40.6932 23.2275 17.2055 -1.19866 0 -3.5 1 -0.878654 0.461514 255 43 43
-15.4564 40.4305 1.17288 1.09062 0 -4.5 0 0.0451449 0.24503 29 29 255
-4.20975 47.011 12.7183 -0.474662 -0.124628 -3.5 0 0.560449 0.15641 13 13 255
-34.505 53.0189 34.2311 0.249225 0 -0.4 0 0.329953 0.843423 10 10 255
-13.3468 58.131 9.89637 0.120469 0 -0.8 0 0.96511 0.183443 33 33 255
-14.4338 25.8633 9.01225 -1.32232 -0.0192256 -3.5 0 0.953622 0.0603895 96 96 255
-9.91663 28.2001 15.5134 0.0439038 0 -0.4 0 -0.120983 -0.652106 103 103 255
-31.1325 69.5496 2.11025 0.10791 0 -4.5 0 0.338558 0.782776 103 103 255
-44.5526 66.812 13.1587 -0.0511737 0 3.8 0 -0.287077 0.889565 61 61 255
-49.987 47.3493 12.452 0.208185 0 1.8 0 -0.315679 -0.380664 113 113 255
-18.7969 54.707 -4.299 2.77734 0.356147 -3.9 0 0.889688 0.427204 73 73 255
-41.7715 31.7899 25.452 -1.37359 0 -3.5 0 -0.78878 -0.022496 255 17 17
-35.3631 71.1195 7.58612 0.548931 0.534999 -3.5 0 0.0290924 0.381674 11 11 255
-31.8174 66.6709 1.104 0.628002 0 -4.5 0 0.174692 -0.208315 150 150 255
-34.18 39.2341 37.7663 0.409084 0.846637 -4.5 0 -0.489707 -0.644365 19 19 255
-11.4148 36.5245 4.6085 0.443223 0.0925428 -4.5 0 0.956938 -0.222857 14 14 255
-43.0596 40.1054 26.811 -0.241185 0 -3.5 0 -0.323756 -0.680293 255 194 194
-50.4056 52.6699 12.7735 -1.86588 -0.817371 -3.5 0 -0.93681 0.308365 26 26 255
-28.969 28.2445 25.8 -0.366472 0 -3.5 0 0.102204 -0.832256 165 165 255
-13.7983 56.3553 7.99075 0.0341166 0 1.8 0 0.924652 0.251366 73 73 254
-13.8905 64.8698 11.4535 0.688718 0.245075 -4.5 0 0.586217 0.126887 17 17 255
-22.4648 59.0308 2.09525 -1.34636 0 -3.5 0 0.618382 0.305903 35 35 255
-43.062 39.0423 29.4123 -1.59272 0 -3.5 0 -0.431678 -0.900493 250 250 255
-19.9322 55.1157 20.2847 0.254463 0 1.8 0 0.170273 0.897349 234 234 255
-22.046 28.8685 9.981 0.184229 0 -0.4 0 0.00688312 -0.137302 56 56 254
-9.995 25.9145 17.026 -0.471227 0 -0.4 0 0.541952 -0.78738 50 50 255
-27.5597 38.5402 34.6167 -0.595556 -0.12667 -3.5 0 0.0823222 -0.189525 58 58 255
-27.539 55.343 -3.84212 1.04425 0 -1.69066 0 -0.681925 0.42488 114 114 255
-39.9359 52.6377 34.0276 0.249162 0 -1.6 0 -0.0773 0.995612 14 14 255
-37.0448 46.7245 36.0462 -0.168019 0 0.219095 0 0.094028 0.137067 9 9 255
-37.435 36.685 13.865 0.131907 0 4.2 1 -0.816786 -0.101897 255 7 7
-9.49225 39.012 11.9447 -0.285567 0 -0.8 0 0.818494 0.1482 196 196 255
-19.4872 51.9258 4.8875 -0.111424 0 3.8 0 0.873302 0.0922721 123 123 255
-48.8749 52.6744 10.4812 0.145537 0 -3.5 0 -0.295438 0.669839 31 31 255
-37.3643 41.698 15.4893 1.2687 0.864756 -0.7 1 -0.516166 -0.806146 255 21 21
-38.1945 67.1345 21.478 0.689064 0 -2.33866 0 -0.286858 0.31842 11 11 255
-40.6712 46.9593 4.7945 -0.353171 0 -0.648088 0 -0.409036 -0.641692 206 206 255
-26.0239 41.8024 1.54 -0.111221 0 4.2 0 0.317916 0.235049 25 25 255
-25.452 38.4435 33.0073 -0.109762 0 -3.5 0 0.586024 -0.100802 111 111 255
-26.2582 62.1838 6.76075 -0.69538 0 -4.5 0 0.0550825 0.909228 141 141 255
-34.0757 38.9193 35.8843 0.195671 0.106234 -4.5 0 -0.439286 -0.834155 21 21 255
-23.3468 35.1606 3.35562 0.0136499 0 -3.5 0 0.12592 -0.902451 21 21 255
-21.4412 48.1548 31.3115 0.493667 0 -4.5 0 -0.233534 0.360416 91 91 254
-23.0716 64.6507 14.6757 -0.99159 -0.55646 -0.7 0 -0.086104 0.919843 255 247 247
-30.3015 59.3374 29.4961 -0.00627463 0 -3.5 0 0.555431 0.529504 0 0 255
-39.882 45.6744 36.7892 -0.0637608 0 3.8 0 -0.367164 0.39999 8 8 255
-44.5971 58.0911 13.8701 0.110662 0 -3.5 0 -0.336128 0.020883 9 9 255
-14.1566 25.6141 10.3647 -2.49744 -0.0582317 -3.5 0 0.996559 0.0314087 82 82 255
-30.3284 63.142 11.4769 -0.813683 -0.96479 -0.7 0 0.0119237 0.726025 16 16 255
-32.3915 49.1333 -0.206875 -0.174406 -0.0186931 3.53352 0 -0.473063 -0.617018 233 233 255
-34.4786 22.573 9.3255 0.121556 0 -3.9 1 0.0127775 0.404519 233 233 255
-38.0604 26.9839 26.445 -0.48541 -0.382956 4.04028 0 -0.805211 -0.119412 255 122 122
-36.3645 37.4425 17.5648 0.473061 0 -0.8 1 -0.888201 0.237265 255 14 14
-27.016 62.6587 6.202 -0.411837 0.00810811 -4.5 0 0.0773555 0.774769 204 204 255
-22.4259 35.9938 3.00887 0.0680937 0 -3.5 0 0.714641 -0.523836 12 12 255
-15.8024 53.1595 29.442 0.874455 0.449917 -3.5 0 -0.124973 0.964966 42 42 255
-37.273 20.635 7.938 2.76527 0 -3.9 1 -0.67896 0.182222 255 253 253
-34.7277 62.8861 27.2036 0.0760074 0 -4.5 0 0.469871 0.88257 1 1 255
-39.0721 38.0109 8.26087 -1.07138 -0.223931 -4.5 0 -0.895465 -0.426162 255 74 74
-14.3629 64.6964 14.4901 -0.0170149 0 -4.5 0 0.292699 -0.528961 10 10 255
-22.3636 55.589 -3.5745 0.702072 0.493302 -3.62358 0 0.458436 0.641248 56 56 255
-35.2325 65.5205 23.3075 0.0104028 0 -0.9 0 0.34632 0.388204 1 1 255
-39.8936 41.3107 23.4435 0.00912189 0 -0.4 1 -0.554549 -0.827181 255 42 42
-36.8304 53.1992 -3.21525 0.848848 0.260027 -0.276574 0 -0.846178 0.4269 255 243 243
-30.6292 51.2808 -6.57613 0.0433002 0 -0.4 0 0.115528 0.188132 255 207 207
-46.959 47.3758 21.983 -0.266604 -0.48832 1.8 0 -0.263951 -0.592287 255 234 234
-12.6692 35.266 8.7795 0.202742 0 -4.5 0 0.0673943 -0.755097 36 36 255
-33.4206 15.906 26.7218 1.01632 0.371418 -4.5 0 -0.120586 -0.234109 255 145 145
-48.156 62.8032 22.6628 -0.28151 -0.431917 -0.8 0 -0.891753 0.148975 4 4 255
-16.5605 21.986 20.226 0.326343 0 -4.5 0 0.605078 -0.500592 9 9 255
-12.0439 32.1124 21.8679 -0.0134653 0 -4.5 0 0.555411 0.462012 4 4 255
-48.1805 49.8764 9.942 0.8217 0.740303 -3.5 0 0.247179 -0.520786 87 87 255
-14.2142 35.241 10.6535 -0.738671 -0.997177 -0.8 0 0.14491 -0.903972 79 79 255
-47.4098 63.9608 14.7373 -0.278126 0 3.8 0 -0.831301 0.180472 28 28 255
-50.9316 49.284 24.3965 -1.83924 -0.0896243 -1.6 0 -0.927433 -0.373576 113 113 255
-9.3325 40.9292 16.3319 -1.38963 -0.800107 -4.5 0 0.69944 -0.410402 42 42 255
-28.3944 48.0884 -2.35275 0.358454 0 -2.77084 0 -0.647093 -0.537863 203 203 255
-11.6634 29.9186 5.86613 -0.0990702 0 -4.5 0 0.316601 -0.725685 62 62 255
-30.2991 18.791 31.5649 -0.882721 -0.604681 -3.5 0 -0.014319 -0.44721 126 126 255
-49.6075 53.2487 13.5989 -1.04199 -0.0803317 -3.5 0 -0.419564 0.860732 19 19 255
-19.764 55.5074 -3.879 3.38328 0.143583 -3.9 0 0.37117 0.925954 66 66 254
-11.9675 29.3135 4.5885 0.435234 0.228775 -4.5 0 0.149502 -0.968865 49 49 255
-18.423 38.8359 3.4235 0.167766 0 -4.5 0 -0.658671 -0.256312 7 7 255
-35.1335 40.6031 37.7412 0.279592 0.552248 -4.5 0 -0.523959 -0.442309 14 14 255
-11.3567 44.457 27.6383 0.0777901 0 -3.5 0 0.573625 0.137682 16 16 255
-36.9053 36.8158 16.0841 0.154018 0 -0.8 1 -0.978735 0.0623146 255 13 13
-34.0752 43.5467 32.5067 0.014984 0 -4.5 0 -0.0882624 0.793622 8 8 255
-27.3524 46.6143 -4.0225 0.039113 0 -3.5 0 -0.847913 -0.319002 157 157 255
-23.3027 48.196 31.5724 0.393589 0.352565 -4.5 0 0.537489 0.321439 81 81 254
-31.605 38.053 4.53825 -0.305211 0 -3.5 0 -0.684379 -0.154819 65 65 255
-12.9399 64.824 12.8124 1.0222 0.680759 -4.5 0 0.91044 -0.409872 11 11 255
-11.5153 48.7912 9.75875 -1.39974 -0.357177 -0.7 0 0.781289 0.319637 31 31 254
-8.09937 35.5806 14.5444 -0.200967 0 -3.5 0 0.830456 0.556847 255 154 154
-30.9355 28.0114 11.5446 -0.0393822 0 3.89416 0 0.327574 0.115638 255 179 179
-36.4132 51.772 36.7961 -0.0360585 0 -0.4 0 -0.298379 0.53647 15 15 255
-22.3005 17.124 12.8965 0.182364 0 -3.9 0 0.57639 -0.736615 13 13 255
-34.1536 66.6569 0.77275 0.365826 0 -4.5 0 0.198643 0.0370402 118 118 255
-27.8595 64.2897 11.9685 -0.983785 -0.421545 1.68685 0 -0.176181 0.734778 22 22 255
-23.2941 47.276 2.47525 -0.319192 0.0451701 2.62637 0 0.952009 -0.140004 32 32 255
-46.8601 66.6182 15.6047 -0.0734766 0 3.8 0 -0.813252 0.580894 11 11 255
-24.9485 23.094 7.931 -2.07538 -0.26547 -3.5 0 0.345748 -0.330626 160 160 255
-43.7475 42.9717 20.2085 0.903963 0 1.9 0 -0.172462 -0.802269 240 240 255
-14.6934 55.3194 15.3716 0.549507 0 -4.5 0 0.157846 0.556667 1 1 255
-36.748 52.573 34.455 0.205505 0 -0.4 0 -0.344939 0.938542 12 12 255
-22.9691 59.2257 26.5189 -1.36771 -0.116718 -3.5 0 0.944838 -0.190068 240 240 255
-28.4154 20.224 31.8465 0.576047 0.658361 -3.5 0 0.795403 -0.0812652 190 190 255
-28.5268 64.8712 5.823 -0.640555 -0.02719 -0.984214 0 0.712384 -0.090157 159 159 255
-25.2146 23.8978 22.4619 -0.296019 0 4.5 0 0.543214 -0.233256 14 14 255
-18.4776 50.702 24.4359 0.177038 0 -3.5 0 -0.113027 0.832781 95 95 254
-13.4116 39.0075 24.0064 -0.255788 -0.102226 1.32869 0 0.10884 -0.968113 31 31 255
-29.4335 70.2087 7.121 -1.85072 -0.766137 -4.5 0 0.401479 0.897799 87 87 255
-39.7635 71.8457 12.082 -1.48792 -0.453316 -3.5 0 -0.459127 0.876895 4 4 255
-14.8895 36.383 20.476 -0.495426 0 1.8 0 0.4146 0.000749341 4 4 255
-16.119 35.2755 10.4355 -0.235558 0 3.65589 0 0.274525 -0.827187 92 92 255
-14.9921 42.2868 30.2493 0.0697016 0 1.8 0 0.699331 0.0687145 82 82 255
-46.3703 45.5235 21.735 0.564277 0 -4.5 0 -0.704514 -0.267127 255 239 239
-46.0924 50.7795 27.2003 -0.100147 0 -0.7 0 0.0510892 -0.249846 148 148 255
-30.2577 46.9147 35.8618 0.665395 0.0719761 1.8 0 0.156956 -0.195769 13 13 255
-26.7547 24.2833 8.56162 -1.29567 -0.00584052 -3.5 0 -0.659019 -0.230036 137 137 255
-36.2627 38.3656 16.3706 1.04283 0 -0.8 1 -0.941399 0.315336 255 8 8
-17.544 50.48 21.517 1.25042 0.744578 -3.9 0 -0.695647 0.468659 55 55 255
-30.3404 15.0634 26.4721 1.13705 0 -4.5 0 0.236473 -0.540206 67 67 255
-19.594 45.7552 32.5382 0.515571 0.00660996 -4.5 0 -0.0199762 -0.489189 98 98 255
-38.695 68.454 17.598 0.374453 0 -3.5 0 -0.385816 0.779394 34 34 255
-40.3158 59.8469 25.0793 -0.701709 -0.565124 -0.98989 0 -0.316616 0.856178 52 52 255
-9.039 36.761 10.6685 -0.1552 0 -0.8 0 0.599914 -0.794519 125 125 255
-14.8193 34.4007 4.59925 0.485338 0.0346424 -4.5 0 -0.757138 0.00203517 29 29 255
-18.2226 44.9971 9.23013 -0.347567 -0.470222 3.8 0 -0.136435 -0.0325713 255 235 235
-20.8134 29.3831 10.1259 0.0584226 0 -0.264515 0 -0.146863 -0.154607 80 80 255
-30.5199 41.8555 3.36475 -0.740987 -0.0198645 2.79095 0 -0.000780412 0.151477 129 129 255
-42.5979 49.573 4.07737 -0.156298 -0.274269 -0.8 0 -0.912082 0.0465361 153 153 255
-37.4132 32.2851 13.0892 0.0755669 0 -0.371298 1 -0.797297 0.579628 255 55 55
-40.5576 62.5004 23.8048 -1.45667 -0.923629 -3.5 0 -0.368096 0.822739 29 29 255
-27.116 65.3473 13.7691 -1.20096 -0.773797 3.29827 0 -0.373821 0.919558 103 103 255
-35.3099 59.729 28.8709 0.0401414 0 -3.5 0 -0.0629479 0.149994 21 21 255
-40.963 66.695 20.7092 0.0926291 0 -3.9 0 -0.61804 0.425109 38 38 255
-11.6906 37.4699 16.5317 -0.512869 0 1.8 0 0.76024 0.569318 227 227 255
-24.0145 15.7355 20.008 -0.201677 0 -3.2 0 0.200025 -0.783668 7 7 255
-37.8483 45.7845 36.574 -0.133181 0 3.8 0 0.297735 0.385461 8 8 255
-23.0387 54.8618 24.7717 0.390417 -0.0755484 -0.709681 0 0.733121 0.60262 228 228 255
-29.6119 42.1029 37.3187 0.561018 0 -4.5 0 0.607757 0.0915737 29 29 255
-42.9207 56.1409 30.2904 -1.84459 -0.303289 -3.5 0 -0.427502 0.790576 41 41 255
-32.6866 46.7496 29.0351 0.0435272 -0.15978 -3.75398 0 -0.583087 -0.380554 11 11 255
-44.354 56.5711 13.7 0.181368 0 -3.5 0 -0.548165 0.281124 14 14 255
-33.4414 30.646 10.618 0.271652 0 1.9 0 0.542156 -0.261898 255 23 23
-33.5954 25.9516 10.7277 0.0788908 0 4.2 1 -0.425499 -0.123466 255 92 92
-27.9848 46.2525 1.28025 0.384344 0.384509 4.18414 0 -0.233181 -0.809118 148 148 255
-10.29 29.3697 22.5977 -0.578429 0 -3.5 0 -0.0248307 -0.262214 2 2 255
-8.47987 27.4214 19.6047 -0.772921 -0.295192 -0.814415 0 0.559504 -0.753627 30 30 255
-40.814 61.3848 28.22 -0.301262 0 -4.5 0 -0.429192 0.537328 30 30 255
-26.892 63.2176 11.025 -0.652618 -0.335718 2.03495 0 -0.229293 0.70516 25 25 255
-10.9307 39.6621 2.78025 1.25579 0.658827 -4.5 0 0.783644 0.327485 14 14 255
-14.8896 26.7275 8.16613 -2.05227 -0.629279 -3.5 0 0.762204 0.562714 65 65 255
-39.6442 39.5342 35.7007 -1.84036 -0.855602 -3.5 0 -0.054114 -0.622774 15 15 255
-27.1787 61.6497 8.35513 -1.22798 -0.0754783 -4.26028 0 -0.087725 0.995186 154 154 255
-39.2076 34.0955 18.078 0.0851219 0 -1.3 1 0.365985 0.403175 255 25 25
-20.68 49.2547 6.195 0.0570954 0 3.63241 0 0.545283 -0.759366 255 195 195
-43.4026 55.6372 10.6694 -0.00290641 0 -3.03862 0 -0.786262 0.320061 27 27 255
-17.218 53.04 29.2265 0.412145 0 -3.5 0 -0.161201 0.979332 46 46 255
-51.008 52.7578 15.7535 -0.32889 0 -3.5 0 -0.739999 0.346746 14 14 255
-19.197 44.042 9.23675 -0.239037 -0.0196975 3.8 0 0.263454 0.454483 206 206 255
-31.9317 64.7471 19.5855 0.0951445 -0.0562618 -0.72167 0 0.518591 0.691622 16 16 255
-25.0786 46.244 -1.304 0.0397825 0 0.713107 0 0.628437 -0.766826 25 25 255
-17.6385 61.3582 15.2673 0.295899 0 -4.5 0 0.5267 0.286302 66 66 255
-16.155 35.4222 8.21875 -0.31597 0 -2.44822 0 0.0759414 -0.976011 55 55 255
-48.7863 61.6499 22.7555 -1.55427 -0.0350456 -0.8 0 -0.85166 0.384293 5 5 255
-6.99075 33.1772 20.1545 -0.3034 0 1.8 0 0.654584 0.222024 27 27 254
-37.8444 20.803 25.6098 -1.20442 -0.804827 -3.5 1 -0.686902 0.433859 255 44 44
-21.7162 34.4554 31.509 0.251628 -0.102262 0.792274 0 -0.213949 -0.491069 34 34 255
-42.2055 53.9454 5.18013 -0.0440081 0 4.2 0 -0.975662 0.216267 191 191 255
-36.3751 70.3306 2.87913 0.609685 0.749803 -4.5 0 -0.22265 0.95973 47 47 255
-31.6841 52.9827 -5.52037 -0.841454 -0.305765 0.89638 0 0.361228 0.692658 255 172 172
-24.7349 59.0568 22.0802 0.16013 0 1.8 0 0.652479 0.757526 255 129 129
-11.898 39.7173 1.72825 0.120001 0 -4.5 0 0.540092 0.0925875 23 23 255
-48.7243 59.2775 22.4356 -0.199799 -0.546149 -1.61588 0 -0.962288 0.101721 13 13 255
-52.0289 51.6418 19.8631 -2.5295 -0.619482 -3.5 0 -0.857257 0.062904 108 108 254
-37.9765 21.6909 22.8655 -0.86422 -0.228792 1.00428 1 -0.908321 0.411745 255 86 86
-35.3503 18.7768 12.2317 -0.477989 0 -3.9 0 -0.194654 -0.975924 218 218 255
-24.1049 54.6051 -6.53119 0.468999 -0.0318227 -3.5 0 0.432797 -0.0801969 60 60 255
-31.0754 13.4991 16.9136 -0.676722 -0.37224 1.8 0 0.179323 -0.914546 39 39 255
-33.2536 36.6596 5.43813 -0.80755 0 -4.02704 0 0.151779 -0.0185509 237 237 255
-14.6645 51.624 30.8451 -0.143306 0 -3.5 0 0.366482 0.26125 71 71 255
-27.261 37.7821 1.68938 -0.754219 -0.377843 -3.5 0 -0.31257 -0.192423 44 44 255
-13.678 41.133 28.7595 -0.535906 0 1.8 0 0.906447 -0.129918 46 46 255
-21.0315 62.984 16.2595 0.147319 0 -0.7 0 0.63768 0.672759 211 211 255
-17.2546 35.4437 27.0244 -1.02383 -0.209828 4.2 0 0.96019 0.188256 48 48 255
-38.8106 31.2246 5.87838 0.45433 0.248031 -4.5 1 -0.70146 -0.595829 255 53 53
-38.6666 37.5591 26.3011 -0.32733 0 -0.929224 0 -0.902059 0.431607 255 50 50
-26.7913 40.7723 35.0143 -1.03873 -0.626391 -3.5 0 0.148776 -0.364953 142 142 255
-7.812 44.2567 12.021 -0.228648 0 -3.5 0 0.297314 -0.598185 37 37 255
-16.4583 21.8305 15.7075 0.497802 0 -4.5 0 0.63001 -0.733721 33 33 255
-31.2407 63.0153 22.648 0.901263 0.327906 -2.57994 0 0.339474 0.897188 2 2 255
-44.2378 37.5749 21.5491 0.762762 0.552886 -1.3 1 -0.36416 0.870184 255 22 22
-29.1734 17.0075 27.1339 0.090442 0 -4.5 0 0.60755 -0.230954 65 65 254
-11.0895 35.4453 5.49175 0.334728 0 -4.5 0 0.854396 -0.274681 26 26 255
-42.0535 33.5715 24.8856 -2.08572 -0.245633 -3.5 1 -0.922771 0.138553 255 14 14
-11.233 30.9239 6.44725 0.639438 0 -4.5 0 0.577454 -0.414682 48 48 255
-29.614 40.9715 2.815 -0.753197 0 4.2 0 -0.576192 0.0935355 51 51 255
-11.5609 49.3945 11.219 -0.178792 0 -0.8 0 0.639497 0.713639 14 14 255
-45.4655 48.6188 24.3895 -0.58781 0 -0.557411 0 -0.746234 -0.649685 255 235 235
-18.4172 50.569 31.7816 -0.735027 -0.498861 -3.5 0 0.201375 0.114264 115 115 254
-19.78 19.648 13.991 0.373627 0 -3.9 0 0.611957 -0.615811 13 13 255
-33.2603 24.1345 29.684 -1.80031 -0.379308 -3.5 0 0.105425 0.497531 255 161 161
-40.7415 22.145 15.7951 -2.66762 -0.560809 -3.5 0 -0.86435 -0.0696517 255 42 42
-32.3427 14.0702 17.8541 0.00302827 0 1.8 0 0.0688589 -0.633843 38 38 255
-8.306 32.0742 22.1124 -1.9524 -0.568739 -3.5 0 0.528102 0.619601 4 4 255
-45.3876 54.4224 27.505 -0.940819 -0.482335 -3.16865 0 -0.279324 0.104347 89 89 255
-25.6394 15.5589 19.6135 -0.272191 0 -3.2 0 -0.242903 -0.889492 10 10 254
-19.361 47.9922 32.1469 0.460445 0 -4.5 0 0.0350821 0.485092 128 128 255
-39.3501 33.4964 5.73187 0.0208087 0 -4.5 0 -0.81104 0.418528 255 91 91
-29.8419 50.3024 34.5425 0.292842 0 1.8 0 -0.31914 0.866629 16 16 255
-35.846 25.7285 27.098 -1.0462 0 3.8 1 -0.144431 -0.127313 255 96 96
-43.068 33.8517 19.1437 -0.222271 0 -1.3 1 -0.715957 -0.695311 255 51 51
-51.4232 49.154 20.2973 -0.00431962 0 -0.8 0 -0.767012 0.0816084 200 200 255
-20.2469 51.6209 0.277 0.0224356 0 -3.9 0 0.867022 0.0190589 17 17 255
-32.1538 49.6811 36.5926 -0.597953 -0.771195 -0.4 0 0.545478 0.0822142 16 16 255
-23.3374 23.0968 9.62938 -0.691598 0 -1.13202 0 0.253814 -0.227865 118 118 255
-15.5013 36.7625 3.31288 0.829877 0.700643 -4.5 0 -0.624499 -0.76556 12 12 254
-28.6248 64.1756 18.3046 0.127399 -0.140862 1.8 0 0.302376 0.942228 255 242 242
-18.6699 60.3414 7.55375 -0.958661 0 -3.5 0 0.209748 0.846121 105 105 255
-38.0635 20.9037 12.7604 -0.0294906 0 -3.9 0 -0.931071 -0.356197 255 101 101
-44.9564 46.8102 25.491 1.09716 0 -0.4 0 -0.953411 -0.279203 188 188 255
-41.7919 42.3045 8.65325 0.51423 0 -1.6 0 -0.47981 -0.768197 255 82 82
-12.6023 55.8476 12.2946 0.916028 0.305632 -4.5 0 0.926428 0.37203 7 7 255
-43.6496 56.429 27.9666 -1.16373 -0.376061 -0.8 0 -0.329279 0.460936 87 87 254
-10.9225 46.0495 22.4031 0.293991 0.681212 -4.33671 0 0.994988 -0.0886007 1 1 255
-35.5062 53.153 -5.46362 0.102897 0 1.8 0 -0.258261 0.915941 136 136 255
-11.1088 39.6396 26.1437 -1.517 -0.158661 -3.5 0 0.379987 -0.460177 48 48 255
-9.392 41.6514 13.5206 -0.484746 -0.346179 -3.12864 0 0.753874 -0.656933 100 100 255
-9.22625 42.4111 24.9341 0.149489 0 -3.5 0 0.972585 0.232536 9 9 255
-42.5308 62.5218 5.8805 3.97274 0 -0.8 0 -0.474211 -0.879662 255 230 230
-36.402 70.1204 7.95294 0.365325 0.312031 -3.5 0 -0.62269 0.482769 50 50 255
-35.3382 62.8544 24.0613 -0.0013557 0 -2.3747 0 0.502748 0.737822 1 1 255
-28.4247 16.8692 24.5452 0.222199 0 -4.5 0 0.954327 -0.276975 19 19 255
-11.6794 46.6409 25.7264 0.22249 -0.37105 -3.96381 0 0.749453 0.572257 6 6 255
-44.5428 65.0157 5.9315 0.401429 0 -0.8 0 -0.917508 -0.393592 217 217 255
-28.5255 66.003 6.8715 -2.1306 -0.350173 -4.5 0 0.788106 -0.485408 112 112 255
-40.6345 62.7191 30.2598 0.516158 0.790146 -4.5 0 -0.128005 0.917983 44 44 255
-35.9816 52.4025 -6.85463 0.0385174 0 1.8 0 -0.441608 0.576213 85 85 254
-21.9964 63.9401 9.17625 -0.140426 0 3.8 0 0.338033 0.666835 178 178 255
-29.9271 18.3966 28.9339 -0.439424 0 -3.5 0 0.740027 -0.661357 255 229 229
-11.1426 49.8059 14.2124 0.498398 0 -0.8 0 0.4536 0.889923 3 3 255
-38.076 35.8075 23.4429 -0.0018662 0.0170484 -1.01538 1 -0.397142 0.860312 255 11 11
-36.3167 33.1715 30.4275 -2.70269 -0.494825 -3.5 0 -0.764091 -0.641716 240 240 255
-20.4877 27.352 24.5319 0.0143455 0 0.678494 0 0.122616 -0.971617 26 26 255
-37.2077 38.981 32.5491 -0.877909 0 -3.5 0 -0.551023 -0.789226 106 106 255
-26.1056 28.8787 26.9254 -0.386826 0 -1.87839 0 -0.43759 -0.86952 46 46 255
-36.426 22.8923 26.701 -1.33025 -0.122344 -3.5 1 -0.814496 0.104242 255 77 77
-14.7732 58.9608 13.8717 -0.949609 -0.284147 -0.8 0 0.511444 0.385604 10 10 255
-42.668 52.737 31.949 -1.17455 -0.136992 -3.5 0 -0.425202 -0.00852405 19 19 255
-15.3042 32.9087 4.47475 1.04428 0.833552 -4.5 0 -0.684466 0.287808 26 26 255
-33.0424 68.5891 5.54588 0.308767 0.251253 -4.12959 0 -0.28916 0.747674 52 52 255
-40.5423 48.9118 36.3688 0.137246 0 -1.6 0 -0.171218 -0.233042 9 9 255
-13.8679 59.6191 9.68544 0.122115 0 -0.8 0 0.900114 0.248681 33 33 254
-23.4225 50.7529 32.779 0.563494 0 -4.5 0 0.668918 -0.115767 32 32 255
-14.3174 57.5684 13.7594 -0.552803 -0.267315 -0.8 0 0.605889 0.130063 4 4 255
-46.0744 64.8795 22.7784 0.747134 0.144327 -0.8 0 0.327278 0.715316 2 2 255
-27.5379 66.9648 1.10925 -0.377914 -0.0673854 -3.5 0 0.124899 0.643 102 102 255
-50.8179 52.485 25.8622 0.0545429 0 -1.6 0 -0.948308 0.212199 203 203 255
-49.384 56.7324 21.7105 -1.24675 -0.795191 -3.5 0 -0.838403 -0.423298 50 50 255
-32.4259 18.7178 29.4338 -0.0265044 -0.603978 -3.5 0 -0.604039 -0.795071 255 171 171
-16.785 53.1833 15.6733 0.735769 0.936127 -4.5 0 0.160586 0.309423 2 2 255
-44.4786 46.1517 23.907 0.638474 0.0194839 -0.4 0 -0.789832 -0.580616 255 231 231
-40.1147 50.2948 2.045 -0.447744 0 -0.8 0 0.0926875 -0.206179 245 245 255
-30.965 48.7986 -5.09363 0.304139 0 -0.4 0 0.0681401 -0.958916 255 227 227
-32.3566 24.7571 28.2674 -1.11512 -0.0644165 -3.5 0 0.456976 0.634419 255 168 168
-37.8592 39.3773 28.1089 0.0803847 -0.0744139 -3.0586 0 -0.629717 -0.660736 255 139 139
-37.2175 62.3317 0.19775 -2.11607 -0.273533 -3.5 0 0.297528 -0.361785 164 164 255
-31.7882 57.4098 -1.1905 -0.0502059 0 -0.9 0 -0.436343 0.716489 255 190 190
-32.1519 27.5885 25.8429 -0.860373 -0.153286 -3.5 0 0.455006 -0.321665 255 120 120
-37.4372 24.1691 21.3385 -0.307736 0 3.8 1 -0.956516 0.283109 255 89 89
-25.1408 22.0605 10.2843 -0.639571 -0.371157 -2.97942 0 -0.208328 -0.798227 122 122 255
-9.26925 45.0518 18.5438 0.375119 0 -4.5 0 0.873895 -0.0986366 1 1 255
-5.75575 47.9002 12.5162 0.0110824 0 -3.5 0 0.179252 0.489874 7 7 255
-24.3225 19.121 10.8822 0.403041 0 -3.9 0 0.220001 -0.122946 45 45 255
-49.2251 45.6261 19.8315 1.16868 0.376181 1.9 0 -0.335517 -0.802708 211 211 255
-23.6677 48.1675 -3.6165 -0.608836 -0.0773504 -3.5 0 0.773891 -0.396323 5 5 255
-44.9814 42.224 16.4522 0.313668 0 1.9 0 -0.139073 -0.909969 191 191 255
-17.0965 32.362 29.1928 -0.0729854 0 -0.4 0 0.964288 -0.113098 28 28 255
-24.38 26.5368 9.13025 -0.134196 0 -3.5 0 0.479608 0.347946 99 99 254
-30.8785 17.5348 30.7451 -1.61715 -0.256112 -3.5 0 0.105326 -0.929667 228 228 255
-23.2418 57.933 25.603 -1.60899 -0.0241442 -3.5 0 0.959234 -0.254349 226 226 255
-34.5648 68.492 11.557 -0.504716 0 -3.5 0 0.904231 -0.160497 14 14 255
-15.027 57.7205 6.16913 0.0966383 0 1.8 0 0.563685 0.706797 54 54 255
-25.6521 61.3315 0.468375 -1.01044 -0.841021 -3.5 0 0.0748109 -0.556307 27 27 255
-20.574 53.852 25.1807 0.887149 0.000527499 -0.8 0 0.666642 0.742066 208 208 255
-9.94088 47.413 18.9051 0.713611 0 -4.5 0 0.993337 0.110219 4 4 255
-29.7105 69.5159 7.96375 -2.28793 -0.879275 -4.5 0 0.0834988 0.443642 53 53 255
-11.8875 50.8797 19.6392 1.03107 0.482401 -4.5 0 0.289137 0.956957 8 8 255
-44.8795 61.4603 23.7852 -0.405377 -0.271544 -3.44833 0 0.250178 0.42736 18 18 255
-25.0312 59.1381 1.15638 -0.764695 -0.893941 -3.5 0 0.444691 0.48913 24 24 255
-35.9509 52.9142 35.3645 0.140637 0 -0.4 0 -0.285169 0.940166 10 10 254
-35.2741 21.6721 29.5929 -0.118286 0 -3.5 1 -0.808996 0.0683959 255 82 82
-42.0752 39.2281 28.1879 -1.4221 -0.0285326 -3.5 0 -0.153514 -0.880292 255 191 191
-41.29 32.4415 19.395 -0.151757 0 -1.3 1 -0.770319 -0.591623 255 39 39
-24.3765 14.8945 15.445 0.244974 0 -3.2 0 0.105048 -0.791303 13 13 255
-48.8872 62.2207 18.2542 -0.0860324 0 -3.5 0 -0.586042 0.801751 8 8 255
-24.8646 62.3295 19.0495 0.101135 0 -0.15133 0 0.428993 0.583934 255 117 117
-8.92725 41.5805 15.0034 -0.513781 -0.0576257 -4.5 0 0.854289 -0.518206 47 47 255
-16.0039 36.983 21.2791 -0.210533 -0.106916 1.8 0 0.708767 -0.368085 5 5 255
-36.1823 33.1144 16.9829 -0.645089 -0.0461165 -1.08007 1 -0.890708 0.419618 255 24 24
-32.106 61.6585 25.5885 0.218078 0 -4.5 0 0.163321 0.843821 1 1 255
-32.4679 49.8359 33.5894 0.278608 0 -3.5 0 0.23716 0.819143 16 16 255
-37.7928 44.3242 4.894 0.203483 0 -1.36771 0 -0.205536 -0.584323 172 172 255
-32.6287 32.4618 31.4702 -1.66226 -0.833618 -3.5 0 0.205166 -0.94336 186 186 255
-18.7924 24.4759 8.029 -0.183271 0 -3.5 0 -0.800867 -0.0553082 58 58 255
-50.7505 52.7557 27.2714 0.00708326 0 -1.6 0 -0.887343 0.235667 207 207 255
-36.6104 50.0477 -6.12887 0.02644 0 1.8 0 -0.659851 -0.672931 112 112 255
-45.088 45.5547 27.2216 0.879074 0.0476762 -4.5 0 -0.951581 -0.290186 83 83 255
-50.079 49.7516 26.797 0.237561 0 -1.6 0 -0.509709 -0.766765 163 163 255
-48.4485 62.7603 15.8425 -1.41512 -0.319831 -3.5 0 -0.82961 0.557995 9 9 255
-29.4926 13.6461 16.7599 -1.64441 -0.131035 1.8 0 0.363686 -0.923916 31 31 255
-29.769 57.0775 30.0683 0.173534 0 -3.5 0 0.061703 0.172311 1 1 255
-37.8853 48.888 1.73563 -1.14865 -0.128273 -4.5 0 -0.355059 -0.203216 247 247 255
-10.1287 30.51 13.6403 -1.4386 -0.004355 4.2 0 0.375046 -0.470595 131 131 255
-37.2756 17.1384 21.3611 0.502551 0.0208949 3.19849 0 -0.497016 -0.769252 210 210 255
-41.2675 32.6203 26.0637 -1.74106 0 -3.5 0 -0.578442 0.0793941 255 20 20
-22.4228 15.4385 18.526 -0.375031 0 -3.2 0 0.571739 -0.757585 5 5 255
-12.5194 22.8978 15.5828 -0.00477155 0 -3.5 0 0.456437 -0.886899 14 14 255
-23.2665 29.5783 28.9478 0.200622 0 1.04677 0 0.504786 -0.513556 19 19 255
-44.7805 36.8167 20.952 0.224779 -0.00566217 -1.3 1 -0.953858 0.114546 255 39 39
-29.6694 43.7676 3.66625 -0.704373 -0.0209115 4.5 0 -0.300501 -0.164468 153 153 255
-50.4984 53.638 25.4026 -0.0873498 0 -1.6 0 -0.721488 0.538819 204 204 255
-16.5906 21.9438 9.99113 -0.0969386 0 -3.5 0 0.474606 -0.868518 139 139 255
-47.7319 53.0003 14.068 -0.457613 0 -3.5 0 -0.274447 0.923208 22 22 255
-14.162 27.2195 21.4266 -0.297223 0.118891 -4.18265 0 -0.264882 -0.961018 2 2 254
-28.7814 17.6131 21.2051 -0.367443 -0.703411 -1.3 0 0.124109 -0.964279 41 41 255
-13.6053 57.3745 12.1458 0.0356987 -0.0845421 -1.53563 0 0.960013 0.262795 11 11 255
-23.2116 33.7156 6.32487 0.439996 0.64328 -3.5 0 -0.44746 -0.600147 17 17 255
-47.0986 53.2832 28.0592 0.0302576 0 -1.6 0 0.136192 0.0655674 150 150 255
-26.2256 57.5576 29.4039 -0.941904 -0.526236 -3.5 0 0.46802 0.0878773 2 2 255
-24.129 41.7665 3.6775 -0.190435 0 4.2 0 0.856652 -0.114409 49 49 255
-21.6315 26.9134 27.2634 -0.0640908 0 1.8 0 0.450777 -0.699049 24 24 255
-38.3629 47.6899 2.22 -1.29092 -0.0434242 -4.5 0 -0.211425 -0.578154 255 237 237
-35.6712 72.5236 9.71663 0.627268 0.168729 -3.5 0 -0.300963 0.933897 4 4 255
-24.5296 45.6476 -4.33687 -1.86939 -0.0442761 -3.5 0 0.776823 -0.61105 26 26 255
-40.7899 40.933 20.1397 0.373469 0 1.8 1 -0.582792 -0.761683 255 36 36
-30.1222 49.0918 -5.84019 0.0800582 0 -0.4 0 0.342257 -0.769383 255 251 251
-35.7981 28.1165 28.4765 -0.426824 0 4.2 0 -0.17593 -0.311293 255 82 82
-35.4714 70.1989 19.7498 2.41574 0.294943 -3.9 0 0.739589 0.653797 6 6 255
-14.4171 43.1389 18.5933 0.970106 0 1.04288 0 0.612688 -0.789739 1 1 255
-48.918 45.3251 16.0352 0.92178 0.178418 1.8 0 -0.574438 -0.757058 122 122 255
-30.3638 23.3435 10.555 -0.66107 0 -3.2 0 0.823641 0.194306 208 208 255
-10.4323 27.5569 20.927 -0.482348 0 -3.5 0 0.0530997 -0.80732 7 7 255
-30.859 37.2836 4.14563 -0.617632 0 -3.5 0 -0.669311 -0.335368 42 42 255
-34.4487 47.63 29.3563 0.0627029 0 -1.6 0 -0.0372557 -0.0128154 11 11 255
-15.6538 38.4287 1.48669 0.741847 0 -4.5 0 -0.197919 -0.401587 16 16 255
-31.026 15.119 12.8745 -1.46272 0 -3.5 0 -0.177187 -0.984151 59 59 255
-12.7359 28.0548 24.135 0.26703 0 -4.5 0 0.590466 -0.60298 1 1 255
-39.7832 52.5882 30.0075 0.203005 0 -3.5 0 0.636324 -0.314356 15 15 254
-40.6877 55.7906 5.13681 -0.00981529 0 2.82316 0 -0.668986 0.319161 255 130 130
-31.371 57.053 29.502 0.10521 0 -3.5 0 -0.210564 -0.0979619 3 3 255
-42.0125 55.2379 9.093 0.134807 0 -0.4 0 -0.808683 -0.164987 66 66 255
-38.9263 61.1846 8.034 0.333531 0 1.8 0 -0.910278 -0.0557045 255 179 179
-25.0877 63.6458 4.066 -0.190882 0 -3.62495 0 0.439351 0.536727 118 118 255
-44.5026 48.1304 28.5608 0.163517 0 -4.5 0 -0.740198 0.655377 72 72 254
-39.759 28.351 24.0075 -0.285071 0 -0.356816 0 -0.586401 -0.766926 255 122 122
-35.8872 53.3919 -4.25413 0.935528 0.0764974 1.8 0 -0.523656 0.780549 205 205 255
-34.1904 21.9746 30.209 -0.0271781 0 -3.5 0 -0.494143 0.298298 255 117 117
-17.3614 20.9527 18.2491 0.630048 0 -4.5 0 0.130179 -0.952247 19 19 255
-49.4846 59.1245 18.3714 -0.0212522 0 -3.5 0 -0.937602 -0.323927 26 26 255
-50.4238 51.1468 24.5397 -0.0552271 0 -1.6 0 -0.936215 0.245913 160 160 255
-43.9328 48.4694 29.3739 0.0728347 0 -4.5 0 -0.609645 0.770408 44 44 255
-42.9076 48.0451 8.8425 -0.302685 -0.776621 -1.6 0 -0.895439 0.380344 255 137 137
-37.3063 49.9836 1.08525 -0.279281 -0.938698 3.8 0 -0.602143 -0.52201 255 208 208
-46.1786 53.1608 10.4882 0.137581 0 -3.5 0 0.0563533 0.460382 36 36 255
-14.1796 29.9134 24.4021 0.16272 0 -4.5 0 -0.0865925 0.160519 14 14 254
-26.756 53.1479 30.8991 0.71748 0 -4.5 0 0.514498 0.851863 10 10 255
-26.8627 57.8438 -2.12225 0.146356 0 -1.6 0 -0.124857 0.885131 64 64 255
-31.8358 23.0736 28.8692 -0.158253 0 -3.5 0 0.484299 0.677557 212 212 255
-39.8394 54.1051 29.8331 0.000389727 0 -3.5 0 0.557343 0.191314 13 13 255
-11.5851 43.3889 10.5676 -0.717714 0 2.64362 0 0.76327 0.253845 84 84 255
-17.3985 40.8362 2.92341 0.63653 0 -4.5 0 -0.631653 0.484507 41 41 255
-38.925 21.8105 19.996 -0.539415 0 -3.5 1 -0.692739 -0.0850811 255 116 116
-34.3874 67.5482 7.72819 -0.29779 0 -3.25286 0 0.903106 0.383906 34 34 255
-13.9894 38.1081 20.9247 -0.0847397 0 1.8 0 0.305236 -0.670197 10 10 255
-14.3942 38.3459 21.8137 -0.232334 0 2.8 0 0.380743 -0.905094 10 10 255
-40.6454 42.2526 22.8533 0.358982 0 1.14376 1 -0.569818 -0.801249 255 65 65
-42.8363 43.1828 8.35575 0.388096 0 -1.6 0 -0.371927 -0.527377 255 72 72
-48.1762 58.8825 27.3183 -0.47785 -0.135249 -0.8 0 -0.403109 0.386371 140 140 255
-36.1189 56.7515 2.8655 -0.17626 0 4.5 0 -0.96469 0.214248 173 173 255
-34.026 41.0675 38.0965 0.0313958 0 -4.5 0 -0.18478 -0.0719085 15 15 255
-26.3254 62.973 5.48394 -0.351745 0.0405688 -4.5 0 0.313026 0.732211 166 166 255
-43.8634 53.6244 29.2262 -1.48325 0 -3.5 0 -0.959743 0.0171091 43 43 255
-33.9534 43.7815 37.0358 0.0330576 0 -4.5 0 -0.036828 0.476427 11 11 255
-26.9147 53.8716 29.5107 0.239134 0 -3.87726 0 0.598959 0.559009 9 9 255
-13.9029 35.0298 20.5708 0.173661 0 -4.5 0 0.385458 0.550672 5 5 255
-39.4427 48.3266 31.1059 -0.845237 -0.040448 1.8 0 0.00792738 0.894415 27 27 255
-29.0824 37.9781 34.3051 -0.250325 0 -3.92303 0 0.0994575 -0.17367 39 39 255
-16.6419 40.5942 31.1948 0.175919 0 1.8 0 -0.133769 0.220028 131 131 255
-21.2052 32.2988 7.33275 -0.897574 -0.225642 -3.5 0 -0.333265 -0.845445 31 31 255
-27.18 15.7893 14.3773 -0.548564 -0.737617 -3.5 0 0.374107 -0.900082 31 31 255
-42.0998 67.0021 9.3695 0.49608 0 -1.6 0 -0.479022 0.877718 201 201 255
-21.2298 50.475 1.24206 0.515234 0 1.28793 0 0.933733 -0.346501 16 16 255
-20.0882 44.7674 32.1159 0.181943 0 -1.69106 0 0.100509 -0.0318542 157 157 255
-33.8615 67.8225 1.042 0.459576 0 -4.5 0 0.148067 0.309405 98 98 255
-40.2799 29.0916 21.4211 0.168421 0 -2.37459 1 -0.512325 -0.779681 255 66 66
-19.5413 42.7588 4.47175 -0.0460508 0 3.8 0 0.627005 -0.193256 127 127 255
-9.49362 40.1152 11.9801 -0.378286 0 2.30573 0 0.890662 -0.135825 144 144 255
-34.2019 38.2077 34.5974 0.873127 0 -4.5 0 -0.450765 -0.675968 30 30 255
-18.1879 30.6439 28.1828 0.225334 0 -0.4 0 0.665323 -0.736153 7 7 255
-36.3144 16.1515 25.3312 0.60655 0 -3.98783 0 -0.539356 -0.770417 255 206 206
-23.7016 45.3636 32.6039 0.924054 0 -4.5 0 0.600017 -0.32151 119 119 254
-29.7623 59.8401 26.5666 0.495715 0.0603997 -3.5 0 0.30774 0.88005 1 1 255
-35.8391 54.8669 30.3309 0.620199 0 -4.5 0 0.128906 -0.243007 33 33 255
-11.6574 33.3946 20.5023 -0.0838884 0 -4.5 0 0.485775 0.587131 6 6 254
-32.027 58.0756 29.791 -0.4008 0 -3.5 0 -0.118467 -0.273305 2 2 255
-13.7166 36.2674 20.1961 0.136539 0 1.8 0 0.340028 -0.168234 11 11 255
-14.6565 33.0395 23.3323 0.971062 0 -4.5 0 0.270506 0.617187 15 15 255
-35.9099 23.1573 10.4638 0.291076 0 -3.9 1 -0.0382544 0.813554 255 135 135
-37.1195 60.427 30.1245 0.517153 0.0196789 -4.5 0 0.612675 -0.102073 120 120 255
-28.2023 21.9659 24.3321 -1.12549 0 -3.24088 0 0.902546 -0.0548213 59 59 255
-49.1586 52.8314 22.4965 -0.129644 0 1.8 0 -0.71465 0.690043 121 121 255
-37.3859 37.3414 6.561 -0.227821 0 -4.5 0 -0.570968 -0.293562 255 136 136
-49.9452 48.3857 21.9901 -0.0876422 -0.376327 -1.1729 0 -0.572356 -0.50848 209 209 255
-49.4951 58.9935 19.5365 -0.0161398 0 -3.5 0 -0.9847 -0.0692616 17 17 255
-17.7612 32.4422 9.349 0.0162233 0 3.8 0 0.746013 0.262609 53 53 255
-41.7738 42.7352 10.7509 0.743039 0 -1.6 0 -0.194379 -0.923156 255 120 120
-34.706 64.2152 22.8522 -0.50607 0 -0.9 0 0.534046 0.0979576 0 0 255
-22.0669 50.9206 -4.27738 -0.247264 -0.0601166 -3.57494 0 0.271419 -0.525274 9 9 255
-40.1525 63.2171 4.58063 2.59809 0 -1.41922 0 -0.269748 -0.707913 220 220 255
-43.9886 41.5399 28.858 -1.20259 -0.327022 -3.5 0 -0.989688 0.0701351 131 131 255
-36.4567 55.0827 -1.41237 0.325662 0 -1.6 0 -0.867224 0.454307 255 129 129
-23.3235 40.5607 4.6475 -0.130719 0 -3.5 0 0.582468 0.453901 45 45 255
-18.0039 56.2594 6.29425 0.815765 0.351378 1.8 0 -0.384274 0.0270301 77 77 255
-37.8817 70.8321 11.1731 -0.925768 -0.00103866 -3.5 0 0.137883 0.922918 7 7 255
-26.447 23.5788 23.5425 -0.410813 0 3.8 0 0.621015 -0.578444 32 32 255
-31.2817 51.26 30.491 0.511818 0 -4.5 0 -0.899289 -0.0103567 15 15 255
-36.7181 55.6379 2.77725 -0.943235 -0.0214407 4.22838 0 -0.6512 0.739431 255 201 201
-37.9748 34.6909 5.90575 0.757461 0 -4.5 0 -0.784678 0.476566 255 80 80
-47.2298 45.4258 20.2414 0.654365 0.0091908 0.0369596 0 -0.534048 -0.542524 241 241 255
-13.4568 50.5384 27.7184 0.160729 0.0364463 -0.988194 0 0.992556 -0.0397251 8 8 255
-43.1068 43.7735 15.5863 0.25841 0.0645466 1.37132 0 0.00746917 -0.89394 235 235 255
-8.86563 27.623 16.0654 -0.126335 -0.202909 -0.4 0 0.145592 -0.732163 115 115 255
-25.0914 56.9719 26.686 -0.335452 0 -3.5 0 0.783086 -0.236641 20 20 255
-21.1875 31.2472 29.1365 0.462251 0 -0.4 0 -0.169318 -0.776251 8 8 255
-28.3105 17.9439 22.669 0.0169163 0 -1.3 0 0.350615 -0.909255 28 28 255
-34.9705 33.175 33.219 -1.53166 -0.107195 -3.5 0 -0.16846 -0.644977 131 131 255
-26.2943 43.7699 2.18788 -0.232088 0 2.8 0 -0.483013 -0.225604 37 37 255
-31.4673 32.2204 10.6146 0.433379 0 1.12439 0 0.0396428 -0.792414 255 21 21
-24.0995 53.6256 -0.090875 -0.940199 -0.758895 -2.7248 0 0.645352 0.760051 14 14 255
-14.4011 41.3016 5.10344 -0.139606 0 -4.5 0 0.307171 0.950903 29 29 255
-13.0583 33.0449 3.91062 0.437428 0 -4.5 0 0.109689 0.524789 21 21 255
-23.0426 31.1254 29.5877 0.0628392 0 -0.558875 0 0.5344 -0.622911 18 18 255
-24.1793 52.4815 31.3985 0.389879 0 -4.5 0 0.280952 0.933796 17 17 255
-22.8105 41.7701 5.1845 0.190035 0 3.8 0 0.438732 -0.258038 78 78 255
-13.4715 41.2197 5.99431 -0.722622 0 1.8 0 -0.0765661 0.92998 31 31 255
-35.5583 66.6957 22.1565 0.27678 0 -0.9 0 0.216757 0.737147 1 1 255
-13.8258 44.3524 30.2822 0.252839 0 -4.5 0 0.700657 -0.373598 42 42 255
-40.0881 39.0626 29.4853 -2.24434 -0.636622 -3.5 0 0.432687 -0.898329 234 234 255
-45.9845 48.8435 26.618 -0.297484 0 -2.5108 0 -0.562122 -0.711472 173 173 255
-13.75 53.4551 14.9239 1.15333 0 -4.5 0 0.693297 -0.625854 2 2 255
-39.2529 39.5435 31.7614 -0.858081 0 -3.5 0 -0.00274593 -0.994292 100 100 255
-39.3316 68.1975 9.17688 0.131858 0 -1.74587 0 -0.318672 0.743608 126 126 255
-37.0047 70.4389 9.35363 -0.0639597 0 -3.5 0 -0.833181 0.436899 26 26 255
-39.2875 63.1725 3.901 -0.0403993 0 -3.5 0 -0.849348 -0.457318 251 251 255
-15.9427 27.33 9.92075 -0.990356 -0.139435 0.150207 0 0.637652 0.757569 67 67 254
-39.1567 41.9863 13.0996 0.347115 0.233227 2.13173 0 -0.420022 -0.807323 255 47 47
-44.2893 44.5368 9.476 0.310048 0 -1.6 0 -0.955522 -0.0390209 255 76 76
-27.7661 26.6514 10.5299 -0.1282 0 -3.5 0 -0.816713 0.209126 65 65 255
-50.0546 51.7579 14.9025 -0.192323 0 -3.5 0 -0.78547 -0.210804 19 19 255
-44.2649 66.6823 15.5023 -0.0421083 0 3.8 0 0.265393 0.911808 20 20 255
-21.2769 54.997 -3.02444 1.74457 0 -3.9 0 0.0746391 0.800491 53 53 255
-25.9436 49.2004 33.8385 0.671794 0.77804 -4.5 0 0.420212 0.681238 14 14 255
-24.3929 52.6637 30.3231 0.267527 0 2.77442 0 -0.0728729 0.920712 14 14 255
-34.6425 32.4372 8.41094 -0.477904 0 -1.66411 0 0.736101 -0.641994 255 36 36
-19.407 42.9545 5.48362 -0.080016 0 3.8 0 0.927262 0.362067 149 149 255
-48.6718 56.7609 26.0548 -0.889721 0 -0.8 0 -0.944641 -0.309438 200 200 255
-42.0805 67.1156 7.61925 0.303715 0 -1.13833 0 -0.363027 0.90539 196 196 255
-13.0414 41.0785 4.79975 0.105122 0 1.8 0 -0.046985 0.997746 24 24 255
-45.9788 54.2863 13.4003 0.259282 0 -3.5 0 -0.559995 0.82844 23 23 255
-28.9512 40.6043 35.3912 0.193271 0 -3.5 0 0.350563 -0.492982 72 72 255
-40.4664 54.3807 3.60963 -0.0560825 0 4.2 0 -0.394369 0.560714 255 213 213
-30.4786 40.154 36.0656 1.13103 0 -4.5 0 0.617176 -0.691182 27 27 255
-14.078 64.138 13.3195 0.571746 0 -4.5 0 0.624428 -0.681108 11 11 255
-25.0615 45.9365 36.446 0.205395 0 -4.5 0 0.721549 -0.108874 69 69 255
-16.994 49.11 7.618 -0.0649491 0 -0.7 0 0.153627 0.206254 255 248 248
-33.0996 35.0468 6.12556 0.00886724 0 -4.5 0 0.751097 -0.287163 255 243 243
-14.7954 50.1556 16.2184 1.0982 0 -3.9 0 0.456462 0.844231 5 5 255
-15.3645 65.719 14.9305 0.195299 0 -4.5 0 0.0704147 -0.149381 9 9 255
-7.6105 27.4324 16.7926 -0.913246 -0.458298 -0.4 0 0.707021 -0.632157 123 123 255
-33.0267 46.2302 36.7258 -1.3075 -0.0219119 -3.5 0 0.0727218 0.0624791 9 9 255
-19.3223 28.0955 10.0131 0.150106 0 3.8 0 -0.426774 -0.285615 94 94 255
-19.5494 50.8904 -1.75075 0.177203 0 -3.9 0 0.829014 -0.40558 5 5 255
-37.659 23.1007 22.6671 -0.378669 0 3.8 1 -0.992916 0.116595 255 70 70
-30.6874 61.1125 9.80925 -1.29349 0 3.8 0 0.309162 0.626942 49 49 255
-37.0645 53.2405 30.1602 0.985414 0.32113 -4.5 0 -0.112503 -0.309065 12 12 255
-10.191 48.275 12.1205 0.704066 0 -2.15308 0 0.491693 0.593351 12 12 255
-24.1661 31.1595 9.56719 -0.0442332 0.316098 -0.9 0 0.24328 -0.669371 67 67 255
-20.1891 52.9792 -1.17581 0.283726 0 -3.9 0 0.510103 0.634897 28 28 255
-39.3209 35.8883 24.5195 -0.402075 0 -0.7 1 -0.487603 0.797659 255 16 16
-14.1444 51.2393 18.5104 1.44846 0 -3.9 0 0.384381 0.809598 6 6 255
-25.3481 34.8909 32.1063 0.391991 0 -1.6 0 0.05324 0.0411439 142 142 255
-32.8406 62.1812 24.2769 0.487512 0 -4.5 0 -0.00919518 0.912296 0 0 255
-16.9166 61.8553 9.88356 0.0148252 -0.499035 -2.3499 0 -0.209612 0.387631 62 62 255
-43.7057 51.4473 28.03 0.251019 0 -3.5 0 -0.738134 -0.373116 67 67 255
-51.6506 50.4147 17.2564 -0.309668 0 -2.2655 0 -0.931246 -0.025288 30 30 255
-40.8804 68.1186 11.4884 -0.544708 0 -3.23149 0 -0.836222 0.529453 120 120 255
-18.88 55.2826 6.59669 0.194054 0.190938 1.8 0 0.0624177 -0.0654302 107 107 255
-41.2041 59.3578 25.7391 -0.966336 0 -0.4 0 -0.419867 0.761221 107 107 255
-7.23044 43.7044 13.7239 -0.854947 -0.231141 -3.5 0 0.758031 -0.651649 23 23 255
-45.1249 65.2775 12.5301 0.00561761 0 3.8 0 -0.728686 0.20762 95 95 255
-16.6798 56.3797 15.0156 0.507819 0 -0.4 0 0.173681 -0.0851664 5 5 255
-12.5919 40.3198 21.1714 0.143993 0 1.12698 0 0.43901 0.323412 13 13 255
-33.0074 47.1004 1.98594 -0.0814441 0 4.08423 0 -0.457016 -0.576073 217 217 255
-44.3215 64.9567 11.4925 0.153182 0 1.028 0 -0.95383 0.00373461 139 139 255
-29.9101 62.9009 20.8411 0.185596 0 1.34639 0 0.480894 0.598239 63 63 255
-44.5938 51.4043 10.1858 0.0332083 0 -3.5 0 -0.177478 -0.252846 95 95 254
-22.8904 54.9979 1.62612 -0.252075 0 -3.5 0 0.543837 0.027922 35 35 255
-33.5038 33.6336 7.86881 -0.00334498 -0.445985 -2.61535 0 0.618015 -0.690182 255 67 67
-34.5158 41.3435 6.04313 -0.701639 0 -3.58473 0 -0.832076 -0.0736178 255 173 173
-41.7754 52.0626 4.33425 -0.327452 0 0.43043 0 -0.986426 0.161355 120 120 255
-15.5378 60.5372 13.0959 0.284253 0 -0.8 0 0.754864 0.170762 24 24 254
-39.1605 39.073 8.71325 -0.156712 -0.690231 -2.11224 0 -0.978984 0.0761378 255 84 84
-24.5939 55.5358 26.662 0.726995 0.519152 -0.7 0 0.667305 0.519273 23 23 255
-37.901 56.6331 4.72875 -0.110005 0 1.8 0 -0.154402 0.342197 255 183 183
-39.5743 33.3884 26.4931 -1.44266 0 -2.18165 0 -0.591892 0.129145 255 32 32
-35.2179 20.1742 28.4915 0.0706259 0 -3.5 1 -0.728563 -0.417928 255 87 87
-42.3849 50.2347 9.14863 -0.67843 0 0.0777409 0 -0.934144 -0.0707339 255 225 225
-25.5205 35.7982 3.1135 -0.436552 -0.25675 -3.5 0 0.0766111 -0.83617 31 31 255
-22.2696 44.3616 3.43 0.00737146 0 3.8 0 0.314503 -0.0549309 104 104 255
-50.0655 49.2293 11.2841 0.0909133 0 -3.5 0 -0.633583 -0.716807 67 67 254
-23.9617 55.9103 1.07238 -0.404307 0 -2.62148 0 0.764328 -0.0515953 31 31 255
-37.7725 20.9626 9.74206 1.23184 0 -3.9 1 -0.876338 0.194312 255 198 198
-45.4107 44.7116 13.7148 0.523548 0 -3.5 0 -0.640195 -0.644051 255 197 197
-13.9891 67.4009 13.3546 0.328855 0 -4.5 0 0.262335 0.91554 19 19 255
-30.8995 43.4625 3.84625 -0.311521 0 -0.769255 0 0.189424 0.062879 151 151 255
-39.7239 65.2036 3.89431 -0.0455748 0 -1.18496 0 -0.339997 0.532511 207 207 255
-21.8701 36.8182 3.76419 0.129211 0 -3.5 0 0.818645 -0.399734 9 9 254
-37.5585 64.314 23.5544 0.0971997 0 -0.9 0 -0.526489 0.576941 3 3 255
-29.4673 68.3788 2.34437 -0.364559 -0.121946 -3.85049 0 0.197996 0.709853 98 98 255
-14.7587 39.2344 25.4902 0.0204871 0 2.8 0 0.39837 -0.858073 19 19 255
-41.7329 64.2617 4.11719 2.43665 0 -0.8 0 -0.0359755 -0.406917 153 153 255
-44.5617 55.1702 12.914 0.140946 0 -3.5 0 -0.639126 0.700377 15 15 255
-5.79375 46.238 12.129 0.0996659 0 -3.5 0 0.419219 -0.0140476 12 12 255
-45.0374 49.0114 11.8996 0.632644 0 -3.5 0 -0.340432 -0.221289 172 172 255
-39.8794 28.2914 15.4591 0.415196 0 -1.6 1 -0.908665 -0.0783655 255 44 44
-26.8813 34.5889 7.64463 -0.166646 0 -0.9 0 -0.214299 -0.643823 21 21 255
-17.89 34.2832 8.16575 0.167076 0 -3.5 0 0.71377 -0.698738 45 45 255
-36.2778 69.0077 6.57894 0.207938 0 -3.2 0 0.0620575 0.93211 78 78 254
-24.7547 62.6908 5.425 -0.329298 0 -4.5 0 0.453961 0.813545 101 101 255
-32.4533 15.3202 13.1857 -0.834616 0 -3.5 0 -0.336357 -0.883953 52 52 254
-37.7044 50.9335 32.0056 0.504833 0 -1.6 0 0.113755 0.290859 19 19 255
-15.3378 64.3903 10.5775 0.772201 0 -4.5 0 0.259258 0.390365 44 44 255
-33.1546 14.7506 25.9931 0.657673 0 -4.5 0 -0.156779 -0.805032 255 245 245
-25.799 60.085 0.982875 -0.316444 -0.432218 -2.79687 0 0.334727 -0.00106581 30 30 255
-27.2812 22.4482 23.3555 -0.374876 0 -1.3 0 0.675716 -0.267092 35 35 255
-42.2289 66.9896 10.5093 0.320671 0 -1.6 0 -0.533128 0.844811 175 175 255
-16.9891 31.3089 25.7057 -0.190394 -0.517763 -0.130902 0 0.857683 -0.165258 69 69 255
-17.6056 54.8082 6.46525 0.292694 0 1.8 0 -0.240385 -0.541737 124 124 255
-41.1828 58.3382 9.30825 -0.185783 0 -0.4 0 -0.648075 0.636162 255 128 128
-11.9412 49.4543 22.1374 0.395386 0.000417518 -4.5 0 0.630174 0.573958 21 21 255
-16.0483 51.3042 9.69225 -0.268469 0 -0.7 0 0.724733 0.435127 85 85 255
-40.8059 43.788 36.3465 -0.157371 0 3.8 0 -0.587954 -0.0598942 4 4 255
-40.3494 34.8505 17.4476 0.220283 0 -1.3 1 0.326867 0.409634 255 31 31
-40.1283 35.4496 24.1151 -0.428553 0 -1.0118 1 -0.448629 0.875505 255 13 13
-26.1195 16.1726 12.9914 2.76136 0 -3.9 0 0.000777319 -0.960274 47 47 255
-27.4017 41.0262 0.99125 -0.145397 0 4.2 0 -0.14982 -0.0163104 24 24 255
-30.0256 17.7621 27.7819 0.0167876 0 -4.5 0 0.596227 -0.498935 176 176 255
-28.0075 60.599 0.469 0.00354734 0 -0.9 0 -0.197906 0.118625 57 57 255
-17.5343 24.233 21.5793 -0.0833426 0 -4.5 0 0.645002 0.0351732 10 10 255
-33.4098 55.953 29.1542 0.247842 0 -3.80351 0 0.30767 -0.0973707 43 43 255
-28.9551 61.519 22.5434 1.3302 0.818913 1.8 0 0.310876 0.94611 21 21 255
-36.0472 29.8452 9.612 0.59053 0 1.9 1 0.0455777 -0.819958 255 36 36
-30.8064 16.3794 26.932 1.15954 0 -4.5 0 -0.0342672 -0.407747 151 151 255
-15.3437 24.1107 8.29012 -0.600562 0 -3.5 0 0.771955 -0.485512 124 124 255
-15.6636 31.2896 11.1014 0.0213635 0 4.2 0 0.411124 0.157401 77 77 255
-46.5863 43.9725 15.2965 0.999053 0 1.9 0 -0.463306 -0.529865 220 220 255
-13.6914 35.6704 9.72444 0.0726838 -0.701242 -1.32794 0 0.142992 -0.989509 51 51 255
-36.923 48.2925 1.99775 -0.684881 -0.846367 -4.5 0 0.201093 -0.608513 238 238 255
-10.1797 37.6147 14.9014 -1.2708 -0.428847 -3.5 0 0.631022 0.599214 229 229 255
-32.3165 62.1543 9.04625 -0.748046 0 1.09855 0 0.884208 0.071637 43 43 255
-27.5819 49.0557 -4.96588 0.0159616 0 -3.5 0 -0.438601 -0.405646 134 134 255
-43.6187 47.8808 31.8126 0.856675 0 -4.5 0 -0.47063 0.825057 19 19 255
-30.3078 14.8204 13.8084 -0.485097 0 -3.5 0 -0.176858 -0.945155 58 58 255
-31.4464 62.5584 6.65963 -0.91356 0 -3.2 0 0.53412 -0.124222 56 56 255
-46.6505 48.541 23.0783 -0.700545 -0.741362 1.8 0 -0.164205 -0.835037 255 223 223
-24.4932 35.5798 5.37481 -0.0533836 0 -3.5 0 -0.182521 -0.981435 26 26 255
-24.0901 61.6213 7.011 -0.0681463 0 3.8 0 0.602195 0.748024 106 106 255
-22.0846 49.0488 -2.86525 -0.445855 0 -3.71983 0 0.461 -0.639785 3 3 255
-26.363 31.5309 8.39844 0.00102584 0 1.8 0 0.0777361 -0.337805 57 57 255
-50.3229 53.0181 20.2559 -1.60523 -0.284807 -3.5 0 -0.408253 0.512424 96 96 255
-19.5986 27.2836 10.5468 0.229902 0 3.8 0 -0.352666 -0.0290039 75 75 255
-26.2619 30.8881 32.2444 -0.318273 0 -0.9 0 -0.0122758 -0.676332 60 60 255
-11.5157 27.5724 21.1637 -0.894846 -0.462098 -3.5 0 0.257599 -0.756892 7 7 255
-37.9396 52.0305 33.7322 1.43548 0 -0.54848 0 0.0522864 0.952527 15 15 255
-36.3556 26.0207 12.2988 -0.0820351 0 4.2 1 -0.400842 -0.0414802 255 67 67
-41.1229 60.1818 28.1917 0.42923 0 -4.5 0 -0.690084 0.159101 66 66 255
-35.1265 55.7378 30.4872 0.0647997 0 -4.5 0 0.455287 -0.0998906 78 78 255
-33.9723 42.3116 29.9194 -0.354596 0 3.31142 0 0.0425922 0.998382 60 60 255
-40.5501 36.1473 19.7292 -0.344837 0 -1.3 1 0.558484 0.793077 255 27 27
-37.619 69.5035 18.0455 1.38046 0.48977 -3.9 0 -0.115543 0.581146 21 21 255
-34.7668 24.0061 28.7234 -1.70813 -0.161513 -3.5 1 -0.706997 0.4127 255 106 106
-42.4194 42.491 9.58887 0.704803 0 -1.6 0 -0.3278 -0.944654 255 92 92
-45.7375 64.4075 13.0729 -0.0405285 0 3.8 0 -0.684342 -0.24449 76 76 255
-33.4877 14.655 18.0126 0.0167162 0 1.8 0 -0.472756 -0.461755 78 78 255
-37.747 37.6442 28.1127 -1.43895 -0.0285392 -0.7 0 -0.853896 0.168127 255 94 94
-21.4018 56.2271 2.96331 -0.254584 0 -3.5 0 0.838743 -0.0105088 71 71 255
-24.1986 28.3346 28.3779 -0.0581721 0 1.8 0 -0.0682913 -0.591925 16 16 255
-29.6845 61.4784 10.0925 -1.96877 -0.151943 -3.5 0 -0.272167 0.735779 39 39 255
-32.0937 35.8005 5.99469 -1.60012 -0.595626 -3.5 0 0.0136589 -0.766695 191 191 255
-16.5091 52.1214 21.0589 2.06205 0 -3.9 0 -0.033864 0.868051 33 33 255
-37.8358 24.332 22.5767 -0.266245 0 3.8 1 -0.988576 0.0873758 255 88 88
-39.3805 24.7056 18.347 -0.407583 0 -3.5 1 -0.719256 0.68257 255 89 89
-50.2181 54.1033 26.8616 -0.0154414 0 -1.6 0 -0.63329 0.759192 182 182 255
-40.9512 28.6812 22.8374 -0.141068 0 -3.5 0 -0.612 -0.785082 255 108 108
-24.0554 17.4779 11.7949 1.99571 0 -3.9 0 0.302192 -0.525397 39 39 255
-36.4469 63.9502 24.0807 0.0177173 0 -0.9 0 0.310853 0.448619 1 1 255
-34.8363 42.3633 5.78025 0.185924 0 -4.5 0 -0.685957 -0.696384 215 215 255
-16.0968 27.2644 21.7232 0.0734948 0.80586 -4.5 0 0.0593696 -0.906842 4 4 254
-33.9471 71.6096 9.21087 -0.112687 0 -3.5 0 0.936652 0.330956 5 5 255
-28.7525 26.5475 11.733 0.14066 0 -3.44474 0 -0.430295 0.0465435 66 66 255
-22.7636 58.2677 22.6711 0.126057 0 1.8 0 0.609915 0.790404 255 52 52
-37.3252 41.2734 13.9544 0.941992 0 -0.7 0 -0.815132 -0.332875 255 16 16
-30.4182 31.6805 30.7969 -0.522817 0 -0.9 0 -0.432218 -0.794905 101 101 255
-16.4413 29.0173 10.6306 0.249812 0 3.8 0 0.802701 0.0578985 59 59 255
-38.7004 23.02 14.4934 -0.68963 -0.0992206 -3.76016 0 -0.703509 0.209255 255 90 90
-21.0103 55.1615 -5.8185 2.23829 0.311645 -3.9 0 0.14421 0.55948 60 60 255
-24.7318 39.1927 32.6146 -0.249027 0 -3.5 0 0.628831 -0.154196 140 140 255
-37.0403 51.7181 -1.35187 -0.654783 -0.360084 0.620579 0 -0.935795 -0.208623 255 160 160
-27.8226 23.5991 25.1137 -1.13681 0 1.73931 0 0.85207 -0.338796 85 85 255
-22.8178 56.0749 19.5736 0.183213 0 1.8 0 0.689719 0.723872 255 49 49
-42.2062 53.0467 8.17031 0.190687 0 1.8 0 -0.873809 0.313608 100 100 254
-47.8817 55.3924 22.6383 -0.151319 -0.155031 3.8 0 -0.943282 -0.222768 104 104 254
-20.7494 52.0469 1.41825 -0.207348 -0.0816767 -1.04155 0 0.954158 0.291902 23 23 255
-27.0794 46.2371 0.321687 0.168033 0 2.8 0 -0.535894 -0.840625 69 69 255
-48.419 55.5487 26.2648 -0.279452 0 -0.917441 0 -0.95225 0.282209 190 190 255
-24.4304 36.0355 2.43175 0.311822 0 -3.5 0 -0.0290685 -0.793145 28 28 255
-16.5275 42.466 7.365 0.545352 0 -3.5 0 -0.147812 0.730218 60 60 255
-46.8467 55.6418 18.5569 -0.347964 -0.045302 3.293 0 -0.933666 0.148284 15 15 255
-43.8892 44.7111 22.4633 0.391947 0 -3.91971 0 -0.580447 -0.586221 255 205 205
-43.943 67.3572 6.108 0.231341 0 -0.8 0 -0.526906 0.779951 97 97 254
-14.1194 55.1335 7.88619 -0.068857 -0.0869705 1.8 0 0.83064 -0.462594 57 57 255
-42.2918 46.0339 33.8097 0.420967 0 -2.14586 0 -0.589909 0.237296 15 15 255
-29.0131 16.088 24.0784 0.726237 0 -4.5 0 0.818981 -0.436029 17 17 254
-44.9633 49.3574 26.9571 -0.911689 0 -1.41595 0 -0.420832 -0.0339679 122 122 255
-39.4726 59.1861 6.549 0.955905 0 1.8 0 -0.687124 0.705428 255 137 137
-19.0308 62.3895 14.884 0.787309 0 -0.915534 0 0.322183 0.749117 121 121 255
-35.4813 67.7491 20.9996 0.997645 0 -1.08397 0 0.586499 0.557515 2 2 255
-40.2811 42.1052 10.5436 0.219188 0 2.64762 0 -0.64457 -0.697153 255 129 129
-13.9602 34.1798 11.8319 -0.368942 -0.363974 -0.8 0 0.0802395 -0.46771 128 128 255
-18.7564 51.5185 -3.311 0.275902 0 -3.9 0 0.884782 -0.425021 23 23 255
-19.3401 42.9738 7.2095 -0.291695 0 -1.9584 0 0.726211 0.626059 158 158 255
-20.4867 21.599 11.3092 -0.891989 -0.400132 -3.11063 0 0.0774517 -0.706623 67 67 254
-24.9808 35.4339 6.55431 -0.153673 0 -3.05566 0 -0.112305 -0.847365 19 19 255
-51.8056 49.8579 19.572 -0.684474 -0.011038 -2.91679 0 -0.942896 0.108537 142 142 255
-27.5155 23.9193 10.3155 -1.52032 0 -3.5 0 -0.887648 -0.188193 127 127 255
-21.0059 58.3908 17.7482 0.135188 -0.362639 -0.203543 0 0.531852 -0.078119 255 244 244
-29.5298 20.1544 12.2464 -0.612128 0 -3.2 0 0.674126 -0.083699 77 77 255
-36.022 63.165 26.381 0.138652 0 -4.5 0 0.329142 0.940968 1 1 255
-38.303 22.6344 12.0442 -0.00506101 0 -3.9 1 -0.963744 0.245961 255 121 121
-38.7316 25.5188 17.5701 -0.587293 0 -3.5 1 -0.902681 0.396786 255 72 72
-33.2061 48.13 0.31925 -0.116123 0 3.8 0 -0.287675 -0.702165 169 169 255
-39.5736 30.5923 15.6649 0.459028 0 -1.6 1 -0.909343 0.362077 255 40 40
-15.469 30.4624 24.3288 -0.295371 -0.144412 -3.24925 0 0.275044 0.0934345 30 30 255
-37.4105 54.265 30.2773 1.62505 0.79949 -4.5 0 -0.391765 -0.079576 14 14 255
-25.8204 60.9114 22.4765 0.172277 0 1.8 0 0.668937 0.741681 219 219 255
-49.9681 48.6866 23.1871 -0.786413 -0.652036 -1.6 0 -0.4401 -0.89441 133 133 255
-30.9393 55.6755 -3.26625 0.609254 0.106487 -0.9 0 0.110956 0.276783 255 201 201
-31.4947 62.577 2.43219 0.778739 0 -0.9 0 -0.263547 0.231157 97 97 255
-10.0431 46.0552 24.7026 -1.07001 -0.252486 -3.5 0 0.888954 0.442662 2 2 255
-35.7429 49.5585 32.9747 0.346582 0.0666119 -2.29668 0 0.34089 0.225821 13 13 255
-11.3085 31.7735 12.4835 -0.170919 0 4.2 0 0.518289 -0.0671719 129 129 255
-43.2969 36.4569 18.6806 -0.200765 0 -1.3 1 -0.386909 0.639289 255 35 35
-48.1903 57.365 18.9231 -0.110374 0 -3.5 0 -0.431556 -0.76015 18 18 255
-43.1081 48.3296 30.6149 0.589333 0 -4.5 0 -0.196132 0.914801 23 23 255
-19.0859 54.372 16.7587 0.190703 0 1.8 0 0.882465 0.43241 7 7 255
-25.2391 59.6419 22.9844 0.0398345 0 1.8 0 0.694546 0.708816 255 202 202
-25.6014 60.5208 24.3244 -0.0766965 0 -1.49987 0 0.316642 0.938053 135 135 255
-15.4326 32.6252 11.8654 -0.0339461 0 4.11796 0 0.326387 0.250454 99 99 254
-26.3545 62.0699 9.5225 -1.26977 0 0.805871 0 -0.228707 0.834589 72 72 254
-40.8936 67.0371 5.496 0.590874 0 -0.8 0 0.258252 0.799224 137 137 255
-15.1067 60.9637 8.95362 -0.0280795 0 -0.8 0 0.445572 0.685128 38 38 255
-40.9644 67.5699 6.83313 -0.118731 0 -0.8 0 0.00656901 0.997228 168 168 255
-22.7239 55.5616 -5.51119 0.545446 0.236683 -3.60433 0 0.374656 0.461376 59 59 255
-38.938 56.9816 4.74 0.00999894 0 1.8 0 -0.0235676 0.132392 255 113 113
-43.3005 45.8628 8.01331 0.76079 0 -1.6 0 -0.791324 -0.105976 255 106 106
-24.9088 53.7278 28.7674 0.178478 0 0.453995 0 0.165884 0.656167 9 9 255
-24.2781 54.3814 0.94425 -0.526603 -0.522289 -2.42823 0 0.736748 0.229707 21 21 255
-34.6255 32.5165 5.33738 0.427698 0 -4.5 0 0.587315 -0.616621 255 145 145
-13.439 39.6785 18.0866 0.0325887 0 1.8 0 0.731566 0.58106 71 71 255
-15.4356 52.282 21.8062 2.79701 0 -3.9 0 -0.162982 0.971755 50 50 255
-14.964 32.862 6.3565 0.910336 0 -4.5 0 -0.777398 -0.417637 51 51 255
-16.2824 52.4041 10.0331 -0.217419 0 3.8 0 0.87615 -0.142055 65 65 255
-44.8927 43.2191 15.4058 0.720108 0 1.9 0 0.120881 -0.679985 173 173 255
-22.6199 33.6053 31.2444 0.197356 0 -0.4 0 0.19291 -0.371362 48 48 255
-8.97762 30.7153 14.5985 0.16446 -0.0197158 3.12547 0 0.553693 -0.193664 161 161 255
-50.6903 47.2497 16.0215 0.778454 0 1.32285 0 -0.794752 -0.584167 79 79 255
-41.5088 42.6012 21.1782 0.550685 0 1.8 0 -0.589743 -0.731566 255 82 82
-35.8585 17.3196 18.8547 -0.0521868 0 3.8 0 -0.626011 -0.644235 120 120 255
-26.3939 27.8778 25.0924 -0.820825 0 3.8 0 -0.219855 -0.517043 34 34 255
-32.3406 43.8041 29.8326 -0.508318 0 -3.5 0 -0.954146 0.292508 25 25 255
-15.779 51.622 16.623 0.64244 0 -3.9 0 0.586864 0.801918 5 5 255
-29.9115 58.185 -0.59825 0.00666612 0 -0.9 0 0.202461 0.780951 124 124 255
-47.0824 45.5667 14.7716 0.56699 0 1.8491 0 -0.365699 -0.709629 206 206 255
-33.6888 56.5003 -1.54175 -0.000628081 0 -1.6 0 0.00557193 0.864285 255 149 149
-34.0834 48.6939 36.6965 -0.259048 0 -3.5 0 -0.105533 -0.197016 14 14 255
-38.318 32.164 6.67 -0.0871574 0 -4.5 1 -0.87367 -0.251992 255 30 30
-33.9668 55.6841 -2.7875 0.125424 0 -1.6 0 0.0447149 0.707279 255 167 167
-23.6491 60.6603 19.0732 0.305827 0 -0.7 0 0.221318 0.199726 255 78 78
-22.5023 22.6365 21.5094 -0.0443882 0 4.5 0 0.54667 -0.194273 23 23 255
-48.5131 52.8874 28.1605 0.176678 0 -1.6 0 0.173734 0.14818 165 165 255
-33.5482 51.8192 36.4193 -0.657482 -0.759333 -0.4 0 0.371062 0.753408 14 14 255
-39.062 59.041 4.935 -0.0147505 0 1.8 0 -0.532715 0.507435 255 100 100
-17.4083 42.3166 30.6859 0.072826 0 1.8 0 0.00392967 -0.0705147 136 136 255
-22.2563 40.7545 5.27513 0.386841 0 -3.5 0 0.172009 0.161917 68 68 255
-28.8335 54.1746 -3.41569 0.578642 0.677735 -3.5 0 -0.549966 0.458793 183 183 255
-11.6726 23.6933 14.4176 0.0925376 0 -3.5 0 0.721465 -0.648931 30 30 255
-35.9395 19.7493 27.5893 0.542295 0 -3.5 1 -0.37313 -0.192637 255 70 70
-35.629 46.4256 3.45 0.281968 0 -4.5 0 0.100548 -0.114979 255 242 242
-11.7556 44.6731 21.9491 0.421891 0 4.5 0 0.935108 -0.294332 1 1 255
-45.0023 47.2391 24.3183 0.35684 0 -0.4 0 -0.917754 -0.38077 255 203 203
-33.008 47.849 29.9055 -0.077114 0 -1.71659 0 -0.835627 0.0126115 11 11 254
-33.7313 32.2639 30.2354 -1.71041 -0.121635 -3.5 0 0.092892 -0.963561 211 211 255
-37.0834 29.8701 27.3219 -0.339977 0 4.2 0 -0.542225 0.148482 255 61 61
-18.9042 27.279 24.2855 -0.0534817 0 -0.7 0 0.465527 -0.82236 21 21 255
-34.8351 49.3353 -5.07994 0.255124 0 1.8 0 -0.18011 -0.960127 220 220 255
-23.1471 28.4963 10.163 0.665641 0 -0.4 0 0.0989396 -0.0382666 60 60 255
-9.16862 35.2124 17.2971 -0.0676879 0 0.779854 0 0.362686 0.912391 187 187 255
-35.5885 27.1761 27.589 -0.473232 0 4.2 1 -0.0406839 -0.479481 255 97 97
-22.3329 57.3402 23.3126 0.20315 0 1.8 0 0.823597 0.268504 255 92 92
-39.7113 39.3689 32.6429 -1.00796 0 -3.5 0 -0.334553 -0.939413 47 47 255
-18.7336 19.7757 15.2301 0.608267 0.751689 -3.9 0 0.500662 -0.856028 32 32 255
-17.4023 21.8951 11.5776 -0.12138 0 -3.5 0 0.537149 -0.842252 76 76 255
-43.9723 65.9905 11.4944 0.0703325 0 -0.906722 0 -0.565491 0.791371 140 140 255
-32.2998 33.5285 8.353 -0.850431 -0.942061 -0.7 0 0.0376251 -0.711742 255 84 84
-18.5595 42.233 7.0885 -0.927049 0 -3.74074 0 0.385756 0.854153 91 91 254
-28.2733 17.2334 17.3524 0.103381 0.273385 -1.41398 0 -0.304801 -0.0416624 27 27 255
-42.354 33.6465 21.582 -0.432093 0 -1.3 1 -0.885377 -0.46241 255 19 19
-40.4323 70.2619 11.3616 -1.28513 -0.0941999 -3.5 0 -0.773841 0.393694 33 33 255
-22.6173 41.1523 31.3999 -0.436339 -0.360623 -0.7 0 -0.0631749 0.0711778 187 187 255
-20.0766 44.2346 3.8455 -0.0367091 0 3.8 0 0.636687 0.21812 157 157 255
-37.9468 20.4996 14.1339 -0.251015 0 -3.9 0 -0.710402 -0.702398 255 93 93
-43.9191 42.1381 31.1003 -0.39358 0 -3.5 0 -0.981345 -0.127154 59 59 255
-42.1999 59.5823 10.9089 0.322749 0 -3.5 0 -0.753381 -0.206576 247 247 255
-22.0744 56.3689 2.23319 -0.400028 0 -3.5 0 0.620646 0.0250306 53 53 255
-29.3621 29.7006 11.7909 0.124286 0 -0.525917 0 -0.418024 -0.350401 255 197 197
-39.6711 42.4269 16.9236 0.639699 0 -3.74804 1 -0.173648 -0.939879 255 50 50
-32.0044 64.1171 20.8693 0.148809 0 -0.9 0 0.50632 0.690548 3 3 255
-45.7539 63.3551 23.4994 0.0910826 0 -0.8 0 0.078472 0.331782 3 3 255
-20.9731 61.2172 18.0249 -0.309114 -0.598552 -0.7 0 0.631945 0.204726 255 205 205
-29.0156 51.6589 -5.22819 -0.405051 -0.131993 -0.4 0 0.254099 0.310008 234 234 255
-26.4841 32.9868 8.29919 -0.127149 0 -0.415236 0 -0.158024 -0.192863 52 52 254
-21.9532 50.8801 31.2018 0.294235 -0.472389 -1.11503 0 0.284978 0.173429 43 43 255
-49.9478 52.0551 13.9045 -0.78879 -0.00108258 -3.5 0 -0.990485 -0.0892956 24 24 255
-26.295 50.1515 -5.17325 0.151978 0 -3.5 0 -0.141758 -0.0271936 32 32 254
-17.6811 32.0064 30.0211 0.0435518 0 -0.4 0 0.639139 -0.229462 18 18 255
-8.4465 43.3893 15.6062 -0.154113 0 -4.5 0 0.840888 -0.363499 19 19 255
-23.3741 53.5326 29.3026 0.224425 0 4.2 0 -0.283029 0.799672 13 13 255
-36.9965 34.8655 18.5465 -0.250306 0 -1.23921 1 -0.633453 0.740625 255 22 22
-40.1071 65.3678 21.0903 0.11026 0 -3.9 0 -0.378523 0.0665207 19 19 255
-25.6196 57.1709 28.1419 -0.329083 -0.205976 -3.5 0 0.841517 -0.284116 5 5 255
-49.1832 57.9317 22.4088 -1.07866 -0.00470668 -3.5 0 -0.898143 -0.0132676 25 25 255
-43.7289 64.1154 6.64187 1.68854 0 -0.855377 0 -0.776283 -0.622323 255 242 242
-30.237 36.4239 3.98094 -0.941546 0 -3.5 0 -0.709447 -0.416656 30 30 255
-26.5287 35.2562 6.126 -0.340457 -0.809984 -3.34349 0 -0.0114631 -0.972631 14 14 255
-45.4554 55.3689 14.1482 0.285996 0 -3.5 0 -0.644576 0.326266 18 18 255
-49.8216 49.2524 25.7408 -0.308637 0 -1.6 0 -0.381365 -0.849984 160 160 255
-30.5526 49.085 -3.81569 0.857961 0 -0.4 0 0.0873343 -0.996103 255 248 248
-31.6622 25.5336 10.9532 0.109849 0 3.71604 0 0.477674 0.469816 215 215 255
-27.4773 17.6793 19.6616 0.33629 0.010228 -2.42674 0 -0.772958 -0.59494 21 21 255
-27.895 64.4409 16.2461 0.495433 0.00427137 1.8 0 0.293419 0.917516 255 212 212
-48.5802 54.0964 21.2617 -0.347704 0 1.8 0 -0.849217 0.460255 63 63 255
-38.8855 31.6281 16.4503 0.349067 0 -1.6 1 -0.57391 0.800752 255 50 50
-34.5208 21.2448 9.07963 1.17726 0 -3.9 1 0.398627 0.228237 189 189 255
-35.0974 36.597 4.74175 0.00871388 0 -4.5 0 -0.039729 0.353995 255 217 217
-18.6565 36.8615 32.442 0.433454 0 1.8 0 0.899952 -0.294364 89 89 255
-35.3589 50.709 28.7705 0.485611 0 -3.36363 0 0.0973366 -0.254184 12 12 255
-42.1739 58.3327 10.4671 0.433464 0 -0.4 0 -0.777166 0.443562 255 247 247
-20.0572 56.359 18.0678 0.770353 0 1.9 0 0.435337 0.60626 131 131 255
-40.6097 31.0214 26.1038 -1.62398 -0.0201413 -3.5 0 -0.419413 -0.34864 255 35 35
-13.6865 24.9603 17.878 -0.104526 0 -3.5 0 0.182244 -0.175173 17 17 255
-34.0856 36.3569 33.4385 -0.0683423 0 -3.68706 0 0.177204 -0.27539 39 39 255
-27.0128 63.546 16.3819 0.997365 0 1.53289 0 0.55305 0.748807 255 129 129
-22.523 59.136 19.259 0.405542 0.814362 -0.7 0 0.351185 -0.125255 255 49 49
-17.0316 35.358 29.3725 -0.0351921 0 -0.4 0 0.943811 -0.314535 51 51 255
-49.8327 52.5168 21.5675 -0.29827 0 1.8 0 -0.700255 0.662871 121 121 255
-43.5535 49.0405 28.416 -0.659257 0 -4.5 0 -0.715784 0.459174 79 79 255
-10.2704 35.1663 12.0153 -1.67223 -0.0614176 -3.5 0 0.585304 -0.402995 228 228 255
-31.8841 67.7249 1.11538 0.859945 0 -4.5 0 0.118203 0.207386 152 152 255
-26.7353 26.2693 24.5643 -0.410811 0 3.8 0 0.182296 -0.0712136 24 24 255
-33.2694 27.3066 10.6467 0.0662731 0 4.2 1 0.044563 0.0224484 255 79 79
-19.6951 58.4336 5.89075 -2.60502 -0.552442 -3.5 0 0.50183 -0.029929 146 146 255
-29.2044 21.2131 26.9334 -1.74615 -0.548285 -3.5 0 0.791686 -0.408854 154 154 255
-9.92425 41.0495 9.43425 0.499789 0 -0.769487 0 0.632915 0.77031 70 70 255
-15.5685 41.9679 4.44675 0.281572 0 -4.5 0 0.305743 0.95206 35 35 255
-37.1455 40.694 7.67438 0.396688 0.345393 1.06712 0 -0.0597706 0.245883 255 174 174
-27.1622 49.104 35.4863 0.440398 0 1.8 0 0.352139 0.760291 24 24 255
-34.1732 62.2176 24.1136 0.205583 0 -4.5 0 0.187748 0.945579 0 0 255
-23.9221 63.4542 3.34494 0.170444 0.0671343 -3.5 0 0.926141 0.0357435 71 71 254
-41.6782 42.2224 17.9159 0.891344 0 1.81015 1 -0.0187011 -0.901252 255 61 61
-19.7835 49.9675 23.1553 -0.681251 -0.350645 -2.1067 0 0.408108 0.901911 181 181 255
-47.4484 52.8709 10.3382 0.209108 0 -3.5 0 -0.195397 0.626637 43 43 255
-42.169 43.4004 15.0678 0.828726 0 -4.5 0 -0.407472 -0.907571 255 228 228
-14.0479 40.0291 1.537 0.66327 0 -4.5 0 0.210155 0.242406 28 28 255
-30.5415 22.3248 29.4495 -0.0452707 0.299135 -3.5 0 0.141997 0.901896 141 141 255
-38.0858 34.3005 3.894 0.464634 0.488802 -4.5 0 -0.125179 0.51886 218 218 255
-42.1649 48.3203 31.9388 0.79385 0 -2.64934 0 -0.27209 0.949258 30 30 255
-32.6992 57.3003 29.345 -0.773441 0 -3.5 0 -0.0278478 -0.216086 16 16 255
-51.0156 50.2897 25.7659 -0.112448 0 -1.6 0 -0.950977 -0.30907 134 134 255
-28.0344 68.2761 4.53325 -0.803385 -0.246877 -3.85092 0 0.835812 0.470398 112 112 255
-36.4055 47.251 30.5845 0.112824 -0.021411 1.4049 0 0.652743 0.757516 14 14 255
-47.3293 53.8107 16.7458 -0.355504 0 -3.5 0 -0.619181 0.686036 22 22 255
-37.13 67.2064 1.06062 0.155681 0.0388517 -4.5 0 -0.447862 0.298594 105 105 254
-15.5451 41.6727 2.77541 0.936821 0 -4.5 0 -0.00708667 0.951732 33 33 255
-40.6686 49.4591 32.5901 0.470495 0 -1.6 0 -0.414064 0.113612 22 22 255
-31.0236 65.2761 18.5871 -0.147168 0 1.8 0 0.503543 0.566881 82 82 255
-10.946 40.4436 16.6234 -1.00727 0 -4.5 0 0.340351 -0.365918 90 90 255
-36.1559 41.5197 16.0355 1.26692 0.0127687 -0.7 1 -0.659573 -0.577995 255 11 11
-16.1886 53.3116 9.01725 -0.508748 -0.200172 3.03184 0 0.659228 -0.749456 92 92 255
-43.176 44.837 8.2175 0.409583 0 -1.6 0 -0.63457 -0.101693 255 79 79
-43.931 43.9074 29.6259 0.109219 0 -3.84604 0 -0.951881 -0.290944 46 46 255
-14.4719 37.0079 2.0605 0.681565 0 -4.5 0 -0.262785 -0.559877 9 9 255
-31.3431 14.6156 23.6242 0.827996 0 -4.5 0 0.141705 -0.930255 43 43 255
-35.1645 18.922 27.5895 0.822067 0 -3.5 1 -0.251338 -0.631526 255 109 109
-25.1965 28.9145 29.43 -0.326346 0 -0.9 0 -0.044345 -0.9254 26 26 255
-19.3641 41.5739 31.5667 0.180781 0 -0.7 0 0.514881 -0.163273 192 192 255
-22.6985 45.9777 3.30988 -0.141525 0 2.8 0 0.755779 0.201131 82 82 255
-40.505 29.8248 19.9044 0.541348 0.331529 -1.01769 1 -0.767354 -0.556792 255 45 45
-4.6335 46.163 12.2555 -1.11337 0 -3.5 0 0.311263 -0.00751928 6 6 255
-33.2019 65.5591 8.55287 -0.113065 0 -2.44087 0 0.782305 0.572919 35 35 255
-38.297 40.2625 22.02 -0.975918 -0.0679117 1.8 1 -0.29558 -0.952844 255 18 18
-14.9862 31.9354 23.9839 0.600137 0 -4.5 0 0.164925 0.341496 25 25 255
-41.4214 40.4248 31.8469 -0.703918 0 -3.60961 0 -0.516416 -0.769012 45 45 255
-37.7381 55.4871 3.90488 -0.459216 -0.189867 3.80054 0 -0.293663 0.771859 255 175 175
-21.1528 41.862 5.05881 0.028004 0 3.8 0 -0.0219326 -0.474926 97 97 255
-42.497 51.808 31.229 -1.23206 -0.2905 -3.5 0 -0.480178 -0.771827 26 26 255
-12.7163 49.9595 14.0772 0.677163 0 -0.8 0 0.00967177 0.998237 5 5 255
-36.4511 50.4688 -4.28756 0.103649 0 1.8 0 -0.782988 -0.539555 255 211 211
-25.9946 37.7368 0.862 0.178229 0.166502 -3.5 0 -0.204303 -0.22385 39 39 255
-24.5613 57.2755 -1.61075 0.0268697 0 -1.6 0 0.757252 0.652597 43 43 255
-31.0746 17.8349 28.8317 -0.255421 -0.512014 -3.5 0 -0.123227 -0.98866 255 223 223
-35.3228 45.2557 28.9485 0.0534228 0 0.960542 0 0.679343 -0.162673 76 76 255
-27.3172 29.4533 9.74063 -0.00599898 0 -0.556873 0 -0.495562 -0.50945 145 145 255
-13.7041 58.647 12.744 -1.39746 -0.752515 -0.8 0 0.888462 0.29925 8 8 255
-35.9863 67.5443 17.2579 0.605546 0 -3.9 0 0.108796 0.904991 17 17 255
-22.1725 23.7695 9.82375 -0.126979 0 -0.7 0 0.183102 0.0453545 66 66 255
-39.6895 28.7725 18.7675 0.757293 0.774747 -0.8 1 -0.87309 -0.477037 255 37 37
-14.1563 31.6637 6.50575 0.292244 0 -4.5 0 -0.522953 -0.562858 68 68 255
-22.4871 28.5251 28.2558 0.120235 0 1.8 0 0.276848 -0.316187 20 20 255
-35.6712 45.1517 3.70487 0.562936 0 -4.5 0 -0.152377 -0.279854 144 144 255
-15.6447 62.0359 10.1216 0.142803 0 -3.61581 0 0.406884 0.359194 41 41 255
-22.5551 53.992 -5.84094 0.815756 0 -3.5 0 0.252269 -0.0437888 53 53 255
-18.0875 47.8865 8.7625 0.00358734 0 -0.7 0 -0.378679 -0.32323 255 187 187
-28.9322 30.6215 10.7589 0.801746 0 1.8 0 -0.647278 -0.58387 255 197 197
-36.6869 36.7706 23.2505 -0.110597 0.478933 -3.5 1 -0.422163 0.641942 255 10 10
-27.2621 18.5806 23.0569 -0.0602283 0 -3.2 0 0.418056 -0.67357 22 22 254
-22.4755 38.9212 32.1823 -0.00771808 0 1.8 0 -0.39022 0.404984 145 145 255
-41.7451 42.9846 16.3353 0.654148 0 -4.5 0 -0.175704 -0.95263 255 147 147
-45.6421 58.6329 14.2222 0.249304 0.0552545 -3.5 0 -0.18021 -0.0486858 8 8 255
-35.8105 21.0759 28.2399 -0.177301 0 -3.5 1 -0.79778 0.0110778 255 74 74
-37.1395 70.7606 10.4634 -0.25591 0 -3.5 0 -0.553458 0.80703 19 19 255
-11.3169 41.874 8.60344 -0.247008 0 1.8 0 0.568213 0.815038 52 52 255
-44.1442 62.3737 12.9421 -0.0705278 0 1.11193 0 -0.941486 -0.253745 112 112 254
-24.2886 45.3228 0.390625 -0.032587 0 2.8 0 0.561994 -0.552548 26 26 254
-35.1258 23.0494 28.2769 -0.216788 0 -3.5 1 -0.875685 0.281335 255 95 95
-49.1994 60.5493 21.3526 -0.460941 -0.508152 -1.38175 0 -0.933537 0.312946 6 6 255
-35.6264 52.8246 29.6822 0.999805 0 -4.5 0 0.300618 -0.292294 16 16 255
-19.3496 31.1359 30.288 0.180712 0 -0.4 0 -0.0755224 -0.684082 10 10 254
-28.3143 34.9239 4.63125 -1.44559 -0.295986 -3.5 0 -0.0945464 -0.975172 16 16 255
-42.9979 59.6601 24.42 -0.435001 -0.762008 -1.14357 0 -0.0608621 0.604303 66 66 255
-34.505 32.3797 6.75975 1.06646 0 -4.5 0 0.826055 -0.562575 255 78 78
-50.0798 54.5495 19.177 -1.44948 0 -3.5 0 0.0462627 0.957635 38 38 255
-27.3801 45.4842 -1.94825 0.305893 0.359402 -3.5 0 -0.562198 -0.824375 93 93 254
-10.9074 49.9535 21.2185 0.950555 0 -4.5 0 0.3981 0.775997 12 12 255
-37.2421 35.2578 29.3161 -0.291832 0 -0.7 0 -0.917331 -0.280495 255 193 193
-49.2783 56.4478 20.4827 -1.2378 -0.320134 -3.5 0 -0.720446 -0.628664 23 23 255
-10.6748 35.8244 18.6894 -0.967715 -0.0310627 1.8 0 0.553291 0.498065 86 86 255
-36.475 33.0227 29.1497 0.0196221 0.578793 -0.7 0 -0.731504 -0.535092 255 166 166
-41.7817 35.7152 17.6029 0.226653 0 -1.3 1 0.0810208 0.456769 255 27 27
-28.4478 62.5452 20.4702 0.81716 0 1.8 0 0.0555087 0.568019 170 170 255
-12.7945 34.5608 20.2033 0.091382 0 1.37547 0 0.505832 0.490292 12 12 255
-36.1315 24.8497 12.1941 -0.0702162 0 2.08158 1 -0.195476 0.320142 255 77 77
-17.8247 53.1511 7.2955 0.34518 0 3.8 0 0.486676 -0.325375 201 201 255
-30.5602 33.1143 32.1883 -0.155667 0 -0.9 0 -0.313446 -0.281894 96 96 255
-37.9492 24.3625 12.5826 -0.200296 0 -3.9 1 -0.780244 0.23693 255 104 104
-7.29969 30.8706 19.9423 -0.878638 0 1.8 0 0.894944 -0.00744552 20 20 255
-17.1728 34.4776 24.2378 -0.0459609 0 4.2 0 0.905079 0.40761 20 20 255
-37.0998 25.612 21.5655 -0.267578 0 3.8 1 -0.999862 -0.0133801 255 109 109
-24.3649 65.1994 3.31381 0.184459 0 -3.5 0 0.567037 0.498407 124 124 255
-29.2467 31.5783 9.9715 0.596703 0 1.8 0 -0.659718 -0.558348 255 90 90
-31.7973 62.8673 9.74194 -0.753353 0 -1.6 0 0.857078 0.409884 27 27 255
-41.834 66.701 4.28025 -0.114027 -0.426478 -0.8 0 0.488816 0.54964 77 77 254
-44.0164 45.2034 25.1752 0.682042 0.913752 -0.4 0 -0.808687 -0.459739 128 128 255
-44.1094 43.9793 30.6644 -0.0456426 0 -4.36636 0 -0.911848 -0.270701 41 41 255
-27.2659 21.2495 23.4958 -0.24959 0 -1.3 0 0.630861 0.26909 33 33 255
-35.4955 43.66 29.231 0.144568 0.818506 1.8 0 0.897165 0.215996 88 88 255
-23.0341 48.3599 0.622875 0.161227 0 -3.9 0 0.664194 -0.747555 13 13 255
-38.4784 58.2711 29.8901 0.943427 0 -4.5 0 -0.00616943 -0.209302 63 63 255
-32.9177 43.8651 36.9059 0.499689 -0.109311 -4.3084 0 0.0824794 0.402017 14 14 255
-12.8382 33.8481 21.8134 0.0741215 0 -4.5 0 0.520249 0.643992 3 3 254
-33.1912 47.9963 31.4503 -0.718786 -0.493957 -3.5 0 -0.868121 -0.0061081 13 13 255
-20.7443 37.9237 4.44269 -0.101464 0 -3.5 0 0.369685 -0.322023 10 10 255
-20.1887 43.3488 32.4533 0.0870488 0 -0.7 0 0.262783 -0.0268839 224 224 255
-21.4968 35.9321 5.69275 0.107126 0 -3.5 0 0.535802 -0.391991 11 11 255
-11.7984 47.3976 24.6989 0.564065 0 -1.64179 0 0.860668 0.480628 5 5 255
-42.4297 30.6154 23.5736 -0.300648 0 -3.5 0 -0.976605 -0.128524 255 54 54
-35.5942 31.9448 28.8167 -0.295897 0.377267 -0.7 0 -0.521074 -0.589023 255 148 148
-37.3394 32.3822 11.9952 0.185313 0 1.9 1 -0.857736 0.503045 255 58 58
-36.7281 70.5316 18.7646 2.64211 0.15043 -3.9 0 0.216763 0.879614 10 10 255
-34.9109 30.4421 9.69462 0.302876 0 1.9 0 0.517331 -0.478924 255 30 30
-31.2792 19.0282 31.5767 -0.794554 -0.0296151 -3.5 0 -0.319406 -0.212462 245 245 255
-18.6691 60.1102 15.8136 -0.0449504 -0.820387 -0.426148 0 0.516131 0.161632 61 61 255
-14.6222 26.8429 19.4004 -0.658374 0 -3.5 0 -0.133116 -0.879053 6 6 255
-47.8807 48.5472 23.4341 -0.756984 0 -0.527354 0 -0.00998579 -0.912636 215 215 255
-15.1237 22.2687 17.8983 1.07354 0 -4.5 0 0.651461 -0.755391 11 11 255
-39.5528 41.8796 36.7503 -0.360405 0 3.8 0 -0.41453 -0.457951 5 5 255
-35.4685 40.3947 17.1177 1.18862 0.503276 -0.71205 1 -0.985459 -0.0385554 255 7 7
-21.3502 59.5499 18.7119 0.898043 -0.0799152 -0.7 0 0.642097 -0.0363275 255 127 127
-34.4755 26.4445 27.3825 -0.502679 -0.215517 0.612407 0 0.218688 0.0531605 255 94 94
-37.7988 59.141 29.858 0.721836 0 -4.5 0 0.23488 -0.248764 85 85 254
-32.1189 48.5936 -4.48175 0.987047 0.271653 -0.4 0 -0.0442958 -0.997729 255 219 219
-14.8788 33.7826 22.6278 0.727058 0 -4.5 0 0.204315 0.755288 9 9 255
-40.0935 50.1664 36.6476 -0.0363468 0 -1.6 0 0.00518074 0.117872 13 13 255
-13.2497 54.8524 10.2785 -0.0629367 -0.140851 -2.04507 0 0.801131 -0.538588 20 20 255
-17.3165 49.4801 31.0846 0.252237 0 -3.6947 0 0.179905 -0.00401521 167 167 255
-37.7057 69.2661 2.5815 0.256141 0 -4.5 0 -0.831613 0.552935 105 105 254
-45.1199 46.3315 29.4336 0.246268 0 -4.5 0 -0.968632 -0.240617 51 51 255
-45.6946 49.8451 11.5936 0.477675 0 -3.5 0 0.0486493 -0.632684 156 156 255
-16.9859 64.2871 10.2177 0.817935 0 -4.5 0 -0.190498 0.518612 81 81 255
-13.7008 44.888 7.54844 -1.57288 -0.0657438 -3.5 0 0.0488267 0.412244 94 94 255
-21.8964 48.3939 5.984 0.218128 0 3.47703 0 0.861707 -0.496062 255 197 197
-28.772 33.0283 33.1716 0.00371279 0 -0.9 0 -0.220596 -0.0257107 85 85 254
-16.3262 59.6387 13.9234 0.543619 -0.00294038 -0.473892 0 0.574378 0.293831 24 24 255
-49.7138 52.4532 23.8258 0.00760233 0 -1.6 0 -0.805342 0.576949 171 171 255
-41.7911 53.6527 6.82069 0.0135506 0 4.2 0 -0.988457 0.123853 148 148 255
-30.1865 48.7524 36.2296 0.799168 0.0422118 1.8 0 0.0316789 0.349819 17 17 254
-38.0216 42.4198 37.3101 -0.284416 0 3.8 0 -0.00537985 -0.482467 9 9 254
-32.9248 17.2405 26.7514 0.837942 0 -4.5 0 -0.19043 -0.279308 255 172 172
-9.82738 41.5771 23.1688 0.476014 0 -3.5 0 0.900907 0.20021 15 15 255
-42.1937 65.7432 18.697 0.721106 0 -3.9 0 -0.664662 0.745187 17 17 255
-21.662 27.0479 23.8066 0.0655769 0 -0.7 0 -0.0787921 -0.93715 33 33 255
-37.3377 38.1256 13.8729 0.29808 0 4.2 1 -0.647425 0.00251176 255 7 7
-17.7491 36.5573 6.5925 0.410785 -0.0363614 -3.60074 0 0.0344819 -0.511169 18 18 255
-39.0016 42.2111 6.4625 0.493707 0 -0.4 0 0.113022 -0.852933 255 137 137
-39.8122 66.6885 21.1125 0.241711 0 -3.9 0 -0.340284 0.141671 33 33 255
-28.7268 42.5901 36.295 0.507673 0 -4.5 0 0.583407 -0.211124 50 50 255
-12.9536 39.2313 19.2738 0.107968 0 1.8 0 0.734496 0.667318 37 37 255
-24.4631 50.1543 33.0465 0.241742 0 -4.5 0 0.333002 -0.0271038 22 22 255
-38.6516 63.1253 25.6737 0.5195 0 -4.5 0 -0.730041 0.675714 6 6 255
-42.0016 61.8674 9.44588 0.967857 0 -2.6153 0 -0.139983 -0.661558 255 220 220
-16.762 36.1405 6.62525 -0.480761 -0.267959 -4.5 0 -0.293826 -0.4264 29 29 255
-16.6956 28.9259 24.1421 -1.21406 -0.959638 -0.7 0 0.243946 -0.807009 12 12 255
-37.8549 48.3608 27.9354 0.347641 0 1.8 0 -0.117685 0.479843 38 38 254
-43.9614 43.1343 27.4237 0.418586 0 -3.5 0 -0.914972 -0.393783 94 94 254
-19.419 44.8179 5.225 -0.0872772 0 3.8 0 0.942517 0.326071 217 217 255
-44.5 40.8704 30.109 -2.17642 -0.442637 -3.5 0 -0.992204 -0.0105018 132 132 255
-12.1698 49.144 23.8065 0.45777 0 2.05173 0 0.96056 0.273044 24 24 255
-47.3195 62.7217 23.2652 -0.0506517 -0.0683133 -0.8 0 -0.407818 0.276183 4 4 255
-39.3572 38.0494 11.0215 0.125037 0 4.2 0 -0.998463 -0.038305 255 26 26
-17.4071 57.5891 6.28412 -0.0718211 0 1.8 0 -0.278105 0.44956 63 63 255
-21.3704 54.7321 21.8983 -0.0959516 0 1.3269 0 0.741237 0.572753 255 75 75
-31.5664 65.3121 2.03194 0.573496 0 -4.5 0 -0.13107 -0.395414 106 106 255
-39.8095 59.0296 8.0275 0.326532 0 1.8 0 -0.699455 0.690998 255 110 110
-42.0486 43.8935 7.77906 0.277525 0 -1.07267 0 -0.631677 -0.361496 255 105 105
-32.8801 22.9636 30.0551 -0.256454 0 -3.5 0 -0.050225 0.607339 255 197 197
-17.232 55.5441 14.7951 0.75981 0 -3.56712 0 0.00309539 0.158013 5 5 255
-22.7159 59.7519 6.9575 0.0519133 0.335135 -3.83862 0 0.538415 0.769714 158 158 255
-13.9284 22.4104 16.0062 -0.118589 0 -3.5 0 0.108196 -0.984565 19 19 255
-46.8727 59.4948 13.8116 0.555197 0.796725 -3.5 0 -0.119064 -0.158787 8 8 255
-35.7075 49.8045 0.33575 -0.607331 -0.185572 3.8 0 -0.300213 -0.793337 255 221 221
-34.0153 67.3566 10.6729 -0.0958712 0 -3.5 0 0.931347 0.333834 11 11 255
-39.1019 23.3022 20.1636 -0.371233 0 -3.5 1 -0.508452 0.243775 255 136 136
-38.417 27.7197 19.9955 -0.102169 0 -0.8 1 -0.813357 -0.551075 255 60 60
-33.9556 32.0916 32.5044 -2.70166 -0.0317575 -3.5 0 0.0298355 -0.919352 194 194 255
-30.4589 52.2546 -5.98438 4.40388e-05 0 -0.4 0 0.267949 0.707648 255 183 183
-35.4387 47.7606 32.4689 -0.472208 -0.298733 1.40966 0 0.250206 0.13541 10 10 254
-20.8281 54.0487 -2.03919 1.07781 0 -3.9 0 0.171855 0.728089 27 27 255
-43.2998 56.1566 12.0157 -0.0141051 0 -2.84193 0 -0.788093 0.567513 22 22 255
-23.6075 16.5578 12.9893 0.859574 0 -3.9 0 0.38717 -0.870269 15 15 255
-37.0973 36.3129 6.06025 0.34609 0.0556847 -4.5 0 -0.676775 0.398198 255 143 143
-27.1908 58.8672 28.8795 -0.243364 0 -3.5 0 -0.194553 0.448408 2 2 255
-28.5199 32.1978 8.3745 -0.0671906 0 1.8 0 -0.431329 -0.269063 230 230 255
-14.1973 26.1083 11.7603 -0.174821 -0.0371525 -3.5 0 0.853616 0.267084 58 58 255
-28.9842 18.2811 17.6801 0.0962333 0 -0.4 0 0.239422 -0.732802 29 29 255
-26.6874 22.5464 10.1565 -1.92588 -0.268339 -3.5 0 -0.596265 -0.710131 97 97 255
-39.3909 40.2056 10.1143 0.444352 0 4.2 0 -0.96611 -0.222064 255 58 58
-16.9986 37.3232 23.7757 -0.149439 0 2.17965 0 0.74619 -0.617039 7 7 255
-14.1905 31.259 11.1122 -0.0228808 0 4.2 0 0.0747572 -0.0233554 99 99 255
-19.9053 27.8827 27.0374 -1.48787 0 1.8 0 0.53128 -0.665074 17 17 255
-40.1862 67.1555 17.2 0.101105 0 -3.87001 0 -0.657178 0.75345 17 17 255
-21.6914 52.7015 0.528 0.0308273 0 -3.9 0 0.505715 0.860063 29 29 255
-27.6864 57.9683 -1.02538 0.0552406 0 -1.6 0 -0.257556 0.880359 88 88 255
-33.961 70.3595 10.6342 -0.264411 0 -3.5 0 0.98251 0.0382224 10 10 255
-28.4269 50.1379 35.7682 0.274248 0 1.8 0 0.209709 0.745356 15 15 255
-32.0385 51.6945 -6.207 -0.0980666 0 -0.261463 0 0.0467962 0.300792 255 192 192
-38.3438 52.7277 29.0956 0.756454 0 -4.5 0 -0.140788 -0.495146 12 12 255
-36.4017 38.2844 15.1601 0.483853 0 1.32131 1 -0.90775 0.22174 255 6 6
-20.4164 52.1538 22.1784 0.238602 0 -0.8 0 0.883077 -0.0698573 255 198 198
-25.3286 24.5911 8.09819 -2.05771 -0.810389 -3.5 0 0.101837 0.135098 146 146 255
-19.1632 20.9382 11.5437 -1.61334 -0.317782 -3.5 0 0.0940911 -0.893983 53 53 255
-50.7021 49.9565 23.1974 -0.767834 -0.659004 -1.6 0 -0.994046 -0.104635 144 144 255
-37.6085 33.0349 10.4956 -0.414201 0 1.9 1 -0.908302 0.376841 255 36 36
-37.9455 34.609 18.9835 -0.0245475 0 -1.3 1 0.0092609 0.832663 255 24 24
-40.9176 58.9161 29.9256 0.318287 0 -4.5 0 -0.551076 -0.532049 55 55 255
-35.551 52.621 33.772 0.552223 0 -0.4 0 0.0437192 0.859125 9 9 255
-42.2158 66.0335 19.7997 0.138769 0 -3.9 0 -0.686921 0.623085 21 21 255
-13.8606 56.1679 6.4775 0.0667484 0 1.8 0 0.944257 0.0427358 58 58 254
-20.9009 45.9194 6.61631 -0.0830948 0 3.8 0 0.844652 0.528842 255 146 146
-31.0475 21.9914 30.8137 -0.0205986 0 -3.5 0 0.0623099 0.785424 200 200 255
-27.8359 62.7554 10.4078 -1.35152 -0.34101 -3.5 0 -0.150626 0.742876 27 27 255
-29.2991 18.6676 26.5054 -0.0271018 0 -4.5 0 0.865677 0.223531 93 93 255
-16.9181 46.9749 32.5004 0.95142 0.0781854 -4.5 0 0.382765 0.211491 82 82 255
-26.1476 26.2229 8.40769 -0.337903 0 -3.5 0 -0.0939947 0.365149 117 117 255
-20.5395 18.055 15.3787 0.0288725 0 -3.9 0 0.736644 -0.663787 8 8 255
-40.8353 58.3538 6.24731 0.216688 0 1.8 0 -0.786819 0.588057 255 75 75
-38.6839 32.5471 17.9751 0.222777 0 -1.36305 1 0.190272 0.468253 255 26 26
-35.2111 18.6195 7.97425 2.07768 0.83562 -3.9 0 0.473341 -0.638444 183 183 255
-32.7181 17.5923 12.702 -1.71881 -0.261439 -3.5 0 -0.975313 -0.220133 94 94 255
-31.4481 53.8039 -3.96375 -0.119783 -0.0803613 -0.361269 0 0.351572 0.637213 255 204 204
-43.6589 46.9689 8.91681 0.502245 0 -1.6 0 -0.858128 0.3965 255 110 110
-48.5843 45.9263 14.1871 0.460912 0 1.8 0 -0.0990204 -0.968407 133 133 255
-44.278 43.5919 21.1588 0.779052 0.376491 -4.5 0 -0.225121 -0.781934 255 235 235
-37.9878 19.9019 8.97488 2.30449 0.397127 -3.9 1 -0.98803 -0.137189 255 226 226
-48.1267 60.4943 24.9921 0.581003 0.68956 -0.8 0 -0.366857 0.867513 19 19 255
-8.84838 38.4047 11.4408 -0.181158 0 -0.8 0 0.927496 0.104074 190 190 255
-14.8911 56.2768 14.3479 0.208033 0 -4.5 0 0.397603 0.40002 3 3 255
-21.9377 53.9259 30.0721 0.181763 0 4.2 0 -0.16154 0.632588 25 25 255
-18.3967 58.2714 6.48513 -1.65013 -0.523665 -2.94081 0 0.168467 0.214421 101 101 255
-27.9879 56.9863 -2.85025 0.278548 0 -1.6 0 -0.443945 0.621484 93 93 255
-37.8008 31.8776 17.1397 -0.0841922 0 -1.6 1 -0.387057 0.805097 255 43 43
-41.6006 48.5654 35.7043 0.390123 0 -1.6 0 -0.698051 -0.321117 11 11 255
-10.095 40.4399 13.8918 -0.341909 -0.238972 -2.09996 0 0.939545 -0.342374 134 134 255
-19.3858 55.3181 18.4037 0.458654 0 1.85116 0 0.651488 0.743258 75 75 255
-47.5924 64.8463 20.7384 -1.24124 -0.885613 -0.8 0 -0.519637 0.615521 2 2 255
-35.1838 33.7536 4.54769 0.565916 0 -4.5 0 0.330377 -0.0917382 255 245 245
-30.1446 59.6068 1.16737 -0.177253 0 -0.9 0 -0.205391 0.502279 87 87 254
-44.8879 45.3791 31.1978 0.540413 0.00838481 -4.5 0 -0.986911 -0.161142 34 34 255
-34.8071 14.865 15.2221 -0.0505881 0 1.8 0 -0.886155 0.0225409 58 58 254
-8.60175 37.6616 10.4259 -0.121952 0 -0.8 0 0.976892 -0.21327 115 115 255
-17.8371 30.3723 26.2103 0.174933 0 -0.673504 0 0.691035 -0.505835 21 21 255
-15.4561 35.9929 5.85744 -0.0119236 -0.579851 -4.5 0 -0.79845 -0.299532 30 30 255
-38.4506 35.2596 27.7824 -0.485144 0 -0.7 0 -0.741192 0.0351722 255 88 88
-31.4979 25.8771 25.792 -1.50037 -0.312077 -3.5 0 0.498684 0.615695 255 165 165
-24.0599 62.4286 4.37238 0.118156 0 -4.5 0 0.831536 0.518844 65 65 255
-32.6593 49.2829 29.0176 0.284235 0 -0.859684 0 -0.594637 0.388168 11 11 255
-30.9116 31.0932 28.4173 -0.471168 0 -2.13494 0 -0.181124 -0.855397 138 138 255
-40.6806 49.3399 27.9285 0.35488 0.908559 -3.5 0 0.448091 0.0279799 33 33 254
-22.2788 44.5168 31.8966 0.22091 0 -3.78541 0 0.00934786 -0.125339 120 120 254
-36.228 70.2637 20.8442 2.77061 0 -3.9 0 0.322417 0.748007 16 16 255
-38.6751 27.5533 22.4348 -1.64115 -0.0692549 4.2 1 -0.667782 -0.721902 255 113 113
-6.61137 34.365 17.047 -0.164455 0 1.8 0 0.74084 0.671657 255 182 182
-41.5009 67.3762 12.7405 -0.070331 0 -2.53598 0 -0.784591 0.618197 103 103 255
-22.6572 39.3229 3.36619 -0.500073 0 -3.5 0 0.637216 0.707693 27 27 255
-35.2249 39.2643 19.9304 0.272196 -0.870406 -0.8 1 -0.972056 -0.189101 255 6 6
-27.3562 16.1179 13.0194 0.56639 0 -3.55334 0 0.329367 -0.844383 72 72 255
-13.5177 31.7533 24.1126 1.2921 0.632969 -4.5 0 0.37266 0.456833 11 11 255
-38.0936 67.6573 17.0781 0.381764 0 -3.9 0 0.436513 0.830714 15 15 255
-32.5068 49.3958 -5.86766 0.413058 0 -0.4 0 -0.101608 -0.683579 255 225 225
-31.6173 36.7777 5.00906 -1.38208 -0.618507 -3.5 0 -0.510701 -0.427069 82 82 255
-10.0673 46.6428 11.2574 -0.149156 0 -0.8 0 0.326881 0.259522 25 25 255
-19.9552 19.43 16.4911 -0.0309393 0 -3.9 0 0.718629 -0.667304 21 21 255
-19.7025 25.3127 10.2971 -0.20839 0 -1.8072 0 -0.366191 0.211991 56 56 255
-24.3879 26.8234 27.2326 -0.20597 0 1.8 0 -0.39314 -0.79373 12 12 255
-29.3265 52.4035 32.9704 0.570568 0 -4.5 0 -0.459874 0.569698 13 13 255
-37.88 70.5082 19.0956 3.05871 0.340896 -3.9 0 -0.510786 0.783709 20 20 255
-39.5361 61.6157 27.8721 0.055313 0 -4.5 0 -0.599263 0.59923 27 27 255
-17.902 42.8177 8.10125 -0.483681 0 -3.5 0 0.0507668 0.71293 105 105 255
-14.7644 52.1324 23.2898 1.18787 0.551083 -3.9 0 0.182886 0.980507 57 57 254
-7.15938 34.6889 14.5425 -1.48828 0 -3.5 0 0.74079 0.658037 255 99 99
-14.9266 22.4659 16.7876 0.836611 0 -3.654 0 0.317559 -0.943746 18 18 255
-45.533 46.76 28.2943 0.136747 0 -4.5 0 -0.981782 0.161016 77 77 255
-33.8535 49.1226 32.7923 -0.279347 -0.585939 -3.5 0 -0.238866 0.549383 14 14 255
-43.141 48.924 10.7745 -0.215728 -0.0608268 -2.32407 0 -0.817053 0.157935 255 195 195
-20.8533 32.1628 8.57812 -0.152499 0 -3.04014 0 -0.272549 -0.921102 49 49 255
-20.9035 63.6665 10.483 0.0133802 0 3.8 0 0.548662 0.792958 114 114 255
-23.1246 53.8012 -1.41537 -0.265897 0 -2.94628 0 0.338765 0.804174 19 19 255
-37.8346 60.9525 2.57075 -0.364516 0 -3.5 0 -0.569439 -0.786828 232 232 255
-27.4386 51.0882 -5.011 -0.115597 -0.651134 -0.4 0 -0.00480008 -0.171935 128 128 255
-52.0955 48.6181 16.812 1.81183 0.861454 -0.8 0 -0.933206 -0.0183694 68 68 255
-33.2994 42.4115 2.82725 0.31366 0 -4.5 0 -0.145361 -0.305999 151 151 255
-25.556 43.29 35.8633 0.0880084 -0.202441 -3.65899 0 0.463635 -0.422331 163 163 255
-37.9417 18.1654 20.6874 -0.0376706 0 -1.9867 0 -0.528149 -0.488689 255 238 238
-9.61119 47.6014 15.1358 1.07891 0.272113 -3.5 0 0.412106 0.621746 2 2 254
-5.99081 44.63 13.7299 -0.219617 -0.683467 -3.5 0 0.369429 -0.917125 8 8 255
-15.0031 62.7952 12.8054 0.865059 0 -4.5 0 0.814169 -0.332094 22 22 255
-41.1245 48.0874 30.524 0.233076 -0.0276719 -3.92151 0 0.210876 0.977378 33 33 255
-33.4884 61.4775 28.8164 -1.27175 -0.078233 -3.5 0 0.268013 0.762442 5 5 255
-44.2131 62.5651 22.9226 0.0717218 0 -1.29848 0 0.521072 0.511409 4 4 255
-23.0388 34.9423 5.35369 0.1425 0.46273 -3.5 0 -0.135437 -0.835682 20 20 255
-33.4079 50.9923 28.4808 0.137695 0 -2.88047 0 -0.181427 -0.138883 12 12 255
-25.4025 48.6675 -5.5645 0.0976728 0 -3.5 0 0.0798806 -0.0372032 14 14 255
-10.148 37.998 13.4029 -1.53601 -0.0152584 -3.5 0 0.884609 0.356794 221 221 255
-35.4725 67.6945 13.6485 0.191696 0 0.284216 0 0.646995 0.750973 11 11 255
-21.9581 30.7589 28.7117 0.207914 0 0.570232 0 0.25122 -0.52808 10 10 255
-17.0672 44.9622 8.53075 -1.18485 -0.764626 3.8 0 -0.285518 0.0406835 188 188 255
-14.397 38.5037 29.274 0.00648661 0 1.8 0 0.699714 -0.632568 42 42 255
-6.6135 30.0623 16.0649 -0.303266 0 0.3441 0 0.830117 0.0138772 120 120 255
-44.7265 44.5943 33.5741 0.342323 0 -4.5 0 -0.552527 0.226205 15 15 255
-8.562 28.8759 22.5504 -1.9413 0 -3.5 0 0.110587 -0.436758 5 5 255
-44.4865 53.3515 10.6138 -0.0876255 0 -3.5 0 -0.207122 0.268436 32 32 255
-20.035 49.5098 -2.0935 0.0122395 0 -3.9 0 0.685411 -0.721434 2 2 255
-34.2718 47.9333 2.34437 -0.0585684 0 3.8 0 -0.50402 -0.672417 235 235 255
-49.0313 59.984 15.839 -0.0447748 0 -3.5 0 -0.851303 -0.116204 27 27 255
-23.9105 37.5628 1.05075 -0.461415 -0.0637997 -3.5 0 0.100447 -0.469131 23 23 255
-35.079 50.4446 -0.856 -0.751867 0 3.38797 0 -0.26875 -0.890721 255 234 234
-13.9227 41.9639 17.3884 0.597031 0 3.8 0 0.280827 -0.373714 11 11 254
-42.5381 42.2783 17.0631 0.668864 0 1.9 0 0.245175 -0.784408 255 171 171
-44.449 61.3442 14.2554 -0.303079 -0.107384 2.16145 0 -0.701417 0.0327437 60 60 255
-14.7017 30.0387 2.96012 0.523542 0 -4.5 0 -0.56893 -0.435052 24 24 255
-34.3349 52.9807 29.2237 0.140881 0 -4.5 0 0.101294 -0.160581 20 20 255
-19.3091 35.737 33.692 0.0849735 0 1.8 0 0.681419 -0.584476 79 79 255
-21.994 56.3755 18.1785 0.874381 0 1.9 0 0.241602 0.579044 255 169 169
-17.9356 25.5401 7.7725 -0.690716 0 -3.5 0 -0.635551 0.280295 57 57 255
-39.7864 41.0467 25.5042 0.137504 0 -0.4 1 -0.478904 -0.814967 255 79 79
-37.5579 52.3628 0.392625 -0.204487 0 3.8 0 -0.923199 0.0500085 255 162 162
-15.3717 58.627 7.65281 0.121172 0 -0.482721 0 0.569609 0.543976 52 52 255
-45.1363 45.4883 22.4395 -0.0574116 0 -4.5 0 -0.49769 -0.382208 255 201 201
-30.595 63.197 21.5435 0.29551 0 -0.9 0 0.454369 0.773879 10 10 255
-26.964 21.4579 12.5817 -0.521673 -0.79125 -1.23313 0 -0.288796 -0.40509 79 79 255
-29.5634 64.8704 13.2844 -0.466776 -0.0818648 -0.7 0 -0.0789645 0.911266 28 28 255
-23.8934 47.2005 -0.530625 -0.115208 0 -2.26245 0 0.745484 -0.666431 15 15 255
-34.6157 51.4285 33.5279 0.897039 0 -0.4 0 0.493114 0.33021 12 12 255
-16.8424 40.5246 1.66712 0.654832 0 -4.5 0 -0.577846 0.440153 27 27 254
-50.6806 50.1856 15.6299 0.182579 0 -3.5 0 -0.763316 0.175326 40 40 255
-41.9643 49.3283 33.2503 0.424318 0 -1.6 0 -0.791194 0.303912 24 24 255
-7.57344 28.9026 19.7858 -1.36568 0 -3.5 0 0.924725 -0.361459 38 38 255
-31.695 14.8118 22.4375 0.74777 0.072669 -4.5 0 0.28634 -0.795482 99 99 255
-14.9355 22.8975 18.6775 0.725003 0 -4.5 0 0.633937 -0.146311 12 12 255
-32.3304 35.0503 7.45087 -0.94985 0 -2.49417 0 0.426738 -0.698401 255 167 167
-19.6311 53.6069 -2.14088 0.532572 0 -3.9 0 0.652887 0.481307 31 31 255
-22.7672 26.2168 26.9672 -0.124399 0 1.8 0 0.250207 -0.962156 13 13 255
-39.49 61.9259 30.75 0.678583 0.0659537 -4.5 0 0.11411 0.571601 106 106 255
-43.6952 37.4958 19.8283 -0.787428 -0.0699975 -1.3 1 -0.262226 0.903345 255 29 29
-29.7685 60.7405 9.1195 -2.63723 -0.19853 -3.5 0 -0.38253 0.857635 113 113 255
-38.9458 49.0881 31.9374 -0.0893369 0 -0.513346 0 -0.0294112 0.421395 20 20 255
-38.6626 40.7583 12.7058 -0.198856 -0.0344042 4.2 0 -0.652046 -0.0184927 255 24 24
-23.3797 58.3775 19.8328 0.313112 0.534628 0.377016 0 0.898944 0.285584 255 38 38
-23.0002 51.3727 31.9237 0.483817 0 -4.5 0 0.713708 0.389898 32 32 255
-32.3162 53.9902 29.4772 -0.220478 -0.449499 -4.5 0 -0.473231 0.315224 22 22 255
-13.7534 52.7995 28.7126 0.641795 0 -3.5 0 0.543903 0.735842 29 29 255
-35.4199 43.7646 32.4422 0.108411 0.80011 -4.5 0 0.421959 0.762613 8 8 255
-38.2692 22.1484 13.2456 -0.104623 0 -3.9 0 -0.973637 -0.03327 255 112 112
-21.2358 50.2853 2.594 0.377159 0 1.8 0 0.931785 -0.243663 56 56 255
-43.1266 44.073 24.2516 -0.262669 -0.832287 -0.4 0 -0.939039 -0.294713 180 180 255
-31.8501 14.4882 14.7272 0.345728 0 1.8 0 0.19063 -0.715455 41 41 255
-36.1719 58.6924 29.294 0.333876 0.134234 -4.5 0 0.236917 0.277409 43 43 255
-22.2574 59.9131 2.79437 -2.57584 0 -3.5 0 0.77242 0.48117 43 43 255
-34.8107 16.8095 17.3095 0.16099 0 2.38885 0 -0.916329 -0.323115 105 105 255
-16.5718 67.1598 14.8596 1.23963 0.90365 -4.5 0 -0.267561 0.622237 15 15 255
-34.9714 43.6108 3.36366 0.437339 0.858987 -4.5 0 -0.459865 -0.119929 119 119 255
-43.608 58.8305 25.3999 0.117879 -0.322345 -0.65632 0 0.259414 0.770182 96 96 255
-19.3396 22.618 10.1661 -0.212481 0 -3.5 0 -0.401982 -0.504878 83 83 255
-22.1706 22.1269 9.92156 -0.233505 0 -0.7 0 0.162766 -0.500743 98 98 255
-20.2521 50.0062 5.06663 0.0161565 0 1.8 0 0.782861 -0.440142 161 161 255
-22.7297 55.487 23.658 0.872651 0 1.8 0 0.796173 0.235252 255 162 162
-42.4467 47.7674 5.55731 -0.133539 0 -0.8 0 -0.744092 -0.660182 208 208 255
-45.197 60.0885 25.0392 -0.0774236 0 -0.8 0 0.192666 0.706045 39 39 254
-23.1618 37.3918 32.4407 0.388279 0 1.8 0 -0.372247 0.184789 155 155 255
-39.5191 45.2503 5.31163 -0.430082 -0.0705874 -0.4 0 -0.310212 -0.157875 255 248 248
-29.9535 17.0111 17.9834 -0.339176 -0.193282 3.8 0 0.561303 -0.264636 33 33 255
-39.2854 51.6198 28.4424 0.571491 0 -4.07366 0 0.242996 -0.547438 23 23 255
-49.4911 53.5879 12.001 -1.68675 0 -3.5 0 -0.410024 0.886201 22 22 255
-36.5604 19.6881 14.8706 -0.549213 -0.0906241 -3.88861 0 -0.562066 -0.823837 252 252 255
-40.9995 21.5543 16.6235 -1.58865 -0.0862925 -3.5 0 -0.862192 -0.12496 255 49 49
-38.2966 27.1305 12.9516 0.565832 -0.016817 -1.6 1 -0.474452 -0.355202 255 55 55
-29.4986 15.8619 26.7111 0.444686 0 -4.5 0 0.437692 -0.475654 39 39 255
-37.1674 18.6974 9.94812 1.90061 0.187179 -3.9 0 -0.625845 -0.765956 255 221 221
-46.9631 54.6077 27.3499 -0.143324 0 -1.6 0 -0.0622184 0.37778 159 159 255
-37.4206 53.851 1.06638 -0.886708 0 4.2 0 -0.754529 0.355713 255 206 206
-35.8635 30.849 7.92656 0.323709 0 -4.5 1 0.640632 -0.747946 255 30 30
-25.8056 45.4327 -0.313 0.162356 0 2.8 0 -0.0488225 -0.986253 35 35 255
-9.92387 46.1859 18.9456 0.962472 0 -4.5 0 0.87568 -0.0396405 1 1 255
-42.2666 33.6435 20.164 -0.619816 0 -1.3 1 -0.719139 -0.683139 255 38 38
-8.87819 27.5949 21.0105 -1.3032 -0.222395 -3.5 0 0.132801 -0.882318 9 9 255
-37.6826 35.6678 6.73944 0.145302 0 -4.5 0 -0.994856 0.0647474 255 81 81
-9.72725 49.1912 20.3277 0.0412578 0 -4.5 0 0.980058 0.115196 9 9 254
-27.2591 62.0059 21.0116 0.375965 0 1.8 0 0.212631 0.622664 195 195 255
-24.4036 58.6109 28.0742 -0.392202 0 -3.5 0 0.705751 -0.331122 23 23 254
-28.6065 66.5425 0.95675 0.134509 -0.0285551 -3.5 0 -0.320406 0.551834 133 133 255
-45.3956 47.0626 22.5691 0.739077 0 -0.719431 0 -0.703773 -0.385503 255 187 187
-12.2607 27.9572 22.1513 -0.412089 0 -4.36814 0 0.55146 -0.697375 2 2 255
-40.0452 41.7018 9.50056 0.401732 0 3.29042 0 -0.602019 -0.795495 255 88 88
-29.553 16.7296 22.4424 -0.59071 0 -3.06916 0 0.630395 -0.66335 38 38 255
-27.1366 55.9526 29.5304 -0.743135 -0.101263 -3.5 0 0.399447 -0.0677221 4 4 255
-35.0551 39.1084 22.0699 0.141929 0.506565 -0.8 1 -0.83435 -0.455029 255 6 6
-38.6444 20.9491 20.5074 -0.307519 0.230356 -3.5 0 -0.899763 0.315132 255 124 124
-16.6191 36.8449 30.2461 -0.0573403 0 -0.4 0 0.673701 -0.447659 53 53 255
-25.6504 32.2267 32.6604 0.454426 0.275948 -0.9 0 0.453432 -0.0656641 126 126 254
-28.4877 30.2698 29.4855 -0.63213 0 -0.9 0 -0.466976 -0.849464 64 64 255
-16.6205 46.5751 8.29587 -0.772961 0 0.777662 0 -0.0376814 -0.237073 168 168 255
-36.1147 35.4286 20.8546 -0.775928 -0.315634 -3.5 1 -0.395653 0.83815 255 14 14
-48.5692 49.074 26.6794 0.537109 0 -1.6 0 -0.074492 -0.861817 172 172 255
-39.3081 20.1324 23.3097 -0.798013 -0.156098 -3.5 1 -0.896615 0.439247 255 79 79
-38.8282 65.5405 2.43806 -1.8267 -0.619361 -3.5 0 -0.776028 0.626928 204 204 255
-42.9305 42.6506 25.0729 -0.0939966 0 -3.00503 0 -0.725141 -0.517158 213 213 255
-38.1605 26.7576 24.9028 -0.207565 -0.0496999 4.07401 0 -0.918897 -0.394141 255 144 144
-35.696 18.4844 17.5685 -0.0212232 0 3.8 0 -0.796778 -0.38725 150 150 255
-18.2815 54.46 15.4559 0.399375 0 -3.63921 0 0.429621 0.362468 3 3 255
-20.3196 48.7805 31.7022 0.0695119 0 -4.37658 0 -0.425341 0.35775 108 108 255
-40.4593 41.839 21.4807 0.882368 0 1.8 1 -0.639295 -0.712347 255 39 39
-11.6599 29.3818 22.9423 -0.148133 0 -4.27489 0 0.661242 -0.103098 2 2 255
-50.6231 54.2098 17.4824 -1.61226 -0.863592 -3.5 0 -0.169779 0.878861 20 20 255
-13.7607 49.787 12.5448 0.856989 -0.498202 -0.749689 0 0.408525 0.905519 7 7 255
-14.0837 51.2023 27.1664 0.106001 -0.00587329 -3.10143 0 0.728189 0.622537 24 24 255
-10.9768 32.1401 6.61837 0.706485 0.851979 -4.5 0 0.739289 -0.162185 38 38 255
-15.3936 53.9994 10.1604 0.249118 -0.786839 3.52273 0 0.590815 -0.751 34 34 254
-31.104 42.3978 37.6631 0.581573 0 -4.5 0 0.236897 0.209995 16 16 255
-13.1656 39.2346 25.2826 -1.28773 0 -3.5 0 -0.187086 -0.939024 35 35 255
-39.403 62.7705 6.651 0.530547 0 0.979064 0 -0.29789 -0.952965 255 214 214
-36.9496 64.2019 0.583375 -1.79112 0 -3.5 0 0.170637 0.0149537 183 183 255
-43.2076 54.0947 31.2728 -2.26688 -0.454019 -3.5 0 -0.692533 0.266064 28 28 255
-36.9241 57.8148 29.8064 0.641231 0 -4.5 0 -0.071312 0.388035 51 51 255
-46.67 54.1191 15.8341 -0.613968 0 -3.5 0 -0.934622 0.225738 19 19 255
-40.1912 47.7865 28.842 0.160845 -0.903946 1.8 0 0.338368 0.889625 38 38 255
-32.2562 40.0445 5.10563 -0.678741 -0.620654 3.13567 0 -0.501005 -0.329873 86 86 255
-44.5141 46.0214 9.739 0.28223 0 -1.6 0 -0.923978 0.174019 255 101 101
-15.7592 52.14 30.795 0.508797 0 -3.5 0 0.192735 0.615453 87 87 255
-16.0863 26.9625 20.2127 -1.03636 0.0693967 -3.60411 0 0.501213 -0.731732 6 6 255
-10.5415 44.3638 26.9665 0.0708588 0 -3.5 0 0.795217 0.0689793 9 9 255
-18.2165 45.2519 31.938 0.635315 0 -4.5 0 0.05125 -0.543699 131 131 255
-21.7751 25.7796 21.8167 -0.124391 0 3.81138 0 -0.088709 -0.576687 23 23 255
-22.1324 43.3781 3.86681 -0.0268498 0 3.8 0 0.150888 -0.557005 76 76 255
-29.8467 18.3491 12.0024 -1.00267 0 -3.5 0 0.440591 0.195708 81 81 255
-37.6641 25.2846 23.4791 -0.183953 0 3.8 1 -0.976177 -0.122153 255 111 111
-29.9373 24.704 27.2593 -1.36144 -0.730526 -3.5 0 0.227605 0.752282 255 254 254
-21.8311 42.169 31.8596 -0.320052 -0.203869 -0.7 0 -0.364172 -0.21354 219 219 255
-34.3651 42.2197 3.51975 0.338271 0.0100739 -4.5 0 -0.545638 -0.664391 131 131 255
-43.6552 39.7779 30.7845 -2.07267 -0.826693 -3.5 0 -0.537799 -0.671279 162 162 255
-38.3545 24.4482 14.2487 -0.592214 -0.418698 -1.67066 1 -0.937498 -0.0383333 255 93 93
-28.2432 23.3134 27.4648 -2.44317 -0.642094 -3.5 0 0.715066 -0.0109572 172 172 255
-18.6842 34.7141 30.6776 0.03447 -0.146822 -0.4 0 0.684868 -0.225125 14 14 255
-28.3953 39.8344 1.7595 -0.390248 0 4.2 0 -0.539794 -0.143587 32 32 255
-38.3332 68.8635 9.13663 -0.095056 0 -3.5 0 -0.491773 0.635599 121 121 254
-17.5816 59.5457 7.17438 -1.68355 -0.472961 -3.5 0 0.246202 0.626395 77 77 255
-22.9375 52.4525 -5.469 0.138704 0 -3.74164 0 0.266261 -0.368908 22 22 255
-26.0721 19.738 23.5842 -1.23021 -0.316239 -2.43637 0 0.24819 -0.0374707 24 24 255
-28.3909 30.4217 9.26625 0.0705712 0 1.8 0 -0.668367 -0.556529 222 222 255
-38.8336 26.4776 16.7358 -0.455082 0 -1.12846 1 -0.903376 -0.11509 255 60 60
-16.3815 52.2865 27.9923 0.570828 0.0969855 -3.5 0 -0.0158395 0.885124 38 38 255
-38.0078 16.958 25.7628 0.113131 0 -3.5 0 -0.604081 -0.608889 255 151 151
-27.7167 31.2169 8.30287 -0.0179363 0 1.8 0 -0.0954643 -0.403874 104 104 254
-28.3692 16.9881 25.9867 0.121525 0 -4.5 0 0.943564 -0.047604 36 36 255
-31.6725 16.8624 10.8325 -2.49741 -0.0339332 -3.5 0 0.153056 0.0641805 83 83 255
-22.2006 27.0629 24.7124 0.158538 0 1.8 0 0.29069 -0.944627 19 19 255
-40.1371 62.8005 22.5354 -0.707059 -0.380314 -3.5 0 -0.310652 0.882051 14 14 254
-25.7304 58.259 -1.3345 -0.00630774 0 -1.6 0 0.258068 0.887583 53 53 255
-36.2151 57.7785 3.59356 0.078109 0 4.5 0 -0.924732 0.0390582 209 209 255
-15.8394 27.8739 10.9052 0.495236 0.131144 3.8 0 0.758431 0.380947 64 64 254
-35.0016 39.8796 6.09925 -1.2836 -0.683746 -3.5 0 -0.641085 0.355728 255 193 193
-17.4229 43.8387 31.3929 0.210093 0 -4.39284 0 0.114084 -0.36261 153 153 255
-15.8525 34.7246 6.90338 0.108171 0 -4.5 0 -0.803845 -0.589496 39 39 255
-47.5402 62.7817 18.8758 -0.206564 0 -3.5 0 -0.663967 0.746496 4 4 255
-37.282 53.6475 -1.79375 0.243463 0 -1.6 0 -0.967231 0.191754 255 171 171
-23.251 45.1903 1.52412 -0.0667125 0 2.8 0 0.898743 -0.124063 29 29 255
-11.8715 38.056 20.0425 -0.0445155 0 1.8 0 0.796823 -0.128043 28 28 255
-36.8345 69.9479 12.9939 -0.586282 0 -3.5 0 0.361058 0.652197 12 12 255
-29.6571 45.3563 2.51056 -0.0750357 -0.701137 4.5 0 0.01913 -0.713989 209 209 255
-34.1555 58.0042 29.7944 -0.94308 0 -3.5 0 0.029523 0.0774363 23 23 255
-17.15 20.5133 17.1141 0.201788 0 -4.5 0 0.413602 -0.907971 32 32 255
-27.1279 54.5329 -5.46712 -0.120343 -0.0530953 -3.5 0 -0.854595 0.0937058 89 89 255
-40.9256 35.8051 23.2285 -0.157793 0 -1.3 1 0.0466623 0.788561 255 13 13
-41.8471 61.5902 30.4459 0.641628 0 -4.5 0 -0.820468 0.428738 35 35 254
-40.988 67.6356 8.19775 0.0365126 0 -1.4576 0 -0.305138 0.942087 173 173 255
-32.9898 16.024 13.6629 -0.439392 0 1.17996 0 -0.863794 0.0205941 61 61 255
-11.5779 30.4328 13.281 -0.418273 -0.103725 4.2 0 0.586069 -0.599386 110 110 255
-13.9896 28.9147 12.4649 0.00385707 0 2.42714 0 0.399919 -0.350956 62 62 255
-33.0045 68.9488 1.71975 0.949881 0 -4.5 0 -0.0100319 0.62619 100 100 255
-31.9553 29.0426 11.4867 0.0422084 0 3.86673 0 0.373079 0.165386 255 47 47
-36.5706 31.3372 27.3426 -0.43079 0.0144299 2.17236 0 -0.626431 -0.196808 255 69 69
-45.9981 60.6061 14.4412 -0.0151365 0.0793589 -3.5 0 -0.0379193 0.222336 16 16 255
-38.3647 65.3544 4.51631 -0.880342 0 -3.45484 0 -0.240464 0.898106 255 244 244
-9.73856 42.966 11.762 -0.815982 0 3.4216 0 0.639387 0.0557889 84 84 254
-21.7023 17.1384 15.5618 -0.120321 0.0265536 -3.85025 0 0.681605 -0.675741 5 5 255
-17.9778 28.6 25.0945 -0.115087 0 -0.7 0 0.612295 -0.644635 10 10 255
-17.3389 53.1574 20.5574 0.613063 0 1.8 0 0.421963 0.511114 34 34 255
-48.1676 46.7857 21.1174 0.214975 0.0394801 -0.966226 0 -0.0766765 -0.634822 242 242 255
-29.3344 30.7489 28.4246 -0.487911 0 -0.9 0 -0.401901 -0.845689 99 99 255
-37.836 51.337 1.26925 -0.115759 -0.272394 3.81712 0 -0.824855 -0.239574 255 224 224
-29.178 58.9511 0.633313 -0.231588 0 -0.9 0 -0.0261663 0.527043 82 82 255
-25.298 48.2626 36.237 0.760952 0.0075902 -4.5 0 0.382448 0.747524 26 26 255
-22.9879 24.6089 21.6546 -0.184118 0 4.5 0 0.226324 -0.127853 15 15 255
-21.7313 18.7418 19.0545 -0.0501297 -0.169896 -3.58011 0 0.711385 -0.225269 24 24 255
-32.6732 18.3961 27.468 0.968079 0.0237305 -4.47275 0 -0.399306 -0.72705 255 172 172
-47.7835 62.3476 14.5345 -1.83103 -0.457608 -3.5 0 -0.390507 0.144222 14 14 255
-31.7897 52.7702 30.4655 0.261354 0 -4.5 0 -0.760552 -0.00170376 22 22 255
-36.9315 28.5452 11.9797 0.295983 0 2.90529 1 -0.471949 -0.411785 255 24 24
-42.1107 34.7753 23.6326 -0.322515 0 -1.3 1 -0.746369 0.256951 255 12 12
-13.4791 26.1804 18.7812 -0.314124 -0.0605018 -3.5 0 -0.00307101 -0.850011 15 15 255
-24.2639 35.4851 32.1449 0.444305 0 -1.6 0 -0.076905 -0.120975 149 149 255
-15.8281 22.6047 10.9836 -0.0537601 0 -3.5 0 0.738122 -0.656978 124 124 255
-36.381 56.1582 -0.442125 -0.0469547 0 -1.6 0 -0.861826 0.48002 255 130 130
-48.3417 62.3001 21.3242 -0.186396 0 -0.8 0 -0.951921 0.266705 3 3 255
-23.1193 64.3929 11.8424 -0.120286 0 3.8 0 0.140552 0.974642 109 109 255
-21.3025 55.632 18.9429 0.463152 0 1.9 0 0.271854 0.866005 255 192 192
-31.7104 43.3073 3.15212 -0.0485075 0.114691 -4.5 0 0.28016 0.0804509 173 173 255
-15.0301 51.1592 17.2745 0.890965 0 -3.9 0 0.38071 0.874696 5 5 255
-38.6617 17.3125 24.4276 0.241018 0 -3.5 0 -0.742195 -0.65193 255 166 166
-13.1446 32.7158 22.8176 0.487676 0 -4.5 0 0.550889 0.537813 5 5 255
-17.8385 52.305 17.6471 0.252598 0 1.8 0 0.731403 0.645063 4 4 255
-39.4339 17.969 22.1321 0.00312751 0 -3.5 0 -0.771116 -0.588188 255 184 184
-24.1005 57.7736 -5.604 0.473071 0.133735 -3.5 0 0.381432 0.719875 30 30 255
-9.762 40.1671 23.7205 -0.237692 0 -3.5 0 0.891035 -0.453914 26 26 255
-11.5448 24.9876 13.3261 -0.0112266 0 -3.5 0 0.84318 -0.0732505 47 47 255
-19.6876 50.7112 21.4195 0.112326 -0.929442 -0.7 0 0.484161 0.471653 149 149 255
-34.0651 49.0301 28.7922 0.46746 0 -1.6 0 -0.162883 0.320016 11 11 255
-49.2955 46.0576 13.2673 0.270303 0 1.8 0 -0.0187611 -0.786373 142 142 255
-23.7578 16.3709 14.7176 0.137427 0 -3.2 0 0.461148 -0.790375 13 13 255
-47.7695 54.031 18.2302 -0.402747 0 -2.31206 0 -0.520707 0.785785 23 23 255
-33.6707 49.891 -0.60725 -0.398596 0 -1.6 0 -0.304388 -0.860996 236 236 255
-43.7142 64.688 20.2669 -0.60466 0 -3.9 0 -0.0425576 0.941047 8 8 255
-37.9783 18.771 26.2472 0.0713731 0 -3.5 1 -0.742299 -0.0809733 255 67 67
-39.0255 68.377 16.5508 0.111286 0 -3.5 0 -0.396376 0.814707 12 12 254
-41.826 51.2755 33.0565 -0.029444 0 -1.6 0 -0.890653 0.1652 19 19 255
-29.0438 60.5341 25.3264 0.784678 0.796434 -3.53681 0 0.164371 0.857388 2 2 255
-19.4363 44.2065 6.082 -0.130512 0 3.8 0 0.935566 0.329048 232 232 255
-17.8703 30.7284 8.58475 -0.0537766 0 3.8 0 0.21569 -0.210704 67 67 254
-16.7974 51.7079 25.7943 0.248366 -0.71948 -0.733395 0 -0.169135 0.970167 52 52 255
-42.3618 37.142 21.6423 0.288533 0.0441408 -1.3 1 0.148279 0.925836 255 18 18
-31.9205 14.9245 26.6195 1.60812 0.0946737 -4.5 0 -0.0802262 -0.532161 202 202 255
-33.0439 32.7613 33.0755 -1.97641 -0.196241 -3.5 0 0.456427 -0.494661 134 134 255
-24.9318 16.3691 12.029 3.11596 0.0842816 -3.9 0 0.207327 -0.835881 43 43 255
-40.6009 48.3779 31.8549 0.173891 0 -2.0406 0 -0.199216 0.811941 32 32 255
-16.3801 23.4139 20.1831 0.443742 0 -4.5 0 0.758392 0.0776542 9 9 255
-30.6347 50.6527 31.6715 0.401301 0 0.590775 0 -0.77138 0.383557 14 14 255
-46.663 42.7912 16.461 0.620144 0 1.9 0 -0.488253 -0.832332 177 177 255
-42.7566 64.8421 3.87969 -0.138903 -0.715155 -0.8 0 -0.103983 -0.538065 109 109 255
-16.2362 33.8485 11.4438 -0.113104 0 3.8 0 0.38692 -0.288921 116 116 254
-39.3783 31.1807 14.2339 0.23779 0 -1.6 1 -0.73798 0.662371 255 46 46
-23.0426 17.1852 20.4513 0.270147 0 -3.2 0 0.61019 -0.181563 12 12 255
-17.664 39.538 2.7455 0.462165 0 -4.5 0 -0.805844 0.0161018 15 15 255
-25.1289 43.1882 1.9575 -0.0757842 0 3.58575 0 0.183684 -0.270049 23 23 255
-22.8416 62.5131 8.58125 -0.149454 0 3.8 0 0.360489 0.394178 152 152 255
-27.6551 58.745 0.300438 -0.250698 0 -1.18455 0 -0.0905483 0.519413 60 60 255
-16.4504 37.5574 3.882 1.0157 0.111945 -4.5 0 -0.427281 -0.886283 11 11 254
-34.8296 37.7718 20.8684 0.743694 0 -0.8 1 -0.98227 -0.0137893 255 7 7
-41.3613 32.4181 20.4412 -0.131424 0 -1.3 1 -0.938418 -0.30595 255 43 43
-7.62437 34.8467 17.8107 -0.0824443 0 1.8 0 0.565308 0.82323 189 189 255
-14.086 63.6101 11.257 1.50549 0.729487 -4.5 0 0.812355 -0.247728 20 20 255
-28.3167 18.6879 24.7559 -0.0154248 0 -4.11653 0 0.904613 -0.0241489 43 43 255
-18.4712 49.8063 23.2767 -0.000280366 0 -3.5 0 -0.125871 0.971297 94 94 254
-23.501 26.984 24.1785 -0.681728 -0.781273 3.53943 0 0.198633 -0.98003 18 18 255
-44.8397 54.37 10.975 -0.424314 0 -3.5 0 -0.310896 0.630719 22 22 255
-23.3274 64.0932 2.384 0.83583 0.720557 -3.5 0 0.974435 0.219873 77 77 255
-13.3665 50.0028 16.619 1.08404 0 -4.01203 0 0.197399 0.916703 3 3 255
-36.956 33.5322 13.7555 -0.43208 -0.407398 1.9 1 -0.974274 0.169062 255 25 25
-36.0187 38.3031 33.362 -0.370791 0 -4.26337 0 -0.609299 -0.512504 51 51 255
-48.7179 53.3276 24.0379 0.0306643 0 -1.6 0 -0.683337 0.658753 161 161 255
-18.9946 53.2888 -3.88306 2.41729 0 -3.9 0 0.99731 0.0335367 54 54 255
-38.7917 37.0767 9.89544 0.00194864 0 4.2 1 -0.826583 -0.424678 255 40 40
-20.5935 50.6825 4.07875 -0.0705659 -0.258117 1.8 0 0.862178 -0.349618 68 68 255
-25.0033 51.4147 -5.54975 0.416205 0 -3.5 0 0.0101467 -0.348825 30 30 255
-29.1684 59.1837 28.0339 0.316595 0 -3.5 0 0.137529 0.83496 1 1 255
-7.881 35.2581 18.8791 -0.139086 0 1.8 0 0.33915 0.940561 77 77 254
-28.9228 34.4791 7.60813 -0.316239 0 -0.7 0 0.0284529 -0.737208 111 111 255
-20.6249 33.6007 5.928 -0.823334 -0.334045 -3.5 0 0.0368859 -0.211647 13 13 255
-19.347 32.1021 7.65763 -1.15482 -0.304465 -3.5 0 0.537429 -0.71008 34 34 255
-24.1803 22.5413 9.51256 -1.02332 -0.271976 -3.5 0 0.35608 -0.622078 171 171 255
-24.3918 65.5645 2.04087 -0.289387 0 -3.5 0 0.619585 0.76319 108 108 255
-11.5231 36.8896 18.8392 -0.10599 -0.00515199 1.8 0 0.902614 0.338016 107 107 255
-44.2824 42.0056 18.884 0.901061 0 1.9 0 -0.385466 -0.867349 214 214 255
-7.00488 29.0907 15.4248 -0.134839 0 -0.4 0 0.705087 -0.255131 103 103 255
-38.9996 35.4886 22.8541 0.00777443 0 -1.3 1 0.0137142 0.999301 255 11 11
-32.2381 38.9319 5.169 -0.502436 0 -3.5 0 -0.440799 -0.0769848 119 119 255
-12.3422 50.1834 24.9397 0.492553 0 -0.4 0 0.805397 0.585186 36 36 254
-16.0495 33.1695 23.8024 0.153453 0 -4.5 0 0.624591 0.55169 31 31 255
-31.5158 22.0796 8.59138 -0.299697 0.481111 -3.2 0 0.0991908 -0.0292815 153 153 255
-46.6576 49.1378 24.7631 -0.531301 -0.776013 -0.7 0 -0.135276 -0.986747 241 241 255
-9.56487 36.7853 15.6624 -0.402618 0 -3.5 0 0.582151 0.621523 255 227 227
-41.61 66.85 18.972 0.186994 0 -3.9 0 -0.728268 0.66805 24 24 255
-10.4198 50.6002 19.5371 1.5287 0.565948 -4.5 0 0.641383 0.766897 6 6 255
-7.86681 28.6254 15.0835 -0.0355696 0 -0.4 0 0.433666 -0.423213 112 112 255
-39.1081 62.762 1.64175 -1.65075 0 -3.5 0 -0.935786 -0.329392 215 215 255
-21.4901 47.7775 6.9665 0.0349853 0 3.8 0 0.889444 -0.186595 255 115 115
-22.6901 16.6946 15.0228 -0.0719048 0.00960798 -3.2 0 0.51924 -0.749469 4 4 254
-15.2002 22.7954 14.9864 0.58712 0.894812 -3.5 0 0.174051 -0.879973 36 36 254
-27.6186 35.9991 33.0238 -0.496401 -0.701764 -3.5 0 0.174277 -0.548902 74 74 255
-30.0094 65.1364 16.2778 0.0952405 0.512006 1.99956 0 0.723996 0.687264 255 249 249
-17.1271 51.8252 16.4694 0.561207 0 1.8 0 0.40401 0.741429 3 3 255
-27.1489 61.3551 22.2625 0.44759 0 1.8 0 0.189185 0.955273 90 90 255
-20.012 52.6129 3.03612 -1.85459 -0.144915 1.8 0 0.926593 0.146445 35 35 255
-28.4541 43.1577 2.37525 -0.242916 0 4.2 0 -0.460255 0.275058 72 72 255
-12.5021 38.9206 17.6576 -0.0884075 0 1.8 0 0.89912 0.34868 144 144 255
-25.9879 48.8959 34.8268 0.969825 0.279304 -4.5 0 0.394551 0.874265 22 22 255
-25.2399 40.5366 2.13106 -0.156003 0 4.2 0 0.505673 0.252748 28 28 255
-15.3294 30.1646 11.5653 0.172754 0 3.9378 0 0.413209 -0.285667 65 65 255
-38.6152 49.4458 36.5587 -1.01247 -0.886497 -1.6 0 -0.173571 -0.22335 17 17 255
-39.7904 29.956 13.1893 0.207643 0 -1.6 1 -0.707894 0.441661 255 34 34
-42.4939 66.4857 14.2815 -0.101334 0 -0.0105387 0 -0.181504 0.964617 57 57 255
-30.5338 66.7903 16.9685 0.0135944 0 3.8 0 0.878433 0.477797 177 177 255
-27.5769 20.2553 24.2821 -0.234152 0 -1.3 0 0.696602 -0.0318298 51 51 255
-43.4096 61.2985 10.305 0.306419 0 -3.5 0 -0.646609 -0.463415 204 204 255
-14.0674 40.2514 28.1935 0.052418 0 1.8 0 0.816028 -0.540972 30 30 255
-14.0924 57.3218 8.63288 0.383435 0 1.39226 0 0.828375 0.337108 59 59 255
-36.5742 61.8297 29.1898 0.453413 0.0044076 -4.5 0 0.419008 0.445996 68 68 255
-29.8611 20.1404 27.8039 -0.0580447 0 -3.96437 0 0.989322 -0.14461 191 191 255
-27.1949 32.4134 33.4764 0.633578 0.321067 -0.9 0 0.0915356 0.0489351 65 65 254
-35.726 46.1965 31.6782 -0.0247407 -0.0176494 -2.6817 0 0.848391 0.0121851 8 8 255
-32.851 16.029 20.443 0.0370385 0 -4.5 0 0.144241 -0.969379 127 127 255
-49.7303 60.0861 19.4024 -0.0769913 0 -3.5 0 -0.992953 0.0646058 15 15 255
-25.311 28.4153 27.9699 -0.288155 0 1.35265 0 -0.570288 -0.747657 24 24 255
-24.0673 57.9998 26.7612 -1.62944 -0.242126 -3.5 0 0.673345 -0.48191 86 86 255
-12.6097 49.7033 12.4104 0.380953 0 -0.8 0 0.117573 0.991737 9 9 255
-47.3867 44.2466 19.3384 0.531721 0 1.9 0 -0.44945 -0.722758 188 188 255
-29.416 30.9998 29.9374 -0.826069 0 -0.9 0 -0.409879 -0.884023 80 80 255
-34.7941 27.1654 10.823 0.0760206 0 4.2 1 -0.35243 -0.312152 255 34 34
-28.4559 18.6567 19.0033 0.111933 0.572618 -1.23766 0 -0.145336 -0.982057 27 27 255
-44.4087 44.9359 11.3906 0.427956 0.0248257 -3.25859 0 -0.902248 -0.382076 255 131 131
-47.9194 43.479 17.8237 0.463648 0 1.9 0 -0.58164 -0.785068 181 181 255
-11.9294 26.4689 20.2342 -1.35167 0 -3.5 0 0.194338 -0.930427 13 13 255
-17.4219 33.8157 29.5861 -0.111134 0 -0.4 0 0.86434 -0.0576456 36 36 255
-36.9304 33.3239 15.1379 -0.587303 -0.0058717 1.9 1 -0.940706 0.224577 255 20 20
-39.5037 30.104 17.2909 0.300527 0 -1.15837 1 -0.958863 -0.118787 255 36 36
-20.2256 60.167 17.0593 -0.457322 -0.938525 -0.7 0 0.74455 -0.0174463 181 181 255
-35.1071 69.8719 3.12131 0.981863 0.387777 -4.5 0 0.115284 0.992527 52 52 255
-16.9695 26.2845 21.1269 -0.220168 0 -4.5 0 0.616144 -0.348049 4 4 255
-32.3289 45.1235 29.1604 -0.438784 -0.6172 -4.2303 0 -0.852405 -0.126993 18 18 255
-27.1465 16.5717 18.8412 0.483261 0.241958 -3.2 0 -0.843502 -0.330028 19 19 255
-28.6481 38.7118 2.08488 -1.37698 0 1.66076 0 -0.391596 0.107286 42 42 255
-44.9647 63.6808 12.492 0.0202538 0 3.8 0 -0.824246 -0.258545 103 103 254
-12.6094 40.8481 2.13869 0.961698 0.00152479 -4.5 0 0.369834 0.603619 26 26 255
-36.4717 31.3606 4.7595 -0.308797 0 -4.5 0 0.359669 -0.536039 255 136 136
-31.3854 39.0838 36.429 0.592778 0.527777 -4.5 0 0.571668 -0.719303 19 19 255
-47.9499 47.8167 12.7203 0.353721 0 1.8 0 0.132205 -0.391506 178 178 255
-24.4656 49.8369 -5.14481 -0.351825 -0.00931532 -3.5 0 0.40645 -0.146742 13 13 254
-24.4905 45.0544 34.0435 0.464879 0 -4.5 0 0.924061 -0.28214 157 157 255
-21.7132 60.6357 8.32075 -0.173633 0 -0.791863 0 0.281934 0.609877 157 157 255
-26.7564 15.4244 16.1224 -0.014636 0 -3.2 0 -0.129101 -0.953506 22 22 254
-25.2941 36.1821 32.2716 0.200995 0 -1.6 0 0.131062 -0.266594 148 148 255
-48.9556 61.7711 15.9078 -0.680786 -0.0194464 -3.5 0 -0.811565 0.44996 15 15 255
-41.1944 62.6641 5.163 6.47426 0 -0.8 0 0.0392481 -0.936986 248 248 255
-35.063 72.2468 8.67188 0.244003 0 -3.5 0 0.20478 0.80418 6 6 255
-20.4911 30.1147 28.2893 0.0847223 -0.497959 1.8 0 0.01811 -0.602962 9 9 255
-51.2526 50.8765 11.5136 0.822204 0.869117 -3.5 0 -0.999071 -0.0273994 33 33 255
-34.1107 46.5444 3.19344 0.0461549 0 -2.83186 0 -0.353032 -0.263598 255 248 248
-32.357 49.4326 -3.13013 0.330425 0.00483497 -0.4 0 -0.258631 -0.900035 255 195 195
-29.0639 65.0804 0.088375 0.131636 0 -3.5 0 -0.634162 0.0942208 123 123 255
-11.1671 37.734 2.94825 0.573236 0.466958 -4.5 0 0.912118 -0.205601 13 13 255
-29.3633 67.877 8.02994 -1.9551 -0.871743 -4.5 0 0.217006 0.101123 57 57 255
-39.026 39.9118 29.3004 -0.913581 0 -3.5 0 0.0451748 -0.998811 246 246 255
-22.9668 31.5217 9.61763 0.0112494 0 -0.9 0 0.150389 -0.610537 82 82 254
-28.9385 19.7865 29.4675 -0.271594 0 -3.5 0 0.873426 -0.215872 211 211 255
-10.1392 47.1361 20.1755 1.0421 0 -4.5 0 0.924797 -0.217998 4 4 255
-40.6426 23.3817 18.3781 -0.564138 0 -3.5 1 -0.861395 0.49069 255 74 74
-40.1694 23.4756 15.7519 -2.57853 -0.130034 -3.5 1 -0.681409 0.571717 255 46 46
-21.1575 53.1758 2.18875 -1.1996 0 1.8 0 0.60551 0.590959 31 31 254
-6.657 45.296 15.7126 0.26357 0 -3.5 0 0.288121 -0.371772 8 8 255
-37.2021 35.8802 8.91256 -0.0203379 0 -4.5 1 -0.885247 -0.462309 255 42 42
-12.9082 47.5225 27.9339 -1.06408 -0.558343 -4.5 0 0.729576 0.458829 20 20 255
-18.4883 56.3698 15.3094 -0.311971 0 1.69407 0 0.603498 -0.222977 12 12 255
-39.031 19.949 20.4815 -0.23894 0.671627 -3.5 0 -0.885824 -0.184641 255 145 145
-33.199 66.0456 0.8825 0.365101 0.0901984 -4.5 0 0.203929 -0.280576 133 133 255
-15.8597 63.5373 14.1667 0.405982 0 -4.5 0 0.430257 -0.318222 19 19 255
-39.8944 67.533 6.0715 -1.97731 -0.337296 -0.8 0 -0.00463484 0.887314 160 160 255
-36.2772 21.8258 8.54187 1.3696 0.830983 -3.9 1 -0.0787563 0.685336 255 229 229
-32.5023 48.8515 30.545 -0.12758 0 -0.7 0 -0.833847 0.551601 12 12 255
-41.541 52.7619 3.46438 -0.240411 -0.0949019 3.42999 0 -0.76721 0.356598 121 121 255
-39.8961 69.4222 10.1812 -2.01346 -0.810707 -3.5 0 -0.536859 0.556123 97 97 254
-21.606 25.9539 10.323 0.418219 0.798195 -0.272116 0 0.12537 0.194163 51 51 255
-46.2767 56.777 27.595 -1.16897 -0.958857 -0.8 0 -0.197601 -0.18854 121 121 254
-8.05612 32.5379 20.8916 -0.874198 0 -0.758775 0 0.700492 0.411049 9 9 255
-29.18 22.562 28.9322 -0.35561 -0.00780289 -3.5 0 0.664142 0.700442 118 118 255
-34.8675 62.2601 25.129 0.426565 0 -4.5 0 0.372982 0.927238 1 1 255
-29.8398 64.4168 19.7134 -1.67647 0 1.8 0 0.294084 0.766466 124 124 255
-19.1421 32.2266 30.9012 -0.19728 0 -0.4 0 0.316324 -0.430089 9 9 255
-41.3584 41.0936 33.6867 -0.58932 -0.159216 -4.31347 0 -0.742557 -0.52258 19 19 255
-41.4316 38.5052 29.245 -2.52068 0 -3.5 0 0.0604707 -0.9673 255 237 237
-10.1411 34.8549 19.1674 -0.460717 0 1.8 0 -0.0842219 0.784018 48 48 255
-38.0498 32.2562 14.2544 0.063555 0 -1.6 1 -0.667202 0.74379 255 41 41
-13.2699 44.6049 28.8567 0.756123 0 -4.48877 0 0.816782 -0.283478 31 31 255
-28.275 17.8294 23.6971 0.148844 0 -4.5 0 0.83324 -0.547615 26 26 255
-27.1928 45.5866 36.9511 1.05326 0.240972 -4.5 0 -0.436017 -0.0502241 97 97 255
-39.9156 44.1409 36.9991 -0.142618 0 3.8 0 -0.532292 0.0406321 7 7 255
-25.7756 16.0854 21.1469 0.255167 0 -3.2 0 -0.218336 -0.767308 13 13 255
-28.5922 14.7882 13.4774 -0.101025 0 -3.5 0 0.41755 -0.875535 52 52 255
-38.7087 18.3259 25.229 0.20505 0 -3.5 1 -0.840593 -0.225973 255 93 93
-49.7286 49.8083 13.4465 0.196173 0 -1.21113 0 -0.877924 0.433006 78 78 255
-26.3467 33.7202 32.5202 0.0455284 0 -0.9 0 0.231954 0.35176 95 95 254
-23.7476 60.3773 2.07212 -1.11203 -0.418971 -3.5 0 0.608063 0.297993 31 31 255
-36.8068 63.4169 24.8499 0.0795737 0 -4.5 0 0.272737 0.920217 1 1 255
-37.3963 42.5304 17.2397 1.64656 0 -3.3552 1 -0.0773317 -0.996937 255 22 22
-24.0921 24.5228 9.03669 -1.1418 -0.0786128 -3.5 0 0.598379 0.00944335 127 127 255
-48.5846 60.6321 23.5684 -1.01875 -0.196602 -0.8 0 -0.906306 0.282164 7 7 255
-38.7394 69.415 19.4834 1.89259 0 -3.9 0 -0.586571 0.809564 57 57 255
-28.4807 20.5349 12.6855 -2.16934 -0.372869 -0.4 0 0.138249 -0.142153 101 101 255
-20.9762 57.9561 4.693 -0.488385 -0.0107624 -3.5 0 0.812871 0.37526 133 133 255
-37.9883 51.7184 35.6152 0.402264 0 -1.6 0 -0.0797796 0.83003 19 19 255
-14.7981 35.2685 8.53413 0.183671 0 -4.5 0 -0.139269 -0.897251 47 47 255
-50.1243 51.1646 12.7343 -0.331382 -0.152155 -3.5 0 -0.884847 -0.0129743 50 50 255
-21.3119 54.9015 3.09494 -0.215259 0 -3.5 0 0.780426 0.196919 41 41 254
-34.18 68.291 6.53659 0.31131 0.202638 -3.2 0 0.484135 0.836243 39 39 255
-25.1098 61.3274 25.5939 -1.33115 0 -3.5 0 -0.124771 0.747632 193 193 255
-37.9671 48.0377 31.2762 -0.00497528 0 1.93019 0 0.222363 0.849645 16 16 255
-32.4569 26.1127 26.4306 -1.07843 0 -3.5 0 0.414875 0.554937 255 121 121
-16.6434 32.0085 10.7223 0.0261936 0 3.8 0 0.731364 0.31975 72 72 255
-33.518 66.7718 19.1919 0.255303 0 3.8 0 0.494392 0.671205 11 11 255
-37.1552 16.3458 24.2362 0.469153 0 -3.5 0 -0.340725 -0.938653 255 229 229
-11.5191 26.5784 14.8053 -0.433595 0 -3.5 0 0.909757 0.119475 62 62 255
-20.6859 51.1253 31.2593 -0.720261 -0.859409 -3.5 0 -0.3191 0.246805 69 69 255
-44.6391 50.7568 27.2021 -0.136641 0 -0.7 0 -0.319329 -0.115702 117 117 255
-28.4802 61.8942 0.763125 0.116098 0 -3.28811 0 -0.498101 -0.218969 69 69 255
-11.7685 34.6432 7.94338 0.340486 0 -4.5 0 0.635676 -0.477888 36 36 255
-31.8675 44.3418 3.08337 -0.215634 0 4.5 0 0.122306 -0.480948 200 200 255
-22.8068 35.0332 32.0653 0.56399 0.854464 1.8 0 -0.0418286 -0.527371 86 86 255
-3.83925 45.0549 14.0133 -1.6454 -0.0435989 -3.5 0 0.686496 -0.651295 7 7 255
-9.5115 34.1889 12.505 -0.252546 0 -3.5 0 0.419061 -0.196913 217 217 255
-48.3199 51.6981 9.80081 0.280236 0 -3.5 0 -0.112512 0.221409 57 57 255
-24.396 56.7621 -0.130625 -0.060691 0 -1.6 0 0.972115 0.106846 30 30 255
-7.85213 26.6335 18.1939 -1.76996 -0.049003 -0.4 0 0.720086 -0.666781 80 80 254
-13.9449 49.1411 28.0256 -0.0791731 -0.065307 -1.15305 0 0.956188 -0.0103422 9 9 255
-33.5488 21.009 31.0349 -0.0440239 0 -3.5 0 -0.412163 0.063333 255 118 118
-36.395 47.844 31.552 -0.211315 -0 3.8 0 0.480355 0.514842 11 11 255
-34.4046 52.8111 35.6263 0.261045 0 -0.4 0 0.38339 0.885834 10 10 255
-38.3076 63.5541 26.9727 1.32487 0.61852 -4.5 0 -0.339173 0.922059 7 7 254
-34.7266 62.357 28.5009 0.488595 0 -4.5 0 0.423677 0.606216 9 9 255
-39.7721 55.2357 29.3584 0.071982 0 -4.34621 0 0.295517 0.160083 20 20 255
-49.1125 61.257 19.4818 -0.0768157 0 -3.5 0 -0.761881 0.588988 10 10 254
-36.9298 68.7215 4.54187 0.0204286 0 -3.29733 0 -0.44172 0.847401 109 109 255
-48.5423 57.1529 24.8146 -0.80487 -0.323077 -0.8 0 -0.893772 -0.394902 193 193 255
-41.5039 32.1834 21.5169 -0.105683 0 -2.32424 1 -0.949369 -0.150811 255 48 48
-14.0774 60.7016 10.9846 0.132512 0 -0.8 0 0.885798 0.453407 30 30 255
-23.338 26.8232 10.1971 0.350764 0 -1.44643 0 0.357143 0.228233 68 68 255
-16.9755 43.729 8.33562 -0.280485 0 -3.5 0 -0.323121 0.354046 109 109 254
-38.8757 30.4665 26.461 -0.612079 -0.324111 -2.79092 0 -0.373676 -0.269394 255 56 56
-46.7046 50.9724 9.696 0.131363 0 -3.5 0 0.292585 -0.35138 86 86 254
-31.7024 49.8122 30.8961 0.137563 0 -0.7 0 -0.796545 0.590138 12 12 255
-39.045 64.5425 1.029 -2.03005 -0.2248 -3.5 0 -0.791096 0.184515 182 182 255
-19.0448 51.9019 30.7126 -0.42626 0 -3.5 0 -0.103094 0.784004 63 63 255
-13.1153 49.6963 9.76494 -0.780694 -0.169746 -0.7 0 0.464309 0.782776 32 32 255
-29.5246 26.1136 24.496 -0.808396 0 3.12104 0 0.135332 0.339736 255 246 246
-33.6456 48.9291 -4.54531 0.920718 0.382832 -0.4 0 -0.158885 -0.984674 255 244 244
-22.9912 52.7736 30.3601 0.25188 0 4.2 0 0.0463488 0.699021 20 20 255
-17.8967 27.1642 9.37075 -0.357078 0 2.77674 0 -0.678111 0.140187 71 71 255
-35.236 70.9454 12.2766 -1.92605 -0.659629 -3.5 0 0.333533 0.610298 14 14 255
-37.3181 68.7175 5.83875 0.174384 0 -3.2 0 -0.640722 0.733181 135 135 255
-33.7804 66.6022 14.3553 0.459367 0.162999 3.8 0 0.508517 0.641244 14 14 255
-36.8136 27.3997 27.5077 -0.450219 0 4.2 0 -0.395278 -0.249227 255 100 100
-46.0446 66.4007 16.8293 -0.0676223 0 3.8 0 -0.168247 0.743533 9 9 255
-13.7345 52.1048 20.3126 1.60416 0 -3.9 0 0.527469 0.848786 21 21 255
-8.67163 48.3736 14.2426 0.877265 0.733845 -3.5 0 0.0668525 0.983382 3 3 255
-22.1327 19.7186 19.5911 0.0995774 -0.40872 -3.55953 0 0.65133 -0.216497 35 35 255
-41.3092 55.8449 7.56725 -0.0254319 0 1.12482 0 -0.945511 0.0207905 243 243 255
-24.6187 41.0205 32.3908 -1.24838 -0.234926 3.8 0 0.70332 0.0649541 201 201 255
-39.5835 39.7386 27.9186 -0.561879 -0.310196 -3.5 0 -0.126572 -0.981618 255 191 191
-31.0631 19.9808 10.342 -0.0152246 0 -3.2 0 0.370931 -0.65448 147 147 255
-29.045 55.4798 -2.75725 0.217084 0 -1.6 0 -0.127661 0.328336 200 200 255
-30.1012 57.4043 -1.48925 -0.079886 0 -0.9 0 0.0641562 0.784076 225 225 255
-25.6625 65.7193 1.19775 0.223037 0 -3.5 0 0.531773 0.699882 101 101 255
-48.3368 61.7174 20.2855 -0.0239964 0 -3.06772 0 -0.839177 0.541039 4 4 255
-50.2215 50.6958 27.9821 0.082443 0 -1.6 0 -0.623454 -0.385117 176 176 255
-48.8385 54.3905 19.783 -0.498417 0 -1.84583 0 -0.57268 0.819435 37 37 255
-28.9792 27.7406 12.0324 -0.235167 0 -2.24474 0 -0.337983 0.019281 161 161 255
-12.4241 49.9601 23.2351 0.517779 0 -0.4 0 0.799888 0.598847 42 42 255
-28.1279 54.4919 30.4281 0.310636 0 -4.5 0 0.41571 0.558332 8 8 254
-30.8474 35.9214 32.8573 0.189111 0.0360405 -4.10561 0 -0.0641185 -0.757507 37 37 254
-39.0001 61.967 27.0807 0.11743 0 -4.5 0 -0.880768 0.465775 18 18 255
-24.2956 25.1632 21.7236 -0.259125 0 4.5 0 0.462329 -0.0862317 12 12 254
-9.12844 41.1954 5.69287 0.140409 0 1.8 0 0.906499 0.358543 17 17 255
-43.0705 62.747 9.06938 0.739321 0 -1.6 0 -0.581809 -0.687371 223 223 255
-8.71138 26.4948 16.9677 -1.53709 -0.173415 -0.4 0 0.324029 -0.794685 88 88 255
-15.7007 44.4591 31.7889 0.27301 0 -4.5 0 0.365371 -0.336802 79 79 255
-36.9745 47.5276 29.1122 0.355006 0 1.21217 0 -0.163907 0.848787 28 28 255
-4.65203 45.5002 14.9303 -0.65738 0 -3.5 0 0.453821 -0.523895 10 10 255
-19.7658 52.2513 24.9239 0.454467 0.6849 -0.8 0 0.776743 0.543516 197 197 255
-27.4701 63.8478 17.5164 0.483215 0 1.8 0 0.537027 0.840387 255 175 175
-10.8643 48.1346 21.9135 0.877206 0.838756 -4.5 0 0.824954 0.030683 7 7 255
-19.985 46.7152 33.0857 1.09281 0.812686 -4.5 0 -0.134879 0.0612501 74 74 254
-26.6083 64.5724 14.9391 -0.322581 0 0.185243 0 0.190167 0.753062 255 185 185
-49.9909 57.5542 20.3189 -2.02155 -0.52834 -3.5 0 -0.988053 -0.145635 15 15 255
-16.2334 25.5964 19.4485 0.0471507 0 -4.37363 0 0.779639 -0.110989 9 9 255
-34.5975 45.7068 32.8679 -0.364196 0 -3.5 0 0.188486 -0.245028 7 7 255
-35.6787 35.4856 4.76875 1.14009 0 -4.5 0 -0.0304103 0.35881 255 241 241
-37.2948 33.3364 18.1525 -0.582088 -0.421465 -1.3 1 -0.340144 0.447129 255 25 25
-25.9076 52.6722 29.8675 0.4635 0 3.48987 0 0.294866 0.825503 13 13 255
-35.2007 49.6107 -6.64381 0.0609737 0 1.8 0 0.0445591 -0.824748 132 132 255
-15.2329 38.3968 24.1149 -0.0966041 0 2.8 0 0.444293 -0.874731 14 14 255
-47.7441 56.1958 27.1026 -0.488241 0 -0.8 0 -0.486745 -0.0657974 157 157 255
-22.8199 64.495 10.4616 -0.164557 0 3.8 0 0.0549625 0.997346 132 132 255
-10.7684 26.5884 18.2855 -0.205209 -0.116862 -2.72623 0 0.195968 -0.884841 31 31 255
-16.7326 33.5137 26.5829 -0.647406 -0.00708538 4.2 0 0.993166 0.0500184 63 63 255
-33.2503 29.5985 27.6016 -0.461938 0 4.2 0 0.227114 -0.508094 255 120 120
-50.7119 46.2038 14.1558 0.233877 0 1.8 0 -0.684744 -0.728498 97 97 255
-18.7585 64.3148 12.0001 0.287379 0 -4.5 0 -0.643126 0.669141 115 115 255
-20.8776 40.1291 31.9634 0.122911 0 -0.344432 0 -0.00752471 0.377421 210 210 255
-31.7506 67.272 18.3315 0.114957 0 3.8 0 0.482182 0.589985 72 72 255
-27.6772 60.611 26.042 0.834854 0.535661 -3.5 0 -0.200239 0.974956 9 9 255
-36.3939 40.7456 21.5198 0.414894 -0.59887 1.8 1 -0.261165 -0.907082 255 10 10
-16.3817 52.0799 18.7884 0.841006 0 -3.9 0 0.334162 0.804891 7 7 255
-36.4619 51.4067 -2.85 0.430155 0 1.8 0 -0.871041 -0.48423 255 194 194
-23.5307 58.5962 23.8677 -0.697212 -0.101022 -1.80718 0 0.787652 0.613691 255 133 133
-34.4388 67.5481 8.9545 -0.161909 0 -3.5 0 0.955269 0.284283 18 18 255
-23.1695 61.2729 26.6486 -2.26197 -0.574191 -3.5 0 0.89159 0.442639 255 205 205
-13.4325 24.3575 12.4318 0.0426029 0 -3.5 0 0.474424 -0.304024 60 60 255
-44.3305 42.5906 32.1017 0.247539 0.0983309 -4.5 0 -0.79815 -0.595973 27 27 255
-20.5023 50.8426 22.2707 -0.440139 0 -0.8 0 0.866355 0.437238 255 205 205
-33.7989 40.6466 5.11994 -0.599564 -0.275586 -3.5 0 -0.495122 -0.287157 218 218 255
-16.8804 22.6257 12.944 0.446113 0 -3.5 0 0.767956 -0.637664 70 70 255
-17.2553 65.4698 11.7481 0.77983 0 -4.5 0 -0.276042 0.672538 74 74 255
-22.1234 55.2509 22.8972 0.808636 0 1.8 0 0.881474 0.224601 255 76 76
-40.3532 42.3812 13.917 1.46282 0.490197 -4.5 0 -0.350584 -0.934637 255 107 107
-24.7327 48.5851 33.8694 0.750588 0.84198 -4.5 0 0.644959 0.556623 39 39 255
-42.6625 57.2855 9.50412 0.24275 0 -0.4 0 -0.824613 0.360852 160 160 255
-27.2574 45.132 2.62462 -0.542583 0 3.69911 0 -0.248466 -0.173424 64 64 255
-40.0818 46.4627 35.9897 0.0274895 0 2.82285 0 -0.212945 0.263551 8 8 254
-29.2374 21.6262 31.4956 0.18763 0 -3.5 0 0.382318 0.695986 160 160 255
-27.046 63.362 -0.936125 0.0167379 0 -3.5 0 -0.0929061 -0.135128 84 84 255
-38.6053 69.988 10.3665 -1.35431 -0.518055 -3.5 0 -0.310517 0.665659 53 53 254
-31.9823 48.0908 36.5175 0.551675 0.284015 1.43901 0 0.139134 -0.0339747 14 14 255
-37.1449 35.1071 32.7482 -0.453544 0 -3.5 0 -0.847204 0.0994272 104 104 255
-24.1346 61.556 27.6894 -2.4107 -0.229499 -3.5 0 0.291033 0.63664 113 113 255
-20.1124 48.9256 7.17906 -0.00569748 0 3.8 0 0.498005 -0.794206 255 119 119
-46.4345 55.8198 14.8695 -0.0984651 -0.0164464 -3.5 0 -0.742886 -0.125716 23 23 255
-18.4287 21.2516 19.1151 0.303886 0.198012 -4.5 0 0.0405546 -0.95577 36 36 255
-32.8901 65.4236 10.2078 0.133326 0 -1.6 0 0.841136 0.539123 16 16 255
-34.7519 69.3491 7.91041 0.0976717 0.0489462 -3.5 0 0.868426 0.155946 17 17 255
-11.1337 34.2114 6.45062 0.604272 0 -4.5 0 0.996197 0.00641448 37 37 255
-15.6783 38.8115 31.5794 0.0100511 0 1.8 0 0.223632 -0.355575 106 106 255
-26.0448 29.691 9.67663 -0.0235078 0 -2.09607 0 0.241344 -0.355476 87 87 255
-38.0076 56.695 29.7046 0.851213 0.345413 -4.5 0 -0.412363 -0.0202164 34 34 255
-32.5309 66.4374 7.16394 -0.289067 0 -3.2 0 0.163084 0.535832 48 48 255
-36.7649 41.4082 36.5405 -0.249831 0.0968584 -2.85512 0 -0.415282 -0.632097 11 11 255
-29.1249 52.7026 -4.26144 0.0773895 0.0674632 -0.967774 0 -0.261223 0.667438 222 222 255
-21.1021 54.6578 27.6343 0.163094 0 4.2 0 0.30696 0.933946 74 74 255
-32.6082 41.1199 4.36562 -0.386446 0 -4.5 0 -0.31156 -0.686201 125 125 254
-28.1202 41.9034 1.38919 -0.161074 0 4.2 0 -0.341252 0.332523 27 27 255
-33.8652 63.385 1.507 -0.867279 -0.154116 -3.5 0 0.373232 -0.173478 121 121 255
-12.1923 32.7902 7.84575 0.579713 0 -4.5 0 0.426407 -0.302533 46 46 255
-29.6391 47.3947 -0.0595 -0.427129 -0.558845 0.551157 0 -0.35531 -0.915577 188 188 255
-42.8446 67.4929 4.46578 -0.379277 -0.548071 -0.8 0 0.201978 0.921604 80 80 255
-31.6835 17.3521 27.4161 0.457969 0 -4.5 0 -0.269214 -0.681812 249 249 255
-30.4912 23.1279 28.1501 -0.883664 0 -3.5 0 0.200251 0.644848 193 193 255
-21.5385 22.866 21.059 -0.0138819 0 4.5 0 -0.0179735 -0.460988 20 20 255
-13.7035 40.7945 20.03 0.240801 0 2.8 0 0.802697 0.413137 15 15 255
-16.0263 50.7135 8.83237 -0.160552 0 -0.7 0 0.488806 0.50287 169 169 255
-14.8384 53.0847 15.3296 0.833008 0 -4.5 0 0.487776 -0.581545 2 2 255
-26.4901 54.7668 28.8627 -0.0792653 0 -0.7 0 0.456434 0.212169 6 6 255
-12.3127 41.7304 5.71053 0.168688 0 1.8 0 -0.464457 0.757192 29 29 255
-38.8551 35.0656 19.3804 -0.130413 0 -1.3 1 0.422281 0.831018 255 24 24
-40.9611 64.5805 20.8898 0.127085 0 -3.9 0 -0.198493 0.29943 13 13 255
-36.5891 68.6541 21.3841 2.6256 0 -3.9 0 0.204587 0.145795 9 9 255
-26.9457 51.5441 33.5646 0.583573 0 -4.5 0 0.101002 0.144948 6 6 255
-16.4698 22.7372 14.2308 0.399846 0 -4.5 0 0.713124 -0.601114 44 44 255
-23.237 44.254 2.73625 -0.0125974 0 2.8 0 0.761992 -0.325779 45 45 255
-41.8618 51.969 6.043 -0.228052 -0.136154 3.5179 0 -0.981624 0.176302 154 154 255
-23.9261 61.5527 5.77797 0.149488 0 -4.5 0 0.812528 0.563832 94 94 255
-12.334 42.7285 18.204 0.37212 0 -4.5 0 0.194088 -0.757774 5 5 255
-26.2798 39.8405 34.1961 -0.505834 0 -3.5 0 0.533533 -0.442531 169 169 255
-34.2694 68.3085 9.70187 0.107893 0 -3.5 0 0.993435 -0.0231124 9 9 255
-39.3618 57.4485 29.3717 1.43912 0 -4.5 0 -0.055142 -0.237957 52 52 255
-36.3189 52.0375 32.4853 0.524285 0.956229 -0.4 0 0.185254 0.570936 11 11 255
-18.6491 23.2133 8.90306 -0.144419 0 -3.5 0 -0.718927 -0.463441 70 70 255
-10.3282 28.3693 21.8497 -0.849484 0 -3.5 0 0.0903041 -0.702098 3 3 255
-39.7433 54.0169 2.82631 -0.0143663 0 4.2 0 -0.511168 0.558982 250 250 255
-36.8577 41.8821 18.439 2.02957 0 -0.4 1 -0.31923 -0.776954 255 14 14
-45.3985 47.169 27.204 0.304138 0 -4.5 0 -0.987086 0.128767 109 109 255
-34.115 25.437 27.895 -0.741867 -0.38743 -3.5 0 -0.15338 0.724174 255 92 92
-17.9034 37.6577 5.3785 0.922724 0 -4.5 0 -0.101717 -0.870489 11 11 255
-33.7811 66.8092 7.30575 -0.420916 0 -3.2 0 0.53619 0.601757 48 48 255
-38.3247 60.2686 4.73787 -0.32107 0 0.864406 0 -0.833967 -0.103483 255 192 192
-17.4702 63.6965 14.1239 0.669547 0 -4.5 0 -0.296743 0.0979769 68 68 255
-24.7905 59.4803 20.4182 0.223659 0 4.5 0 0.678786 0.680903 255 99 99
-42.8903 43.6102 34.1618 -0.117872 0 -4.5 0 -0.507225 -0.180676 9 9 255
-33.229 44.8505 3.19506 -0.0132707 0 -0.27127 0 -0.268831 -0.131033 211 211 255
-15.8376 28.5579 23.2684 -0.468401 0 -4.5 0 -0.318451 -0.757633 7 7 255
-25.8181 63.0827 18.3695 0.0654289 0 1.8 0 0.53218 0.845818 255 108 108
-13.4441 35.1311 3.74656 0.479828 0.400993 -4.5 0 -0.0955327 -0.745186 22 22 255
-40.7018 68.4836 14.1769 -0.126859 0 -3.5 0 -0.830114 0.366771 18 18 255
-36.407 35.709 18.07 -0.307737 0 -0.8 1 -0.972831 0.120059 255 22 22
-15.1508 48.0126 8.42787 -0.115422 0 -0.7 0 0.304423 -0.159555 108 108 255
-37.5731 28.748 26.9548 -0.221001 0 4.2 0 -0.665407 -0.089997 255 76 76
-43.8371 42.1827 27.9729 -0.202997 0 -3.5 0 -0.992403 -0.0970171 114 114 254
-40.4535 67.5308 15.1596 0.201309 0 -3.5 0 -0.717856 0.536479 14 14 255
-39.3739 39.0733 11.1206 0.178235 0 4.2 0 -0.999878 -0.015395 255 29 29
-30.8289 29.9201 11.769 0.17013 0 1.8 0 0.0811417 -0.152761 255 54 54
-36.3451 37.3446 5.91184 0.175688 0 -4.5 0 -0.41857 0.198665 255 196 196
-42.619 49.8185 29.4385 -0.0615707 0 -4.5 0 -0.385383 0.208525 36 36 255
-14.4222 58.7968 8.69263 0.142083 0 -0.8 0 0.762431 0.163267 40 40 255
-24.5704 52.5859 -6.00763 0.320429 0 -3.5 0 0.121497 -0.390655 31 31 255
-21.8183 42.5624 4.48644 -0.0223522 0 3.8 0 -0.0448544 -0.669308 98 98 255
-37.6139 65.8012 3.43769 -1.04284 -0.593501 -3.5 0 -0.809287 0.566615 255 238 238
-21.9853 54.2668 24.029 0.00536119 -0.720295 -0.8 0 0.589701 0.782929 255 180 180
-30.3621 69.6764 4.17531 -0.289437 0 -4.5 0 0.0385783 0.980263 74 74 255
-39.8073 27.497 14.3904 0.664089 0 -1.6 1 -0.829847 -0.497437 255 48 48
-33.0791 17.9581 11.0654 -0.320188 -0.161596 -3.81967 0 -0.413167 -0.557386 134 134 255
-32.296 66.407 14.8358 0.070803 0 3.8 0 0.426587 0.480637 64 64 255
-23.831 46.2855 33.2335 1.07101 0 -4.5 0 0.753463 -0.13268 82 82 255
-26.0791 16.8464 11.4438 2.5775 0.170674 -3.9 0 -0.0510527 -0.583032 77 77 255
-36.8489 60.4899 2.91731 -0.146418 0 -3.5 0 -0.516043 -0.684389 231 231 255
-18.6471 52.3502 6.55159 0.10026 0 3.8 0 0.77221 0.0644459 247 247 255
-26.4475 27.8494 9.60525 -0.05046 0 -3.5 0 -0.230045 0.318476 97 97 255
-35.6669 59.7956 2.14344 -0.0581899 0 2.53955 0 -0.628588 -0.069321 166 166 255
-35.0859 61.0141 28.7909 0.310026 0 -4.5 0 -0.0865002 0.228898 12 12 255
-47.3795 49.6839 10.8484 0.352643 0.0460944 -3.5 0 0.354273 -0.797353 119 119 254
-8.6925 34.6833 13.3184 -0.244035 0 -3.5 0 0.598591 0.208545 255 190 190
-14.4911 50.7862 10.2198 -0.713415 -0.587148 -0.7 0 0.559106 0.765869 40 40 255
-24.8008 62.9379 17.6251 0.0748379 0 -0.7 0 0.0622114 0.963613 255 89 89
-25.54 44.7467 0.875453 -0.0782744 0 2.8 0 -0.312208 -0.713731 28 28 255
-19.7705 45.4345 8.4605 -0.163839 0 3.8 0 0.712745 0.230944 255 133 133
-23.4252 58.3462 21.4482 0.272749 0 1.8 0 0.640349 0.732675 255 47 47
-27.5896 50.5221 33.924 0.618568 0 0.436294 0 0.365147 0.521002 9 9 254
-34.5106 57.5607 0.661156 -0.0521159 0 3.5046 0 -0.122382 0.747229 169 169 255
-35.6882 38.0891 23.2354 -0.136801 0 -3.5 1 -0.568033 -0.11957 255 7 7
-14.6928 39.7232 26.8648 -0.0253597 0 2.8 0 0.544399 -0.809463 21 21 255
-38.2142 30.1539 11.868 0.313097 0 -0.959178 1 -0.783633 -0.0371476 255 39 39
-34.6763 67.9735 18.9 0.488657 0.00400653 1.15443 0 0.641569 0.764203 9 9 255
-33.2533 24.7659 10.2575 0.201153 0 -3.2 1 -0.542143 0.426258 255 207 207
-47.0392 63.7609 16.5912 -0.649074 -0.62978 -2.14173 0 -0.857853 0.382653 6 6 255
-18.4644 63.1847 10.9201 0.900731 0 -4.5 0 -0.404399 0.306503 90 90 255
-32.4519 50.0444 -1.73431 0.359629 0 -1.09049 0 -0.385014 -0.921363 255 215 215
-22.6633 62.282 18.3902 0.128924 0 -0.7 0 0.195809 0.596949 255 134 134
-17.744 51.8814 21.1711 0.739268 0.388316 -3.9 0 -0.0789286 0.286732 42 42 255
-40.3237 52.217 31.3805 0.144493 0 -2.09446 0 0.918492 -0.364977 20 20 255
-46.367 65.6148 13.988 -0.0662019 0 3.8 0 -0.682521 0.35578 37 37 255
-44.8813 64.0092 22.6245 0.0529471 0 -0.8 0 0.577176 0.468754 2 2 255
-36.644 50.3514 28.092 0.825845 0 -4.23254 0 -0.244337 -0.326305 22 22 255
-42.74 50.0042 5.59844 -0.679588 0 -0.8 0 -0.939534 0.34147 206 206 255
-38.5768 61.1415 4.217 -0.0313066 0 -3.5 0 -0.867544 -0.49375 255 246 246
-15.8707 23.6152 13.4256 0.763266 0 -3.5 0 0.417766 -0.882434 59 59 255
-35.2567 20.3768 7.7835 2.61849 0 -3.9 1 0.596166 0.290069 213 213 255
-34.3481 43.7129 28.0669 -0.2065 -0.356514 2.58852 0 0.221777 0.34821 115 115 255
-10.4244 44.3631 18.9531 0.864769 0 -4.5 0 0.551607 -0.456359 1 1 255
-6.19163 47.4951 15.571 0.640864 0 -3.5 0 -0.0151854 0.152899 9 9 254
-34.4199 62.8901 23.1299 -0.264149 0 -0.9 0 0.347909 0.644662 0 0 255
-31.1699 60.4402 1.73547 -0.0998865 0 -0.9 0 -0.220325 0.250343 72 72 255
-32.2511 64.0857 11.0358 -0.106247 0 -1.6 0 0.720665 0.669741 13 13 255
-13.1319 34.0955 8.11344 0.741846 0 -4.5 0 -0.0931354 -0.353509 48 48 255
-18.2263 53.5031 17.8299 0.641021 0 1.8 0 0.800076 0.530222 9 9 255
-42.3131 51.7111 7.85325 -0.0152977 0 1.8 0 -0.948001 0.10242 174 174 255
-15.9136 54.3573 6.39381 0.103932 0 1.8 0 0.100111 -0.818403 109 109 255
-34.4459 18.5276 10.7376 0.690582 0 -3.9 0 0.255192 -0.943197 229 229 255
-28.4074 15.6 12.1666 -0.137551 0 -3.5 0 0.493092 -0.530308 87 87 255
-40.5827 59.6048 27.1997 0.307258 0 -4.5 0 -0.7314 0.624165 79 79 254
-37.0196 23.497 10.8916 0.121363 0 -3.9 1 -0.336615 0.740536 255 112 112
-18.9954 29.4438 9.58625 0.0327914 0 3.8 0 -0.352891 -0.279211 80 80 255
-16.075 49.3493 31.0825 -0.414068 -0.0050134 -3.5 0 0.145197 0.0877073 129 129 255
-17.0351 33.9554 25.4101 -0.235214 0 4.2 0 0.913641 0.405849 45 45 255
-36.3343 16.5276 23.0931 0.55828 0.887125 -4.5 0 -0.366737 -0.901984 227 227 255
-32.7327 44.0774 31.525 -0.511545 0 -4.5 0 -0.759526 0.366292 10 10 255
-39.7304 24.0404 17.2526 -1.1374 0 -3.5 1 -0.763235 0.634782 255 42 42
-26.5841 64.7957 -0.268219 0.231304 0 -3.5 0 0.364975 0.421195 108 108 255
-10.6689 36.6602 8.55584 0.083692 0 -0.8 0 0.688303 -0.68588 55 55 255
-13.3113 50.5638 21.7558 2.50817 0 -3.9 0 0.711282 0.656476 36 36 255
-16.6141 30.2958 10.0996 0.0130963 0 3.8 0 0.797128 -0.000245922 65 65 255
-30.5136 25.1289 26.1198 -1.0702 0 -3.5 0 0.312437 0.850882 255 174 174
-18.6709 26.5556 22.2614 0.10466 0.0441027 -4.5 0 0.541841 -0.364582 9 9 254
-8.68766 46.9496 11.5224 0.0908461 0 -3.5 0 0.0348772 0.447369 11 11 255
-21.9729 46.5294 32.2908 0.610281 0 -4.5 0 -0.0290406 0.122566 79 79 255
-8.68081 46.3975 15.962 0.687681 0 -4.28965 0 0.311493 0.485134 3 3 255
-29.3259 45.9679 35.6889 0.283505 0 -4.23924 0 -0.182672 0.00745827 33 33 255
-29.7593 63.1039 1.56469 0.523015 0 -2.09236 0 -0.537087 -0.0374784 85 85 255
-36.9704 36.6882 31.9107 -0.444914 0 -3.5 0 -0.880314 0.197083 124 124 255
-13.337 33.0845 12.0538 -0.0945611 0 4.2 0 0.136481 0.0434608 150 150 255
-25.2749 52.5289 31.3722 0.517128 0 -4.5 0 0.23056 0.971705 11 11 255
-21.1648 21.6884 19.9603 -0.0465171 0 4.5 0 0.270252 -0.580213 44 44 255
-32.5213 30.543 27.916 -0.396 0.0193272 -3.5 0 0.124667 -0.524911 255 244 244
-45.1012 46.9665 12.218 0.944899 0 -3.5 0 -0.616005 0.00168268 252 252 255
-34.3359 67.5304 17.0011 0.364699 0 3.8 0 -0.165849 0.984485 21 21 255
-18.8605 35.5797 6.51141 0.280986 0 -3.5 0 0.335061 -0.175319 18 18 255
-25.0281 43.7874 34.3179 0.00313476 -0.631253 -3.83298 0 0.953991 -0.191785 199 199 255
-44.3142 49.8821 11.5764 0.584511 0 -3.5 0 -0.314996 -0.410436 196 196 255
-42.7923 65.5817 17.2219 0.342904 0 3.8 0 -0.171095 0.949658 16 16 255
-37.2963 34.7364 20.5224 -0.210557 0 -1.3 1 -0.0718812 0.943352 255 17 17
-10.1374 42.4651 17.1829 0.338083 0 -4.5 0 0.36069 -0.4584 21 21 255
-18.6127 52.728 29.0789 0.548571 0 -3.5 0 0.349002 0.930418 74 74 255
-38.4343 47.6452 29.3136 0.0660236 0 1.8 0 0.114944 0.984339 36 36 255
-39.5005 60.1013 8.927 0.317183 0 0.758763 0 -0.765978 0.230349 255 137 137
-34.1866 19.7061 8.94653 1.37915 0 -3.9 0 0.731251 -0.293785 194 194 255
-41.3589 45.0125 35.6856 -0.0167882 0 3.8 0 -0.684206 0.204289 7 7 255
-7.8555 31.2988 15.0842 0.183134 0 -2.47066 0 0.647036 -0.213042 179 179 255
-15.6804 23.3694 9.11944 -0.473699 0 -3.5 0 0.788395 -0.579788 168 168 255
-30.8736 34.8673 7.48066 -0.72632 0 -0.7 0 -0.0741295 -0.772099 254 254 255
-49.2241 59.4057 16.9613 0.153501 0 -3.5 0 -0.85821 -0.423583 41 41 255
-33.7309 18.4844 13.4054 -0.716541 -0.914341 -3.74329 0 -0.432953 -0.867157 140 140 255
-37.201 34.9137 10.6092 -0.477919 0 1.9 1 -0.95509 -0.295792 255 24 24
-39.4971 62.8694 8.2765 -0.839606 0 1.4518 0 -0.622455 -0.650256 255 175 175
-37.3253 67.6774 4.01956 -0.247417 0 -3.84394 0 -0.994724 0.102585 220 220 255
-26.8196 29.6701 29.5669 -0.768817 0 -0.9 0 -0.385598 -0.895036 36 36 255
-24.8879 42.585 32.641 -0.992345 0 -3.57639 0 0.901517 -0.142612 228 228 255
-17.7347 38.4684 31.6146 -0.895516 0 1.8 0 0.429605 -0.0593986 118 118 255
-38.2676 38.9095 13.4102 0.325653 0 4.2 0 -0.588497 0.0403917 255 12 12
-43.7686 35.5718 21.8587 -0.0326151 -0.0255522 -1.3 1 -0.759717 -0.399037 255 23 23
-19.0314 20.6383 13.1536 -0.337373 -0.887102 -3.5 0 0.393198 -0.816951 28 28 255
-48.7686 53.4266 16.5292 -0.398032 0 -3.5 0 -0.0430702 0.948002 24 24 255
-40.76 67.4864 19.3579 0.253165 0 -3.9 0 -0.741851 0.668304 62 62 255
-43.5185 66.3803 8.78819 0.205995 0 -1.6 0 -0.638354 0.769041 184 184 255
-35.5805 49.0994 28.6406 0.74203 0 -1.6 0 -0.262474 0.323325 18 18 255
-34.1311 16.3778 15.2701 0.534696 0 1.8 0 -0.833898 0.205646 66 66 255
-18.5666 25.9147 9.45063 -0.258854 0 -3.5 0 -0.744883 0.349327 56 56 255
-50.2701 51.1825 9.98919 -0.114447 0 -3.5 0 -0.557138 0.304711 30 30 255
-44.3262 65.7293 17.0628 0.00832658 0 3.8 0 0.0591166 0.756998 8 8 255
-13.1443 26.2967 12.7844 0.0544226 0 -3.5 0 0.53331 0.251447 46 46 255
-42.1033 46.9007 6.38538 -0.12293 0 -0.83232 0 -0.797755 -0.24623 255 220 220
-18.9884 29.5194 27.4541 -0.69024 -0.258211 1.8 0 0.540887 -0.670268 5 5 255
-34.0728 42.9949 31.2863 0.310382 0 -4.5 0 -0.0517353 0.875813 21 21 255
-32.6493 64.2312 12.3842 0.311611 0 -1.6 0 0.594635 0.793296 14 14 255
-31.363 13.678 15.7075 -0.0417398 0 1.8 0 0.28251 -0.84829 35 35 255
-47.6688 58.08 15.1716 -0.0249415 0.00293141 -3.5 0 -0.606746 -0.485712 31 31 255
-30.2542 26.3076 11.8213 0.0994029 0 1.9 0 0.289975 0.0406276 161 161 255
-35.726 18.5568 13.8772 -2.18416 -0.108868 -3.9 0 -0.440347 -0.896565 204 204 255
-27.4929 28.0963 10.7369 -0.00403155 0 -3.5 0 -0.702992 -0.11473 121 121 254
-39.1228 28.5805 17.1955 -0.026209 0 -1.6 1 -0.980511 -0.181148 255 37 37
-20.6225 50.6772 -4.20113 0.27803 0 -3.9 0 0.20456 -0.619254 8 8 255
-29.3795 62.0504 6.33006 -0.864289 0 -0.9 0 -0.129682 0.49718 171 171 255
-44.2911 43.8103 14.659 0.665983 0.721846 -3.5 0 -0.183327 -0.936074 252 252 255
-34.3038 23.3811 10.23 0.0699853 0 -3.83487 1 -0.38063 0.765895 255 209 209
-25.8533 44.1201 36.8309 0.586396 0 -4.5 0 0.302734 -0.486878 138 138 255
-37.6573 41.1954 19.2304 1.16329 0 1.8 1 0.065789 -0.894137 255 22 22
-15.797 46.4793 31.954 0.822033 0 -4.5 0 0.472569 0.00632906 46 46 255
-15.477 51.719 14.0095 0.786064 0 -4.5 0 0.907918 -0.326504 3 3 255
-38.3285 20.4158 17.0898 -1.34759 0 -3.5 0 -0.0614261 -0.976172 255 113 113
-33.2551 65.6963 20.9633 0.174245 0 -0.9 0 0.733256 0.591733 2 2 255
-37.6683 37.443 30.3575 -0.524264 0 -3.5 0 -0.994224 -0.082753 245 245 255
-17.8935 33.9022 9.79806 0.127854 0 0.277935 0 0.834769 -0.143667 68 68 255
-11.7908 50.0019 16.529 1.11232 0.190118 -4.5 0 0.300867 0.945363 2 2 255
-10.3674 41.9451 7.24198 0.069092 0 1.8 0 0.404453 0.90157 39 39 255
-22.8193 32.5455 8.15309 -0.0237818 0 -0.9 0 0.000785571 -0.87788 50 50 255
-44.3265 46.8959 10.9501 0.387551 0 -1.64237 0 -0.862153 0.287667 255 159 159
-27.7435 25.1886 10.6415 -0.632862 0 -3.5 0 -0.8947 -0.102691 87 87 255
-51.0845 47.7582 20.6733 -0.0877933 0 -0.8 0 -0.69746 -0.264523 234 234 255
-14.5238 62.2947 11.2751 0.37369 0.0156482 -4.5 0 0.977199 -0.208196 22 22 255
-36.5197 58.6953 4.06187 0.09672 0 3.0248 0 -0.648081 -0.255732 255 199 199
-42.9634 62.0252 22.8984 0.658664 0 -3.5 0 -0.0459074 0.710675 10 10 255
-37.9462 31.3835 8.29288 0.135686 0 1.9 1 -0.978539 -0.204196 255 33 33
-17.9403 41.8937 4.1985 0.00573169 0 -4.5 0 -0.458247 0.7541 56 56 255
-38.6082 69.209 15.3827 0.0574757 0 -3.5 0 0.32075 0.705915 7 7 255
-34.67 48.581 1.07088 -0.134009 0 3.8 0 -0.376445 -0.779102 183 183 255
-10.1538 49.5522 18.9565 0.486823 0 -4.5 0 0.890049 0.320879 4 4 255
-11.0518 43.3964 18.4207 0.708177 0 -4.5 0 0.446292 -0.613494 3 3 254
-40.7615 50.8447 28.6857 0.766822 0 -3.5 0 0.456765 -0.58307 32 32 255
-12.2451 34.9008 4.76866 0.714683 0 -4.5 0 0.600757 -0.206635 34 34 255
-35.466 47.4938 3.42728 0.298975 0 -4.5 0 -0.00906536 -0.402221 255 208 208
-12.971 35.9364 2.32344 0.83089 0 -4.5 0 0.157184 -0.745385 13 13 255
-17.8845 65.7512 14.4373 0.596757 0 -4.5 0 -0.794149 0.15115 41 41 255
-47.539 50.3937 27.3971 0.243601 0 -1.6 0 0.329206 -0.427324 150 150 255
-38.5373 66.2002 5.34438 -1.66233 0 -3.2 0 -0.331475 0.483829 213 213 255
-9.55434 32.6924 20.9122 -0.82412 -0.586764 -3.5 0 -0.127345 0.719528 9 9 255
-35.2249 40.0798 36.0652 -0.0299396 0 -4.5 0 -0.557318 -0.690453 22 22 255
-27.8123 43.8393 36.368 0.263336 0 -4.5 0 -0.0433044 -0.236228 84 84 255
-9.45094 46.121 17.1355 0.822893 0 -4.5 0 0.893562 0.334451 2 2 255
-35.671 67.4386 15.899 0.623416 0 3.8 0 -0.0351044 0.997275 16 16 254
-44.1276 66.1214 10.2762 0.0912464 0 -1.6 0 -0.880924 0.472576 156 156 255
-34.5588 29.3472 10.3296 0.20771 0 4.2 1 0.258889 -0.197857 255 30 30
-20.7112 63.6792 13.7533 -0.0753645 0 -0.7 0 0.364366 0.914214 169 169 255
-36.4808 51.7015 29.5208 0.592793 0 -4.5 0 -0.161708 -0.53533 14 14 255
-20.9346 55.7603 -4.63225 3.00472 0.198107 -3.9 0 0.26739 0.963082 65 65 255
-38.1946 22.3559 21.1721 -0.359556 0 3.8 1 -0.883904 0.195988 255 114 114
-32.7293 67.9986 17.6184 0.154691 0 3.8 0 0.0501941 0.939757 35 35 255
-35.4776 43.6196 30.5177 0.175558 0.657005 1.8 0 0.690254 0.721262 32 32 255
-37.3073 37.6733 24.222 -0.29564 0 -3.5 1 -0.689388 0.00309047 255 16 16
-23.2659 59.5798 25.0478 -2.36913 -0.791235 -3.5 0 0.773097 0.322882 255 157 157
-11.162 42.4205 27.1278 0.0999825 0 -3.5 0 0.496813 -0.188878 23 23 255
-14.3052 40.7902 18.329 0.231279 0 2.96741 0 0.822151 0.548253 25 25 255
-30.9356 49.9741 35.0894 0.231105 0 1.8 0 0.19306 0.976038 15 15 255
-10.7277 41.2161 26.3883 0.0530162 0 -3.5 0 0.505556 -0.365894 27 27 254
-20.6874 41.6918 32.1428 -0.0561256 0 -0.7 0 -0.00411775 -0.171126 238 238 255
-41.4787 41.3957 25.7987 -0.0320209 0 -1.24059 1 -0.233521 -0.755366 255 175 175
-11.4238 41.9754 21.7721 0.559584 0.228675 -3.5 0 0.460889 0.324512 8 8 255
-17.1459 41.7484 6.0825 0.105939 0 -3.5 0 0.0383677 0.994533 49 49 255
-38.1871 39.5168 30.8685 -0.673576 0 -3.5 0 -0.427903 -0.894365 182 182 255
-17.7385 48.064 31.8702 0.812185 0 -4.5 0 0.14427 0.54378 150 150 255
-38.9855 21.1261 24.3905 -2.01269 -0.424416 -3.5 1 -0.801346 0.513161 255 53 53
-37.0909 67.3623 21.6881 0.821343 0 -2.09605 0 -0.028944 0.526623 4 4 255
-35.5818 48.7701 36.1593 0.0298397 0 -3.5 0 -0.0397083 -0.325383 15 15 255
-32.6855 15.706 19.4275 -0.0354971 0 1.8 0 -0.013516 -0.869528 71 71 255
-29.6003 18.3016 30.6361 -1.00104 -0.609008 -3.5 0 0.694317 -0.704548 211 211 255
-30.4637 43.5397 36.944 0.977626 0 -4.5 0 0.190638 0.355551 16 16 255
-21.7717 32.0301 30.4786 -0.0852018 0 -0.4 0 0.00129947 -0.7063 14 14 255
-35.9996 68.8812 18.4403 2.5012 0 -3.9 0 0.457229 0.451513 9 9 255
-15.4692 41.8316 6.47447 0.299659 0 -3.5 0 0.127607 0.8525 45 45 255
-41.6394 55.4057 31.2916 -2.341 -0.110181 -3.5 0 0.225689 0.454481 20 20 255
-21.8753 57.8957 2.48409 -0.748903 0 -3.5 0 0.788627 0.180504 67 67 255
-14.7247 45.7463 31.2106 0.47148 0 -4.5 0 0.6256 0.0557484 46 46 255
-46.0836 64.2516 18.0764 -0.206454 0 0.788326 0 -0.582595 0.723448 3 3 255
-39.0259 67.677 7.94197 -0.317371 -0.756803 -0.870248 0 -0.293131 0.914726 136 136 255
-35.8283 64.9177 0.962219 -0.233696 0 -4.5 0 0.192832 -0.260512 130 130 255
-20.3546 25.1607 21.7614 0.300726 0.603376 -4.5 0 -0.34415 -0.429295 21 21 255
-12.0278 42.6307 9.02825 -0.406797 0 -3.5 0 0.832873 0.515855 51 51 255
-37.0937 43.28 6.13003 0.549961 0 -4.5 0 -0.0390841 -0.820954 236 236 255
-27.8368 53.5165 31.7745 0.907448 0 -4.5 0 0.00470195 0.881168 11 11 255
-17.0688 28.784 9.0385 -0.144379 0 -1.11823 0 0.468196 0.369549 61 61 255
-24.5114 16.5534 21.5394 0.156778 0 -3.2 0 0.297016 -0.562285 11 11 255
-11.6082 38.7578 21.2295 0.0227653 0.556141 -2.91997 0 0.686836 -0.558336 19 19 255
-43.8625 63.0283 10.5239 0.655466 0.201638 -2.82612 0 -0.943605 -0.2242 158 158 255
-10.3472 31.4788 5.02119 0.500156 0 -4.5 0 0.998942 -0.0224807 30 30 255
-26.2575 18.6111 11.3619 1.23428 0.0512544 -3.9 0 -0.469354 0.232697 73 73 255
-13.7629 41.7059 20.442 0.0756998 0 2.8 0 0.746609 -0.0370413 6 6 255
-31.4761 63.8154 12.4553 -0.1711 0 -0.7 0 0.125511 0.875095 16 16 255
-29.53 53.4484 31.3925 0.757906 0 -4.5 0 -0.180004 0.625028 17 17 255
-21.9665 47.0665 4.627 0.0142124 0 2.33883 0 0.907885 -0.00658365 207 207 255
-38.7155 50.937 32.01 0.543658 0 -1.6 0 0.063149 0.284182 20 20 255
-28.4492 22.9796 11.5819 -0.527677 0 -3.5 0 -0.0770282 -0.240354 132 132 255
-20.2905 61.1452 9.12391 -0.0393378 0 -3.5 0 0.358936 0.667056 103 103 255
-34.981 47.0161 36.2674 -0.400265 0 -3.5 0 -0.246393 0.0446353 8 8 255
-10.5778 38.9357 14.9935 -0.583245 -0.971307 -4.5 0 0.790664 -0.245209 183 183 255
-39.3919 55.4464 4.04775 -0.107201 0 4.2 0 -0.297815 0.597718 255 134 134
-21.7221 39.536 4.75769 0.0827276 0 -3.61688 0 0.262426 0.460324 31 31 255
-11.099 45.3915 10.8345 -0.851053 0 -2.49236 0 0.528112 -0.0534758 66 66 255
-25.332 26.2705 24.4818 -0.31318 0 3.8 0 0.195177 -0.900373 11 11 255
-12.4452 48.0346 26.3639 0.132359 -0.00237982 -3.1321 0 0.852802 0.24501 8 8 255
-37.204 67.2073 16.6422 0.447753 0 -2.00428 0 0.285599 0.958189 12 12 255
-13.0195 43.1809 19.5889 0.50842 0 -0.682412 0 0.526242 -0.848386 1 1 255
-18.6803 40.1469 4.33216 0.331789 0 -4.5 0 -0.545609 0.24803 21 21 255
-41.2998 43.4265 12.9005 0.688193 0 -4.5 0 -0.299171 -0.949412 255 183 183
-27.9778 15.3497 17.705 -0.0369716 0.833307 -3.2 0 0.137836 -0.699478 27 27 255
-45.5501 58.9608 26.7705 0.0583052 0 -0.8 0 0.325638 0.728851 101 101 255
-12.92 35.2045 11.2615 0.215271 -0.145948 -1.765 0 0.0674114 -0.751449 130 130 255
-14.8585 52.2445 11.6675 0.2304 -0.594646 -1.97784 0 0.949287 -0.104896 16 16 255
-20.9901 49.6681 -0.768422 0.0743819 0 -3.9 0 0.680433 -0.661951 4 4 255
-49.5513 45.581 18.0559 0.706305 0 0.593986 0 -0.65179 -0.756595 158 158 255
-33.789 69.724 3.782 0.683906 0.904094 -4.5 0 -0.1049 0.895329 59 59 255
-9.26567 48.4135 12.7577 0.584968 0 -3.5 0 0.283528 0.848773 6 6 255
-38.5071 31.9125 15.456 0.327823 0 -1.6 1 -0.536637 0.838804 255 49 49
-38.2146 62.7006 29.4651 0.65784 0.658038 -4.5 0 0.0348049 0.981174 82 82 255
-40.9345 42.5595 15.2227 0.357089 0 -4.5 0 -0.326896 -0.94382 255 140 140
-30.2355 36.6345 34.5165 -0.0334725 0 -4.5 0 0.292112 -0.677639 29 29 255
-12.3692 42.3513 6.57356 -0.046301 0 1.8 0 -0.067528 0.895061 45 45 255
-12.2205 33.1865 4.4805 0.725976 0 -4.5 0 0.385947 0.435964 27 27 255
-41.6753 29.423 23.3349 -0.177429 0 -3.5 0 -0.706576 -0.692243 255 92 92
-20.7232 63.0832 15.274 0.0577953 -0.0670865 -0.7 0 0.553999 0.768476 159 159 255
-41.785 50.1595 28.8565 0.101519 0 -3.5 0 0.583095 -0.206656 32 32 255
-17.743 52.274 27.935 0.621286 0.368475 -3.5 0 0.0180591 0.920376 59 59 255
-35.4901 56.9091 -0.0482076 -0.0162503 0 -1.6 0 -0.423197 0.872253 255 203 203
-22.46 60.6465 3.7475 -1.23809 -0.170766 -3.5 0 0.746935 0.663075 63 63 255
-21.2635 48.6703 4.93271 0.0725351 0 1.8 0 0.801634 -0.590804 220 220 255
3 301 2419 3144 0.325598
3 1243 3144 2674 0.180548
3 3144 2419 2712 0.409740
3 2419 4307 2712 0.421020
3 301 3568 1977 0.196991
3 1977 3568 1727 0.187729
3 1977 1727 841 0.238857
3 841 1727 2259 0.226745
3 1727 3568 3186 0.167323
3 3186 3568 835 0.139969
3 3186 835 240 0.142653
3 240 835 1757 0.195042
3 3613 3568 2995 0.062446
3 1243 326 1962 0.095319
3 326 2674 831 0.179230
3 831 2674 170 0.262914
3 2674 3080 170 0.238269
3 3080 2674 1649 0.260085
3 3275 1649 686 0.283927
3 2674 3144 1649 0.250648
3 2712 1649 3144 0.344542
3 1649 1759 686 0.406460
3 1759 2712 4307 0.425429
3 1759 2913 3490 0.256645
3 3490 2913 3156 0.281924
3 207 85 2913 0.562471
3 2913 85 3765 0.524099
3 3765 825 2774 0.444870
3 207 910 825 0.609907
3 207 4307 910 0.452601
3 910 586 2774 0.406432
3 2774 586 4397 0.319294
3 4397 2259 2840 0.177796
3 2508 3795 605 0.271103
3 798 3795 3912 0.324808
3 3912 2508 2238 0.316067
3 1234 1368 2092 0.168877
3 2092 3977 3922 0.103556
3 240 2458 3186 0.160146
3 1368 1757 3613 0.143431
3 3613 830 2959 0.034506
3 1962 960 830 0.037834
3 831 170 1415 0.165005
3 2658 3691 1297 0.027724
3 4271 1790 3797 0.053802
3 1790 3361 4039 0.067581
3 3797 4039 3128 0.038795
3 3361 141 3080 0.115208
3 3275 879 2911 0.271040
3 3275 2911 3261 0.205237
3 3836 3423 1861 0.374699
3 879 686 101 0.355293
3 101 686 3490 0.333565
3 2573 3298 2860 0.233532
3 2757 2860 3298 0.356486
3 3298 2573 3256 0.155347
3 3256 2808 3298 0.286306
3 3681 3256 2194 0.405775
3 1177 2194 3256 0.398632
3 1177 3156 3403 0.323729
3 3403 3156 2913 0.323110
3 599 2564 372 0.524848
3 599 2614 3606 0.575753
3 3892 2929 2774 0.457873
3 4397 3897 2199 0.409230
3 4397 646 3897 0.396634
3 3897 380 3814 0.270855
3 3814 380 1166 0.419170
3 3814 1166 3066 0.443390
3 1166 646 2840 0.433033
3 1166 2840 1594 0.230165
3 2840 646 4397 0.283321
3 1594 2840 3510 0.274165
3 3510 2840 2458 0.226008
3 3510 2458 4070 0.230906
3 3510 3795 798 0.301606
3 798 1102 1807 0.369973
3 511 1807 4244 0.598529
3 2238 3020 710 0.165340
3 2508 1278 2238 0.254249
3 2238 1278 3020 0.191354
3 1278 1234 2092 0.195475
3 1278 2092 3020 0.185414
3 2092 3922 3020 0.089523
3 4277 3922 1413 0.035197
3 1413 3922 3977 0.055684
3 1413 3977 2516 0.065176
3 2516 3977 3243 0.064647
3 3651 2532 1413 0.042106
3 634 3651 1840 0.050750
3 1840 1064 634 0.058520
3 2168 634 1064 0.073088
3 1064 1840 112 0.056628
3 1840 2578 2823 0.046649
3 1840 2823 112 0.042184
3 1297 1100 2658 0.032230
3 2578 2516 3243 0.039839
3 2578 3243 1100 0.032434
3 2658 1100 2959 0.023675
3 1297 4271 3 0.050954
3 1390 1756 2327 0.054517
3 4271 3797 3301 0.047288
3 4057 816 3365 0.033900
3 3163 3365 816 0.031594
3 816 4057 2914 0.040526
3 2914 2859 816 0.041883
3 2914 4057 2158 0.025751
3 2158 3888 2914 0.028710
3 3355 2673 3971 0.008674
3 4007 1114 1386 0.281988
3 3251 2758 1859 0.102145
3 1859 2758 3122 0.227943
3 2758 3365 156 0.084267
3 3261 2911 821 0.159477
3 3261 821 156 0.094076
3 156 821 3122 0.141145
3 3836 1211 2482 0.320420
3 2041 2482 1092 0.416833
3 2821 2757 3103 0.489837
3 2757 457 2805 0.428830
3 457 575 2805 0.507893
3 575 2808 4038 0.319945
3 2808 3681 1062 0.372323
3 1062 3681 4322 0.287208
3 4322 1156 1062 0.313212
3 4322 2194 1009 0.240388
3 2194 1177 3856 0.500107
3 2949 2194 3856 0.389922
3 2949 3856 435 0.447207
3 2720 2698 3210 0.502591
3 3210 2761 2720 0.551320
3 1929 2614 1022 0.495861
3 3606 3511 3129 0.648117
3 3633 956 428 0.522097
3 1048 1414 3511 0.460866
3 2600 3511 190 0.427383
3 1414 190 3511 0.236224
3 1414 1022 1481 0.266573
3 1481 1022 3892 0.313171
3 190 1481 3849 0.204805
3 2060 3849 1481 0.284119
3 903 3892 3897 0.405738
3 1706 903 3814 0.361675
3 1706 2776 3849 0.413663
3 3849 2776 311 0.501404
3 2776 3183 2451 0.376232
3 2776 2451 311 0.386342
3 3183 3066 4292 0.297468
3 1430 3896 2957 0.797679
3 4244 4305 3896 0.659307
3 4305 3705 3896 0.733991
3 2570 4181 710 0.159192
3 4181 2570 4013 0.223852
3 2570 3995 4013 0.180657
3 3995 2249 4277 0.103356
3 4277 2249 220 0.073341
3 2249 710 220 0.088277
3 220 710 3020 0.105561
3 4277 2532 3995 0.076905
3 2532 4277 1413 0.031923
3 2532 3291 3995 0.084180
3 2532 3651 634 0.049597
3 3291 2168 2864 0.059342
3 2864 2383 3291 0.094433
3 2168 3831 2864 0.051636
3 3831 2168 1685 0.049356
3 1685 465 3831 0.038455
3 1064 112 2969 0.062600
3 112 2823 2294 0.042754
3 3702 1756 4100 0.029694
3 4285 1196 1455 0.103720
3 1455 1196 1028 0.073799
3 1390 1028 1196 0.040757
3 1028 3163 1455 0.056047
3 971 1455 3163 0.054637
3 1455 971 4260 0.077764
3 4260 695 1455 0.135672
3 2859 1894 4260 0.065840
3 1894 3888 4005 0.039616
3 3781 3355 2664 0.008943
3 3781 2664 2567 0.009708
3 2386 3781 2567 0.005404
3 2567 2664 3447 0.009207
3 2567 3447 1940 0.008442
3 1940 3447 684 0.007412
3 3447 1998 3238 0.010570
3 3513 3447 3971 0.012588
3 3513 3971 1247 0.014236
3 2465 2361 2878 0.483586
3 2361 2465 2966 0.367902
3 4007 2966 2465 0.430255
3 1070 4007 1859 0.437938
3 1092 1070 2041 0.323799
3 3122 2041 1070 0.263909
3 4065 2966 3125 0.275176
3 484 1262 3103 0.280761
3 1262 3125 1211 0.362793
3 1262 1211 3103 0.339677
3 3657 484 2828 0.397778
3 484 3200 2828 0.334262
3 2365 275 3200 0.359527
3 275 1156 3200 0.371854
3 3200 1156 1250 0.376334
3 3200 1250 2828 0.321227
3 4322 1009 2615 0.336422
3 4322 2615 1035 0.313486
3 2615 3988 1035 0.263473
3 1893 3988 2994 0.196969
3 3134 2615 1009 0.276052
3 525 2854 3560 0.131541
3 2142 525 403 0.052769
3 525 3560 3416 0.134100
3 403 525 3416 0.081196
3 3560 4143 2807 0.186451
3 2807 2720 3382 0.217345
3 2807 3382 205 0.185862
3 428 3684 3633 0.398198
3 3633 3684 672 0.251371
3 814 2876 474 0.840244
3 1069 428 956 0.771199
3 1069 956 31 0.768349
3 31 956 2239 0.729080
3 2239 956 3511 0.681819
3 2600 3849 2427 0.513524
3 1000 1502 2427 0.840111
3 2427 1502 3187 0.821242
3 3187 1502 2835 0.896174
3 3596 3289 1000 0.847397
3 1502 1000 3289 0.863738
3 3289 260 1502 0.890916
3 3289 1689 260 0.919450
3 3292 2425 4391 0.501457
3 746 2425 1007 0.566006
3 158 1007 2425 0.695207
3 1007 99 746 0.644152
3 986 746 99 0.559717
3 158 4292 3023 0.651675
3 986 2916 4391 0.791520
3 875 99 1430 0.774580
3 2957 3705 3309 0.875716
3 2957 3309 1307 0.871728
3 3705 3509 3175 0.799310
3 3175 3509 2488 0.818841
3 3509 3705 20 0.758833
3 3509 20 2862 0.715117
3 4244 3034 890 0.467544
3 3562 924 3017 0.508805
3 1152 3006 2316 0.145433
3 2101 1152 2316 0.108588
3 2383 562 4013 0.109788
3 562 3006 1118 0.175250
3 1118 4013 562 0.171281
3 4013 1118 4181 0.233062
3 2316 2656 1395 0.036141
3 1395 2656 1512 0.043970
3 465 3467 2656 0.045383
3 2656 3467 90 0.055592
3 3467 465 3032 0.029928
3 3255 489 2642 0.041017
3 3032 2642 3467 0.024437
3 3458 1187 4285 0.024969
3 3759 2056 3773 0.021544
3 324 3592 4260 0.076611
3 324 3918 3592 0.050350
3 2016 3918 324 0.039579
3 2016 4005 2795 0.018380
3 3918 2016 2795 0.022920
3 3918 2795 1045 0.018361
3 2809 3918 1045 0.017927
3 2795 4005 3741 0.013522
3 3523 492 2386 0.004396
3 931 3523 1313 0.004425
3 3523 1154 1313 0.005909
3 1313 1154 1747 0.005591
3 1154 2386 1940 0.004215
3 1154 2755 1747 0.005213
3 684 3238 2755 0.004577
3 3238 684 3447 0.006975
3 333 2788 3577 0.013850
3 2788 4310 3577 0.013777
3 884 2225 3513 0.051265
3 884 2878 943 0.154487
3 4393 1878 2027 0.284559
3 2027 1878 3948 0.261375
3 2027 3948 663 0.240946
3 3657 2828 2705 0.245049
3 2705 2828 1893 0.153794
3 2882 2267 210 0.090408
3 210 136 2882 0.087449
3 136 2123 2882 0.080836
3 2994 3988 1819 0.133646
3 2994 1819 4164 0.092152
3 4164 3276 2861 0.075175
3 2861 2142 3164 0.058074
3 3164 4164 2861 0.053355
3 1737 228 3526 0.056210
3 3526 2108 1737 0.055485
3 228 3416 3526 0.065893
3 3310 3383 3526 0.085747
3 3416 512 3310 0.085025
3 1616 512 2807 0.118669
3 1616 1633 3443 0.116117
3 3443 4159 1616 0.157444
3 3443 765 516 0.188407
3 1633 205 765 0.126965
3 516 765 672 0.205055
3 853 3443 516 0.262904
3 4159 853 959 0.324204
3 3684 606 516 0.394149
3 853 516 606 0.423061
3 959 853 606 0.437221
3 3603 4344 474 0.784954
3 3603 474 2561 0.889665
3 2561 474 2876 0.890433
3 2876 3689 2561 0.916328
3 977 2835 724 0.957549
3 1348 1689 1441 0.946905
3 1441 1689 3236 0.935627
3 1441 3236 1038 0.936607
3 1524 3236 3347 0.851923
3 1524 3347 4402 0.701525
3 4088 259 1524 0.824915
3 3236 1524 1038 0.873735
3 259 1038 1524 0.861085
3 2956 4088 1849 0.886458
3 1849 279 2956 0.827928
3 3625 2956 279 0.924901
3 3625 1494 1082 0.956757
3 1082 1494 4161 0.952064
3 3138 3092 3671 0.747275
3 3671 3092 2721 0.821919
3 3671 355 2179 0.852365
3 355 2721 1851 0.859265
3 355 1851 1944 0.824599
3 2877 2721 3092 0.844223
3 2877 1307 3309 0.868508
3 1436 3309 3175 0.817061
3 3175 4280 1436 0.718885
3 1240 1436 1561 0.658771
3 4280 2488 2497 0.666600
3 2862 3017 1574 0.739080
3 3017 1152 4216 0.378077
3 4204 4216 4132 0.338290
3 2851 1399 1395 0.069612
3 2851 1395 1512 0.050531
3 2545 2642 489 0.013138
3 1238 1805 1730 0.115596
3 1730 1805 2147 0.136043
3 1730 2147 2061 0.249865
3 2061 2147 901 0.318749
3 3908 793 3093 0.171334
3 1780 3773 2572 0.036795
3 2809 2572 3773 0.024621
3 2572 2809 4195 0.017659
3 4195 1917 2572 0.023632
3 2809 1045 4195 0.011232
3 844 4361 4278 0.008958
3 4361 2333 4278 0.012540
3 1043 931 1313 0.004546
3 1313 1747 1618 0.005222
3 625 33 1618 0.007783
3 3799 1618 33 0.012719
3 1762 3799 2126 0.013894
3 33 2126 3799 0.012430
3 2126 3577 4310 0.005913
3 2126 4310 2042 0.007137
3 2788 3359 1764 0.067592
3 2788 3646 3359 0.068769
3 3640 3646 4393 0.162690
3 3359 3640 215 0.216375
3 2027 2011 36 0.203641
3 2640 1695 1927 0.091830
3 3948 2338 2723 0.144453
3 2338 2267 1029 0.088617
3 1029 2267 2882 0.104197
3 2882 3700 1029 0.083052
3 1927 3700 4358 0.038514
3 299 2748 723 0.027360
3 723 2748 1179 0.042075
3 1890 1179 3802 0.041817
3 1890 3802 1970 0.024842
3 2748 3325 1179 0.048580
3 1179 3325 3802 0.066503
3 3325 4164 293 0.055322
3 4164 136 2994 0.103927
3 4164 1983 4408 0.047804
3 3575 1983 4164 0.052098
3 3575 4164 3164 0.050882
3 3164 3296 3575 0.045268
3 3296 3164 3072 0.033661
3 3072 366 1941 0.039077
3 366 3132 1941 0.036313
3 1941 3132 1554 0.030716
3 1941 1554 2486 0.035762
3 3132 366 2108 0.043996
3 3132 2108 3587 0.036882
3 366 1737 2108 0.030465
3 4256 4150 1637 0.010378
3 4159 2920 3310 0.147530
3 86 3310 2920 0.103713
3 2920 3445 86 0.250081
3 2920 4159 2448 0.270339
3 2920 2448 2330 0.425104
3 2515 2792 2448 0.621172
3 2515 606 4344 0.598837
3 800 2792 2515 0.714443
3 800 4344 1385 0.596470
3 3603 690 1107 0.910469
3 1107 690 1168 0.922076
3 690 2561 3320 0.958596
3 3320 4075 2287 0.978290
3 2287 4075 1314 0.982181
3 25 2287 4190 0.975667
3 4075 3320 698 0.968660
3 340 2185 724 0.969926
3 2185 3320 977 0.973821
3 977 724 2185 0.973226
3 2185 340 4295 0.963274
3 698 4295 1212 0.963681
3 2533 1038 1725 0.942101
3 1725 3112 2533 0.963499
3 3406 1661 2618 0.985196
3 2533 3112 1214 0.974734
3 1214 3112 1121 0.980443
3 4268 3625 1082 0.974948
3 221 482 4268 0.969246
3 1365 4268 482 0.971356
3 221 3448 482 0.960991
3 221 4161 3448 0.955670
3 3838 3012 2557 0.859133
3 3012 3475 1652 0.896059
3 2179 2369 1652 0.832591
3 1652 2369 1113 0.854810
3 1652 1113 3012 0.833697
3 3012 1113 389 0.799543
3 3433 2369 355 0.847538
3 2179 355 2369 0.838584
3 355 1944 3433 0.806193
3 554 291 1094 0.621180
3 1712 1851 1240 0.676380
3 1561 3648 1712 0.588316
3 1561 2535 3648 0.501900
3 2307 3648 2535 0.498859
3 2087 2535 1772 0.284498
3 2535 1561 4280 0.414438
3 4280 3645 2535 0.372158
3 589 1772 3645 0.371900
3 589 2629 1772 0.304312
3 1772 2629 1182 0.315059
3 1772 1182 700 0.417176
3 2629 692 1182 0.275220
3 2629 4204 1080 0.426533
3 692 2629 3010 0.213373
3 1080 3010 2629 0.246819
3 973 3424 4132 0.268789
3 4132 2668 3010 0.304134
3 980 1897 2849 0.669951
3 2849 1897 1989 0.818111
3 1989 1897 443 0.855381
3 4030 602 120 0.754963
3 4030 120 443 0.845296
3 3049 1031 602 0.805151
3 120 602 1031 0.848685
3 4254 3452 3049 0.826051
3 1031 3049 3452 0.860114
3 4254 3049 1862 0.776035
3 3439 4047 134 0.447515
3 2061 3880 3233 0.470279
3 4047 3880 4371 0.388432
3 4371 901 3352 0.325951
3 3908 4371 3352 0.189414
3 3908 3004 178 0.229143
3 3908 3000 3004 0.242960
3 4201 3093 2572 0.137703
3 2572 3093 1780 0.117785
3 4201 2598 735 0.033867
3 2598 4026 98 0.013553
3 4026 4278 2960 0.031070
3 2960 3877 1054 0.084947
3 2084 8 1457 0.037290
3 3858 361 3429 0.049498
3 3429 3799 3495 0.034632
3 3799 1762 3495 0.025939
3 3495 1762 1867 0.033918
3 1867 1762 4127 0.023962
3 1762 2126 416 0.017755
3 3734 2042 2631 0.049858
3 2042 4310 254 0.025097
3 2631 254 789 0.063381
3 254 608 789 0.045593
3 1764 3359 608 0.085659
3 3359 2998 608 0.153943
3 2998 215 2352 0.280986
3 4220 1945 3086 0.169081
3 3086 1945 1883 0.219640
3 1945 3493 1883 0.166936
3 1883 3493 726 0.127257
3 3493 1945 1377 0.108411
3 1377 1945 2429 0.246180
3 1377 2429 2395 0.195073
3 1377 2395 969 0.088789
3 969 2395 2640 0.086514
3 1654 1377 4137 0.121743
3 969 4358 2423 0.037176
3 4137 4004 4107 0.063172
3 1901 4358 299 0.039921
3 299 4358 3700 0.034698
3 2430 2869 1901 0.027075
3 2430 2848 2869 0.021687
3 299 723 2430 0.029503
3 2527 1970 529 0.017839
3 517 529 1970 0.020708
3 767 1439 2398 0.025700
3 1439 2486 3520 0.024836
3 3520 1554 253 0.026653
3 3520 2051 2751 0.015284
3 2751 2051 4092 0.018981
3 2051 253 4256 0.014579
3 2544 4256 3961 0.019085
3 3052 3961 4256 0.012757
3 159 3405 3052 0.005330
3 3961 3052 3405 0.008623
3 2356 2268 2358 0.018261
3 159 1980 2268 0.007575
3 2358 2268 3954 0.013645
3 1980 1637 4150 0.011509
3 2405 4082 1639 0.040859
3 3445 2001 3232 0.165902
3 2001 3717 2174 0.202821
3 2174 1639 2001 0.150278
3 2174 3717 2521 0.308144
3 2174 2521 1542 0.446596
3 3717 2330 2521 0.477098
3 1542 2521 3955 0.521209
3 3955 2792 1427 0.575332
3 1542 197 2174 0.216831
3 3322 2174 197 0.106851
3 197 3220 3322 0.106561
3 2948 1242 1542 0.426279
3 197 1542 1242 0.347755
3 3220 197 2951 0.125859
3 1242 2951 197 0.229513
3 2948 1427 4032 0.568966
3 2686 1788 962 0.931908
3 2686 962 1230 0.928939
3 1107 962 1788 0.923216
3 962 1168 4337 0.954517
3 4337 1168 2287 0.960854
3 4337 25 4190 0.983035
3 3824 3674 3543 0.989191
3 3543 2490 38 0.987165
3 2551 964 2618 0.980798
3 3431 3486 1214 0.986595
3 2529 3431 1365 0.989509
3 3486 2529 2584 0.987989
3 2529 387 1576 0.983658
3 818 1576 269 0.990214
3 387 1671 1576 0.962432
3 269 1576 3834 0.984490
3 1671 1374 4262 0.955084
3 1604 3448 236 0.946718
3 3491 4262 146 0.954221
3 348 3838 2557 0.888204
3 1563 641 348 0.881792
3 641 1563 2912 0.823484
3 2912 3469 641 0.789920
3 3664 641 3469 0.811218
3 1563 1319 2912 0.733832
3 3664 3469 1044 0.711921
3 4163 1319 1903 0.586203
3 4163 1903 1866 0.561938
3 1903 389 3285 0.550449
3 3285 1866 1903 0.586100
3 3107 2118 1383 0.452253
3 2802 4366 1090 0.387025
3 4366 188 1383 0.275654
3 1094 2152 2802 0.346489
3 2152 2478 2802 0.254511
3 188 2478 3339 0.204389
3 2205 3339 2478 0.290882
3 3339 3639 188 0.156285
3 3208 3339 2205 0.397476
3 2205 2367 3208 0.528648
3 3068 2367 2832 0.562981
3 2367 2205 2478 0.347586
3 2367 2478 1707 0.339947
3 1707 2832 2367 0.474688
3 616 2832 2087 0.617872
3 616 1115 264 0.627950
3 2832 616 264 0.555122
3 1115 700 1182 0.508649
3 1115 1182 453 0.479644
3 453 2762 1115 0.490524
3 2762 2343 1410 0.483323
3 2343 533 1410 0.334765
3 1410 533 588 0.301076
3 588 533 3945 0.254715
3 1879 3010 3945 0.171242
3 2971 4141 3945 0.311583
3 2971 980 4383 0.681887
3 1123 2849 1989 0.826821
3 1123 1989 1744 0.859798
3 3135 3504 3452 0.791654
3 886 3452 4254 0.680150
3 1130 2852 4254 0.676897
3 1551 1376 134 0.887467
3 1551 134 791 0.762111
3 30 1551 791 0.820126
3 791 134 1791 0.556312
3 1791 2729 791 0.596720
3 1791 441 3252 0.585307
3 441 937 1185 0.330096
3 3004 3223 4329 0.287801
3 3000 3093 4201 0.116797
3 3000 2507 3223 0.186739
3 2507 1632 3223 0.187166
3 4329 3223 3046 0.282175
3 1632 1054 3877 0.109495
3 3541 4155 1826 0.076041
3 4160 3479 3801 0.030364
3 3479 3858 4272 0.056505
3 3479 4272 2622 0.054600
3 2634 1914 4272 0.085536
3 2315 4272 1914 0.260815
3 2634 3434 1914 0.124572
3 2634 1867 3434 0.073419
3 3434 1867 3249 0.067768
3 2363 1219 3734 0.015821
3 1975 3734 1219 0.010918
3 1596 1975 3028 0.010641
3 1219 3028 1975 0.008935
3 2363 789 1065 0.023848
3 2363 1065 3438 0.016590
3 4220 2648 1969 0.048336
3 789 1203 1065 0.024996
3 2208 3555 2648 0.055995
3 357 1666 3621 0.208639
3 3621 1666 754 0.238403
3 754 1666 3409 0.218265
3 3409 1654 3387 0.152386
3 241 4107 2274 0.061988
3 2869 2848 1429 0.023169
3 1429 2848 3485 0.021151
3 1429 3485 3154 0.023088
3 3154 3485 2985 0.017155
3 936 2848 4200 0.040091
3 2886 3624 3981 0.028510
3 3041 4378 3084 0.039468
3 3041 3084 4138 0.029302
3 3084 2527 1412 0.025726
3 2012 529 2237 0.026752
3 2237 529 517 0.030556
3 2012 2237 212 0.030085
3 3412 212 2237 0.037446
3 727 3412 3875 0.022476
3 727 3975 212 0.064897
3 2460 2593 3975 0.033078
3 2214 3975 2593 0.028622
3 2593 2460 276 0.044795
3 276 1099 2593 0.030398
3 1700 4351 2460 0.040795
3 276 2460 4351 0.045424
3 4351 3195 276 0.035917
3 97 276 3195 0.041243
3 3875 2474 1700 0.037886
3 604 2528 2474 0.021915
3 391 2528 4381 0.016430
3 1232 2637 2359 0.013046
3 604 1800 2637 0.017662
3 604 4092 1800 0.012976
3 4092 2544 1800 0.012056
3 2356 2652 273 0.020194
3 2652 1871 1987 0.036987
3 1871 1501 1987 0.041678
3 3220 1501 296 0.060033
3 1639 3954 2405 0.052472
3 4097 4239 921 0.245485
3 1946 921 4239 0.316883
3 3364 1946 4300 0.536558
3 3364 4300 1875 0.660581
3 4300 581 1875 0.681486
3 581 3095 1875 0.853392
3 3095 1350 1875 0.775661
3 3095 2140 1350 0.770810
3 1350 3531 1875 0.751503
3 208 199 3531 0.905076
3 208 1768 1659 0.945824
3 1659 1768 1405 0.949632
3 2989 1230 103 0.964373
3 4190 3344 4337 0.984491
3 3851 2741 1674 0.981845
3 1158 1674 2741 0.980394
3 1158 2263 3680 0.974597
3 3680 2263 1992 0.974536
3 4156 2584 2290 0.955016
3 2584 2618 3486 0.981184
3 2584 818 2290 0.981973
3 818 269 2290 0.988244
3 2290 3900 2097 0.981444
3 4156 2097 1200 0.960062
3 3900 3834 3957 0.955638
3 2630 3834 2198 0.896225
3 2630 2198 3397 0.884014
3 1444 146 1812 0.947931
3 2354 3936 3664 0.916194
3 1846 706 2928 0.935621
3 2928 3664 1044 0.740366
3 1044 2224 2928 0.687224
3 749 3295 1044 0.476236
3 2224 1044 3295 0.540768
3 1027 3295 749 0.328085
3 749 1044 4060 0.503122
3 4163 850 3264 0.613537
3 4163 607 850 0.631158
3 4084 607 3738 0.646046
3 607 1866 3738 0.522595
3 4084 3852 479 0.387489
3 4112 4084 3716 0.276560
3 3107 1383 2164 0.356853
3 3716 2164 3639 0.175060
3 3639 175 4151 0.389961
3 3923 175 3339 0.274537
3 2762 378 1115 0.518255
3 264 1115 378 0.511607
3 3767 2052 3604 0.590171
3 2052 3658 3604 0.546774
3 1743 1570 3658 0.427723
3 588 1743 1410 0.257700
3 1743 2052 1410 0.196052
3 1743 4141 1570 0.394485
3 4383 3323 1570 0.676759
3 1570 3323 2927 0.663250
3 3174 4383 1123 0.716951
3 1123 1744 3174 0.884419
3 4309 168 4147 0.743845
3 3202 4147 168 0.791237
3 3202 3135 1979 0.731495
3 3202 1979 4147 0.635104
3 1979 3135 886 0.624785
3 1979 886 1906 0.628628
3 30 3919 3698 0.605786
3 262 2919 3031 0.382260
3 2366 3815 3031 0.219549
3 3815 2366 996 0.292880
3 996 2366 3252 0.522438
3 3252 2729 1791 0.562358
3 540 2734 3252 0.499222
3 1185 111 540 0.321700
3 111 2734 540 0.473147
3 111 1053 2734 0.416950
3 4273 3046 2891 0.393140
3 3752 2891 1055 0.377551
3 3046 3541 2996 0.342363
3 2996 3228 3946 0.190829
3 1215 1640 4155 0.011776
3 1215 2371 1640 0.007926
3 1640 2371 21 0.007148
3 21 2371 2085 0.012314
3 2085 2371 1864 0.010570
3 4313 1442 3801 0.014041
3 3090 2622 1434 0.062304
3 3090 1434 3972 0.082827
3 3972 3554 3090 0.043424
3 3972 1434 2315 0.170138
3 2315 1213 3972 0.242702
3 3972 1213 836 0.129887
3 3972 836 1039 0.064574
3 1039 836 2400 0.120545
3 1213 2534 836 0.043772
3 2400 836 4128 0.036125
3 0 3434 3249 0.040502
3 2433 0 362 0.013468
3 362 1596 2433 0.011261
3 3028 1321 1596 0.005701
3 3968 3028 1219 0.004250
3 3968 1219 1034 0.006563
3 1034 1219 3438 0.007039
3 3438 1065 4044 0.016795
3 3968 3106 3028 0.003671
3 1321 3106 2560 0.003513
3 1034 3148 3968 0.002604
3 3438 4044 4002 0.014785
3 3148 4002 753 0.005073
3 4002 524 753 0.013511
3 753 524 72 0.007460
3 2090 524 4002 0.022795
3 2090 2208 4401 0.089893
3 2736 3621 2208 0.119125
3 2208 3621 4401 0.130172
3 4401 3621 2424 0.199244
3 2424 537 3883 0.320105
3 3409 3387 3701 0.128910
3 3387 4107 3701 0.090626
3 3701 4107 241 0.065860
3 4107 3387 4137 0.109775
3 3701 1275 1884 0.110472
3 1884 1275 3087 0.223812
3 1275 2903 3087 0.119252
3 2274 3154 2903 0.040158
3 3356 3266 3599 0.027795
3 3599 78 2103 0.025327
3 2103 78 3579 0.034549
3 139 3266 4274 0.024654
3 4332 1473 4203 0.050482
3 1918 1473 3650 0.033316
3 3650 4317 3536 0.072413
3 3981 4253 519 0.046638
3 3160 4138 1827 0.021022
3 3611 4138 3494 0.021401
3 3611 3494 2502 0.022118
3 3494 2602 2790 0.016481
3 1412 212 3975 0.043958
3 2790 1860 4001 0.021139
3 3201 1860 1099 0.019984
3 3201 1099 2256 0.028465
3 2256 1099 97 0.034264
3 1316 1106 1537 0.014497
3 1316 1537 13 0.020156
3 13 1537 601 0.022996
3 1106 3426 1537 0.019404
3 601 1537 45 0.025247
3 1537 3426 4109 0.019695
3 4109 45 1537 0.022345
3 822 282 273 0.029734
3 4109 282 4325 0.024543
3 4325 2218 944 0.051872
3 2218 822 1735 0.069437
3 1735 944 2218 0.074171
3 1735 3835 944 0.097883
3 1735 822 1987 0.080146
3 822 273 1987 0.045234
3 1987 273 2652 0.032892
3 1987 118 2744 0.120955
3 1076 1951 249 0.081707
3 249 1951 4097 0.105346
3 4239 4097 1951 0.128034
3 2936 845 827 0.267633
3 827 845 1220 0.314866
3 845 2377 4097 0.291793
3 921 2742 1220 0.423875
3 2275 3364 3531 0.764311
3 3531 1482 2275 0.863892
3 1482 449 2275 0.911875
3 2275 449 3367 0.858699
3 449 1482 1131 0.888063
3 1131 1482 869 0.896448
3 1482 199 869 0.888936
3 869 199 3015 0.892434
3 869 3015 1794 0.903706
3 2815 3015 715 0.961049
3 2815 2694 2510 0.967172
3 2510 2694 1169 0.980436
3 2510 1169 252 0.971588
3 826 2694 3776 0.973478
3 826 3776 3227 0.978517
3 2694 715 3776 0.963384
3 3776 715 395 0.978260
3 761 715 1659 0.959308
3 1405 761 1659 0.962658
3 1405 2989 3054 0.968287
3 4269 385 1885 0.961537
3 385 3807 1885 0.962698
3 3807 2234 1470 0.964648
3 703 2234 3750 0.965122
3 1674 4126 703 0.964128
3 4126 3492 2654 0.945872
3 4061 2654 3492 0.952814
3 3492 3248 4061 0.948022
3 4061 3248 1200 0.944099
3 3248 4156 1200 0.923661
3 3817 3152 4400 0.890301
3 3262 4400 3152 0.917862
3 2454 3817 3876 0.926674
3 1293 3876 3817 0.908362
3 3957 2630 1293 0.890033
3 4192 1293 3397 0.858474
3 2630 3397 1293 0.862741
3 1205 4192 3397 0.870495
3 4192 1205 1509 0.911356
3 1509 775 4192 0.934465
3 775 3062 1667 0.932782
3 1509 1205 527 0.887560
3 527 1444 4311 0.919202
3 2477 1428 4311 0.925525
3 2477 4311 2271 0.940566
3 2271 4311 3196 0.927526
3 3196 4311 1846 0.956167
3 1812 1846 4311 0.958473
3 1846 2928 2708 0.921166
3 1846 633 2685 0.880016
3 633 1126 1964 0.680345
3 1126 1586 1964 0.514417
3 1586 3910 439 0.632780
3 3524 1774 1027 0.344904
3 932 4060 3264 0.494233
3 932 2388 4060 0.477985
3 2388 3524 4060 0.451897
3 3264 2679 932 0.544123
3 2679 2406 3548 0.317832
3 3548 3099 2679 0.256172
3 2679 3099 2976 0.450669
3 2679 2976 932 0.509585
3 2388 2976 349 0.460827
3 3099 3548 2439 0.194054
3 2439 3548 1529 0.104607
3 3548 2588 2843 0.081813
3 2588 2406 3852 0.226715
3 2053 1848 300 0.072076
3 505 2053 300 0.063981
3 2396 1848 1968 0.088130
3 1968 1848 3704 0.102628
3 2396 1968 2696 0.091226
3 2396 2696 3721 0.085144
3 1968 2628 2696 0.185222
3 2696 2628 851 0.142300
3 2628 1968 2058 0.281282
3 3704 4112 1968 0.154868
3 1968 4112 2058 0.211209
3 3870 2696 851 0.094696
3 2058 3784 2628 0.350610
3 3784 4151 3991 0.450046
3 3991 4151 1137 0.438229
3 3991 3746 1638 0.483028
3 3151 3003 3591 0.265501
3 3003 3151 2002 0.309197
3 3003 2002 1916 0.434149
3 1688 3151 2548 0.445465
3 2548 1631 1688 0.430725
3 2548 287 1631 0.449744
3 3151 4314 3798 0.334423
3 4314 1490 3459 0.452840
3 3459 2289 3594 0.647577
3 3594 2289 834 0.634549
3 3594 834 1264 0.591181
3 2442 1264 945 0.675605
3 834 2289 3118 0.731530
3 3604 2105 3118 0.699617
3 3658 303 2251 0.577846
3 2251 3780 1030 0.812750
3 77 2927 2879 0.516086
3 3014 3174 1684 0.644711
3 4309 4147 4176 0.606523
3 4176 4147 4205 0.523624
3 790 3566 1831 0.419372
3 1831 3566 3861 0.473352
3 1634 3861 3566 0.548721
3 3566 4205 1634 0.508362
3 1634 2954 3861 0.493769
3 743 4015 2173 0.365450
3 4015 3861 6 0.400079
3 3026 262 1406 0.311916
3 1504 3026 1406 0.352585
3 1504 3170 3942 0.328360
3 1406 3381 3170 0.187283
3 4117 3381 365 0.103961
3 3381 1406 3815 0.138611
3 3381 3815 365 0.129022
3 1406 3031 3815 0.200651
3 4117 2313 1462 0.209236
3 894 3815 996 0.299177
3 894 996 2734 0.431688
3 2734 996 3252 0.454636
3 894 2734 2074 0.409166
3 1761 894 2074 0.428202
3 3130 1462 2074 0.184829
3 4117 1462 3130 0.163792
3 2153 3172 246 0.357361
3 3170 246 3172 0.307287
3 3942 3170 3172 0.270197
3 2952 4362 3752 0.282450
3 4362 3942 3752 0.318742
3 3172 3752 3942 0.317978
3 3752 1728 2952 0.252098
3 1728 3946 2952 0.205660
3 1055 1728 3752 0.287031
3 3946 1728 2996 0.249037
3 3722 3946 4095 0.195264
3 4095 1598 3722 0.266475
3 3946 3228 4095 0.106714
3 3228 2081 4095 0.023666
3 2081 358 2924 0.011387
3 2296 3350 2285 0.013769
3 2924 358 1864 0.006513
3 1864 1825 2924 0.017379
3 1864 3745 1825 0.026682
3 3745 4022 1825 0.032782
3 1864 2371 3745 0.014256
3 3745 2371 2319 0.013904
3 2319 4313 2093 0.013208
3 1117 3546 3090 0.024039
3 1117 3090 4356 0.027505
3 3398 2838 4356 0.010240
3 3554 1039 3398 0.036639
3 4128 2241 3538 0.012839
3 3137 4128 4350 0.003662
3 2102 4350 2433 0.007442
3 3028 3106 1321 0.007780
3 2946 2560 2247 0.001562
3 2560 2917 2247 0.001066
3 2917 3106 4211 0.001767
3 3106 2731 4211 0.003085
3 2731 3106 3968 0.002788
3 3951 2731 3968 0.002249
3 2556 3951 3148 0.002236
3 753 2556 3148 0.002935
3 4003 4180 3576 0.015261
3 1884 3747 3635 0.044393
3 2048 3747 1884 0.105473
3 2048 1884 3087 0.189751
3 3297 3060 2150 0.044029
3 1503 3060 172 0.069816
3 1503 172 3599 0.068645
3 3599 3628 1503 0.040494
3 3599 2103 3628 0.046780
3 3356 172 2903 0.056139
3 2103 3774 3628 0.059111
3 3774 2103 908 0.031847
3 2103 3579 908 0.036812
3 2844 3794 4274 0.021592
3 1120 918 1223 0.026497
3 2844 1223 918 0.028747
3 1223 3300 1120 0.023577
3 1120 1838 3385 0.046707
3 3385 1838 4336 0.075024
3 4059 354 1582 0.013459
3 4226 2202 1150 0.011608
3 3190 1150 3905 0.012245
3 3944 3390 909 0.027427
3 3944 909 4014 0.025466
3 1773 3774 3813 0.031174
3 2801 909 3561 0.043858
3 2801 3561 1827 0.030311
3 1827 102 2801 0.031915
3 102 1785 2801 0.036288
3 2801 1785 1330 0.034627
3 102 3611 2297 0.027061
3 2297 4001 3201 0.020814
3 3201 1785 2297 0.033616
3 1860 3201 4001 0.022808
3 1785 741 1330 0.040361
3 431 2714 741 0.035678
3 2709 4341 3425 0.037408
3 2714 4096 3425 0.030760
3 2714 1628 3195 0.032558
3 4096 2714 3195 0.029476
3 4381 450 2980 0.012179
3 2091 2384 2980 0.026641
3 2883 2091 1583 0.019340
3 450 1583 2091 0.015802
3 1583 1316 2883 0.018846
3 2883 1704 3388 0.028887
3 2880 2582 2513 0.034539
3 2582 4325 2513 0.044472
3 2898 2539 4325 0.059645
3 1881 991 1268 0.048779
3 1952 3271 2136 0.103500
3 991 1881 3271 0.070664
3 3271 1076 2136 0.095818
3 2136 295 1097 0.229723
3 295 2936 1097 0.203598
3 2936 827 1097 0.306181
3 1097 827 3463 0.345742
3 827 2364 3463 0.410930
3 2364 3212 3463 0.464529
3 2364 1220 2742 0.423189
3 810 3212 560 0.515288
3 2276 560 3212 0.457394
3 953 1298 560 0.832896
3 2742 3367 2276 0.592712
3 3396 2276 3367 0.535961
3 953 3758 2472 0.892294
3 2472 3758 3213 0.902444
3 4012 3213 412 0.866222
3 4012 412 869 0.885875
3 3269 393 4012 0.896944
3 3269 1794 2815 0.947848
3 730 3269 2510 0.951413
3 730 2510 252 0.960800
3 1935 2187 4008 0.892488
3 1935 4008 2125 0.903568
3 3227 1088 826 0.975926
3 3227 4269 3662 0.956586
3 3662 4269 509 0.925260
3 3807 2436 3622 0.965579
3 3162 3622 2436 0.952530
3 3162 2436 1990 0.945466
3 1990 2436 3089 0.945287
3 2436 1470 3089 0.944578
3 1990 3053 3368 0.947758
3 3368 3053 1829 0.945064
3 1844 1829 3053 0.910771
3 1844 1748 1783 0.941728
3 1808 3262 3901 0.930439
3 1808 3901 935 0.937701
3 1783 1808 935 0.930924
3 3901 3152 905 0.917663
3 1966 3152 2454 0.937085
3 3152 3817 2454 0.913222
3 3035 1966 4171 0.945563
3 4171 187 3654 0.901713
3 187 2318 3654 0.935767
3 3654 2318 1280 0.945222
3 1361 3775 1667 0.944109
3 3894 2336 1361 0.946456
3 3085 1361 2336 0.924333
3 3894 3280 2644 0.898777
3 3399 4330 3062 0.943967
3 1667 3062 4330 0.925527
3 3399 3062 3659 0.928016
3 3360 1822 1573 0.869156
3 3360 1573 3178 0.818057
3 480 3360 3178 0.755592
3 1573 3910 3178 0.716454
3 1040 349 2976 0.562377
3 3224 4259 1089 0.784918
3 2031 1089 4259 0.663341
3 2031 3843 740 0.338670
3 2031 740 3471 0.394270
3 2029 1389 1898 0.027503
3 1898 1389 976 0.029746
3 1389 3843 4259 0.248647
3 4259 2439 1389 0.209113
3 2439 976 1389 0.054190
3 1529 2309 976 0.044706
3 3358 976 2309 0.033176
3 1529 3253 2309 0.046839
3 505 1957 3253 0.048046
3 1957 356 2131 0.040955
3 2131 356 538 0.044969
3 538 356 2681 0.067496
3 538 2681 1581 0.081529
3 1581 2681 3328 0.082046
3 2681 356 3907 0.097804
3 2681 1818 3328 0.092465
3 300 3907 2321 0.072104
3 3721 3056 974 0.053180
3 4113 3870 1973 0.063222
3 4185 2937 1813 0.072074
3 3870 2820 1895 0.241924
3 1895 2820 1638 0.439509
3 1916 725 1137 0.380289
3 3746 1137 725 0.391037
3 1167 758 2266 0.402935
3 1167 2266 2575 0.487854
3 1161 1167 2575 0.284480
3 2575 1526 1161 0.336374
3 2390 2266 1322 0.410963
3 2390 1322 3257 0.478390
3 287 1322 2266 0.484752
3 3798 2442 4197 0.505489
3 2089 4197 2442 0.470083
3 2089 2442 4019 0.565653
3 3924 2089 4019 0.658141
3 442 1486 3215 0.586294
3 442 3327 1486 0.633196
3 3327 110 82 0.594560
3 110 2856 82 0.507799
3 82 2856 382 0.407619
3 82 382 2064 0.237085
3 2064 382 2737 0.099249
3 382 2856 2725 0.210696
3 382 2725 2737 0.109076
3 927 2856 2562 0.431275
3 2562 2143 927 0.519778
3 2143 1833 927 0.452193
3 2143 2494 1833 0.713808
3 2143 2562 3742 0.661692
3 4077 3742 2562 0.509474
3 3742 2921 2143 0.698112
3 2921 2494 2143 0.804367
3 2921 3742 1030 0.785659
3 2921 1030 3780 0.836195
3 2921 3780 1047 0.753160
3 1047 2130 2921 0.696128
3 2494 2921 2130 0.648291
3 1642 1925 4189 0.198104
3 1642 2210 1925 0.234770
3 2210 3736 4179 0.398895
3 1925 2025 4189 0.162257
3 4189 2025 117 0.172219
3 1305 2025 1974 0.081141
3 2025 1925 4179 0.188611
3 486 4179 4176 0.316056
3 573 1974 486 0.259052
3 573 486 736 0.244197
3 1372 736 2766 0.302037
3 736 486 790 0.269891
3 736 790 2766 0.292397
3 486 4176 790 0.377457
3 2173 3699 1372 0.405723
3 3699 2173 4015 0.427879
3 580 673 3699 0.271310
3 4363 3699 673 0.323013
3 673 580 3302 0.230212
3 580 2292 3302 0.266430
3 3302 2292 1995 0.265312
3 3302 1995 559 0.350607
3 2292 3683 1995 0.319329
3 559 1995 4264 0.453428
3 4264 142 4323 0.470747
3 4323 3942 2137 0.294499
3 4323 2137 4023 0.256730
3 4023 2137 1869 0.198654
3 3722 1598 1869 0.253113
3 2730 1598 2953 0.090639
3 2730 2953 2296 0.030526
3 2953 3350 2296 0.013405
3 433 731 4103 0.011436
3 352 3482 731 0.012282
3 3109 3482 352 0.012288
3 1825 4022 2285 0.015692
3 2285 4022 861 0.013932
3 4022 3482 861 0.021275
3 3482 265 2781 0.034285
3 2781 1887 3460 0.026540
3 4022 3745 2039 0.040636
3 1276 2039 3745 0.023010
3 1117 3334 4388 0.027179
3 3334 4356 922 0.027547
3 3334 922 4245 0.038262
3 3334 4245 4328 0.049027
3 3984 4335 4193 0.019480
3 4193 2241 3137 0.012048
3 1837 3137 2946 0.001564
3 3137 4299 3984 0.005186
3 4299 2247 1939 0.000756
3 2247 2917 1939 0.000736
3 1939 2917 1011 0.000863
3 87 2992 1571 0.000613
3 1691 2800 2992 0.001960
3 1691 2059 1295 0.004730
3 2355 1691 1295 0.006005
3 1295 2059 2556 0.003180
3 4003 3576 1295 0.007288
3 2355 201 1001 0.002990
3 1464 2355 1001 0.002334
3 201 571 534 0.004785
3 571 4180 2182 0.019655
3 1001 534 144 0.002120
3 144 534 2905 0.001991
3 202 2905 534 0.004065
3 202 2182 3747 0.015420
3 2184 3297 2150 0.020641
3 2150 3628 2184 0.029632
3 680 2030 2184 0.010150
3 2184 2030 2811 0.003384
3 2811 2030 1877 0.005635
3 680 4376 2030 0.024828
3 4042 2030 4376 0.016214
3 4376 680 1809 0.040621
3 680 3628 1809 0.046718
3 1773 532 4376 0.046606
3 532 3553 4376 0.036212
3 1832 897 1676 0.025186
3 2709 3483 2015 0.025839
3 3553 2015 1948 0.020382
3 1229 2616 3425 0.026511
3 2616 1437 3425 0.027461
3 2616 4237 1437 0.033103
3 1306 368 2980 0.022419
3 2384 759 1306 0.025518
3 1306 759 4354 0.024971
3 4354 2384 3388 0.031061
3 3388 226 3696 0.025955
3 226 2211 3696 0.036075
3 3696 2211 583 0.032786
3 1010 1888 2539 0.038360
3 2539 1268 1010 0.047401
3 1911 135 1500 0.047133
3 1500 135 2226 0.041413
3 991 2226 135 0.052403
3 1500 694 1911 0.034962
3 4403 2449 694 0.063375
3 2887 694 2449 0.070044
3 2449 2221 2887 0.074741
3 2449 4043 1108 0.040281
3 4043 2226 344 0.064619
3 1644 3809 1337 0.200231
3 1017 2803 1746 0.309059
3 2803 3463 3212 0.437190
3 810 4243 920 0.393739
3 810 920 1746 0.425687
3 1746 920 96 0.292024
3 560 1298 4243 0.643215
3 4069 4243 1298 0.763592
3 1298 953 2472 0.870179
3 1298 848 603 0.833935
3 4069 603 1507 0.839651
3 4069 1507 2455 0.694978
3 848 3218 3408 0.781019
3 2710 3218 4025 0.820540
3 719 2710 4025 0.763496
3 2550 4025 4158 0.809233
3 719 2550 681 0.746322
3 2550 3685 681 0.699951
3 681 3685 1842 0.743809
3 2855 1766 138 0.841215
3 4158 289 1766 0.837402
3 138 1766 289 0.836975
3 138 289 4012 0.903303
3 1580 393 730 0.856525
3 393 1580 972 0.819197
3 393 972 138 0.830398
3 138 972 2855 0.809312
3 972 1580 4406 0.802400
3 4406 3104 972 0.768128
3 972 3104 2855 0.748515
3 2855 3104 546 0.775462
3 546 3539 2855 0.839902
3 2895 1731 546 0.840406
3 1731 3539 546 0.832094
3 3104 1935 2895 0.823615
3 3317 2895 1935 0.912754
3 1608 3317 3336 0.942780
3 2125 528 3317 0.900369
3 935 3317 528 0.894653
3 3662 2711 2793 0.925423
3 2711 1829 2793 0.924212
3 1844 1783 2793 0.932936
3 528 2793 1783 0.921175
3 3336 24 3901 0.922843
3 3336 3462 1608 0.909208
3 1270 3727 3035 0.863081
3 4289 3035 3727 0.880068
3 3727 2385 4289 0.892649
3 3727 1270 1675 0.878187
3 3727 1675 3150 0.908832
3 4171 2440 1270 0.878341
3 3718 2440 1650 0.867673
3 1650 3374 3718 0.823145
3 3085 3374 1650 0.832249
3 3085 2336 3371 0.901686
3 4194 2644 950 0.717942
3 4194 950 3258 0.575546
3 3258 1781 4194 0.416013
3 2302 1471 3757 0.866946
3 4330 2643 3757 0.948334
3 1803 3399 1516 0.943579
3 2964 1803 1516 0.945993
3 18 3224 2303 0.902152
3 2303 1803 18 0.924836
3 2303 1089 2938 0.938667
3 3379 1533 3471 0.778003
3 1089 1533 2938 0.901511
3 3036 1648 3241 0.022436
3 1898 510 3254 0.032596
3 500 3036 3254 0.020557
3 770 510 659 0.037352
3 659 3076 770 0.048751
3 659 1937 3076 0.058578
3 320 3018 659 0.071489
3 1937 659 3018 0.075877
3 3018 320 538 0.058529
3 2131 538 320 0.047004
3 3126 3018 538 0.067579
3 3126 538 1581 0.087389
3 3328 547 3593 0.059990
3 547 776 3593 0.029957
3 547 1818 242 0.054890
3 776 547 1342 0.035116
3 242 1342 547 0.052578
3 3873 1818 52 0.053398
3 3873 52 2536 0.055107
3 52 1818 974 0.066925
3 52 974 3056 0.049098
3 2536 1863 3873 0.048942
3 3820 4185 2469 0.029854
3 3820 2469 1522 0.029193
3 1863 3820 1522 0.043249
3 3711 3019 308 0.168522
3 4185 3660 3353 0.061703
3 3660 4185 3124 0.064298
3 582 3660 193 0.086283
3 3124 1813 2645 0.126256
3 725 229 2645 0.365144
3 3124 2645 4116 0.206914
3 229 4116 2645 0.318611
3 4116 1161 3124 0.259680
3 3124 1161 193 0.135244
3 1161 3362 193 0.194795
3 3660 582 2661 0.058027
3 582 1553 2661 0.061835
3 3660 2661 3353 0.065774
3 582 3362 1553 0.092958
3 1553 3362 871 0.151695
3 1526 3362 1161 0.269757
3 332 1526 2586 0.335035
3 2836 3257 2763 0.505938
3 3410 2763 3257 0.596123
3 3410 3547 2763 0.595184
3 2763 3547 1556 0.554500
3 3547 4019 806 0.472607
3 4063 806 3215 0.325544
3 1210 1139 4063 0.275890
3 806 4063 1139 0.270645
3 1139 3547 806 0.536540
3 1139 887 3547 0.611140
3 887 1139 3484 0.545496
3 1210 1950 1139 0.566553
3 1139 1950 3484 0.614933
3 1950 734 2291 0.509153
3 734 2737 2291 0.282248
3 3484 1950 2106 0.633515
3 2725 2196 2291 0.344467
3 1950 2291 2196 0.548006
3 2106 1950 1446 0.578666
3 2196 1446 1950 0.525212
3 1578 1833 3197 0.527788
3 3197 2130 1981 0.668607
3 2130 1047 1981 0.682903
3 3194 1981 247 0.660538
3 1981 4410 247 0.580813
3 2767 774 1197 0.455505
3 247 4189 774 0.470872
3 1305 117 2025 0.212112
3 930 1305 4212 0.100077
3 4212 1305 209 0.128080
3 4212 209 1317 0.166530
3 1317 1733 4212 0.130244
3 1317 660 503 0.231856
3 4238 1799 3451 0.143731
3 4114 1959 437 0.196129
3 437 1959 3940 0.281462
3 1959 4114 4363 0.275146
3 4363 673 10 0.234204
3 673 3302 10 0.225139
3 10 3302 2432 0.144619
3 4006 4264 4023 0.311201
3 4023 3038 4006 0.230225
3 2669 4006 3903 0.080780
3 2511 1370 2730 0.033768
3 4079 2873 4103 0.039712
3 4103 2873 3979 0.057264
3 2873 4146 3979 0.088592
3 2781 3460 4136 0.021506
3 394 3460 4102 0.018853
3 3460 1458 2255 0.022089
3 3460 2255 4102 0.021738
3 2326 1458 4024 0.021063
3 2334 4173 4024 0.048149
3 4024 2444 2334 0.030764
3 4245 4335 2444 0.048003
3 3878 2375 4173 0.293824
3 664 4073 3305 0.166053
3 4073 3984 636 0.042487
3 2660 636 4299 0.011435
3 1939 1011 1417 0.000981
3 2690 1417 87 0.001011
3 2690 1814 3607 0.012284
3 1571 339 2690 0.002465
3 1571 2082 339 0.004037
3 3061 339 336 0.009579
3 2082 336 339 0.005552
3 413 1571 1961 0.002739
3 413 59 3803 0.003290
3 59 2800 257 0.003516
3 59 257 2902 0.002489
3 2902 257 2355 0.002300
3 2078 1713 1922 0.005003
3 2902 1464 3841 0.000920
3 1922 3841 3470 0.003698
3 967 2543 2120 0.001445
3 2335 967 2811 0.002841
3 2120 2811 967 0.002012
3 2335 1877 866 0.003883
3 866 1877 3673 0.005913
3 4042 2866 2884 0.011467
3 4367 876 2866 0.014801
3 876 4367 2177 0.014383
3 4367 4376 3553 0.032556
3 2177 1948 4129 0.010859
3 4241 876 475 0.012662
3 4241 475 2943 0.023898
3 876 81 475 0.009340
3 475 81 1469 0.010074
3 475 1469 881 0.013927
3 81 4129 1469 0.011083
3 904 4188 3483 0.027938
3 3286 411 2389 0.079194
3 3286 2389 3769 0.067767
3 411 353 1437 0.055162
3 411 997 2389 0.075127
3 4237 4326 371 0.082395
3 371 4326 3960 0.155687
3 3696 2639 4354 0.039797
3 2639 3435 4354 0.044366
3 2639 1601 3435 0.085584
3 3435 1601 2970 0.117690
3 2687 2970 1228 0.179573
3 1601 22 1965 0.061995
3 22 3696 1965 0.031065
3 1965 3696 583 0.033947
3 1965 583 2211 0.029227
3 539 1888 3911 0.041408
3 1965 2972 1601 0.043673
3 1006 1911 694 0.060047
3 951 1228 2525 0.131848
3 951 4135 1228 0.244713
3 4135 951 3117 0.286489
3 2537 3117 951 0.252267
3 2537 2067 1505 0.155315
3 157 1505 3917 0.360281
3 2067 1668 1505 0.205459
3 3865 2221 2449 0.135448
3 3865 2449 1108 0.153033
3 367 1108 2008 0.144049
3 367 2008 3421 0.209736
3 3421 3885 384 0.145594
3 3966 384 3885 0.103845
3 3885 3421 1739 0.167713
3 994 786 3893 0.068632
3 3893 786 3113 0.107402
3 786 3373 3113 0.149090
3 96 3535 3893 0.212307
3 1056 3535 4243 0.304531
3 1824 224 1874 0.541700
3 496 1824 1874 0.427816
3 224 1507 2768 0.763242
3 231 603 848 0.789939
3 3982 2764 1960 0.729425
3 1960 2764 1239 0.568452
3 2701 3454 2868 0.516240
3 507 3454 2701 0.661721
3 507 3091 3354 0.769741
3 507 3354 2791 0.780820
3 4144 1308 3091 0.819563
3 1421 1308 2710 0.829917
3 2379 1421 2746 0.776279
3 1421 768 568 0.774700
3 1421 568 2746 0.812843
3 568 768 1842 0.807868
3 568 1842 1058 0.819144
3 2094 568 1058 0.888946
3 1052 3539 140 0.736080
3 1052 140 3713 0.732611
3 2113 3539 302 0.813857
3 302 3462 2113 0.852389
3 3462 1288 2113 0.818079
3 2181 1288 1083 0.787588
3 623 2385 1729 0.886530
3 3102 3150 4227 0.865777
3 3933 2702 2499 0.936339
3 2499 2702 3653 0.928582
3 2088 3653 2702 0.923544
3 2088 1049 3653 0.921257
3 1942 2088 3231 0.881836
3 3231 2088 3631 0.858087
3 839 3933 3115 0.866015
3 3149 3631 3374 0.757904
3 3149 4221 2145 0.798960
3 3371 1124 2908 0.845847
3 1806 4293 4194 0.519347
3 4293 1806 2549 0.533514
3 868 3258 1534 0.415277
3 4286 3258 950 0.480553
3 3757 4162 2592 0.870227
3 3379 1663 522 0.951105
3 3379 3343 1663 0.922617
3 3343 3379 3726 0.691229
3 3332 4106 4178 0.290569
3 4106 2066 350 0.100918
3 2066 3079 390 0.072060
3 451 1263 1648 0.030432
3 390 1648 1263 0.031273
3 451 500 386 0.020328
3 451 386 2827 0.032020
3 2540 3126 1315 0.035787
3 2540 1315 2553 0.029385
3 1315 1880 1344 0.025990
3 1344 2553 1315 0.023662
3 1344 1742 2286 0.030856
3 2286 1742 3542 0.041371
3 2286 3542 4384 0.066773
3 2830 643 1863 0.071146
3 2830 1522 1657 0.101333
3 4167 2443 3324 0.196161
3 2896 3230 3444 0.254687
3 1041 1014 4377 0.528891
3 1014 2010 4377 0.392085
3 2010 308 3019 0.314196
3 4131 3743 3316 0.089368
3 4131 3316 3019 0.148368
3 3316 2010 3019 0.267983
3 3316 3743 2597 0.067344
3 1936 1226 1751 0.064266
3 1560 3743 3353 0.048041
3 1915 2661 1553 0.041377
3 2834 1915 1553 0.038722
3 1915 2834 1312 0.030162
3 1312 2775 1915 0.013098
3 2775 1301 1915 0.006433
3 2775 1480 1301 0.006327
3 1312 2070 652 0.006616
3 652 2070 3580 0.008024
3 961 3580 2070 0.037568
3 961 2391 3580 0.040988
3 961 852 2586 0.240047
3 2391 961 1536 0.114364
3 2586 1536 961 0.270190
3 3244 3071 3567 0.108164
3 2171 1078 2836 0.459790
3 887 1556 3547 0.609031
3 2171 3240 3567 0.437016
3 3240 1466 2563 0.615420
3 3484 2670 3464 0.640945
3 3508 2106 1587 0.610789
3 3508 1587 508 0.654242
3 3157 508 1972 0.659729
3 2106 1446 1587 0.632772
3 1587 1446 1578 0.585369
3 3194 2017 3197 0.748584
3 1972 3197 2017 0.782610
3 3157 1858 4034 0.460761
3 4034 1858 613 0.515857
3 4034 613 3518 0.274362
3 1677 2767 4035 0.713087
3 2767 531 4035 0.568062
3 2017 2767 1677 0.859909
3 4035 3192 1801 0.261596
3 613 4035 3481 0.281606
3 1801 3481 4035 0.247053
3 4212 2324 3525 0.177344
3 3192 1836 3525 0.172640
3 2324 3989 3058 0.120482
3 1733 4238 2324 0.166174
3 3989 2324 4238 0.128774
3 4238 2434 3989 0.194693
3 3451 35 4238 0.151591
3 1373 4238 35 0.195733
3 35 3925 1373 0.205638
3 2894 3940 2595 0.271567
3 3940 1959 2595 0.332327
3 1679 2432 3302 0.113121
3 1679 610 3903 0.072200
3 3756 683 2299 0.150906
3 2750 1256 3979 0.082105
3 2750 3979 1513 0.069073
3 2304 2750 2026 0.112280
3 3979 4146 1513 0.099949
3 1726 2476 4108 0.091063
3 3927 2476 2107 0.100082
3 397 2107 2476 0.107806
3 3319 1726 4108 0.076530
3 3319 394 4102 0.044771
3 1802 4102 4213 0.031414
3 4102 2255 4283 0.021308
3 1448 2326 4024 0.020377
3 4024 4173 1448 0.041627
3 3609 4375 1225 0.040171
3 3609 1905 520 0.027905
3 467 1681 2632 0.072318
3 467 2632 290 0.082289
3 2349 166 3609 0.093145
3 1681 3609 166 0.096159
3 4056 1681 3260 0.521809
3 166 3260 1681 0.536649
3 3866 2349 2375 0.338305
3 3866 2375 3878 0.470757
3 3260 872 2717 0.559311
3 664 3305 3878 0.295466
3 515 3878 3305 0.358057
3 3952 515 3305 0.184691
3 2717 3952 1857 0.324506
3 1857 2169 2717 0.586402
3 1857 1497 2169 0.584026
3 3005 3952 804 0.108376
3 804 3607 3005 0.042355
3 3868 3061 1907 0.029971
3 3868 1907 1496 0.035087
3 336 3803 1907 0.005914
3 3803 4074 1907 0.012531
3 4074 2480 1713 0.011389
3 4074 1713 1820 0.023469
3 1820 1713 862 0.032089
3 1820 862 3980 0.114828
3 1713 1084 862 0.018225
3 862 1084 4098 0.107691
3 3470 2078 1922 0.007297
3 3470 2829 2273 0.004635
3 2829 3250 2273 0.006970
3 2829 223 3250 0.006174
3 223 2829 3673 0.007550
3 223 3673 4124 0.008036
3 4124 989 223 0.011055
3 989 3013 1171 0.011767
3 2273 3250 3667 0.011592
3 3013 989 92 0.015103
3 880 1621 338 0.074450
3 989 4124 3176 0.013989
3 3247 3176 2963 0.020135
3 2963 3176 4062 0.038176
3 3516 4020 1362 0.038898
3 3437 1469 1660 0.026362
3 4089 772 1515 0.103223
3 4089 1515 1402 0.159069
3 772 3872 3769 0.065406
3 772 1572 1515 0.045166
3 2974 1134 75 0.089511
3 2974 75 656 0.174396
3 656 75 3960 0.240533
3 1134 2389 75 0.119856
3 75 2389 3960 0.234131
3 2114 4135 1789 0.326640
3 4135 732 906 0.444170
3 906 1789 4135 0.420822
3 4031 732 3117 0.287772
3 3117 1024 4031 0.317719
3 157 3917 3647 0.344640
3 2054 1259 2261 0.301269
3 3647 3917 3778 0.343033
3 3647 3778 65 0.277038
3 3917 1668 803 0.152755
3 3677 1066 3966 0.348906
3 2991 3966 1066 0.346431
3 2223 3677 2023 0.367710
3 1779 3082 3677 0.156063
3 2023 3677 3082 0.239180
3 1779 1739 3082 0.046607
3 3082 1739 744 0.043338
3 3082 744 829 0.048390
3 829 744 71 0.041121
3 744 4265 71 0.053633
3 4265 744 3678 0.079543
3 4265 3678 2111 0.115014
3 3678 1388 2111 0.130786
3 496 2517 1388 0.243469
3 1388 2517 713 0.181118
3 3982 3532 1882 0.693442
3 3714 4232 1960 0.667814
3 1239 4119 1960 0.471327
3 3714 1960 4119 0.465099
3 3950 3294 3498 0.246481
3 4119 3950 3719 0.338148
3 1294 1241 3930 0.254230
3 3498 3454 1204 0.597933
3 3498 1204 250 0.545818
3 3498 250 1073 0.482588
3 2791 2277 2857 0.844226
3 3207 3349 1299 0.865723
3 3349 3354 184 0.851978
3 184 2360 3349 0.844924
3 184 2746 2360 0.892906
3 1299 2360 873 0.860300
3 2360 2094 873 0.894551
3 2666 1072 4349 0.920618
3 2421 4349 1072 0.910520
3 2421 1058 2983 0.875656
3 2983 3101 2769 0.845226
3 4334 2983 2769 0.833942
3 3461 2181 2407 0.751889
3 2181 3102 2407 0.802990
3 171 3461 4334 0.751267
3 2769 171 4334 0.842035
3 631 1257 3932 0.781459
3 3932 4227 2499 0.926115
3 3653 2035 631 0.865749
3 1257 1715 2872 0.784135
3 501 405 4298 0.911339
3 4298 1049 1942 0.912843
3 4298 27 3652 0.523647
3 3652 3231 657 0.705292
3 657 4287 3652 0.427176
3 3231 3631 2719 0.848247
3 3149 812 2719 0.732268
3 812 3022 2248 0.710002
3 3022 812 2145 0.648554
3 3022 2145 2322 0.593517
3 2322 3943 3022 0.489884
3 2322 4221 2908 0.695536
3 2322 2908 3943 0.675277
3 3943 2549 3263 0.485504
3 3263 4207 3943 0.507050
3 3263 2549 1655 0.312356
3 1300 1655 1806 0.249023
3 1693 3855 1806 0.295386
3 868 1467 1693 0.379774
3 3855 1693 1467 0.297810
3 1467 868 2841 0.444120
3 2841 1534 2345 0.352803
3 2115 2345 4286 0.189931
3 4286 3110 2115 0.120524
3 2115 3110 4306 0.157628
3 4306 3110 4040 0.092708
3 4040 4288 2958 0.135945
3 3235 381 4288 0.330070
3 3332 381 3343 0.398367
3 4288 3332 4178 0.298180
3 4178 3502 2129 0.123252
3 4178 1692 3502 0.222275
3 79 322 1411 0.207090
3 2987 4304 3929 0.228500
3 1263 2827 4304 0.038307
3 2827 1404 4304 0.042175
3 1404 2411 2889 0.053204
3 2889 2411 3844 0.028407
3 2411 1033 3844 0.030492
3 1033 2411 3578 0.034301
3 1416 3578 2540 0.038565
3 2411 2827 3578 0.024790
3 2553 3027 1416 0.021101
3 3391 3027 2286 0.014331
3 3391 2286 4384 0.043294
3 4384 206 3391 0.035476
3 4384 100 4390 0.037220
3 2347 206 4390 0.013489
3 4390 2581 2347 0.015597
3 3612 2871 3303 0.069847
3 745 3303 2871 0.091029
3 3127 4346 3225 0.098670
3 4346 4312 2014 0.107400
3 3804 2965 3444 0.393948
3 3141 3804 2167 0.364656
3 1886 2626 4186 0.728178
3 3804 3497 609 0.625138
3 504 1061 3862 0.849815
3 4099 3862 2655 0.744123
3 3643 2655 4412 0.495154
3 4099 2655 1521 0.731001
3 3643 1521 2655 0.514399
3 3632 3839 3643 0.131122
3 3632 234 1933 0.186893
3 234 4377 1933 0.146104
3 1936 1933 4377 0.116974
3 1933 2892 3632 0.076688
3 2713 2892 4396 0.009505
3 1751 3386 544 0.014284
3 3353 3610 1560 0.048509
3 1928 3610 1301 0.016671
3 402 1480 3078 0.004802
3 402 3078 1138 0.005586
3 1138 3078 948 0.005269
3 652 3913 2775 0.014716
3 1543 2775 3913 0.015946
3 3913 2244 1543 0.019894
3 3580 3913 652 0.016555
3 3913 3580 3244 0.030477
3 3913 3244 3840 0.041063
3 3244 1324 3840 0.055708
3 2265 3840 1324 0.098992
3 1343 2265 1705 0.082533
3 106 1343 1705 0.119034
3 1705 2265 3749 0.128280
3 3749 1949 1705 0.134390
3 3749 436 1086 0.187767
3 1324 3567 436 0.123100
3 436 3567 3240 0.248400
3 1615 1086 4110 0.286371
3 3508 849 1440 0.443604
3 3518 2867 1341 0.160400
3 3735 2867 3481 0.132601
3 3822 1302 3481 0.128076
3 1364 3058 3989 0.097255
3 1364 3989 912 0.087125
3 3925 2434 1373 0.213919
3 2434 3925 2253 0.237452
3 2756 3668 2471 0.227662
3 3925 2033 3668 0.244328
3 3668 2033 2471 0.331553
3 2033 2512 2471 0.349803
3 2471 2200 3029 0.316159
3 2471 3029 152 0.210486
3 2200 2506 3029 0.246380
3 2200 3278 3756 0.353708
3 3756 2894 1792 0.134700
3 91 2506 914 0.151352
3 569 91 4170 0.101517
3 914 4170 91 0.127431
3 2299 2304 914 0.177476
3 4170 914 2304 0.204912
3 347 2026 1081 0.128891
3 1081 2254 347 0.090800
3 2750 1081 2026 0.111081
3 4170 874 1057 0.109700
3 874 132 1057 0.172618
3 2314 2786 3927 0.102690
3 2282 3299 304 0.267508
3 2282 1068 388 0.332718
3 1452 2605 1285 0.391734
3 2735 2107 2340 0.191677
3 2340 2107 397 0.135648
3 2340 397 587 0.142388
3 781 946 3074 0.124960
3 587 2325 946 0.079538
3 4375 3609 520 0.037558
3 2547 1905 54 0.039391
3 54 1905 3499 0.033334
3 54 3499 3098 0.031394
3 1905 2596 3499 0.035032
3 2163 2596 290 0.058545
3 1905 467 2596 0.033948
3 467 290 2596 0.056111
3 2163 521 805 0.071748
3 805 1518 2163 0.057764
3 32 590 521 0.178473
3 3782 590 615 0.256490
3 590 32 2144 0.436184
3 590 2144 615 0.419856
3 2144 2069 2542 0.685238
3 2144 4056 2069 0.655826
3 682 2632 4056 0.462002
3 3272 3260 4053 0.598859
3 2717 2169 4053 0.641563
3 3868 3155 1488 0.281732
3 3868 1488 3666 0.387914
3 1488 1770 3666 0.381511
3 3155 1496 3167 0.177444
3 3980 738 4338 0.650546
3 4080 4338 738 0.774405
3 4080 2246 2603 0.547964
3 2246 4098 923 0.120328
3 4098 1084 923 0.058489
3 2078 3470 1993 0.009832
3 3667 923 1993 0.036698
3 3667 2246 923 0.086657
3 3890 1994 2780 0.201071
3 1994 728 4 0.242191
3 1816 2317 2784 0.246029
3 2317 1714 2784 0.237729
3 1687 1723 919 0.100189
3 2134 338 3516 0.058967
3 4020 3516 3247 0.023545
3 1419 1723 1362 0.072689
3 1419 1362 4016 0.083022
3 4016 1362 3987 0.108626
3 4016 2699 2382 0.191958
3 2382 2699 3414 0.237444
3 2699 2376 1433 0.309040
3 2707 3688 125 0.241106
3 469 3242 3627 0.090116
3 4235 3688 2541 0.195589
3 469 2753 1919 0.082129
3 1402 4174 4235 0.109909
3 4174 1515 3914 0.194258
3 3914 1515 1572 0.189328
3 3570 4247 432 0.385902
3 3570 621 4247 0.309216
3 4326 3570 4294 0.390998
3 621 3570 2114 0.273169
3 292 4266 2190 0.416745
3 4266 1789 906 0.394354
3 4266 906 4031 0.530037
3 4031 1690 3229 0.280650
3 1690 1024 3346 0.162631
3 2054 2279 941 0.305627
3 941 2279 3346 0.383770
3 3346 2279 1796 0.314417
3 2279 239 1287 0.437634
3 1287 239 1954 0.420302
3 1954 2261 1180 0.250787
3 1176 2261 1259 0.307469
3 3992 1176 65 0.222477
3 1259 65 1176 0.322164
3 1176 3992 2075 0.139774
3 65 3778 3992 0.225145
3 3992 1066 3184 0.121313
3 3184 1066 2223 0.166683
3 3184 266 4355 0.072739
3 782 2235 266 0.124106
3 2235 1626 104 0.195670
3 3314 71 4265 0.060191
3 3097 3314 3889 0.043641
3 3314 4265 2111 0.053248
3 3889 2111 2745 0.085762
3 148 3189 1261 0.055632
3 1392 114 3279 0.066492
3 1477 114 1665 0.364781
3 1665 748 1477 0.331351
3 1665 3714 748 0.449036
3 114 1477 1750 0.302319
3 748 1670 1477 0.287457
3 1477 1670 3119 0.243560
3 1477 3119 1750 0.309190
3 3719 3282 1670 0.330573
3 3282 2399 1670 0.234998
3 2577 2040 1073 0.261341
3 2577 1073 3400 0.283780
3 263 3400 250 0.599370
3 263 250 3999 0.752133
3 263 2409 3400 0.781138
3 3400 2409 473 0.695814
3 2409 2759 473 0.832643
3 2409 1216 2759 0.627443
3 473 2759 181 0.747605
3 2095 3313 1216 0.756559
3 3313 2095 3016 0.771182
3 3313 3016 3207 0.817981
3 2666 4349 3800 0.918669
3 1889 3800 4349 0.859929
3 3682 4349 2675 0.891748
3 4334 3461 2872 0.714863
3 3939 2127 3675 0.725611
3 2127 418 2301 0.817140
3 3789 3939 3571 0.630483
3 1050 2814 2046 0.376992
3 3571 2046 2814 0.474328
3 2814 2189 3571 0.448016
3 1050 1702 3188 0.282833
3 3188 1702 3686 0.306380
3 2311 1042 808 0.385809
3 1042 3652 808 0.378997
3 3652 4287 1810 0.393298
3 4287 1159 1810 0.334891
3 1810 1159 2401 0.327429
3 2401 1159 1614 0.254999
3 4172 674 3507 0.193050
3 4287 2676 4261 0.360385
3 4218 2676 783 0.467174
3 2676 4287 1585 0.412438
3 783 2676 1585 0.561584
3 1585 2248 523 0.803905
3 523 2248 3022 0.708103
3 3022 3512 523 0.638322
3 3656 523 3512 0.603561
3 523 3656 783 0.702995
3 1153 558 2453 0.395692
3 558 1153 2555 0.356859
3 2555 3512 3022 0.536745
3 1909 1122 2555 0.507201
3 1122 1909 4207 0.498750
3 4255 4207 3263 0.357010
3 1300 150 2394 0.286410
3 1763 4033 150 0.320049
3 4033 1763 319 0.344667
3 2841 319 1763 0.433271
3 2841 1021 319 0.442054
3 3973 3608 2323 0.182677
3 2481 3474 1569 0.129067
3 2770 3474 570 0.227581
3 570 3474 854 0.229302
3 3474 2617 854 0.226190
3 1184 2617 1349 0.229325
3 1184 1349 4306 0.229302
3 1349 3145 4306 0.213703
3 2958 2129 4306 0.161762
3 3502 2617 1184 0.275525
3 3502 3488 2617 0.332468
3 3502 2778 3488 0.321976
3 2778 3502 1692 0.165921
3 2778 3970 3488 0.251422
3 1491 3970 2778 0.119639
3 1491 2778 4010 0.133854
3 4010 2778 1692 0.172781
3 4010 1692 79 0.174113
3 79 3216 4010 0.169288
3 1273 3216 2523 0.111971
3 3929 1754 2178 0.167301
3 3563 3845 2036 0.093284
3 1629 3805 1236 0.137643
3 34 211 2044 0.041033
3 211 3037 2044 0.062525
3 211 1013 3037 0.045349
3 440 4246 34 0.031103
3 211 34 4246 0.037563
3 1013 211 4246 0.042311
3 3844 1222 440 0.026092
3 4246 440 1222 0.035856
3 3393 3844 1033 0.025170
3 3393 1110 1222 0.013283
3 1222 1110 1478 0.008383
3 4145 245 3823 0.022146
3 2581 667 245 0.013713
3 3823 245 667 0.016012
3 2716 3823 2257 0.016342
3 667 2257 3823 0.018761
3 667 2581 3819 0.016264
3 3819 2159 667 0.017161
3 2159 3819 3612 0.047940
3 1699 2845 2159 0.045855
3 2257 2159 2845 0.022837
3 3909 3293 1008 0.060985
3 3909 1008 2004 0.044891
3 3556 4011 3127 0.134445
3 3556 3225 3141 0.203532
3 1886 46 2626 0.784948
3 46 3584 2626 0.513205
3 504 3862 4099 0.795343
3 4099 1521 1286 0.741041
3 3342 1286 1703 0.593319
3 1521 1716 1286 0.606659
3 1703 1286 2975 0.637289
3 1237 1716 4177 0.681380
3 4177 2531 1291 0.303293
3 4177 1291 2057 0.432617
3 2057 1291 313 0.330903
3 180 2531 3869 0.081844
3 2531 3839 3869 0.103890
3 3869 1266 1565 0.048466
3 1565 1266 3978 0.063191
3 3234 3978 3007 0.079675
3 3934 3123 3480 0.072584
3 3934 3869 3123 0.046811
3 335 3123 2713 0.054294
3 3869 1517 3123 0.039175
3 2988 335 2713 0.079588
3 2988 2713 2378 0.049144
3 89 2378 2713 0.017852
3 89 4396 2982 0.009651
3 2982 4396 3590 0.005599
3 1928 4396 544 0.007072
3 3590 1310 2982 0.005097
3 1310 3590 271 0.003938
3 271 4290 1310 0.005051
3 948 1016 4290 0.011025
3 1016 2918 4290 0.013092
3 1016 2244 2918 0.019377
3 2918 2244 773 0.024066
3 3724 2244 4166 0.037036
3 3840 4166 2244 0.050304
3 128 2677 3341 0.107729
3 2677 128 1343 0.077409
3 2677 1343 106 0.115704
3 3790 2050 860 0.071250
3 2050 565 860 0.096879
3 565 1949 19 0.164179
3 2526 3749 1615 0.214856
3 1615 3749 1086 0.206074
3 3518 2526 4034 0.168535
3 1341 1493 691 0.079561
3 1037 691 1493 0.094949
3 3329 3735 485 0.114110
3 3735 1302 485 0.092027
3 1538 485 2789 0.059845
3 2783 1489 1217 0.052508
3 1489 591 1217 0.057870
3 1217 591 2437 0.069124
3 1217 2437 3967 0.074704
3 591 235 2437 0.099251
3 235 591 620 0.127503
3 235 620 3288 0.132684
3 3288 620 3832 0.130380
3 591 984 620 0.125473
3 331 1498 4094 0.121156
3 4094 1498 912 0.091453
3 331 4094 4228 0.169762
3 4228 807 2403 0.292757
3 152 2756 2471 0.228951
3 152 2080 2756 0.158405
3 2756 2080 662 0.154171
3 2756 662 2403 0.186335
3 2080 2415 662 0.212931
3 662 2415 2197 0.339931
3 3299 388 2415 0.277675
3 555 566 3299 0.177179
3 3299 566 1057 0.119978
3 1057 566 569 0.074696
3 566 152 3029 0.164499
3 566 3029 569 0.091493
3 1057 132 3299 0.166600
3 2314 3299 132 0.178055
3 2282 388 3299 0.298299
3 2415 2353 2197 0.257035
3 2197 2353 23 0.291777
3 1068 1452 2353 0.337828
3 23 2353 1738 0.309656
3 1738 1452 1958 0.370645
3 1285 2552 2881 0.388166
3 1577 2538 2552 0.416358
3 1577 4291 1680 0.465435
3 1680 1248 3623 0.382730
3 3098 1694 3623 0.093227
3 3623 1694 1680 0.329588
3 1694 3169 2653 0.227939
3 1577 2653 2538 0.336824
3 3169 3499 2649 0.035976
3 3169 2649 1518 0.068215
3 1518 1876 3169 0.153859
3 795 742 817 0.199066
3 817 742 4066 0.228927
3 1891 615 2542 0.424348
3 2043 1811 2683 0.540807
3 2542 883 2043 0.467496
3 966 883 2431 0.709498
3 2069 4056 2431 0.789131
3 2431 1591 4184 0.862003
3 1811 966 4198 0.665358
3 2796 4184 4153 0.868581
3 4153 1770 2796 0.738990
3 2796 1770 2245 0.650028
3 2796 2245 3198 0.737682
3 536 3155 4149 0.590474
3 3166 2671 3155 0.606091
3 1147 4078 3111 0.835719
3 4078 4338 2780 0.737649
3 4078 2780 1988 0.586919
3 3111 4078 3219 0.879665
3 1988 3219 4078 0.757492
3 3219 1988 3644 0.719306
3 488 4169 2784 0.496467
3 4169 488 1249 0.682158
3 488 2498 1249 0.634066
3 1249 2498 3487 0.706988
3 4052 2784 813 0.467663
3 813 2784 1714 0.389421
3 47 4252 1635 0.201854
3 1687 919 4252 0.148726
3 4409 2657 3728 0.076412
3 3728 2657 2554 0.057316
3 2657 1610 2554 0.071413
3 1610 2657 4016 0.091019
3 1610 3706 2554 0.108945
3 1610 4016 1696 0.128626
3 173 3706 1696 0.249941
3 2680 3706 750 0.212757
3 173 750 3706 0.245713
3 750 173 4223 0.265927
3 3414 4223 173 0.337543
3 4348 3501 2183 0.207411
3 3501 778 182 0.168277
3 182 778 3709 0.198674
3 4049 182 3739 0.269460
3 3709 3739 182 0.283651
3 3709 778 2621 0.228452
3 2621 778 4055 0.140372
3 778 506 4055 0.129836
3 4055 506 2707 0.176813
3 2893 2621 551 0.194407
3 4235 551 2621 0.161093
3 551 1334 2893 0.337650
3 3392 2893 1334 0.406330
3 2901 3914 292 0.355514
3 2901 292 2190 0.341512
3 3537 2190 2262 0.212548
3 2262 1334 3537 0.387119
3 2262 3715 1334 0.451522
3 4343 3229 4072 0.485126
3 4343 4072 1797 0.455207
3 1734 1796 1208 0.506610
3 1208 1796 2279 0.401441
3 3600 3265 401 0.205279
3 3265 3600 1074 0.155031
3 939 1074 3720 0.019272
3 3600 177 1559 0.057263
3 1559 760 785 0.012688
3 177 2075 1559 0.058300
3 1559 2075 760 0.028043
3 785 2098 3720 0.022211
3 3899 2098 3245 0.052893
3 3245 2098 3953 0.037165
3 3953 198 162 0.012473
3 4355 198 1224 0.020189
3 1224 3184 4355 0.036568
3 3583 2818 3338 0.025593
3 2818 3314 3097 0.033939
3 3097 3552 1562 0.031103
3 3552 3889 4386 0.030924
3 4386 3189 3279 0.027214
3 1555 3552 4386 0.014399
3 3279 1162 4386 0.013885
3 3733 1555 4386 0.015678
3 1162 1852 4386 0.022866
3 1852 2925 2606 0.034159
3 2606 360 1460 0.024467
3 2925 1750 3119 0.117152
3 2399 3119 1670 0.156482
3 2910 2204 3879 0.143007
3 3282 1550 2204 0.238575
3 1550 3884 3500 0.246286
3 3500 3057 2692 0.196355
3 4353 708 2577 0.231591
3 708 2040 2577 0.160335
3 2739 3330 3057 0.582397
3 3063 2692 3057 0.213010
3 3427 3063 4118 0.574624
3 1235 3772 3313 0.768349
3 3313 1506 1235 0.820282
3 364 1506 563 0.859137
3 563 2414 364 0.800686
3 2566 364 2414 0.749673
3 1164 563 1506 0.785812
3 2062 1506 3207 0.902813
3 3729 1164 3800 0.829481
3 3729 3985 2900 0.598210
3 2900 3985 4225 0.477341
3 1398 3985 3786 0.533697
3 3786 3789 1398 0.589326
3 3789 3786 2301 0.766214
3 3789 3571 2189 0.496241
3 1398 2189 4225 0.393754
3 1865 2814 1050 0.309732
3 3686 2401 3637 0.215792
3 3637 1614 2328 0.200485
3 2328 1614 4275 0.158754
3 2328 4275 3527 0.165455
3 277 3753 3040 0.101967
3 2295 3040 674 0.111059
3 3040 3753 674 0.140257
3 2846 2295 70 0.133114
3 2846 70 3073 0.144068
3 3073 70 2096 0.191753
3 2295 62 70 0.097092
3 62 1955 70 0.105159
3 70 1955 2096 0.123091
3 2096 1955 4219 0.154777
3 1955 3732 2161 0.116141
3 4033 1549 1651 0.245312
3 3506 1602 2453 0.355819
3 2047 2453 1602 0.429007
3 1602 3506 4255 0.393268
3 4207 4255 3506 0.324849
3 4218 4255 1485 0.471413
3 1485 4255 2394 0.364707
3 4033 780 1333 0.173724
3 3147 780 161 0.123957
3 3147 161 3973 0.148849
3 4373 2323 2281 0.115797
3 2250 4175 4373 0.207905
3 2250 2773 3105 0.100825
3 1004 2773 165 0.059584
3 1004 165 2329 0.094609
3 165 2773 1326 0.088066
3 2773 1510 1326 0.138516
3 1326 3846 191 0.294375
3 3846 2715 191 0.348688
3 191 2715 3642 0.260630
3 3846 3970 2715 0.349301
3 2715 3335 3642 0.160676
3 1619 650 3551 0.117117
3 3551 3947 3081 0.132459
3 3947 4010 1931 0.092103
3 1931 4010 1273 0.117732
3 2523 1931 1273 0.109592
3 40 2523 2627 0.114512
3 2627 4222 40 0.160003
3 2981 40 4222 0.200697
3 4222 2627 1339 0.192458
3 4222 2036 3805 0.133359
3 2362 4368 318 0.121329
3 3477 3065 3168 0.153948
3 3976 3740 985 0.095346
3 4246 3432 3440 0.049095
3 2716 2257 3311 0.017959
3 2716 3311 788 0.015639
3 788 3311 4320 0.018252
3 653 3311 2845 0.019075
3 2257 2845 3311 0.016453
3 653 232 3293 0.035827
3 2672 1934 811 0.045214
3 2672 3909 2650 0.038983
3 1354 3909 2004 0.041388
3 1354 2004 2968 0.044648
3 1589 1354 4125 0.035146
3 2968 4125 1354 0.046319
3 2370 4357 1784 0.143540
3 1784 4357 3127 0.107750
3 2370 1784 3419 0.213502
3 1784 3127 4011 0.127594
3 4011 3584 1784 0.268966
3 678 1784 3584 0.261294
3 3584 1095 678 0.238268
3 678 1095 2005 0.264464
3 1784 2005 3419 0.171914
3 4157 3679 1703 0.288743
3 4157 1552 1160 0.268290
3 1160 1552 878 0.305356
3 4122 878 2975 0.394492
3 2975 878 1552 0.405826
3 4122 2975 2209 0.468158
3 2209 1237 4122 0.535688
3 2099 4122 1237 0.416053
3 1567 2099 3372 0.403587
3 1567 3372 122 0.359511
3 179 1567 4217 0.267990
3 122 4217 1567 0.303624
3 153 3048 2128 0.177461
3 2009 313 1291 0.196778
3 2019 2009 1565 0.148881
3 2019 3978 42 0.119255
3 42 3978 3096 0.083989
3 42 3096 576 0.179117
3 3096 3234 4359 0.158968
3 3234 3007 1359 0.069937
3 1105 3466 3565 0.031103
3 1453 3565 3466 0.050537
3 2988 3619 3466 0.050975
3 1938 3619 3837 0.082964
3 3837 1921 3140 0.073520
3 3140 526 3837 0.097275
3 3837 526 796 0.110716
3 3837 796 1752 0.153836
3 1752 796 2162 0.184204
3 526 4290 796 0.025984
3 773 3724 1281 0.025733
3 2162 1281 707 0.074083
3 1752 2509 3837 0.153510
3 2509 1752 1181 0.176074
3 2509 1181 1382 0.138510
3 707 3116 1181 0.123941
3 1181 3116 1382 0.108291
3 4333 2579 3116 0.128584
3 1382 3116 2579 0.112753
3 4333 1309 2559 0.127818
3 838 2559 1309 0.105892
3 4333 3116 3173 0.099142
3 4333 3173 1309 0.137976
3 840 3173 2677 0.110361
3 840 2050 3790 0.063222
3 3790 1908 194 0.034004
3 194 1908 838 0.072383
3 1908 892 838 0.057682
3 892 3329 699 0.099579
3 892 699 838 0.089021
3 3329 294 699 0.118427
3 294 3996 651 0.057015
3 3565 651 2939 0.030416
3 1453 2961 2559 0.125305
3 699 2559 838 0.093514
3 3466 1938 2961 0.059018
3 2579 2961 1938 0.110915
3 2961 2579 4333 0.147608
3 1023 3996 1538 0.058598
3 1023 552 4359 0.118217
3 2520 552 3967 0.050041
3 4359 2520 3636 0.073299
3 2520 3967 3636 0.065113
3 3636 1145 4359 0.085063
3 4359 1145 9 0.121508
3 4359 9 3974 0.193077
3 1145 4411 739 0.163096
3 739 174 3533 0.096518
3 3288 2853 3533 0.107962
3 3533 2853 3039 0.153065
3 3847 3832 447 0.146513
3 447 4036 3847 0.177651
3 4036 4228 2403 0.231704
3 3378 1738 2853 0.289308
3 3039 2853 2881 0.238005
3 4133 3039 3077 0.197030
3 3077 3039 1947 0.207226
3 3821 3077 415 0.200104
3 3077 1947 415 0.226223
3 3039 2881 2538 0.251491
3 1947 771 415 0.232829
3 415 771 1876 0.201276
3 3821 415 795 0.216917
3 3821 795 2738 0.312566
3 415 1876 795 0.200029
3 1151 1244 4071 0.263496
3 4071 1244 1566 0.257406
3 696 4071 1566 0.188882
3 696 4086 4071 0.190674
3 1098 1244 3136 0.281799
3 2213 2662 3136 0.185695
3 2662 2213 3401 0.141020
3 3902 3401 1059 0.204004
3 1059 3239 3902 0.392805
3 29 4407 1059 0.282312
3 1059 4407 2683 0.291570
3 1059 2683 2037 0.386890
3 2037 4198 3239 0.670896
3 1347 4198 3198 0.813154
3 3198 3273 1347 0.910679
3 4149 1018 536 0.763749
3 3450 1646 4087 0.892943
3 4087 1646 1904 0.923080
3 1249 3450 4169 0.882316
3 4087 4169 3450 0.877705
3 1435 1249 3487 0.656185
3 3487 2180 1435 0.518548
3 1103 1435 2180 0.389802
3 2607 624 671 0.100897
3 2619 671 1381 0.137934
3 2447 3806 624 0.145625
3 164 624 3806 0.095071
3 3806 2447 7 0.132408
3 3806 3728 828 0.080952
3 3806 828 1282 0.099411
3 3728 3629 478 0.074728
3 1282 478 979 0.079676
3 1352 2554 3706 0.098337
3 3629 2373 3693 0.038388
3 1847 750 518 0.137329
3 750 4223 518 0.204518
3 4223 2183 1475 0.141095
3 1475 518 4223 0.136409
3 4296 4360 2183 0.098156
3 1593 2183 4360 0.094702
3 4360 4296 4049 0.091946
3 4360 4049 2947 0.108809
3 4049 925 2947 0.123379
3 2613 1662 1834 0.169716
3 4049 3739 1662 0.255490
3 1357 3739 823 0.282345
3 1357 823 3315 0.259242
3 3392 4343 3315 0.492807
3 1856 1797 1734 0.458717
3 1856 4267 2888 0.399803
3 2888 4267 4105 0.210177
3 1872 4267 1734 0.427655
3 1734 2109 1872 0.542409
3 1734 1208 2109 0.589874
3 2109 3265 1872 0.303206
3 3265 939 39 0.089632
3 39 939 3676 0.065429
3 3676 939 1025 0.078662
3 939 3720 1025 0.032966
3 3274 1025 3899 0.088789
3 3899 859 3274 0.095581
3 3899 1251 859 0.125904
3 859 1251 4068 0.132539
3 1251 2777 2413 0.084641
3 2413 2777 858 0.041516
3 2413 858 2899 0.020673
3 3245 3953 3357 0.031954
3 1519 407 2899 0.008592
3 2899 407 4281 0.006420
3 3357 407 1519 0.022674
3 4281 407 3921 0.008270
3 2934 3357 162 0.015820
3 3953 162 3357 0.013834
3 3338 626 3583 0.034189
3 3620 3733 1254 0.045783
3 1460 360 820 0.030697
3 121 1548 1245 0.030455
3 1245 1548 1544 0.031108
3 1245 1544 820 0.027400
3 2201 642 2006 0.028236
3 283 952 1548 0.017994
3 2006 952 4369 0.018248
3 952 283 1198 0.019953
3 1198 4369 952 0.021528
3 283 3725 1198 0.030284
3 1198 3725 3345 0.039492
3 3345 3725 3879 0.051563
3 3725 3384 3879 0.051787
3 3725 121 1930 0.061699
3 3959 3345 3828 0.048647
3 3879 3828 3345 0.056116
3 2732 3959 3828 0.045857
3 3828 3731 2732 0.056325
3 3828 2018 3500 0.144613
3 1982 3655 2620 0.042178
3 3063 2620 3655 0.130235
3 2620 3808 1986 0.158107
3 3043 2566 2414 0.814953
3 487 2414 2900 0.635569
3 1032 1109 1912 0.330623
3 2468 1912 217 0.333918
3 1984 2479 1396 0.397553
3 217 1396 2479 0.347162
3 274 404 1292 0.130603
3 1141 2703 3094 0.102046
3 3634 3073 4284 0.079124
3 3073 3963 1600 0.091777
3 1600 3963 1899 0.066762
3 3963 4219 3544 0.131196
3 3544 4219 666 0.229845
3 3544 666 4175 0.200539
3 3732 1549 3712 0.179265
3 3712 1549 1333 0.193590
3 1549 4033 1333 0.228584
3 2161 3712 1767 0.139267
3 392 666 4219 0.214584
3 666 4373 4175 0.127028
3 666 392 1767 0.211510
3 1767 4373 666 0.147151
3 3055 4175 3810 0.117736
3 2250 3105 4175 0.170540
3 2594 2157 1345 0.041628
3 2157 297 1345 0.080110
3 1345 297 1900 0.067150
3 1760 1178 1002 0.126697
3 1178 297 2329 0.175515
3 2329 1002 1178 0.218159
3 1002 3642 3142 0.117495
3 3642 3335 902 0.184750
3 2438 3641 4139 0.163137
3 902 3335 1619 0.157004
3 1619 455 3641 0.179163
3 455 4139 3641 0.168547
3 4139 455 2804 0.114744
3 1619 3551 455 0.143789
3 455 3551 4276 0.094197
3 455 4276 2804 0.102056
3 2981 4222 4021 0.225000
3 4222 4368 4021 0.102992
3 4368 2362 4021 0.133733
3 4021 2362 3602 0.104498
3 3602 2459 1868 0.142378
3 126 2485 2459 0.143466
3 2459 57 126 0.175803
3 57 2651 2504 0.140852
3 2504 2651 611 0.161609
3 2651 2955 611 0.156882
3 611 2955 1085 0.157992
3 2955 318 4368 0.094824
3 3874 3065 3477 0.164719
3 3477 4240 370 0.290154
3 3816 1155 2612 0.153449
3 3983 2915 4301 0.101471
3 2571 2612 3976 0.135845
3 985 992 4214 0.126631
3 3740 3181 985 0.073017
3 3740 1535 3181 0.057687
3 3740 928 1535 0.062021
3 928 3530 2625 0.061122
3 928 2625 1535 0.067039
3 1535 2625 2749 0.064971
3 2625 2071 4154 0.054971
3 788 4154 2716 0.025300
3 2071 2716 4154 0.034293
3 788 4320 4154 0.027406
3 4320 1201 970 0.031871
3 916 970 2514 0.021020
3 916 2514 2693 0.044465
3 970 3926 2514 0.015906
3 2693 2514 2484 0.045755
3 2233 3926 2650 0.021244
3 2650 3926 2672 0.035162
3 113 2233 1749 0.014797
3 2233 2650 665 0.024681
3 1749 2233 665 0.012615
3 1749 665 1514 0.011822
3 665 2650 1354 0.023520
3 665 1354 1514 0.022674
3 1514 1354 1589 0.039920
3 1514 1589 2310 0.067699
3 4125 4404 1589 0.069011
3 1620 4303 4404 0.102648
3 4404 4303 1589 0.070623
3 1063 2493 41 0.130954
3 1620 4404 2493 0.111893
3 41 2493 3419 0.131147
3 3419 2493 2370 0.124707
3 4385 1063 2408 0.178816
3 2473 2408 1063 0.194518
3 712 564 2119 0.106394
3 3419 2005 1271 0.251385
3 2005 1095 1271 0.157653
3 1271 4157 755 0.128350
3 1160 1753 4017 0.159258
3 755 1160 2119 0.139876
3 4017 2119 1160 0.084506
3 1753 4183 4017 0.077533
3 4183 878 4122 0.147660
3 3695 2032 43 0.069549
3 2032 2457 3131 0.120064
3 43 2032 3131 0.093584
3 3131 2457 842 0.149947
3 3131 842 3496 0.101360
3 842 2457 4217 0.190881
3 2128 3048 2923 0.169931
3 3048 2997 2923 0.194405
3 3517 3281 1447 0.244203
3 3517 1447 2718 0.228761
3 2718 1447 1015 0.290854
3 1015 1528 1641 0.313582
3 1393 1135 1913 0.291631
3 1015 4380 94 0.265616
3 1393 3564 230 0.169804
3 4086 2242 3042 0.111699
3 3418 4196 462 0.213321
3 2124 4086 696 0.130997
3 1855 2264 693 0.045442
3 4321 4148 614 0.071785
3 4148 3941 614 0.056142
3 3941 4148 1484 0.053566
3 1320 3941 1484 0.038509
3 2558 3941 2973 0.027572
3 1320 1484 192 0.048455
3 192 1484 815 0.054181
3 192 815 747 0.075430
3 747 815 2662 0.084765
3 1484 4148 815 0.079931
3 2662 815 3136 0.129955
3 815 1098 3136 0.212642
3 3422 747 1363 0.055290
3 747 2662 3401 0.111236
3 3401 2298 747 0.071467
3 3401 550 2298 0.076677
3 1363 2298 1418 0.018059
3 1418 2298 1277 0.022857
3 1277 3001 1418 0.012450
3 3938 1531 2020 0.041560
3 2252 3938 2020 0.028770
3 550 751 1531 0.068785
3 2020 1531 751 0.064178
3 3902 3407 3146 0.693794
3 3407 3239 1347 0.762738
3 4198 1347 3239 0.657832
3 3407 3273 3146 0.879648
3 3146 799 3601 0.796433
3 2020 3146 3601 0.361533
3 4187 1904 1646 0.918419
3 1646 3450 1686 0.894256
3 3601 3783 3268 0.641878
3 2522 1686 1545 0.690012
3 1686 3450 1545 0.809929
3 1103 647 1545 0.366677
3 647 2122 427 0.136854
3 2122 4215 427 0.040627
3 427 4215 3522 0.033438
3 3764 2180 4199 0.066900
3 3100 4199 1381 0.096497
3 1381 4199 2619 0.079858
3 310 3793 499 0.117369
3 1476 3557 164 0.114167
3 1202 164 3557 0.099027
3 3180 1202 3557 0.117152
3 3557 1476 2083 0.109550
3 2083 1476 2387 0.098554
3 1476 979 2387 0.117329
3 2373 545 2930 0.014080
3 689 2207 4387 0.013449
3 824 1847 545 0.044934
3 545 1847 885 0.057459
3 885 151 3998 0.026712
3 3998 151 2138 0.023878
3 307 2013 270 0.070077
3 307 270 3937 0.061987
3 3937 270 764 0.075423
3 270 2013 3958 0.076698
3 2013 2947 3958 0.057353
3 933 3958 1923 0.045594
3 925 2613 2280 0.078975
3 1834 1077 2613 0.197251
3 934 2613 1077 0.206297
3 1077 1834 2888 0.167875
3 124 3676 2272 0.095358
3 4105 124 2272 0.111461
3 3274 497 3676 0.114166
3 497 2272 3676 0.184219
3 2684 1769 859 0.112897
3 3274 859 1769 0.099441
3 859 4068 2684 0.114111
3 1769 2684 1474 0.079997
3 491 1769 1474 0.077937
3 701 2684 4224 0.058841
3 4224 3376 701 0.070354
3 4224 4068 929 0.163510
3 929 4068 3047 0.181535
3 3047 2413 3529 0.087138
3 3529 2899 4281 0.012000
3 3529 832 3763 0.013556
3 4281 3478 832 0.011935
3 832 3478 2232 0.015678
3 832 2232 3763 0.014577
3 2831 3478 1186 0.072150
3 3921 1186 3478 0.026126
3 2831 1186 3338 0.054730
3 2831 3620 1254 0.038619
3 2831 1254 3478 0.055621
3 3478 1254 2232 0.044729
3 2232 1254 2743 0.050048
3 2232 2743 3214 0.031666
3 1303 3214 3430 0.067918
3 2743 3430 3214 0.070685
3 3214 1303 1252 0.048163
3 1252 1303 4233 0.022150
3 4233 1303 1091 0.026778
3 1303 4364 1091 0.039610
3 4364 1708 3710 0.050147
3 4120 907 3199 0.032192
3 3199 3770 1460 0.028413
3 3199 1544 2166 0.058167
3 2166 1544 2201 0.036957
3 2166 2201 4029 0.070180
3 4029 2006 3818 0.025294
3 3818 2006 4369 0.029368
3 3818 4369 2636 0.017519
3 1198 3345 1425 0.032924
3 1198 1425 4369 0.023982
3 4369 1425 3962 0.023741
3 3312 321 1978 0.052125
3 3312 1978 595 0.115594
3 595 1978 400 0.159137
3 1978 321 1986 0.042403
3 1986 3808 1978 0.185667
3 1978 3043 400 0.243208
3 189 2479 3887 0.302647
3 1643 2703 317 0.053510
3 317 2703 76 0.049210
3 317 76 705 0.060350
3 705 76 2678 0.074233
3 2678 1141 1499 0.101702
3 2678 1499 4284 0.073118
3 1499 1157 4284 0.066874
3 4284 1157 3634 0.066276
3 1600 2038 4284 0.072494
3 4284 2038 2810 0.049745
3 2810 2038 4392 0.071098
3 2038 1899 1329 0.041470
3 204 3916 2794 0.034408
3 3055 3810 968 0.105100
3 377 968 2794 0.051076
3 3810 3468 968 0.048886
3 2794 968 3796 0.045805
3 3468 3810 3105 0.044321
3 3468 2594 3863 0.008623
3 3762 1669 1345 0.008118
3 1669 2594 1345 0.017548
3 3221 1051 2700 0.028629
3 3221 2700 4270 0.042553
3 1900 216 2700 0.033346
3 4270 216 1760 0.050263
3 1760 3489 4270 0.068740
3 2133 4270 1424 0.057124
3 3779 3222 2822 0.225880
3 3222 3489 2438 0.110784
3 3222 2438 2822 0.156427
3 2438 3489 3641 0.155748
3 2392 434 261 0.173362
3 261 434 4139 0.111778
3 2804 3602 1868 0.093268
3 2485 126 3064 0.161580
3 3064 58 766 0.193219
3 2420 2546 3472 0.124934
3 4081 2420 3472 0.096009
3 2546 1085 3472 0.134256
3 1085 3737 1420 0.110910
3 1420 3737 1020 0.105250
3 28 470 3755 0.150124
3 470 3754 598 0.238490
3 3754 2220 3161 0.225880
3 4394 2571 3067 0.152109
3 4214 4115 3990 0.087402
3 4214 3990 2565 0.083077
3 3694 4115 1438 0.088613
3 1438 2695 3694 0.079860
3 2695 1438 2576 0.131104
3 1438 268 3337 0.115729
3 268 992 3337 0.109222
3 3337 992 3181 0.134014
3 3181 218 1541 0.112667
3 1541 218 2463 0.105621
3 1541 2463 2475 0.114581
3 218 2749 2463 0.058571
3 697 73 1902 0.013760
3 1146 1523 1190 0.021412
3 1843 4405 4318 0.059070
3 1843 4104 341 0.073091
3 341 4104 3694 0.075925
3 3694 4104 4115 0.076493
3 4115 4104 3990 0.091415
3 2693 4104 4318 0.071697
3 4104 2484 278 0.048061
3 1511 113 1127 0.030593
3 1253 1511 2495 0.045658
3 1127 2495 1511 0.050503
3 1127 2028 2489 0.026368
3 4046 2028 1749 0.022055
3 2028 4046 2489 0.018270
3 4046 83 2489 0.038826
3 2489 83 658 0.052199
3 83 4303 658 0.068139
3 658 4303 3283 0.087972
3 3283 3351 1817 0.130813
3 2305 1817 2870 0.192912
3 2870 1063 4385 0.210960
3 4385 988 3549 0.080026
3 988 712 2590 0.088033
3 988 2590 227 0.080513
3 227 3549 988 0.053620
3 2697 227 2590 0.051047
3 3549 227 2986 0.036322
3 1258 147 4183 0.027054
3 1323 4395 865 0.008670
3 865 4395 1149 0.016903
3 4183 4395 1258 0.031245
3 1149 3695 3413 0.033443
3 3413 718 1125 0.042254
3 718 2518 3882 0.172936
3 718 3882 2503 0.098426
3 3131 3496 2518 0.126056
3 2518 3496 899 0.177150
3 899 3882 2518 0.141875
3 899 2782 3605 0.127379
3 4165 3605 711 0.081910
3 2782 797 3605 0.155527
3 3449 3723 797 0.178781
3 891 801 3723 0.112115
3 711 801 898 0.097514
3 896 891 2021 0.110927
3 3723 2718 891 0.146116
3 2718 3723 3517 0.213325
3 94 2021 2718 0.183761
3 891 2718 2021 0.156645
3 4196 1036 2993 0.123259
3 2021 2993 896 0.142718
3 2993 1036 3340 0.084515
3 898 3340 3171 0.086668
3 3827 3340 3042 0.089347
3 3042 2242 1658 0.075715
3 3024 693 312 0.036937
3 693 3638 2007 0.024095
3 693 2007 312 0.023793
3 3638 2978 2007 0.015874
3 2973 3574 4308 0.029333
3 1776 1320 3011 0.055804
3 1346 3011 2747 0.026755
3 3333 1590 1346 0.026189
3 1590 4009 1346 0.051282
3 3333 2826 1590 0.020544
3 2826 2503 1590 0.036729
3 2754 2288 3333 0.010145
3 2288 2826 3333 0.012336
3 2288 2722 2826 0.011144
3 3515 2470 1418 0.009517
3 2470 2747 3422 0.021230
3 1363 2470 3422 0.032202
3 3001 596 3515 0.007640
3 2601 3515 596 0.003744
3 2020 3268 2252 0.063215
3 2122 429 1206 0.012287
3 1206 429 4076 0.011212
3 4076 429 2312 0.021814
3 3764 429 2122 0.020987
3 429 3764 3100 0.038103
3 2312 429 3100 0.027428
3 3180 2312 3100 0.067627
3 258 4027 3180 0.099716
3 2312 3180 4027 0.041677
3 4027 258 4230 0.075771
3 4230 2462 4027 0.038903
3 3557 2083 4230 0.099906
3 4041 4230 2083 0.082681
3 3363 3050 2121 0.026294
3 4054 2121 3050 0.023314
3 3446 1701 3394 0.024916
3 3394 1701 4387 0.018341
3 3853 2387 2207 0.072753
3 4387 1997 2733 0.024633
3 764 408 1997 0.053483
3 722 1997 2583 0.024216
3 408 2583 1997 0.053500
3 408 764 270 0.088039
3 3958 933 408 0.065348
3 933 2583 408 0.047034
3 933 1923 1709 0.045228
3 2682 472 2280 0.094508
3 4339 472 882 0.055917
3 3881 280 2682 0.086447
3 472 2682 280 0.102596
3 280 882 472 0.078443
3 2682 2243 3881 0.084317
3 1678 2243 2682 0.090156
3 1678 934 2243 0.159298
3 3881 3585 95 0.043903
3 3881 95 4191 0.041441
3 2272 497 3585 0.106734
3 1192 3585 497 0.092751
3 2063 1192 491 0.072926
3 497 491 1192 0.086473
3 1071 2063 2079 0.025864
3 491 1474 2063 0.064317
3 701 3376 1546 0.045052
3 3476 1778 2483 0.011376
3 3854 4224 929 0.091878
3 929 3047 1777 0.202960
3 1777 154 3153 0.083887
3 3321 3153 926 0.051476
3 3153 154 729 0.048327
3 3153 729 2865 0.044599
3 2865 729 716 0.019475
3 154 3441 729 0.025727
3 729 3441 4152 0.020989
3 729 4152 716 0.012060
3 1845 3441 3763 0.019916
3 1091 2351 1327 0.032728
3 2351 1091 4364 0.045998
3 4364 4120 1540 0.025626
3 1568 1540 4120 0.031695
3 1367 4242 4029 0.132180
3 4029 3771 1367 0.062188
3 1367 256 670 0.068990
3 1823 670 4101 0.090662
3 256 3550 1209 0.060075
3 1821 2230 3550 0.021206
3 2230 3503 3550 0.021174
3 1163 1821 3771 0.039443
3 1163 3771 787 0.022481
3 2222 1174 2816 0.020829
3 2222 2332 1786 0.013602
3 2332 2222 2816 0.009419
3 2332 2816 585 0.008926
3 2816 2212 1075 0.005352
3 995 2212 2636 0.007233
3 2212 3818 2636 0.017874
3 1075 995 1795 0.011157
3 2706 1026 995 0.018006
3 3962 2706 4369 0.024384
3 2706 2636 4369 0.020644
3 3962 2141 2706 0.023273
3 2706 2141 3906 0.027432
3 2706 3906 1026 0.023000
3 1026 3906 4392 0.037348
3 2141 3962 990 0.031242
3 3672 2357 2825 0.118553
3 1142 3672 3133 0.042168
3 2393 1142 3616 0.115512
3 3616 1142 3312 0.078606
3 1740 2452 1643 0.104624
3 1740 3649 468 0.053502
3 1740 1643 3649 0.066335
3 1643 317 3649 0.058137
3 317 123 3649 0.082984
3 317 705 123 0.074263
3 167 204 1795 0.043991
3 2794 1358 1793 0.010588
3 3796 3863 2794 0.013280
3 1358 2794 3863 0.009638
3 2230 2332 3762 0.011874
3 2230 3762 3503 0.012444
3 3762 272 3503 0.009552
3 792 1051 3221 0.047674
3 792 3550 1051 0.048716
3 3550 3503 1051 0.023269
3 792 3221 3748 0.090696
3 3748 3221 327 0.073277
3 4270 2133 3221 0.077971
3 327 2133 2689 0.071262
3 938 2689 2133 0.083416
3 4085 4130 1424 0.107904
3 1424 3222 4085 0.124588
3 3222 3779 4085 0.170861
3 1613 4085 3779 0.211929
3 1613 3779 1835 0.250735
3 1613 1835 4206 0.153108
3 1835 2416 4206 0.157886
3 2416 1835 4081 0.116115
3 3472 4279 4081 0.127564
3 1558 2193 4279 0.075232
3 4279 2193 1683 0.080136
3 1558 3755 2193 0.061751
3 598 2193 3755 0.157794
3 2381 3754 2813 0.279442
3 2381 2813 345 0.239622
3 2813 3185 345 0.257640
3 3185 2203 466 0.381417
3 757 466 2110 0.523091
3 1617 2203 3994 0.451700
3 2813 3754 3161 0.192476
3 2156 1397 4394 0.350950
3 2156 3277 1397 0.437597
3 1397 3277 3994 0.522465
3 1423 3277 2156 0.404987
3 1423 2156 4394 0.377540
3 1423 4394 1465 0.231468
3 3990 1465 2565 0.069580
3 1465 3990 4229 0.063819
3 1465 4229 1423 0.106328
3 3990 278 4229 0.047331
3 278 3990 4104 0.063747
3 942 2151 49 0.106305
3 658 49 2489 0.067381
3 49 2151 1539 0.059403
3 49 1539 2489 0.056656
3 658 3283 762 0.101144
3 942 1472 3514 0.232050
3 1472 2897 2530 0.313967
3 3283 2305 379 0.198294
3 1839 3761 1672 0.141865
3 3761 4385 1672 0.122073
3 1672 4385 1527 0.116046
3 1672 1527 2688 0.093885
3 2688 1527 2165 0.072799
3 1527 4234 2165 0.038160
3 4234 1527 3549 0.033753
3 3549 1527 4385 0.071687
3 3549 2986 4234 0.027943
3 2986 1451 4399 0.013100
3 3891 3326 717 0.011067
3 2740 717 3326 0.010691
3 2418 3326 993 0.015081
3 4123 4297 1323 0.005199
3 1520 2950 1323 0.004412
3 865 1625 1520 0.007517
3 1625 1125 2722 0.017723
3 1520 2464 2950 0.005254
3 2950 2464 2441 0.003104
3 2464 733 2441 0.002388
3 2464 2288 733 0.003834
3 1128 2601 1588 0.002748
3 2601 596 1588 0.003597
3 1449 3785 3191 0.009749
3 4123 1588 2344 0.004413
3 3785 1449 1547 0.014498
3 1547 255 2990 0.014164
3 2990 255 4027 0.018325
3 4027 1189 2990 0.019500
3 1189 2462 2787 0.023679
3 2462 957 2787 0.029611
3 2787 957 3363 0.026710
3 3859 1971 2787 0.009108
3 1971 3859 4315 0.009217
3 4315 3859 3665 0.016274
3 3665 3859 3363 0.015581
3 4315 3665 2785 0.015480
3 2785 3665 3931 0.015091
3 3665 3363 2121 0.025719
3 3931 3665 4054 0.020687
3 4054 329 3931 0.008571
3 2412 16 3446 0.016140
3 752 2412 3394 0.002855
3 752 3394 3159 0.003526
3 2724 1450 329 0.001624
3 1422 2306 802 0.001726
3 802 2306 1996 0.002979
3 2306 498 1996 0.002959
3 2728 1996 1603 0.007390
3 498 3159 722 0.007380
3 498 722 3708 0.015036
3 4339 3708 1709 0.026608
3 3708 2583 1709 0.022263
3 186 4339 4342 0.057753
3 2726 2331 4342 0.066991
3 2461 3697 2608 0.076395
3 777 2608 4064 0.041264
3 4064 3030 2079 0.018130
3 3030 3697 4191 0.041000
3 84 2049 1391 0.046697
3 2079 3030 1071 0.017362
3 4064 2079 3476 0.018534
3 3476 2798 1673 0.010929
3 1332 1673 2034 0.015925
3 2907 3321 3545 0.031440
3 1136 2112 1311 0.006232
3 1193 3545 847 0.017596
3 3545 926 847 0.029308
3 847 926 2865 0.029435
3 847 2865 1371 0.028008
3 926 3545 3321 0.030709
3 2847 3670 3690 0.002621
3 3690 3670 4140 0.003571
3 3670 2847 846 0.002582
3 716 4152 685 0.011085
3 4152 2175 1104 0.007242
3 3108 2824 2175 0.005874
3 2824 1104 2175 0.004522
3 2824 3108 37 0.007643
3 4058 3904 3059 0.005646
3 3108 4152 2100 0.012230
3 3059 325 3812 0.015377
3 1327 2215 3059 0.037316
3 1369 1540 1568 0.026148
3 325 2568 3812 0.017413
3 1369 1568 1823 0.043058
3 2568 668 877 0.022947
3 668 4101 877 0.035619
3 3748 203 2858 0.033423
3 877 2858 1926 0.021109
3 203 1926 2858 0.017313
3 1926 203 3404 0.015318
3 1605 3404 3748 0.026061
3 203 3748 3404 0.020692
3 3457 3864 2186 0.067234
3 888 4206 2416 0.112061
3 2270 2416 4081 0.142938
3 2817 2186 3206 0.063465
3 3206 3792 833 0.060722
3 676 833 3986 0.037791
3 3792 3986 833 0.072723
3 1683 1953 3986 0.212187
3 3986 1953 1335 0.228471
3 2979 4048 2932 0.267360
3 2979 3860 3850 0.242839
3 4257 757 1592 0.533376
3 4257 1592 48 0.613486
3 48 1296 4257 0.412595
3 48 1697 1296 0.527579
3 48 1592 44 0.813312
3 48 44 1003 0.781926
3 1003 44 3540 0.792871
3 1592 3558 44 0.852485
3 44 3558 548 0.854750
3 44 548 3540 0.744815
3 2591 3558 4182 0.801167
3 1873 2591 4182 0.730017
3 2110 1617 4182 0.520231
3 1617 3994 4182 0.447899
3 1711 3514 2139 0.455029
3 2339 2139 1873 0.707662
3 127 2530 2897 0.344343
3 127 2897 149 0.354495
3 1839 677 2727 0.148626
3 2727 677 2797 0.100615
3 2727 2797 3521 0.160887
3 677 3246 2797 0.069328
3 2300 3246 2999 0.035891
3 2999 3573 2300 0.024847
3 17 2688 2999 0.065139
3 3573 2999 2293 0.024818
3 2688 2293 2999 0.057682
3 1672 2688 17 0.100721
3 3573 2293 330 0.019458
3 330 2402 3573 0.011543
3 330 2293 3033 0.025514
3 2402 330 3318 0.008833
3 3033 3318 330 0.015323
3 1116 779 3033 0.015185
3 3033 779 2772 0.012341
3 3318 3033 2772 0.014993
3 2772 779 1599 0.008890
3 1599 2192 2772 0.008858
3 4399 1841 4234 0.016570
3 2192 617 375 0.011098
3 3572 1431 4028 0.006397
3 4028 483 3572 0.004110
3 483 2170 3572 0.003165
3 1451 483 4028 0.007274
3 483 2740 2170 0.002829
3 1985 2170 4302 0.006263
3 1144 4302 2170 0.003437
3 2240 267 2195 0.003576
3 2240 2195 4327 0.003747
3 2195 267 4315 0.009663
3 2195 2785 4327 0.003582
3 4327 2785 3661 0.003136
3 1450 1976 3931 0.002396
3 3661 3931 1976 0.004549
3 1976 4209 3661 0.002698
3 2771 3661 4209 0.002172
3 1967 1265 999 0.001258
3 1265 4389 999 0.001033
3 999 4389 4316 0.001467
3 4316 4389 4134 0.001981
3 4345 2076 3428 0.021928
3 1996 2076 802 0.004546
3 3428 183 3791 0.036963
3 3791 183 1828 0.054175
3 3791 1828 185 0.066897
3 4342 185 1828 0.041492
3 1401 1653 3791 0.037490
3 777 1999 2608 0.065677
3 3787 3411 2907 0.012533
3 3370 3389 2904 0.009920
3 4324 1311 2112 0.005887
3 3389 3787 2569 0.006860
3 4324 2704 3949 0.011683
3 3949 2665 4324 0.018536
3 2704 1207 3949 0.009437
3 2665 3949 448 0.022777
3 1207 2172 1745 0.012969
3 2417 1207 1745 0.021292
3 1745 2172 3588 0.017052
3 2646 1136 3690 0.004881
3 847 286 3690 0.003828
3 286 2847 3690 0.002158
3 2646 3690 4140 0.004224
3 3670 846 2116 0.003119
3 846 1104 2824 0.004234
3 846 2824 2116 0.004247
3 2842 3083 1607 0.017242
3 3898 1607 3083 0.025309
3 3777 1698 3898 0.036965
3 2116 3402 3777 0.018246
3 3402 1717 3777 0.024274
3 3617 949 3812 0.028046
3 1246 3404 3617 0.015076
3 3559 3457 417 0.016942
3 3457 2817 417 0.017887
3 1724 833 676 0.028670
3 116 2149 417 0.018964
3 417 2149 346 0.016037
3 346 2149 3270 0.026579
3 597 3404 3559 0.027179
3 346 3617 597 0.020213
3 3404 597 3617 0.016974
3 3270 3617 346 0.021814
3 1698 1459 4067 0.063174
3 2524 4048 769 0.112111
3 864 676 2219 0.094737
3 864 2219 2524 0.100867
3 676 3986 2219 0.071612
3 4048 2524 1495 0.114450
3 769 2647 1607 0.074910
3 1607 2647 3663 0.029584
3 2647 3997 3615 0.082210
3 2647 3615 80 0.035165
3 900 3997 2979 0.248926
3 900 2979 2191 0.264072
3 2191 2979 843 0.273222
3 2191 843 1645 0.210149
3 2487 2191 1645 0.144893
3 3586 1645 843 0.194142
3 3586 1697 1645 0.245462
3 1697 1003 2397 0.400884
3 1445 2397 1003 0.327948
3 3540 3826 1445 0.478748
3 1487 548 3558 0.761542
3 548 1487 3826 0.525010
3 1487 3558 2591 0.725154
3 1487 3857 2346 0.622633
3 3069 1873 3581 0.441624
3 1191 3306 2435 0.171124
3 3871 3306 947 0.313911
3 4251 4134 1079 0.018422
3 4251 4316 4134 0.009790
3 2574 2132 4251 0.053460
3 2797 2132 2574 0.056585
3 855 4316 4251 0.014126
3 4209 863 2771 0.002978
3 855 639 863 0.007162
3 2771 863 4327 0.002259
3 639 3246 2300 0.025993
3 3935 4236 213 0.010193
3 3935 4051 1387 0.015084
3 4051 3935 3573 0.018288
3 115 553 721 0.025249
3 115 721 1765 0.037839
3 553 2501 721 0.027185
3 1736 1380 409 0.046674
3 1380 1331 409 0.068420
3 1331 1183 1765 0.054242
3 867 375 617 0.011904
3 867 617 4028 0.008501
3 4236 4210 1431 0.007293
3 4327 4236 2240 0.005075
3 3935 1387 4210 0.015140
3 947 1956 3595 0.054213
3 3595 4340 947 0.064977
3 4121 4370 3436 0.046458
3 3436 1443 3871 0.118885
3 3871 1443 954 0.222302
3 2635 954 572 0.385647
3 2055 3848 3366 0.329250
3 3848 1732 3366 0.121802
3 3366 1732 3370 0.051455
3 2904 1525 3370 0.016317
3 3956 1943 4324 0.029131
3 3956 1360 1132 0.105654
3 1360 2104 3842 0.077376
3 1132 3842 3956 0.118294
3 2635 3871 954 0.381439
3 1445 2104 2665 0.086469
3 2665 448 2397 0.058209
3 448 1606 2397 0.110197
3 1606 3375 2487 0.067142
3 2487 3375 3615 0.049779
3 3615 3375 2417 0.036260
3 4067 1607 3898 0.023411
3 4370 4121 3002 0.029833
3 2337 3002 4345 0.023397
3 2337 645 4370 0.041175
3 645 3428 3791 0.050146
3 3931 3661 2785 0.008214
3 1873 4182 2339 0.644062
3 1246 3812 2568 0.015870
3 4302 3833 1924 0.005533
3 2990 1924 3833 0.007229
3 3785 3833 2977 0.007951
3 4229 2624 1423 0.212266
3 2733 3159 3394 0.007010
3 2733 3394 4387 0.007987
3 3687 1588 3455 0.005034
3 1590 2503 2752 0.048605
3 1590 2752 4009 0.071641
3 2503 4165 2752 0.071752
3 2752 3171 1199 0.065550
3 1199 3171 4009 0.059172
3 2973 3827 2589 0.016889
3 3827 2519 2589 0.022683
3 2589 2519 460 0.028494
3 679 627 1609 0.028921
3 627 460 1658 0.040006
3 2576 2342 2580 0.146530
3 2342 2576 1438 0.145997
3 2342 1579 2580 0.144319
3 1579 3598 2065 0.052327
3 3598 632 2065 0.026457
3 2580 1682 55 0.033305
3 2580 55 2258 0.059677
3 1682 219 55 0.034870
3 2258 55 1146 0.037292
3 219 1523 55 0.016541
3 55 1523 1146 0.023287
3 1318 3616 189 0.286002
3 2252 3268 3522 0.070767
3 3522 3268 3783 0.272915
3 3522 3783 2522 0.361981
3 3522 2522 427 0.247014
3 2571 3139 2368 0.180132
3 1002 3142 1760 0.089509
3 4149 1624 1018 0.874387
3 4235 125 3688 0.229258
3 2603 4338 4080 0.766412
3 1663 3343 3235 0.923805
3 1663 3235 4162 0.952205
3 2131 1804 2309 0.037057
3 1804 3358 2309 0.035564
3 2086 2711 1870 0.857858
3 1870 2711 3662 0.902830
3 2467 3162 1870 0.863162
3 2086 1870 3162 0.916391
3 3622 3162 2467 0.936619
3 1097 1644 2136 0.157813
3 908 3579 248 0.025477
3 4014 1012 3944 0.020446
3 2838 3398 3538 0.010236
3 246 3170 3381 0.198559
3 2976 2388 932 0.465159
3 3910 2003 1636 0.920519
3 2003 3659 2477 0.944845
3 439 477 2685 0.904676
3 477 2271 2685 0.934987
3 2271 3196 2685 0.944290
3 1827 3561 3160 0.020998
3 2891 3046 1055 0.317133
3 3296 3811 3575 0.087093
3 3304 3811 3614 0.057608
3 3296 3614 3811 0.064529
3 955 3304 3802 0.036937
3 4200 4317 936 0.055180
3 1557 2960 1054 0.038146
3 1054 2507 1557 0.070914
3 1557 2507 4201 0.074289
3 1557 4201 735 0.042458
3 4329 937 3004 0.341486
3 3004 937 4371 0.282737
3 2225 943 4393 0.128299
3 3918 3773 2056 0.030913
3 3568 301 1243 0.139615
3 1243 301 3144 0.164235
3 3186 2259 1727 0.180576
3 3613 1757 835 0.124443
3 3568 3613 835 0.100778
3 1243 1962 2995 0.070540
3 1243 2995 3568 0.085850
3 3080 141 170 0.224333
3 3080 1649 3275 0.254488
3 1759 1649 2712 0.364881
3 1759 3490 686 0.298443
3 2913 4307 207 0.489478
3 2564 3765 372 0.515255
3 2929 2614 372 0.576496
3 2929 3765 2774 0.409550
3 3765 2929 372 0.520790
3 910 2774 825 0.485988
3 2458 2840 3186 0.153275
3 3186 2840 2259 0.151137
3 3977 2092 3965 0.194477
3 3965 2092 1368 0.173152
3 2374 3965 1087 0.109334
3 3243 2374 2959 0.054075
3 2959 2374 1087 0.056798
3 3613 2959 1087 0.037012
3 3613 1087 1368 0.089263
3 1368 1087 3965 0.149366
3 3965 2374 3977 0.145625
3 3977 2374 3243 0.064437
3 1962 830 2995 0.043979
3 2658 960 3691 0.028906
3 3691 960 315 0.042453
3 4271 1297 3691 0.041608
3 4271 3691 1790 0.044235
3 1790 4039 3797 0.058157
3 1597 3128 1468 0.018834
3 4039 1468 3128 0.027440
3 3365 1468 156 0.073673
3 156 1468 3261 0.073904
3 3080 1067 4039 0.123282
3 3080 4039 3361 0.094969
3 4039 1067 3261 0.106481
3 4039 3261 1468 0.070591
3 3275 3261 1067 0.161448
3 3275 1067 3080 0.208782
3 3423 2911 879 0.275063
3 1861 3423 2860 0.340459
3 2860 3423 101 0.354695
3 101 3423 879 0.381007
3 3490 2860 101 0.331465
3 2757 1861 2860 0.322084
3 3681 2808 3256 0.395983
3 3856 3403 3075 0.500377
3 1384 2698 3075 0.640303
3 3856 3075 2698 0.561285
3 3210 2698 1384 0.613610
3 599 3669 2564 0.607418
3 3075 2564 1384 0.599734
3 1384 2564 3669 0.611367
3 1384 3669 3210 0.683935
3 3606 3669 599 0.597590
3 1022 2614 2929 0.470316
3 3892 1022 2929 0.409436
3 3897 3892 2199 0.325683
3 3193 3066 1166 0.572045
3 3193 1166 1594 0.305288
3 3193 3510 798 0.288192
3 3023 3066 3193 0.581780
3 3023 3193 66 0.478277
3 3023 66 1807 0.538271
3 3023 1807 511 0.622134
3 1807 66 3193 0.399242
3 1807 3193 798 0.335067
3 1102 4244 1807 0.393357
3 3417 612 1172 0.376187
3 3417 1172 4181 0.294229
3 3912 1172 1102 0.430699
3 1102 1172 612 0.349325
3 1102 612 4244 0.285394
3 4181 1172 2238 0.253818
3 4181 2238 710 0.205149
3 3912 2238 1172 0.352346
3 2077 2823 2578 0.043017
3 3 2077 1100 0.028631
3 3 1100 1297 0.043333
3 1100 2077 2578 0.028568
3 2959 1100 3243 0.027607
3 2077 3 4271 0.044095
3 1756 3702 2327 0.035431
3 2327 3702 3301 0.032649
3 3797 2327 3301 0.044251
3 1390 2327 3128 0.047549
3 3128 2327 3797 0.029520
3 1028 3128 561 0.020988
3 3163 1028 561 0.027447
3 1390 3128 1028 0.029486
3 1597 3163 561 0.024837
3 1597 561 3128 0.029596
3 3365 3163 1468 0.026564
3 1468 3163 1597 0.021217
3 2158 2673 3355 0.016773
3 2673 2158 3251 0.015322
3 3971 2673 1247 0.023655
3 1247 2673 1386 0.052231
3 1247 1386 1114 0.088413
3 1386 2673 3251 0.038917
3 4007 1386 1859 0.267934
3 3251 1859 1386 0.094908
3 156 3122 2758 0.122329
3 2041 3122 821 0.197718
3 2482 2041 3836 0.301072
3 2911 3836 821 0.230924
3 821 3836 2041 0.257093
3 3423 3836 2911 0.287392
3 1092 2482 2966 0.483288
3 2966 2482 3125 0.438203
3 3125 2482 1211 0.429776
3 3134 1009 2949 0.247331
3 3134 2949 4143 0.257175
3 2949 1009 2194 0.283715
3 1290 4143 2949 0.368036
3 3856 1177 3403 0.468274
3 2720 1290 435 0.466415
3 435 1290 2949 0.382846
3 2698 2720 435 0.459581
3 2698 435 3856 0.448269
3 2761 3669 3606 0.642797
3 3669 2761 3210 0.654362
3 3129 305 2761 0.603872
3 2761 305 3382 0.384764
3 3382 305 3633 0.278266
3 956 3633 305 0.430684
3 956 305 3129 0.503605
3 3606 3129 2761 0.630847
3 3129 3511 956 0.599518
3 2600 2239 3511 0.551841
3 1414 1481 190 0.363948
3 1706 3849 2060 0.354699
3 903 1706 2060 0.413623
3 3183 2931 2451 0.399331
3 3023 4292 3066 0.581697
3 1007 158 3896 0.760840
3 3896 158 3023 0.719342
3 1430 99 3896 0.743931
3 3896 99 1007 0.729687
3 3705 2957 3896 0.866269
3 3034 4244 612 0.316350
3 3034 612 3417 0.296155
3 4248 890 3034 0.321766
3 4248 3034 3417 0.293716
3 3006 4248 1118 0.244102
3 1118 4248 3417 0.317494
3 1118 3417 4181 0.264811
3 2168 3291 634 0.086343
3 634 3291 2532 0.083524
3 3589 2864 3831 0.045752
3 3032 465 1685 0.029152
3 3032 1685 2969 0.036992
3 3032 2969 3255 0.036002
3 4100 3255 2294 0.025822
3 2294 3255 2969 0.033550
3 2294 2969 112 0.045249
3 3702 4100 2294 0.026658
3 3702 2294 1340 0.049699
3 1340 2294 2823 0.044866
3 1340 2823 2077 0.044925
3 3702 1340 3301 0.050812
3 2077 4271 1340 0.047088
3 3301 1340 4271 0.050317
3 1894 2859 3888 0.044866
3 2859 2914 3888 0.036598
3 3741 4037 492 0.007333
3 492 4037 3781 0.005530
3 492 3781 2386 0.004247
3 4005 4037 3741 0.011263
3 3355 3781 4037 0.008127
3 1998 3447 195 0.010345
3 3513 195 3447 0.009386
3 1092 2966 4007 0.417903
3 1092 4007 1070 0.411636
3 484 3657 1262 0.396633
3 1262 3657 4065 0.315733
3 1262 4065 3125 0.359408
3 1035 1250 4322 0.316950
3 4322 1250 1156 0.320206
3 2828 1250 1035 0.282111
3 1893 2828 1035 0.334629
3 3988 1893 1035 0.352604
3 1819 3988 3276 0.167467
3 917 3276 3134 0.190809
3 3134 3276 3988 0.227668
3 3134 3988 2615 0.264931
3 2854 917 4143 0.145004
3 4143 917 3134 0.220053
3 2142 2861 525 0.068812
3 2861 2854 525 0.118302
3 512 3416 2807 0.126730
3 2807 3416 3560 0.171207
3 2807 4143 2720 0.196682
3 1290 2720 4143 0.219681
3 672 765 3382 0.182803
3 3382 765 205 0.162993
3 672 3382 3633 0.248373
3 814 3684 428 0.564141
3 2876 3187 3689 0.876874
3 1069 3187 2876 0.877704
3 31 2239 3187 0.776690
3 31 3187 1069 0.774624
3 2427 3187 2239 0.790192
3 2427 2239 2600 0.579829
3 260 2835 1502 0.912491
3 3236 1689 3289 0.924161
3 3236 3289 3347 0.882084
3 3596 3347 3289 0.822807
3 3292 3347 2931 0.518955
3 3596 2931 3347 0.549134
3 3596 2451 2931 0.416776
3 2425 3292 4292 0.429227
3 4292 3292 2931 0.460324
3 3183 4292 2931 0.429330
3 4391 2425 746 0.510080
3 4391 746 986 0.613396
3 644 1849 4391 0.645105
3 279 1849 3138 0.709509
3 3138 1849 644 0.679198
3 3138 644 4391 0.681629
3 3138 4391 2916 0.689583
3 4088 4391 1849 0.744127
3 3175 3309 3705 0.837938
3 3562 2862 20 0.655076
3 3562 20 4305 0.716389
3 3562 4305 890 0.718288
3 4305 20 3705 0.729147
3 4244 890 4305 0.572012
3 924 3562 4248 0.516617
3 4248 3562 890 0.541927
3 1152 3017 924 0.431892
3 1152 4248 3006 0.369097
3 4248 1152 924 0.472046
3 3589 2316 3006 0.094619
3 2383 2864 562 0.109266
3 2864 3589 562 0.074809
3 3006 562 3589 0.089386
3 1399 2101 2316 0.073803
3 1399 2316 1395 0.048726
3 2642 3032 3255 0.031096
3 3348 1187 3458 0.008997
3 1187 3348 489 0.021916
3 1238 2545 1805 0.035227
3 1805 3348 3759 0.027377
3 3759 3348 3458 0.013569
3 2545 3348 1805 0.018983
3 1611 3597 3759 0.049715
3 1805 3759 3597 0.074547
3 2147 1805 3597 0.121078
3 1611 3759 3773 0.027553
3 1045 2795 3741 0.012137
3 160 4195 1045 0.007970
3 3741 160 1045 0.009219
3 1043 4361 3741 0.005487
3 160 3741 4361 0.005422
3 160 4361 4195 0.006119
3 3523 931 492 0.003838
3 492 931 3741 0.003821
3 3238 4202 2755 0.005261
3 3646 2788 1998 0.027928
3 1998 2788 333 0.023608
3 2225 195 3513 0.038201
3 1998 195 3646 0.025146
3 3646 195 2225 0.038944
3 943 2225 884 0.105614
3 4065 3657 2160 0.274366
3 4065 2160 3948 0.274554
3 2338 3948 2705 0.185046
3 2338 2705 2267 0.074903
3 3657 2705 2160 0.244737
3 2160 2705 3948 0.218661
3 1893 2267 2705 0.112671
3 136 210 2994 0.106821
3 3276 4164 1819 0.111207
3 2854 2861 3276 0.153744
3 2854 3276 917 0.171089
3 2142 3072 3164 0.038848
3 512 1616 3310 0.068585
3 765 3443 1633 0.107517
3 4159 3443 853 0.276134
3 4344 606 3684 0.488441
3 4344 3684 814 0.587439
3 2561 3689 3320 0.942950
3 977 3320 3689 0.958577
3 4295 340 1348 0.952098
3 3969 4295 1441 0.928988
3 3969 1441 1038 0.951516
3 1348 1441 4295 0.939410
3 1725 1038 259 0.911817
3 1046 1725 2956 0.929253
3 3112 1725 1046 0.957269
3 3625 1046 2956 0.937494
3 2956 259 4088 0.931912
3 259 2956 1725 0.904006
3 4161 1494 3475 0.897367
3 3671 3475 3138 0.818797
3 1652 3475 3671 0.856100
3 1652 3671 2179 0.838524
3 1851 2721 3453 0.834236
3 2877 3453 2721 0.815793
3 3453 2877 3309 0.845806
3 1436 1240 3453 0.667756
3 1436 3453 3309 0.786955
3 4280 1561 1436 0.516832
3 2497 3645 4280 0.522339
3 1574 2497 2862 0.715950
3 2862 2497 2488 0.798572
3 3509 2862 2488 0.821757
3 4204 2497 1574 0.541113
3 4216 4204 1574 0.409015
3 4216 1574 3017 0.623985
3 973 3121 3424 0.180176
3 513 1575 3424 0.355880
3 513 3424 3121 0.203801
3 513 3121 1399 0.150989
3 513 1399 2851 0.168650
3 1399 3121 2101 0.141103
3 1255 1862 3233 0.566323
3 3267 3233 1862 0.736413
3 1255 3233 3880 0.435369
3 3267 1862 3049 0.840648
3 1730 3233 574 0.291361
3 574 3233 3267 0.454418
3 574 3267 90 0.236183
3 1730 2278 2380 0.128819
3 1238 1730 2380 0.106269
3 1238 2380 2545 0.021371
3 90 2278 574 0.130121
3 574 2278 1730 0.156521
3 2642 2545 2380 0.019750
3 2642 2380 3467 0.035659
3 2278 3467 2380 0.049558
3 3467 2278 90 0.065876
3 3352 901 2147 0.291836
3 793 3908 3352 0.151671
3 1611 793 3597 0.101280
3 3597 3352 2147 0.180718
3 3352 3597 793 0.187712
3 3093 793 1780 0.150429
3 1780 793 1611 0.087137
3 1780 1611 3773 0.037858
3 1719 2333 4361 0.005046
3 1719 4361 1043 0.004133
3 1719 1043 1313 0.005044
3 1719 1313 1618 0.007405
3 2333 1719 3799 0.009348
3 3799 1719 1618 0.005983
3 2126 33 625 0.008044
3 2126 625 3577 0.005288
3 4202 3577 625 0.004246
3 416 2126 2042 0.017464
3 1764 4310 2788 0.035264
3 3646 3640 3359 0.131554
3 2011 2352 215 0.273115
3 4220 2352 1945 0.258586
3 1945 2352 2429 0.327182
3 2429 2352 2011 0.273653
3 2011 215 3640 0.186280
3 2011 3640 36 0.202866
3 1695 2395 2723 0.165720
3 2395 2429 2723 0.242007
3 2640 2395 1695 0.121379
3 2011 2723 2429 0.236163
3 1029 1927 1695 0.104647
3 1029 1695 2338 0.110154
3 2723 2338 1695 0.115361
3 723 1179 1890 0.048721
3 1970 3802 517 0.025451
3 4200 955 3802 0.039867
3 293 4200 3325 0.041648
3 3325 4200 3802 0.053239
3 4200 293 4317 0.049804
3 136 4164 3325 0.064901
3 4317 4408 3536 0.065512
3 3536 4408 1983 0.052734
3 3703 3575 519 0.088715
3 519 3575 2886 0.074401
3 3575 3703 1983 0.060923
3 1983 3703 3536 0.058351
3 1941 3614 3296 0.082111
3 1941 3296 3072 0.041525
3 1439 3614 2486 0.044293
3 2486 3614 1941 0.032015
3 4256 253 3132 0.021795
3 1554 3132 253 0.035307
3 1710 4256 3132 0.017494
3 1710 3132 3587 0.025118
3 4150 4256 1710 0.017669
3 86 3445 3232 0.184758
3 3310 86 3383 0.066438
3 3383 86 3232 0.119373
3 3383 3232 4082 0.079726
3 1427 2792 800 0.637010
3 4032 1233 1788 0.785135
3 1233 4032 1385 0.654844
3 1385 4032 1427 0.541023
3 1107 1788 1233 0.864461
3 1107 1233 3603 0.880911
3 1385 4344 3603 0.767445
3 1385 3603 1233 0.767399
3 1168 690 2287 0.932290
3 2287 690 3320 0.954839
3 93 4190 2287 0.980385
3 93 2287 1314 0.983310
3 3674 93 1314 0.986295
3 3674 1314 4075 0.982770
3 3674 4075 856 0.987634
3 3674 856 3543 0.987589
3 3543 856 1212 0.988840
3 1212 856 4075 0.978840
3 1212 4075 698 0.971150
3 2185 4295 698 0.952768
3 2185 698 3320 0.968126
3 2372 3543 1212 0.986923
3 1910 2372 1212 0.986219
3 2372 3406 964 0.986926
3 1910 1212 4295 0.974794
3 3406 2372 1910 0.987917
3 4142 1910 4295 0.970097
3 3969 4142 4295 0.956888
3 1140 4142 3969 0.978406
3 1140 3969 3307 0.981054
3 3307 3969 2533 0.961783
3 2533 3969 1038 0.936351
3 1910 4142 1140 0.982895
3 1910 1140 3406 0.985853
3 1661 3406 3307 0.982871
3 1140 3307 3406 0.987520
3 3486 2618 1661 0.986739
3 3486 1661 1214 0.989973
3 1214 3307 2533 0.971753
3 3307 1214 1661 0.981279
3 4268 3431 1214 0.982916
3 4268 1214 1121 0.981911
3 4268 1121 3625 0.975232
3 1046 3625 3112 0.958714
3 1121 3112 3625 0.973226
3 3285 389 1113 0.667690
3 2445 3285 1113 0.744133
3 2445 1113 2369 0.801734
3 2445 2369 3433 0.770094
3 3453 1240 1851 0.813689
3 1094 3648 2152 0.389429
3 1707 2478 2152 0.205344
3 2152 2307 1707 0.307469
3 2307 2152 3648 0.373823
3 2087 1707 2307 0.325723
3 2535 2087 2307 0.450597
3 3645 1772 2535 0.310106
3 4132 1080 4204 0.360495
3 1080 4132 3010 0.275529
3 973 4132 4216 0.280074
3 4030 443 1897 0.778158
3 1575 4030 1897 0.565045
3 2851 1512 4030 0.129264
3 513 2851 4030 0.231989
3 513 4030 1575 0.345547
3 619 1130 4254 0.776469
3 619 4254 1255 0.840378
3 619 1255 3439 0.525366
3 1255 4254 1862 0.643244
3 3880 3439 1255 0.404629
3 4047 3439 3880 0.431797
3 3908 178 4371 0.233811
3 4371 178 3004 0.265867
3 3541 3877 688 0.120089
3 2084 4160 688 0.044662
3 2084 3877 8 0.059947
3 8 3877 4249 0.054042
3 3877 2084 688 0.070042
3 1457 361 3858 0.038618
3 361 1457 4249 0.030739
3 4249 1457 8 0.039938
3 3429 361 4249 0.029191
3 2333 3429 4249 0.021990
3 2333 4249 4278 0.014957
3 3799 3429 2333 0.016823
3 2228 4127 416 0.020295
3 2228 416 2042 0.025203
3 416 4127 1762 0.019756
3 3734 2228 2042 0.035172
3 2631 2042 254 0.066914
3 1203 789 608 0.077424
3 1203 608 2623 0.101805
3 2623 608 2998 0.151418
3 1969 1065 655 0.050728
3 2623 655 1203 0.065446
3 655 1065 1203 0.026406
3 1969 655 2623 0.050624
3 4220 1969 2623 0.044007
3 4220 2623 2998 0.202858
3 2352 4220 2998 0.285643
3 1377 1654 3493 0.107533
3 4137 1377 2423 0.114465
3 4137 2423 4004 0.067572
3 969 2423 1377 0.056636
3 4004 2423 4358 0.035175
3 4004 4358 1901 0.030049
3 2869 4004 1901 0.029436
3 4200 2848 2430 0.030123
3 4200 2430 723 0.031402
3 4200 723 1890 0.031718
3 704 4378 4200 0.035045
3 3412 2751 163 0.016264
3 3412 163 3875 0.028474
3 2474 3875 163 0.028369
3 2474 163 604 0.028582
3 4092 604 163 0.021196
3 4092 163 2751 0.026046
3 4256 2544 4092 0.017640
3 4256 4092 2051 0.012691
3 2356 3405 2268 0.010264
3 2268 3405 159 0.007206
3 3954 1980 2405 0.022542
3 1980 3954 2268 0.012059
3 2405 1980 4150 0.020470
3 2001 1639 3232 0.092707
3 3232 1639 4082 0.063212
3 2174 3322 1639 0.112857
3 2951 1242 4347 0.306240
3 3928 4347 1242 0.345657
3 3928 1242 2948 0.350672
3 1165 2765 3095 0.824325
3 4032 3928 2948 0.449867
3 2765 3928 4032 0.588738
3 3095 2765 1788 0.794942
3 1788 2765 4032 0.781052
3 2686 2140 3095 0.762291
3 2686 3095 1788 0.880102
3 4337 1230 962 0.953118
3 1325 4190 3674 0.988529
3 1325 3674 3824 0.989577
3 3674 4190 93 0.987184
3 1325 549 4190 0.991800
3 4190 549 53 0.988055
3 53 549 2263 0.987644
3 3344 4190 53 0.986920
3 3344 53 2263 0.982548
3 1992 2263 549 0.986146
3 1992 549 3824 0.980947
3 3824 549 1325 0.991623
3 2348 3824 2490 0.979011
3 1647 3680 1992 0.973609
3 1647 1992 2348 0.974838
3 2348 2490 4156 0.966118
3 38 2490 3824 0.981948
3 1992 3824 2348 0.982889
3 2551 4156 2490 0.962053
3 2551 2490 2372 0.983129
3 2551 2372 964 0.978814
3 2372 2490 3543 0.987408
3 2529 3486 3431 0.989298
3 4268 1365 3431 0.979989
3 818 2584 2529 0.987796
3 1576 818 2529 0.989271
3 3834 1664 2198 0.941559
3 1576 1664 3834 0.964123
3 1576 1671 1664 0.963507
3 3491 2198 4262 0.945743
3 1671 4262 1664 0.961635
3 1664 4262 2198 0.957219
3 3936 2354 4262 0.942636
3 2354 146 4262 0.944911
3 3838 3936 4262 0.954845
3 3838 4262 1374 0.956744
3 641 3664 3936 0.874966
3 641 3936 348 0.901436
3 348 3936 3838 0.914327
3 4163 3469 2912 0.685650
3 4163 2912 1319 0.633052
3 3738 1866 2410 0.579574
3 2410 1866 3285 0.615032
3 2422 2410 3285 0.680147
3 2118 3009 2422 0.699652
3 3009 2118 3107 0.637729
3 530 2118 2422 0.665264
3 3285 530 2422 0.703080
3 2410 2422 3009 0.705127
3 2410 3009 3738 0.668195
3 4366 1383 2118 0.408222
3 4366 2118 530 0.493674
3 4366 530 2445 0.566189
3 2445 530 3285 0.720489
3 4366 2445 3433 0.641977
3 1090 4366 3433 0.603081
3 188 4366 2802 0.330139
3 188 2802 2478 0.281772
3 175 3639 3339 0.187309
3 2087 2832 1707 0.520685
3 981 2762 1410 0.452267
3 2052 981 1410 0.268010
3 3945 533 1879 0.189585
3 4383 980 2849 0.740240
3 4383 2849 1123 0.666290
3 886 3135 3452 0.688902
3 1906 2852 4263 0.552490
3 4263 1376 1551 0.800141
3 1376 4263 1130 0.742572
3 1130 4263 2852 0.647558
3 3439 134 1376 0.712294
3 3439 1376 619 0.889717
3 619 1376 1130 0.791315
3 3698 1551 30 0.759696
3 3698 4263 1551 0.668055
3 1906 4263 3698 0.526142
3 3223 3004 3000 0.263550
3 3046 3223 169 0.434941
3 3046 169 3541 0.366857
3 169 3223 1632 0.284085
3 3877 3541 169 0.258645
3 1632 3877 169 0.213847
3 1826 2996 3541 0.158259
3 4155 1640 1826 0.027654
3 4160 4155 688 0.045583
3 3479 4160 2084 0.018717
3 3479 1457 3858 0.029915
3 2084 1457 3479 0.023076
3 3801 3479 2622 0.033799
3 4127 3249 1867 0.034559
3 3734 1975 1584 0.022493
3 3734 1584 2228 0.021722
3 2228 1584 4127 0.026954
3 4127 1584 3249 0.033778
3 1596 1584 1975 0.013025
3 1219 2363 3438 0.010106
3 4044 1065 1969 0.031408
3 4044 1969 3555 0.054627
3 3555 1969 2648 0.053859
3 4044 3555 2208 0.047769
3 4107 1260 2274 0.051797
3 2274 1260 3154 0.030324
3 1429 3154 1260 0.025490
3 1429 1260 4004 0.025859
3 1429 4004 2869 0.028706
3 4107 4004 1260 0.036297
3 2985 3485 4332 0.020653
3 1473 4332 3485 0.034827
3 3650 3485 2848 0.030988
3 3485 3650 1473 0.023348
3 4317 3650 936 0.052551
3 2848 936 3650 0.049120
3 3981 3624 4000 0.022012
3 4000 3624 1456 0.026431
3 3160 4000 1456 0.025001
3 1456 3041 3160 0.041821
3 704 3084 4378 0.034862
3 3412 727 212 0.031490
3 97 1099 276 0.033547
3 4351 391 4381 0.016184
3 2528 391 2474 0.020329
3 2474 4351 1700 0.031562
3 4351 2474 391 0.025335
3 965 4381 2528 0.017163
3 1232 965 2637 0.015503
3 1800 2359 2637 0.016734
3 2356 273 982 0.017636
3 2356 982 3405 0.012671
3 3322 296 3954 0.053747
3 3322 3954 1639 0.082328
3 3220 2951 118 0.101598
3 4347 118 2951 0.225967
3 2744 118 4347 0.212935
3 2744 4347 4300 0.408095
3 4239 1353 4300 0.258636
3 4300 1353 2744 0.273204
3 1353 3835 2744 0.199042
3 2236 921 1946 0.368413
3 2236 1946 3364 0.460078
3 1165 3095 581 0.849132
3 2765 1165 649 0.735138
3 2765 649 3928 0.631878
3 649 1165 581 0.783064
3 649 581 4300 0.647505
3 4347 3928 649 0.535389
3 4347 649 4300 0.463867
3 3015 199 208 0.933743
3 3015 208 1659 0.951764
3 3015 1659 715 0.961209
3 3851 3750 3054 0.981360
3 3851 3054 2989 0.971879
3 3851 2989 2741 0.977517
3 2741 2989 103 0.968819
3 4337 103 1230 0.953771
3 2741 103 3344 0.977317
3 4337 3344 103 0.971112
3 4126 1674 4250 0.964333
3 4250 1674 1158 0.969634
3 3492 4126 4250 0.960216
3 3680 4250 1158 0.964613
3 3680 1647 3248 0.973377
3 3680 3248 4250 0.974509
3 4250 3248 3492 0.957399
3 4156 3248 2348 0.961637
3 2348 3248 1647 0.964221
3 2097 4156 2290 0.973413
3 1200 2799 4061 0.965122
3 2097 2799 1200 0.971806
3 3519 2799 3900 0.920519
3 3519 3900 222 0.934900
3 3519 222 3262 0.847326
3 2097 3900 2799 0.972791
3 2799 3519 4061 0.930391
3 3900 3957 222 0.942342
3 2630 3957 3834 0.922236
3 3491 3397 2198 0.932133
3 4311 1444 1812 0.938863
3 706 1846 1812 0.956194
3 706 1812 2354 0.960382
3 706 2354 3664 0.921014
3 2354 1812 146 0.957586
3 2928 706 3664 0.898996
3 2224 2708 2928 0.870893
3 1774 3295 1027 0.275717
3 4163 3264 4060 0.619346
3 4163 4060 3469 0.648899
3 3469 4060 1044 0.665684
3 479 607 4084 0.523343
3 607 479 850 0.634157
3 2679 3264 850 0.592137
3 2406 2679 479 0.469175
3 2406 479 3852 0.371830
3 850 479 2679 0.591470
3 1848 2588 3852 0.098656
3 1848 3852 3704 0.108160
3 4112 3704 4084 0.262732
3 3716 3107 2164 0.234869
3 4084 3107 3716 0.293630
3 4084 3009 3107 0.563277
3 3738 3009 4084 0.688857
3 3923 4151 175 0.360728
3 3003 4151 3923 0.481569
3 3003 3923 3591 0.595915
3 3591 4319 1461 0.587478
3 3208 4319 3923 0.676973
3 3923 4319 3591 0.714968
3 4319 2367 3068 0.568122
3 2367 4319 3208 0.537876
3 1461 4319 3068 0.464070
3 1461 3068 1490 0.352424
3 1490 2863 3459 0.570068
3 2863 1490 2812 0.441838
3 2812 1490 3068 0.372255
3 281 2863 2812 0.509849
3 281 2812 378 0.541632
3 2289 2863 3767 0.725247
3 3767 2863 281 0.577735
3 981 281 378 0.519275
3 981 378 2762 0.505374
3 2052 3767 981 0.355992
3 281 981 3767 0.378261
3 2971 4383 4141 0.828271
3 4141 4383 1570 0.748242
3 3014 3323 4383 0.765145
3 3174 3014 4383 0.796145
3 1684 3174 168 0.697471
3 1684 168 4309 0.661613
3 168 3174 3202 0.819992
3 1101 4205 4147 0.523418
3 1101 4147 1979 0.534847
3 1101 1979 1906 0.590923
3 61 1101 1906 0.473134
3 2135 1101 61 0.469921
3 2135 61 3698 0.499253
3 2919 2135 3698 0.481245
3 2919 3698 3919 0.551944
3 3698 61 1906 0.550106
3 1101 2135 4205 0.505631
3 4205 2135 2954 0.578696
3 2954 2135 2919 0.483678
3 895 2954 2919 0.465846
3 6 3861 2954 0.414833
3 6 2954 895 0.469021
3 6 895 3026 0.469445
3 3026 895 262 0.364231
3 2919 262 895 0.310703
3 4273 111 1185 0.312899
3 1394 1053 111 0.404160
3 1394 111 4273 0.354532
3 2967 2153 1394 0.298794
3 2891 2967 4273 0.409729
3 4273 2967 1394 0.403428
3 1728 1055 2996 0.276873
3 2996 1055 3046 0.335401
3 3546 4313 3801 0.020358
3 3546 3801 2622 0.042847
3 661 3801 1442 0.014090
3 4160 661 4155 0.017944
3 1442 4155 661 0.009677
3 1039 3554 3972 0.054014
3 4350 4128 836 0.013304
3 2534 4350 836 0.018293
3 4350 2534 2433 0.007873
3 2433 2534 0 0.010852
3 0 2534 3434 0.023965
3 1596 362 1584 0.012916
3 3968 3148 3951 0.002585
3 3883 524 2090 0.043203
3 2208 2090 4044 0.066249
3 4044 2090 4002 0.028240
3 3409 2909 754 0.228821
3 3635 2909 3409 0.186476
3 3635 3409 3701 0.094313
3 4332 3356 2985 0.023895
3 3579 78 3266 0.020390
3 3579 3266 139 0.021972
3 3599 3266 78 0.033364
3 4203 4274 3266 0.023776
3 414 4274 4203 0.054881
3 4050 4274 3442 0.064368
3 4050 3442 4253 0.105924
3 1918 3442 4203 0.078652
3 4203 3442 414 0.042844
3 414 3442 4274 0.055131
3 3442 1918 794 0.091266
3 794 1918 3536 0.068204
3 794 4253 3442 0.088038
3 3536 1918 3650 0.067234
3 4253 3703 519 0.084307
3 3703 794 3536 0.075320
3 794 3703 4253 0.089148
3 4050 4253 3300 0.047801
3 4050 3300 1223 0.028704
3 4253 3981 3300 0.035033
3 3300 3981 4000 0.020685
3 1838 3300 3886 0.018509
3 3886 3465 4059 0.017129
3 4059 3465 354 0.017314
3 4000 3465 3886 0.020159
3 4000 3886 3300 0.022198
3 2269 354 3465 0.023528
3 2269 3465 3561 0.021672
3 3561 3465 3160 0.023671
3 3160 3465 4000 0.022793
3 3611 1827 4138 0.024375
3 2214 2790 2602 0.024215
3 2214 2602 3975 0.036308
3 1412 3975 3084 0.029768
3 3084 3975 2602 0.028369
3 4351 4381 3195 0.021563
3 1583 450 965 0.018432
3 1583 965 1232 0.018645
3 450 4381 965 0.016048
3 1316 1232 1106 0.015773
3 1232 1316 1583 0.015740
3 982 282 4109 0.023474
3 982 273 282 0.024341
3 982 4109 3426 0.016329
3 822 2218 282 0.046909
3 282 2218 4325 0.039025
3 1353 1951 3835 0.084048
3 3835 1735 2744 0.131693
3 2744 1735 1987 0.110664
3 1881 2898 3835 0.073724
3 1881 3835 1951 0.058207
3 1076 3271 1951 0.085338
3 1951 3271 1881 0.064846
3 3367 2742 2236 0.467953
3 2275 3367 2236 0.622470
3 2236 2742 921 0.469946
3 3364 2275 2236 0.602954
3 3758 412 3213 0.873540
3 412 3758 1131 0.875848
3 1131 3758 449 0.868889
3 449 3758 3367 0.862574
3 412 1131 869 0.897717
3 2815 1794 3015 0.943997
3 1088 1169 826 0.970143
3 2694 826 1169 0.980967
3 3750 3776 395 0.979052
3 3750 395 3054 0.981795
3 3054 395 761 0.976024
3 3054 761 1405 0.956243
3 761 395 715 0.968810
3 703 3089 1470 0.953952
3 4126 3089 703 0.952199
3 1748 2654 3505 0.955531
3 1748 3505 1808 0.947569
3 3262 1808 3519 0.888555
3 3519 1808 3505 0.933099
3 4061 3505 2654 0.960810
3 3519 3505 4061 0.947326
3 1293 4192 3876 0.934974
3 775 1667 3775 0.960111
3 4192 775 3775 0.962695
3 4192 3775 2318 0.949929
3 2477 3659 3062 0.930560
3 1428 2477 3062 0.920171
3 1846 2685 3196 0.934245
3 477 439 3910 0.825317
3 477 3910 1636 0.910175
3 3618 2976 3099 0.565755
3 4259 3618 3099 0.461265
3 3099 2439 4259 0.322832
3 3253 2053 505 0.051056
3 3253 2843 2053 0.058350
3 3907 300 2396 0.091285
3 3907 2396 3721 0.082189
3 2396 300 1848 0.090649
3 2820 851 3025 0.268768
3 3025 851 2628 0.244208
3 3870 851 2820 0.198663
3 3025 2628 3784 0.315424
3 1638 2820 3991 0.321343
3 3025 3991 2820 0.341557
3 3991 3025 3784 0.318173
3 1688 2002 3151 0.320863
3 4197 287 2548 0.592363
3 3798 2548 3151 0.354666
3 2548 3798 4197 0.473419
3 3459 3594 4314 0.432493
3 4314 3594 3798 0.409372
3 3591 1461 4314 0.317507
3 1490 4314 1461 0.274713
3 1264 3798 3594 0.530867
3 4077 945 1264 0.641506
3 4077 1264 834 0.611626
3 4077 834 3118 0.683174
3 3742 4077 3118 0.646749
3 2105 3604 3658 0.777410
3 3742 2105 1030 0.741037
3 2251 1030 3658 0.763892
3 3658 1030 2105 0.794432
3 1642 3780 2251 0.733123
3 1642 2251 77 0.739674
3 1642 77 2879 0.368394
3 2927 2251 303 0.735220
3 2251 2927 77 0.727606
3 3736 2879 456 0.375561
3 456 2879 2927 0.396554
3 3014 456 3323 0.632741
3 1684 3736 456 0.413100
3 1684 456 3014 0.360288
3 2927 3323 456 0.540580
3 4309 3736 1684 0.586248
3 4176 4179 4309 0.569061
3 4179 3736 4309 0.487996
3 790 4176 3566 0.360381
3 4205 2954 1634 0.543752
3 3683 4015 6 0.307504
3 3683 6 3026 0.395866
3 4168 3683 3760 0.526591
3 3760 3683 3026 0.427563
3 4323 3760 1504 0.608923
3 1504 3760 3026 0.524237
3 3942 4323 1504 0.439891
3 3752 3172 2967 0.402537
3 2967 3172 2153 0.322128
3 2891 3752 2967 0.479782
3 3722 4362 2952 0.305563
3 3722 2952 3946 0.198882
3 1598 3350 2953 0.071887
3 3350 1598 4095 0.107059
3 2924 3350 4095 0.022475
3 2924 4095 2081 0.014430
3 1825 2285 3350 0.018440
3 1825 3350 2924 0.015579
3 4388 2093 4313 0.013252
3 4388 3546 1117 0.024531
3 3546 4388 4313 0.024550
3 2622 3090 3546 0.047800
3 3137 4350 2946 0.002890
3 2946 4350 2102 0.003046
3 4211 2731 3287 0.001653
3 2731 3951 3287 0.002026
3 2059 3287 3951 0.002088
3 2059 3951 2556 0.002548
3 2633 4180 3883 0.040960
3 2633 3883 975 0.080006
3 975 3883 2909 0.162907
3 2182 4180 2633 0.019648
3 3747 2182 2633 0.020950
3 3635 2633 975 0.055501
3 3635 975 2909 0.099745
3 2633 3635 3747 0.035595
3 3297 3747 2048 0.059402
3 3297 2048 3060 0.073758
3 3060 2048 3087 0.157848
3 3060 1503 2150 0.025245
3 1503 3628 2150 0.026401
3 3599 172 3356 0.035323
3 3774 1809 3628 0.068458
3 2926 3774 908 0.033942
3 1012 248 3534 0.022364
3 1012 3534 3944 0.023373
3 139 3794 3579 0.023178
3 3579 3794 3534 0.019275
3 3579 3534 248 0.018442
3 3211 3534 3794 0.026658
3 3211 3794 2844 0.017638
3 4050 1223 4274 0.032263
3 3944 3534 3211 0.021775
3 3944 3211 3390 0.024315
3 3390 3211 1815 0.027359
3 1815 2641 1150 0.019570
3 2641 3211 2844 0.022663
3 3211 2641 1815 0.020992
3 3905 2641 1170 0.022459
3 1170 2641 918 0.025258
3 2844 918 2641 0.023485
3 1150 2641 3905 0.024210
3 3331 1170 918 0.062584
3 3331 918 1120 0.045176
3 3385 3331 1120 0.124747
3 109 4336 1838 0.032870
3 109 1838 1272 0.017111
3 1838 3886 1272 0.014201
3 4059 1173 1272 0.013265
3 1272 1173 3630 0.012123
3 3886 4059 1272 0.011958
3 2202 4226 1582 0.015726
3 4059 1582 1173 0.015476
3 1582 4226 1173 0.014143
3 1173 4226 2585 0.011556
3 4282 2585 4226 0.024437
3 3630 1173 2585 0.011097
3 709 1150 2202 0.015487
3 709 2202 1582 0.013437
3 709 1582 3390 0.021142
3 3390 1582 2269 0.023589
3 2269 1582 354 0.016465
3 1150 709 1815 0.020683
3 3390 1815 709 0.022426
3 459 4282 4226 0.034180
3 459 4226 3190 0.039684
3 978 3905 285 0.054650
3 978 3190 3905 0.056434
3 1170 285 3905 0.052534
3 1269 3190 978 0.109850
3 1269 978 4208 0.228546
3 1170 4208 285 0.202214
3 285 4208 978 0.181650
3 1060 4208 3385 0.301900
3 3331 3385 4208 0.321682
3 3331 4208 1170 0.196184
3 3088 4208 1060 0.252477
3 4282 3088 4336 0.064028
3 4336 3088 1060 0.100192
3 4336 1060 3385 0.171692
3 2585 4282 4336 0.021238
3 3630 2585 4336 0.016099
3 1272 3630 109 0.016453
3 109 3630 4336 0.024855
3 1269 4208 3088 0.129751
3 3190 1269 459 0.066463
3 3088 459 1269 0.102280
3 459 3088 4282 0.064174
3 4014 3813 2926 0.027077
3 2926 3813 3774 0.038069
3 1832 3813 909 0.024859
3 909 3813 4014 0.023518
3 2801 1832 909 0.025654
3 1832 2801 4341 0.027307
3 1832 4341 897 0.029027
3 4341 2801 1330 0.028547
3 897 4341 2709 0.029551
3 741 4341 1330 0.025838
3 2714 3425 4341 0.029760
3 2714 4341 741 0.028606
3 368 1229 4096 0.032216
3 368 4096 2980 0.027269
3 3388 2384 2091 0.035525
3 3388 2091 2883 0.026328
3 1268 2539 2898 0.041180
3 1881 1268 2898 0.055159
3 481 344 1952 0.100791
3 481 1952 1644 0.135897
3 991 1952 344 0.087932
3 991 344 2226 0.093129
3 2136 1644 1952 0.132219
3 3271 1952 991 0.047410
3 3396 560 2276 0.575587
3 953 560 3396 0.805380
3 3758 3396 3367 0.778317
3 3396 3758 953 0.849532
3 289 4158 4012 0.869162
3 4012 4158 3213 0.880117
3 393 3269 730 0.899464
3 2187 1935 3395 0.884311
3 3825 2125 4008 0.875364
3 3227 4008 1088 0.948670
3 1088 4008 2187 0.865614
3 1808 1783 1748 0.951581
3 24 935 3901 0.895338
3 4289 3336 3901 0.946466
3 905 4289 3901 0.936582
3 3035 4289 905 0.943305
3 3152 1966 905 0.920475
3 3035 905 1966 0.935842
3 2440 4171 3654 0.893844
3 2440 3654 1650 0.874146
3 1280 3775 1361 0.943839
3 3775 1280 2318 0.953012
3 3085 1280 1361 0.914960
3 2336 3894 2644 0.926377
3 2643 4330 3399 0.941774
3 2964 1516 3659 0.941589
3 2964 3659 1822 0.944672
3 3659 1516 3399 0.942185
3 3360 2964 1822 0.919845
3 3008 3360 1040 0.846860
3 480 1040 3360 0.817937
3 3618 4259 3224 0.747806
3 3618 3224 3008 0.814999
3 3618 3008 1040 0.786816
3 2976 3618 1040 0.647410
3 1089 2031 1533 0.705137
3 1533 2031 3471 0.680839
3 3241 3471 740 0.163131
3 3036 3241 740 0.076892
3 3036 740 3843 0.085583
3 1389 2029 3843 0.040654
3 3254 3036 2029 0.029249
3 3036 3843 2029 0.037125
3 2843 3253 3548 0.084164
3 1529 3548 3253 0.096555
3 974 1818 2681 0.085700
3 3721 974 3907 0.074310
3 3907 974 2681 0.104057
3 2536 3056 4113 0.047937
3 2536 4113 1973 0.055264
3 2536 1973 3820 0.060718
3 2937 4185 3820 0.040010
3 2937 3820 1973 0.074661
3 4091 1973 3870 0.122201
3 4091 1813 2937 0.089466
3 1895 4091 3870 0.201439
3 2937 1973 4091 0.090809
3 2645 1813 1895 0.201998
3 4091 1895 1813 0.128477
3 229 725 1932 0.370373
3 229 1932 4116 0.491144
3 1916 1932 725 0.455352
3 1688 1631 4116 0.453420
3 1688 4116 1932 0.458601
3 2002 1688 1932 0.410898
3 2002 1932 1916 0.520501
3 4116 1167 1161 0.340810
3 1167 4116 758 0.347081
3 1850 2575 2390 0.482970
3 1850 2390 1492 0.369028
3 1492 2390 3257 0.433669
3 2266 2390 2575 0.503215
3 3257 3924 3410 0.620728
3 3924 3257 1322 0.620738
3 3924 1322 4197 0.695428
3 4197 1322 287 0.708460
3 2089 3924 4197 0.594027
3 1264 2442 3798 0.633612
3 4019 3215 806 0.358435
3 4077 3327 945 0.671452
3 110 3327 4077 0.633824
3 2879 2210 1642 0.181842
3 247 4410 4189 0.512880
3 1974 4179 486 0.179915
3 2025 4179 1974 0.216478
3 573 660 1974 0.210427
3 660 573 4114 0.259551
3 1372 4114 573 0.270248
3 573 736 1372 0.248977
3 4264 1995 50 0.467678
3 142 4264 4168 0.528858
3 4168 4264 50 0.558002
3 4168 50 1995 0.512281
3 4168 1995 3683 0.512388
3 4323 142 3760 0.486026
3 3760 142 4168 0.553957
3 3722 1869 4362 0.210548
3 3942 4362 2137 0.229180
3 2137 4362 1869 0.256670
3 3038 4023 1869 0.225657
3 3038 1869 2730 0.209418
3 3038 2730 1370 0.092610
3 1598 2730 1869 0.206939
3 731 4136 4103 0.011103
3 3482 3109 861 0.013286
3 3582 1887 2039 0.026509
3 2039 1887 2781 0.023866
3 2039 2781 870 0.032084
3 4328 343 3582 0.014268
3 4328 3582 1276 0.019509
3 2039 1276 3582 0.015675
3 4328 1276 4388 0.023178
3 4388 1276 2093 0.021440
3 4328 4388 3334 0.037920
3 922 4356 4193 0.017540
3 4245 4193 4335 0.036925
3 922 4193 4245 0.026358
3 3984 4193 3137 0.011962
3 3137 2241 4128 0.007383
3 636 3984 4299 0.013748
3 4211 1011 2917 0.001310
3 1961 1571 2992 0.001036
3 2800 1961 2992 0.001936
3 257 2800 1691 0.004379
3 2355 257 1691 0.003145
3 534 1001 201 0.004493
3 3297 2905 202 0.010222
3 3747 3297 202 0.037665
3 3297 2850 2905 0.010393
3 2184 2850 3297 0.009776
3 2850 2184 2811 0.003776
3 1676 3813 1832 0.021538
3 1676 532 3813 0.027978
3 3813 532 1773 0.030119
3 532 1676 3553 0.021713
3 2015 3553 1676 0.021838
3 2709 2015 897 0.026434
3 897 2015 1676 0.027450
3 4129 1948 4188 0.016282
3 4188 1948 2015 0.014137
3 4188 2015 3483 0.017341
3 1306 4237 2616 0.025025
3 368 1306 2616 0.023776
3 368 2616 1229 0.027355
3 4354 759 2384 0.022563
3 3911 1888 1010 0.046026
3 3911 1010 1911 0.029350
3 2887 1006 694 0.064563
3 4043 176 1108 0.082248
3 1108 176 2008 0.116276
3 837 4043 481 0.093007
3 481 1644 837 0.179595
3 344 481 4043 0.109403
3 4043 837 176 0.121882
3 2008 176 3373 0.167152
3 1337 3373 1644 0.247864
3 1644 3373 837 0.241838
3 837 3373 176 0.124812
3 3113 3373 1017 0.216632
3 1017 1337 2803 0.412490
3 2803 1337 3809 0.303960
3 1337 1017 3373 0.286479
3 810 1746 3212 0.347275
3 2803 3212 1746 0.349498
3 3535 96 920 0.296260
3 3535 920 4243 0.411068
3 2455 4243 4069 0.681319
3 603 4069 1298 0.842463
3 3408 231 848 0.817834
3 1308 4144 3408 0.854919
3 1308 3408 2710 0.807792
3 2710 3408 3218 0.817196
3 2550 719 4025 0.780814
3 3539 1731 302 0.837964
3 302 1731 1608 0.919760
3 1608 1731 2895 0.897471
3 3317 1608 2895 0.928213
3 24 3336 3317 0.912424
3 24 3317 935 0.881203
3 2793 528 3825 0.916188
3 3825 528 2125 0.859443
3 3227 3825 4008 0.949487
3 3662 3825 3227 0.941719
3 2793 3825 3662 0.945215
3 3462 302 1608 0.916171
3 623 3462 2385 0.893896
3 2385 3462 3336 0.902812
3 4289 2385 3336 0.954674
3 1729 2385 3727 0.870566
3 3150 1729 3727 0.882749
3 4227 1675 1612 0.936497
3 4227 1612 3933 0.940115
3 2440 3718 1675 0.848587
3 2440 1675 1270 0.859520
3 1675 3718 1612 0.888547
3 3115 3933 1612 0.870718
3 3115 3718 3631 0.751772
3 3631 3718 3374 0.708864
3 1612 3718 3115 0.825717
3 3371 4221 3374 0.816412
3 3371 3374 3085 0.821461
3 1280 3085 3654 0.846693
3 1124 3371 1508 0.866548
3 2336 1508 3371 0.897005
3 1508 2336 2644 0.863040
3 2117 1124 1508 0.807603
3 4293 2117 4194 0.590226
3 4194 2117 1508 0.731541
3 4194 1508 2644 0.737099
3 1471 2302 3280 0.826000
3 1471 3280 4330 0.934480
3 4162 3757 1194 0.950993
3 4162 1194 911 0.978403
3 476 911 1194 0.975323
3 476 1194 2643 0.971045
3 2643 1194 3757 0.956084
3 2938 911 476 0.979903
3 1803 2303 2938 0.959089
3 1803 2938 476 0.970016
3 1803 476 2643 0.955436
3 18 1803 3008 0.919922
3 3224 18 3008 0.888322
3 3008 2964 3360 0.889744
3 2964 3008 1803 0.927118
3 522 2938 1533 0.949846
3 522 1533 3379 0.924470
3 3241 3730 3471 0.182233
3 3079 3730 3241 0.156385
3 770 3143 3254 0.030356
3 770 3254 510 0.032568
3 500 3254 3143 0.027929
3 3143 770 3076 0.049782
3 2029 1898 3254 0.025639
3 242 1818 3873 0.054370
3 643 1342 3873 0.060926
3 643 3873 1863 0.058218
3 242 3873 1342 0.057332
3 3820 1863 2536 0.049881
3 4131 3711 1522 0.074648
3 1657 1522 3711 0.104295
3 3019 3711 4131 0.128417
3 2469 4131 1522 0.045059
3 3743 4131 2469 0.054748
3 193 3660 3124 0.082351
3 332 871 3362 0.178435
3 1526 332 3362 0.288952
3 1850 2586 2575 0.355724
3 2575 2586 1526 0.347258
3 2586 1850 1536 0.335205
3 1536 1850 3071 0.326736
3 3071 1850 1492 0.395273
3 1078 3257 2836 0.497082
3 3257 1078 1492 0.353814
3 1492 1078 3071 0.426553
3 2196 2725 2856 0.360619
3 927 1578 2196 0.430193
3 1446 2196 1578 0.555886
3 1578 927 1833 0.438314
3 927 2196 2856 0.449171
3 2767 2017 774 0.741781
3 774 2017 3194 0.788486
3 774 3194 247 0.685894
3 117 1366 4189 0.282306
3 4189 1366 774 0.385691
3 774 1366 1197 0.373860
3 930 1836 1197 0.228180
3 1305 930 117 0.157869
3 117 930 1366 0.193930
3 1366 930 1197 0.246939
3 4212 1836 930 0.133885
3 3525 1836 4212 0.191471
3 3158 1733 1317 0.167831
3 503 3158 1317 0.223084
3 857 3158 503 0.220035
3 857 503 660 0.204070
3 857 660 4114 0.252342
3 3158 1799 4238 0.150004
3 857 1799 3158 0.220189
3 3451 437 3940 0.234636
3 437 857 4114 0.183036
3 857 437 1799 0.234362
3 1799 437 3451 0.214087
3 4363 1372 3699 0.305882
3 1372 4363 4114 0.224894
3 1096 3903 915 0.094875
3 4006 915 3903 0.137711
3 915 4006 3038 0.233054
3 108 915 3038 0.181210
3 1256 108 3979 0.072062
3 2511 4103 1370 0.032050
3 1370 4103 3038 0.059204
3 3038 4103 3979 0.058721
3 3038 3979 108 0.091035
3 4079 3319 2873 0.060588
3 3319 4146 2873 0.096027
3 394 3319 4079 0.048049
3 4108 4146 3319 0.112334
3 3460 394 4079 0.023455
3 3460 4079 4136 0.022581
3 2255 1458 2326 0.018798
3 4024 3582 343 0.024657
3 3582 1458 1887 0.028749
3 1458 3582 4024 0.028890
3 4245 2444 4328 0.052118
3 1225 4173 2375 0.127732
3 1225 2375 2349 0.117043
3 804 3952 3305 0.089283
3 804 3305 2660 0.055043
3 636 2660 3305 0.069217
3 636 3305 4073 0.081400
3 804 3237 3607 0.013913
3 2660 3237 804 0.019960
3 2690 3607 1417 0.002662
3 3237 1417 3607 0.003301
3 1417 3237 1939 0.001309
3 2992 4211 3287 0.000994
3 4211 1417 1011 0.001043
3 1417 4211 2992 0.000920
3 1417 2992 87 0.000538
3 2690 339 1814 0.007326
3 1814 339 3061 0.010201
3 413 2082 1571 0.002387
3 3803 2082 413 0.003372
3 3803 336 2082 0.003515
3 2480 4074 3803 0.008093
3 3803 2902 2480 0.004375
3 59 2902 3803 0.002613
3 1713 2480 1922 0.005076
3 1922 2480 3841 0.002670
3 3841 2480 2902 0.002228
3 967 3841 1464 0.000690
3 967 1464 2543 0.000708
3 2335 3470 3841 0.003304
3 2335 3841 967 0.001683
3 2811 2120 2850 0.004198
3 2905 2850 2120 0.004009
3 3673 2030 4042 0.008085
3 1877 2030 3673 0.007758
3 2884 4124 4042 0.013405
3 4042 4124 3673 0.013298
3 2177 4367 1948 0.014923
3 1660 1469 4129 0.013335
3 3872 904 3286 0.027446
3 3769 3872 3286 0.050824
3 3960 2389 997 0.164322
3 997 4237 3960 0.122845
3 3960 4237 371 0.126975
3 2000 3435 2970 0.185331
3 2000 2970 2687 0.288016
3 1721 2972 3911 0.030293
3 1721 3911 1911 0.034803
3 1721 1911 1006 0.057501
3 2073 1006 2887 0.065765
3 2073 2887 2525 0.087998
3 2073 2525 1228 0.120181
3 2525 2887 2221 0.099238
3 2537 1505 157 0.192889
3 3917 1505 1668 0.231899
3 384 3966 803 0.080273
3 384 803 3865 0.110809
3 3865 803 1668 0.104830
3 3421 384 367 0.178822
3 367 384 3865 0.152829
3 1108 367 3865 0.238535
3 744 1739 994 0.044167
3 3766 3678 3893 0.153013
3 1056 3766 3535 0.206555
3 3893 3535 3766 0.203835
3 1388 3766 1056 0.251216
3 496 1388 1056 0.226260
3 496 1056 1824 0.313115
3 1882 2768 3982 0.692077
3 224 2768 1882 0.801436
3 1874 224 1882 0.805169
3 1454 3982 2768 0.759845
3 1454 2768 603 0.778550
3 1454 603 231 0.766939
3 603 2768 1507 0.783955
3 4144 3982 3408 0.845997
3 3408 1454 231 0.758703
3 1454 3408 3982 0.839937
3 3982 4144 2764 0.793907
3 2764 4144 1854 0.784197
3 1239 2764 2868 0.444924
3 3498 3294 2868 0.313821
3 3498 2868 3454 0.414823
3 2857 3454 507 0.721451
3 2857 507 2791 0.790411
3 2379 1308 1421 0.837035
3 1308 2379 3354 0.809711
3 1308 3354 3091 0.788933
3 2094 2746 568 0.873220
3 3713 3101 1058 0.824673
3 3713 1058 1842 0.830411
3 3685 3713 1842 0.769993
3 1052 3713 3685 0.713977
3 2113 3377 140 0.747638
3 3377 3101 3713 0.792324
3 3539 2113 140 0.745607
3 140 3377 3713 0.810921
3 1288 3377 2113 0.785569
3 3101 3377 2769 0.822399
3 1755 2769 3377 0.769424
3 1755 3377 1288 0.764869
3 2181 1755 1288 0.835591
3 623 1729 1288 0.849888
3 623 1288 3462 0.870978
3 1729 1083 1288 0.809324
3 3102 1083 3150 0.774762
3 3150 1083 1729 0.778782
3 3933 2499 4227 0.914506
3 1942 1049 2088 0.914247
3 3115 3631 2088 0.791279
3 3115 2088 839 0.834510
3 2908 4221 3371 0.790824
3 2117 2908 1124 0.785870
3 2908 2117 4293 0.710984
3 1534 3258 2345 0.429121
3 2345 3258 4286 0.247603
3 2592 4040 4286 0.297923
3 4286 4040 3110 0.148464
3 3235 4040 4162 0.775704
3 4162 4040 2592 0.737952
3 381 3235 3343 0.437942
3 1663 4162 911 0.980510
3 2938 522 1663 0.975422
3 2938 1663 911 0.982251
3 322 4178 4106 0.195419
3 322 4106 1411 0.182119
3 1411 4106 350 0.135455
3 2987 1411 350 0.089599
3 2066 2987 350 0.098061
3 1648 390 3241 0.044716
3 3241 390 3079 0.068989
3 1263 451 2827 0.020067
3 3578 2827 386 0.041110
3 3578 386 3143 0.041676
3 3578 3143 3076 0.046547
3 3143 386 500 0.033568
3 3578 3076 1937 0.056940
3 2540 3578 1937 0.060516
3 3027 2553 1344 0.019901
3 2286 3027 1344 0.024700
3 2922 4384 3542 0.075009
3 1787 643 2830 0.083684
3 643 1787 1342 0.058491
3 1342 1787 3542 0.041690
3 3542 1787 2922 0.055848
3 2922 1787 2944 0.091801
3 2944 1787 2830 0.090986
3 2944 2830 1657 0.173816
3 2944 1657 4167 0.211771
3 3711 4167 1657 0.164439
3 2944 4167 3324 0.209604
3 2944 3324 3204 0.179878
3 4390 100 1830 0.052116
3 2896 1830 3324 0.208799
3 2896 3324 2443 0.221543
3 3324 1830 100 0.151876
3 4312 4390 2014 0.089563
3 2014 4390 1830 0.064256
3 2014 1830 2896 0.247098
3 2965 2014 2896 0.223379
3 2965 2896 3444 0.348618
3 3497 1014 1041 0.710046
3 3420 3862 4377 0.682483
3 4412 3420 4377 0.557679
3 1041 4377 3497 0.668129
3 3497 4377 3862 0.784570
3 2597 1226 1936 0.047617
3 1560 1226 2597 0.041163
3 1560 2597 3743 0.045245
3 1915 1301 3610 0.028578
3 1915 3610 2661 0.026559
3 2661 3610 3353 0.042859
3 3244 3580 2391 0.040673
3 3244 3567 1324 0.101517
3 2171 3567 1078 0.374479
3 1078 3567 3071 0.370277
3 1227 3464 2670 0.739855
3 1227 2670 3508 0.684850
3 3157 849 508 0.594984
3 508 849 3508 0.570592
3 508 1587 1972 0.632618
3 1972 1587 3197 0.677666
3 1578 3197 1587 0.637048
3 1858 4035 613 0.429614
3 2324 3058 3525 0.130459
3 3525 3768 3192 0.185918
3 3768 3525 3058 0.171572
3 1373 2434 4238 0.206773
3 3158 4238 1733 0.165126
3 2033 3925 35 0.226543
3 2033 3451 2512 0.240877
3 2512 3451 3940 0.245231
3 35 3451 2033 0.230999
3 3903 3756 1792 0.134701
3 1679 3903 1792 0.092294
3 2299 683 2304 0.138600
3 2304 683 4398 0.123570
3 1256 2750 1096 0.081569
3 1096 2750 2304 0.097705
3 108 1256 915 0.157320
3 915 1256 1096 0.177181
3 1081 2750 145 0.142642
3 145 2750 1513 0.123414
3 2022 1081 145 0.109190
3 2476 2022 145 0.101588
3 2476 145 4108 0.094196
3 1513 4108 145 0.111564
3 4146 4108 1513 0.082146
3 3927 2022 2476 0.082367
3 2476 587 397 0.085768
3 587 2476 1726 0.084600
3 2325 1726 1802 0.057165
3 587 1726 2325 0.072531
3 4102 1802 3319 0.051465
3 1726 3319 1802 0.063370
3 4102 4283 4213 0.030677
3 2326 4283 2255 0.015281
3 4283 2326 1448 0.020412
3 4375 4283 1225 0.048390
3 1225 4283 1448 0.036252
3 1225 1448 4173 0.057084
3 467 1905 3609 0.031233
3 467 3609 1681 0.061623
3 2632 1681 4056 0.250605
3 3260 166 872 0.565989
3 2349 3866 166 0.419430
3 166 3866 872 0.523208
3 2717 872 515 0.641648
3 2717 515 3952 0.406150
3 515 3866 3878 0.599238
3 3866 515 872 0.716795
3 3369 1857 3952 0.340450
3 3005 3369 3952 0.254364
3 1814 3005 3607 0.044800
3 3005 1463 3369 0.229107
3 1814 1463 3005 0.065295
3 1463 1814 3061 0.037802
3 3369 1463 251 0.232402
3 3369 251 3666 0.287187
3 3061 251 1463 0.105999
3 3061 3868 251 0.094840
3 251 3868 3666 0.221314
3 1496 1907 337 0.050900
3 337 1907 4074 0.023040
3 3167 1496 337 0.097740
3 3167 337 1820 0.099454
3 3167 1820 3980 0.199629
3 1820 337 4074 0.038328
3 3250 223 1171 0.006206
3 1171 223 989 0.007531
3 3667 3250 2933 0.016857
3 2933 3250 1171 0.011558
3 2933 1171 3013 0.016017
3 728 3013 288 0.078663
3 880 288 1621 0.067619
3 1621 288 92 0.034971
3 92 288 3013 0.036326
3 3247 338 1621 0.033867
3 3247 1621 3176 0.019975
3 3176 1621 92 0.013465
3 3176 92 989 0.013810
3 4062 2884 2866 0.032848
3 2884 4062 4124 0.015218
3 4124 4062 3176 0.016862
3 2963 4062 4241 0.029784
3 4241 4062 2866 0.025787
3 3627 4020 2943 0.048016
3 2943 4020 2963 0.034862
3 1362 4020 3242 0.044052
3 3242 4020 3627 0.064070
3 1919 2753 3437 0.067015
3 4089 1919 3437 0.067128
3 1402 1919 4089 0.111229
3 2962 3872 4089 0.038245
3 2962 4089 1660 0.035305
3 1660 4089 3437 0.042162
3 3872 2962 904 0.026231
3 904 2962 4188 0.020718
3 4188 2962 1660 0.018725
3 4188 1660 4129 0.014238
3 3570 4326 2000 0.279583
3 3570 2000 2114 0.302762
3 2000 4326 3435 0.115961
3 2687 2114 2000 0.328248
3 2687 4135 2114 0.273626
3 4031 906 732 0.471387
3 1024 1403 3346 0.236513
3 1403 1024 3117 0.193247
3 3647 941 3346 0.348815
3 3647 3346 1403 0.294030
3 3647 1403 157 0.255321
3 157 1403 2537 0.301834
3 2537 1403 3117 0.258116
3 1259 3647 65 0.274278
3 2991 3778 3917 0.330314
3 803 3966 2991 0.125470
3 803 2991 3917 0.280369
3 2223 1066 3677 0.373404
3 3893 3678 994 0.134927
3 744 994 3678 0.107677
3 713 2111 1388 0.145089
3 2745 2111 713 0.115474
3 2745 713 148 0.114113
3 148 713 1758 0.088216
3 1758 713 2517 0.132277
3 2 1758 1408 0.122550
3 2 1408 1392 0.126273
3 1408 1758 2517 0.150117
3 373 4018 1408 0.537628
3 373 1408 2517 0.461192
3 1392 1408 4018 0.232758
3 2517 1874 373 0.694843
3 4018 373 1882 0.624479
3 4018 1882 3532 0.625741
3 4018 3532 4232 0.647944
3 373 1874 1882 0.775960
3 2868 3294 4119 0.295933
3 2868 4119 1239 0.352333
3 3950 4119 3294 0.253617
3 1991 3719 3950 0.257823
3 3400 1073 250 0.435286
3 3999 250 1204 0.703771
3 3016 2277 2791 0.885009
3 3207 3016 3349 0.793275
3 2379 2746 184 0.851428
3 3354 2379 184 0.834757
3 1299 3349 2360 0.886210
3 873 2666 1299 0.901943
3 2094 1072 873 0.906904
3 873 1072 2666 0.932964
3 2675 4349 2421 0.889233
3 4334 2675 2983 0.865397
3 2421 2983 2675 0.898811
3 2181 3461 1755 0.780495
3 2769 1755 171 0.832942
3 171 1755 3461 0.763578
3 631 1715 1257 0.831614
3 1715 1231 2872 0.847811
3 3675 2872 1231 0.794840
3 3675 1231 3939 0.766882
3 3939 763 3571 0.588096
3 3571 763 2046 0.558429
3 3939 1231 763 0.699364
3 363 1274 763 0.557742
3 1274 1702 2046 0.396836
3 2311 1274 363 0.426059
3 2311 363 1042 0.573710
3 1042 363 4298 0.657834
3 501 4298 1231 0.853197
3 1231 4298 363 0.787859
3 1231 363 763 0.673555
3 2046 763 1274 0.447411
3 27 4298 1942 0.817608
3 27 1942 3231 0.844777
3 27 3231 3652 0.693887
3 657 2719 2248 0.860357
3 2719 657 3231 0.881988
3 3631 3149 2719 0.741268
3 3263 1655 2394 0.275621
3 2394 1655 1300 0.273835
3 1806 1655 2549 0.412624
3 1021 2841 4379 0.372534
3 2045 3145 4379 0.306097
3 2115 2045 51 0.276018
3 2045 4379 51 0.231260
3 2115 51 2345 0.313670
3 2345 51 4379 0.393592
3 4306 3145 2045 0.269206
3 2841 2345 4379 0.389298
3 4306 2045 2115 0.138498
3 3332 4288 381 0.271406
3 2129 2958 4178 0.117146
3 2958 4288 4178 0.139900
3 1692 4178 79 0.139397
3 79 4178 322 0.196390
3 133 3216 1411 0.093311
3 133 1411 3929 0.151720
3 2987 3929 1411 0.150681
3 3929 4304 1754 0.144767
3 1754 4304 3563 0.110560
3 3563 4304 2889 0.102914
3 1404 2889 4304 0.079787
3 3393 1033 3578 0.027225
3 3393 3578 1416 0.029090
3 3393 1416 3027 0.021224
3 3393 3027 1110 0.018571
3 1110 3027 3391 0.015659
3 1478 1110 3391 0.012967
3 1478 3391 4145 0.013399
3 2347 4145 3391 0.014883
3 206 2347 3391 0.017295
3 3204 4384 2922 0.095177
3 2944 3204 2922 0.126432
3 100 4384 3204 0.106596
3 100 3204 3324 0.165471
3 2871 4390 4312 0.081269
3 3141 3225 2965 0.294262
3 3804 3141 2965 0.290812
3 2014 2965 3225 0.204635
3 2014 3225 4346 0.120161
3 4186 2167 609 0.603233
3 2167 3804 609 0.509509
3 4186 609 3497 0.692890
3 3862 1061 3497 0.883019
3 2655 3420 4412 0.542868
3 3420 2655 3862 0.671148
3 2531 819 3643 0.306038
3 2531 3643 3839 0.247067
3 1517 3839 3632 0.088236
3 3316 4377 2010 0.283529
3 1133 4377 3316 0.186892
3 2597 1936 1133 0.087035
3 2597 1133 3316 0.089675
3 1133 1936 4377 0.153952
3 4396 2892 1751 0.009265
3 4396 1751 544 0.011561
3 3386 1226 1560 0.042701
3 1226 3386 1751 0.038686
3 1928 3386 3610 0.020307
3 1560 3610 3386 0.025812
3 4396 1928 402 0.006537
3 4396 402 1138 0.006686
3 1016 948 3078 0.009802
3 1016 3078 1543 0.013232
3 2775 1543 1480 0.007781
3 1480 1543 3078 0.008022
3 1016 1543 2244 0.017840
3 2265 4166 3840 0.075133
3 1343 128 4166 0.086027
3 2265 1343 4166 0.072032
3 3240 4110 1086 0.343862
3 3240 1086 436 0.274917
3 4110 3240 3464 0.553952
3 1227 4110 3464 0.591737
3 4110 3205 1615 0.364981
3 3205 4110 1440 0.444615
3 1440 1227 3508 0.591998
3 1227 1440 4110 0.467228
3 4034 3205 1440 0.381559
3 4034 1440 849 0.536892
3 4034 849 3157 0.517250
3 2526 1615 3205 0.322067
3 4034 2526 3205 0.289322
3 3058 3822 3768 0.113489
3 3768 3822 1801 0.185448
3 3768 1801 3192 0.151195
3 1801 3822 3481 0.164395
3 143 3822 3058 0.088563
3 1302 3822 3044 0.060313
3 143 3044 3822 0.085258
3 2783 3044 1364 0.063240
3 1364 3044 143 0.072611
3 1498 2783 912 0.049183
3 912 2783 1364 0.057446
3 91 569 3029 0.123385
3 91 3029 2506 0.198045
3 874 4170 347 0.104553
3 874 347 2254 0.097157
3 347 4170 2026 0.179613
3 1068 2605 1452 0.314473
3 2605 1068 2282 0.352637
3 2605 2282 2735 0.306649
3 1285 2605 1378 0.335729
3 1378 2605 2340 0.266285
3 2735 2340 2605 0.220917
3 2552 1285 4291 0.418357
3 2552 4291 1577 0.434875
3 4291 1285 1378 0.364941
3 781 4291 1378 0.203035
3 155 3074 889 0.140282
3 3074 155 781 0.154832
3 781 155 4291 0.220706
3 3074 946 2325 0.079190
3 2325 3070 1718 0.064702
3 3074 2325 1718 0.080785
3 1718 3070 2146 0.121916
3 3070 2325 3380 0.061933
3 3380 2325 1802 0.059945
3 2146 3070 2984 0.106934
3 2984 3070 3380 0.074965
3 2984 1175 3098 0.068264
3 1175 2984 3380 0.064115
3 2547 54 1175 0.048783
3 4213 2547 1175 0.020419
3 4213 1175 3380 0.026170
3 3098 1175 54 0.073009
3 520 1905 2547 0.028514
3 2547 4375 520 0.027205
3 4375 2547 4213 0.024315
3 4213 4283 4375 0.020641
3 2596 2649 3499 0.035116
3 2163 1518 2649 0.062572
3 2596 2163 2649 0.050775
3 805 590 3782 0.224653
3 590 805 521 0.099943
3 2542 615 2144 0.578835
3 3272 4056 3260 0.795623
3 4153 4053 2169 0.696064
3 1857 3369 1497 0.546632
3 4078 1147 3166 0.696558
3 4078 399 4338 0.751508
3 4078 3166 399 0.657649
3 2671 3166 1147 0.723877
3 3980 4338 399 0.676437
3 3980 399 3167 0.356113
3 3167 399 3166 0.497127
3 3167 3166 3155 0.435896
3 3667 2933 3890 0.047823
3 1994 3890 2933 0.092084
3 1994 2933 3013 0.051277
3 3644 1988 4 0.574385
3 4 1988 1994 0.405974
3 1994 1988 2780 0.365591
3 3644 4 2638 0.593790
3 4169 2638 1816 0.437582
3 728 2638 4 0.284880
3 2317 1816 880 0.121892
3 2317 880 4111 0.121634
3 880 1816 288 0.079648
3 288 1816 728 0.113994
3 728 1816 2638 0.269131
3 1714 2317 4111 0.206305
3 1714 4111 1687 0.190516
3 1714 1687 47 0.210264
3 4016 2657 4252 0.110482
3 1419 919 1723 0.087856
3 919 1419 4252 0.109110
3 4252 1419 4016 0.094570
3 3242 3987 1362 0.075463
3 4348 3414 1433 0.369474
3 1433 3414 2699 0.284046
3 3688 2707 2376 0.270377
3 2376 2707 1433 0.314912
3 1433 2707 4348 0.318477
3 4348 2707 506 0.250798
3 2541 452 5 0.122798
3 469 5 452 0.158385
3 3242 469 452 0.142112
3 3242 452 3987 0.092570
3 3987 452 2541 0.196569
3 3987 2541 3688 0.167787
3 4235 2541 2587 0.202302
3 4235 2587 1402 0.148442
3 1402 2587 1919 0.162301
3 1919 2587 469 0.117705
3 469 2587 5 0.145721
3 5 2587 2541 0.185986
3 2901 4235 4174 0.126660
3 292 3914 4247 0.498680
3 4266 292 4247 0.386077
3 2350 2190 4266 0.415603
3 2350 4266 4031 0.562714
3 3715 2262 3229 0.403289
3 3229 2262 2350 0.443101
3 3229 2350 4031 0.384507
3 2190 2350 2262 0.311247
3 1796 4072 3346 0.287710
3 3346 4072 3229 0.335226
3 3346 3229 1690 0.209094
3 2054 941 1259 0.259653
3 1259 941 3647 0.307342
3 760 2075 2667 0.038333
3 760 2667 1224 0.041077
3 2667 2075 3992 0.103880
3 3184 1224 2667 0.058318
3 2667 3992 3184 0.094662
3 266 3184 2223 0.111438
3 266 2223 782 0.150504
3 2942 4355 266 0.033224
3 2942 266 2235 0.070478
3 3889 3314 2111 0.040938
3 1261 3889 2745 0.063441
3 1261 2745 148 0.073491
3 4386 3889 1261 0.031401
3 4386 1261 3189 0.030110
3 1758 3189 148 0.093874
3 3279 3189 1392 0.076244
3 1392 3189 2 0.099207
3 2 3189 1758 0.092815
3 4232 3714 1665 0.641404
3 4232 1665 4018 0.667153
3 1991 3282 3719 0.373354
3 1991 3950 1294 0.259919
3 3282 1991 3884 0.366772
3 3884 1991 1294 0.328242
3 3884 1294 3930 0.382940
3 3999 2409 263 0.873226
3 3016 2095 2277 0.835290
3 3207 1506 3313 0.867930
3 3964 3729 3800 0.818206
3 1889 3964 3800 0.825794
3 1379 2127 3682 0.841012
3 1379 3682 2675 0.739899
3 1379 2675 4334 0.700771
3 3675 2127 1379 0.749052
3 3675 4334 2872 0.775295
3 4334 3675 1379 0.718001
3 2301 3682 2127 0.835377
3 2311 3686 1274 0.351605
3 1274 3686 1702 0.334264
3 1289 3686 2311 0.357546
3 1289 2311 808 0.365786
3 1289 808 1810 0.334899
3 1810 808 3652 0.346381
3 2401 3686 1289 0.259307
3 1289 1810 2401 0.316739
3 4261 233 1614 0.205727
3 233 4275 1614 0.128336
3 4261 1614 1159 0.294660
3 3753 4275 233 0.116650
3 3507 233 4261 0.189885
3 4261 1159 4287 0.326285
3 674 3753 3507 0.175642
3 4172 4261 2676 0.343008
3 4172 2676 4218 0.421916
3 3507 4261 4172 0.209120
3 1585 657 2248 0.853241
3 657 1585 4287 0.556269
3 2047 3656 2453 0.500380
3 2394 4255 3263 0.289228
3 4033 1485 2394 0.361126
3 4033 2394 150 0.314364
3 4379 3608 3973 0.269196
3 1021 4379 161 0.250489
3 4379 3973 161 0.237442
3 161 780 1021 0.257369
3 3608 4379 2481 0.152835
3 2481 2281 3608 0.099540
3 3608 2281 2323 0.075103
3 1569 2281 2481 0.126547
3 1510 2281 1569 0.080775
3 1510 1569 2770 0.191593
3 2770 1569 3474 0.142931
3 3216 1273 4010 0.122631
3 2178 2523 133 0.069598
3 2178 133 3929 0.131974
3 2523 3216 133 0.069053
3 2627 2523 2178 0.122482
3 2627 2178 1339 0.200367
3 1339 2178 1754 0.142094
3 2036 1339 3563 0.157655
3 3563 1339 1754 0.098277
3 3805 2036 1236 0.111560
3 1236 2036 3845 0.103351
3 2915 1629 1236 0.138308
3 3845 2044 2915 0.068472
3 3845 2915 1236 0.105756
3 1222 3844 3393 0.019363
3 3432 4246 1478 0.023838
3 3432 1478 4145 0.026422
3 2257 667 2159 0.020024
3 3612 3819 2871 0.050896
3 2871 3819 4390 0.027347
3 2004 1008 137 0.043043
3 3303 137 1008 0.066975
3 3284 137 3303 0.046100
3 4357 2940 3284 0.074872
3 3127 4357 4346 0.088156
3 4346 4357 3284 0.068435
3 2626 4011 2659 0.327608
3 4011 3556 2659 0.185533
3 3584 4011 2626 0.240663
3 3141 2167 2659 0.355330
3 3141 2659 3556 0.356780
3 4186 2659 2167 0.576539
3 2659 4186 2626 0.629588
3 3679 3584 3342 0.466501
3 3679 3342 1703 0.402728
3 1886 3342 46 0.705420
3 46 3342 3584 0.651813
3 3342 490 328 0.738583
3 328 490 309 0.766095
3 504 309 1771 0.900235
3 1771 309 490 0.862833
3 1771 490 1886 0.896751
3 1886 490 3342 0.797924
3 1061 504 1771 0.908100
3 1061 1771 4186 0.886494
3 1061 4186 3497 0.853791
3 4186 1771 1886 0.932386
3 1286 3342 328 0.701744
3 1286 328 4099 0.706756
3 4099 328 309 0.814462
3 4099 309 504 0.821520
3 2975 1286 2209 0.697116
3 2209 1286 1716 0.658068
3 1237 2209 1716 0.721763
3 1291 2531 180 0.246547
3 2009 1291 1565 0.124895
3 1565 180 3869 0.083208
3 180 1565 1291 0.139137
3 3934 3978 1266 0.048312
3 3934 3480 1627 0.073819
3 2496 3934 1627 0.055006
3 3978 3934 2496 0.089190
3 3978 2496 3007 0.085643
3 335 3480 3123 0.067241
3 2892 2713 3123 0.023192
3 3632 2892 1517 0.048159
3 1517 2892 3123 0.022491
3 2982 2378 89 0.011523
3 773 4290 2918 0.016734
3 3724 773 2244 0.027644
3 1281 3724 707 0.039054
3 707 3724 3341 0.056850
3 3116 707 3341 0.141378
3 3173 3116 3341 0.122606
3 3173 3341 2677 0.122698
3 19 1037 860 0.152669
3 19 691 1037 0.115416
3 19 860 565 0.144505
3 2526 3518 691 0.205059
3 2526 19 3749 0.185517
3 3749 19 1949 0.195534
3 19 2526 691 0.180048
3 1221 1493 1341 0.088093
3 3735 1221 2867 0.121318
3 1341 2867 1221 0.095991
3 892 1493 1221 0.071641
3 3329 892 1221 0.068051
3 3329 1221 3735 0.058385
3 3996 3329 485 0.065796
3 3996 485 1538 0.065545
3 3044 2789 1302 0.036867
3 2789 3044 3967 0.042175
3 3967 3044 1217 0.054511
3 1217 3044 2783 0.058945
3 485 1302 2789 0.054072
3 3967 552 2789 0.048338
3 174 3636 3967 0.070766
3 174 3967 2437 0.087969
3 3288 2437 235 0.140965
3 4036 2403 2197 0.228745
3 4036 2197 3847 0.252427
3 662 2197 2403 0.229208
3 2853 1738 1958 0.314733
3 2853 1958 2881 0.300123
3 2538 2881 2552 0.345872
3 2653 1577 1680 0.500570
3 1680 1694 2653 0.308194
3 1248 1680 4291 0.424999
3 458 3623 1248 0.303106
3 458 1248 1119 0.229015
3 155 889 1119 0.180015
3 155 1119 4291 0.214096
3 4291 1119 1248 0.278731
3 56 458 1630 0.100284
3 3623 458 56 0.192756
3 3623 56 2984 0.123260
3 2984 56 2146 0.103512
3 2146 56 1630 0.118062
3 889 1630 1119 0.123580
3 1119 1630 458 0.154852
3 1718 2146 1630 0.136741
3 1718 1630 889 0.118615
3 1718 889 3074 0.089189
3 3098 3623 2984 0.139335
3 771 2538 2653 0.233210
3 771 3169 1876 0.168763
3 3169 771 2653 0.206426
3 795 1876 742 0.154507
3 742 1876 1518 0.113517
3 4066 742 3782 0.173801
3 3782 742 805 0.113246
3 805 742 1518 0.095183
3 1283 756 3782 0.256392
3 1891 1283 615 0.361891
3 615 1283 3782 0.275692
3 1151 756 1283 0.238575
3 1151 1283 4331 0.332563
3 4148 1566 1244 0.236503
3 3136 1244 4331 0.331146
3 3136 4331 1 0.283541
3 3136 1 4407 0.294617
3 4331 4407 1 0.366283
3 883 966 2043 0.607371
3 2043 966 1811 0.562859
3 2069 2431 883 0.736238
3 2069 883 2542 0.665330
3 1591 2431 4056 0.825088
3 1591 4056 3272 0.814446
3 119 3272 4053 0.717174
3 119 4053 4153 0.772546
3 1591 3272 119 0.805883
3 1591 119 4184 0.825729
3 4153 4184 119 0.879254
3 3198 2245 1018 0.833236
3 1018 2245 536 0.708030
3 536 1488 3155 0.433019
3 1488 536 2245 0.541061
3 1488 2245 1770 0.564866
3 2671 4149 3155 0.731351
3 4149 2671 4187 0.845574
3 4187 2671 1147 0.824368
3 3644 2638 4169 0.656224
3 4087 3644 4169 0.750964
3 1595 3487 2498 0.649801
3 1595 2498 1218 0.510133
3 2607 3290 1218 0.284821
3 2607 1218 2447 0.221476
3 4052 2447 1218 0.284129
3 2498 4052 1218 0.478310
3 7 2447 243 0.155303
3 813 243 4052 0.375341
3 4052 243 2447 0.235211
3 1635 7 243 0.155376
3 47 1635 1714 0.255699
3 1714 1635 813 0.271166
3 813 1635 243 0.258329
3 4409 4252 2657 0.143395
3 4252 4409 1635 0.153998
3 4223 3414 4348 0.384081
3 4223 4348 2183 0.304709
3 4049 4296 182 0.070831
3 182 4296 3501 0.086620
3 3739 3709 1195 0.314193
3 3739 1195 823 0.416762
3 3392 823 1195 0.470930
3 2893 3392 1195 0.370902
3 3709 2621 1195 0.266031
3 1195 2621 2893 0.239025
3 3537 1334 551 0.310310
3 4235 3537 551 0.145724
3 2901 3537 4235 0.156558
3 2190 3537 2901 0.200056
3 4174 3914 2901 0.222506
3 1734 1797 4072 0.484135
3 1734 4072 1796 0.432557
3 939 3265 1074 0.077042
3 3720 1559 785 0.016124
3 1559 1074 3600 0.064153
3 1559 3720 1074 0.020998
3 3899 1025 3720 0.054737
3 3899 3720 2098 0.038399
3 2934 4355 3583 0.016198
3 3583 4355 2942 0.014291
3 2818 3583 2942 0.021582
3 2818 2942 2235 0.043060
3 3097 3338 2818 0.028569
3 3830 3733 4386 0.014895
3 2428 4386 1852 0.032634
3 4045 2450 374 0.015983
3 1852 4045 2428 0.031370
3 4045 374 2428 0.030206
3 2450 3830 374 0.031799
3 2606 4045 1852 0.021401
3 4386 2428 374 0.024204
3 4386 374 3830 0.020721
3 1460 4045 2606 0.019190
3 1930 360 2606 0.020485
3 1245 360 1930 0.024576
3 1245 1930 121 0.033996
3 3045 1930 2606 0.029014
3 3045 2606 2925 0.043598
3 2910 3045 3119 0.107285
3 2910 3119 2399 0.143188
3 2925 3119 3045 0.095908
3 3384 3045 2910 0.099565
3 2910 3879 3384 0.078465
3 3828 3879 2018 0.149952
3 1550 2018 2204 0.189192
3 2204 2018 3879 0.175025
3 3500 2018 1550 0.202681
3 3282 3884 1550 0.331876
3 2739 3057 3884 0.507265
3 3884 3057 3500 0.274315
3 3057 3330 4118 0.366419
3 3057 4118 3063 0.279332
3 1216 3772 2759 0.622185
3 2759 3772 3330 0.576785
3 2759 3330 181 0.578126
3 3330 3772 4118 0.580795
3 3427 4118 3772 0.643758
3 2566 3427 364 0.758257
3 364 3427 1235 0.781678
3 3427 3772 1235 0.744028
3 1506 364 1235 0.846705
3 2900 2414 563 0.791851
3 2900 563 1164 0.701182
3 2900 1164 3729 0.643471
3 3985 1398 4225 0.549363
3 1479 4225 1865 0.496332
3 1865 4225 2814 0.415508
3 2189 2814 4225 0.447588
3 1396 1479 1865 0.455248
3 1984 3188 2229 0.182398
3 2229 3637 2328 0.209333
3 3637 2229 3188 0.177347
3 3634 277 3040 0.081365
3 3507 3753 233 0.159703
3 3634 3040 1338 0.099006
3 1338 3040 2846 0.089040
3 2846 3040 2295 0.098184
3 1485 1651 4172 0.294772
3 1485 4172 4218 0.358383
3 3732 4172 1549 0.209621
3 1549 4172 1651 0.228429
3 4033 1651 1485 0.337234
3 3147 1333 780 0.109064
3 1333 3147 3712 0.186356
3 1767 3712 675 0.136703
3 675 3712 3147 0.159652
3 675 3147 3973 0.188677
3 4373 1767 1896 0.163776
3 1896 675 3973 0.221318
3 1767 675 1896 0.215535
3 1896 2323 4373 0.171357
3 2323 1896 3973 0.141886
3 2773 1004 3105 0.063162
3 2329 165 1326 0.107609
3 191 2329 1326 0.199096
3 3846 1326 2770 0.339160
3 1326 1510 2770 0.175460
3 1491 3335 2715 0.129447
3 1491 3947 3335 0.093522
3 1491 2715 3970 0.145047
3 650 1619 3335 0.113644
3 650 3335 3947 0.077707
3 3947 3551 650 0.083436
3 1931 3081 3947 0.130767
3 1931 40 3081 0.210568
3 40 2981 3081 0.160443
3 40 1931 2523 0.179121
3 4231 3114 4368 0.117179
3 3874 4231 3065 0.122545
3 3983 3065 4231 0.153762
3 4301 2915 2044 0.093946
3 4301 2044 3037 0.071368
3 3976 2612 2663 0.109525
3 3976 2663 3740 0.084998
3 3740 2663 1013 0.099165
3 1013 2663 3037 0.092796
3 3037 2663 1407 0.120181
3 1407 2663 2612 0.141445
3 3530 928 3740 0.059926
3 3530 3740 3440 0.089515
3 3740 1013 3440 0.082620
3 3440 1013 4246 0.049645
3 12 3440 3432 0.046683
3 12 3432 4145 0.033921
3 12 4145 3823 0.026422
3 3530 1564 2071 0.041124
3 3530 2071 2625 0.054942
3 2716 2071 1564 0.031371
3 2716 1564 3823 0.024102
3 3926 1934 2672 0.040284
3 1354 2650 3909 0.031530
3 2940 2968 137 0.046589
3 2940 137 3284 0.058577
3 137 2968 2004 0.046560
3 2968 2945 4125 0.054291
3 2945 2968 2940 0.052434
3 1782 2945 4357 0.075223
3 1782 4357 2370 0.098874
3 2940 4357 2945 0.060656
3 2945 1782 4125 0.061724
3 1782 2370 2493 0.136383
3 2005 1784 678 0.230127
3 4157 1095 3679 0.178729
3 3048 4217 122 0.339411
3 3048 122 3372 0.398743
3 2057 3048 3372 0.307757
3 2057 3372 4177 0.411825
3 2997 3048 2057 0.214246
3 2997 2057 313 0.229972
3 2426 2997 313 0.198181
3 2426 313 2009 0.224454
3 2426 2009 2019 0.229456
3 2024 2426 2019 0.260257
3 2024 2019 42 0.206125
3 2024 42 576 0.222628
3 3234 3096 3978 0.081441
3 4359 3234 1359 0.131705
3 1023 4359 1359 0.109031
3 3996 1023 3021 0.067292
3 3007 3021 1359 0.068296
3 1359 3021 1023 0.064694
3 1622 3021 3177 0.046999
3 1622 3177 2939 0.024025
3 3177 3021 3007 0.068792
3 2939 3177 2496 0.026611
3 2496 3177 3007 0.045621
3 1627 2939 2496 0.024144
3 2939 1627 3565 0.021985
3 2988 3466 1105 0.050138
3 1938 3466 3619 0.078193
3 1281 2162 796 0.073686
3 1281 796 4290 0.026512
3 773 1281 4290 0.018968
3 2559 2961 4333 0.128976
3 2559 699 2155 0.105100
3 2559 2155 1453 0.084551
3 294 2155 699 0.102323
3 3565 1453 2155 0.053897
3 3565 2155 651 0.050290
3 651 2155 294 0.061511
3 1622 2939 651 0.041803
3 651 3996 1622 0.046773
3 1622 3996 3021 0.050770
3 3281 3974 1528 0.335098
3 1528 3974 244 0.297595
3 1145 244 9 0.237110
3 3974 9 244 0.264823
3 3456 2284 567 0.259568
3 1145 567 244 0.269196
3 244 567 2284 0.373365
3 244 2284 1528 0.426213
3 4133 3456 567 0.196965
3 4133 567 739 0.133390
3 739 567 1145 0.155832
3 3533 2437 3288 0.105564
3 2437 3533 174 0.105679
3 620 447 3832 0.126962
3 2538 1947 3039 0.183670
3 771 1947 2538 0.179901
3 3915 3821 1135 0.312561
3 1135 3821 1913 0.346544
3 3564 1188 230 0.232084
3 4071 4196 1188 0.239020
3 1188 3564 1151 0.180192
3 1151 3564 756 0.209448
3 1151 4071 1188 0.253830
3 1098 4148 1244 0.259956
3 1304 550 3401 0.078061
3 1304 3401 3902 0.106608
3 2037 3239 1059 0.567757
3 1624 3273 3198 0.937256
3 1018 1624 3198 0.894643
3 1624 4149 3626 0.918687
3 1624 3626 3273 0.937765
3 4187 3626 4149 0.912271
3 1545 3450 1435 0.774994
3 1545 1435 1103 0.525975
3 1435 3450 1249 0.832504
3 4083 1218 3290 0.400644
3 1218 4083 1595 0.578679
3 3487 1595 4083 0.801996
3 3793 4083 3290 0.580785
3 3829 3793 3290 0.272296
3 2607 3829 3290 0.239225
3 2607 671 3829 0.096366
3 3829 671 1400 0.105413
3 1400 671 2619 0.126641
3 1202 1381 671 0.111534
3 1202 671 624 0.084834
3 1202 624 164 0.088505
3 1282 828 478 0.072130
3 478 828 3728 0.085943
3 979 478 3693 0.055933
3 3693 478 3629 0.070394
3 1475 1593 151 0.063044
3 1475 2183 1593 0.064529
3 2613 925 1662 0.153259
3 1662 925 4049 0.167313
3 3203 1834 1662 0.276232
3 1357 3203 3739 0.255199
3 1662 3739 3203 0.332374
3 1279 3203 1357 0.295800
3 107 1279 1357 0.364057
3 107 1357 3315 0.318519
3 1856 1279 107 0.382028
3 1856 107 1797 0.317317
3 1797 107 3315 0.324982
3 2888 1279 1856 0.324544
3 1872 3265 4267 0.188069
3 124 4105 4267 0.228020
3 3676 124 4267 0.105182
3 39 3676 4267 0.099489
3 39 4267 3265 0.130321
3 2413 4068 1251 0.092710
3 3921 407 3357 0.014980
3 3357 2934 3921 0.019827
3 626 3921 3583 0.014294
3 3583 3921 2934 0.016660
3 1186 3921 626 0.028434
3 1186 626 3338 0.065779
3 2743 1254 3733 0.055929
3 2743 3733 3430 0.054796
3 351 1708 3430 0.093105
3 351 3430 3830 0.052365
3 3830 3430 3733 0.054693
3 3710 1708 351 0.067654
3 3710 2450 3770 0.031372
3 2450 3710 351 0.049584
3 2450 351 3830 0.044130
3 2450 4045 3770 0.029898
3 3770 4045 1460 0.028088
3 1245 820 360 0.023742
3 2201 1544 642 0.024945
3 642 1544 1548 0.032982
3 2006 642 952 0.016109
3 952 642 1548 0.025712
3 3384 1930 3045 0.046879
3 1930 3384 3725 0.049518
3 1982 940 3655 0.032513
3 3808 2620 3063 0.292659
3 2468 1032 1912 0.298642
3 217 1912 1479 0.395590
3 217 1479 1396 0.453508
3 1479 1912 4225 0.418838
3 4352 3887 1984 0.190667
3 1984 3887 2479 0.264022
3 2328 3094 2229 0.183259
3 2229 4352 1984 0.135020
3 4352 2229 3094 0.115420
3 3073 3634 1338 0.099832
3 2846 3073 1338 0.114558
3 1600 4284 3073 0.092753
3 1899 3963 2890 0.067793
3 3544 2890 3963 0.086434
3 3544 3055 2890 0.071109
3 4175 3055 3544 0.134418
3 3810 4175 3105 0.111802
3 1760 216 1900 0.078229
3 3142 3489 1760 0.117156
3 1178 1760 1900 0.114417
3 1178 1900 297 0.123869
3 3641 3142 902 0.155255
3 902 3142 3642 0.202014
3 3142 3641 3489 0.108723
3 1619 3641 902 0.214333
3 4276 3551 3081 0.098803
3 3081 4021 4276 0.143065
3 4021 3081 2981 0.157780
3 4021 3602 4276 0.118489
3 2485 1868 2459 0.152584
3 1085 2955 3737 0.158573
3 3114 3737 4368 0.112538
3 4368 3737 2955 0.130755
3 4231 3874 3114 0.108679
3 1020 3737 3114 0.138549
3 1020 3114 3874 0.107392
3 1020 3874 3755 0.102147
3 3755 3874 28 0.130768
3 28 3874 3477 0.158500
3 3168 3816 4240 0.228371
3 4240 3816 3139 0.343960
3 3139 3816 2368 0.221977
3 1155 3816 3168 0.177796
3 1155 3168 3983 0.191943
3 3065 3983 3168 0.166888
3 2612 4301 1530 0.236517
3 1530 4301 3037 0.111881
3 4301 1155 3983 0.143258
3 2612 1155 4301 0.179668
3 2612 1530 1407 0.248491
3 1407 1530 3037 0.117168
3 2368 3816 2612 0.250321
3 2368 2612 2571 0.176586
3 3067 2571 3976 0.083720
3 992 985 3181 0.100487
3 1564 12 3823 0.027830
3 12 1564 3440 0.041585
3 3530 3440 1564 0.050074
3 1143 2749 2625 0.040521
3 1143 2625 4154 0.067738
3 2941 2749 1143 0.042898
3 4405 2941 1143 0.048975
3 4405 1143 4318 0.070198
3 4318 1143 4154 0.061460
3 4318 4154 916 0.058759
3 916 4154 4320 0.030157
3 916 4320 970 0.021829
3 2693 4318 916 0.047727
3 200 1511 2514 0.023234
3 2484 2514 1511 0.026806
3 1511 471 113 0.016813
3 471 1511 200 0.019159
3 3926 200 2514 0.015358
3 2233 113 471 0.021304
3 3926 2233 200 0.020578
3 200 2233 471 0.021428
3 1620 3351 4303 0.094840
3 4365 3351 1620 0.080660
3 1063 4365 2493 0.080814
3 2493 4365 1620 0.099275
3 2408 564 712 0.113850
3 564 2408 2473 0.149476
3 755 2119 564 0.100198
3 755 564 1271 0.135258
3 2473 1271 564 0.185273
3 1160 755 4157 0.180442
3 3051 2099 1567 0.319599
3 3308 1567 179 0.256521
3 3308 179 2457 0.224946
3 2099 3051 4122 0.222396
3 3182 3051 1567 0.189139
3 3182 1567 3308 0.207479
3 3695 3308 2032 0.133016
3 3048 153 4217 0.154979
3 3449 2923 3517 0.120273
3 3517 2923 578 0.153267
3 3517 578 3281 0.203529
3 1853 3281 578 0.237875
3 2426 1853 2997 0.222951
3 2997 1853 2923 0.207179
3 2923 1853 578 0.169110
3 3281 1853 2024 0.335476
3 3281 2024 3974 0.285886
3 3974 2024 576 0.279204
3 2426 2024 1853 0.336031
3 3449 3517 3723 0.224273
3 1641 3915 1015 0.315506
3 4380 1015 3915 0.235187
3 1093 3915 3456 0.295595
3 2284 3456 1641 0.420482
3 2284 1641 1528 0.480181
3 3915 1641 3456 0.436631
3 4133 1093 3456 0.250997
3 3915 1093 3821 0.347907
3 3821 1093 3077 0.229786
3 3077 1093 4133 0.194002
3 4380 3915 1135 0.223851
3 4380 1135 1393 0.234606
3 1019 4380 958 0.148055
3 958 4380 230 0.175195
3 230 4380 1393 0.146888
3 4196 958 1188 0.206468
3 1188 958 230 0.188247
3 3574 2973 3941 0.029784
3 3574 3941 1320 0.035279
3 1776 3574 1320 0.044224
3 3011 192 3422 0.070656
3 192 3011 1320 0.059292
3 3011 3422 2747 0.038214
3 747 3422 192 0.067657
3 1098 815 4148 0.172214
3 2298 1363 747 0.050090
3 3938 3001 1277 0.015674
3 1531 3938 1277 0.046835
3 3146 751 1304 0.163822
3 3146 1304 3902 0.211752
3 1304 751 550 0.076000
3 2020 751 3146 0.190151
3 1722 3601 799 0.883920
3 1722 799 3626 0.902206
3 3601 1722 3120 0.931935
3 3120 1722 3626 0.929110
3 3626 799 3273 0.912516
3 3273 799 3146 0.864422
3 396 3120 3626 0.937778
3 396 3626 4187 0.951660
3 3120 396 1646 0.920976
3 3120 1646 1686 0.913693
3 1646 396 4187 0.935576
3 3120 3783 3601 0.806855
3 3783 3120 1686 0.878539
3 2522 3783 1686 0.778908
3 3165 2252 3522 0.032278
3 3165 3522 4215 0.018874
3 3764 4199 3100 0.054886
3 2619 4199 310 0.081804
3 1400 2619 499 0.115511
3 499 2619 310 0.106282
3 3793 310 4199 0.106271
3 3793 4199 2180 0.098249
3 4083 3793 3487 0.619737
3 3487 3793 2180 0.328254
3 3793 3829 499 0.223652
3 499 3829 1400 0.175905
3 3100 1381 3180 0.105181
3 1202 3180 1381 0.131062
3 2207 2387 3693 0.049114
3 2207 3693 2930 0.020032
3 2930 3693 2373 0.021537
3 979 3693 2387 0.076714
3 3998 4387 2207 0.013042
3 3998 2207 2930 0.016715
3 885 3998 545 0.024725
3 545 3998 2930 0.011818
3 4387 3998 3937 0.013754
3 3937 3998 2138 0.012928
3 3937 2138 307 0.033151
3 1593 307 2138 0.040293
3 1593 2138 151 0.030652
3 2280 1923 3958 0.047489
3 2280 3958 2947 0.061463
3 1678 2280 2613 0.111996
3 934 1678 2613 0.209204
3 1279 2888 3203 0.273465
3 1834 3203 2888 0.175776
3 491 497 1769 0.095754
3 1769 497 3274 0.108377
3 701 1656 2684 0.086638
3 2684 1656 1474 0.127279
3 832 3529 4281 0.014840
3 4364 3710 907 0.046530
3 3770 907 3710 0.035905
3 3199 907 3770 0.027856
3 4242 4120 3199 0.059498
3 4242 3199 2166 0.080269
3 3771 3818 787 0.023646
3 3818 3771 4029 0.035386
3 1425 3345 2935 0.043343
3 2935 3345 3959 0.041748
3 3672 2935 3959 0.069458
3 3672 3959 3133 0.058689
3 3133 3959 2732 0.043760
3 595 3616 3312 0.151775
3 1318 189 3887 0.274487
3 1318 3887 2452 0.252451
3 4352 1643 2452 0.153304
3 4352 2452 3887 0.221121
3 2678 76 2703 0.059571
3 2678 2703 1141 0.096535
3 4392 3916 167 0.046409
3 3916 4392 1329 0.047993
3 1329 4392 2038 0.043893
3 204 167 3916 0.040628
3 377 2794 3916 0.044677
3 377 3916 2890 0.051305
3 2890 1329 1899 0.055808
3 1329 2890 3916 0.043447
3 968 377 3055 0.074336
3 3055 377 2890 0.058530
3 3796 968 3468 0.036754
3 3863 3796 3468 0.008524
3 3762 3863 1669 0.006759
3 1669 3863 2594 0.005002
3 216 4270 2700 0.030476
3 766 3779 4258 0.241479
3 766 4258 3064 0.329205
3 1835 2420 4081 0.140787
3 766 2420 1835 0.148285
3 766 1835 3779 0.234894
3 1558 4279 3472 0.103639
3 3472 1420 1558 0.097920
3 3472 1085 1420 0.124509
3 1020 3755 1420 0.115016
3 1420 3755 1558 0.099782
3 4240 4394 1397 0.297986
3 3139 4394 4240 0.306093
3 2565 1465 3067 0.073378
3 3067 1465 4394 0.134443
3 2565 3976 4214 0.070935
3 3976 2565 3067 0.064348
3 1541 3337 3181 0.142721
3 697 1902 2463 0.029446
3 697 2463 2749 0.056533
3 2941 697 2749 0.037960
3 1253 278 2484 0.044200
3 1511 1253 2484 0.034241
3 2495 1539 2151 0.061191
3 2495 1127 1539 0.060902
3 2489 1539 1127 0.048423
3 2305 3283 1817 0.152770
3 4365 1817 3351 0.095479
3 1817 4365 2870 0.126306
3 988 4385 2408 0.105042
3 988 2408 712 0.122627
3 2986 227 2697 0.027511
3 3891 2697 419 0.020793
3 147 3891 4017 0.018905
3 4017 3891 419 0.024290
3 4183 147 4017 0.044560
3 3692 3891 147 0.013251
3 3692 147 1258 0.018370
3 3326 3891 3692 0.021001
3 993 3326 3692 0.015117
3 1258 2283 3692 0.014302
3 3692 2283 993 0.011356
3 4297 4395 1323 0.006770
3 4395 2283 1258 0.021452
3 2283 4395 4297 0.010585
3 3695 4395 3182 0.057752
3 3695 1149 4395 0.033830
3 3308 3695 3182 0.095131
3 3051 3182 4395 0.087872
3 3051 4395 4183 0.050861
3 1920 2722 1125 0.021298
3 2503 1920 718 0.060707
3 718 1920 1125 0.038529
3 3605 4165 3882 0.078930
3 3605 3882 899 0.093994
3 801 711 3605 0.092878
3 801 3605 3723 0.082554
3 797 3723 3605 0.110801
3 898 801 896 0.098230
3 896 801 891 0.097083
3 2021 94 4380 0.227082
3 2021 1019 463 0.172469
3 463 1019 958 0.152519
3 1019 2021 4380 0.171308
3 2993 2021 463 0.150096
3 2993 463 4196 0.129761
3 4196 463 958 0.143173
3 898 896 3340 0.095069
3 3340 896 2993 0.106443
3 4009 3171 3340 0.073975
3 4308 4009 3340 0.054505
3 4308 3340 3827 0.047076
3 1658 2519 3042 0.037350
3 2519 1658 460 0.040830
3 693 3024 1855 0.054658
3 579 1776 3011 0.049923
3 579 3011 1346 0.038987
3 579 1346 4009 0.043887
3 1920 2503 2826 0.035180
3 1920 2826 2722 0.018789
3 3515 733 2288 0.004395
3 3515 2288 2754 0.007104
3 2601 733 3515 0.002443
3 2470 3515 2754 0.005716
3 1418 2470 1363 0.014792
3 596 3455 1588 0.005381
3 3455 596 3001 0.010565
3 3687 3938 196 0.011776
3 3938 3687 3455 0.013696
3 3938 3455 3001 0.016041
3 2252 196 3938 0.014844
3 3165 196 2252 0.014018
3 1267 3687 3165 0.006288
3 1267 3165 4215 0.007804
3 3165 3687 196 0.006810
3 3687 2760 1588 0.005010
3 2760 3687 1267 0.005624
3 3788 3867 1267 0.005988
3 4215 3788 1267 0.008423
3 2760 1267 3867 0.005809
3 1206 3788 4215 0.009549
3 1449 3788 4076 0.009474
3 4076 3788 1206 0.010849
3 1547 1449 4076 0.013976
3 957 2462 4230 0.048525
3 3050 3363 957 0.034680
3 4041 3050 4230 0.055185
3 4230 3050 957 0.045350
3 4054 3050 16 0.028417
3 16 3050 3446 0.061594
3 3446 3050 4041 0.064028
3 722 3159 2733 0.009880
3 722 2733 1997 0.019040
3 2583 933 1709 0.032717
3 472 4339 1709 0.043868
3 472 1709 1923 0.057482
3 472 1923 2280 0.072274
3 2049 882 1391 0.060037
3 1391 882 280 0.046473
3 1391 280 4191 0.050874
3 4191 280 3881 0.042122
3 1192 4191 95 0.054065
3 1192 95 3585 0.089013
3 2063 1071 1192 0.049568
3 1192 1071 4191 0.038970
3 3476 2079 2063 0.015670
3 3476 2063 1546 0.020043
3 1546 809 1656 0.064828
3 1546 1656 701 0.048785
3 1656 809 1474 0.104852
3 1474 809 2063 0.066573
3 2063 809 1546 0.033449
3 1778 3476 1546 0.013668
3 1778 1546 3376 0.021200
3 1963 2483 1778 0.011219
3 1963 1778 3376 0.016537
3 1963 3376 963 0.022199
3 963 3376 3854 0.043417
3 963 3854 3411 0.038336
3 3376 4224 3854 0.063658
3 3321 3854 1777 0.061057
3 1777 3854 929 0.108306
3 3153 3321 1777 0.075378
3 2865 926 3153 0.049781
3 2100 4152 1845 0.027021
3 2100 1845 1005 0.027124
3 3441 1845 4152 0.020695
3 3214 1005 1845 0.030030
3 3214 1845 3763 0.029491
3 4233 1005 1252 0.019884
3 3214 1252 1005 0.022261
3 4120 4364 907 0.034067
3 4242 1568 4120 0.062254
3 1823 1568 4242 0.052938
3 1823 4242 670 0.073344
3 1367 670 4242 0.112931
3 1209 4101 670 0.105651
3 1209 670 256 0.069644
3 2858 4101 3748 0.076620
3 3748 4101 1209 0.088078
3 3550 792 1209 0.067806
3 1209 792 3748 0.115007
3 2230 1163 1786 0.018843
3 1821 1163 2230 0.027699
3 1786 1163 787 0.019947
3 2230 1786 2332 0.017848
3 1075 2212 995 0.006896
3 3906 2141 3259 0.040892
3 2825 983 990 0.065951
3 990 983 3259 0.042635
3 990 3259 2141 0.025183
3 2935 3672 2825 0.071828
3 2935 2825 990 0.065085
3 2935 990 1425 0.044235
3 1425 990 3962 0.026795
3 983 2825 2357 0.089071
3 983 2357 468 0.052533
3 468 2357 1740 0.070839
3 2452 1740 2357 0.113923
3 2452 2357 1318 0.189680
3 1318 2357 2393 0.194562
3 2393 2357 3672 0.099797
3 2393 3672 1142 0.069781
3 3649 3473 468 0.063031
3 468 3473 3895 0.066006
3 468 3895 983 0.058194
3 3649 3226 3473 0.058099
3 4392 3226 3649 0.055465
3 123 4392 3649 0.087988
3 3226 4392 3906 0.053926
3 3473 514 3895 0.044210
3 983 3895 3259 0.052211
3 3259 3895 514 0.050363
3 3259 514 3906 0.041273
3 3906 514 3226 0.044701
3 3226 514 3473 0.054819
3 327 3221 2133 0.087653
3 1605 2689 3559 0.046668
3 3559 2689 3864 0.070748
3 3864 2689 4130 0.071497
3 4130 2689 938 0.071637
3 4206 888 3864 0.087524
3 4206 3864 4130 0.086128
3 4206 4085 1613 0.127189
3 1683 2193 1953 0.163641
3 2381 1953 3754 0.190562
3 598 3754 2193 0.163745
3 2193 3754 1953 0.207905
3 2505 1335 345 0.185751
3 2505 345 784 0.202148
3 345 1335 2381 0.203073
3 2381 1335 1953 0.196505
3 3185 4257 345 0.272058
3 4257 466 757 0.415819
3 466 4257 3185 0.346702
3 1617 2110 466 0.445274
3 2203 1617 466 0.479307
3 637 3994 2203 0.303356
3 637 2203 3161 0.282135
3 4240 1397 637 0.362454
3 4240 637 3161 0.280746
3 637 1397 3994 0.411219
3 3277 131 1711 0.439425
3 2624 1711 131 0.295375
3 1423 2624 131 0.274144
3 3277 1423 131 0.347840
3 2495 2151 4229 0.095973
3 1253 2495 4229 0.054470
3 1253 4229 278 0.044286
3 762 1472 942 0.211661
3 762 942 49 0.123265
3 762 49 658 0.085297
3 2530 3514 1472 0.390243
3 2727 149 2897 0.270078
3 2727 2897 88 0.222964
3 2727 88 1839 0.203724
3 88 2897 379 0.250707
3 3761 88 2305 0.228380
3 2305 88 379 0.225933
3 88 3761 1839 0.166280
3 3761 2870 4385 0.157088
3 483 1451 2740 0.008374
3 2740 1451 717 0.007328
3 4302 1144 3326 0.004025
3 2418 3833 4302 0.006214
3 2418 4302 3326 0.006527
3 2418 2977 3833 0.007292
3 1798 2977 993 0.011091
3 1798 993 2283 0.012061
3 1798 2283 4297 0.012128
3 2418 993 2977 0.015151
3 3191 2977 1798 0.016095
3 2344 4297 4123 0.005189
3 1798 4297 2344 0.005874
3 1798 2344 3191 0.008507
3 1449 3867 3788 0.006859
3 3867 2344 2760 0.005963
3 2760 2344 1588 0.004733
3 2344 3867 3191 0.008444
3 3191 3867 1449 0.010103
3 2990 3785 1547 0.013308
3 1924 2990 1189 0.008770
3 1971 1924 2787 0.008383
3 1189 2787 1924 0.009545
3 2724 2412 752 0.002372
3 2412 2724 4054 0.001737
3 329 4054 2724 0.001959
3 16 2412 4054 0.008948
3 3394 2412 3446 0.009733
3 1450 2724 3209 0.002252
3 3209 2724 1422 0.002964
3 1426 1265 3209 0.002700
3 2076 1426 802 0.004030
3 802 1426 1422 0.002176
3 1422 1426 3209 0.003238
3 1603 1996 498 0.006426
3 1603 498 3708 0.011172
3 186 1603 4339 0.053291
3 3708 4339 1603 0.023430
3 4342 2049 2726 0.065809
3 1999 1401 2461 0.042261
3 1999 2461 2608 0.064401
3 3030 4064 2608 0.048980
3 3030 2608 3697 0.075660
3 1391 4191 3697 0.047910
3 1391 3697 84 0.094289
3 1071 3030 4191 0.023963
3 1673 1332 4064 0.021383
3 3476 1673 4064 0.019304
3 2034 1673 2798 0.010885
3 2798 2483 2611 0.007900
3 2466 2611 2483 0.007966
3 3411 1129 67 0.011622
3 963 3411 67 0.021168
3 963 67 1963 0.016953
3 2483 1963 2466 0.006570
3 2466 1963 67 0.011162
3 2466 67 1129 0.006335
3 3787 2907 3545 0.018275
3 1409 1311 2569 0.009510
3 1409 2569 1193 0.010656
3 3545 1193 3787 0.011655
3 2569 3787 1193 0.009565
3 1136 1311 1409 0.008369
3 847 3690 1193 0.008081
3 1193 3690 1409 0.009320
3 1409 3690 1136 0.007879
3 3402 2116 2824 0.006008
3 3707 3402 37 0.008425
3 3707 37 3108 0.007072
3 2824 37 3402 0.005463
3 4058 3707 3904 0.008336
3 3108 3904 3707 0.008724
3 4233 3904 2100 0.012603
3 4233 2100 1005 0.023970
3 3108 2100 3904 0.010289
3 877 4101 2858 0.045007
3 3404 1605 3559 0.038180
3 3864 3457 3559 0.034414
3 2270 2186 2416 0.084197
3 2416 2186 888 0.096080
3 888 2186 3864 0.081719
3 2817 3457 2186 0.054022
3 1495 2219 26 0.171970
3 26 2219 3986 0.124886
3 1335 2505 1495 0.193042
3 1335 1495 26 0.205731
3 1335 26 3986 0.210890
3 1495 2505 2932 0.211969
3 4257 1296 3586 0.234579
3 4257 3586 3850 0.249718
3 1003 1697 48 0.617067
3 2339 3277 1711 0.423339
3 2339 4182 3277 0.575609
3 3994 3277 4182 0.427165
3 2139 2339 1711 0.522718
3 3581 1873 2139 0.523118
3 3581 2530 127 0.394452
3 2530 3581 3514 0.478590
3 3514 3581 2139 0.490011
3 4382 3581 3521 0.336394
3 4382 3521 1191 0.187096
3 127 3521 3581 0.404973
3 149 3521 127 0.364651
3 2727 3521 149 0.269978
3 2132 2797 3246 0.040000
3 617 2192 1599 0.008653
3 617 1599 4028 0.007664
3 1841 4028 1599 0.010337
3 4236 1431 3572 0.006598
3 2240 4236 3572 0.005555
3 2240 1985 267 0.004304
3 1985 2240 376 0.003427
3 376 2240 3572 0.006166
3 1985 376 2170 0.002690
3 2170 376 3572 0.002565
3 1450 1967 1976 0.001713
3 3209 1265 1967 0.001902
3 1450 3209 1967 0.001978
3 999 1976 1967 0.001171
3 3002 720 4345 0.022298
3 4345 720 2206 0.012118
3 4389 2206 720 0.005649
3 4389 720 4374 0.006157
3 4374 720 3002 0.019579
3 4374 3002 4121 0.023994
3 2076 4345 1426 0.006934
3 1426 4345 2206 0.005655
3 1426 2206 1265 0.003087
3 1401 3791 2461 0.066512
3 3436 4370 3744 0.031554
3 2874 316 2875 0.015903
3 2875 316 777 0.032698
3 777 316 1999 0.029106
3 4370 1999 316 0.038740
3 4370 316 2874 0.035555
3 4370 2874 3744 0.022776
3 2906 3744 2874 0.019248
3 2611 2906 2034 0.011530
3 2611 2034 2798 0.010469
3 2034 2874 2875 0.014937
3 2874 2034 2906 0.017474
3 2906 2611 2885 0.008145
3 2885 2611 2466 0.006863
3 2885 2466 1129 0.005536
3 3370 1732 2885 0.016813
3 2885 1732 2906 0.021825
3 3370 2885 3389 0.007154
3 1311 1532 2904 0.011275
3 1532 1311 4324 0.009646
3 2569 1311 2904 0.007756
3 2569 2904 3389 0.009967
3 1943 2904 1532 0.016992
3 1943 1532 4324 0.015934
3 448 3375 1606 0.054160
3 3375 448 3949 0.029434
3 3375 3949 1207 0.016800
3 2842 4140 3083 0.008670
3 3670 3083 4140 0.006052
3 2149 1459 3270 0.048718
3 3270 1459 3777 0.038493
3 3777 1459 1698 0.047541
3 1717 3402 3707 0.017613
3 1717 3707 4058 0.021141
3 3617 913 949 0.034717
3 949 913 4058 0.022901
3 4058 913 1717 0.030702
3 116 417 2817 0.014209
3 1717 913 3270 0.042740
3 1717 3270 3777 0.030097
3 3270 913 3617 0.030239
3 4067 2524 769 0.103667
3 2524 4067 864 0.083140
3 864 4067 1459 0.068016
3 864 1459 2149 0.058707
3 2932 4048 1495 0.194517
3 1495 2524 2219 0.084682
3 1607 4067 769 0.054615
3 3663 2647 80 0.026638
3 900 3615 3997 0.152468
3 1296 1697 3586 0.335971
3 2397 1445 2665 0.117640
3 548 3826 3540 0.555942
3 3842 3826 3217 0.270554
3 3217 3826 1487 0.425350
3 3217 1487 2346 0.621485
3 3581 4382 3069 0.408066
3 2635 383 369 0.457658
3 383 4382 369 0.461836
3 4382 2435 369 0.381168
3 1191 2435 4382 0.290289
3 4382 383 3069 0.460340
3 3069 383 3857 0.432814
3 3857 383 2635 0.520843
3 369 2435 3871 0.414888
3 369 3871 2635 0.449800
3 3871 2435 3306 0.317046
3 1956 947 3306 0.214829
3 1956 3306 1079 0.120438
3 1956 1079 4134 0.019103
3 4209 4316 863 0.004740
3 863 4316 855 0.009019
3 863 639 4327 0.003972
3 4327 639 213 0.005245
3 213 639 2300 0.016244
3 213 2300 3935 0.027020
3 115 1765 1183 0.037534
3 213 4236 4327 0.006281
3 1976 999 4209 0.001110
3 999 4316 4209 0.001617
3 3595 2839 2148 0.005878
3 4340 3595 2148 0.021571
3 4340 2148 314 0.014913
3 4340 314 4374 0.014293
3 314 2148 2839 0.003584
3 4389 2839 3595 0.001473
3 4389 3595 4134 0.002409
3 1956 4134 3595 0.011948
3 4374 314 2839 0.003844
3 4374 2839 4389 0.002101
3 3179 947 4340 0.153333
3 3436 3179 4340 0.079655
3 3436 4340 4121 0.033999
3 3179 3871 947 0.185898
3 3871 3179 3436 0.140944
3 4374 4121 4340 0.014857
3 572 954 3848 0.261989
3 572 3848 2055 0.370768
3 3848 954 1443 0.202481
3 1943 3956 1525 0.040477
3 1943 1525 2904 0.021461
3 1525 3956 3366 0.081276
3 2055 3217 2346 0.541138
3 2055 2346 3857 0.624481
3 3217 3956 3842 0.155783
3 3956 3217 3366 0.185145
3 3366 3217 2055 0.380573
3 572 2055 2635 0.435772
3 2635 2055 3857 0.488501
3 3615 900 2191 0.120379
3 2487 3615 2191 0.088674
3 1207 2417 3375 0.022874
3 2842 3663 4140 0.010632
3 4140 3663 3588 0.010042
3 2337 4370 3002 0.036832
3 2977 3191 3785 0.011196
3 4130 4085 4206 0.087497
3 1776 579 3574 0.067907
3 4308 3574 579 0.056874
3 4308 579 4009 0.046607
3 4241 2943 2963 0.026441
3 1721 1006 2073 0.051461
3 1721 2073 2970 0.102442
3 1721 2970 2972 0.052932
3 2970 2073 1228 0.105883
3 1601 2972 2970 0.107193
3 1012 4014 2926 0.025154
3 248 1012 2926 0.027172
3 248 2926 908 0.029053
3 3304 3624 3811 0.052386
3 3811 3624 2886 0.048437
3 3575 3811 2886 0.073447
3 893 3802 3304 0.029168
3 893 3304 3614 0.028857
3 3624 3304 4378 0.058466
3 955 4378 3304 0.045013
3 1594 3510 3193 0.273529
3 955 4200 4378 0.027133
3 2419 1977 2216 0.268021
3 2419 2216 4307 0.489345
3 1977 2419 301 0.195510
3 2674 326 1243 0.114782
3 2913 1759 4307 0.437535
3 85 207 825 0.596645
3 85 825 3765 0.560901
3 1977 841 2216 0.253064
3 4307 2216 910 0.497957
3 841 2259 586 0.319449
3 841 586 2216 0.340740
3 2216 586 910 0.404907
3 4397 586 2259 0.281987
3 1757 1368 1234 0.148933
3 1757 1234 60 0.123398
3 1757 60 4070 0.136599
3 1757 4070 240 0.132493
3 240 4070 2458 0.174776
3 4070 60 605 0.141005
3 605 60 2508 0.153181
3 3912 3795 2508 0.256984
3 2508 60 1234 0.132233
3 3613 2995 830 0.037316
3 315 1962 326 0.066406
3 315 326 831 0.096281
3 1962 315 960 0.044690
3 1415 445 315 0.060640
3 1415 315 831 0.090208
3 1415 170 141 0.145495
3 1415 141 3361 0.091453
3 1415 3361 445 0.061335
3 445 3361 3691 0.048612
3 445 3691 315 0.033235
3 3691 3361 1790 0.048936
3 879 3275 686 0.283020
3 3490 3156 2573 0.217582
3 2573 3156 1111 0.227158
3 1177 1111 3156 0.199425
3 3256 1111 1177 0.332623
3 3256 2573 1111 0.228827
3 3490 2573 2860 0.267431
3 3403 3765 2564 0.413290
3 3403 2913 3765 0.412864
3 3403 2564 3075 0.509383
3 372 2614 599 0.586336
3 4397 2199 2774 0.304103
3 2774 2199 3892 0.492156
3 646 380 3897 0.354803
3 1166 380 646 0.455129
3 3795 4070 605 0.276633
3 3795 3510 4070 0.241776
3 3912 1102 798 0.418956
3 1234 1278 2508 0.170258
3 3922 4277 220 0.043434
3 3922 220 3020 0.061001
3 2516 3651 1413 0.045590
3 3651 2516 2578 0.040433
3 2578 1840 3651 0.039596
3 830 960 2658 0.027330
3 830 2658 2959 0.028352
3 2758 3251 4057 0.030020
3 4057 3365 2758 0.031342
3 3251 2158 4057 0.015492
3 3836 1861 2821 0.398796
3 3836 2821 1211 0.363033
3 2757 2821 1861 0.386173
3 2808 575 3298 0.172167
3 3298 575 457 0.232829
3 3298 457 2757 0.404048
3 575 4038 2805 0.413071
3 2365 2805 4038 0.446908
3 4038 2808 1062 0.375136
3 4322 3681 2194 0.228957
3 2614 1929 3606 0.473509
3 1022 1414 1048 0.313343
3 1022 1048 1929 0.490583
3 1929 3511 3606 0.661726
3 1048 3511 1929 0.580251
3 3892 903 2060 0.294928
3 1481 3892 2060 0.263783
3 3897 3814 903 0.326286
3 2776 3814 298 0.299527
3 2776 298 3183 0.297707
3 1706 3814 2776 0.357249
3 3066 298 3814 0.306953
3 298 3066 3183 0.245362
3 3896 511 4244 0.669492
3 511 3896 3023 0.731362
3 2570 710 2249 0.144510
3 2570 2249 3995 0.148112
3 1064 2969 1685 0.063373
3 1064 1685 2168 0.063620
3 1390 1196 1756 0.066050
3 4285 4100 1196 0.064208
3 1756 1196 4100 0.082616
3 4100 4285 1187 0.047217
3 816 971 3163 0.046409
3 816 2859 971 0.051558
3 4260 971 2859 0.065417
3 4005 3355 4037 0.008773
3 3888 3355 4005 0.016833
3 3355 3888 2158 0.017048
3 3355 3971 2664 0.012708
3 2664 3971 3447 0.010515
3 1114 2465 2227 0.213470
3 129 1114 2227 0.087826
3 1114 129 1247 0.085076
3 4007 2465 1114 0.412073
3 2878 2227 2465 0.276912
3 3122 1070 1859 0.276496
3 2757 2805 3103 0.403366
3 2821 3103 1211 0.371447
3 1720 2805 2365 0.300311
3 3200 1720 2365 0.230425
3 1720 3200 484 0.278109
3 484 3103 1720 0.270804
3 1720 3103 2805 0.344832
3 702 4038 1062 0.248908
3 702 1062 1156 0.321082
3 1156 275 702 0.281106
3 2365 702 275 0.434273
3 702 2365 4038 0.278381
3 4143 3560 2854 0.132111
3 2761 3382 2720 0.348826
3 814 428 1069 0.797954
3 814 1069 2876 0.831481
3 3849 2600 190 0.289685
3 1000 2427 3849 0.644380
3 3596 1000 311 0.756537
3 3849 311 1000 0.581875
3 311 2451 3596 0.590460
3 2425 4292 158 0.618888
3 875 2916 986 0.763206
3 99 875 986 0.762760
3 875 3092 2916 0.805137
3 3995 2383 4013 0.094704
3 3291 2383 3995 0.105010
3 2656 3831 465 0.041881
3 3831 2656 3589 0.043293
3 2316 3589 2656 0.035832
3 3255 4100 489 0.046823
3 489 4100 1187 0.042426
3 2056 3759 3458 0.015771
3 3458 4285 1148 0.023968
3 3458 1148 2056 0.015326
3 695 4260 3592 0.082338
3 695 3592 1148 0.051218
3 695 1148 4285 0.053099
3 1148 3592 2056 0.026082
3 1455 695 4285 0.119452
3 2016 324 1894 0.038264
3 1894 4005 2016 0.030612
3 324 4260 1894 0.069554
3 1940 2386 2567 0.008031
3 2386 1154 3523 0.005510
3 2755 464 684 0.004658
3 684 464 1940 0.004918
3 464 2755 1154 0.007156
3 464 1154 1940 0.004288
3 1998 333 3238 0.013147
3 3238 333 4202 0.005980
3 4202 333 3577 0.005911
3 884 2227 2878 0.166557
3 3513 129 2227 0.067562
3 3513 2227 884 0.071576
3 129 3513 1247 0.044243
3 1878 2878 2361 0.323201
3 1878 2361 3948 0.354116
3 1878 4393 943 0.215682
3 1878 943 2878 0.253799
3 2966 4065 2361 0.338923
3 2361 4065 3948 0.317278
3 2994 210 1893 0.162265
3 2267 1893 210 0.137487
3 1737 403 228 0.041040
3 403 1737 2142 0.054715
3 2142 1737 3072 0.035767
3 403 3416 228 0.068863
3 3416 3310 3526 0.080618
3 2807 205 1633 0.161892
3 2807 1633 1616 0.100324
3 3684 516 672 0.249662
3 814 474 4344 0.764197
3 3187 2835 3689 0.899151
3 1689 1892 260 0.935468
3 260 1892 2835 0.943437
3 3689 2835 977 0.942222
3 1892 1689 1348 0.945095
3 3292 4391 4088 0.589525
3 1524 4402 4088 0.830453
3 279 3138 1494 0.784785
3 3625 279 1494 0.919870
3 1494 3138 3475 0.839688
3 2916 3092 3138 0.766208
3 3671 2721 355 0.849781
3 493 2957 1307 0.866342
3 1307 2877 493 0.894210
3 493 2877 3092 0.875098
3 493 3092 875 0.867300
3 493 875 1430 0.836072
3 493 1430 2957 0.825759
3 3175 2488 4280 0.759816
3 3017 2862 3562 0.661999
3 4216 2101 3121 0.257871
3 1152 2101 4216 0.204865
3 4090 1512 2656 0.092877
3 4090 3267 3049 0.574344
3 90 4090 2656 0.090551
3 4090 90 3267 0.240549
3 3348 2545 489 0.008604
3 2809 3773 3918 0.025926
3 3592 3918 2056 0.037571
3 4361 844 618 0.006565
3 4361 618 4195 0.009010
3 4026 618 844 0.011404
3 4026 844 4278 0.015692
3 3741 931 1043 0.004406
3 2755 4202 1618 0.006455
3 2755 1618 1747 0.005454
3 1618 4202 625 0.005362
3 4393 3646 2225 0.090559
3 36 4393 2027 0.275744
3 36 3640 4393 0.230225
3 2723 663 3948 0.139315
3 2027 663 2011 0.201843
3 2011 663 2723 0.163942
3 2748 3700 2123 0.046805
3 3325 2748 2123 0.033966
3 2123 136 3325 0.045202
3 2748 299 3700 0.036471
3 2882 2123 3700 0.068468
3 3072 1737 366 0.044568
3 3526 2491 2108 0.061123
3 3587 2108 2491 0.040709
3 3383 4082 2491 0.068385
3 3526 3383 2491 0.071734
3 3587 4150 1710 0.025125
3 3310 1616 4159 0.096220
3 606 2515 959 0.571449
3 4159 959 2448 0.304913
3 2448 959 2515 0.547468
3 800 2515 4344 0.653197
3 800 1385 1427 0.633126
3 2561 690 3603 0.902085
3 724 2835 1892 0.954210
3 1892 1348 340 0.964366
3 1892 340 724 0.960733
3 4268 1082 221 0.969494
3 221 1082 4161 0.961884
3 4161 3475 3448 0.939543
3 3838 3448 3475 0.939250
3 3838 3475 3012 0.899001
3 291 554 1944 0.762928
3 1944 554 3433 0.782826
3 1851 1712 1944 0.741213
3 291 1944 1712 0.684044
3 1712 1240 1561 0.620768
3 4204 2629 238 0.344372
3 238 3645 11 0.378602
3 238 11 4204 0.376141
3 238 2629 589 0.277953
3 238 589 3645 0.376645
3 2497 11 3645 0.534874
3 11 2497 4204 0.449132
3 3121 973 4216 0.250231
3 1575 1897 2668 0.386213
3 1575 2668 3424 0.446176
3 4132 3424 2668 0.286771
3 2668 1897 980 0.488251
3 4090 3049 602 0.554481
3 1512 4090 4030 0.245176
3 4030 4090 602 0.410181
3 1730 2061 3233 0.441653
3 3880 901 4371 0.331608
3 901 3880 2061 0.346632
3 3908 3093 3000 0.200339
3 4201 2572 1917 0.035228
3 4026 2598 618 0.009636
3 618 2598 1917 0.018665
3 618 1917 4195 0.016811
3 1917 2598 4201 0.031522
3 2960 98 4026 0.027390
3 4249 2960 4278 0.021031
3 2960 4249 3877 0.044014
3 4310 1764 254 0.039809
3 1764 608 254 0.076618
3 2998 3359 215 0.188562
3 1927 4358 2640 0.060233
3 4358 969 2640 0.042910
3 1927 1029 3700 0.086417
3 2430 1901 299 0.027551
3 1970 2527 1890 0.026877
3 1890 2527 704 0.035867
3 1890 704 4200 0.038352
3 1439 767 237 0.029171
3 237 3614 1439 0.046616
3 237 767 517 0.041315
3 517 3802 237 0.025020
3 893 237 3802 0.031234
3 237 893 3614 0.029951
3 3981 519 2886 0.040088
3 1554 3520 2486 0.027077
3 253 2051 3520 0.020621
3 3052 4256 1637 0.011413
3 159 3052 1637 0.007114
3 1637 1980 159 0.007564
3 2231 4082 2405 0.036320
3 4150 2231 2405 0.019971
3 2231 4150 3587 0.023747
3 2231 3587 2491 0.032961
3 2231 2491 4082 0.029710
3 3717 3445 2330 0.381802
3 3445 2920 2330 0.345972
3 3717 2001 3445 0.226081
3 2792 2521 2448 0.587943
3 2448 2521 2330 0.490085
3 3955 2521 2792 0.609579
3 2948 1542 3955 0.439639
3 3955 1427 2948 0.521369
3 1168 962 1107 0.907676
3 25 4337 2287 0.973754
3 3824 3543 38 0.983704
3 2618 964 3406 0.983128
3 1604 387 2529 0.971798
3 1604 2529 1365 0.981728
3 1374 1671 387 0.946763
3 1374 387 1604 0.935976
3 3448 1604 482 0.962796
3 1365 482 1604 0.970166
3 3838 1374 236 0.936638
3 236 1374 1604 0.926532
3 3448 3838 236 0.932713
3 1319 1563 737 0.755641
3 737 2557 3012 0.816938
3 737 3012 389 0.740521
3 1319 737 1903 0.611113
3 737 389 1903 0.626995
3 1563 2557 737 0.836527
3 348 2557 1563 0.873140
3 291 1712 3648 0.605029
3 291 3648 1094 0.636287
3 554 1094 1090 0.507939
3 554 1090 3433 0.664079
3 1094 2802 1090 0.432970
3 2087 1772 700 0.469773
3 2087 700 616 0.593691
3 700 1115 616 0.727876
3 2343 692 1879 0.231328
3 1879 692 3010 0.227129
3 1879 533 2343 0.173555
3 2762 453 2343 0.436477
3 2343 453 1182 0.437435
3 2343 1182 692 0.355330
3 2668 592 3945 0.200939
3 2668 3945 3010 0.211634
3 592 2668 980 0.674467
3 592 980 2971 0.807598
3 3945 592 2971 0.282264
3 1989 443 3504 0.901059
3 120 3504 443 0.895153
3 1031 3452 3504 0.851670
3 1031 3504 120 0.838176
3 4254 2852 886 0.629308
3 4047 1791 134 0.479660
3 4371 937 441 0.358752
3 4047 4371 441 0.426564
3 4047 441 1791 0.454962
3 1185 937 4329 0.268143
3 4201 2507 3000 0.117016
3 1632 2507 1054 0.091943
3 98 2960 638 0.034182
3 638 2960 1557 0.044941
3 1557 735 638 0.022558
3 638 2598 98 0.025780
3 2598 638 735 0.030159
3 688 4155 3541 0.096923
3 2634 3495 1867 0.040920
3 3429 3495 3858 0.051348
3 3858 3495 4272 0.056762
3 3495 2634 4272 0.056261
3 2631 2363 3734 0.047120
3 2363 2631 789 0.057795
3 4220 3086 2648 0.077984
3 3751 1883 726 0.075422
3 1883 3751 622 0.095351
3 726 1336 3751 0.068638
3 1336 726 3493 0.064396
3 622 3086 1883 0.098656
3 1666 357 438 0.151160
3 438 1336 3493 0.072608
3 3751 600 622 0.051972
3 622 600 2648 0.043669
3 622 2648 3086 0.088484
3 2208 2648 600 0.053462
3 3751 1336 357 0.064612
3 438 357 1336 0.086978
3 1654 438 3493 0.115869
3 438 1654 1666 0.155638
3 3409 1666 1654 0.166892
3 1654 4137 3387 0.138072
3 3041 3624 4378 0.047445
3 3624 3041 1456 0.043400
3 704 2527 3084 0.029708
3 1439 3520 2398 0.023965
3 767 2398 2237 0.031448
3 767 2237 517 0.041187
3 2751 3412 2398 0.021078
3 2751 2398 3520 0.016228
3 3412 2237 2398 0.024125
3 3875 1700 2460 0.042869
3 3875 2460 727 0.047345
3 727 2460 3975 0.039493
3 604 2637 2528 0.020229
3 2528 2637 965 0.016029
3 1800 2544 3961 0.018546
3 3961 3405 284 0.011430
3 284 3405 3426 0.014325
3 3426 3405 982 0.016317
3 1871 2652 2358 0.034794
3 1871 2358 323 0.031846
3 296 1501 323 0.049040
3 323 1501 1871 0.042828
3 2652 2356 2358 0.030654
3 323 2358 296 0.032954
3 3954 296 2358 0.025599
3 3220 296 3322 0.069382
3 1946 4239 4300 0.396400
3 1768 3531 1350 0.847227
3 1768 1350 2140 0.801485
3 2686 1768 2140 0.833102
3 2686 1230 2989 0.953162
3 2686 2989 1405 0.968042
3 2686 1405 1768 0.950304
3 3531 1768 208 0.903648
3 2741 3344 1158 0.980841
3 2263 1158 3344 0.976105
3 2551 2618 2584 0.980139
3 2551 2584 4156 0.944302
3 3834 3900 269 0.981510
3 269 3900 2290 0.988890
3 1444 3491 146 0.939685
3 1027 749 4060 0.427646
3 4163 1866 607 0.548112
3 3852 4084 3704 0.214763
3 188 2164 1383 0.173600
3 3639 2164 188 0.128084
3 3569 3716 3639 0.249232
3 3569 3639 4151 0.348422
3 3208 3923 3339 0.478955
3 2832 2812 3068 0.483667
3 2812 2832 264 0.528137
3 2812 264 378 0.513239
3 2052 1743 3658 0.428576
3 4141 588 3945 0.286175
3 1743 588 4141 0.376218
3 3202 1744 1989 0.883086
3 3202 1989 3504 0.867064
3 3202 3504 3135 0.816612
3 1744 3202 3174 0.883968
3 2852 1906 886 0.733975
3 3031 3919 2366 0.289974
3 3919 2729 2366 0.434139
3 3031 2919 3919 0.356759
3 30 791 3919 0.642753
3 791 2729 3919 0.525339
3 3252 2366 2729 0.625920
3 441 1185 540 0.344499
3 3252 441 540 0.419712
3 1185 4329 4273 0.377614
3 4273 4329 3046 0.287233
3 2996 1826 3228 0.098419
3 3228 1826 1640 0.022657
3 4155 1442 1215 0.011175
3 1215 1442 2371 0.008754
3 4313 2371 1442 0.007953
3 4313 2319 2371 0.012337
3 4160 3801 661 0.019081
3 1434 2622 4272 0.158797
3 4272 2315 1434 0.244084
3 3434 1213 1914 0.105285
3 1213 2315 1914 0.203605
3 2534 1213 3434 0.030743
3 3249 362 0 0.032922
3 362 3249 1584 0.022380
3 4002 3148 1034 0.005633
3 4002 1034 3438 0.008994
3 357 2736 3751 0.075848
3 2736 600 3751 0.051991
3 357 3621 2736 0.126382
3 2736 2208 600 0.061763
3 537 2424 3621 0.338889
3 754 537 3621 0.314767
3 537 754 2909 0.388507
3 537 2909 3883 0.345472
3 1275 241 2274 0.109144
3 2903 1275 2274 0.092329
3 1275 3701 241 0.133666
3 2903 3154 2985 0.033935
3 4332 4203 3266 0.021885
3 3356 4332 3266 0.021756
3 4203 1473 1918 0.039009
3 3160 3041 4138 0.027370
3 3084 2602 4138 0.025740
3 3494 4138 2602 0.015275
3 1412 2012 212 0.036604
3 2012 1412 2527 0.033991
3 2012 2527 529 0.031197
3 1860 2593 1099 0.025387
3 1860 2790 2593 0.019391
3 2593 2790 2214 0.026148
3 1628 97 3195 0.032470
3 1628 2256 97 0.032194
3 1106 1232 2359 0.014092
3 1106 2359 3426 0.021177
3 3426 2359 284 0.020166
3 2359 1800 284 0.015288
3 3961 284 1800 0.011966
3 118 1501 3220 0.095918
3 118 1987 1501 0.078658
3 1353 4239 1951 0.124826
3 4097 2377 249 0.183568
3 2377 845 2936 0.287197
3 921 1220 845 0.259383
3 921 845 4097 0.274540
3 1875 3531 3364 0.693358
3 199 1482 3531 0.877101
3 2694 2815 715 0.965175
3 2234 3807 3750 0.959784
3 3750 385 3776 0.973852
3 4269 3776 385 0.976984
3 385 3750 3807 0.964479
3 703 1470 2234 0.968697
3 3750 3851 703 0.976007
3 1674 703 3851 0.979768
3 3817 4400 3957 0.913606
3 3957 1293 3817 0.905128
3 3397 3491 1205 0.904689
3 1428 3062 775 0.921292
3 1428 775 1509 0.904285
3 527 1205 3491 0.904814
3 527 3491 1444 0.917188
3 4311 1428 527 0.912115
3 1509 527 1428 0.891364
3 1351 3295 1774 0.356068
3 1351 1774 1586 0.349098
3 1351 1586 1126 0.311971
3 2708 1126 633 0.792919
3 1846 2708 633 0.896755
3 1586 1774 3910 0.489980
3 3295 1351 593 0.375509
3 593 1126 2708 0.686787
3 593 2708 2224 0.759992
3 593 2224 3295 0.653121
3 593 1351 1126 0.368888
3 1774 3524 3910 0.561742
3 3910 3524 3178 0.685772
3 4060 3524 1027 0.444483
3 2406 2588 3548 0.158522
3 1848 2053 2588 0.089790
3 2588 2053 2843 0.112459
3 2058 4112 3569 0.263517
3 2058 3569 3784 0.269613
3 3716 3569 4112 0.312007
3 3784 3569 4151 0.336957
3 4151 3003 1137 0.504888
3 3991 1137 3746 0.395356
3 4314 3151 3591 0.294859
3 2289 3459 2863 0.724184
3 2289 3767 3604 0.730757
3 3604 3118 2289 0.742693
3 3658 1570 303 0.451545
3 303 1570 2927 0.658928
3 4205 3566 4176 0.430798
3 4015 743 3861 0.295178
3 3031 1406 262 0.351215
3 1504 1406 3170 0.329106
3 4117 365 2313 0.150074
3 420 365 3815 0.172518
3 1761 420 3815 0.186301
3 420 1761 495 0.289911
3 420 495 2313 0.247813
3 420 2313 365 0.184770
3 1761 3815 894 0.289811
3 1053 2074 2734 0.302390
3 3130 1053 1394 0.219110
3 2074 1053 3130 0.250306
3 1394 2153 3130 0.180494
3 4117 3130 2153 0.145705
3 2153 246 4117 0.185528
3 358 2610 2085 0.010542
3 2085 2610 21 0.011695
3 2081 3228 2610 0.006733
3 21 2610 1640 0.008424
3 2610 3228 1640 0.008605
3 358 2085 1864 0.011040
3 2610 358 2081 0.007758
3 3398 3090 3554 0.023930
3 3398 4356 3090 0.018386
3 2400 4128 3538 0.039648
3 3538 1039 2400 0.094347
3 2102 2433 1321 0.006495
3 1596 1321 2433 0.010963
3 3106 2917 2560 0.001217
3 1321 2560 2102 0.002873
3 2102 2560 2946 0.002314
3 4003 2556 72 0.005535
3 2556 753 72 0.003993
3 72 524 3883 0.030027
3 72 3883 4003 0.038891
3 4003 3883 4180 0.041063
3 3701 1884 3635 0.080148
3 3087 2903 172 0.093658
3 3060 3087 172 0.140111
3 2985 3356 2903 0.026263
3 4274 3794 139 0.022566
3 2844 4274 1223 0.027031
3 3300 1838 1120 0.023281
3 3561 3390 2269 0.027144
3 3390 3561 909 0.037494
3 102 1827 3611 0.027123
3 102 2297 1785 0.041522
3 2297 2502 4001 0.020312
3 2502 3494 2790 0.017343
3 2502 2790 4001 0.017374
3 3611 2502 2297 0.028832
3 431 3201 669 0.026422
3 669 2256 1628 0.036051
3 1628 2714 669 0.045357
3 669 2714 431 0.030045
3 3201 431 1785 0.040077
3 3201 2256 669 0.037643
3 741 1785 431 0.033575
3 2980 3195 4381 0.012842
3 2980 4096 3195 0.016409
3 450 2091 2980 0.012467
3 13 2883 1316 0.021357
3 601 2880 1704 0.032600
3 601 1704 13 0.025918
3 13 1704 2883 0.024668
3 45 4109 2582 0.017981
3 45 2582 601 0.025272
3 601 2582 2880 0.026123
3 2582 4109 4325 0.027571
3 3835 2898 944 0.064398
3 2898 4325 944 0.069019
3 577 2377 2936 0.257648
3 577 2936 295 0.229042
3 295 2136 1076 0.213391
3 295 1076 577 0.175245
3 1076 249 577 0.165462
3 577 249 2377 0.233010
3 1220 2364 827 0.389162
3 2742 2276 2364 0.450009
3 2364 2276 3212 0.337441
3 869 1794 4012 0.917123
3 4012 1794 3269 0.913705
3 2510 3269 2815 0.968530
3 1169 3395 252 0.950337
3 1169 1088 2187 0.934101
3 1169 2187 3395 0.902823
3 3227 3776 4269 0.984212
3 1885 2691 2819 0.948634
3 1885 2819 4269 0.951422
3 3807 2691 1885 0.967315
3 2691 3807 3622 0.967889
3 2691 3622 2819 0.938762
3 1470 2436 3807 0.960618
3 1990 3089 3053 0.950943
3 2654 3053 4126 0.943841
3 4126 3053 3089 0.932285
3 1748 3053 2654 0.942856
3 3053 1748 1844 0.936903
3 3262 3152 3901 0.942883
3 2454 63 1966 0.954113
3 63 2454 3876 0.949373
3 63 3876 2308 0.920994
3 63 2308 1966 0.963209
3 1966 2308 4171 0.935320
3 3876 4192 2308 0.950139
3 2308 187 4171 0.877848
3 187 2308 2318 0.924778
3 2318 2308 4192 0.934935
3 1667 4330 3894 0.933854
3 1667 3894 1361 0.943846
3 3280 3894 4330 0.947450
3 1573 1822 2003 0.912618
3 1822 3659 2003 0.951093
3 2003 3910 1573 0.855192
3 1636 2271 477 0.943618
3 1636 2003 2271 0.952440
3 2271 2003 2477 0.914904
3 1964 1586 439 0.668368
3 1964 439 2685 0.840722
3 633 1964 2685 0.832819
3 3178 349 480 0.676642
3 349 3178 3524 0.632785
3 349 3524 2388 0.511826
3 1040 480 349 0.642018
3 4259 3843 2031 0.557430
3 1529 976 2439 0.081218
3 2321 1957 505 0.034748
3 2321 505 300 0.056249
3 356 2321 3907 0.062651
3 1957 2321 356 0.064867
3 4113 3721 2696 0.043609
3 3056 3721 4113 0.047867
3 4113 2696 3870 0.070553
3 1895 1638 3746 0.372409
3 3003 1916 1137 0.397459
3 758 1631 2266 0.466272
3 1631 758 4116 0.454144
3 287 2266 1631 0.444628
3 945 442 2442 0.625557
3 4019 2442 442 0.641241
3 3215 4019 442 0.438713
3 3327 442 945 0.691350
3 110 2562 2856 0.452368
3 2562 110 4077 0.556989
3 2105 3742 3118 0.603408
3 4410 1047 3780 0.692842
3 2879 3736 2210 0.203654
3 2210 4179 1925 0.251151
3 2173 2766 1831 0.328118
3 1831 3861 743 0.332174
3 1831 743 2173 0.321701
3 1372 2766 2173 0.346100
3 2766 790 1831 0.347361
3 3699 4015 580 0.424165
3 580 4015 2292 0.319903
3 2292 4015 3683 0.320801
3 4117 246 3381 0.151137
3 1462 2313 2320 0.207493
3 2074 2320 1761 0.334784
3 2320 2074 1462 0.328763
3 2320 2313 495 0.283893
3 2320 495 1761 0.339340
3 2285 2833 2296 0.010620
3 2296 2833 3920 0.009421
3 433 3920 3109 0.015158
3 3109 352 433 0.011077
3 433 352 731 0.012512
3 265 4022 870 0.035774
3 870 4022 2039 0.036409
3 870 2781 265 0.038077
3 265 3482 4022 0.032060
3 2319 2093 1276 0.013763
3 2319 1276 3745 0.019354
3 3334 1117 4356 0.024240
3 2838 3538 2241 0.018810
3 2838 2241 4193 0.008514
3 4193 4356 2838 0.011075
3 1039 3538 3398 0.022958
3 4299 3137 1837 0.001542
3 2247 1837 2946 0.000983
3 1837 2247 4299 0.000847
3 2059 2992 3287 0.001881
3 2992 2059 1691 0.001753
3 2556 4003 1295 0.005526
3 3576 201 2355 0.006151
3 2355 1295 3576 0.006957
3 3576 571 201 0.011472
3 571 3576 4180 0.011701
3 534 2182 202 0.011379
3 571 2182 534 0.011706
3 3628 680 2184 0.028428
3 3774 1773 1809 0.049779
3 1809 1773 4376 0.051957
3 1150 3190 4226 0.016205
3 3483 2709 3425 0.043188
3 3483 3425 353 0.033152
3 3425 4096 1229 0.030569
3 1306 2980 2384 0.022818
3 1704 2880 2211 0.023745
3 1704 2211 226 0.030937
3 1704 226 3388 0.026216
3 1888 998 2513 0.039813
3 1888 2513 2539 0.030413
3 2513 998 2880 0.043049
3 4325 2539 2513 0.038300
3 1268 135 1010 0.032588
3 1010 135 1911 0.027833
3 991 135 1268 0.041599
3 4403 694 1500 0.053723
3 1500 2226 4043 0.041065
3 3809 3463 2803 0.383910
3 3809 1644 1097 0.180028
3 3809 1097 3463 0.247032
3 560 4243 810 0.508496
3 2472 2837 1298 0.833131
3 1298 2837 848 0.830731
3 848 2837 3218 0.830376
3 3218 2837 4025 0.798011
3 2837 2472 4158 0.882721
3 2837 4158 4025 0.849512
3 4158 2472 3213 0.879108
3 4158 1766 2550 0.791258
3 2550 1766 3685 0.733009
3 4012 393 138 0.874661
3 1580 730 64 0.898486
3 1580 64 4406 0.867188
3 730 252 64 0.927814
3 64 252 3395 0.933572
3 64 3395 4406 0.847555
3 546 3104 2895 0.820840
3 1935 2125 3317 0.916681
3 1829 2711 2086 0.886956
3 509 1870 3662 0.877982
3 2467 2819 3622 0.891649
3 2467 1870 509 0.895372
3 2467 509 2819 0.892438
3 2819 509 4269 0.916379
3 3162 1990 3368 0.945885
3 410 2086 3162 0.935024
3 410 3162 3368 0.955177
3 1829 410 3368 0.933728
3 410 1829 2086 0.886875
3 1844 2793 1829 0.898119
3 1783 935 528 0.930514
3 4171 1270 3035 0.904584
3 1650 3654 3085 0.834850
3 3280 950 2644 0.769403
3 4330 3757 1471 0.953614
3 2643 3399 1803 0.946194
3 2303 3224 1089 0.867022
3 3471 3726 3379 0.671451
3 3471 3730 3726 0.292517
3 1648 3036 500 0.017746
3 976 3358 1898 0.030886
3 1804 320 659 0.054592
3 659 510 1804 0.040655
3 510 1898 3358 0.033702
3 510 3358 1804 0.032518
3 1804 2131 320 0.034770
3 3253 1957 2309 0.037239
3 2309 1957 2131 0.032357
3 3328 3593 1581 0.095266
3 3328 1818 547 0.055223
3 52 3056 2536 0.037904
3 3743 2469 3353 0.045060
3 2469 4185 3353 0.045927
3 1813 3124 4185 0.083434
3 3746 725 2645 0.434867
3 3746 2645 1895 0.390284
3 3362 582 193 0.107189
3 3924 4019 3410 0.509138
3 3547 3410 4019 0.521989
3 1210 4063 734 0.238286
3 4063 2154 734 0.193618
3 2064 2737 2154 0.033621
3 2064 2154 2806 0.034777
3 2806 2154 4063 0.078951
3 4063 1486 2806 0.247572
3 3215 1486 4063 0.449990
3 734 2154 2737 0.167534
3 734 1950 1210 0.501248
3 1328 2064 2806 0.106168
3 2806 1486 3327 0.463834
3 2806 3327 1328 0.395221
3 1328 3327 82 0.601478
3 2064 1328 82 0.351159
3 2291 2737 2725 0.316172
3 2130 1833 2494 0.654600
3 2130 3197 1833 0.679649
3 4410 1981 1047 0.705944
3 660 209 1974 0.128958
3 1305 1974 209 0.108161
3 660 1317 209 0.203239
3 3415 1741 559 0.147790
3 3415 559 4264 0.401258
3 559 1741 3302 0.163016
3 4264 4323 4023 0.368352
3 433 4103 2511 0.015234
3 433 2511 3920 0.015696
3 3920 2511 2296 0.013935
3 2296 2511 2730 0.023160
3 4136 4079 4103 0.019480
3 3482 4136 731 0.013343
3 2781 4136 3482 0.020868
3 542 3920 2833 0.008492
3 2833 2285 861 0.010421
3 2833 861 542 0.008353
3 542 861 3109 0.007726
3 542 3109 3920 0.009656
3 3460 1887 1458 0.021455
3 343 4328 2444 0.028869
3 343 2444 4024 0.019335
3 4073 2446 4335 0.152590
3 2446 3878 334 0.391211
3 334 3878 4173 0.225411
3 3878 2446 4073 0.292072
3 3878 4073 664 0.214363
3 3984 4073 4335 0.041325
3 4299 3237 2660 0.004437
3 3237 4299 1939 0.001742
3 87 1571 2690 0.000876
3 413 1961 2800 0.003409
3 59 413 2800 0.004707
3 1464 2902 2355 0.001631
3 2543 1464 1001 0.001153
3 2543 144 2120 0.000871
3 2543 1001 144 0.001616
3 2905 2120 144 0.001978
3 2811 1877 2335 0.003911
3 4042 4376 4367 0.031342
3 4042 4367 2866 0.018175
3 1948 4367 3553 0.028375
3 2866 876 4241 0.014895
3 876 2177 81 0.009020
3 81 2177 4129 0.008573
3 3425 1437 353 0.042003
3 3483 353 411 0.038621
3 411 3286 3483 0.033481
3 3483 3286 904 0.029551
3 4237 997 1437 0.081685
3 411 1437 997 0.059597
3 4237 1306 4354 0.025378
3 4237 4354 4326 0.034949
3 3388 3696 4354 0.028850
3 2639 3696 22 0.035961
3 22 1601 2639 0.082225
3 998 1888 539 0.049071
3 539 2211 998 0.047630
3 998 2211 2880 0.026979
3 1965 2211 539 0.039149
3 1965 539 3911 0.040053
3 1965 3911 2972 0.039703
3 2067 2221 3865 0.123627
3 2067 3865 1668 0.150265
3 2067 2537 951 0.155808
3 2525 2067 951 0.131378
3 2067 2525 2221 0.120803
3 3373 3421 2008 0.136222
3 3373 786 3421 0.135126
3 786 1739 3421 0.194230
3 994 1739 786 0.074858
3 1746 96 3113 0.249647
3 1746 3113 1017 0.252800
3 96 3893 3113 0.218096
3 4243 2455 1056 0.464808
3 1056 2455 1824 0.291257
3 1824 2455 224 0.408462
3 224 2455 1507 0.612375
3 2701 1854 3091 0.782663
3 3091 507 2701 0.780357
3 2764 1854 2701 0.790419
3 1854 4144 3091 0.810636
3 2764 2701 2868 0.572098
3 719 681 768 0.742589
3 768 681 1842 0.786154
3 719 768 1421 0.743291
3 2710 719 1421 0.823470
3 1766 2855 3685 0.658318
3 2855 3539 3685 0.650621
3 3539 1052 3685 0.771214
3 1675 4227 3150 0.939683
3 3933 839 2702 0.924912
3 839 2088 2702 0.869055
3 3374 4221 3149 0.806520
3 1781 868 1693 0.390292
3 1781 1693 1806 0.412833
3 4194 1781 1806 0.455951
3 868 1781 3258 0.395678
3 3280 2302 950 0.689977
3 950 2302 4286 0.528250
3 3757 2592 2302 0.806726
3 2302 2592 4286 0.526991
3 3726 3730 3332 0.231955
3 3332 3730 4106 0.209541
3 4106 3730 3079 0.158684
3 3079 2066 4106 0.107550
3 1648 500 451 0.021708
3 1937 3018 2540 0.050786
3 2540 3018 3126 0.051377
3 1581 3593 3126 0.060670
3 1315 3126 3593 0.026835
3 1315 3593 1880 0.024618
3 1742 1880 1356 0.030277
3 1356 1880 776 0.026899
3 1356 1342 1742 0.038199
3 1742 1342 3542 0.037739
3 1344 1880 1742 0.036359
3 776 1880 3593 0.031762
3 1342 1356 776 0.033123
3 2830 1863 1522 0.063792
3 3230 2896 2443 0.250658
3 308 3230 2443 0.227394
3 308 2443 3711 0.223269
3 3711 2443 4167 0.188176
3 308 2010 3230 0.354062
3 3444 3230 1014 0.367139
3 2010 1014 3230 0.403089
3 2834 425 423 0.047478
3 423 425 852 0.071360
3 423 852 961 0.135871
3 423 961 2070 0.088079
3 423 2070 2834 0.044069
3 2834 2070 1312 0.036656
3 2834 1553 871 0.094274
3 2834 871 425 0.066932
3 425 871 852 0.091148
3 852 871 332 0.182062
3 852 332 2586 0.273390
3 3071 2391 1536 0.150077
3 2391 3071 3244 0.068643
3 1466 2171 2836 0.528541
3 2836 2763 1556 0.516283
3 2836 1556 1466 0.527700
3 887 3484 2563 0.638973
3 887 2563 1556 0.470356
3 1556 2563 1466 0.526852
3 2171 1466 3240 0.569104
3 2106 3508 2670 0.630678
3 2670 3484 2106 0.607861
3 1981 3194 3197 0.655403
3 1677 4035 1858 0.561038
3 1858 3157 1677 0.653129
3 3157 1972 1677 0.742615
3 2017 1677 1972 0.841568
3 531 1836 3192 0.215237
3 3192 4035 531 0.476814
3 531 2767 1197 0.423776
3 531 1197 1836 0.249991
3 1733 2324 4212 0.106024
3 2512 3940 3278 0.260318
3 3278 3940 2894 0.204407
3 4363 15 1959 0.278389
3 1959 15 2595 0.293945
3 4363 10 15 0.154459
3 15 10 2595 0.203277
3 2595 10 2432 0.156674
3 2432 1679 2595 0.159797
3 2595 1679 2894 0.204623
3 2894 1679 1792 0.118841
3 4264 4006 3415 0.330560
3 1741 3415 610 0.107139
3 1741 1679 3302 0.100937
3 1679 1741 610 0.080218
3 2669 610 3415 0.075500
3 2669 3415 4006 0.176918
3 2669 3903 610 0.037984
3 4398 683 3903 0.129728
3 3903 683 3756 0.145348
3 556 334 2334 0.056328
3 2446 556 4335 0.127951
3 556 2446 334 0.201806
3 334 4173 2334 0.086522
3 556 2334 2444 0.034446
3 2444 4335 556 0.063295
3 1225 2349 3609 0.064947
3 3061 336 1907 0.006663
3 1084 1713 2078 0.011140
3 2829 866 3673 0.004407
3 866 2829 2335 0.003816
3 3470 2335 2829 0.003103
3 3627 881 2753 0.053414
3 2753 881 3437 0.037452
3 881 3627 2943 0.048070
3 881 2943 475 0.026603
3 881 1469 3437 0.022738
3 3872 772 4089 0.057831
3 543 2974 1572 0.062861
3 3769 543 772 0.025003
3 772 543 1572 0.034245
3 1134 2974 543 0.050736
3 1134 543 3769 0.031024
3 3769 2389 1134 0.075565
3 656 3960 4294 0.262712
3 656 4294 2974 0.175291
3 3960 4326 4294 0.229079
3 3435 4326 4354 0.042190
3 2687 1228 4135 0.326590
3 732 4135 3117 0.331201
3 3677 3885 1779 0.140056
3 3966 3885 3677 0.117721
3 1739 1779 3885 0.089786
3 3766 1388 3678 0.165488
3 2517 496 1874 0.404766
3 3982 1960 3532 0.746515
3 1960 4232 3532 0.668230
3 1241 3950 4093 0.157933
3 4093 3950 3498 0.173120
3 3950 1241 1294 0.172986
3 1204 3454 3999 0.675179
3 3999 3454 2857 0.699355
3 3349 2791 3354 0.860097
3 3016 2791 3349 0.872777
3 2746 2094 2360 0.878834
3 2421 1072 1058 0.915313
3 2094 1058 1072 0.911835
3 2983 1058 3101 0.848048
3 1083 3102 2181 0.787168
3 2407 1257 3461 0.651456
3 2407 3102 3932 0.828698
3 2407 3932 1257 0.793946
3 4227 3932 3102 0.893268
3 3932 2499 631 0.900690
3 631 2499 3653 0.881541
3 405 2456 430 0.909771
3 2456 1715 2035 0.901860
3 430 2456 2035 0.895723
3 2035 3653 430 0.890771
3 1049 430 3653 0.902648
3 405 430 4298 0.888701
3 1049 4298 430 0.921185
3 405 501 2456 0.914192
3 1715 2456 1231 0.912024
3 1231 2456 501 0.905591
3 2035 1715 631 0.906705
3 2145 4221 2322 0.773078
3 2145 812 3149 0.730842
3 2908 4293 3943 0.638850
3 2549 3943 4293 0.545496
3 868 1534 2841 0.375286
3 3235 4288 4040 0.252805
3 3343 3726 3332 0.298385
3 2066 390 1263 0.041380
3 2066 4304 2987 0.091591
3 4304 2066 1263 0.054782
3 2411 1404 2827 0.038786
3 2553 1416 2540 0.030489
3 4384 4390 206 0.030724
3 2871 4312 745 0.171096
3 3303 745 3284 0.069521
3 3284 745 4346 0.096103
3 4346 745 4312 0.102467
3 3804 3444 3497 0.552792
3 3497 3444 1014 0.644694
3 3643 234 3632 0.127997
3 1936 1751 1933 0.063551
3 1933 1751 2892 0.033870
3 1928 1301 402 0.007353
3 402 1301 1480 0.006154
3 1312 652 2775 0.005379
3 2265 1324 436 0.115822
3 3749 2265 436 0.146021
3 3464 3240 2563 0.640516
3 2563 3484 3464 0.671866
3 3481 2867 3518 0.123632
3 613 3481 3518 0.204228
3 3058 1364 143 0.067448
3 3989 2434 502 0.201055
3 3989 502 912 0.127210
3 2253 3925 807 0.288314
3 3925 3668 807 0.278898
3 2200 2471 3278 0.369086
3 3278 2471 2512 0.380502
3 3278 2894 3756 0.223563
3 914 2506 2299 0.196721
3 2506 2200 3756 0.226268
3 2506 3756 2299 0.203646
3 2304 2026 4170 0.216648
3 2786 2609 2254 0.112284
3 2022 2786 2254 0.079708
3 2022 2254 1081 0.088854
3 2786 2022 3927 0.112439
3 2786 2314 2609 0.116167
3 2609 2314 132 0.250239
3 2609 132 874 0.239978
3 2609 874 2254 0.141007
3 342 3927 2107 0.127261
3 2735 342 2107 0.163415
3 342 2735 304 0.210958
3 2282 304 2735 0.228769
3 304 3927 342 0.155095
3 2340 587 946 0.106930
3 2340 946 781 0.154168
3 781 1378 2340 0.203691
3 1802 4213 3380 0.033541
3 32 424 682 0.390635
3 682 424 2632 0.268174
3 424 521 290 0.086280
3 2632 424 290 0.078303
3 682 2144 32 0.502482
3 424 32 521 0.154764
3 521 2163 290 0.073147
3 2144 682 4056 0.608845
3 3260 2717 4053 0.508198
3 2404 2169 1497 0.776883
3 2404 4153 2169 0.801703
3 1496 3155 3868 0.184851
3 4080 738 426 0.640599
3 4080 426 4098 0.427885
3 4098 426 862 0.199527
3 862 426 3980 0.205901
3 4098 2246 4080 0.426378
3 426 738 3980 0.447479
3 2078 1993 1084 0.013161
3 923 1084 1993 0.037899
3 2273 3667 1993 0.013852
3 2273 1993 3470 0.008476
3 3013 728 1994 0.107005
3 4111 880 338 0.097781
3 3247 3516 338 0.038572
3 338 2134 4111 0.103816
3 4111 2134 1687 0.160386
3 1687 2134 1723 0.089753
3 3247 2963 4020 0.025541
3 3516 1362 1723 0.052550
3 1723 2134 3516 0.087124
3 2699 68 2376 0.183660
3 3987 2376 68 0.158652
3 3987 3688 2376 0.166649
3 68 4016 3987 0.117129
3 4016 68 2699 0.150663
3 2753 469 3627 0.076099
3 1402 1515 4174 0.150627
3 1572 2974 432 0.122075
3 4247 3914 432 0.423022
3 432 3914 1572 0.274126
3 4294 3570 432 0.296274
3 4294 432 2974 0.276491
3 1789 621 2114 0.260768
3 1789 4266 4247 0.427700
3 4247 621 1789 0.309252
3 1690 4031 1024 0.319511
3 2261 1954 2054 0.379609
3 2054 1954 239 0.345038
3 2054 239 2279 0.329891
3 1066 3778 2991 0.309975
3 1066 3992 3778 0.273977
3 782 2023 1626 0.345544
3 782 1626 2235 0.245210
3 2023 782 2223 0.206038
3 3082 829 2023 0.176336
3 2023 829 1626 0.179577
3 1626 829 3314 0.071752
3 3314 829 71 0.079665
3 104 1626 3314 0.049081
3 4018 1665 1392 0.277242
3 114 1392 1665 0.139503
3 3719 748 1355 0.252574
3 1355 748 3714 0.404806
3 4119 3719 3714 0.474635
3 1355 3714 3719 0.399685
3 748 3719 1670 0.276541
3 3498 1073 4093 0.377019
3 2040 4093 1073 0.535074
3 1241 4093 629 0.168062
3 1241 629 3930 0.269441
3 3930 629 4353 0.434039
3 2277 3999 2857 0.793611
3 2095 2409 2277 0.871683
3 2277 2409 3999 0.878970
3 2409 2095 1216 0.680091
3 1299 225 3207 0.892174
3 3207 225 2062 0.898038
3 2062 225 3800 0.901164
3 3800 225 2666 0.916565
3 1299 2666 225 0.887796
3 4349 3682 1889 0.880737
3 1257 2872 3461 0.712162
3 3789 418 3939 0.739638
3 418 2127 3939 0.850689
3 1702 1050 2046 0.329346
3 4298 3652 1042 0.491913
3 812 2248 2719 0.746798
3 1153 3656 3512 0.491546
3 1153 3512 2555 0.504354
3 1153 2453 3656 0.471522
3 3943 1909 3022 0.584440
3 2555 3022 1909 0.580736
3 4207 1909 3943 0.469381
3 3855 1467 1763 0.361100
3 3855 1763 150 0.337132
3 1300 3855 150 0.282490
3 3855 1300 1806 0.230575
3 1467 2841 1763 0.453771
3 2481 4379 3474 0.113864
3 3474 4379 3145 0.136162
3 2617 3145 1349 0.249260
3 2617 3474 3145 0.325215
3 4040 2958 4306 0.091952
3 3502 1184 2129 0.174118
3 1184 4306 2129 0.189968
3 79 1411 3216 0.140142
3 584 541 3844 0.027150
3 541 2889 3844 0.039705
3 3844 440 584 0.021754
3 584 440 34 0.031015
3 34 2044 3845 0.046244
3 34 3845 584 0.033523
3 584 3845 541 0.027847
3 541 3845 3563 0.059663
3 541 3563 2889 0.061064
3 1478 4246 1222 0.013959
3 2581 4390 3819 0.018760
3 2581 245 2347 0.011689
3 4145 2347 245 0.014765
3 2159 3612 1699 0.073198
3 2500 1699 3612 0.053700
3 2500 3293 232 0.071655
3 2500 232 1699 0.081262
3 2500 3612 1284 0.035357
3 3612 3303 1284 0.049007
3 1699 232 2845 0.053798
3 3303 1008 1284 0.063802
3 2500 1284 3293 0.044036
3 3293 1284 1008 0.060540
3 3127 3225 3556 0.153814
3 819 4177 1716 0.555268
3 819 1716 1521 0.629127
3 819 1521 3643 0.540474
3 2531 4177 819 0.411380
3 3839 1517 3869 0.101930
3 3869 3934 1266 0.051713
3 89 2713 4396 0.009414
3 544 3386 1928 0.012026
3 3590 4396 1138 0.006232
3 3590 1138 271 0.004237
3 948 271 1138 0.004409
3 271 948 4290 0.010966
3 3913 3840 2244 0.039853
3 4166 128 3724 0.053358
3 128 3341 3724 0.072421
3 565 2068 1949 0.127759
3 565 2050 2068 0.091254
3 2050 1375 2068 0.079453
3 2068 1375 2677 0.127529
3 2068 2677 106 0.180415
3 1705 2068 106 0.126748
3 2068 1705 1949 0.142086
3 691 3518 1341 0.152883
3 1302 3735 3481 0.111241
3 984 591 1489 0.068591
3 2783 1498 1489 0.045872
3 1489 1498 331 0.080865
3 1489 331 984 0.090975
3 4094 2253 4228 0.226987
3 4094 912 502 0.140597
3 4094 502 2434 0.208430
3 2434 2253 4094 0.197475
3 2253 807 4228 0.307400
3 2415 2080 555 0.195998
3 555 2080 566 0.169550
3 555 3299 2415 0.280670
3 152 566 2080 0.179472
3 4170 1057 569 0.120389
3 304 3299 2314 0.224663
3 304 2314 3927 0.113208
3 1068 2353 388 0.307054
3 2415 388 2353 0.338372
3 1452 1738 2353 0.380502
3 2881 1452 1285 0.388248
3 1452 2881 1958 0.374621
3 3499 1694 3098 0.064418
3 1694 3499 3169 0.137701
3 446 2542 2043 0.352676
3 446 2043 2683 0.354077
3 446 4331 1891 0.344597
3 1891 4331 1283 0.326469
3 446 1891 2542 0.424567
3 966 2431 4184 0.755846
3 966 4184 4198 0.758416
3 3369 3666 1497 0.444863
3 1497 3666 2404 0.491270
3 3666 1770 2404 0.475027
3 2404 1770 4153 0.755681
3 2603 2780 4338 0.480747
3 2780 2603 3890 0.288759
3 3667 3890 2246 0.109240
3 2603 2246 3890 0.276964
3 1816 2784 4169 0.392518
3 488 2784 2498 0.555961
3 2498 2784 4052 0.485083
3 1687 4252 47 0.213133
3 1610 1696 3706 0.139427
3 2382 3414 173 0.352328
3 2382 1696 4016 0.162478
3 173 1696 2382 0.307495
3 778 3501 506 0.167801
3 3501 4348 506 0.230585
3 125 4055 2707 0.188220
3 4235 2621 4055 0.118844
3 4055 125 4235 0.122600
3 4343 3392 1334 0.500681
3 1334 3715 4343 0.460415
3 3229 4343 3715 0.406105
3 1112 1954 1180 0.260158
3 1112 1180 3600 0.254330
3 1112 3600 401 0.244761
3 1176 1180 2261 0.173647
3 1954 1112 1287 0.473396
3 1208 2279 1287 0.522917
3 3600 1180 177 0.108127
3 177 1180 2075 0.078428
3 2075 1180 1176 0.111288
3 198 760 1224 0.019060
3 2098 785 3953 0.016489
3 3953 785 760 0.012969
3 3953 760 198 0.009340
3 104 2818 2235 0.077116
3 2818 104 3314 0.041556
3 3889 3552 3097 0.036410
3 114 1750 3279 0.058731
3 1852 1162 2925 0.040631
3 1162 3279 1750 0.051075
3 1162 1750 2925 0.049117
3 2399 3282 2204 0.248122
3 2399 2204 2910 0.128226
3 4353 2739 3930 0.582160
3 3930 2739 3884 0.567597
3 2604 2040 708 0.246813
3 2604 708 4353 0.305734
3 2604 4353 629 0.516131
3 2604 629 4093 0.348311
3 2604 4093 2040 0.449053
3 2779 3400 473 0.350176
3 2779 473 181 0.476588
3 2779 181 3330 0.688481
3 3330 2739 2779 0.563817
3 2779 2739 4353 0.501436
3 2779 4353 2577 0.327930
3 2779 2577 3400 0.222762
3 3313 3772 1216 0.691910
3 1164 1506 2062 0.841472
3 1164 2062 3800 0.871595
3 3786 3985 3729 0.591284
3 3786 3729 3964 0.735650
3 1889 3682 2301 0.880586
3 3964 1889 2301 0.875645
3 3964 2301 3786 0.826347
3 418 3789 2301 0.806285
3 3789 2189 1398 0.442338
3 1050 3188 1865 0.242237
3 3686 3637 3188 0.243732
3 2401 1614 3637 0.198844
3 4275 3753 3527 0.082454
3 3527 3753 557 0.096428
3 557 3753 277 0.090090
3 3732 62 2188 0.164068
3 4172 3732 2188 0.218572
3 3732 1955 62 0.130861
3 62 2295 2188 0.105022
3 2188 2295 674 0.119972
3 2188 674 4172 0.170015
3 1585 523 783 0.805679
3 4218 783 2047 0.513640
3 2047 783 3656 0.620965
3 2047 1602 4218 0.440397
3 3506 1122 4207 0.349491
3 3506 2453 558 0.404876
3 558 1122 3506 0.328152
3 558 2555 1122 0.526322
3 1602 4255 4218 0.474985
3 319 1021 780 0.369202
3 319 780 4033 0.273293
3 1510 2773 2250 0.088154
3 1510 2250 4373 0.125506
3 1510 4373 2281 0.088233
3 2599 570 854 0.353304
3 3488 2599 854 0.246755
3 3488 854 2617 0.245165
3 3970 2599 3488 0.321686
3 3970 3846 2599 0.312991
3 2599 3846 570 0.340063
3 570 3846 2770 0.363320
3 4010 3947 1491 0.092813
3 1339 2036 4222 0.121941
3 1629 4231 3805 0.143284
3 4231 4368 3805 0.140986
3 4222 3805 4368 0.130080
3 2915 3983 1629 0.126022
3 1629 3983 4231 0.115094
3 2845 232 653 0.040892
3 3293 811 653 0.044254
3 653 811 648 0.033411
3 653 648 3311 0.024460
3 648 811 1934 0.045532
3 3909 2672 811 0.072952
3 3909 811 3293 0.068805
3 3679 1095 3584 0.318846
3 4157 1703 1552 0.324861
3 2975 1552 1703 0.471809
3 4177 3372 2099 0.483570
3 4177 2099 1237 0.606797
3 3978 2019 1565 0.080504
3 1627 3480 1105 0.034704
3 1627 1105 3565 0.030161
3 2988 1105 335 0.057321
3 3480 335 1105 0.041093
3 2982 1921 2378 0.023214
3 1921 3619 2378 0.038913
3 2988 2378 3619 0.051427
3 3619 1921 3837 0.068689
3 3140 1921 1310 0.016125
3 1310 1921 2982 0.014963
3 526 3140 4290 0.034287
3 1310 4290 3140 0.012080
3 1752 2162 1181 0.188087
3 2162 707 1181 0.179935
3 2677 1375 840 0.107591
3 840 1375 2050 0.112783
3 1908 3790 130 0.061666
3 1037 130 860 0.093676
3 1493 130 1037 0.063862
3 130 1493 1908 0.061031
3 3790 860 130 0.067753
3 194 1309 3790 0.059675
3 892 1908 1493 0.097928
3 3790 1309 840 0.066757
3 1309 3173 840 0.112577
3 3996 294 3329 0.065999
3 1538 2789 552 0.046999
3 1538 552 1023 0.067781
3 552 2520 4359 0.088831
3 3636 4411 1145 0.105173
3 3832 3378 3288 0.151282
3 3832 3847 3378 0.205644
3 3378 2853 3288 0.219114
3 331 4228 984 0.173677
3 984 4228 447 0.188149
3 984 447 620 0.175576
3 4036 447 4228 0.105725
3 2756 2403 807 0.229087
3 2756 807 3668 0.225705
3 23 3378 2197 0.310997
3 2197 3378 3847 0.285205
3 3378 23 1738 0.248207
3 3533 3039 4133 0.168785
3 817 4066 2738 0.408312
3 817 2738 795 0.343372
3 3564 4066 3782 0.179595
3 4066 3564 2738 0.311140
3 3564 1913 2738 0.288038
3 1913 3821 2738 0.432214
3 756 3564 3782 0.238647
3 1244 1151 4331 0.297155
3 1566 4148 4321 0.147745
3 696 1566 4321 0.132705
3 29 1059 2213 0.233847
3 4407 29 3136 0.250427
3 3136 29 2213 0.183016
3 2213 1059 3401 0.168019
3 2683 1811 2037 0.578032
3 4198 2037 1811 0.711525
3 4198 2796 3198 0.791038
3 2796 4198 4184 0.826590
3 1147 3111 4187 0.937275
3 3219 3644 4087 0.798817
3 2447 624 2607 0.177759
3 7 3728 3806 0.095630
3 2260 2554 1352 0.093588
3 2260 1352 3629 0.075478
3 3728 2260 3629 0.055807
3 3728 2554 2260 0.067834
3 2680 1847 687 0.094835
3 2680 1352 3706 0.139329
3 1352 687 3629 0.056747
3 687 1352 2680 0.094147
3 2680 750 1847 0.155210
3 3501 4296 2183 0.112120
3 823 3392 3315 0.396287
3 4343 1797 3315 0.475773
3 1734 4267 1856 0.298823
3 401 2109 1112 0.312174
3 2109 401 3265 0.258451
3 2109 1208 1287 0.589430
3 2109 1287 1112 0.542194
3 2777 3899 3245 0.048934
3 3899 2777 1251 0.066344
3 858 2777 3245 0.034408
3 1519 2899 858 0.010036
3 3245 1519 858 0.020047
3 1519 3245 3357 0.025800
3 198 4355 162 0.013119
3 162 4355 2934 0.014567
3 3552 3620 1562 0.021667
3 3097 1562 3338 0.021621
3 1555 3733 3620 0.022499
3 3552 1555 3620 0.011669
3 1548 121 3725 0.051773
3 1548 3725 283 0.048283
3 3828 3500 3731 0.093564
3 2732 3731 940 0.027909
3 2732 940 3133 0.018508
3 2692 3655 940 0.055573
3 2692 940 3731 0.044570
3 2692 3731 3500 0.131678
3 3063 3655 2692 0.125447
3 3427 2566 3808 0.662333
3 3427 3808 3063 0.470856
3 3043 3808 2566 0.593121
3 2414 487 3043 0.746220
3 1109 1032 640 0.411072
3 1109 487 2900 0.476575
3 487 1109 640 0.555009
3 487 640 3043 0.491395
3 4225 1109 2900 0.440804
3 1912 1109 4225 0.383272
3 3188 1984 1865 0.219471
3 1396 1865 1984 0.340114
3 214 3527 404 0.108053
3 214 404 274 0.167619
3 214 2328 3527 0.137689
3 2328 214 3094 0.212994
3 274 3094 214 0.184910
3 277 3634 1157 0.061038
3 277 1157 557 0.083454
3 557 1157 454 0.076998
3 557 454 3527 0.119115
3 404 3527 454 0.095064
3 404 454 1292 0.131632
3 274 1292 1141 0.186763
3 3094 274 1141 0.180161
3 2096 4219 3963 0.166394
3 2096 3963 3073 0.111369
3 1955 2161 392 0.152686
3 1955 392 4219 0.134685
3 3732 3712 2161 0.128616
3 392 2161 1767 0.173338
3 1004 2157 3105 0.044305
3 2329 297 1004 0.137378
3 1004 297 2157 0.060861
3 191 3642 2329 0.247056
3 2329 3642 1002 0.185877
3 2651 74 421 0.124943
3 2651 421 318 0.112424
3 74 2459 421 0.113558
3 2362 318 421 0.113302
3 2651 318 2955 0.097685
3 2651 57 74 0.110621
3 74 57 2459 0.117914
3 2459 3602 421 0.124874
3 421 3602 2362 0.101886
3 3477 3168 4240 0.254528
3 4214 3976 985 0.100836
3 648 1934 1201 0.041167
3 648 1201 4320 0.036892
3 648 4320 3311 0.018624
3 3926 970 1201 0.023751
3 1201 1934 3926 0.033935
3 41 3419 2473 0.188814
3 3419 1271 2473 0.209779
3 41 2473 1063 0.208733
3 1095 4157 1271 0.118453
3 878 1753 1160 0.275339
3 4183 1753 878 0.114909
3 179 4217 2457 0.250741
3 2457 2032 3308 0.170728
3 2072 2128 987 0.070834
3 2128 2072 2492 0.081252
3 2128 2492 4217 0.122819
3 2128 4217 153 0.157979
3 2923 987 2128 0.109893
3 4359 576 3096 0.195361
3 576 4359 3974 0.180600
3 1453 3466 2961 0.057016
3 2509 2579 1938 0.149985
3 2509 1938 3837 0.113676
3 1382 2579 2509 0.133084
3 194 838 1309 0.076871
3 3281 1528 1447 0.373880
3 1015 1447 1528 0.355260
3 4133 739 3533 0.155252
3 1913 3564 1393 0.218403
3 462 4086 3418 0.195153
3 3418 4086 3042 0.137603
3 4071 4086 462 0.197645
3 4071 462 4196 0.221313
3 635 4321 614 0.051624
3 4321 2264 696 0.084167
3 696 2264 2124 0.107891
3 2124 2264 1855 0.077959
3 2978 635 614 0.026198
3 2298 550 1531 0.046873
3 2298 1531 1277 0.036842
3 3902 3239 3407 0.531130
3 3273 3407 1347 0.882154
3 1904 3111 3219 0.900576
3 3219 4087 1904 0.854275
3 1904 4187 3111 0.935149
3 2180 3764 1103 0.145815
3 1103 3764 2122 0.084305
3 1103 2122 647 0.149584
3 3806 1282 1476 0.086969
3 3806 1476 164 0.091310
3 1476 1282 979 0.094553
3 2373 3629 687 0.033712
3 2373 687 824 0.050443
3 824 687 1847 0.063928
3 824 545 2373 0.032060
3 1847 518 885 0.098074
3 151 885 1475 0.067661
3 1475 885 518 0.067131
3 2013 4360 2947 0.080321
3 2013 307 1593 0.061385
3 4360 2013 1593 0.068984
3 925 2280 2947 0.066262
3 4105 1432 1077 0.223339
3 4105 1077 2888 0.254402
3 3676 1025 3274 0.097371
3 4224 2684 4068 0.082261
3 2413 3047 4068 0.108470
3 2899 3529 2413 0.029337
3 4281 3921 3478 0.012696
3 2831 1562 3620 0.019909
3 3338 1562 2831 0.045979
3 3430 1708 1303 0.072630
3 1303 1708 4364 0.047722
3 1460 820 3199 0.033820
3 820 1544 3199 0.042740
3 2006 4029 2201 0.039793
3 321 3312 2217 0.048482
3 1982 2217 3133 0.023088
3 1982 3133 940 0.024219
3 1982 2620 1986 0.040040
3 1982 1986 321 0.024868
3 1982 321 2217 0.020000
3 3043 1978 3808 0.421770
3 1032 400 640 0.326935
3 640 400 3043 0.318363
3 1032 595 400 0.246654
3 2479 2468 217 0.363021
3 2468 2479 189 0.279684
3 3094 2703 4352 0.101045
3 4352 2703 1643 0.064021
3 1499 1292 454 0.118279
3 1499 454 1157 0.064407
3 1292 1499 1141 0.149585
3 1600 1899 2038 0.039258
3 2157 2594 3105 0.050980
3 3105 2594 3468 0.029923
3 1345 1900 2700 0.025754
3 1345 2700 272 0.010008
3 2700 1051 272 0.020159
3 4270 3489 1424 0.059963
3 3222 1424 3489 0.115921
3 2822 2438 434 0.238286
3 2822 434 2392 0.291339
3 4139 434 2438 0.141628
3 2804 4276 3602 0.106809
3 1868 261 2804 0.141826
3 2804 261 4139 0.134628
3 2485 3064 2392 0.290760
3 4258 2392 3064 0.349102
3 2485 2392 1868 0.261978
3 1868 2392 261 0.162537
3 3064 2504 58 0.220649
3 3064 57 2504 0.192019
3 57 3064 126 0.213412
3 611 1085 2546 0.190825
3 611 2546 2504 0.238291
3 2504 2546 58 0.182779
3 58 2546 766 0.142159
3 766 2546 2420 0.122803
3 3477 370 2220 0.216082
3 3477 2220 470 0.172032
3 3477 470 28 0.143579
3 470 2220 3754 0.228110
3 3139 2571 4394 0.203888
3 4115 268 1438 0.116193
3 4214 268 4115 0.084997
3 4214 992 268 0.113029
3 1535 218 3181 0.091130
3 1535 2749 218 0.056296
3 73 697 1190 0.019698
3 2941 1190 697 0.045992
3 73 1190 1523 0.020615
3 4104 1843 4318 0.105512
3 2693 2484 4104 0.053649
3 2028 113 1749 0.015134
3 2028 1127 113 0.022973
3 1514 4046 1749 0.019847
3 4046 1514 2310 0.041085
3 4303 2310 1589 0.062513
3 4303 4046 2310 0.052245
3 4303 83 4046 0.050134
3 4303 3351 3283 0.114262
3 4365 1063 2870 0.126163
3 4017 2590 2119 0.060280
3 2590 4017 419 0.047131
3 419 2697 2590 0.043992
3 2119 2590 712 0.063629
3 4122 3051 4183 0.138098
3 69 3413 43 0.061109
3 69 43 3131 0.077140
3 2518 69 3131 0.117076
3 69 2518 718 0.132282
3 69 718 3413 0.073078
3 43 3413 3695 0.052692
3 3496 2782 899 0.098158
3 3496 842 2492 0.121107
3 3496 2492 406 0.072640
3 3496 406 2782 0.104418
3 987 2923 3449 0.085532
3 987 3449 1483 0.053116
3 987 1483 2072 0.069804
3 2072 406 2492 0.067768
3 842 4217 2492 0.147528
3 2072 1483 406 0.074610
3 2782 406 1483 0.085630
3 797 1483 3449 0.084383
3 1483 797 2782 0.070618
3 94 2718 1015 0.228194
3 4196 3418 1036 0.150841
3 3042 3340 1036 0.095110
3 3042 1036 3418 0.103408
3 2124 1855 4086 0.093618
3 4086 1855 2242 0.105223
3 2242 1855 1658 0.079428
3 3638 635 2978 0.017821
3 3638 693 2264 0.041908
3 2264 4321 3638 0.045122
3 3638 4321 635 0.042290
3 3941 2558 614 0.033299
3 2978 614 2558 0.021938
3 2754 3333 2747 0.007997
3 2754 2747 2470 0.008943
3 3333 1346 2747 0.025924
3 3515 1418 3001 0.007814
3 2020 3601 3268 0.244991
3 647 427 2522 0.245849
3 647 2522 1545 0.432279
3 2122 1206 4215 0.013247
3 3557 258 3180 0.133444
3 258 3557 4230 0.120204
3 2387 3853 2083 0.115183
3 2083 3853 4041 0.106038
3 4041 3853 3446 0.106340
3 3446 3853 1701 0.047186
3 689 3853 2207 0.023686
3 3853 689 1701 0.030381
3 1701 689 4387 0.022127
3 764 1997 3937 0.060146
3 1997 4387 3937 0.025328
3 3958 408 270 0.077462
3 2280 1678 2682 0.084498
3 2243 934 1432 0.153288
3 2243 1432 1775 0.255201
3 2243 1775 3585 0.104982
3 2243 3585 3881 0.055417
3 2272 1775 4105 0.128575
3 4105 1775 1432 0.310977
3 934 1077 1432 0.196427
3 3585 1775 2272 0.096249
3 3047 3529 154 0.116346
3 3047 154 1777 0.124547
3 3763 3441 3529 0.018321
3 154 3529 3441 0.044502
3 2232 3214 3763 0.029345
3 1091 1327 4233 0.014850
3 2166 4029 4242 0.124769
3 1821 1367 3771 0.101273
3 1367 1821 256 0.065286
3 256 1821 3550 0.053591
3 787 3818 1174 0.033735
3 787 1174 2222 0.027445
3 787 2222 1786 0.017814
3 3818 2212 1174 0.019585
3 1174 2212 2816 0.010447
3 995 2636 2706 0.011008
3 2217 3312 1142 0.059492
3 2217 1142 3133 0.033202
3 2393 3616 1318 0.213018
3 1032 2468 595 0.312469
3 595 2468 3616 0.241950
3 3616 2468 189 0.281469
3 2810 705 2678 0.068049
3 2810 2678 4284 0.063081
3 2810 4392 705 0.052878
3 705 4392 123 0.066726
3 167 1026 4392 0.036942
3 2794 1793 2341 0.008467
3 2341 1795 204 0.035703
3 1795 2341 1075 0.019567
3 2341 1793 1075 0.009400
3 2341 204 2794 0.020758
3 2332 1358 3762 0.013749
3 2332 585 1358 0.010784
3 1358 3863 3762 0.009821
3 272 1051 3503 0.013583
3 1345 272 3762 0.007109
3 4130 938 1424 0.103009
3 2133 1424 938 0.062463
3 2822 2392 4258 0.364469
3 4258 3779 2822 0.367596
3 470 598 3755 0.164407
3 2203 2813 3161 0.253876
3 2813 2203 3185 0.328249
3 370 4240 3161 0.299062
3 2220 370 3161 0.244049
3 4372 3694 2695 0.071453
3 4372 341 3694 0.064657
3 341 4372 1843 0.044500
3 2695 2576 4372 0.097060
3 1190 4372 1146 0.035945
3 1843 4372 1190 0.027731
3 3337 1541 654 0.153155
3 3337 654 2342 0.162673
3 3337 2342 1438 0.124149
3 714 2475 2463 0.078977
3 714 2463 1902 0.040548
3 714 1902 3598 0.029473
3 714 3598 2475 0.078493
3 1579 2342 654 0.151937
3 1579 2475 3598 0.077562
3 632 3598 1902 0.019024
3 632 1902 73 0.010245
3 632 73 1523 0.013570
3 2475 1579 654 0.140009
3 2475 654 1541 0.150080
3 219 1682 2065 0.036329
3 2065 632 219 0.022087
3 219 632 1523 0.010556
3 1682 2580 1579 0.067108
3 1682 1579 2065 0.041941
3 2258 1146 4372 0.052329
3 2258 4372 2576 0.090240
3 2258 2576 2580 0.127328
3 4229 2151 359 0.138056
3 359 2151 3528 0.163069
3 942 3528 2151 0.148452
3 3283 379 1472 0.168427
3 3283 1472 762 0.155235
3 2897 1472 379 0.224802
3 2305 2870 3761 0.176703
3 3891 717 2697 0.014790
3 2697 717 1451 0.014779
3 2697 1451 2986 0.020553
3 1520 1323 865 0.006023
3 1625 865 3413 0.017608
3 3413 865 1149 0.019588
3 1625 3413 1125 0.023733
3 2288 2464 2722 0.004897
3 2722 2464 1625 0.012538
3 1625 2464 1520 0.008089
3 3882 4165 2503 0.111465
3 711 3171 2752 0.070023
3 711 2752 4165 0.057210
3 711 898 3171 0.095791
3 1199 4009 2752 0.070994
3 3042 2519 3827 0.040607
3 4308 3827 2973 0.026788
3 679 1609 2589 0.033702
3 2589 1609 630 0.017068
3 2589 460 679 0.021229
3 679 460 627 0.031925
3 630 2973 2589 0.013151
3 628 2978 2558 0.015685
3 628 2558 630 0.010118
3 628 630 1609 0.020920
3 3024 1609 627 0.030262
3 3024 627 1658 0.045099
3 3024 1658 1855 0.038797
3 630 2558 2973 0.014676
3 306 3024 312 0.034965
3 306 312 2007 0.019974
3 2007 2978 628 0.018689
3 628 306 2007 0.011783
3 306 628 1609 0.023664
3 306 1609 3024 0.033207
3 2441 733 2601 0.002191
3 2441 2601 1128 0.002633
3 2441 1128 2950 0.002891
3 1128 4123 2950 0.003761
3 1323 2950 4123 0.004871
3 1128 1588 4123 0.002834
3 4076 2312 255 0.024761
3 4076 255 1547 0.014426
3 4027 255 2312 0.026938
3 2462 1189 4027 0.024178
3 2787 3363 3859 0.013594
3 3665 2121 4054 0.018220
3 3159 498 2306 0.003843
3 3159 2306 1422 0.002851
3 3159 1422 752 0.004366
3 2724 752 1422 0.001952
3 722 2583 3708 0.016475
3 4342 4339 2049 0.049467
3 2049 4339 882 0.059660
3 2331 2726 422 0.131559
3 2726 84 422 0.122607
3 422 2461 2331 0.097227
3 2726 2049 84 0.090745
3 422 84 3697 0.068841
3 422 3697 2461 0.089053
3 3476 2483 2798 0.012303
3 3854 3321 2907 0.049253
3 3854 2907 3411 0.035713
3 716 535 2865 0.010714
3 535 716 685 0.007274
3 535 685 2847 0.004921
3 4152 3108 2175 0.008890
3 4233 1327 3904 0.011784
3 3059 3904 1327 0.010542
3 3059 3812 4058 0.009832
3 2215 2351 1540 0.033924
3 2215 1540 1369 0.030713
3 2351 2215 1327 0.045413
3 1540 2351 4364 0.048026
3 14 2568 325 0.028100
3 14 325 2215 0.035695
3 14 2215 1369 0.042683
3 2215 325 3059 0.047203
3 4101 668 1823 0.057977
3 1823 668 1369 0.037444
3 1369 668 14 0.038504
3 14 668 2568 0.028258
3 1605 3748 2689 0.041582
3 327 2689 3748 0.063443
3 1793 1358 585 0.010981
3 1793 585 2816 0.012175
3 1793 2816 1075 0.005835
3 1026 1795 995 0.024297
3 167 1795 1026 0.039244
3 2270 4081 3792 0.119914
3 3792 3206 2270 0.112028
3 2270 3206 2186 0.087506
3 4279 1623 4081 0.094328
3 4081 1623 3792 0.113308
3 4279 1683 1623 0.065081
3 3792 1623 3986 0.081015
3 1683 3986 1623 0.068404
3 3860 2932 784 0.226210
3 3860 784 345 0.177291
3 3860 345 4257 0.266551
3 2505 784 2932 0.225628
3 4257 3850 3860 0.174642
3 3860 2979 2932 0.235181
3 1592 2110 105 0.680036
3 1592 105 3558 0.821218
3 2110 4182 105 0.667053
3 4182 3558 105 0.820565
3 757 2110 1592 0.705759
3 3514 1711 3528 0.313331
3 3528 1711 2624 0.258854
3 2624 359 3528 0.220022
3 942 3514 3528 0.250202
3 359 2624 4229 0.210428
3 677 17 2999 0.073952
3 3246 677 2999 0.046450
3 677 1839 17 0.102314
3 17 1839 1672 0.124137
3 2293 2165 3033 0.049938
3 2293 2688 2165 0.051717
3 1116 3033 2165 0.032228
3 4234 1116 2165 0.031530
3 1116 4234 779 0.011138
3 779 4234 1841 0.007078
3 779 1841 1599 0.007223
3 2986 4399 4234 0.019706
3 1144 2170 2740 0.005405
3 2740 3326 1144 0.005211
3 4302 1924 1971 0.004073
3 4302 1971 4315 0.003567
3 4302 4315 1985 0.005936
3 3833 3785 2990 0.005132
3 267 1985 4315 0.005826
3 4315 2785 2195 0.009489
3 1450 3931 329 0.002967
3 4389 1265 2206 0.001882
3 2728 183 3428 0.026566
3 2728 3428 2076 0.017799
3 1996 2728 2076 0.007118
3 1828 2728 186 0.029031
3 1828 186 4342 0.040880
3 2728 1828 183 0.024666
3 2728 1603 186 0.021929
3 2331 185 4342 0.053581
3 3791 185 2331 0.054110
3 3791 2331 2461 0.054091
3 4370 1401 1999 0.034733
3 1653 1401 4370 0.038536
3 4064 1332 777 0.030429
3 2875 777 1332 0.024313
3 2875 1332 2034 0.017313
3 3411 3787 3389 0.007064
3 3411 3389 1129 0.007227
3 1129 3389 2885 0.005400
3 2112 444 2172 0.004521
3 2112 2172 2704 0.005665
3 2704 2172 1207 0.011707
3 4324 2112 2704 0.005729
3 2112 1136 444 0.004114
3 1136 2646 444 0.005105
3 444 2646 3588 0.007412
3 444 3588 2172 0.007617
3 3588 2646 4140 0.006981
3 286 1371 2847 0.003425
3 1371 535 2847 0.004345
3 1371 286 847 0.004911
3 1371 2865 535 0.010492
3 494 685 1104 0.003671
3 494 1104 846 0.003373
3 494 846 2847 0.001960
3 494 2847 685 0.003173
3 685 4152 1104 0.008717
3 3898 3083 2116 0.018839
3 2116 3083 3670 0.006409
3 3777 3898 2116 0.016132
3 3812 949 4058 0.025052
3 1926 3404 1246 0.016409
3 1246 3617 3812 0.025627
3 1246 2568 1926 0.012048
3 877 1926 2568 0.011618
3 3206 833 1724 0.023999
3 3206 1724 2817 0.015745
3 2817 1724 116 0.010673
3 116 1724 864 0.017000
3 116 864 2149 0.029272
3 676 864 1724 0.018220
3 2979 3997 4048 0.215967
3 3997 2647 769 0.114902
3 4048 3997 769 0.133025
3 2979 3850 843 0.193188
3 843 3850 3586 0.154678
3 3540 1445 1003 0.635747
3 3857 1873 3069 0.511158
3 3857 1487 2591 0.679551
3 3857 2591 1873 0.550222
3 2574 3306 1191 0.116763
3 2574 1191 2797 0.100247
3 3521 2797 1191 0.127220
3 2574 4251 3306 0.086439
3 1079 3306 4251 0.079680
3 639 855 3246 0.020782
3 3246 855 2132 0.032393
3 2132 855 4251 0.026417
3 3573 3935 2300 0.017415
3 553 3993 2402 0.020266
3 553 2402 2501 0.013617
3 2501 2402 3318 0.014858
3 3993 553 115 0.014158
3 3993 115 4051 0.016248
3 4051 3573 3993 0.016021
3 3993 3573 2402 0.007923
3 3318 2772 2501 0.014500
3 2176 4210 1183 0.035208
3 2176 1183 1331 0.056642
3 2176 1331 1380 0.058607
3 1380 1736 2192 0.053725
3 2192 1736 2772 0.019631
3 2772 1736 2501 0.022852
3 2176 1380 375 0.065780
3 2176 375 867 0.040449
3 1380 2192 375 0.023562
3 2176 867 4210 0.021505
3 1431 867 4028 0.005462
3 867 1431 4210 0.006474
3 3661 2771 4327 0.002407
3 4345 3428 2337 0.021440
3 2337 3428 645 0.036541
3 3791 1653 645 0.051565
3 645 1653 4370 0.055899
3 1732 3848 3744 0.078738
3 3744 3848 1443 0.109323
3 3744 1443 3436 0.069335
3 3744 2906 1732 0.053972
3 3370 1525 3366 0.043322
3 1445 3826 2104 0.194150
3 2104 3826 3842 0.152029
3 2104 1360 2665 0.046270
3 2665 1360 4324 0.031086
3 4324 1360 3956 0.039448
3 398 1645 1697 0.205719
3 398 1606 2487 0.113393
3 1645 398 2487 0.124317
3 1697 2397 398 0.213294
3 398 2397 1606 0.146426
3 1745 3588 461 0.017220
3 2417 1745 461 0.028931
3 3588 3663 461 0.014767
3 461 3663 80 0.021126
3 461 80 2417 0.033959
3 2417 80 3615 0.038167
3 2842 1607 3663 0.022232
3 1698 4067 3898 0.038362
3 417 597 3559 0.015204
3 597 417 346 0.015147
3 1132 1360 3842 0.135939
3 4236 3935 4210 0.012960
3 4051 115 1183 0.028601
3 4051 1183 1387 0.032564
3 4210 1387 1183 0.027413
3 1765 594 409 0.032553
3 409 1331 1765 0.040311
3 1765 721 594 0.036587
3 594 721 2501 0.045043
3 594 2501 1736 0.046911
3 594 1736 409 0.051155
3 1096 2304 4398 0.114511
3 1096 4398 3903 0.102075
3 4028 1841 4399 0.005811
3 4028 4399 1451 0.005454
3 3292 4088 4402 0.718595
3 3292 4402 3347 0.648678
3 222 3957 4400 0.904817
3 222 4400 3262 0.883728
3 4043 2449 4403 0.059650
3 4043 4403 1500 0.053429
3 1935 3104 4406 0.792328
3 1935 4406 3395 0.839117
3 3883 2090 4401 0.139811
3 3883 4401 2424 0.245075
3 1782 2493 4404 0.107592
3 1782 4404 4125 0.078791
3 446 2683 4407 0.332437
3 446 4407 4331 0.369377
3 1190 2941 4405 0.037890
3 1190 4405 1843 0.051634
3 1642 4189 4410 0.472425
3 1642 4410 3780 0.642383
3 7 1635 4409 0.126214
3 7 4409 3728 0.087398
3 293 4164 4408 0.072932
3 293 4408 4317 0.082323
3 234 3643 4412 0.176166
3 234 4412 4377 0.390537
3 174 739 4411 0.112556
3 174 4411 3636 0.113850
