ply
format ascii 1.0
comment Generated by PyMesh
element vertex 3239

property float x
property float y
property float z
property float charge
property float hbond
property float hphob
property float nx
property float ny
property float nz
property uchar red
property uchar green
property uchar blue
element face 6474
property list uchar int vertex_indices
property float predict_score

end_header
-48.032 6.495 17.578 -0.201241 0 -0.7 0 -0.459804 0.219985 35 35 255
-50.883 30.504 40.477 -0.223337 0 -0.7 0 -0.315436 0.947346 39 39 255
-36.161 12.861 4.471 -0.160546 0 1.8 0 0.870483 -0.163564 56 56 255
-43.1105 28.515 30.2905 -0.491526 -0.54963 -0.8 0 0.370046 -0.38787 255 38 38
-44.1225 26.814 29.5605 -0.127986 0 1.78621 0 0.603785 0.330593 255 37 37
-53.331 35.0145 19.2255 0.516376 0.254932 -0.8 0 -0.737747 -0.275663 11 11 255
-38.1555 21.621 1.4 -0.866233 -0.690309 -0.7 0 0.517892 -0.751325 238 238 255
-37.6915 6.3365 14.7915 -0.854963 -0.00333496 -1.6 0 0.850923 -0.520088 103 103 255
-38.5735 24.1955 -0.123 -0.0777996 0 -0.7 0 0.290928 0.490795 142 142 255
-37.597 34.8955 12.959 -0.0481486 0 -1.3 1 0.97685 0.199648 255 47 47
-58.545 21.5975 15.0175 0.0255624 0 -0.7 0 -0.877572 0.472119 174 174 255
-47.597 7.463 0.6975 2.67269 0 -3.9 0 -0.267352 -0.738795 49 49 255
-55.2225 32.268 0.4395 0.131763 0 1.8 0 0.468062 0.0323367 24 24 255
-40.984 28.846 43.913 -0.0421434 0 3.8 0 0.793619 -0.327645 117 117 255
-53.0835 33.832 25.428 0.118033 0 -1.3 0 -0.698801 0.71369 31 31 255
-45.706 12.9815 41.2955 0.308975 0 1.9 0 0.126898 -0.691339 255 133 133
-43.2765 0.632 18.522 0.247097 -0.386813 -0.8 0 -0.42745 -0.791211 134 134 255
-35.985 11.825 13.8665 -0.482963 -0.174155 -1.3 0 0.928429 0.279018 116 116 255
-49.2025 20.7985 45.8595 0.0550545 0 -3.5 0 -0.171086 0.435107 28 28 255
-53.799 13.144 34.8245 -0.853058 0 1.8 0 -0.976757 -0.214133 56 56 255
-57.5045 15.1455 8.1345 -0.999883 -0.556863 -3.5 0 -0.652124 -0.12087 54 54 255
-45.186 22.872 44.6535 -0.295121 0 -3.5 0 -0.0016968 -0.288149 8 8 255
-54.131 30.583 28.9535 -0.0552659 0 -1.6 0 -0.55046 0.820514 225 225 255
-57.48 11.83 10.2035 0.204845 0.0973109 -3.5 0 -0.544007 -0.820059 41 41 255
-57.596 14.9795 10.872 -0.134663 0 -3.5 0 -0.821232 0.180957 56 56 255
-53.871 20.386 37.458 1.24309 0 -0.4 0 -0.511239 0.0574331 23 23 255
-40.3895 10.048 -2.4305 0.414335 0.0282321 1.8 0 0.0661169 -0.656482 255 111 111
-37.157 7.394 15.074 -0.200957 -0 -1.6 0 0.933224 -0.335359 112 112 255
-43.2065 34.572 31.3275 0.0421427 -0.538713 -3.21136 0 0.76322 -0.347703 207 207 255
-57.94 22.743 13.165 -0.0949139 -0.949084 1.8 0 -0.983387 -0.151687 117 117 255
-46.18 39.56 24.716 0.652179 0.29763 2.8 0 -0.383805 0.760288 255 220 220
-56.478 22.905 28.429 0.7163 0 -0.4 0 0.385666 -0.669091 222 222 255
-43.625 35.9135 6.3115 0.535757 0.694522 -4.5 0 -0.781379 0.29478 19 19 255
-36.1645 21.483 34.9405 -1.03364 -0.212556 -3.9 0 0.874416 -0.133682 128 128 255
-48.4465 32.2445 40.6715 -0.221952 0 4.2 0 -0.843884 0.320758 69 69 255
-55.793 14.71 2.668 0.526166 0.641466 -3.5 0 -0.898624 0.438558 176 176 255
-47.404 18.1225 -2.9535 -0.395155 -0.508017 -3.5 0 0.956043 -0.288618 48 48 255
-43.679 33.0795 30.6015 0.464277 0.397062 -1.06351 0 0.979903 0.199387 255 210 210
-47.2905 3.1735 16.117 -0.387128 -0.496541 -1.26413 0 -0.891276 -0.42244 23 23 255
-43.3005 40.744 25.345 0.116598 0 2.8 0 -0.366171 0.859989 255 60 60
-41.3815 41.467 18.1365 -0.603742 -0.00310497 -0.4 1 0.177367 0.947241 255 10 10
-55.727 23.3385 39.6095 3.17604 0.0520926 -3.9 0 -0.760739 -0.630828 21 21 255
-37.8285 42.0225 17.2245 -1.50628 -0.0157748 -3.5 1 -0.193099 0.837511 255 7 7
-36.0845 41.296 17.807 -1.1838 -0.00204386 -3.5 1 0.34476 0.559561 255 7 7
-52.878 20.213 29.912 0.362566 0 3.12966 0 -0.557849 0.0407967 54 54 255
-32.758 25.11 31.955 0.211947 0 -4.5 0 0.812482 -0.524872 255 100 100
-48.921 16.365 21.298 -0.335482 0.0442253 -1.58349 0 -0.884852 -0.361779 255 133 133
-49.5265 16.822 23.681 0.418011 0 1.07039 0 -0.586345 -0.716406 255 82 82
-36.169 11.7835 28.639 0.366818 0.0370156 -3.5 0 0.683304 0.114064 119 119 255
-40.274 37.0815 35.381 -1.54851 -0.0497126 -3.5 0 0.153434 0.930456 92 92 255
-55.623 23.4045 28.6465 0.734926 0.138497 -0.469379 0 0.177612 -0.680019 246 246 255
-53.17 32.809 0.59 -1.4371 -0 -3.5 0 -0.458181 0.771896 14 14 255
-42.004 11.559 38.315 -0.258893 0 3.94954 0 -0.289408 -0.728298 186 186 255
-35.0845 23.128 9.332 -0.291526 0 2.8 1 0.201093 -0.630671 255 25 25
-36.5505 25.709 11.2655 -0.44809 0 2.8 1 0.716707 -0.379085 255 10 10
-47.6395 7.707 37.9 -0.187193 0 -3.5 0 0.363638 -0.926129 92 92 255
-40.081 21.3765 -0.4005 -0.0835269 0 -0.7 0 -0.215651 -0.685781 139 139 255
-39.032 31.37 12.978 -0.471985 0 -1.3 1 0.772385 -0.484504 255 21 21
-33.8545 26.6555 33.9635 0.441342 0.33017 -4.5 0 0.130606 -0.0788758 255 90 90
-36.517 10.269 25.4955 0.630346 0.732685 -0.7 0 0.946993 -0.247872 155 155 255
-41.792 39.028 10.5775 -0.832469 -0.00729809 -1.3 0 0.2292 0.499477 255 184 184
-58.977 22.3915 6.042 -0.475884 -0.379425 -3.5 0 -0.422229 0.746214 28 28 255
-45.054 13.447 -2.195 -0.929546 -0.0929037 1.8 0 -0.694796 0.55617 80 80 255
-49.34 40.318 22.3805 -0.249691 -0.791353 -0.7 0 0.142367 0.657947 103 103 255
-44.946 18.09 44.522 -0.000506063 0 -3.5 0 0.289622 -0.474675 126 126 255
-43.397 7.181 -2.1845 -0.729837 0 -3.5 0 0.344727 -0.313965 255 232 232
-40.7505 30.372 42.869 -0.108784 0 3.8 0 0.74322 0.64966 135 135 255
-51.3195 29.836 -1.316 -1.40244 -0.0789514 -3.5 0 -0.37746 -0.294028 12 12 255
-43.41 30.97 22.039 1.07074 0 -3.9 1 0.826586 0.0953849 255 33 33
-35.5545 14.537 31.3245 -0.410185 0 -3.5 0 0.986725 -0.0606678 161 161 255
-59.04 24.856 25.2705 0.0599103 0 -0.8 0 -0.316 0.0690827 255 145 145
-47.434 10.0133 15.498 -0.430809 0 -1.3 0 -0.754662 -0.565673 76 76 255
-37.0192 13.2043 17.282 -0.0775254 0 -1.3 0 0.727133 0.433535 255 101 101
-48.709 9.55575 12.986 -0.00189429 0 1.58488 0 -0.412785 -0.308359 72 72 255
-39.3927 36.313 16.681 0.215839 0 -2.0155 1 0.338998 -0.271526 255 15 15
-41.6715 8.19375 35.5783 -0.383686 0 -0.4 0 0.322759 -0.913961 92 92 255
-43.156 33.891 22.136 2.77915 0 -3.9 1 0.927124 0.336451 255 26 26
-45.682 28.4237 20.987 0.486717 0 -3.5 0 -0.222725 -0.649762 255 69 69
-43.805 38.2705 8.49125 0.0744327 0.00203785 -1.3 0 -0.488124 0.195136 23 23 255
-50.3402 12.728 0.0425 0.510754 0 -0.7 0 -0.746327 -0.370764 61 61 255
-46.476 15.6322 41.8773 -0.715289 0 -3.35806 0 -0.371403 -0.295035 255 229 229
-52.545 31.9338 21.6742 -0.577105 0 -1.3 0 -0.71304 -0.0492133 245 245 255
-42.6838 26.4533 29.8953 0.410131 0 1.8 0 0.135468 0.666767 255 21 21
-44.2863 6.63125 23.7868 -0.277869 0 3.82799 0 -0.715333 -0.683116 220 220 255
-38.5525 21.288 39.0885 0.630933 0 -3.9 0 0.912917 0.303162 42 42 255
-50.3187 23.901 -0.2075 -0.0780231 0 3.8 0 -0.408915 0.183484 11 11 255
-52.3058 34.2663 36.6725 -0.159712 0 4.2 0 0.780393 0.567914 11 11 255
-52.1445 37.4005 29.189 0.411685 0.228953 -4.5 0 -0.907598 -0.0484377 4 4 255
-37.6678 8.38975 13.7282 -0.785276 -0.910997 -1.6 0 0.757785 0.313044 88 88 255
-39.6608 12.357 39.3585 -0.439283 -0.960626 4.2 0 0.584665 -0.335497 125 125 255
-55.08 20.157 29.453 -0.63431 -0 -3.5 0 0.118215 -0.216411 83 83 255
-35.9605 14.5945 35 -0.0583804 0 4.2 0 0.979782 0.00100173 31 31 255
-54.8327 20.1427 37.1987 0.408601 0 -0.352445 0 -0.591776 -0.186158 35 35 255
-57.906 14.2095 9.981 -0.256693 -0.172058 -3.5 0 -0.98973 -0.0420065 60 60 255
-39.8478 8.384 0.6955 -0.0142527 0 1.8 0 -0.0691872 -0.939971 255 216 216
-42.4012 30.8335 21.5422 -0.821241 -0.0428312 -3.5 1 0.650798 0.507602 255 23 23
-58.7905 19.1825 15.142 0.0179059 0 -0.7 0 -0.805612 -0.584159 151 151 255
-44.598 8.04075 35.2798 -0.641909 -0.699372 -0.4 0 -0.202574 -0.97373 21 21 255
-52.459 35.261 22.232 -0.0215063 -0.162971 -0.8 0 -0.896445 0.2826 26 26 255
-52.6305 21.5053 29.0467 1.11027 0.0216536 2.5 0 -0.723839 -0.520804 69 69 254
-54.523 34.549 7.937 0.827506 0.770012 4.2 0 -0.679685 0.652541 8 8 255
-42.0724 3.71137 10.8169 -1.87164 -0.272095 -1.3 0 0.735587 -0.590964 39 39 255
-40.134 23.905 43.562 -0.0229331 0 -3.5 0 0.854047 -0.165932 83 83 255
-57.115 26.4925 8.6995 0.482181 0 -3.9 0 -0.969946 -0.0939753 49 49 255
-52.332 12.7495 5.704 0.435051 0 1.9 0 -0.655691 -0.737072 255 240 240
-40.5918 32.5615 37.5298 0.467939 0 -3.5 0 0.36158 0.104439 255 187 187
-53.1415 25.6355 41.8955 0.818271 0 -3.9 0 -0.264241 0.435889 49 49 255
-44.5247 11.7063 22.8988 0.112956 0 4.2 0 -0.312043 -0.400533 255 176 176
-40.5088 27.1725 14.3623 -0.411088 0 -1.3 1 0.993666 -0.109219 255 46 46
-59.0018 25.8487 25.6698 0.0328467 0 -0.8 0 -0.233308 0.31994 255 175 175
-31.5625 23.341 5.8385 -1.09124 -0.0647401 -0.4 0 0.766767 -0.616481 255 14 14
-31.7908 27.5735 9.45675 -0.105817 0 -0.8 0 0.623739 -0.150701 255 11 11
-37.9825 23.2437 9.8815 -0.169141 0 2.8 1 0.434722 -0.675274 255 32 32
-51.8213 33.1651 0.058125 -0.988621 0 -3.5 0 -0.451382 0.793406 11 11 255
-46.49 5.2585 9.0065 -0.101128 0 -1.3 0 -0.112267 -0.630003 255 155 155
-46.972 32.4065 6.81125 -0.285223 0 -4.5 0 -0.210602 0.896848 3 3 255
-39.2515 24.1045 22.1283 -0.441764 0 -0.9 1 0.694166 -0.681088 255 35 35
-46.8395 40.4492 11.6485 0.0218132 0 1.8 0 -0.319317 0.499992 33 33 255
-45.2856 12.4425 -2.1195 -0.873718 0 1.8 0 -0.81497 0.0397039 85 85 255
-49.8022 14.888 39.391 0.408114 -0.000487675 -0.7 0 -0.399281 -0.726067 216 216 255
-46.6893 40.837 31.4795 0.387686 0 -4.5 0 0.284686 0.870796 11 11 255
-46.5875 6.9425 21.446 -0.123797 0 -0.0549974 0 -0.840947 -0.0254976 220 220 255
-57.1565 22.8503 16.1693 -0.286588 -0.748848 -0.7 0 -0.657761 0.534564 186 186 255
-44.2845 35.1268 17.5077 0.0370503 0 1.8 1 0.788249 -0.42981 255 66 66
-33.1073 20.3757 4.32425 -0.0258477 0 -0.4 0 0.690297 -0.473064 255 120 120
-35.283 17.1535 30.474 0.0740237 0 -0.9 0 0.890556 -0.380459 255 173 173
-40.1765 10.7455 -3.233 0.551787 0.786731 1.8 0 0.393536 -0.549097 255 89 89
-48.8475 39.635 18.017 -0.420854 0 -0.7 0 0.0313355 0.848989 57 57 255
-53.5132 22.8797 -1.4 -1.037 -0.0400324 -3.5 0 -0.433163 0.717978 12 12 255
-44.103 10.8638 25.9965 1.04044 0.742821 -0.4 0 -0.35367 0.442169 255 207 207
-54.4735 10.259 33.1115 0.164074 0 1.8 0 -0.907662 -0.39447 137 137 255
-48.5737 37.7858 33.099 -0.110511 0.0997665 -4.5 0 -0.294194 -0.0514518 10 10 255
-35.516 15.6485 28.4428 0.596587 0.213717 -0.9 0 0.726398 -0.537076 255 198 198
-44.1987 31.996 44.3535 -0.263598 0 4.18244 0 0.592367 0.311277 87 87 255
-38.979 25.798 37.4825 0.388108 0 -3.5 0 0.953988 -0.203027 105 105 255
-43.3623 1.9545 9.936 0.139206 0 -1.6 0 0.590773 -0.547798 35 35 255
-52.5382 34.7677 14.0871 0.928625 0 -3.2 0 -0.979036 0.065692 5 5 255
-48.4992 7.1415 38.7108 -0.992669 -0.504923 -3.5 0 0.27912 -0.916461 120 120 255
-39.5665 22.6075 12.837 -0.137766 0 -0.7 0 0.594933 -0.1383 255 187 187
-37.314 30.181 34.014 -0.574874 -0.126799 -1.48449 0 0.659404 -0.0161259 255 197 197
-36.025 9.24675 4.46775 -0.213142 0 -0.8 0 0.872022 -0.42014 47 47 255
-36.706 8.7905 3.05225 0.0795606 0 -0.8 0 0.66248 -0.661703 95 95 255
-43.821 34.1315 24.823 0.383869 0.718582 -3.89955 1 0.979223 -0.201379 255 18 18
-45.398 8.9785 37.4935 0.269922 0.396674 -3.5 0 0.514433 -0.440367 101 101 255
-45.542 29.0545 -0.1425 -1.15354 -0.0917557 1.8 0 0.765921 0.0933926 21 21 255
-44.0602 29.6425 7.02275 -0.296059 -0.376967 -3.52205 0 0.664274 0.517957 255 166 166
-36.1675 18.1917 2.44025 -0.278327 0 -3.5 0 0.279753 0.31406 255 182 182
-54.3685 25.299 21.18 0.213725 0 3.8 0 -0.887581 -0.309502 255 85 85
-56.7355 28.9743 24.0565 -0.0400383 0 1.8 0 -0.954563 -0.29505 145 145 255
-38.856 18.416 26.252 -0.160838 0 -0.9 1 0.620769 0.162085 255 46 46
-49.006 31.779 42.3198 -0.0745998 0 4.2 0 -0.930718 0.189649 202 202 255
-44.262 38.061 28.308 -0.138648 0 -0.6098 0 0.249061 0.876006 255 243 243
-40.6948 15.1345 21.3025 -0.744011 -0.155353 -0.7 0 0.553072 0.804319 255 193 193
-41.405 21.273 19.504 -0.253628 0 -0.8 1 0.875434 0.479069 255 29 29
-46.2463 8.15275 15.7083 -0.426894 0 -1.3 0 -0.640495 -0.714763 46 46 255
-57.419 27.574 14.361 0.679753 0 1.8 0 -0.536659 0.55101 76 76 254
-42.4328 4.27825 26.5942 -0.393535 0 -3.5 0 -0.0961894 -0.93373 231 231 255
-39.819 8.891 1.9 0.257353 0 1.8 0 -0.451844 -0.886894 228 228 255
-44.5622 26.2337 20.4433 -0.629977 -0.642534 -3.5 0 -0.346955 0.13862 255 63 63
-33.263 25.2455 10.3785 -1.1271 -0.612984 -0.8 1 0.266652 0.0478629 255 38 38
-39.977 33.875 32.463 -0.66886 0 -0.9 0 0.65208 0.372939 205 205 255
-42.798 8.5665 4.3015 0.213218 0 1.8 0 0.176684 -0.902025 62 62 255
-43.8965 36.95 8.333 -0.118981 0.0573071 -1.80471 0 -0.641834 0.265078 29 29 255
-46.331 8.771 22.9215 0.0195447 0 4.2 0 -0.753209 0.176731 255 252 252
-39.5875 9.4925 36.7822 -0.0455577 0 -0.4 0 0.751413 -0.626392 113 113 255
-40.1625 29.4971 18.3323 -1.16361 -0.0619692 -3.5 1 0.824175 0.554404 255 9 9
-54.8555 22.335 38.221 1.42667 0.70691 -3.82263 0 -0.627705 -0.622773 24 24 255
-35.7655 14.953 6.06287 -2.29277 -0.560505 -3.5 0 0.369727 -0.531008 156 156 255
-34.046 27.3085 29.248 0.237832 0 -4.5 0 -0.0608012 0.478488 255 41 41
-39.2282 26.101 0.9355 0.658834 0.715887 -0.7 0 0.0234151 0.518539 187 187 255
-39.2902 35.86 35.4795 -1.74249 -0.136617 -3.5 0 0.954544 0.182509 218 218 255
-45.9755 28.831 24.2213 0.032595 -0.0515454 -1.3 0 -0.368763 -0.732611 255 43 43
-55.843 24.376 4.574 -0.21181 -0.760718 4.5 0 -0.944864 0.256407 19 19 255
-57.5042 23.4158 9.69875 -0.0758455 0 0.356452 0 -0.734881 0.666676 40 40 255
-48.271 13.0535 25.142 0.28996 0 3.8 0 -0.38516 -0.859692 255 152 152
-40.5223 27.1612 22.8517 -0.319988 0 -0.9 0 -0.168487 0.925072 255 68 68
-48.5475 32.769 42.8372 -0.247311 0 4.2 0 -0.823151 0.53185 171 171 255
-42.4935 35.2535 29.912 -1.18011 -0.0399613 -1.3 0 0.943286 -0.33018 255 241 241
-38.148 12.1655 7.4985 -0.921056 -0.514452 2.8 0 0.875903 0.23903 44 44 255
-40.042 26.2205 17.067 -1.06585 -0.637241 -1.3 1 0.735825 -0.676219 255 26 26
-36.8155 21.169 35.6515 -0.664581 -0.240602 -3.9 0 0.639902 -0.0731909 79 79 255
-54.266 38.5407 34.5015 -1.74926 0 -3.5 0 -0.00313512 0.999507 25 25 255
-42.586 2.903 11.4945 -0.434618 -0.0159551 -1.58798 0 0.780612 -0.595443 40 40 255
-55.9162 34.5795 2.6265 0.469077 0.793329 -0.212718 0 0.122164 0.948602 78 78 255
-53.1058 14.164 27.742 1.62951 0.822932 -4.5 0 -0.815314 -0.574132 255 157 157
-47.447 39.696 16.144 -1.41476 0 1.8 0 -0.26698 0.908972 66 66 255
-56.395 17.2059 30.6659 0.455692 0.0742276 -3.5 0 -0.153867 -0.0560332 121 121 255
-34.79 22.228 8.497 0.0131373 0 2.8 1 0.311775 -0.522636 255 23 23
-41.249 1.84825 16.858 0.202575 0 -0.679352 0 0.69939 -0.704979 45 45 255
-35.594 13.972 30.31 0.115399 0 -3.5 0 0.99996 -0.00897517 126 126 255
-43.5672 33.4268 41.3085 -1.63726 -0.101276 4.09647 0 0.824824 0.403413 64 64 255
-48.7165 22.4565 -3.451 0.458858 0.848492 -3.5 0 0.322627 0.755049 19 19 255
-59.2351 18.9263 33.2169 0.29102 0 -3.5 0 -0.991568 -0.0007747 156 156 255
-45.0325 12.7055 40.557 0.16183 0 1.9 0 -0.0494709 -0.811459 255 211 211
-37.6465 8.34775 2.10625 0.626375 0.645594 -0.8 0 0.559691 -0.730101 175 175 255
-38.314 20.2243 38.8872 1.29088 0 -3.9 0 0.978342 0.00743816 31 31 255
-42.4427 13.0352 -5.38525 0.00949623 0 1.8 0 -0.0812683 0.253914 255 147 147
-42.5531 4.99188 9.724 -1.68591 -0.0287089 -1.3 0 0.397494 -0.0610822 98 98 255
-39.9557 33.7485 36.513 0.214405 0.0419031 -3.5 0 0.929144 0.252364 255 202 202
-35.782 27.2245 10.2378 -0.679955 0 2.8 1 0.661911 0.141081 255 9 9
-47.013 12.1187 27.6112 0.462009 0 -2.53725 0 -0.602258 -0.43345 251 251 255
-47.2482 32.4344 -1.15188 -0.142253 0 -3.5 0 0.580578 0.43702 16 16 255
-59.125 24.648 13.1143 0.285436 0 1.8 0 -0.74018 -0.574387 48 48 255
-51.2108 36.8498 17.4285 -1.22295 0 -3.07227 0 -0.912116 0.368594 22 22 255
-46.9627 9.7205 14.5907 -0.226057 0 -1.3 0 -0.845336 -0.517126 62 62 255
-45.9543 24.8953 20.835 -0.427792 0 -0.9 0 -0.0490093 0.639216 255 31 31
-58.673 23.926 25.34 0.117862 0 -0.8 0 0.0452565 -0.530172 255 133 133
-41.071 26.254 40.821 0.360857 0.137784 -3.5 0 0.993329 0.115176 53 53 255
-52.1333 36.724 12.1042 0.195773 0 -3.2 0 -0.746008 0.467508 4 4 255
-40.6497 13.089 -3.3235 0.253597 0 1.8 0 0.784915 0.523669 255 135 135
-57.5228 28.9035 10.545 0.930788 0.877986 -0.7 0 -0.85475 0.490652 81 81 255
-39.738 20.4202 2.353 -0.421551 -0.974493 -0.7 0 0.244136 -0.574323 255 173 173
-43.7635 30.834 23.089 1.14418 0 -2.56375 1 0.985516 0.160892 255 35 35
-42.2595 16.2555 21.9935 -0.0273148 0.0269657 1.43585 1 0.950457 0.227677 255 224 224
-42.0288 21.8183 18.6112 -0.379917 0 -0.8 1 0.93145 0.36249 255 18 18
-41.5895 8.31525 10.2137 -0.768372 0 -0.7 0 0.724977 -0.509152 198 198 255
-42.5735 36.0513 32.8628 -1.06207 0 -3.54034 0 0.196289 0.92065 129 129 255
-48.6927 6.14325 33.165 0.08315 0 -0.7 0 -0.419275 -0.803073 11 11 255
-47.9748 9.06425 20.1042 -0.60406 -0.0742489 -1.3 0 -0.58717 -0.378876 107 107 255
-58.5993 20.8258 33.355 0.334932 0 -3.5 0 -0.742627 0.628624 234 234 255
-52.402 33.537 14.1735 0.703218 0.259926 -3.2 0 -0.898269 -0.405762 7 7 255
-59.8008 19.4093 7.732 0.243878 0 -3.5 0 -0.859736 -0.49891 81 81 255
-41.535 20.919 2.647 -0.0353736 0 4.5 0 -0.321143 -0.131623 141 141 255
-51.3355 14.939 -0.3165 0.26701 0 -3.5 0 -0.459464 -0.163692 36 36 255
-49.921 16.272 19.61 -1.05993 -0 -3.5 0 -0.821267 0.559888 255 166 166
-55.865 30.4215 13.3275 0.335955 0 -0.7 0 -0.440885 0.575532 32 32 255
-43.2113 29.5655 7.5535 -0.555784 -0.17993 -3.43312 0 0.140548 0.267184 255 113 113
-51.612 36.028 29.815 -0.853906 0 -4.5 0 -0.891409 -0.119805 18 18 255
-51.5923 11.1077 7.7775 0.389502 0 -0.4 0 -0.943842 -0.314845 255 227 227
-53.1225 21.507 38.7775 0.427674 0.397816 -2.29211 0 -0.630954 -0.614336 28 28 255
-52.556 32.457 -0.253 -0.882834 -0.00750924 -3.5 0 -0.55605 0.44877 12 12 255
-55.35 23.112 38.6242 3.09174 0 -3.9 0 -0.710638 -0.679426 25 25 255
-42.0775 18.052 17.426 -0.157773 0 -0.8 0 0.987585 -0.0573102 255 65 65
-39.005 4.5585 25.129 -1.253 -0.158019 -3.5 0 0.801605 -0.597568 126 126 255
-49.317 21.7658 45.1258 -0.139245 0 -3.5 0 -0.336806 0.460827 32 32 255
-58.764 24.107 11.9307 0.121391 -0.128433 1.8 0 -0.81323 -0.556124 41 41 255
-39.3068 10.581 12.967 -0.948211 -0.152921 -2.04579 0 0.428144 -0.588618 106 106 255
-42.0795 14.8195 43.6493 -0.0215304 0 -0.7 0 -0.024951 0.173807 149 149 255
-45.4341 31.259 3.179 -0.104845 -0.0280984 -3.5 0 0.895979 0.443366 24 24 255
-51.979 16.7008 14.0725 2.63902 0.00622015 -3.9 0 -0.495341 -0.71246 49 49 255
-40.6625 17.9035 14.1625 0.184837 -0.0187933 -0.8 0 0.891358 0.450075 255 61 61
-39.5257 16.2097 1.41575 -0.0443634 0 -4.5 0 0.450819 0.526319 255 165 165
-45.7885 32.2832 3.17125 -1.02437 -0.553451 -3.5 0 0.808967 0.466671 19 19 255
-50.819 33.7855 5.0785 -1.04475 -0.683831 -2.38908 0 -0.170922 0.592577 5 5 255
-36.6082 8.2535 17.1443 -0.02421 0 -1.6 0 0.932825 -0.110114 255 213 213
-47.8182 40.9525 31.0165 0.652795 0 -4.5 0 -0.198635 0.979259 16 16 255
-43.0498 28.3888 21.3205 -1.17066 -0.0340855 -3.5 0 0.00698563 -0.469647 255 29 29
-38.6763 38.3122 24.8967 -0.34399 0 2.8 1 0.725857 0.166654 255 29 29
-51.715 10.743 8.732 -0.528785 -0.453423 1.21722 0 -0.864894 -0.394912 221 221 255
-38.6385 16.0798 26.3725 -0.0189019 0 -0.9 0 0.34543 -0.234549 255 233 233
-59.7417 32.128 4.27725 2.37141 0 1.8 0 -0.716968 0.179742 168 168 255
-36.5905 41.7695 15.2163 -1.66961 -0.834144 -3.5 1 0.468849 0.537208 255 8 8
-56.8125 18.5435 15.3685 -0.0162407 -0.0237441 -0.7 0 0.0625131 -0.958633 66 66 255
-46.4965 7.6435 22.74 -0.0238956 0 4.2 0 -0.892917 -0.19861 228 228 255
-57.1662 22.814 33.5168 1.06416 0.776434 -0.4 0 -0.760198 0.233404 210 210 255
-36.8615 23.2725 9.3635 -0.23684 0 2.8 1 0.184062 -0.666842 255 29 29
-43.0573 32.5435 31.565 0.37549 0.937606 -0.8 0 0.608137 0.612148 255 214 214
-36.9465 14.396 5.6335 -1.87067 -0.421706 -3.5 0 0.238172 -0.463677 127 127 255
-31.957 28.2145 6.2335 -0.256003 -0.899629 -0.8 0 0.722444 0.463481 255 5 5
-42.1758 23.549 17.048 -0.186576 0 -0.8 1 0.974557 0.212718 255 19 19
-58.8205 18.7537 34.849 0.314882 0 -3.5 0 -0.703723 0.37168 133 133 255
-56.9813 27.151 25.1915 -0.134113 0 1.8 0 -0.734906 0.105307 255 195 195
-49.778 7.50525 3.5115 0.845872 0 -3.9 0 -0.794899 -0.606225 202 202 255
-52.4215 22.9247 -2.3305 -1.72395 -0.162583 -3.5 0 0.0869077 0.834546 11 11 255
-38.085 13.0635 20.3015 0.208784 0.097958 -0.7 0 0.900058 0.108217 255 72 72
-44.476 15.9578 -0.529 0.250747 0 -4.5 0 0.0675601 0.137989 87 87 255
-56.1343 24.073 40.217 1.87764 0.81899 -3.9 0 -0.874648 -0.202468 23 23 255
-32.1662 28.7897 31.506 0.495846 0.852414 -4.5 0 0.602355 0.755299 255 40 40
-41.4108 41.6475 16.7665 -1.4776 -0.137385 -0.4 0 0.18015 0.915659 255 17 17
-38.7477 21.4902 0.0545 -0.206283 0 -0.7 0 0.358349 -0.798487 163 163 255
-51.6685 38.8083 17.9137 -0.170713 0 -0.7 0 -0.789498 0.0647525 12 12 255
-54.193 17.3815 12.823 -0.927281 0.334009 -2.53987 0 -0.13169 -0.588547 64 64 255
-42.9455 11.1322 25.8452 0.914662 0.662911 0.374971 0 -0.566305 0.401896 255 185 185
-48.8498 17.795 45.1483 -1.04546 -0.861193 -3.5 0 0.0153523 -0.979567 226 226 255
-55.183 37.711 35.559 -1.64327 -0.816722 -3.5 0 -0.731356 0.365871 28 28 255
-32.6572 25.57 1.39475 0.544365 0.112215 -0.4 0 0.324317 0.327757 255 129 129
-32.3158 26.183 9.424 -0.342008 -0.117056 -0.8 0 0.693054 -0.0693819 255 22 22
-56.1055 12.3462 8.97325 0.00958191 0 -3.5 0 0.116214 -0.614201 33 33 255
-55.49 30.5952 7.05125 1.7985 -0.684255 0.751325 0 -0.645572 0.475824 73 73 255
-37.0815 10.497 13.1075 -0.751078 -0.278537 -1.3 0 0.371821 -0.641022 78 78 255
-49.7858 16.2948 16.2752 0.096862 0 -3.9 0 -0.46691 0.42671 127 127 255
-40.4155 28.672 41.4897 0.0110618 0 3.8 0 0.95547 0.0959952 181 181 255
-51.1075 21.5135 44.6678 0.526436 0.489805 -3.5 0 -0.714606 0.404615 61 61 255
-42.53 1.58375 14.6488 -0.148872 0 -0.8 0 0.394408 -0.732285 25 25 255
-49.4743 11.84 -0.8105 0.121709 0 -0.7 0 -0.336257 -0.32588 47 47 255
-46.4185 28.4935 43.9755 0.42716 0 3.55741 0 -0.119225 0.348248 59 59 255
-31.074 28.5115 9.11 0.291408 0.114177 -0.8 0 0.841282 -0.0640923 255 9 9
-45.5855 35.561 34.7285 -0.985366 0 -4.41697 0 0.112262 0.696025 29 29 255
-42.0252 6.5655 11.464 -0.718705 0 -1.3 0 0.961783 0.112134 123 123 255
-57.3097 25.487 34.5965 -0.638937 0 0.574301 0 -0.541684 -0.826788 211 211 255
-37.4248 28.3857 4.41975 -1.34733 -0.922829 -3.5 0 0.793532 -0.0218485 255 40 40
-43.275 29.5417 24.2747 0.146479 0.167324 -1.3 0 0.848201 -0.49069 255 27 27
-53.613 12.5025 11.4965 0.145472 0 -3.5 0 -0.231344 -0.794277 71 71 254
-47.6808 7.23275 5.92175 0.0598918 0 -3.9 0 -0.386851 -0.919798 255 234 234
-42.388 36.1035 30.601 -0.945974 -0.0982013 -1.3 0 0.883555 0.438644 205 205 255
-52.519 29.942 36.531 0.0499639 -0.0524012 4.1559 0 -0.367509 0.254115 216 216 255
-38.441 18.5012 3.0245 -0.19011 0 -3.5 0 -0.0925213 0.19281 255 124 124
-52.5695 34.2295 30.8315 0.112958 0 -3.5 0 -0.559139 -0.0672524 37 37 255
-45.473 13.8285 -1.1155 -0.472252 -0.281615 1.8 0 -0.492843 0.491471 62 62 255
-45.887 8.276 36.1125 0.51427 -0.0901783 -2.03939 0 0.275272 -0.918718 34 34 255
-37.648 7.546 12.967 -1.10342 -0.683896 -1.6 0 0.622198 0.113486 129 129 255
-53.5045 14.4645 31.3065 0.308678 0 3.62594 0 -0.736995 -0.660992 116 116 255
-34.2765 24.6915 10.3185 -1.26429 -0.119007 -0.8 1 -0.164911 -0.238587 255 38 38
-55.1958 13.0665 11.8682 0.513698 0.247465 -3.5 0 -0.0135684 -0.422472 38 38 255
-44.2105 38.9007 12.2168 -0.430791 -0.0127412 -0.875397 0 0.659287 0.751591 255 233 233
-43.662 25.672 3.14025 0.731566 0 2.5 0 0.14498 -0.440195 31 31 255
-46.3802 0.702 10.44 0.0700675 0 -1.6 0 -0.201583 -0.911869 51 51 255
-49.0093 8.7985 39.8703 -0.852641 0 -3.5 0 -0.209774 0.146772 91 91 255
-56.8187 30.4307 23.6025 -0.0152781 0 1.8 0 -0.871587 0.467206 56 56 255
-45.1945 8.2455 3.3085 0.00214526 -0.242366 -3.70278 0 0.455376 -0.887653 66 66 255
-30.8005 25.897 7.957 -0.158261 0 -0.8 0 0.972321 -0.0929516 255 8 8
-46.1587 33.2163 2.7385 -1.40591 -0.454825 -3.5 0 0.479714 0.804914 15 15 255
-44.7005 8.52875 36.8455 -0.0538044 -0.483114 -0.4 0 0.0858567 -0.647691 77 77 255
-38.8485 35.2475 16.5998 0.00688012 0 -1.3 1 0.555919 -0.140465 255 20 20
-43.626 31.8725 43.3785 -0.382556 0 4.02405 0 0.712345 0.647183 73 73 255
-37.8715 30.0345 34.9437 -0.693793 -0.865958 -3.35864 0 0.861841 0.273817 255 219 219
-50.2495 28.0165 -1.39875 0.273728 0 1.8 0 -0.580209 0.320202 40 40 255
-42.7885 29.309 44.9875 -0.0566069 0 3.8 0 -0.000532193 0.0365122 61 61 255
-44.044 5.4115 0.1425 -1.11934 -0.289874 -3.5 0 -0.0902692 -0.806222 118 118 255
-48.981 7.8005 39.783 -0.953651 -0.112381 -3.5 0 0.0673116 -0.487826 112 112 255
-59.884 26.5475 33.7842 -0.00535899 0 1.8 0 -0.557186 0.194453 120 120 255
-32.3255 24.581 9.531 -1.18894 -0.519948 -0.8 0 0.790775 -0.303726 255 21 21
-55.9905 35.2342 5.64 0.255808 0 -0.4 0 -0.508871 0.850186 40 40 255
-37.247 8.2675 5.16925 -0.332081 0 -0.8 0 0.389554 -0.877418 78 78 255
-48.3298 17.5812 42.0755 -0.0378057 0 -3.5 0 -0.484179 -0.798912 255 168 168
-50.0465 18.457 46.101 -0.986107 -0.0836105 -3.5 0 -0.514623 -0.309431 104 104 255
-56.9815 24.1645 37.1325 0.836123 0.708959 -0.7 0 -0.809973 -0.526383 114 114 254
-42.8618 36.0135 23.7138 -0.166979 -0.488269 -0.389777 1 0.73033 -0.573425 255 32 32
-48.0225 20.1865 19.2245 -0.289693 0 -0.510884 0 -0.401669 -0.760176 255 142 142
-51.1875 20.4435 44.431 0.300892 0.523837 -3.5 0 -0.954887 -0.201571 78 78 255
-38.8585 26.3975 25.0175 0.159852 0 -0.9 0 0.388536 0.569109 255 52 52
-33.314 28.0355 4.28425 -0.0327187 0 -0.4 0 -0.184501 0.958542 255 8 8
-52.9375 9.28475 34.0005 0.312804 0 1.8 0 -0.319689 -0.864133 173 173 255
-57.618 33.8273 35.6615 -0.193335 0 4.2 0 -0.944808 0.320672 47 47 255
-51.4403 30.0807 37.4652 -0.757513 -0.129502 3.8 0 -0.651819 0.426883 116 116 254
-50.308 11.0007 29.0483 0.427656 0 -4.5 0 -0.549578 -0.776869 255 253 253
-35.8862 26.0222 10.416 -0.620522 0 2.63665 1 0.655911 -0.178035 255 12 12
-52.321 12.1765 36.2142 0.0385805 0 1.8 0 -0.711988 -0.5915 164 164 255
-32.5423 27.2415 33.4598 0.438237 0 -4.5 0 0.728638 -0.105759 255 87 87
-41.9195 30.755 17.23 -0.00641473 0 -1.3 1 0.133251 0.846889 255 20 20
-57.8775 21.3242 4.8155 -0.0244135 0 0.502122 0 -0.254527 0.482215 49 49 255
-46.2035 1.3245 16.5095 0.00878872 0 -0.8 0 -0.627061 -0.746891 24 24 255
-35.292 20.3675 29.266 -0.137866 0 -0.9 1 0.73106 0.344014 255 130 130
-58.496 23.3372 7.058 -1.26514 -0.393059 -3.5 0 -0.386894 0.89834 37 37 255
-59.0098 33.5853 2.28975 2.23325 0 1.8 0 -0.410341 0.836041 185 185 255
-52.52 32.4885 12.4245 0.0976176 0.250997 -1.36347 0 -0.780219 0.426452 10 10 255
-60.5215 24.8965 28.165 -0.161421 0 -0.8 0 -0.870445 -0.257293 255 253 253
-41.5057 27.2825 1.0685 -0.170442 0 -3.5 0 0.032206 0.0822653 59 59 255
-31.615 29.7887 9.26125 0.549591 0.761533 -0.8 0 0.421289 0.68612 255 10 10
-38.6143 6.6205 25.0082 -0.968677 0 -2.13408 0 0.826792 -0.560423 138 138 255
-59.107 28.3283 27.802 -0.573924 -0.0693216 -0.8 0 -0.326382 0.889841 64 64 255
-57.2848 19.441 17.0368 0.0645816 0 -0.7 0 -0.0406855 -0.452015 235 235 255
-41.7248 10.5398 37.924 0.0716803 -0.253818 1.92267 0 -0.345536 -0.285595 200 200 255
-35.017 10.749 30.8555 0.121743 0 -3.5 0 0.861977 0.0126051 54 54 255
-39.1668 17.3805 8.8625 -0.695472 -0.259915 1.06771 0 0.722856 -0.546486 226 226 255
-46.2607 18.9622 45.8908 0.00954698 0 -3.5 0 0.471739 -0.368926 88 88 255
-56.39 26.3615 23.4845 -0.844052 -0.33414 1.8 0 -0.804687 -0.378315 255 213 213
-42.9697 19.0707 44.4007 -0.898228 -0.266149 -3.5 0 0.170251 -0.461983 76 76 255
-53.439 23.968 21.0025 0.242725 0 3.8 0 -0.599922 -0.529493 255 51 51
-33.5215 23.646 1.54875 0.532363 0.0163575 -0.4 0 0.570199 -0.468946 220 220 255
-42.2435 30.7625 44.41 -0.144813 0 3.8 0 0.342162 0.564395 57 57 255
-49.204 40.819 19.1262 -0.145291 0 -0.7 0 0.113028 0.933859 108 108 255
-53.6113 29.6443 36.5363 -0.13691 0 -0.7 0 0.111638 0.310032 255 250 250
-46.6545 40.2173 23.6863 0.27382 0 -0.4 0 -0.399907 0.860919 255 155 155
-44.794 38.7995 30.133 0.0239137 0 -4.5 0 0.724054 0.617414 97 97 255
-50.489 7.9895 34.3085 1.00237 0.758449 -0.7 0 -0.561424 -0.823575 64 64 255
-56.328 32.0392 10.1912 0.207242 0 -0.7 0 -0.605585 0.7599 27 27 255
-46.8452 38.8548 25.1227 0.608729 0.499015 0.999772 0 -0.303901 0.809453 235 235 255
-45.0692 7.2405 8.25 -0.154458 0 -0.996042 0 0.245026 -0.654735 190 190 255
-57.5628 15.3425 34.079 -0.427548 0 -3.5 0 -0.58803 -0.800746 102 102 255
-32.9902 20.413 6.883 -0.14422 0 -0.4 0 0.788969 -0.226855 255 23 23
-37.2226 23.5565 35.3582 0.238328 -0.172105 -4.3598 0 0.575491 0.147513 184 184 255
-50.3345 11.1292 3.88075 0.0027117 -0.612461 -1.53405 0 -0.835569 -0.458763 204 204 255
-38.7905 22.6882 10.2308 -0.255888 0 0.739978 1 0.812195 -0.288667 255 43 43
-38.671 39.2173 24.2162 -0.399484 0 2.8 1 0.776346 0.469586 255 31 31
-47.2202 32.1958 5.728 -0.262027 0 -3.5 0 0.10279 0.990429 5 5 255
-54.2435 25.2887 41.4803 1.50527 0 -3.9 0 -0.552394 0.559814 26 26 255
-39.464 40.7702 23.419 -0.314631 0 2.8 1 0.658855 0.69746 255 29 29
-58.1025 15.0918 8.99225 -1.1208 -0.776437 -3.5 0 -0.968025 -0.0507954 65 65 255
-42.0488 32.594 32.1507 0.0469427 0.228823 -0.872249 0 0.111273 0.474611 245 245 255
-39.3545 11.8215 9.6575 -1.76873 -0.385315 -0.285897 0 0.91992 0.0339339 73 73 255
-53.577 27.453 4.066 0.337605 0.467112 -2.53241 0 -0.747369 0.185959 23 23 255
-37.485 12.2937 37.7863 0.12937 0 4.2 0 0.446405 -0.388353 61 61 255
-58.9422 27.8932 11.5328 0.437444 0 1.8 0 -0.51744 0.760137 60 60 255
-58.9545 20.73 16.7215 0.0593443 0 -0.7 0 -0.755776 0.0843282 245 245 255
-37.1375 21.843 25.3115 0.154664 0 -3.2 1 0.837547 -0.00896709 255 12 12
-50.4105 9.278 7.126 -0.120321 -0.565782 -0.4 0 -0.482239 -0.872062 255 198 198
-42.1645 30.7113 40.0617 -0.300956 -0.309711 3.8 0 0.878438 0.440229 175 175 255
-46.5983 32.7287 3.8125 -0.444888 0 -3.5 0 0.330844 0.862995 10 10 255
-39.995 14.2163 40.8532 0.103791 0 -0.7 0 0.96536 -0.0255694 95 95 255
-52.3585 28.706 42.4625 0.0784784 0 -0.7 0 -0.604715 0.209285 81 81 255
-49.8625 30.6135 40.6445 -0.186493 0 1.75 0 -0.324481 0.918741 53 53 255
-44.2065 37.8375 30.1135 -0.422254 0 -3.18481 0 0.804748 0.580944 123 123 255
-37.8485 20.3072 2.49975 -0.310658 -0.438606 -2.11857 0 0.152051 -0.231859 255 154 154
-56.8275 17.845 11.7878 -0.635558 -0.52967 -1.99307 0 -0.804613 -0.554604 67 67 255
-50.041 17.464 40.988 -0.334521 -0.28929 -0.7 0 -0.40915 -0.39865 255 252 252
-37.654 7.5315 24.513 -0.310063 0 -0.7 0 0.726289 -0.639851 129 129 255
-53.535 16.0665 25.8792 0.605665 0 -4.5 0 -0.742196 -0.245191 255 193 193
-54.4308 28.4815 18.8095 -0.56035 -0.853019 3.8 0 -0.894041 0.434503 244 244 255
-48.3543 38.016 27.142 0.185511 0.673227 -3.64915 0 0.0212219 0.938378 91 91 255
-57.801 16.012 8.677 -1.31742 -0.0324338 -3.5 0 -0.860299 0.273348 61 61 255
-54.6283 21.3265 -2.18 -0.900769 0 -3.5 0 -0.805032 0.230243 24 24 255
-50.422 10.168 4.403 -0.491381 -0.550112 -0.4 0 -0.873497 -0.244058 228 228 255
-40.6615 32.7985 6.421 -0.0414094 -0.0737049 -3.94412 0 0.0121368 -0.161394 255 247 247
-33.323 27.7857 34.0382 0.634647 0.619042 -4.5 0 0.210621 0.193406 255 99 99
-54.768 34.1598 38.4772 -0.192973 0 4.2 0 -0.343174 0.146824 60 60 255
-32.1255 27.7665 3.44 -0.00211429 0 -0.4 0 0.363047 0.913335 255 5 5
-59.1235 18.6112 9.47825 -0.0101733 0 -3.5 0 -0.705892 -0.588496 58 58 255
-56.8387 29.5653 2.5665 0.220218 0 1.8 0 0.105354 -0.968992 37 37 255
-39.556 32.6115 37.073 0.254206 0.822138 -3.5 0 0.82083 0.266836 255 182 182
-37.6418 13.0755 5.74725 -0.445577 0 -0.8 0 0.558069 0.286033 64 64 255
-37.7845 8.9995 1.111 0.470761 0 1.8 0 0.811735 -0.55764 255 252 252
-38.3107 13.2067 6.8645 -1.0682 0 2.8 0 0.930778 0.216884 67 67 255
-42.4505 35.0677 16.1793 0.3805 0 -1.3 1 -0.0652224 -0.411189 255 27 27
-30.6822 25.8363 3.59425 -0.0415821 0 -0.4 0 0.983931 -0.148798 255 12 12
-44.2368 19.9053 0.75125 0.0608741 0 3.02769 0 0.600873 0.45578 124 124 255
-41.262 33.542 16.301 0.113725 0 -1.3 1 -0.0661905 -0.413531 255 21 21
-40.9178 37.8613 21.682 -0.0860038 0 1.01901 1 -0.0436154 -0.900987 255 40 40
-43.0665 39.676 27.2272 0.0395626 0 2.8 0 -0.151546 0.774149 255 83 83
-47.0462 23.499 23.1365 0.923411 0 -0.9 0 0.119563 0.991126 255 17 17
-39.6242 10.36 32.7573 -0.800197 0 4.06726 0 0.861404 -0.371463 52 52 255
-37.759 27.0373 3.06725 -0.508493 -0.041034 -1.85727 0 0.614849 0.733544 255 70 70
-38.5675 31.573 35.269 -0.0407123 0 -0.9 0 0.777193 0.434224 255 207 207
-36.2163 10.923 5.8225 -0.380707 0 -0.8 0 0.92522 -0.117964 30 30 255
-44.8815 29.2143 0.8245 -0.720649 -0.695458 2.07419 0 0.630764 0.384237 24 24 255
-39.3465 11.591 -2.931 0.455927 0.288599 1.8 0 0.582409 0.0191361 255 110 110
-45.867 7.213 28.1855 -0.437621 -0.636573 -3.27173 0 -0.809949 -0.573223 167 167 255
-40.928 37.0558 26.9255 -0.0251496 0 2.8 0 0.638862 -0.280203 255 29 29
-35.3585 16.5842 27.994 0.168241 0 -0.9 0 0.811991 -0.141955 255 152 152
-34.7603 21.914 30.8298 0.289573 0 -2.64014 0 0.93191 -0.195686 255 97 97
-47.3537 25.955 -2.387 -0.0910886 0 1.8 0 0.470589 -0.323798 37 37 255
-45.594 39.2825 10.735 -0.0348003 0 0.25 0 -0.314723 0.567533 43 43 255
-43.1515 34.761 6.1075 0.161154 0 -4.5 0 -0.356069 -0.0860307 47 47 255
-36.2977 26.8428 11.204 -0.517867 0 2.8 1 0.770729 0.0860084 255 9 9
-50.0465 17.7903 45.172 -0.90371 -0.0814078 -3.5 0 -0.422794 -0.881945 181 181 255
-32.9188 25.006 29.2647 0.717695 0.0334023 -4.5 0 0.48134 -0.582211 255 30 30
-40.6982 37.7603 8.976 -0.621077 -0.383648 -1.3 0 0.901924 0.403802 251 251 255
-51.488 16.2917 39.387 0.15643 -0.420217 0.541598 0 -0.305296 -0.492187 196 196 255
-52.053 32.417 3.6475 -0.561431 -0.0330459 -0.815223 0 0.0408577 0.955229 7 7 255
-58.8623 27.8127 26.342 -0.112642 0 -0.8 0 -0.414707 0.686912 127 127 255
-40.8628 29.6187 41.9285 -0.0675983 0 3.8 0 0.949462 0.313073 162 162 255
-37.0827 11.413 12.6635 -1.37894 -0.689947 -1.3 0 0.272455 -0.166329 102 102 255
-49.9098 38.6292 22.988 0.159984 -0.891455 -0.749983 0 -0.786486 0.400098 96 96 255
-41.4907 29.9455 40.3382 -0.178808 0 0.118621 0 0.478801 0.858247 183 183 255
-44.9372 27.699 20.6655 0.144207 0 -3.5 0 -0.232591 -0.455062 255 68 68
-59.1885 17.777 34.9605 0.157453 0 -3.5 0 -0.783031 -0.14103 97 97 255
-56.3727 28.7512 22.3797 0.17387 0.138623 1.8 0 -0.812586 -0.0973217 120 120 255
-41.8483 40.965 25.4085 -0.0818551 0 2.8 1 0.0616309 0.864362 255 36 36
-40.4762 29.5333 43.3433 -0.0507094 0 3.8 0 0.965996 0.0905871 139 139 255
-52.2972 15.5033 25.3137 0.0473011 0 -4.5 0 -0.403829 -0.395287 255 172 172
-44.8025 26.7628 28.7722 0.0265479 0 0.121197 0 0.831598 0.326792 255 26 26
-54.116 38.3503 35.6097 -1.3404 -0.0315395 -3.5 0 -0.114407 0.791764 27 27 255
-36.0448 11.805 4.40175 0.32828 0 1.8 0 0.941707 0.0195517 41 41 255
-59.9295 25.2642 25.8755 -0.00931371 0 -0.8 0 -0.635339 0.196909 255 190 190
-35.4577 17.2812 2.34825 -0.294119 0 -3.5 0 0.411465 0.275437 255 254 254
-53.1825 14.095 30.3662 0.429684 0 3.8 0 -0.665335 -0.709352 172 172 255
-34.4595 12.4685 0.5725 -0.0490747 0 1.8 0 0.683643 -0.575669 113 113 255
-41.8415 24.1055 14.6235 -0.0263667 0 -1.01716 1 0.83224 -0.162006 255 41 41
-52.4995 18.0185 40.432 -0.0927529 0 -0.7 0 -0.326331 -0.357315 90 90 255
-42.1883 19.8493 44.4412 -0.901235 -0.142908 -3.5 0 0.57053 -0.191268 77 77 255
-41.6775 30.741 39.156 -0.234061 0 -2.37219 0 0.537643 0.667022 231 231 255
-43.3913 31.2733 44.3325 -0.184659 0 3.81874 0 0.326164 0.676109 64 64 255
-50.5035 37.9232 22.0355 0.355475 -0.882912 -0.7 0 -0.834099 0.240081 52 52 255
-47.5438 17.262 17.273 -0.120531 0 -3.70009 0 -0.566895 0.550426 255 121 121
-46.6772 29.0123 21.3178 0.872163 0.516029 -3.9 0 -0.0139909 -0.750285 255 111 111
-56.3525 23.4455 33.899 0.572903 0.82971 -0.4 0 -0.795857 0.0963077 221 221 255
-40.8742 21.7188 1.5625 -0.353498 0 -0.7 0 -0.72057 -0.403299 136 136 255
-37.9245 37.317 13.896 -0.805664 -0.712969 -3.5 1 0.768159 -0.0255934 255 38 38
-60.422 26.098 29.4855 -0.375529 0 -0.429548 0 -0.901868 -0.415446 255 228 228
-45.3785 7.6725 -2.2995 -0.334388 0 -3.5 0 -0.468227 -0.486677 177 177 255
-55.806 33.5363 37.5757 -0.152834 0 4.2 0 -0.567283 -0.0741808 53 53 255
-39.4795 4.603 26.076 -1.33514 -0.125203 -3.5 0 0.485216 -0.590462 106 106 255
-43.3368 36.3877 22.1555 -1.30021 -0.064125 -0.4 1 0.69534 -0.523801 255 46 46
-36.2435 10.9727 13.3748 -0.285136 -0.0445339 -1.3 0 0.752666 -0.182367 89 89 255
-43.5843 1.38175 10.7565 0.156162 0 -1.6 0 0.543915 -0.836073 29 29 255
-52.2895 29.881 14.985 0.410919 0 3.8 0 -0.574871 0.803298 125 125 255
-57.2025 20.6075 35.466 1.06613 0.872492 -3.5 0 -0.698966 0.228343 133 133 255
-47.66 39.329 17.2 -0.657044 -0.176989 1.8 0 -0.0887454 0.993966 135 135 255
-39.8815 28.2045 29.2703 -0.127458 0 -0.9 0 -0.296209 0.354779 255 58 58
-50.5825 31.612 -1.416 -0.782469 0 -3.5 0 -0.309218 0.159808 11 11 255
-48.5385 3.7545 11.8565 0.0796559 0 -1.6 0 -0.976716 0.186833 182 182 255
-44.2482 25.804 24.015 -0.259892 -0.831616 -0.8 0 -0.11657 0.706719 255 73 73
-37.3688 8.4785 14.7188 0.141085 -0.115761 -1.6 0 0.909071 0.0396618 83 83 254
-42.1698 30.3875 29.8107 -0.404748 -0.695697 -0.8 0 0.744089 -0.0105128 255 85 85
-43.5985 35.337 36.9055 -1.0702 -0.73172 -3.5 0 -0.178717 0.934373 40 40 255
-31.7115 27.183 2.73275 -0.0316188 0 -0.4 0 0.413707 0.697347 255 7 7
-46.6985 41.5397 13.3545 -0.063085 0 1.8 0 -0.132649 0.990167 50 50 255
-40.0713 5.966 26.6612 -1.2968 -0.718363 -3.5 0 0.63582 -0.220434 170 170 255
-35.7465 15.2133 36.1538 0.0723264 0 4.2 0 0.935015 0.279119 35 35 255
-54.639 19.0602 -2.1895 -1.72105 -0.345049 -3.5 0 -0.817134 -0.430323 45 45 255
-50.8255 39.657 29.7367 -0.467104 0 -4.5 0 -0.428172 0.876237 2 2 255
-57.9215 15.865 32.8268 0.0927101 0 -3.5 0 -0.721339 -0.654148 112 112 254
-40.3605 14.9305 42.5545 0.0465301 0 -0.7 0 0.892388 -0.0143854 96 96 255
-46.382 34.7575 9.4075 -0.558682 0 -4.38634 0 -0.0997781 0.563823 5 5 255
-34.4905 23.7952 9.844 -0.987987 -0.370776 1.11634 1 -0.0417378 -0.570262 255 27 27
-40.0332 25.61 42.4292 0.532574 0.795348 -3.5 0 0.833436 0.530357 54 54 255
-39.102 17.8948 38.7948 0.554473 0 -3.9 0 0.832676 -0.416023 41 41 255
-35.3065 14.2732 5.46925 -1.78392 -0.726226 -3.5 0 0.577896 -0.45076 114 114 255
-46.0622 33.4065 1.5865 -1.43644 -0.420776 -3.5 0 0.425208 0.889783 17 17 255
-36.8298 26.022 0.744 -1.20593 -0.0974611 -0.7 0 0.145236 0.543597 255 192 192
-53.355 31.01 27.8535 0.0119369 0 -1.45 0 -0.84014 0.540195 255 238 238
-39.9689 40.0462 15.1891 -0.264919 0 -3.5 0 -0.356393 0.448715 255 18 18
-39.206 30.8843 39.0545 0.450097 0.836723 -3.5 0 0.24142 0.834435 255 217 217
-32.637 29.93 8.6035 0.258513 -0.124495 -0.8 0 -0.349579 0.888555 255 6 6
-47.5908 13.4205 41.268 0.456932 0 1.9 0 -0.508172 -0.284724 255 153 153
-40.9825 38.721 8.389 -0.738342 -0.608471 -1.3 0 0.789871 0.421674 142 142 255
-40.2755 12.5903 40.387 -0.0739925 0 -0.7 0 0.636917 -0.634367 151 151 255
-40.4425 20.779 1.6875 -0.104328 -0.0865886 -0.7 0 -0.328793 -0.646791 198 198 255
-45.227 40.518 19.2765 0.195827 0.814165 -0.4 0 -0.0792594 0.988791 255 30 30
-53.4557 36.3595 21.0693 0.260786 -0.399509 -0.8 0 -0.719472 0.508181 11 11 255
-34.8515 15.2665 0.8655 -0.170512 0 1.8 0 0.680685 0.587155 186 186 255
-40.7465 15.0007 11.0025 -1.02683 -0.318283 -1.93296 0 0.94179 -0.227275 145 145 255
-50.9562 12.0422 14.68 0.13449 0 2.8 0 -0.665636 -0.603298 36 36 255
-31.0853 27.0565 3.68575 0.0364309 0 -0.4 0 0.781042 0.624479 255 6 6
-46.636 5.36 17.129 -0.381978 0 -0.749964 0 -0.408373 0.46321 33 33 255
-43.5428 16.255 -0.26925 0.564035 0 -4.5 0 0.0750955 0.16405 170 170 255
-45.5448 5.6235 14.473 -0.130725 0 -1.27936 0 -0.747056 0.523304 55 55 255
-41.1213 7.35025 7.31375 -0.251323 0 -0.7 0 0.138675 -0.990304 71 71 255
-43.9095 31.425 20.0772 0.40349 0.336788 -3.69998 1 0.638864 0.36696 255 18 18
-47.352 33.4185 0.829 -0.420203 0 -3.5 0 0.342301 0.935023 12 12 255
-59.7245 24.5007 31.078 0.0878534 0 1.8 0 -0.653511 -0.746987 217 217 255
-45.2873 32.4615 44.8447 -0.259086 0 4.2 0 0.095246 0.363353 129 129 255
-47.3182 38.2687 27.6182 -0.00414098 0.229499 -0.537567 0 -0.0224944 0.937436 135 135 255
-53.2295 35.4995 8.368 0.298643 0 4.2 0 -0.531531 0.83492 4 4 255
-42.526 40.3843 25.988 0.0324306 0 2.8 0 0.0257893 0.75623 255 40 40
-50.32 21.092 -4.462 -0.468977 0 -3.5 0 -0.343776 0.310069 22 22 255
-46.5545 2.2495 18.2385 0.590056 0.731666 -0.7 0 -0.561434 -0.82473 43 43 255
-48.9205 18.5435 46.1555 -0.922225 -0.324557 -3.5 0 0.108651 -0.546698 92 92 254
-55.178 14.9827 1.632 0.420534 0.363709 -3.5 0 -0.761115 0.450702 170 170 255
-52.6155 18.0583 15.7375 1.61389 0.437995 -3.9 0 -0.471376 -0.290373 110 110 255
-48.6505 17.8902 43.3105 0.00433354 0 -3.5 0 -0.460878 -0.887262 255 218 218
-56.175 31.299 23.435 -0.0108108 0 1.8 0 -0.638371 0.766144 76 76 255
-55.7015 37.654 33.3247 -2.03987 -0.476389 -3.5 0 -0.833367 0.551659 22 22 255
-41.1915 9.5175 10.8985 -1.70311 -0.803743 -3.13218 0 0.542277 -0.804405 187 187 255
-49.4033 38.539 27.8883 0.506857 0.525765 -4.5 0 -0.138575 0.787549 28 28 255
-43.4002 28.4352 44.6912 -0.0211094 0 3.8 0 -0.322668 -0.160749 80 80 254
-37.8585 27.516 3.9875 -0.668379 -0.822526 -3.4404 0 0.811201 0.299731 255 43 43
-51.8158 34.9655 30.083 -0.161909 0 -3.37268 0 -0.86571 0.0393997 38 38 255
-35.4395 11.7762 1.6 0.337794 0 1.8 0 0.588685 -0.782234 90 90 255
-34.577 15.2 4.9075 -2.55797 0 -3.5 0 0.967743 -0.157626 112 112 255
-36.7095 41.9155 17.2642 -1.15526 0 -3.5 1 0.270676 0.882876 255 6 6
-52.3433 11.92 11.3973 -0.39648 -0.556751 0.639146 0 -0.573464 -0.559562 94 94 254
-39.414 11.0717 11.849 -1.77631 -0.0612833 -3.5 0 0.777042 -0.36775 126 126 255
-36.7728 32.7215 31.9242 -0.0429182 0 -0.9 0 0.334161 0.839252 255 209 209
-41.545 10.709 -3.387 0.513302 0 1.8 0 0.200435 -0.813819 255 123 123
-35.3885 40.144 15.469 -1.56141 -0.216713 -3.5 1 0.645476 -0.197433 255 4 4
-48.1177 22.6035 -2.2055 -0.0881821 0.221487 0.134936 0 0.305595 0.6976 12 12 255
-51.6195 35.8812 25.775 -0.185254 -0.319521 -1.05903 0 -0.799383 0.60064 51 51 255
-38.8325 5.4185 17.106 -0.113687 0 1.8 0 0.899664 -0.143272 131 131 255
-45.3942 35.5158 39.6893 -2.07063 -0.0575721 4.2 0 -0.350374 0.752705 10 10 255
-39.1717 31.3662 5.60475 -2.1558 -0.535101 -3.5 0 0.372269 0.80347 255 136 136
-35.2033 24.2393 34.0785 0.609992 0 -4.5 0 0.407144 0.0134728 255 161 161
-35.3795 41.4775 17.0765 -1.68296 -0.197557 -3.5 1 0.631839 0.734626 255 7 7
-51.489 36.2755 24.376 0.253026 0 -0.8 0 -0.81283 0.565774 51 51 255
-47.9757 6.7555 3.31425 1.63457 0.116587 -3.9 0 -0.0465234 -0.979214 115 115 255
-38.03 32.589 33.601 -0.105131 0 -0.9 0 0.218574 0.699357 255 231 231
-52.3397 36.9442 30.1265 -0.0371666 0.691973 -4.5 0 -0.886295 -0.200485 11 11 255
-49.2308 6.348 34.1785 0.133412 0 -0.7 0 -0.704725 -0.683342 16 16 255
-51.4785 39.8815 20.5205 0.303598 0 -0.7 0 -0.881278 0.180953 17 17 255
-55.0955 28.4335 16.4565 0.0869286 0 -0.4 0 -0.774979 0.50708 185 185 255
-43.5418 39.0908 14.4855 -0.440834 -0.0302961 0.0200968 0 0.608665 0.723857 255 109 109
-42.283 40.859 15.972 -1.61585 -0.18881 -0.4 0 -0.0185464 0.663136 255 33 33
-46.364 11.398 26.758 0.331313 0 -0.4 0 -0.589328 -0.0492932 193 193 255
-57.6483 14.1792 8.72425 -0.725561 -0.760389 -3.5 0 -0.687946 -0.266644 52 52 255
-52.3298 32.5705 28.7108 0.164582 0.128108 -1.3 0 -0.861131 0.417173 124 124 255
-37.3795 13.9008 27.7232 0.0476826 0 -2.19966 0 0.68425 -0.110349 162 162 255
-53.577 22.1375 -2.647 -1.48504 -0.0105801 -3.5 0 -0.479051 0.623308 13 13 255
-53.8607 9.48825 33.4072 0.200537 0 1.8 0 -0.59822 -0.779769 190 190 255
-58.3708 27.3107 33.4243 -0.121868 0 1.8 0 -0.414211 0.643281 114 114 255
-55.0875 17.6108 38.2508 -0.573126 -0.420583 1.8 0 -0.996442 0.0419263 18 18 255
-47.1805 29.368 24.1225 0.244928 0 -0.674232 0 -0.095551 -0.843606 255 84 84
-49.7365 14.6412 -1.21575 0.500965 0.394528 -0.7 0 -0.119239 -0.305038 28 28 255
-47.3185 39.384 24.0435 0.662346 0.766999 -0.772069 0 -0.373584 0.804175 255 226 226
-45.0095 11.5702 26.6022 0.767059 0 -0.4 0 -0.225649 -0.131745 239 239 255
-49.8573 26.4585 43.9595 0.753451 0 1.8 0 -0.82558 0.240596 89 89 255
-56.332 29.7878 3.73675 0.6279 0.0159134 1.60344 0 0.11728 -0.980546 59 59 255
-46.3652 27.2485 -0.601 -0.370883 0 1.8 0 0.898742 -0.110444 50 50 255
-44.1942 8.32525 5.50775 0.557735 0.3083 -2.19231 0 -0.0578749 -0.995848 101 101 255
-47.268 34.854 41.333 -1.07204 0 4.2 0 -0.768886 0.638921 16 16 255
-41.0957 30.2773 17.8382 -0.261778 0 -2.7227 1 0.458 0.876924 255 12 12
-44.7725 35.0452 37.6213 -1.97757 -0.368546 -3.5 0 -0.400883 0.908423 27 27 255
-44.6595 28.7862 22.6108 0.559451 0.264849 -1.3 0 0.0691016 -0.99742 255 28 28
-33.807 27.484 10.152 -0.27246 0 -0.8 1 -0.167323 0.263387 255 15 15
-40.8235 35.3558 36.708 -1.03188 0 -3.5 0 0.352682 0.504719 207 207 255
-38.3155 11.7555 37.9793 -0.209473 0 4.2 0 0.554115 -0.489534 95 95 255
-53.419 22.667 17.4255 0.407152 0 3.35415 0 -0.368952 -0.821617 255 67 67
-40.6294 16.9506 13.819 -0.249378 -0.493194 -0.8 0 0.986766 0.138164 255 94 94
-43.8165 8.662 2.7415 -0.389332 0 1.8 0 0.256063 -0.933783 67 67 255
-53.1005 27.1575 39.752 -0.633396 -0.0322978 -0.7 0 -0.732249 0.565817 53 53 255
-55.7685 23.9035 0.876 -1.2036 -0.0918043 -3.5 0 -0.817709 0.268807 29 29 255
-50.8465 16.8875 40.249 -0.501731 -0.48798 -0.7 0 -0.432841 -0.447408 213 213 255
-45.134 5.72725 -0.6105 -1.60201 -0.672884 -3.5 0 -0.645476 -0.762557 133 133 255
-40.611 41.5915 23.415 -0.040522 0 2.8 1 0.356831 0.934118 255 28 28
-51.0975 14.3228 38.3438 -0.337396 -0.931529 -3.5 0 -0.050284 -0.449455 147 147 255
-37.9495 8.36325 7.27675 -1.70133 -0.101562 -0.7 0 0.319712 -0.876453 64 64 255
-56.8885 28.1755 7.9575 0.810849 0 -3.9 0 -0.99358 0.104108 128 128 255
-44.4922 35.8185 40.1775 -2.00758 -0.391943 4.2 0 0.467714 0.864677 14 14 255
-41.9997 37.133 28.0745 -0.0402196 0 2.8 0 0.714442 0.0487136 255 89 89
-40.7798 17.0483 12.43 -0.143083 0 -0.568416 0 0.946199 0.286697 255 160 160
-37.5145 25.2533 28.7397 0.390902 0 -0.9 1 0.421063 0.309394 255 46 46
-50.1145 10.3835 30.815 0.782002 0.371464 1.2829 0 -0.338908 -0.778559 138 138 255
-42.3405 36.0363 27.4788 0.234793 0 0.973842 0 0.836588 -0.464511 255 67 67
-59.269 18.3377 5.90425 0.504666 0.778492 -3.5 0 -0.374364 -0.89425 84 84 255
-43.7747 25.2757 23.2677 0.0418887 -0.0343249 -0.895664 0 -0.406173 0.900245 255 59 59
-40.813 15.7448 25.18 -0.0981012 0 -0.352227 0 0.814539 0.181765 255 156 156
-38.3655 24.3697 23.654 -0.203762 0 -0.9 1 0.833361 -0.487741 255 24 24
-38.2318 26.804 1.705 -0.432402 -0.892312 -0.7 0 0.312769 0.660862 255 211 211
-37.1525 37.593 17.414 -0.235552 0 -3.5 1 0.47976 -0.870367 255 5 5
-55.1605 32.651 11.2688 0.143998 0 -0.7 0 -0.264251 0.953282 26 26 255
-37.4225 40.286 19.1303 -0.286186 0 -3.5 1 0.36897 0.518251 255 4 4
-54.8753 28.0835 19.992 0.305138 0 3.8 0 -0.866102 0.339617 208 208 255
-57.34 15.945 35.417 -0.99737 -0.531601 -3.5 0 -0.650592 -0.25561 71 71 255
-36.7728 31.9225 30.945 -0.414011 0 -0.9 0 0.380002 0.708324 255 171 171
-44.6628 6.049 -1.7815 -1.29799 -0.384483 -3.5 0 -0.365817 -0.606547 199 199 255
-30.9115 26.4995 2.73025 -0.05776 0 -0.4 0 0.767384 0.225729 255 10 10
-40.459 30.971 5.1115 -1.92045 0 -3.5 0 -0.300662 0.77743 255 190 190
-37.3218 13.9438 16.5578 -0.334734 0 -1.3 0 0.616529 0.782289 255 128 128
-46.629 26.923 46.0272 0.108724 0 1.8 0 0.4385 0.556961 69 69 255
-49.085 33.739 5.2865 -0.96236 -0.468045 -3.5 0 0.758651 0.647092 4 4 255
-54.3167 14.0258 35.362 -0.0863897 0 1.8 0 -0.731927 -0.630255 30 30 255
-43.0145 39.9987 9.107 0.506178 0.602963 -1.3 0 -0.181437 0.982248 98 98 255
-51.9272 32.5573 17.135 -0.0876399 0 -3.2 0 -0.962176 -0.231698 48 48 255
-52.3942 11.0055 10.8638 -1.19405 -0.145604 2.8 0 -0.651762 -0.665873 135 135 255
-36.0535 17.0185 27.334 -0.475253 0 -0.9 1 0.594911 0.117077 255 137 137
-44.4175 15.2655 42.153 -0.705244 0 -0.7 0 -0.318778 -0.500182 255 206 206
-43.7465 7.62975 35.717 -1.55881 -0.23675 -0.4 0 -0.18672 -0.973082 30 30 255
-40.93 5.95525 27.7693 -0.475644 0 -3.5 0 0.589959 -0.40568 188 188 255
-42.792 2.5235 13.1265 -0.36967 0.626685 -0.204566 0 0.503865 -0.835571 32 32 255
-39.419 27.0732 1.53875 0.285767 0.356276 -2.16226 0 0.14276 0.440106 155 155 255
-52.1445 35.4347 13.2618 0.465922 0 -3.2 0 -0.988489 0.0200221 4 4 255
-43.9733 35.0755 6.733 0.467898 0.632146 -4.5 0 -0.773425 0.325299 23 23 255
-50.482 29.0115 -1.1505 -0.0403885 -0.221497 -1.1454 0 -0.347764 -0.117424 20 20 255
-41.162 35.3035 31.9545 -1.73453 -0.115807 -3.5 0 0.337275 0.376205 187 187 255
-40.338 33.557 37.4825 -0.0349807 0.0215198 -3.5 0 0.681383 0.241919 255 203 203
-49.837 38.366 24.004 -0.130923 -0.992479 -0.8 0 -0.697731 0.661229 139 139 255
-41.34 13.3805 42.978 0.0357472 0 -0.7 0 0.462308 -0.620761 162 162 255
-52.5545 32.8925 11.334 -0.208992 0 3.7556 0 -0.660343 0.53589 8 8 255
-53.416 26.9745 2.971 -0.0576477 0 -0.4 0 -0.953346 0.251363 10 10 255
-51.2603 37.959 12.4735 0.373194 0 -3.2 0 -0.509023 0.739457 4 4 255
-49.27 17.936 41.9507 -0.0860241 0 -0.917713 0 -0.574888 -0.680433 255 204 204
-37.9135 10.5645 36.2095 0.00159955 0 4.2 0 0.286581 -0.954189 40 40 255
-37.5628 11.8097 6.74225 -0.620373 0 -0.8 0 0.661665 0.47096 45 45 255
-37.832 8.477 -0.139 0.0095026 0 1.8 0 0.73009 -0.683333 255 145 145
-45.5622 40.3605 11.4277 -0.0838401 0 1.8 0 0.150421 0.585586 88 88 255
-52.0365 30.46 14.1 0.323982 0 3.32658 0 -0.622481 0.598469 28 28 255
-43.717 8.025 36.747 -0.655089 0 -0.4 0 -0.1895 -0.819769 65 65 255
-53.8935 14.641 29.91 0.382083 0 3.8 0 -0.669094 -0.718301 221 221 255
-51.389 9.88475 37.8585 0.284256 0 -3.5 0 -0.896086 -0.328754 136 136 255
-36.6177 40.393 14.9873 -1.41231 0 -3.5 1 0.365506 -0.0167982 255 6 6
-53.455 13.433 8.127 0.214295 0 1.3521 0 -0.401675 -0.820031 39 39 255
-56.3708 33.494 7.13225 0.31082 0 -0.4 0 -0.730101 0.161138 39 39 255
-36.7723 22.6063 35.24 -0.486779 -0.798539 -3.9 0 0.584773 0.183653 128 128 255
-48.7993 36.4338 10.307 -0.169236 -0.299515 -1.78744 0 0.144398 0.795064 1 1 255
-44.0975 28.9035 23.5613 0.730951 0.807182 -1.3 0 0.564907 -0.781872 255 27 27
-53.7217 17.43 1.203 -0.053939 0 -3.5 0 -0.933069 0.232657 167 167 255
-37.1695 9.0945 30.838 -0.245665 0.0785982 -3.5 0 0.0167437 -0.863084 70 70 255
-38.754 40.3075 22.6745 -0.0551516 0 2.8 1 0.758891 0.638569 255 22 22
-35.5385 12.9782 29.5567 0.191223 0.155288 -3.5 0 0.907404 0.197006 126 126 255
-55.524 34.5547 37.472 -0.221606 0 4.2 0 -0.439918 0.69094 36 36 255
-56.3008 15.5485 6.07075 0.599928 0 1.9 0 -0.909477 -0.318753 71 71 255
-50.1455 10.3415 3.176 0.100761 0 -3.9 0 -0.985471 -0.159132 169 169 255
-56.716 29.9215 12.725 0.407813 0 -0.7 0 -0.824619 0.344143 36 36 255
-40.2495 33.1786 15.8461 0.0583235 0 -1.3 1 0.296157 -0.506817 255 25 25
-37.8722 23.9762 26.7512 0.476838 0 -3.2 1 0.604907 0.641381 255 23 23
-55.8167 28.1378 15.3595 0.729372 0 -0.4 0 -0.684717 0.538255 113 113 255
-41.4705 21.5877 42.8177 1.04078 0 -3.5 0 0.890148 -0.304507 56 56 255
-39.7578 13.4741 39.8315 0.092007 0 -0.7 0 0.846341 -0.104649 98 98 255
-39.0351 11.1246 33.2798 -1.63557 -0.337235 3.8 0 0.57471 -0.807581 43 43 255
-41.0919 2.5255 21.7703 -0.00637091 0 1.8 0 0.0666559 -0.394879 167 167 255
-47.8554 31.3921 39.5214 1.03828 0.726614 4.2 0 -0.845116 0.42711 34 34 255
-36.209 29.336 8.8475 -0.311113 0 2.8 1 0.535415 0.836246 255 9 9
-53.9286 28.0425 37.9904 -0.0867399 -0.149355 -0.7 0 -0.221394 0.781262 112 112 255
-48.9869 33.9689 0.685375 -0.230112 0 -3.5 0 0.229493 0.963643 4 4 255
-39.1105 8.57475 3.5745 -0.135086 -0.544003 -0.8 0 -0.464626 -0.883214 127 127 255
-37.4428 12.1686 25.8166 0.203875 -0.575002 -0.7 0 0.503262 0.8426 217 217 255
-53.0171 14.2045 38.9473 0.147015 0 1.8 0 0.194542 -0.512326 108 108 255
-55.423 15.791 37.808 0.122192 0 1.8 0 -0.937862 0.142224 37 37 255
-40.5407 15.5267 16.3568 -0.349284 0 -1.3 0 0.794704 0.606405 255 93 93
-38.8985 10.401 36.7233 0.0442334 0 4.2 0 0.549345 -0.789219 84 84 255
-56.1095 34.9033 4.59475 0.361356 0 -0.4 0 -0.474267 0.863091 62 62 255
-44.3176 17.4634 43.3923 0.0183607 0 -3.5 0 0.317775 -0.670774 202 202 255
-49.381 8.32825 31.9457 0.282073 0 -0.7 0 -0.562866 -0.48313 58 58 255
-54.8315 23.437 18.569 0.206811 0 3.8 0 -0.515093 -0.785838 255 59 59
-37.104 8.3755 18.0158 0.00252715 0 -1.6 0 0.846329 -0.288476 255 146 146
-47.5624 7.426 36.0008 0.229744 0 -0.7 0 -0.0127983 -0.883594 37 37 255
-48.825 32.5187 37.4405 -2.26579 -0.321088 -3.5 0 -0.372989 0.445697 7 7 255
-30.8022 25.9543 4.67125 0.289331 0 -0.4 0 0.99144 0.087138 255 11 11
-40.4429 7.68025 6.61013 -0.264336 0 -0.7 0 0.316665 -0.893856 56 56 255
-60.0864 25.2806 30.0928 -0.028217 0 1.8 0 -0.763804 -0.608455 234 234 255
-47.3176 7.77425 36.9085 0.294251 0 -3.5 0 0.166462 -0.959571 50 50 255
-41.7866 41.5078 23.7224 -0.0233068 0 2.8 0 -0.267747 0.93717 255 18 18
-48.7713 30.7705 40.2832 0.204833 0 4.2 0 -0.586918 0.56991 75 75 255
-48.0089 19.8166 46.0887 0.314272 0 -3.5 0 0.101158 0.125493 26 26 255
-36.815 28.362 32.822 -0.165313 -0 -3.5 0 0.528504 -0.12442 255 111 111
-39.5276 39.2364 14.4896 -0.541214 0 -3.5 0 -0.210768 0.496064 255 24 24
-40.2395 18.598 23.0415 -0.172909 0 -0.8 1 0.890848 -0.343578 255 78 78
-44.6841 11.9639 39.6495 0.304694 0 1.9 0 -0.00534949 -0.830208 194 194 255
-55.1338 31.6122 30.645 -0.205939 0 -1.6 0 -0.311032 0.715343 154 154 255
-53.8766 18.1529 13.9734 0.956318 -0.207861 -1.86742 0 -0.342999 -0.708912 67 67 254
-49.2048 34.1215 34.5669 -2.57266 -0.442529 -3.5 0 -0.244552 0.824764 14 14 255
-33.755 28.453 6.4605 0.042312 -0.0354206 -0.8 0 -0.452446 0.765088 255 5 5
-52.39 33.244 19.705 -0.460544 0 -0.8 0 -0.76896 -0.489695 50 50 255
-34.784 23.0715 33.555 0.42317 0 -4.5 0 0.781489 -0.356918 255 229 229
-38.3105 13.661 22.6125 -0.181455 0 -0.7 0 0.696091 0.582649 255 162 162
-56.6261 30.829 12.0234 0.297252 0 -0.7 0 -0.756976 0.412278 52 52 255
-55.7985 30.3725 35.7629 -0.583145 -0.503801 -0.765135 0 -0.850371 -0.0517374 169 169 255
-50.294 14.368 19.028 -1.49166 -0.708642 -3.5 0 -0.971407 -0.222212 255 207 207
-37.8945 20.325 9.675 -0.324736 -0.415575 -0.8 1 0.764182 0.274917 255 57 57
-57.1048 26.3614 38.0985 0.17083 0 -0.7 0 -0.478348 0.0114695 128 128 255
-46.392 7.366 35.454 0.148586 0 -0.7 0 0.477815 -0.780114 25 25 255
-45.0384 28.5866 23.7885 0.356422 0 -1.3 0 0.0330261 -0.89154 255 32 32
-57.8116 27.4048 25.7677 -0.106552 0 -0.8 0 -0.500995 0.360085 221 221 255
-49.0667 10.3973 13.4535 0.0877309 0 2.8 0 -0.286055 -0.716789 65 65 255
-51.2584 9.47038 36.5264 0.398915 0 -3.5 0 -0.890093 -0.453072 141 141 255
-36.4012 11.8593 6.12225 -0.47612 0 -0.8 0 0.708463 0.328369 35 35 255
-44.1721 28.4385 21.5035 0.0663966 0.0119775 -3.142 0 -0.0302596 -0.73888 255 28 28
-50.5455 8.9075 38.4185 -0.21764 -0.652434 -3.5 0 -0.849926 -0.477037 124 124 255
-46.4546 7.38413 13.8644 -0.14409 0 -1.3 0 -0.494641 -0.418301 65 65 255
-36.507 10.818 28.3612 0.0876046 0 -3.5 0 0.73869 -0.211401 103 103 255
-52.0998 20.8224 28.3261 0.736877 0 2.5 0 -0.819394 -0.379479 132 132 255
-57.5096 19.2397 5.15763 0.0251823 0 -2.31826 0 -0.141856 -0.518902 71 71 255
-50.6495 22.9832 43.0281 0.644707 0 -3.9 0 -0.370929 0.444213 76 76 255
-48.32 6.96625 8.21425 -0.574548 -0.259893 -1.3 0 -0.439471 -0.58884 255 177 177
-56.8997 25.9792 7.7905 0.358879 0 -3.9 0 -0.964237 -0.1254 57 57 255
-38.3709 6.48225 22.6035 -0.285217 0 -0.4 0 0.894624 -0.382268 229 229 255
-41.833 8.362 -1.4175 -0.967612 0 -0.487381 0 0.0958389 -0.601332 255 203 203
-38.365 21.608 36.704 0.43998 0 -3.9 0 0.812796 0.203216 43 43 255
-43.314 7.976 6.084 0.642289 0.788746 -0.7 0 -0.288874 -0.954285 64 64 255
-37.7765 7.178 17.6206 0.120083 0 -1.6 0 0.651388 -0.706578 255 235 235
-57.0387 23.5246 15.3544 0.517299 -0.33721 -0.280066 0 -0.715589 0.39477 160 160 255
-46.4943 24.5336 45.7344 0.279514 0 1.8 0 0.498241 -0.367053 28 28 255
-55.9646 33.6049 33.148 -0.944141 -0.0252006 4.2 0 -0.790555 0.208576 47 47 255
-57.9404 18.6928 14.624 -0.0537159 0 -0.7 0 -0.535988 -0.839614 67 67 254
-37.4805 9.9765 31.559 -0.415056 0 -3.5 0 0.11715 -0.478106 47 47 255
-44.8906 27.91 28.6469 -0.108372 0 -0.8 0 0.904059 -0.265157 255 25 25
-42.2684 35.4779 26.1775 0.313887 0.20433 0.755545 0 0.598398 -0.796213 255 20 20
-49.8797 34.5293 33.7176 -0.929676 -0.128644 -3.5 0 0.0767541 0.642155 20 20 255
-58.1304 18.3674 5.97475 0.244624 0.564454 -3.5 0 -0.136714 -0.862006 72 72 255
-39.9764 23.0754 42.2634 0.717396 0 -3.5 0 0.944731 -0.308182 65 65 254
-52.82 24.8925 0.628 -0.313774 0 -3.19956 0 -0.141931 0.440111 14 14 255
-53.8042 18.9125 14.778 1.16637 0 -1.12619 0 -0.48711 -0.540174 72 72 255
-35.636 21.433 29.656 0.0585498 0 -0.9 1 0.703698 0.261748 255 77 77
-48.212 25.6665 23.358 1.32662 0 -0.7 0 0.942082 0.224281 255 40 40
-56.5226 21.749 35.4284 0.946208 0.0955024 -3.5 0 -0.873157 0.285102 141 141 255
-53.0952 31.3479 28.8069 -0.0113582 0 -1.3 0 -0.713105 0.697922 226 226 255
-58.9121 19.5755 34.1161 0.335548 0 -3.5 0 -0.810445 0.384309 182 182 255
-35.8739 23.9976 29.6746 0.928159 0 -4.5 1 0.327871 -0.238801 255 64 64
-35.7757 13.4399 31.897 -0.425483 -0.692285 -3.5 0 0.931371 -0.361295 68 68 255
-47.6255 2.88675 9.9805 0.103766 0 -1.6 0 -0.718144 -0.15518 255 245 245
-48.8795 16.324 22.872 0.161022 0 3.8 0 -0.849702 -0.522142 255 100 100
-57.8646 21.5103 33.1076 0.722987 0 -1.76942 0 -0.787459 0.508248 228 228 255
-52.931 33.3792 26.474 0.015797 0 -1.3 0 -0.833699 0.43532 96 96 255
-45.8177 1.75587 13.8632 0.520996 0 -1.6 0 -0.242907 -0.969324 23 23 255
-53.871 22.1075 29.2122 0.901707 0.417526 1.75555 0 -0.309757 -0.697959 138 138 255
-46.2051 38.393 27.1935 -1.16967 -0.5728 2.8 0 -0.170388 0.976701 228 228 255
-43.4967 25.9839 29.1717 -0.816688 0 1.8 0 0.370788 0.684036 255 28 28
-49.3618 37.2505 10.7019 0.0728644 0 -3.2 0 -0.143867 0.637889 3 3 255
-49.134 7.367 37.6987 -0.818758 0 -3.5 0 -0.184921 -0.94193 98 98 254
-47.4619 16.5576 -2.19163 0.216206 0 -3.5 0 0.772892 -0.415168 35 35 255
-47.9655 12.24 39.5956 0.199756 0 1.9 0 0.0574454 -0.655824 255 239 239
-48.386 6.1765 9.0655 -0.73235 -0.0418735 -1.3 0 -0.444084 -0.745669 255 153 153
-43.2555 16.0728 42.8019 -0.26201 0 -0.7 0 0.0274561 0.198433 235 235 255
-59.739 32.7195 1.982 2.95204 0 1.8 0 -0.667823 0.482109 220 220 255
-43.0981 37.2368 29.0765 -0.85074 -0.098039 -1.3 0 0.577353 0.728418 255 215 215
-50.6859 9.85962 10.5861 0.0379944 0.143819 1.89256 0 -0.5948 -0.662635 230 230 255
-48.8423 27.0748 44.2029 1.07359 0 1.8 0 -0.487448 0.663962 112 112 255
-41.099 9.52625 3.02537 -0.0435327 -0.317508 0.970116 0 0.041104 -0.999155 135 135 255
-51.5682 12.8643 13.933 0.398745 0.123016 2.8 0 -0.925137 -0.282777 51 51 255
-38.579 11.2536 12.4972 -0.89332 -0.531712 -2.14583 0 0.312599 -0.120586 109 109 255
-48.8465 14.393 39.5672 0.0618848 0 -0.0968885 0 -0.691678 -0.415804 255 232 232
-48.0401 32.45 43.9101 -0.163267 0 4.2 0 -0.703319 0.206961 237 237 255
-44.0515 12.149 40.6087 0.0917032 0 -0.7 0 -0.437378 -0.827246 232 232 255
-33.3581 25.952 33.219 0.660724 0 -4.5 0 0.554536 -0.408874 255 84 84
-43.1016 37.8807 28.142 0.174553 -0.0128886 2.12613 1 0.278314 0.559748 255 140 140
-56.4028 27.1367 15.5269 0.755558 0 1.49314 0 -0.72741 0.208931 133 133 255
-50.8763 23.9525 42.8182 0.775595 0 -3.9 0 -0.38285 0.0953119 82 82 255
-51.6367 32.8265 14.0147 0.534778 0.198158 -3.2 0 -0.902417 -0.426443 9 9 255
-38.7475 13.118 -1.6365 -0.23977 -0.483153 1.8 0 0.247942 0.499739 255 130 130
-53.6595 9.9345 34.2819 0.218476 0 1.8 0 -0.466298 -0.509399 195 195 255
-59.8981 24.1996 28.6181 -0.959167 -0.465622 -0.8 0 -0.823012 -0.374663 255 247 247
-55.1377 33.8795 2.45044 0.796871 0.308312 0.616302 0 0.595577 0.724274 38 38 255
-49.7467 39.4836 28.976 0.423144 0 -4.5 0 -0.193834 0.804221 6 6 255
-41.8577 8.40537 12.5569 -0.962181 -0.135651 -1.3 0 0.845115 -0.233323 141 141 255
-38.7615 8.1165 -0.265 -0.0040215 0 1.8 0 0.137207 -0.982801 255 132 132
-45.2971 9.98787 22.8385 0.0880255 0 4.2 0 -0.567319 0.38595 255 162 162
-44.473 35.1364 8.075 0.875681 0 -4.5 0 -0.775322 0.502871 32 32 255
-39.8283 10.3263 34.0783 0.0373521 0 1.08371 0 0.807045 -0.562178 50 50 255
-57.9518 33.9748 2.9405 0.957928 0 1.8 0 -0.317063 0.947602 119 119 255
-42.4022 41.1594 18.6424 -0.212181 0 -0.4 1 -0.173501 0.96079 255 11 11
-46.4675 5.67312 13.8112 0.090411 0 -1.53656 0 -0.567648 0.580135 63 63 255
-43.5549 25.7991 26.2346 0.837643 -0.0949614 -0.8 0 0.642814 0.718906 255 50 50
-37.14 23.38 27.228 0.780864 0.00538315 -3.2 1 0.899095 0.341972 255 30 30
-40.7926 8.72962 -1.64988 -0.040584 0 1.8 0 0.0166404 -0.640757 255 153 153
-38.0076 14.316 6.19362 -0.966675 -0.172285 -2.0976 0 0.666611 -0.287503 96 96 255
-53.0154 13.1535 6.35925 0.826563 0 1.9 0 -0.537071 -0.841849 199 199 255
-52.4445 14.2478 0.1775 0.270205 0 -3.5 0 -0.288412 -0.4573 59 59 255
-46.7615 25.6295 20.54 -0.282193 0 -3.5 0 0.276392 0.305992 255 45 45
-52.6657 26.9481 0.424625 0.0170641 0.0157893 -0.273348 0 -0.664212 -0.0888677 6 6 255
-52.634 34.2529 19.0855 -0.299122 0 -0.8 0 -0.760795 -0.377271 19 19 255
-41.3273 20.5607 22.4223 0.0213233 0 -0.8 1 0.785817 0.411416 255 65 65
-36.882 23.8547 28.8225 0.368845 0.38546 -3.93582 1 0.800698 0.187571 255 52 52
-36.0938 10.1842 4.91937 -0.227737 0 -0.8 0 0.947939 -0.107946 35 35 255
-58.3068 23.7325 13.1689 0.0296421 -0.490626 1.8 0 -0.897441 -0.410471 81 81 254
-55.1722 21.313 1.2835 0.190972 0 -3.5 0 -0.961338 -0.268134 56 56 255
-42.109 19.659 2.3225 0.4777 0.0448066 -3.49845 0 0.138429 0.615476 150 150 255
-53.102 30.2188 13.93 0.512926 0 -0.7 0 -0.149022 0.841262 65 65 254
-37.7147 8.53744 26.5235 -0.236514 0 -0.7 0 0.644342 -0.516356 181 181 255
-48.7118 6.29975 19.6523 -0.094949 0 -0.7 0 -0.725958 0.603622 111 111 255
-57.0271 22.009 5.07288 -0.0750355 0 4.5 0 -0.637472 0.506022 43 43 255
-34.256 28.6235 33.1968 0.255777 0.0403578 -4.5 0 -0.121267 0.65646 255 119 119
-53.5925 31.0755 2.692 -0.152944 0 1.63725 0 -0.287437 -0.936378 12 12 255
-41.7687 11.1528 -4.69925 0.102008 0 1.8 0 0.413573 -0.713532 255 106 106
-53.469 22.2292 39.6898 1.7637 0.123038 -3.9 0 -0.406316 -0.842766 39 39 255
-52.1942 13.6639 30.1881 0.637864 0 3.8 0 -0.583585 -0.753821 222 222 255
-51.7169 34.6361 28.684 -0.787646 -0.947853 -1.3 0 -0.979184 0.167899 28 28 255
-40.9076 25.696 18.3732 -0.18745 0.609815 -0.990973 1 0.747428 -0.551578 255 20 20
-42.8774 30.973 7.46313 -0.423283 0 -4.5 0 0.0762736 -0.154967 255 162 162
-48.2626 2.9615 13.2405 -0.174023 0 -1.6 0 -0.941684 -0.218198 49 49 255
-42.185 20.854 44.508 -0.0937972 -0.251499 -3.5 0 0.445878 -0.348549 60 60 255
-43.0765 35.4043 24.495 0.223613 0 2.8 1 0.742662 -0.641161 255 20 20
-49.9579 35.5761 33.3115 -0.624063 0 -3.76545 0 0.294983 0.304409 21 21 255
-55.072 30.6232 8.03975 0.26753 0 -1.0283 0 -0.897881 0.423263 57 57 255
-45.4282 40.22 24.1865 0.398942 0.00605968 0.472015 0 -0.123619 0.921082 255 157 157
-56.0812 31.8116 0.0515 0.204924 0 1.8 0 0.258031 -0.11786 34 34 255
-55.4538 25.206 40.3963 2.06751 0.176368 -3.9 0 -0.670249 0.602525 23 23 255
-42.411 32.179 40.776 -1.57546 -0.361567 3.8 0 0.919199 0.300746 125 125 255
-46.022 38.191 10.7708 -0.0110422 0 -1.3 0 -0.670089 0.262239 16 16 255
-36.8101 14.5278 28.3389 0.105366 0 -2.83597 0 0.794335 -0.224943 203 203 255
-48.4861 20.6315 18.2994 -0.222927 0 2.8 0 -0.148335 -0.983848 255 103 103
-48.5122 32.5283 41.8595 -0.262599 0 4.2 0 -0.857946 0.510439 100 100 254
-50.8206 11.3892 30.2652 0.772582 0 -4.5 0 -0.763846 -0.464984 194 194 255
-47.839 33.0315 39.921 -0.467002 0 4.2 0 -0.755208 0.32977 18 18 255
-47.9564 27.4531 24.8541 0.475488 0 0.672855 0 0.479162 0.125833 255 78 78
-34.8587 17.6825 3.16475 -0.287905 0 -3.5 0 0.889455 0.230433 255 216 216
-49.56 8.298 1.947 1.66873 0 -3.9 0 -0.795375 -0.385562 116 116 255
-48.0835 30.0228 43.8372 0.206082 0 4.2 0 -0.449085 -0.0658064 115 115 255
-43.1068 14.1706 -3.19438 0.105281 0 1.8 0 -0.174514 0.973221 225 225 255
-45.5374 14.9703 41.8534 -0.51456 0 -0.843992 0 -0.129899 -0.378495 255 191 191
-38.7191 40.1115 14.8819 -0.970068 -0.0687852 -3.5 0 -0.139713 0.358163 255 18 18
-44.419 28.9123 44.2575 0.109945 0 3.8 0 -0.133881 -0.0893927 77 77 255
-47.424 22.0497 44.8853 0.0459713 0 -3.5 0 0.153521 0.0663524 16 16 255
-44.5451 7.13225 -2.14756 -0.985954 0 -3.5 0 -0.211693 -0.497245 237 237 255
-48.221 16.077 40.7535 -0.503838 0 1.9 0 -0.48361 -0.224068 255 207 207
-54.4161 23.7289 27.2178 0.415892 -0.156663 1.98768 0 -0.678524 -0.65023 255 157 157
-53.3947 30.9587 21.992 -0.0642235 -0.16966 0.224733 0 -0.322031 0.269598 253 253 255
-51.3995 23.3435 -0.41675 -0.318381 0 3.8 0 0.178178 0.61449 12 12 255
-37.6623 7.55037 25.528 -0.295247 0 -0.7 0 0.662141 -0.673001 160 160 255
-40.6372 4.8885 26.5445 -1.71661 -0.284902 -3.5 0 0.37973 -0.626916 158 158 255
-50.828 15.3335 24.9155 0.194379 0 -4.5 0 -0.319183 -0.466195 255 153 153
-41.6763 28.9279 1.941 -0.669472 -0.413478 -0.369083 0 0.247514 0.542866 73 73 255
-47.9497 5.89587 34.0938 0.0509528 0 -0.7 0 -0.0202641 -0.983448 9 9 255
-58.399 16.8441 32.9092 0.570013 0 -3.5 0 -0.85221 -0.415108 76 76 255
-56.8716 34.7395 35.7884 -0.282103 0 4.2 0 -0.578993 0.775542 37 37 255
-44.2326 32.7982 43.6874 -0.513192 0 4.2 0 0.855195 0.446009 76 76 255
-38.1729 10.4876 18.1203 0.0119159 0 -1.5359 0 0.732537 0.445518 255 101 101
-52.6094 38.0754 34.2282 -1.14289 0 -3.5 0 0.234728 0.862832 35 35 255
-39.5345 3.2545 20.8885 -0.0555795 0 1.8 0 0.983268 -0.0673087 135 135 255
-57.495 13.946 11.1815 -0.103136 0 -3.5 0 -0.806138 0.0627304 53 53 255
-50.8423 9.34225 32.6459 1.01796 0 0.0514798 0 -0.251424 -0.757424 69 69 255
-50.1157 8.31 2.96412 1.0643 0 -3.9 0 -0.936586 -0.315489 208 208 255
-39.7747 8.63638 5.8105 -0.174723 0 -0.7 0 0.00891903 -0.966536 64 64 255
-54.7666 27.7157 17.769 -0.516935 -0.345998 3.8 0 -0.908992 0.328174 245 245 255
-38.5885 33.263 7.90775 0.5127 0.781972 -4.5 1 0.943765 -0.282181 255 50 50
-40.3652 41.134 17.2665 -0.910818 0 -3.14225 1 0.273038 0.960331 255 11 11
-48.7696 15.1344 21.3069 -0.856727 0 -3.5 0 -0.805053 -0.0765796 255 116 116
-55.8138 34.7508 36.4366 -0.303907 0 4.2 0 -0.420586 0.805657 32 32 255
-51.7169 11.8404 5.74125 -0.0385331 0 1.9 0 -0.868156 -0.49629 255 221 221
-44.0264 29.5786 4.47813 -0.373962 0 1.59686 0 0.568751 0.781399 110 110 254
-37.7575 8.097 3.9485 -0.112399 0 -0.8 0 -0.0297682 -0.994858 99 99 255
-51.0466 31.1674 37.523 -0.367358 0 -3.5 0 -0.324119 0.284554 36 36 255
-34.0457 19.4757 4.54987 0.476766 0 -0.794078 0 0.722718 -0.583774 255 127 127
-51.1094 9.85738 31.7545 1.21579 0.579255 1.8 0 -0.0966489 -0.789768 97 97 255
-38.815 15.3597 1.0065 -0.183544 -0.240023 0.5562 0 0.2456 0.746239 255 183 183
-39.1619 24.9944 0.34825 0.00755922 0.126602 -0.7 0 0.0205271 0.586175 142 142 255
-39.0783 27.208 21.7518 -0.0414507 0 -0.9 1 0.6739 0.736042 255 45 45
-41.1814 19.8732 15.9421 -0.0691242 -0.356964 -0.8 0 0.921933 -0.150136 255 49 49
-50.2905 14.249 25.725 1.06929 0 -4.5 0 -0.202533 -0.526488 255 199 199
-42.9245 33.0235 22.611 3.15983 0.0561068 -3.9 1 0.993479 0.00249059 255 19 19
-36.7805 14.8125 -0.328 -0.426254 -0.00254542 1.8 0 0.335496 0.554266 255 192 192
-35.2335 10.7493 29.0863 0.249197 0.000631742 -3.5 0 0.737586 -0.105339 96 96 255
-52.4969 38.4173 33.048 -0.283244 0 -3.5 0 -0.0989197 0.976108 30 30 255
-55.491 14.5872 38.0506 0.0681673 0 1.8 0 -0.928426 -0.286524 50 50 255
-52.8831 29.7305 16.1454 0.11009 -0.279354 3.8 0 -0.442004 0.890663 255 249 249
-52.1606 18.3886 -1.11913 -1.01929 0 -3.5 0 -0.50125 -0.833698 77 77 255
-33.1246 21.8285 4.20113 -0.00798168 0 -0.4 0 0.835442 -0.0516011 255 99 99
-38.2272 19.3704 26.7686 -0.369631 0 -0.9 1 0.571557 -0.111997 255 27 27
-60.0299 25.2234 29.0696 -0.00712523 0 -0.8 0 -0.88597 -0.371412 245 245 255
-39.8145 14.9429 21.796 -0.347621 0 -0.7 0 0.274187 0.953737 255 173 173
-42.8148 36.2118 34.0938 -0.963978 0 -3.5 0 -0.148986 0.988815 69 69 255
-37.5667 6.92338 15.9416 0.0879427 0 -1.6 0 0.699582 -0.70223 179 179 255
-53.01 20.516 38.5725 0.318808 -0.160386 1.50969 0 -0.834259 0.148456 23 23 254
-42.707 37.511 20.251 0.0223976 0 -0.4 1 0.234391 -0.961222 255 21 21
-51.0035 35.6175 5.6025 -0.147353 0 4.2 0 -0.0392103 0.444798 4 4 255
-41.8815 36.5865 17.5387 -0.264538 0 1.8 1 0.194319 -0.661971 255 18 18
-41.7233 3.93237 24.3854 -1.64436 0 -3.5 0 -0.166409 -0.982962 170 170 255
-53.092 17.419 14.273 2.77989 0 -3.9 0 -0.675251 -0.551182 64 64 255
-54.448 25.3857 1.82375 -1.01777 0 -3.5 0 -0.595218 0.743105 15 15 255
-56.3599 16.7358 6.48975 0.181639 0 1.9 0 -0.938065 -0.133263 60 60 255
-46.499 7.20975 0.75425 0.943683 0 -3.74596 0 -0.0990208 -0.964272 75 75 255
-38.6835 29.7889 11.4707 -0.536479 0 2.8 1 0.678531 0.214706 255 10 10
-50.2369 20.6755 18.7083 0.10121 0 2.8 0 -0.308537 -0.916076 255 60 60
-47.2318 20.6625 -3.442 -0.851956 -0.727361 -3.5 0 0.846727 0.344307 59 59 255
-49.4572 8.842 5.58475 -0.124609 -0.695336 -0.570667 0 -0.55793 -0.798213 247 247 255
-55.393 21.6154 2.70825 0.0384083 0 0.165258 0 -0.889473 -0.192022 68 68 255
-39.8986 31.4386 37.6997 -0.00794674 0.404753 -3.5 0 0.631786 0.555685 255 161 161
-48.909 33.3925 7.73025 -0.573454 0 -4.5 0 0.621146 0.640002 1 1 255
-47.5375 39.757 22.7507 0.373998 0 -0.4 0 -0.308105 0.900235 255 191 191
-43.944 32.4365 42.374 -1.02162 -0.309531 4.05611 0 0.78073 0.534736 63 63 255
-35.3499 28.8374 8.68412 -0.394152 0 0.937926 1 0.0701647 0.990211 255 7 7
-42.493 24.93 3.0885 -0.102475 0 -3.5 0 -0.317012 -0.148772 56 56 255
-43.1914 29.5481 3.49787 -0.249015 0 2.5 0 0.213192 0.969311 79 79 255
-44.0205 29.1375 6.1185 -1.0161 -0.301712 -3.38459 0 0.765385 0.627756 239 239 255
-45.1992 27.2415 44.113 0.552585 0 2.74513 0 0.327477 0.225722 103 103 255
-48.7648 19.6985 -5.066 -0.604756 0 -3.5 0 -0.062732 0.0475824 43 43 255
-52.3045 17.056 39.8225 -0.0806476 0 1.51835 0 -0.198118 -0.486606 109 109 255
-51.1745 37.46 34.3365 -0.424491 0 -3.5 0 0.609361 0.435747 27 27 255
-39.6446 40.7421 22.3511 -0.0772962 0 2.8 1 0.438629 0.849887 255 21 21
-34.126 19.021 5.5735 0.509927 0 -3.5 0 0.796373 -0.604079 255 99 99
-43.5839 5.83575 23.1536 -0.913727 -0.539955 -0.381894 0 -0.717663 -0.630372 172 172 255
-47.6092 17.8391 19.5777 -0.359869 0 -1.90598 0 -0.586081 0.354253 255 141 141
-56.5588 15.7338 11.4087 0.0715026 0 -3.5 0 -0.732167 0.141934 52 52 255
-38.5105 33.58 9.225 0.0289444 0.442013 -2.78756 1 0.978892 -0.0531103 255 31 31
-35.64 31.1612 30.7084 0.228862 0.0258609 -0.9 0 0.504181 0.490026 255 127 127
-52.5165 22.658 41.866 0.614803 0 -3.9 0 -0.548173 -0.617499 58 58 255
-53.3395 34.179 20.3655 0.257954 0.00655197 -0.8 0 -0.859038 -0.471779 18 18 255
-38.5202 7.9435 21.168 -0.737617 -0.147809 -0.4 0 0.99035 0.124121 255 171 171
-31.3521 26.9324 4.8985 0.617007 0 -0.452811 0 0.835343 0.534369 255 7 7
-43.5013 3.62975 21.6752 -0.257055 0 1.22072 0 -0.485416 -0.459423 118 118 254
-37.0645 10.849 35.5573 -0.0264492 0 4.2 0 0.445421 -0.887313 31 31 255
-42.1427 22.9167 2.47863 -0.120912 0 -0.7 0 -0.449986 0.309426 93 93 255
-47.664 24.609 -1.58063 -0.107945 0 2.25572 0 0.312018 -0.141996 10 10 255
-53.442 21.9355 16.5938 0.410368 0 2.8 0 -0.192882 -0.669395 255 130 130
-41.7438 27.6529 43.9992 -0.145809 -0.082822 3.01522 0 0.80987 -0.17108 103 103 255
-38.573 39.6701 20.0649 -0.0852931 0 -3.5 1 0.640759 0.274291 255 6 6
-41.5084 26.432 44.1782 -1.07553 -0.882078 -3.5 0 0.768595 0.394577 85 85 255
-34.4417 24.075 33.2352 1.18876 0 -4.5 0 0.783931 -0.278204 255 170 170
-53.215 32.998 3.89425 -0.910042 0 -0.4 0 0.343272 0.759416 9 9 255
-38.3645 20.5466 37.9391 1.06311 0 -3.9 0 0.982268 0.157226 38 38 255
-36.7695 9.482 15.2426 0.0871254 0.290099 -1.44234 0 0.908237 -0.259804 110 110 254
-51.3446 39.1516 32.554 0.490374 0.0827653 -4.5 0 -0.486999 0.773523 12 12 255
-45.6102 30.204 1.12475 -0.132406 0 -3.5 0 0.814369 0.371995 26 26 255
-44.8927 38.3345 29.2167 -0.114908 0 -4.5 0 0.573612 0.780097 145 145 255
-38.5164 20.3136 25.9844 -0.419111 0 -3.2 1 0.451224 -0.59758 255 10 10
-52.3844 17.6087 -0.00025 -0.225035 0 -3.5 0 -0.478467 -0.461783 117 117 255
-44.1779 28.0766 25.2751 0.0787628 -0.426563 -1.03047 0 0.899825 -0.418106 255 32 32
-48.8122 26.9134 21.8008 0.780117 0.869135 -2.30782 0 0.870923 0.296881 255 46 46
-47.216 10.6505 38.8706 0.288081 0 -0.791042 0 0.177406 -0.15581 175 175 255
-52.7573 33.2116 31.1081 -0.129223 -0.00771934 3.06721 0 -0.518137 0.111196 42 42 255
-44.23 40.247 14.05 -0.257241 0 1.8 0 0.711787 0.700416 255 207 207
-43.0709 25.7913 24.5019 0.100908 -0.329059 -0.851433 0 0.217799 0.969524 255 59 59
-43.3594 32.9507 23.8188 1.20839 0.464828 -3.9 1 0.969692 -0.0714236 255 17 17
-45.8776 31.8585 4.13594 -0.0620949 0 -3.5 0 0.737345 0.65043 17 17 255
-57.6787 19.823 35.0153 0.884503 0.0188179 -3.5 0 -0.625868 0.342211 144 144 255
-40.3055 35.675 24.6677 0.185589 0 2.8 1 0.147834 -0.98849 255 21 21
-41.1915 25.8975 17.0435 -1.00035 -0.745043 -1.3 1 0.636971 -0.769475 255 29 29
-50.5396 9.40738 5.09163 -0.647791 -0.301256 -0.4 0 -0.761074 -0.606146 255 229 229
-54.4634 32.707 10.5341 0.0729368 0 -0.7 0 -0.25861 0.964179 24 24 255
-59.7815 20.6222 8.622 0.323468 0 -3.5 0 -0.936172 0.0255479 42 42 255
-40.04 36.6055 7.48325 -0.0400827 0 -4.5 0 0.562129 0.824537 195 195 255
-39.9863 18.3775 10.7778 -0.12344 0.0714526 -0.634844 0 0.387992 -0.0610951 255 139 139
-55.4735 12.0227 9.848 0.211726 0 -3.5 0 0.428792 -0.817212 38 38 255
-45.9333 41.1425 12.11 -0.0681819 0 1.8 0 0.0312857 0.852701 76 76 255
-44.5409 14.5472 -0.8125 -0.202046 -0.705389 0.964356 0 -0.126699 0.498274 86 86 255
-60.2209 27.7636 30.4035 -0.859122 -0.166703 1.26469 0 -0.674131 0.6833 189 189 255
-54.3279 19.474 37.845 0.188751 0 1.8 0 -0.823882 0.431089 20 20 255
-43.017 8.635 37.211 -0.371412 -0.00189157 -0.4 0 -0.0618919 -0.513784 143 143 255
-45.448 8.461 25.935 0.29417 0 -0.4 0 -0.839406 -0.150964 226 226 255
-34.8936 20.8299 30.8472 0.307383 0 -0.9 0 0.951307 0.214465 255 98 98
-45.3395 31.8687 18.044 -0.103185 0 -3.76373 1 0.977796 0.208638 255 57 57
-34.3563 23.7908 0.73725 0.0194916 0 -0.4 0 0.35561 -0.00811676 191 191 255
-46.2686 30.0928 -0.726 -0.307514 -0.170372 -0.855602 0 0.65111 0.0741603 23 23 255
-35.8395 9.502 29.3783 -0.119901 0 -3.5 0 0.464639 -0.703032 81 81 255
-47.7045 13.005 26.2145 0.679501 0 3.8 0 -0.213685 -0.929822 255 176 176
-36.5018 7.84975 16.0995 -0.108377 0 -1.6 0 0.924396 -0.33467 175 175 255
-56.4445 30.4501 22.4794 0.0470843 0 1.8 0 -0.661551 0.408037 85 85 255
-47.8691 32.9367 37.627 -1.84359 -0.164232 -3.5 0 -0.305694 0.737382 10 10 255
-50.2901 36.1473 6.07237 -0.128982 0 4.2 0 0.240903 0.769645 2 2 255
-38.0415 29.0605 38.9374 0.165319 0 -3.5 0 0.936013 0.202925 124 124 255
-44.4624 19.4282 44.4729 -0.0719564 0 -3.5 0 0.29684 -0.0755379 42 42 255
-37.8706 22.5669 25.0825 0.0898307 0 -3.2 1 0.531042 0.183585 255 10 10
-43.6215 17.3692 -0.2165 0.872539 0 -4.5 0 0.0868221 0.192798 188 188 255
-56.6481 16.016 7.57987 -0.68925 0 -2.04649 0 -0.830148 -0.0605773 48 48 255
-37.821 34.8225 11.8854 -0.168909 0 -1.3 1 0.873265 0.329974 255 46 46
-34.8428 17.4893 29.5748 0.078831 0 -0.9 0 0.962591 -0.256147 255 123 123
-55.354 25.6147 23.6905 -0.906706 -0.0775992 1.8 0 -0.485653 -0.820702 255 160 160
-58.866 18.3045 8.323 0.0467817 0 -3.5 0 -0.644201 -0.76395 83 83 255
-51.858 30.5128 15.8676 0.129402 0 3.8 0 -0.829026 0.539722 138 138 255
-56.8871 19.3107 35.7622 0.306006 0 -3.5 0 -0.381077 -0.00552171 92 92 255
-51.2499 32.5366 2.61987 -1.13039 -0.446336 -3.5 0 -0.209031 0.939178 7 7 255
-41.989 19.2295 12.524 -0.0563927 0.593295 -0.692818 0 0.858688 0.283139 255 74 74
-48.1495 21.4235 -3.815 -0.0222854 -0.170764 -3.5 0 0.429769 0.563209 34 34 255
-36.3516 13.0755 37.0192 0.106571 0 4.2 0 0.823931 -0.0997599 33 33 255
-41.9328 8.88125 11.3682 -1.03325 -0.425262 -2.40388 0 0.902311 -0.421251 186 186 255
-54.7171 13.8294 38.6086 0.0752973 0 1.8 0 -0.373779 -0.750832 87 87 254
-57.0115 23.825 8.8855 0.00729302 0 -3.9 0 -0.84102 0.536511 42 42 255
-32.3898 20.9695 4.85675 -0.0979449 0 -0.4 0 0.926591 -0.13145 255 63 63
-45.6226 7.62325 23.5474 -0.0246962 0 4.2 0 -0.72385 -0.345043 255 250 250
-54.352 11.0311 34.1984 0.103848 0 1.8 0 -0.897782 0.0113637 146 146 255
-55.4661 31.1842 0.7725 0.211302 0 1.8 0 0.423738 -0.651715 20 20 255
-50.9318 12.0849 1.40287 -0.0581065 0 -0.7 0 -0.732378 -0.540716 123 123 255
-39.9385 34.9245 36.1595 -1.0852 0 -3.5 0 0.8738 0.0312565 255 249 249
-40.1053 8.19213 -0.755375 -0.133222 0 1.8 0 0.160072 -0.969137 255 176 176
-43.6348 23.5632 3.109 -0.0304505 0 3.8 0 0.30594 0.347556 56 56 255
-56.5324 26.139 24.5425 -0.692383 -0.323286 1.8 0 -0.738962 -0.474259 255 158 158
-45.8055 1.5015 14.8477 -0.108215 0 -0.994779 0 -0.400649 -0.876224 31 31 255
-40.54 26.4775 13.6392 -0.0579495 0.00337107 -1.29126 1 0.892494 0.0552564 255 60 60
-57.4012 22.4268 28.5739 0.780002 0.008496 -0.8 0 -0.159427 -0.875077 184 184 255
-54.943 14.93 32.174 0.299118 0.767328 -3.5 0 -0.161836 -0.986432 56 56 255
-45.829 23.8778 -0.35075 -0.112928 0 3.8 0 0.728333 0.379599 34 34 255
-50.7515 30.4548 38.2643 -0.602999 0 -1.88206 0 -0.508919 0.705062 46 46 255
-39.4625 10.627 -2.43637 0.712147 0.03659 1.8 0 0.450746 -0.48442 255 109 109
-43.198 40.9831 17.7474 -0.884497 -0.835477 -0.4 1 -0.675413 0.734855 255 29 29
-46.7653 8.058 21.045 -0.0638757 0 1.16807 0 -0.873302 -0.0668844 208 208 255
-52.6997 28.3768 41.5602 0.0627102 0 -0.7 0 -0.946728 0.197465 75 75 254
-47.4683 39.6119 18.2576 -0.472364 0 0.402145 0 0.057388 0.842225 159 159 255
-42.805 2.2925 10.6981 -0.0813728 0 -1.6 0 0.87024 -0.432747 37 37 255
-32.7173 22.848 6.45038 0.429511 0.221439 -0.4 0 0.737643 -0.460798 255 14 14
-40.3003 21.1175 0.635 -0.111117 0 -0.7 0 -0.535049 -0.782914 154 154 255
-36.8548 18.7165 7.226 -0.282443 0 -3.5 0 0.586097 -0.170874 255 143 143
-52.181 36.2765 14.2963 -0.158007 0 -3.2 0 -0.960199 0.273407 4 4 255
-31.7475 27.6735 31.977 0.414411 0.0285616 -4.5 0 0.985435 0.0738159 255 56 56
-43.8784 35.8122 7.45363 0.538152 0.804802 -4.5 0 -0.850199 0.390825 27 27 255
-40.0586 16.6364 11.1289 -0.376684 0 -0.4 0 0.899727 -0.0781032 246 246 255
-49.6806 18.8051 42.5202 -0.0250491 0 -1.2346 0 -0.829119 -0.55904 214 214 255
-43.3245 5.9455 -1.67025 -1.36506 -0.0375176 -3.5 0 0.294924 -0.538981 255 244 244
-35.0863 21.432 31.8253 0.452064 0 -0.9 0 0.932646 -0.121286 255 152 152
-36.1216 11.7723 36.4261 0.0242835 0 4.2 0 0.759734 -0.538808 31 31 255
-45.522 7.85087 34.9473 0.127801 -0.507579 -0.494192 0 0.465702 -0.817498 11 11 255
-43.782 26.3538 2.34938 0.748455 0 2.5 0 0.0872689 -0.779463 25 25 255
-56.7571 21.7159 29.1164 0.150313 -0.694343 -2.87471 0 -0.259847 -0.437569 145 145 255
-44.4268 22.2011 0.806625 -0.0533133 0 3.8 0 0.935319 0.219655 45 45 255
-35.8385 10.8815 2.56775 0.262545 0.56269 1.15023 0 0.67876 -0.540654 69 69 255
-34.8529 26.9805 9.831 -0.405069 0 1.57569 1 0.120194 0.0964868 255 15 15
-37.4101 39.2407 19.1171 -0.236093 0 -3.5 1 0.543728 -0.273688 255 4 4
-37.5703 8.44225 19.1327 -0.144012 0 -1.6 0 0.88824 -0.0262139 255 101 101
-37.738 19.6235 35.718 0.564942 0.0872893 -3.9 0 0.869956 -0.160521 85 85 255
-47.6031 1.66338 10.8144 0.117464 0 -1.6 0 -0.746464 -0.629321 110 110 255
-51.5648 21.6402 24.1559 0.621484 0 -0.7 0 -0.805528 -0.587451 255 82 82
-44.272 30.69 17.984 -0.118658 0 -3.5 1 0.477153 0.875545 255 34 34
-43.3428 13.4777 42.154 0.121584 0 -0.7 0 -0.522571 -0.424357 255 250 250
-50.0137 30.3144 41.7046 0.0774844 0 2.10898 0 -0.514895 0.694579 65 65 255
-54.873 29.6828 15.1362 0.756403 0.861054 -0.4 0 -0.31775 0.865334 96 96 255
-40.7455 25.4422 26.4587 0.224728 0 -0.9 0 0.0869601 0.933153 255 58 58
-43.8278 27.4025 21.0347 -0.130936 0 -3.5 0 -0.307299 -0.174877 255 47 47
-38.8475 19.9252 2.87875 -0.236851 -0.494348 -1.79093 0 -0.00108298 -0.411924 255 124 124
-41.037 19.7195 2.089 0.0970045 0.375938 -4.5 0 0.254926 0.263861 255 242 242
-38.1369 18.359 36.4116 0.464485 0 -3.9 0 0.91767 -0.0468257 63 63 255
-52.0205 36.187 23.1625 0.818367 0.837208 -0.8 0 -0.820145 0.493697 34 34 255
-51.5651 12.1742 12.9911 0.392805 0 2.8 0 -0.8345 -0.40711 79 79 255
-49.5122 5.37038 19.0624 -0.0729046 0 -0.7 0 -0.976858 0.207498 67 67 255
-41.7754 22.0159 2.07137 -0.11468 0 1.87733 0 -0.365831 -0.196802 103 103 255
-50.9238 36.445 26.2817 -0.352002 -0.362858 -0.990854 0 -0.713207 0.694928 40 40 255
-48.6985 20.782 -4.5595 -0.447805 -0.178051 -3.5 0 0.1153 0.536507 29 29 255
-54.9275 18.0614 13.8749 -0.632354 -0.539288 -0.7 0 0.108149 -0.73668 60 60 255
-44.4614 12.8206 25.5459 0.58599 0 3.12954 0 -0.163882 -0.872796 255 245 245
-46.8516 20.0219 -2.35287 -0.342272 0 -0.127855 0 0.892864 -0.275571 72 72 255
-44.005 6.00125 30.209 -0.237251 0 4.2 0 -0.467999 -0.881071 42 42 255
-38.1985 16.6471 37.4728 0.416842 0 4.2 0 0.63628 0.414647 52 52 255
-35.4086 23.5914 0.50125 -0.118199 0 -0.4 0 0.101093 -0.418342 243 243 255
-43.3624 0.23025 17.6103 0.0404194 -0.442588 -0.8 0 -0.263997 -0.920961 65 65 255
-46.779 13.5325 23.4207 0.0227675 0 3.8 0 -0.434047 -0.89444 255 117 117
-40.713 10.3623 38.5918 -0.777131 -0.606778 3.00101 0 -0.244579 -0.577528 154 154 255
-49.1321 35.3214 8.31275 -0.185235 0 3.84056 0 0.837967 0.347182 1 1 255
-37.477 21.2695 2.5325 -0.528175 -0.993482 -0.699288 0 0.363285 -0.508682 255 217 217
-40.1683 36.172 36.266 -1.6431 -0.596005 -3.5 0 0.509224 0.471385 167 167 255
-58.8244 18.9335 31.8156 0.32854 0 -3.5 0 -0.850149 -0.0622415 142 142 255
-40.4049 27.5925 41.0231 0.160347 0 1.0636 0 0.9349 -0.26766 133 133 255
-55.3228 26.526 22.608 -0.336997 -0.28039 1.8 0 -0.650106 -0.528912 255 203 203
-38.9806 5.2475 21.8957 -0.414344 0 -0.4 0 0.749106 -0.645851 247 247 255
-38.7791 11.8511 8.74525 -1.46656 -0.777933 2.8 0 0.838386 0.0241882 70 70 255
-58.0615 23.3193 8.029 -1.01159 -0.531306 -3.5 0 -0.569982 0.814518 34 34 255
-53.7745 19.495 1.886 -0.642784 0 -3.5 0 -0.807958 -0.586869 105 105 255
-38.3786 25.3565 12.0126 -0.0881266 0 2.8 1 0.388765 -0.399162 255 37 37
-58.0054 16.5434 34.8836 0.0858597 -0.214267 -3.5 0 -0.673797 -0.418443 99 99 255
-51.6007 10.95 36.016 0.718774 0 0.383665 0 -0.852693 -0.383644 170 170 255
-38.239 7.3115 19.2827 -0.178457 0 -1.6 0 0.887545 -0.446085 255 171 171
-39.4579 16.734 38.4408 0.506499 0.482015 4.2 0 0.759167 0.0626333 64 64 254
-40.3445 24.962 0.407 -0.0236381 0 -0.7 0 -0.531403 0.514926 99 99 255
-56.2085 36.7705 33.1325 -2.15159 -0.880989 -3.5 0 -0.978725 0.0813218 22 22 255
-53.619 19.361 39.1555 -0.386791 -0.184407 1.8 0 -0.591202 0.594267 19 19 255
-45.1356 31.411 5.79663 -0.797925 0 -3.5 0 0.621627 0.597503 51 51 255
-56.9675 25.4031 37.8088 0.459217 0.00181388 -0.7 0 -0.631889 -0.258011 117 117 255
-39.4015 27.4181 12.2013 -0.284053 0 -1.73899 1 0.56139 0.146686 255 41 41
-42.4535 15.546 -0.59625 0.229922 0 -4.5 0 0.143371 0.297674 255 214 214
-51.8947 32.0163 37.3521 0.109103 0 1.528 0 0.0802373 -0.0202066 35 35 255
-49.457 11.4765 20.1895 -0.0234116 -0.38838 -1.3 0 -0.50671 -0.686765 255 244 244
-44.7889 30.0704 1.77013 -0.193028 -0.819662 2.5 0 0.551987 0.624647 24 24 255
-50.7223 22.2619 43.845 0.547764 0.0048178 -3.5 0 -0.504565 0.696827 61 61 255
-57.3957 29.94 3.7635 1.02616 0 1.8 0 -0.314639 -0.930353 79 79 254
-41.9695 37.876 12.3628 -0.783141 0 -1.3 0 0.426039 0.900297 255 136 136
-50.0897 30.2178 -1.33012 -0.562208 -0.248075 -3.5 0 -0.119237 -0.165293 15 15 255
-44.7505 24.7423 45.1353 -0.0295295 0 0.404695 0 0.176973 0.123626 42 42 255
-47.8527 28.9428 43.6833 0.539167 0 4.2 0 -0.337652 0.0217932 59 59 255
-49.885 13.111 -0.77025 0.598267 0.358273 -0.7 0 -0.388392 -0.261871 34 34 255
-60.9272 24.8995 27.037 -0.0461845 0 -0.8 0 -0.969252 -0.0667959 255 231 231
-51.6509 14.2434 13.5346 0.679665 0.227475 -0.449364 0 -0.929206 0.173251 55 55 255
-50.2584 9.46525 2.61975 0.399445 0 -3.9 0 -0.985486 -0.0834939 169 169 255
-37.0552 12.4865 13.1145 -1.38628 -0.0131156 -1.3 0 0.482557 0.539778 108 108 255
-56.6535 25.0745 8.8345 0.412695 0 -3.9 0 -0.987765 -0.0327652 48 48 255
-45.9308 20.84 -1.818 -0.108361 0 3.8 0 0.603837 -0.303607 78 78 254
-41.7767 8.4845 36.8765 0.0143202 0 -0.4 0 0.165356 -0.850257 154 154 255
-56.9593 25.5397 9.7335 0.797471 0 0.299481 0 -0.82885 -0.177033 57 57 255
-55.5065 24.6929 3.51975 -0.244893 -0.46438 3.60871 0 -0.889816 0.399153 15 15 255
-43.049 28.5365 5.22975 -0.408408 -0.166895 -0.846983 0 0.189161 0.956 249 249 255
-41.6261 25.5912 1.97438 0.303569 0 -3.5 0 -0.63504 -0.343286 64 64 255
-42.6214 3.773 9.97863 -1.15363 -0.946818 -1.3 0 0.648039 -0.338137 68 68 254
-53.2848 22.0553 26.2155 -0.457926 -0.13797 2.5 0 -0.576312 -0.787192 255 201 201
-38.948 8.44925 13.2952 -0.737877 -0.0330662 -1.6 0 0.138523 0.30362 109 109 254
-53.9346 24.3948 25.9589 0.16509 0 -0.937107 0 -0.654638 -0.590708 255 125 125
-31.0093 25.5395 6.87375 -0.20256 -0.0552339 -0.686985 0 0.982551 -0.14856 255 10 10
-38.1802 36.2846 14.6759 -0.500868 -0.472084 -2.88859 1 0.937066 -0.346841 255 31 31
-40.302 2.41775 17.2938 -0.0170762 0 1.8 0 0.610331 -0.790492 62 62 255
-43.5446 12.1115 23.231 0.358303 0 4.1302 0 -0.379687 -0.459846 255 229 229
-35.3068 29.4608 30.5147 0.199586 0.00174728 -0.9 0 0.665334 0.439589 255 84 84
-42.9642 30.209 28.6252 -0.147342 -0.445691 -1.05665 0 0.844966 -0.473873 255 59 59
-37.83 18.2175 9.207 -0.91779 -0.697242 -0.8 0 0.706148 -0.627463 255 155 155
-44.1628 9.3495 37.1895 0.00917447 -0.178069 -0.352403 0 0.160468 -0.427572 133 133 255
-51.9245 30.8365 37.0148 0.120675 0.248122 0.862817 0 -0.372422 -0.224535 137 137 255
-43.9927 12.1074 -4.63475 0.0734603 0 1.8 0 -0.779499 -0.257761 233 233 255
-50.3401 39.7079 32.6319 -0.0552199 0 -4.5 0 -0.274954 0.857421 3 3 255
-51.6134 11.9417 4.3545 -0.113429 -0.692678 -2.72193 0 -0.595111 -0.798405 226 226 255
-49.7665 34.8515 5.60687 -0.317412 0 4.2 0 0.575028 0.519518 2 2 255
-54.7868 14.7135 34.5085 -0.170729 -0.382088 -0.656196 0 -0.468451 -0.825712 27 27 255
-38.9333 34.701 6.13425 0.0567993 0 -4.5 0 0.462504 -0.136615 226 226 255
-58.1149 27.9846 13.0676 0.85742 0.22932 1.8 0 -0.373703 0.862704 57 57 255
-60.9625 26.8062 31.3885 -0.101219 0 1.8 0 -0.853012 0.50145 183 183 255
-50.6651 16.0133 15.6039 0.263485 0 2.8 0 -0.818097 0.0200591 45 45 255
-46.9775 19.2425 -0.968875 -0.0671844 0 0.513801 0 0.75192 -0.244937 57 57 255
-42.08 21.5195 21.8879 0.579493 0.325973 -0.8 1 0.943169 0.0542638 255 51 51
-37.1362 9.96575 24.6737 0.131343 0 -0.7 0 0.87321 -0.0410875 172 172 255
-44.2528 30.8839 6.692 -0.111861 0 -3.92359 0 0.736156 0.102453 214 214 255
-47.4873 40.8737 12.6296 0.0371709 0 1.8 0 -0.60864 0.681431 22 22 255
-47.8749 40.6113 29.8224 0.658517 0 -4.5 0 -0.0742128 0.858782 33 33 255
-40.6 24.9835 43.866 -0.162285 -0.0183179 -3.5 0 0.81381 0.39283 69 69 255
-53.9935 14.595 32.24 0.186751 0.320266 -0.818305 0 -0.702833 -0.707591 47 47 255
-38.5425 18.8097 10.835 0.318379 0.24984 -0.8 0 0.428155 -0.275761 255 82 82
-57.4798 33.2472 34.411 -0.233448 0 4.2 0 -0.904289 0.0960613 61 61 255
-45.4367 36.4333 33.8151 -0.336096 0 -4.5 0 0.309512 0.637346 24 24 255
-51.9569 12.3755 6.86763 0.189977 0 0.612645 0 -0.845929 -0.532026 255 248 248
-54.8563 12.1847 11.2083 0.387931 0.781416 -3.5 0 0.218027 -0.88374 48 48 255
-36.3307 27.5837 5.808 -0.362235 -0.297171 -2.79169 0 0.515729 0.616316 255 22 22
-46.4216 39.5066 16.689 -0.408676 0 1.8 0 -0.0388316 0.980483 212 212 255
-44.6527 39.4394 11.3176 -0.170858 0 0.485682 0 0.430226 0.827708 146 146 255
-37.0915 10.6106 7.15212 -1.25927 -0.0479781 -0.747284 0 0.811152 0.16919 44 44 255
-36.4427 19.8245 32.7914 0.284063 0 -2.96835 0 0.875078 -0.113716 187 187 255
-38.6736 10.875 32.2285 -0.67578 -0.206308 2.13262 0 0.421535 -0.620698 37 37 255
-57.887 22.2808 15.5714 -0.230204 0 -0.7 0 -0.71513 0.615361 153 153 255
-40.991 36.1135 26.2275 0.111838 0 2.8 0 0.416777 -0.778413 255 29 29
-45.5703 1.75475 17.8859 0.519807 0.100157 -0.759279 0 -0.44951 -0.823516 51 51 255
-30.9198 24.9072 5.64775 -1.0738 0 -0.4 0 0.956485 -0.28181 255 15 15
-40.285 29.1646 12.7844 -0.295924 0 -3.2 1 0.829127 -0.0501077 255 17 17
-51.6937 13.4672 14.8915 0.315353 0 2.8 0 -0.95059 0.00916718 35 35 255
-38.5592 4.51662 15.0729 -0.159477 0 1.8 0 0.953257 -0.21431 67 67 255
-44.329 38.7345 31.395 -0.218251 0 -4.5 0 0.854214 0.50526 56 56 255
-48.486 14.1205 21.738 -0.362642 0 0.101508 0 -0.713637 -0.485687 255 86 86
-42.3112 6.95125 33.0957 -0.123781 0 4.2 0 0.0600136 -0.743915 14 14 255
-41.2048 28.4985 30.213 0.114752 0 -0.9 0 -0.356858 0.0582439 255 50 50
-39.533 12.5121 -2.40825 0.403964 0 1.8 0 0.525752 0.513283 255 132 132
-49.1652 28.4357 23.4695 0.586819 0.306371 -0.994432 0 0.873085 -0.200925 255 83 83
-58.1545 25.1138 33.2212 -0.689428 -0.517191 1.8 0 -0.360654 -0.610547 250 250 255
-52.967 33.2131 20.7046 -0.195417 0 -0.8 0 -0.889661 -0.36595 65 65 255
-50.5832 33.034 36.2967 -0.874862 0 -3.5 0 0.0699756 0.754009 7 7 255
-47.6657 9.47838 13.2654 -0.175751 0 -0.612062 0 -0.560973 -0.299118 63 63 255
-55.0865 37.938 32.421 -1.22228 0 -3.5 0 -0.278132 0.828464 24 24 255
-38.975 6.2605 18.7533 -0.385172 0 -1.6 0 0.857092 -0.511796 255 253 253
-37.4174 8.432 23.9795 -0.252695 0 -0.7 0 0.790752 -0.170619 156 156 255
-51.4806 37.5928 18.1075 -0.515689 0 -0.7 0 -0.874068 -0.0586339 15 15 255
-52.8664 12.9695 37.0342 0.0106496 0 -1.94337 0 -0.513915 -0.752004 111 111 255
-41.3926 29.7854 30.2606 -0.109537 -0.421224 -0.840781 0 0.131264 0.281008 255 78 78
-55.1987 29.9653 28.9984 0.0569193 0 -1.6 0 -0.396655 0.84596 193 193 255
-42.8669 19.9425 13.4583 -0.471486 0 -0.7 0 0.977505 0.171671 255 58 58
-42.6205 27.0425 44.549 -0.310518 -0.0789074 0.22695 0 0.20057 0.10246 101 101 255
-42.2687 33.7607 16.143 0.141594 -0.12165 -1.3 1 -0.117142 -0.173692 255 23 23
-43.5634 31.7521 23.6734 1.21766 0 -2.48045 1 0.989355 -0.128339 255 36 36
-48.0779 9.81262 16.5305 -0.445333 0 -1.3 0 -0.715684 -0.479764 85 85 255
-56.0405 23.6261 37.9509 1.34079 0.333463 -0.7 0 -0.78357 -0.552412 53 53 255
-57.5215 27.5595 34.2588 -0.329374 0 0.550005 0 -0.732164 0.665305 105 105 254
-39.6094 24.4904 42.6024 0.4442 0.0910551 -3.5 0 0.982009 0.0977357 67 67 255
-53.755 33.021 25.3175 0.16652 0 -1.3 0 -0.872566 0.458534 71 71 255
-35.5395 26.3372 33.6678 0.990726 0.638971 -4.5 0 0.0295008 0.319769 255 174 174
-56.7085 28.8022 8.91525 0.682485 0 -2.30109 0 -0.923649 0.28077 113 113 255
-40.3677 9.6915 9.96275 -1.71445 -0.173271 -1.37052 0 0.599233 -0.691083 167 167 255
-57.3037 18.4261 13.3083 -1.40843 0 -0.7 0 -0.728829 -0.682898 55 55 255
-45.8775 16.0384 42.5971 -1.53635 -0.627507 -3.5 0 -0.281496 -0.589029 255 227 227
-53.4284 12.005 10.4911 -0.0403126 -0.645522 2.8 0 -0.54772 -0.811237 88 88 255
-42.0355 34.4184 31.9316 -0.805565 -0.718992 -3.5 0 0.216064 -0.247864 220 220 255
-42.777 7.074 8.5515 -0.238948 0 -0.7 0 0.38368 -0.766911 142 142 255
-55.6816 13.1984 2.79238 0.226906 0 -3.5 0 -0.953789 -0.263696 187 187 255
-50.8486 20.6464 23.6318 0.310869 -0.844948 -0.7 0 -0.876588 -0.384804 255 70 70
-52.5482 16.676 25.054 0.381711 0 -4.5 0 -0.515818 0.045564 255 126 126
-60.8615 25.319 31.6924 0.00896274 0 1.8 0 -0.812652 -0.56217 139 139 255
-32.3666 26.318 32.6419 -0.141111 0 -4.5 0 0.788603 -0.409982 255 85 85
-58.0071 19.5979 31.0796 0.336619 0 -3.5 0 -0.654967 -0.0070789 132 132 255
-53.2477 17.252 28.063 0.592154 0 -4.5 0 -0.841268 0.532731 193 193 255
-56.6623 24.5693 7.80975 0.10894 0 -3.9 0 -0.920861 0.364821 38 38 255
-54.343 33.2142 3.23463 0.256314 0 -0.4 0 0.561859 0.74574 21 21 255
-52.0104 27.208 42.0946 0.346624 0.00542495 -0.7 0 -0.659603 -0.199424 77 77 255
-55.0965 32.224 8.2205 0.165817 0 0.356059 0 -0.989393 0.0772203 27 27 255
-52.3143 12.7942 12.1073 0.282777 0 -2.25295 0 -0.504872 -0.431797 78 78 255
-39.4111 4.84775 18.0209 -0.782419 0 1.8 0 0.94382 -0.276179 177 177 255
-56.5764 31.4559 35.2909 -0.272217 0 4.2 0 -0.764632 -0.521394 118 118 255
-43.8758 32.1705 16.5748 -0.847388 -0.552809 -1.3 1 0.426062 0.139871 255 41 41
-42.6982 20.7717 2.426 0.0866146 0 4.5 0 0.374348 0.0810776 87 87 255
-46.6408 39.971 32.3085 0.710778 0 -4.5 0 0.322712 0.558922 8 8 255
-39.135 29.945 39.9065 0.171016 0.0605501 -3.5 0 0.635704 0.432756 185 185 255
-35.8882 24.644 0.6685 -0.231246 0 -0.4 0 0.246633 0.262841 255 245 245
-45.9855 8.11475 37.356 0.569712 0.84253 -3.5 0 0.47977 -0.809691 47 47 255
-42.0373 7.5845 6.73362 0.239139 0 -0.7 0 -0.102025 -0.973317 54 54 254
-56.537 24.842 34.156 -0.460419 -0.0666188 1.8 0 -0.768058 -0.52162 241 241 255
-48.0662 36.7627 33.2943 -0.701663 -0.89816 -4.5 0 -0.435224 0.264797 12 12 255
-57.4865 28.656 36.8338 -0.125901 0 -0.7 0 -0.585399 0.755497 111 111 255
-48.3591 3.794 10.7941 0.0794538 0 -1.6 0 -0.903 0.0449609 255 190 190
-52.244 31.6127 -0.79425 -1.0507 0 -3.5 0 -0.635287 0.0430925 10 10 255
-47.6911 18.1229 44.8826 -0.0239075 0 -3.5 0 0.161779 -0.875851 200 200 255
-40.3568 29.4564 17.1567 -0.0886715 0.0942137 -1.3 1 0.863468 0.502945 255 16 16
-41.4347 0.943375 20.952 -0.0305025 0 1.8 0 -0.0289136 -0.775841 231 231 255
-53.5975 11.9558 34.6275 0.227211 0 1.8 0 -0.886235 -0.0862521 121 121 255
-49.3936 10.5504 29.9284 0.593876 0 -4.5 0 -0.269155 -0.87344 192 192 255
-45.5086 28.9884 21.8678 0.386177 -0.030442 -1.82678 0 -0.291761 -0.860365 255 42 42
-37.2093 12.9073 21.4291 -0.0952419 0 -0.7 0 0.946026 0.306306 255 124 124
-57.9577 28.4713 26.9425 -0.922487 -0.875279 -1.6 0 -0.467527 0.818678 80 80 255
-54.1905 36.529 31.574 -1.43376 -0.747974 -3.5 0 -0.26784 0.263163 33 33 255
-56.4576 34.4533 6.31262 0.300139 0 -0.4 0 -0.639009 0.606735 35 35 255
-52.0636 33.8536 18.1979 -0.549736 0 -0.8 0 -0.960117 -0.266563 23 23 254
-44.3947 33.4655 42.9412 -1.14428 0 4.2 0 0.892274 0.253697 48 48 255
-37.1436 20.2665 8.53312 -0.73995 -0.363154 0.868033 1 0.755478 -0.202026 255 60 60
-37.5247 10.2215 0.389 0.477017 0 1.8 0 0.966861 -0.22218 255 218 218
-55.5345 24.182 18.2895 0.194479 0 3.8 0 -0.84648 -0.445163 255 88 88
-56.19 26.6915 38.685 0.164548 0 -0.7 0 -0.464053 0.269515 85 85 254
-56.4992 27.8568 24.299 -0.595852 0 1.8 0 -0.975433 -0.0388732 255 241 241
-46.3529 14.4869 -0.24675 0.303155 0.0966939 -0.717604 0 -0.178002 -0.00545435 34 34 255
-43.0875 5.599 32.1411 -0.119525 0 4.2 0 -0.0553959 -0.895464 5 5 255
-42.7764 22.4298 45.4396 0.163553 0 -3.5 0 0.00558436 -0.194011 39 39 255
-41.5836 26.6184 30.0623 0.412877 0 0.320971 0 -0.410487 0.548952 255 32 32
-50.284 21.277 26.5403 0.779465 0 3.15081 0 -0.570634 -0.750937 255 76 76
-36.2901 25.0121 29.4414 0.492016 0 -4.5 1 0.292423 -0.0540994 255 60 60
-35.1395 17.6677 31.3204 0.108075 0 -0.9 0 0.881215 -0.247979 255 217 217
-52.5455 28.6576 37.4777 -0.241821 -0.196691 2.32502 0 -0.483403 0.630738 124 124 255
-38.4359 36.382 16.2482 -0.171061 0 -1.41043 1 0.724321 -0.413651 255 19 19
-55.2004 37.9927 34.444 -1.94117 -0.358864 -3.5 0 -0.708498 0.699101 22 22 255
-44.1864 23.0941 1.70212 -0.0593095 0 3.8 0 0.812063 0.271213 44 44 255
-49.5576 6.55387 8.98487 -0.652415 -0.28898 -1.3 0 -0.54292 -0.662429 255 149 149
-36.419 11.3132 25.718 0.275686 0.521268 -0.7 0 0.925564 0.37568 197 197 255
-33.3175 23.1488 7.53062 0.380378 0 -0.485602 0 0.752651 -0.429749 255 12 12
-58.2879 26.5056 37.4981 0.0777773 0 -0.7 0 -0.752111 -0.0396249 129 129 255
-48.0863 10.0898 20.7119 -0.508115 -0.539357 -1.3 0 -0.454211 -0.183731 101 101 255
-49.6974 38.8119 13.4718 0.109207 0 -2.30582 0 -0.359554 0.929734 10 10 255
-59.4393 17.9435 33.881 0.213639 0 -3.5 0 -0.998935 -0.0421812 112 112 255
-37.4572 9.4335 -0.5605 0.0444026 0 1.8 0 0.927752 -0.198957 255 143 143
-43.6609 38.8024 27.8036 0.0670058 0 2.8 0 -0.0611719 0.579707 255 134 134
-38.4444 8.65175 -1.2065 0.0318187 0 1.8 0 0.514747 -0.574483 255 101 101
-40.6468 22.2084 -0.30975 -0.101949 0 -0.7 0 -0.76114 -0.239103 127 127 255
-46.465 6.32137 33.2721 -0.0181224 0 -0.7 0 0.382902 -0.918031 5 5 255
-58.3611 30.438 4.044 1.84515 0 1.8 0 -0.443528 -0.813814 121 121 255
-42.228 39.3496 7.99988 0.1811 0.0430242 -1.3 0 0.1157 0.674704 50 50 255
-44.3983 26.0049 28.1877 -0.0814579 0 0.639683 0 0.793998 0.602883 255 27 27
-36.4035 17.581 7.0535 -0.890886 0.0766653 -3.5 0 0.536853 0.00324464 255 203 203
-54.9832 19.2092 36.2619 0.083752 0 0.831888 0 -0.671537 -0.0869942 47 47 255
-36.9499 33.0223 32.99 -0.0645273 0 -0.9 0 0.380978 0.844841 255 207 207
-39.8491 15.0451 0.322125 -0.24236 0 1.20468 0 0.0838891 0.796872 255 161 161
-58.9147 19.9492 14.4403 0.0328745 0 -0.7 0 -0.908647 -0.0666546 114 114 255
-41.8879 3.24712 12.3424 -1.03498 0 1.11879 0 0.638368 -0.696585 36 36 255
-35.8877 23.9105 9.86913 -0.33071 0 2.8 1 0.111311 -0.517868 255 29 29
-45.0643 35.8693 42.2682 -1.28823 -0.89587 4.2 0 0.309631 0.912685 29 29 255
-48.021 23.8845 46.2 0.0939684 0 1.8 0 0.0175429 -0.576346 17 17 255
-49.738 33.8035 4.46637 -1.574 -0.236443 -3.5 0 0.0998483 0.847784 4 4 255
-37.9775 34.077 10.2524 0.0362044 0 -1.3 1 0.90321 0.284422 255 34 34
-55.4463 36.5064 35.0709 -1.86098 -0.551408 -3.5 0 -0.894033 0.168689 27 27 255
-41.0786 14.5314 43.2759 0.00697878 0 -0.7 0 0.587698 -0.132588 115 115 255
-48.7265 10.7606 16.7821 -0.324127 0 -1.3 0 -0.859365 -0.397314 140 140 255
-52.7363 28.2358 40.1685 -0.121124 0 -0.7 0 -0.945152 0.325254 66 66 255
-40.67 36.13 23.668 -0.120746 0 2.8 1 -0.103707 -0.847635 255 30 30
-40.9559 26.0602 25.3872 -0.0339113 0 -0.9 0 -0.182359 0.866118 255 51 51
-55.6181 24.9109 19.0094 0.155506 0 3.8 0 -0.962017 0.025555 255 117 117
-40.0933 7.98037 8.09075 -0.449401 0 -0.7 0 0.44713 -0.812495 88 88 255
-38.2895 37.4855 17.4711 0.0400914 0 -3.5 1 0.274105 -0.887296 255 9 9
-54.527 26.0502 21.998 0.23602 0 3.55199 0 -0.781784 -0.591832 255 132 132
-47.9175 4.1085 13.126 0.0557815 0 -1.6 0 -0.909743 0.362697 102 102 255
-40.148 35.0938 32.6027 -1.76636 -0.876067 -3.5 0 0.760985 0.255617 189 189 255
-40.9762 19.8102 17.5777 0.241884 0.154551 -0.8 0 0.978815 -0.199381 255 24 24
-35.071 27.7735 29.393 0.19198 0 -1.54747 0 0.306344 0.39694 255 58 58
-37.965 8.461 5.987 -0.754438 0 -0.8 0 0.280187 -0.957581 59 59 255
-43.5705 1.84425 13.8348 1.08068 0.111985 -0.8 0 0.34053 -0.830463 22 22 255
-37.422 37.8055 16.2245 -0.640857 0 -3.5 1 0.71872 -0.695288 255 11 11
-40.5173 18.359 20.7175 0.317794 -0.298951 -0.8 0 0.989938 -0.121049 255 150 150
-49.2262 9.51025 19.898 -0.89077 -0.485626 -1.3 0 -0.708325 -0.421742 66 66 255
-41.895 27.3575 30.7125 0.285949 -0.115868 0.195457 0 -0.0731278 0.168694 255 34 34
-57.7275 12.7555 10.8414 0.059575 0 -3.5 0 -0.760298 -0.25541 43 43 255
-43.553 25.1647 27.0295 0.962608 0.156456 -0.8 0 0.519508 0.812148 255 40 40
-37.1664 27.7166 28.703 -0.0638702 0 -0.9 0 0.111943 0.186578 255 38 38
-45.475 19.0175 44.9255 0.0760204 0 -3.5 0 0.510568 -0.120775 76 76 255
-39.2415 33.0197 15.0763 -0.39358 0 -1.3 1 0.720335 -0.481647 255 32 32
-52.8607 34.6575 37.494 -0.294182 0 4.2 0 0.647547 0.566516 14 14 255
-54.6177 12.5754 9.92362 0.278645 0 -3.5 0 -0.0429608 -0.94393 50 50 255
-39.9728 14.2113 25.8985 -0.390089 -0.102216 2.8 0 0.817748 0.355492 241 241 255
-44.251 40.262 23.8755 0.243538 0 1.42943 0 -0.202698 0.978321 255 93 93
-49.3312 26.541 45.0495 0.44307 0 1.8 0 -0.701945 0.607608 77 77 255
-47.9715 29.714 23.0352 0.564379 0 -1.3 0 0.332784 -0.929468 255 99 99
-56.8586 30.029 6.63613 0.473629 0 -1.84568 0 -0.819275 0.191995 115 115 254
-52.0431 29.6157 41.6743 -0.0393167 0 -0.7 0 -0.494827 0.766325 56 56 255
-57.134 30.8896 11.0444 0.325304 0 -0.7 0 -0.955411 0.284558 46 46 255
-53.1483 35.6657 7.24875 0.266651 0 4.2 0 -0.53873 0.842477 6 6 255
-56.4565 28.2016 14.4207 0.971192 0.197305 1.40485 0 -0.580825 0.68558 55 55 255
-51.4034 12.6564 37.9306 0.184436 0 -3.5 0 -0.503415 -0.243642 133 133 255
-38.0216 21.1599 25.1161 -0.000581546 0 -3.2 1 0.407972 -0.431192 255 10 10
-58.4436 27.1344 14.181 0.413001 0 1.8 0 -0.358122 0.507921 70 70 255
-47.6445 4.35813 15.7569 -0.677481 0 -1.6 0 -0.896355 0.42589 31 31 255
-41.7368 5.0095 27.4508 -0.497797 0 -3.5 0 0.223981 -0.690367 212 212 255
-46.1592 40.2573 21.3848 -0.73152 -0.0171797 -0.420918 0 -0.0634735 0.996693 255 85 85
-47.6896 33.8001 42.31 -0.895061 -0.0413008 4.2 0 -0.820722 0.540037 62 62 255
-56.2233 27.52 23.0734 -0.396503 -0.267791 1.8 0 -0.897348 -0.292614 179 179 255
-53.259 13.217 1.01 0.366626 0 -3.5 0 -0.160429 -0.657668 113 113 254
-43.8816 39.0628 13.4136 -0.497151 0 0.142353 0 0.627499 0.730606 255 154 154
-38.843 22.53 12.034 -0.17457 0 -0.7 0 0.867234 -0.220785 255 177 177
-40.847 17.6566 19.6567 0.920783 0.558869 -0.8 0 0.918945 -0.0808647 255 146 146
-57.9859 23.2725 10.5795 -0.541233 0 1.8 0 -0.900656 0.276107 38 38 255
-36.7855 8.43487 4.20425 -0.201146 0 -0.8 0 0.549909 -0.83511 79 79 255
-53.2575 31.3384 26.8355 0.0105573 0 -1.36658 0 -0.866709 0.407125 224 224 255
-54.4982 32.3725 12.1626 0.14333 0 -0.7 0 -0.0246181 0.823147 35 35 255
-52.8021 32.573 2.961 -0.727823 -0.413825 -3.5 0 0.223316 0.972269 8 8 255
-37.4265 38.0725 18.4592 -0.154469 0 -3.5 1 0.467183 -0.690027 255 4 4
-43.8105 33.2465 20.2535 0.794584 0.248701 -3.9 1 0.741709 0.25266 255 21 21
-42.7585 31.3774 42.909 -0.342797 0 3.8 0 0.58359 0.799387 88 88 255
-55.5337 35.5597 35.4066 -0.968562 -0.0429319 3.15807 0 -0.681088 0.604031 28 28 255
-38.262 9.1415 31.359 -1.31908 -0.766692 -3.5 0 0.329603 -0.754707 72 72 255
-42.2313 7.85087 5.29563 1.09676 0.339428 -0.7 0 0.0442158 -0.915091 47 47 255
-37.2976 24.7725 35.1527 0.595497 0 -4.5 0 0.658855 0.199355 227 227 255
-47.3208 15.5883 -0.732 0.786032 0.875671 -3.5 0 0.330549 -0.446753 26 26 255
-48.9183 30.1535 -1.46775 0.00605328 0 -3.5 0 -0.00946575 -0.143474 21 21 255
-41.3708 29.817 44.4746 -0.0820944 0 3.8 0 0.545195 0.238502 81 81 254
-50.1389 38.2665 14.766 -0.00938621 0 -3.2 0 -0.396532 0.902392 16 16 255
-56.7025 29.3506 33.0962 -0.543373 -0.358268 -1.6 0 -0.903666 0.24733 167 167 255
-48.2806 27.78 -2.74312 -0.049333 0 1.8 0 0.254995 0.479106 76 76 255
-38.3836 34.6613 7.98413 0.461076 0 -4.5 1 0.97563 0.157607 255 72 72
-50.211 20.342 45.4775 -0.276834 -0.171058 -3.5 0 -0.566534 0.269723 59 59 254
-38.7595 26.2545 12.471 -0.101246 0 2.8 1 0.254731 0.031684 255 31 31
-57.1185 29.621 22.99 0.0129513 0 1.8 0 -0.975435 -0.0829158 84 84 255
-43.7026 9.11462 -2.6925 -0.00726997 0 -3.5 0 0.0736685 -0.346346 185 185 255
-59.223 26.9205 26.03 -0.0105087 0 -0.8 0 -0.481748 0.345016 255 243 243
-41.9779 36.0395 24.3551 0.0168489 0 2.8 1 0.124779 -0.918422 255 23 23
-45.3317 28.0452 0.223 -0.902883 -0.167919 1.8 0 0.704398 -0.186443 31 31 255
-42.8614 31.4007 20.6682 -0.142703 0.291331 -3.6606 1 0.731554 0.563881 255 17 17
-41.9155 32.6077 15.8885 -0.0092493 -0.265033 -1.3 1 0.176147 -0.130084 255 23 23
-37.9468 31.3734 34.328 -0.206349 0 -0.9 0 0.601656 0.405664 255 209 209
-49.0245 39.2841 23.1001 0.236391 -0.519701 -0.743726 0 -0.239197 0.766219 179 179 255
-48.2808 24.7698 46.6226 0.0995164 0 1.8 0 -0.373098 -0.160797 24 24 255
-41.44 41.731 22.5525 0.0764773 0 2.8 0 -0.121268 0.947734 255 20 20
-47.0023 6.59675 35.0648 0.0897167 0 -0.7 0 0.337247 -0.794307 15 15 255
-38.1005 14.189 18.026 0.0767249 0 -1.3 0 0.601747 0.773309 255 51 51
-39.4883 22.15 -0.729 -0.126759 0 -0.7 0 0.00663984 -0.226556 111 111 254
-48.893 6.96125 4.21625 0.275963 0 -3.9 0 -0.364349 -0.856141 196 196 255
-49.2135 4.05013 19.241 -0.0737343 0 -0.7 0 -0.776781 -0.629511 70 70 255
-43.6114 35.2646 22.4546 0.139191 -0.331468 -0.780997 1 0.93238 -0.0170201 255 44 44
-53.9958 15.9879 26.9084 1.10006 0.722547 -4.5 0 -0.979351 -0.126366 255 252 252
-56.844 30.584 32.379 -0.154438 0 -1.6 0 -0.800878 0.512128 194 194 255
-53.3325 30.6187 36.4857 0.187864 0.0187486 4.2 0 0.0148691 -0.277395 255 249 249
-38.134 30.2551 9.11413 -0.356161 0 2.8 1 0.720913 0.686939 255 17 17
-58.248 32.567 4.6275 2.8214 0 1.8 0 -0.627448 0.313779 93 93 255
-46.9325 4.832 21.9055 0.56905 0.134093 -0.7 0 -0.149082 0.219667 176 176 255
-48.5531 33.0965 4.27825 -1.05871 -0.274806 -3.5 0 0.434397 0.895165 7 7 255
-56.847 23.3105 27.2847 1.2163 0.846388 -0.8 0 0.332892 -0.765323 255 232 232
-42.2998 24.6607 17.8986 -0.197919 0.00189387 -0.890214 1 0.922989 -0.337147 255 17 17
-45.2134 2.498 9.10388 0.371614 0 -1.6 0 -0.0936915 -0.305773 121 121 255
-45.674 39.2327 25.8566 1.22957 0.838381 2.8 0 -0.398719 0.785439 255 216 216
-50.4362 27.1545 43.402 1.08281 0.76452 -0.7 0 -0.521514 0.153734 101 101 255
-48.4491 38.8558 27.9459 0.431215 0.896083 -4.5 0 0.0833004 0.702395 61 61 255
-54.5838 34.9065 6.837 0.786216 0 -0.4 0 -0.352178 0.874108 13 13 254
-33.3664 23.9622 30.8153 0.514391 0 -4.5 0 0.828762 -0.543528 255 89 89
-58.3141 27.4674 35.9448 -0.095802 0 -0.7 0 -0.907803 0.414002 106 106 255
-47.6584 6.36963 32.6211 0.038484 0 -0.7 0 -0.0832492 -0.734303 11 11 254
-37.7255 11.6882 23.9349 -0.410343 -0.166824 -0.7 0 0.972879 0.134962 255 188 188
-50.3845 8.03625 9.064 0.226872 -0.00902788 -1.04113 0 -0.867113 -0.386088 255 135 135
-51.7965 26.0085 42.0535 0.520738 0 -2.3 0 -0.527608 0.0781232 69 69 255
-34.1702 13.0513 1.64887 -0.0934567 0 1.8 0 0.936912 -0.349341 125 125 254
-41.9519 17.1705 22.7689 0.167567 0 1.9863 1 0.862768 -0.416579 255 189 189
-41.473 35.1635 16.7695 0.305159 0 -1.3 1 -0.170713 -0.35553 255 20 20
-46.6792 19.3921 18.9513 -0.295918 0 -2.42073 0 -0.785915 -0.191792 255 156 156
-33.4585 26.236 10.0195 -0.583893 -0.303823 -0.8 1 0.0656292 0.0233408 255 33 33
-44.1253 37.623 31.2453 -0.346976 -0.0744279 -4.11199 0 0.821637 0.505762 91 91 255
-42.9519 32.0929 41.6174 -1.27353 -0.201024 3.8 0 0.743425 0.497394 82 82 255
-41.7125 4.119 25.7785 -0.785993 0 -3.5 0 -0.180539 -0.966231 221 221 255
-51.734 31.6357 16.4775 0.00419712 0 0.25223 0 -0.997749 -0.0332893 57 57 255
-34.8895 25.3498 29.1313 0.515135 0.323993 -4.5 1 -0.157194 -0.149255 255 61 61
-43.1385 37.1935 7.607 0.0565083 0.0112313 -4.5 0 -0.70207 0.574347 25 25 255
-40.672 5.16525 12.6657 0.212916 0 1.8 0 0.577024 0.0310888 56 56 255
-53.2593 27.9785 1.19675 -0.0121 0 -0.4 0 -0.906428 0.166688 6 6 255
-43.3524 37.267 21.2601 -0.19277 -0.326238 -0.4 1 0.565792 -0.78033 255 33 33
-48.1615 39.6437 14.9424 -0.758087 -0.175901 1.8 0 -0.677653 0.712826 28 28 255
-41.6705 9.33512 2.0785 -0.0711882 0 1.8 0 0.337765 -0.88771 132 132 255
-58.1587 33.4934 4.21863 1.54453 0 1.8 0 -0.42111 0.741894 99 99 255
-38.2565 12.5091 12.982 -1.2252 0 -1.3 0 0.289869 0.527379 119 119 255
-60.8655 27.0915 29.7915 -0.782497 -0.144895 -0.8 0 -0.985066 0.171699 255 229 229
-51.3322 16.7635 24.8985 0.589706 0 -4.5 0 -0.410622 -0.252713 255 104 104
-51.455 22.0155 21.5255 0.58468 0.934414 -0.7 0 -0.833079 -0.538906 255 83 83
-32.1287 23.1787 4.83313 -0.700918 -0.718258 -0.4 0 0.606348 -0.650986 255 26 26
-35.2629 18.8876 3.39387 -0.319124 0 -2.14407 0 0.696901 0.0182664 255 154 154
-36.0256 32.0696 32.7515 0.151691 0 -0.9 0 0.813837 0.547559 255 231 231
-49.7135 36.7072 32.8829 -0.921565 0 -4.41142 0 0.126872 0.15044 15 15 255
-38.3054 28.6886 3.31938 -0.642104 0 -3.5 0 0.736936 0.322525 255 124 124
-49.2996 13.1005 38.5291 0.31811 0 -3.5 0 -0.572832 -0.118741 192 192 255
-46.4145 40.5765 19.697 -1.55053 -0.134386 -0.7 0 -0.0100906 0.998309 255 87 87
-57.2675 31.9825 34.393 -0.227332 0 4.2 0 -0.892582 -0.449095 111 111 255
-49.1936 11.0042 28.6574 0.539853 0 -4.5 0 -0.0231933 -0.837455 255 238 238
-52.234 33.52 13.1325 0.361899 0.9325 -3.2 0 -0.991635 -0.124056 7 7 255
-52.4664 25.8805 0.756875 -0.0434895 0 -0.4 0 -0.472903 0.0472645 11 11 255
-49.6319 22.9474 43.4515 1.31485 0 -3.5 0 -0.586925 0.405336 63 63 255
-54.2373 31.9255 24.7017 -0.100769 0 -0.45249 0 -0.722581 0.649923 119 119 255
-42.1459 37.8931 21.8505 -0.106073 0 -0.4 1 0.332002 -0.890028 255 30 30
-47.3237 2.973 18.8218 0.0412015 0.0370813 -0.7 0 -0.537837 -0.842986 48 48 255
-39.6619 31.4314 14.1496 -0.465939 0 -1.3 1 0.778094 -0.416133 255 33 33
-46.269 0.563 11.6236 0.0476192 0 -1.6 0 -0.228885 -0.949329 16 16 255
-53.1743 19.5326 15.2555 1.44761 0 -1.41825 0 -0.340924 -0.249791 184 184 255
-46.3442 18.7043 18.1607 -0.910643 0 -3.9 0 -0.989828 -0.0747811 255 137 137
-54.3506 16.0165 0.834875 0.0136701 0 -3.5 0 -0.811863 0.331447 163 163 255
-42.0477 18.9569 13.9563 0.157782 0.627914 -0.8 0 0.74698 0.655737 255 64 64
-53.964 22.909 26.6103 -0.906434 -0.285574 2.5 0 -0.858096 -0.410311 255 184 184
-56.965 27.803 9.4665 0.713194 0.0176286 -0.7 0 -0.934427 0.0841601 80 80 254
-45.6811 35.9506 41.298 -1.2348 -0.234551 4.2 0 -0.0530234 0.994988 9 9 255
-38.7492 24.4336 26.5748 -0.116914 0 -2.74652 1 0.546571 0.830324 255 33 33
-57.1231 31.5194 6.05837 -0.715552 -0.0631671 1.8 0 -0.633357 0.111705 97 97 255
-44.3539 7.99775 -2.7905 -0.214199 0 -3.5 0 0.0852536 -0.250215 213 213 255
-48.959 17.621 16.0023 0.274504 0 -3.9 0 -0.378821 0.186017 247 247 255
-45.0078 38.5356 32.3571 -0.131927 0 -4.5 0 0.583713 0.494455 26 26 255
-48.009 39.1797 33.106 -0.0954111 0.174013 -4.5 0 0.149091 0.553886 8 8 255
-59.8055 21.7957 6.53925 -0.440965 -0.0115293 -3.5 0 -0.882263 0.447054 28 28 255
-48.078 34.998 9.14487 -1.29817 -0.0494942 -0.4 0 0.347481 0.456872 1 1 255
-47.3521 13.7999 22.2051 -0.148938 0 2.15412 0 -0.473854 -0.861202 255 77 77
-48.892 23.4605 -1.7805 -0.131426 0.113347 -0.899271 0 -0.252705 0.385919 7 7 255
-56.13 22.9244 17.0624 0.123248 -0.790732 -0.7 0 -0.466936 0.245562 255 239 239
-59.1861 21.3521 9.50325 0.0462625 0 -3.5 0 -0.893723 0.238858 24 24 255
-43.3535 5.38 24.3465 -1.55371 -0.807794 -3.5 0 -0.820304 -0.569574 169 169 255
-57.5115 30.603 5.7225 -0.319779 -0.150295 1.8 0 -0.738049 -0.561237 110 110 255
-46.7752 12.7198 41.067 0.505796 0 1.9 0 -0.0935355 -0.776457 255 134 134
-59.1389 20.3126 15.5226 0.0365219 0 -0.7 0 -0.996133 -0.0475866 201 201 255
-57.9265 18.833 16.089 0.0340602 0 -0.7 0 -0.334105 -0.843236 151 151 255
-37.0522 9.05412 7.28813 -1.77231 -0.460949 -0.7 0 0.853601 -0.472071 53 53 255
-41.2855 37.9808 20.6168 0.0591957 0 -0.4 1 0.198784 -0.969583 255 30 30
-54.5207 28.9795 17.5004 -1.84318 -0.0173976 3.8 0 -0.844049 0.512779 255 229 229
-36.5532 17.3822 34.1992 0.368488 0 -0.4 0 0.853078 0.240437 105 105 255
-42.2536 13.629 43.4319 0.0203938 0 -0.7 0 -0.172661 -0.475584 184 184 255
-49.4814 24.0386 -0.915375 -0.134705 0 2.75356 0 -0.748921 0.00519675 7 7 255
-41.2648 23.2329 44.7441 0.331804 0 -3.5 0 0.664993 -0.210982 73 73 255
-41.474 5.73275 11.9633 -0.7354 -0.0155603 -0.868415 0 0.866898 0.277509 70 70 254
-49.561 7.4155 34.5705 0.648647 0 -0.7 0 -0.704173 -0.684322 36 36 255
-38.9847 17.305 25.8587 0.0125341 0 -0.9 0 0.505217 -0.133439 255 130 130
-37.2215 19.7636 27.6373 -0.311774 0 -0.9 1 0.77903 0.101652 255 36 36
-45.5625 35.9769 9.71087 -0.283874 0 -1.3 0 -0.530492 0.253377 20 20 255
-44.8208 33.3823 44.2627 -0.429905 0 4.2 0 0.551998 0.451904 90 90 255
-42.5841 28.0701 1.029 -0.930417 -0.279662 -0.328088 0 0.131106 0.00369361 36 36 255
-55.456 34.324 7.163 0.581836 0 1.0347 0 -0.514476 0.524727 18 18 255
-41.6283 13.7315 -5.00325 -0.0215048 0 1.8 0 0.362706 0.587586 255 97 97
-55.3968 24.1077 27.3625 0.599847 0.454782 -0.0330957 0 0.00508058 -0.850728 255 187 187
-38.5575 27.2459 37.8592 0.381652 0 -3.5 0 0.899763 -0.36874 97 97 255
-53.2755 29.6353 14.9878 0.594899 0.0515256 -0.4 0 -0.132066 0.956357 181 181 255
-57.869 20.601 34.2575 0.925494 0.0792499 -3.5 0 -0.687505 0.528583 192 192 255
-42.628 7.74125 36.2545 -1.15863 -0.461011 -0.4 0 0.226348 -0.896264 88 88 255
-39.5305 36.3366 6.28813 0.235001 0.44785 -4.5 0 0.553533 0.658802 152 152 255
-38.9647 8.43125 1.2545 0.438092 0 1.8 0 0.00384883 -0.997635 255 230 230
-58.159 27.782 10.7334 0.552705 0.340641 0.425302 0 -0.707862 0.392879 67 67 255
-39.042 9.93875 8.98875 -0.744755 0 -0.7 0 0.612004 -0.307154 120 120 255
-52.3791 22.1186 -3.12037 -2.00265 -0.347242 -3.5 0 -0.11663 0.35877 16 16 255
-46.4917 16.6795 -0.874 0.576774 0 -4.5 0 0.479164 -0.0703214 35 35 255
-36.9946 25.8687 34.2335 0.58034 0.0142766 -3.65895 0 0.633259 0.352606 220 220 255
-43.5305 6.348 9.202 -0.0858951 0 -1.24971 0 0.279907 -0.499915 163 163 255
-34.3596 27.0781 3.63875 -0.277714 0 -0.4 0 -0.472399 0.838771 255 22 22
-37.0376 26.4505 28.7844 0.378237 0 -0.9 1 0.219276 -0.06449 255 38 38
-57.823 25.1155 37.1591 0.32108 0.025414 -0.7 0 -0.724069 -0.597033 125 125 254
-50.5511 39.8681 22.2985 -0.00814366 -0.485856 -0.7 0 -0.638842 0.242058 51 51 255
-41.4675 7.3105 33.781 -0.126297 0 4.2 0 0.0706791 -0.862785 35 35 255
-40.163 15.357 20.327 -0.0925782 0 -0.7 0 0.67409 0.738631 255 191 191
-42.6982 8.7435 3.12375 -0.0273774 0 1.8 0 0.286401 -0.957577 84 84 255
-43.9056 27.9881 29.7644 0.0034508 0 -0.8 0 0.701157 -0.174573 255 33 33
-46.1925 6.89262 32.2631 -0.0557482 0 -0.7 0 -0.132091 -0.88515 7 7 255
-38.3206 37.6987 22.7482 0.122973 0 2.8 1 0.842931 -0.0782436 255 28 28
-44.3607 34.917 38.7938 -1.5691 -0.1227 -1.78033 0 0.0531169 0.997234 26 26 255
-38.7043 17.8449 37.5975 0.521997 0 0.129733 0 0.8943 -0.0214537 43 43 255
-44.7616 5.91813 21.9789 -1.08844 0 -0.151204 0 -0.386734 -0.549616 162 162 255
-38.396 14.0052 19.5185 0.357735 0.770723 -0.7 0 0.886324 0.462942 255 47 47
-54.3316 25.2136 24.7751 0.0773167 -0.119401 0.367883 0 -0.496923 -0.834857 255 123 123
-45.1445 37.6495 8.97 0.0154252 0 -1.3 0 -0.635411 0.0522951 19 19 255
-53.2649 18.4194 -0.360125 -0.625755 -0.10468 -3.5 0 -0.745993 -0.609981 108 108 255
-36.5025 8.8665 16.3293 0.0163724 0 -1.6 0 0.995441 0.0679633 234 234 255
-41.7552 36.3501 5.46788 0.292007 0.00603853 -4.5 0 -0.0721936 0.325723 52 52 255
-37.6066 21.3551 8.95588 -0.719664 0 -0.0374285 1 0.507192 -0.0448105 255 46 46
-59.3444 30.9923 4.47288 1.59007 0 1.8 0 -0.584233 -0.616743 145 145 255
-43.2374 2.10637 12.0516 -0.0547334 0 -1.6 0 0.624075 -0.77645 25 25 255
-56.7062 34.7453 34.5728 -0.409739 0 4.2 0 -0.793547 0.528684 31 31 254
-56.1203 24.6642 6.37075 -0.0659647 0 -1.33044 0 -0.932722 0.194536 30 30 255
-56.4146 17.4142 13.0621 -1.21159 -0.481418 -0.7 0 -0.64074 -0.733445 63 63 255
-48.0185 38.8795 25.0755 0.973869 0.390968 -0.8 0 -0.211454 0.878929 207 207 255
-36.888 11.292 24.744 0.0922833 0 -0.7 0 0.782954 0.381915 255 246 246
-38.8715 24.9132 28.1254 0.439945 0 -3.2 0 0.322643 0.751112 255 38 38
-51.9922 30.8244 17.4214 -0.229239 0 3.8 0 -0.851578 0.51054 168 168 255
-35.5207 12.4998 35.4605 -0.0185215 0 4.2 0 0.986169 -0.155953 26 26 255
-36.911 30.2383 5.1745 -1.60296 -0.596665 -3.5 0 0.793103 0.56428 255 42 42
-56.3649 29.5219 35.0278 -1.89321 -0.0603279 -1.6 0 -0.922904 0.333024 162 162 255
-45.6424 31.2661 1.24825 -0.432052 0 -3.5 0 0.900348 0.2147 25 25 255
-42.2948 2.91863 22.1458 -0.10725 0 1.8 0 -0.187055 -0.59611 130 130 255
-48.4809 2.53312 11.6165 0.0595086 0 -1.6 0 -0.922543 -0.361216 171 171 255
-42.6454 20.7976 14.1746 -0.635694 -0.352876 -0.783638 0 0.888433 -0.385044 255 60 60
-48.594 17.005 41.0622 -0.488927 -0.524145 -1.54583 0 -0.355104 -0.581244 255 165 165
-37.0872 42.4489 16.1805 -1.9372 -0.27252 -3.5 1 0.289897 0.957038 255 9 9
-38.6336 31.5531 9.57088 0.229079 0 -1.3 1 0.945408 0.122582 255 21 21
-41.7671 37.3042 18.4618 0.0832009 0 0.715497 1 0.156121 -0.928165 255 16 16
-37.7871 33.4376 12.8246 -0.470577 0 -1.3 1 0.939847 -0.305106 255 38 38
-53.9294 23.161 19.9848 0.199363 0 3.8 0 -0.630991 -0.691458 255 43 43
-49.807 13.8645 20.6475 -1.18343 -0.0687048 -3.5 0 -0.860667 -0.108233 255 146 146
-41.8052 16.896 -0.35225 0.623503 0 -4.5 0 0.368252 0.166863 255 190 190
-34.246 13.987 2.8025 -0.292175 0 1.8 0 0.889781 -0.117863 135 135 255
-60.0055 27.5841 27.5066 -0.714035 -0.472385 -0.8 0 -0.699719 0.485352 177 177 255
-60.2604 26.1861 11.8103 0.18298 0 1.8 0 -0.95719 0.0928323 47 47 255
-39.557 8.694 30.3385 -1.28592 -0.109181 -2.92672 0 0.343377 -0.935394 83 83 255
-41.2612 18.4435 18.6698 0.0574776 0 -0.8 0 0.904293 -0.225373 255 75 75
-43.365 34.2714 30.3209 0.174027 0 -1.3 0 0.943868 -0.321184 248 248 255
-51.0368 27.978 42.8727 0.435734 0.141254 -0.7 0 -0.440315 0.0466239 82 82 255
-39.7 27.1346 16.3036 -1.39859 -0.043924 -1.3 1 0.91191 -0.227824 255 27 27
-60.2588 20.2792 7.13575 -0.233789 0 -3.5 0 -0.98712 -0.055342 48 48 255
-41.5964 36.4969 33.5664 -1.32995 0 -3.5 0 -0.10832 0.946051 112 112 255
-46.5359 35.1815 43.5573 -1.84311 -0.805454 4.2 0 -0.440639 0.634878 69 69 255
-32.1595 24.053 3.86875 -0.454759 -0.72156 -0.4 0 0.653446 -0.686013 255 61 61
-54.9295 18.433 39.0622 -0.849522 -0.499495 1.8 0 -0.78569 0.399538 15 15 255
-48.3257 28.8325 24.4411 0.498741 0 1.82231 0 0.441958 -0.53716 255 107 107
-55.7718 20.1755 3.173 -0.0738635 0 4.5 0 -0.670309 -0.198315 70 70 255
-34.3766 19.2647 6.92562 -0.0870887 0.139857 -2.13474 0 0.405322 -0.645378 255 59 59
-34.627 25.452 34.0335 1.12613 0.675733 -4.5 0 0.330523 -0.108379 255 110 110
-50.8994 19.4291 23.5891 -0.875331 -0.9885 -0.7 0 -0.922836 0.248997 255 67 67
-51.4026 40.5616 19.7744 0.0961278 0 -0.7 0 -0.611459 0.782768 17 17 255
-43.6045 33.157 25.762 0.113808 0.130315 -1.3 1 0.970764 0.133379 255 29 29
-39.5355 10.567 10.2353 -1.902 -0.165655 -1.98524 0 0.902473 -0.248693 125 125 255
-33.855 20.0255 7.47975 -0.230348 0 -0.4 0 0.403444 -0.517051 255 28 28
-45.9034 3.51288 21.8323 -0.0848202 -0.730053 -0.7 0 0.356061 -0.26045 170 170 255
-39.6709 25.8239 25.7081 0.20468 0 -0.9 0 0.372224 0.685519 255 54 54
-60.9675 25.79 30.5565 -0.0678982 0 1.8 0 -0.900414 -0.369669 220 220 255
-51.4404 20.97 27.4667 0.915316 0 2.5 0 -0.545 -0.548857 255 211 211
-55.2393 12.2571 3.26712 0.754391 0.277925 -3.5 0 -0.690711 -0.691867 196 196 255
-41.2369 38.5122 14.4704 -0.534758 -0.394419 -2.43888 0 0.0753029 0.808924 255 43 43
-58.4608 18.8501 10.5597 -0.00773783 0 -3.5 0 -0.787366 -0.418925 45 45 255
-57.0241 33.9557 36.8921 -0.175104 0 4.2 0 -0.687514 0.292907 41 41 255
-43.142 27.3589 30.3757 0.255791 0 1.8 0 0.305342 0.204943 255 34 34
-37.835 42.0846 14.8628 -1.83228 -0.242802 -3.5 1 -0.0189476 0.55604 255 11 11
-55.1041 17.5839 30.6876 0.307387 0 -0.224451 0 -0.314294 -0.153592 126 126 255
-50.5 36.486 10.3612 0.0777121 0 -2.03483 0 -0.287833 0.875896 2 2 255
-59.9325 18.9876 6.55162 0.585823 0 -3.5 0 -0.811188 -0.584317 70 70 255
-51.7869 10.2079 10.0049 -1.17149 -0.111633 2.54153 0 -0.734866 -0.677532 214 214 255
-40.373 4.03125 25.3534 -1.48483 0 -3.5 0 0.230121 -0.962297 162 162 255
-44.5071 35.9866 8.84875 -0.132387 0 -2.60836 0 -0.733629 0.20013 33 33 255
-47.6048 40.3927 19.2495 -0.46159 -0.3524 -0.7 0 0.120128 0.94997 255 245 245
-33.1744 23.1674 3.91263 0.192512 0 -0.4 0 0.786022 -0.471238 255 77 77
-46.8086 32.8924 37.8778 -1.06232 -0.127978 -0.273853 0 -0.334246 0.934892 14 14 255
-38.4976 14.4653 16.3163 -0.590007 0 -1.3 0 0.405846 0.894234 255 131 131
-41.9161 27.9025 21.4999 -0.787977 0 -2.82842 0 -0.24101 0.116779 255 43 43
-51.3758 21.4945 43.6165 0.439323 0.783699 -3.5 0 -0.988607 -0.127749 75 75 255
-59.538 23.1585 28.3545 -0.803501 -0.897277 -0.8 0 -0.668745 -0.7157 248 248 255
-50.784 9.351 6.1005 -1.2737 -0.538975 -0.4 0 -0.607965 -0.79275 255 216 216
-40.8838 13.9528 -1.463 -0.130512 -0.0110691 1.8 0 0.363303 0.826768 255 152 152
-38.1349 37.6594 24.0925 -0.00131961 0 2.8 1 0.969895 0.000449814 255 28 28
-41.4613 4.75413 10.5577 -1.90647 -0.148843 -1.3 0 0.859547 -0.132472 60 60 255
-36.729 8.55587 25.1594 -0.122903 0 -0.7 0 0.950455 -0.305724 131 131 255
-57.1131 21.8896 16.8748 -0.736875 -0.443726 -0.7 0 -0.42755 0.348539 217 217 255
-32.4586 27.361 29.2049 0.858092 0.880376 -4.5 0 0.414954 0.580081 255 29 29
-59.9933 26.2847 26.7145 0.00362638 0 -0.8 0 -0.798095 0.367609 255 243 243
-39.8885 2.0115 18.8412 -0.0135155 0 1.8 0 0.825144 -0.492309 92 92 255
-42.4863 31.6275 26.4195 0.0176209 0 -1.3 0 0.938118 0.270386 255 51 51
-40.2405 29.7862 19.2985 -1.90009 -0.612742 -3.5 1 0.711305 0.702298 255 11 11
-51.5044 13.2002 1.04288 -0.146716 0 -2.21834 0 -0.374086 -0.635484 75 75 255
-38.8621 34.6859 9.39913 0.0842856 0 -2.55079 1 0.851451 0.522013 255 58 58
-38.9914 36.6109 24.7329 -0.0409372 0 2.8 1 0.688515 -0.607835 255 24 24
-49.0537 13.2491 25.9096 1.20467 0 -2.41955 0 -0.212822 -0.76669 255 163 163
-38.697 11.4607 18.4245 -0.178031 0 -1.3412 0 0.915984 0.0329167 255 77 77
-47.9065 13.6167 23.9635 0.128394 0 3.8 0 -0.502507 -0.779304 255 137 137
-47.3061 9.73787 29.49 -0.292546 0.193885 -1.20857 0 -0.757294 -0.592803 146 146 255
-47.3926 3.86675 9.7435 0.0155213 0 -1.6 0 -0.490848 -0.0526203 255 197 197
-58.1751 18.0999 35.5182 0.288327 0 -3.5 0 -0.463398 -0.0549513 113 113 255
-55.5887 22.0685 29.2892 0.420813 0 -0.4 0 0.167146 -0.338974 187 187 255
-53.865 18.5005 -1.6315 -1.71089 -0.369034 -3.5 0 -0.482612 -0.875795 71 71 255
-47.1372 33.7385 43.6253 -0.75849 -0.727927 4.2 0 -0.552345 0.480289 142 142 255
-47.2555 39.6068 28.9827 1.21765 0.0515337 -4.5 0 0.271695 0.642739 64 64 255
-39.0789 2.83612 15.6392 -0.126294 0 1.8 0 0.717166 -0.694883 54 54 255
-41.7788 17.1516 17.9796 -0.0839576 0 -0.99806 0 0.944033 0.190363 255 112 112
-38.5249 23.2227 -0.673 -0.126886 0 -0.7 0 0.378403 0.157491 122 122 255
-53.2054 10.6064 31.0951 0.289937 0 1.8 0 -0.402741 -0.129769 134 134 255
-55.2421 35.5991 32.006 -1.74948 -0.337051 -3.5 0 -0.765422 -0.106797 26 26 255
-54.5454 30.0489 36.7279 -0.21632 0 1.57616 0 -0.0811891 0.119992 227 227 255
-51.5207 36.7665 34.9837 -0.557069 0 -3.5 0 0.594629 0.282285 25 25 255
-37.0365 19.1752 2.52825 -0.207593 0 -3.5 0 0.0224502 0.0778757 255 146 146
-43.1189 33.2674 21.2566 2.88418 0.13779 -3.9 1 0.928669 0.261288 255 18 18
-43.335 6.2695 0.508875 -1.70574 -0.298257 -3.5 0 0.423532 -0.634114 149 149 255
-47.1325 18.9149 16.8876 -0.436458 0 -3.9 0 -0.636556 -0.0770848 255 121 121
-40.0588 13.278 -2.014 0.0920911 0 1.8 0 0.444448 0.713773 255 148 148
-36.977 22.1063 26.6394 0.202863 0 -3.2 1 0.995855 0.00480736 255 20 20
-54.6032 17.1965 39.5875 -0.977471 -0.408401 1.8 0 -0.578641 -0.245296 34 34 255
-47.2505 27.6744 44.9714 0.441494 0 1.8 0 0.00438345 0.841367 70 70 255
-45.355 7.36 15.9815 -0.377593 0 -1.2446 0 -0.82767 -0.422752 51 51 255
-59.1162 30.8649 1.725 2.76887 0 1.8 0 -0.490889 -0.751865 154 154 255
-53.0954 17.0009 0.444625 -0.0209086 0 -3.5 0 -0.490634 -0.0214621 141 141 255
-51.0353 22.2302 -2.68675 -0.772823 -0.192403 -3.5 0 -0.0676271 0.803272 12 12 255
-56.8918 28.3249 33.9707 -0.34152 0 -0.389569 0 -0.81012 0.550401 116 116 255
-58.1749 21.273 13.8551 0.185701 0 -0.7 0 -0.902923 0.0949061 93 93 255
-39.5249 24.5928 12.4602 0.0109381 0.0341661 -0.7 1 0.682639 -0.086574 255 109 109
-35.8927 39.32 17.8175 -1.31677 -0.463206 -3.5 1 0.644086 -0.486308 255 4 4
-42.4253 36.373 29.1035 -0.940544 -0.794642 -1.3 0 0.99018 0.0130557 255 187 187
-45.0568 6.49775 14.7855 -0.415923 0 -1.00168 0 -0.957977 0.0535581 58 58 255
-52.4405 33.2677 37.8693 -0.225382 0 4.2 0 0.508151 0.000524338 29 29 255
-43.931 22.876 45.161 0.200065 0 -3.5 0 -0.216159 -0.196375 17 17 255
-37.255 7.20888 13.8955 -2.16038 -0.360458 -1.6 0 0.969278 -0.11077 94 94 255
-38.3003 8.2355 20.1567 -0.594633 0 -1.45133 0 0.958903 -0.0415733 255 148 148
-55.878 16.5146 36.5462 -0.138424 -0.438462 -1.11022 0 -0.721513 -0.0313675 46 46 255
-49.6165 16.8416 20.5572 -0.00712421 0 -3.5 0 -0.983772 0.159912 255 147 147
-50.8774 16.974 -3.73638 0.0460801 0 -3.5 0 -0.493254 -0.74518 45 45 255
-38.3569 3.69712 16.343 -0.15891 0 1.8 0 0.952617 -0.258975 73 73 255
-40.9935 39.3887 15.4408 -0.143354 0 -3.5 0 -0.216685 0.53167 255 24 24
-42.4601 5.697 30.6938 -0.198659 0 4.2 0 0.27272 -0.910632 24 24 255
-39.9132 8.16175 32.7426 -0.201165 0 4.2 0 0.858293 -0.501393 75 75 255
-55.6668 15.2246 4.7305 0.132685 0 1.9 0 -0.86547 -0.111296 137 137 255
-37.6611 15.1305 0.55925 -0.502499 -0.684625 1.8 0 -0.0270129 0.934971 255 181 181
-41.7986 9.28187 37.6955 0.241485 0 -0.4 0 -0.190734 -0.452596 194 194 255
-37.056 9.19337 25.9965 0.0415216 0 -0.7 0 0.887998 -0.326943 132 132 255
-37.6533 14.7801 -0.9325 -1.193 -0.419163 1.8 0 0.152823 0.686566 255 160 160
-48.275 32.7697 5.329 -0.938874 -0.401794 -3.5 0 0.519819 0.824841 5 5 255
-53.3371 21.1034 29.9324 0.576789 0.0420726 2.5 0 -0.15337 -0.336726 68 68 255
-57.2793 12.9755 8.68475 0.430077 0.183496 -3.5 0 -0.284347 -0.432593 40 40 255
-40.234 3.29763 21.7576 -0.00241697 0 1.74633 0 0.605866 -0.359092 156 156 255
-39.8122 33.9372 33.8261 -1.07201 0 -2.72801 0 0.956334 0.290656 217 217 255
-35.293 14.003 32.9675 -1.0205 -0.593887 -3.5 0 0.913629 -0.365652 82 82 255
-42.051 0.331 17.0995 0.598995 0.433892 -0.8 0 0.542202 -0.828715 44 44 255
-52.6463 34.4925 15.1815 -0.0616166 0 -3.2 0 -0.997067 0.0687135 4 4 255
-47.7567 14.783 41.2152 0.298489 0 1.9 0 -0.55211 -0.0570595 255 223 223
-48.1849 29.3815 21.9541 0.695199 0.343779 -2.90155 0 0.257742 -0.806449 255 134 134
-38.8218 39.8236 21.313 -0.0259307 0 2.8 1 0.766896 0.49792 255 12 12
-57.9188 21.202 11.483 0.338927 0 -3.5 0 -0.893072 -0.0172421 51 51 255
-33.5285 25.018 1.16925 0.309716 0.169829 -0.4 0 0.083483 0.294758 255 203 203
-53.05 32.034 27.9 0.0264988 0 -1.3 0 -0.906294 0.354945 199 199 255
-45.7146 31.326 45.1779 -0.0806756 0 4.2 0 0.0621663 -0.0797007 110 110 255
-52.0594 29.8358 40.4943 -0.149491 0 -0.7 0 -0.741549 0.654657 69 69 255
-52.7562 37.3965 31.0439 -0.198861 0.846666 -4.46908 0 -0.895267 0.224167 16 16 255
-46.4557 35.2713 40.4027 -1.3469 0 4.2 0 -0.58068 0.705891 7 7 255
-40.6295 23.4026 -0.32625 -0.111066 0 -0.7 0 -0.726732 0.17588 97 97 254
-36.6842 23.358 0.630125 -0.159311 0 -0.557172 0 0.322024 -0.267747 235 235 255
-52.5209 35.6535 30.6289 -0.265563 0 -3.5 0 -0.610841 0.00936114 30 30 255
-41.3027 4.49325 12.0253 -0.767042 0 1.26896 0 0.858595 -0.271077 35 35 255
-48.0402 39.6665 12.0034 0.657199 0.585473 1.8 0 -0.621107 0.513326 15 15 255
-38.765 14.9558 -0.71325 -1.19449 -0.200597 1.8 0 -0.130589 0.866342 255 157 157
-35.935 20.874 8.236 -1.1603 0 2.8 1 0.39405 -0.442261 255 50 50
-46.5868 1.79412 15.474 -0.164084 0 -0.8 0 -0.637183 -0.770266 28 28 255
-41.2907 20.8808 18.2607 0.20515 0.0641225 -0.8 1 0.903699 0.387806 255 20 20
-51.9236 32.0677 13.1856 0.155971 0.371382 -2.17881 0 -0.815403 0.156917 11 11 255
-56.4986 11.7026 9.85688 0.131501 0 -3.5 0 -0.0468026 -0.960444 38 38 255
-37.4246 12.449 22.5816 -0.176458 0 -0.7 0 0.920579 0.196426 255 155 155
-37.0995 11.9355 26.946 -0.00153757 -0.104015 -3.20113 0 0.746765 0.633637 160 160 255
-52.5998 22.3555 25.0042 0.0858183 0 -0.7 0 -0.701461 -0.585438 255 141 141
-53.7944 19.1216 -2.92462 -1.98393 -0.54744 -3.5 0 -0.314311 -0.446495 38 38 255
-59.7861 19.2 8.9245 0.0737624 0 -3.5 0 -0.910079 -0.335438 65 65 255
-52.2557 35.9949 6.241 0.0282366 0 4.2 0 -0.322802 0.732112 6 6 255
-38.3226 39.0011 22.8691 -0.121567 0 2.8 1 0.973889 0.0985907 255 23 23
-55.9971 23.4155 35.1662 0.474628 0.236912 -0.618095 0 -0.99937 -0.00776965 195 195 255
-39.2246 31.9781 36.04 0.620087 0.168847 -1.50204 0 0.903828 0.314149 255 198 198
-55.845 29.1225 14.043 0.815391 0.0209571 -0.378055 0 -0.653111 0.549595 52 52 255
-51.753 9.168 34.42 0.407184 0.0810218 0.659317 0 -0.500267 -0.673269 132 132 255
-31.1465 24.0526 4.95675 -1.1618 -0.179984 -0.4 0 0.86009 -0.478562 255 18 18
-42.096 25.0187 45.436 -1.38501 -0.102868 -3.5 0 0.174759 0.0840622 73 73 255
-43.6545 13.022 24.3867 0.764607 0 3.70951 0 -0.228469 -0.95608 239 239 255
-56.2448 24.7045 15.647 -0.0871096 0.0708166 -0.448106 0 -0.687821 0.155502 170 170 255
-38.8744 13.7109 13.7626 -0.889183 0 -1.3 0 0.389266 0.78371 190 190 255
-36.7887 31.7474 33.8289 -0.0279634 0 -0.9 0 0.486589 0.306658 255 213 213
-54.5579 23.1108 28.6589 0.755884 -0.448082 0.986847 0 -0.323376 -0.677911 255 254 254
-47.6147 18.5329 -4.567 -1.42932 -0.583069 -3.5 0 0.42374 -0.385979 59 59 255
-55.0504 21.197 37.4369 0.419028 0 -0.4 0 -0.45726 -0.335994 37 37 255
-50.4129 15.4108 19.0693 -1.87304 -0.737632 -3.5 0 -0.927292 0.374022 255 205 205
-32.3964 24.3962 1.464 0.758218 0.885526 -0.4 0 0.630496 -0.29917 255 151 151
-41.8705 5.672 31.8818 -0.155723 0 4.2 0 0.447345 -0.864723 19 19 255
-40.9185 21.1472 16.2255 0.73166 0.0852431 -0.8 0 0.930257 0.121438 255 51 51
-51.5425 30.9778 -1.344 -1.44626 0 -3.5 0 -0.412187 -0.0252444 10 10 255
-31.889 29.1737 6.7025 -0.959283 -0.882208 -0.8 0 0.496004 0.590047 255 5 5
-41.3377 20.1588 21.324 -0.939364 -0.88923 -0.8 1 0.845142 0.534484 255 72 72
-58.9225 21.708 10.548 0.00826066 0 -3.5 0 -0.918834 0.211945 32 32 255
-57.8954 27.628 37.3654 -0.0308016 0 -0.7 0 -0.686936 0.415888 132 132 255
-59.2171 19.8447 32.8211 0.250838 0 -3.5 0 -0.95369 0.281401 204 204 255
-37.057 7.2505 16.891 -0.0609274 0 -1.6 0 0.678337 -0.671474 255 248 248
-48.5454 22.7711 45.0729 0.257924 0 1.47479 0 -0.362474 -0.0589099 26 26 255
-47.312 3.453 22.2335 0.86564 0.703443 -0.7 0 -0.288562 -0.312471 161 161 255
-42.489 6.846 -1.4305 -1.20632 -0.00620029 -3.5 0 0.765818 -0.537807 249 249 255
-51.6534 22.6893 42.6707 0.329527 0 -3.9 0 -0.653724 0.00652798 74 74 254
-55.218 37.2305 31.72 -1.28742 -0.175362 -3.5 0 -0.565482 0.351852 27 27 255
-54.6717 15.13 31.0585 0.350567 0.234603 1.71061 0 -0.417789 -0.86273 124 124 254
-45.7165 26.589 20.339 -0.458249 -0.755488 -3.5 0 -0.0372018 0.0832723 255 60 60
-45.9118 34.8307 35.4656 -1.0362 -0.0955016 -4.13063 0 -0.237156 0.69451 31 31 255
-49.6754 20.3336 19.7586 -0.0263178 0 -0.0899521 0 -0.457059 -0.713437 255 80 80
-59.1587 20.5618 4.53675 0.839275 0.326936 -3.5 0 -0.282995 0.0212021 50 50 255
-49.7556 41.1087 21.632 0.829196 0.0599089 -0.7 0 0.0914807 0.914208 66 66 254
-40.676 14.8775 24.5831 -0.0407001 -0.0216003 -0.543111 0 0.856472 0.462221 255 212 212
-46.7827 31.2279 -1.28375 -0.152176 0 -3.5 0 0.653073 0.0941722 25 25 255
-37.7393 13.5278 -1.348 -1.39155 -0.104013 1.8 0 0.337576 0.27984 255 158 158
-55.8013 27.984 21.4062 1.17924 0.92586 1.8 0 -0.835652 -0.323129 241 241 255
-47.5415 14.4075 -0.3915 0.442591 0 -0.7 0 0.258248 -0.127834 35 35 255
-49.717 15.5614 20.4841 -1.7119 -0.0273924 -3.5 0 -0.841836 0.0467 255 161 161
-56.7648 15.1115 35.2653 -1.48308 -0.137626 -3.5 0 -0.544238 -0.731738 68 68 254
-39.0206 5.48125 25.8565 -1.94765 -0.576118 -3.5 0 0.818933 -0.208338 120 120 255
-43.7467 18.4823 44.0135 -0.304545 -0.769158 -3.5 0 0.298243 -0.517759 114 114 255
-42.7564 35.4026 28.4344 -0.0962258 -0.791897 -1.3 0 0.966096 -0.257186 255 131 131
-37.6381 33.6234 11.3986 -0.0726351 0 -1.3 1 0.975618 0.0351497 255 34 34
-41.6567 24.1182 2.68775 -0.252244 0 -0.960289 0 -0.654953 0.0839821 87 87 255
-40.6794 30.3848 4.2665 -0.753198 0 -3.5 0 -0.354604 0.894333 243 243 255
-51.3139 38.9217 28.6361 0.0945705 0 -4.5 0 -0.56914 0.61418 2 2 255
-38.8815 41.15 15.1423 -1.62888 -0.460189 -3.5 0 -0.424302 0.404342 255 15 15
-46.154 8.53162 -2.02338 -0.10685 0 -3.5 0 -0.805317 -0.0933808 83 83 254
-43.7989 10.6261 -3.30787 0.225987 0 1.8 0 -0.510192 -0.504456 221 221 255
-39.9766 36.7308 34.459 -2.12802 -0.719259 -3.5 0 0.566155 0.784343 145 145 255
-53.2035 31.3943 12.681 0.0404986 0 -0.7 0 -0.226328 0.625556 30 30 255
-36.6856 12.7199 32.6242 -0.0802131 0 -3.5 0 0.72405 -0.645782 37 37 255
-45.3785 34.496 38.8177 -1.53766 -0.581737 0.349167 0 -0.60922 0.621109 15 15 255
-51.1932 39.9059 17.9875 -0.116133 0 -0.7 0 -0.348337 0.642934 16 16 255
-43.8867 39.642 26.2372 0.256393 0 2.8 0 -0.379784 0.79319 255 92 92
-31.7045 30.0292 7.98612 0.0822516 -0.125899 -0.8 0 0.199958 0.946476 255 7 7
-49.5705 8.41825 8.14575 -0.229057 0 -0.520905 0 -0.535806 -0.581767 255 158 158
-39.6335 11.8039 10.8021 -3.37025 -0.78611 -3.5 0 0.996896 0.047072 113 113 255
-50.6614 11.4755 2.8105 0.00250321 -0.0191316 -3.2501 0 -0.658865 -0.74271 154 154 255
-37.4953 28.7638 35.719 -0.831673 -0.174048 -3.5 0 0.923736 0.167361 210 210 255
-44.9861 7.09762 29.2926 -0.472847 -0.312037 1.70016 0 -0.748998 -0.608899 61 61 255
-38.822 26.3775 20.8065 0.0477677 0 -0.9 1 0.814591 0.149305 255 34 34
-37.5205 23.969 0.258 -0.13237 0 -0.7 0 0.354438 0.170537 221 221 255
-48.3371 40.2272 21.5455 -0.553769 -0.342752 -0.7 0 0.269742 0.87771 225 225 255
-53.5962 35.362 6.302 0.274462 0 1.89831 0 -0.14635 0.932556 10 10 255
-44.7585 34.9557 36.3387 -1.18552 -0.388004 -3.5 0 -0.481938 0.843776 32 32 255
-36.6087 29.5945 7.76975 -0.197313 0 2.8 1 0.567904 0.822402 255 18 18
-53.2451 35.4123 36.5875 -0.475367 0 4.2 0 0.474305 0.680836 19 19 254
-60.9048 27.3269 28.5618 -1.42368 -0.256921 -0.8 0 -0.975706 0.103107 251 251 255
-37.0687 30.008 6.49225 -1.00774 -0.397068 -3.5 0 0.644229 0.753917 255 33 33
-38.3491 42.4323 16.0898 -1.85907 -0.162996 -3.5 1 -0.446978 0.894538 255 11 11
-33.813 23.105 31.814 0.528131 0 -4.5 0 0.748223 -0.64952 255 129 129
-44.795 6.67881 31.2057 -0.13624 0 4.2 0 -0.688618 -0.708118 11 11 255
-49.4338 33.1295 3.14 -0.773086 0 -3.5 0 0.0659258 0.997479 6 6 255
-40.8302 9.13237 1.43862 -0.0684582 0 1.8 0 -0.152615 -0.908875 204 204 255
-48.8285 6.03375 18.0597 -0.142003 0 -0.7 0 -0.825937 0.320435 53 53 255
-41.3898 30.6346 20.6003 -1.98183 -0.643113 -3.5 1 0.56183 0.814299 255 18 18
-49.9987 8.74463 4.34725 0.666934 0 -3.9 0 -0.903825 -0.388391 222 222 255
-37.6096 24.4001 27.707 0.790131 0.409628 -3.2 1 0.581119 0.68494 255 36 36
-43.1306 14.7978 43.1341 -0.100487 0 -0.7 0 -0.502674 -0.210115 248 248 255
-53.4145 36.3838 19.3797 0.644142 0.251366 -0.8 0 -0.696759 0.392232 9 9 255
-41.9575 17.9727 16.2917 -0.348079 -0.762978 -0.8 0 0.956659 0.048835 255 42 42
-39.895 3.3885 18.7097 -0.331643 -0.0243262 1.8 0 0.998324 -0.0571784 124 124 255
-41.4408 35.7988 25.326 0.218299 0 2.8 0 0.106526 -0.994278 255 22 22
-45.5498 39.9557 31.3988 0.326199 0 -4.5 0 0.659579 0.685528 18 18 254
-43.184 30.3468 44.7303 -0.0942806 0 3.8 0 -0.0919403 0.189521 52 52 255
-39.735 24.0963 -0.637875 -0.109207 0 -0.7 0 -0.067541 0.434651 92 92 255
-41.1585 1.4395 17.9615 0.358553 0.549578 -0.676647 0 0.715212 -0.654765 73 73 255
-38.8773 34.1069 15.9543 0.0288953 0 -1.3 1 0.62624 -0.516319 255 24 24
-36.5386 10.5573 15.861 0.113726 0.61704 -1.3 0 0.974126 -0.142223 223 223 255
-33.4113 29.1171 31.515 0.217154 0.111131 -4.5 0 0.205343 0.956794 255 72 72
-46.7658 32.4541 4.81012 -0.245707 0 -3.5 0 0.388051 0.914317 12 12 254
-32.337 26.3727 2.06325 0.149988 0 -0.4 0 0.286522 0.405576 255 39 39
-45.182 5.81375 27.5671 -1.71096 -0.0266064 -3.5 0 -0.619611 -0.784567 230 230 255
-50.3366 7.1555 10.0414 0.61913 0.032778 -1.3 0 -0.866848 -0.46676 255 152 152
-47.6735 24.4535 24.2362 -0.21478 -0.704895 -0.727771 0 0.361396 0.565617 255 41 41
-50.4416 33.9533 34.9551 -0.873783 0.105377 -3.5 0 0.186346 0.817786 14 14 255
-52.508 23.7544 42.3659 1.02883 0 -3.9 0 -0.271787 -0.246554 68 68 255
-39.1598 9.586 13.4727 -0.654448 0 -1.6 0 0.307397 -0.198683 98 98 255
-38.8224 30.435 35.9832 -0.216523 -0.112188 -1.3245 0 0.821104 0.348412 255 211 211
-48.0223 19.6493 16.782 0.0499496 0 2.8 0 -0.245511 -0.629504 255 102 102
-33.0583 21.8912 6.79044 0.0981674 0 -0.4 0 0.879402 -0.0715832 255 23 23
-60.351 20.328 5.54675 0.357036 0.000786162 -3.5 0 -0.931072 -0.0501605 33 33 255
-49.7581 12.4192 20.544 -1.43901 -0.403402 -3.5 0 -0.756275 -0.262351 255 195 195
-45.3574 7.236 0.997125 -0.411806 0 -3.5 0 -0.0967958 -0.930482 104 104 255
-38.6816 33.8783 6.8505 0.378621 0 -4.5 1 0.774837 -0.348242 255 157 157
-35.7033 15.8885 30.6325 0.119197 0.0430252 -0.9 0 0.984873 -0.160901 253 253 255
-39.2082 14.9228 20.7625 0.568675 0.0261581 -0.7 0 0.475199 0.879287 255 118 118
-41.7475 14.6792 -0.931 -0.00951062 0 0.889728 0 0.238754 0.767546 255 187 187
-60.092 31.4552 2.90325 2.80227 0 1.8 0 -0.962196 -0.271627 173 173 255
-40.9347 8.16775 0.3725 -0.946891 -0.43148 -2.33458 0 0.355408 -0.791517 204 204 255
-47.56 18.5208 45.831 -0.0456909 0 -3.5 0 0.130474 -0.559452 86 86 255
-51.6356 31.4871 18.473 -1.70349 -0.068276 -3.9 0 -0.973429 0.221444 168 168 255
-35.4105 28.494 7.4695 -0.377966 0 -0.8 1 0.351205 0.835069 255 12 12
-60.1203 25.3916 33.1725 0.0477464 0 1.8 0 -0.608459 -0.457754 128 128 255
-48.6795 7.59525 5.09625 0.337325 0 -3.9 0 -0.536634 -0.738711 234 234 255
-38.8116 20.0844 39.7544 1.88365 0 -3.9 0 0.74458 0.0807752 35 35 255
-45.43 9.233 -2.7475 -0.056215 0 -3.5 0 -0.473633 0.0765622 129 129 255
-57.6343 28.3725 11.8748 1.23346 0.0658003 1.0095 0 -0.607341 0.791125 54 54 255
-49.7503 20.4655 25.854 0.289774 0 3.8 0 -0.960106 -0.262769 255 41 41
-59.8213 21.5145 5.24412 0.812716 0.636549 -3.5 0 -0.478821 0.620107 34 34 255
-54.6893 14.8368 12.7607 0.19172 0 -3.5 0 0.0657843 -0.212257 52 52 255
-36.838 16.6493 35.0762 0.2687 0 -0.277412 0 0.762945 0.555955 62 62 255
-39.8149 27.6891 20.7218 -0.447365 0 -1.73372 1 0.889074 0.424033 255 33 33
-41.2848 30.1115 3.2455 -0.42595 0 -3.5 0 -0.248392 0.955773 166 166 255
-41.5488 19.2445 16.9177 -0.0972511 0 -0.8 0 0.89028 -0.447178 255 37 37
-39.9164 9.09463 2.884 -0.298947 -0.683662 -0.8 0 -0.456543 -0.885665 179 179 255
-59.5981 22.6208 7.2545 -1.32081 -0.129464 -3.5 0 -0.75712 0.65175 35 35 255
-41.0682 25.0245 44.8026 -1.01848 -0.0280151 -3.5 0 0.651797 0.287565 81 81 255
-50.1446 39.1391 17.4029 -0.34149 0 -0.7 0 -0.164063 0.709471 21 21 255
-43.8935 5.56612 28.1217 -1.42412 -0.703299 -3.5 0 -0.105275 -0.92873 230 230 255
-52.1975 36.4707 21.9255 -0.359519 -0.944912 -0.8 0 -0.653055 0.543825 28 28 255
-32.6522 27.3918 10.1895 -0.210735 0 -0.8 0 0.434892 -0.12453 255 20 20
-47.194 20.1842 17.6593 -0.306643 0 1.97221 0 -0.616971 -0.7452 255 143 143
-57.4339 32.6188 35.7969 -0.166507 0 4.2 0 -0.870607 -0.368733 73 73 255
-37.7113 22.5399 9.11388 -0.408154 0 0.299361 1 0.448225 -0.32292 255 41 41
-38.5272 10.1146 21.5595 -1.42603 -0.216324 -0.471923 0 0.961365 -0.273373 255 179 179
-42.2445 19.7038 14.7832 -0.394827 -0.683613 -0.8 0 0.820964 0.160159 255 61 61
-58.3019 22.9535 29.5989 0.240575 0 -0.4 0 -0.658924 -0.740382 227 227 255
-35.9051 19.3504 28.405 -0.266293 0 -0.9 1 0.630354 0.273537 255 85 85
-39.4446 14.5386 18.8424 0.185093 0.0347885 -0.917676 0 0.464798 0.88477 255 80 80
-35.2122 26.1915 2.2985 -0.262372 0 -0.4 0 -0.129673 0.865067 255 40 40
-40.8915 37.4757 7.96413 -0.293165 -0.354907 -2.15565 0 0.737375 0.614061 138 138 255
-54.8231 26.7668 21.1034 0.601646 0 1.8 0 -0.926491 -0.35037 255 166 166
-39.3614 2.09037 20.2211 -0.0889178 0 1.8 0 0.952093 -0.272415 149 149 255
-59.7114 31.8411 1.41025 1.86892 0 1.8 0 -0.670471 -0.130001 203 203 255
-53.5865 31.1305 29.7385 -0.109203 0 -1.6 0 -0.341352 0.826701 193 193 255
-56.674 30.8555 0.7505 0.612074 0 1.8 0 0.0419031 -0.782908 27 27 255
-56.1232 20.4342 36.1973 0.574583 0.116622 -2.0636 0 -0.620195 -0.129777 76 76 255
-38.1965 6.70925 20.1606 -0.224332 0 -0.4 0 0.986944 -0.144978 255 188 188
-51.003 36.998 22.1105 0.391822 0 -0.8 0 -0.590711 0.724375 57 57 255
-50.4593 40.5305 18.6795 -0.0916494 0 -0.7 0 -0.0728773 0.854134 47 47 255
-47.1572 33.0168 7.9265 -0.427397 0 -4.5 0 -0.110877 0.80786 1 1 255
-47.245 6.352 2.513 1.71259 0.844965 -3.9 0 0.254177 -0.959907 62 62 255
-33.3177 23.7607 9.80062 -1.43564 0 -0.8 1 0.384377 -0.710199 255 22 22
-42.446 0.704875 19.6859 0.0762827 0 1.52432 0 -0.32683 -0.882555 191 191 255
-41.6211 30.8908 43.6021 -0.175793 0 3.8 0 0.543691 0.798881 94 94 255
-36.9108 27.4408 4.94975 -0.506833 -0.33743 -1.69741 0 0.63735 0.558883 255 30 30
-41.8727 19.0516 43.5331 -1.69832 -0.350118 -3.5 0 0.737929 -0.437736 105 105 255
-39.3638 5.37975 13.0236 -0.346737 0 1.8 0 0.353134 -0.283805 71 71 255
-54.848 24.2604 20.0339 0.170949 0 3.8 0 -0.777704 -0.376267 255 53 53
-55.5615 25.6255 4.203 -1.06819 -0.580457 4.5 0 -0.843051 0.298808 17 17 255
-52.9746 37.7294 35.378 -2.24485 -0.828935 -3.5 0 0.435452 0.662439 30 30 255
-37.2977 26.445 12.2619 -0.00543076 0 2.8 1 0.404093 -0.102417 255 11 11
-55.6844 13.9006 1.763 0.840567 0.360117 -3.5 0 -0.810521 -0.0954837 185 185 255
-56.435 18.5954 30.5626 0.208105 -0.0719057 -3.5 0 -0.270655 -0.270481 105 105 255
-34.1497 26.2712 28.9095 0.282483 0 -4.5 1 -0.131288 -0.0235756 255 38 38
-35.04 40.3293 17.6735 -1.94703 -0.328753 -3.5 1 0.841272 0.069637 255 6 6
-38.3831 35.3791 6.721 0.869336 0.33465 -4.5 0 0.831376 0.246509 255 246 246
-43.6759 13.9434 -2.27938 -0.0675908 0 1.8 0 -0.367195 0.883883 134 134 255
-46.7155 12.4735 26.288 0.308005 0 2.36865 0 -0.310417 -0.757287 255 240 240
-40.642 20.6357 17.0865 0.302491 0.782981 -0.8 0 0.998022 -0.0498319 255 30 30
-56.403 20.2886 29.2384 -1.13896 -0.0721444 -3.5 0 -0.0653749 -0.273311 104 104 255
-39.008 5.65525 19.8088 -0.517864 -0.335257 1.63909 0 0.886184 -0.429321 231 231 255
-51.2098 15.2515 13.7116 0.641652 0 0.735021 0 -0.838494 -0.0701701 45 45 255
-46.5426 25.6251 -0.48725 -0.143191 0 2.47047 0 0.907392 -0.000877588 50 50 255
-36.009 30.927 33.268 -0.20864 0 -0.9 0 0.662976 0.0248616 255 227 227
-49.0779 15.8636 -2.622 0.243009 0 -3.5 0 0.180018 -0.839264 33 33 255
-55.7337 34.5815 33.1087 -1.13217 0 4.2 0 -0.868182 0.116976 24 24 255
-43.6856 5.0165 9.51625 -0.492585 -0.0576607 -1.39913 0 0.360174 -0.0642254 127 127 255
-41.5389 30.2984 19.2104 -1.35181 0 -3.5 1 0.173762 0.980534 255 12 12
-40.9002 24.7564 1.36012 0.0299323 0 -1.4913 0 -0.852111 0.116146 85 85 255
-30.8771 29.1605 8.196 1.03629 0.0320579 -0.8 0 0.938943 0.321337 255 8 8
-42.1751 12.6836 42.2121 0.498513 0.0848517 -0.7 0 0.0751119 -0.772538 225 225 255
-45.6426 24.1004 45.1496 0.122832 -0.0982384 1.8 0 0.170164 -0.232095 22 22 255
-42.4631 33.9096 38.307 -0.16169 0 -3.5 0 0.359469 0.703852 92 92 254
-48.849 18.2716 -4.55306 -0.226362 -0.186524 -3.5 0 0.214711 -0.418898 44 44 255
-50.559 13.981 16.7939 0.078587 0 2.8 0 -0.899478 -0.123447 119 119 255
-43.1766 1.69225 19.6326 0.436673 -0.0180771 1.51501 0 -0.597685 -0.655885 144 144 255
-39.5257 16.1057 8.888 -0.146721 0.548245 2.8 0 0.85149 -0.0761633 111 111 255
-38.6316 38.898 21.7869 0.153225 0 2.8 1 0.8752 -0.26847 255 21 21
-34.9142 27.715 6.34625 -0.194098 0 -0.8 0 -0.218383 0.815476 255 13 13
-56.2689 30.6702 34.7296 -0.731205 -0.156592 -1.6 0 -0.947843 -0.231409 169 169 255
-45.147 34.782 8.77525 0.350469 0 -4.5 0 -0.51679 0.593012 19 19 255
-42.535 26.0106 44.9943 -1.49131 -0.229877 -3.5 0 -0.0340287 0.374911 90 90 255
-38.6232 18.8072 39.35 0.77164 0 -3.9 0 0.788833 -0.367097 31 31 255
-35.8981 25.8729 1.43687 -1.05052 -0.593393 -0.598272 0 0.371177 0.775411 255 83 83
-43.2569 37.0957 30.2086 -1.95262 -0.41297 -1.3 0 0.627443 0.760557 166 166 255
-56.288 19.0557 16.4591 0.0848489 0 -0.7 0 0.346105 -0.711322 182 182 255
-41.7459 12.0469 41.0067 0.606184 0.0159513 -0.7 0 0.322392 -0.863277 207 207 255
-58.2646 33.1306 1.54587 2.29666 0 1.8 0 -0.538916 0.525148 146 146 255
-51.8899 34.1314 35.7424 0.251371 0.577035 -3.5 0 0.609198 0.573455 11 11 255
-54.1177 11.952 3.6195 0.529939 0.669534 -3.5 0 -0.150136 -0.942445 214 214 255
-51.4188 27.9735 -0.45 0.537959 0.133158 1.8 0 -0.65143 -0.0346335 13 13 254
-46.689 8.14563 31.3994 -0.218139 0 -0.47916 0 -0.315448 -0.70819 32 32 255
-53.871 21.612 37.9 0.616086 0.183195 -1.07622 0 -0.535727 -0.562511 21 21 255
-43.1494 10.3586 24.8481 0.416104 0.201393 3.1239 0 -0.738082 0.674189 255 192 192
-38.7113 4.59387 13.8644 -0.249137 0 1.8 0 0.783565 -0.442569 67 67 255
-36.5214 38.9844 15.6354 -0.972871 0 -3.5 1 0.660509 -0.481102 255 7 7
-54.1625 15.035 33.6343 0.142971 -0.346068 -1.71935 0 -0.449966 -0.881714 31 31 255
-34.7315 18.2534 6.2455 0.376197 0.659545 -3.5 0 0.648742 -0.423103 255 132 132
-42.9388 4.77725 25.0345 -1.60567 -0.181216 -3.5 0 -0.60254 -0.797822 181 181 255
-58.6213 21.5486 16.2376 0.0348882 0 -0.7 0 -0.653693 0.614929 202 202 255
-43.5024 40.1787 21.283 -0.0205317 0 -0.4 0 -0.129412 0.982982 255 19 19
-40.0005 28.3215 15.8427 -0.585216 0 -1.3 1 0.948098 0.144051 255 28 28
-38.6451 8.05237 2.49863 1.30078 0.667208 -0.8 0 -0.127755 -0.991002 167 167 255
-35.0913 9.79638 30.3789 0.595388 0.0154154 -3.5 0 0.891063 -0.446183 63 63 255
-36.1805 12.1161 16.6891 0.184809 0 -1.3 0 0.935958 0.0539513 255 180 180
-55.713 29.881 26.1025 -0.381066 -0.374491 0.343211 0 -0.507972 0.82902 155 155 255
-43.5095 25.074 28.0545 -0.151175 0.0675463 0.492086 0 0.322282 0.879995 255 30 30
-55.4356 19.0282 30.0376 -0.239204 -0.829215 -2.9363 0 -0.240579 -0.44572 89 89 255
-40.4098 25.066 19.265 0.410915 0.247431 -0.9 1 0.824864 -0.341421 255 29 29
-50.15 34.2429 1.1705 -0.278096 0 -3.5 0 0.0180932 0.960087 5 5 255
-35.9994 8.97225 31.0064 0.397103 0.874118 -3.5 0 0.261916 -0.869899 61 61 255
-35.445 26.6723 4.89087 -0.478143 -0.411061 -0.4 0 -0.0641042 0.922287 255 26 26
-35.3809 16.9946 6.2885 -0.908963 0.455115 -3.5 0 0.803858 -0.118104 255 219 219
-34.8268 11.3042 29.9285 0.265163 0.408568 -3.5 0 0.990083 0.140482 76 76 255
-40.3671 14.3245 13.3418 -1.05334 0 -1.63662 0 0.779691 0.493599 228 228 255
-38.2766 27.7677 39.2106 1.04391 0.818079 -3.5 0 0.819889 -0.43431 86 86 255
-39.512 8.80525 -1.80163 0.0552477 0 1.8 0 0.215003 -0.608825 255 112 112
-55.5392 22.3412 37.3421 0.671515 0 -0.4 0 -0.793159 -0.336168 69 69 255
-51.0275 40.8951 21.3738 0.918598 0.743117 -0.7 0 -0.627068 0.722147 24 24 255
-40.8597 25.1935 14.3503 0.188056 0 -1.3 1 0.829797 -0.286004 255 49 49
-49.558 34.0094 -0.410875 -0.208018 0 -3.5 0 -0.090676 0.920607 4 4 255
-41.3587 26.5443 43.0981 -0.366379 -0.60817 -2.28067 0 0.86803 0.318133 63 63 255
-53.6114 31.8864 26.014 -0.0602436 0 -1.3 0 -0.758462 0.407231 154 154 255
-40.9726 13.5946 -4.184 0.0107471 0 1.8 0 0.761163 0.575558 255 114 114
-51.136 17.718 22.5265 0.997194 0.351072 -0.7 0 -0.793887 -0.520372 255 110 110
-39.6763 36.2641 23.3575 0.0259411 0 2.8 1 0.302853 -0.913324 255 30 30
-40.9295 3.60037 13.0103 -0.985135 -0.0943139 1.8 0 0.548849 -0.550625 48 48 255
-54.1366 23.0823 41.7485 0.741188 0 -3.9 0 -0.40597 -0.635691 54 54 255
-42.9109 4.88513 27.3857 -0.388154 0 -3.5 0 -0.267931 -0.833957 255 253 253
-47.1673 38.338 33.4627 -0.253062 0 -4.5 0 0.0619479 0.381306 13 13 255
-47.8655 17.1383 -3.36987 -0.0329467 0 -3.5 0 0.592642 -0.593019 47 47 255
-44.5825 39.9308 25.134 0.314039 0.211084 2.8 0 -0.33413 0.865281 255 148 148
-46.7815 24.79 -1.08575 -0.120482 0 2.76686 0 0.715532 0.085944 29 29 255
-48.4075 18.851 16.3113 0.209023 0 -3.9 0 -0.465345 0.00686821 255 141 141
-54.248 33.4216 8.71437 0.714212 0.0684506 4.2 0 -0.829718 0.319485 16 16 254
-54.6765 21.1821 16.1286 -0.0552008 -0.613896 -0.7 0 0.256296 -0.544983 255 236 236
-32.848 28.594 5.786 -0.055865 0.404326 -0.8 0 -0.0401252 0.865317 255 5 5
-40.542 40.8185 21.8935 -0.0155695 0 2.8 1 0.312861 0.785127 255 19 19
-45.9543 33.6698 44.035 -1.27443 0 4.2 0 -0.17214 0.372671 110 110 254
-42.9538 34.4137 28.7073 0.248119 0 -1.3 0 0.984823 -0.145403 255 146 146
-53.9161 34.3034 31.0882 -0.45368 0 -3.5 0 -0.313005 -0.00349611 36 36 255
-41.1587 40.5871 15.9012 -1.16909 -0.191342 -2.6796 0 -0.0326521 0.610987 255 19 19
-54.769 16.4075 38.854 -0.0954636 0 1.8 0 -0.842734 -0.0313582 34 34 255
-52.3471 17.1737 14.9905 3.17052 0 -3.9 0 -0.46832 -0.711505 54 54 255
-58.7184 23.7629 30.6954 0.238784 0 -0.151781 0 -0.75011 -0.661023 250 250 255
-42.4302 29.2331 29.8993 -0.737807 -0.944328 -0.8 0 0.31926 -0.330453 255 46 46
-41.5291 36.7809 35.084 -1.99123 0 -3.5 0 -0.218175 0.97557 76 76 254
-56.4432 27.5544 5.30875 0.497139 0 -3.9 0 -0.67173 -0.308261 74 74 254
-43.7289 39.9766 16.7856 -0.32344 -0.0797049 1.25087 0 -0.601318 0.796386 255 65 65
-43.9974 24.5621 3.048 0.0534791 0 3.8 0 0.586866 0.106182 30 30 255
-33.9417 23.1644 8.55825 -0.271292 -0.354158 -0.609171 1 0.532917 -0.658475 255 14 14
-58.3905 31.332 4.907 1.30588 0 1.8 0 -0.536168 -0.0164171 130 130 255
-49.9265 9.26525 32.102 0.685674 0.414892 0.426466 0 -0.464072 -0.65229 59 59 255
-60.688 25.8675 27.823 -0.0759875 -0.114124 -0.8 0 -0.999083 0.0304683 252 252 255
-42.2824 29.6752 2.51437 -0.685931 -0.0683682 1.20038 0 0.000688202 0.964184 93 93 254
-48.0824 21.1659 45.4883 0.436822 0 -3.5 0 0.128893 0.391297 17 17 255
-50.4589 8.663 35.533 0.916147 0.137367 -0.7 0 -0.643984 -0.724158 95 95 255
-55.48 31.4748 22.6369 0.0128286 0 1.8 0 -0.416878 0.696212 115 115 255
-42.867 33.51 32.201 0.16794 -0.761958 -3.19983 0 0.592219 -0.05723 220 220 255
-43.8566 5.68225 31.2099 -0.137558 0 4.2 0 -0.366658 -0.923995 10 10 255
-34.9613 16.094 5.69525 -1.4112 -0.018338 -3.5 0 0.870232 -0.0447365 199 199 255
-32.5539 22.3579 5.465 0.263766 0 -0.4 0 0.951998 -0.300444 255 35 35
-40.7328 22.2315 13.3608 -0.151393 0 -0.7 0 0.6527 -0.3554 255 124 124
-38.702 27.9587 2.23088 -0.250554 0 -3.5 0 0.538518 0.45828 255 251 251
-50.2179 33.36 2.18213 -0.557219 0 -3.5 0 -0.236475 0.857464 6 6 255
-50.6114 18.5176 26.4275 0.599519 0 2.36619 0 -0.500092 0.812534 255 92 92
-42.4015 14.5065 -2.413 0.0520842 0 1.8 0 0.0678739 0.954283 255 237 237
-41.8283 17.8634 41.6089 -0.13724 0.338648 -2.3793 0 0.84544 0.00351863 139 139 255
-38.7832 36.0272 7.67275 0.434791 0.112123 -4.5 0 0.693367 0.698525 255 190 190
-41.8471 21.9064 44.976 0.186365 0 -3.5 0 0.660343 -0.299565 57 57 255
-39.9506 26.1208 12.8345 -0.00321946 0.0807773 -0.7 1 0.670808 0.117342 255 55 55
-50.3078 11.6046 27.8074 0.660938 0 -4.5 0 -0.394843 -0.843493 255 210 210
-44.0846 5.47412 26.6954 -0.651684 0 -3.5 0 -0.569378 -0.814628 255 251 251
-53.8289 34.4723 38.1637 -0.233355 0 4.2 0 0.152416 0.623181 30 30 255
-57.6695 29.9496 2.12987 0.830185 0 1.8 0 -0.208289 -0.874604 46 46 255
-37.9053 25.6887 23.376 0.0967771 0 -0.9 1 0.996603 0.012474 255 33 33
-36.11 11.659 35.2108 -0.0263294 0 4.2 0 0.694166 -0.626933 27 27 255
-59.8375 27.3601 33.0255 -0.0498512 0 1.8 0 -0.429485 0.710938 107 107 255
-48.9595 24.6479 45.7808 0.299703 0 1.8 0 -0.814215 -0.242376 34 34 255
-49.503 35.8947 6.92438 -0.144815 0 4.2 0 0.830554 0.501865 1 1 255
-50.2228 19.9683 24.2646 -0.0638709 -0.953811 -0.7 0 -0.880771 -0.138713 255 45 45
-47.9642 40.7526 13.6257 -0.0268788 0 1.8 0 -0.674089 0.712289 20 20 255
-54.956 20.352 0.873 -0.161112 0 -3.5 0 -0.872096 -0.46971 75 75 255
-34.0875 14.2529 1.38875 -0.163371 0 1.8 0 0.951292 0.284876 169 169 255
-44.1932 13.7067 -3.4695 0.019757 0 1.8 0 -0.67883 0.654413 155 155 255
-38.282 13.2133 8.068 -2.74275 -0.147636 2.8 0 0.939151 0.124339 49 49 255
-53.9243 34.8478 9.28825 0.29848 0 4.2 0 -0.81618 0.458013 6 6 255
-44.499 31.22 16.96 -0.297043 0 -3.5 1 0.612187 0.391016 255 54 54
-36.2475 24.8004 34.1941 0.691497 0.180771 -4.5 0 0.41084 0.23792 255 218 218
-55.6345 25.5325 16.3385 0.472957 0 -0.168053 0 -0.858202 0.0215657 203 203 255
-52.7711 35.9785 35.6005 -0.892351 -0.247932 -1.44288 0 0.527815 0.291823 21 21 255
-41.2645 15.3255 0.11275 0.416454 0 -4.5 0 0.455805 0.386005 255 152 152
-51.2391 17.9823 -4.223 -0.0175137 0 -3.5 0 -0.614466 -0.164316 44 44 255
-40.8585 2.853 14.1695 -0.728825 0 1.8 0 0.332105 -0.77916 52 52 255
-37.955 9.62375 19.2218 -0.173126 0 -1.6 0 0.82256 0.438516 255 100 100
-45.0744 0.772062 11.0934 0.218067 0 -1.6 0 0.278832 -0.957236 27 27 255
-44.4518 34.7536 42.7804 -2.06205 -0.76586 4.2 0 0.833545 0.34692 27 27 255
-35.8112 13.5988 36.0168 0.0304682 0 4.2 0 0.985321 0.0433525 25 25 255
-48.725 12.8181 21.033 -2.38034 -0.209228 -3.5 0 -0.35138 -0.267159 255 135 135
-50.582 9.68575 39.0947 0.0700165 -0.106589 -3.5 0 -0.614212 -0.0800297 116 116 255
-47.4823 6.68787 1.46463 3.37449 0.18676 -3.9 0 -0.145109 -0.909596 63 63 255
-52.4906 23.6903 -0.9345 -0.34517 0 -3.5 0 0.0196243 0.799933 11 11 255
-58.0327 12.6447 9.4595 0.410228 0.821304 -3.5 0 -0.911665 -0.327738 46 46 255
-38.6014 20.6351 10.4605 0.239312 0.124017 -0.8 0 0.7135 0.180574 255 53 53
-49.378 31.403 41.4335 -0.10235 0 4.2 0 -0.855711 0.514228 116 116 255
-55.8169 18.5374 35.8979 0.0755284 0 -2.76317 0 -0.496427 0.153613 54 54 255
-45.5395 5.90625 8.65975 -0.0591641 0 -1.3 0 0.244332 -0.474562 255 253 253
-42.1255 7.22587 9.9365 -0.585629 0 -0.7 0 0.897685 -0.440636 163 163 255
-57.422 23.9631 33.0552 0.293634 0.00512392 0.575177 0 -0.606472 -0.242263 248 248 255
-41.026 6.72013 32.8221 -0.144581 0 4.2 0 0.567857 -0.775246 46 46 254
-50.473 15.471 -1.41188 0.3085 0 -3.5 0 -0.586522 -0.511548 37 37 255
-41.9183 29.3565 21.8829 -1.7625 0 -3.5 0 0.460055 0.0521215 255 25 25
-53.6306 32.4027 11.6191 0.0285361 0 -0.7 0 -0.194113 0.824742 22 22 255
-37.6447 9.457 8.25037 -2.15634 -0.395943 -0.7 0 0.57427 -0.249056 86 86 255
-41.4584 39.5938 9.2095 -0.768464 0 -1.3 0 0.498733 0.857254 201 201 255
-32.2593 27.8797 30.6135 0.334356 0.294606 -4.5 0 0.831618 0.422344 255 31 31
-40.1986 1.70275 21.388 -0.0961161 0 1.8 0 0.472186 -0.513483 207 207 255
-39.3109 25.4627 38.6198 0.325047 0 2.11581 0 0.821621 -0.00355966 50 50 255
-49.59 19.7366 46.1246 -0.732894 0 -3.5 0 -0.262 0.195143 42 42 255
-44.6805 1.174 11.9955 0.153481 0 -1.6 0 0.403684 -0.86862 16 16 255
-58.6027 26.1609 36.5592 0.073739 0 -0.7 0 -0.994376 -0.0744923 126 126 255
-44.6479 4.84825 9.10513 -0.108162 0 -1.56483 0 0.128299 -0.114303 172 172 255
-38.6126 30.2874 38.4123 0.443954 0.0195084 -3.5 0 0.847356 0.530981 250 250 255
-41.434 10.2365 -2.38975 0.542769 0.0202165 1.68486 0 0.110313 -0.675494 255 167 167
-39.9162 11.2273 39.3117 -1.29333 -0.2882 4.2 0 0.404541 -0.416798 123 123 254
-51.4243 24.6035 0.095625 -0.657235 2.3297e-05 -1.21999 0 -0.254676 0.279582 14 14 255
-32.9904 27.702 2.89613 -0.132999 0 -0.4 0 -0.137788 0.798741 255 12 12
-44.71 1.31938 14.3028 -0.0140096 0 -0.8 0 -0.189638 -0.892262 22 22 255
-44.633 8.087 34.206 -0.337577 -0.111121 1.87843 0 0.106153 -0.920336 9 9 255
-43.5115 14.8976 -0.691875 0.0776739 0 0.236218 0 -0.0815235 0.600789 177 177 255
-48.9009 4.092 18.0907 -0.0959097 0 -0.7 0 -0.761913 -0.424262 33 33 255
-46.1695 7.408 5.50725 0.154311 0 -3.9 0 0.331383 -0.943179 232 232 255
-38.7443 6.4615 23.7599 -0.74674 0 -0.4 0 0.949615 -0.31041 152 152 255
-37.7296 19.0411 9.97112 0.226449 -0.392739 -0.8 0 0.841876 -0.196131 255 82 82
-51.0605 13.8331 -0.150625 0.726865 0.115993 -2.01348 0 -0.523427 -0.442071 35 35 255
-48.8867 5.64038 20.4445 -0.0362423 0 -0.7 0 -0.640773 0.506641 124 124 255
-59.3169 26.6281 10.8771 0.355086 0 1.8 0 -0.61241 0.179535 56 56 255
-39.6345 8.69025 27.925 -0.667259 0 -0.7 0 0.505688 -0.778023 179 179 255
-44.1756 21.1982 1.32075 -0.00891012 0 4.38432 0 0.793758 0.147287 71 71 255
-53.7554 30.4503 3.77475 0.058814 0 1.38617 0 -0.579376 -0.522835 16 16 255
-53.6079 32.7415 2.12425 -0.543598 -0.460489 -3.5 0 0.131783 0.989224 14 14 255
-31.6978 24.2484 6.76725 -0.935039 -0.667457 -0.447769 0 0.772151 -0.496908 255 13 13
-40.7234 8.96513 37.6509 -0.0196923 0 -0.4 0 0.25427 -0.743673 157 157 255
-39.3052 8.23175 7.0545 -0.586819 -0.0772641 -0.7 0 0.330306 -0.941449 58 58 254
-48.1586 4.19737 21.3365 0.516534 0.304742 -0.7 0 -0.710483 -0.136093 151 151 255
-41.5392 37.9338 13.3489 -0.941718 -0.193708 -1.3 0 0.286538 0.88472 255 83 83
-49.3401 4.639 20.269 -0.015839 0 -0.7 0 -0.868484 -0.259617 89 89 255
-43.6075 5.27825 -0.835 -1.92781 -0.57174 -3.5 0 0.336805 -0.931643 199 199 255
-52.8175 30.0665 17.569 0.0213149 0 3.8 0 -0.646814 0.761307 255 238 238
-39.839 26.9435 20.0255 -0.388882 0 -1.69876 1 0.921157 -0.0301664 255 21 21
-45.2016 35.2021 43.6102 -2.15877 -0.805077 4.2 0 0.450549 0.502474 53 53 255
-42.7746 35.9689 17.1005 -0.241786 0 1.8 1 0.241523 -0.702777 255 27 27
-35.1225 20.5333 7.5745 -0.514648 0 -0.4 1 0.197913 -0.432319 255 41 41
-57.9608 17.8293 9.30675 -0.469431 0 -3.5 0 -0.619113 -0.761904 52 52 255
-51.545 22.504 22.5995 1.06795 0.551932 -0.7 0 -0.8891 -0.455463 255 91 91
-50.9671 20.0155 40.7676 -0.440726 -0.761058 -0.7 0 -0.671534 -0.198944 74 74 255
-53.8225 29.6518 18.327 -0.611172 -0.0117928 3.8 0 -0.570773 0.808068 255 204 204
-38.8899 6.97675 25.9993 -0.699001 -0.0511105 -1.04614 0 0.598608 -0.414655 197 197 255
-37.5084 37.4356 14.853 -1.65916 0 -3.5 1 0.899976 -0.364287 255 21 21
-57.3843 31.997 -0.07575 0.218462 0 1.8 0 -0.424401 -0.165908 62 62 255
-38.5267 31.0681 11.7171 -0.406821 0 -1.3 1 0.882333 -0.226404 255 13 13
-49.4045 28.1725 -2.33 -0.0423468 0 1.8 0 -0.467161 0.522231 69 69 255
-40.4344 26.5291 15.6906 -0.884438 0 -1.3 1 0.829177 -0.461154 255 37 37
-38.4546 6.39213 16.9827 0.157523 0 -1.04175 0 0.81746 -0.510777 203 203 255
-46.0865 27.4583 44.5472 0.455941 0 3.58501 0 0.404382 0.477165 89 89 254
-37.9059 22.1639 35.9244 -0.0907157 0 -3.9 0 0.587105 0.171126 94 94 255
-38.0588 5.76288 13.7633 -1.29272 -0.37608 -0.2821 0 0.766097 -0.504369 99 99 255
-34.614 19.646 3.662 0.0542782 0 -0.4 0 0.530008 -0.424345 255 167 167
-54.1707 17.667 29.9035 0.320047 0 3.8 0 -0.641082 0.0374396 142 142 255
-55.8531 15.0688 31.4778 1.16455 0.842696 -3.5 0 -0.212019 -0.866083 123 123 254
-55.9146 31.1847 24.4249 -0.0546846 0 1.8 0 -0.577453 0.710339 93 93 254
-37.3835 18.999 8.0605 -0.609971 -0.860626 -0.818471 0 0.857951 -0.331924 255 112 112
-50.7536 19.1733 44.9995 -1.2819 -0.863939 -3.5 0 -0.942567 -0.24323 126 126 254
-55.0397 31.6179 7.38112 0.409799 -0.0645883 -0.255056 0 -0.832924 -0.139466 38 38 255
-38.5229 13.3899 26.9861 -0.0742118 -0.561975 -0.786685 0 0.618304 0.248446 160 160 255
-54.0015 20.7978 -2.937 -1.28716 -0.0309555 -3.5 0 -0.529059 0.0724545 22 22 255
-45.5629 11.4131 -1.60588 -0.313709 -0.138873 0.825356 0 -0.737448 0.0682329 64 64 254
-38.1956 13.9461 21.4916 0.110372 0.035233 -0.7 0 0.769551 0.638562 255 116 116
-45.8535 7.70525 26.7745 0.0557173 -0.0185818 -3.5 0 -0.760877 -0.449591 170 170 255
-53.4999 13.2825 32.3174 0.222576 0 1.8 0 -0.932991 -0.247074 64 64 254
-52.91 22.115 19.5203 0.221978 0 3.8 0 -0.526466 -0.84659 255 58 58
-43.7649 13.386 -4.8685 0.00699859 0 1.8 0 -0.636899 0.301151 250 250 255
-56.6695 22.0343 34.3158 1.15494 0.100301 -3.08029 0 -0.802839 0.403446 191 191 255
-51.2555 10.8249 5.09937 -0.727345 -0.389262 -0.140836 0 -0.833623 -0.407472 255 223 223
-49.98 22.1345 -3.81787 0.196821 0 -3.5 0 -0.165129 0.689636 14 14 254
-49.1903 38.5578 15.3605 -0.981086 -0.605576 0.205877 0 -0.52136 0.853243 23 23 255
-45.8833 30.573 0.17275 -0.271202 -0.131431 -2.66283 0 0.880404 0.283459 25 25 255
-60.8242 26.4172 32.5592 -0.0186696 0 1.8 0 -0.924673 0.0982934 114 114 255
-55.8911 15.1205 12.5204 0.113604 0 -3.5 0 -0.620427 -0.0477495 52 52 255
-45.7481 12.6921 23.3442 0.0519573 0 3.8 0 -0.561596 -0.783032 255 138 138
-56.914 21.0389 4.08437 -0.0375262 0 4.5 0 -0.651013 0.188376 54 54 255
-56.2885 23.36 4.982 0.0136367 0 4.5 0 -0.813198 0.437427 33 33 255
-51.0633 34.0091 0.650125 -0.357247 0 -3.5 0 -0.453298 0.887812 7 7 255
-43.488 11.9794 41.6051 0.841814 0.494534 -0.7 0 -0.32972 -0.730188 244 244 255
-41.4757 36.2394 36.1084 -1.75101 -0.630054 -3.5 0 -0.0900865 0.72739 98 98 255
-41.931 0.519375 18.424 0.429585 0.672657 -0.8 0 0.328934 -0.944262 110 110 254
-38.012 11.1625 -2.0665 0.0431002 0 1.8 0 0.700661 -0.195445 255 129 129
-55.5955 28.977 21.3895 0.659099 0.285435 1.8 0 -0.610426 0.367843 160 160 255
-42.2973 1.58212 21.146 -0.0146782 0 1.8 0 -0.453095 -0.610666 174 174 255
-43.7505 39.3517 8.68563 0.371745 0.792353 -1.3 0 -0.55881 0.610235 42 42 255
-45.5095 7.4855 14.4952 -0.193232 0 -1.3 0 -0.731233 -0.520834 60 60 255
-58.2384 19.477 13.6619 0.0148362 0 -0.7 0 -0.872844 -0.252453 59 59 255
-46.8824 6.48025 13.294 -0.279256 0 -1.3 0 -0.587531 -0.129651 84 84 254
-47.6711 36.8918 11.0511 0.0681096 0 -2.18147 0 -0.0412341 0.499189 6 6 255
-38.8066 27.555 28.7756 -0.120463 0 -0.9 0 -0.151199 0.22093 255 36 36
-37.5171 23.1234 26.0818 0.18692 0 -3.2 1 0.786204 0.505789 255 16 16
-52.3671 28.4861 0.518 -0.0337811 0 -0.4 0 -0.764888 0.0750978 7 7 255
-35.1823 12.0192 2.82212 0.72175 0.553472 1.8 0 0.890404 -0.398081 69 69 255
-51.4435 31.418 19.7545 -0.526137 -0.332983 -2.6 0 -0.957769 0.279283 255 199 199
-58.6539 16.5923 34.122 0.330135 -0.0125886 -3.5 0 -0.809108 -0.569274 96 96 255
-39.1283 27.0767 24.2465 0.0658144 0 -0.9 0 0.0973243 0.93015 255 58 58
-45.804 4.35475 9.35338 -0.0183046 0 -1.6 0 -0.201781 -0.22304 255 224 224
-43.4026 4.80613 22.1885 -0.641805 0 0.277688 0 -0.677331 -0.413582 137 137 255
-40.6594 41.1029 24.4884 -0.335032 0 2.8 1 0.337359 0.776189 255 27 27
-54.086 27.352 38.7682 -0.895361 -0.48072 -0.7 0 -0.408314 0.648445 76 76 255
-48.664 39.8307 28.902 1.02253 0 -4.5 0 -0.12484 0.757789 24 24 255
-36.2806 16.057 7.07237 -1.92308 -0.45581 -3.5 0 0.519051 -0.227863 215 215 255
-42.4615 41.5956 17.3713 -1.87291 -0.345926 -0.4 0 -0.31703 0.947376 255 25 25
-42.057 28.4829 44.7974 -0.0701166 0 3.8 0 0.392216 -0.228793 92 92 255
-46.2204 27.2236 25.0993 0.100308 0 1.26906 0 -0.0148356 -0.113796 255 59 59
-37.626 29.522 3.952 -1.49544 -0 -3.5 0 0.635986 0.306553 255 59 59
-54.0522 14.3182 39.2853 0.0714897 0 1.8 0 -0.035195 -0.385858 94 94 255
-37.9282 38.5093 13.9473 -1.56076 -0.169344 -3.5 1 0.481574 0.224399 255 26 26
-47.3322 5.47937 12.88 0.277772 -0.0606855 -1.6 0 -0.849755 0.231042 114 114 254
-52.8056 22.3624 40.8199 1.2901 0 -3.9 0 -0.461619 -0.77785 51 51 255
-48.3187 7.719 37.0644 0.088622 -0.0229596 -3.5 0 0.0272992 -0.997261 64 64 255
-38.3291 8.992 23.1099 -0.678942 0 -0.7 0 0.858473 -0.0299461 232 232 255
-42.4439 40.989 23.0317 0.0888112 0 2.8 0 -0.565225 0.793138 255 18 18
-31.336 25.1741 2.84288 0.0656447 0 -0.4 0 0.80171 -0.319337 255 32 32
-43.5677 0.157312 16.4359 -0.19089 0 -0.8 0 -0.117965 -0.990877 24 24 255
-40.0672 24.9552 13.5542 0.542489 0.852817 -0.7 1 0.805917 -0.038174 255 61 61
-44.9866 40.1995 20.5275 -0.342324 0.240488 -0.4 0 0.02477 0.995831 255 31 31
-50.8131 19.8436 21.4569 0.0667372 0 -0.7 0 -0.913059 -0.0712937 255 82 82
-45.5668 10.2906 -1.93872 -0.0842119 0 -3.5 0 -0.681836 0.273653 64 64 255
-51.5141 12.6614 28.0466 1.48573 0 -4.5 0 -0.67845 -0.729912 255 165 165
-55.3493 28.4013 37.4441 -0.0852491 0 -0.7 0 -0.126208 0.623372 124 124 255
-44.7944 6.53181 22.8748 -0.338952 0 4.2 0 -0.463852 -0.738482 201 201 255
-45.12 8.4175 6.537 0.34148 0 -3.9 0 0.266223 -0.962901 164 164 255
-57.5379 20.2072 4.69906 -0.0777513 0 3.52231 0 -0.329168 -0.317831 65 65 255
-44.7878 39.7207 17.3904 0.662264 0 -0.371351 0 -0.247658 0.936903 255 55 55
-42.5325 33.4336 6.4295 0.374941 0 -4.5 0 -0.0672942 -0.385838 163 163 255
-40.2535 29.2295 20.362 -1.57106 -0.383835 -3.5 1 0.774203 0.413708 255 24 24
-39.3725 17.6101 9.86744 -0.444332 -0.715599 -0.721306 0 0.688129 -0.558995 255 173 173
-49.2293 40.0218 32.0662 0.405944 0 -4.5 0 -0.239646 0.92527 3 3 255
-35.2065 18.03 28.729 -0.242184 0 -0.9 0 0.813508 0.141294 255 94 94
-51.894 12.5304 1.6975 -0.797595 0 -3.5 0 -0.289509 -0.774556 118 118 255
-42.2379 41.12 20.0243 -0.0258239 0 -0.4 0 -0.0582033 0.98077 255 9 9
-47.6019 40.2993 20.6397 -0.443645 0 -0.7 0 0.0792872 0.982322 255 191 191
-57.447 21.6926 29.9485 0.0262722 -0.0915894 -2.8996 0 -0.87892 -0.380531 164 164 255
-37.3541 28.7026 34.6646 -1.28207 0 -3.5 0 0.989021 0.072826 251 251 255
-56.447 13.6724 8.52656 -0.301571 0 -3.5 0 -0.105353 -0.393014 42 42 255
-54.0723 23.5689 -0.371437 -0.235568 0 -3.5 0 -0.380766 0.656509 16 16 255
-50.9638 20.6955 22.2352 0.561068 0 -0.7 0 -0.967912 -0.241268 255 91 91
-33.527 24.2991 32.2805 0.632474 0 -4.5 0 0.72676 -0.444066 255 126 126
-48.6 14.9421 40.4154 -0.105948 -0.239685 0.900643 0 -0.634528 -0.323894 255 210 210
-49.1382 7.15688 32.8531 0.216521 0 -0.7 0 -0.681811 -0.502614 23 23 255
-51.6671 32.6354 19.1238 -0.836134 0 -2.26758 0 -0.940639 -0.318034 108 108 255
-57.141 33.4854 5.07013 0.654337 0 -0.4 0 -0.788181 0.513326 75 75 255
-39.3066 9.37119 31.9336 -0.891048 -0.0281715 -2.62823 0 0.775597 -0.365153 63 63 255
-40.1102 20.1817 24.0927 -1.01315 0.0733038 -1.01575 1 0.914378 0.0121683 255 30 30
-43.5396 32.4145 24.8932 0.139304 0 -1.3 1 0.977932 0.175727 255 35 35
-41.6205 32.5658 37.8877 0.402755 0 2.1213 0 0.61026 0.172999 255 250 250
-51.8725 38.6485 31.3019 0.198024 0.104636 -4.5 0 -0.706717 0.70028 9 9 255
-54.7272 21.397 29.5915 0.296926 -0.174512 -3.5 0 0.149863 -0.225578 113 113 255
-44.8013 27.6842 24.4172 0.155295 -0.799986 -0.822472 0 0.0737122 -0.453422 255 36 36
-47.728 4.65675 14.1073 -0.946529 -0.722313 -1.6 0 -0.804123 0.568407 47 47 255
-56.9271 17.3517 35.6761 -0.0455504 -0.526186 -3.5 0 -0.407204 -0.0200419 83 83 255
-51.1256 38.8834 21.0451 -0.363565 0 -0.7 0 -0.781237 0.0798654 25 25 255
-46.2039 32.3636 5.97213 -0.272228 0 -3.5 0 -0.0323965 0.887182 12 12 255
-55.1257 32.7856 37.7528 -0.105228 0 4.2 0 -0.359626 -0.403174 117 117 254
-37.3886 9.751 26.7804 0.13893 0 -0.7 0 0.769805 -0.555592 136 136 255
-38.7076 41.4891 17.0804 -1.6997 0 -3.5 1 -0.447178 0.779189 255 8 8
-41.3683 19.2735 10.9631 -0.046973 0 -0.558755 0 0.565793 -0.050479 255 121 121
-48.1217 31.6396 -1.77772 -0.144927 0 -3.5 0 0.250645 -0.0304895 14 14 255
-40.9511 8.2535 5.71712 -0.224731 -0.605759 -0.7 0 0.309636 -0.807762 56 56 255
-38.6036 8.8645 21.9648 -1.34217 -0.702948 -0.4 0 0.998604 -0.0226478 255 189 189
-38.5223 8.30375 5.03275 -0.326131 0 -0.8 0 -0.168958 -0.984661 86 86 255
-52.7789 14.6809 26.5799 0.693178 0 -4.5 0 -0.729022 -0.512113 255 200 200
-49.99 11.9634 38.5255 0.44145 0 -3.5 0 -0.232244 0.278227 157 157 255
-37.0855 29.6574 9.50806 -0.314167 0 2.8 1 0.507918 0.842946 255 12 12
-48.0499 6.433 12.3221 -0.327105 0 -1.3 0 -0.692434 -0.390163 155 155 255
-39.7018 40.7525 18.0763 -0.459976 0 -1.83061 1 0.0950448 0.928537 255 6 6
-46.3774 9.55087 -1.17938 0.041175 0 -3.5 0 -0.822479 0.101994 50 50 255
-44.7606 26.4104 1.88538 0.409367 0 2.5 0 0.486832 -0.457077 28 28 255
-41.2147 7.883 13.2343 -0.194368 -0.130469 -1.3 0 0.509821 -0.0182923 103 103 255
-39.8807 3.831 13.6494 -0.0854021 0 1.8 0 0.440193 -0.575729 57 57 255
-43.3335 24.5495 45.0486 -0.554167 -0.179552 -3.5 0 -0.118822 0.142883 50 50 255
-37.4045 24.9084 11.3383 -0.238924 0 2.8 1 0.506454 -0.500923 255 22 22
-31.887 24.414 2.426 0.718439 0 -0.4 0 0.746664 -0.630228 255 71 71
-51.6613 36.126 16.8017 -1.15908 0 -3.2 0 -0.880743 0.468925 14 14 255
-45.1005 25.0034 1.71781 0.0535321 0 3.64317 0 0.786654 0.207363 33 33 255
-36.995 23.9896 10.5244 -0.0672297 0 2.8 1 0.406322 -0.562169 255 23 23
-44.226 9.8885 25.0475 0.682632 0.420249 -0.4 0 -0.600075 0.788962 255 155 155
-33.7476 21.3298 7.48838 -0.231025 0 -0.4 0 0.562721 -0.201468 255 19 19
-54.1351 29.3264 16.1513 0.0675562 -0.213559 1.64933 0 -0.426268 0.893858 234 234 255
-44.4926 34.3469 19.964 0.932469 0 -3.9 1 0.896134 0.208352 255 43 43
-36.3052 12.208 15.1255 0.0353914 -0.00516705 -1.3 0 0.945558 0.323052 201 201 255
-41.8792 19.0585 0.982 0.418875 0 -4.5 0 0.264473 0.754634 215 215 255
-56.1579 32.6508 37.0467 -0.130614 0 4.2 0 -0.602609 -0.384329 82 82 255
-48.2659 7.16962 19.1526 -0.0781002 0 -0.7 0 -0.936221 0.308093 96 96 255
-40.3758 36.0041 16.8564 0.457619 0 -1.3 1 0.169822 -0.285856 255 15 15
-54.1358 32.2294 23.4071 0.00806316 0 -1.3 0 -0.590312 0.801685 101 101 255
-40.1945 12.9749 11.1515 -3.04945 -0.629296 -3.5 0 0.884799 0.44328 122 122 255
-44.77 17.5775 -0.5685 0.34175 0 -4.5 0 0.174911 0.149996 101 101 255
-40.6201 22.3375 23.7489 -0.200836 -0.317429 -0.863481 1 0.71435 -0.266961 255 23 23
-52.1239 19.7128 28.8857 0.466967 0 3.26193 0 -0.753597 0.212557 97 97 255
-34.8932 16.421 4.20925 -1.63552 0 -3.5 0 0.992552 0.115819 193 193 255
-36.7529 20.9713 28.7366 -0.373558 0 -0.9 1 0.665094 0.293232 255 71 71
-51.7139 11.4108 37.1116 0.255863 0 -3.5 0 -0.906151 -0.305457 144 144 255
-52.5814 37.3577 19.867 -0.260208 0 -0.752244 0 -0.76627 0.63781 11 11 255
-40.8408 21.3948 23.2325 0.593744 -0.172501 -0.8 1 0.779918 0.121584 255 32 32
-45.7795 0.97375 12.7008 0.0486578 0 -1.6 0 0.0238737 -0.887508 13 13 255
-48.5289 39.2811 13.5173 0.158714 0 1.8 0 -0.750282 0.656427 14 14 255
-48.3559 8.50412 19.3165 -0.222382 0 -1.3 0 -0.853772 -0.43365 70 70 255
-49.184 15.6875 24.2156 0.648846 0 -1.08449 0 -0.578819 -0.48003 255 94 94
-44.7844 34.5238 18.6973 0.111032 0 -3.44409 1 0.98949 -0.108964 255 61 61
-52.0966 35.0073 23.4281 0.485176 0.286405 -0.8 0 -0.894497 0.309991 32 32 255
-39.3387 35.4615 10.492 -0.0923091 0 -1.3 1 0.822707 0.546088 255 87 87
-36.5538 15.6702 1.43663 -0.272515 0 1.54832 0 -0.0447531 0.834207 255 237 237
-51.2865 16.67 14.87 1.69646 0 -3.9 0 -0.707027 -0.476489 37 37 255
-49.8031 17.1193 22.3066 0.464621 0.342108 -0.7 0 -0.629064 -0.770108 255 112 112
-33.8279 26.7558 2.47575 -0.319506 0 -0.4 0 -0.219413 0.672174 255 40 40
-58.3493 22.7744 8.96531 -0.43659 -0.942273 -3.5 0 -0.707474 0.677787 30 30 255
-40.4968 31.8022 15.5142 -0.102739 0 -1.3 1 0.591266 -0.170518 255 37 37
-52.6289 21.7395 40.0492 0.136003 0 -2.27797 0 -0.711318 -0.548292 45 45 254
-39.132 21.7856 11.1631 -0.180467 0 -0.7 0 0.918546 -0.203774 255 108 108
-38.7293 28.8499 39.8964 0.292191 0 -3.5 0 0.538587 -0.0896353 128 128 255
-48.997 24.517 -1.938 -0.13494 0 1.8 0 -0.381182 -0.363415 8 8 255
-56.3278 14.0391 11.9591 0.260308 0 -3.5 0 -0.412288 -0.211441 42 42 255
-43.8076 7.39375 8.00663 -0.0848018 0 -0.7 0 0.051497 -0.785532 153 153 255
-46.0021 10.8093 38.7093 0.657431 0 1.9 0 0.15604 -0.538652 220 220 255
-38.9799 14.5086 22.2943 -0.124067 0 -0.7 0 0.53539 0.79894 255 189 189
-41.2836 18.0789 12.8761 0.336523 0.801372 -0.8 0 0.862685 0.501884 255 91 91
-50.9565 35.7898 34.25 -0.40472 0 -3.5 0 0.761477 0.105263 22 22 255
-41.6333 20.7101 43.3146 -0.198092 -0.522421 -3.5 0 0.919428 -0.170073 64 64 255
-57.5954 21.7076 12.4738 0.441115 -0.136091 -1.13137 0 -0.989621 -0.143546 73 73 254
-48.9318 33.5296 36.6701 -1.84862 0 -3.5 0 -0.242587 0.782717 9 9 255
-40.5334 25.9239 1.14163 0.248294 0.0609003 -1.21746 0 -0.29497 0.178223 97 97 255
-31.1689 24.9729 4.11744 -0.031665 -0.220557 -0.4 0 0.865436 -0.467402 255 23 23
-45.2283 20.3391 44.5343 0.252948 0 -3.5 0 0.304587 0.118509 18 18 255
-32.236 27.7085 4.79725 0.626306 0 -0.418379 0 0.643767 0.751384 255 5 5
-35.999 18.2843 32.3621 0.239142 0 -0.4 0 0.846678 0.0561563 197 197 255
-38.4434 19.3681 37.5666 1.17025 0 -3.9 0 0.962875 -0.176526 38 38 255
-48.9931 9.9 31.026 0.833923 0 -0.7 0 -0.442919 -0.655336 86 86 255
-44.0861 36.2601 33.4259 -0.280499 0 -4.5 0 0.196039 0.887138 42 42 255
-44.4128 30.4786 44.5192 -0.0340828 0 4.11986 0 0.0403812 -0.0682979 68 68 255
-49.8414 8.09219 33.2197 0.836457 0 -0.7 0 -0.599924 -0.66495 45 45 255
-36.6012 18.7646 33.7236 1.08559 0.273564 -2.29864 0 0.916356 0.0466357 146 146 255
-39.7926 14.7234 9.23925 -0.387538 0 2.8 0 0.78547 0.106313 70 70 255
-59.4697 24.5301 29.7698 0.00211223 -0.879642 -0.8 0 -0.799482 -0.572747 255 242 242
-47.052 17.3876 -1.30675 0.421899 0 -3.5 0 0.764268 0.113299 37 37 255
-47.1396 10.7163 21.0338 -0.27551 0 4.2 0 -0.39303 0.145801 225 225 255
-43.4077 32.0679 7.00787 0.443363 0 -4.5 0 0.210421 -0.279898 218 218 255
-46.8309 28.3279 24.8995 0.557916 0 2.8 0 -0.0863218 -0.416225 255 69 69
-53.2934 16.7882 13.1207 0.0367035 0.745685 -3.85513 0 -0.524298 -0.480515 62 62 255
-50.33 37.215 24.6898 -0.366756 -0.372146 -0.8 0 -0.719515 0.686674 78 78 255
-60.2137 23.8274 27.5251 -0.396362 0 -0.8 0 -0.782616 -0.620686 255 243 243
-40.1713 15.1378 41.5385 0.0975107 0 -0.7 0 0.963278 0.170534 80 80 255
-38.9338 38.1419 19.0092 0.645118 0.311294 -3.5 1 0.374468 -0.713215 255 8 8
-53.2549 17.8413 28.9304 0.417423 0 3.8 0 -0.759366 0.347585 129 129 255
-42.127 23.6357 45.2141 0.169172 0 -3.5 0 0.22234 -0.0469905 50 50 255
-39.1476 31.213 7.00275 -1.46224 -0.78989 -3.5 1 0.813464 0.57918 255 73 73
-51.2561 18.4535 40.8605 -0.0286084 0 -0.7 0 -0.372967 -0.120374 105 105 255
-40.4873 16.2383 0.78875 0.311575 0 -4.5 0 0.520845 0.397503 255 151 151
-44.8416 6.42375 0.442875 -1.60074 -0.0177919 -3.5 0 -0.437047 -0.545485 114 114 255
-50.1526 18.8193 -4.82487 0.10581 0 -3.5 0 -0.239232 -0.00329113 42 42 255
-56.7022 32.6143 6.3915 0.264367 -0.142713 1.06684 0 -0.716048 -0.037498 60 60 255
-47.6258 19.2219 19.6366 -0.188236 0 -0.7 0 -0.39371 -0.221539 255 128 128
-39.9666 30.7824 30.9067 -0.209858 0 -0.9 0 -0.088285 0.508292 255 176 176
-47.3689 25.0958 21.2404 0.221419 0 -3.5 0 0.57983 0.416511 255 40 40
-36.1712 13.2397 34.0792 -0.256154 -0.0839184 2.60467 0 0.936303 -0.298968 33 33 255
-55.6225 23.9245 17.2284 0.470997 0 2.36272 0 -0.910429 0.0777209 255 205 205
-40.98 38.3493 10.3136 -0.986727 -0.192831 -1.3 0 0.695948 0.624262 255 194 194
-37.1258 12.1635 17.5863 -0.0644346 0 -1.3 0 0.635646 -0.0226842 255 88 88
-57.332 30.5834 30.9995 0.122352 0 -1.6 0 -0.58999 0.778548 226 226 255
-43.0682 31.9877 21.871 2.58715 0 -3.9 1 0.973612 0.00429035 255 27 27
-40.5247 27.7481 13.3735 -0.137875 0 -2.42157 1 0.890453 0.0772745 255 35 35
-41.2686 19.9685 42.0952 0.777264 -0.101758 -3.69678 0 0.826132 -0.253245 86 86 255
-57.7993 20.3578 13.1189 0.594762 0 -1.02864 0 -0.971697 0.0995251 59 59 255
-39.983 23.7029 40.5197 0.488744 0 1.48435 0 0.96688 -0.0425792 38 38 255
-45.0682 6.5425 26.2276 -0.176725 0 -3.5 0 -0.794133 -0.47817 225 225 255
-53.5189 18.2757 2.01662 -0.134275 0 -3.5 0 -0.992247 0.0117213 151 151 255
-40.5505 30.3781 14.5781 -0.315412 0 -1.3 1 0.939335 -0.252155 255 34 34
-44.9056 34.2959 7.342 0.664744 0 -4.5 0 -0.613766 0.597816 20 20 255
-54.4048 14.3383 1.052 0.39404 0 -3.5 0 -0.482991 -0.210269 129 129 255
-54.2339 28.7724 20.456 0.812029 0 1.8 0 -0.444563 0.743588 235 235 255
-47.7351 4.7765 16.9369 -0.210709 0 -0.768538 0 -0.670531 0.17978 29 29 255
-44.8322 10.8497 38.1735 0.898448 0 1.9 0 0.280991 -0.606055 170 170 255
-52.1283 24.9368 42.1283 1.10526 0 -3.9 0 -0.223294 0.198265 77 77 255
-58.4232 28.5869 28.9622 -0.281217 0 -0.8 0 -0.276007 0.945671 51 51 255
-57.176 19.9646 30.0522 -1.09528 -0.0311283 -3.5 0 -0.653302 -0.306824 108 108 255
-47.478 23.1976 45.1814 0.113955 0 1.29315 0 0.181987 -0.445893 13 13 255
-38.6143 6.8865 12.6812 -1.79317 -0.0193211 -1.6 0 0.106724 -0.024124 119 119 254
-52.4295 20.175 -3.0375 -2.02756 -0.614898 -3.5 0 -0.162231 -0.0688394 23 23 255
-48.5164 15.2876 22.397 -0.1254 0 3.8 0 -0.941747 -0.30481 255 110 110
-42.0213 2.34612 14.0062 -1.10759 -0.654872 1.8 0 0.398595 -0.7858 37 37 255
-38.1095 14.9606 26.8 0.0684071 0 -0.9 0 0.442104 -0.236019 197 197 255
-40.1241 26.9659 18.4135 -0.458577 -0.303065 -1.3 1 0.899461 -0.428597 255 14 14
-40.5155 15.2799 14.2269 -0.957342 0 -0.8 0 0.929597 0.354672 255 158 158
-42.8024 32.8792 27.8176 0.143354 0 -1.3 0 0.994809 0.10095 255 67 67
-37.9863 25.345 35.8063 0.743416 0.41395 -3.73932 0 0.756592 0.0441303 156 156 255
-31.2375 26.7283 6.67312 -0.378074 0 -0.8 0 0.943599 0.317831 255 5 5
-31.9967 26.2132 29.676 0.632253 0.054025 -4.5 0 0.917087 -0.116674 255 28 28
-44.3785 10.1888 23.2985 0.164703 0 4.2 0 -0.531107 0.443591 255 171 171
-47.3561 8.10031 13.6369 -0.0937264 0 -1.3 0 -0.552354 -0.204042 71 71 255
-36.2062 29.8638 30.037 -0.248818 0 -0.9 0 0.246038 0.444186 255 66 66
-49.0463 26.9426 -2.89669 -0.0653904 0 1.8 0 -0.172258 -0.0310198 59 59 255
-48.1043 3.44488 20.1055 -0.315177 -0.549543 -0.7 0 -0.586623 -0.794544 120 120 255
-55.3177 28.4559 4.77769 2.30345 0 -3.9 0 -0.198198 -0.328321 63 63 255
-51.6818 29.1633 38.3594 -1.25454 0 3.14179 0 -0.757792 0.603327 91 91 255
-40.3607 28.1613 1.69387 -0.116458 0 -3.5 0 0.223033 0.359747 111 111 255
-46.6584 34.0475 8.72969 -0.178632 0 -4.5 0 -0.216908 0.665588 4 4 255
-31.328 26.879 8.55775 -0.231071 0 -0.8 0 0.873201 -0.137485 255 8 8
-36.6196 28.8714 5.7815 -1.34144 -0.0190836 -3.5 0 0.885595 0.250282 255 25 25
-40.3224 23.2154 13.2199 0.0571313 0 -0.7 0 0.593142 -0.0267338 255 177 177
-36.3338 13.0196 28.7358 0.279182 0 -3.5 0 0.749794 0.125505 154 154 255
-35.5835 28.7085 32.6562 0.115203 0 -3.72329 0 0.177782 0.182287 255 132 132
-56.0605 30.6456 29.9729 0.321574 0 -1.6 0 -0.343865 0.742676 220 220 255
-56.1128 24.5872 38.9834 1.69892 0 -3.9 0 -0.920836 -0.0207552 42 42 255
-44.9229 0.776375 15.6634 -0.129982 0 -0.8 0 -0.44508 -0.88379 26 26 255
-56.0394 30.2536 9.00488 0.426317 0 -1.98447 0 -0.818818 0.408841 74 74 255
-42.1716 18.0989 -0.110937 0.794118 0 -4.5 0 0.286749 0.467075 255 236 236
-37.228 21.3244 27.8946 -0.0939244 0 -3.2 1 0.982216 -0.043699 255 33 33
-47.764 13.1196 21.0777 -0.904549 0 -3.5 0 -0.196215 -0.51358 255 71 71
-40.7715 36.0488 32.8415 -1.85525 -0.561394 -3.5 0 0.414081 0.712079 165 165 255
-58.4201 20.6488 32.0779 0.549734 0 -3.5 0 -0.874131 0.337951 192 192 255
-41.8644 22.2039 19.7805 -0.302858 0 -0.853644 1 0.992399 0.101141 255 30 30
-37.0194 12.6403 27.6698 0.0843245 0 -3.5 0 0.782042 0.231792 127 127 255
-50.1206 40.8442 19.7412 0.264847 0 -0.7 0 -0.089873 0.985622 47 47 255
-42.3402 30.9685 41.2951 -0.488004 0 3.8 0 0.779559 0.626183 132 132 255
-42.8681 11.6585 40.2737 0.0783736 -0.331446 -0.7 0 -0.0856092 -0.991407 199 199 255
-37.2438 28.9461 33.6927 -0.463415 0 -2.69203 0 0.833318 -0.115159 255 185 185
-36.0726 22.4456 8.88456 -0.1685 0 2.8 1 0.164528 -0.4426 255 39 39
-42.8715 11.4175 23.5645 -0.362626 0 4.2 0 -0.713121 0.395658 255 207 207
-41.4477 18.7377 15.1519 -0.140618 0 -0.8 0 0.966672 0.254683 255 49 49
-57.897 22.144 32.1065 0.364868 0 -0.4 0 -0.969298 0.104269 213 213 255
-46.4274 32.4225 0.198188 -0.436195 -0.0448916 -3.5 0 0.768587 0.448889 23 23 255
-49.6959 31.9697 37.3202 -1.31422 -0.139173 -3.5 0 -0.159912 0.470826 7 7 255
-54.8302 25.7645 19.8557 0.2102 0 3.8 0 -0.912663 0.18621 255 116 116
-47.5381 5.06213 9.65012 -0.144499 0 -1.44321 0 -0.608235 -0.507154 255 151 151
-47.2579 9.97719 28.443 0.331787 0 -0.4 0 -0.911437 -0.280659 145 145 255
-54.6859 35.2586 36.8531 -0.384737 0 4.2 0 -0.327917 0.735308 30 30 255
-46.4536 13.0519 24.9546 0.289632 0 3.8 0 -0.201346 -0.961985 255 180 180
-54.9298 20.4988 2.16869 0.0390756 0 -2.18067 0 -0.76616 -0.541813 88 88 255
-47.8948 32.8169 3.34644 -0.456851 -0.148261 -3.5 0 0.134079 0.982084 8 8 255
-46.6009 31.7962 44.8003 -0.12608 0 4.2 0 -0.397804 0.151717 154 154 255
-40.9889 23.9706 13.9686 0.291942 0.0538944 -0.7 1 0.69678 -0.16283 255 94 94
-41.142 17.5791 23.4889 -0.115884 0 -0.8 1 0.763325 -0.553116 255 150 150
-43.9227 36.2453 18.2297 0.106769 0 1.8 1 0.660708 -0.581244 255 38 38
-43.517 4.997 25.8474 -0.487532 0 -3.5 0 -0.634679 -0.766346 227 227 255
-58.2045 17.5251 31.7065 0.423391 0 -3.5 0 -0.800035 -0.368244 100 100 255
-37.7982 17.7609 2.446 -0.176264 0 -3.5 0 -0.156872 0.269389 255 155 155
-49.0083 17.0379 -3.80288 0.118572 0 -3.5 0 0.181623 -0.697919 40 40 255
-39.3117 19.4723 26.0005 -0.701099 0.0054287 -2.2361 1 0.726898 -0.184056 255 15 15
-48.099 33.3186 1.67188 -0.313139 0 -3.5 0 0.10392 0.949563 7 7 255
-40.104 29.1221 29.7835 -0.124271 0 -0.9 0 -0.302329 0.314929 255 67 67
-46.0364 33.5003 7.28487 -0.0311101 0 -4.5 0 -0.434519 0.711391 8 8 255
-57.902 15.7985 9.89175 -1.38305 0 -3.5 0 -0.922572 0.277418 59 59 255
-54.9393 29.7319 21.5954 0.432878 0 1.8 0 -0.265689 0.482589 178 178 255
-49.0137 30.0305 39.5415 0.0671927 0 -0.7 0 -0.451276 0.886149 41 41 255
-36.5967 20.3399 34.5916 -0.309707 0.236913 -3.9 0 0.856652 -0.320454 118 118 255
-42.5095 7.0365 0.734 -1.44643 -0.444377 -3.5 0 0.467037 -0.724076 148 148 255
-37.3815 11.5247 32.2542 -0.135873 0 -3.5 0 0.506213 -0.494258 27 27 255
-35.8919 10.4966 31.6869 -0.0424245 0 -3.5 0 0.487107 -0.201066 43 43 255
-59.444 28.6205 29.8092 -0.813544 -0.0828993 0.198267 0 -0.473055 0.881012 104 104 255
-42.0373 25.0317 27.994 0.289558 0 -3.2 0 -0.0951225 0.985185 255 41 41
-51.014 12.9815 15.7414 0.0768692 0 2.8 0 -0.721467 -0.412857 69 69 255
-51.0785 17.7696 15.8529 1.47046 0.487249 -3.9 0 -0.268447 -0.259006 115 115 255
-34.4554 19.6731 30.3953 0.163131 0 -0.9 0 0.974254 0.22453 255 160 160
-44.3998 2.64344 19.8377 0.251267 0 1.8 0 -0.298285 -0.830716 139 139 255
-44.6937 32.8825 19.1168 0.228493 0 -3.9 1 0.916383 0.00391461 255 37 37
-49.1286 9.7175 39.4227 -0.167022 0 -3.5 0 -0.0829365 0.188435 101 101 255
-35.396 41.1037 15.7619 -1.53177 -0.840932 -3.5 1 0.789147 0.48338 255 6 6
-44.0783 8.2695 6.99319 0.265894 0 -0.7 0 -0.127131 -0.944365 117 117 255
-56.6842 27.0565 7.18425 1.20493 0 -3.9 0 -0.974989 -0.126593 97 97 255
-36.1208 21.4422 2.56113 -0.730816 -0.0163054 -0.4 0 0.118413 -0.517571 255 217 217
-44.9257 23.0501 -0.113375 -0.0899266 0 3.8 0 0.760527 0.514145 33 33 255
-46.5336 29.6682 44.1449 0.222114 0 4.15081 0 -0.233511 -0.218158 93 93 255
-44.6038 31.2156 19.0237 0.186777 0 -3.5 1 0.727056 0.534476 255 36 36
-39.2007 25.9861 28.6476 0.354968 0 -2.63885 0 0.114818 0.365511 255 37 37
-38.4767 36.3694 12.874 -0.145481 0 -1.3 1 0.79471 0.482458 255 51 51
-36.9567 11.3384 36.8908 0.045651 0 4.2 0 0.532755 -0.608826 47 47 255
-33.9491 29.0606 8.79988 -0.411476 0 -0.8 1 -0.271791 0.808223 255 6 6
-48.857 39.1342 16.6256 -0.910475 0 1.8 0 -0.378073 0.903121 33 33 255
-43.1343 36.178 35.9258 -0.663536 0 -3.5 0 -0.290286 0.886095 52 52 255
-44.8621 37.1742 32.9316 -0.141461 0 -4.5 0 0.661421 0.466942 39 39 255
-51.6014 33.0706 36.7817 -0.0137384 0 2.85552 0 0.599021 0.538505 11 11 254
-53.424 12.8652 35.8165 -0.545269 0 1.8 0 -0.715082 -0.64559 100 100 255
-43.3531 30.751 16.9982 -0.228681 0 -2.74135 1 0.144651 0.745367 255 22 22
-53.7021 23.0146 18.6036 0.254856 0 3.8 0 -0.577008 -0.81568 255 55 55
-52.8725 11.0645 34.8985 0.699253 0 1.8 0 -0.547022 -0.393548 180 180 255
-52.7455 33.7439 23.4049 0.0744608 0 -1.3 0 -0.83351 0.542981 43 43 255
-52.546 28.2834 39.1463 -0.523363 0 -0.7 0 -0.728349 0.670448 96 96 255
-55.3945 30.393 3.73513 1.14311 0 1.8 0 0.156749 -0.721078 44 44 255
-39.9975 4.62525 22.779 0.0385494 0 -0.4 0 0.65034 -0.705769 194 194 255
-47.5378 7.2805 4.49925 0.807895 0 -3.9 0 0.086853 -0.977604 202 202 255
-53.798 32.167 31.1321 -0.39171 0 3.47366 0 -0.222329 0.489273 69 69 254
-56.6111 29.0236 25.2411 -0.362815 0 0.97506 0 -0.964858 0.251656 162 162 255
-41.2394 29.7741 5.68969 -2.03698 -0.238475 -3.5 0 -0.763058 0.634703 255 168 168
-50.0433 25.1952 -0.786563 -0.102498 0 1.8 0 -0.653634 -0.316202 14 14 255
-58.2405 23.2527 31.9316 0.344271 0 -0.0931566 0 -0.768204 -0.596035 240 240 255
-53.3965 31.4779 0.4085 -1.63832 -0.651594 -3.5 0 -0.636817 -0.181882 12 12 255
-51.0925 16.9653 -0.9385 0.739492 0 -3.5 0 -0.811302 -0.420914 79 79 255
-39.7388 35.98 8.99544 -0.10736 0 -3.07689 1 0.813138 0.576843 255 172 172
-53.4571 28.6864 3.6775 0.334079 0.0691594 -1.06612 0 -0.890505 -0.0620316 16 16 255
-47.0564 2.0175 13.1012 0.287255 0 -1.6 0 -0.48478 -0.812748 22 22 254
-53.1605 33.3765 24.3897 0.0105176 0 -1.3 0 -0.750487 0.647081 51 51 255
-49.8234 38.1523 12.0319 0.563695 0 -1.31571 0 -0.404481 0.738985 5 5 255
-37.9195 15.916 2.0525 -0.24429 0 -3.5 0 0.0740933 0.663772 255 208 208
-56.4079 29.6877 7.75694 0.798994 0 -3.9 0 -0.816095 0.552412 115 115 255
-36.6199 16.4695 2.06838 -0.464765 0 -3.5 0 0.0177496 0.321763 255 232 232
-50.5913 13.4663 38.0332 -0.0307047 -0.455083 -3.5 0 -0.20731 -0.0595991 174 174 255
-47.5339 17.0191 18.6151 -0.481784 0 -3.5 0 -0.6246 0.760345 255 117 117
-53.6799 33.3315 10.3977 0.168513 0 4.2 0 -0.659183 0.56922 11 11 255
-44.9469 16.6112 42.9992 -1.22889 -0.559655 -3.5 0 0.0116876 -0.460976 255 237 237
-35.2272 15.17 32.1625 -1.06968 -0.0424935 -3.5 0 0.996988 0.0644921 136 136 255
-35.7224 22.5658 30.1203 0.639207 0 -4.5 1 0.577239 -0.0369605 255 68 68
-52.0177 35.638 11.1939 0.310831 0 3.10685 0 -0.865264 0.488834 4 4 255
-54.5684 30.11 13.8126 0.802881 0 -0.7 0 -0.209272 0.767837 39 39 255
-35.4769 13.3926 3.80975 -0.501745 0 0.696266 0 0.808744 -0.37073 78 78 255
-40.7564 26.4864 42.0269 0.20656 0.364815 -0.176979 0 0.973548 0.22036 59 59 255
-47.302 9.67419 0.175125 0.74268 0.00398433 -3.72958 0 -0.528159 -0.15542 49 49 255
-53.7503 30.0269 21.6174 0.0132669 0 2.94957 0 -0.284046 0.559236 255 219 219
-37.6449 39.7301 14.7059 -1.03675 -0.191985 -3.5 1 0.151513 0.189274 255 12 12
-49.2405 12.7767 17.5216 -0.577415 0 2.8 0 -0.857812 -0.454659 193 193 255
-34.3058 29.4012 32.1428 0.156778 0.304997 -1.71442 0 0.405384 0.896708 255 110 110
-46.4309 8.40881 14.6884 -0.158137 0 -1.3 0 -0.811365 -0.52972 54 54 255
-41.5023 12.3879 -5.19 0.0313909 0 1.8 0 0.52623 -0.110135 255 100 100
-46.359 38.6217 28.558 0.0981934 0.00458016 -4.02037 0 0.214802 0.902459 155 155 255
-46.445 8.443 29.723 -0.555971 -0.034648 -0.4 0 -0.663196 -0.748265 63 63 255
-38.3428 9.08788 28.3595 -0.379573 0 -0.751277 0 0.435012 -0.889416 135 135 255
-36.35 38.574 16.9457 -1.01207 -0.323903 -3.5 1 0.678358 -0.734451 255 4 4
-44.5138 21.6624 -0.82625 -0.061172 0 3.8 0 0.907512 0.0221382 62 62 255
-32.59 28.4017 32.9326 0.648469 0 -4.5 0 0.526324 0.689951 255 89 89
-37.7899 12.9585 18.1719 0.163318 0 -1.3 0 0.832953 0.100146 255 53 53
-42.7881 36.3761 5.893 0.369634 0 -4.5 0 -0.48505 0.330344 32 32 255
-40.1574 34.3641 16.8178 0.272649 0 -1.3 1 0.142897 -0.36108 255 20 20
-37.9002 22.4007 -0.139375 -0.150997 0 -0.7 0 0.61295 -0.483929 194 194 255
-51.5809 10.8953 31.0004 0.917886 0 0.732565 0 -0.260749 -0.375325 138 138 255
-43.0966 29.1685 25.4373 0.300276 0 -1.3 0 0.810333 -0.583349 255 32 32
-43.0724 22.1646 2.2855 -0.0501813 0 4.5 0 0.268973 0.28117 73 73 254
-52.406 21.664 26.623 -0.255822 -0 2.5 0 -0.344164 -0.925933 255 177 177
-46.926 10.5473 27.3506 0.358035 0 -0.4 0 -0.803074 -0.0784066 171 171 255
-49.763 17.5802 -4.67575 0.0264677 0 -3.5 0 -0.01147 -0.47735 44 44 255
-52.8203 11.7918 31.3849 0.429259 0 1.8 0 -0.587826 0.147276 108 108 254
-50.5153 37.0545 23.491 0.300775 -0.443865 -0.8 0 -0.803879 0.573754 88 88 255
-56.3221 27.8906 37.7502 -0.0578113 0 -0.7 0 -0.244734 0.577513 108 108 254
-35.8951 12.0627 0.413063 0.172332 0 1.8 0 0.410694 -0.639212 192 192 255
-52.145 39.5246 18.9295 -0.0611774 0 -0.7 0 -0.957069 0.212318 9 9 255
-46.795 7.01644 7.17863 0.00142324 0 -1.41208 0 -0.0189247 -0.882762 255 205 205
-44.8085 30.9072 4.96725 -0.868756 0 -3.5 0 0.771908 0.628432 72 72 255
-45.423 9.721 26.0459 0.879301 0 -0.4 0 -0.548438 0.334392 255 244 244
-37.9164 30.7766 30.3255 -0.507219 0 -0.9 0 -0.0159512 0.454774 255 111 111
-55.318 25.885 17.5694 0.187974 0 3.8 0 -0.971863 0.152036 255 217 217
-40.4094 38.1903 26.3732 -0.422967 0 2.8 0 0.67189 0.240904 255 32 32
-41.32 13.889 -3.06947 0.0228442 0 1.8 0 0.455624 0.869056 255 165 165
-52.2156 35.7966 15.3926 -0.474796 0 -3.2 0 -0.898894 0.400935 6 6 255
-44.6671 21.635 44.4043 0.599222 0 -3.5 0 -0.0568727 -0.133394 15 15 255
-40.2074 39.7956 20.8193 -0.0469718 0 2.8 1 0.310001 0.936507 255 10 10
-42.2307 0.820625 15.8542 0.0816723 0 -0.8 0 0.498412 -0.781212 24 24 255
-48.3147 14.5881 23.5773 0.195451 0 3.8 0 -0.857779 -0.477848 255 104 104
-53.6645 29.0294 19.5201 0.00583635 -0.334623 3.8 0 -0.616463 0.775842 255 231 231
-51.2391 38.3607 13.6395 0.179569 0 -3.2 0 -0.551941 0.8274 6 6 255
-42.9857 33.1639 29.4018 0.29087 0 -1.3 0 0.961752 0.131608 255 143 143
-53.5206 26.2685 1.697 0.125811 0 -0.4 0 -0.813273 0.385591 8 8 255
-56.8299 18.3472 5.41444 -0.0148753 0 4.5 0 -0.489133 -0.570846 77 77 255
-52.3597 34.5955 17.0311 -0.312262 0 -3.2 0 -0.984094 0.13456 8 8 255
-36.2042 40.2699 18.2362 -1.36657 -0.118663 -3.5 1 0.489321 0.183316 255 6 6
-51.8769 21.7222 18.5861 0.213952 0 3.70735 0 -0.537295 -0.809318 255 58 58
-57.0835 34.1493 3.44138 1.11186 0 -0.282988 0 -0.372046 0.924904 90 90 255
-41.6679 30.609 42.3074 -0.195783 0 3.8 0 0.571769 0.805794 133 133 255
-56.2695 16.9047 11.8119 -0.42197 -0.765961 -0.953331 0 -0.810607 -0.306771 58 58 255
-34.1717 28.193 30.3442 0.157506 0 -2.56292 0 0.239232 0.761707 255 54 54
-43.0559 2.55631 21.2434 -0.0547418 0 1.8 0 -0.53156 -0.587742 135 135 255
-53.3682 32.6244 22.1621 0.0945405 0 -1.16507 0 -0.856733 0.105565 113 113 255
-58.8745 17.8714 32.7632 0.416326 0 -3.5 0 -0.865803 -0.344337 90 90 254
-47.0229 26.6959 20.5219 0.303963 0 -3.5 0 0.451032 0.0488243 255 64 64
-57.0466 34.0924 1.41944 0.516036 0 1.8 0 -0.296561 0.879644 95 95 255
-46.7115 29.552 22.7716 0.241042 -0.306722 -1.3 0 -0.250027 -0.968045 255 73 73
-53.0052 26.6969 41.0547 0.363503 0 -3.86881 0 -0.765609 0.393663 42 42 255
-50.2546 18.9642 41.301 -0.0587835 0 -0.7 0 -0.709421 -0.276296 159 159 255
-55.6331 31.4237 36.8801 -0.148061 0 4.2 0 -0.52656 -0.423296 167 167 255
-55.1695 24.3002 41.1631 1.98505 0.303257 -3.9 0 -0.721791 -0.055782 34 34 255
-46.9877 7.95237 -0.2735 0.250937 0.0181638 -3.53403 0 -0.685483 -0.41002 54 54 255
-44.6206 0.893625 17.2792 -0.822211 -0.612921 -0.8 0 -0.438868 -0.837189 39 39 255
-37.7774 25.0668 0.519938 -0.665434 0 -0.7 0 0.0537217 0.518375 247 247 255
-59.4909 24.4517 32.5737 0.125543 0 1.8 0 -0.425062 -0.708768 208 208 255
-34.2116 27.4785 5.16906 0.268391 0.206247 -0.8 0 -0.516914 0.806325 255 11 11
-42.38 37.9217 7.51113 -0.136444 0 -1.68406 0 -0.26909 0.57054 44 44 255
-52.8796 12.6619 4.52488 -0.1305 0 1.63114 0 -0.403278 -0.853176 226 226 255
-37.8104 20.5678 36.2567 0.320551 -0.180127 -3.9 0 0.838119 -0.00697867 49 49 255
-46.9566 24.0675 21.812 0.298436 0 -0.9 0 0.193734 0.805715 255 25 25
-40.9283 16.8726 41.0526 -0.107073 -0.0998389 -0.0599763 0 0.869713 0.343593 87 87 255
-48.856 17.9488 19.9608 -0.122801 0 -0.7 0 -0.533108 0.133108 255 125 125
-44.6882 38.6781 27.2403 0.0409636 -0.213599 2.8 0 -0.287588 0.878371 255 189 189
-49.6336 22.4825 44.4602 0.281888 0 -3.5 0 -0.513663 0.570859 48 48 254
-34.3368 23.0697 30.3923 0.641278 0 -4.5 0 0.55571 -0.621435 255 92 92
-39.027 12.7981 25.7436 -0.676294 -0.643754 0.534801 0 0.621662 0.754515 222 222 255
-54.1849 16.13 12.4556 -0.173606 0 -3.5 0 -0.00502783 -0.128459 57 57 255
-37.8695 9.64262 13.7099 -0.50117 0 -1.3 0 0.408105 -0.38292 80 80 255
-50.4001 16.3978 -2.98406 0.14744 0 -3.5 0 -0.421444 -0.769018 34 34 255
-57.7949 22.482 6.0425 -0.490003 -0.251292 -1.42785 0 -0.300603 0.685482 35 35 255
-39.8425 41.2351 16.1087 -0.613239 0 -3.5 0 -0.406847 0.8918 255 14 14
-33.0374 26.4702 28.7658 0.576527 0.00405081 -4.5 0 0.223946 0.0451211 255 27 27
-57.0659 28.595 12.9922 0.87361 0.398983 0.459804 0 -0.653084 0.645564 48 48 255
-45.685 5.96375 16.6124 -0.944816 -0.0548626 -0.8 0 -0.829034 0.322603 45 45 255
-52.3706 13.4016 38.0682 0.0964511 0 -1.13232 0 -0.0309535 -0.655874 111 111 255
-52.4608 20.0214 39.768 -0.807561 -0.288474 -0.7 0 -0.673773 0.122108 43 43 255
-41.7127 9.1775 4.0845 0.0126294 0 1.8 0 0.324843 -0.864385 89 89 254
-48.1086 24.4154 22.6689 0.570333 -0.215846 -0.718546 0 0.842536 0.50334 255 31 31
-32.678 20.4083 5.79063 -0.0428358 0 -0.4 0 0.834872 -0.536122 255 53 53
-43.9082 34.6357 16.5256 0.183299 0 0.751333 1 0.501872 -0.250943 255 47 47
-55.0794 14.32 5.18881 0.206042 0 1.9 0 -0.739057 -0.672298 103 103 255
-49.5187 9.38625 12.3476 0.119889 0 -1.3 0 -0.748364 -0.378807 132 132 255
-36.7817 11.1597 1.59625 0.969233 0 1.8 0 0.635176 -0.638557 180 180 255
-54.1846 31.5615 22.1316 0.00262051 0 -0.575968 0 -0.263258 0.486291 180 180 255
-59.2815 20.0702 9.70375 0.167456 0 -3.5 0 -0.83769 -0.0228926 42 42 255
-41.3915 34.8645 5.6295 -0.318002 0 -4.5 0 -0.0999503 -0.228868 95 95 254
-37.1771 9.80269 2.12925 0.344865 0.0875382 -0.409859 0 0.780665 -0.368264 128 128 255
-38.67 26.9788 22.9715 -0.0818221 0 -0.9 1 0.651498 0.756231 255 50 50
-47.9854 17.6248 44.0524 -0.013784 0 -3.5 0 -0.0720132 -0.945495 255 191 191
-53.6472 28.8276 37.1255 0.2154 0 -0.7 0 -0.167002 0.554197 176 176 255
-52.7979 13.0265 31.2384 0.341824 0 2.8279 0 -0.674518 -0.385538 118 118 254
-40.5746 26.7993 29.3191 0.349016 0 -0.9 0 -0.423404 0.427771 255 45 45
-42.7849 31.9501 30.358 0.869401 0.600181 -0.8 0 0.734555 0.676716 255 137 137
-58.188 25.9386 35.4434 -0.0206999 0 -0.7 0 -0.782452 -0.613782 136 136 255
-42.7217 26.8652 1.756 -0.322432 0 -3.5 0 -0.196372 -0.600863 33 33 255
-43.917 11.8652 26.2001 0.834347 0 2.8 0 -0.377486 -0.265914 255 238 238
-42.4432 12.098 24.9245 -0.165473 0 2.89858 0 -0.890048 -0.424362 249 249 255
-49.8298 9.9025 11.472 0.373125 0.288281 0.150951 0 -0.778753 -0.524987 168 168 255
-37.77 16.6585 26.4095 -0.246123 0 -0.9 0 0.416783 -0.0184939 255 156 156
-39.8348 14.044 24.042 -0.243106 0 -0.645167 0 0.66707 0.694299 255 220 220
-50.7298 32.7631 3.50413 -1.06688 -0.431222 -3.5 0 -0.337522 0.903776 6 6 254
-45.2806 7.7615 30.7068 -0.310319 0 2.28803 0 -0.645786 -0.71246 18 18 255
-41.4502 16.9496 18.939 0.112644 0.655814 -0.842814 0 0.927013 0.205908 255 181 181
-51.2284 19.0212 22.358 0.458175 -0.44753 -0.7 0 -0.98064 0.170107 255 94 94
-40.0665 15.9752 9.87456 0.0437746 0 2.34189 0 0.892871 -0.252379 150 150 255
-39.3438 32.4921 6.90588 -0.137188 -0.09744 -4.32037 1 0.767948 0.0233799 255 123 123
-48.8969 23.8458 44.4194 1.07317 0 0.535077 0 -0.901144 -0.0791617 54 54 255
-38.6539 23.9277 11.3904 -0.171569 0 1.18709 1 0.713799 -0.42845 255 65 65
-38.3091 7.63538 23.3542 -0.425321 0 -0.649619 0 0.956346 -0.224482 210 210 255
-38.2555 10.4593 8.37925 -0.887887 0 -0.7 0 0.675423 0.212964 75 75 255
-46.513 35.6675 42.1465 -2.01158 -0.779676 4.2 0 -0.553472 0.828153 25 25 255
-43.6362 29.4622 1.17712 -1.48699 -0.480043 2.5 0 0.281184 0.721744 38 38 255
-56.7579 18.1851 14.2545 -0.700474 -0.301967 -0.7 0 -0.187298 -0.888014 51 51 255
-47.9499 27.7811 44.1094 1.46476 0 1.8 0 -0.439129 0.701358 71 71 255
-55.7805 29.5046 27.8567 -0.568857 -0.00888888 -1.6 0 -0.309335 0.950779 154 154 255
-34.9396 17.8463 4.54887 -0.364446 0 -3.5 0 0.981899 -0.187391 255 182 182
-40.7723 28.8327 14.0294 -0.459984 0 -2.32982 1 0.998178 -0.0473966 255 28 28
-45.301 7.89456 5.06444 0.185757 0 -3.9 0 0.486733 -0.873546 133 133 255
-38.5395 21.3841 9.74225 -0.292576 0 -0.8 1 0.794335 0.148035 255 48 48
-44.7726 24.8995 21.2852 -0.158755 0 -0.9 0 -0.389927 0.712638 255 40 40
-51.4014 10.1369 6.81431 -0.429732 0 -0.4 0 -0.890867 -0.447082 255 196 196
-44.6134 33.2746 17.3549 -0.0959179 -0.134524 -1.56969 1 0.891917 -0.147505 255 70 70
-52.0083 34.4325 12.103 0.704089 0.0152327 3.80263 0 -0.971832 0.177505 4 4 255
-44.6647 10.0544 -2.66613 -0.0145278 0 -3.5 0 -0.415286 0.034528 126 126 255
-36.8093 29.033 10.9152 -0.178208 0 2.8 1 0.568267 0.514927 255 8 8
-36.4927 13.3946 -0.427875 -0.0628517 0 1.8 0 0.521547 -0.0491491 255 218 218
-54.214 19.384 3.1685 -0.88992 0 -3.5 0 -0.690078 -0.550285 132 132 255
-48.8833 8.83362 6.562 -0.0125554 -0.164711 -2.4404 0 -0.554542 -0.832124 255 231 231
-54.9824 30.8383 25.4938 -0.0885704 0 1.53287 0 -0.546643 0.650123 153 153 255
-57.0682 28.3625 6.77375 1.09071 0 -3.9 0 -0.999339 -0.0149289 124 124 254
-49.3467 40.167 29.9315 0.183429 0 -4.5 0 -0.355312 0.923914 7 7 255
-34.0516 24.4308 29.3708 0.883695 0.943116 -4.5 1 0.321934 -0.555781 255 50 50
-34.719 22.6932 32.4282 0.913401 0 -4.5 0 0.801346 -0.512531 255 187 187
-56.0336 15.0244 33.3661 -0.3943 -0.0893283 -3.5 0 -0.192225 -0.979067 73 73 254
-37.6878 8.978 29.9417 -0.852865 -0.246545 -3.5 0 0.156203 -0.983918 77 77 255
-44.4542 6.43644 32.4227 -0.106101 0 4.2 0 -0.29656 -0.86683 5 5 255
-56.9002 28.5514 35.1114 -0.623421 0 -1.20135 0 -0.752428 0.645351 116 116 254
-46.685 20.0592 45.8857 0.199426 0 -3.5 0 0.3744 0.231653 24 24 255
-42.5591 3.95569 22.9662 -0.490705 0 -2.2089 0 -0.559216 -0.729987 126 126 254
-35.714 20.1409 3.049 -0.83173 -0.10791 -0.4 0 0.305586 -0.176372 255 173 173
-44.8464 35.5643 19.5886 0.354243 0 -3.43065 1 0.989902 -0.134857 255 54 54
-41.9256 7.48784 7.99113 -0.270783 0 -0.7 0 0.136767 -0.987829 104 104 255
-35.0337 28.164 9.55838 -0.443684 0 -0.8 1 0.273628 0.569606 255 8 8
-39.348 13.1772 9.5705 -1.96186 -0.0189252 2.8 0 0.818994 0.225563 62 62 255
-50.005 10.5422 1.51219 0.253411 0 -0.7 0 -0.879725 -0.376215 135 135 255
-54.0008 34.395 4.42525 0.420083 0 -0.4 0 0.442839 0.656972 14 14 255
-42.2979 6.192 9.95706 -0.913393 -0.147651 -1.3 0 0.770201 -0.0545421 121 121 255
-44.2031 8.65294 4.23537 0.229096 0 -1.55869 0 0.147464 -0.970826 62 62 255
-54.4203 29.2274 4.35975 3.05046 0 -3.9 0 -0.354494 -0.245698 37 37 255
-57.128 24.5585 9.935 0.380678 0 -3.72084 0 -0.828148 0.167225 55 55 255
-36.925 9.515 6.047 -1.11024 0 -0.8 0 0.825691 -0.433508 48 48 255
-44.1944 26.6512 25.1634 -0.871111 -0.922164 -0.8 0 0.632407 0.504038 255 58 58
-49.6118 18.9461 15.9076 0.662907 0 2.8 0 -0.135463 -0.359619 255 188 188
-44.0414 37.0874 19.4958 0.249105 0 1.8 1 0.59417 -0.789468 255 30 30
-38.2142 36.7925 23.3295 0.254095 0 2.8 1 0.740314 -0.624618 255 32 32
-39.5843 28.3619 19.2237 -2.07978 -0.390895 -3.5 1 0.99087 0.113005 255 14 14
-57.6217 25.5763 25.4518 0.112841 -0.0393342 -0.614165 0 -0.154028 -0.0543962 255 150 150
-40.1338 9.8655 12.5875 -0.962408 0 -3.5 0 0.625747 -0.692988 140 140 255
-54.0422 16.1102 28.9963 0.426077 0 3.8 0 -0.910736 0.150793 215 215 255
-45.3299 32.4312 1.80359 -1.54564 -0.031372 -3.5 0 0.946031 0.31714 23 23 255
-52.0766 33.1618 1.5255 -1.93621 -0.771013 -3.5 0 -0.281265 0.924485 10 10 255
-50.8091 36.8794 7.73887 -0.00743818 0 4.2 0 0.14299 0.989131 2 2 255
-49.7517 14.1458 38.5407 -0.0737378 -0.0458159 -1.97875 0 -0.484918 -0.447131 192 192 255
-51.7228 14.1862 25.9249 0.560589 0 -4.5 0 -0.371801 -0.529532 255 231 231
-55.2832 34.6958 3.4785 1.13897 0.350975 -0.4 0 0.274582 0.871334 51 51 254
-57.9634 22.7069 14.4948 0.191766 0 -0.7 0 -0.973116 0.201739 134 134 255
-45.7833 39.5504 29.8878 0.640383 0 -4.5 0 0.593501 0.655835 71 71 255
-42.7484 8.63606 1.91613 -0.47131 0 0.73937 0 0.331313 -0.797373 100 100 255
-35.2262 15.9388 2.186 -0.45461 0 0.849336 0 0.695293 0.555107 197 197 255
-42.7435 11.0986 -4.96056 0.0425407 0 1.8 0 -0.179611 -0.529132 255 173 173
-41.9012 25.7238 29.106 0.295622 0 -2.58357 0 -0.151011 0.786612 255 27 27
-41.6326 22.3092 17.2584 0.0102329 0 -0.8 1 0.896604 0.404955 255 22 22
-45.4555 7.007 33.346 -0.0763218 0 -0.494394 0 0.4031 -0.856776 6 6 255
-55.7578 25.5619 25.1756 -0.036055 -0.992388 1.8 0 -0.184504 -0.852341 255 125 125
-39.6451 14.0516 -1.12713 -0.368695 -0.650859 1.8 0 0.0268271 0.640764 255 146 146
-45.5084 11.413 22.4639 0.00272264 0 4.2 0 -0.689916 -0.0396885 255 169 169
-48.1046 33.9618 -0.297125 -0.191223 0 -3.5 0 0.402753 0.897424 7 7 255
-45.0983 27.6357 27.4522 -0.108957 0 -0.8 0 0.986589 0.117105 255 22 22
-51.3828 22.7645 -1.25612 -1.15468 -0.844199 -3.5 0 0.19787 0.910008 12 12 255
-47.0752 32.9458 38.9194 -0.322317 0 4.2 0 -0.664995 0.707955 12 12 255
-58.912 30.4762 2.83044 2.74979 0 1.8 0 -0.466849 -0.880486 116 116 255
-55.0275 15.1591 39.1912 0.0432178 0 1.8 0 -0.631652 -0.0188501 65 65 255
-43.2315 34.6581 25.6655 0.546208 0.322582 0.388226 1 0.813801 -0.456071 255 17 17
-36.8691 16.0056 37.0416 0.257859 0 4.2 0 0.63569 0.520949 51 51 255
-60.0815 21.3535 7.765 -0.00632891 0 -3.5 0 -0.918157 0.30922 35 35 255
-54.8301 22.5604 39.6177 3.11855 0.0752382 -3.9 0 -0.520762 -0.807822 25 25 255
-38.9118 22.0238 37.4511 0.554417 0 -0.849336 0 0.930608 0.257245 29 29 255
-46.0197 41.2646 14.2929 -0.0769811 0 1.8 0 0.106711 0.905688 109 109 255
-49.159 22.886 -2.647 -0.0919612 0.481033 -3.5 0 -0.0824014 0.926296 11 11 255
-36.315 19.6851 7.26388 -0.166565 0 0.281996 1 0.392896 -0.497871 255 76 76
-56.2875 29.0665 4.67 0.67319 0.0299718 -1.97808 0 -0.625785 -0.492785 95 95 255
-43.9762 27.3348 44.0153 0.0514307 0 3.8 0 -0.21729 0.0872908 108 108 255
-45.8861 7.82075 7.13631 0.00518478 0 -3.9 0 0.454401 -0.798471 200 200 255
-40.2664 23.6688 21.5378 -0.584364 0 -0.9 1 0.62673 -0.708416 255 44 44
-44.0164 2.84912 9.12512 0.347044 0 -1.6 0 0.35711 -0.129241 88 88 255
-43.4386 36.507 31.9306 -0.482519 -0.101216 -4.17389 0 0.57817 0.7838 90 90 255
-54.4366 24.7688 0.668 -1.39328 -0.728986 -3.5 0 -0.416911 0.566986 18 18 255
-47.7188 25.9454 24.3549 0.223109 0 -0.743162 0 0.623643 0.255446 255 60 60
-57.8095 28.8865 32.2495 0.0295597 0 1.53702 0 -0.585842 0.565841 142 142 255
-36.9585 13.5646 38.104 0.12095 0 4.2 0 0.624306 -0.0880848 57 57 255
-44.5605 6.07225 29.0247 -0.996244 -0.147318 0.63977 0 -0.463289 -0.804092 138 138 255
-55.0938 16.0673 30.4607 0.347341 0 3.8 0 -0.580179 -0.263773 189 189 255
-51.8478 8.92325 33.2883 0.406722 0 1.8 0 -0.249839 -0.942381 115 115 255
-39.8501 29.4661 2.42975 -0.351172 0 -3.5 0 0.288398 0.657412 153 153 255
-41.1568 34.4032 37.8469 -0.308632 0 -3.5 0 0.3756 0.394658 207 207 255
-48.536 11.4195 20.6395 0.205828 0 -1.3 0 -0.338591 -0.269853 237 237 255
-50.4381 8.648 37.2128 0.546346 -0.0185793 -3.5 0 -0.706106 -0.706475 122 122 255
-36.609 13.34 15.8729 -0.199045 0 -1.3 0 0.742632 0.666262 255 202 202
-58.3731 22.6536 27.609 0.272864 -0.877156 -0.8 0 -0.0936942 -0.944293 229 229 255
-49.3255 28.8265 22.545 0.631753 0 -1.3 0 0.926153 -0.29944 255 83 83
-38.9134 17.1571 2.35113 0.0518161 0 -3.73887 0 0.215608 0.387716 255 154 154
-36.9388 22.3592 1.50912 -0.0388867 0 -0.445305 0 0.343449 -0.726691 255 250 250
-45.3445 9.20113 23.6119 0.137317 0 4.2 0 -0.704322 0.473038 255 172 172
-50.7919 21.4366 19.7986 0.1421 0 1.43244 0 -0.583831 -0.811277 255 63 63
-42.7325 8.7895 -1.942 -0.104609 0.38435 -3.5 0 0.458428 -0.395671 255 251 251
-40.1453 9.14269 4.67825 -0.129103 -0.758499 -0.754752 0 -0.176761 -0.95296 115 115 255
-48.3572 7.02406 35.3202 0.237883 0 -0.7 0 -0.285612 -0.737563 24 24 255
-56.5405 31.364 33.2925 -0.275648 0 4.2 0 -0.959561 0.10459 126 126 255
-38.8299 25.1904 36.4556 0.645556 0 -3.5 0 0.861189 -0.0714671 124 124 255
-52.0016 35.6045 27.3948 -2.21849 -0.12918 -1.3 0 -0.921257 0.388111 28 28 255
-38.9003 29.9444 36.9576 -0.200388 0 -3.5 0 0.87541 0.457237 255 219 219
-40.8185 30.7906 16.1065 -0.170936 0 -1.3 1 0.78299 0.501537 255 32 32
-38.9458 28.4695 11.7965 -0.47639 0 1.74672 1 0.398756 0.221702 255 15 15
-34.7921 27.7621 33.2944 0.550137 0.264379 -4.5 0 -0.273266 0.308723 255 109 109
-48.7649 7.98138 12.9162 0.114637 0 -1.3 0 -0.579946 -0.228678 107 107 255
-58.731 25.7074 14.2339 0.277079 0 1.8 0 -0.554419 -0.139128 73 73 255
-46.2707 9.72781 38.3506 0.388571 0 -3.5 0 0.443088 -0.259438 151 151 255
-43.281 29.7482 26.8959 0.0668839 0 -1.3 0 0.700527 -0.697557 255 44 44
-39.4082 4.55225 20.935 -0.0201619 0 1.8 0 0.89746 -0.421929 184 184 255
-40.7685 18.548 40.7325 2.46443 0.101895 -3.9 0 0.671874 -0.294268 81 81 255
-47.0419 40.0967 21.8417 -0.025367 0 -0.4 0 -0.17487 0.978751 255 126 126
-32.3203 28.8355 9.66712 0.418791 0.129312 -0.8 0 0.0755887 0.383613 255 10 10
-47.3676 16.45 41.6955 -0.302917 0 1.69804 0 -0.577749 -0.476158 255 213 213
-47.0329 1.65725 9.5755 0.0276674 0 -1.6 0 -0.429018 -0.44635 166 166 255
-47.0359 35.8722 9.997 -0.98254 -0.473626 -0.536858 0 -0.0329222 0.59597 5 5 255
-34.9778 16.1453 29.27 1.15184 0.812908 -0.9 0 0.960863 -0.276669 255 170 170
-38.2885 27.166 36.432 0.368764 0.0642597 -3.5 0 0.905665 -0.206608 141 141 255
-53.4588 14.9809 28.6339 0.805898 0.276435 0.935594 0 -0.839889 -0.490643 255 219 219
-39.7304 33.3729 35.4666 -0.068884 0 -3.5 0 0.974418 0.20695 255 231 231
-52.2298 34.0435 27.4695 -0.344996 -0.156738 -1.3 0 -0.910664 0.342303 55 55 255
-48.0788 12.7622 40.4943 0.150084 0 1.9 0 -0.553124 -0.56022 255 207 207
-53.8806 31.645 37.2229 0.0909463 0 4.2 0 0.00511875 -0.465355 157 157 255
-37.5102 27.8471 11.8896 -0.302772 0 2.8 1 0.394392 0.3539 255 9 9
-48.2258 25.7724 21.9926 1.10671 0 -2.96029 0 0.84942 0.310665 255 45 45
-47.7977 7.87712 31.789 0.12693 0 -0.7 0 -0.237918 -0.562017 42 42 255
-46.0989 12.2358 39.8758 0.688863 0 1.9 0 -0.0483064 -0.814267 255 232 232
-45.8913 26.1028 45.4554 0.162671 0 1.8 0 0.582968 0.194246 66 66 255
-54.9216 20.1644 -1.48653 -1.6122 -0.266857 -3.5 0 -0.949706 -0.241539 57 57 254
-55.945 35.8708 33.8978 -1.42586 -0.323332 -2.21193 0 -0.973806 0.207578 21 21 255
-42.0037 21.3888 20.7187 -0.234126 0 -0.810152 1 0.953383 0.243119 255 47 47
-49.9435 15.5991 40.3415 -0.679723 -0.844701 -0.7 0 -0.381701 -0.46299 255 235 235
-39.4439 3.42806 17.6484 -0.220208 0 1.8 0 0.860655 -0.419904 91 91 255
-57.237 29.133 27.801 -1.04037 -0.364946 -1.6 0 -0.43824 0.898641 80 80 255
-49.4835 25.4435 45.2585 0.412504 0 1.8 0 -0.885106 -0.0910993 60 60 255
-56.6505 31.0667 9.76825 0.285559 0 -0.7 0 -0.834933 0.157028 41 41 255
-34.6181 25.3447 1.48263 0.32881 0 -0.4 0 0.0900421 0.581016 255 149 149
-38.4417 9.76762 20.2929 -0.933967 -0.096804 -0.869219 0 0.976956 0.0363741 255 133 133
-38.3996 5.57475 15.6807 -0.0537683 0 -0.244167 0 0.934542 -0.331714 115 115 255
-41.0692 9.66162 12.2614 -1.50074 -0.0817283 -1.60768 0 0.552523 -0.699789 146 146 255
-38.7415 13.2291 38.7376 0.143644 0 4.2 0 0.564325 -0.179712 92 92 255
-48.1037 31.4577 38.1572 -0.639227 0.516431 2.52467 0 -0.618014 0.506032 13 13 255
-53.5956 17.1351 26.3186 0.820924 0 -4.5 0 -0.814767 0.505884 255 220 220
-31.281 27.8011 7.33131 -0.987299 -0.215716 -0.8 0 0.961601 0.0899329 255 4 4
-42.4361 31.7048 16.2094 -0.201563 -0.0369276 -1.3 1 0.281709 0.452735 255 28 28
-37.2143 9.79344 28.4165 -0.0528134 0 -3.5 0 0.59764 -0.741251 96 96 255
-46.8406 19.1144 -3.84113 -1.90964 -0.252976 -3.5 0 0.962498 -0.180345 60 60 255
-39.6802 21.1253 24.577 -1.1009 0.144719 -3.2 1 0.613605 -0.241522 255 13 13
-57.0424 16.1893 30.9925 0.295871 0 -3.5 0 -0.459554 -0.391823 132 132 255
-40.6481 37.225 12.1546 -0.367951 0 -1.3 0 0.527695 0.838422 255 104 104
-50.762 19.7281 -4.10938 0.214471 0 -3.5 0 -0.584683 0.131289 32 32 255
-33.4671 22.9304 2.88013 0.278004 0 -0.4 0 0.749632 -0.590219 255 162 162
-58.6263 25.0184 10.935 0.465981 0 1.8 0 -0.576613 -0.228293 56 56 255
-42.35 31.747 39.3078 -0.5471 -0.512347 3.8 0 0.879482 0.279706 201 201 255
-49.5403 31.3813 -1.909 -0.23464 0 -3.5 0 -0.192077 -0.0183053 11 11 255
-36.1688 15.9134 34.2867 -0.119436 -0.042667 0.800862 0 0.95146 0.22599 77 77 255
-51.765 36.6836 7.103 0.0374335 0 4.2 0 -0.373242 0.922541 3 3 255
-51.8513 13.199 26.8075 1.03265 0 -4.5 0 -0.62885 -0.652963 255 172 172
-35.7467 15.33 0.145 -0.152614 0 1.8 0 0.186198 0.718107 251 251 255
-59.0344 23.2323 26.7138 -0.230202 0 -0.8 0 -0.251656 -0.882346 255 213 213
-45.054 40.536 14.867 -0.114815 0 1.8 0 0.181007 0.843464 220 220 255
-52.1359 23.0981 23.6016 0.399847 0 -0.7 0 -0.804487 -0.533869 255 81 81
-55.2799 14.761 3.878 0.0581785 0 -2.75333 0 -0.992018 0.118545 152 152 255
-40.6706 19.12 22.1532 -0.324953 -0.31324 -0.8 1 0.952384 0.181621 255 77 77
-53.5132 13.7009 33.7386 -0.470594 0 1.8 0 -0.943077 -0.264779 28 28 255
-43.9755 40.141 15.22 -0.269188 0 1.8 0 -0.0390293 0.978604 255 105 105
-56.6395 12.229 11.3524 0.674389 0 -3.5 0 -0.218938 -0.657227 38 38 255
-41.6341 26.5586 22.5662 -0.389235 0 -0.9 0 -0.435436 0.705513 255 57 57
-46.8593 38.1993 26.1289 0.0528574 -0.467538 2.8 0 -0.224936 0.933914 203 203 255
-48.6597 26.9399 23.6366 1.07481 0.461975 -0.7 0 0.902607 0.338191 255 46 46
-47.4262 18.4268 -1.80806 0.0102429 0 -3.5 0 0.975807 -0.166864 48 48 255
-56.0174 16.9325 5.4075 0.147909 0 3.55155 0 -0.829486 -0.17768 100 100 255
-53.6156 24.3024 42.3705 0.926671 0 -3.9 0 -0.312489 0.131642 53 53 255
-45.8992 33.6148 39.0272 -1.29213 0 4.2 0 -0.673493 0.668553 15 15 255
-54.3787 15.6186 3.04063 0.178058 0 -3.5 0 -0.778272 0.627907 176 176 255
-40.0763 18.3895 24.7441 -0.26481 0 -0.800402 1 0.846194 -0.212995 255 63 63
-44.8512 12.7375 24.2036 0.274027 0 3.8 0 -0.0469805 -0.932634 255 191 191
-41.0438 37.3114 6.09387 0.977002 0.811743 -4.5 0 0.385072 0.741636 69 69 254
-44.3507 28.0016 0.965875 -0.978726 -0.0342834 2.5 0 0.326185 -0.268407 28 28 254
-46.6034 2.48375 17.0409 0.388576 0 -0.8 0 -0.754486 -0.649076 26 26 255
-53.0614 9.37131 31.9609 0.28252 0 1.8 0 -0.315416 -0.765997 143 143 255
-36.928 26.639 33.4637 0.330646 0.0246143 -4.5 0 0.449106 0.383822 255 182 182
-46.8406 34.0864 39.8826 -1.23449 -0.0880909 4.2 0 -0.562157 0.49461 11 11 255
-42.4678 30.7464 27.1144 0.322773 0 -1.3 0 0.973162 -0.224688 255 54 54
-47.1772 5.80438 8.393 0.169287 0 -1.3 0 -0.235825 -0.705914 255 158 158
-57.1235 15.3575 31.7814 0.224539 0.00216357 -3.5 0 -0.570708 -0.743571 140 140 255
-40.2361 6.87819 13.1451 -0.224568 -0.0211277 -1.6 0 0.12712 0.178469 85 85 254
-39.6031 27.2881 39.4188 0.442577 0.119288 -3.5 0 0.513215 -0.47659 107 107 255
-54.3725 32.4583 0.97975 -0.256408 0 0.929861 0 0.238787 0.380026 17 17 255
-44.9017 7.58512 24.8582 0.315311 0 -1.8317 0 -0.913452 -0.40191 254 254 255
-42.5718 6.09519 28.364 -0.855713 0 -3.5 0 0.28596 -0.705303 210 210 255
-41.9128 38.5472 27.601 0.112728 0 2.8 0 0.388548 0.47333 255 67 67
-49.8291 11.4861 14.5641 -0.318822 0 2.8 0 -0.377078 -0.760807 54 54 255
-54.1191 10.4953 32.0598 0.239932 0 1.8 0 -0.873256 0.0799081 101 101 255
-53.9753 19.192 29.7815 0.2269 0 3.8 0 -0.191362 0.0694695 74 74 255
-42.4334 35.5809 31.5396 -0.58615 -0.0158539 -3.5 0 0.932404 0.102351 190 190 255
-41.668 11.7464 39.5933 -0.260167 -0.0103324 4.14374 0 0.0331037 -0.900114 174 174 255
-52.2018 30.6898 20.9946 0.427871 -0.00163641 -1.3 0 -0.735777 0.335508 255 163 163
-40.19 7.18125 26.9252 -0.616455 0 -3.5 0 0.691691 -0.342341 220 220 255
-46.5376 9.35825 26.6478 0.252083 0 -0.4 0 -0.763579 -0.0795074 170 170 255
-45.6012 37.72 33.3454 -0.259291 0 -4.5 0 0.442581 0.44404 23 23 255
-50.9166 11.4563 38.4897 0.221527 0 -3.5 0 -0.569107 0.173539 152 152 255
-49.3092 38.9336 33.3363 0.68206 0.432899 -4.5 0 -0.0655005 0.33016 7 7 254
-37.84 17.3153 35.8872 0.520983 0 2.93707 0 0.804204 0.383275 65 65 255
-38.9055 20.9601 1.61825 -0.9105 -0.860309 -0.7 0 0.316137 -0.803134 255 246 246
-40.1786 18.0071 1.93212 0.909931 0 -4.5 0 0.572921 0.384615 255 158 158
-40.9902 14.657 12.1099 -1.68101 0 -2.8526 0 0.978628 0.19123 176 176 255
-58.2426 22.8002 11.6073 -1.13715 -0.139002 1.0777 0 -0.961015 -0.178234 46 46 255
-46.9535 28.1343 -1.364 0.0595156 0 1.8 0 0.615297 0.215198 44 44 255
-46.684 28.124 20.732 0.706282 0.412568 -3.88768 0 0.0803218 -0.373401 255 93 93
-41.1852 7.35969 28.7253 -0.72772 0 -2.53501 0 0.691687 -0.65764 159 159 255
-51.6007 20.9469 -3.3975 -0.282607 0.188044 -3.5 0 -0.44683 0.215954 21 21 255
-49.4119 34.0564 6.884 -0.310669 0 4.2 0 0.930344 0.308922 2 2 255
-35.9303 22.7607 34.4547 0.0515283 -0.516253 -4.0888 0 0.682919 0.00436787 230 230 255
-48.6686 33.0372 -1.64431 -0.169383 0 -3.5 0 0.07581 0.50939 7 7 255
-54.8778 13.7265 8.4505 0.129322 0 -1.26462 0 -0.0612114 -0.82269 34 34 255
-50.7723 30.0208 39.4403 -0.361872 0 -0.7 0 -0.270052 0.954929 40 40 255
-57.7806 19.387 12.2607 -0.0869976 0 -3.5 0 -0.940549 -0.281412 52 52 255
-48.8911 6.05113 10.2291 -0.362603 0 -1.3 0 -0.617039 -0.786841 255 166 166
-42.7127 10.3951 -3.42606 0.149117 0 1.8 0 0.156536 -0.792581 255 196 196
-55.3245 32.6308 31.656 -1.39175 -0.542115 4.2 0 -0.640284 0.34275 75 75 254
-47.8585 10.6798 14.3166 -0.340161 0 2.35226 0 -0.55522 -0.783396 73 73 255
-39.953 36.9958 10.4157 0.044879 0 -1.3 1 0.845532 0.53148 255 157 157
-40.7007 27.9815 21.4897 -0.476107 0 -1.00359 0 0.270756 0.622723 255 47 47
-34.6574 14.8619 3.31337 -0.867647 0 1.8 0 0.98057 0.139681 124 124 255
-59.9385 24.2069 26.0497 -0.0575243 0 -0.8 0 -0.646387 -0.467661 255 183 183
-43.384 34.5611 23.6295 0.500869 0.82867 -3.9 1 0.993964 0.0166586 255 20 20
-53.5969 17.6339 3.53875 -0.296368 0 -3.5 0 -0.9526 0.000801172 168 168 255
-39.9629 25.1414 20.2786 -0.150879 0 -0.9 1 0.729606 -0.417984 255 40 40
-37.2458 15.3794 6.85588 -2.2563 -0.597513 -3.5 0 0.359602 -0.519237 142 142 255
-46.9562 16.9545 42.9785 -0.112376 -0.226354 -3.5 0 -0.338403 -0.80767 255 201 201
-41.6538 21.6154 14.8293 -0.342816 -0.120013 -0.8 0 0.889502 -0.395613 255 59 59
-43.3429 18.6348 0.257875 0.410503 0 -4.5 0 0.242559 0.524425 164 164 255
-53.7797 33.1316 38.3242 -0.141643 0 4.2 0 0.0964812 -0.286461 68 68 255
-43.5385 8.0795 1.54838 -0.67835 0 -2.90294 0 0.171714 -0.697908 97 97 255
-34.2064 22.6186 1.56556 0.0428726 0 -0.4 0 0.477729 -0.615576 251 251 255
-47.3258 7.22119 20.3717 -0.0250759 0 -1.25546 0 -0.748224 0.177282 177 177 255
-57.9764 24.2603 14.6636 0.173688 0 1.8 0 -0.708316 -0.106753 101 101 255
-39.853 15.7484 25.8076 0.037703 0 -0.9 0 0.554125 -0.0528954 255 218 218
-40.2565 14.9275 15.4117 -0.770468 0 -1.3 0 0.713532 0.688706 255 131 131
-55.4973 26.9387 16.9407 0.196484 0 -0.4 0 -0.889266 0.234169 209 209 255
-39.487 20.7558 40.3838 2.71853 0.200946 -3.9 0 0.740648 0.138511 42 42 255
-55.642 32.717 7.51 0.381422 0 -0.4 0 -0.691156 -0.100206 26 26 255
-36.4138 13.0739 5.44119 -0.589219 -0.430823 -3.23631 0 0.678239 -0.131398 73 73 255
-46.6551 10.8316 -0.740375 0.0579272 0 -3.5 0 -0.604724 0.0285907 45 45 255
-39.6792 3.82137 19.7021 -0.0655768 0 1.8 0 0.965239 -0.245162 148 148 255
-39.2307 29.8772 3.66544 -1.01829 0 -3.5 0 0.237163 0.777071 255 233 233
-45.2099 38.7297 9.45975 0.26923 0 -1.3 0 -0.58965 0.607437 34 34 255
-57.7533 18.0091 30.9298 0.428811 0.193171 -3.5 0 -0.509499 -0.13821 98 98 255
-50.4445 19.4525 43.8165 -0.216788 -0.155487 -3.5 0 -0.843536 -0.429283 129 129 255
-40.8409 15.3436 18.5382 0.0513054 0 -1.3 0 0.719771 0.692096 255 166 166
-45.0481 8.83494 24.5744 0.404838 0 4.2 0 -0.976196 0.215806 255 185 185
-42.3527 39.1339 15.2149 -0.539128 -0.538247 -1.3 0 0.199705 0.741724 255 60 60
-56.1357 32.0421 11.6416 0.176558 0 -0.7 0 -0.578784 0.670965 41 41 255
-49.8176 13.6718 18.0885 -0.950793 -0.0530251 -3.5 0 -0.953175 -0.297929 255 231 231
-52.2523 12.5328 8.34894 0.035053 0 1.92363 0 -0.733245 -0.636147 133 133 255
-59.8582 24.9639 11.6497 0.137891 0 1.8 0 -0.765583 -0.536888 37 37 255
-48.348 33.8996 8.80412 -0.765942 -0.117812 -3.18757 0 0.474399 0.434251 1 1 255
-53.0155 23.6435 24.6695 0.0323908 -0.0673762 -0.469938 0 -0.792787 -0.481899 255 135 135
-42.7014 30.7712 25.3866 0.0584326 0 -1.3 0 0.975734 -0.0389114 255 43 43
-43.4552 17.3694 42.8166 -0.0855131 0 -3.27572 0 0.282712 -0.406298 225 225 255
-36.2255 28.594 29.0882 0.0286322 0 -0.9 0 0.279403 0.365079 255 50 50
-57.1559 23.6589 7.11919 -0.160954 0 2.40127 0 -0.574961 0.738869 35 35 255
-40.4277 31.6559 5.991 -1.5525 -0.0383791 -3.5 0 -0.420445 0.497608 255 144 144
-38.5267 23.5519 36.2387 0.461797 0 -2.73195 0 0.755002 0.104468 114 114 255
-49.7972 18.2149 43.9596 -0.961314 0 -3.5 0 -0.589722 -0.746035 208 208 255
-41.0257 30.9491 38.4025 -0.261937 0 2.32014 0 0.306188 0.691418 255 215 215
-49.7552 10.8979 39.0581 0.36338 0 -3.5 0 -0.213217 0.297506 136 136 255
-45.5037 15.9061 -0.458 0.33833 0 -4.5 0 -0.00281799 0.000640953 49 49 255
-49.4113 12.2601 16.5364 -0.323233 0 2.55116 0 -0.782449 -0.582509 144 144 255
-50.5599 17.2069 23.8466 0.370539 0 -1.9799 0 -0.581524 -0.630575 255 90 90
-37.8094 17.7649 7.9875 -0.708966 -0.479345 -3.31282 0 0.586017 -0.371215 255 244 244
-58.3015 29.5123 31.0774 0.0155652 0 0.481564 0 -0.67687 0.722791 156 156 255
-52.5597 22.4253 20.7881 0.283559 0 3.8 0 -0.550376 -0.663863 255 54 54
-48.8045 38.6048 11.618 0.7522 0.559449 1.8 0 -0.363124 0.663937 10 10 255
-55.0298 34.2854 31.7204 -1.52223 -0.534051 4.2 0 -0.707308 0.117137 31 31 255
-48.1421 26.7436 46.3421 0.15929 0 1.8 0 -0.424105 0.493908 52 52 255
-46.9999 38.8083 11.3608 0.32693 0.0130338 1.8 0 -0.323709 0.283224 20 20 255
-48.459 16.4241 17.1472 -0.104193 -0.0129877 -3.85625 0 -0.605774 0.677928 255 197 197
-53.1765 28.9368 2.21275 -0.0552989 0 -0.4 0 -0.976635 0.0713657 9 9 255
-48.4709 15.6803 -1.35681 0.937362 0.0341531 -3.5 0 0.30289 -0.589394 28 28 255
-39.1175 24.069 39.2487 0.598306 0 2.8 0 0.889704 0.181184 20 20 255
-51.606 16.29 -0.180063 0.534117 0 -3.5 0 -0.545959 -0.0633226 90 90 255
-39.2206 31.3475 8.41631 -0.17226 0.220042 -1.3 1 0.958158 0.207553 255 36 36
-59.7143 27.5881 12.448 0.288029 0 1.8 0 -0.722411 0.691442 69 69 255
-51.2677 37.4393 15.4362 -0.128116 0 -3.2 0 -0.799859 0.565684 13 13 255
-38.6283 32.1035 31.2465 -0.408314 0 -0.9 0 -0.0877944 0.649949 255 200 200
-48.0094 40.3587 32.2314 0.541655 0 -4.5 0 -0.107675 0.758727 7 7 255
-41.0443 17.857 11.5956 0.00936469 0 -0.4 0 0.841334 0.360505 255 136 136
-48.5486 16.6335 19.0795 -1.33596 -0.371575 -3.5 0 -0.508544 0.730282 255 153 153
-39.5519 30.1539 12.0935 -0.610227 0 -2.19734 1 0.699964 -0.273085 255 14 14
-49.2806 25.8486 -2.4005 -0.0641366 0 1.8 0 -0.480089 -0.372793 19 19 255
-48.3326 8.02456 7.13825 -0.0777182 0 -3.9 0 -0.633857 -0.71026 255 205 205
-39.6817 2.75575 14.65 -0.173855 0 1.8 0 0.419945 -0.746546 53 53 255
-40.4964 7.89569 34.0359 -0.106938 0 4.2 0 0.557711 -0.746406 75 75 254
-46.4094 12.6322 -0.539625 -0.287372 -0.542801 0.992706 0 -0.461342 0.135732 45 45 255
-59.3491 19.2265 5.14669 0.602587 0 -3.5 0 -0.328869 -0.539589 58 58 255
-55.8957 23.2224 2.72625 -0.235028 -0.269261 -2.18474 0 -0.983701 -0.00303816 29 29 255
-47.6626 3.41181 17.5488 -0.0172997 0 -0.7 0 -0.73456 -0.633413 20 20 255
-54.5281 31.1196 1.65437 -0.0128049 0 1.8 0 -0.12471 -0.875589 12 12 255
-40.4857 14.3358 10.1025 -1.338 -0.406147 -0.20571 0 0.87971 0.166307 108 108 255
-52.3674 29.8829 20.2106 0.305549 0.124222 -0.805489 0 -0.67664 0.710993 255 151 151
-41.5321 30.3253 7.00575 -0.947173 -0.800072 -3.5 0 -0.604158 0.242242 255 94 94
-42.6408 14.1267 -4.34581 0.0296317 0 1.8 0 -0.047988 0.938838 255 196 196
-44.4103 36.4278 20.7582 0.0503369 -0.074336 -3.61177 1 0.871485 -0.322648 255 54 54
-40.2999 0.998125 20.126 -0.0185947 0 1.8 0 0.480728 -0.873962 173 173 255
-43.4285 21.1663 44.6372 0.462822 0 -3.5 0 -0.0882428 -0.204754 35 35 255
-54.7038 27.4345 4.72888 0.781276 -0.158513 -0.552272 0 -0.500925 0.120879 39 39 255
-47.1608 25.5071 46.604 0.119025 0 1.8 0 0.38214 -0.0719299 35 35 255
-55.3626 22.5651 0.347 -0.124102 0 -3.5 0 -0.96004 0.0681875 32 32 255
-53.8112 12.2283 33.1831 0.330535 0 1.8 0 -0.960501 0.184809 70 70 255
-54.9415 12.6104 1.92256 -0.0456962 0 -3.5 0 -0.410644 -0.712151 197 197 255
-50.1772 11.4113 0.282063 0.121359 0 -0.7 0 -0.655975 -0.520111 87 87 254
-40.0495 8.65938 29.3525 -0.770049 -0.195091 0.446907 0 0.499651 -0.863988 102 102 255
-52.7828 29.9623 1.55444 -0.701605 -0.43575 -3.02684 0 -0.886159 -0.251798 9 9 255
-56.051 29.3965 36.385 -0.281131 -0.212014 -0.96675 0 -0.532841 0.671661 143 143 255
-36.7422 10.6441 26.8991 0.227041 0.0935176 -0.7 0 0.973081 -0.20402 130 130 255
-53.9997 35.404 20.2127 1.67596 0.656342 -0.8 0 -0.99834 0.0564964 6 6 255
-51.8712 33.3376 29.8274 0.487426 0.294057 -1.3 0 -0.958678 0.210857 52 52 255
-46.2253 6.74288 17.0104 -0.344581 0 -1.21901 0 -0.459845 -0.175088 37 37 255
-49.9671 22.783 -1.12137 -0.187659 0 3.8 0 -0.387326 0.732949 10 10 255
-47.9102 8.74881 39.34 -0.727299 -0.235417 -3.5 0 0.516415 -0.17088 109 109 255
-40.1769 8.56944 36.0586 0.0140518 0 -0.4 0 0.593642 -0.786918 98 98 255
-53.4034 15.275 0.139625 0.173709 0 -3.5 0 -0.384418 -0.0406739 93 93 255
-55.5426 20.8712 -0.267 -0.268162 0 -3.5 0 -0.968172 -0.230346 70 70 255
-45.812 7.082 -1.09113 -0.621881 0 -3.5 0 -0.703184 -0.652087 129 129 255
-52.4253 23.546 21.521 0.326969 0 3.8 0 -0.731558 -0.581486 255 61 61
-49.3105 9.72863 18.4667 -0.849459 -0.0032329 -1.3 0 -0.878458 -0.359145 76 76 255
-46.0039 13.0089 21.8702 -0.370201 0 -3.5 0 -0.691279 -0.616432 255 99 99
-39.5882 35.1961 34.3766 -1.66823 -0.297677 -3.5 0 0.977769 0.0626742 222 222 255
-45.0544 39.5085 16.0707 0.0874316 0 1.8 1 -0.0952558 0.970144 255 177 177
-39.6556 20.0006 11.0078 0.142723 0.684913 -0.8 0 0.350229 -0.283478 255 119 119
-56.2516 22.9386 36.3267 0.67821 0.104098 -0.857453 0 -0.946665 -0.312025 148 148 255
-45.4494 22.7346 -1.64262 -0.108237 0 3.8 0 0.57932 0.346164 40 40 255
-40.4632 11.7969 -3.77781 0.937017 0.52316 1.8 0 0.718466 -0.0975918 255 107 107
-50.1253 15.3608 17.3311 0.0176994 0 2.8 0 -0.897018 0.400385 171 171 255
-44.3566 30.021 2.84319 -0.310892 -0.161222 1.58344 0 0.643229 0.760529 38 38 255
-57.0219 33.0189 0.225125 0.341479 0 1.8 0 -0.182267 0.529404 80 80 255
-49.4365 29.6997 42.6574 0.374771 0 2.92175 0 -0.578278 0.310975 116 116 255
-55.7146 24.5316 1.67838 -2.12036 -0.0913682 -3.5 0 -0.867412 0.47295 23 23 255
-40.8064 16.9093 24.9935 -0.198482 0 -0.9 0 0.792033 -0.20588 255 158 158
-51.4025 26.2164 -0.156625 0.303804 0.434321 1.8 0 -0.606094 -0.214346 13 13 255
-41.2593 22.5306 22.4386 -0.0639045 0.310145 -0.831737 1 0.77067 -0.493742 255 35 35
-46.5415 13.5728 41.6665 0.440102 0 1.9 0 -0.144413 -0.281381 255 163 163
-36.9678 26.7477 1.977 -1.80575 -0.0992716 -0.7 0 0.218485 0.904798 255 115 115
-48.7179 8.07575 0.706937 2.37312 0.610526 -3.9 0 -0.551362 -0.448721 50 50 254
-39.0369 22.5356 24.6524 -0.397733 0 -3.2 1 0.5548 -0.267718 255 11 11
-52.288 36.8421 13.1305 0.257182 0 -3.2 0 -0.955342 0.295442 4 4 255
-52.5122 31.6165 29.9166 -0.0185985 0.753455 -1.33933 0 -0.715259 0.640474 115 115 255
-44.9023 40.9128 12.9309 -0.155391 0 1.8 0 0.666006 0.711409 198 198 255
-60.3838 28.4969 29.063 -1.57548 -0.0816654 -0.8 0 -0.582324 0.81045 132 132 255
-40.4972 37.4851 19.1069 0.568199 0.360395 -3.5 1 0.220432 -0.91689 255 16 16
-36.6479 15.7033 27.2288 0.0827266 0 -0.9 0 0.602601 -0.416591 250 250 255
-40.3392 8.69131 13.3474 -0.937139 -0.742195 -1.36043 0 0.182922 -0.129168 112 112 255
-40.6779 2.03312 15.89 -0.0808352 0 1.8 0 0.461446 -0.860574 41 41 255
-46.7186 17.6795 17.7208 -0.374017 -0.249104 -3.66143 0 -0.857061 0.515003 255 122 122
-35.1595 39.29 16.573 -1.97852 -0.194753 -3.5 1 0.842973 -0.530636 255 4 4
-39.7559 21.6601 12.3966 -0.154128 0 -0.7 0 0.518936 -0.570968 255 183 183
-56.1053 14.5916 7.68119 -0.321101 0 0.890996 0 -0.545332 -0.594568 39 39 255
-41.487 17.6898 21.8743 0.075951 0 -0.8 0 0.833803 -0.537295 255 170 170
-40.7456 16.5179 15.2106 -0.998398 -0.948023 -0.8 0 0.923989 0.285541 255 69 69
-35.0093 25.4618 10.0101 -0.748263 0 -0.8 1 0.0365824 -0.0167392 255 31 31
-55.6297 14.8689 35.9406 -0.30896 -0.10764 -0.390092 0 -0.748237 -0.661673 38 38 255
-35.7704 10.0123 3.41381 0.00320179 0 -0.8 0 0.918361 -0.356024 48 48 255
-46.6166 7.3845 3.57238 1.66613 0 -3.9 0 0.430378 -0.887427 116 116 255
-57.1738 17.2004 10.6192 -0.498944 -0.213545 -3.5 0 -0.848071 -0.335799 51 51 255
-48.38 11.5246 39.032 0.392525 0 -3.5 0 -0.148416 -0.106011 179 179 255
-34.9996 30.7821 32.0642 1.20599 0.423938 -0.9 0 0.863625 0.470165 255 177 177
-52.0069 34.5285 24.3886 0.102146 0 -0.853965 0 -0.825608 0.563489 29 29 255
-47.9635 27.8306 20.9785 0.778274 0.727578 -3.9 0 0.483292 -0.162539 255 103 103
-51.6435 10.0021 35.3111 0.675173 0 -3.09269 0 -0.769985 -0.484686 138 138 255
-44.4458 1.70494 12.9624 0.360361 0 -1.03865 0 0.285898 -0.951632 16 16 255
-47.6352 20.1195 -4.83469 -1.1262 -0.431356 -3.5 0 0.530124 0.331314 53 53 255
-37.5135 18.3487 35.0028 0.753702 0.0645621 -3.9 0 0.843199 8.22693e-06 107 107 255
-50.3169 12.3338 26.4958 1.0205 0 -4.5 0 -0.115886 -0.676659 255 224 224
-48.4028 32.4961 6.57156 -0.478053 -0.471044 -4.19399 0 0.524326 0.843186 2 2 255
-46.4749 8.34737 38.3379 0.538574 0.531806 -3.5 0 0.512123 -0.636033 85 85 254
-35.8795 14.8105 29.4529 0.258218 0.259269 -2.09498 0 0.915885 -0.230765 229 229 255
-36.1512 26.3162 3.44319 -0.995622 0 -0.4 0 0.156067 0.960272 255 43 43
-50.0704 19.9781 27.0966 0.562291 0 3.8 0 -0.813708 0.0760683 255 78 78
-46.7359 27.0669 -2.01681 -0.113266 0 1.8 0 0.752494 0.0707498 68 68 254
-53.1702 24.7243 22.5946 0.215993 0 1.575 0 -0.699726 -0.71367 255 99 99
-54.308 19.4445 -0.46675 -1.42674 -0.676347 -3.5 0 -0.737316 -0.661346 93 93 255
-38.2869 30.4455 10.4621 -0.47741 0 1.9766 1 0.95313 0.275521 255 11 11
-41.7364 40.6807 21.2358 -0.0616805 0 1.18345 0 -0.0336105 0.982767 255 14 14
-55.0649 19.2284 15.1376 0.17185 0 -0.7 0 0.244206 -0.663215 136 136 255
-53.7152 38.4022 33.2624 -0.835846 0 -3.5 0 -0.0542704 0.994331 27 27 255
-52.1409 18.1978 25.7581 1.24264 0.693054 -4.5 0 -0.498644 0.800798 255 153 153
-35.9664 21.5329 33.1338 0.140116 0 -4.37504 0 0.831733 -0.383194 225 225 255
-43.9168 0.404563 15.0137 -0.0877409 0 -0.8 0 -0.0296522 -0.877322 20 20 255
-54.7122 35.3911 5.3485 0.26015 0 -0.4 0 0.0541542 0.98541 21 21 255
-53.4092 18.3436 40.0646 -0.995132 -0.496169 1.4547 0 -0.447024 0.129167 40 40 254
-40.6513 21.4316 41.6529 1.12431 0.835791 -3.87961 0 0.880666 -0.200596 46 46 255
-42.4209 7.69981 34.8681 -0.635583 -0.681566 -0.4 0 0.181542 -0.957667 52 52 255
-35.8397 16.5658 32.3973 -0.352627 0 -0.4 0 0.948844 0.14652 176 176 255
-39.7671 19.2046 40.4432 2.69338 0 -3.9 0 0.621271 -0.262413 45 45 255
-51.4117 15.2229 38.8785 0.317388 0.0023562 1.59594 0 -0.108414 -0.540918 149 149 255
-48.1231 33.6632 40.7214 -0.521047 0 4.2 0 -0.83321 0.478601 26 26 255
-46.0222 7.33819 1.92537 1.55888 0 -3.9 0 0.414397 -0.894325 68 68 255
-51.7889 36.0354 8.848 0.183126 0 4.2 0 -0.333264 0.922424 2 2 255
-55.4795 24.9205 26.358 1.0391 0.0173293 -1.56552 0 -0.0141059 -0.820695 255 119 119
-46.8175 36.5721 34.3432 -1.06406 -0.099686 -4.5 0 -0.0993594 0.445776 18 18 255
-53.2867 37.734 31.9376 -0.558826 0 -3.5 0 -0.452754 0.689552 23 23 255
-54.8164 26.8394 19.5007 0.171771 0 3.8 0 -0.989259 0.0966399 255 226 226
-46.4309 12.1289 21.0831 -0.377494 0 4.2 0 -0.526714 -0.0401265 255 144 144
-43.3759 11.8124 38.9747 -0.0558929 -0.728634 -0.135952 0 0.00455707 -0.94325 182 182 255
-42.2117 36.9098 22.9243 -0.249183 0 -0.181151 1 0.174892 -0.790158 255 34 34
-50.1429 18.8406 25.2676 0.488765 0 3.8 0 -0.87617 0.456803 255 52 52
-51.196 39.333 30.746 -0.147405 0 -4.5 0 -0.516023 0.855221 2 2 255
-50.9182 36.8925 11.4009 0.356064 0 -3.2 0 -0.454636 0.63965 3 3 255
-34.7632 13.823 0.097375 -0.0637985 0 1.8 0 0.64857 0.0329751 172 172 255
-48.7485 6.92825 2.4275 2.29724 0 -3.9 0 -0.511482 -0.827429 109 109 255
-37.4485 13.338 13.973 -0.795637 0 -1.3 0 0.46403 0.779025 176 176 255
-46.0185 19.4932 -0.44525 -0.0194155 0 3.8 0 0.53302 -0.46465 80 80 255
-54.8655 13.515 37.0807 0.0522467 0 1.8 0 -0.554262 -0.831248 59 59 255
-38.023 26.0956 24.3876 0.315712 0 -0.9 1 0.83622 0.4411 255 49 49
-41.1611 25.6315 15.6768 -0.0551811 0 -1.3 1 0.858157 -0.500544 255 38 38
-50.5243 20.4964 20.5558 0.149485 0 -0.7 0 -0.831451 -0.373897 255 68 68
-53.1994 22.1437 27.9358 0.217435 -0.102681 2.5 0 -0.659074 -0.738271 224 224 255
-47.7643 9.23763 30.7209 0.32798 0.121639 -2.97151 0 -0.454294 -0.676294 96 96 255
-44.3689 1.80925 18.7568 0.0908072 -0.420866 0.23796 0 -0.409174 -0.752684 104 104 255
-39.905 9.28938 34.3306 -0.00874109 0 0.299546 0 0.961196 -0.273452 63 63 255
-44.7995 1.33113 9.93825 0.454538 0 -1.6 0 0.144225 -0.701791 83 83 255
-44.6061 25.9679 44.5957 -0.102365 0 1.8 0 0.151636 0.378116 86 86 255
-54.2511 18.3552 4.15144 -0.595199 0 3.17901 0 -0.486429 -0.269077 144 144 255
-56.0759 31.2912 31.3413 -0.0394917 0 -1.6 0 -0.646811 0.706792 190 190 255
-51.3181 18.9941 27.6633 0.48787 0 -1.09706 0 -0.651739 0.414698 255 219 219
-40.5885 26.5975 39.2025 0.46811 0 -3.5 0 0.728128 -0.262955 71 71 255
-38.1323 6.35756 21.4125 -0.21471 0 -0.4 0 0.954734 -0.29741 255 233 233
-55.3462 16.7977 12.773 -0.228296 0 -3.33026 0 -0.130596 -0.482575 59 59 255
-39.4985 27.9449 17.6082 0.16107 0.0324119 -1.3 1 0.998148 0.0560539 255 15 15
-60.0719 25.8069 12.9773 0.203351 0 1.8 0 -0.902358 -0.217599 52 52 255
-39.7669 10.1625 38.1405 -0.953933 -0.197941 1.60944 0 0.551296 -0.629169 123 123 255
-39.7853 19.04 2.77769 0.029359 0.679742 -4.5 0 0.404522 0.0865217 255 124 124
-47.0368 8.25675 27.9457 0.100917 0 -0.4 0 -0.866459 -0.49779 113 113 255
-52.3958 33.2684 16.0807 0.479366 0 -3.2 0 -0.955109 -0.290761 10 10 254
-44.5739 3.11706 20.8888 -0.136178 0 1.8 0 -0.0852356 -0.768455 149 149 255
-42.3349 25.2617 25.9644 0.322208 0.190987 -0.823621 0 -0.0268145 0.961768 255 54 54
-40.2491 25.4666 27.6637 0.215868 0 -3.2 0 0.06334 0.920884 255 45 45
-52.182 38.5079 29.5411 0.331347 0.0817799 -4.5 0 -0.857819 0.437085 4 4 255
-48.3632 28.7698 -1.65319 0.372327 0 -2.06639 0 -7.1936e-05 0.472367 49 49 255
-42.7853 34.1495 27.1413 0.627174 0.70936 -1.3 0 0.964275 -0.252853 255 47 47
-59.626 26.9228 13.9494 0.184647 0 1.8 0 -0.604937 0.407496 71 71 255
-47.8869 7.762 17.7944 -0.316361 0 -0.97719 0 -0.820377 -0.0760133 46 46 255
-57.8859 31.0414 1.05569 0.956445 0 1.8 0 -0.410609 -0.429252 117 117 255
-42.9067 37.3162 19.182 -0.0620033 0 1.64345 1 0.271908 -0.866146 255 20 20
-58.1427 20.0522 16.9306 0.0349592 0 -0.7 0 -0.456929 -0.18832 220 220 255
-38.6731 14.5108 7.944 -0.994179 -0.707138 2.8 0 0.850026 0.0632468 81 81 255
-45.4224 24.7426 24.0231 0.182933 0 -0.9 0 -0.319218 0.6908 255 56 56
-51.7805 36.7393 18.7375 -0.592391 0 -0.794798 0 -0.801472 0.255933 13 13 254
-48.7001 11.2009 15.2731 -0.422782 0 2.8 0 -0.586828 -0.799039 94 94 254
-36.0418 10.5426 14.512 1.1864 0.721574 -1.3 0 0.893528 -0.439495 102 102 254
-38.8543 16.4702 7.77575 -0.599529 0.640687 1.15675 0 0.665452 -0.195211 145 145 255
-52.2762 35.4974 18.3698 -0.212901 0 -2.84893 0 -0.853937 0.19145 15 15 255
-38.1313 10.2302 23.3056 -0.705992 0 -0.7 0 0.912507 -0.158505 255 226 226
-55.0724 25.9447 39.3656 1.77702 0 -3.85293 0 -0.475252 0.596329 43 43 255
-44.6564 28.801 26.6702 -0.0786308 0 -1.23067 0 0.827495 -0.488039 255 30 30
-54.3927 36.6741 36.1334 -2.052 -0.0221481 -3.5 0 -0.164904 0.356696 29 29 255
-52.4547 18.0597 27.565 0.458677 0 -4.5 0 -0.686336 0.683865 216 216 255
-43.9219 34.9578 41.2184 -3.06944 -0.314873 4.2 0 0.834796 0.509745 24 24 255
-35.8778 12.4691 31.1631 0.067029 0 -3.5 0 0.871603 -0.00428115 62 62 255
-38.2488 28.5734 37.1796 0.0152878 0 -3.5 0 0.996333 0.0504542 150 150 255
-57.6516 26.4849 10.1644 0.817055 0 -2.60092 0 -0.694238 -0.0287716 49 49 255
-55.429 31.837 9.107 0.141172 0 -0.7 0 -0.748581 0.560453 30 30 255
-55.0209 17.813 37.2437 0.0856186 0 1.8 0 -0.905786 0.240418 25 25 255
-41.9226 21.3522 12.9283 -0.29382 0 -0.7 0 0.653384 -0.591388 255 80 80
-47.6276 34.2299 35.3621 -1.93052 -0.847695 -4.04799 0 -0.253841 0.765793 19 19 255
-43.2605 29.855 23.0195 0.117986 -0.350002 -3.03375 0 0.870725 -0.322414 255 24 24
-39.3398 5.12206 23.5664 -1.10124 -0.860463 -3.33075 0 0.691468 -0.721164 194 194 255
-54.2853 25.9724 3.40375 -0.24295 0 4.5 0 -0.663134 0.626848 15 15 255
-39.188 35.9956 11.6316 -0.187638 0 -1.3 1 0.69361 0.596683 255 78 78
-42.5426 30.3041 18.0247 -0.403847 0 -1.61096 1 0.0875016 0.974522 255 11 11
-52.3027 18.497 -2.83625 -0.616152 -0.0903284 -3.5 0 -0.606916 -0.518113 45 45 255
-43.0131 19.5365 1.50287 0.327732 0 -0.0479268 0 0.459811 0.595596 122 122 255
-46.2424 33.6696 36.6996 -1.46375 -0.135943 -3.5 0 -0.470969 0.819202 21 21 255
-41.4765 16.4446 16.6887 -0.257603 -0.223282 -1.18807 0 0.838685 0.534829 255 107 107
-42.4977 32.9378 39.4466 -0.831728 -0.445644 3.8 0 0.791352 0.419805 134 134 255
-47.5998 1.642 12.1198 0.0910951 0 -1.6 0 -0.623562 -0.734262 34 34 255
-56.8463 17.8204 6.88912 -0.275887 0 -2.12091 0 -0.64396 -0.690122 59 59 255
-50.6456 26.8113 -1.26525 0.524072 0.40092 1.8 0 -0.729022 -0.107101 29 29 254
-56.1109 20.9416 16.9598 -0.546143 -0.172267 -0.7 0 0.226512 -0.19886 255 245 245
-51.6099 37.5213 21.0595 -0.158397 -0.715823 -0.767547 0 -0.646975 0.473912 26 26 255
-52.0457 34.5621 25.7442 -0.134373 0 -0.987144 0 -0.874536 0.484063 33 33 255
-43.0621 38.3492 12.4259 -0.67073 0 -1.3 0 0.407437 0.913086 255 153 153
-45.9194 18.3041 -0.2765 0.604432 0 -4.22172 0 0.365811 0.128328 70 70 255
-37.9899 12.1989 -1.74125 -0.0412949 0 1.8 0 0.591965 0.207907 255 129 129
-54.5641 13.3488 4.52531 0.0599965 0 -3.5 0 -0.668709 -0.535543 153 153 255
-44.3348 13.8142 41.6014 -0.0854577 0 0.811609 0 -0.32007 -0.446069 255 195 195
-40.8015 16.0257 42.6334 0.0470298 0 -0.7 0 0.615669 0.4175 131 131 255
-40.2298 22.236 40.3061 1.00401 0.0425916 -3.55603 0 0.866007 0.102268 51 51 255
-50.222 8.69 10.6191 0.585346 0.913704 -1.3 0 -0.901813 -0.188152 255 218 218
-49.8328 7.61613 38.9941 -1.84456 -0.505115 -3.5 0 -0.723661 -0.52908 106 106 255
-45.9425 39.7885 18.2323 -0.164428 0 0.876269 0 -0.126676 0.927062 255 134 134
-37.3094 20.7971 26.5169 0.0392579 0 -3.2 1 0.819114 -0.447285 255 15 15
-46.4931 40.818 30.2781 0.280293 0 -4.5 0 0.393392 0.845201 35 35 255
-38.1049 30.785 5.09169 -2.48818 -0.40611 -3.5 0 0.37076 0.890342 255 95 95
-42.8606 40.9753 24.0774 0.202217 0 2.8 0 -0.345531 0.938235 255 37 37
-44.0368 6.07694 25.2004 -0.260857 0 -3.5 0 -0.779391 -0.579475 230 230 255
-38.8475 32.412 13.291 -0.800722 0 -1.3 1 0.854109 -0.420332 255 28 28
-43.8799 34.6328 21.378 1.85269 0 -3.9 1 0.857917 0.306457 255 42 42
-41.7002 15.9099 23.4403 0.203167 0 2.9128 1 0.899897 0.235901 255 219 219
-37.253 11.603 -0.4165 0.0236746 0 1.8 0 0.833795 -0.32053 255 183 183
-48.6238 40.7551 20.4135 -0.261236 0 -0.7 0 0.288379 0.95457 144 144 255
-55.5745 18.9736 4.0965 -0.144298 0 4.5 0 -0.437447 -0.475728 97 97 255
-42.3956 35.3263 36.9194 -0.700893 0 -3.5 0 0.0802832 0.758834 103 103 255
-58.6032 18.4199 7.09562 0.375249 0.221903 -3.5 0 -0.43988 -0.897132 86 86 255
-54.164 14.0124 6.54775 0.631471 0 1.9 0 -0.470033 -0.881836 94 94 255
-59.2642 27.9251 32.4137 0.00397256 0 1.8 0 -0.522294 0.751361 115 115 255
-55.743 30.6366 2.30063 1.49297 0 1.8 0 0.324355 -0.875501 24 24 255
-44.5937 27.1532 26.5124 -0.180534 0 -0.8 0 0.90498 0.305767 255 33 33
-54.0448 16.4853 2.27675 0.211484 0 -3.5 0 -0.937688 0.347419 191 191 255
-39.8686 38.3438 20.3215 0.146245 0.281164 -0.156844 1 0.561437 -0.827393 255 23 23
-58.7322 26.1572 34.1286 -0.233709 0 1.8 0 -0.618061 -0.160873 151 151 255
-36.4374 14.3673 37.1034 0.147777 0 4.2 0 0.763378 0.14453 42 42 255
-42.1055 17.717 42.6165 -0.0395637 -0.0337586 -2.33652 0 0.694058 -0.101601 171 171 255
-55.0167 27.6985 38.1427 0.00146196 0 -0.7 0 -0.160965 0.640274 72 72 255
-43.6118 40.1511 22.7922 0.061824 0 1.62328 0 -0.234182 0.961326 255 35 35
-40.812 16.313 20.3675 0.00909888 -0.413216 -0.721057 0 0.969866 0.163092 255 218 218
-37.9018 30.1203 7.5055 -0.513369 0 2.8 1 0.517219 0.85106 255 34 34
-37.1565 10.231 17.372 -0.0217116 0 -1.6 0 0.826034 0.127649 255 129 129
-56.2839 22.3109 3.75425 -0.0311054 0 4.5 0 -0.863184 0.169741 43 43 255
-49.81 11.8675 19.2455 -0.428225 -0.645538 -1.85775 0 -0.960113 -0.275549 214 214 255
-41.2739 40.8062 19.4101 0.255907 0 -0.4 1 0.377929 0.882477 255 8 8
-52.8996 35.3849 10.1136 0.225581 0 4.2 0 -0.667141 0.599348 4 4 255
-58.5357 20.1773 10.8473 0.0890278 0 -3.5 0 -0.854448 -0.0348331 40 40 255
-52.4666 34.7775 5.70703 0.0639917 0 2.46816 0 -0.0263763 0.548524 8 8 255
-40.9417 28.3709 42.689 0.00593402 0 3.8 0 0.9382 -0.175706 129 129 255
-38.3167 28.8621 29.4579 -0.447891 0 -0.9 0 -0.0710519 0.472215 255 51 51
-38.8325 33.0829 32.7245 -0.195776 0 -0.9 0 0.331328 0.92441 242 242 255
-42.9531 30.3813 19.2744 -1.09436 0 -3.5 1 0.289973 0.902277 255 16 16
-41.5485 7.48413 -0.488313 -2.1617 -0.438634 -3.5 0 0.464726 -0.808195 255 250 250
-49.0224 14.4811 24.9612 1.02938 0 3.8 0 -0.580467 -0.526318 255 113 113
-37.5695 27.5844 34.6323 -0.0592166 -0.280817 -3.5 0 0.946706 -0.0323842 204 204 255
-44.1709 29.5063 28.2216 -0.164558 0 -0.927904 0 0.661919 -0.675306 255 38 38
-41.317 20.3581 11.7114 -0.070511 0 -0.7 0 0.65672 -0.372815 255 125 125
-50.9277 12.3897 28.9062 1.24967 0 -4.5 0 -0.805234 -0.590779 255 236 236
-46.6147 9.81987 21.6536 -0.108286 0 4.2 0 -0.743341 0.154712 253 253 255
-38.9636 10.6321 35.1857 0.278001 0 4.2 0 0.592609 -0.761621 48 48 255
-43.3112 39.2728 10.192 -0.0917302 0.00249825 -1.3 0 -0.0255809 0.914878 214 214 255
-44.7505 23.93 1.114 -0.0756655 0 3.8 0 0.822579 0.367208 34 34 255
-40.2183 25.1186 39.4973 0.354854 0 2.8 0 0.813668 0.405944 35 35 255
-52.3546 21.272 16.9024 0.314795 0 2.8 0 -0.643951 -0.613282 255 80 80
-51.4548 12.6522 30.6412 1.03192 0 1.08077 0 -0.66279 -0.366935 153 153 255
-49.0004 10.9873 17.7914 -0.355016 0 -1.3 0 -0.948516 -0.157817 201 201 255
-53.1324 15.9048 39.2226 0.486945 0 1.8 0 -0.0221682 -0.243447 101 101 255
-38.2854 32.4747 10.5498 0.0138015 0 -1.3 1 0.978142 -0.172944 255 20 20
-39.0653 24.1768 37.4268 0.362352 0 2.8 0 0.978488 0.0321686 49 49 255
-49.3807 7.15744 11.3092 0.0694275 0.000433199 -1.3 0 -0.764395 -0.431504 250 250 255
-43.4417 7.64225 33.9853 -0.35051 0 4.2 0 -0.156644 -0.9129 11 11 255
-57.4634 24.4371 25.9344 0.429346 0 -0.8 0 0.28558 -0.668815 255 154 154
-49.5225 20.2028 17.2696 0.0605278 0 2.8 0 -0.0144 -0.858781 255 98 98
-45.0276 19.8499 -0.094625 0.01125 0 -0.6184 0 0.641407 -0.110169 94 94 255
-49.0592 38.1068 25.816 0.0678974 0 -0.8 0 -0.359639 0.918286 101 101 255
-50.6063 38.1969 16.8864 -0.299545 0 -1.52304 0 -0.652332 0.578404 20 20 255
-57.2603 25.4963 14.9277 0.377742 0 -0.281294 0 -0.530453 0.0824405 119 119 254
-39.4487 9.09188 8.5115 -0.693591 0 -0.7 0 0.413751 -0.657453 105 105 255
-44.1807 35.7753 34.6686 -0.646958 0 -3.5 0 -0.197594 0.899403 36 36 255
-39.3447 32.6367 34.3457 0.212949 0 -0.9 0 0.718752 0.614546 255 254 254
-51.9003 31.8934 20.5672 -0.751342 -0.866017 -1.2599 0 -0.822319 -0.361106 189 189 255
-39.7245 23.821 22.9695 -0.699329 0 -0.9 1 0.634943 -0.702891 255 29 29
-35.4998 26.649 29.3826 0.259578 0 -3.11671 1 0.0561824 0.0235949 255 50 50
-42.7896 31.6371 28.857 0.120839 0 -1.3 0 0.974265 0.179735 255 84 84
-41.8515 7.23425 12.244 -0.112906 0 -1.3 0 0.862939 0.17738 118 118 255
-46.1025 21.5145 44.7804 -0.0752123 0 -3.5 0 0.274244 0.0746546 10 10 255
-50.2631 20.3332 42.3475 0.0232159 0 -3.5 0 -0.881981 -0.458864 113 113 254
-39.7185 14.9326 17.1059 -0.304789 0 -1.3 0 0.509357 0.860384 255 88 88
-44.6701 32.9786 6.46922 -0.0876657 0 -4.5 0 -0.0302512 0.210405 59 59 254
-51.0093 9.23388 8.25463 0.0734083 0 -0.4 0 -0.764449 -0.630114 255 189 189
-46.116 2.42925 19.2757 0.350069 0.58494 -0.7 0 -0.244894 -0.933254 114 114 255
-41.6131 23.0429 20.442 -0.74964 0 -0.9 1 0.854452 -0.47179 255 41 41
-49.1376 7.98413 36.3695 0.383309 0 -3.5 0 -0.400338 -0.911243 59 59 255
-50.3731 33.1165 -0.932813 -0.409843 0 -3.5 0 -0.364501 0.533547 8 8 255
-49.008 10.1421 0.454812 0.379912 0 -0.7 0 -0.537087 -0.370225 63 63 255
-47.9843 5.32247 11.4705 -0.0905769 0 -1.6 0 -0.969623 -0.117005 247 247 255
-52.27 13.7188 28.8661 1.50966 0.133811 -0.414562 0 -0.650761 -0.758322 255 214 214
-40.2033 7.97578 31.4909 -0.312742 0 4.2 0 0.699693 -0.713854 75 75 255
-39.9518 39.9087 19.5461 0.052851 0 -1.51461 1 0.152134 0.883811 255 4 4
-48.1279 11.1386 28.4478 0.577808 0 -4.5 0 -0.431344 -0.62917 235 235 255
-41.2089 22.9584 1.26403 -0.185994 0 -0.7 0 -0.885659 -0.0463913 111 111 255
-43.4961 34.0408 39.4915 -1.2166 -0.0837256 3.00945 0 0.797662 0.582375 52 52 255
-41.4002 26.2213 23.6758 -0.563232 0 -0.9 0 -0.382937 0.887194 255 58 58
-40.7671 15.692 12.1856 -0.662506 0 -0.8 0 0.996242 -0.084711 255 235 235
-47.2356 40.4506 14.8294 -0.050237 0 1.8 0 -0.226637 0.810745 100 100 255
-38.5518 12.245 19.4587 -0.0104516 0 -1.3 0 0.988353 -0.126092 255 51 51
-40.8353 8.30453 8.95697 -0.659539 0 -0.7 0 0.58669 -0.671661 150 150 255
-46.315 25.6773 24.6257 -0.316868 0 -0.8 0 0.0120905 0.379911 255 71 71
-55.9706 26.2689 5.60125 0.0692747 0 -3.9 0 -0.874476 -0.0728976 52 52 255
-54.5902 29.9614 26.801 0.0760135 0 -1.6 0 -0.555976 0.808648 218 218 255
-38.3739 25.5586 21.7784 -0.0353559 0 -0.9 1 0.930749 -0.180214 255 37 37
-39.2176 22.7174 38.9207 0.526264 0 2.6092 0 0.890065 0.137524 40 40 255
-40.0265 24.898 41.4991 1.03615 0.632481 -3.5 0 0.936309 0.282621 43 43 255
-34.3616 21.5522 2.7935 -0.227356 0 -0.4 0 0.519545 -0.445178 255 205 205
-54.0827 25.9307 40.2713 1.61813 0 -3.9 0 -0.542747 0.740403 28 28 255
-55.9891 33.6539 0.840187 0.395658 0 1.8 0 0.320361 0.650567 45 45 255
-50.0444 17.8105 21.1607 0.293142 0.237035 -0.7 0 -0.784282 -0.397159 255 120 120
-43.7583 40.7001 18.8368 0.173361 0 -0.4 0 -0.333723 0.940493 255 19 19
-48.0147 31.2752 43.769 0.0326447 0 4.2 0 -0.667587 -0.0358471 180 180 255
-45.4939 4.57169 21.5071 -0.433154 -0.223876 -0.7 0 0.0190342 -0.202669 146 146 255
-38.895 13.9795 15.1365 -1.06724 0 -1.3 0 0.455821 0.845336 255 235 235
-51.8785 33.2441 4.74881 -0.694938 -0.0777662 -0.651769 0 0.152938 0.730823 7 7 254
-46.0192 26.2571 0.91925 -0.183372 0 3.08611 0 0.80701 -0.0745012 40 40 255
-46.9154 21.7938 -2.40919 -0.14057 0 3.8 0 0.548144 0.343662 40 40 255
-51.4618 36.677 28.2096 -0.347104 -0.0218212 -1.84121 0 -0.913032 0.150113 10 10 255
-37.9399 11.2621 21.0966 -0.389216 0 -0.7 0 0.946748 -0.263536 255 137 137
-51.7155 19.3122 16.103 0.826847 0.0371317 -3.9 0 -0.324359 -0.424514 255 213 213
-54.1115 22.778 40.678 2.295 0 -3.9 0 -0.445111 -0.774275 43 43 255
-34.0477 29.0302 7.62494 -0.766429 0 -0.8 0 -0.342286 0.872834 255 5 5
-41.2862 6.8785 30.8704 -0.243254 0 4.2 0 0.71734 -0.659294 66 66 255
-46.1573 37.1498 10.4888 0.0115574 0 -1.3 0 -0.589002 0.297886 9 9 254
-57.1993 17.0778 8.37988 -1.43518 -0.0401322 -3.5 0 -0.899732 -0.345034 55 55 255
-46.8361 2.41572 20.8353 -0.55801 -0.627897 -0.7 0 -0.253969 -0.906366 173 173 255
-39.9865 39.3985 24.985 -0.979286 0 2.8 1 0.605496 0.508686 255 28 28
-48.105 3.09844 14.7306 -2.0133 -0.0799673 -1.6 0 -0.912825 -0.319294 29 29 255
-48.5694 13.2414 -0.617125 0.467386 0 -0.7 0 0.179636 -0.11991 36 36 255
-59.447 33.3344 3.53137 3.44182 0 1.8 0 -0.651534 0.63454 154 154 255
-50.9507 20.2964 17.6911 0.499683 0 2.8 0 -0.360506 -0.779392 255 70 70
-40.4787 17.3277 39.7725 0.0929257 0 -0.7 0 0.801426 -0.191563 55 55 255
-51.314 17.3887 -1.86512 0.128717 0 -3.5 0 -0.811753 -0.580509 50 50 255
-42.0726 23.3279 18.4475 -0.199485 0 -0.876755 1 0.945864 -0.166292 255 23 23
-39.9095 36.2984 25.8568 0.231064 0 2.8 0 0.648034 -0.537199 255 21 21
-51.2657 18.0662 24.3761 0.378732 -0.253176 -0.7 0 -0.923812 0.281123 255 86 86
-42.6904 6.348 29.5296 -0.452495 0 4.2 0 0.308053 -0.947653 100 100 255
-54.7876 22.1262 -1.13353 -0.486653 0 -3.5 0 -0.75771 0.443511 32 32 255
-37.7995 10.2469 -1.13806 0.141952 0 1.8 0 0.768694 -0.229606 255 136 136
-40.435 29.615 40.575 -0.0758566 0 -2.58953 0 0.657519 0.578469 183 183 255
-42.3634 29.0438 4.54956 -0.435892 0 2.5 0 -0.255432 0.922152 209 209 255
-52.2507 14.1524 12.7133 0.959104 0.0932976 0.817612 0 -0.673263 -0.168776 63 63 254
-50.7327 29.0309 42.5398 0.191861 0 -0.7 0 -0.221652 0.475261 78 78 254
-46.176 2.77453 9.30294 0.206548 0 -1.6 0 -0.231365 -0.059622 200 200 255
-49.625 19.1714 20.3426 -0.00170887 0 -0.7 0 -0.599587 -0.263387 255 82 82
-49.48 30.5592 37.9703 -0.865374 0 -3.5 0 -0.166152 0.748052 19 19 255
-52.1867 29.7662 -0.171625 -2.36799 -0.839356 -3.5 0 -0.785624 -0.236195 10 10 255
-55.24 31.1653 12.7345 0.238249 0 -0.7 0 -0.254064 0.615274 46 46 255
-39.3179 8.18141 27.0248 -0.320358 0 -0.7 0 0.38025 -0.691484 227 227 255
-46.0011 39.079 32.5494 0.195635 0 -4.5 0 0.325143 0.539867 16 16 255
-50.6395 10.7349 13.3707 0.243058 0 2.8 0 -0.632467 -0.676417 66 66 255
-50.6413 37.8911 33.4211 -0.0444024 0 -4.28103 0 0.33851 0.474318 26 26 255
-45.5339 40.5494 22.5672 0.0986696 0 -0.4 0 -0.0248495 0.999691 255 75 75
-32.1741 25.8415 30.9281 -0.0759144 0 -4.5 0 0.903603 -0.428356 255 55 55
-39.9076 12.9568 12.2099 -1.41581 -0.0246417 -1.44201 0 0.727579 0.480852 138 138 255
-48.8822 28.4975 43.0458 0.875889 0 -0.7 0 -0.417124 0.277789 101 101 255
-41.3212 31.5403 31.1879 0.24175 0 -0.9 0 0.351492 0.619861 255 166 166
-44.3919 12.1441 -3.32175 0.255944 0 1.8 0 -0.851445 -0.0678096 156 156 255
-43.2652 26.1215 21.4969 -0.215349 0 -1.21579 0 -0.546892 0.567221 255 54 54
-51.368 34.9357 34.824 0.104667 0.579264 -3.5 0 0.631156 0.287729 22 22 255
-47.6515 30.2488 -1.2855 -0.181782 0 -3.5 0 0.260753 -0.0601447 26 26 255
-46.1017 4.97113 15.4456 -0.395015 0 -1.1996 0 -0.526297 0.850138 37 37 254
-54.9989 22.5909 17.3506 0.332486 -0.415672 -0.7 0 -0.230572 -0.561233 255 143 143
-52.9038 11.9116 9.63744 -0.619917 0 2.8 0 -0.625163 -0.686072 97 97 255
-37.8126 41.1454 18.313 -0.613459 0 -3.5 1 -0.0152203 0.756833 255 5 5
-56.72 24.8291 35.6217 0.207221 0 -0.7 0 -0.765427 -0.594803 175 175 255
-41.9892 24.3132 15.759 -0.120166 0 -0.8 1 0.932655 -0.299961 255 30 30
-49.6958 36.2811 8.91138 -0.0754139 0 4.2 0 0.364812 0.903565 1 1 255
-51.4836 21.5127 41.3094 0.0533642 0 -3.9 0 -0.721485 -0.541566 71 71 255
-38.2769 34.6233 14.8086 -0.186705 0 -1.3 1 0.93606 -0.195889 255 37 37
-40.1323 37.2345 17.7571 0.687525 0 -1.43494 1 0.216027 -0.78245 255 12 12
-54.2557 16.2228 4.02338 -0.0608591 0 -2.50859 0 -0.74436 0.264898 150 150 255
-51.1797 10.9751 11.8403 0.0204437 -0.074551 2.8 0 -0.623276 -0.657443 111 111 255
-41.2373 39.7067 26.1365 -0.38734 0 2.8 0 0.49259 0.543556 255 33 33
-41.1327 22.3879 43.6012 0.681459 0 -3.5 0 0.823771 -0.453314 68 68 254
-34.2782 18.4905 30.1964 0.268045 0 -0.9 0 0.985962 -0.120977 255 153 153
-53.9815 14.1358 12.2877 0.352295 0 -3.5 0 -0.0983415 -0.364868 48 48 255
-50.1594 37.3917 26.7553 0.00936221 0.72734 -3.63267 0 -0.641853 0.680416 34 34 255
-39.4122 37.2955 22.1467 -0.038622 0 2.8 1 0.314537 -0.662527 255 39 39
-35.2161 19.3391 31.7556 0.163564 0 -0.9 0 0.771084 -0.0994099 255 240 240
-31.9517 24.978 8.61325 -0.191485 -0.242741 -0.8 0 0.761384 -0.54271 255 11 11
-40.5727 13.1902 41.5252 -0.00136359 0 -0.7 0 0.770022 -0.460636 129 129 255
-37.2052 18.2123 27.1128 -0.489865 0 -0.9 1 0.547594 0.263887 255 59 59
-37.832 11.7208 33.7652 -0.381402 0 4.2 0 0.54332 -0.823961 31 31 255
-46.8128 23.343 -1.76319 -0.115061 0 3.8 0 0.343555 0.454878 16 16 255
-43.5585 10.7074 37.763 0.237446 0 1.9 0 -0.0154296 -0.464265 182 182 255
-51.0557 21.5284 25.1671 0.705143 0 -0.7 0 -0.573113 -0.815712 255 83 83
-52.6369 12.0621 2.8975 -0.97085 -0.596077 -3.5 0 -0.160585 -0.972613 184 184 255
-48.0865 35.6527 34.1082 -2.02802 -0.184182 -4.5 0 -0.384705 0.483586 17 17 255
-40.33 34.8853 5.862 -0.332403 0 -4.5 0 0.292316 -0.0642411 164 164 255
-48.4727 12.3696 27.5638 1.171 0 -4.5 0 0.00831534 -0.796215 255 189 189
-40.8701 33.2175 32.1189 -0.372547 -0.0305277 -1.91797 0 0.098959 0.241389 229 229 255
-40.8822 20.0055 20.014 -0.98037 -0.322034 -0.8 0 0.956408 0.291992 255 54 54
-38.4644 24.376 25.1527 -0.00431569 0 -2.93894 1 0.978074 0.179097 255 28 28
-42.4324 28.7089 6.43194 -1.24583 0 -3.2 0 -0.235847 0.908117 255 115 115
-53.0482 34.5321 21.7089 -0.239389 0 -0.8 0 -0.91741 0.115559 26 26 255
-48.1517 11.4071 -0.407313 0.134962 0 -0.7 0 -0.148475 -0.33967 52 52 255
-41.0325 4.08862 23.1653 -0.3504 0.512787 -0.4 0 0.318131 -0.903604 161 161 255
-40.5984 15.0413 22.9636 -0.0197029 0 -0.7 0 0.594183 0.789492 255 230 230
-41.8628 32.2409 6.99569 0.569714 0 -4.5 0 -0.275873 -0.220731 255 191 191
-38.407 14.7867 38.4642 0.982872 0.363608 4.2 0 0.592987 0.241859 75 75 255
-53.115 20.6985 15.6891 0.370194 0 2.8 0 -0.273182 -0.484106 255 203 203
-45.9707 6.29553 21.9139 -0.302547 0 -0.7 0 -0.431843 -0.370846 193 193 255
-56.989 29.7783 11.2224 1.19177 0.0243796 -0.7 0 -0.974638 0.222358 53 53 255
-41.686 22.8043 14.8805 -0.185246 0 -0.8 0 0.951767 0.178431 255 46 46
-45.6105 24.2548 22.2934 0.457214 0 -0.9 0 -0.381947 0.923692 255 30 30
-50.842 14.9646 15.1246 0.192063 0 2.8 0 -0.914331 0.109979 28 28 255
-37.0293 22.1652 28.7348 0.197283 0 -0.9 1 0.88331 0.0423811 255 45 45
-46.3133 17.8779 44.3182 0.10591 0 -3.5 0 0.119691 -0.782764 220 220 255
-47.4379 8.82225 16.826 -0.618579 0 -1.3 0 -0.705783 -0.518254 38 38 255
-40.1608 15.5802 40.0078 0.415107 2.21026e-05 -0.69637 0 0.891868 0.246747 77 77 254
-56.9963 29.1982 28.9115 -0.0471496 0 -1.6 0 -0.406978 0.844142 127 127 255
-51.3106 31.7502 14.9079 0.177811 0 3.8 0 -0.9994 -0.0182081 15 15 255
-40.7263 30.2111 39.6015 -0.132059 0 -3.5 0 0.0623481 0.851276 247 247 255
-50.922 25.5105 42.7155 0.860694 0.0320952 -3.7049 0 -0.534618 0.00249637 84 84 255
-47.9379 6.12686 20.48 -0.098706 0 -0.7 0 -0.522975 0.597606 191 191 255
-52.7045 29.877 19.0158 0.366566 0 3.8 0 -0.608826 0.757232 255 153 153
-50.8055 38.4145 27.7235 0.464505 0.586758 -4.5 0 -0.396492 0.581619 8 8 255
-40.8784 24.1075 19.8311 -0.246322 0 -0.9 1 0.732728 -0.589495 255 48 48
-43.5575 35.0843 38.0277 -1.24055 -0.350665 -3.5 0 0.171535 0.899196 46 46 255
-56.1955 31.0995 6.54573 -0.0508949 -0.78976 1.8 0 -0.482462 0.0862722 69 69 255
-39.1833 29.9508 30.0537 -0.316732 0 -0.9 0 -0.148894 0.49462 255 97 97
-55.5793 14.3405 6.841 0.275215 0 1.9 0 -0.531218 -0.82674 52 52 255
-57.3015 28.932 26.263 -1.14222 -0.0418582 -1.6 0 -0.669635 0.683131 129 129 255
-40.9805 18.4188 1.39064 1.09088 0 -4.5 0 0.654622 0.381875 255 194 194
-52.091 38.4442 19.8504 -0.190349 0 -0.7 0 -0.967395 0.210233 14 14 255
-42.633 25.9985 2.66725 0.318668 0 -1.91082 0 -0.338244 -0.59947 38 38 255
-56.2814 30.0627 24.9987 -0.10175 0 1.8 0 -0.722927 0.492412 100 100 255
-40.1558 30.1969 13.1767 -0.390427 0 -1.3 1 0.839178 -0.40662 255 21 21
-47.1395 6.084 21.2155 -0.0930502 0 -0.7 0 -0.558629 0.379744 221 221 255
-49.8435 24.7415 43.3174 1.29051 0 1.8 0 -0.739503 -0.141485 82 82 255
-39.6633 37.7208 13.6119 -0.652327 -0.231989 -2.6653 0 0.098276 0.661725 255 44 44
-38.7623 12.9649 23.6767 -0.444314 0 -0.7 0 0.747391 0.626465 255 170 170
3 1125 1391 1532 0.581030
3 468 1532 1391 0.623479
3 1391 1125 963 0.557815
3 1190 1532 520 0.326566
3 779 346 2226 0.557438
3 779 2226 1552 0.467450
3 1923 1509 1560 0.455872
3 1923 1725 1509 0.569372
3 1725 1923 468 0.493945
3 1338 1509 439 0.351504
3 1509 350 439 0.185859
3 350 2259 1220 0.086989
3 1220 2259 2654 0.071439
3 963 2334 2871 0.290476
3 963 3028 2334 0.265951
3 1771 2456 3033 0.325289
3 779 1552 2219 0.523745
3 1914 1795 2118 0.403486
3 1795 2610 1006 0.367791
3 1795 1006 2118 0.291745
3 2680 1552 2226 0.492629
3 2746 453 70 0.715040
3 453 109 70 0.717805
3 109 1338 2558 0.654312
3 1003 261 1229 0.685670
3 711 439 1220 0.236848
3 3229 1875 2367 0.270122
3 3233 2367 1875 0.300621
3 1875 2530 3233 0.265128
3 2516 2654 3217 0.160024
3 2287 2244 2946 0.506927
3 3217 2793 2244 0.357470
3 2946 2244 1354 0.422486
3 2600 1354 2793 0.391004
3 3028 2600 2793 0.216247
3 2600 568 1176 0.253777
3 1947 320 3033 0.279922
3 3033 2495 1368 0.207334
3 1368 2495 1990 0.219795
3 3171 2495 289 0.381387
3 1208 289 1159 0.513390
3 1208 1159 1978 0.538095
3 1978 2456 2370 0.500457
3 254 1978 2305 0.453657
3 2370 2305 1978 0.465223
3 2456 520 2370 0.481256
3 2370 520 1914 0.540071
3 2370 2118 2305 0.395449
3 2295 2118 2260 0.235277
3 2118 1029 2260 0.190693
3 2260 1029 1829 0.160905
3 1006 1360 31 0.421796
3 1006 31 1029 0.404598
3 1029 31 1573 0.411524
3 3070 1360 2610 0.518830
3 3070 2610 2680 0.579141
3 1478 2575 984 0.753690
3 1478 984 2902 0.744070
3 1478 2902 2779 0.763445
3 2902 1276 147 0.770443
3 1310 1692 1067 0.477468
3 446 1310 1336 0.209885
3 1229 148 1310 0.328923
3 1336 1310 148 0.202222
3 446 2067 1692 0.283295
3 2328 974 1927 0.199418
3 531 2171 1927 0.243153
3 2171 2040 1406 0.256895
3 1406 2040 2530 0.319566
3 1406 1892 1178 0.187913
3 2516 1169 3108 0.396082
3 22 3108 1169 0.398226
3 1803 22 1169 0.437795
3 1803 1169 2287 0.482780
3 1631 744 564 0.373716
3 2366 1803 697 0.248432
3 697 2741 2366 0.125481
3 697 2946 2741 0.301824
3 2619 1136 731 0.148922
3 2619 731 2741 0.153286
3 2741 731 2796 0.070061
3 1200 1401 1849 0.324421
3 2836 1495 2538 0.356254
3 2538 1210 2836 0.214833
3 1495 1331 1596 0.253790
3 1176 1596 2600 0.225858
3 2538 1176 1368 0.160764
3 1228 2416 708 0.230713
3 1675 1990 1244 0.313558
3 708 1466 1081 0.266674
3 708 1081 1228 0.224053
3 1081 1466 326 0.288378
3 1466 3171 326 0.249117
3 2288 326 1175 0.073782
3 1175 41 2288 0.037263
3 1887 1175 2853 0.179177
3 2853 743 1887 0.274505
3 743 2052 1454 0.333820
3 254 2305 750 0.383235
3 750 2305 2295 0.485940
3 2295 219 750 0.490413
3 2295 2260 1192 0.302058
3 1192 2260 1822 0.223913
3 1822 2769 1192 0.207302
3 1877 1822 2260 0.166494
3 2769 1822 186 0.197558
3 90 2715 1877 0.143319
3 2038 1877 2715 0.149750
3 1573 2133 1829 0.233540
3 1573 1829 1029 0.266958
3 2939 2411 1533 0.519679
3 1533 719 2939 0.271015
3 2411 1106 3192 0.687861
3 3192 1106 1649 0.712301
3 1106 1415 1649 0.599955
3 1649 2779 2682 0.731345
3 147 358 2902 0.848406
3 2794 358 1505 0.897901
3 1817 147 2308 0.876965
3 1800 1692 610 0.489692
3 1800 610 2924 0.532680
3 1692 2067 610 0.342681
3 2067 2255 610 0.354660
3 610 2255 2431 0.384609
3 2255 2067 2328 0.384458
3 2328 2485 2392 0.477206
3 2328 2392 2255 0.486286
3 2485 1927 2171 0.264822
3 2485 2171 2444 0.213511
3 2444 3201 1160 0.098540
3 2444 2361 3201 0.092599
3 2171 2376 2361 0.089317
3 2376 14 2889 0.041337
3 3003 14 751 0.054327
3 3003 751 2641 0.071450
3 2641 2621 3003 0.056092
3 1892 1317 751 0.325586
3 1317 1631 751 0.383036
3 2796 1835 1581 0.053758
3 731 1486 1835 0.066064
3 865 1323 852 0.070294
3 1267 1323 2978 0.060250
3 1200 2451 2168 0.127875
3 2139 2451 2643 0.370612
3 2139 2643 2754 0.251443
3 2451 1582 2643 0.499153
3 2491 1582 2105 0.369043
3 2105 1582 2836 0.351284
3 1210 2416 2836 0.206370
3 3036 2416 1228 0.188632
3 3036 1228 2976 0.133909
3 2976 1228 2288 0.069323
3 2976 2288 824 0.057318
3 3113 824 376 0.051538
3 2452 376 824 0.046184
3 2452 3126 1897 0.114731
3 3126 41 2587 0.054759
3 2587 41 231 0.036230
3 812 3126 2587 0.072244
3 2587 231 166 0.046094
3 1666 166 1887 0.061317
3 1079 964 1520 0.031025
3 1666 1805 92 0.089307
3 1520 964 569 0.028806
3 987 1805 476 0.192762
3 1805 743 476 0.226271
3 987 476 952 0.198288
3 745 1454 219 0.416730
3 952 745 260 0.371946
3 192 1247 745 0.308095
3 260 745 1247 0.302321
3 1676 2295 1065 0.380524
3 1065 2295 1192 0.359042
3 1247 192 2445 0.237543
3 1065 2445 192 0.246630
3 2445 1065 2320 0.186235
3 2560 2603 2038 0.439557
3 2908 2979 2947 0.641187
3 719 1533 2947 0.423318
3 2682 2024 1037 0.848304
3 2050 1505 2359 0.878567
3 682 1505 1817 0.933113
3 682 1227 3168 0.818222
3 2308 2924 2423 0.612330
3 2423 2924 2761 0.451020
3 2924 610 398 0.416644
3 610 2431 398 0.338711
3 2392 2822 2255 0.560321
3 2431 2255 2822 0.600695
3 2822 3222 2431 0.720379
3 924 1160 3201 0.051992
3 3201 2838 924 0.017532
3 98 2186 1047 0.060551
3 98 1047 1788 0.053804
3 3201 98 1788 0.050192
3 1807 1788 1047 0.090564
3 2137 462 1467 0.058848
3 1807 1047 553 0.072746
3 1047 2186 553 0.062452
3 553 2186 2889 0.054602
3 553 2889 3003 0.076141
3 1051 547 2621 0.070092
3 1051 2621 3123 0.045059
3 3123 556 87 0.010708
3 2796 1581 1221 0.065778
3 2960 556 1634 0.015062
3 1221 1163 2923 0.051447
3 2923 1163 2907 0.045708
3 2907 1163 1239 0.043933
3 532 1239 1163 0.043089
3 1239 532 2650 0.042054
3 2650 1267 1239 0.041985
3 1078 1581 2650 0.042625
3 2650 1835 1486 0.041147
3 181 1819 2907 0.063665
3 2907 1819 855 0.061932
3 855 1819 1583 0.071647
3 1960 2978 1724 0.059065
3 1724 2978 2311 0.056591
3 865 1537 658 0.046053
3 658 1537 470 0.046165
3 1537 2168 470 0.064323
3 470 2168 2139 0.174100
3 1292 86 1724 0.025301
3 86 1292 2356 0.026333
3 2356 1292 1602 0.029582
3 2356 1602 1084 0.038134
3 2307 1084 869 0.019650
3 1602 2643 1084 0.074816
3 1084 2643 1117 0.172869
3 1117 2643 1355 0.425211
3 1237 2491 671 0.275257
3 2491 2105 671 0.293647
3 2362 671 2084 0.224394
3 2084 588 2362 0.174639
3 2362 588 1270 0.122947
3 1270 2449 1013 0.093493
3 1196 1013 2449 0.127089
3 2258 106 2693 0.130752
3 106 376 2693 0.072858
3 923 1681 1754 0.115485
3 3126 923 1754 0.126570
3 1681 923 3174 0.127278
3 2194 2094 3126 0.095669
3 3174 2194 2477 0.112656
3 2477 2232 2025 0.094741
3 2912 2477 1079 0.046538
3 2232 2912 458 0.153537
3 458 2912 914 0.131178
3 1590 914 2912 0.075774
3 3065 1590 1912 0.078955
3 2091 3065 2583 0.142351
3 1912 2583 3065 0.127446
3 2985 1606 676 0.044919
3 1695 1606 611 0.141776
3 1606 2985 1975 0.054125
3 1606 1975 2136 0.106745
3 1073 611 2136 0.153821
3 2445 851 2079 0.135577
3 2320 491 851 0.159126
3 491 2706 2535 0.282289
3 2603 1683 2039 0.316599
3 1683 646 301 0.335194
3 2639 2560 1353 0.527878
3 1353 2560 1193 0.397930
3 2639 1353 2147 0.599517
3 2639 2147 184 0.642700
3 2663 1193 2979 0.438185
3 449 1189 1392 0.796175
3 1189 2908 3141 0.795513
3 1894 3141 2505 0.755558
3 2505 3141 1525 0.820496
3 2928 2900 1776 0.875271
3 2122 2102 1525 0.819990
3 2122 1525 1188 0.838750
3 1188 1037 2122 0.821209
3 3150 3115 2102 0.782414
3 3150 2938 1686 0.883071
3 3001 1558 2967 0.488815
3 2967 1558 1869 0.369016
3 122 1428 729 0.346983
3 729 1428 2241 0.481970
3 861 1437 559 0.495280
3 2761 861 559 0.484860
3 2164 2026 882 0.572165
3 882 2026 2018 0.539527
3 882 2018 986 0.455840
3 986 2018 1492 0.419059
3 1492 2018 1769 0.457675
3 5 798 924 0.028371
3 5 924 2838 0.011817
3 5 1737 2974 0.027307
3 2970 1737 2179 0.020503
3 1166 2970 2418 0.014987
3 2179 3231 2970 0.029989
3 2418 2970 3231 0.014889
3 3002 3231 2179 0.041136
3 2137 1467 558 0.043014
3 1467 63 1688 0.114609
3 2117 1720 2632 0.650728
3 2632 906 363 0.733450
3 63 1467 1344 0.192370
3 1489 1344 634 0.413972
3 1344 1467 442 0.179922
3 1344 442 634 0.283410
3 634 442 2415 0.217520
3 3183 3223 534 0.029391
3 3183 534 3073 0.085115
3 534 3223 781 0.017495
3 1365 534 2085 0.044142
3 781 2085 534 0.026111
3 3223 1702 781 0.005402
3 490 2960 2929 0.004637
3 1702 3123 2960 0.006244
3 2960 3123 87 0.006799
3 2132 2960 1634 0.012261
3 1634 2923 2132 0.035126
3 880 939 2923 0.043507
3 2132 2923 939 0.027804
3 2923 2907 880 0.061648
3 880 2907 855 0.055992
3 880 855 3157 0.091759
3 915 3157 855 0.078482
3 3157 939 880 0.045020
3 1583 3165 2203 0.046948
3 3165 1858 1753 0.026892
3 2206 1753 1161 0.014449
3 2206 2307 685 0.012610
3 3151 869 1009 0.030006
3 1237 671 2362 0.262484
3 1633 2362 1270 0.179075
3 1299 3148 1040 0.095985
3 1040 3148 2859 0.151986
3 1040 2859 1974 0.174822
3 1364 1514 1372 0.152127
3 1196 1372 1514 0.146586
3 3148 1364 3161 0.206135
3 765 1364 574 0.209304
3 765 574 1296 0.172930
3 1364 3236 574 0.207184
3 1296 574 2655 0.127762
3 775 3220 2258 0.162199
3 1754 775 2258 0.171397
3 775 1681 721 0.184024
3 721 1681 1087 0.146010
3 1087 1681 1551 0.126757
3 1681 3174 1551 0.176704
3 1551 3174 3085 0.206448
3 1334 329 2042 0.172295
3 1334 2042 1988 0.143365
3 329 2770 2042 0.186197
3 2042 2770 2786 0.325225
3 2450 2232 395 0.276857
3 914 590 2232 0.251695
3 2935 1167 2476 0.192760
3 2476 1167 1303 0.191163
3 1303 1167 2178 0.223458
3 881 2883 2935 0.076206
3 1695 2535 2883 0.095864
3 1007 2535 2039 0.119341
3 2039 2535 2706 0.197993
3 301 455 2049 0.187589
3 2049 455 2492 0.222725
3 3095 455 646 0.473536
3 3095 646 2639 0.585990
3 2639 184 3095 0.606906
3 2147 2565 2678 0.633270
3 3052 876 848 0.722894
3 1894 2190 2791 0.771195
3 1392 2791 848 0.815006
3 224 1694 1607 0.586387
3 1607 3115 2463 0.747608
3 2463 2810 1607 0.732409
3 2810 224 1607 0.744059
3 2237 2463 3150 0.772877
3 3136 3062 3125 0.858381
3 3062 3136 2438 0.873922
3 3207 2906 1411 0.426991
3 3125 1411 529 0.394855
3 1411 2906 740 0.210506
3 1411 740 529 0.179924
3 529 740 1913 0.110558
3 252 2906 1855 0.188760
3 2906 252 2514 0.085161
3 351 3001 2967 0.509810
3 252 732 2514 0.098488
3 1434 96 732 0.260367
3 96 1433 1260 0.262989
3 1260 1597 2071 0.175843
3 10 2567 1260 0.338412
3 1260 2567 1597 0.214276
3 10 1433 1869 0.435789
3 10 1869 1146 0.336275
3 10 1146 2567 0.311173
3 802 2567 2758 0.219640
3 729 2241 1661 0.360307
3 3075 1661 1959 0.338858
3 1959 2761 774 0.306250
3 3075 774 155 0.210688
3 774 664 155 0.172986
3 155 664 1302 0.108878
3 664 559 1656 0.210169
3 1656 559 1041 0.141096
3 1656 1041 2388 0.093132
3 1656 2388 225 0.061814
3 1453 805 1041 0.173338
3 2388 1041 805 0.112551
3 1492 1381 986 0.214662
3 2956 1381 621 0.021761
3 2956 621 1223 0.050153
3 798 1223 701 0.049032
3 2956 220 3218 0.015715
3 776 3218 220 0.015844
3 220 2956 1625 0.012981
3 2436 2159 2426 0.013314
3 203 1166 3074 0.050932
3 3074 2806 203 0.053528
3 2159 203 2806 0.041341
3 270 1710 3074 0.028002
3 3074 1710 1786 0.028850
3 270 2418 1710 0.016006
3 558 3002 2137 0.045128
3 558 1888 1526 0.038354
3 558 1526 2418 0.020575
3 1888 2298 1526 0.035961
3 1526 2298 1808 0.056860
3 1688 3023 2298 0.135266
3 361 2298 3023 0.168656
3 2298 361 1808 0.096184
3 1808 1014 127 0.171008
3 2353 477 185 0.113915
3 3013 1546 1400 0.772987
3 3023 2117 1546 0.437206
3 1400 1546 2117 0.706961
3 3013 1400 508 0.889064
3 508 1400 2101 0.939220
3 2101 1400 1308 0.905322
3 3158 822 1295 0.788194
3 363 30 822 0.638195
3 30 1901 822 0.604591
3 30 1363 1901 0.559853
3 1576 2398 1365 0.157886
3 522 1365 2398 0.187691
3 2398 754 522 0.333707
3 2085 1132 1576 0.074925
3 3015 1576 1132 0.133700
3 781 2532 2085 0.015220
3 2532 2113 2808 0.010366
3 2113 2929 1119 0.005376
3 2132 939 2929 0.008437
3 939 3157 2723 0.024060
3 2723 2808 2113 0.007879
3 2808 2723 1423 0.010276
3 1899 2723 131 0.010680
3 1899 131 2922 0.021567
3 3194 2987 1685 0.049872
3 2206 975 2995 0.024374
3 2703 2581 831 0.020219
3 2307 3151 2662 0.012473
3 2737 1 391 0.066377
3 691 391 1974 0.143694
3 1 1299 391 0.080982
3 391 1299 1040 0.087920
3 391 1040 1974 0.130997
3 691 1974 34 0.223037
3 831 34 2918 0.048044
3 1974 829 34 0.230881
3 34 829 2918 0.116426
3 829 150 176 0.296034
3 176 150 770 0.514273
3 3117 770 150 0.548311
3 835 3117 2859 0.340226
3 835 2347 3117 0.249982
3 2347 835 1092 0.161718
3 2655 2508 1948 0.110703
3 1678 2465 234 0.061530
3 1264 1948 1678 0.045467
3 2508 1678 1948 0.075638
3 1925 234 18 0.045995
3 234 1334 18 0.073418
3 2539 692 1768 0.060225
3 692 1988 527 0.057363
3 692 527 1768 0.094254
3 273 1213 527 0.302200
3 1768 527 1213 0.127632
3 1213 3214 1768 0.392654
3 2786 530 273 0.395232
3 2490 273 530 0.590103
3 639 1023 2450 0.423429
3 2786 2770 1023 0.415085
3 530 324 2751 0.614724
3 1500 639 395 0.665371
3 395 2652 1500 0.603388
3 842 2652 2124 0.586786
3 2634 842 1626 0.489647
3 2124 1626 842 0.518304
3 2652 119 2124 0.457066
3 2124 119 769 0.618731
3 2124 769 2642 0.612481
3 119 2652 2917 0.381956
3 675 2476 2917 0.180580
3 593 2381 2564 0.361240
3 1303 2722 2381 0.347107
3 2722 1303 2178 0.268599
3 2360 337 2357 0.318985
3 2357 2935 619 0.076553
3 619 19 2357 0.083414
3 19 1216 2357 0.176163
3 2685 2831 19 0.084438
3 1216 19 2831 0.152288
3 997 1216 2831 0.192937
3 2492 2831 2049 0.100190
3 2492 2414 2831 0.156381
3 813 2492 455 0.354086
3 2104 1941 3056 0.568397
3 3056 1941 335 0.570042
3 335 1941 1402 0.543487
3 1941 3196 1402 0.578555
3 1402 3196 3098 0.556158
3 3196 2895 1567 0.541266
3 972 1567 174 0.668405
3 2895 876 1567 0.577585
3 1567 3052 174 0.797232
3 3052 848 2184 0.772425
3 2430 749 2264 0.807130
3 1506 1694 706 0.715988
3 1506 706 2775 0.647080
3 2775 3042 1506 0.749820
3 1667 2856 706 0.434155
3 2775 706 2856 0.514244
3 1844 2775 2856 0.311932
3 2810 2856 1667 0.539186
3 1421 2337 280 0.285424
3 1903 463 1587 0.739839
3 2337 1913 2189 0.073951
3 2856 1126 3212 0.053587
3 895 698 2224 0.137785
3 1778 2950 2058 0.130433
3 2058 2441 920 0.083559
3 394 1488 1182 0.138205
3 394 1182 2738 0.134231
3 2886 394 2738 0.125320
3 2514 732 1182 0.097054
3 1182 732 2071 0.082079
3 2071 2248 2738 0.101929
3 2567 29 1597 0.277111
3 2205 1597 29 0.148960
3 2728 2205 802 0.123811
3 29 802 2205 0.224095
3 1315 1674 2728 0.056070
3 1315 2728 235 0.067804
3 1315 235 2673 0.088645
3 2673 235 2777 0.086462
3 2728 802 235 0.084501
3 2952 2777 202 0.068459
3 2805 1775 383 0.119752
3 2952 2627 2963 0.121220
3 1305 2474 1124 0.109219
3 1305 155 2474 0.099715
3 2627 3075 1305 0.165707
3 661 2474 1656 0.073380
3 3209 661 704 0.085433
3 3209 704 1300 0.114819
3 225 704 661 0.076314
3 225 3153 704 0.075548
3 2388 1707 3153 0.074794
3 3153 1707 1318 0.105448
3 636 2524 3044 0.013563
3 1403 136 629 0.011823
3 1019 136 1625 0.008469
3 629 1019 2868 0.006458
3 2868 1019 2806 0.007938
3 3074 1330 2806 0.045987
3 2806 1330 2432 0.017191
3 2353 1387 2055 0.070020
3 1951 1387 3103 0.037692
3 185 3103 1387 0.084392
3 3103 185 1141 0.147150
3 3013 3116 2109 0.932370
3 2101 3158 1870 0.944780
3 3037 1295 3017 0.884068
3 2097 3017 690 0.970081
3 39 1711 524 0.925002
3 418 524 1711 0.882345
3 1295 1901 39 0.784642
3 2464 1363 2689 0.535823
3 2689 754 2464 0.564441
3 2464 754 2398 0.507917
3 2568 2398 1576 0.180648
3 2568 1576 3015 0.117167
3 2568 3015 1741 0.054686
3 120 245 2808 0.025770
3 2532 1132 2085 0.035070
3 1203 3155 1741 0.022910
3 3155 1423 1899 0.031331
3 3155 2721 1422 0.051218
3 2721 1137 2355 0.039227
3 3025 2064 2354 0.135083
3 1916 2354 2064 0.122652
3 484 3025 2354 0.100657
3 3225 484 580 0.058937
3 484 2354 1722 0.063670
3 580 484 1722 0.062992
3 3100 1474 596 0.040622
3 3225 580 1474 0.048710
3 596 1474 549 0.032766
3 1474 1709 549 0.035271
3 580 2995 1474 0.037966
3 1474 2995 1709 0.036849
3 1709 2703 549 0.018821
3 2918 1635 2703 0.019365
3 2918 578 1635 0.020806
3 1309 2918 829 0.090426
3 829 176 1309 0.199610
3 2512 1309 1518 0.093682
3 1575 1518 1309 0.204596
3 770 2315 1575 0.375035
3 1908 1575 2315 0.246856
3 2315 770 3117 0.405963
3 1632 2347 2215 0.175140
3 1591 617 2034 0.184685
3 730 2648 2829 0.091574
3 730 1841 2648 0.101475
3 2427 2209 2827 0.040288
3 355 1290 2539 0.061964
3 978 1290 64 0.144282
3 1290 355 3214 0.284650
3 64 1290 3214 0.330687
3 3214 1213 2490 0.538312
3 2384 2751 1183 0.486302
3 1626 2864 80 0.561188
3 80 2864 837 0.560373
3 80 837 1183 0.621593
3 2864 1432 15 0.771330
3 15 1432 193 0.749496
3 1432 2642 2647 0.718408
3 946 2887 2341 0.223014
3 759 2642 2887 0.540519
3 2887 2642 1399 0.473657
3 2917 2564 119 0.294679
3 2722 2788 2148 0.301241
3 2148 2788 2887 0.260971
3 2341 2788 1969 0.259264
3 1969 3012 2341 0.153859
3 716 3012 1969 0.229808
3 3012 716 2608 0.259559
3 2608 647 713 0.270462
3 647 2178 713 0.283961
3 2360 2357 1216 0.288840
3 2360 1216 997 0.382430
3 2360 1657 2891 0.271133
3 2604 2701 871 0.189190
3 1580 2408 2701 0.287482
3 871 2701 2408 0.245718
3 335 830 3056 0.549424
3 2408 3063 830 0.225372
3 1217 600 335 0.446239
3 830 335 600 0.400125
3 2408 830 600 0.370524
3 972 2312 1827 0.561829
3 2312 1569 1060 0.611530
3 2312 1060 2059 0.793045
3 1426 1569 2430 0.789304
3 1569 3052 2430 0.770745
3 2430 1154 1426 0.827297
3 1154 2293 1426 0.910108
3 2293 1154 1968 0.852838
3 2430 2264 1154 0.756492
3 1154 2264 864 0.838089
3 1154 864 1968 0.797507
3 1968 864 1506 0.783500
3 1760 1085 1968 0.619545
3 2607 1968 1085 0.557150
3 2607 1085 3042 0.400352
3 3042 1085 1760 0.501601
3 3212 2336 1844 0.079827
3 3156 512 767 0.081561
3 3156 767 1048 0.130584
3 1151 1095 767 0.088885
3 3147 767 1095 0.121027
3 1151 3212 1831 0.054821
3 2468 1778 3182 0.105286
3 2224 2468 3182 0.118883
3 2224 3182 3147 0.074783
3 303 3182 2198 0.071716
3 2198 2687 303 0.053709
3 2058 920 2198 0.104031
3 857 2198 920 0.120815
3 24 2327 93 0.115534
3 920 2327 24 0.120108
3 407 1536 2486 0.105165
3 3045 1629 1674 0.083654
3 3045 1429 2486 0.062023
3 957 1429 2586 0.048352
3 1674 2192 1429 0.032918
3 2586 1429 2192 0.045983
3 2586 1784 1424 0.067462
3 1784 61 1424 0.047227
3 1424 61 1777 0.042165
3 61 2471 1777 0.053515
3 343 2783 2471 0.076146
3 343 1070 2783 0.081563
3 1098 103 723 0.083768
3 103 2344 723 0.129406
3 2344 1416 595 0.202503
3 1416 103 2983 0.068046
3 1180 1458 210 0.244701
3 383 1775 1458 0.122221
3 1458 1775 210 0.116096
3 595 1180 2379 0.260311
3 2656 3209 1300 0.131417
3 2656 366 2984 0.055854
3 1904 2383 1956 0.015326
3 608 1318 956 0.057743
3 956 1318 1982 0.052517
3 956 1982 2383 0.031062
3 3044 2383 636 0.014707
3 2677 2920 2563 0.004540
3 208 2387 2868 0.008606
3 208 2930 2387 0.011093
3 3044 2387 2920 0.006479
3 638 2868 2432 0.005647
3 1246 2795 2377 0.017490
3 1246 2182 2795 0.015442
3 2182 1951 1131 0.017193
3 2182 1131 1640 0.018374
3 2589 3103 2681 0.205374
3 3103 2851 2681 0.388712
3 2851 3103 1141 0.450745
3 1918 2109 3116 0.932128
3 1918 3116 1011 0.951728
3 2686 1918 1011 0.899981
3 2681 2686 948 0.646473
3 1911 268 863 0.972708
3 1911 863 2472 0.971459
3 863 40 2151 0.987788
3 40 2087 788 0.977299
3 2087 1011 788 0.969755
3 788 1011 3116 0.973929
3 788 2116 3043 0.985896
3 2116 2905 3043 0.981937
3 1907 2905 1346 0.968106
3 1870 2905 2116 0.978749
3 1346 2905 2097 0.967629
3 1628 1907 916 0.971035
3 1907 592 916 0.942933
3 3132 2083 3179 0.940934
3 2083 690 3017 0.967377
3 3179 524 2712 0.943445
3 2712 524 418 0.920954
3 2568 364 941 0.229039
3 392 364 1153 0.174593
3 392 1153 1378 0.218118
3 1378 1854 392 0.281318
3 1422 2355 1153 0.072486
3 1378 1153 2355 0.099956
3 216 2597 888 0.150233
3 2214 888 2597 0.114414
3 1517 216 888 0.199825
3 2294 1517 1706 0.241176
3 1706 1517 1916 0.211668
3 2294 1706 2850 0.380874
3 2850 1278 2294 0.406583
3 2640 2850 1000 0.522272
3 1000 198 2640 0.559451
3 1000 1064 583 0.398592
3 1000 583 633 0.570396
3 633 583 2606 0.542733
3 1064 2064 583 0.293055
3 2606 583 3025 0.358766
3 633 2606 105 0.573470
3 2606 2997 2131 0.329635
3 2997 1842 3100 0.199389
3 2980 190 3100 0.081095
3 2997 3100 190 0.158341
3 1966 2980 1263 0.039294
3 1417 1263 2980 0.029038
3 1417 2512 1263 0.034819
3 1635 549 2703 0.011801
3 1966 2020 1224 0.059472
3 1224 2020 1447 0.128764
3 1224 1447 853 0.146811
3 1447 2020 1908 0.134671
3 2020 1518 1908 0.155381
3 1908 521 1447 0.254623
3 461 133 2215 0.118922
3 2215 1742 461 0.105400
3 461 1322 314 0.149746
3 133 461 314 0.133216
3 314 853 133 0.156897
3 1322 2440 2299 0.218837
3 1379 1322 2299 0.175642
3 2299 825 1379 0.208629
3 317 1742 535 0.121553
3 2593 535 839 0.175782
3 2593 839 912 0.202344
3 1091 2156 2944 0.119904
3 2156 1851 2944 0.161503
3 2156 1091 1603 0.050108
3 1841 1603 1091 0.024140
3 978 1697 2827 0.083489
3 2827 1697 357 0.109982
3 3214 2384 680 0.468121
3 761 2384 1736 0.582180
3 2384 1183 624 0.577193
3 2384 624 1736 0.650442
3 1736 3008 1039 0.545530
3 2864 15 3008 0.743784
3 15 193 3008 0.685053
3 3008 193 771 0.575287
3 3008 771 2063 0.590852
3 696 2257 2926 0.318868
3 2200 946 2628 0.360226
3 946 2842 2628 0.289149
3 2842 2341 307 0.142287
3 2842 137 55 0.237873
3 2842 55 2897 0.166883
3 137 757 55 0.231279
3 2897 55 689 0.141571
3 2095 757 3091 0.126011
3 757 2608 3091 0.203319
3 713 1926 2608 0.289841
3 1926 1657 365 0.154234
3 2604 365 1657 0.183102
3 365 2604 2216 0.106529
3 2125 681 2646 0.072692
3 2646 2940 1861 0.113799
3 1861 2940 2399 0.132734
3 1570 2955 2399 0.190952
3 2602 426 1750 0.337597
3 426 2955 2048 0.277196
3 1750 426 2250 0.467615
3 2048 2250 426 0.454532
3 2048 966 2250 0.318285
3 2720 2955 2310 0.273596
3 966 2720 2421 0.438132
3 2697 2312 2059 0.744265
3 2697 2059 107 0.717246
3 107 2059 2577 0.662722
3 2221 3057 2925 0.584608
3 1245 3057 2221 0.335310
3 218 1245 1285 0.117878
3 218 1285 2183 0.122608
3 2790 2394 2336 0.296504
3 2394 1844 2336 0.247648
3 2713 2971 2790 0.145309
3 2971 1269 2790 0.311234
3 3064 2790 1269 0.430638
3 2713 512 3156 0.073763
3 764 3178 622 0.289412
3 622 3178 541 0.196131
3 292 1198 3182 0.106761
3 3147 3182 1198 0.113357
3 541 292 1184 0.187114
3 1184 622 541 0.193123
3 292 3182 1139 0.109919
3 1139 3182 303 0.077146
3 1139 960 1293 0.085743
3 622 1184 3169 0.224308
3 277 2736 960 0.051955
3 1293 960 2736 0.068699
3 3169 1293 649 0.072372
3 2736 649 1293 0.073962
3 2736 2120 2879 0.069924
3 2736 2879 3228 0.076007
3 1646 2687 23 0.078978
3 2687 1287 23 0.090704
3 1287 857 1972 0.104872
3 2120 1620 563 0.099868
3 1620 1972 563 0.090921
3 563 1972 93 0.103913
3 563 93 378 0.116789
3 2120 563 2879 0.108505
3 563 20 2879 0.081966
3 2879 20 981 0.084207
3 20 400 981 0.112107
3 2879 981 659 0.066442
3 659 981 897 0.109652
3 3026 3130 985 0.142142
3 400 2327 3130 0.124643
3 985 2023 407 0.128971
3 3026 985 221 0.224209
3 1651 221 985 0.193900
3 221 1542 3026 0.176905
3 1542 221 1516 0.142009
3 1516 221 957 0.125967
3 2486 957 1651 0.094418
3 221 1651 957 0.093717
3 1759 1687 2817 0.059814
3 2108 1687 340 0.115802
3 2108 340 2060 0.106741
3 1687 1777 340 0.112767
3 2060 340 808 0.098926
3 2060 808 3041 0.085879
3 3041 2061 172 0.063536
3 2061 2783 1487 0.060557
3 3107 1487 723 0.091035
3 723 2344 3107 0.211526
3 2344 2531 1917 0.214884
3 2531 2592 1917 0.150041
3 2531 1298 2592 0.270750
3 2592 1298 1431 0.301060
3 1431 1298 1419 0.224266
3 3226 2236 1419 0.164532
3 1419 2236 1357 0.159766
3 2127 1357 2236 0.177018
3 650 2763 1449 0.055461
3 100 1449 1904 0.024454
3 2763 1904 1449 0.039003
3 1449 100 1366 0.022035
3 100 1301 1366 0.016994
3 1301 100 523 0.011742
3 523 100 1956 0.008338
3 100 1904 1956 0.021705
3 3044 2920 523 0.005397
3 1301 523 2677 0.007729
3 2920 2677 523 0.008125
3 2547 3046 3120 0.017210
3 1809 905 2778 0.003623
3 1062 3173 1425 0.003173
3 3173 2636 1425 0.003412
3 3173 1541 652 0.002856
3 1541 756 652 0.003095
3 3173 2563 2920 0.004695
3 2073 756 2795 0.010903
3 2798 2073 2795 0.021357
3 2795 756 2377 0.012980
3 1640 117 2798 0.034675
3 117 1640 1131 0.032749
3 1131 961 117 0.088165
3 1142 2870 304 0.499733
3 1142 304 3059 0.419818
3 1312 948 560 0.726155
3 3004 1312 2773 0.821735
3 560 2773 1312 0.819955
3 2015 1089 3004 0.746143
3 3059 3004 2242 0.640442
3 1089 2242 3004 0.686110
3 2773 1535 2015 0.886969
3 3237 1535 1610 0.936618
3 2092 3237 694 0.912782
3 1610 501 694 0.960786
3 501 2472 1703 0.961153
3 1703 2472 1727 0.977199
3 2472 2141 1727 0.971574
3 2141 2472 2151 0.980291
3 3043 3097 2151 0.990954
3 2151 3097 3170 0.993089
3 3097 933 609 0.994099
3 609 933 1033 0.993536
3 3184 1847 1653 0.948032
3 1653 1473 3184 0.949854
3 1566 247 3140 0.950528
3 3140 247 2424 0.954969
3 247 3132 2424 0.944472
3 2424 3179 2712 0.901131
3 763 1600 597 0.630939
3 597 1600 601 0.766132
3 597 601 1147 0.900157
3 177 1909 1698 0.650014
3 1909 177 1513 0.579117
3 1513 2433 1909 0.619961
3 1513 177 2716 0.419732
3 1185 2716 632 0.448678
3 177 294 2716 0.408652
3 1278 160 3197 0.379613
3 160 3049 3197 0.488820
3 160 1278 1622 0.376426
3 1622 3049 160 0.370084
3 3049 1622 3078 0.426613
3 3078 1655 422 0.579222
3 409 904 1655 0.623186
3 1992 904 502 0.706081
3 409 105 904 0.690591
3 502 904 2787 0.704699
3 2997 825 2674 0.326315
3 440 448 3047 0.313954
3 440 3047 281 0.344461
3 1785 1133 934 0.155657
3 1891 934 1133 0.120155
3 495 1891 1133 0.110900
3 1785 1659 1441 0.206735
3 1441 1659 2230 0.101081
3 2230 1659 2156 0.081690
3 1603 2827 1232 0.048684
3 1939 2230 1232 0.131578
3 1939 1441 2230 0.100373
3 3180 1441 1939 0.095656
3 2204 3180 1939 0.104396
3 2204 1939 818 0.132334
3 818 459 2204 0.177497
3 1232 818 1939 0.112155
3 1232 2827 818 0.052976
3 459 818 2827 0.114095
3 665 2204 2913 0.068906
3 1815 2247 2204 0.156249
3 2762 2247 2916 0.078930
3 1815 1697 3035 0.338553
3 3009 3035 761 0.423789
3 1268 492 3009 0.213450
3 389 2227 3187 0.172730
3 492 3187 2227 0.148120
3 2063 1840 1039 0.512448
3 1039 1840 1439 0.532614
3 1439 1840 635 0.440880
3 1856 2300 2717 0.390695
3 1061 1994 2717 0.261823
3 2300 771 2926 0.353759
3 2926 771 696 0.330769
3 2257 1116 3191 0.275251
3 3191 1116 965 0.331744
3 2257 2628 1116 0.295827
3 143 1116 2628 0.272059
3 2628 2897 143 0.250006
3 143 1206 312 0.141478
3 965 312 645 0.144971
3 312 1206 299 0.092330
3 312 299 645 0.128378
3 709 1206 689 0.068929
3 709 689 684 0.067902
3 709 1347 1027 0.025300
3 645 97 625 0.080115
3 1347 2574 1027 0.017286
3 1369 2646 1861 0.037376
3 2574 1252 1472 0.006142
3 2574 1472 2537 0.010079
3 2537 1472 1729 0.010440
3 2602 1056 1717 0.152456
3 2602 1787 3142 0.262707
3 1056 2602 3142 0.168490
3 1787 1942 1898 0.583620
3 1787 1750 1942 0.507698
3 1898 1942 2319 0.479331
3 3018 2250 2710 0.476282
3 966 2710 2250 0.381982
3 2772 996 2710 0.606307
3 966 2421 2772 0.621940
3 996 2772 2614 0.652595
3 2614 2162 2273 0.765991
3 2273 2577 784 0.644375
3 2273 784 2614 0.689853
3 2710 996 83 0.501235
3 2106 83 996 0.454710
3 2710 83 3018 0.478514
3 3208 121 3235 0.394539
3 3208 253 121 0.375528
3 253 3057 1012 0.485955
3 2183 2169 2757 0.209851
3 807 2757 2169 0.313221
3 2169 2183 2964 0.138697
3 2964 1732 2169 0.134816
3 2964 0 1732 0.094483
3 3215 2964 2848 0.077907
3 2964 2183 2848 0.093864
3 3215 2848 1174 0.104866
3 1174 2848 1269 0.258233
3 2848 3064 1269 0.208311
3 3215 1174 71 0.082424
3 1269 71 1174 0.225439
3 2971 2713 712 0.130777
3 712 2713 3156 0.068490
3 712 3156 2483 0.150096
3 712 2483 73 0.153309
3 2483 2626 73 0.156510
3 1162 2626 2274 0.130920
3 3068 2483 3011 0.436619
3 2499 2483 3156 0.232631
3 1543 248 3088 0.505386
3 248 2776 228 0.462902
3 2776 649 3027 0.083681
3 2736 3228 3027 0.074225
3 2817 720 737 0.132761
3 2435 737 720 0.164253
3 2435 2108 3024 0.151286
3 1102 2860 2818 0.039524
3 1102 2818 172 0.026415
3 172 1818 1102 0.026468
3 1102 1818 2990 0.020325
3 2990 2860 1102 0.037678
3 2990 896 2860 0.033881
3 1818 3107 2828 0.044269
3 2278 2828 1917 0.130474
3 3107 1917 2828 0.083888
3 1088 408 575 0.087454
3 2278 1917 2592 0.142140
3 575 2592 1431 0.181470
3 575 1431 1088 0.159744
3 1253 1431 1921 0.209923
3 1921 1484 1253 0.260335
3 1419 1921 1431 0.245386
3 1419 1357 1921 0.173444
3 1357 1389 3135 0.197755
3 679 2439 2127 0.197869
3 1222 1366 322 0.049804
3 2911 2566 679 0.073847
3 2547 2566 2911 0.038369
3 1721 1652 3046 0.021818
3 1301 1652 1721 0.016809
3 892 1121 243 0.004957
3 243 1121 1265 0.004602
3 243 1265 2502 0.010982
3 1265 1121 618 0.006245
3 1121 2733 618 0.005385
3 2281 1425 493 0.004646
3 1446 2636 3129 0.013994
3 2636 2073 3129 0.009257
3 2768 1479 3129 0.016983
3 78 2768 2069 0.035643
3 78 2069 2458 0.060240
3 2768 3059 2069 0.075963
3 2069 3059 620 0.172939
3 3059 2768 1142 0.215856
3 1142 2768 431 0.092999
3 1142 431 643 0.158142
3 643 431 2798 0.088952
3 643 2870 1142 0.336128
3 2015 3237 2670 0.877216
3 3237 467 2350 0.917653
3 467 2028 1110 0.934910
3 467 1110 2350 0.914553
3 1110 3175 2350 0.913604
3 1283 1110 2028 0.966420
3 1283 1238 1110 0.960005
3 3175 1110 1238 0.935427
3 607 1283 2401 0.990231
3 2028 2092 1865 0.977712
3 1865 2092 2393 0.986068
3 1865 2393 648 0.985576
3 694 838 2393 0.965783
3 838 1703 2393 0.967438
3 648 251 2342 0.988557
3 251 1501 2342 0.986729
3 2342 1501 540 0.988562
3 1501 42 540 0.988125
3 609 2437 3170 0.985571
3 609 1033 2437 0.989911
3 2872 1275 2228 0.978002
3 1275 1320 2228 0.985581
3 2872 2228 3032 0.970814
3 3184 2927 417 0.903759
3 1895 953 1271 0.965370
3 1895 2556 1566 0.938760
3 1566 3140 1895 0.962994
3 953 1895 3140 0.958954
3 427 3140 2424 0.954158
3 3140 427 1147 0.961465
3 2962 1527 2584 0.963798
3 2962 2269 1527 0.936648
3 2269 2962 1909 0.833791
3 2433 3082 2269 0.836268
3 2494 3082 2433 0.799220
3 2494 3162 3082 0.753968
3 3082 3162 483 0.818484
3 3162 3197 2238 0.500581
3 2238 3197 2807 0.427419
3 3078 555 3049 0.385505
3 1258 3049 555 0.568821
3 3078 422 1343 0.499674
3 555 1343 1663 0.577742
3 422 1756 315 0.603132
3 315 1756 1716 0.509031
3 1992 1204 977 0.298355
3 977 1204 2196 0.283574
3 281 1066 3145 0.393091
3 1066 2708 3145 0.354682
3 2708 2196 3145 0.323602
3 3111 2390 495 0.100951
3 1066 3047 2390 0.230020
3 3061 3111 2249 0.055721
3 3061 2249 2802 0.042746
3 1177 1133 102 0.137099
3 1441 3180 102 0.188605
3 3111 738 2249 0.088370
3 2913 3180 665 0.104680
3 738 2913 2249 0.109964
3 3110 2762 1773 0.098064
3 1773 2762 2916 0.054157
3 2916 2631 1852 0.114252
3 2227 3216 2462 0.118610
3 3137 2462 3216 0.099393
3 389 666 3216 0.230920
3 3216 666 3206 0.175270
3 666 506 89 0.231948
3 89 506 2717 0.309946
3 89 2717 1994 0.253374
3 584 382 2661 0.157299
3 584 2953 678 0.186597
3 678 2351 584 0.188628
3 678 640 2351 0.093965
3 164 2953 2012 0.304119
3 2953 1061 2012 0.265037
3 2012 1061 1615 0.258510
3 1615 352 3191 0.378696
3 1615 1100 2012 0.412705
3 1100 965 1455 0.270313
3 1100 1455 75 0.192020
3 75 2843 1100 0.218498
3 2914 625 3069 0.034459
3 1231 1929 1611 0.009112
3 3128 1611 3142 0.113671
3 626 2711 1307 0.460138
3 3142 1929 1056 0.040785
3 1929 1729 1056 0.011141
3 1056 1729 1717 0.047435
3 2319 1380 156 0.513232
3 2319 1868 1380 0.462473
3 3118 3208 1358 0.329311
3 3208 3235 1358 0.418171
3 3235 3221 2005 0.475813
3 3221 807 2005 0.216282
3 1351 1408 2277 0.133849
3 1408 1351 2000 0.071358
3 1732 807 2169 0.154036
3 2840 0 2964 0.052220
3 2964 3215 2840 0.045521
3 2840 3215 154 0.058135
3 717 2396 2274 0.131422
3 3215 71 2396 0.076814
3 2396 71 204 0.095391
3 3215 2396 154 0.083070
3 2274 2626 2072 0.192113
3 2626 2150 2072 0.220391
3 1277 3094 480 0.336097
3 3094 2150 3068 0.406316
3 3068 1751 2739 0.648477
3 3011 3088 1371 0.700274
3 1371 3088 1713 0.758195
3 386 3088 2522 0.655730
3 2522 3088 228 0.644602
3 2522 228 1138 0.564362
3 794 1138 2776 0.379884
3 2459 794 3027 0.392122
3 3027 3007 2459 0.322471
3 1859 2459 3007 0.405230
3 866 2459 1120 0.512823
3 2832 1534 1187 0.450206
3 1534 3007 1187 0.331613
3 1187 3007 2683 0.267928
3 2482 1613 2683 0.250437
3 1187 2683 35 0.318617
3 1613 3177 2683 0.376341
3 35 2683 2695 0.303391
3 1613 2692 3177 0.250578
3 3177 2692 3024 0.215580
3 2692 2435 3024 0.245296
3 3024 2313 2528 0.144634
3 1071 2313 1952 0.192408
3 2818 2830 803 0.060200
3 803 2830 1952 0.079869
3 2830 2818 2860 0.054567
3 589 2830 2860 0.055884
3 2598 2830 589 0.057777
3 2598 896 2434 0.029018
3 797 1404 2434 0.015650
3 637 1385 2434 0.012154
3 2550 2278 2363 0.088737
3 2363 2278 2592 0.142277
3 2363 2592 575 0.120845
3 3029 575 408 0.082523
3 1944 1804 3029 0.037405
3 998 3029 1804 0.054627
3 1804 1944 2965 0.088996
3 2965 1944 2582 0.121110
3 2582 1593 2965 0.243311
3 1088 2582 1944 0.171260
3 1088 1253 2582 0.251505
3 1593 2582 1766 0.313858
3 250 3135 1766 0.275968
3 250 1921 3135 0.371880
3 3135 344 762 0.449709
3 1857 344 787 0.299523
3 787 2447 1857 0.233473
3 1389 2439 787 0.181554
3 1389 2127 2439 0.175063
3 183 2447 2439 0.194905
3 2447 183 3114 0.150912
3 780 3114 183 0.103001
3 780 2566 1195 0.098871
3 51 2709 2010 0.028431
3 2371 2709 51 0.030375
3 3114 2709 12 0.046699
3 12 2709 998 0.035067
3 2709 2371 2820 0.022254
3 2709 2820 998 0.029118
3 12 998 823 0.051706
3 998 2820 3029 0.030083
3 3114 2858 2447 0.111988
3 2858 2029 1857 0.215418
3 1857 2029 2965 0.191431
3 1857 2965 762 0.362661
3 762 2965 1802 0.468791
3 1802 2965 1593 0.312527
3 3135 762 1766 0.378268
3 2835 2371 1212 0.018579
3 2835 1212 3152 0.019554
3 2371 230 1212 0.022259
3 113 2562 2062 0.020749
3 2562 1934 2062 0.017575
3 3120 1319 936 0.015231
3 1265 1730 2502 0.009623
3 988 2502 1934 0.013295
3 1730 1934 2502 0.010751
3 1265 1359 1730 0.013937
3 1934 1730 2324 0.012130
3 2314 1359 1748 0.016388
3 1618 1748 1359 0.013052
3 2326 3087 2138 0.026956
3 375 2138 1748 0.014726
3 2326 2253 3087 0.031035
3 1545 1446 1479 0.060414
3 1446 3129 1479 0.023687
3 1021 162 1383 0.057002
3 1254 505 2458 0.112320
3 2458 505 1799 0.173201
3 2458 1799 2698 0.122559
3 505 436 1799 0.345104
3 2698 1799 958 0.153559
3 2242 2743 436 0.659560
3 2187 2991 1699 0.894377
3 982 1699 2991 0.904760
3 1745 1291 3175 0.940350
3 1745 313 2406 0.963022
3 2406 313 2170 0.965546
3 74 313 1238 0.967548
3 74 1238 3176 0.970291
3 3176 893 2170 0.971811
3 893 2021 1375 0.961322
3 2021 2966 2318 0.963906
3 2021 2318 123 0.949748
3 2966 893 1503 0.955012
3 2966 1503 891 0.966499
3 891 1503 2872 0.969790
3 2825 472 1352 0.871503
3 2825 1352 3020 0.888202
3 76 1352 2747 0.947888
3 1352 472 327 0.898813
3 327 472 2927 0.913119
3 1339 2927 1271 0.952077
3 1339 953 1740 0.952834
3 3020 76 1585 0.952527
3 877 1585 76 0.966219
3 877 2245 1585 0.960415
3 1173 877 950 0.964438
3 1173 950 2130 0.951082
3 2780 1173 2130 0.894031
3 2130 1562 2780 0.902196
3 1562 2704 2780 0.896059
3 2780 2704 2629 0.903140
3 2629 2704 1114 0.888229
3 3054 1114 1915 0.889849
3 1915 1114 483 0.877556
3 2704 3082 1114 0.892118
3 1114 3082 483 0.847655
3 483 1168 1915 0.866603
3 1915 1168 1156 0.936944
3 1168 2325 1156 0.887308
3 2325 1168 3227 0.845608
3 1156 2325 2493 0.841007
3 2493 2325 478 0.875840
3 478 2325 3048 0.866592
3 2422 3227 2807 0.707384
3 2807 3227 2238 0.706243
3 1396 2888 612 0.621647
3 922 612 2888 0.641153
3 2888 1396 1833 0.385094
3 2301 139 315 0.600075
3 315 2119 2301 0.566660
3 1833 2301 2286 0.644290
3 2638 1716 2982 0.261831
3 2982 1716 2622 0.392953
3 2622 1992 2982 0.517046
3 2982 1885 1452 0.188140
3 1987 3067 134 0.087198
3 1452 1987 134 0.191702
3 2588 3110 84 0.087175
3 726 2588 2460 0.057538
3 937 2460 2588 0.042084
3 2212 195 1852 0.034819
3 195 1773 1852 0.034646
3 2212 496 1475 0.070280
3 496 1852 3137 0.062978
3 2601 3034 3206 0.166971
3 3206 3034 2585 0.119357
3 991 2601 2351 0.084129
3 382 2351 2601 0.077647
3 2351 928 1026 0.049666
3 928 640 3058 0.057047
3 3058 640 678 0.109216
3 678 164 3058 0.158591
3 2942 2815 1612 0.185268
3 2843 2815 2942 0.180617
3 1612 3096 2128 0.164772
3 2128 3096 1324 0.160167
3 1324 3096 1511 0.144584
3 3096 1979 3128 0.106375
3 3128 1979 1669 0.062641
3 1669 1979 1155 0.047025
3 3096 2834 1511 0.151102
3 2834 3128 2731 0.211920
3 626 2719 2731 0.420524
3 2719 2007 2731 0.384794
3 3154 2719 2027 0.526250
3 2719 626 487 0.359918
3 626 847 487 0.347673
3 487 847 1696 0.264835
3 1696 847 471 0.215469
3 156 1380 847 0.437861
3 847 1544 471 0.206349
3 1544 3203 2989 0.362902
3 3203 894 2540 0.210968
3 1497 2540 927 0.219963
3 3118 2082 1476 0.286039
3 1530 3118 1358 0.340529
3 2957 3089 2339 0.303269
3 2277 3089 3131 0.247527
3 2819 526 1408 0.054629
3 2819 2256 38 0.045041
3 38 2256 1306 0.059223
3 1306 3133 38 0.040371
3 3133 2375 1643 0.068622
3 3133 817 2375 0.053597
3 2375 817 2998 0.043497
3 2135 817 3133 0.062940
3 2135 1277 817 0.081205
3 480 1211 1498 0.577811
3 2635 1036 748 0.400679
3 2739 760 2309 0.733476
3 2739 2309 3094 0.639781
3 3094 2309 1211 0.718041
3 1211 2309 1571 0.723557
3 2705 760 722 0.678611
3 722 1713 2813 0.688573
3 293 2813 2529 0.500082
3 2529 1713 3088 0.650716
3 2529 3088 386 0.577846
3 2529 386 1553 0.602280
3 955 902 1553 0.575340
3 902 955 1734 0.547373
3 1772 902 1734 0.421945
3 955 402 1734 0.507491
3 1734 402 660 0.317695
3 859 1734 1096 0.396367
3 660 1096 1734 0.352339
3 2522 866 2053 0.608408
3 2053 866 1120 0.561681
3 1715 3193 2115 0.243602
3 1715 2115 999 0.279310
3 795 1311 2254 0.198987
3 2254 1311 2832 0.260822
3 2832 1311 3193 0.339170
3 2832 1187 1821 0.434128
3 2254 528 1413 0.280848
3 528 2695 1413 0.363397
3 1413 2695 3031 0.325884
3 1594 1413 654 0.321686
3 1413 3031 654 0.456011
3 2748 3031 3177 0.290608
3 1071 2903 1480 0.193959
3 1071 1480 2251 0.220360
3 2251 1480 654 0.241325
3 1952 2845 2903 0.190992
3 2845 2649 2903 0.178236
3 2903 2649 1574 0.165432
3 2649 2845 3143 0.142305
3 2649 3143 401 0.079540
3 3143 128 566 0.021362
3 2121 1971 128 0.027303
3 128 1971 566 0.018638
3 566 1971 263 0.019816
3 1971 2580 263 0.019365
3 1971 2121 1995 0.023859
3 2076 1860 797 0.016105
3 2862 797 1860 0.015045
3 3152 67 631 0.022895
3 3152 631 1860 0.021700
3 67 1090 631 0.026689
3 316 631 2961 0.069574
3 316 2961 2031 0.132879
3 1090 1671 479 0.022424
3 479 2675 1090 0.028960
3 479 1671 1212 0.016802
3 1671 3152 1212 0.018758
3 479 3092 2675 0.018090
3 113 2062 3092 0.014797
3 1890 672 2578 0.007614
3 498 519 2324 0.024005
3 519 498 2306 0.036260
3 2306 2578 519 0.025709
3 1496 2056 2306 0.052132
3 2857 2513 1086 0.043808
3 242 238 2561 0.048749
3 242 951 238 0.033949
3 2420 238 951 0.041069
3 242 311 388 0.025949
3 242 388 951 0.030377
3 311 2324 388 0.014570
3 388 2324 2314 0.013621
3 1748 2420 951 0.043771
3 2110 3087 432 0.153214
3 2110 432 2487 0.172631
3 3087 630 432 0.053417
3 432 630 32 0.030436
3 32 630 1021 0.035920
3 630 785 1021 0.067115
3 1482 3195 2487 0.171174
3 1482 2405 2458 0.077893
3 3195 2698 1456 0.140315
3 2698 958 1456 0.201126
3 1456 958 1938 0.470938
3 1123 1825 1762 0.548770
3 1762 1825 1333 0.802359
3 1825 1938 1333 0.742863
3 3195 1762 2507 0.591518
3 2784 2507 550 0.735268
3 1333 2373 1565 0.903395
3 1266 1565 2187 0.883488
3 1565 1266 921 0.942555
3 1333 1565 921 0.915565
3 3066 3019 2030 0.971326
3 1504 1699 982 0.948302
3 1745 662 1291 0.953345
3 1291 662 2193 0.941316
3 2406 2170 1375 0.964997
3 662 2406 416 0.951097
3 2193 662 1342 0.942090
3 416 1342 662 0.955715
3 1375 1172 416 0.959384
3 1342 1172 2481 0.958097
3 123 2318 2185 0.857572
3 2340 2185 2165 0.916832
3 2318 2542 2185 0.883859
3 1321 3020 1585 0.960369
3 1321 2165 3020 0.932970
3 2165 1321 2340 0.939828
3 1585 1341 1321 0.970269
3 3050 1341 1733 0.960777
3 1341 1585 2245 0.966881
3 1341 2245 95 0.945669
3 1733 1341 95 0.958847
3 291 2409 653 0.949634
3 2629 3054 2977 0.934746
3 3054 1471 734 0.946546
3 755 1538 82 0.961512
3 755 82 2572 0.963607
3 2572 2493 2959 0.944808
3 2493 2349 2959 0.923245
3 3048 2275 2782 0.915807
3 2275 2422 922 0.786203
3 2275 1113 2782 0.929564
3 1113 2888 2395 0.787546
3 809 2286 2625 0.833038
3 809 2403 2395 0.719630
3 772 58 1524 0.824166
3 58 2625 1524 0.804198
3 1524 2625 1179 0.769248
3 2123 1524 935 0.703543
3 935 1524 551 0.773179
3 935 551 702 0.708236
3 1524 1179 551 0.747540
3 2270 1462 3053 0.316776
3 1326 2785 371 0.439723
3 2035 726 2460 0.087979
3 2460 180 2035 0.106628
3 180 2460 2330 0.094049
3 2460 2212 1035 0.118562
3 1035 1046 2894 0.228759
3 2585 1057 3206 0.120724
3 1779 2676 1438 0.155696
3 2676 91 2240 0.063693
3 2240 1623 2676 0.137754
3 91 488 1967 0.052580
3 488 3034 1967 0.045786
3 1967 3034 991 0.043263
3 1967 1493 2240 0.041923
3 2240 1946 3189 0.045340
3 1708 3189 2332 0.030546
3 733 1324 655 0.176748
3 1324 2536 655 0.132173
3 1880 655 2536 0.136562
3 2536 2834 2400 0.164010
3 2400 2007 3154 0.353925
3 2400 2140 2666 0.255037
3 2400 2666 2536 0.122373
3 2027 1696 349 0.252031
3 2027 349 846 0.304197
3 1696 2002 349 0.247932
3 846 349 396 0.261052
3 724 2002 2989 0.412295
3 2989 3203 2364 0.357123
3 2364 3203 1621 0.327702
3 1497 2068 668 0.249723
3 668 2068 1215 0.374879
3 1497 2443 2068 0.259696
3 2957 2339 1845 0.290772
3 2068 1845 1812 0.357088
3 2941 3089 1148 0.175093
3 2941 1148 2454 0.113891
3 1148 526 2700 0.107276
3 1148 2700 341 0.051843
3 2289 2454 341 0.050481
3 1004 1643 752 0.061391
3 2181 752 2375 0.031410
3 1498 1036 2998 0.108957
3 474 1965 2943 0.077853
3 3149 1362 2943 0.279636
3 3149 2635 748 0.498199
3 748 1571 3149 0.532701
3 1571 2309 2081 0.662577
3 114 2309 2705 0.764006
3 2705 1976 114 0.681404
3 114 1976 2081 0.670580
3 3149 2081 1991 0.414232
3 1991 1976 1463 0.303946
3 2419 2001 2594 0.553183
3 2519 2594 2001 0.319330
3 2705 722 2419 0.647785
3 2365 2001 293 0.448454
3 293 1772 2365 0.477811
3 554 2365 1350 0.296286
3 1772 1350 2365 0.477774
3 2529 1772 293 0.527216
3 1350 2932 554 0.273708
3 262 1734 859 0.483631
3 2546 1096 660 0.306510
3 660 1715 2546 0.369594
3 2833 2546 999 0.304689
3 1093 79 2004 0.067001
3 79 1093 284 0.074885
3 1093 3134 284 0.076409
3 2801 3134 571 0.054683
3 2801 571 1980 0.050900
3 2801 1980 1834 0.041410
3 571 2004 1980 0.053394
3 223 2004 795 0.049771
3 795 2844 223 0.075576
3 223 2844 2803 0.087191
3 2844 1413 1594 0.282923
3 943 1594 1480 0.247679
3 1594 654 1480 0.256001
3 1650 2993 1574 0.111271
3 1650 2263 2993 0.051638
3 1962 2993 2671 0.068626
3 2045 2649 401 0.040984
3 2263 2045 1460 0.040774
3 2045 566 1460 0.033755
3 2263 1460 2732 0.041684
3 2732 1460 1595 0.033740
3 2732 1595 2054 0.021609
3 2054 1595 2590 0.017188
3 2812 2369 3000 0.037337
3 3000 2369 2862 0.033432
3 1860 316 3000 0.043956
3 316 2031 3000 0.111899
3 3000 2276 2812 0.045245
3 1332 2031 2961 0.154201
3 2143 1328 2675 0.025478
3 201 1690 2143 0.032160
3 201 2578 2306 0.027154
3 201 2306 1690 0.061927
3 970 2729 3166 0.052104
3 2729 970 144 0.033676
3 970 2056 144 0.041987
3 424 2513 2699 0.059119
3 2056 424 144 0.038458
3 424 2699 1340 0.054393
3 424 1340 144 0.046180
3 2496 1448 347 0.057447
3 1448 2513 849 0.106051
3 1448 849 347 0.092833
3 347 849 2280 0.158233
3 2513 1924 849 0.123849
3 2605 1924 1781 0.204426
3 2857 2420 867 0.113476
3 867 910 2857 0.116685
3 2420 911 867 0.262030
3 910 867 3146 0.232066
3 2420 1130 911 0.346728
3 816 1130 2222 0.543973
3 2487 3195 403 0.244621
3 615 1701 2368 0.618490
3 3146 2368 1781 0.447682
3 1701 1781 2368 0.459921
3 2767 615 3016 0.616587
3 550 3016 615 0.681750
3 550 2231 3016 0.770294
3 3016 2231 3039 0.867289
3 3016 3039 1726 0.925194
3 550 2507 2231 0.828699
3 1762 862 2507 0.845821
3 2804 862 921 0.944102
3 2804 921 1502 0.940860
3 1502 921 3066 0.947887
3 2904 2030 899 0.976059
3 2904 899 2149 0.980978
3 2149 899 2526 0.979670
3 2526 899 2624 0.983437
3 2193 2252 1409 0.919903
3 2252 2193 2623 0.893032
3 2193 1342 2665 0.952277
3 2193 2665 2623 0.924893
3 2665 339 2623 0.924436
3 1342 1201 2665 0.953294
3 2992 2358 1038 0.972875
3 1201 2481 2523 0.858494
3 3050 1733 1837 0.967649
3 1837 1733 1563 0.971939
3 1563 1733 2111 0.972825
3 2744 1981 1550 0.931331
3 874 2744 175 0.881415
3 175 2744 2688 0.872932
3 581 710 2448 0.932591
3 2969 481 603 0.840441
3 2521 603 3164 0.880316
3 2553 949 481 0.869990
3 481 949 603 0.868645
3 3164 603 3101 0.876894
3 949 3101 603 0.887484
3 2553 790 949 0.872998
3 949 790 2958 0.889571
3 949 2958 3101 0.908338
3 3101 2958 1272 0.902732
3 790 2553 3030 0.928605
3 1272 1042 1531 0.871370
3 1465 1289 3081 0.922152
3 1823 3081 168 0.924490
3 1280 168 3081 0.916299
3 1280 2442 168 0.892348
3 2442 1985 1559 0.948666
3 2403 1747 2395 0.754396
3 3159 45 1367 0.814834
3 1367 45 2123 0.763358
3 45 1191 2123 0.820057
3 1191 772 2123 0.803280
3 702 2534 935 0.539975
3 2534 702 2909 0.468366
3 2909 702 2734 0.419000
3 2330 2909 33 0.295853
3 2734 33 2909 0.336319
3 33 2734 651 0.247072
3 551 1958 2734 0.644829
3 371 2734 1326 0.460575
3 1958 1326 2734 0.567769
3 651 371 2035 0.285184
3 1025 2909 3185 0.633093
3 2211 2217 1438 0.268729
3 2894 1438 2217 0.183415
3 1438 2676 2915 0.157204
3 2915 2676 2385 0.203331
3 2385 69 1763 0.371602
3 747 189 69 0.192022
3 747 2981 189 0.098050
3 1708 2332 2981 0.086111
3 2981 2332 2333 0.075707
3 2333 353 2981 0.092219
3 353 1873 1883 0.101866
3 1873 879 1883 0.129836
3 1242 1648 2837 0.310569
3 674 1648 1242 0.410213
3 3238 1370 1647 0.731709
3 1647 1370 3124 0.548284
3 1490 59 1129 0.306603
3 1129 59 1616 0.237520
3 1129 1616 1557 0.226189
3 1616 2837 2140 0.286535
3 1165 396 2510 0.233544
3 2510 2002 724 0.328077
3 724 2989 1068 0.495131
3 1165 2510 2096 0.384800
3 2949 1068 2630 0.497269
3 2630 1068 2364 0.481658
3 2364 1621 2630 0.288934
3 2630 1621 856 0.294870
3 2630 856 2766 0.254671
3 856 1801 1739 0.252564
3 2826 2065 1561 0.215373
3 1744 1561 2065 0.163047
3 2826 1812 2065 0.302512
3 2065 1812 16 0.366380
3 16 1812 1845 0.247142
3 16 1845 2941 0.310464
3 2454 2099 1059 0.059946
3 1059 2099 1624 0.056493
3 2429 1624 2099 0.046202
3 2429 1282 283 0.045903
3 1989 2892 2181 0.023429
3 1485 1989 474 0.041183
3 1965 474 1989 0.051829
3 1485 1015 182 0.058443
3 627 1485 1261 0.072344
3 182 1261 1485 0.065180
3 2265 627 1261 0.077694
3 182 1015 1105 0.114488
3 1105 101 182 0.095883
3 1015 135 2596 0.076802
3 2596 135 2943 0.080964
3 135 474 2943 0.077739
3 1105 2596 1836 0.181230
3 1836 197 1105 0.219342
3 1836 1991 1463 0.328039
3 1207 2543 2343 0.123156
3 2199 2343 2543 0.198792
3 2343 727 1207 0.150167
3 2001 2365 2885 0.359870
3 1810 2919 2885 0.114891
3 2001 2885 2519 0.361906
3 898 2919 1970 0.142861
3 2919 898 1761 0.174413
3 11 1970 2866 0.101024
3 2932 2866 1970 0.132186
3 11 2866 2453 0.078498
3 2866 2391 2453 0.084760
3 2866 3093 2391 0.096943
3 2816 3134 1693 0.067372
3 2816 1693 1230 0.076310
3 2413 2322 1608 0.093252
3 2470 1608 2322 0.079427
3 1608 2470 3138 0.065369
3 1052 990 2893 0.067247
3 2893 990 901 0.077068
3 3122 990 191 0.076212
3 3122 191 546 0.035111
3 546 3190 3122 0.027039
3 2854 3190 2346 0.055595
3 1832 1902 430 0.079669
3 430 930 2197 0.014616
3 1332 2729 2901 0.135108
3 2729 2961 3166 0.080702
3 1340 576 2729 0.088511
3 576 2901 2729 0.111812
3 3121 2153 2160 0.090762
3 3121 2160 3060 0.079386
3 1028 2153 2496 0.041807
3 3232 1028 2496 0.054763
3 2496 347 2207 0.089350
3 1838 2207 1077 0.174620
3 2280 628 2207 0.227745
3 2767 2090 1398 0.804820
3 2605 2767 1398 0.434494
3 290 1398 2090 0.887435
3 290 2283 1814 0.953998
3 1726 3039 1723 0.938920
3 670 1770 1723 0.976028
3 670 908 1770 0.981637
3 908 3127 1770 0.988305
3 908 2352 3127 0.985984
3 2811 3234 1150 0.966393
3 1871 2623 1214 0.946626
3 579 165 1214 0.978848
3 579 1563 165 0.981994
3 339 2992 579 0.976585
3 1837 579 2992 0.985901
3 2992 1038 3050 0.975617
3 2557 2951 165 0.982064
3 2951 2557 2267 0.976134
3 2019 2557 1780 0.961539
3 1718 2019 874 0.939916
3 1780 874 2019 0.943658
3 175 2688 3101 0.848965
3 2730 464 2890 0.721545
3 570 2448 171 0.854583
3 570 171 2223 0.915091
3 2690 2599 742 0.923073
3 1684 796 205 0.920406
3 945 2690 2645 0.944770
3 742 2645 2690 0.937344
3 945 2645 2890 0.910341
3 3101 1272 2080 0.908855
3 2080 1272 330 0.912542
3 1272 1531 330 0.894902
3 1531 3199 330 0.901123
3 330 3199 2936 0.904001
3 3199 1531 1418 0.922146
3 1735 663 1418 0.952510
3 791 2075 663 0.943594
3 2075 791 1589 0.970674
3 3213 1589 791 0.943304
3 2177 3213 741 0.877099
3 746 800 1235 0.868402
3 1235 599 1465 0.923889
3 1735 1491 599 0.920146
3 1465 599 2349 0.917255
3 1235 1465 3081 0.901362
3 1823 2473 435 0.945369
3 1367 2466 2533 0.875970
3 1367 2533 3159 0.884876
3 2386 2466 429 0.819679
3 429 741 2386 0.855070
3 429 967 741 0.837668
3 429 2466 2534 0.787554
3 1728 2534 2466 0.713444
3 429 2534 1025 0.742543
3 1025 967 429 0.813547
3 2909 1025 2534 0.546449
3 2338 967 1025 0.814895
3 2338 1025 3185 0.657532
3 2915 1236 2211 0.509825
3 3185 2211 1236 0.539416
3 1236 125 3181 0.702971
3 983 3181 125 0.752330
3 125 2637 983 0.668815
3 983 2637 2114 0.752540
3 983 2114 3181 0.857739
3 2637 428 2114 0.774429
3 132 2873 428 0.587666
3 132 2637 2898 0.628926
3 2285 2898 657 0.262077
3 657 2898 189 0.369298
3 879 657 1883 0.212330
3 657 2981 1883 0.169568
3 2873 565 2266 0.349100
3 1490 3238 2467 0.685776
3 1490 1370 3238 0.753615
3 2501 703 2201 0.639836
3 2658 1793 2145 0.633179
3 2096 2975 1129 0.486312
3 2145 1605 2658 0.726625
3 1605 1034 2658 0.731070
3 1964 2658 1034 0.810752
3 925 1806 1605 0.644122
3 1605 1806 1075 0.644425
3 1605 1075 1034 0.757798
3 1806 1830 1075 0.638667
3 1075 1830 1164 0.525018
3 1199 1830 2766 0.338151
3 1830 2630 2766 0.274852
3 548 1199 2653 0.303958
3 548 1609 2659 0.196459
3 1609 1152 2659 0.155898
3 7 2659 2036 0.174943
3 1152 1609 1577 0.096383
3 1609 2653 1577 0.095490
3 1561 1744 2653 0.145769
3 2653 1744 1111 0.164998
3 1624 1744 2065 0.150338
3 283 2875 2429 0.057545
3 1639 1896 1261 0.067388
3 1261 101 1639 0.059881
3 1896 1639 1384 0.062252
3 1639 1556 1442 0.067425
3 1442 1384 1639 0.085687
3 1442 2548 288 0.177222
3 215 1977 3105 0.361328
3 3105 1977 2543 0.291189
3 1274 3105 2543 0.236318
3 1274 2543 517 0.170662
3 3105 1274 3076 0.237883
3 3076 1274 2013 0.140282
3 2013 594 3076 0.138038
3 687 2013 1274 0.118955
3 594 2013 1281 0.087243
3 2144 687 1207 0.070669
3 517 1207 687 0.120841
3 1207 1325 2144 0.066997
3 2478 1325 161 0.124207
3 161 1470 2478 0.163638
3 577 1325 727 0.104281
3 577 2519 2549 0.195238
3 587 309 2919 0.109705
3 2919 1761 2755 0.173664
3 1761 2234 2755 0.213034
3 2755 1586 2331 0.222355
3 2331 1586 1680 0.382731
3 1680 3051 2331 0.378534
3 1680 1024 65 0.572277
3 65 1024 841 0.526678
3 613 841 1024 0.415829
3 1420 841 469 0.498335
3 841 613 2846 0.379240
3 469 841 2846 0.402829
3 2103 2152 2765 0.094785
3 118 2046 2816 0.096984
3 62 1954 118 0.182866
3 3163 118 1954 0.269581
3 1954 62 1826 0.201541
3 1826 298 962 0.186745
3 265 962 2789 0.103657
3 1461 1327 758 0.039959
3 758 1327 2801 0.038457
3 2789 1461 2173 0.097522
3 758 1900 36 0.098284
3 36 1900 2667 0.105442
3 2667 1900 1665 0.123950
3 1843 2413 2235 0.087564
3 913 1052 2893 0.083633
3 2667 1055 2691 0.115259
3 2934 1055 1099 0.202990
3 1055 2667 901 0.131482
3 1055 901 3122 0.133602
3 1055 3122 1099 0.120726
3 2854 2346 2402 0.076946
3 3060 2346 1008 0.054695
3 1240 1030 3060 0.069085
3 2346 3060 1030 0.082221
3 909 1104 1700 0.176114
3 929 1700 3099 0.197798
3 1743 873 8 0.212384
3 1077 2207 873 0.258077
3 628 606 169 0.391876
3 606 2455 169 0.497567
3 606 2865 2455 0.657576
3 606 1933 421 0.722918
3 606 421 2865 0.825859
3 1719 499 1205 0.466562
3 499 1853 1205 0.705579
3 1205 1853 2657 0.823429
3 2657 1853 1798 0.911125
3 2865 2899 1853 0.860555
3 1798 1853 2899 0.912663
3 2899 1881 1464 0.939699
3 2457 331 1464 0.981377
3 2457 1906 331 0.987439
3 1906 2210 331 0.987347
3 331 2210 406 0.988869
3 258 2210 1906 0.987042
3 1906 1672 258 0.989841
3 1672 1906 3127 0.990779
3 700 3127 1906 0.988531
3 908 670 2544 0.983544
3 908 2544 2352 0.984322
3 670 2149 2526 0.981252
3 2352 2544 582 0.987777
3 2544 2526 199 0.982565
3 433 2526 2644 0.981168
3 1072 1335 1598 0.905343
3 1598 1335 1940 0.898527
3 2100 1598 1940 0.840966
3 1335 2624 1082 0.951484
3 2246 1082 2624 0.949868
3 2246 1150 2518 0.968724
3 108 2518 2032 0.937619
3 1871 1515 2032 0.942104
3 954 2032 179 0.911039
3 179 2032 1515 0.936187
3 954 2937 2032 0.931285
3 954 179 815 0.956792
3 179 2267 815 0.966132
3 1718 3109 2749 0.915925
3 874 2489 3109 0.917258
3 1945 3109 2489 0.939821
3 1945 2936 3199 0.924228
3 2075 979 3199 0.972022
3 979 2867 3199 0.982766
3 3199 2867 605 0.974584
3 605 2867 3080 0.975328
3 1304 2668 2867 0.978558
3 2668 1304 942 0.979232
3 2668 942 2323 0.979524
3 1589 2292 3014 0.951099
3 2177 342 1796 0.800290
3 342 967 2338 0.749742
3 1796 3181 2114 0.847177
3 2114 623 3188 0.814199
3 623 428 2873 0.658429
3 2500 249 1444 0.621442
3 2500 2266 249 0.494565
3 1444 249 2759 0.659065
3 152 887 1764 0.740529
3 887 2201 1764 0.698874
3 2201 703 2047 0.670080
3 2047 1219 264 0.766170
3 2047 264 1477 0.894196
3 1219 3124 264 0.826867
3 1477 2404 1348 0.900695
3 1477 1348 1797 0.930486
3 72 2404 2243 0.899958
3 1034 683 3040 0.837894
3 244 683 1677 0.621156
3 728 1677 683 0.632538
3 1481 973 938 0.296604
3 482 973 27 0.228165
3 27 1604 482 0.175942
3 27 973 889 0.308024
3 1604 27 7 0.137124
3 889 7 27 0.256758
3 2972 2469 279 0.125000
3 88 1107 2469 0.163335
3 1107 2262 2874 0.250592
3 2874 2262 2707 0.216493
3 2262 2036 1816 0.191483
3 1816 2036 1864 0.164459
3 1384 1816 1896 0.092766
3 2155 1896 1816 0.111838
3 992 3083 1977 0.379309
3 992 1977 215 0.379857
3 533 215 1181 0.419907
3 2559 533 1181 0.378608
3 1983 1459 3076 0.228235
3 1459 1983 2511 0.198096
3 714 1143 423 0.056961
3 1435 2552 1143 0.077664
3 1143 2552 423 0.054184
3 594 1281 1435 0.096828
3 2552 1435 1281 0.085128
3 2552 1281 323 0.124662
3 1281 2146 323 0.175783
3 2552 323 1316 0.144987
3 2146 673 868 0.173913
3 1872 868 673 0.216026
3 2146 2617 673 0.212047
3 2144 2478 2617 0.199831
3 673 2617 1783 0.308151
3 1470 1388 766 0.196155
3 1470 2569 1388 0.197770
3 1767 2569 2331 0.254715
3 2331 2569 2755 0.162834
3 1731 1767 94 0.476592
3 94 1767 1001 0.582959
3 1767 3051 1001 0.535481
3 1001 3051 792 0.627523
3 725 792 3051 0.631805
3 2616 725 3051 0.498810
3 2616 3051 1680 0.537685
3 1337 2616 1420 0.357665
3 65 1420 2616 0.484933
3 841 1420 65 0.568379
3 1337 2525 1705 0.299004
3 2824 1954 836 0.382640
3 836 1954 1826 0.263697
3 836 1826 1936 0.422361
3 1936 2425 836 0.592380
3 1936 1554 2425 0.707842
3 1554 1588 2425 0.682750
3 1554 1936 1765 0.678055
3 1961 1765 1083 0.618579
3 1961 1083 1507 0.734694
3 265 2173 515 0.180027
3 3005 2753 2173 0.258447
3 1202 2410 1050 0.166815
3 1017 466 3099 0.253774
3 1636 1349 1251 0.214360
3 2725 2407 6 0.435505
3 2725 6 1063 0.473709
3 1579 8 1719 0.306463
3 6 2407 2613 0.468858
3 6 2613 1063 0.492475
3 2613 2407 1637 0.438010
3 2345 2613 1058 0.605339
3 1637 1058 2613 0.496934
3 1719 1637 2407 0.444526
3 1637 1205 1058 0.411065
3 359 969 1630 0.262457
3 1668 359 1630 0.391182
3 1630 969 2657 0.408386
3 1630 2657 2191 0.851737
3 1798 2191 2657 0.906593
3 1798 1464 2191 0.937108
3 2210 2664 2271 0.993814
3 2210 258 2664 0.989881
3 258 1672 2664 0.989514
3 2271 2664 2282 0.993147
3 503 2352 2633 0.989552
3 2633 1789 111 0.977096
3 111 286 2633 0.976567
3 111 1789 2282 0.970057
3 2282 1789 276 0.975087
3 2282 276 3186 0.980961
3 276 1789 1377 0.926963
3 321 276 159 0.950435
3 1377 159 276 0.948065
3 582 1377 1789 0.940316
3 159 1377 2882 0.880697
3 433 54 336 0.982672
3 336 54 2157 0.974728
3 1262 2161 255 0.953195
3 255 2302 1262 0.944415
3 1483 1792 2520 0.908635
3 2195 2509 1313 0.705776
3 1932 138 2284 0.658156
3 1313 1598 138 0.641710
3 2284 138 1598 0.635821
3 2316 2284 1598 0.667678
3 1889 2316 2100 0.891287
3 1940 1005 2100 0.890206
3 1889 2100 1005 0.910425
3 2937 1889 108 0.934571
3 1005 108 1889 0.846581
3 3210 3172 259 0.945516
3 2573 259 3139 0.975617
3 2749 116 2595 0.933902
3 116 3109 3080 0.926910
3 3080 3109 605 0.927748
3 605 3109 1945 0.941849
3 2180 2668 2129 0.966492
3 2668 2323 2129 0.974301
3 149 1444 2696 0.929951
3 2696 1444 2861 0.773305
3 2317 2880 695 0.775357
3 2684 695 2880 0.830925
3 1284 2684 2880 0.744940
3 1284 2880 3038 0.563888
3 3198 1284 1314 0.847331
3 3198 1314 1512 0.839627
3 1512 1314 2504 0.702761
3 1764 1469 152 0.630267
3 2771 1797 3086 0.796765
3 3086 1549 2760 0.825638
3 3119 1549 616 0.517064
3 616 2404 72 0.831843
3 3119 2609 2933 0.422930
3 2933 2609 2166 0.415823
3 2609 1874 2166 0.618931
3 1874 1746 2166 0.427579
3 2166 1746 2972 0.402824
3 1746 1874 3040 0.644954
3 1746 3040 1481 0.580977
3 1874 2243 3040 0.696283
3 1746 1481 938 0.339363
3 1746 938 2972 0.236655
3 1097 2933 2166 0.335080
3 2933 1097 1390 0.165170
3 1097 441 768 0.159171
3 441 2469 768 0.261707
3 1714 542 2559 0.323285
3 2545 1714 380 0.119634
3 380 1069 2545 0.126452
3 1528 1181 1459 0.244481
3 1459 1181 3076 0.282371
3 1528 1459 1069 0.250732
3 1069 2511 178 0.094308
3 1143 178 2511 0.078961
3 178 1955 1069 0.076648
3 178 641 412 0.093180
3 412 1955 178 0.093433
3 257 2764 497 0.216435
3 497 2764 2389 0.192832
3 2389 452 2077 0.108851
3 452 423 801 0.053454
3 423 2552 801 0.078885
3 868 1872 1316 0.224669
3 194 141 1872 0.279553
3 1316 1872 141 0.210292
3 141 194 2488 0.210111
3 2488 2884 141 0.113613
3 194 411 2488 0.308707
3 1226 411 642 0.642075
3 411 194 1457 0.469670
3 1872 1457 194 0.449282
3 1457 642 411 0.666752
3 1457 783 642 0.725641
3 783 1457 94 0.622804
3 1783 157 1872 0.439354
3 1457 1872 157 0.464595
3 94 1457 1731 0.504783
3 157 1731 1457 0.482758
3 3144 1886 1010 0.773715
3 1010 1886 26 0.792600
3 1010 26 126 0.830409
3 1886 792 26 0.742936
3 126 26 544 0.814100
3 811 544 2740 0.757631
3 811 2855 544 0.768518
3 811 2571 2397 0.828176
3 2571 1705 1118 0.565426
3 811 2397 2855 0.811812
3 196 2824 1450 0.765581
3 2397 1893 2855 0.785933
3 2855 1893 209 0.758435
3 2855 209 1157 0.772387
3 777 1588 2576 0.739767
3 1691 777 2576 0.697023
3 1691 3006 777 0.758335
3 1617 878 1691 0.643623
3 2527 1691 878 0.632864
3 878 2679 2527 0.550823
3 1614 878 1617 0.666970
3 1614 2679 878 0.620156
3 872 1614 1259 0.638954
3 1641 1259 1614 0.667098
3 1259 2233 872 0.672537
3 241 872 2233 0.649227
3 2291 1507 980 0.533008
3 1507 3230 2233 0.747937
3 3230 2291 2167 0.556097
3 2753 980 2173 0.307564
3 1044 2725 393 0.709298
3 1044 393 1584 0.748823
3 2725 1063 393 0.687114
3 2756 969 359 0.431157
3 359 1668 2672 0.555375
3 2672 2756 359 0.525823
3 2208 2158 2098 0.923331
3 1668 2098 2158 0.891020
3 275 1749 1668 0.846416
3 2098 1668 1749 0.900756
3 2098 414 2208 0.957408
3 2208 414 686 0.976774
3 513 686 414 0.984455
3 513 926 686 0.978039
3 2208 1149 1658 0.965346
3 926 2271 1109 0.988693
3 3186 2011 1109 0.976058
3 1149 1109 2011 0.967694
3 1811 1920 3186 0.978337
3 1758 1243 2163 0.958820
3 2163 1920 187 0.973341
3 1811 494 1920 0.966591
3 1920 494 53 0.952582
3 53 494 1262 0.927905
3 2161 2882 336 0.974085
3 2302 187 53 0.951286
3 2302 1483 1642 0.897732
3 1483 2520 707 0.898608
3 707 2520 1973 0.895276
3 2112 1135 959 0.762159
3 2112 959 1022 0.624930
3 1135 2852 959 0.842433
3 1022 959 2809 0.579918
3 3055 2852 2878 0.591043
3 2878 2986 3055 0.748313
3 2878 1932 2986 0.739311
3 2986 1932 2752 0.895706
3 1794 2752 1670 0.876577
3 2316 3210 1932 0.818071
3 3210 2752 1932 0.894638
3 1670 2752 3210 0.891032
3 2573 1670 3210 0.918877
3 875 1782 2304 0.926544
3 1512 1782 1279 0.916736
3 1828 1644 1279 0.963448
3 1644 3198 1279 0.958701
3 2573 1644 1828 0.962711
3 3198 153 2651 0.930073
3 2651 153 2296 0.926699
3 3090 3224 2595 0.897817
3 3224 2749 2595 0.858387
3 2174 2863 3080 0.932470
3 1673 799 2684 0.804810
3 2996 677 2881 0.868493
3 2760 677 3086 0.756683
3 2268 3119 1884 0.510959
3 1884 3102 2268 0.555471
3 2727 3160 2172 0.334881
3 2727 2821 511 0.279662
3 1022 511 2506 0.214402
3 2218 2545 2968 0.098773
3 2968 1846 2218 0.143003
3 2750 257 167 0.302439
3 2750 167 2086 0.350262
3 167 1930 2086 0.359767
3 539 2176 1930 0.276583
3 833 2176 2570 0.445968
3 539 2745 2176 0.226618
3 2389 2745 539 0.182890
3 2389 1508 2745 0.207651
3 2389 2077 1508 0.156370
3 1508 2077 1373 0.231088
3 2077 1031 538 0.122803
3 2077 538 1373 0.146659
3 1031 2077 2884 0.089837
3 2484 1226 3022 0.569974
3 3144 2066 3022 0.739765
3 3022 2066 3006 0.748746
3 3006 2527 3022 0.715230
3 2527 2417 3022 0.572873
3 2527 2931 2417 0.421128
3 3022 2417 2484 0.507481
3 1373 1953 1508 0.383191
3 2679 2570 510 0.440669
3 2679 2188 2570 0.462985
3 2570 2188 2380 0.463336
3 454 2570 2380 0.389011
3 2321 2380 2612 0.691402
3 2726 241 2233 0.719165
3 1584 146 2321 0.671455
3 146 1584 1395 0.676706
3 2541 3112 2037 0.570138
3 3112 2672 884 0.709217
3 124 3112 884 0.730916
3 2158 1519 2672 0.781509
3 1394 1519 1658 0.955018
3 1519 2208 1658 0.955140
3 884 1931 995 0.893900
3 1394 110 1931 0.968120
3 995 1931 2480 0.927671
3 1931 110 1016 0.973230
3 2480 1931 1758 0.943171
3 3186 1920 1243 0.984884
3 2022 1529 2163 0.943860
3 1642 2022 2302 0.876256
3 1642 2591 2022 0.891464
3 1529 2022 1523 0.952515
3 2591 1642 1225 0.919586
3 2041 1225 2003 0.830658
3 2003 1225 707 0.851827
3 2041 1115 2792 0.693292
3 1256 2792 2086 0.516863
3 2086 2792 2750 0.350940
3 2506 2218 1846 0.183489
3 1882 1867 1256 0.705620
3 2086 1930 1882 0.477390
3 2176 2517 1930 0.523659
3 1882 1930 2517 0.566377
3 1882 2517 1867 0.621419
3 2517 833 1395 0.677822
3 870 1395 2037 0.706012
3 833 146 1395 0.699420
3 2037 1395 2541 0.729113
3 124 870 2037 0.750458
3 124 2480 870 0.810121
3 870 917 2517 0.726856
3 917 1523 1867 0.833994
3 1867 1523 2591 0.822069
3 146 454 2380 0.581090
3 3102 1022 598 0.555450
3 598 1022 2809 0.638476
3 598 2809 2202 0.753605
3 586 598 2202 0.757358
3 1414 2202 989 0.861028
3 875 2304 1794 0.895199
3 1794 2304 1414 0.871152
3 586 240 2881 0.855316
3 240 2304 2881 0.901498
3 3102 586 2268 0.789881
3 2881 2268 586 0.879882
3 2066 425 3006 0.762800
3 1157 3006 425 0.739241
3 3144 1010 2066 0.734005
3 425 2066 1010 0.749731
3 1010 126 425 0.834391
3 2282 2664 286 0.989921
3 286 2664 1839 0.987454
3 2282 286 111 0.983696
3 275 1630 1749 0.839414
3 2167 2753 2994 0.323376
3 149 2500 1444 0.798261
3 3188 2500 885 0.899409
3 1796 3188 1445 0.931585
3 1774 1704 2103 0.169049
3 2814 2155 1864 0.114668
3 1577 1111 2875 0.089734
3 1963 2155 2814 0.091939
3 1235 1382 746 0.840100
3 2533 746 1382 0.880920
3 1728 2123 2534 0.663594
3 1823 168 2473 0.930764
3 3146 1781 1924 0.244902
3 1924 910 3146 0.241382
3 971 2536 2666 0.137735
3 353 2333 1873 0.097556
3 2620 2270 2638 0.278210
3 134 2620 2638 0.281784
3 2277 2014 2016 0.239882
3 2016 2014 2005 0.126738
3 2005 2014 3235 0.354516
3 1320 1599 1033 0.993649
3 2401 2877 1599 0.991802
3 2877 2401 1865 0.993160
3 43 552 540 0.983577
3 540 552 2342 0.984852
3 545 648 2342 0.992329
3 648 545 1865 0.990188
3 635 1840 3187 0.287276
3 2125 1369 217 0.021362
3 1369 850 217 0.014451
3 365 1443 1926 0.111052
3 2618 1443 557 0.049795
3 1443 365 2216 0.075131
3 557 1443 2125 0.036625
3 2216 2125 1443 0.058903
3 535 1171 2088 0.220394
3 1171 934 932 0.278525
3 2088 1171 932 0.198956
3 1224 190 2980 0.070846
3 1536 3045 2486 0.085600
3 681 1922 2213 0.110981
3 600 1922 871 0.126424
3 688 1532 468 0.550125
3 688 468 886 0.482271
3 886 468 1923 0.471171
3 886 1923 346 0.450042
3 2219 520 688 0.439643
3 688 520 1532 0.361768
3 886 779 2219 0.564930
3 886 2219 688 0.460445
3 346 779 886 0.459676
3 1509 1338 1560 0.440339
3 1220 439 350 0.114102
3 2793 3217 2334 0.229169
3 2334 3217 2259 0.110538
3 1125 3028 963 0.322959
3 289 2495 3033 0.334195
3 1159 289 3033 0.455414
3 1159 3033 2456 0.432864
3 1914 520 2219 0.513744
3 1795 1914 2219 0.560516
3 1795 2219 1552 0.609435
3 1003 2558 261 0.718683
3 261 2558 711 0.640816
3 1338 711 2558 0.681427
3 148 1229 2367 0.389953
3 2367 1229 261 0.554636
3 2367 261 711 0.481690
3 2530 1875 3108 0.395665
3 1875 2516 3108 0.416536
3 3217 2287 1169 0.283137
3 3217 1169 2516 0.279064
3 3217 2654 2259 0.093193
3 2619 2946 1354 0.313572
3 1849 1401 2619 0.270996
3 1849 2619 1331 0.349933
3 1331 2619 1354 0.302864
3 1596 1331 2600 0.257096
3 2600 1331 1354 0.408257
3 2600 3028 568 0.203566
3 1947 568 3028 0.179990
3 3033 1176 568 0.243009
3 1176 3033 1368 0.187958
3 3033 568 1947 0.243664
3 3171 289 1208 0.384914
3 465 1654 1208 0.445543
3 254 465 1978 0.393754
3 1978 465 1208 0.544776
3 3171 1208 1654 0.416353
3 1978 1159 2456 0.520724
3 2295 2305 2118 0.334132
3 1029 2118 1006 0.279353
3 1451 1664 50 0.538618
3 1451 50 31 0.444920
3 1573 50 1664 0.473771
3 2939 1664 843 0.642867
3 2939 843 1415 0.619219
3 843 1664 1451 0.679688
3 1360 1451 31 0.451554
3 31 50 1573 0.477718
3 2921 1451 1360 0.768447
3 3070 2921 1360 0.705484
3 2558 2575 3070 0.802520
3 2575 2558 1003 0.721199
3 2921 3070 2575 0.769661
3 2575 1478 2921 0.802999
3 1276 2902 984 0.678459
3 1276 984 1067 0.728453
3 1800 147 1276 0.822567
3 1800 1276 1692 0.735650
3 1692 1276 1067 0.709736
3 446 1692 1310 0.281296
3 2376 2171 1406 0.202419
3 2376 1406 1178 0.135596
3 1892 1406 2530 0.304124
3 1892 2530 3108 0.372682
3 1317 500 1631 0.561543
3 500 1317 3108 0.493869
3 744 1631 500 0.608424
3 744 22 1803 0.458730
3 3108 22 744 0.477347
3 3108 744 500 0.468308
3 564 2869 2839 0.209447
3 2869 744 1803 0.391472
3 744 2869 564 0.329006
3 947 2869 2366 0.097469
3 2839 2869 947 0.113686
3 1803 2366 2869 0.219449
3 2619 2741 2946 0.273887
3 2451 1200 705 0.263934
3 705 1200 1849 0.302878
3 705 1849 1495 0.347206
3 1495 2836 705 0.317126
3 1176 2538 1596 0.173351
3 1495 1596 2538 0.234921
3 2288 1228 1081 0.164917
3 326 2288 1081 0.205171
3 231 41 1175 0.041950
3 166 231 1887 0.060930
3 1175 1887 231 0.065476
3 743 1654 2052 0.306957
3 254 2052 465 0.415610
3 465 2052 1654 0.369720
3 3171 1654 2853 0.446557
3 2853 1654 743 0.312096
3 1454 2052 750 0.415203
3 1454 750 219 0.501496
3 750 2052 254 0.414442
3 1540 186 1822 0.260928
3 1540 1822 1877 0.185881
3 1540 1877 2038 0.212401
3 1619 44 2715 0.134855
3 2175 44 99 0.080148
3 2175 99 719 0.121869
3 99 44 1619 0.090706
3 2133 1619 2715 0.130416
3 2133 2715 90 0.154088
3 2175 2715 44 0.119315
3 753 99 1619 0.139001
3 2133 753 1619 0.180610
3 1664 2939 753 0.502314
3 1664 2133 1573 0.340876
3 753 2133 1664 0.325934
3 99 753 2939 0.213999
3 99 2939 719 0.174363
3 2779 1649 1415 0.616886
3 1478 2779 1108 0.719112
3 1478 1108 2921 0.763698
3 1108 2779 1415 0.746113
3 843 1451 1108 0.758277
3 2921 1108 1451 0.781124
3 843 1108 1415 0.752099
3 2847 2682 2902 0.909515
3 2024 2682 2847 0.880371
3 358 2794 2847 0.899183
3 2902 358 2847 0.899355
3 1505 358 1817 0.939930
3 1817 358 147 0.910654
3 147 2924 2308 0.805693
3 2924 147 1800 0.789081
3 2822 2392 2718 0.736784
3 2718 2392 844 0.628028
3 844 2392 2485 0.531121
3 81 3079 2718 0.604217
3 81 2718 844 0.638739
3 2444 81 844 0.347489
3 2444 844 2485 0.342171
3 98 3201 2186 0.045830
3 2186 3201 2361 0.066599
3 547 3003 2621 0.057186
3 3003 2889 14 0.034620
3 751 1631 2641 0.202835
3 1317 1892 3108 0.437837
3 814 2641 2839 0.054767
3 2839 2641 564 0.086996
3 564 2641 1631 0.221440
3 814 2839 537 0.111084
3 1638 537 297 0.070926
3 297 537 2839 0.088741
3 1910 297 947 0.072313
3 1910 947 2366 0.074107
3 2839 947 297 0.059088
3 1835 2650 1581 0.035798
3 731 1835 2796 0.041951
3 1323 1486 852 0.055456
3 2978 1323 2311 0.053548
3 2311 1323 865 0.055305
3 2139 2168 2451 0.277202
3 362 1355 1582 0.607898
3 362 1582 2491 0.438477
3 2643 1582 1355 0.541257
3 2105 2836 2416 0.192430
3 705 2836 1582 0.334210
3 705 1582 2451 0.432318
3 2416 3036 2105 0.130723
3 671 3036 2084 0.144552
3 3113 588 2976 0.079664
3 2976 2084 3036 0.122914
3 2084 2976 588 0.085975
3 824 3113 2976 0.052318
3 2194 3126 812 0.090287
3 2477 890 1079 0.043355
3 229 2194 812 0.082808
3 229 812 2587 0.065738
3 2194 229 890 0.048500
3 2194 890 2477 0.089746
3 964 890 25 0.029029
3 890 1862 25 0.040937
3 964 25 92 0.046870
3 92 25 1666 0.059041
3 1862 1666 25 0.054180
3 1666 1862 166 0.039415
3 166 1862 2587 0.037210
3 2587 1862 229 0.043231
3 229 1862 890 0.043037
3 1079 890 964 0.034783
3 1257 92 1805 0.088809
3 92 1257 964 0.065052
3 964 1257 2985 0.054938
3 964 2985 569 0.034144
3 987 1975 1257 0.127520
3 987 1257 1805 0.149046
3 1257 1975 2985 0.072376
3 745 952 1454 0.292618
3 1454 952 476 0.371030
3 851 2445 2320 0.118003
3 2603 2669 186 0.303013
3 2038 2603 1540 0.332406
3 1540 2603 186 0.250213
3 2560 2229 1193 0.314631
3 2229 2560 2038 0.329674
3 2229 2038 2715 0.215884
3 2979 1193 2229 0.302765
3 2979 2229 2175 0.229025
3 2175 2229 2715 0.126272
3 2979 2175 2947 0.347720
3 2947 2175 719 0.309396
3 2947 2900 1935 0.838770
3 1935 2908 2947 0.691105
3 2928 1935 2900 0.847319
3 1533 2900 2947 0.730037
3 1776 2900 1234 0.913965
3 1234 2900 1533 0.872677
3 1234 1533 2411 0.695793
3 1776 1234 3192 0.943386
3 3192 1234 2411 0.827024
3 1950 3192 1188 0.887097
3 1950 1188 1525 0.895510
3 1188 3192 1037 0.870430
3 1393 2024 2847 0.800493
3 1393 2847 2794 0.886429
3 2122 2024 1393 0.762892
3 2122 1393 2938 0.838867
3 2122 2938 2102 0.853673
3 2615 1393 2794 0.877908
3 2938 1393 2615 0.851317
3 2615 2794 2050 0.887644
3 2359 1505 682 0.930748
3 2241 1428 3168 0.641914
3 2241 3168 1227 0.832861
3 861 2761 2924 0.466039
3 861 2924 398 0.380742
3 2431 2026 398 0.559674
3 2018 2078 1769 0.556859
3 2078 2718 3079 0.676850
3 2718 2078 2822 0.794875
3 2126 1769 2078 0.394531
3 2126 3079 701 0.155747
3 2078 3079 2126 0.398723
3 1160 701 3079 0.200420
3 2444 1160 3079 0.232269
3 2444 3079 81 0.333723
3 462 2137 3002 0.051496
3 462 3002 1807 0.111079
3 1788 1807 3002 0.078807
3 442 1467 462 0.121511
3 442 462 2415 0.147788
3 1807 2415 462 0.128638
3 2225 2415 553 0.115256
3 553 2415 1807 0.190398
3 3183 2225 1051 0.101113
3 3123 3183 1051 0.036281
3 227 537 1638 0.060846
3 814 537 227 0.047218
3 2621 814 3123 0.038101
3 3123 814 227 0.020807
3 556 3123 227 0.009645
3 556 227 1638 0.044961
3 1221 2923 1638 0.049074
3 1638 2923 1634 0.050255
3 1638 1634 556 0.047320
3 1323 1267 2650 0.053511
3 1323 2650 1486 0.045745
3 1960 1583 1819 0.039099
3 658 2311 865 0.065927
3 1858 1724 86 0.022127
3 1161 1753 1858 0.018399
3 1161 1858 2356 0.018548
3 2356 1858 86 0.019259
3 1084 2307 2356 0.020745
3 2356 2307 1161 0.011094
3 1161 2307 2206 0.011463
3 1117 869 1084 0.088367
3 334 869 1117 0.164347
3 1237 2279 2491 0.270015
3 362 2491 295 0.473864
3 362 295 1355 0.518747
3 1355 295 1117 0.464994
3 1117 295 334 0.298119
3 334 295 2491 0.365169
3 334 2491 2279 0.281640
3 3036 671 2105 0.126598
3 588 2449 1270 0.104832
3 3113 2449 588 0.063515
3 1372 1196 2449 0.113029
3 1372 2449 106 0.075104
3 3220 1372 2258 0.140792
3 2258 1372 106 0.144525
3 1754 2258 2693 0.156605
3 2094 3174 923 0.120241
3 3126 2094 923 0.088195
3 2194 3174 2094 0.102129
3 3085 3174 2025 0.156999
3 2450 3085 2025 0.198856
3 2232 2450 2025 0.159958
3 2232 2477 2912 0.088400
3 3065 914 1590 0.143626
3 676 2583 1912 0.067244
3 676 1912 2985 0.045922
3 2985 1912 569 0.040162
3 569 1912 1590 0.045925
3 1606 2883 676 0.084556
3 2883 1606 1695 0.091106
3 1606 2136 611 0.117553
3 2791 1392 3141 0.837628
3 3141 1894 2791 0.827289
3 3141 1392 1189 0.800874
3 1950 1525 2928 0.912467
3 1935 2928 3141 0.897654
3 1935 3141 2908 0.819597
3 3141 2928 1525 0.922683
3 1950 1776 3192 0.936235
3 1776 1950 2928 0.921817
3 900 2615 2438 0.886859
3 2438 3136 900 0.898021
3 2438 2615 2050 0.902151
3 2938 2615 1686 0.842009
3 1686 2615 900 0.873835
3 3168 585 682 0.832265
3 682 585 2359 0.897595
3 2438 2359 3062 0.904039
3 585 3062 2359 0.893779
3 3062 585 931 0.897278
3 1905 931 3168 0.627676
3 3168 931 585 0.819899
3 3207 3062 931 0.782850
3 3207 931 1905 0.588493
3 2906 1905 3001 0.409923
3 2906 3001 1855 0.490839
3 3001 1905 3168 0.542507
3 1869 1558 1146 0.290865
3 1146 1558 122 0.335324
3 2567 1146 729 0.248958
3 2567 729 2758 0.222939
3 729 1146 122 0.285826
3 2423 1959 2241 0.560695
3 2241 1959 1661 0.466726
3 2761 1959 2423 0.432768
3 559 2164 1041 0.325227
3 2164 559 1437 0.484493
3 1453 2164 882 0.507251
3 1381 1492 1769 0.230632
3 621 1381 1769 0.160668
3 1223 2126 701 0.082835
3 2126 1223 621 0.065124
3 2126 621 1769 0.180339
3 2436 1223 2974 0.024142
3 2974 1223 798 0.035605
3 2974 798 5 0.032151
3 2159 2436 2974 0.021911
3 203 2159 2974 0.040582
3 203 2974 2970 0.038046
3 203 2970 1166 0.038621
3 1737 2970 2974 0.025677
3 2117 3023 1720 0.429309
3 906 2632 1720 0.730975
3 572 363 906 0.673875
3 1489 572 906 0.532064
3 1489 906 1344 0.515735
3 1344 1720 63 0.314089
3 1720 1344 906 0.563178
3 399 3073 534 0.109604
3 399 534 1365 0.080214
3 2132 2929 2960 0.006017
3 3194 1209 1397 0.026006
3 131 2723 1397 0.022317
3 131 1397 1209 0.021003
3 3194 1397 820 0.033593
3 820 1397 2203 0.037706
3 1397 3157 2203 0.036768
3 3157 1397 2723 0.035471
3 820 3165 736 0.054345
3 736 3165 1753 0.048014
3 736 1753 699 0.048718
3 820 2203 3165 0.055469
3 1960 1858 3165 0.029389
3 1858 1960 1724 0.029064
3 1960 3165 1583 0.042396
3 2206 699 1753 0.019415
3 699 2987 3194 0.033573
3 2987 699 2206 0.018089
3 3151 1009 2737 0.067431
3 3151 2737 2329 0.065554
3 2279 2737 1009 0.095295
3 2279 1009 334 0.150666
3 334 1009 869 0.116330
3 1633 2737 2279 0.106864
3 2362 1633 2279 0.182730
3 2362 2279 1237 0.171860
3 1364 3148 1514 0.168163
3 3161 1364 765 0.315328
3 3236 2655 574 0.159305
3 3236 3220 775 0.187434
3 1405 2508 3236 0.135978
3 2465 2508 1405 0.095716
3 721 1405 775 0.133842
3 775 1405 3236 0.148777
3 2655 3236 2508 0.136034
3 1087 2465 1405 0.099375
3 1087 1405 721 0.132257
3 395 590 2652 0.617707
3 590 395 2232 0.376668
3 437 2652 590 0.541781
3 437 590 914 0.301545
3 437 914 3065 0.346620
3 2917 2652 437 0.418028
3 2917 3065 675 0.238554
3 3065 2917 437 0.321810
3 619 2685 19 0.055988
3 2685 619 1122 0.046666
3 1122 619 2883 0.038711
3 1122 2883 2535 0.074912
3 2883 619 2935 0.056027
3 1866 2685 1122 0.038965
3 1007 1866 2535 0.073568
3 2535 1866 1122 0.071283
3 1134 2685 1866 0.042431
3 2049 2685 1134 0.051831
3 1866 1007 1134 0.078594
3 301 2049 1134 0.128651
3 1683 301 1134 0.151168
3 1683 1134 1007 0.106433
3 1683 1007 2039 0.175846
3 3095 813 455 0.461974
3 813 3095 3056 0.564627
3 2104 3056 3095 0.697399
3 2184 848 2791 0.817751
3 2184 47 749 0.841268
3 749 47 2190 0.824288
3 2190 47 2791 0.859880
3 2791 47 2184 0.831291
3 46 2264 2190 0.779546
3 1607 46 3115 0.746046
3 46 2190 3115 0.730171
3 864 2264 46 0.740352
3 864 46 1694 0.726379
3 1694 46 1607 0.702565
3 749 2190 2264 0.779337
3 2463 3115 3150 0.810679
3 2382 2810 919 0.713449
3 919 2810 2463 0.737154
3 919 2463 2237 0.727013
3 1376 1412 2876 0.741779
3 1376 2876 919 0.721059
3 1376 919 2237 0.675229
3 919 2876 2382 0.764394
3 1790 1376 328 0.673992
3 328 1376 2237 0.667141
3 828 1790 328 0.683543
3 1587 1412 1790 0.728023
3 1587 1790 1757 0.793686
3 1757 1790 828 0.755481
3 1412 1376 1790 0.678865
3 3071 828 900 0.856329
3 3136 3071 900 0.897658
3 900 828 1686 0.876071
3 3150 1686 2237 0.846840
3 2237 1686 328 0.804706
3 328 1686 828 0.771923
3 1757 828 3071 0.841521
3 3125 3071 3136 0.780250
3 3125 3062 3207 0.689074
3 3125 3207 1411 0.597750
3 895 1913 740 0.084473
3 698 895 740 0.128711
3 1053 698 2906 0.132747
3 2906 698 740 0.134565
3 2514 1053 2906 0.086819
3 29 2567 802 0.269987
3 235 802 202 0.092452
3 235 202 2777 0.062568
3 729 1661 2758 0.253927
3 2758 1661 3075 0.255089
3 1302 664 1656 0.110950
3 2474 1302 1656 0.090212
3 3153 225 2388 0.061491
3 805 475 644 0.110153
3 644 475 3218 0.050330
3 475 805 1453 0.259814
3 986 3218 475 0.070535
3 986 475 882 0.441979
3 882 475 1453 0.543194
3 3218 1381 2956 0.016387
3 986 1381 3218 0.031836
3 1223 2436 2956 0.018919
3 477 2353 127 0.084095
3 1786 127 2353 0.064736
3 1141 185 477 0.238012
3 1141 477 3013 0.487478
3 3013 477 1014 0.417332
3 127 1014 477 0.250116
3 1014 1546 3013 0.547763
3 2632 1308 2117 0.766666
3 1901 1295 822 0.692445
3 367 1363 30 0.467803
3 572 367 30 0.533141
3 367 572 1489 0.436874
3 572 30 363 0.599953
3 367 2689 1363 0.476322
3 2689 367 1489 0.390319
3 522 2689 399 0.263529
3 1365 522 399 0.159900
3 399 2689 3073 0.282016
3 3073 2689 1489 0.297180
3 754 2689 522 0.386984
3 2723 1899 1423 0.010943
3 2922 1209 3194 0.031943
3 1209 2922 131 0.022836
3 1137 2721 2922 0.040930
3 3077 1137 287 0.055894
3 287 1137 2922 0.045582
3 1685 287 2922 0.054681
3 287 1685 3077 0.077044
3 3077 1685 1722 0.060207
3 2206 2995 2987 0.025052
3 1685 2987 2995 0.066923
3 1685 2995 1722 0.080082
3 2694 2995 1548 0.032215
3 2694 1548 2581 0.033946
3 1548 2995 975 0.025810
3 2581 1548 975 0.023603
3 831 2581 669 0.026310
3 669 2581 2662 0.025612
3 2662 2581 975 0.021873
3 2662 975 685 0.013758
3 2307 2662 685 0.012942
3 2329 669 2662 0.054854
3 669 2329 691 0.107136
3 2329 2662 3151 0.046031
3 391 691 2329 0.136225
3 391 2329 2737 0.084189
3 831 669 34 0.060497
3 34 669 691 0.134767
3 285 2347 1092 0.105867
3 285 1092 2515 0.061240
3 285 2515 1591 0.091479
3 765 2515 3161 0.204169
3 835 3161 1092 0.139029
3 1092 3161 2515 0.116737
3 1678 2508 2465 0.083139
3 1678 234 1925 0.043563
3 2261 1264 1678 0.024050
3 2261 1678 840 0.036606
3 1925 840 1678 0.052026
3 2490 1213 273 0.603416
3 530 639 324 0.680058
3 530 1023 639 0.596131
3 1023 530 2786 0.490634
3 2450 1023 3085 0.326381
3 3085 1023 2770 0.276337
3 1500 324 639 0.745552
3 842 2634 1500 0.675713
3 2634 2751 324 0.647287
3 2652 842 1500 0.695267
3 1500 2634 324 0.664353
3 593 2564 2917 0.275215
3 593 2917 2476 0.241206
3 2381 593 2476 0.280177
3 2381 2476 1303 0.279677
3 2148 2381 2722 0.334471
3 1074 2178 337 0.322520
3 1074 337 2360 0.426322
3 2357 1167 2935 0.160503
3 1167 2357 337 0.280232
3 1167 337 2178 0.260350
3 2049 2831 2685 0.073151
3 3063 2414 2492 0.206501
3 3063 2492 813 0.353412
3 3063 813 3056 0.443007
3 830 3063 3056 0.360192
3 3196 1567 972 0.714416
3 3052 1567 876 0.774474
3 2430 3052 2184 0.853399
3 749 2430 2184 0.766632
3 1694 1506 864 0.746615
3 280 2856 2799 0.301359
3 1903 1421 2799 0.658183
3 2799 2856 2810 0.646632
3 280 2799 1421 0.402471
3 463 1903 2799 0.695526
3 463 2799 2382 0.805758
3 2799 2810 2382 0.776285
3 1587 463 2876 0.772477
3 1587 2876 1412 0.771207
3 2876 463 2382 0.791766
3 1903 1587 1757 0.767989
3 1903 1757 2554 0.786397
3 2554 1757 3071 0.852520
3 2337 1421 2554 0.390508
3 2554 3125 2337 0.445884
3 3125 2554 3071 0.616731
3 280 2337 1126 0.112194
3 280 1126 2856 0.146282
3 1126 2337 2189 0.105106
3 3212 1126 2189 0.033060
3 1831 3212 2189 0.039332
3 1913 239 2189 0.090874
3 2468 271 2950 0.099341
3 2224 271 2468 0.133659
3 1778 2468 2950 0.103640
3 1053 2950 271 0.140076
3 698 1053 271 0.107592
3 698 271 2224 0.151147
3 2058 2950 2441 0.102730
3 2441 2950 1488 0.127781
3 2886 920 2441 0.108683
3 2886 2441 394 0.116654
3 1488 394 2441 0.146231
3 2738 1182 2071 0.091369
3 1629 3045 2738 0.102335
3 1629 2738 2248 0.086951
3 2205 1629 2248 0.112823
3 2205 2248 1597 0.136990
3 1597 2248 2071 0.143840
3 2728 1674 1629 0.097397
3 2728 1629 2205 0.116916
3 2192 1674 1315 0.050484
3 173 2192 1315 0.070547
3 173 1315 2551 0.111622
3 2673 2551 1315 0.086819
3 1101 2673 2983 0.157380
3 1101 2983 103 0.052922
3 1775 1124 2474 0.076691
3 2963 2627 1305 0.151519
3 1775 2474 3209 0.107585
3 3209 2474 661 0.076285
3 345 1982 1707 0.048130
3 345 1645 1403 0.012751
3 1403 1645 776 0.021458
3 1403 776 220 0.017613
3 1707 1982 1318 0.083768
3 1707 1645 345 0.017350
3 644 3218 1645 0.026955
3 1645 3218 776 0.021611
3 805 644 1707 0.058852
3 1707 644 1645 0.036959
3 345 2524 636 0.007797
3 345 636 1982 0.028940
3 2383 1982 636 0.022189
3 1403 2524 345 0.009529
3 2387 3044 2524 0.008682
3 2387 2524 629 0.007736
3 2387 629 2868 0.013152
3 629 2524 1403 0.009647
3 1019 629 136 0.007789
3 3074 2353 2055 0.037178
3 2353 3074 1786 0.026554
3 1330 3074 2055 0.047602
3 1387 2182 2055 0.048300
3 1246 1330 2055 0.039475
3 1246 2055 2182 0.039047
3 2182 1387 1951 0.032576
3 2109 2851 3013 0.858559
3 3013 2851 1141 0.757973
3 1870 3116 2101 0.973631
3 2097 2905 3037 0.965226
3 3037 2905 1870 0.963059
3 3037 1870 3158 0.930910
3 3017 2097 3037 0.946633
3 1295 3037 3158 0.892410
3 1711 1901 1363 0.726591
3 1901 1711 39 0.882608
3 2464 1711 1363 0.684917
3 1249 2464 151 0.658887
3 2398 151 2464 0.493781
3 2398 941 151 0.351004
3 941 2398 2568 0.222242
3 2214 2355 1137 0.050660
3 2214 1137 3077 0.051994
3 2354 888 3077 0.099083
3 3077 888 2214 0.103222
3 3025 484 3225 0.114499
3 1842 2606 3025 0.279126
3 3100 1842 1474 0.099165
3 2694 2703 1709 0.028136
3 2694 1709 2995 0.035869
3 2581 2703 2694 0.024906
3 1309 578 2918 0.045989
3 2512 578 1309 0.043296
3 1908 1518 1575 0.184977
3 839 1742 2215 0.081512
3 839 2215 2347 0.134531
3 2034 839 285 0.162019
3 2034 285 1591 0.136877
3 2347 285 839 0.143966
3 912 839 2034 0.204099
3 912 2034 2648 0.207645
3 617 2648 2034 0.162166
3 1841 730 2261 0.029931
3 1841 2261 3084 0.015841
3 2261 730 1264 0.025094
3 840 3084 2261 0.021522
3 1925 3084 840 0.015440
3 2209 3084 2539 0.024727
3 978 2827 2209 0.042058
3 1290 978 2209 0.037777
3 1290 2209 2539 0.041216
3 2384 3214 2751 0.506720
3 80 1183 2634 0.464984
3 80 2634 1626 0.539300
3 2634 1183 2751 0.583921
3 2647 193 1432 0.648716
3 2887 946 759 0.458453
3 759 2647 2642 0.573813
3 2647 759 2200 0.523348
3 2200 759 946 0.557913
3 2788 2341 2887 0.240783
3 2564 769 119 0.367316
3 769 2564 2642 0.580697
3 2642 2564 1399 0.351970
3 2381 2148 1399 0.378179
3 2381 1399 2564 0.416320
3 1074 713 2178 0.298304
3 2891 713 1074 0.282207
3 2360 2891 1074 0.339978
3 1922 858 871 0.133180
3 871 858 2604 0.197050
3 2414 3063 2408 0.220806
3 1580 2414 2408 0.295441
3 600 2213 1922 0.117580
3 600 1217 2213 0.186700
3 2940 2213 1217 0.245528
3 2310 1570 3098 0.313773
3 3098 1570 1217 0.482446
3 1217 1570 2940 0.299915
3 2412 2310 3098 0.324016
3 562 2412 200 0.365218
3 562 200 1827 0.394548
3 3196 972 1827 0.702950
3 3196 1827 200 0.626287
3 3196 200 3098 0.716080
3 3098 200 2412 0.364747
3 573 562 1827 0.365427
3 573 1827 1054 0.476826
3 1054 1827 2312 0.565104
3 1060 1569 1426 0.795101
3 2849 1426 2293 0.862408
3 1426 2849 1060 0.898632
3 2221 2925 2607 0.604724
3 2607 2925 2293 0.848440
3 2607 2293 1968 0.772028
3 3064 3042 2775 0.608290
3 3064 2775 2394 0.537215
3 1844 2394 2775 0.447235
3 1048 767 3147 0.123255
3 2224 3147 1831 0.118636
3 2224 1831 239 0.099007
3 239 1831 2189 0.093586
3 1831 1095 1151 0.095798
3 1095 1831 3147 0.129433
3 1972 857 93 0.117086
3 2886 2327 920 0.095121
3 3130 2327 2886 0.091859
3 3130 2886 2023 0.087985
3 2023 1536 407 0.078178
3 957 2486 1429 0.045472
3 340 1777 2471 0.068697
3 340 2471 808 0.083625
3 1487 2783 1194 0.075390
3 1487 1194 723 0.076062
3 1098 723 1194 0.088875
3 1098 1194 994 0.076702
3 994 1194 1070 0.078260
3 1070 1194 2783 0.054381
3 994 173 2551 0.089386
3 2192 173 1070 0.049556
3 1070 173 994 0.076877
3 1098 994 2551 0.099434
3 1098 2551 1101 0.135373
3 1101 2551 2673 0.124440
3 103 1098 1101 0.088907
3 595 2531 2344 0.274009
3 595 1416 1180 0.233438
3 2983 1458 1416 0.086977
3 1416 1458 1180 0.200618
3 2379 1180 2290 0.201580
3 2290 3209 2656 0.073578
3 3209 2290 210 0.171967
3 210 2290 1180 0.190081
3 1904 2763 1197 0.045082
3 1904 1197 2984 0.045540
3 2383 1904 2984 0.031395
3 2383 2984 956 0.029753
3 3044 1956 2383 0.010929
3 1541 2920 2387 0.005975
3 1541 2387 2930 0.006582
3 2686 2681 2851 0.530473
3 2851 2109 1918 0.844298
3 2851 1918 2686 0.733696
3 2686 2773 560 0.840208
3 561 2773 2686 0.894132
3 948 2686 560 0.757691
3 1535 2773 1610 0.944648
3 1610 2773 1911 0.950906
3 1911 2773 561 0.947286
3 1911 501 1610 0.964154
3 3116 2116 788 0.981002
3 3097 3043 2428 0.983626
3 1907 1628 2428 0.972810
3 2905 1907 2428 0.972330
3 2905 2428 3043 0.972242
3 773 2712 1249 0.793023
3 1854 151 941 0.376853
3 392 1854 941 0.283443
3 392 941 364 0.254140
3 1249 151 773 0.664842
3 773 151 763 0.633226
3 763 151 1854 0.481884
3 2597 1854 1378 0.188495
3 2721 2355 1422 0.062465
3 294 1854 2597 0.225349
3 294 2597 2716 0.306778
3 632 2716 216 0.337192
3 632 216 2294 0.313987
3 216 2716 2597 0.214697
3 1517 2294 216 0.306465
3 633 198 1000 0.574531
3 3025 583 2064 0.274301
3 2131 105 2606 0.495309
3 1842 2997 2606 0.272811
3 907 853 314 0.144047
3 1379 907 1322 0.140585
3 1322 907 314 0.138191
3 1891 932 934 0.140460
3 932 1891 3047 0.176425
3 839 535 1742 0.108476
3 2593 912 2944 0.242398
3 2648 2944 912 0.158760
3 1171 535 2593 0.206707
3 1171 2593 1851 0.218863
3 1851 2593 2944 0.230784
3 21 1603 1841 0.012970
3 21 1841 3084 0.011985
3 2427 1603 21 0.022669
3 2427 21 3084 0.019224
3 2827 1603 2427 0.035402
3 2209 2427 3084 0.036931
3 3035 1697 2781 0.334283
3 3035 2781 761 0.524337
3 680 2781 1697 0.347662
3 2384 761 2781 0.496056
3 2384 2781 680 0.512270
3 3008 624 837 0.645310
3 3008 837 2864 0.707977
3 837 624 1183 0.589125
3 1736 624 3008 0.513667
3 1039 3008 2063 0.538952
3 696 771 193 0.451894
3 696 193 2647 0.402968
3 2200 2628 2257 0.367347
3 2897 2628 2842 0.245439
3 2095 689 55 0.116574
3 2095 55 757 0.189686
3 2618 684 3091 0.054416
3 3091 684 2095 0.087278
3 3091 2608 1926 0.176951
3 1657 1926 2891 0.226844
3 2891 1926 713 0.234161
3 2216 858 1922 0.108366
3 2216 1922 681 0.104663
3 858 2216 2604 0.107085
3 2125 2216 681 0.061074
3 1570 2310 2955 0.242523
3 1717 2399 2955 0.121568
3 1717 2955 426 0.184768
3 1717 426 2602 0.251297
3 966 2048 2720 0.354684
3 129 2421 573 0.472756
3 129 573 2497 0.505294
3 2497 573 1054 0.582552
3 2697 1054 2312 0.596920
3 562 573 2421 0.413713
3 1660 2697 1112 0.493109
3 2273 2303 1112 0.620081
3 2273 1112 107 0.653583
3 107 1112 2697 0.627015
3 2925 2577 2849 0.712907
3 2925 2849 2293 0.909104
3 2849 2059 1060 0.750613
3 2577 2059 2849 0.697996
3 784 2577 3057 0.708100
3 784 3057 2614 0.682852
3 163 2614 3057 0.543985
3 218 1012 3057 0.328761
3 218 3057 1245 0.190793
3 2607 1245 2221 0.241285
3 2790 3064 2394 0.367762
3 3178 2499 3156 0.171546
3 541 1198 292 0.163214
3 1198 541 1048 0.203432
3 1048 541 3178 0.163296
3 1048 3178 3156 0.128040
3 3147 1198 1048 0.186786
3 1184 292 1293 0.143976
3 1293 292 1139 0.131799
3 3169 1184 1293 0.117775
3 2120 2736 277 0.065307
3 2999 897 3130 0.094274
3 2999 3130 3026 0.108892
3 400 3130 981 0.096080
3 981 3130 897 0.099087
3 2023 985 3130 0.135469
3 2108 2817 1687 0.130346
3 2061 3041 808 0.088270
3 2061 808 2471 0.068905
3 172 1487 1818 0.032552
3 1487 172 2061 0.039061
3 3107 1818 1487 0.041478
3 278 2379 821 0.171322
3 821 2290 2984 0.092464
3 2984 2290 2656 0.100364
3 2290 821 2379 0.194308
3 1298 2379 278 0.212305
3 1197 2043 821 0.070851
3 278 821 2043 0.088749
3 3226 2043 2236 0.085349
3 2236 2043 2763 0.060204
3 1197 2763 2043 0.046064
3 821 2984 1197 0.063951
3 278 2043 3226 0.103149
3 1721 2911 1366 0.022757
3 1301 1721 1366 0.017387
3 3046 1652 892 0.017618
3 1425 2778 1062 0.003001
3 1062 2778 2733 0.002700
3 2733 2778 905 0.002476
3 652 2636 3173 0.003423
3 2920 1541 3173 0.003635
3 2073 652 756 0.003812
3 652 2073 2636 0.004704
3 3129 2073 2798 0.021101
3 3129 826 2768 0.021416
3 826 3129 2798 0.023745
3 431 2768 826 0.053501
3 431 826 2798 0.030721
3 3004 3059 304 0.584367
3 1312 3004 304 0.588020
3 1312 304 2870 0.622220
3 2670 2242 1089 0.699312
3 1089 2015 2670 0.796401
3 1703 838 501 0.959812
3 694 501 838 0.965685
3 863 2151 2472 0.975425
3 933 3097 2428 0.987555
3 933 2428 1628 0.983165
3 2228 1033 933 0.993423
3 2228 933 3032 0.979880
3 3032 1628 1847 0.974883
3 1628 3032 933 0.982728
3 3032 1847 3184 0.938314
3 3179 2424 3132 0.953788
3 597 2712 773 0.787644
3 597 773 763 0.741701
3 601 1698 2962 0.873165
3 1600 1698 601 0.765538
3 1909 2962 1698 0.819180
3 1513 2716 28 0.386723
3 28 2716 1185 0.460508
3 28 1185 1928 0.388342
3 1513 28 1928 0.388533
3 1928 256 37 0.515419
3 256 2494 37 0.696169
3 1928 37 1513 0.446542
3 2433 37 2494 0.713026
3 379 256 1928 0.417017
3 379 1928 3197 0.422718
3 3197 1928 1185 0.450171
3 2433 1513 37 0.564767
3 3197 3162 379 0.505013
3 256 379 3162 0.577435
3 256 3162 2494 0.687990
3 1622 1278 2850 0.375174
3 3078 1622 2640 0.520269
3 2850 2640 1622 0.490972
3 1655 3078 2640 0.539675
3 1756 1655 2622 0.624190
3 2622 1655 904 0.684444
3 2622 904 1992 0.655267
3 2787 2131 2674 0.465919
3 2131 2787 904 0.679368
3 2131 904 105 0.725615
3 2997 2674 2131 0.354690
3 460 2787 2674 0.476811
3 2787 460 3219 0.536292
3 443 3219 460 0.415871
3 443 460 387 0.384558
3 443 387 2299 0.313654
3 2299 387 825 0.283211
3 825 387 2674 0.288718
3 2674 387 460 0.454714
3 2440 440 3145 0.302858
3 2440 3145 2299 0.293832
3 2299 3145 443 0.331621
3 443 3145 3219 0.350499
3 281 3145 440 0.328213
3 1891 495 2390 0.092710
3 1891 2390 3047 0.100635
3 665 3180 2204 0.160114
3 2204 2247 2913 0.061822
3 2913 2247 2762 0.056140
3 2631 2916 2247 0.140931
3 2631 1937 2462 0.169500
3 2462 1937 3035 0.258560
3 2462 3035 3009 0.230320
3 1815 3035 2247 0.203737
3 2247 3035 1937 0.374614
3 2247 1937 2631 0.287588
3 3187 1840 1856 0.453012
3 506 1856 2717 0.398169
3 2257 3191 2926 0.355762
3 312 965 1116 0.183681
3 312 1116 143 0.216510
3 97 645 299 0.073343
3 97 299 1027 0.028324
3 1027 299 709 0.029778
3 709 299 1206 0.053330
3 684 689 2095 0.112321
3 3069 1998 2537 0.017441
3 2537 1998 2574 0.017310
3 2574 1998 1027 0.012925
3 1027 1998 97 0.027172
3 97 1998 3069 0.016658
3 97 3069 625 0.026530
3 2399 2503 1861 0.054542
3 1861 2503 1472 0.025025
3 1472 2503 1729 0.012543
3 1717 1729 2503 0.041745
3 2399 1717 2503 0.051328
3 2711 3142 1787 0.416635
3 2711 1787 1898 0.494032
3 2319 1942 3018 0.465976
3 3018 1942 2250 0.507975
3 2772 2710 966 0.548453
3 2162 2614 2772 0.748070
3 2162 2772 2421 0.641376
3 2303 2273 2162 0.672077
3 2303 2162 1863 0.641300
3 272 2498 1863 0.611119
3 2498 272 2497 0.544225
3 2497 272 129 0.607178
3 129 272 2162 0.709870
3 2162 272 1863 0.705642
3 1112 2498 1660 0.406680
3 1863 2498 2303 0.532495
3 2303 2498 1112 0.496227
3 2697 1660 1054 0.567911
3 1054 1660 2498 0.411741
3 1054 2498 2497 0.424288
3 1476 2106 3208 0.359303
3 2757 3235 121 0.518834
3 2757 121 1012 0.418168
3 1012 121 253 0.456262
3 2742 71 2971 0.185882
3 2742 2971 712 0.116744
3 2971 71 1269 0.223289
3 2742 204 71 0.157798
3 204 2742 1162 0.118450
3 2626 1162 73 0.114135
3 73 1162 712 0.147245
3 2742 712 1162 0.138070
3 2396 204 1162 0.115595
3 2396 1162 2274 0.109024
3 2499 3011 2483 0.366744
3 3011 2499 764 0.517072
3 764 2499 3178 0.363106
3 3011 764 3088 0.591239
3 3088 764 1543 0.555452
3 228 3088 248 0.650323
3 1138 228 2776 0.446516
3 649 2776 3169 0.085511
3 3027 649 2736 0.067799
3 3007 3027 2482 0.194327
3 2435 2999 737 0.102273
3 2999 2435 2692 0.120636
3 897 2999 2692 0.141682
3 2999 3026 737 0.135551
3 2435 720 2108 0.127817
3 2108 720 2817 0.132218
3 903 1522 3041 0.143957
3 2818 903 3041 0.086180
3 896 2990 2434 0.021454
3 637 2434 2990 0.017067
3 2374 2800 637 0.020056
3 2374 637 381 0.029581
3 2374 381 2550 0.049892
3 2550 381 2828 0.082530
3 2828 381 2990 0.038540
3 2990 381 637 0.025605
3 2278 2550 2828 0.116703
3 1253 1088 1431 0.195614
3 3135 1921 1357 0.230839
3 1389 1357 2127 0.155860
3 3046 2547 1721 0.021338
3 2547 2911 1721 0.024956
3 2010 1319 2562 0.022346
3 1319 2010 1195 0.024799
3 1319 1195 936 0.018450
3 936 1195 2547 0.026396
3 2547 1195 2566 0.047582
3 892 243 3046 0.012851
3 3046 243 3120 0.013977
3 3120 243 2502 0.013319
3 1618 618 2896 0.007088
3 2896 905 1809 0.002538
3 905 2896 2733 0.004138
3 2733 2896 618 0.006713
3 115 1809 2326 0.003522
3 1809 115 2896 0.002767
3 2281 2326 1809 0.006420
3 2281 2778 1425 0.002719
3 2778 2281 1809 0.003422
3 1850 2281 493 0.019058
3 1850 493 2636 0.016816
3 1850 2636 1446 0.034772
3 78 1479 2768 0.029449
3 2991 2743 2670 0.751584
3 2350 2991 2670 0.861739
3 2350 2670 3237 0.899972
3 1238 1283 1275 0.975561
3 1275 1283 607 0.985071
3 1865 2401 1283 0.989768
3 1865 1283 2028 0.975508
3 2151 3170 2141 0.990128
3 3176 1275 2872 0.980881
3 1503 893 3176 0.972889
3 1503 3176 2872 0.976814
3 3032 1436 2872 0.949529
3 417 1436 3032 0.929894
3 417 3032 3184 0.900055
3 891 1436 1407 0.948527
3 891 1407 1386 0.953241
3 1386 1407 472 0.930865
3 472 1407 2927 0.940686
3 417 2927 1407 0.944326
3 417 1407 1436 0.923158
3 1740 1147 735 0.958108
3 735 601 2962 0.951237
3 601 735 1147 0.948966
3 1339 1740 735 0.959466
3 1339 735 819 0.953377
3 819 735 2584 0.968626
3 819 2584 142 0.965301
3 819 142 2747 0.964439
3 950 2747 2130 0.971304
3 2584 1527 142 0.954424
3 142 1527 2747 0.967625
3 2747 1527 2130 0.959685
3 1168 483 3162 0.749645
3 1168 2238 3227 0.830377
3 3162 2238 1168 0.802829
3 1343 555 3078 0.560594
3 139 1663 1343 0.622121
3 315 139 1343 0.629198
3 315 1343 422 0.642879
3 2622 1716 1756 0.548346
3 3145 2196 1204 0.330171
3 3061 2948 207 0.104747
3 3061 207 3111 0.085079
3 2390 3111 207 0.072808
3 2390 207 1066 0.097782
3 1066 207 2948 0.165961
3 1066 2948 2708 0.240877
3 2249 3010 3110 0.086462
3 2249 3110 2802 0.035379
3 2913 3010 2249 0.109241
3 3010 2762 3110 0.141555
3 3137 1852 2631 0.084754
3 2462 3137 2631 0.163663
3 389 3216 2227 0.132059
3 2661 3206 666 0.169225
3 2661 666 89 0.177188
3 382 584 2351 0.124042
3 678 2953 164 0.261430
3 352 1615 1061 0.442662
3 352 52 3191 0.413621
3 3191 52 2926 0.350677
3 2926 52 2717 0.397826
3 2300 2926 2717 0.400051
3 2717 52 1061 0.329229
3 1061 52 352 0.335515
3 75 2815 2843 0.155248
3 75 2914 2815 0.166306
3 2815 2914 1468 0.132609
3 2914 75 1455 0.175096
3 1155 1468 3069 0.026252
3 3069 1468 2914 0.039266
3 1979 1468 1155 0.044232
3 2731 2711 626 0.317542
3 2711 2731 3142 0.303811
3 3142 2731 3128 0.225987
3 1898 1307 2711 0.484223
3 1868 2319 1430 0.328960
3 2319 3018 1430 0.385210
3 918 1430 83 0.326789
3 918 83 2106 0.435301
3 3018 83 1430 0.397245
3 2082 1430 918 0.296864
3 2082 918 1476 0.308420
3 1476 918 2106 0.325109
3 1476 3208 3118 0.318739
3 2277 2016 1351 0.243995
3 514 3167 2256 0.060766
3 514 2256 2840 0.071667
3 2256 3167 1306 0.075944
3 2475 3167 514 0.051185
3 2475 514 2840 0.079358
3 1601 1592 2070 0.097237
3 1601 2475 1592 0.104333
3 2070 2396 717 0.124582
3 154 2396 2070 0.122949
3 154 2070 1592 0.100954
3 154 1592 2840 0.094171
3 2840 1592 2475 0.110773
3 2072 2093 789 0.178206
3 789 2093 2135 0.139617
3 2093 2072 2150 0.242776
3 1277 2093 3094 0.291123
3 3094 2093 2150 0.329042
3 104 866 1138 0.572275
3 104 1138 794 0.510117
3 1138 866 2522 0.602764
3 104 794 2459 0.500270
3 2459 866 104 0.532271
3 1120 2459 3193 0.412826
3 3193 2459 1859 0.468876
3 2683 3007 2482 0.264126
3 2695 2683 3177 0.309803
3 2695 3177 3031 0.409516
3 2748 3177 2945 0.268661
3 2945 3177 3024 0.242205
3 2945 3024 2528 0.270788
3 2313 1071 2528 0.234849
3 803 1952 2313 0.162664
3 903 2818 803 0.100706
3 903 803 2313 0.153175
3 903 2313 1522 0.184215
3 2121 3143 2830 0.040414
3 2121 2830 2598 0.044325
3 2434 1404 2598 0.017881
3 2598 1404 739 0.024340
3 2121 2598 739 0.026767
3 2835 2076 1385 0.015721
3 2076 2835 3152 0.017057
3 2800 2835 1385 0.020722
3 2800 2374 2009 0.021568
3 2009 2374 2550 0.044442
3 2009 2550 2363 0.053670
3 2363 575 3029 0.072958
3 1857 762 344 0.451481
3 2447 2858 1857 0.256786
3 787 2439 2447 0.169864
3 2709 3114 780 0.051737
3 2709 780 2010 0.034348
3 2010 780 1195 0.040111
3 2835 2820 2371 0.021125
3 810 2835 2009 0.022247
3 810 2009 3029 0.032003
3 2820 810 3029 0.024344
3 2363 3029 2009 0.041075
3 2009 2835 2800 0.014885
3 2835 810 2820 0.020778
3 988 1934 2562 0.012132
3 3120 2502 438 0.014482
3 3120 438 1319 0.013423
3 1319 438 988 0.013763
3 1319 988 2562 0.014762
3 988 438 2502 0.014980
3 2324 1730 2314 0.017482
3 1359 2314 1730 0.018259
3 2138 375 115 0.010525
3 2138 115 2326 0.007810
3 115 375 2896 0.006311
3 2896 375 1618 0.009138
3 1748 1618 375 0.013107
3 1850 2253 2326 0.025824
3 1850 2326 2281 0.014669
3 785 2253 1850 0.057079
3 1545 785 1850 0.075815
3 1545 1850 1446 0.067471
3 162 1021 1545 0.059426
3 1545 1021 785 0.066658
3 2458 1383 162 0.054634
3 2458 162 78 0.068007
3 78 162 1479 0.040604
3 2405 1383 2458 0.052682
3 2373 1938 958 0.681282
3 2743 2373 436 0.564527
3 1799 436 2373 0.433222
3 958 1799 2373 0.405469
3 2187 1565 2373 0.780632
3 2187 2373 2743 0.714721
3 2991 2187 2743 0.770428
3 74 2170 313 0.963927
3 1275 3176 1238 0.975404
3 2170 74 3176 0.977779
3 1375 2170 893 0.969114
3 413 1375 2021 0.948710
3 413 2021 2481 0.948965
3 2481 2021 123 0.891925
3 2825 2555 1386 0.932822
3 1386 2555 891 0.955866
3 2966 891 2555 0.958683
3 472 2825 1386 0.902219
3 3020 1352 76 0.919596
3 327 2927 1339 0.951351
3 1352 327 2747 0.954074
3 819 2747 327 0.950963
3 819 327 1339 0.954351
3 1173 2245 877 0.949014
3 1114 3054 2629 0.901715
3 1538 1471 3 0.918281
3 1471 3054 3 0.929286
3 1915 3 3054 0.921921
3 1915 1286 1538 0.929622
3 82 1286 1233 0.950439
3 1233 1286 1156 0.915718
3 1233 1156 2493 0.915278
3 1156 1286 1915 0.913328
3 3 1915 1538 0.928247
3 82 1538 1286 0.947825
3 2301 1833 139 0.615362
3 693 2286 2301 0.798362
3 2625 2286 2702 0.759368
3 2702 2286 693 0.771503
3 2702 693 2301 0.772207
3 3053 2702 2301 0.530509
3 1179 2625 2702 0.782933
3 2119 3053 2301 0.556856
3 1179 2702 1462 0.521794
3 1462 2702 3053 0.361726
3 2982 1452 2638 0.231124
3 1987 1452 2708 0.136077
3 1885 2708 1452 0.148641
3 3061 1987 2948 0.078387
3 2948 1987 2708 0.109870
3 3067 2620 134 0.215048
3 2588 2785 3067 0.072959
3 3110 2588 3067 0.046549
3 2212 2460 937 0.119493
3 1046 1475 2724 0.083231
3 2724 1475 1057 0.074913
3 2212 1475 1046 0.063246
3 3206 1057 1076 0.117012
3 3206 1076 3216 0.169043
3 496 1076 1475 0.112555
3 1475 1076 1057 0.110589
3 1076 3137 3216 0.133257
3 3137 1076 496 0.112680
3 991 3034 2601 0.077878
3 3189 3058 786 0.091876
3 3189 786 667 0.104150
3 786 3058 2942 0.070384
3 420 667 786 0.110556
3 420 786 2942 0.118021
3 2007 2834 2731 0.322436
3 3154 2007 2719 0.458543
3 2027 2719 487 0.444479
3 2027 487 1696 0.257460
3 3203 2540 1497 0.275910
3 2082 2540 1430 0.290759
3 2540 2082 927 0.218362
3 927 2082 3118 0.217811
3 927 3118 2957 0.237550
3 2957 3118 1530 0.279619
3 2443 927 2957 0.232394
3 2941 2339 3089 0.290548
3 1408 526 3089 0.103612
3 1408 3089 2277 0.174149
3 2700 526 2819 0.041107
3 1643 2700 38 0.045428
3 1643 38 3133 0.055848
3 2819 38 2700 0.031681
3 752 1643 2375 0.056102
3 2093 1277 2135 0.161904
3 3094 1211 480 0.547747
3 2705 2309 760 0.708038
3 2419 2813 293 0.596241
3 2813 2419 722 0.561544
3 2529 2813 1713 0.634354
3 902 2529 1553 0.443252
3 2529 902 1772 0.438160
3 660 372 1715 0.252464
3 3193 1715 1120 0.337162
3 1120 1715 372 0.339947
3 1120 372 2053 0.504431
3 402 2053 372 0.516022
3 402 372 660 0.390213
3 1564 999 2115 0.219438
3 79 2833 999 0.174146
3 79 999 1564 0.179522
3 79 1564 2004 0.111583
3 1564 2115 1311 0.173687
3 2004 1564 795 0.091756
3 795 1564 1311 0.108034
3 3031 2251 654 0.362325
3 2945 2528 2748 0.354211
3 2251 3031 2748 0.403550
3 2251 2748 2528 0.335278
3 1071 2251 2528 0.223177
3 1480 2903 1574 0.198480
3 128 3143 2121 0.030823
3 2580 1971 845 0.023169
3 85 845 1995 0.027000
3 85 1995 2369 0.030044
3 1995 845 1971 0.023181
3 2369 1995 2862 0.034694
3 2862 1404 797 0.017186
3 1404 1995 739 0.032347
3 2121 739 1995 0.029300
3 1995 1404 2862 0.030135
3 2076 3152 1860 0.019532
3 631 316 1860 0.042437
3 1328 1090 2675 0.040449
3 631 1090 1328 0.044617
3 631 1328 2961 0.052695
3 519 2578 2324 0.011431
3 2578 672 2324 0.008336
3 940 1496 1086 0.058253
3 2420 2857 238 0.076057
3 238 2857 1496 0.053248
3 238 1496 2561 0.031935
3 1496 2857 1086 0.053601
3 1080 2138 3087 0.056866
3 2138 1080 1748 0.024590
3 1748 1080 2420 0.045551
3 1130 2420 1080 0.211276
3 1130 3087 2222 0.275365
3 2222 3087 2110 0.251877
3 3087 1130 1080 0.163734
3 785 630 2253 0.048467
3 403 3195 2507 0.588086
3 403 2507 2784 0.684103
3 3066 921 1266 0.946145
3 416 1172 1342 0.963642
3 1172 413 2481 0.933874
3 413 1172 1375 0.949791
3 2523 2185 2340 0.889447
3 2185 2523 123 0.841242
3 123 2523 2481 0.806789
3 2165 2542 3020 0.897895
3 2185 2542 2165 0.885326
3 3020 2542 2825 0.869174
3 2825 2542 2555 0.899195
3 2555 2318 2966 0.965585
3 2318 2555 2542 0.927661
3 2348 2340 518 0.941652
3 2348 518 3050 0.957925
3 518 2340 1321 0.965814
3 3050 518 1341 0.973250
3 1341 518 1321 0.980749
3 2988 68 212 0.948195
3 2988 212 2780 0.940150
3 2780 212 1173 0.905140
3 1173 212 68 0.925733
3 1173 68 2245 0.903416
3 2245 68 95 0.951792
3 95 68 2988 0.943609
3 95 2988 1981 0.958843
3 291 2988 2780 0.939558
3 653 2988 291 0.956240
3 710 653 944 0.937552
3 710 944 2134 0.942298
3 2134 944 2553 0.931681
3 2409 944 653 0.950820
3 2977 3030 944 0.928115
3 2977 944 2409 0.936254
3 944 3030 2553 0.929970
3 2629 2977 2409 0.933291
3 2977 3054 734 0.947443
3 2977 734 2579 0.948069
3 2977 2579 3030 0.956961
3 1255 2579 450 0.967635
3 1255 450 755 0.951643
3 755 450 4 0.922278
3 4 450 1471 0.942310
3 1471 450 734 0.950354
3 734 450 2579 0.952780
3 1538 755 4 0.924270
3 1538 4 1471 0.920752
3 2493 2572 1233 0.937461
3 1233 2572 82 0.964698
3 2349 2493 2074 0.942083
3 1747 2442 2395 0.871678
3 2395 2442 1113 0.821732
3 809 2395 2286 0.747756
3 2286 2395 2888 0.780726
3 2123 772 1524 0.856502
3 1958 551 1179 0.607813
3 1326 1462 2270 0.353070
3 1179 1462 1958 0.521384
3 1958 1462 1326 0.518033
3 2270 2785 1326 0.341120
3 2270 2620 2785 0.258662
3 2785 2620 3067 0.191236
3 2785 2035 371 0.299992
3 2588 726 2785 0.065967
3 2785 726 2035 0.129978
3 1035 2330 2460 0.156888
3 1046 2724 2894 0.146462
3 2894 2724 1438 0.223735
3 1438 2724 1779 0.145248
3 2240 91 1967 0.047259
3 3189 1708 2240 0.055246
3 2240 1708 1623 0.092679
3 2332 1145 733 0.050504
3 1145 2332 3189 0.034858
3 1145 3189 667 0.054198
3 1324 733 1145 0.101372
3 2128 1324 1145 0.095528
3 2128 1145 420 0.099488
3 2128 420 2942 0.110462
3 667 420 1145 0.074881
3 2128 2942 1612 0.118294
3 2007 2400 2834 0.241804
3 718 971 2666 0.196236
3 718 2666 2837 0.212278
3 2837 2666 2140 0.210470
3 2140 806 1616 0.296874
3 2510 396 349 0.268663
3 2510 349 2002 0.300324
3 2364 1068 2989 0.449117
3 668 1621 1497 0.233290
3 1497 1621 3203 0.291618
3 2068 2443 1845 0.335951
3 1845 2443 2957 0.237663
3 2941 1845 2339 0.210953
3 2454 1148 341 0.046114
3 1997 1004 752 0.055132
3 1571 2081 3149 0.485633
3 2309 114 2081 0.668275
3 2081 1976 1991 0.458204
3 2199 1463 368 0.380902
3 368 1463 1976 0.321774
3 2343 2199 2594 0.332168
3 2343 2594 2107 0.331413
3 2594 368 1976 0.446612
3 368 2594 2199 0.348501
3 2519 2107 2594 0.331517
3 2419 2594 1976 0.486342
3 293 2001 2419 0.688062
3 554 1810 2885 0.153204
3 554 2885 2365 0.318402
3 2866 2932 834 0.098432
3 3093 2866 834 0.096705
3 3093 834 2546 0.138564
3 2546 834 1096 0.260089
3 1693 3134 2801 0.077408
3 2803 1980 223 0.084137
3 2004 223 1980 0.057308
3 2372 3138 1980 0.116916
3 2803 2372 1980 0.122514
3 943 2372 2803 0.211535
3 943 2803 1594 0.299453
3 1594 2803 2844 0.259225
3 883 2372 943 0.194616
3 1480 883 943 0.193894
3 883 1480 1574 0.143658
3 3138 2372 883 0.130367
3 3138 883 2993 0.122221
3 2993 883 1574 0.131097
3 2671 2993 2732 0.060275
3 2732 2993 2263 0.058142
3 2580 2841 2590 0.023055
3 2580 2590 1595 0.025485
3 2369 2197 1440 0.015141
3 2369 1440 85 0.019433
3 85 2841 845 0.018729
3 845 2841 2580 0.028328
3 2841 85 1440 0.015602
3 2841 1440 1427 0.017284
3 2841 1427 2590 0.020112
3 1427 1440 2197 0.010820
3 3190 546 1427 0.014580
3 3190 1427 930 0.015408
3 930 1427 2197 0.008068
3 1427 546 2590 0.020828
3 2590 546 191 0.027994
3 2961 2729 1332 0.137318
3 1328 3166 2961 0.056993
3 2143 3166 1328 0.036002
3 1690 3166 2143 0.033548
3 424 2056 940 0.054349
3 1086 2513 424 0.044388
3 1086 424 940 0.044388
3 1496 940 2056 0.047888
3 3121 1340 2699 0.059220
3 3121 2699 2153 0.070411
3 2153 2699 2496 0.047768
3 2605 849 1924 0.174656
3 1103 3146 867 0.265081
3 1103 867 911 0.312919
3 1103 911 3200 0.703462
3 226 3200 145 0.840322
3 3200 911 145 0.678338
3 226 145 1130 0.658195
3 226 1130 816 0.646403
3 1130 145 911 0.518180
3 816 2823 226 0.841252
3 2823 3200 226 0.903117
3 2368 3200 2823 0.838205
3 2784 2823 3205 0.729100
3 816 3205 2823 0.746350
3 2222 3205 816 0.631843
3 2110 3205 2222 0.440471
3 2784 3205 403 0.672931
3 403 3205 2110 0.531722
3 403 2110 2487 0.370988
3 3146 3200 2368 0.770138
3 2767 1701 615 0.483041
3 1356 3039 2804 0.952025
3 1356 2149 3039 0.963537
3 1356 2804 1502 0.954002
3 2231 2804 3039 0.919805
3 2804 2507 862 0.889319
3 2804 2231 2507 0.894412
3 2149 1356 2904 0.980350
3 2904 1356 1502 0.976594
3 3066 2904 1502 0.974694
3 2030 2904 3066 0.972860
3 899 2030 2811 0.979536
3 2992 339 2358 0.977957
3 2665 1201 2358 0.954907
3 2665 2358 339 0.951286
3 2348 1038 968 0.872109
3 1038 1957 968 0.868836
3 968 1957 2523 0.864624
3 2348 968 2340 0.907874
3 2340 968 2523 0.919488
3 2523 1957 1201 0.855952
3 1201 1957 2358 0.932368
3 2358 1957 1038 0.947095
3 3050 1038 2348 0.961071
3 2688 2744 1550 0.908202
3 3164 2688 1550 0.912332
3 3164 1550 1043 0.890116
3 1043 1550 246 0.915169
3 246 1550 1981 0.936482
3 715 1043 246 0.933414
3 581 715 2988 0.968582
3 581 2988 653 0.943911
3 2988 715 246 0.967496
3 2988 246 1981 0.961901
3 444 1043 715 0.928637
3 2730 444 77 0.826192
3 77 444 1218 0.908000
3 1218 444 715 0.914026
3 1218 715 581 0.957749
3 1218 581 2448 0.929694
3 171 2448 710 0.928703
3 171 710 2134 0.941790
3 3106 2089 2553 0.815765
3 2553 2089 2134 0.899293
3 2521 3211 603 0.923636
3 603 3211 2969 0.909883
3 1255 3030 2579 0.955402
3 790 3030 1288 0.916133
3 1288 3030 1255 0.926381
3 1288 1255 1876 0.932714
3 1876 1255 755 0.946821
3 2335 1288 1876 0.942721
3 2572 2335 1876 0.945923
3 2572 1876 755 0.935781
3 1272 2958 1042 0.901544
3 1042 2958 2959 0.866788
3 2959 2958 2335 0.864490
3 2335 2958 1288 0.915036
3 1288 2958 790 0.894241
3 1418 1531 1042 0.877477
3 1418 1491 1735 0.936529
3 1491 1418 2959 0.934764
3 1042 2959 1418 0.911644
3 599 1491 2349 0.907096
3 2349 1491 2959 0.919349
3 3159 2272 1985 0.929700
3 3159 1985 1020 0.911429
3 651 2734 371 0.319808
3 1144 3185 2909 0.479480
3 1144 2909 2330 0.355888
3 1144 2330 2217 0.305792
3 2211 3185 1144 0.267450
3 2211 1144 2217 0.431650
3 125 1763 2637 0.563595
3 1763 2915 2385 0.367991
3 2915 1763 1236 0.526559
3 1236 1763 125 0.610068
3 2898 2637 1763 0.557555
3 189 2898 69 0.361333
3 69 2898 1763 0.486590
3 1708 2981 747 0.097333
3 1708 747 1623 0.083421
3 718 879 971 0.174903
3 879 718 48 0.206993
3 48 718 2297 0.215876
3 2297 718 2837 0.206514
3 2297 2837 1648 0.250808
3 2975 3124 1370 0.555446
3 1129 2975 1490 0.440807
3 1490 2975 1370 0.567283
3 2510 724 2949 0.514797
3 2145 2096 2510 0.440139
3 925 2145 2510 0.628629
3 925 2510 2949 0.621873
3 1739 2766 856 0.244208
3 1199 1739 2653 0.262855
3 2766 1739 1199 0.341555
3 2653 1739 1561 0.157662
3 627 2265 1282 0.057618
3 1282 2265 283 0.046499
3 2892 1282 1997 0.042516
3 2910 1997 1282 0.038141
3 2181 2892 752 0.031636
3 752 2892 1997 0.035583
3 2910 2289 1997 0.041241
3 1485 2892 1989 0.034258
3 627 1282 1485 0.049409
3 2892 1485 1282 0.031862
3 101 1261 182 0.060895
3 2596 1105 1015 0.096422
3 2548 197 1836 0.226269
3 2548 1836 1463 0.293667
3 2548 1463 1186 0.292260
3 1186 1463 2199 0.321474
3 2548 1186 1977 0.297596
3 1977 1186 2543 0.258107
3 1207 517 2543 0.129779
3 577 727 2343 0.171555
3 577 2107 2519 0.319729
3 2107 577 2343 0.304108
3 309 2519 2885 0.164094
3 309 2885 2919 0.133460
3 2846 591 2234 0.227488
3 2453 2846 898 0.128487
3 1761 898 2846 0.227142
3 1761 2846 2234 0.239947
3 2453 898 11 0.104901
3 1970 11 898 0.106029
3 2391 2152 2453 0.107778
3 2391 3093 3202 0.098750
3 2152 2391 2765 0.078989
3 3202 2765 2391 0.113059
3 3202 2816 2765 0.099258
3 2765 2816 2046 0.067889
3 3202 3134 2816 0.081091
3 298 2816 1230 0.075154
3 1327 1230 1693 0.056047
3 2801 1327 1693 0.068305
3 901 990 3122 0.113758
3 1008 2346 3190 0.052837
3 3190 1902 1008 0.054532
3 1008 1902 1832 0.081827
3 430 1902 930 0.049011
3 930 1902 3190 0.020138
3 576 3121 1832 0.104461
3 3121 576 1340 0.069700
3 2901 576 1832 0.120933
3 3232 909 305 0.087270
3 305 909 1919 0.066052
3 3060 2160 1919 0.049154
3 3232 305 1028 0.059740
3 1028 305 2153 0.045367
3 2153 305 1919 0.050942
3 2153 1919 2160 0.042823
3 1838 1104 2207 0.143688
3 2496 2207 1104 0.091170
3 628 2280 1933 0.228859
3 1933 1398 421 0.839720
3 536 421 1398 0.896753
3 536 1398 290 0.900221
3 1881 2899 1814 0.943287
3 1814 536 290 0.930504
3 421 536 1814 0.934346
3 421 1814 2899 0.936158
3 421 2899 2865 0.875422
3 1848 2457 1881 0.961216
3 1848 1881 1140 0.950766
3 2283 1140 1814 0.951820
3 1814 1140 1881 0.936975
3 700 2457 1848 0.985381
3 700 1848 3127 0.990945
3 3127 1848 1770 0.985898
3 1770 1140 2283 0.969761
3 1140 1770 1848 0.967210
3 1726 1723 2283 0.956738
3 2283 1723 1770 0.964204
3 1150 2624 2811 0.965154
3 899 2811 2624 0.977707
3 3234 2252 2518 0.942053
3 3234 2518 1150 0.960407
3 1871 2518 2252 0.943697
3 2951 1871 1214 0.969858
3 165 2951 1214 0.979593
3 1837 1563 579 0.982578
3 3050 1837 2992 0.972875
3 2267 2557 2019 0.975643
3 2744 1780 2111 0.921223
3 2744 874 1780 0.900543
3 2521 3164 158 0.904090
3 2521 158 1684 0.922669
3 1043 158 3164 0.894701
3 1684 158 444 0.786461
3 1684 444 2730 0.817598
3 444 158 1043 0.873799
3 796 1684 2446 0.889683
3 796 2446 2239 0.897166
3 2446 1684 2730 0.888105
3 2645 2239 2446 0.894510
3 2890 2645 2446 0.849278
3 2730 2890 2446 0.822185
3 2448 464 1218 0.887326
3 1218 464 77 0.900072
3 77 464 2730 0.821087
3 1627 2448 1297 0.779299
3 2448 1627 464 0.722232
3 464 1627 2890 0.634856
3 1521 1297 570 0.818331
3 1521 570 2223 0.764434
3 2448 570 1297 0.819091
3 2089 2223 2134 0.923772
3 2134 2223 171 0.936270
3 832 2223 2089 0.890232
3 832 2599 2690 0.880507
3 2599 832 3106 0.857455
3 3106 832 2089 0.888736
3 2969 3211 1752 0.929733
3 1752 3211 419 0.965301
3 1752 419 2479 0.959720
3 2479 742 1752 0.927740
3 2461 419 3211 0.967179
3 2969 1752 3106 0.906003
3 2599 3106 1752 0.843577
3 2599 1752 742 0.899042
3 205 3211 2521 0.948798
3 205 2521 1684 0.942488
3 2461 3211 205 0.943043
3 2461 205 2239 0.932061
3 796 2239 205 0.938572
3 2645 2479 2239 0.918841
3 2239 2479 2461 0.938810
3 945 2890 2611 0.867830
3 2890 1627 2611 0.774680
3 2690 945 2611 0.911798
3 1158 2690 2611 0.884172
3 1158 2611 1297 0.810735
3 1297 2611 1627 0.772361
3 1521 832 1158 0.778566
3 832 2690 1158 0.878851
3 832 1521 2223 0.754428
3 1297 1521 1158 0.826305
3 2479 2645 742 0.919021
3 419 2461 2479 0.969821
3 2292 1589 3213 0.948171
3 2292 3213 2177 0.907006
3 746 2386 3213 0.901572
3 2386 741 3213 0.902136
3 800 746 3213 0.897142
3 1735 599 800 0.895201
3 800 599 1235 0.892374
3 1382 1235 3081 0.861465
3 1823 1382 3081 0.897911
3 2873 2898 827 0.434709
3 827 2898 2285 0.437567
3 2873 132 2898 0.512325
3 48 2297 2285 0.248720
3 48 2285 657 0.261889
3 48 657 879 0.234901
3 827 2285 565 0.349913
3 827 565 2873 0.373831
3 2285 2297 565 0.259093
3 2266 565 2044 0.315614
3 2467 2044 1648 0.283509
3 2467 1648 674 0.336059
3 1648 2044 2297 0.298277
3 2297 2044 565 0.264495
3 2266 2044 1294 0.383372
3 1294 2044 2467 0.338400
3 2501 1294 3238 0.614454
3 2467 3238 1294 0.506879
3 264 3124 3104 0.872034
3 854 1568 1964 0.754456
3 2658 1964 1568 0.783638
3 2658 1568 3124 0.798237
3 3124 1568 3104 0.878469
3 3104 1568 2404 0.918778
3 2145 1793 2975 0.655240
3 2145 2975 2096 0.567440
3 2975 1793 3124 0.618387
3 2658 3124 1793 0.688698
3 925 1605 2145 0.748329
3 1164 1830 1199 0.411174
3 2033 1164 1199 0.451234
3 2033 1199 548 0.325172
3 728 2033 889 0.397649
3 728 889 1677 0.391639
3 2659 2033 548 0.288853
3 2659 889 2033 0.401344
3 2036 2659 1864 0.138344
3 1864 2659 1152 0.155820
3 2875 1111 188 0.090877
3 188 1744 1624 0.096741
3 1111 1744 188 0.139835
3 2875 188 2429 0.059678
3 2429 188 1624 0.056322
3 1963 2875 2265 0.083319
3 2265 2875 283 0.053698
3 2155 1963 1896 0.130192
3 3083 1384 1442 0.147366
3 1442 288 3083 0.199784
3 2548 1977 288 0.279668
3 288 1977 3083 0.310383
3 1281 860 2146 0.152895
3 860 1281 2013 0.099347
3 860 2013 2144 0.107028
3 2144 2013 687 0.106518
3 577 2549 1325 0.099258
3 161 1325 2549 0.092288
3 1470 161 2549 0.111953
3 587 1470 2549 0.121104
3 587 2549 309 0.100759
3 309 2549 2519 0.143310
3 2569 1470 587 0.147831
3 2569 587 2755 0.160623
3 118 3163 2046 0.174776
3 265 1999 962 0.166108
3 1826 962 1999 0.276835
3 1826 1999 1936 0.335983
3 1461 2789 1327 0.042266
3 1327 2789 1230 0.060975
3 1230 2789 298 0.068208
3 962 298 2789 0.116387
3 2220 1461 758 0.062144
3 3005 2173 1461 0.095799
3 3005 1461 2220 0.075381
3 2691 2220 758 0.081454
3 2691 758 36 0.092638
3 2691 36 2667 0.083405
3 1843 1665 1900 0.071382
3 1843 1900 2322 0.080885
3 1843 2322 2413 0.080705
3 1127 2691 1055 0.129314
3 1127 1055 2934 0.157852
3 2008 1030 1240 0.115652
3 2008 1240 2410 0.088586
3 1700 929 1002 0.157733
3 1002 929 2410 0.155486
3 909 1700 1002 0.149017
3 909 1002 1919 0.085332
3 1919 1002 3060 0.061169
3 3060 1002 1240 0.060444
3 1240 1002 2410 0.105292
3 1838 1700 1104 0.171187
3 1700 1838 3099 0.179243
3 2455 8 873 0.310555
3 169 2455 873 0.397481
3 606 628 1933 0.413449
3 1719 8 2455 0.393567
3 1205 1637 1719 0.519426
3 1464 1798 2899 0.938214
3 2457 1464 1881 0.960223
3 2544 670 2526 0.984456
3 1032 582 2544 0.983840
3 1032 2544 199 0.981198
3 433 199 2526 0.982391
3 1072 2509 2157 0.920485
3 1598 1313 2509 0.759812
3 2509 1072 1598 0.858606
3 2246 108 1005 0.882439
3 2246 1005 1082 0.865973
3 1335 1082 1940 0.928547
3 1940 1082 1005 0.895554
3 2518 108 2246 0.943830
3 2951 1515 1871 0.954643
3 3172 2937 954 0.934784
3 954 815 1361 0.948094
3 3139 259 1361 0.971415
3 3139 1361 815 0.970846
3 3139 815 1878 0.949220
3 3172 954 1361 0.966750
3 3172 1361 259 0.971312
3 2019 2749 1878 0.952104
3 2749 2019 1718 0.954963
3 2267 2019 815 0.970874
3 815 2019 1878 0.959367
3 663 2075 1418 0.969841
3 1418 2075 3199 0.973423
3 2174 3080 2867 0.973107
3 2180 2174 2668 0.954192
3 2668 2174 2867 0.979066
3 2500 149 885 0.887932
3 885 149 2323 0.965783
3 885 2323 942 0.973682
3 885 942 3014 0.983782
3 3014 942 1304 0.981133
3 1445 3014 2292 0.951599
3 1445 2292 2177 0.910043
3 1445 2177 1796 0.864263
3 1294 2759 2266 0.326864
3 2266 2759 249 0.396981
3 604 2759 1689 0.643255
3 2501 1689 1294 0.576235
3 1294 1689 2759 0.573265
3 2861 2759 604 0.715775
3 2861 604 1689 0.721352
3 2861 1689 3021 0.604588
3 3021 1689 3204 0.481702
3 3204 1689 2501 0.478933
3 1374 2317 3021 0.680683
3 3021 3204 213 0.519691
3 3204 3038 213 0.610355
3 3038 2880 213 0.475479
3 1374 3021 213 0.564472
3 1374 213 2880 0.630882
3 152 3038 3204 0.649207
3 887 152 3204 0.598374
3 1469 3038 152 0.488430
3 1764 2201 2047 0.726780
3 1477 3104 2404 0.900839
3 3104 1477 264 0.929679
3 3086 1797 1348 0.936220
3 3040 2243 1568 0.891959
3 3040 1568 854 0.844639
3 1568 2243 2404 0.913613
3 3040 854 1964 0.801504
3 2469 2972 938 0.126397
3 2469 938 482 0.117080
3 2469 482 88 0.123916
3 88 482 1604 0.149116
3 973 482 938 0.183261
3 2659 7 889 0.301848
3 1755 2469 1107 0.175138
3 1755 2874 2559 0.218587
3 2874 1755 1107 0.217870
3 3083 2154 2707 0.155547
3 1384 3083 2707 0.156331
3 1816 1384 2707 0.122487
3 1816 2707 2262 0.186486
3 3083 782 2154 0.186434
3 2559 2660 533 0.275477
3 533 2660 992 0.376650
3 992 2660 782 0.345792
3 992 782 3083 0.324847
3 782 2660 2154 0.249780
3 533 992 215 0.391279
3 3076 1181 3105 0.250231
3 641 1143 714 0.062370
3 2144 2617 860 0.136542
3 860 2617 2146 0.135841
3 1783 2617 766 0.323033
3 766 2617 2478 0.268080
3 766 2478 1470 0.221209
3 1783 1731 157 0.408179
3 1731 766 1388 0.293218
3 1783 766 1731 0.291975
3 1767 1731 1388 0.350698
3 1767 1388 2569 0.257614
3 1993 792 725 0.714083
3 1993 725 2616 0.556447
3 2740 2616 1337 0.455063
3 2740 1337 1705 0.406676
3 3163 1118 1705 0.384852
3 2525 3163 1705 0.300984
3 2046 3163 2525 0.190349
3 2046 2525 2103 0.148362
3 1774 2103 2525 0.156087
3 1588 1554 2576 0.727911
3 1961 1259 1765 0.689833
3 1259 2576 1765 0.703508
3 1765 2576 1554 0.713233
3 1641 2576 1259 0.692771
3 515 1083 1999 0.414595
3 265 515 1999 0.215575
3 1999 1765 1936 0.471156
3 1765 1999 1083 0.553351
3 1507 1083 515 0.578810
3 980 1507 515 0.357758
3 980 515 2173 0.262025
3 1127 2934 3005 0.132441
3 1127 3005 2220 0.074808
3 2691 1127 2220 0.069421
3 3072 3005 2934 0.132237
3 415 2753 3072 0.303224
3 415 2994 2753 0.308248
3 2994 415 2008 0.185769
3 2008 415 3072 0.176378
3 2008 3072 2402 0.140570
3 1202 2994 2008 0.169978
3 1202 2008 2410 0.140222
3 1030 2008 2402 0.108638
3 804 2994 1202 0.174878
3 466 507 222 0.276794
3 222 1045 804 0.407399
3 222 804 1202 0.226218
3 1045 2167 804 0.392682
3 507 466 1017 0.324469
3 1050 466 222 0.212011
3 1050 222 1202 0.154555
3 2994 804 2167 0.278906
3 507 1045 222 0.388888
3 3099 466 1050 0.275762
3 3099 1050 929 0.197421
3 929 1050 2410 0.206897
3 3186 276 321 0.958786
3 2882 1032 336 0.973303
3 336 199 433 0.978353
3 199 336 1032 0.979396
3 1032 1377 582 0.955323
3 1377 1032 2882 0.949017
3 2302 255 1792 0.934901
3 112 1792 255 0.918107
3 112 255 2161 0.956502
3 2520 1792 373 0.905354
3 2520 373 2195 0.916627
3 2195 373 2509 0.899961
3 2509 373 112 0.935652
3 2509 112 2161 0.951851
3 1792 112 373 0.918698
3 1973 2520 2195 0.908922
3 2852 1973 2195 0.899321
3 2852 2195 2878 0.622707
3 3172 3210 457 0.927339
3 3172 457 1889 0.932484
3 3172 1889 2937 0.907886
3 1889 457 2316 0.896544
3 2316 457 3210 0.918735
3 1644 2573 214 0.968930
3 1644 214 153 0.962472
3 2296 214 3139 0.961901
3 2296 153 214 0.953234
3 2296 3139 3090 0.946730
3 3139 214 2573 0.969458
3 2595 116 3080 0.941770
3 2863 2595 3080 0.912606
3 2696 2323 149 0.957862
3 2323 2696 2129 0.971863
3 2317 2696 2861 0.750528
3 2317 2861 3021 0.567031
3 2317 1374 2880 0.636271
3 1512 2504 1578 0.772288
3 1578 2504 2996 0.693704
3 2771 2996 2504 0.589437
3 3038 1469 2504 0.607060
3 1469 2771 2504 0.549169
3 1797 2771 1469 0.687241
3 1314 3038 2504 0.595109
3 3119 2760 1549 0.649686
3 3160 768 542 0.203906
3 3160 542 1714 0.218490
3 768 3160 1390 0.221298
3 768 1390 1097 0.161954
3 2559 542 236 0.195325
3 2559 236 1755 0.211409
3 2469 1755 236 0.147058
3 768 2469 236 0.191561
3 768 236 542 0.297753
3 2172 3160 1714 0.200714
3 2821 2172 2545 0.172632
3 2545 2172 1714 0.186670
3 1069 380 1528 0.151693
3 1528 380 1714 0.179765
3 1459 2511 1069 0.207979
3 1143 641 178 0.088909
3 410 2764 793 0.159327
3 2764 257 793 0.199586
3 412 410 793 0.177530
3 2764 410 714 0.096363
3 714 410 641 0.082289
3 641 410 412 0.119077
3 2389 2764 2 0.117078
3 2389 2 452 0.114284
3 2764 452 2 0.102706
3 2884 2077 452 0.092850
3 2884 452 801 0.054820
3 1226 2484 2488 0.389103
3 1226 2488 411 0.438069
3 1993 26 792 0.752623
3 26 1993 544 0.750564
3 544 1993 2740 0.648249
3 2740 1993 2616 0.603299
3 1588 1157 209 0.631692
3 2425 1588 209 0.758537
3 1893 2425 209 0.746372
3 1157 777 3006 0.816188
3 1157 1588 777 0.710975
3 2527 3006 1691 0.684821
3 2188 2378 2380 0.525751
3 2378 2188 1614 0.617202
3 1614 2188 2679 0.607047
3 2612 2380 2378 0.526440
3 2612 2378 241 0.642048
3 241 2378 872 0.600676
3 1614 872 2378 0.639768
3 1259 1961 2233 0.718997
3 1507 2233 1961 0.737907
3 2753 2291 980 0.383926
3 2954 2726 1045 0.701706
3 2954 1045 211 0.729134
3 2725 507 1017 0.308830
3 507 2725 211 0.490670
3 507 211 1045 0.541073
3 2954 1044 296 0.802244
3 296 1044 1584 0.743638
3 211 1044 2954 0.812021
3 2541 1584 393 0.735512
3 2541 393 2345 0.647194
3 2345 393 1063 0.658208
3 2613 2345 1063 0.551973
3 2163 1243 1920 0.974642
3 53 187 1920 0.971279
3 1262 2882 2161 0.948367
3 2882 494 302 0.938517
3 494 2882 1262 0.938800
3 1483 2302 1792 0.926457
3 1225 1642 1483 0.924688
3 1483 707 1225 0.900295
3 2142 2809 959 0.736353
3 2142 959 2852 0.817909
3 2142 2852 3055 0.697369
3 1499 2752 1794 0.868085
3 2752 1499 2986 0.876107
3 1738 2881 2304 0.915031
3 232 1738 1782 0.932292
3 232 1782 1512 0.900060
3 1782 1738 2304 0.931273
3 1673 2651 1128 0.882455
3 1673 1128 799 0.833625
3 799 1128 2180 0.918509
3 3198 2651 1673 0.900097
3 2863 2180 1128 0.933060
3 2863 1128 3090 0.946060
3 3090 1128 2651 0.881241
3 3090 2651 2296 0.914744
3 2863 3090 2595 0.927022
3 2174 2180 2863 0.933751
3 1578 2996 232 0.782419
3 1512 1578 232 0.866417
3 1738 232 2996 0.881405
3 1738 2996 2881 0.922181
3 2760 2881 677 0.813340
3 2268 2881 2760 0.759165
3 2268 2760 3119 0.645376
3 1884 3119 1662 0.494339
3 2727 3102 1884 0.466195
3 2727 1884 3160 0.354258
3 3160 1884 1662 0.301493
3 3102 511 1022 0.333287
3 511 3102 2727 0.340533
3 2506 511 2821 0.258647
3 2506 2821 2218 0.156504
3 2218 2821 2545 0.108725
3 2973 1846 2968 0.238380
3 2973 2968 2750 0.234736
3 257 2750 793 0.283396
3 793 2968 412 0.160707
3 412 2968 1955 0.153933
3 2968 793 2750 0.157629
3 2570 2176 2745 0.205530
3 2417 538 2484 0.288312
3 2484 538 1031 0.160398
3 2484 1031 2488 0.203004
3 2488 1031 2884 0.103534
3 3144 3022 1226 0.623560
3 1248 3144 1226 0.668329
3 2954 296 2612 0.765298
3 2954 2612 2726 0.722130
3 2612 296 2321 0.768146
3 2321 296 1584 0.704148
3 241 2726 2612 0.761683
3 1395 1584 2541 0.712796
3 124 2037 3112 0.605919
3 884 2672 1547 0.794925
3 1931 884 1547 0.860953
3 1931 1547 1394 0.925362
3 1394 1547 1519 0.918591
3 1519 1547 2672 0.741591
3 2208 1519 2158 0.922698
3 1016 1758 1931 0.954843
3 1243 1016 2011 0.980990
3 1243 2011 3186 0.981411
3 1758 1016 1243 0.968950
3 2591 1523 2022 0.887176
3 1018 2591 2041 0.817790
3 2041 2591 1225 0.859285
3 2792 1256 1018 0.610134
3 2041 2792 1018 0.719438
3 2973 2750 2792 0.279052
3 1846 2973 354 0.256417
3 354 2973 2792 0.417018
3 354 2792 1115 0.572468
3 2112 2506 354 0.528588
3 2112 354 1115 0.611320
3 354 2506 1846 0.275023
3 1022 2506 2112 0.442380
3 833 2517 2176 0.596271
3 1395 870 2517 0.676245
3 1867 2517 917 0.747451
3 586 3102 598 0.725663
3 2809 3055 989 0.823555
3 2202 2809 989 0.800661
3 2142 3055 2809 0.797255
3 1414 989 1170 0.876893
3 1170 989 2986 0.895495
3 2986 989 3055 0.862660
3 1794 1414 1170 0.877757
3 1499 1794 1170 0.895481
3 1499 1170 2986 0.882989
3 2559 2874 2660 0.227295
3 2660 2874 2154 0.252061
3 2707 2154 2874 0.167591
3 1445 885 3014 0.972606
3 885 1445 3188 0.941599
3 746 2466 2386 0.851311
3 2533 2466 746 0.870177
3 3200 3146 1103 0.677208
3 2332 733 2333 0.047964
3 789 2135 3167 0.080489
3 789 3167 516 0.103406
3 789 516 2072 0.124100
3 2072 2070 717 0.119780
3 2070 2072 1601 0.142645
3 1601 2072 516 0.130950
3 2475 1601 516 0.103199
3 2475 516 3167 0.083794
3 3235 2014 1358 0.380408
3 1443 2618 3091 0.057279
3 1443 3091 1926 0.114715
3 1224 853 907 0.119911
3 190 1224 907 0.086552
3 190 907 1379 0.115890
3 1903 2554 1421 0.689287
3 699 3194 736 0.020996
3 820 736 3194 0.030247
3 2361 2376 2889 0.050437
3 2361 2889 2186 0.092686
3 129 2162 2421 0.671640
3 1532 1190 2057 0.266025
3 1532 2057 1125 0.316899
3 2871 1509 1725 0.285745
3 468 1391 1725 0.689343
3 2871 1725 1391 0.427785
3 2871 1391 963 0.421727
3 2334 2259 2871 0.137249
3 2259 350 2871 0.106200
3 2871 350 1509 0.143408
3 1190 520 2456 0.326265
3 1190 1771 2057 0.183135
3 1125 2057 1947 0.187978
3 1125 1947 3028 0.196335
3 2456 1771 1190 0.268490
3 1795 1552 2610 0.443204
3 2680 2610 1552 0.391023
3 1094 1923 1560 0.536250
3 1094 1560 453 0.576312
3 1094 453 2746 0.578089
3 1094 2746 2226 0.531116
3 1094 2226 346 0.563703
3 1094 346 1923 0.486618
3 109 453 1338 0.560023
3 1560 1338 453 0.607625
3 2680 2226 2746 0.520406
3 711 1338 439 0.364404
3 2654 3229 1220 0.140323
3 1875 3229 2654 0.222804
3 1875 2654 2516 0.262832
3 3217 2244 2287 0.486872
3 2244 2793 1354 0.446151
3 3028 2793 2334 0.198493
3 320 1947 2057 0.178059
3 320 2057 1771 0.215660
3 320 1771 3033 0.269224
3 1914 2118 2370 0.442865
3 1360 1006 2610 0.403041
3 70 206 2746 0.752124
3 70 109 2558 0.694782
3 70 2558 206 0.691235
3 206 2558 3070 0.745524
3 3070 2680 206 0.754332
3 206 2680 2746 0.745356
3 1310 356 1229 0.479866
3 356 1003 1229 0.717173
3 2575 1003 984 0.672423
3 356 984 1003 0.617324
3 1067 984 356 0.601673
3 1067 356 1310 0.488721
3 1336 308 974 0.079690
3 1336 974 446 0.146240
3 1336 148 2367 0.220473
3 1336 2367 308 0.137775
3 446 974 2067 0.263486
3 2040 2171 531 0.194109
3 2040 531 308 0.080665
3 308 531 974 0.098636
3 974 531 1927 0.130603
3 2067 974 2328 0.258529
3 3233 2530 2040 0.148781
3 697 1803 2287 0.415639
3 2946 697 2287 0.419657
3 2619 1401 1136 0.174654
3 1136 1401 1791 0.138055
3 1791 1401 1200 0.180579
3 1331 1495 1849 0.398842
3 1675 1244 708 0.243146
3 1675 1368 1990 0.248442
3 2416 1675 708 0.311284
3 1466 1244 1990 0.225300
3 2495 1466 1990 0.230089
3 1244 1466 708 0.235501
3 2495 3171 1466 0.231982
3 3171 2853 326 0.299381
3 2853 1175 326 0.235162
3 1829 1877 2260 0.210646
3 90 1877 1829 0.158925
3 90 1829 2133 0.198059
3 1106 2411 2939 0.531372
3 1415 1106 2939 0.491167
3 2902 2682 2779 0.832045
3 2328 1927 2485 0.295166
3 2361 2444 2171 0.125010
3 2376 1178 14 0.083645
3 14 1178 751 0.098357
3 1892 751 1178 0.191232
3 2741 2796 1910 0.059088
3 2741 1910 2366 0.057140
3 1200 2168 1791 0.194226
3 1791 333 1136 0.111423
3 1486 1136 333 0.071136
3 1136 1486 731 0.075736
3 852 1486 333 0.079121
3 1675 2416 1210 0.234685
3 1675 1210 1368 0.203453
3 1368 1210 2538 0.235164
3 2452 824 266 0.042283
3 41 266 2288 0.036084
3 266 41 3126 0.050876
3 266 3126 2452 0.069999
3 266 824 2288 0.030378
3 1805 1666 1887 0.142053
3 743 1805 1887 0.166082
3 743 1454 476 0.317360
3 192 745 1676 0.363815
3 1676 745 219 0.447845
3 1676 219 2295 0.439826
3 1065 192 1676 0.374839
3 1192 2769 1065 0.204655
3 2320 1065 2769 0.202463
3 2769 2669 2320 0.163673
3 2669 2769 186 0.180720
3 1649 2682 1037 0.845352
3 1649 1037 3192 0.833054
3 2050 2794 1505 0.910315
3 1273 1227 1817 0.853562
3 682 1817 1227 0.886168
3 1273 1817 2308 0.868197
3 2225 547 1051 0.145511
3 2225 553 547 0.123538
3 547 553 3003 0.111110
3 2641 814 2621 0.068253
3 1910 1638 297 0.074346
3 2796 1221 1910 0.076036
3 1638 1910 1221 0.087894
3 532 1163 1682 0.046343
3 532 1682 1078 0.045951
3 1078 2650 532 0.041399
3 1682 1163 1221 0.059966
3 1581 1682 1221 0.066195
3 1682 1581 1078 0.050370
3 1819 451 2978 0.075770
3 451 181 1239 0.037838
3 451 1239 274 0.047507
3 2978 451 274 0.055956
3 1819 2978 1960 0.049161
3 451 1819 181 0.053429
3 274 1239 1267 0.057956
3 2978 274 1267 0.058518
3 1537 1791 2168 0.131972
3 1537 865 852 0.077544
3 1537 852 333 0.089348
3 1537 333 1791 0.111308
3 405 2754 1943 0.086472
3 405 1943 658 0.102438
3 658 1943 2311 0.073373
3 405 658 470 0.095342
3 405 470 2139 0.148911
3 405 2139 2754 0.159318
3 1602 1292 1943 0.032043
3 1602 1943 2754 0.043539
3 1724 1943 1292 0.026416
3 1943 1724 2311 0.050045
3 2754 2643 1602 0.128834
3 2449 3113 376 0.035834
3 106 2449 376 0.060108
3 2693 376 2452 0.043573
3 2452 1897 2693 0.083647
3 2693 1897 1754 0.143374
3 1754 1897 3126 0.083648
3 3174 2477 2025 0.124389
3 2912 1520 1590 0.030747
3 2912 1079 1520 0.035332
3 1520 569 1590 0.028714
3 987 952 1572 0.208799
3 1572 2136 987 0.225863
3 1975 987 2136 0.170921
3 952 260 1572 0.255527
3 2136 1572 1073 0.212846
3 1247 2445 2079 0.146572
3 1247 2079 445 0.151730
3 2079 1073 1572 0.216945
3 2079 1572 445 0.238751
3 445 1572 260 0.202577
3 260 1247 445 0.175273
3 2669 2706 2320 0.262863
3 2320 2706 491 0.285541
3 2603 2560 2639 0.521414
3 2603 2639 646 0.496252
3 2603 646 1683 0.381138
3 2663 1353 1193 0.438910
3 2663 397 1353 0.572564
3 1353 397 2147 0.492723
3 397 2663 1189 0.708086
3 397 1189 449 0.752875
3 397 449 2147 0.574092
3 2979 2908 2663 0.585440
3 2663 2908 1189 0.659209
3 2102 2505 1525 0.857270
3 1037 2024 2122 0.808343
3 2102 2938 3150 0.927743
3 2050 2359 2438 0.844561
3 122 1558 1428 0.498149
3 3168 1428 3001 0.628202
3 1558 3001 1428 0.581508
3 2308 2423 1273 0.697386
3 1273 2423 2241 0.685029
3 1273 2241 1227 0.741947
3 2026 1437 398 0.600906
3 861 398 1437 0.583678
3 1437 2026 2164 0.581372
3 2431 3222 2026 0.676416
3 2026 3222 2018 0.666839
3 798 701 924 0.046318
3 924 701 1160 0.061447
3 1737 2838 2179 0.008556
3 5 2838 1737 0.010491
3 2838 3201 509 0.012651
3 2838 509 2179 0.011371
3 509 3201 1788 0.029160
3 509 1788 3002 0.036101
3 2179 509 3002 0.022493
3 1688 63 1720 0.189279
3 1688 1720 3023 0.223688
3 2415 2225 634 0.240557
3 3073 634 2225 0.218044
3 2225 3183 3073 0.138991
3 2960 490 1702 0.004933
3 1702 490 781 0.003842
3 556 2960 87 0.009860
3 181 2907 1239 0.045939
3 1583 915 855 0.053195
3 3157 915 2203 0.046095
3 1583 2203 915 0.041750
3 869 3151 2307 0.013545
3 1270 1013 1633 0.148756
3 1633 1013 1299 0.171553
3 3148 1299 390 0.113253
3 1013 1196 390 0.211166
3 390 1196 1514 0.163809
3 1514 3148 390 0.176105
3 390 1299 1013 0.133019
3 1681 775 1754 0.140606
3 329 282 1551 0.105937
3 282 329 1334 0.154529
3 282 1334 2465 0.123134
3 282 2465 1087 0.114322
3 1551 282 1087 0.100675
3 329 1551 2770 0.146754
3 3085 2770 1551 0.172896
3 914 2232 458 0.247284
3 2583 993 2091 0.188043
3 2583 676 881 0.114590
3 2583 881 993 0.129137
3 676 2883 881 0.081245
3 881 2935 993 0.098287
3 2091 993 675 0.221283
3 2091 675 3065 0.189802
3 675 993 2476 0.234193
3 2476 993 2935 0.153426
3 2535 1695 369 0.147627
3 369 1695 1073 0.181286
3 1073 1695 611 0.149510
3 851 491 2079 0.186984
3 2079 491 369 0.179616
3 2079 369 1073 0.260433
3 369 491 2535 0.231103
3 2706 2669 2039 0.344425
3 2039 2669 2603 0.303995
3 646 455 301 0.335052
3 2678 184 2147 0.738750
3 3095 184 2104 0.666344
3 2678 2104 184 0.800233
3 449 1392 848 0.728215
3 449 848 2565 0.555458
3 449 2565 2147 0.568166
3 876 2565 848 0.485854
3 2505 2102 1894 0.822002
3 3115 1894 2102 0.810296
3 2190 1894 3115 0.717664
3 2906 3207 1905 0.516233
3 1855 3001 351 0.502779
3 1855 351 1434 0.422178
3 1855 1434 252 0.188865
3 1434 351 2967 0.413831
3 1434 2967 96 0.402520
3 96 2967 1433 0.359410
3 10 1260 1433 0.286555
3 1434 732 252 0.095425
3 384 1869 1433 0.529063
3 384 1433 2967 0.494519
3 384 2967 1869 0.418782
3 202 2758 2627 0.134810
3 802 2758 202 0.108636
3 2627 2758 3075 0.192466
3 1959 774 3075 0.289941
3 774 2761 664 0.324324
3 559 664 2761 0.411710
3 2164 1453 1041 0.292133
3 2956 2436 1625 0.011808
3 2426 1625 2436 0.006337
3 1166 2418 270 0.008725
3 1166 270 3074 0.041712
3 1786 1710 127 0.049487
3 127 1710 1808 0.052978
3 1888 1467 1688 0.052054
3 1688 2298 1888 0.066835
3 1888 558 1467 0.042797
3 361 3023 1546 0.301000
3 1808 361 1014 0.151113
3 1014 361 1546 0.342206
3 2117 1308 1400 0.757260
3 822 3158 363 0.735374
3 363 3158 2632 0.793495
3 634 3073 1489 0.263779
3 1576 1365 2085 0.092164
3 2929 2113 2532 0.004036
3 490 2929 2532 0.003731
3 490 2532 781 0.004031
3 1119 939 2723 0.012289
3 939 1119 2929 0.006811
3 1119 2723 2113 0.006682
3 1685 2922 3194 0.043189
3 2206 685 975 0.016914
3 1 2737 1633 0.072182
3 1 1633 1299 0.090863
3 829 1974 150 0.254818
3 1974 2859 3117 0.294101
3 1974 3117 150 0.373819
3 2859 3161 835 0.239848
3 2859 3148 3161 0.172604
3 2465 1334 234 0.094455
3 1988 18 1334 0.054174
3 18 1988 1925 0.050115
3 692 1925 1988 0.032641
3 527 325 434 0.226587
3 273 527 434 0.364033
3 434 325 2042 0.354211
3 434 2042 2786 0.421276
3 2786 273 434 0.409944
3 527 1988 325 0.104137
3 1988 2042 325 0.138417
3 395 639 2450 0.487205
3 2895 1941 2678 0.611160
3 2104 2678 1941 0.644157
3 1941 2895 3196 0.598565
3 876 2895 2565 0.486209
3 2565 2895 2678 0.547341
3 224 1667 1694 0.653339
3 1694 1667 706 0.650318
3 224 2810 1667 0.709423
3 2337 3125 529 0.267053
3 529 1913 2337 0.128242
3 1053 2514 2950 0.128578
3 2950 2514 1488 0.106953
3 2514 1182 1488 0.104838
3 96 1260 732 0.196276
3 2071 732 1260 0.100657
3 2777 1510 2006 0.077203
3 2777 2006 2673 0.089723
3 2777 2952 1510 0.056468
3 2805 1124 1775 0.135299
3 2805 1510 2952 0.086235
3 202 2627 2952 0.103709
3 1510 2805 2006 0.155955
3 2006 2983 2673 0.142470
3 2006 2805 383 0.144536
3 1124 2963 1305 0.114391
3 2963 1124 2805 0.126812
3 2805 2952 2963 0.182305
3 1305 3075 155 0.183862
3 155 1302 2474 0.122534
3 1656 225 661 0.048190
3 2388 805 1707 0.060713
3 1625 136 220 0.009488
3 136 1403 220 0.018816
3 2426 1019 1625 0.008404
3 2426 2806 1019 0.011924
3 2159 2806 2426 0.024321
3 2353 185 1387 0.066115
3 1526 1808 1710 0.029811
3 1526 1710 2418 0.028039
3 2101 3116 508 0.972641
3 508 3116 3013 0.961765
3 3158 2101 1308 0.893017
3 2632 3158 1308 0.841298
3 1295 39 3017 0.860270
3 447 3017 39 0.915537
3 447 39 524 0.921177
3 3015 1132 245 0.056184
3 3015 245 120 0.032263
3 120 1741 3015 0.024216
3 2808 245 2532 0.023305
3 2532 245 1132 0.025448
3 120 2808 1203 0.011993
3 120 1203 1741 0.014474
3 1203 2808 3155 0.015812
3 3155 2808 1423 0.013923
3 2721 1899 2922 0.034217
3 3155 1899 2721 0.051878
3 2354 3077 1722 0.055944
3 2995 580 1722 0.059581
3 2703 831 2918 0.028694
3 770 1575 176 0.487047
3 1309 176 1575 0.181464
3 1632 2315 2347 0.241488
3 2347 2315 3117 0.258600
3 2797 2829 617 0.090377
3 617 2829 2648 0.107982
3 617 1591 2797 0.137243
3 2515 2797 1591 0.142540
3 2515 765 1296 0.199244
3 2515 1296 2797 0.161712
3 2797 1345 2829 0.054107
3 1345 2797 1948 0.059824
3 1948 2797 2655 0.079010
3 2655 2797 1296 0.099269
3 1264 730 2829 0.030258
3 1264 2829 1345 0.042755
3 1264 1345 1948 0.039264
3 2539 3084 1925 0.019292
3 2539 1925 692 0.018891
3 355 1768 3214 0.241288
3 2539 1768 355 0.106775
3 530 2751 2490 0.640355
3 2751 3214 2490 0.751532
3 1432 2864 504 0.748951
3 504 2864 1626 0.656609
3 504 1626 2124 0.601845
3 2124 2642 504 0.708849
3 504 2642 1432 0.778031
3 2788 2722 1969 0.274714
3 2722 647 1969 0.242629
3 1969 647 716 0.212296
3 2178 647 2722 0.328378
3 647 2608 716 0.272421
3 130 567 997 0.310772
3 997 567 778 0.351804
3 997 778 2360 0.415552
3 997 2831 2714 0.185687
3 997 2714 130 0.168429
3 2701 567 130 0.388685
3 2701 130 2714 0.206764
3 2414 2714 2831 0.158360
3 778 567 332 0.447043
3 778 332 1657 0.310927
3 778 1657 2360 0.388338
3 332 567 2604 0.325727
3 2604 567 2701 0.419915
3 1580 2701 2714 0.231622
3 2414 1580 2714 0.240829
3 335 1402 1217 0.506752
3 3098 1217 1402 0.478503
3 3052 1569 174 0.744385
3 174 2312 972 0.620865
3 2312 174 1569 0.672736
3 1506 3042 1760 0.582688
3 1506 1760 1968 0.758993
3 1844 2856 3212 0.083569
3 512 1151 767 0.065771
3 512 2336 1151 0.063567
3 3212 1151 2336 0.045037
3 895 2224 1913 0.154831
3 1913 2224 239 0.105496
3 1778 2058 2198 0.091840
3 1778 2198 3182 0.079539
3 920 24 857 0.090532
3 857 24 93 0.119076
3 2738 3045 1536 0.088533
3 2886 2738 1536 0.098139
3 2886 1536 2023 0.079490
3 3045 1674 1429 0.056974
3 2192 343 1784 0.076257
3 2586 2192 1784 0.078927
3 2192 1070 343 0.070927
3 343 2471 61 0.062400
3 343 61 1784 0.078013
3 103 1416 2344 0.156316
3 383 1458 2006 0.088306
3 2006 1458 2983 0.073566
3 3209 210 1775 0.072677
3 1300 366 2656 0.049247
3 1300 704 2774 0.104551
3 1300 2774 366 0.058431
3 608 956 366 0.054477
3 608 366 2774 0.043521
3 3153 2774 704 0.161799
3 366 956 2984 0.057410
3 1318 2774 3153 0.069605
3 1318 608 2774 0.053579
3 208 2868 638 0.006155
3 208 638 2930 0.009242
3 2930 638 2377 0.008607
3 2432 2868 2806 0.009836
3 638 2432 1246 0.011789
3 638 1246 2377 0.010519
3 1246 2432 1330 0.016300
3 1951 3103 2589 0.064642
3 1951 2589 486 0.054654
3 1951 486 1131 0.035822
3 2087 2686 1011 0.916565
3 2087 40 268 0.970612
3 268 40 863 0.977576
3 268 561 2087 0.948530
3 561 268 1911 0.956137
3 2087 561 2686 0.923015
3 1870 2116 3116 0.977527
3 2097 690 1346 0.972049
3 1346 690 592 0.945944
3 1346 592 1907 0.942888
3 2083 592 690 0.962707
3 592 2083 377 0.928198
3 592 377 916 0.939501
3 377 2083 3132 0.947019
3 524 3179 447 0.934212
3 447 2083 3017 0.944504
3 2083 447 3179 0.931528
3 418 1249 2712 0.807312
3 418 1711 2464 0.813125
3 418 2464 1249 0.761490
3 1153 1741 1422 0.035435
3 2568 1153 364 0.108799
3 2568 1741 1153 0.066701
3 1741 3155 1422 0.037509
3 2355 2214 2597 0.101170
3 2355 2597 1378 0.113522
3 1517 888 1916 0.139923
3 888 2354 1916 0.144964
3 170 2850 1706 0.410007
3 170 1706 1064 0.355072
3 1064 1706 49 0.259232
3 1064 49 2064 0.186428
3 49 1916 2064 0.141864
3 1000 170 1064 0.475521
3 2850 170 1000 0.471453
3 1706 1916 49 0.140675
3 596 549 1417 0.009911
3 596 1417 2980 0.017904
3 2980 3100 596 0.043566
3 549 1635 1417 0.009279
3 1417 1635 2512 0.013564
3 578 2512 1635 0.017775
3 2020 1263 1518 0.088658
3 1263 2512 1518 0.091132
3 2020 1966 1263 0.067813
3 1632 2215 133 0.189049
3 1632 133 521 0.206358
3 1632 521 2315 0.267831
3 2315 521 1908 0.328929
3 461 1813 1322 0.146136
3 461 360 1813 0.109170
3 360 461 1742 0.117169
3 317 1329 1742 0.100077
3 360 1742 1329 0.092249
3 360 1329 1813 0.132578
3 1813 2440 1322 0.242642
3 1329 2088 13 0.184173
3 13 2088 932 0.218643
3 13 932 3047 0.207858
3 2088 1329 317 0.147809
3 2648 1841 1091 0.112080
3 2944 2648 1091 0.105587
3 64 1697 978 0.110407
3 1697 64 680 0.287604
3 680 64 3214 0.369612
3 2647 2200 696 0.394451
3 2257 696 2200 0.387941
3 946 2341 2842 0.179876
3 1399 2148 2887 0.267914
3 2842 307 319 0.160005
3 2842 319 137 0.300599
3 137 319 3012 0.206579
3 137 3012 757 0.205032
3 319 307 3012 0.219066
3 3012 2608 757 0.203898
3 307 2341 3012 0.200125
3 332 2604 1657 0.280438
3 2646 681 2940 0.151084
3 2940 681 2213 0.188980
3 871 2408 600 0.254304
3 2955 2720 2048 0.267257
3 2310 2412 2720 0.273071
3 2720 2412 562 0.356719
3 2720 562 2421 0.378058
3 1245 2607 1285 0.114504
3 2848 1285 3042 0.134476
3 2848 3042 3064 0.212989
3 2848 2183 1285 0.112569
3 2607 3042 1285 0.180032
3 2336 512 2713 0.074242
3 2336 2713 2790 0.148102
3 960 1139 1646 0.092858
3 1646 1139 2687 0.069026
3 303 2687 1139 0.099823
3 857 1287 2198 0.079495
3 2198 1287 2687 0.065489
3 960 1646 277 0.080273
3 1620 1646 1972 0.072502
3 23 1287 1972 0.083119
3 1620 2120 277 0.071287
3 1620 277 1646 0.057856
3 1646 23 1972 0.071565
3 378 2327 400 0.138215
3 378 400 20 0.135599
3 20 563 378 0.117431
3 378 93 2327 0.137417
3 1651 985 407 0.156614
3 1651 407 2486 0.103585
3 957 2586 1516 0.096076
3 1516 2586 1424 0.081973
3 1687 1759 1777 0.074696
3 1777 1759 1424 0.048323
3 2783 2061 2471 0.072758
3 595 2379 2531 0.290618
3 1298 2531 2379 0.258834
3 650 2236 2763 0.067412
3 2236 650 2127 0.113215
3 2127 650 1222 0.103540
3 1222 650 1449 0.051188
3 1956 3044 523 0.007256
3 1949 976 2563 0.003148
3 2677 2563 976 0.005365
3 2677 976 1652 0.007216
3 1652 976 892 0.007608
3 1949 1062 2733 0.002932
3 1949 2563 3173 0.003276
3 1949 3173 1062 0.002768
3 2377 756 2930 0.006823
3 1541 2930 756 0.004418
3 2182 1640 2795 0.022950
3 2795 1640 2798 0.039835
3 486 2589 2870 0.138926
3 486 2870 961 0.197213
3 486 961 1131 0.073346
3 2870 2589 948 0.435034
3 2681 948 2589 0.390750
3 1312 2870 948 0.604523
3 3004 2773 2015 0.821965
3 3237 1610 694 0.949440
3 2472 501 1911 0.968916
3 2151 40 3043 0.988919
3 3043 40 788 0.977988
3 1628 916 656 0.973397
3 1653 1628 656 0.970066
3 1653 1847 1628 0.973263
3 3132 374 656 0.951066
3 3132 656 377 0.941039
3 377 656 916 0.959010
3 1653 656 374 0.944686
3 374 3132 247 0.928354
3 374 247 1555 0.914039
3 374 1555 1653 0.953603
3 1653 1555 1473 0.940673
3 1566 1555 247 0.963713
3 1854 294 763 0.446695
3 1600 763 294 0.524437
3 1600 294 177 0.503335
3 1600 177 1698 0.602038
3 1278 632 2294 0.296253
3 1278 3197 632 0.395403
3 632 3197 1185 0.417146
3 633 105 409 0.672993
3 633 409 198 0.676566
3 198 409 2640 0.602380
3 1655 2640 409 0.587296
3 190 825 2997 0.207979
3 190 1379 825 0.166129
3 1224 2980 1966 0.049294
3 521 133 1447 0.215472
3 133 853 1447 0.185422
3 448 440 66 0.340341
3 66 1813 448 0.217269
3 448 1813 1329 0.222069
3 448 1329 13 0.241794
3 448 13 3047 0.301627
3 1813 66 2440 0.229375
3 2440 66 440 0.278650
3 1851 1659 1785 0.171102
3 934 1171 1785 0.141542
3 1851 1785 1171 0.123397
3 2156 1659 1851 0.155581
3 317 535 2088 0.113970
3 1603 1232 2156 0.043262
3 2156 1232 2230 0.079328
3 1815 459 357 0.210339
3 1815 2204 459 0.151849
3 459 2827 357 0.103393
3 357 1697 1815 0.179262
3 761 1736 237 0.388372
3 761 237 3009 0.354622
3 3187 492 1268 0.186250
3 1268 3009 237 0.209505
3 1856 2063 2300 0.376368
3 1856 1840 2063 0.426273
3 2063 771 2300 0.432270
3 143 2897 1206 0.116138
3 2897 689 1206 0.088988
3 684 1347 709 0.049021
3 1347 684 2618 0.069788
3 1347 2618 850 0.033191
3 850 1252 1347 0.012926
3 1347 1252 2574 0.008577
3 1252 850 1369 0.009924
3 2125 2646 1369 0.037474
3 850 557 217 0.020708
3 557 2125 217 0.030994
3 2618 557 850 0.024400
3 1861 1472 1369 0.021639
3 1252 1369 1472 0.011592
3 1570 2399 2940 0.196929
3 1750 2250 1942 0.491968
3 1750 1787 2602 0.452100
3 2577 2273 107 0.605304
3 2925 3057 2577 0.636362
3 996 3208 2106 0.401725
3 3057 253 163 0.471053
3 2614 163 996 0.550190
3 996 163 253 0.453172
3 996 253 3208 0.445596
3 1012 218 2757 0.352466
3 2183 2757 218 0.156757
3 3068 2626 2483 0.328942
3 764 622 1543 0.401324
3 1543 3169 248 0.347527
3 248 3169 2776 0.200783
3 1543 622 3169 0.295224
3 897 2692 659 0.144778
3 3228 2482 3027 0.169055
3 602 1542 2817 0.121046
3 2817 737 602 0.140500
3 602 737 3026 0.177987
3 3026 1542 602 0.222034
3 1516 1424 1759 0.046765
3 1759 1542 1516 0.075597
3 1542 1759 2817 0.087339
3 2060 3041 1522 0.090633
3 2060 1522 2108 0.150737
3 2108 1522 3024 0.117107
3 172 2818 3041 0.039452
3 1818 2828 2990 0.040800
3 2344 1917 3107 0.149456
3 1449 1366 1222 0.027931
3 322 2127 1222 0.113749
3 679 2127 322 0.145863
3 679 322 2911 0.060366
3 2911 322 1366 0.028819
3 1301 2677 1652 0.010494
3 2547 3120 936 0.016492
3 2733 1121 1949 0.004081
3 1949 1121 976 0.005476
3 976 1121 892 0.004412
3 1425 2636 493 0.004060
3 2870 643 961 0.285821
3 961 643 117 0.102994
3 2798 117 643 0.066726
3 2242 60 3059 0.644889
3 2242 2670 2743 0.681152
3 694 2393 2092 0.958825
3 467 3237 2092 0.921229
3 467 2092 2028 0.935068
3 251 1539 1501 0.980502
3 1501 1539 1727 0.970148
3 1539 1703 1727 0.975811
3 1727 2141 42 0.986346
3 1727 42 1501 0.979802
3 251 648 1539 0.981336
3 1539 648 2393 0.986284
3 2393 1703 1539 0.974350
3 609 3170 3097 0.995046
3 2927 3184 1271 0.918090
3 1271 3184 1895 0.903105
3 2556 1473 1555 0.954051
3 1555 1566 2556 0.942419
3 2556 1895 3184 0.914877
3 2556 3184 1473 0.930339
3 2424 2712 597 0.913495
3 2424 597 427 0.936604
3 427 597 1147 0.913792
3 2584 735 2962 0.972918
3 1909 2433 2269 0.776578
3 3049 2807 3197 0.517177
3 1655 1756 422 0.643144
3 1992 502 1204 0.469597
3 3145 1204 502 0.434624
3 281 3047 1066 0.355722
3 1177 3111 495 0.087741
3 495 1133 1177 0.139149
3 1785 102 1133 0.153690
3 102 1785 1441 0.171926
3 3180 738 102 0.137531
3 1177 102 738 0.188003
3 1177 738 3111 0.107855
3 2913 2762 3010 0.070059
3 3009 492 2227 0.208941
3 3009 2227 2462 0.166083
3 389 3187 666 0.211825
3 666 3187 506 0.153422
3 506 3187 1856 0.396351
3 1268 237 1439 0.200237
3 635 1268 1439 0.275115
3 635 3187 1268 0.270850
3 237 1736 1439 0.310150
3 1439 1736 1039 0.414085
3 89 1994 2661 0.256592
3 584 2661 1994 0.245777
3 1994 2953 584 0.217410
3 2953 1994 1061 0.221725
3 965 1100 1615 0.391249
3 965 1615 3191 0.401626
3 1455 625 2914 0.065231
3 1455 645 625 0.096716
3 965 645 1455 0.242480
3 2537 1729 1929 0.007504
3 2537 1929 1231 0.005634
3 2537 1231 3069 0.007528
3 3069 1231 1155 0.013056
3 1611 1929 3142 0.050035
3 156 1898 2319 0.484741
3 1898 156 1307 0.490375
3 807 1732 1049 0.164102
3 1049 1732 2000 0.096534
3 1049 2000 1351 0.115573
3 2000 1732 2256 0.039281
3 0 2840 2256 0.074028
3 0 2256 1732 0.055819
3 3068 2150 2626 0.325872
3 3011 1751 3068 0.668999
3 1371 1751 3011 0.722209
3 2776 3027 794 0.171231
3 1534 2832 1859 0.428914
3 1859 2832 3193 0.475706
3 1859 3007 1534 0.327658
3 2692 1613 659 0.265592
3 659 1613 2482 0.203969
3 3024 1522 2313 0.142190
3 896 2598 2860 0.035994
3 2860 2598 589 0.061529
3 637 2800 1385 0.015797
3 1944 3029 408 0.050549
3 1944 408 1088 0.072504
3 1484 2582 1253 0.271591
3 1484 1921 250 0.301315
3 250 1766 1484 0.375019
3 1484 1766 2582 0.222861
3 787 3135 1389 0.266439
3 3135 787 344 0.253093
3 2439 2566 183 0.191584
3 2439 679 2566 0.130413
3 183 2566 780 0.129197
3 2010 2562 51 0.026116
3 51 2562 113 0.027098
3 51 113 230 0.025637
3 51 230 2371 0.028697
3 1618 1359 618 0.011183
3 618 1359 1265 0.012983
3 162 1545 1479 0.062113
3 620 1254 2069 0.079736
3 620 3059 1984 0.407401
3 620 1984 1254 0.109859
3 2069 1254 2458 0.073149
3 1984 60 2242 0.641698
3 436 505 2242 0.465444
3 505 1984 2242 0.457097
3 1984 505 1254 0.122360
3 60 1984 3059 0.630226
3 2350 3175 9 0.898208
3 982 2350 9 0.894316
3 2991 2350 982 0.892991
3 1238 313 3175 0.947537
3 1745 3175 313 0.946786
3 1320 2401 1599 0.992364
3 1320 607 2401 0.993380
3 607 1320 1275 0.987868
3 2877 2342 1824 0.984107
3 1824 2342 552 0.983705
3 2342 2877 545 0.990003
3 552 43 1824 0.985261
3 1824 43 2437 0.985373
3 1824 2437 1599 0.988602
3 1824 1599 2877 0.991404
3 2877 1865 545 0.991496
3 42 2141 3170 0.990176
3 42 3170 540 0.986725
3 43 540 3170 0.985974
3 43 3170 2437 0.988447
3 2228 1320 1033 0.989650
3 2437 1033 1599 0.990611
3 893 2966 2021 0.951729
3 2872 1436 891 0.945466
3 1339 1271 953 0.958587
3 953 1147 1740 0.952968
3 953 3140 1147 0.955459
3 2747 950 877 0.973930
3 2747 877 76 0.955381
3 2130 1527 1562 0.901061
3 2269 1562 1527 0.910797
3 2269 3082 2704 0.890429
3 2269 2704 1562 0.888859
3 1663 1833 1396 0.483033
3 543 1396 612 0.583689
3 543 612 2807 0.679996
3 543 2807 3049 0.491821
3 2422 2807 612 0.715165
3 1833 1663 139 0.600742
3 555 1663 1258 0.636184
3 1258 1663 1396 0.569303
3 1396 543 1258 0.635813
3 1258 543 3049 0.559479
3 315 1716 2119 0.438577
3 1716 3053 2119 0.409406
3 2638 3053 1716 0.333860
3 977 2982 1992 0.295770
3 1885 2982 977 0.184997
3 977 2196 1885 0.161555
3 2708 1885 2196 0.163331
3 3061 2802 1987 0.055457
3 1987 2802 3067 0.040848
3 3067 2802 3110 0.030773
3 3180 2913 738 0.144622
3 195 84 1773 0.061148
3 1773 84 3110 0.109409
3 2588 84 937 0.037543
3 195 937 84 0.119291
3 195 2212 937 0.058047
3 2916 1852 1773 0.056493
3 2212 1852 496 0.047908
3 382 2601 2661 0.119727
3 2661 2601 3206 0.144354
3 2351 640 928 0.059386
3 2843 2012 1100 0.327534
3 2012 2843 164 0.283368
3 2843 3058 164 0.103512
3 2843 2942 3058 0.086368
3 2815 1468 1979 0.110168
3 2815 1979 1612 0.107274
3 3096 1612 1979 0.160608
3 1669 1231 1611 0.013154
3 1669 1611 3128 0.050200
3 1231 1669 1155 0.014652
3 3128 2834 3096 0.147818
3 1307 847 626 0.308937
3 1307 156 847 0.342533
3 894 3203 1544 0.394461
3 894 1544 1380 0.371503
3 894 1380 1868 0.468754
3 1380 1544 847 0.355153
3 1868 1430 2540 0.296884
3 1868 2540 894 0.224075
3 3131 1679 2014 0.324858
3 3131 2014 2277 0.377131
3 1679 3131 1530 0.329014
3 1530 1358 1679 0.332987
3 1679 1358 2014 0.280275
3 2005 1049 2016 0.140486
3 2005 807 1049 0.153717
3 2016 1049 1351 0.122363
3 3131 2957 1530 0.388916
3 2957 3131 3089 0.378832
3 2256 2819 2000 0.034334
3 1408 2000 2819 0.034941
3 1306 2135 3133 0.068722
3 3167 2135 1306 0.060108
3 2274 2072 717 0.139356
3 1498 1211 748 0.534932
3 1036 1498 748 0.486840
3 3094 3068 2739 0.617735
3 1241 1713 722 0.669491
3 1241 722 760 0.669026
3 1241 760 2739 0.709090
3 2739 1751 1241 0.697491
3 1241 1751 1371 0.766494
3 1241 1371 1713 0.728830
3 1553 2522 2053 0.622123
3 1553 2053 955 0.603619
3 2522 1553 386 0.608337
3 2053 402 955 0.512782
3 1311 2115 3193 0.250590
3 1821 1187 35 0.405350
3 35 528 1821 0.330332
3 1821 528 2254 0.323761
3 1821 2254 2832 0.320905
3 528 35 2695 0.370105
3 2844 2254 1413 0.217077
3 1952 2903 1071 0.171738
3 2845 2830 3143 0.097469
3 1952 2830 2845 0.085512
3 797 2434 1385 0.007607
3 1385 2076 797 0.007723
3 1671 67 3152 0.028084
3 1090 67 1671 0.019464
3 2858 3114 823 0.109860
3 823 3114 12 0.055801
3 823 998 1804 0.045414
3 2029 2858 823 0.098770
3 2029 823 1804 0.045409
3 2029 1804 2965 0.057308
3 1593 1766 1802 0.339629
3 1766 762 1802 0.477959
3 3092 230 113 0.022034
3 3092 1212 230 0.021820
3 3092 479 1212 0.026637
3 1879 1890 2062 0.008695
3 1879 672 1890 0.012305
3 1890 3092 2062 0.010684
3 1934 1879 2062 0.015078
3 1879 1934 2324 0.008805
3 1879 2324 672 0.007750
3 2561 498 311 0.042752
3 311 498 2324 0.023486
3 311 242 2561 0.049413
3 1496 2306 2561 0.049841
3 2306 498 2561 0.049388
3 2314 1748 388 0.019519
3 388 1748 951 0.025224
3 2253 630 3087 0.037023
3 1383 2405 32 0.045416
3 1383 32 1021 0.043253
3 32 2405 432 0.040527
3 432 2405 2487 0.102778
3 1482 2487 2405 0.062015
3 2698 3195 1482 0.121510
3 2698 1482 2458 0.082994
3 1825 1456 1938 0.422477
3 1825 1123 3195 0.323784
3 3195 1456 1825 0.257704
3 2373 1333 1938 0.813427
3 1123 1762 3195 0.461322
3 1699 1266 2187 0.930591
3 3066 1266 1699 0.954245
3 1504 3019 1699 0.940223
3 3066 1699 3019 0.954524
3 3175 1504 9 0.930379
3 9 1504 982 0.901553
3 3019 1504 3175 0.903467
3 3175 1291 3019 0.923630
3 1745 2406 662 0.954347
3 1375 416 2406 0.961093
3 2780 2629 2409 0.915585
3 2780 2409 291 0.937668
3 2493 478 2074 0.911577
3 2074 478 3048 0.890408
3 2275 3048 2422 0.874332
3 612 922 2422 0.736263
3 2888 1113 922 0.747343
3 922 1113 2275 0.837672
3 1833 2286 2888 0.593373
3 404 2625 58 0.817708
3 404 58 772 0.846212
3 404 772 338 0.840210
3 404 338 2403 0.799107
3 404 2403 809 0.799545
3 404 809 2625 0.728184
3 2638 2270 3053 0.298258
3 134 2638 1452 0.257032
3 2212 1046 1035 0.097042
3 1057 2585 2724 0.092059
3 2724 2585 1779 0.126910
3 488 91 2676 0.080599
3 488 2676 1779 0.088488
3 488 1779 2585 0.097309
3 488 2585 3034 0.050795
3 1493 1967 991 0.067606
3 1493 991 1026 0.045893
3 1493 1026 1946 0.074210
3 1493 1946 2240 0.034322
3 928 1946 1026 0.066816
3 991 2351 1026 0.075102
3 1946 928 3189 0.052038
3 3189 928 3058 0.083759
3 1511 2536 1324 0.189858
3 2834 2536 1511 0.166010
3 2400 3154 806 0.432248
3 2400 806 2140 0.293622
3 1696 471 233 0.187771
3 233 471 1544 0.226326
3 233 1544 2989 0.318428
3 2002 233 2989 0.274544
3 2002 1696 233 0.231578
3 2443 1497 927 0.263278
3 3089 526 1148 0.116302
3 1643 341 2700 0.036005
3 2289 341 1643 0.053948
3 2289 1643 1004 0.076176
3 480 1498 817 0.193236
3 480 817 1277 0.131662
3 817 1498 2998 0.110805
3 2943 1965 306 0.083683
3 306 1965 1410 0.031211
3 306 1410 1036 0.057410
3 1036 1410 2998 0.047489
3 2635 3149 2943 0.400717
3 2635 2943 306 0.129709
3 2635 306 1036 0.203301
3 1211 1571 748 0.661513
3 1976 2705 2419 0.651775
3 262 2932 1350 0.366738
3 1734 262 1350 0.478374
3 1734 1350 1772 0.416987
3 859 834 262 0.412439
3 262 834 2932 0.243457
3 859 1096 834 0.346776
3 999 2546 1715 0.297308
3 2546 2833 3093 0.189678
3 2004 571 1093 0.055563
3 1093 571 3134 0.066799
3 2254 2844 795 0.180186
3 1650 1574 489 0.122718
3 1650 489 2045 0.054616
3 1650 2045 2263 0.041316
3 489 1574 2649 0.111473
3 489 2649 2045 0.065321
3 3143 566 401 0.033124
3 566 2045 401 0.036695
3 566 263 1460 0.021568
3 1460 263 1595 0.026561
3 2580 1595 263 0.025636
3 2812 2197 2369 0.027789
3 1860 3000 2862 0.024954
3 1332 2276 2031 0.177159
3 3000 2031 2276 0.101631
3 2675 2735 2143 0.014853
3 2675 3092 2735 0.012145
3 2735 201 2143 0.025715
3 1890 2735 3092 0.006865
3 2578 2735 1890 0.009396
3 2735 2578 201 0.018882
3 2056 1690 2306 0.060802
3 1690 2056 970 0.049990
3 1690 970 3166 0.057471
3 2857 910 2513 0.077356
3 1924 2513 910 0.114958
3 2513 1448 2699 0.031976
3 2496 2699 1448 0.066102
3 2784 550 615 0.644963
3 2784 615 2368 0.716000
3 2784 2368 2823 0.831310
3 862 1333 921 0.927482
3 1333 862 1762 0.898148
3 3019 57 2030 0.965512
3 2030 57 2811 0.974752
3 1291 1409 3019 0.942580
3 1409 1291 2193 0.917538
3 2481 1201 1342 0.951081
3 95 1981 1733 0.959979
3 2111 1733 1981 0.957115
3 2111 1981 2744 0.938524
3 581 653 710 0.932769
3 3106 2553 481 0.839634
3 3106 481 2969 0.860680
3 2335 2572 2959 0.926418
3 1289 1465 2074 0.937917
3 2074 1465 2349 0.949844
3 2074 3048 1289 0.939481
3 3048 2782 1289 0.932663
3 3081 1289 2782 0.886115
3 1113 2442 1280 0.882943
3 1113 1280 2782 0.838709
3 2782 1280 3081 0.898072
3 2403 267 1747 0.934651
3 267 2403 1020 0.906223
3 267 1020 1985 0.941943
3 1747 267 2442 0.872238
3 1985 2442 267 0.944395
3 338 772 1191 0.833377
3 338 1191 1020 0.813746
3 338 1020 2403 0.857962
3 1020 1191 3159 0.906366
3 1191 45 3159 0.811950
3 551 2734 702 0.618063
3 2035 180 651 0.200453
3 33 651 180 0.206676
3 33 180 2330 0.171115
3 1035 2894 2330 0.233391
3 2330 2894 2217 0.249279
3 1623 2385 2676 0.328961
3 69 2385 747 0.172777
3 1623 747 2385 0.162642
3 879 1873 971 0.172585
3 1873 2333 1880 0.126447
3 1880 971 1873 0.121599
3 1880 2333 733 0.068348
3 1880 733 655 0.110792
3 1880 2536 971 0.161616
3 1490 674 1242 0.488804
3 1242 2837 59 0.310016
3 1242 59 1490 0.415452
3 59 2837 1616 0.257013
3 1557 846 396 0.270770
3 1165 1557 396 0.238931
3 1129 1557 1165 0.267963
3 1557 1616 806 0.260158
3 1557 806 846 0.282723
3 3154 2027 806 0.461779
3 2027 846 806 0.458514
3 1068 2949 724 0.500387
3 1801 1986 2826 0.391673
3 856 1621 1801 0.280705
3 1986 1801 1621 0.431804
3 1986 1621 668 0.302675
3 1215 2826 1986 0.426174
3 668 1215 1986 0.486318
3 1561 1801 2826 0.196501
3 1801 1561 1739 0.211054
3 1215 2068 1812 0.474643
3 1215 1812 2826 0.509389
3 2454 1059 2941 0.143960
3 1059 16 2941 0.195106
3 2289 2099 2454 0.047570
3 2910 1282 2429 0.040499
3 2429 2099 2910 0.033172
3 2910 2099 2289 0.045013
3 1004 1997 2289 0.051918
3 2181 2375 1410 0.025615
3 2181 1410 1989 0.017532
3 1965 1989 1410 0.021509
3 2998 1410 2375 0.029092
3 1015 474 135 0.045131
3 1015 1485 474 0.049012
3 2943 1362 2596 0.180980
3 3149 2596 1362 0.254198
3 3149 1991 2596 0.275650
3 2596 1991 1836 0.249293
3 2543 1186 2199 0.226133
3 2919 1810 1970 0.079648
3 1810 554 1970 0.143112
3 1970 554 2932 0.172146
3 3134 3202 284 0.076631
3 3202 2833 284 0.122258
3 3202 3093 2833 0.125767
3 2833 79 284 0.118709
3 2470 2322 1834 0.053497
3 1980 3138 2470 0.061273
3 1980 2470 1834 0.078210
3 2993 1962 1608 0.108099
3 2993 1608 3138 0.094049
3 1962 2671 2235 0.083897
3 2054 1052 525 0.037862
3 2054 525 2732 0.024819
3 2732 525 2671 0.052759
3 2054 191 990 0.025036
3 2054 990 1052 0.042224
3 2054 2590 191 0.023926
3 3122 3190 2854 0.025238
3 2812 2276 430 0.064764
3 2812 430 2197 0.018808
3 430 2276 2901 0.164570
3 2901 2276 1332 0.149086
3 2729 144 1340 0.053864
3 2280 2207 347 0.189754
3 849 2605 2280 0.204251
3 2605 1781 2767 0.258764
3 2767 1781 1701 0.348827
3 3016 2090 2767 0.851426
3 1726 1494 3016 0.905123
3 1494 1726 2283 0.945890
3 1494 2283 2090 0.929562
3 2090 2283 290 0.932545
3 1494 2090 3016 0.889975
3 2149 1723 3039 0.963657
3 670 1723 2149 0.979110
3 2644 2526 2624 0.983902
3 2252 57 1409 0.934353
3 1409 57 3019 0.954273
3 2623 1871 2252 0.937349
3 2623 339 579 0.964732
3 2623 579 1214 0.961851
3 2557 165 1563 0.979904
3 1563 2111 2557 0.971074
3 2111 1780 2557 0.947906
3 874 175 2489 0.866139
3 3101 2688 3164 0.894756
3 1735 791 663 0.950193
3 1735 800 791 0.920597
3 800 3213 791 0.907977
3 2473 2272 435 0.952549
3 435 2272 3159 0.928918
3 1559 2272 2473 0.954379
3 1559 1985 2272 0.959148
3 1559 2473 168 0.945280
3 1559 168 2442 0.907342
3 2123 1728 1367 0.803685
3 1728 2466 1367 0.805668
3 935 2534 2123 0.599499
3 2915 2211 1438 0.307321
3 3181 3185 1236 0.551427
3 3185 3181 2338 0.576936
3 2637 132 428 0.713728
3 2981 657 189 0.219674
3 353 1883 2981 0.133995
3 1490 2467 674 0.472256
3 3238 1647 703 0.708196
3 1165 2096 1129 0.405481
3 1806 925 2949 0.671485
3 2949 2630 1830 0.441803
3 2949 1830 1806 0.553122
3 1609 548 2653 0.174456
3 2065 16 1059 0.195330
3 1059 1624 2065 0.117938
3 1261 1896 2265 0.102220
3 1963 2265 1896 0.097173
3 1556 2548 1442 0.152541
3 1639 101 1556 0.071806
3 1105 1556 101 0.095641
3 1556 1105 197 0.143592
3 1556 197 2548 0.183868
3 1274 517 687 0.136786
3 1325 1207 727 0.081855
3 2144 1325 2478 0.081652
3 2919 2755 587 0.153389
3 2234 1586 2755 0.249491
3 1024 2017 613 0.534572
3 2017 318 591 0.241238
3 2017 591 613 0.322088
3 613 591 2846 0.300755
3 2017 1024 1680 0.552315
3 1680 1586 2017 0.435982
3 2017 1586 318 0.266157
3 318 1586 2234 0.202590
3 318 2234 591 0.215541
3 2453 2152 1704 0.097582
3 2846 2453 1704 0.147284
3 2046 2103 2765 0.082147
3 2816 298 62 0.123766
3 2816 62 118 0.116067
3 62 298 1826 0.160125
3 758 2801 1834 0.053865
3 758 1834 1900 0.082606
3 1900 1834 2322 0.084441
3 2413 1608 1962 0.095401
3 1962 2235 2413 0.080479
3 1052 913 525 0.055361
3 525 913 2671 0.053483
3 2671 913 2235 0.066285
3 2235 913 1843 0.098367
3 2667 1665 2893 0.142721
3 901 2667 2893 0.124376
3 1665 1843 913 0.109346
3 1665 913 2893 0.134021
3 3122 2854 1099 0.100383
3 1099 2402 3072 0.188043
3 2402 1099 2854 0.143324
3 1832 3121 1008 0.083122
3 1008 3121 3060 0.078365
3 430 2901 1832 0.120059
3 873 1743 1077 0.206448
3 1077 1743 1636 0.179154
3 1077 1636 1838 0.157098
3 1838 1636 3099 0.177048
3 628 169 2207 0.261000
3 169 873 2207 0.286310
3 2605 1933 2280 0.306794
3 1398 1933 2605 0.527676
3 1853 499 2865 0.805527
3 499 2455 2865 0.612056
3 2455 499 1719 0.524063
3 2457 700 1906 0.988944
3 2624 1335 1820 0.973018
3 2624 1820 2644 0.980724
3 1072 2157 1820 0.971796
3 1820 1335 1072 0.972261
3 2624 1150 2246 0.968936
3 2518 1871 2032 0.916535
3 1515 2951 179 0.954348
3 2267 179 2951 0.964855
3 3109 1718 874 0.919976
3 2936 2080 330 0.872286
3 1945 2489 2936 0.919661
3 2936 2489 2080 0.894819
3 175 3101 2080 0.856215
3 175 2080 2489 0.866601
3 2867 979 1304 0.981611
3 2177 741 342 0.797919
3 967 342 741 0.823042
3 2533 1382 1823 0.920850
3 2533 1823 435 0.931455
3 2533 435 3159 0.942257
3 2338 3181 342 0.631714
3 342 3181 1796 0.666104
3 428 623 2114 0.772753
3 2500 3188 623 0.834846
3 2500 623 2873 0.567478
3 2873 2266 2500 0.445311
3 2501 2201 3204 0.442494
3 3204 2201 887 0.598038
3 1219 2047 703 0.700524
3 703 1647 1219 0.710427
3 1219 1647 3124 0.779610
3 3040 1964 1034 0.860429
3 683 1075 728 0.682213
3 1075 683 1034 0.809121
3 1164 728 1075 0.594845
3 728 1164 2033 0.530439
3 973 244 1677 0.511535
3 973 1677 889 0.411312
3 973 1481 244 0.473650
3 1604 2036 300 0.274696
3 300 2036 2262 0.273088
3 1107 300 2262 0.287278
3 1107 88 300 0.199177
3 300 88 1604 0.231866
3 2036 1604 7 0.148572
3 1816 1864 2155 0.116932
3 2653 1111 1577 0.128564
3 1152 1577 1864 0.124558
3 2814 1864 1577 0.108225
3 1577 2875 2814 0.099987
3 1963 2814 2875 0.112460
3 215 3105 1181 0.390095
3 1435 1143 1983 0.124651
3 1435 1983 594 0.144993
3 1143 2511 1983 0.158432
3 1983 3076 594 0.166499
3 1316 323 2146 0.173653
3 1316 2146 868 0.165810
3 3051 1767 2331 0.346593
3 2616 1680 65 0.568804
3 1704 1774 469 0.217123
3 469 1774 1420 0.384703
3 1337 1420 2525 0.296092
3 1420 1774 2525 0.345752
3 1704 469 2846 0.234545
3 2103 1704 2152 0.111803
3 2051 1954 2824 0.438505
3 2051 1118 3163 0.428884
3 2051 3163 1954 0.395288
3 2789 2173 265 0.187863
3 1099 3072 2934 0.165663
3 3072 2753 3005 0.192604
3 1030 2402 2346 0.074694
3 1743 8 1579 0.177104
3 1743 1579 1349 0.114105
3 1743 1349 1636 0.198717
3 1636 1251 3099 0.224882
3 1349 1579 2407 0.222446
3 1349 2407 269 0.250451
3 2725 269 2407 0.401193
3 1579 1719 2407 0.384461
3 969 2756 1058 0.456811
3 969 1058 1205 0.355798
3 969 1205 2657 0.341712
3 331 406 1996 0.985011
3 331 1996 1464 0.974491
3 1464 1996 2191 0.959144
3 2210 513 406 0.991353
3 406 513 485 0.991780
3 406 485 1996 0.986629
3 1996 485 1749 0.978137
3 1996 1749 2191 0.970412
3 513 2210 926 0.991330
3 2210 2271 926 0.989550
3 1712 1672 3127 0.991366
3 3127 503 1712 0.990233
3 503 3127 2352 0.989511
3 1839 2664 1672 0.988702
3 1839 1672 1712 0.983323
3 2633 2352 582 0.988114
3 582 1789 2633 0.966641
3 1820 2157 54 0.972982
3 1820 54 433 0.984548
3 1820 433 2644 0.981366
3 2161 2157 2509 0.932982
3 1313 138 2878 0.590011
3 2878 2195 1313 0.561053
3 138 1932 2878 0.632776
3 2316 1598 2100 0.859983
3 108 2032 2937 0.910272
3 259 2573 3210 0.949615
3 3224 1878 2749 0.916906
3 116 2749 3109 0.915237
3 1945 3199 605 0.943205
3 1589 3014 385 0.977123
3 385 979 2075 0.977542
3 385 2075 1589 0.970485
3 3014 1304 385 0.969784
3 385 1304 979 0.981784
3 2114 3188 1796 0.882980
3 2861 1444 2759 0.687782
3 2317 695 2696 0.815950
3 695 2129 2696 0.926445
3 2129 695 2684 0.882058
3 1284 3038 1314 0.575207
3 1469 1764 1797 0.789842
3 1797 1764 1477 0.909645
3 1477 1764 2047 0.877401
3 616 1549 1348 0.827496
3 616 1348 2404 0.901861
3 1348 1549 3086 0.893827
3 2609 616 72 0.791365
3 3119 616 2609 0.616169
3 1874 2609 72 0.756879
3 1874 72 2243 0.728110
3 244 3040 683 0.697650
3 3040 244 1481 0.603931
3 2972 473 17 0.146766
3 2166 2972 17 0.276439
3 473 2972 279 0.087383
3 1097 2166 17 0.290777
3 1097 17 473 0.203452
3 1097 473 441 0.179401
3 441 473 279 0.263415
3 441 279 2469 0.139045
3 2559 1181 1528 0.329473
3 2559 1528 1714 0.325205
3 2764 714 452 0.068896
3 452 714 423 0.054242
3 1316 140 2552 0.113082
3 2552 140 801 0.077975
3 673 1783 1872 0.344044
3 1250 1886 3144 0.828344
3 1886 1250 783 0.831863
3 1886 783 1001 0.759404
3 783 94 1001 0.691854
3 792 1886 1001 0.730786
3 1705 2571 2740 0.643135
3 2571 811 2740 0.785439
3 2051 2571 1118 0.451154
3 2051 196 2571 0.585282
3 2571 196 2397 0.757817
3 196 2051 2824 0.647725
3 2425 2824 836 0.551146
3 1893 2397 1450 0.840544
3 1893 1450 2824 0.836190
3 1893 2824 2425 0.687915
3 2397 196 1450 0.794167
3 1614 1617 1641 0.695592
3 1691 2576 1617 0.718920
3 1641 1617 2576 0.705412
3 1507 2291 3230 0.701301
3 2167 2291 2753 0.503279
3 1349 56 1251 0.291133
3 56 1349 269 0.241276
3 56 269 1017 0.279228
3 2725 1017 269 0.426561
3 56 1017 1251 0.285190
3 1251 1017 3099 0.237026
3 2725 1044 211 0.722098
3 1058 2756 2345 0.536843
3 1668 2158 2672 0.779773
3 1668 1630 275 0.555082
3 1630 2191 1749 0.898851
3 414 614 513 0.987137
3 414 2098 614 0.973188
3 614 2098 1749 0.970856
3 614 1749 485 0.982890
3 614 485 513 0.984816
3 926 1109 686 0.980000
3 686 1109 1149 0.977713
3 686 1149 2208 0.970719
3 2271 310 1109 0.986070
3 3186 1109 310 0.978404
3 3186 310 2282 0.983644
3 2282 310 2271 0.987336
3 1839 1712 348 0.980581
3 348 503 2633 0.985208
3 2633 286 348 0.976563
3 348 286 1839 0.974692
3 1712 503 348 0.983353
3 321 159 1811 0.958093
3 1811 159 302 0.909678
3 1811 302 494 0.950879
3 1811 3186 321 0.967765
3 2882 302 159 0.895515
3 2157 2161 336 0.966834
3 2302 53 1262 0.943226
3 2852 1135 1973 0.891898
3 2003 1973 1135 0.881457
3 1973 2003 707 0.887984
3 2003 1135 2112 0.816469
3 2284 2316 1932 0.646138
3 1828 1670 2573 0.939596
3 1828 1279 1782 0.953367
3 1828 1782 875 0.922178
3 1828 875 1670 0.904285
3 1644 153 3198 0.937076
3 2129 2684 2180 0.920733
3 2684 799 2180 0.930261
3 1284 3198 2684 0.796844
3 2684 3198 1673 0.871064
3 1512 1279 3198 0.965380
3 2771 3086 2996 0.746471
3 2996 3086 677 0.826080
3 2933 1390 1662 0.288635
3 2933 1662 3119 0.452923
3 1390 3160 1662 0.331815
3 2172 2821 2727 0.304341
3 1955 2545 1069 0.065292
3 2968 2545 1955 0.094880
3 539 1930 497 0.263730
3 497 1930 167 0.275486
3 497 2389 539 0.148726
3 257 497 167 0.246720
3 140 2884 801 0.079708
3 2884 140 1316 0.100370
3 141 2884 1316 0.119148
3 1248 642 1250 0.786726
3 1248 1250 3144 0.755154
3 1248 1226 642 0.665600
3 642 783 1250 0.804952
3 544 2855 126 0.807177
3 425 126 2855 0.835922
3 425 2855 1157 0.776259
3 510 2570 1953 0.330376
3 510 1953 2931 0.340387
3 2931 1953 1373 0.298265
3 2679 510 2931 0.347754
3 2679 2931 2527 0.417214
3 3230 2726 2233 0.670941
3 2541 2345 3112 0.559211
3 2756 2672 3112 0.555928
3 2756 3112 2345 0.451869
3 1658 2011 110 0.969386
3 1658 110 1394 0.968611
3 1149 2011 1658 0.964477
3 2011 1016 110 0.979407
3 2022 187 2302 0.911752
3 2022 2163 187 0.962920
3 2003 2112 1115 0.834602
3 2003 1115 2041 0.761435
3 875 1794 1670 0.868884
3 1414 2304 240 0.883724
3 1414 240 2202 0.868573
3 2202 240 586 0.883625
3 1882 1256 2086 0.475035
3 2570 454 833 0.450605
3 833 454 146 0.585141
3 1953 2745 1508 0.345373
3 2745 1953 2570 0.297357
3 456 2931 1373 0.261955
3 1373 538 456 0.150728
3 456 538 2417 0.197048
3 456 2417 2931 0.281570
3 2380 2321 146 0.636393
3 2480 124 995 0.843824
3 995 124 884 0.838375
3 1758 370 2480 0.944247
3 2480 917 870 0.825282
3 370 1758 2163 0.956933
3 2480 1529 1523 0.909714
3 2480 370 1529 0.954672
3 1529 370 2163 0.957482
3 2480 1523 917 0.891795
3 2591 1018 1867 0.750850
3 1018 1256 1867 0.698987
3 502 2787 3219 0.601761
3 502 3219 3145 0.523905
3 1364 1372 3220 0.177201
3 1364 3220 3236 0.157702
3 2078 2018 3222 0.630409
3 2078 3222 2822 0.805090
3 2757 807 3221 0.309238
3 2757 3221 3235 0.503264
3 3123 1702 3223 0.005499
3 3123 3223 3183 0.020798
3 3139 1878 3224 0.933634
3 3139 3224 3090 0.913435
3 1842 3025 3225 0.152168
3 1842 3225 1474 0.082567
3 3048 2325 3227 0.892958
3 3048 3227 2422 0.873538
3 558 2418 3231 0.025947
3 558 3231 3002 0.030690
3 659 2482 3228 0.141293
3 659 3228 2879 0.052468
3 1298 278 3226 0.146752
3 1298 3226 1419 0.177556
3 711 1220 3229 0.293765
3 711 3229 2367 0.340775
3 1104 909 3232 0.099560
3 1104 3232 2496 0.072028
3 1045 2726 3230 0.557528
3 1045 3230 2167 0.480579
3 2015 1535 3237 0.893509
3 308 2367 3233 0.170360
3 308 3233 2040 0.095516
3 703 2501 3238 0.657713
3 57 2252 3234 0.949462
3 57 3234 2811 0.967309
