ply
format ascii 1.0
comment Generated by PyMesh
element vertex 2491

property float x
property float y
property float z
property float charge
property float hbond
property float hphob
property float nx
property float ny
property float nz
property uchar red
property uchar green
property uchar blue
element face 4978
property list uchar int vertex_indices
property float predict_score

end_header
8.272 10.763 -9.67 -0.305091 0 -3.2 0 -0.480101 0.258462 179 179 255
-4.786 -10.812 -22.474 0.0815901 0 -3.2 0 0.325355 -0.786704 255 226 226
10.5255 -5.9005 -22.477 0.181353 0.576993 -3.5 1 0.431405 -0.661208 255 15 15
4.6735 5.8765 -29.5965 0.07468 0 -0.8 0 0.603937 -0.410548 2 2 255
15.082 9.077 -24.5555 -1.20879 -0.521657 2.8 0 0.110787 0.50494 0 0 255
-2.908 11.451 -11.09 -0.562256 -0 -1.6 0 -0.771082 0.412328 255 137 137
-2.309 6.7305 -12.258 0.745027 0 -4.5 0 0.190631 -0.0773096 255 88 88
19.1065 2.852 -4.9265 -0.122722 0 3.57892 0 -0.028989 0.0142898 42 42 255
19.437 -8.7475 -15.4885 -0.263131 0 -3.5 0 0.403466 0.890661 67 67 255
27.289 -0.6735 -17.294 0.113711 0 -3.5 0 0.381175 -0.208362 0 0 255
15.1985 2.1925 -28.161 -0.402539 0 3.8 0 0.443324 0.208744 121 121 255
4.2715 -6.4805 -28.9415 -0.0833718 0 4.5 1 -0.385579 -0.90553 255 0 0
-0.059 2.2735 -32.1325 -0.221257 -0.06781 -3.70045 0 -0.459259 0.872256 3 3 255
11.8298 5.7265 -7.70725 -0.157868 -0.000830895 -3.5 0 0.000235001 0.54959 136 136 255
-0.1565 -10.524 -22.1705 0.0163172 0 3.8 0 0.393889 -0.895794 255 70 70
15.5825 -9.388 -17.1125 -0.199271 -0.0137878 3.80646 0 0.571293 -0.481125 255 150 150
14.712 12.9135 -16.4705 -0.132053 0 -1.6 0 -0.531297 0.537405 98 98 255
8.941 -8.678 -20.881 0.480836 0 -3.9 1 -0.161158 -0.688601 255 10 10
26.257 11.355 -9.6635 0.118866 0.561047 -0.8 0 -0.194374 0.972094 48 48 255
14.243 -8.812 -19.982 0.307734 0 -3.9 0 0.507066 -0.85391 255 66 66
4.753 14.073 -18.1375 -1.48065 -0.466447 -3.5 0 0.127078 0.966331 4 4 255
-1.4145 -4.7775 -15.941 -0.043033 0.0153283 -0.987576 0 -0.780261 -0.477245 255 140 140
-4.517 -7.694 -12.992 -0.330866 0 -3.5 0 -0.588302 -0.324426 255 191 191
-2.483 -3.294 -17.2435 -0.633981 -0.0442213 -3.17657 0 0.0284655 -0.974681 190 190 255
-7.373 0.912 -19.747 0.490979 0.258172 -3.37583 0 -0.945275 -0.313819 30 30 255
18.1135 -1.0775 -31.4985 -1.35596 -0.583488 -3.5 0 -0.822713 0.504139 255 88 88
16.343 14.39 -16.765 -0.0968987 0 -1.6 0 -0.354555 0.679366 34 34 255
-2.572 11.459 -17.329 -0.124772 -0.298189 -3.5 0 -0.93672 0.345434 3 3 255
20.756 -9.349 -23.113 -1.01358 0 -3.5 0 0.906973 -0.377945 202 202 255
24.088 13.7555 -16.1595 0.318228 0.052109 -0.7 0 -0.492533 0.866414 4 4 255
13.193 10.8435 -10.9485 -0.292458 0 -0.7 0 -0.0340121 0.576809 165 165 255
23.47 5.209 -3.4555 -1.20741 -0.579882 -0.4 0 -0.388319 -0.140956 52 52 255
16.4545 -5.18925 -28.622 -0.261962 0 -0.7 1 -0.361334 0.0634565 255 19 19
25.5625 11.3135 -10.396 0.199492 0.0449521 -0.514655 0 0.0233661 0.945746 31 31 255
1.777 13.8415 -8.7775 0.0762933 0 -1.6 0 0.363096 0.931561 255 145 145
27.957 -3.952 -24.1215 -0.0368491 0 -1.6 0 0.497527 0.433219 0 0 255
-4.476 -2.994 -15.093 -1.2814 -0.0560452 -3.5 0 -0.216756 -0.964989 164 164 255
5.093 0.166 -10.3225 -0.0906802 0 2.8 0 -0.0515016 0.213825 255 252 252
26.1865 -2.2075 -12.484 0.246151 0 -3.58456 0 -0.401077 -0.914508 0 0 255
31.583 11.7345 -15.079 -0.152187 0 -0.7 0 0.439443 0.855774 4 4 255
7.64575 -10.7855 -18.2307 4.09822 0 -3.9 1 -0.523468 -0.852007 255 17 17
13.142 10.5975 -16.1845 0.122214 -0.605534 -0.786558 0 0.237956 0.843972 47 47 255
21.94 9.9715 -9.323 -0.725384 -0.0667302 0.73959 0 -0.170177 0.859677 255 230 230
-1.444 14.3305 -14.3145 0.527883 0.549696 -3.5 0 -0.76358 0.54889 115 115 255
-3.916 1.07 -24.186 0.24752 0 -0.148119 0 -0.636448 -0.456867 157 157 255
25.835 2.062 -22.569 -0.229209 0 -0.4 0 0.868575 -0.100474 39 39 255
16.297 12.801 -25.642 -0.107927 0 1.8 0 -0.779035 0.0339431 0 0 255
-2.39 0.268 -28.296 0.618164 0.73639 -2.58515 0 -0.772668 0.0831851 39 39 255
28.533 -5.803 -26.467 0.130622 0 -1.6 0 0.860291 -0.502391 0 0 255
13.1585 2.7845 -28.5935 -1.34576 0 3.8 0 0.267726 -0.0213332 68 68 255
31.242 -3.068 -15.381 -0.79177 -0 -3.5 0 0.993156 0.0901906 1 1 255
16.85 2.849 -4.435 -0.158703 0 3.8 0 0.339836 0.0979423 96 96 254
23.274 -5.9155 -6.4405 0.104234 0.435229 -4.5 0 -0.448031 -0.815523 0 0 255
22.974 -1.8845 -31.3035 0.138972 0.420255 -3.5 0 0.744507 0.196873 255 219 219
9.5015 11.576 -27.9585 -0.0941834 0 -0.7 0 0.594595 0.385162 0 0 255
6.0435 -7.7955 -29.141 -0.0288594 0 4.5 1 -0.114491 -0.750913 255 3 3
20.772 -7.6485 -29.988 0.350588 -0.0801668 -3.22728 0 -0.393771 -0.29108 255 156 156
33.7235 5.0935 -6.0265 -0.00406556 0 -4.5 0 0.83898 -0.539926 0 0 255
-6.5355 -9.55225 -27.3927 0.0483028 0 -3.2 0 0.223475 -0.56634 255 213 213
10.2428 2.74725 -29.988 -0.598627 -0.0224381 -3.5 0 0.54411 0.143154 100 100 255
-1.05275 -7.5355 -21.1787 0.116901 0 3.53407 0 -0.663154 0.0704472 255 82 82
-3.302 8.627 -16.629 0.271475 0 -4.5 0 -0.625232 0.0597437 14 14 255
-6.10325 1.0005 -14.0212 -1.67143 -0.133896 -3.5 0 -0.512509 0.236566 255 238 238
19.231 -8.865 -13.2055 0.136656 0 -3.5 0 0.783903 0.612372 80 80 254
4.65275 9.3455 -10.0337 -0.071209 0 3.8 0 0.145121 0.0073464 241 241 255
6.56588 11.7434 -27.3633 -0.171744 0 -0.7 0 -0.410566 0.778189 0 0 255
-5.3005 3.116 -15.622 0.174348 0 -0.9 0 -0.967985 0.197368 180 180 255
24.3565 7.793 -26.0915 -1.53827 -0.453404 -3.5 0 -0.294639 0.248592 255 251 251
-5.2045 -9.2405 -22.4128 0.282936 0 -3.2 0 0.108108 0.274255 255 190 190
-0.76675 14.262 -18.8025 -0.10371 0 -3.2 0 -0.157149 0.955237 0 0 255
14.1795 2.3565 -28.467 -0.630537 0 3.8 0 0.19207 0.158756 85 85 255
30.215 13.595 -3.989 -0.240822 0 4.5 0 -0.853569 0.305642 48 48 255
-3.13 -7.97825 -22.6542 0.0151463 0 3.8 0 -0.510658 0.286711 255 67 67
30.4435 12.3285 -3.512 -0.539547 0 4.5 0 -0.769161 0.22166 21 21 255
1.47275 -5.37725 -5.36625 -0.120593 0 3.8 0 0.009223 -0.659158 255 60 60
31.6502 14.347 -6.03375 -0.215592 0 4.5 0 0.566514 0.779176 137 137 255
6.439 -9.014 -8.131 -0.453552 -0.0198664 -3.5 0 0.547764 -0.0861791 255 235 235
-2.417 -3.9435 -9.47 -1.45839 -0.243979 -3.5 0 -0.526265 -0.00178318 255 170 170
-4.51775 -4.60025 -24.5298 0.308498 0.898811 -2.27783 0 -0.0117031 0.895067 255 156 156
24.127 -1.61425 -20.8908 0.350929 0.414893 -4.5 0 0.443905 -0.245699 11 11 255
32.7863 0.99025 -11.326 0.014461 0 -4.5 0 0.672232 -0.554779 2 2 255
-1.829 -3.19075 -18.0905 -1.11529 -0.220499 3.8 0 -0.324094 -0.9458 231 231 255
15.577 -8.73263 -17.944 -1.32681 -0.465754 -3.9 0 0.600857 -0.692783 255 189 189
10.699 12.397 -11.506 -0.483756 0 -3.2 0 0.659676 0.717709 132 132 255
-10.9879 -5.50938 -30.3493 0.236874 0 -1.6 0 -0.988682 -0.0949984 13 13 255
-7.25075 -2.492 -16.1599 -0.241543 0 -3.5 0 -0.645883 -0.741434 82 82 255
12.743 10.575 -15.2618 -0.426824 -0.706489 -0.7 0 0.30431 0.951598 66 66 255
-5.28925 8.94913 -13.2256 0.889432 0 -4.5 0 -0.63961 0.766448 255 175 175
-6.24625 -3.4795 -33.0262 0.410078 0 -3.9 0 -0.757596 0.651707 255 154 154
-2.8635 -6.478 -14.347 -0.0216646 0 -3.5 0 -0.420842 -0.317555 255 148 148
21.3048 -8.07775 -26.232 0.198232 0 -3.5 0 0.47483 -0.866056 168 168 255
3.18925 13.418 -16.1365 -1.24924 -0.341744 -3.5 0 0.374518 0.79733 33 33 255
11.0255 -10.1205 -13.855 0.0526039 0 4.2 1 -0.881849 -0.470476 255 152 152
23.1682 13.4786 -16.5711 0.551329 0.804076 -0.7 0 -0.192299 0.981271 3 3 255
29.05 2.8695 -16.8095 0.796997 0 -0.8 0 0.960132 0.0126839 4 4 255
22.3505 13.481 -15.5685 0.0545693 0 3.8 0 0.230056 0.966855 20 20 255
2.12825 8.60025 -30.3412 0.44034 0 -1.35661 0 -0.59678 0.506651 0 0 255
23.367 1.1055 -24.3585 0.314284 0.109345 4.5 0 0.756786 -0.626745 46 46 255
29.7738 9.32575 -5.48825 0.760984 0.800697 4.5 0 -0.788828 -0.0932399 10 10 255
29.4242 6.04075 -3.385 0.48829 0.336938 -4.5 0 -0.519182 0.726798 2 2 255
8.10025 -6.91025 -29.9077 -0.0959139 0 4.5 1 0.832721 -0.547005 255 4 4
-4.53625 -6.64175 -13.2645 -0.0627293 0 -3.5 0 -0.57729 -0.054709 255 181 181
4.7045 -10.1912 -8.67425 0.0961627 0 -3.5 0 -0.717585 -0.518438 255 149 149
30.8255 -4.70925 -14.2653 -0.0102823 0.00100698 -3.5 0 0.862596 0.170752 0 0 255
-6.8315 2.351 -22.7957 0.262959 0 -0.8 0 -0.627366 0.0506744 20 20 255
16.909 -9.544 -26.6565 -0.183779 0 -3.5 1 -0.621546 -0.624346 255 38 38
14.2895 -5.57125 -28.1435 -0.970168 -0.659394 -0.7 1 -0.354382 -0.127644 255 6 6
22.4223 -3.91275 -11.5828 0.243259 0 -4.5 0 0.355576 -0.728629 0 0 255
-1.92225 4.93875 -28.566 1.39826 0 -4.5 0 -0.8637 -0.303295 0 0 255
-1.27325 0.83225 -30.5899 0.327729 0 -3.9 0 -0.877723 0.470624 10 10 255
22.9125 -1.5565 -24.819 -1.18323 0 3.8 0 0.752887 0.638977 184 184 255
20.6162 -1.92225 -5.4535 0.557527 0 -4.5 0 -0.0454705 -0.153778 2 2 255
2.119 7.7035 -9.2895 -0.947551 -0.613749 -3.5 0 -0.49545 0.177179 243 243 255
-4.142 8.3785 -15.954 0.349239 0 -4.5 0 -0.734027 0.168187 38 38 255
23.4447 -4.28825 -17.4398 -0.317453 0 -4.5 0 0.14224 -0.988981 3 3 255
2.57625 -4.82 -31.3752 0.718709 0 -1.51466 1 0.393416 -0.63031 255 0 0
14.453 1.429 -28.763 -0.496519 0 3.8 0 0.207931 0.105438 241 241 255
15.136 -9.348 -9.768 0.708721 0 -3.5 0 -0.633452 -0.155975 18 18 255
8.4805 14.699 -20.9585 -0.223804 0 -1.3 0 -0.369851 0.797563 9 9 255
-5.429 -11.721 -24.894 -0.498439 0 -3.2 0 0.721639 -0.689471 255 227 227
-0.57725 -1.01725 -34.4525 2.41935 0 -3.9 0 0.297921 -0.623463 40 40 255
5.275 13.68 -17.1375 -1.82431 -0.123232 -3.5 0 0.481465 0.782237 11 11 255
-5.70425 -4.16725 -25.1912 0.0511336 0.33323 -3.2 0 0.594689 0.792936 251 251 255
-3.459 -3.467 -14.855 -0.326981 0 -3.5 0 -0.517116 -0.821823 175 175 255
13.617 9.224 -27.023 -0.13867 0 -1.6 0 0.628987 0.725407 0 0 255
-6.352 -5.269 -22.808 -0.302422 0 -3.5 0 -0.921083 -0.270053 138 138 255
30.2465 -1.3025 -13.2515 0.271679 0 -4.5 0 0.498313 -0.785836 1 1 255
-0.805375 -6.6655 -33.1077 -1.24983 -0.942971 1.8 1 -0.0608845 -0.497722 255 6 6
2.932 10.165 -26.5815 -0.687475 -0.500267 -0.8 0 0.478224 0.829587 0 0 255
-0.9375 -7.074 -11.453 -0.0786292 0 -3.5 0 0.618825 -0.630263 255 42 42
19.7617 -4.2015 -13.6975 -0.250243 0 2.8 0 0.486677 -0.838299 7 7 255
-2.25425 -4.915 -35.465 0.407869 0 -3.9 0 0.636878 -0.663589 255 37 37
8.51 13.568 -17.635 -0.510798 0 -0.7 0 -0.31694 0.616745 27 27 255
3.213 -7.974 -19.218 -0.475867 0 1.9 0 0.629897 -0.732642 255 72 72
-8.2215 -8.478 -31.923 -0.52878 -0.707178 -1.6 0 -0.491009 -0.695164 255 205 205
18.0594 -11.9966 -14.1278 0.0673377 0 -3.5 0 -0.186165 -0.963328 139 139 255
38.265 6.40125 -10.0828 -1.40685 0 -3.5 0 0.550862 -0.466144 12 12 255
20.8002 -3.62975 -16.6575 0.138927 0.926975 -4.5 0 0.323671 -0.839438 22 22 255
32.7705 2.29225 -8.6075 -1.82679 -0.458068 -3.5 0 0.965757 -0.196644 0 0 255
32.574 3.46 -4.846 1.07123 0.221068 -4.5 0 0.884481 -0.465559 0 0 255
5.016 -10.269 -10.99 0.301064 0 -3.5 0 -0.532955 -0.582452 255 132 132
27.3312 12.308 -14.5472 -0.678779 -0.709524 -0.7 0 0.629365 0.287084 22 22 255
26.75 -2.8785 -28.5562 0.0356607 0 -1.6 0 0.76954 0.615182 43 43 255
26.4147 -4.62525 -8.34425 0.302768 0 -4.5 0 0.857539 -0.474245 0 0 255
-5.734 6.8915 -15.1255 0.320129 0 -4.5 0 -0.566093 -0.0613395 170 170 255
6.1095 -3.26525 -24.5387 -0.032484 0 4.5 1 0.876997 -0.231768 255 1 1
12.8579 15.1021 -20.277 -0.209652 0 -1.3 0 0.342457 0.92708 9 9 255
1.08 -5.748 -8.944 -0.163209 0 3.8 1 -0.362437 -0.928424 255 114 114
-5.49475 8.4535 -12.0527 0.354041 0 -4.5 0 -0.436738 0.534558 255 112 112
5.736 -9.58375 -11.739 0.435642 0.110561 -3.5 0 -0.207251 -0.593361 255 142 142
13.39 -9.369 -19.946 0.158132 0 -3.9 0 0.317913 -0.936413 255 39 39
-1.63525 -9.887 -30.5338 0.044399 0 1.8 1 -0.452455 -0.887563 255 11 11
-10.0468 -6.4125 -31.8507 0.195025 0 -1.6 0 -0.489713 -0.173335 110 110 255
-5.01525 6.22275 -19.5718 -0.941887 -0.302835 -0.9 0 -0.444249 0.714699 3 3 255
26.282 14.5588 -17.536 -0.0461666 0 -0.7 0 0.129015 0.947581 8 8 255
10.3349 -7.63075 -8.03025 0.234487 0 -1.6 0 -0.546401 -0.623002 132 132 255
-0.398 11.1372 -23.5553 -0.214896 0 -0.8 0 0.115736 0.90433 0 0 255
-0.098 15.863 -15.387 0.000135401 0 -3.5 0 -0.138179 0.958026 46 46 255
30.809 11.1665 -9.032 -0.351542 0 4.4647 0 0.592876 0.266918 7 7 255
3.87525 11.434 -9.64525 0.246404 0 -1.6 0 0.776014 0.306479 231 231 255
1.79875 -6.75025 -14.4032 -0.921128 -0.856246 -0.8 0 0.568442 -0.592049 255 43 43
18.09 14.361 -24.456 0.125958 0 1.8 0 -0.124172 0.992055 0 0 255
0.047 10.7765 -7.4435 0.0224968 0 -1.6 0 -0.386077 -0.573798 255 113 113
-3.8995 -0.8455 -35.9915 2.56674 0.0358893 -3.9 0 -0.188923 0.981253 24 24 255
20.8955 -4.48225 -23.283 -0.0367574 0 -2.87316 0 0.589023 -0.380813 255 224 224
18.2535 -10.6543 -9.6035 -1.27 -0.420392 -3.5 0 0.723839 -0.63397 22 22 255
34.2415 10.4585 -5.4135 -0.842271 0 4.5 0 0.983378 0.166201 5 5 255
4.0475 10.1765 -27.5685 -0.984324 -0.0290113 -0.8 0 -0.0332169 0.899992 1 1 255
9.404 -4.7625 -23.3657 0.347912 0.459408 -3.5 1 -0.156905 -0.0450324 255 11 11
28.7905 -5.808 -15.8125 -0.27876 0 -3.5 0 -0.275913 -0.687396 0 0 255
17.1835 -4.768 -12.4853 -0.0299156 0 2.8 0 -0.389938 -0.600377 8 8 255
28.678 5.071 -16.764 1.37964 -0.883353 -0.8 0 0.937348 -0.143096 7 7 255
-6.28687 -4.49813 -19.4894 -0.234654 0 -3.5 0 -0.435732 -0.671587 135 135 255
-7.74425 2.72925 -20.9985 0.0648614 0 -0.8 0 -0.879169 0.476007 11 11 255
14.7075 -5.4385 -12.9745 -0.083406 0 -3.5 0 0.866204 -0.14122 12 12 255
1.611 5.565 -31.3055 -0.539706 -0.0453864 -4.5 0 0.138788 -0.0601196 0 0 255
-7.998 -0.49775 -15.0638 -0.196121 0 -3.5 0 -0.926654 0.201916 160 160 255
13.9625 -4.414 -28.518 -0.478536 0 -0.7 1 -0.3629 -0.209616 255 5 5
4.596 3.31275 -29.9603 -0.246943 0 -3.5 0 0.654696 0.595777 157 157 255
14.4202 11.8868 -16.625 -0.264025 0 -1.6 0 -0.509345 0.316567 90 90 255
-8.1995 -0.55975 -17.3627 0.037769 0 -3.5 0 -0.92887 -0.0968393 32 32 255
23.7145 12.056 -11.412 -0.267908 0 4.2 0 0.0146758 0.898356 38 38 255
0.45 -0.51125 -34.871 0.855256 0 -3.9 0 0.357852 -0.214614 7 7 255
18.7445 13.0495 -15.2885 -0.175745 0 3.8 0 -0.503493 0.595863 122 122 255
11.2835 -2.91425 -28.2115 -1.71172 0 -3.5 1 -0.264995 -0.964184 255 5 5
17.4525 -6.39275 -16.1725 -0.126099 -0.0883924 -3.5 0 0.462949 -0.32627 108 108 255
25.967 3.95 -20.037 -0.61717 0 -0.8 0 0.423199 0.151071 239 239 255
-2.326 -5.806 -10.3275 -0.483347 0 -3.5 1 0.138251 -0.440975 255 83 83
25.3115 -5.65375 -23.4062 0.417617 0 -1.6 0 0.0224137 -0.28278 12 12 255
1.167 11.488 -21.693 -0.635898 -0.193932 0.892992 0 -0.170837 0.838118 0 0 255
-7.21925 -5.8535 -32.7238 0.194739 0 -3.9 0 -0.695167 -0.0751394 255 184 184
-7.33025 -2.99 -27.9942 -0.144873 -0.851555 -3.06102 0 0.0683949 0.981607 200 200 255
20.4965 -6.3075 -8.7995 -1.01014 -0.00604989 -3.5 0 0.449625 -0.71224 2 2 255
-6.37675 6.69225 -23.5675 0.769827 0.662348 -3.5 0 -0.945914 0.272331 0 0 255
11.6175 11.051 -24.06 0.109826 0 2.46761 0 0.501616 0.474305 0 0 255
2.66025 13.2913 -19.0465 -0.925543 -0.0139454 -3.24212 0 0.350227 0.802537 1 1 255
20.586 -12.0265 -13.391 -1.2393 -0.674983 -3.5 0 0.696224 -0.715187 72 72 255
10.213 2.98375 -5.185 0.237454 0.701496 -3.5 0 -0.0371781 0.232887 155 155 255
20.2297 11.6355 -13.4052 -0.159958 0 3.8 0 -0.474175 0.303775 101 101 255
21.2563 0.1725 -32.051 -0.0393298 0.00201124 -3.5 0 0.260859 0.667072 255 96 96
14.5918 -6.29 -5.43 0.00898043 0 1.8 0 0.128923 -0.734216 1 1 255
-3.50175 11.0948 -11.8372 -1.33997 0 -1.6 0 -0.921183 0.217115 255 182 182
5.42725 13.234 -13.5428 -0.1634 0 3.8 0 -0.0912521 0.993922 90 90 255
27.7445 6.604 -21.397 -0.510898 0 4.2 0 0.787213 -0.541384 255 216 216
1.757 -7.80775 -16.7313 0.402255 0.620574 -0.8 0 0.445889 -0.879409 255 141 141
20.017 -9.4365 -21.6385 -1.48452 -0.00906498 -3.5 0 0.652127 -0.323933 196 196 255
5.732 2.98075 -9.04525 -0.0253045 0 4.5 0 -0.541002 -0.507336 110 110 255
16.485 -9.178 -16.617 -0.0530055 0.467034 -0.0114716 0 0.314119 -0.457717 232 232 255
-3.4415 -9.1215 -28.4145 -0.809379 -0.881318 3.8 0 0.00221183 -0.966303 255 98 98
0.6885 13.073 -7.4 0.0874514 0 -1.6 0 -0.19198 0.476075 255 117 117
28.145 10.6788 -13.2937 -0.298317 -0.25948 0.476427 0 -0.00429067 0.98407 13 13 255
-1.703 -3.41675 -35.414 1.35831 0 -3.9 0 0.981486 -0.105221 255 195 195
29.3468 11.5345 -12.359 0.661818 0.0993638 -0.7 0 -0.363125 0.931638 13 13 255
-5.8655 4.9965 -14.6075 0.0933515 0 -4.5 0 -0.418739 -0.00448587 255 254 254
15.4865 -5.4875 -28.417 -0.237538 0 -0.7 1 -0.261827 0.0381852 255 11 11
9.5835 -3.75275 -9.50575 0.0912177 0.0233357 -1.57507 0 0.29802 0.572322 90 90 255
27.219 -5.1775 -28.801 0.833107 0 -1.6 0 0.627516 -0.299259 1 1 255
7.0885 4.56 -28.2068 0.00439116 0.125212 -1.33208 0 -0.352754 0.126866 217 217 255
4.72475 -8.22725 -24.471 0.0456134 0 4.5 1 0.125059 -0.986868 255 3 3
7.72625 4.40375 -5.756 -0.0506107 0 4.5 0 -0.253723 0.0143948 207 207 255
12.3418 10.9298 -14.3278 -0.432408 0 -0.7 0 0.356805 0.924205 87 87 255
13.9248 12.6905 -17.1895 -0.195115 0 -1.6 0 -0.451375 0.605015 57 57 255
14.246 10.9585 -16.2935 -0.60657 -0.325247 -1.16528 0 -0.411848 0.63433 72 72 255
-8.478 -3.0825 -23.005 -1.59845 -0.527341 -3.5 0 -0.976423 -0.123046 62 62 255
26.0625 -3.4735 -30.8735 -0.955119 -0.448665 -1.6 0 0.507789 0.275646 30 30 255
19.092 -11.055 -27.6885 -0.00810147 0 -3.5 0 0.364625 -0.897101 255 21 21
7.769 8.68225 -9.65925 0.115414 0 -3.2 0 -0.261963 0.37729 155 155 255
28.8575 11.591 -5.9645 0.0475909 0.406404 2.22443 0 -0.824356 0.166401 34 34 255
-2.08125 -9.8175 -21.3635 -0.041455 0 3.8 0 -0.301647 -0.437343 255 94 94
0.19925 13.1395 -20.662 -1.08283 0 -3.2 0 -0.0336468 0.466835 0 0 255
27.27 8.979 -23.228 -0.330474 0.568318 -0.9 0 0.897295 0.0551444 255 242 242
29.9155 9.859 -16.782 -0.044871 0 0.478824 0 0.362376 0.71206 4 4 255
-7.7645 -7.675 -32.458 -0.961991 0 -1.6 0 -0.3766 -0.176937 255 220 220
16.6865 -5.5415 -15.561 -0.289491 0 -3.5 0 0.142036 -0.538269 85 85 255
0.645 -7.856 -16.5845 0.430767 0.79688 -0.8 0 -0.5766 -0.816911 255 113 113
19.825 -9.07925 -14.5907 -0.20881 0 -3.5 0 0.722929 0.68906 60 60 255
19.249 -10.2238 -26.4317 -0.298705 0 -3.5 0 0.43499 -0.846552 255 120 120
36.3633 5.90325 -13.6567 -0.603403 -0.706441 -3.5 0 0.193708 0.17369 7 7 255
0.5505 -8.64175 -28.845 -0.0544373 0 1.8 1 0.738976 -0.554844 255 1 1
18.415 -11.563 -11.185 -0.20709 0 -3.5 0 0.586081 -0.506086 84 84 255
30.044 -4.5485 -13.3715 -0.29232 0 -3.5 0 0.564438 0.274974 0 0 255
-11.0507 -4.37025 -30.2383 0.180865 0 -1.6 0 -0.986617 0.159554 18 18 255
-5.9005 -8.528 -31.3935 -0.777199 -0.148022 -2.85974 0 0.429901 -0.892917 255 142 142
26.599 -1.854 -17.6758 -0.283593 0.698918 -4.47396 0 0.682999 -0.204439 0 0 255
25.4447 7.97875 -5.9465 -0.112775 0 1.40006 0 0.482201 0.498839 57 57 255
25.0885 -6.80175 -26.723 0.656292 0.414691 -1.20006 0 0.229765 -0.971349 46 46 255
-7.799 1.0555 -16.4842 0.0126369 0 -3.5 0 -0.712943 0.693127 75 75 255
-2.946 11.676 -18.865 0.57307 0 -3.2 0 -0.974977 0.217355 1 1 254
1.71475 -4.61 -32.4765 0.088507 0 -3.9 0 0.464737 -0.409785 255 4 4
6.51475 -3.91575 -23.782 0.000177326 0 4.5 1 0.66184 -0.067369 255 2 2
-1.76 13.9452 -19.5473 0.082441 0 -3.2 0 -0.535551 0.736903 0 0 255
5.0675 -7.16825 -22.5195 0.137241 0 4.5 1 -0.0174057 -0.929484 255 14 14
-0.862 13.9985 -10.032 0.140769 0 -1.6 0 -0.212577 0.973233 255 100 100
-2.15725 -7.9095 -13.0323 0.247372 0.0607069 -3.5 0 0.356611 -0.74085 255 100 100
-6.892 -12.509 -24.867 -0.157824 0.804162 -3.2 0 -0.220545 -0.974353 75 75 255
5.98 -8.234 -30.055 -0.0290972 0 4.5 1 -0.219044 -0.972603 255 2 2
27.144 14.7735 -15.9742 -0.183808 0 -0.7 0 0.360495 0.930526 18 18 255
29.3955 -5.3265 -13.024 0.212171 0 -3.5 0 0.221628 -0.208849 0 0 255
0.74175 -9.46825 -29.9182 0.00589253 0 1.8 1 0.714428 -0.647878 255 1 1
11.442 -1.7095 -31.414 -1.32578 -0.0477689 -3.5 0 -0.00355072 -0.425372 255 6 6
-7.196 -9.1195 -31.572 -1.42445 0 -1.6 0 -0.0886287 -0.978869 255 182 182
23.145 2.0105 -2.049 -1.57217 -0.0256342 -3.5 0 0.0554263 0.293477 1 1 255
3.67 -2.2415 -31.9565 0.0855109 -0.300017 4.5 0 0.109962 -0.0750597 255 9 9
0.392 15.973 -16.506 0.123737 0.539467 -3.5 0 0.236912 0.935811 9 9 255
-2.241 2.7235 -12.1815 -0.258843 -0.0525494 -3.97566 0 0.0208259 -0.576815 255 142 142
2.317 -1.959 -32.5078 0.186323 0 -3.9 0 0.498001 -0.107509 255 38 38
28.9135 3.96275 -17.1162 -0.548497 -0.988936 -0.8 0 0.958229 0.175047 7 7 255
-6.89625 -2.99375 -15.0972 -0.320372 0 -3.5 0 -0.503462 -0.859313 121 121 255
28.8662 -6.5005 -14.6935 -0.07119 0 -3.5 0 -0.245564 -0.958231 0 0 255
28.3993 -4.86075 -24.473 0.0481886 0 -1.6 0 0.905605 0.061391 0 0 255
-2.45175 0.2035 -32.612 2.48421 0.014178 -3.9 0 -0.913692 0.0215041 16 16 255
26.177 -2.27775 -29.3542 -1.0412 -0.912052 -1.6 0 0.348834 0.932502 104 104 255
32.967 13.2247 -7.8105 -0.258902 0 4.5 0 0.772931 0.374063 38 38 255
1.102 12.29 -20.932 -0.720837 0 -3.2 0 0.103066 0.497847 0 0 255
6.1175 12.8123 -17.2265 -0.946432 0 -2.00994 0 0.365082 0.76441 31 31 255
-2.552 8.9005 -26.349 0.439319 0 -3.5 0 -0.503881 0.211098 0 0 255
10.595 11.7788 -25.8552 -0.0542259 0 -0.7 0 0.743558 0.494572 0 0 255
-1.76025 -7.368 -14.0162 -0.0405443 0 -3.5 0 0.124387 -0.790482 255 99 99
7.766 12.9117 -27.5432 -0.0887317 0 -0.7 0 -0.323935 0.58464 0 0 255
1.426 13.6757 -7.75075 0.0356239 0 -1.6 0 0.283987 0.726138 255 120 120
1.14925 6.62425 -10.9065 0.0375345 0 -3.5 0 -0.72968 -0.0225995 255 110 110
10.5127 13.2133 -15.3462 0.782816 0.406647 -0.7 0 0.190439 0.905674 30 30 255
15.3313 -0.0465 -5.0605 -0.173989 0 3.8 0 -0.0225509 -0.802684 79 79 255
-0.9455 -10 -26.027 -0.0663804 0 3.8 1 0.0486986 -0.817392 255 9 9
-6.1 8.307 -13.002 0.532029 0 -4.5 0 -0.817713 0.561327 255 190 190
24.4945 5.688 -3.4535 -1.1034 -0.395339 -0.4 0 0.194106 0.0117748 49 49 255
29.7782 14.8617 -7.23175 -0.153679 0 4.5 0 -0.480331 0.876876 88 88 255
-7.80525 1.839 -21.6502 0.0495189 0 -0.8 0 -0.934662 -0.0738017 17 17 255
7.588 -9.88775 -16.379 1.21014 0.915297 -3.9 0 -0.308984 -0.371675 255 43 43
-5.4895 -10.1213 -22.0047 0.148025 0 -3.2 0 0.00266786 -0.0872988 255 230 230
22.2153 -1.5445 -25.7442 -0.475802 0 3.8 0 0.715548 0.665784 168 168 255
25.589 -6.007 -7.32175 0.52606 0 -4.5 0 0.639126 -0.631418 0 0 255
27.2675 14.4572 -19.8145 -0.312705 0 -0.9 0 0.392708 0.901108 17 17 255
38.417 5.3905 -13.1125 -1.17204 -0.0723443 -3.5 0 0.661602 -0.648638 6 6 255
24.9277 -5.83675 -9.38575 0.344602 0 -4.5 0 0.126947 -0.698928 0 0 255
28.2038 -0.21175 -17.205 -0.201839 0 -2.0447 0 0.568627 -0.286245 1 1 255
24.9538 3.0935 -27.0278 -0.238865 0 4.5 0 0.842267 -0.0996095 186 186 255
23.326 0.07675 -3.72925 -1.57858 0 -3.5 0 0.0310421 -0.952531 2 2 255
24.949 3.53425 -25.941 -0.301183 0 4.5 0 0.9802 0.0295812 139 139 255
20.254 -4.7525 -32.657 -0.240701 0 -3.5 0 -0.330586 -0.495846 255 123 123
12.046 -1.65975 -9.45025 -0.310389 -0.16162 -0.382904 0 -0.522027 -0.731277 51 51 255
22.108 -6.33675 -32.5378 -1.10778 -0.129721 -0.8 0 -0.462412 -0.421088 226 226 255
14.5262 -11.4745 -10.7107 -0.278667 0 -3.5 0 -0.2696 -0.661764 96 96 255
14.1485 -7.308 -27.9977 -0.63141 -0.805762 -0.7 1 -0.591795 -0.430195 255 11 11
1.54525 14.5868 -16.7255 -0.93925 -0.33585 -3.5 0 0.570312 0.78809 14 14 255
-1.2255 8.36425 -29.237 2.0099 0.27307 -2.60805 0 -0.750205 0.581425 0 0 255
7.135 12.7875 -25.1765 0.0316501 1.89115e-05 -0.7 0 -0.812756 0.581735 1 1 255
3.5475 2.552 -10.334 0.189786 0.430472 -0.35 0 -0.313343 -0.070146 107 107 255
-1.80875 -0.54225 -9.5085 -0.122287 0 -0.4 0 -0.547924 0.684242 255 205 205
33.2632 4.551 -3.64925 0.346108 0 -4.5 0 0.965061 -0.24223 0 0 255
14.045 10.608 -15.3185 -0.796569 -0.21805 -0.7 0 -0.361273 0.932309 66 66 255
10.7735 -7.99875 -14.73 0.547577 0 4.2 0 -0.805222 -0.551196 255 146 146
24.586 -0.6655 -21.0115 -0.0916871 0.407156 -2.45 0 0.408328 -0.418094 7 7 255
38.805 6.578 -13.071 -1.38343 -0.975295 -3.5 0 0.803361 0.178173 4 4 255
-6.4995 -3.7265 -31.9445 0.440886 0 -3.9 0 -0.357379 0.906254 255 214 214
24.0855 -6.2435 -8.70275 0.309013 0 -4.5 0 -0.314065 -0.829705 0 0 255
-5.3715 2.435 -14.7773 -0.389926 -0.33624 -2.11356 0 -0.949593 0.207354 226 226 255
16.631 -9.89125 -31.4743 0.0382266 0.60648 -3.5 0 -0.350432 0.0204482 255 7 7
18.8162 -5.98475 -17.2698 0.11172 -0.164002 -3.5 0 0.864201 -0.464194 93 93 255
9.16425 7.271 -28.7388 -0.353958 -0.238348 1.38151 0 -0.527983 0.0301585 0 0 255
20.67 8.2175 -5.55725 0.602587 0.725489 -3.5 0 -0.0677732 0.462992 255 168 168
-7.40425 -11.7858 -24.1068 -0.55178 0.00693649 -3.2 0 -0.594085 -0.661545 74 74 255
14.3062 -10.716 -17.3368 -0.00860744 0 4.2 0 -0.022061 -0.578439 255 84 84
22.103 -4.2985 -18.4605 0.39114 0 -4.5 0 0.174293 -0.978026 14 14 255
-3.996 -10.1325 -22.308 -0.000654301 0 0.3 0 0.0748995 -0.606485 255 119 119
28.882 3.362 -17.9835 -0.660337 -0.454342 -0.8 0 0.965854 0.0718344 15 15 255
-10.7725 -3.56175 -30.7605 0.184803 0 -1.6 0 -0.77299 0.570093 60 60 255
13.463 2.058 -4.6755 -0.16564 0 3.8 0 -0.618812 -0.0766604 174 174 255
-4.352 -3.5335 -14.1735 -0.593263 0 -3.5 0 -0.548812 -0.670082 211 211 255
9.56725 6.86 -8.708 0.177352 0 4.5 0 0.178768 0.566174 202 202 255
11.9415 9.931 -25.6898 0.351205 0.855769 2.8 0 0.423449 0.874415 0 0 255
19.808 3.26425 -27.7915 -0.172606 0 4.5 0 0.0119927 0.501844 255 230 230
30.0884 9.4445 -18.9636 -0.145649 0 4.2 0 0.748726 0.603831 8 8 255
5.62225 -6.75225 -31.8092 -0.0100987 0 4.5 1 -0.466218 -0.414153 255 3 3
18.6005 -10.332 -30.8965 0.149346 0 -3.5 0 0.565394 0.0238467 255 5 5
15.6455 14.715 -21.0725 0.360963 0 -1.6 0 -0.112382 0.976245 1 1 255
-5.825 6.006 -14.6132 0.436109 0 -4.5 0 -0.465231 -0.140766 198 198 255
18.2805 -0.7045 -30.3368 -0.625593 -0.15662 0.206565 0 -0.91679 0.240011 255 61 61
4.4405 -6.233 -26.571 -0.148688 0 4.5 1 0.246598 -0.880507 255 1 1
11.4788 9.882 -27.111 0.125237 0.0274901 -1.42974 0 0.179352 0.98372 0 0 255
5.153 -1.30825 -8.963 0.676164 0.83869 -0.8 0 0.116141 0.632426 250 250 255
2.56325 6.835 -8.89 -1.34303 -0.373873 -3.5 0 -0.295892 -0.026595 182 182 255
29.6042 -2.40575 -16.9608 -0.791048 -0.718333 -3.5 0 0.196351 0.313593 0 0 255
30.912 14.3682 -3.83175 -0.216347 0 4.5 0 -0.346567 0.746453 68 68 255
6.2605 -10.2195 -7.8755 0.0204132 0.476601 -3.5 0 0.349796 -0.219217 255 180 180
15.955 -9.632 -30.725 0.148324 0.298606 -3.5 1 -0.882419 0.150051 255 12 12
18.7335 14.1215 -23.5595 0.274633 0.00299893 1.8 0 0.204566 0.978332 0 0 255
8.471 -6.976 -15.267 0.943872 0 1.35791 0 -0.0314463 -0.960572 255 158 158
-6.6655 -2.87625 -27.178 -0.887535 -0.704389 -3.2 0 0.320515 0.943076 255 234 234
5.2875 -9.68025 -7.95225 -0.292762 0.0335228 -3.5 0 -0.278258 -0.311755 255 198 198
20.3835 12.8255 -13.4797 -0.175754 0 3.8 0 -0.225109 0.482011 161 161 255
7.8275 13.453 -25.4977 -0.00586125 0.167395 -0.7 0 -0.0970538 0.995233 0 0 255
19.799 -1.57 -32.9225 -0.770359 0 -3.5 0 -0.0242904 0.203643 255 153 153
7.86525 -5.953 -23.747 0.0887809 0 0.499302 1 0.602231 0.00957452 255 4 4
-0.522 -3.325 -32.506 0.17479 -0.00174514 -3.60375 0 0.260088 -0.125334 255 51 51
20.2663 -6.926 -10.8193 -0.493837 -0.345854 -3.5 0 0.752711 -0.589845 2 2 255
17.4345 -7.848 -15.85 -0.0141671 -0.0294506 -3.5 0 0.294356 0.844686 112 112 255
31.8442 14.663 -4.4045 -0.22489 0 4.5 0 0.158248 0.950422 100 100 255
-1.35125 9.23175 -28.5958 1.45878 0.864309 -0.8 0 -0.676891 0.421617 0 0 254
19.135 -8.611 -20.966 -1.123 -0.569203 -3.5 0 0.382813 -0.230171 226 226 255
34.3985 8.9385 -11.9233 -0.0352266 0 -3.5 0 0.371817 0.86994 17 17 255
23.63 12.725 -12.5513 -0.951921 -0.71682 -0.7 0 -0.253767 0.780356 31 31 255
-2.317 9.009 -19.7395 0.350117 0 -3.13822 0 -0.995629 0.0843978 0 0 255
-6.388 -3.33975 -30.909 0.388914 0 -2.74991 0 0.101688 0.969577 243 243 255
-2.8365 -6.94525 -32.9603 0.26638 0 -1.73378 1 0.204678 -0.604406 255 21 21
17.459 -4.8315 -14.8678 -0.881387 -0.272586 -3.5 0 -0.0731714 -0.753654 54 54 255
8.72075 9.157 -28.125 -1.3499 -0.238781 3.8 0 -0.00942633 0.418145 0 0 255
24.8032 14.521 -16.5105 -0.0711901 0 -0.7 0 -0.587188 0.809169 3 3 255
37.523 5.777 -13.7572 -1.37058 -0.428901 -3.5 0 0.127971 -0.112614 6 6 255
23.2342 10.3295 -6.39925 -0.086511 0 1.8 0 -0.229808 0.782718 236 236 255
13.8975 -7.8155 -27.153 -0.404121 -0.5796 -0.7 1 -0.374688 -0.865378 255 15 15
30.854 -2.684 -16.701 -0.834065 -0.167139 -3.5 0 0.719288 0.404401 1 1 255
23.5853 -0.85475 -21.3205 0.209808 0.374989 -2.4505 0 0.546484 -0.424737 14 14 255
-2.79075 -0.1695 -13.4165 -0.834692 -0.119253 -1.5513 0 -0.302275 0.479373 138 138 255
-1.8455 14.1543 -18.2615 0.202545 0 -3.2 0 -0.629162 0.766641 0 0 255
31.196 14.7455 -7.461 -0.178968 0 4.5 0 0.486361 0.836763 118 118 255
-0.7575 13.9257 -19.858 -0.384913 0 -3.2 0 -0.152585 0.788699 0 0 255
15.1605 5.16325 -5.24675 -0.129003 0 3.8 0 -0.532106 0.447722 170 170 255
-2.574 11.5992 -13.5542 -0.184473 -0.892609 -1.6 0 -0.827493 0.560392 211 211 255
0.992 7.5015 -30.8358 1.96073 0 -4.5 0 -0.00463028 0.547775 0 0 255
-1.0915 7.06225 -31.6365 3.48847 0 -4.5 0 -0.259939 0.305763 0 0 255
30.4525 -5.467 -13.627 0.204553 0 -3.5 0 0.68184 -0.252099 0 0 255
10.7685 -2.043 -25.473 0.0215933 0.436754 -3.5 1 -0.575308 -0.706161 255 4 4
-6.76525 -0.58975 -21.463 -0.319994 0 -3.5 0 -0.98685 0.018787 47 47 255
23.8738 -4.53475 -5.044 0.207574 0 -4.5 0 0.299996 -0.248141 0 0 255
28.1225 13.1032 -17.6178 -0.173683 0 -0.79998 0 0.966387 0.230944 24 24 255
0.66925 13.2455 -11.482 0.823611 0.489208 -2.98224 0 0.265689 0.960151 255 174 174
21.0345 -4.1055 -17.788 0.6987 0.419099 -4.5 0 0.113735 -0.903655 20 20 255
25.829 -4.655 -31.2375 -0.225491 -0.368365 -1.19782 0 0.56002 0.241905 18 18 255
16.906 -11.368 -29.175 -0.303914 0 -3.5 1 -0.541188 -0.769364 255 6 6
20.7475 -8.558 -22.3092 -0.588188 0 -3.5 0 0.881705 -0.236785 204 204 255
-0.547 1.77575 -31.0645 -0.397506 -0.778266 -3.5 0 -0.749575 0.661336 7 7 255
7.03625 3.47925 -6.4465 -0.0370537 0 4.5 0 -0.574322 -0.430139 148 148 255
5.4455 -1.459 -32.2285 -1.11588 -0.246289 4.5 0 0.429625 0.0704962 255 26 26
12.6575 -9.64075 -18.7822 0.217635 0 -3.9 0 0.166344 -0.967256 255 25 25
16.8725 -11.8715 -14.0365 0.112092 0 -3.5 0 -0.0450525 -0.914463 218 218 255
33.939 7.034 -5.519 -0.481739 -0.115921 -4.5 0 0.863233 -0.22241 0 0 255
25.0912 10.3123 -8.61675 0.037216 0.343856 0.462359 0 -0.114116 0.983946 114 114 255
18.1585 11.4908 -26.3288 -0.205232 0 1.8 0 -0.302871 -0.257345 0 0 255
8.46575 -5.92975 -29.8135 -0.138974 0 4.5 1 0.974618 -0.167769 255 4 4
7.5235 -9.35125 -10.371 0.0238862 0 -3.5 0 0.763957 -0.636835 254 254 255
20.4998 -10.4535 -14.4277 -0.316402 -0.00559005 -3.5 0 0.990248 0.134525 47 47 255
21.0565 -5.303 -32.26 -0.889491 -0.656401 -1.25633 0 -0.306759 -0.66255 255 190 190
9.2175 12.9315 -13.4585 0.0460379 0 -3.2 0 -0.191068 0.948985 74 74 255
-0.092 -5.06875 -8.55425 -0.239552 0 3.8 0 -0.620917 -0.77353 255 106 106
21.1548 5.66675 -5.096 -0.366018 -0.277676 -1.82196 0 0.0220345 -0.0191258 77 77 255
16.4683 3.634 -27.4478 -0.300365 0 -0.4 0 0.309572 -0.50332 94 94 255
6.30225 1.93075 -9.4175 -0.826989 -0.897845 4.5 0 -0.471067 -0.410789 167 167 255
-2.982 10.4695 -18.5557 1.02932 0.880846 -3.2 0 -0.949717 -0.285918 1 1 255
0.62 -9.9445 -25.6655 -0.028461 0 3.8 1 0.437353 -0.809629 255 12 12
2.31825 -7.0645 -15.6003 -0.0132558 -0.802454 -0.8 0 0.799764 -0.567661 255 55 55
-6.5875 0.29 -23.4102 0.473397 0.827713 -0.8 0 -0.576971 0.108326 57 57 255
-0.319625 -5.80438 -33.4709 -1.37351 -0.24826 1.8 0 0.270612 -0.0494647 255 7 7
24.3595 0.4905 -4.065 -1.45123 -0.00841201 -3.5 0 0.692371 -0.681081 2 2 255
30.2068 -0.293 -8.794 -1.62562 -0.310531 -3.5 0 0.408439 -0.893874 0 0 255
7.91275 15.1757 -18.7973 -1.14892 -0.427283 -1.3 0 -0.377999 0.831272 25 25 255
-5.4865 -5.88525 -10.9548 -1.06068 -0.908935 -3.5 0 -0.880371 -0.151609 255 254 254
10.6755 -0.886 -31.26 -1.79428 -0.793913 -3.5 0 -0.443278 -0.0399522 255 17 17
-0.4635 -7.603 -32.55 -0.316589 -0.543493 1.8 1 0.12332 -0.391105 255 3 3
0.84475 -1.94575 -33.6808 0.332362 0 -3.9 0 0.404001 -0.51715 247 247 255
7.638 2.9765 -30.4095 0.277182 -0.0286667 -3.5 0 -0.309399 0.385095 255 182 182
25.852 -2.199 -28.098 0.0682738 0 -1.6 0 0.118225 0.990756 111 111 254
8.2755 -7.0915 -14.2765 0.0945401 -0.737927 -3.42318 0 0.0419331 -0.953626 255 195 195
19.3153 11.5878 -26.3127 -0.219878 0 1.8 0 0.462599 -0.28348 0 0 255
-1.6745 12.555 -15.9115 -0.38031 -0.830417 -3.5 0 -0.826449 0.558084 29 29 255
11.3158 3.496 -5.50675 -0.751391 -0.730055 -3.5 0 0.0290938 0.28604 135 135 255
2.002 -5.7495 -14.0295 -0.472954 -0.233115 -0.8 0 0.643507 -0.660644 255 62 62
-4.62025 8.8365 -25.595 0.404804 0 -3.5 0 -0.609561 0.466976 0 0 255
3.6485 -6.991 -8.58025 -0.680042 -0.311644 -2.8578 0 -0.681824 -0.70942 255 177 177
7.42525 -0.995 -29.926 -0.0812631 0 -3.5 0 0.233123 0.137049 255 23 23
11.642 -0.51325 -31.3855 -1.56369 -0.165173 -3.5 0 0.302551 0.290253 255 18 18
21.63 14.017 -19.015 -0.806954 -0.86172 -0.9 0 0.0278019 0.82586 3 3 255
22.68 14.2078 -22.5375 -0.0705993 0 -0.9 0 0.0246324 0.979713 2 2 255
6.701 -8.35575 -13.2428 0.142991 0 -3.5 0 -0.125136 -0.737193 255 162 162
17.0853 -6.88775 -7.323 0.331129 0.356932 -1.01232 0 0.408277 -0.461927 4 4 255
4.90025 -2.2985 -7.012 0.00933622 0 3.8 0 0.688541 0.589636 207 207 255
24.2465 -4.76075 -23.46 0.0813174 0 -1.6 0 -0.141265 -0.0655011 50 50 255
37.1183 7.7185 -9.36875 -1.22005 -0.852214 -3.5 0 0.310699 0.233183 6 6 255
17.9575 -8.9935 -30.6717 -0.387922 0 -3.5 0 0.268807 0.45994 255 14 14
24.871 13.234 -12.994 -1.38635 -0.217159 -0.7 0 0.259676 0.690886 14 14 255
19.22 -11.8965 -12.124 -0.876234 -0.304901 -3.5 0 0.382868 -0.699045 97 97 255
-8.245 -10.9065 -24.9557 -0.436637 0 -3.2 0 -0.870655 -0.444199 89 89 255
-8.67625 -10.499 -26.1995 0.279487 0 -3.2 0 -0.884102 -0.420149 75 75 255
18.958 10.3295 -25.173 -0.556729 0 1.8 0 0.392593 -0.443973 0 0 255
-4.55575 -9.636 -25.6572 -0.287097 0 3.24679 1 0.24948 -0.806058 255 58 58
-2.709 -1.1225 -36.8505 1.85264 0.597444 -3.9 0 0.475257 0.72113 11 11 255
-1.431 -8.677 -32.2503 0.185686 0 1.8 1 -0.257725 -0.402095 255 2 2
17.7073 -8.881 -8.339 -0.719939 -0.312837 -3.5 0 0.253386 -0.166643 11 11 255
24.638 -3.6855 -18.872 -0.389143 0 -4.5 0 0.463275 -0.859131 1 1 255
18.4443 7.335 -26.6225 -1.48397 0 -0.4 0 0.831674 0.160795 10 10 255
20.29 -5.13 -22.3305 -0.105918 0 -3.66761 0 0.969953 -0.0698123 255 226 226
33.3615 13.009 -6.58125 -0.29937 0 4.5 0 0.874672 0.425504 56 56 255
-6.17975 -12.2085 -24.194 -0.251381 0.261422 -3.2 0 0.188699 -0.906771 128 128 255
37.1555 4.99025 -13.1707 -1.04951 -0.734524 -3.5 0 0.307779 -0.797646 8 8 255
-7.076 -8.915 -30.5138 -0.699729 -0.00167816 -1.6 0 0.0347889 -0.971208 245 245 255
24.2945 -5.6705 -6.2985 0.23168 0.0880844 -4.5 0 0.339784 -0.670067 0 0 255
26.0912 14.9355 -19.1717 -0.074371 0 -0.9 0 0.0551074 0.983062 6 6 255
-1.12925 7.0505 -12.2675 0.122769 0 -4.00007 0 -0.190132 -0.133558 255 116 116
22.9725 13.6672 -23.4955 -0.00388601 0 -0.9 0 0.196573 0.787008 5 5 255
-0.1305 11.7865 -24.4565 -0.181154 0 -0.8 0 -0.0181486 0.990112 0 0 255
33.929 5.17625 -9.434 0.11262 0.160072 -4.03066 0 0.348688 -0.742876 4 4 255
10.2825 0.0025 -30.78 -1.12617 0 -3.5 0 -0.191188 0.214233 255 60 60
11.2198 -2.777 -29.2815 -1.0054 0 -3.5 1 0.032758 -0.966099 255 5 5
17.3997 -6.5445 -29.8757 -0.260915 0 -3.5 0 -0.609637 0.0298408 255 36 36
7.067 6.96525 -28.6287 0.302638 -0.198501 3.8 0 0.276931 -0.0358874 1 1 255
27.1117 11.3837 -9.0545 -0.441549 -0.85239 -0.8 0 -0.333586 0.935674 47 47 255
28.0945 -0.98625 -8.25675 -0.157485 0 -4.5 0 0.706467 -0.519422 0 0 255
-4.5515 9.7995 -13.096 0.112237 0 -4.5 0 -0.697981 0.712559 250 250 255
24.52 2.2385 -25.0252 -0.163978 0 4.5 0 0.921946 -0.261286 79 79 255
15.4932 -8.76625 -22.4538 -0.0159897 0 -3.5 0 -0.421962 -0.874897 255 53 53
18.4385 -9.69925 -8.7985 -1.28493 -0.397982 -3.5 0 0.753127 -0.20404 14 14 255
-2.29325 -1.48775 -9.30675 -0.209657 0 -0.4 0 -0.66986 0.106229 255 228 228
30.7745 14.7185 -4.8835 -0.184481 0 4.5 0 -0.337866 0.927312 94 94 255
11.098 -9.0815 -14.627 0.344201 0 4.2 0 -0.968542 -0.243716 255 129 129
7.9785 11.695 -10.3155 -0.715313 0 -3.2 0 -0.424476 0.571282 148 148 255
10.5977 -4.079 -9.4105 0.148326 0 -1.6 0 0.174491 0.682089 77 77 255
27.0655 13.6945 -14.2155 -0.222525 0 -0.7 0 0.589348 0.304434 22 22 255
9.5025 9.2075 -8.75325 0.107405 0 -3.2 0 0.175693 -0.0233519 213 213 255
19.1425 -0.32 -31.082 -0.613214 -0.463082 -3.5 0 -0.537597 0.7314 255 118 118
14.4192 11.5905 -23.4438 -0.399146 -0.313834 0.97009 0 -0.215519 0.164048 0 0 255
-7.8105 -3.70075 -20.518 -0.258911 0 -3.5 0 -0.909689 -0.297661 57 57 255
-7.138 6.744 -12.689 0.474607 0.529868 -4.5 0 -0.777211 0.614714 167 167 255
18.858 -11.3112 -28.9428 0.281632 0.660895 -3.5 0 0.473832 -0.868374 255 6 6
-4.106 -3.882 -30.943 0.125501 0 -3.9 0 -0.068069 0.970405 255 193 193
12.703 -1.132 -30.741 -1.55301 -0.60072 -3.5 0 0.865095 0.0407016 255 13 13
24.905 4.18425 -26.8188 -0.31513 0 4.5 0 0.817482 0.419541 249 249 255
34.4875 4.1935 -10.822 0.065461 0.134487 -3.92478 0 0.271445 -0.766993 4 4 255
1.46725 -1.618 -7.58425 -0.483378 -0.125318 1.9129 0 -0.196212 0.609923 250 250 255
30.0163 14.2435 -5.6325 -0.172055 0 4.5 0 -0.74404 0.55548 63 63 255
-1.345 13.0948 -20.4428 -0.280994 0 -3.2 0 -0.311129 0.421097 0 0 255
29.3555 5.7175 -16.1737 0.284019 -0.0584314 4.2 0 0.672377 -0.306101 6 6 255
-7.0955 -8.48575 -32.396 -1.04977 -0.449533 -1.6 0 0.0406792 -0.591055 255 134 134
27.032 8.5275 -7.10675 -0.509284 -0.101827 -2.84529 0 0.0757734 0.226106 13 13 255
17.6418 8.17375 -27.2407 -1.39903 -0.281436 -0.4 0 0.509548 0.457612 1 1 255
0.308 -6.66925 -33.083 -1.1693 -0.0923706 1.8 1 0.428842 -0.435 255 3 3
-2.67575 -8.991 -12.4925 0.379897 0.706507 -3.5 0 0.395171 -0.865589 255 107 107
32.9005 8.45075 -3.17025 -1.42571 0 4.5 0 0.666573 -0.349747 3 3 254
29.9083 -3.57075 -17.1963 -1.12845 0 -3.5 0 0.0550263 -0.0826195 0 0 255
-2.02725 -4.20375 -36.1683 0.695111 0 -3.9 0 0.759428 -0.420226 255 149 149
-2.187 9.3665 -18.4615 0.432021 0.0543332 -3.2 0 -0.97077 -0.238874 1 1 255
7.2845 -7.433 -13.9765 0.147876 0 -2.9938 0 0.149826 -0.852066 255 176 176
4.1775 -9.695 -9.596 -0.316694 0 -3.5 0 -0.908325 -0.417558 255 123 123
37.472 7.019 -13.6128 -1.72995 0 -3.5 0 0.0701962 0.502794 5 5 255
20.152 -10.02 -22.503 -1.53354 -0.0387954 -3.5 0 0.770853 -0.583116 204 204 255
31.777 4.1805 -2.21325 0.703371 0 -4.5 0 0.248772 -0.489674 0 0 255
-2.7405 -6.74625 -10.4928 -0.00516721 0 -3.5 1 0.207998 -0.116132 255 121 121
16.782 4.8305 -28.8545 0.320839 0.547224 -0.4 0 0.507919 -0.39401 23 23 255
-1.942 10.4905 -20.513 -0.0873448 0 -3.2 0 -0.791429 0.338471 0 0 255
38.465 7.724 -9.7495 -1.18023 -0.0713447 -3.5 0 0.731208 0.178086 12 12 255
7.3305 -2.6485 -8.949 -0.385057 -0.390345 -0.8 0 0.310982 0.169681 137 137 255
-5.9215 -7.94375 -32.2805 -0.482618 0 -3.9 1 0.122945 -0.753987 255 92 92
-2.136 -5.18075 -34.177 0.317692 0 -3.9 0 0.697935 -0.478874 255 21 21
36.1265 4.5515 -13.528 0.322706 0.914154 -4.5 0 0.713724 -0.484868 7 7 255
19.1775 4.9935 -4.505 -1.51599 -0.834619 -3.5 0 0.268775 -0.131556 90 90 255
3.41425 -7.442 -21.45 0.352733 0 1.9 1 0.572553 -0.815897 255 12 12
4.409 10.9307 -28.4333 -0.621025 -0.750436 -0.8 0 -0.0619848 0.881052 1 1 255
-3.4815 -7.718 -32.513 0.592264 0.113648 1.53118 1 0.0654172 -0.715255 255 24 24
11.339 -8.0525 -7.82675 0.0216256 0 -1.6 0 -0.100753 -0.578772 85 85 255
6.1625 -7.3625 -7.7025 -1.17594 -0.0153819 -3.5 0 0.46509 0.18569 175 175 255
20.2388 -11.658 -14.5347 -0.743695 -0.292012 -3.5 0 0.86657 -0.468195 53 53 255
-0.948 -4.5665 -20.4355 -0.484608 -0.102044 0.213641 0 -0.368173 -0.635657 255 130 130
-0.60025 15.7107 -16.464 0.559537 0.395919 -3.5 0 -0.513111 0.779329 5 5 255
22.9953 11.827 -24.717 -0.244124 0 -0.9 0 -0.012814 0.201889 24 24 255
-7.243 -8.9105 -22.8185 -0.245926 0 -3.2 0 -0.648731 0.124191 116 116 254
27.995 -4.656 -28.3125 0.349867 0 -1.6 0 0.743609 0.0545101 1 1 255
-6.67975 6.7115 -14.378 0.423141 0.470062 -4.5 0 -0.718388 0.304314 174 174 255
29.411 -0.887 -12.2933 0.648497 0 -4.5 0 0.486491 -0.717234 0 0 255
33.1133 7.37225 -13.5702 0.439011 0.0839028 -2.2327 0 0.616875 0.286819 12 12 255
10.3775 10.4167 -9.33475 -0.115338 0 -3.2 0 0.547565 0.17835 239 239 255
16.4114 -11.4517 -10.534 0.0603339 0 -3.5 0 0.0542107 -0.843057 55 55 255
6.44525 -6.53725 -19.8258 -1.37879 -0.994393 -3.5 1 -0.390548 -0.913696 255 32 32
-1.9085 10.1093 -25.989 0.314063 0 -0.8 0 -0.671944 0.48216 0 0 255
23.9688 -8.29219 -31.8461 -0.365528 -0.266257 -0.8 0 0.0516982 -0.41295 102 102 255
26.038 -6.397 -30.489 -0.0195324 0 -0.8 0 0.961551 -0.0977009 5 5 255
12.5999 2.17263 -5.36075 -0.233147 0 3.8 0 -0.390982 -0.286186 113 113 255
7.021 12.5295 -13.8715 -0.175745 0 3.8 0 0.296157 0.934347 131 131 255
31.4713 12.1342 -8.76775 -0.268479 0 4.5 0 0.5057 0.0259314 15 15 255
30.3344 3.72187 -2.458 0.339738 0 -4.5 0 0.155909 -0.460661 0 0 255
32.4422 0.967125 -13.7226 0.235418 0 -4.5 0 0.802448 -0.464171 1 1 255
12.8337 -1.0275 -29.725 -2.30118 -0.401208 -3.5 0 0.909869 -0.172602 255 10 10
25.1287 -3.5735 -24.5316 0.148676 0 -1.6 0 0.177822 0.886653 27 27 255
-4.80713 -8.05962 -31.0002 0.325766 0 -3.9 0 -0.0195875 -0.999788 255 89 89
-2.01187 -0.965125 -29.0506 0.706576 0.609519 -0.8 0 -0.800623 0.158771 79 79 254
18.5771 -8.38087 -30.0475 0.123774 0 -3.5 0 0.340531 0.136678 255 38 38
8.82731 -7.16538 -22.6631 0.795141 0 -3.5 1 0.209769 -0.734369 255 10 10
10.7364 8.87525 -29.3345 0.386489 0 -1.6 0 -0.583998 0.508124 0 0 255
12.1632 7.36625 -9.28275 -0.443152 -0.253395 -3.5 0 0.042643 0.732764 69 69 255
19.9785 -6.93313 -9.5885 -0.809614 -0.0437817 -3.5 0 0.543043 -0.776283 2 2 255
16.8997 -2.03212 -28.5352 -0.548231 0 3.8 1 -0.500895 -0.0630339 255 29 29
-7.282 1.028 -15.5907 -0.177963 0 -3.5 0 -0.590158 0.651872 132 132 255
5.0765 -7.179 -12.5644 0.0870114 0 -3.5 0 -0.57707 0.0378041 255 122 122
4.918 -6.18019 -31.2021 0.0226265 0 4.5 1 -0.592192 -0.411393 255 1 1
16.3978 7.56388 -8.94575 -0.0595454 0 -3.5 0 -0.737337 0.333499 183 183 255
21.6702 -9.11525 -30.2897 0.285788 0 -0.8 0 -0.317773 -0.922607 255 169 169
10.4116 12.5634 -24.7792 -0.0489279 0 -0.7 0 0.595384 0.716624 0 0 255
-4.75275 7.84125 -25.9158 0.606779 0 -3.5 0 -0.629914 0.275921 0 0 255
-6.1345 -7.9825 -22.4632 0.221786 0.0913019 -3.2 0 -0.113496 0.120938 255 244 244
16.0713 7.81913 -5.25037 1.00419 0.0925782 -3.5 0 -0.933563 0.324177 255 166 166
-6.8475 -5.6125 -23.699 0.0602084 0 -3.21653 0 -0.744438 0.000247205 145 145 255
3.87838 9.84375 -26.2186 -1.76622 -0.021268 -0.8 0 0.0858514 0.950995 1 1 255
-2.98425 -1.37775 -28.4077 1.21079 0.4041 -0.8 0 -0.791177 0.168266 203 203 255
19.024 -5.439 -16.428 -1.04759 -0.968782 -3.5 0 0.811257 -0.495778 72 72 255
11.4674 1.024 -5.8155 -0.348798 0 -3.5 0 0.286771 -0.495644 82 82 255
12.2564 12.8995 -23.5007 -0.0121937 0 -1.3 0 0.0534589 0.434495 0 0 255
-7.53113 0.877625 -20.9417 0.018809 0 -0.8 0 -0.847573 -0.52918 28 28 255
26.0956 -1.06813 -19.18 -0.565933 0 -4.5 0 0.892164 -0.340519 0 0 255
5.6145 11.29 -9.9915 -0.0825582 0 3.8 0 0.0472666 0.509527 128 128 255
32.5896 9.40975 -14.4505 -0.104555 0 -0.7 0 0.952582 0.0963792 7 7 255
30.179 7.213 -3.64 0.0906612 0 -4.5 0 -0.616677 0.562264 4 4 255
3.58725 -6.82513 -18.3806 0.202418 0 1.9 0 0.436912 -0.783126 255 63 63
16.0651 -2.93313 -6.2365 0.174437 0 1.8 0 0.256612 0.103241 3 3 255
15.481 6.261 -29.4217 0.726136 0.0498437 -0.402138 0 0.581272 0.0275047 0 0 255
23.8749 12.4746 -24.1427 -0.511536 0 -0.9 0 0.195606 0.637352 23 23 254
4.42925 12.7474 -20.0215 -0.429941 -0.574281 -0.8 0 -0.241563 0.942035 1 1 255
-3.489 -10.3584 -23.8054 -0.020524 0 3.8 0 0.00674488 -0.999949 255 63 63
22.108 2.684 -3.43 -1.34255 -0.103937 -3.5 0 -0.310599 0.440796 8 8 255
24.9277 4.586 -4.04675 -0.83184 0 -0.4 0 0.114506 -0.160557 19 19 255
-7.21912 -3.791 -19.6445 -0.169761 0 -3.5 0 -0.660655 -0.36502 89 89 255
-3.4955 0.6745 -13.7093 -1.58031 -0.274994 -1.81017 0 0.208933 0.0148339 155 155 255
9.351 14.421 -22.287 -0.161159 0 -1.3 0 -0.159892 0.82638 6 6 255
12.307 -2.69525 -28.8873 -2.20406 -0.57499 -3.5 1 0.49031 -0.735931 255 6 6
30.4294 9.189 -17.4411 -0.0752347 0 0.360318 0 0.836047 0.46349 3 3 255
-0.021 11.798 -20.956 -0.793564 0 -3.2 0 -0.19049 0.49518 0 0 255
7.69475 -8.37687 -9.47287 -0.00431692 0 -2.05399 0 0.688598 -0.511208 225 225 255
12.0988 -4.0915 -9.87425 -0.0922265 0 -1.6 0 -0.165317 0.598688 29 29 255
13.3802 -6.24625 -24.8393 0.185616 0 -0.7 1 -0.487275 -0.689069 255 19 19
13.742 9.36075 -29.791 0.0259939 0 -1.6 0 0.353127 0.782423 0 0 255
36.082 6.80125 -13.0442 -1.3061 -0.18377 -3.5 0 -0.187628 0.444463 9 9 255
12.5395 -8.6305 -10.5725 0.498621 0 -1.6 0 0.249368 -0.643003 140 140 255
21.4334 -4.748 -19.0579 0.369208 0 -4.5 0 0.321854 -0.938025 49 49 255
10.0302 -10.6165 -17.8592 1.60018 0.258793 -3.9 1 0.252192 -0.933639 255 17 17
-0.433 -10.4285 -24.7279 -0.0136344 0 3.8 1 0.246251 -0.954143 255 32 32
-4.39275 9.12475 -12.3174 0.398232 0 -4.5 0 -0.48354 0.547368 255 119 119
-5.624 -3.79763 -27.9064 -0.337136 0 -3.2 0 0.230247 0.9324 255 148 148
28.5341 11.222 -18.9743 -0.198057 0 -0.9 0 0.934845 0.112572 15 15 255
21.2052 14.4155 -19.8705 -1.06594 -0.20712 -0.9 0 -0.133065 0.990868 2 2 255
31.716 1.289 -15.133 0.0625205 0 -4.5 0 0.428803 -0.215978 1 1 254
33.5402 9.0345 -12.5378 0.383164 0.276579 -1.88737 0 0.678205 0.66678 12 12 255
-2.717 -2.121 -10.866 -0.258006 0 -3.5 0 -0.883225 0.240865 206 206 255
9.894 10.616 -27.887 -0.0981426 0 -0.7 0 0.142996 0.17142 0 0 255
21.148 13.3581 -18.3865 -0.597618 -0.452571 0.825667 0 -0.0257725 0.921882 4 4 255
26.6675 -4.3225 -9.383 0.390129 0.36016 -4.5 0 0.658632 -0.56339 0 0 255
-5.882 5.30075 -21.6663 -0.33089 0 -0.9 0 -0.927262 0.36931 0 0 255
13.7219 4.16075 -28.9618 -0.490988 0 -1.6 0 0.192702 -0.632015 14 14 255
28.068 1.148 -6.2865 -0.282552 0 -4.5 0 -0.398302 -0.917139 0 0 255
32.8936 14.3153 -4.73287 -0.250135 0 4.5 0 0.571079 0.81882 113 113 255
18.996 9.11238 -24.9329 -0.659694 0 1.8 0 0.530075 -0.0190291 10 10 255
7.4135 -8.8935 -12.52 0.154422 0 -3.5 0 0.150919 -0.770641 255 211 211
11.0291 3.89775 -29.4233 -0.943486 0 -1.44742 0 0.376358 0.0130534 17 17 255
4.93019 7.04213 -30.3692 0.0794871 0 -0.8 0 0.543123 -0.523195 2 2 255
-0.8165 -5.45525 -17.2965 -0.358474 0 -0.8 0 -0.827157 -0.457399 255 149 149
2.911 8.5915 -31.5618 0.149298 0 -0.8 0 -0.457169 0.0844015 1 1 255
5.93388 -5.91138 -14.5214 0.00987353 0 1.8 0 -0.822124 -0.536887 255 121 121
22.3984 0.461 -25.1645 -0.0172711 0 4.5 0 0.813395 -0.487636 131 131 255
26.4305 7.063 -25.3197 -1.52869 -0.38505 -3.5 0 0.668766 -0.0566137 255 126 126
9.66963 -1.78587 -27.4544 -0.913081 0 -3.5 1 -0.0791957 -0.888167 255 7 7
8.113 7.978 -28.6135 -1.28232 -0.510717 3.8 0 -0.0450469 0.105719 0 0 255
-5.49375 -4.40375 -18.7048 -0.254182 0 -3.5 0 -0.415016 -0.707307 157 157 255
-4.338 -4.814 -13.189 -0.671656 0 -3.5 0 -0.745372 -0.131527 244 244 255
15.0744 1.67625 -3.74863 -0.138458 0 3.8 0 -0.213055 -0.225387 187 187 255
11.1508 14.9707 -20.8321 -0.600955 0 -1.3 0 0.069904 0.892602 14 14 255
1.846 -6.815 -27.283 -0.192656 0 4.5 1 0.274517 -0.731301 255 0 0
13.007 12.4742 -17.8162 -0.372063 -0.0339704 -1.49089 0 0.0120676 0.602698 48 48 255
21.7087 -0.65925 -26.2003 -0.118855 0 3.8 0 0.958942 0.0629124 161 161 255
8.58775 8.872 -9.0355 0.156595 0 -3.2 0 -0.358858 0.126203 167 167 255
8.182 -7.51137 -16.0872 0.916488 0 -0.432138 0 0.0364432 -0.652769 255 105 105
-10.3245 -4.28337 -31.628 0.251155 0 -1.6 0 -0.569634 0.231887 88 88 255
-1.09413 8.12375 -11.9604 -0.0569245 -0.203341 0.443536 0 -0.216766 -0.585239 255 108 108
15.5503 -8.403 -29.9239 -1.45387 -0.866518 -3.5 1 -0.595999 0.245674 255 17 17
29.9385 8.113 -5.092 0.148607 0.12304 0.953565 0 -0.825887 0.273847 7 7 255
18.1804 5.46562 -27.2183 0.0512512 0 -0.4 0 0.730199 0.228323 32 32 255
2.168 -0.41375 -9.06875 -0.891821 -0.488172 -0.4 0 0.419848 0.659776 206 206 255
14.8973 -7.96725 -26.0715 -0.512893 -0.758654 -0.7 1 -0.42101 -0.904098 255 25 25
28.589 4.88487 -17.7584 -0.0510909 -0.960271 -0.8 0 0.971011 0.0164168 31 31 255
-8.87325 -4.77025 -27.6047 -0.0542498 0 -3.17048 0 -0.789567 0.173973 68 68 255
-0.3305 -7.046 -20.2235 -0.266716 0 1.9 0 -0.860564 -0.00309748 255 75 75
21.0414 6.99837 -24.5382 -0.369323 0 -0.630992 0 -0.169399 0.303186 69 69 255
9.204 -4.4625 -8.4785 0.00710941 0 -1.6 0 0.0594049 0.611124 82 82 255
24.1081 -3.5785 -24.0316 -0.0073131 0 -1.6 0 0.208367 0.619855 100 100 254
16.341 -8.20712 -14.3275 0.535429 0 -3.5 0 0.322686 0.946062 93 93 255
3.80813 9.77675 -23.8935 -0.417243 0 2.92133 0 0.153384 0.885583 2 2 255
13.6559 -1.64787 -6.61763 -1.68071 -0.0973901 1.8 0 -0.726408 0.242645 22 22 255
18.772 6.372 -26.102 0.0587671 0 -0.4 0 0.821906 0.15742 32 32 255
26.2615 5.5005 -22.993 -2.09304 -0.408191 -3.5 0 0.602472 -0.784247 255 143 143
29.167 2.0845 -3.1205 -0.334382 0 -4.5 0 0.10802 -0.643152 0 0 255
23.6905 13.3905 -18.508 -0.0485898 0 -0.799425 0 -0.334972 0.884531 5 5 255
11.5985 -2.136 -10.2952 -0.898465 -0.763858 2.8 0 -0.2616 -0.481333 82 82 255
23.999 13.5985 -13.496 -1.41811 -0.364454 -0.7 0 -0.22268 0.930262 21 21 255
30.2755 0.9765 -4.71475 0.171624 0.0044451 -4.5 0 0.41437 -0.876506 0 0 255
9.3635 -2.54187 -9.88737 0.875866 0.896703 -0.8 0 0.383815 -0.0134194 98 98 255
9.43412 8.3795 -28.6222 -0.511265 -0.228177 1.60626 0 -0.378382 0.443299 0 0 255
-1.955 -7.657 -21.653 -0.10398 0 3.8 0 -0.532771 0.2402 255 89 89
4.2365 -6.3185 -30.4415 0.00193812 0 4.5 1 -0.504102 -0.584607 255 0 0
27.162 3.888 -19.987 -0.403705 0 -0.8 0 0.209397 0.19204 135 135 255
-3.309 2.60725 -11.9921 0.256544 0.139683 -4.5 0 0.21697 -0.717153 255 162 162
-3.68462 -9.16 -11.508 0.215566 0 -3.5 0 -0.146165 -0.984772 255 127 127
27.072 7.764 -24.315 -1.52579 -0.672655 -3.5 0 0.763956 0.236668 255 117 117
29.8506 2.28612 -15.3807 0.179767 -0.174587 -4.5 0 0.454896 0.0476445 3 3 255
1.495 -8.73975 -25.4616 -0.0387961 0 3.8 1 0.7101 -0.574498 255 3 3
-3.0545 -0.281125 -27.5236 0.829563 0.261191 -0.8 0 -0.978672 0.165588 124 124 255
-2.74325 11.0265 -19.6362 0.38652 0.112335 -3.2 0 -0.84762 0.022135 0 0 255
-2.775 3.437 -27.5995 0.360181 0 -4.5 0 -0.661633 0.282952 1 1 255
27.2645 4.96962 -19.7225 -0.497794 0 2.15581 0 0.451062 -0.121128 255 225 225
13.58 0.70525 -28.739 -0.793088 0 3.8 0 0.24045 0.0120861 255 90 90
6.5485 -6.54238 -18.7764 -0.604068 -0.403111 -1.25666 0 -0.555503 -0.784269 255 28 28
-7.34037 4.716 -11.9176 0.200684 0 -4.5 0 -0.681819 -0.0440734 209 209 255
0.129438 2.81363 -31.2863 -1.98635 -0.373457 -3.5 0 -0.608985 0.604848 4 4 255
2.48638 8.66012 -9.43 -0.354294 -0.492164 -2.5621 0 -0.10166 0.0280854 255 195 195
24.0557 -7.26888 -26.9818 0.54009 0 -0.8 0 0.443593 -0.859208 123 123 255
8.622 -1.7165 -27.0285 -0.341842 0 -2.18618 1 0.374647 -0.889896 255 9 9
13.358 -12.1198 -15.1062 -0.0124844 0 4.2 0 -0.218185 -0.975249 255 85 85
26.2829 -6.55837 -24.1785 0.539761 0 -1.6 0 0.136361 -0.6432 7 7 255
19.8708 -5.6205 -8.154 -1.39902 -0.0209842 -3.5 0 0.249007 -0.460881 2 2 255
25.7768 5.66369 -3.93337 -0.179887 0 -0.4 0 0.101924 0.146282 34 34 255
16.6756 -8.17537 -17.1057 -0.128514 0.154377 -3.77951 0 0.482013 -0.514152 201 201 255
2.36675 -8.1445 -25.3941 -0.0116865 0 4.5 1 0.339267 -0.811332 255 0 0
18.08 10.847 -13.8625 -0.153837 0.112788 3.21517 0 -0.0484652 0.877461 94 94 255
-2.7395 5.746 -27.4375 0.144484 0 -4.5 0 -0.705894 0.0497161 0 0 255
26.6357 1.962 -7.40475 -1.22912 -0.224557 -0.7 0 0.22988 -0.614602 0 0 255
14.677 14.5938 -21.3235 0.195503 0 -1.3261 0 0.0383699 0.9741 1 1 255
7.15025 -0.007 -29.9872 0.260877 0 -3.5 0 0.499166 -0.108815 255 31 31
16.1949 -8.742 -21.6091 0.0252575 -0.143698 -3.56659 0 -0.237231 -0.912718 255 62 62
0.802625 -3.11987 -32.99 0.213411 0 -3.9 0 0.221154 -0.23743 255 45 45
5.3175 8.0365 -31.1695 -0.0226506 0 -0.8 0 0.657517 -0.308888 2 2 255
-5.766 8.20225 -14.4952 0.663045 0 -4.5 0 -0.694261 0.584574 255 231 231
27.6642 -7.0645 -25.7083 0.0959624 0 -1.6 0 0.36252 -0.92108 2 2 255
17.6815 -9.82825 -31.3013 -0.105995 0 -3.5 0 0.24032 0.252051 255 5 5
21.3078 12.011 -13.0612 -0.214269 0 3.93804 0 -0.369639 0.56557 162 162 255
21.1605 -0.3805 -27.6562 -0.152524 0 3.8 0 0.977218 0.17281 206 206 255
18.6419 -8.82463 -9.43075 -0.886091 -0.515163 -3.5 0 0.869496 -0.110265 9 9 255
-3.35575 3.44075 -11.3865 0.159975 0.0594398 -4.5 0 0.241648 -0.229781 255 122 122
3.591 12.2688 -10.3112 0.29407 0 -1.6 0 0.676344 0.69881 240 240 255
7.432 0.101 -9.467 -0.378801 0 -0.8 0 -0.123911 0.106526 210 210 255
-5.59 -4.85975 -11.9412 -1.43182 -0.0549801 -3.5 0 -0.922712 0.363862 194 194 255
-6.0625 5.061 -11.4255 -0.121753 0 -4.5 0 -0.249693 0.151378 255 242 242
11.4607 5.95325 -29.569 -0.718749 0 -1.6 0 -0.0645404 -0.221795 1 1 255
22.8919 -1.87563 -29.4058 -0.102333 0.360939 -2.87492 0 0.50745 0.803801 253 253 255
23.7512 2.08912 -27.817 -0.177967 0 4.5 0 0.458682 -0.507536 191 191 255
-7.1175 2.963 -20.0705 0.0960502 0 -0.8 0 -0.817129 0.505273 15 15 255
13.3313 9.214 -25.9266 -0.172436 -0.330128 1.07057 0 0.593487 0.791065 0 0 254
-0.171 -6.539 -16.4915 -0.00736546 0.00433861 -0.8 0 -0.78969 -0.582529 255 126 126
19.9872 -8.44038 -21.4942 -0.936132 0 -3.5 0 0.614617 -0.245152 211 211 255
32.1071 10.8979 -15.2566 -0.155044 0 -0.7 0 0.822193 0.454361 5 5 255
28.3072 -5.838 -27.6834 0.185653 0 -1.6 0 0.754344 -0.4705 0 0 255
21.9265 -4.8045 -10.6595 -0.0624554 0.52983 -4.5 0 0.516227 -0.645757 0 0 255
3.9915 9.719 -31.4223 0.0911175 0 -0.8 0 -0.102296 0.377836 1 1 255
5.67263 -7.59363 -31.0169 -0.0225328 0 4.5 1 -0.45268 -0.723435 255 2 2
2.49988 14.0501 -16.7286 -1.77513 -0.013126 -3.5 0 0.323639 0.943454 16 16 255
3.75 -7.18738 -9.7045 -0.197353 0 -3.5 1 -0.908296 -0.412139 255 129 129
26.6147 6.9735 -5.59675 -0.298768 -0.28699 -1.96302 0 0.171314 0.799698 42 42 255
16.7729 7.5035 -7.04362 0.334552 0 -3.5 0 -0.909164 0.413064 255 166 166
2.03837 2.5445 -31.798 -1.60774 -0.264809 -3.5 0 0.137433 0.509642 3 3 255
24.338 -2.7265 -20.421 0.361044 0 -4.5 0 0.408191 -0.483578 4 4 255
16.4562 -7.59387 -8.08912 0.293433 0 1.02748 0 -0.204996 -0.684521 7 7 254
-9.72275 -5.8975 -28.2885 0.239276 0 -1.6 0 -0.75919 0.0392002 35 35 255
24.7878 3.25325 -4.11325 -1.25559 0 -1.94041 0 0.118826 0.210663 8 8 255
-4.3055 -3.94075 -11.5499 -1.07171 -0.781341 -3.5 0 -0.577798 0.730956 140 140 255
-4.70725 2.12375 -26.2607 1.25359 0.628403 -4.5 0 -0.866253 -0.380399 32 32 255
-7.11263 -2.39325 -14.186 -0.410338 0 -3.5 0 -0.524492 -0.633265 168 168 255
2.50662 -0.268375 -31.809 -0.435542 0 -3.70771 0 0.414045 0.108722 255 124 124
29.7997 5.70475 -2.2165 0.120495 0.0895565 -4.5 0 -0.280857 0.570377 1 1 255
24.3116 -2.53713 -28.6831 -0.350366 -0.235651 -1.41246 0 0.0925075 0.995363 210 210 255
26.248 -3.68175 -7.751 0.468655 0 -4.5 0 0.777306 -0.246196 0 0 255
4.5535 -6.9085 -21.647 0.209627 0 3.2 1 0.344222 -0.938748 255 19 19
27.2782 -3.37 -9.10975 0.422412 0 -4.5 0 0.889619 -0.45062 0 0 255
17.2999 -5.40438 -29.332 -0.535123 -0.962201 -3.5 1 -0.790418 0.0846075 255 31 31
0.02975 11.0334 -28.039 0.24256 0 -0.8 0 -0.104241 0.5827 0 0 255
0.536 10.9432 -22.8184 -1.03063 -0.924749 3.8 0 -0.154585 0.982717 0 0 255
7.96987 9.7385 -9.59287 0.19844 0 -3.2 0 -0.460564 0.139065 143 143 255
38.8107 6.12675 -12.1045 -1.97344 -0.509613 -3.5 0 0.97831 -0.182634 3 3 255
1.45675 14.2812 -19.1115 -0.591916 0.874086 -3.2 0 0.426636 0.871837 0 0 255
0.2845 -9.46313 -26.51 -0.0800907 0 3.8 1 0.456305 -0.620825 255 4 4
27.2862 11.6562 -7.50325 0.181344 -0.427526 -0.8 0 -0.644838 0.746873 64 64 255
3.85987 3.934 -30.7079 -0.163304 0 -3.5 0 0.561371 0.548997 29 29 254
23.1881 10.3468 -8.90925 -0.165993 0 1.8 0 -0.234445 0.943022 186 186 255
27.2731 -6.99062 -24.5964 0.0906331 0 -1.6 0 0.27599 -0.801779 3 3 255
20.1365 12.2972 -25.0327 0.0659726 0 1.8 0 0.625023 0.336435 0 0 255
-4.8035 -8.24475 -29.36 -0.479104 -0.183595 3.8 0 -0.0765708 -0.920072 255 160 160
16.7674 -11.1582 -15.0126 0.259274 0 -3.5 0 -0.0546668 -0.831794 217 217 255
14.1065 10.2555 -10.332 -0.849949 -0.460564 -0.7 0 -0.173245 0.594182 152 152 255
-1.2075 -4.89125 -9.514 -1.56178 -0.0668105 -3.5 0 -0.361407 -0.621582 255 114 114
32.6006 11.8813 -8.20963 -0.359169 0 4.5 0 0.662087 0.109236 12 12 255
24.115 -4.7125 -31.8755 -0.402748 0 -0.8 0 0.40456 0.35193 47 47 255
28.7334 11.626 -22.0694 -0.0785879 0 -0.9 0 0.87345 0.0103238 16 16 255
3.309 7.5905 -9.0155 -1.32074 -0.244774 -3.5 0 0.0631425 0.332732 246 246 255
22.4487 -0.639 -24.6558 -0.312152 -0.291829 3.8 0 0.93138 0.163231 163 163 255
12.4998 -3.737 -6.564 -0.128885 0 1.8 0 -0.892187 0.418178 10 10 255
9.85462 14.2072 -17.4599 -0.179002 0 -1.3 0 -0.396407 0.621737 34 34 255
18.9924 -8.56038 -11.9741 -0.0346908 0 -3.5 0 0.999674 -0.0253775 41 41 255
-1.664 -2.69688 -33.778 1.22244 0 -3.9 0 0.865878 -0.225918 255 122 122
8.7355 15.393 -20.0065 -0.572282 0 -1.3 0 -0.231597 0.944389 29 29 255
13.1966 -7.82912 -26.3379 0.801142 0.239892 -0.7 1 -0.539177 -0.836591 255 15 15
15.1615 7.28375 -29.919 0.260211 0 -1.6 0 0.638502 -0.0239883 0 0 255
22.2355 0.3135 -3.9745 -1.59956 -0.00300611 -3.5 0 -0.189273 -0.872991 3 3 255
26.5071 7.74613 -6.50712 -0.328154 0 -2.86261 0 0.264242 0.571781 13 13 255
-3.92575 -4.3625 -36.7378 1.74515 0.103326 -3.9 0 0.0868059 -0.752089 188 188 255
21.6637 -6.65875 -23.9455 -0.288463 0 -0.8 0 0.546894 -0.370995 155 155 255
-1.8785 5.565 -29.6092 6.46751 0 -4.5 0 -0.798337 -0.522494 0 0 255
-0.2505 -6.06375 -11.4016 -0.299788 0 -3.5 1 0.495291 -0.747056 255 49 49
27.8423 13.93 -15.3356 -0.252143 0 -0.7 0 0.763565 0.53432 29 29 255
7.45425 -4.0265 -23.2695 0.182557 0 -3.5 1 0.304715 -0.0429271 255 5 5
-3.158 -7.40088 -13.5969 0.0936226 0 -3.5 0 -0.287704 -0.482922 255 160 160
5.156 -6.3725 -18.9585 0.0255275 0 1.85723 0 0.230128 -0.973035 255 28 28
21.3657 7.07475 -5.46413 0.257796 0 1.8 0 -0.15836 0.213162 213 213 255
-2.266 6.509 -29.965 4.40661 0 -4.5 0 -0.984621 0.133051 0 0 255
2.856 3.594 -31.2605 -0.428721 0 -3.5 0 0.116705 0.493534 8 8 255
14.8857 -8.102 -27.5825 -0.453903 -0.483579 -2.10066 1 -0.636722 -0.770786 255 19 19
-6.366 -3.444 -34.2585 0.478252 0 -3.9 0 -0.931164 0.344038 255 154 154
28.8375 5.766 -18.4615 -0.0355353 0 4.2 0 0.798376 -0.552212 42 42 255
29.3687 0.99275 -7.027 -0.429341 0.0245188 -3.98934 0 0.0424877 -0.948991 0 0 255
21.8902 -4.382 -32.771 -0.816365 -0.0602217 -3.28684 0 -0.0225163 -0.068384 255 200 200
17.1138 -4.205 -13.9228 -0.546378 0 2.8 0 -0.115862 -0.979494 22 22 255
29.2401 9.79875 -17.9932 -0.0767699 0 4.2 0 0.475728 0.876896 8 8 255
18.5564 -9.91187 -25.6637 -0.920315 -0.0166079 -3.5 0 -0.220825 -0.963128 255 84 84
22.7634 12.0789 -12.4288 -0.540674 -0.0328337 3.63232 0 -0.304819 0.917012 75 75 255
31.794 0.41125 -14.6362 0.0906274 0 -4.5 0 0.588353 -0.488236 1 1 255
15.5478 -2.15475 -27.8787 -0.586698 0 3.8 1 -0.234272 0.0896839 255 14 14
9.1275 14.5747 -18.1015 -0.796414 -0.124144 -1.3 0 -0.267376 0.623502 34 34 255
23.1541 10.3982 -24.5275 -0.27348 0 -0.9 0 -0.267063 -0.217302 30 30 255
19.205 -7.41237 -12.048 -0.138306 0 -3.5 0 0.721925 -0.0935141 13 13 255
10.219 -5.51975 -23.419 0.203639 0.878658 -3.5 1 -0.0368322 -0.629039 255 8 8
20.435 -8.83362 -26.0312 -0.711042 -0.0446814 -3.5 0 0.767566 -0.635436 229 229 255
12.1405 -5.64138 -6.71138 -0.0173719 0 1.51892 0 -0.764851 -0.0597331 17 17 255
3.22163 0.29 -9.836 -0.0023329 0 2.8 0 0.134252 0.362026 188 188 255
-4.508 5.214 -17.2505 0.333703 0 -0.9 0 -0.858995 0.511607 119 119 255
34.1745 6.0065 -15.468 0.258774 0 -4.5 0 0.419129 0.855455 5 5 255
15.9703 -6.52938 -15.533 0.0169491 0 -3.5 0 0.56139 -0.0751552 118 118 255
8.82425 -3.47913 -29.766 -0.270402 0 4.5 0 0.885779 -0.368182 255 4 4
1.33512 -2.76737 -5.97087 -0.142036 0 3.8 0 -0.270134 0.73679 255 150 150
6.55263 2.32413 -30.3859 0.449071 0.253291 -3.5 0 -0.140411 0.585132 255 95 95
7.09125 -7.9265 -29.9867 -0.047571 0 4.5 1 0.55268 -0.831325 255 3 3
-7.669 -5.53687 -24.284 0.0173008 0 -3.2 0 -0.76123 0.165398 97 97 255
13.4421 -8.12887 -10.1051 0.732828 0 -1.6 0 -0.0575812 -0.800206 40 40 255
22.9632 -0.5645 -22.4172 0.257463 -0.134614 0.498259 0 0.769044 -0.478726 25 25 255
30.49 8.448 -18.5095 -0.0901584 0 4.2 0 0.969812 -0.00697153 5 5 255
15.9885 5.9535 -7.2895 0.0432317 0 3.67123 0 -0.611808 0.786439 160 160 255
5.73375 -7.191 -15.7058 0.191471 0 1.8 0 -0.664684 -0.742106 255 67 67
-4.78825 -8.21187 -32.1665 0.135671 0 -3.9 1 -0.0995923 -0.882438 255 55 55
-10.0305 -7.7125 -30.2463 0.387387 0 -1.6 0 -0.536331 -0.843396 41 41 255
18.6803 4.10813 -4.94725 -0.452783 -0.379938 -2.96954 0 0.00112024 -0.170202 56 56 255
34.0563 10.2681 -4.33125 -2.27881 0 4.5 0 0.97476 0.0564688 7 7 255
17.7766 -11.6742 -29.7749 0.305247 0.0486555 -3.5 0 -0.0124984 -0.999487 255 3 3
4.164 -5.61875 -12.0495 -0.58129 0 -0.381296 0 -0.44752 -0.552569 255 79 79
6.13875 2.93112 -29.2302 0.351026 0 -3.5 0 0.116009 0.829686 255 162 162
28.44 0.8435 -17.8612 -0.180458 -0.0670352 -1.48022 0 0.746186 -0.481125 1 1 255
31.5935 1.82125 -7.42975 -0.959306 0 -3.5 0 0.695252 -0.50896 0 0 255
26.411 -2.81063 -17.3825 -0.636949 -0.788858 -3.5 0 0.42695 -0.620553 0 0 255
31.6675 9.8335 -10.368 -0.983496 -0.723586 -3.5 0 0.422579 0.89531 3 3 255
8.97913 12.9606 -12.4773 0.085821 0 -3.2 0 -0.277381 0.960669 126 126 255
-2.327 -4.95125 -9.665 -1.24648 -0.322796 -3.5 0 -0.250191 -0.383157 255 118 118
14.4757 -3.1925 -5.86737 -0.32256 -0.0156389 1.8 0 0.0950233 0.344985 1 1 255
10.7889 -8.43462 -13.7679 0.297778 0 4.2 0 -0.721571 -0.604185 255 168 168
-8.65344 -4.34225 -32.2368 0.327506 0 -1.6 0 -0.176085 0.343265 186 186 255
3.835 1.6475 -31.881 -0.306433 0 -3.5 0 0.408535 0.104308 203 203 255
5.066 -6.78237 -7.56563 -1.00584 -0.607007 -3.5 0 0.224383 0.137854 237 237 255
8.555 -4.73338 -29.5513 -0.177183 0 4.5 1 0.953855 -0.297036 255 3 3
2.1945 1.502 -10.509 -0.0932989 0 2.8 0 -0.153245 0.330453 218 218 255
11.7245 -4.71562 -8.97663 0.283981 0 -0.597839 0 -0.183027 0.940065 28 28 255
15.2925 14.2959 -19.2453 0.0209952 0 -1.44823 0 -0.231363 0.946363 3 3 254
28.2014 10.4029 -17.6947 -0.117414 -0.529546 0.870762 0 0.856173 0.513052 12 12 255
18.8975 -10.2595 -24.4975 -1.92325 -0.569457 -3.5 0 -0.342652 -0.932071 255 133 133
18.3075 8.43775 -25.9304 -1.15511 -0.382525 0.111909 0 0.744032 0.329905 5 5 255
15.0059 10.4874 -24.0596 -1.33206 -0.519625 2.8 0 0.0164809 0.35009 0 0 255
5.90588 13.628 -18.335 -0.725083 0 -2.87052 0 0.0653061 0.99263 8 8 255
-7.34425 2.94138 -21.9923 0.0681798 0 -0.8 0 -0.824372 0.310707 8 8 255
-0.455375 -2.08725 -33.3628 1.04212 0 -3.9 0 0.164146 -0.593986 249 249 255
12.0319 11.3129 -15.4259 -1.03254 -0.98207 -0.7 0 0.702333 0.656466 40 40 255
18.23 8.68325 -5.88775 0.22791 0.000360419 -3.5 0 -0.0103674 0.988123 255 43 43
15.5409 11.413 -11.8929 -0.255274 0 -0.7 0 0.292247 0.929714 59 59 255
24.1825 1.582 -26.954 -0.173992 0 4.5 0 0.575861 -0.727359 122 122 255
-6.62925 -10.2432 -22.2817 0.0703542 0 -3.2 0 -0.48353 -0.260946 140 140 255
-6.1145 2.7745 -18.2796 0.262633 0 -2.76775 0 -0.649161 0.503525 60 60 255
29.4198 12.533 -5.73825 -0.1114 0 4.5 0 -0.796802 0.293882 40 40 255
33.6717 11.9908 -5.792 -0.471897 0 4.5 0 0.961464 0.191615 18 18 255
-7.9655 1.80113 -20.4576 0.0988829 0 -0.8 0 -0.975598 0.00921769 22 22 255
2.37488 13.0633 -8.55844 0.342677 0 -1.6 0 0.782853 0.480626 255 124 124
-2.73638 -1.8935 -33.0134 0.904693 0 -3.9 0 -0.664867 0.536463 255 247 247
11.0355 -1.146 -9.16838 0.25341 0 -3.5 0 -0.336202 -0.829485 83 83 255
25.5925 14.8272 -15.9067 -0.144659 0 -0.7 0 -0.152012 0.988378 6 6 255
-1.977 -2.338 -31.3415 0.466942 0 -3.9 0 -0.916423 0.234268 255 243 243
19.696 10.0468 -9.273 -1.36273 -0.0354306 -3.5 0 -0.461245 0.870026 255 87 87
-1.3305 9.59463 -9.249 0.274806 0 -1.6 0 -0.465711 -0.647554 255 72 72
6.23588 -7.25387 -14.0658 0.10225 0 -2.88606 0 -0.716793 -0.661737 255 128 128
-1.30062 -10.6729 -22.2316 -0.00663429 0 3.8 0 -0.0146256 -0.938355 255 92 92
9.64425 -7.23825 -14.6935 0.262833 -0.054947 -3.5 0 -0.408776 -0.907322 255 169 169
0.452375 -6.95975 -14.3914 -0.599964 -0.946491 -0.8 0 -0.0634347 -0.877133 255 45 45
19.1235 -6.23975 -18.5368 0.937025 0.736321 -3.5 0 0.799074 -0.57337 89 89 254
0.52275 -5.323 -5.765 -0.128577 0 3.8 0 -0.578928 -0.604041 255 48 48
-9.2115 -7.54838 -25.6623 0.226648 0 -3.2 0 -0.963074 -0.183292 34 34 255
-6.238 -4.007 -35.1125 0.552854 0 -3.9 0 -0.926118 0.00770116 255 201 201
13.577 13.3933 -17.914 -0.170326 0 -1.44819 0 -0.129126 0.557308 38 38 255
17.6501 -2.90337 -29.037 -0.881028 0 -0.335398 1 -0.744265 0.187895 255 44 44
7.0975 7.18013 -7.06525 -0.0584145 0 4.5 0 0.234107 0.732698 249 249 255
24.5422 -9.0165 -31.1162 0.237182 0 -0.8 0 0.387618 -0.87507 51 51 255
18.568 -7.93638 -12.8057 0.123069 0 -3.5 0 0.696626 0.497961 52 52 255
-6.192 -3.823 -28.7913 0.316381 0 -1.6 0 0.504949 0.863148 255 213 213
22.4513 -4.13938 -16.6726 0.297105 0 -4.5 0 -0.124222 -0.955681 4 4 255
33.6335 11.9035 -4.511 -0.842985 0 4.5 0 0.953093 0.214593 27 27 255
-6.55675 7.24325 -13.5335 0.983559 0.768188 -4.5 0 -0.820067 0.572006 225 225 255
27.8568 3.076 -2.31525 0.364747 0 -4.5 0 -0.369007 -0.424044 1 1 255
12.2696 -7.68237 -7.90812 0.110716 0 -1.6 0 0.33404 -0.787958 50 50 254
-2.68325 7.09 -18.6192 0.265383 0 -0.9 0 -0.781245 0.606725 4 4 255
-7.52675 5.74875 -12.4384 0.522336 0 -4.5 0 -0.78975 0.282444 176 176 255
16.5958 -8.6415 -30.4195 -0.566487 -0.0106193 -3.5 0 -0.332982 0.498209 255 14 14
23.6215 6.19675 -25.5728 -0.697953 -0.310969 -3.5 0 -0.26366 0.223915 242 242 255
-3.36 7.0065 -11.8853 0.957165 0 -4.5 0 0.197431 -0.0530916 255 76 76
-1.5015 7.562 -28.6291 2.63427 0 -4.5 0 -0.953762 0.27522 0 0 255
-4.80387 7.1695 -22.2365 0.737238 0 -3.5 0 -0.726744 0.528213 0 0 255
-2.01588 4.97762 -12.037 0.289425 0.352169 -4.03593 0 0.00654423 0.245201 255 66 66
1.5315 13.4165 -20.266 -0.72799 0.0517076 -3.2 0 0.392543 0.581286 0 0 255
4.445 4.76613 -9.133 0.223368 0 0.396893 0 -0.665317 -0.325846 111 111 255
1.04262 -5.5085 -32.6029 -0.835521 -0.149367 -1.43833 0 0.683341 -0.173116 255 3 3
19.8651 -4.106 -16.726 -0.136769 0.638562 -4.2079 0 0.64 -0.669149 41 41 255
10.3862 4.63812 -6.59825 -0.302538 -0.0969672 2.92782 0 0.112453 0.699084 246 246 255
15.6978 -11.9236 -11.2897 -0.132333 0 -3.5 0 -0.0469829 -0.910526 108 108 255
-2.79625 -0.150125 -26.2511 0.170157 -0.261757 2.05575 0 -0.987207 -0.155568 153 153 255
1.86263 -3.40263 -5.258 -0.114882 0 3.8 0 0.132405 0.490689 255 76 76
-0.1325 -7.22075 -19.1733 -1.11419 0 1.9 0 -0.934895 -0.177424 255 96 96
29.1838 -0.47575 -16.273 -0.3167 -0.217338 -4.4806 0 0.721018 0.0570639 2 2 255
15.8065 -8.88775 -25.3178 -1.44453 -0.176856 -0.7 1 -0.513567 -0.857932 255 46 46
25.1015 1.38725 -22.8466 0.0300541 0 -0.4 0 0.564162 -0.445025 23 23 255
4.76862 -2.87925 -31.8496 -0.00113945 -0.34097 4.5 0 0.0235208 -0.189453 255 10 10
15.065 0.186375 -28.3318 -0.527102 0 3.8 0 0.226901 -0.0368989 255 73 73
28.7705 -4.013 -13.196 0.383759 0 -3.5 0 0.308646 0.061497 0 0 255
20.3414 4.96575 -4.95075 -0.588371 -0.000236826 -3.5 0 0.253025 0.101462 66 66 255
-3.68637 1.13575 -25.8631 0.500188 0.235181 -4.5 0 -0.758887 -0.607605 98 98 255
25.1052 -6.48413 -8.37362 0.305872 0.00678931 -4.5 0 0.308617 -0.924452 0 0 255
-1.707 8.43175 -27.6222 0.793989 0.157368 -0.8 0 -0.921104 0.160669 0 0 255
17.2379 6.20525 -3.41738 0.2814 0.829075 -3.5 0 -0.295874 -0.319946 187 187 255
3.09612 -1.29125 -31.9936 -0.28559 0 4.5 0 0.246119 0.0981068 255 41 41
7.47875 13.8994 -21.1268 0.59586 0.43467 -1.3 0 -0.568234 0.638165 6 6 255
17.8679 -1.64038 -29.288 -0.631323 0 0.0529801 1 -0.742975 -0.0573187 255 42 42
21.5707 9.74875 -8.3365 -0.287358 -0.434672 -0.908162 0 -0.261434 0.951429 255 187 187
-10.7362 -6.86125 -30.777 0.250234 0 -1.6 0 -0.887986 -0.328799 41 41 255
21.3265 -0.9635 -32.562 -0.472294 0 -3.5 0 0.132164 0.411686 255 128 128
11.2107 12.1908 -24.1227 0.0322389 0 -0.876994 0 0.537035 0.405511 0 0 255
-2.16225 1.55375 -32.3923 1.82189 0.737831 -3.9 0 -0.481908 0.611229 3 3 255
-2.666 7.99425 -19.9509 0.392431 0 -2.36177 0 -0.820806 0.412237 0 0 254
11.5387 -9.2275 -20.6647 0.327386 0 -3.9 1 -0.052871 -0.738804 255 16 16
2.14462 -8.15125 -18.0145 -0.669392 0 1.9 0 0.406939 -0.802369 255 148 148
22.575 -2.79825 -22.3715 0.0547314 0.304738 -2.30766 0 0.793996 -0.607917 174 174 255
-0.22825 -9.6335 -20.8997 0.103581 0 1.9 0 -0.106143 -0.67839 255 86 86
25.0914 -3.7275 -30.985 -0.505809 -0.92266 -1.6 0 0.185813 0.501151 67 67 255
2.90525 10.7048 -28.0175 -0.289093 -0.756894 -0.8 0 0.190768 0.966874 0 0 255
13.1975 -3.0955 -6.0455 -0.209778 -0.386835 1.8 0 -0.54525 0.469778 5 5 255
5.97825 13.13 -20.1562 -0.425938 -0.0951542 -1.04181 0 -0.431434 0.871072 2 2 254
-4.79163 -4.473 -28.8896 0.450692 -0.640831 -3.9 0 -0.105382 0.976962 255 138 138
28.2371 4.78212 -18.7278 -0.346151 0 2.98435 0 0.836015 -0.167599 123 123 255
16.6655 -8.463 -8.5525 -0.320922 -0.290938 -3.5 0 -0.41158 -0.286008 12 12 255
22.5925 -8.45325 -28.876 0.291641 0.374983 -0.8 0 0.0255188 -0.868608 206 206 255
8.4515 2.05425 -7.94562 0.0534557 0 2.87663 0 -0.593616 -0.740209 130 130 255
-0.912 -9.83375 -31.38 0.0722402 0 1.8 1 -0.142256 -0.846519 255 1 1
21.2425 0.7225 -29.04 -0.130602 0 -2.02822 0 0.854798 0.413147 255 247 247
33.1439 7.78775 -4.5805 -0.201445 0 -4.5 0 0.84471 -0.223438 1 1 255
5.31825 9.343 -31.111 -0.00932966 0 -0.8 0 0.621181 0.27107 2 2 255
-6.30175 -9.139 -22.3228 0.0838411 0 -3.2 0 -0.186526 0.193581 200 200 255
-0.20925 3.39625 -29.9088 -0.281773 -0.214472 -4.00279 0 -0.837343 -0.126193 2 2 255
9.17937 15.3357 -18.9963 -0.769378 -0.015195 -1.3 0 -0.178418 0.933043 51 51 255
1.0765 -5.4815 -10.0837 -0.17087 0 3.8 1 -0.233244 -0.960941 255 101 101
2.62131 5.34562 -30.992 -1.5822 -0.448684 -4.5 0 0.374533 -0.167435 0 0 255
27.7285 1.1855 -4.41075 0.201232 0.640714 -4.5 0 -0.375189 -0.881178 0 0 255
-5.58925 4.09137 -24.3935 0.881323 0.499661 -3.5 0 -0.775533 -0.51977 2 2 255
-3.84462 -8.75762 -12.7026 -0.070666 0 -3.5 0 -0.201024 -0.701569 255 153 153
-4.76375 4.3935 -11.1855 -0.183753 0 -4.5 0 -0.0456436 -0.00251552 255 168 168
30.574 -4.22875 -16.7525 -0.877692 -0.514512 -3.5 0 0.653858 -0.443462 0 0 255
16.282 -4.083 -13.324 -0.2725 0 2.8 0 0.0966987 -0.98337 8 8 255
18.3734 -4.66687 -14.3355 -0.613637 -0.147453 -0.497898 0 0.0418518 -0.967466 35 35 255
20.286 13.591 -14.2972 -0.149207 0 3.8 0 -0.0990421 0.856292 153 153 255
-4.80975 -2.48712 -12.9956 -1.97538 -0.493699 -3.5 0 -0.650062 -0.229802 122 122 255
22.9695 -1.80625 -21.7195 0.453693 0.945353 -4.5 0 0.887181 -0.163461 43 43 255
5.081 3.905 -28.6565 0.00913189 0 -3.5 0 0.568947 0.411887 175 175 255
17.1804 12.3022 -26.1688 -0.139571 0 1.8 0 -0.448095 -0.0815018 0 0 255
4.23325 -1.60575 -8.359 0.457644 0.767558 -0.591297 0 0.304598 0.83961 238 238 255
31.0053 -4.04938 -15.1554 -0.673995 -0.150727 -3.5 0 0.964519 0.0134118 0 0 255
-3.79312 9.46587 -15.9263 0.0748964 0 -4.5 0 -0.808673 0.301325 22 22 255
18.945 -6.494 -19.7512 0.226529 0.173118 -3.5 0 0.797883 -0.543616 115 115 255
3.64287 -4.90763 -12.8013 -0.740023 0 3.8 0 -0.00271847 -0.932866 255 79 79
0.5565 14.531 -17.9795 -0.402435 0.084744 -3.35 0 0.233946 0.918853 0 0 255
19.4045 -5.971 -20.6145 0.124201 0 -3.5 0 0.723652 -0.464139 148 148 255
23.7278 1.21763 -25.3319 -0.0818676 0 4.5 0 0.5642 -0.824675 92 92 255
9.98388 9.34138 -28.0721 -0.241219 0 -1.12059 0 -0.280462 0.419712 0 0 255
17.9228 0.556 -5.646 -0.132218 0 3.8 0 -0.0796771 -0.288677 21 21 255
6.65675 -9.917 -18.5907 2.54571 0.225446 -3.9 0 -0.920868 -0.388502 255 21 21
6.39288 -7.16538 -22.2584 0.150033 0 -0.090232 1 -0.157643 -0.965823 255 17 17
18.8113 9.21437 -9.53125 -0.766039 0 -3.5 0 -0.637552 0.763534 255 127 127
-3.00863 -2.7135 -28.5502 0.218822 0 -0.8 0 -0.771601 0.432108 255 177 177
24.5177 2.45725 -23.757 -0.0157093 0 -0.4 0 0.889128 -0.222443 47 47 255
-3.61756 8.10506 -26.2647 0.464943 0 -3.5 0 -0.303703 0.368089 0 0 255
7.94125 -9.279 -11.3825 0.0686876 0 -3.5 0 0.467994 -0.883686 255 252 252
17.8905 3.1335 -27.1115 -0.178233 0 -0.4 0 0.0662508 -0.161961 127 127 255
-3.38325 -3.51925 -16.8498 -1.28009 -0.249065 -3.5 0 -0.0904948 -0.993254 159 159 255
18.6855 -3.39412 -6.05575 0.00637649 0 -4.5 0 -0.134288 -0.567307 2 2 255
25.9295 -5.82863 -8.42313 0.37244 0 -4.5 0 0.842126 -0.539226 0 0 255
24.4322 0.212625 -21.9841 0.054492 0 -0.4 0 0.489692 -0.645663 10 10 255
-0.853 1.19125 -11.5755 -0.228982 0 -2.10023 0 -0.727744 0.408329 255 200 200
6.3125 10.5795 -23.986 -0.945678 -0.482603 -0.75 0 -0.693241 0.584426 1 1 255
34.6582 5.881 -13.8206 -0.00572767 0 -3.95191 0 0.451673 0.803115 6 6 255
0.051125 6.4585 -11.6084 0.0975581 0 -3.5 0 -0.501018 0.103781 255 94 94
27.8251 -5.88575 -14.3953 0.578853 0.22866 -3.5 0 -0.695759 -0.717884 0 0 255
30.88 13.3781 -3.13225 -0.311823 0 4.5 0 -0.613634 0.220781 34 34 255
-4.55675 -6.57425 -10.488 -0.463796 -0.00564528 -3.5 0 -0.425201 -0.0461195 255 210 210
9.22363 13.153 -16.8563 -0.114177 0.0980581 -0.7 0 -0.32215 0.763359 32 32 255
23.3792 2.96775 -28.2355 -0.188921 0 4.5 0 0.291131 0.0763979 243 243 255
-2.094 -3.013 -36.2795 1.93435 0.00577498 -3.9 0 0.876008 0.0460854 113 113 255
16.1095 -3.03825 -28.1905 -0.580773 0 -0.161519 1 -0.253382 0.268021 255 21 21
3.68625 5.15088 -30.1817 -0.576205 -0.336645 -2.57479 0 0.613842 -0.0964647 1 1 255
-7.94306 -8.968 -23.7685 -0.635104 0 -3.2 0 -0.861464 0.0524224 79 79 255
19.9311 1.711 -4.54488 -0.293404 0 -3.5 0 -0.476632 -0.155749 32 32 255
-2.225 1.934 -34.5255 3.07061 0 -3.9 0 -0.683495 0.584466 1 1 255
12.4127 -2.07344 -29.7335 -2.57497 -0.35587 -3.5 1 0.715141 -0.645902 255 6 6
-1.0915 5.876 -31.5385 3.76225 0 -4.5 0 -0.570176 -0.367518 0 0 255
-2.2125 -5.3035 -14.683 0.0644863 0 -3.5 0 -0.575102 -0.327546 255 163 163
-6.76575 0.05275 -20.3962 0.245075 0.449763 -2.15025 0 -0.950702 -0.294759 37 37 255
-4.19788 -8.42612 -10.3748 0.26442 0.00812186 -3.5 0 -0.22674 -0.672088 255 151 151
-3.09 10.401 -23.6392 -0.757701 -0.619215 -1.65269 0 -0.650605 0.683284 0 0 255
-5.848 6.4615 -25.52 0.0411949 0 -3.5 0 -0.728781 0.185024 0 0 255
16.8773 -3.9805 -28.8008 -0.597485 -0.23926 -2.65097 1 -0.552236 0.181793 255 30 30
5.9 -11.1462 -8.393 0.449205 0.848343 -3.5 0 -0.0871596 -0.828765 255 158 158
13.0922 -2.76612 -7.14775 -0.885686 -0.630221 1.8 0 -0.981939 0.16639 11 11 255
-4.95988 -1.023 -36.5036 3.07654 0.50643 -3.9 0 -0.398746 0.904688 54 54 255
-1.70225 -6.50775 -14.6597 -0.105889 0 -3.5 0 -0.311288 -0.601483 255 112 112
24.2153 2.182 -2.92362 -1.80738 -0.473281 -3.5 0 0.699576 0.112792 2 2 255
32.738 13.6698 -6.14975 -0.275847 0 4.5 0 0.621494 0.749737 112 112 255
10.7615 0.32 -6.2635 0.1862 0 -3.5 0 0.0627425 -0.812529 59 59 255
6.48325 -2.419 -25.109 0.194293 0 2.69195 1 0.654827 -0.753917 255 2 2
18.8145 9.15362 -8.44925 -0.081253 -0.0205856 -3.5 0 -0.443227 0.895356 255 102 102
34.7882 7.475 -7.80375 -0.420199 -0.432415 -3.99319 0 0.822058 -0.275736 1 1 255
10.664 13.0603 -23.5837 0.0990508 0 -1.3 0 0.220756 0.766123 1 1 255
8.48475 6.432 -28.3501 -0.403547 -0.682118 3.8 0 -0.171596 0.1322 4 4 255
22.9578 -2.0645 -28.0802 -1.09733 -0.146301 -0.8 0 0.361411 0.924898 206 206 255
12.6971 -10.0144 -11.1081 -0.0870586 -0.0121237 3.22086 0 -0.149437 -0.326676 170 170 255
15.1643 -11.1047 -16.8804 -0.0235795 0 4.2 0 0.464128 -0.57321 255 109 109
1.27125 -8.97812 -23.124 0.199125 0 2.96611 1 0.628795 -0.773893 255 10 10
2.94625 -4.09425 -32.097 0.644141 0.465609 4.5 0 0.307518 -0.378351 255 3 3
-3.57625 -9.19938 -26.4929 0.0347542 -0.101085 3.8 0 0.118701 -0.936929 255 69 69
5.035 10.2839 -9.87313 -0.0489518 0 3.8 0 0.0456777 0.122925 187 187 255
19.5812 -1.49175 -5.40225 0.264661 0 -4.5 0 -0.0431907 -0.038334 5 5 255
4.248 -0.344125 -9.8895 0.0767199 0.0271881 1.08443 0 0.134087 0.514341 238 238 255
12.7107 9.7635 -26.6845 -0.0396653 0 -1.6 0 0.347391 0.918609 0 0 255
21.8944 10.3681 -24.1086 -0.659404 0 0.425591 0 0.0686225 -0.159618 15 15 255
10.7568 10.3813 -26.377 0.0792084 0 -0.928457 0 0.685419 0.643585 0 0 255
25.082 -2.09138 -12.1295 -0.629101 0 -4.11018 0 -0.00237464 -0.943982 0 0 255
9.353 10.5911 -9.0865 0.0438785 0 -3.2 0 -0.107523 0.266667 236 236 255
-0.228125 8.47625 -29.4245 2.58358 0 -4.5 0 -0.124268 0.798279 0 0 255
5.984 3.525 -28.3135 0.0694537 0 -3.5 0 0.061812 0.339893 255 235 235
-6.5715 3.704 -19.351 0.0475553 0 -0.8 0 -0.780883 0.458103 39 39 255
6.0025 -2.867 -31.7615 -0.145554 0 4.5 0 0.401042 -0.0435222 255 8 8
16.5261 7.56887 -4.167 0.140966 0 -3.5 0 -0.666436 0.355288 255 175 175
-2.47181 10.0309 -19.7481 0.378396 0.046004 -3.2 0 -0.964879 -0.125585 0 0 255
6.95125 -9.85 -17.1653 2.93915 0.238529 -3.9 0 -0.879808 -0.331683 255 28 28
11.539 6.6415 -8.081 0.0824891 0 -3.5 0 -0.00559216 0.567324 146 146 255
1.58862 -5.36 -11.1706 -0.383355 -0.0547937 1.22243 1 0.0291636 -0.995855 255 83 83
-7.2695 -11.0055 -23.345 -0.598618 0 -3.2 0 -0.554764 -0.520147 104 104 255
-4.41962 -10.6854 -23.5152 0.143061 0 -3.2 0 0.439169 -0.898222 255 148 148
1.27838 -7.8125 -15.4406 0.385024 0.0316234 -0.8 0 0.0703626 -0.926679 255 64 64
25.4349 -1.35238 -20.5405 0.284884 0.850636 -4.5 0 0.602214 -0.352474 2 2 255
33.7485 5.99275 -4.99275 -0.0825856 0 -4.5 0 0.913982 -0.242168 0 0 255
-7.59925 3.68287 -12.55 0.476179 0.792959 -4.5 0 -0.761227 -0.516687 210 210 255
25.254 13.936 -21.931 -0.459829 0 -0.9 0 0.237981 0.818198 10 10 255
18.2315 -2.13175 -30.2245 -1.4421 0 -3.5 1 -0.971244 0.16941 255 53 53
17.0126 -7.129 -18.403 -0.184522 0 -3.7309 0 0.455408 -0.889138 244 244 255
23.2206 6.327 -3.71312 -1.50397 -0.285202 -0.4 0 -0.353738 0.351761 102 102 255
11.5536 2.38238 -5.42825 -0.147145 -0.0232561 -3.5 0 0.083242 -0.145024 112 112 254
-2.3335 7.83525 -26.6819 0.500022 -0.149322 -1.40417 0 -0.59532 0.298305 0 0 255
14.4035 6.2965 -30.2015 0.389394 0 -1.6 0 0.355897 -0.172573 2 2 255
-7.583 -11.859 -25.23 -0.444739 0.0781902 -3.2 0 -0.613912 -0.749705 143 143 255
19.3057 12.7727 -14.2312 -0.168323 0 3.8 0 -0.621577 0.471824 121 121 255
18.314 -6.993 -17.539 -0.0297289 0.27684 -3.5 0 0.652416 -0.704752 112 112 255
-1.81463 -8.80462 -28.2232 -0.242727 0 2.69147 1 -0.28656 -0.935747 255 20 20
36.6786 8.55313 -10.1484 -1.39413 -0.1941 -3.5 0 0.139202 0.913553 7 7 255
24.0653 1.30587 -23.3509 0.641615 0 4.03091 0 0.588115 -0.555812 21 21 255
-1.18837 -7.33025 -12.7587 0.0891858 0 -3.5 0 0.59908 -0.791918 255 52 52
-1.13737 -9.16775 -26.9746 -0.174312 0 3.8 1 -0.0421284 -0.925553 255 11 11
23.1335 7.76088 -25.296 -0.849979 -0.518585 -3.5 0 -0.331552 0.33811 153 153 255
-0.987875 15.3477 -15.5761 0.135707 0 -3.5 0 -0.793046 0.600077 48 48 255
8.22175 -8.98875 -20.2348 1.19619 0.0244391 -3.9 1 -0.521331 -0.600436 255 16 16
2.656 4.1125 -10.273 0.351101 0.27984 -3.5 0 -0.341329 -0.308032 173 173 255
19.2491 -4.16237 -14.8693 -0.699626 0 -1.6101 0 0.572744 -0.818295 29 29 255
36.7874 7.82912 -12.7245 -0.771837 0 -3.5 0 -0.0630859 0.730857 10 10 255
28.641 -4.99306 -25.7231 0.108549 0 -1.6 0 0.98684 0.0119777 0 0 255
7.80325 -2.81188 -27.2836 -0.0704654 0 4.5 1 0.655052 -0.441483 255 6 6
16.982 8.4015 -8.653 -0.0401976 0 -3.5 0 -0.548552 0.812169 255 227 227
19.9368 -6.39537 -30.3724 0.0926538 0 -3.5 0 -0.218074 -0.543183 255 150 150
8.24875 11.9184 -14.6325 -0.111761 0 3.8 0 -0.0842666 0.984017 82 82 254
-1.97375 -2.30763 -29.2275 0.316361 0 -0.8 0 -0.792232 0.302568 235 235 255
16.8318 -10.9614 -9.6595 -0.79637 -0.702346 -3.5 0 2.67459e-05 -0.833023 30 30 255
32.163 7.5415 -3.07525 -0.362699 0 -4.5 0 0.346574 -0.0848505 3 3 255
29.5483 4.48856 -1.90937 0.466282 0.18616 -4.5 0 0.0148991 -0.0292082 0 0 255
-4.10775 -3.88025 -17.7954 -0.874628 -0.803566 -3.5 0 0.0819649 -0.916361 120 120 255
16.4217 6.131 -29.049 0.642686 0.486863 -0.4 0 0.543669 0.229753 1 1 255
22.6475 12.1564 -11.0868 -0.215878 0 4.2 0 -0.203969 0.906681 88 88 255
22.3254 10.2795 -7.064 -0.0801174 0 1.8 0 -0.425534 0.868806 255 237 237
5.18538 1.17325 -10.2153 -0.237349 -0.125443 3.68489 0 -0.147631 -0.0897781 211 211 255
0.508125 15.2238 -17.1963 0.0800308 0.438175 -3.5 0 0.317543 0.744624 2 2 255
18.7261 -0.04325 -5.60887 -0.149606 0 -4.5 0 -0.0823754 -0.0114437 13 13 255
31.24 9.19013 -2.02612 -2.0414 -0.463362 4.5 0 -0.171927 -0.359358 5 5 255
14.0697 8.21475 -30.859 -0.0627188 0 -1.6 0 0.249795 0.244287 0 0 255
13.8999 -7.33525 -25.1857 0.131051 0.0205809 -0.7 1 -0.496993 -0.66138 255 21 21
25.1664 -2.40862 -26.5422 -0.0841291 0 -1.19898 0 0.108016 0.965623 103 103 255
-6.8805 -2.69 -29.952 0.434084 0 -1.6 0 0.353437 0.920451 199 199 255
-4.47563 -4.67362 -18.7995 -0.289474 0 -3.5 0 0.0951469 -0.853515 175 175 255
28.1404 11.3906 -14.4091 -0.591072 -0.94385 -0.7 0 0.281988 0.773268 17 17 255
-0.52525 8.83663 -10.428 0.0734463 -0.0611702 1.19045 0 -0.298109 -0.782667 255 91 91
33.0395 4.698 -8.272 0.41298 0.868181 -4.5 0 0.812913 -0.552324 1 1 254
8.23913 -7.84888 -13.0367 -0.207349 -0.0179892 -3.5 0 0.110683 -0.780942 255 224 224
13.0201 -6.9625 -27.4585 -0.0279543 -0.605446 -0.7 1 -0.713597 -0.268907 255 6 6
35.2593 4.59275 -9.9405 -0.129845 0 -3.5 0 0.13844 -0.766781 7 7 255
24.5549 4.82163 -23.7276 -0.72562 0 -3.5 0 0.81086 -0.505833 206 206 255
10.066 -7.97 -9.054 0.262911 0 -1.6 0 -0.400582 -0.825999 201 201 255
28.661 -6.323 -13.5265 0.530675 0.248762 -3.5 0 -0.259798 -0.784989 0 0 255
19.2125 -12.1776 -14.4078 -0.781366 -0.0979316 -3.5 0 0.103096 -0.939986 78 78 255
-1.63075 -9.7125 -29.2598 -0.0644395 0 1.8 1 -0.328194 -0.864509 255 14 14
13.418 -6.13825 -5.47738 -0.0323696 0 1.8 0 -0.397103 -0.542506 3 3 255
-0.2245 -6.5545 -12.562 -0.26153 0 -2.60901 0 0.582848 -0.798515 255 39 39
17.1961 -9.52425 -21.7739 -1.25137 -0.121973 -3.5 0 -0.611293 -0.674739 255 107 107
-1.3095 -5.8305 -10.614 -0.687122 0 -3.5 1 0.187569 -0.636741 255 60 60
20.3389 -9.52013 -28.6283 0.224005 0 -3.5 0 0.638172 -0.769737 255 170 170
-3.0685 -1.3365 -26.374 -0.574742 -0.957463 -0.8 0 -0.970593 0.135979 255 217 217
-5.70475 4.849 -19.213 -0.59709 -0.372512 -0.9 0 -0.721533 0.420939 27 27 255
9.77538 -1.52225 -26.1604 -0.383559 -0.0924686 -1.20121 1 -0.0737216 -0.980269 255 6 6
10.6455 15.586 -18.2635 0.0371536 0 -1.3 0 -0.0643187 0.878079 55 55 255
23.7205 -2.6345 -14.864 -0.591236 -0.169435 -4.00201 0 -0.0754789 -0.967407 0 0 255
28.3561 -6.3105 -25.0979 0.0698309 0 -1.6 0 0.847244 -0.438409 0 0 255
30.6583 3.79562 -15.4798 0.310076 0.853955 -4.5 0 0.0847418 -0.112548 6 6 255
-2.93237 -3.39512 -18.436 -0.718424 -0.458837 -3.5 0 0.308475 -0.90083 207 207 255
8.11462 11.939 -28.13 -0.11115 0 -0.7 0 0.00565074 0.25155 0 0 255
23.4775 13.3158 -15.4563 0.191652 -0.0344969 -0.7 0 -0.199254 0.973355 11 11 254
28.8295 -1.56025 -17.056 -0.14627 0 -3.5 0 0.378665 0.0620811 0 0 255
25.1458 1.13075 -4.458 -2.0498 -0.602992 -3.5 0 0.57259 -0.696295 1 1 255
0.0265 -5.59812 -7.343 -0.172888 0 3.8 0 -0.717782 -0.696214 255 75 75
-3.38575 10.132 -24.8495 -0.213374 -0.604307 -0.947081 0 -0.800865 0.560768 0 0 255
13.374 -0.7205 -7.2665 -0.694668 -0.0290892 1.49658 0 -0.541403 -0.102296 45 45 255
19.018 -11.1864 -30.1208 0.733651 0.734147 -3.5 1 0.622611 -0.658525 255 3 3
9.13962 13.0736 -24.348 0.569327 0.0971571 -0.7 0 0.266663 0.942757 1 1 255
19.8165 -10.257 -27.459 0.0215122 0 -3.5 0 0.777261 -0.617524 255 105 105
9.63562 0.5975 -6.26225 0.414416 0 -3.5 0 -0.594966 -0.669859 67 67 255
24.8447 -3.82675 -5.639 -0.339157 0 -4.5 0 0.654262 0.093861 0 0 255
-4.75 7.608 -15.4806 0.505943 0 -4.5 0 -0.603621 0.248723 151 151 255
6.96925 -7.92462 -18.2836 1.67638 0 -3.9 0 -0.974934 -0.187428 255 23 23
3.50962 10.6181 -22.9846 -0.544559 -0.642785 0.690729 0 0.117753 0.749861 2 2 255
25.4195 10.2441 -7.24125 -0.233554 -0.0810826 1.5683 0 0.0400673 0.899412 81 81 255
7.2425 -6.6095 -24.4585 0.0656333 0 4.5 1 0.806504 -0.183256 255 2 2
28.4075 5.115 -2.191 0.44004 0.298106 -4.5 0 -0.408837 0.539588 1 1 255
9.93213 -8.22138 -12.8923 -0.172641 0 -2.74061 0 -0.511349 -0.697187 255 191 191
17.9639 2.703 -4.62875 -0.154571 0 3.8 0 0.167774 -0.0528749 56 56 255
-6.713 -7.086 -23.094 0.425429 0.196362 -3.2 0 -0.684214 0.158075 155 155 255
15.918 2.83763 -3.839 -0.14764 0 3.8 0 0.222641 0.225197 165 165 255
15.7095 12.7625 -23.953 -0.0191764 0 1.8 0 -0.676307 0.359902 0 0 255
6.95425 -9.698 -11.5592 0.300513 0 -3.5 0 0.452625 -0.75364 255 218 218
12.7449 -6.83475 -6.77962 -0.0131225 0 1.8 0 -0.265443 -0.755927 15 15 255
10.1715 4.288 -30.0515 -1.64886 -0.0271264 -3.5 0 0.44648 0.172388 14 14 255
11.1054 15.0253 -17.4853 0.0598761 0 -1.3 0 0.180392 0.560994 52 52 255
10.2212 12.9621 -12.4989 0.15966 0 -3.2 0 0.412145 0.910289 88 88 255
11.6208 4.5585 -6.05375 -1.46131 -0.657491 -3.5 0 -0.0654609 0.703015 124 124 255
32.8532 9.8305 -13.499 -0.12152 0 -0.7 0 0.878653 0.336965 6 6 255
2.584 -6.33425 -7.59725 -0.166222 0 3.8 0 -0.18606 -0.957615 255 149 149
8.15125 -4.85125 -23.12 0.419928 0 -3.5 1 0.187152 0.144481 255 7 7
-1.7055 -7.082 -32.591 0.00292502 -0.506074 1.8 1 -0.0612698 -0.497855 255 7 7
19.8474 -3.43388 -15.6124 -0.351574 0.0983128 0.699654 0 0.515485 -0.838088 31 31 255
6.95138 12.803 -23.4345 0.212822 0.045865 -0.7 0 -0.689704 0.688973 2 2 255
-8.11 0.0415 -16.1367 -0.0908687 0 -3.5 0 -0.927691 0.329355 86 86 255
1.65975 12.8501 -11.7294 0.451121 0.778128 -3.18455 0 0.284117 0.955111 255 187 187
6.3105 -5.0355 -25.9175 -0.0368772 0 4.5 1 0.974453 -0.117751 255 1 1
16.6562 -0.109125 -5.86675 -0.175163 0 2.26788 0 0.160642 -0.570229 34 34 255
27.8018 7.02875 -23.6178 -2.12727 -0.622886 -3.5 0 0.963268 -0.0145861 255 105 105
-1.91675 11.695 -8.14775 0.0864523 0 -1.6 0 -0.73728 -0.15429 255 85 85
30.1375 -4.9365 -16.1887 -0.496143 -0.00952511 -3.5 0 0.479347 -0.54074 0 0 255
-3.1915 6.567 -27.062 -0.623178 0 -3.5 0 -0.42358 0.230408 0 0 255
15.4782 4.943 -29.2782 0.271528 0.213648 -1.04039 0 0.313457 -0.454611 10 10 255
-5.38175 -3.04387 -14.31 -0.955117 0 -3.5 0 -0.329609 -0.913802 126 126 255
15.7224 -7.717 -8.84463 0.372939 0 -1.02232 0 -0.545979 -0.5048 11 11 255
5.09713 10.9561 -30.5282 0.828628 0.583614 -0.8 0 0.679426 0.574009 1 1 255
4.02175 2.731 -31.6696 -0.197619 0 -3.5 0 0.363664 0.372341 59 59 255
17.6649 8.4435 -9.83525 0.0334043 0 -3.5 0 -0.189966 0.947475 255 230 230
7.29187 -7.19925 -29.162 -0.0516433 0 4.5 1 0.50625 -0.484534 255 4 4
11.4128 -10.2305 -15.4679 0.187707 0 4.2 0 -0.773061 -0.63218 255 94 94
25.5035 -5.65025 -31.8337 -0.126423 0 -0.8 0 0.634523 0.0284661 14 14 255
10.4458 8.77925 -9.44525 0.0422811 0 -3.2 0 0.521768 0.122417 188 188 255
31.3873 2.30425 -5.9235 0.248505 0.545459 -4.5 0 0.617306 -0.786222 0 0 255
-6.42662 -0.55025 -13.3411 -0.686238 0 -3.5 0 -0.464232 0.221278 198 198 255
1.951 6.19 -9.494 -1.00033 -0.283379 -3.5 0 -0.655639 -0.266599 246 246 255
11.2355 2.24075 -29.4508 -0.692208 0 -3.5 0 0.444295 0.210105 172 172 255
1.06138 -8.839 -30.9289 0.0476543 0 1.8 1 0.837048 -0.443281 255 0 0
28.969 12.2831 -21.0184 -0.129989 0 -0.9 0 0.913169 0.313775 17 17 255
-2.48775 12.9403 -18.4559 0.507197 0 -3.2 0 -0.917407 0.389641 0 0 255
16.0487 11.7653 -24.1365 -0.206921 0 1.8 0 -0.476031 0.0311997 0 0 255
20.872 10.2895 -9.71988 -1.0663 -0.0109538 -3.5 0 -0.169264 0.953731 255 144 144
1.90787 13.9655 -17.9813 -1.26148 -0.669148 -3.44213 0 0.34555 0.915938 2 2 255
-2.34113 12.6965 -19.7619 0.084903 0 -3.2 0 -0.801435 0.296117 0 0 255
-5.206 -3.776 -24.0975 -0.145157 0.132408 -3.45236 0 0.358235 0.326845 250 250 255
9.43137 7.94537 -9.10425 0.052328 0 -1.78108 0 0.142003 0.114158 152 152 255
13.3853 -6.9505 -8.01388 0.145059 0 -0.161558 0 0.271576 -0.929893 17 17 255
3.194 11.2564 -22.2817 -0.626804 -0.506988 1.35148 0 -0.191251 0.794523 0 0 255
0.05925 -4.56588 -32.8408 -0.97365 -0.809084 1.33926 0 0.234227 0.152063 255 11 11
-2.36838 -2.5745 -9.77875 -0.438172 -0.273141 -3.13554 0 -0.730179 0.0764356 255 226 226
-1.29875 11.6407 -23.655 -1.20298 -0.126828 -0.8 0 -0.0271307 0.932392 0 0 255
17.3202 14.509 -22.5117 0.408474 0.709601 1.8 0 0.0406954 0.989918 0 0 255
-2.255 3.8775 -11.7592 -0.0263444 0.0608281 -3.61116 0 -0.00798586 -0.0711742 255 92 92
27.9625 2.2575 -3.255 0.192932 0 -4.5 0 -0.332863 -0.688554 0 0 255
16.2358 15.0481 -19.918 0.301229 0 -1.6 0 -0.307112 0.948544 2 2 255
-7.64937 -11.1097 -26.6618 0.285332 0 -3.2 0 -0.349356 -0.782434 173 173 255
20.875 -5.96287 -31.0516 -0.0540123 -0.0971181 -2.47699 0 -0.481234 -0.600963 255 187 187
19.1385 6.4555 -4.3115 -0.374111 -0.179878 -3.5 0 0.529365 0.158405 247 247 255
38.659 8.2655 -10.836 -1.34548 -0.732819 -3.5 0 0.849668 0.525311 12 12 255
-5.612 1.86263 -12.6257 0.154269 0.826717 -4.5 0 -0.554911 -0.653372 242 242 255
-5.50212 -5.00488 -35.9549 0.333451 0 -3.9 0 -0.488737 -0.648791 255 174 174
3.96837 0.44625 -31.834 -0.288513 0 -3.5 0 0.117979 0.0692401 255 137 137
28.9081 13.9116 -7.60038 -0.106103 0 4.5 0 -0.751974 0.617827 58 58 255
13.0545 10.0016 -29.4417 -0.00519241 0 -1.6 0 0.272527 0.841717 0 0 255
27.0933 -6.55837 -28.2445 0.208947 0 -1.6 0 0.552806 -0.736597 1 1 255
27.4054 6.15487 -22.6319 -1.41579 -0.621405 -3.5 0 0.712367 -0.701783 255 87 87
21.7195 -8.82887 -29.3095 0.260579 0 -2.00455 0 0.154677 -0.94799 255 213 213
8.41825 12.4986 -11.2602 -0.690904 0 -3.2 0 -0.441034 0.860128 171 171 255
26.0534 6.0385 -21.585 -1.02919 -0.22624 2.01226 0 0.420213 -0.905796 255 92 92
27.7609 -5.48612 -23.978 0.13321 0 -1.6 0 0.461636 -0.268083 1 1 255
14.1105 4.77156 -29.726 -0.0441372 0 -1.6 0 0.0608784 -0.535957 7 7 255
34.4289 8.96737 -5.33375 -1.5764 -0.429489 -4.5 0 0.905549 -0.0197252 1 1 255
20.6759 -3.672 -32.9173 -0.067926 0 -3.5 0 -0.0529786 0.0243224 255 124 124
2.429 7.39563 -30.9981 0.156176 0 -3.98231 0 -0.0839043 0.114492 0 0 255
25.042 11.931 -24.69 -0.431452 0 -0.9 0 0.193097 0.568912 49 49 255
22.0649 -4.694 -6.44925 0.211745 0 -4.5 0 -0.719372 -0.618627 0 0 255
-2.8655 -6.71 -22.674 -0.0514011 0 3.8 0 -0.440773 -0.282438 255 59 59
24.3085 -2.3035 -27.7105 -0.70086 -0.570297 -1.07593 0 0.11186 0.985638 165 165 255
-2.71537 -8.93987 -21.5273 -0.0673179 0 3.8 0 -0.493364 0.103099 255 86 86
2.13687 14.0507 -15.261 -0.045012 0 -3.5 0 0.640438 0.725267 56 56 255
25.3123 12.036 -11.2233 -0.118432 0 4.2 0 0.220325 0.85102 21 21 255
-8.04463 -3.01362 -21.6206 -1.3024 -0.382368 -3.5 0 -0.946418 0.0638657 57 57 255
-7.10988 -0.484 -22.5847 -0.191905 0.132573 -1.445 0 -0.929056 0.339019 52 52 255
24.0675 -3.4575 -19.769 0.0219034 0 -4.5 0 0.345827 -0.79555 10 10 255
29.725 -3.5855 -13.5997 0.222405 0 -3.5 0 0.609868 0.209197 0 0 255
23.862 13.3776 -17.4154 0.141844 0 -0.7 0 -0.301283 0.950334 3 3 254
-1.48575 0.324125 -29.4142 0.373963 0.125565 -3.54359 0 -0.880324 0.285864 13 13 255
17.253 -0.4445 -28.845 -0.420556 0 3.8 0 -0.690146 0.197316 255 43 43
7.821 13.5079 -23.9715 0.799352 0.827999 -0.7 0 -0.367001 0.92011 1 1 254
11.334 -1.0285 -7.92975 0.0204721 0 -3.5 0 -0.413094 -0.764171 68 68 255
17.0327 10.4438 -11.9445 0.168692 0.156107 -0.7 0 0.413219 0.783525 56 56 255
20.6786 -7.47237 -21.6286 -0.270571 0 -3.5 0 0.795841 -0.111391 213 213 255
22.6763 -7.4585 -24.7733 -0.0822677 0 -0.8 0 0.275602 -0.712573 148 148 255
2.8815 -7.05975 -26.7698 -0.101203 0 4.5 1 0.274761 -0.767123 255 0 0
29.9139 -6.3855 -15.3845 0.225051 0.0304594 -3.5 0 0.261728 -0.859785 0 0 255
33.0563 12.0555 -3.28375 -1.42265 0 4.5 0 0.692949 0.345673 35 35 255
4.03475 -7.57525 -7.669 -0.993204 -0.0348893 -3.5 0 -0.677575 -0.350141 255 222 222
27.874 12.613 -22.303 -0.417375 0 -0.9 0 0.479722 0.597849 14 14 255
11.8387 9.66912 -30.0605 -0.0316447 0 -1.6 0 -0.311566 0.6485 0 0 255
17.7165 -11.0747 -10.363 -0.483913 0 -3.5 0 0.430878 -0.758291 49 49 255
26.4961 -6.01713 -29.1094 0.491807 0 -1.27973 0 0.839751 -0.346613 3 3 255
32.5504 0.415437 -12.1757 0.101628 0 -4.5 0 0.720129 -0.692398 1 1 254
14.5665 -6.7485 -7.59975 0.171858 0 1.8 0 -0.115618 -0.977185 7 7 255
-3.65812 -8.4895 -31.0416 0.712785 0.027592 1.8 0 -0.317855 -0.942874 255 44 44
32.116 2.6295 -5.179 0.812936 0.739708 -4.5 0 0.753226 -0.656196 0 0 255
26.81 -3.00075 -29.9525 -1.27369 -0.144764 -1.6 0 0.831641 0.358602 35 35 255
23.6485 0.436 -22.7415 0.699531 0.120129 4.25762 0 0.626994 -0.610625 19 19 255
32.9767 4.61662 -2.6005 0.0692358 0 -4.5 0 0.722017 -0.12423 0 0 255
38.7611 6.71462 -11.0769 -1.87103 -0.360232 -3.5 0 0.980742 -0.16033 4 4 255
-4.3275 -9.38625 -27.9638 -1.27228 -0.107625 3.8 0 0.0579865 -0.959462 255 134 134
15.3363 -11.0837 -9.9415 -0.0340401 0 -3.5 0 -0.331789 -0.576598 37 37 255
22.0884 10.8511 -10.0785 -0.3272 0 4.2 0 -0.385921 0.749955 214 214 255
26.9245 -3.82375 -24.1215 0.079128 0 -1.6 0 0.134674 0.806853 1 1 255
17.6077 -10.511 -27.1203 0.096649 0 -3.5 0 -0.35409 -0.818924 255 36 36
-6.396 -10.6714 -26.8314 -0.107424 0 -3.2 0 0.373991 -0.546214 255 207 207
28.759 10.2872 -21.2358 -0.129743 0 -0.9 0 0.94442 -0.0241673 17 17 255
19.6998 -10.0775 -25.3302 -1.22972 -0.469676 -3.5 0 0.354222 -0.908327 255 198 198
-1.4815 13.5883 -15.354 0.0851398 0 -3.5 0 -0.950268 0.30232 46 46 255
7.19413 -7.75025 -8.65812 -0.172209 0 -3.20569 0 0.578527 -0.157891 183 183 255
-0.457375 -10.1027 -30.2178 0.0106184 0 1.8 1 0.217758 -0.975697 255 3 3
13.9619 -4.294 -5.0165 -0.0623044 0 1.8 0 -0.0071296 0.408006 1 1 255
-7.48313 -2.7665 -24.1786 -1.17948 -0.305683 -3.5 0 -0.531858 0.501967 92 92 254
-10.5539 -5.33738 -31.3493 0.281073 0 -1.6 0 -0.818512 -0.0130974 45 45 255
-2.68025 1.37875 -28.352 0.873872 0.753806 -4.5 0 -0.710362 -0.150607 4 4 255
3.4935 8.443 -9.557 -0.605016 -0.0290883 3.56495 0 0.242496 0.19972 255 210 210
3.10025 -8.07825 -24.7134 0.0348244 0 4.5 1 0.26181 -0.962025 255 1 1
26.6885 -0.275 -18.0012 -0.268224 -0.579546 -1.44927 0 0.715651 -0.464396 0 0 255
26.142 -3.77475 -16.3569 -0.418071 0 -3.5 0 -0.186606 -0.895596 0 0 255
-6.07525 -11.8868 -25.6671 -0.324002 0.180481 -3.2 0 0.34373 -0.768867 234 234 255
22.8703 -1.8535 -23.273 -0.945264 -0.0614782 3.8 0 0.98114 0.124628 144 144 255
22.7615 -0.571375 -23.6283 -0.0165085 0.130389 4.12945 0 0.934112 -0.241891 77 77 255
12.2305 -6.58875 -21.8972 -0.291807 -0.376169 -3.63117 1 -0.188158 -0.498055 255 30 30
-3.615 10.5215 -12.9215 -0.649566 -0.411851 -2.1665 0 -0.818234 0.553017 255 216 216
5.67112 -7.82762 -23.6588 0.0932778 0 4.5 1 0.196747 -0.946905 255 6 6
15.2825 -7.283 -14.712 0.284915 0 -3.5 0 0.850984 0.36261 106 106 254
33.428 4.57188 -10.2999 0.0220822 0.0803534 -3.71753 0 0.427685 -0.7105 2 2 255
14.0155 9.5165 -24.835 -0.77325 -0.562911 2.8 0 0.343163 0.527652 0 0 255
-7.7005 5.51788 -13.5569 0.392529 0 -4.5 0 -0.926541 0.242662 153 153 255
19.5219 -0.517375 -32.0951 -1.03992 -0.335709 -3.5 0 -0.316478 0.680899 255 175 175
-7.49225 -8.49687 -29.3854 0.664577 -0.0379908 -1.6 0 -0.130283 -0.991297 185 185 255
28.863 1.88075 -17.3363 0.0140327 -0.0538377 -4.3286 0 0.951513 -0.113627 4 4 255
17.4491 -10.2925 -8.51338 -1.56447 -0.103955 -3.5 0 0.00251335 -0.503555 19 19 255
-4.57438 5.27712 -18.4576 0.0879492 0 -0.9 0 -0.659385 0.62274 30 30 255
-5.91275 -5.48125 -34.7028 0.260988 0 -3.9 0 -0.615533 -0.579675 255 99 99
8.955 -5.78025 -23.3783 0.671471 0.285654 -3.5 1 0.104103 -0.124386 255 8 8
22.5278 12.9358 -24.3253 -0.0297829 0 -0.9 0 0.0501229 0.528954 6 6 255
-2.9435 -0.925375 -25.4155 -0.333044 -0.159086 3.0116 0 -0.958138 -0.00228157 255 236 236
25.2342 -4.05438 -23.5439 0.127328 0 -1.6 0 0.0874598 0.585749 10 10 255
31.0163 2.822 -3.16 0.169283 0 -4.5 0 0.325026 -0.659964 0 0 255
10.128 -9.12838 -21.1325 0.253356 0 -3.9 1 -0.0275121 -0.64673 255 9 9
29.2231 8.22262 -5.996 -0.196693 0.288107 0.63381 0 -0.615825 0.349895 9 9 255
23.3505 -1.965 -27.023 -1.24201 0 -0.8 0 0.356508 0.934156 160 160 255
29.6484 -6.36025 -13.895 0.190729 0 -3.5 0 0.341444 -0.846186 0 0 255
6.90837 -7.539 -31.2057 -0.0514195 0 4.5 1 0.296394 -0.737635 255 4 4
21.6052 -1.4325 -28.312 -0.171496 0 3.8 0 0.730883 0.674917 205 205 255
2.55437 13.1073 -9.65575 0.59201 0 -1.6 0 0.643063 0.765778 255 190 190
9.3385 -7.67912 -13.6257 -1.07369 0 -3.5 0 -0.262044 -0.848326 255 206 206
6.85862 14.265 -19.007 -0.382999 -0.0229371 -1.3 0 -0.610399 0.748251 10 10 255
19.3745 -10.6141 -22.0739 -2.36429 -0.321493 -3.5 0 0.421081 -0.824585 255 248 248
18.5874 0.264 -30.0664 -0.318151 0 3.8 0 -0.54058 0.525155 255 74 74
24.1362 0.862375 -2.6695 -1.7758 -0.714302 -3.5 0 0.671915 -0.435356 1 1 255
-4.4145 6.81612 -26.5366 0.29292 0 -3.5 0 -0.540788 0.200486 0 0 255
5.969 -0.627375 -31.5061 -1.20508 -0.22146 4.5 0 0.659377 0.151379 255 39 39
18.6418 14.7495 -19.4053 0.115369 0 -1.6 0 0.593022 0.803534 2 2 255
0.5785 13.548 -12.785 0.767013 0.206442 -3.5 0 0.293011 0.900638 255 240 240
-3.66125 -5.29825 -10.2706 -0.75135 0 -3.5 0 -0.226867 -0.0341193 255 189 189
7.8795 -8.01275 -21.8673 0.641021 0.507835 -3.5 1 -0.226186 -0.807173 255 10 10
-4.46075 -5.58388 -22.5123 -0.155541 0 -1.61829 0 0.0663286 -0.754586 255 125 125
-2.8115 11.6875 -16.0767 -1.17484 -0.537049 -3.5 0 -0.794525 0.600534 20 20 255
25.119 -4.1815 -10.0101 1.01234 0 -4.5 0 0.145874 -0.452805 0 0 255
-1.67575 2.29275 -33.59 2.85341 0 -3.9 0 -0.241248 0.960697 1 1 255
1.10825 -0.98925 -34.2687 0.367818 0 -3.9 0 0.414021 -0.521667 39 39 255
29.0572 13.8715 -6.56475 -0.123092 0 4.5 0 -0.779543 0.46861 60 60 255
10.9556 14.57 -21.7609 -0.662327 0 -1.3 0 0.063157 0.862684 5 5 255
18.5053 -1.62262 -32.6637 -1.55544 -0.000267704 -3.5 0 -0.600544 0.328411 255 123 123
-1.791 1.60438 -28.9015 0.610918 0.0286655 -4.5 0 -0.606491 0.0631915 5 5 255
25.5373 1.6925 -6.7445 -1.5651 -0.122359 -1.95171 0 0.585312 -0.80438 0 0 255
31.3062 10.3346 -11.5129 -0.503844 0 -0.7 0 0.664918 0.705478 6 6 255
32.0462 13.3744 -8.30719 -0.225539 0 4.5 0 0.593045 0.43578 58 58 255
6.749 -5.382 -27.9683 -0.0462974 0 4.5 1 0.570445 -0.476539 255 2 2
16.063 -7.6595 -15.4025 0.0260881 0 -3.5 0 0.515278 0.565354 125 125 255
-0.142 10.8352 -21.9788 -0.430544 -0.246052 0.0739902 0 -0.16291 0.946617 0 0 255
18.1889 -12.1611 -12.9184 -0.525795 -0.00790309 -3.5 0 -0.012456 -0.998583 160 160 255
15.0011 -8.029 -28.7349 -1.45252 -0.119015 -3.5 1 -0.903251 -0.227637 255 14 14
5.9085 -6.9355 -28.6368 -0.0354116 0 4.5 1 -0.0350843 -0.757854 255 2 2
9.16075 -8.82712 -11.8007 -0.153171 0 -2.51746 0 -0.149255 -0.979253 255 218 218
22.2466 12.5666 -13.7093 -0.520522 0 1.0849 0 -0.173705 0.826828 127 127 255
19.4225 -12.4893 -13.2065 -1.15936 0 -3.5 0 0.117395 -0.974537 104 104 255
-5.224 -3.90625 -37.0869 1.52662 0.595173 -3.9 0 -0.695762 -0.340314 173 173 255
30.5753 -0.21975 -14.8199 0.475829 0 -4.5 0 0.680168 -0.294103 1 1 255
23.8 -4.109 -18.397 -0.0968308 0 -4.5 0 0.263103 -0.958275 4 4 255
-1.10775 4.913 -29.7922 3.53373 0 -4.5 0 -0.738941 -0.45849 1 1 255
-1.83913 -8.13175 -11.9826 0.685372 0.353117 -3.5 0 0.723669 -0.68116 255 60 60
18.0825 -10.7257 -22.3556 -1.97959 -0.598024 -3.5 0 -0.416695 -0.904448 255 153 153
-2.71575 -8.812 -11.0612 0.235852 0.131574 -3.5 0 0.498217 -0.668262 255 92 92
23.9411 -8.91725 -29.2377 0.227179 0 -0.8 0 0.228308 -0.867583 71 71 255
10.7176 -4.58675 -24.7224 0.609479 0.336337 -3.5 1 -0.524611 -0.424193 255 3 3
-6.466 -5.813 -33.836 0.175828 0 -3.9 0 -0.662566 -0.380204 255 106 106
0.11225 -9.57038 -31.562 0.0496961 0 1.8 1 0.440338 -0.793 255 0 0
-3.653 6.74913 -19.6844 0.543205 0.0108476 -0.9 0 -0.537326 0.698712 2 2 255
-1.70288 0.880875 -31.7056 1.23137 0 -3.9 0 -0.752599 0.491969 10 10 255
-8.787 -6.37575 -25.1175 0.270798 0 -3.2 0 -0.819951 0.362491 55 55 255
-10.9964 -6.89388 -29.3264 0.117641 0 -1.6 0 -0.8374 -0.463449 12 12 255
9.41912 12.9699 -10.707 -0.304231 0.315143 -3.2 0 0.0759677 0.949486 174 174 255
18.6287 -9.975 -21.0254 -1.97679 -0.311859 -3.5 0 0.00826628 -0.547479 255 226 226
-0.42425 7.68025 -31.193 4.273 0 -4.5 0 0.0653073 0.724011 0 0 255
28.6217 3.67325 -1.95725 -0.278088 0 -4.5 0 -0.107333 -0.213264 1 1 255
-7.99738 -10.1809 -27.4791 0.216322 0 -3.2 0 -0.298669 -0.482844 173 173 255
-0.229 -8.94825 -32.397 0.0446273 0 1.8 1 0.329609 -0.416474 255 1 1
-3.2375 4.64138 -26.8136 0.143899 -0.914436 -3.5317 0 -0.59459 0.0697762 1 1 255
-6.13462 7.00975 -12.0911 0.45114 0 -4.5 0 -0.597195 0.401775 255 245 245
31.1943 2.98738 -15.2153 0.743023 0.229597 -4.5 0 0.151655 -0.149426 3 3 255
33.4765 10.6865 -2.489 -11.1836 0 4.5 0 0.76674 0.096824 12 12 254
25.5785 -2.35575 -30.2278 -1.08465 -0.313287 -1.6 0 0.166051 0.840444 100 100 255
5.88775 3.83025 -7.85612 -0.0162122 0 4.5 0 -0.716287 -0.545511 108 108 254
10.3281 -9.80387 -11.5746 -1.57248 -0.0199291 -1.6 0 -0.603107 -0.792732 255 163 163
28.2367 -1.869 -11.9806 0.499735 0.575594 -3.81767 0 0.650476 -0.673021 0 0 255
-5.98763 5.877 -20.057 -1.13278 -0.248242 -0.9 0 -0.833691 0.512267 2 2 255
0.08725 -1.352 -8.08525 -1.04601 0 -0.4 0 -0.484562 0.289542 255 212 212
-7.08025 5.02175 -14.3197 0.121995 0 -4.5 0 -0.496742 -0.0733559 203 203 255
15.1134 8.98938 -28.589 -0.0489514 0 -1.6 0 0.639713 0.765137 0 0 255
4.00375 11.1176 -30.7634 1.02851 0.450438 -0.8 0 -0.149609 0.717955 1 1 255
23.3962 -5.468 -5.42925 0.555604 0.743722 -4.5 0 -0.240057 -0.703032 0 0 255
11.5409 -5.41575 -22.9856 -0.141315 -0.137434 -3.5 1 -0.0486422 -0.878429 255 18 18
35.4435 7.86163 -8.49887 -0.357453 0 -3.5 0 0.517647 0.495604 3 3 255
13.2583 -11.696 -11.2851 -1.34253 -0.108526 4.2 0 -0.377751 -0.543563 189 189 255
-4.75212 3.41963 -24.7841 1.37382 0.798412 -3.5 0 -0.852835 -0.380194 39 39 255
12.8404 8.61662 -30.4346 0.0390122 0 -1.6 0 -0.0621896 0.321049 0 0 255
-5.30525 -8.0815 -10.8914 1.11416 0.935089 -3.5 0 -0.763674 -0.174467 255 199 199
-7.40837 -4.42613 -32.5835 0.310961 0 -2.52534 0 -0.524356 0.45098 255 227 227
17.528 4.56 -27.9557 -0.0392742 0 -0.4 0 0.536925 -0.258253 42 42 255
20.9867 -4.43388 -20.5125 0.794518 0 -4.5 0 0.624156 -0.73882 148 148 255
4.05837 -3.47537 -5.2895 -0.109259 0 3.8 0 0.360609 0.0694738 255 251 251
-2.6015 -1.11612 -10.825 -0.219684 0 -0.4 0 -0.882693 0.401009 221 221 255
-3.27975 -0.867 -34.6852 1.91526 0.461032 -3.9 0 -0.69288 0.67568 60 60 255
-7.74225 -2.525 -29.4225 0.862337 0 -1.6 0 0.151827 0.988244 157 157 255
15.4685 -7.6455 -13.555 1.16682 0.750573 -3.5 0 0.617267 0.7164 55 55 255
11.3325 9.58975 -10.2875 -0.293726 0 -3.2 0 0.538769 0.219171 164 164 255
12.2393 -8.7965 -21.5763 0.114409 0 -3.9 1 -0.157889 -0.602741 255 37 37
4.02037 -2.41438 -5.92537 -0.0762357 0 3.8 0 0.399456 0.551718 226 226 255
25.5639 -7.496 -28.4533 0.450499 0 -0.842859 0 0.607182 -0.763508 9 9 255
2.41181 11.0436 -7.94181 0.224949 0 -1.6 0 0.477284 -0.343502 255 120 120
6.03275 11.847 -11.1123 -0.122896 0 3.8 0 0.115014 0.825597 77 77 255
23.7342 -3.25113 -5.01512 0.389799 0 -4.5 0 0.196674 0.201703 0 0 255
20.416 0.685625 -31.2664 0.266097 0.705946 -3.5 0 -0.186986 0.890764 255 159 159
6.148 -10.681 -11.3077 0.769553 0.867255 -3.5 0 -0.0410797 -0.750577 255 145 145
28.0347 -4.921 -13.0623 0.319962 0.495573 -3.5 0 -0.353148 -0.401004 0 0 255
22.867 -4.14625 -32.6797 -0.660114 0 -3.18292 0 0.451345 0.251811 189 189 255
25.011 -8.332 -31.7481 -0.135468 0 -0.8 0 0.461336 -0.393317 20 20 255
17.013 8.83288 -5.30175 0.226493 0.573134 -3.5 0 -0.260828 0.940034 255 50 50
18.3645 -11.6975 -15.3985 -0.285539 0 -3.5 0 -0.28948 -0.801438 124 124 255
13.4546 0.68125 -6.83575 -0.0889082 0 3.8 0 -0.380072 -0.611895 70 70 255
-2.123 6.159 -28.5678 1.89534 0 -4.5 0 -0.97611 0.076439 0 0 255
26.6275 -2.22375 -27.2237 0.164054 0 -1.6 0 0.444307 0.891279 33 33 255
-6.37075 -0.96625 -23.4153 -0.568087 -0.155512 -2.28237 0 -0.340988 0.231087 66 66 255
2.3325 -8.876 -21.581 0.455575 0 1.9 1 0.650475 -0.751423 255 18 18
0.779 -8.0235 -17.8425 -0.356319 0 1.9 0 -0.523733 -0.801407 255 158 158
11.9061 -10.5971 -11.8334 -0.414563 -0.531259 1.50538 0 -0.58199 -0.750199 255 209 209
6.93975 12.2715 -11.95 -0.201862 0 3.05951 0 -0.0159557 0.889673 90 90 254
34.0379 10.3369 -6.40238 -0.731082 0 4.5 0 0.878215 0.35187 3 3 255
36.7015 8.5875 -11.3628 -1.16482 0 -3.5 0 0.0933462 0.938703 17 17 255
29.4636 8.74925 -20.013 -0.184861 0 4.2 0 0.812155 0.0508743 31 31 255
2.4135 9.77125 -8.96425 0.144248 0 -1.6 0 0.0705871 -0.591419 255 131 131
2.34675 -2.983 -32.3893 0.268677 0.0923625 -1.99861 0 0.388188 -0.0338555 255 14 14
35.1992 5.68875 -9.27188 -0.15392 0 -3.5 0 0.356318 -0.528911 5 5 254
12.6383 -11.5535 -15.8775 0.0626666 0 4.2 0 -0.60511 -0.748954 255 68 68
-3.176 9.6165 -22.404 0.176117 0 -3.5 0 -0.582476 0.678738 0 0 255
28.676 10.2895 -16.7633 0.116575 -0.78492 0.178494 0 0.639059 0.608624 11 11 255
-0.793375 10.3988 -28.1041 0.827262 0.0911757 -0.8 0 -0.566116 0.4783 0 0 255
-0.724 11.7039 -27.0138 0.0710215 0 -0.8 0 -0.455082 0.818053 0 0 255
-1.26787 -8.69188 -21.0414 0.0718857 0 2.42251 0 -0.462137 0.0159487 255 74 74
-2.58488 -10.5142 -22.2345 -0.0338721 0 3.8 0 -0.299794 -0.836467 255 92 92
4.40675 -8.48913 -12.3126 0.041108 0 -3.5 0 -0.667359 -0.298328 255 112 112
9.00412 12.6965 -27.4076 -0.0978642 0 -0.7 0 0.502878 0.671838 0 0 255
-7.13413 2.02113 -18.9704 0.589824 0.398699 -3.5 0 -0.861748 0.35828 29 29 254
21.6894 -3.61438 -22.8315 -0.103171 0 -1.4389 0 0.521875 -0.65061 255 231 231
14.2645 0.881125 -4.57338 -0.150752 0 3.8 0 -0.470927 -0.576778 144 144 255
-4.9285 -4.58362 -10.8232 -1.48561 -0.0500854 -3.5 0 -0.520803 0.456891 208 208 255
33.233 5.34 -4.3165 0.450425 0 -4.5 0 0.973601 -0.21282 0 0 255
3.24688 -6.286 -10.1665 -0.131691 0 3.8 1 -0.550873 -0.771266 255 90 90
-0.814375 3.53775 -11.1927 -1.35592 -0.426408 -3.5 0 -0.335675 0.0371439 255 57 57
16.8123 8.31775 -6.37313 0.444873 0.375446 -3.5 0 -0.701336 0.64647 255 86 86
10.7644 -6.65188 -21.8094 0.129529 0.00541851 -3.56859 1 0.230397 -0.560113 255 18 18
26.7376 2.90512 -20.2501 -0.181623 0 -0.771685 0 0.508793 0.211029 42 42 255
-5.79375 -2.4725 -33.8015 0.544346 0 -3.9 0 -0.663538 0.720514 255 184 184
17.6537 7.2485 -3.4085 0.286788 0.136739 -3.5 0 0.17383 0.183545 255 243 243
6.82025 0.931375 -9.515 -1.7769 -0.264353 4.5 0 -0.322507 -0.227594 216 216 255
2.70462 -4.54588 -5.35175 -0.118526 0 3.8 0 0.271505 -0.176441 255 122 122
-1.93613 -3.79063 -16.421 -0.373725 0.696147 -3.13255 0 -0.539028 -0.714837 255 232 232
14.3875 -2.115 -5.993 -1.28096 -0.00758733 1.8 0 -0.0613672 0.152284 7 7 255
12.8108 4.94375 -6.8465 -0.986039 -0.353155 -2.2054 0 -0.00319416 0.766437 107 107 254
-2.0355 8.20912 -18.4923 0.334189 0 -3.2 0 -0.970922 0.238412 2 2 255
-3.48187 -4.9335 -20.1471 -1.02992 -0.305685 -3.5 0 0.127862 -0.883966 255 207 207
6.67938 12.4462 -26.6065 -0.186012 0 -0.7 0 -0.753214 0.608929 0 0 254
37.904 8.66075 -10.2732 -1.75109 -0.0498164 -3.5 0 0.252791 0.935152 14 14 255
17.1632 -11.9618 -11.2402 -0.0684012 0 -3.5 0 0.110845 -0.855576 92 92 255
17.2754 0.8615 -28.2155 -0.296567 0 3.8 0 -0.346422 0.506254 255 90 90
23.145 0.52925 -2.3525 -1.98756 0 -3.5 0 -0.0879156 -0.66117 1 1 255
11.202 10.8155 -25.1205 0.259102 0 2.67514 0 0.722642 0.545907 0 0 255
34.8112 7.88963 -6.08975 -1.7767 -0.260872 -4.5 0 0.965949 -0.15499 1 1 255
22.0632 0.278375 -31.0066 0.235087 0 -3.5 0 0.614105 0.789225 255 133 133
2.472 -1.32938 -7.7855 -0.218481 -0.00785946 3.76202 0 0.134536 0.816059 214 214 255
-6.33287 -8.35913 -29.4513 0.368425 0 -1.6 0 0.182641 -0.981329 255 225 225
-4.3075 -5.2035 -21.133 -0.767905 -0.732789 -3.5 0 0.0462893 -0.944842 255 209 209
-6.22 -1.79013 -13.4476 -1.03797 0 -3.5 0 -0.379363 -0.390007 145 145 255
17.2529 4.06437 -4.93275 -0.204309 0 3.8 0 0.0132532 -0.00319724 66 66 255
13.7565 14.1842 -22.6415 0.242829 0 -1.3 0 0.0632376 0.796491 1 1 255
0.027625 15.379 -14.3709 0.467643 0.0179864 -3.5 0 -0.0600883 0.779549 121 121 255
15.983 -9.921 -9.1215 -0.396527 0 -3.5 0 -0.469304 -0.31982 17 17 255
-7.54338 -1.21075 -13.7729 -0.265325 0 -3.5 0 -0.718709 -0.0242754 219 219 255
22.5434 -2.381 -14.8399 -0.371541 -0.149025 -2.00022 0 0.0062817 -0.969884 1 1 255
-9.49687 -3.53662 -31.5624 0.381225 0 -1.6 0 -0.198875 0.687354 126 126 255
20.7909 -9.45 -24.1278 -2.40888 0 -3.5 0 0.822283 -0.556757 225 225 255
22.4971 -5.35763 -32.9868 -2.00107 -0.282766 -0.8 0 -0.152033 -0.221454 216 216 255
26.1235 -0.036 -20.5 -1.48232 -0.288325 -0.8 0 0.664155 -0.302462 3 3 255
32.0377 -0.0659375 -13.3759 0.151679 0 -4.5 0 0.742833 -0.596121 1 1 255
33.2476 1.688 -13.2345 0.158911 0 -4.5 0 0.691458 -0.64507 2 2 255
16.1365 10.0175 -24.1325 -0.776136 -0.0674731 1.9224 0 -0.373951 0.292683 0 0 255
33.701 11.2317 -3.5515 -3.85081 0 4.5 0 0.891032 0.355756 19 19 255
22.1484 6.1215 -4.96212 -0.61418 -0.417858 0.31917 0 -0.382418 0.123006 117 117 255
0.15325 -3.07225 -6.36175 -0.172179 0 3.8 0 -0.781671 0.442076 255 124 124
1.573 12.4298 -7.31175 0.149366 0 -1.6 0 0.483796 0.211647 255 104 104
-6.15 2.87663 -11.998 0.225028 0.471487 -4.5 0 -0.559504 -0.584386 248 248 255
-1.74025 0.792625 -13.2276 -0.361038 0 -0.86181 0 -0.705356 0.117556 205 205 255
32.1596 13.81 -3.15887 -0.311329 0 4.5 0 0.277375 0.575849 57 57 255
8.17775 6.56975 -7.61312 0.0120258 0 4.5 0 0.394914 0.687004 248 248 255
0.54275 -10.2732 -24.5386 0.00354881 0 3.8 1 0.585896 -0.809536 255 18 18
0.63175 11.4698 -6.989 0.0309224 0 -1.6 0 0.0248682 -0.198365 255 104 104
-3.2605 10.6091 -15.6359 -0.569813 -0.0276379 -3.5 0 -0.885594 0.434646 39 39 254
3.213 13.8304 -18.1221 -1.62782 -0.371504 -3.5 0 -0.0162703 0.93993 2 2 255
7.889 13.5822 -26.6995 -0.0716734 0 -0.7 0 -0.195057 0.956432 0 0 255
-1.35425 2.12562 -12.1453 -0.506352 0.0470245 -3.20469 0 -0.507275 -0.323592 255 157 157
20.7565 1.86425 -28.1318 -0.159376 0 4.08099 0 0.163885 0.547148 255 229 229
29.8316 -1.30963 -15.7647 -0.193851 -0.41669 -3.89145 0 0.784646 0.314296 2 2 255
11.345 -6.32463 -7.24375 0.119217 0 -1.6 0 -0.395784 -0.0743033 56 56 255
-1.69925 13.3696 -13.6551 0.191561 0 -3.5 0 -0.817152 0.523218 163 163 255
17.3358 5.63625 -28.1702 0.416565 0.0563701 -0.4 0 0.750069 0.137962 8 8 255
21.3121 -5.61688 -23.4039 -0.145557 0 -0.8 0 0.620603 0.00381684 210 210 255
23.1658 -5.70669 -7.75969 0.183114 0.00270035 -4.5 0 -0.688373 -0.725349 0 0 255
33.2629 13.2931 -3.73225 -0.402052 0 4.5 0 0.813527 0.318155 70 70 255
5.876 6.978 -29.389 0.510879 0.177598 0.827718 0 0.546171 -0.270596 3 3 255
-5.73075 6.30425 -22.7467 1.04197 0.620063 -3.5 0 -0.888518 0.252261 0 0 255
13.7528 -6.972 -6.605 0.0100644 0 1.8 0 0.00328385 -0.969419 4 4 255
13.0843 -11.9137 -13.656 -0.464052 -0.391991 4.2 0 -0.246952 -0.957104 255 145 145
27.6059 4.51675 -2.63 0.296556 0 -4.5 0 -0.605555 0.323232 2 2 255
8.91975 -9.48775 -16.5461 2.70434 0.0583987 -3.9 0 0.00632402 -0.376044 255 69 69
-6.7495 -6.774 -32.9215 0.0351654 -0.0376715 -3.42704 0 -0.313144 -0.327594 255 143 143
14.2253 8.557 -25.1327 -0.723177 -0.954855 2.8 0 0.416683 0.716881 0 0 255
5.92675 7.0605 -7.25287 -0.051706 0 4.5 0 -0.365183 0.634296 231 231 255
-4.99062 9.00163 -24.6513 0.386283 0 -3.5 0 -0.7394 0.656741 0 0 255
32.538 3.7565 -8.4445 -0.988073 -0.488209 -3.64621 0 0.965221 -0.188957 1 1 255
-2.27025 -9.53925 -26.075 -0.0335747 0 3.8 1 -0.144715 -0.787795 255 24 24
-8.787 -8.559 -25.3895 -0.00194685 0 -3.2 0 -0.954335 -0.149156 50 50 255
5.579 -5.2075 -31.7598 0.0121054 0 4.5 1 -0.178614 0.0414831 255 2 2
28.8417 -0.68275 -9.585 -0.268491 -0.10639 -4.21307 0 0.573225 -0.794475 0 0 255
17.8345 -5.499 -30.454 -0.816525 -0.13403 -3.5 0 -0.649009 -0.244099 255 48 48
32.6668 3.39875 -10.0289 -0.410621 0.185361 -3.69554 0 0.919798 -0.289719 0 0 255
-3.33575 -7.6105 -10.2445 -0.40866 0 -3.5 0 0.146618 -0.0844972 255 134 134
21.967 8.18525 -5.32025 0.138797 0 1.8 0 -0.275123 0.358386 255 238 238
19.3254 -5.14525 -17.6001 -0.0340598 -0.121717 -3.5 0 0.807703 -0.537025 69 69 255
29.8787 13.9644 -8.99862 -0.154396 0 4.5 0 -0.295573 0.558876 44 44 255
11.4766 8.34562 -10.0275 -0.264273 -0.941073 -3.5 0 0.234042 0.474908 94 94 254
25.9797 -6.85625 -27.7292 0.702239 0 -1.6 0 0.280007 -0.921734 23 23 255
6.6695 12.1254 -16.3504 -0.589893 0 -0.7 0 0.121256 0.951973 78 78 255
12.7585 6.79975 -8.49225 -0.126641 0 -3.5 0 0.138629 0.681159 93 93 255
-2.4475 -8.93175 -31.5721 0.646487 0.619295 1.8 1 -0.417427 -0.73772 255 10 10
10.9205 -9.66125 -12.9102 -0.484952 0 4.2 0 -0.809143 -0.556659 255 162 162
10.3766 12.0232 -10.0559 -0.711274 0 -3.2 0 0.582712 0.498227 208 208 255
-9.51281 -5.01206 -32.1039 0.326354 0 -1.6 0 -0.340735 0.0703777 118 118 254
10.042 12.6681 -14.3103 0.100586 0.0486421 -1.94975 0 0.139296 0.987679 49 49 255
9.59575 2.18313 -5.18587 0.715168 0.6579 -3.5 0 -0.520516 -0.127605 123 123 255
12.8994 -4.07875 -9.12763 -0.120486 0 1.31878 0 -0.765357 0.507694 12 12 255
24.8962 12.3472 -12.124 -0.648403 0 4.2 0 0.18835 0.842397 16 16 255
17.9533 0.92625 -29.197 -0.288891 0 3.8 0 -0.482666 0.649061 255 95 95
-2.49925 -0.8295 -33.1715 2.15755 0.0446854 -3.9 0 -0.924619 0.11707 151 151 255
-2.83625 11.953 -12.1473 -0.730344 -0.0426232 -1.6 0 -0.739939 0.67045 255 202 202
-7.6655 -3.72688 -31.6109 0.542832 0 -1.6 0 -0.00984978 0.812349 189 189 255
23.1252 -9.5755 -29.9702 0.944956 0.482084 -0.8 0 0.0157338 -0.951528 167 167 255
22.8111 -0.612 -31.2703 0.451089 0.192622 -3.5 0 0.78079 0.452976 255 133 133
33.2265 9.79587 -7.65637 -0.942873 -0.0355119 -4.15497 0 0.72598 0.587256 2 2 255
29.064 7.238 -5.191 -0.603911 0 -4.5 0 -0.426475 0.664392 5 5 255
32.4711 9.5195 -15.737 -0.118676 0 -0.7 0 0.884516 0.0865695 4 4 255
31.2138 13.1495 -9.1245 -0.203925 0 4.5 0 0.463494 0.255024 44 44 255
28.7346 -1.072 -10.6181 0.225372 0 -4.5 0 0.668775 -0.72376 0 0 255
28.8256 -0.155375 -8.28625 -0.701705 -0.39271 -3.53794 0 0.320757 -0.692996 0 0 254
33.5359 4.1995 -16.6485 0.0770208 0 -4.5 0 0.159266 -0.334107 3 3 255
30.4482 8.21825 -4.09212 -0.301857 -0.0210983 3.60443 0 -0.824152 0.176 5 5 255
21.7641 11.6823 -11.8339 -0.255276 0 4.2 0 -0.556913 0.774337 142 142 255
17.9309 -7.07925 -12.4509 0.206223 0 -3.5 0 0.159535 0.494495 23 23 255
32.6865 8.5345 -13.9435 0.19378 0.193665 -2.61513 0 0.806703 0.0821634 10 10 255
25.036 14.2804 -17.8831 0.0336746 0 -0.75584 0 -0.328242 0.944441 5 5 255
-8.9355 -7.7395 -27.5275 0.363593 0 -1.65668 0 -0.882714 -0.458772 53 53 255
13.0095 -12.3455 -12.384 -1.22944 -0.338284 4.2 0 -0.500121 -0.86176 255 210 210
-4.504 5.55125 -26.2568 -0.0496493 -0.269536 -3.5 0 -0.49752 -0.0797465 0 0 255
-3.74062 5.872 -17.5796 0.200549 0 -0.9 0 -0.7303 0.681261 39 39 255
3.8405 -5.99563 -7.03275 -0.205885 0 3.8 0 0.236194 -0.572704 255 234 234
4.2345 13.9689 -16.941 -2.20002 -0.340038 -3.5 0 0.139425 0.917688 11 11 255
17.6355 -7.82638 -30.1332 -0.208984 0 -3.5 0 -0.188875 0.299717 255 27 27
28.1992 -3.75813 -25.5982 0.0547634 0 -1.6 0 0.671312 0.706563 1 1 255
11.8859 -2.23887 -30.6147 -2.37626 -0.406236 -3.5 1 0.410239 -0.726596 255 6 6
4.81125 11.4648 -29.5774 1.01758 0.238404 -0.8 0 0.277986 0.95927 1 1 255
16.3295 -11.0351 -30.4797 0.522592 0.124525 -3.5 1 -0.66139 -0.669506 255 6 6
16.5473 6.80825 -7.74825 0.134849 0 -3.5 0 -0.898424 0.428725 250 250 255
-3.67975 2.07125 -27.3015 0.908208 0.245187 -4.5 0 -0.742047 -0.0828375 10 10 255
-5.3265 -1.73287 -35.1505 1.88466 0.479919 -3.9 0 -0.691345 0.686963 212 212 255
1.0615 11.8005 -24.5049 -0.232617 0 -0.8 0 0.249276 0.948597 1 1 255
20.1665 -5.879 -11.2788 -1.41997 -0.62003 -3.5 0 0.563147 -0.29372 2 2 255
14.7369 8.675 -29.9688 0.0236907 0 -1.6 0 0.704137 0.493173 0 0 255
-1.29075 11.2647 -25.9585 -0.103239 -0.352543 -0.8 0 -0.465977 0.833694 0 0 255
32.4506 4.145 -16.5165 0.630883 0.489225 -4.5 0 -0.34298 -0.257038 4 4 255
7.403 2.527 -6.8955 -0.0303407 0 4.5 0 -0.539038 -0.682751 132 132 255
5.0935 0.708375 -31.3732 -0.396314 0 -3.5 0 0.353669 0.305407 255 114 114
29.0147 -4.66663 -16.6126 -0.0870122 0 -3.5 0 -0.156148 -0.466136 0 0 254
35.1115 4.9805 -15.9323 0.621297 0.722668 -4.5 0 0.75323 0.0718414 3 3 255
-3.4865 -4.12825 -10.6335 -0.826913 -0.0214318 -3.5 0 -0.632431 0.380582 245 245 255
37.8409 5.12663 -11.7922 -1.54172 -0.00847094 -3.5 0 0.578644 -0.798908 8 8 255
32.4451 5.73656 -2.55006 0.546891 0 -4.5 0 0.50987 0.33092 1 1 255
4.5675 9.44675 -25.1399 -1.15442 -0.597547 -0.8 0 -0.0967228 0.991116 1 1 255
-3.88263 8.24825 -21.8116 0.838144 0.132485 -2.67626 0 -0.709625 0.586842 0 0 255
-5.182 -3.80612 -26.6402 -0.652919 -0.0689588 -3.2 0 0.259221 0.916444 255 201 201
26.2493 11.495 -24.3055 -0.568141 0 -0.9 0 0.448831 0.446078 76 76 255
-4.38938 -3.282 -37.9711 2.68742 0.431982 -3.9 0 -0.0575771 -0.31339 53 53 255
-1.163 -5.69663 -15.6038 -0.125662 0 -1.38627 0 -0.735072 -0.49707 255 130 130
25.6908 -5.2135 -9.64125 0.767805 0.714223 -4.5 0 0.463879 -0.519597 0 0 255
4.47475 -1.1695 -32.2733 -1.38022 -0.174447 4.5 0 -0.00489866 0.0476785 255 39 39
-0.089125 -5.26438 -9.74525 -0.35533 0 2.96335 1 -0.1025 -0.965588 255 83 83
-2.80375 10.0245 -17.2791 0.0984917 0.054579 -4.37086 0 -0.953212 -0.0352997 5 5 255
5.55288 12.5925 -14.9255 -0.415506 0 3.8 0 0.194187 0.963174 107 107 255
17.747 8.14325 -4.11037 -0.125966 0 -3.5 0 0.186098 0.696962 255 97 97
27.9951 13.7517 -20.89 -0.379854 0 -0.9 0 0.513331 0.746293 21 21 255
13.224 12.7598 -23.725 0.00230326 0 -1.3 0 -0.0334941 0.366496 0 0 255
13.75 -9.06875 -10.931 1.13451 0 4.2 0 -0.243536 -0.359779 63 63 255
20.4058 -11.2448 -12.4995 -1.45922 -0.0124614 -3.5 0 0.828316 -0.116032 68 68 255
22.8164 14.0592 -21.4718 -0.275594 -0.107191 -0.9 0 -0.0369249 0.989729 4 4 255
30.7911 14.9244 -6.45813 -0.171879 0 4.5 0 0.150981 0.987582 124 124 255
24.8021 6.622 -3.95537 -0.69406 -0.00475954 -0.4 0 0.218873 0.603156 73 73 254
8.16325 1.73725 -30.7239 0.388007 0.437292 -3.5 0 -0.0497357 0.0309231 255 104 104
0.95375 2.775 -10.9473 -0.175629 0 1.40446 0 -0.282017 0.0591802 255 122 122
0.988375 -4.18738 -5.00863 -0.116096 0 3.8 0 -0.397065 0.104037 255 51 51
31.8485 2.6515 -4.168 0.901314 0 -4.5 0 0.593732 -0.760808 0 0 255
34.3119 2.83212 -14.1908 -0.202442 0 -4.5 0 0.529059 -0.802066 3 3 255
-4.02563 -8.17875 -29.9865 0.15242 0 2.96671 0 -0.254265 -0.957652 255 88 88
6.742 -6.89138 -20.7204 0.0925054 -0.0291433 -3.5 1 -0.548082 -0.815238 255 32 32
30.4123 1.17338 -15.4087 0.0922501 0 -4.5 0 0.447168 -0.11915 1 1 255
30.1919 7.51088 -19.1217 -0.111534 0 4.2 0 0.828006 -0.287464 20 20 255
24.3714 -3.15488 -25.0578 -0.0570032 0 -0.962323 0 0.497127 0.745231 116 116 255
24.2022 3.05575 -24.5193 -0.200294 0 3.98985 0 0.994663 0.0465151 113 113 255
3.14475 -5.40788 -11.5906 -0.698045 0 -0.957142 0 -0.300418 -0.830633 255 78 78
-2.627 -2.68225 -32.1534 0.54626 0 -3.9 0 -0.653306 0.545564 255 132 132
-0.166 1.5655 -35.075 2.43928 0.48954 -3.9 0 0.460226 0.475207 1 1 255
22.31 -5.02488 -7.73987 -0.0281288 0 -4.5 0 -0.444359 -0.873364 0 0 255
15.9187 -8.81075 -24.0151 -1.06533 -0.565404 -0.7 1 -0.570931 -0.819757 255 63 63
18.4842 -4.03088 -31.4164 -0.971231 -0.173435 -3.5 0 -0.665836 -0.331383 255 53 53
-7.80888 4.45075 -13.2583 0.94044 0.134714 -4.5 0 -0.935326 -0.220884 194 194 255
27.5016 -2.36675 -10.534 0.341993 0 -4.5 0 0.715877 -0.698061 0 0 255
0.62075 4.23 -10.795 -0.191762 0 -3.5 0 -0.303983 -0.0804996 255 114 114
-0.0575 -7.00675 -15.3481 -0.278596 -0.125808 -0.8 0 -0.540074 -0.840931 255 85 85
10.243 13.6182 -16.5438 0.0316613 0.489124 -0.80255 0 -0.0316763 0.760236 35 35 255
10.0245 7.47075 -29.8412 -0.0217163 0 -1.6 0 -0.593023 0.219442 0 0 255
5.3705 5.6045 -28.6402 0.354781 0.182094 3.8 0 0.442941 -0.335733 49 49 254
33.4711 9.16037 -10.7576 -0.299521 -0.246698 -3.5 0 0.262246 0.954886 6 6 255
17.9048 -8.8985 -20.8276 -0.684427 -0.763975 -3.5 0 -0.0918551 -0.575447 255 198 198
28.8752 -4.869 -26.914 0.071481 0 -1.6 0 0.991246 -0.00300533 0 0 255
29.1103 10.0682 -19.3353 -0.170706 0 4.2 0 0.853232 0.521531 12 12 255
20.1825 -4.50775 -18.1383 0.253891 0.400872 -4.39404 0 0.40723 -0.832848 43 43 255
-0.966625 3.33812 -28.9317 0.681301 0 -4.5 0 -0.668413 -0.00465246 2 2 255
12.0492 -10.4661 -16.4853 0.183809 0 4.2 1 -0.459078 -0.781317 255 39 39
33.6645 1.68525 -12.2585 0.0546744 0 -4.5 0 0.794026 -0.584389 2 2 255
8.36012 1.0485 -9.24288 -0.0176833 0 4.5 0 -0.425293 -0.441937 141 141 255
-3.72338 7.84713 -20.6455 0.833555 0.694245 -0.9 0 -0.606945 0.595667 0 0 255
-1.755 -5.84175 -33.5218 -0.0571108 -0.163135 -0.456885 0 0.238839 -0.518128 255 16 16
9.767 -6.556 -22.9475 0.509956 0.542576 -3.5 1 0.407469 -0.557263 255 11 11
15.6035 -9.5975 -28.3815 -0.594033 -0.0192014 -3.5 1 -0.730261 -0.638172 255 22 22
-3.22738 9.60038 -25.6908 0.227615 0 -2.96261 0 -0.542848 0.576717 0 0 255
-2.48638 11.6585 -24.1903 -1.86823 -0.136744 -0.8 0 -0.578646 0.779861 0 0 255
18.1751 5.61212 -4.1625 -0.146133 -0.35617 -3.5 0 0.130664 -0.40825 105 105 255
-3.21525 9.5615 -11.7276 -0.833644 -0.41207 -2.08379 0 -0.63553 -0.0364119 255 129 129
27.0606 10.9513 -13.3359 -0.0691357 0 4.2 0 0.488801 0.803813 15 15 255
32.0459 5.209 -16.4312 0.322909 0.84692 -4.5 0 -0.400386 0.33048 6 6 255
34.7127 3.535 -14.9858 0.0832063 0 -4.5 0 0.758383 -0.539921 3 3 255
-3.92762 7.92188 -11.7686 0.758632 0 -4.5 0 -0.0779833 0.124323 255 81 81
-9.51972 -2.919 -30.0241 0.607718 0 -1.6 0 -0.339858 0.932326 100 100 254
31.1129 6.5025 -2.626 0.600195 0 -4.5 0 -0.157196 0.424402 3 3 254
17.29 9.0145 -26.3735 -1.08227 -0.436494 -0.4 0 0.0419604 0.771818 0 0 255
-3.20187 -4.269 -25.2199 1.14027 0.131954 3.8 0 -0.771091 0.636712 255 97 97
7.23225 11.0605 -27.9315 -0.161222 0 -0.7 0 -0.0873262 0.318477 0 0 255
-2.0395 -6.60362 -21.8746 -0.277625 0 3.8 0 -0.618122 -0.115657 255 90 90
11.8727 7.01125 -30.0123 0.108438 0 -1.6 0 -0.164096 -0.302119 0 0 255
24.5549 7.49725 -4.86631 -0.252786 0 -0.4 0 0.291668 0.619998 118 118 255
26.61 2.945 -3.338 -0.0231162 0.99809 -4.5 0 -0.530393 -0.254692 2 2 255
25.8246 -3.56781 -14.9574 -0.0656526 0 -3.5 0 -0.592592 -0.76261 0 0 255
5.5245 10.1353 -29.6111 -0.147992 -0.39687 -0.8 0 0.855536 0.399536 1 1 255
1.18619 -7.83319 -26.3144 -0.251033 0 4.17541 1 0.603707 -0.567125 255 1 1
-3.36912 -1.97337 -27.128 -0.0988219 -0.457801 -0.8 0 -0.970957 0.237513 255 184 184
4.0455 -5.8615 -16.3995 0.108134 0 1.8 0 0.0838715 -0.867732 255 60 60
26.331 0.824375 -7.94844 -1.19194 -0.304491 -1.32994 0 -0.00593607 -0.163884 0 0 255
-6.59 3.2175 -13.679 0.0423536 0 -4.5 0 -0.749856 -0.570583 224 224 255
-8.1385 -3.10681 -30.8732 0.811733 0 -1.6 0 -0.00302514 0.887057 120 120 255
21.095 3.133 -4.193 -0.482951 0 -3.5 0 -0.352704 0.535411 18 18 255
5.73594 11.3607 -23.1086 -1.07046 0 -0.8 0 -0.367321 0.573818 2 2 255
12.6024 -1.59025 -7.862 -0.258912 0 -3.5 0 -0.666083 -0.474306 42 42 255
-4.18875 1.63581 -13.0118 -0.576265 -0.593687 -3.69879 0 0.259582 -0.576897 241 241 255
14.4607 13.9189 -18.4815 -0.0862277 0 -1.54465 0 0.0341405 0.820839 15 15 255
25.6214 12.6199 -23.4537 -0.798403 0 -0.9 0 0.278105 0.763571 27 27 255
19.7083 -7.25875 -29.9198 0.136841 0 -3.5 0 0.037459 -0.226046 255 112 112
4.27537 -4.16888 -31.7766 0.528387 0.254041 4.5 0 -0.0503282 -0.260608 255 1 1
26.5961 -5.13494 -23.6176 0.429676 0 -1.6 0 0.214484 -0.00448094 3 3 255
20.9604 12.5398 -24.4533 -0.0218136 0 -0.435003 0 0.183532 0.565772 0 0 255
25.1522 -2.3145 -13.496 -0.629262 0 -3.5 0 0.0734017 -0.985937 0 0 255
20.468 -5.44675 -20.8722 0.0509547 0 -3.53867 0 0.938244 -0.345329 196 196 255
16.4075 14.8846 -18.6054 0.116347 0 -1.6 0 -0.326393 0.911029 3 3 255
-1.035 -10.6341 -23.7637 -0.00301166 0 3.8 0 0.189658 -0.981569 255 63 63
35.3574 4.03937 -11.5033 0.124307 0 -3.71982 0 0.52259 -0.783641 7 7 255
17.9094 14.9276 -18.2892 0.0145318 0 -1.6 0 0.385314 0.881177 4 4 255
-5.15444 -5.0525 -20.1265 -0.294324 0 -3.5 0 -0.0767018 -0.949276 208 208 255
13.4006 1.27444 -5.53062 -0.165143 0 3.8 0 -0.59316 -0.633104 122 122 255
23.8384 3.97725 -3.85506 -1.00531 -0.681983 -0.859238 0 0.0608745 -0.0455536 24 24 255
27.445 -0.43175 -7.54287 -0.251894 0 -4.5 0 0.233931 -0.156731 0 0 255
-3.441 10.3235 -14.162 -0.0421907 0 -4.5 0 -0.763014 0.633062 170 170 255
0.231187 11.7661 -25.8294 -0.00406278 0 -0.8 0 0.0203062 0.999302 0 0 255
27.7572 -1.77912 -9.05769 0.351907 0 -4.5 0 0.82797 -0.523492 0 0 255
-2.26419 9.77087 -21.1626 0.0980149 0 -3.36178 0 -0.798378 0.583073 0 0 255
11.3331 13.0841 -17.0991 -0.164348 0 -0.7 0 0.573901 0.676823 38 38 255
12.0188 -9.62925 -19.6807 0.355596 0 -3.9 1 0.171703 -0.93726 255 22 22
28.4872 -2.90538 -16.7805 -0.221695 -0.00689247 -3.5 0 -0.106911 -0.170014 0 0 255
-4.86619 4.04469 -16.2654 0.0615282 0 -0.9 0 -0.951246 0.270068 190 190 255
4.956 7.12025 -8.24825 -0.1048 0 4.5 0 -0.472264 0.669856 239 239 255
-6.25737 -3.47081 -18.9589 -0.309356 0 -3.5 0 -0.657787 -0.460131 122 122 255
14.9625 -7.897 -24.759 -0.922641 0 -0.7 1 -0.724224 -0.660326 255 38 38
-2.08363 4.10725 -27.9906 0.734883 0 -4.5 0 -0.757717 -0.00403675 0 0 255
-8.88962 -8.17838 -29.2913 0.87884 0 -1.6 0 -0.492897 -0.869986 101 101 255
15.5866 -6.68075 -6.6125 0.429007 0.306398 1.8 0 0.225615 -0.820512 2 2 255
0.262313 9.35375 -9.59906 -0.00819638 0 0.133546 0 -0.0931228 -0.740878 255 95 95
26.6803 13.6555 -21.3568 -0.836686 0 -0.9 0 0.255373 0.820948 13 13 255
32.3672 3.50875 -3.31006 0.573605 0 -4.5 0 0.628553 -0.673148 0 0 255
25.1827 -3.35331 -17.3178 -0.324874 -0.0994734 -3.97524 0 0.350643 -0.931369 0 0 255
10.2729 -1.56619 -9.96981 0.527333 0.143783 -2.92343 0 0.081974 -0.505335 102 102 255
6.82412 11.8006 -25.0279 -0.656105 -0.688755 -0.7 0 -0.921568 0.377975 1 1 255
-0.56 14.5381 -17.8479 -0.17792 0.138002 -3.42067 0 -0.262472 0.906949 0 0 255
24.7796 -6.56056 -31.8932 -0.203648 0 -0.8 0 0.388833 -0.116361 16 16 255
8.2005 0.103937 -30.0093 -0.146992 0 -3.5 0 -0.12385 -0.217981 255 56 56
1.4515 -5.6185 -31.5745 -0.15551 0 -3.9 1 0.679319 -0.524887 255 0 0
30.2885 12.3345 -9.5975 -0.192539 0 4.5 0 0.327901 0.447614 20 20 255
12.4706 1.23781 -6.07031 -0.0440897 0 -0.507712 0 0.0432727 -0.670892 80 80 255
-1.31938 13.9634 -17.1028 -0.115189 0 -3.3396 0 -0.862201 0.506358 6 6 255
4.90856 10.6019 -23.0726 -0.655821 -0.0880083 -0.8 0 -0.280682 0.607518 2 2 255
24.0467 -2.87287 -11.2944 -0.0100245 0 -4.5 0 0.353635 -0.852154 0 0 255
15.3171 -8.25062 -19.8113 -0.0570738 -0.0911086 -3.9 0 0.383144 -0.923688 255 91 91
11.4873 12.5763 -15.8962 0.292004 -0.202151 -0.7 0 0.659551 0.632746 31 31 255
31.3475 0.702 -10.4075 -0.651797 -0.100787 -4.35643 0 0.565447 -0.77752 1 1 255
8.17475 -4.20025 -28.112 -0.102038 0 4.5 1 0.664936 -0.426925 255 3 3
13.1174 -3.79513 -7.82438 -0.0404681 -0.0341405 1.8 0 -0.843368 0.520643 10 10 255
1.79513 11.1847 -26.0074 -0.154104 0 -0.8 0 0.600728 0.796151 0 0 255
14.1959 -3.21312 -28.3203 -0.626347 0 -0.7 1 0.0204331 0.252413 255 7 7
15.551 10.4898 -10.6484 -0.958785 0 -0.7 0 0.325375 0.686212 128 128 255
11.6239 -9.98925 -17.6681 0.429327 0 -3.9 1 0.130258 -0.989192 255 15 15
10.1346 -2.43475 -28.2582 -1.1868 0 -3.5 1 -0.172088 -0.939048 255 4 4
29.5452 11.9327 -4.82 -0.236674 0 4.5 0 -0.872191 0.126795 22 22 255
8.85125 12.2345 -15.4415 -0.00535336 0 -0.7 0 -0.359858 0.878052 47 47 255
14.0926 11.1749 -11.4672 -0.401298 0 -0.7 0 -0.00102725 0.959509 139 139 255
16.3848 -7.8755 -19.3223 -0.216306 -0.133092 -3.67958 0 0.520595 -0.853746 255 145 145
27.3418 -3.09994 -26.3542 0.405855 0 -1.6 0 0.441918 0.865837 6 6 255
10.0133 14.9122 -21.2255 -0.3607 0 -1.3 0 -0.0257605 0.898747 17 17 255
-9.71387 -4.82081 -28.415 0.319016 0 -1.6 0 -0.662975 0.0960909 48 48 255
-1.0935 -3.8595 -9.08925 -1.13572 -0.840556 -3.5 0 -0.511062 -0.0679682 255 172 172
24.6585 13.7627 -14.926 -0.42351 -0.158241 -0.7 0 -0.386316 0.872476 6 6 255
32.1934 6.35537 -15.3495 -0.0192118 0 -3.7994 0 0.0415727 0.64317 7 7 255
-8.67925 -5.81087 -26.7185 0.610818 0 -3.2 0 -0.870249 0.361856 71 71 255
24.0569 -7.51725 -25.1912 0.0617357 0 -1.21404 0 0.225925 -0.937581 97 97 255
19.8507 14.0393 -19.6745 -0.214981 0 -1.30096 0 0.0831026 0.986963 3 3 255
10.0863 -0.18575 -7.91625 0.462247 0 -3.5 0 -0.440359 -0.78769 73 73 255
14.5744 -7.045 -8.99575 0.461345 0 0.247791 0 -0.0684167 -0.848361 15 15 255
1.469 -6.5805 -30.074 0.109238 0 0.711992 1 0.819229 -0.565059 255 0 0
-5.52338 7.46838 -24.7574 0.614493 0 -3.5 0 -0.84383 0.393521 0 0 255
6.86875 -4.22425 -31.3375 -0.0918384 0 4.5 0 0.460998 0.199934 255 4 4
32.6909 4.20425 -5.75913 0.577131 0.0329339 -4.5 0 0.862204 -0.505743 0 0 255
9.96094 11.5792 -26.6814 -0.142372 0 -0.7 0 0.728456 0.54979 0 0 255
26.2782 -6.74113 -26.3773 0.603241 0 -1.6 0 0.0185939 -0.987719 9 9 255
19.8008 8.39275 -24.5239 -0.023247 0 -3.5 0 0.32255 -0.0114396 32 32 255
-4.68888 -10.5118 -24.8946 -0.546038 0 -3.2 1 0.556276 -0.74323 255 109 109
11.495 -2.66625 -26.3692 -0.398828 -0.212274 -3.5 1 -0.764606 -0.583271 255 5 5
-2.4185 -0.901781 -35.8633 1.66035 0.0504987 -3.9 0 0.276415 0.618892 16 16 255
-4.935 1.4895 -23.985 0.279246 0 -2.25316 0 -0.645642 -0.217902 122 122 255
-1.89106 -4.11237 -34.4895 0.979044 0 -3.9 0 0.940792 -0.243785 255 53 53
-4.20587 -1.63287 -34.6871 2.50083 0 -3.9 0 -0.410782 0.789916 142 142 255
15.8812 6.18625 -5.67013 -0.134957 0 -2.49445 0 -0.865809 0.49492 255 253 253
5.99269 -3.93425 -25.7515 -0.124514 0 4.5 1 0.96698 -0.101788 255 1 1
22.3899 6.17987 -25.346 -0.429525 0 -2.16994 0 -0.235595 0.42072 135 135 255
-0.290188 -3.84444 -8.17225 -0.261657 0 3.8 0 -0.942614 -0.0640631 255 138 138
15.4579 -4.084 -28.6976 -0.459781 0 -0.7 1 -0.103842 0.0394565 255 11 11
17.9745 9.99275 -25.7835 -0.368207 0 1.8 0 0.0689834 -0.028583 0 0 255
21.7577 -1.15025 -27.163 -0.178813 0 3.8 0 0.776476 0.586027 170 170 255
25.8419 -7.08169 -25.3877 0.517539 0 -1.6 0 0.0867368 -0.995373 15 15 255
4.486 11.5786 -10.5433 0.0414388 0 3.8 0 0.325315 0.699855 168 168 255
22.2944 -4.13375 -19.9158 0.604936 0 -4.5 0 0.362355 -0.858299 63 63 255
22.2626 -4.5215 -23.5046 -0.100986 0 -0.8 0 0.210322 -0.138436 193 193 255
23.3866 2.94688 -3.2525 -1.71098 0 -3.5 0 0.0289603 0.59501 6 6 255
-2.27025 2.643 -28.5365 0.625939 0 -4.5 0 -0.573286 0.222053 2 2 255
8.18 7.56425 -8.755 0.0239777 0 2.93937 0 0.117177 0.57274 196 196 255
36.1216 4.44925 -12.2446 -0.0771629 0.270768 -4.10926 0 0.536785 -0.843467 9 9 255
2.67838 12.9503 -14.0241 0.130073 0 -3.5 0 0.469445 0.847331 114 114 255
-0.753375 13.3579 -11.3146 0.3574 0 -1.6 0 -0.397002 0.913509 255 112 112
2.98969 10.0677 -30.5445 0.00358226 -0.19317 -0.8 0 -0.718878 0.488084 0 0 255
3.8435 4.1245 -9.67175 0.549305 0.206986 -3.5 0 -0.443399 -0.31316 89 89 255
4.18669 8.56825 -31.6766 0.0209481 0 -0.8 0 0.176296 -0.184317 2 2 255
12.9889 3.90106 -5.63556 -1.07392 0 -3.5 0 -0.211791 0.457274 118 118 255
4.37116 -9.2585 -11.151 0.175108 0 -3.5 0 -0.746616 -0.521787 255 109 109
-5.1395 3.97969 -18.0534 0.0295047 0 -0.81813 0 -0.803771 0.410365 85 85 255
12.6267 10.3135 -24.3687 0.17378 0 2.8 0 0.32047 0.745016 0 0 255
20.1637 -9.3475 -27.1138 0.0334287 0 -3.5 0 0.740304 -0.63598 232 232 255
-5.9585 -3.20375 -24.911 -0.0967559 -0.26374 -3.42977 0 0.563677 0.591231 141 141 255
-8.21725 -1.19788 -16.5485 -0.0769201 0 -3.5 0 -0.972399 -0.230602 50 50 255
14.331 -6.304 -24.133 0.269374 0 -0.7 1 -0.676171 -0.693299 255 25 25
23.2316 -1.85056 -5.47406 0.15052 0.885441 -4.5 0 0.421209 0.0419651 0 0 255
12.4002 -4.48106 -26.1396 -0.112039 0 -0.7 1 -0.878287 -0.350435 255 4 4
-1.99725 -7.23475 -11.0805 0.0451385 0 -3.5 0 0.484616 -0.381036 255 53 53
24.9147 5.0915 -22.0257 -0.76965 0 -3.5 0 0.88514 -0.430635 255 184 184
0.639625 -9.69375 -21.857 0.25621 0 1.9 0 0.487212 -0.862159 255 53 53
27.0725 -2.9935 -12.1795 0.153384 0 -3.5 0 -0.0474699 -0.887626 0 0 255
15.7337 0.723562 -4.37913 -0.14904 0 3.8 0 0.320996 -0.496331 99 99 255
19.9107 -0.357625 -5.52588 -0.0626106 0 -4.5 0 -0.0933732 -0.028022 10 10 255
34.3115 3.58612 -15.9757 -0.0718691 0 -4.5 0 0.443937 -0.69548 3 3 255
17.5141 -9.42669 -25.6735 -0.718374 0 -3.5 0 -0.540407 -0.79748 255 70 70
-6.75419 1.69431 -17.6086 0.542908 0 -3.5 0 -0.632372 0.733079 50 50 255
31.9001 7.59219 -15.0559 -0.0397821 0 -0.7 0 0.712637 -0.079833 7 7 255
19.8792 -5.13688 -31.6005 -0.142302 0 -3.5 0 -0.34717 -0.678178 255 107 107
-1.85675 0.603813 -35.4941 3.12784 0 -3.9 0 -0.272665 0.261847 1 1 255
-1.99162 6.74575 -27.7228 1.30417 0 -4.5 0 -0.798653 0.345562 0 0 255
20.364 10.0155 -11.2939 -0.650946 0 2.22527 0 -0.464958 0.864888 237 237 255
2.76394 11.9697 -8.30037 0.48443 0 -1.6 0 0.784762 0.291681 255 170 170
0.108125 -10.2432 -23.3601 0.0344133 0 3.8 1 0.559546 -0.82697 255 36 36
-1.95919 12.4082 -17.0944 -0.163725 -0.433783 -3.35302 0 -0.882974 0.418975 5 5 255
17.1644 -3.2525 -6.5735 0.090533 0 -2.35648 0 0.014075 -0.224715 2 2 255
14.9029 -6.64306 -13.3141 0.445669 0 -3.5 0 0.95828 0.284347 42 42 255
21.6003 0.354937 -30.0361 0.0484114 0 -3.5 0 0.553751 0.827909 255 193 193
0.44575 -5.40969 -10.8728 -0.448409 0 1.33446 1 0.19726 -0.959045 255 74 74
6.35575 -4.37025 -7.89825 -0.826524 -0.118782 -0.8 0 0.358804 -0.0383111 118 118 255
22.5744 -4.24038 -5.21788 0.337458 0 -4.5 0 -0.461978 -0.245437 0 0 255
8.63456 2.03431 -6.76306 0.0234935 0 -1.38159 0 -0.641988 -0.690563 130 130 255
22.6265 13.1182 -14.6006 -0.253326 -0.169008 1.37489 0 0.0165864 0.948542 84 84 255
1.43544 -5.96362 -7.91381 -0.147982 0 3.8 1 -0.336811 -0.935668 255 114 114
-4.24388 -3.2345 -16.1899 -1.37339 -0.211238 -3.5 0 -0.151543 -0.968805 102 102 255
-7.69325 -3.90275 -22.174 -1.35511 -0.279686 -3.5 0 -0.805604 -0.592402 75 75 255
16.6653 -7.83175 -12.9755 1.01946 0.107053 -3.5 0 0.0965763 0.821049 37 37 255
18.5509 1.80556 -5.04281 -0.0786322 0 3.8 0 -0.0253523 -0.362642 38 38 255
-7.93419 -1.78309 -15.3015 -0.207975 0 -3.5 0 -0.877155 -0.468875 126 126 255
15.8904 6.20706 -8.57731 0.00821604 0 -3.5 0 -0.532262 0.677837 113 113 255
7.22006 8.47675 -28.5256 -0.500147 -0.131255 3.8 0 0.380952 0.201409 0 0 255
4.92722 -7.17706 -29.9402 -0.0257447 0 4.5 1 -0.67942 -0.731079 255 1 1
27.463 -3.62481 -16.5152 0.155235 0 -3.5 0 -0.0288063 -0.498347 0 0 255
23.1833 -2.88006 -23.7759 -1.13855 -0.822599 3.8 0 0.718488 -0.0671477 212 212 255
14.3495 2.6675 -4.11837 -0.154364 0 3.8 0 -0.411982 0.347648 233 233 255
24.6844 14.4879 -19.1503 -0.110165 0 -0.9 0 -0.316906 0.875928 3 3 255
0.645875 8.13412 -29.9602 2.94953 0 -3.66044 0 -0.15788 0.789042 0 0 255
3.59669 10.1272 -9.28119 0.0689168 0 1.84223 0 0.519138 -0.129666 255 204 204
7.43638 -10.3177 -19.4927 2.5179 0.263378 -3.9 1 -0.509273 -0.547583 255 18 18
-2.35631 10.6954 -10.3249 0.336121 -0.0231772 -1.6 0 -0.821127 -0.135386 255 122 122
9.378 13.3547 -23.3713 0.00824372 0 -0.954131 0 0.0410014 0.868037 3 3 255
30.6288 1.27069 -6.31838 0.170554 0.45468 -4.03145 0 0.618752 -0.7633 0 0 255
27.606 -2.18937 -17.1008 -0.00195258 0 -3.5 0 0.264323 -0.248335 0 0 255
16.3346 11.6046 -15.0109 -1.35758 -0.171393 -0.7 0 0.106021 0.914377 112 112 255
23.0436 -2.91925 -12.5033 -0.352479 -0.706247 -3.5141 0 0.242529 -0.915868 0 0 255
0.8625 9.3985 -28.6213 1.27909 0.15204 -0.8 0 -0.182878 0.547052 0 0 255
7.25869 -7.382 -15.1056 0.336934 0 1.8 0 0.120553 -0.970415 255 123 123
-7.87113 -5.19112 -25.4221 0.258718 0 -3.2 0 -0.853009 0.428343 89 89 255
11.9739 3.02781 -29.1114 -1.67143 0 -0.8 0 0.34174 -0.10843 72 72 255
15.2472 11.3477 -13.6067 -0.789736 -0.146338 -0.7 0 -0.0342048 0.994974 76 76 254
18.8308 4.14581 -27.1431 -0.119994 0 2.01068 0 0.126965 0.341945 121 121 255
32.2487 9.99362 -1.91275 -2.69128 -0.487458 4.5 0 0.130984 -0.0386559 7 7 255
30.779 14.5199 -8.40487 -0.168575 0 4.5 0 0.0891721 0.849555 88 88 254
25.7623 -2.90112 -25.8617 0.0814978 0 -1.6 0 0.201883 0.830476 56 56 255
14.7946 6.96987 -9.46912 0.0827781 0 -1.91254 0 -0.0718204 0.345982 87 87 254
21.925 -3.50825 -20.944 1.12232 0 -4.5 0 0.436614 -0.803478 161 161 255
13.2737 -7.65275 -9.13363 0.307126 0 -1.6 0 0.267299 -0.836987 47 47 255
-5.87725 3.85275 -11.5992 -0.0636497 0 -4.5 0 -0.336911 -0.248058 255 231 231
-1.6445 -2.179 -30.1691 0.353294 0 -3.9 0 -0.899808 0.43241 255 237 237
6.40088 12.4124 -22.6278 -0.6464 0 -0.721629 0 -0.447992 0.744764 2 2 255
-3.14112 0.24325 -25.1615 0.124736 0 3.8 0 -0.866159 -0.296929 178 178 255
16.1016 1.10444 -28.0851 -0.340997 0 3.8 0 0.245447 0.235383 255 186 186
-1.186 10.8185 -22.0105 -0.223652 0 -1.30395 0 -0.277881 0.950007 0 0 255
7.52313 -7.88 -20.8345 0.72057 0.594869 -3.5 1 -0.734303 -0.673376 255 20 20
9.36038 -3.51675 -23.5545 0.235494 0.028475 -3.5 1 -0.355242 -0.348554 255 6 6
16.203 8.682 -9.337 -0.28455 -0.921318 -0.7 0 0.0780915 0.596163 167 167 255
26.3776 10.8409 -8.0655 -0.516599 -0.911425 -0.8 0 -0.471861 0.831069 79 79 255
16.1651 -8.78369 -26.7112 -0.592593 -0.73277 -1.31664 1 -0.562477 -0.80079 255 36 36
-4.98231 -5.8775 -34.7452 0.312471 0 -3.9 0 -0.166756 -0.818082 255 72 72
-2.32375 8.48131 -17.1645 0.54498 0 -4.5 0 -0.831431 -0.0189912 5 5 255
-3.13144 -10.1862 -25.1795 -0.0677871 0 3.8 1 -0.120112 -0.878163 255 30 30
32.1991 13.9786 -7.02606 -0.224046 0 4.5 0 0.587696 0.796214 105 105 255
5.64356 -2.62306 -8.19656 0.20409 0 3.70378 0 0.479347 0.437405 180 180 255
28.3964 10.8086 -11.663 -0.226445 0 -0.150906 0 -0.242368 0.968136 17 17 255
-7.313 -6.7085 -23.812 0.136539 0 -3.2 0 -0.717292 0.174117 134 134 255
2.56888 12.6097 -12.746 0.316672 0 -0.985726 0 0.279427 0.946309 230 230 255
9.48263 -7.89844 -21.5504 0.307948 0 -3.5658 1 0.171821 -0.598045 255 11 11
20.4014 -10.0414 -13.5115 -0.649285 -0.0332795 -3.5 0 0.901724 0.335124 59 59 255
-0.21475 -8.1535 -19.9805 -0.0870224 0 1.9 0 -0.787311 -0.188436 255 81 81
0.270312 3.97487 -30.6814 -0.348271 0 -4.281 0 -0.492934 -0.0633075 1 1 255
28.5542 1.91688 -18.9514 -0.199252 0 -0.8 0 0.814291 -0.254068 6 6 255
18.818 11.7921 -14.5089 -0.212869 0 3.8 0 -0.518779 0.478889 139 139 255
-7.49837 -8.84313 -28.0968 0.188369 0 -1.84246 0 -0.134777 -0.828947 230 230 255
10.799 -10.337 -19.258 0.63534 0 -3.9 1 0.242358 -0.92025 255 8 8
-5.54694 -8.16031 -30.1464 0.204274 0 -1.6 0 0.162373 -0.986637 255 142 142
0.2985 0.86175 -10.5 -0.11764 0 2.48163 0 -0.320253 0.648675 255 196 196
19.5405 9.12925 -7.5025 0.104125 -0.111102 -3.5 0 -0.139462 0.934063 255 65 65
20.54 -9.09725 -29.678 0.0868928 0 -2.62894 0 -0.146 -0.64243 255 110 110
-1.70212 9.58244 -27.0324 0.549644 0.0652377 -0.8 0 -0.792745 0.340567 0 0 255
-4.47125 -7.14512 -23.1493 0.146001 0.248263 0.773136 0 0.0184322 -0.150349 255 97 97
13.7636 9.72069 -28.1593 -0.0177539 0 -1.6 0 0.507766 0.846558 0 0 255
25.9104 -2.804 -18.4732 0.246148 0.0270154 -4.5 0 0.788221 -0.527056 0 0 255
-2.82325 0.067375 -34.1362 4.81449 0.0979138 -3.9 0 -0.966444 0.209219 11 11 255
8.34494 -7.34544 -8.68519 -0.0272593 0 -1.6 0 -0.0089376 -0.530319 170 170 255
9.18819 6.05856 -7.53075 0.0503149 0 4.5 0 0.306803 0.736658 255 220 220
24.653 -2.14412 -6.31175 0.621339 0 -4.5 0 0.562561 0.237494 0 0 255
10.5626 -4.73747 -8.29887 0.341069 0 -1.6 0 -0.114027 0.632454 80 80 255
12.0315 14.1031 -22.5327 -0.33102 0 -1.3 0 -0.0131979 0.75871 1 1 255
-1.49475 -4.04606 -19.7178 -0.541085 0 2.82558 0 -0.195465 -0.85498 255 197 197
26.268 -5.24925 -30.1922 -0.117507 -0.0248622 -1.6 0 0.891935 -0.122199 10 10 255
4.88569 5.79444 -7.50281 -0.0460629 0 4.5 0 -0.727015 -0.104292 149 149 255
-1.56419 -1.59156 -34.7124 2.16527 0.506377 -3.9 0 0.764326 -0.306344 129 129 255
25.894 -7.157 -31.187 -0.0929517 0 -0.8 0 0.82495 -0.173887 9 9 255
16.9005 -12.516 -12.7971 -0.0851818 0 -3.5 0 0.0800796 -0.995616 156 156 255
17.2446 -9.52437 -22.9814 -1.35875 0 -3.5 0 -0.501738 -0.858185 255 88 88
30.7785 0.62025 -7.93013 -1.00416 -0.0678225 -3.5 0 0.447836 -0.78344 0 0 255
6.53675 -1.66875 -8.82837 0.00982727 0 -0.8 0 0.109926 0.370612 210 210 255
26.8119 5.94006 -20.3814 -0.559286 0 4.2 0 0.40695 -0.805253 255 146 146
7.98987 -6.15219 -31.0373 -0.123394 0 4.5 1 0.814305 -0.18515 255 4 4
0.544 14.163 -19.9021 -0.731809 0.194913 -3.2 0 0.00923982 0.884751 0 0 255
9.31688 0.73225 -8.02038 0.178931 0.285862 -3.5 0 -0.783809 -0.540815 93 93 255
3.24825 -6.053 -29.8186 -0.0267732 0 4.5 1 -0.300958 -0.948373 255 0 0
26.2272 -3.5335 -25.0046 0.323686 0 -1.6 0 0.160317 0.895865 9 9 254
10.9292 15.6779 -19.5839 -0.386763 0 -1.3 0 0.106631 0.990234 38 38 255
14.1444 10.9159 -13.9839 -0.683136 0 -0.7 0 -0.189129 0.973492 95 95 254
-5.72038 -8.82312 -28.0747 -0.516836 -0.46029 3.8 0 -0.0423402 -0.863402 255 190 190
-0.3075 0.07 -9.816 -0.394165 -0.541122 -0.4 0 -0.344275 0.804063 255 184 184
9.24606 -1.14675 -30.1838 -0.764235 -0.0685222 -3.5 0 -0.344339 -0.189721 255 27 27
-5.18663 -9.59756 -26.8016 -0.305842 0 1.65411 0 0.340602 -0.817392 255 126 126
20.592 -3.41663 -13.6543 -0.258942 0 2.8 0 0.644829 -0.749372 3 3 255
-1.38275 5.92606 -12.2928 0.311525 0.0381177 -3.55086 0 -0.161541 0.179474 255 68 68
-8.493 -8.30219 -30.5549 -0.0844635 -0.646994 -1.6 0 -0.422169 -0.9063 167 167 255
14.563 8.081 -26.6322 -0.340063 0 -1.6 0 0.434331 0.886057 0 0 255
25.4295 5.4185 -20.7957 -1.21627 0 3.8 0 0.664591 -0.471275 255 127 127
26.3387 14.5552 -14.8727 -0.209725 0 -0.7 0 0.0636085 0.838813 14 14 255
18.0259 -8.47844 -15.1307 0.196465 0 -3.5 0 0.338707 0.936084 98 98 255
0.958 -7.007 -28.0005 -0.297303 0 3.01616 1 0.839442 -0.513012 255 0 0
22.2874 9.08113 -5.96263 0.31484 0 1.8 0 -0.236091 0.609826 255 216 216
30.057 6.92875 -17.7545 0.0424712 0 4.2 0 0.815632 -0.574503 10 10 255
-2.01187 10.67 -22.8929 -0.421557 -0.0311847 -1.19959 0 -0.502033 0.727063 0 0 255
2.66162 -6.20713 -9.11044 -0.136128 0 3.8 1 -0.467357 -0.873658 255 131 131
28.0471 6.25975 -19.9965 -0.31222 0 4.2 0 0.573018 -0.580533 183 183 255
30.4609 -1.26894 -14.4286 0.206262 0 -4.5 0 0.846264 -0.513457 2 2 255
-4.64069 -3.76775 -12.8028 -0.527719 -0.244028 -3.5 0 -0.990985 0.0617774 152 152 255
14.1018 14.4776 -20.2699 0.0869903 0 -1.3 0 0.177239 0.984152 2 2 255
12.5976 0.195375 -29.2596 -1.28394 0 0.261403 0 0.621926 0.314439 255 40 40
-4.70587 -0.143875 -23.5473 -0.434643 -0.210493 -1.09203 0 -0.338768 -0.00442373 108 108 255
-2.80425 -8.756 -27.5572 -0.680018 -0.227796 3.8 1 0.121501 -0.984682 255 54 54
5.77019 -6.19875 -27.5505 -0.0566441 0 4.5 1 0.532551 -0.769329 255 1 1
8.8355 -2.0555 -25.5635 -0.0401939 0 -0.4 1 0.140268 -0.928894 255 5 5
6.33056 -7.26881 -17.681 0.49409 0 1.8 0 -0.704317 -0.670126 255 31 31
20.6921 13.1674 -17.5094 -0.0907357 0 3.8 0 0.039784 0.991314 5 5 255
19.4465 10.5479 -13.1065 -0.0770159 0 3.8 0 -0.290518 0.698022 82 82 255
6.918 5.80044 -28.6121 0.120345 0.825942 3.8 0 0.109887 -0.129768 67 67 255
26.2344 3.86438 -3.8355 -0.180987 0.560232 -4.21587 0 -0.334663 0.100068 8 8 255
-8.41362 -5.94244 -32.08 0.391031 0 -1.6 0 -0.296691 -0.066516 217 217 255
12.9276 11.3804 -23.6371 -0.0772828 0 2.06109 0 0.119661 0.266505 0 0 255
5.402 -6.48338 -19.981 -0.12885 0 1.9 1 0.102316 -0.974517 255 28 28
4.82631 -4.72113 -13.3429 -0.69162 0 2.01956 0 -0.410138 -0.8843 255 85 85
1.16306 11.5122 -27.2846 -0.0182559 0 -0.8 0 0.186639 0.919396 0 0 255
0.88225 1.4835 -33.8334 1.29752 0 -3.9 0 0.536856 0.697667 2 2 255
14.716 12.811 -23.509 -0.0334476 0 -1.3 0 -0.0106806 0.343614 0 0 255
-5.36272 -2.28113 -23.9984 -1.94419 -0.472773 -3.5 0 0.0109108 0.357985 115 115 255
3.6275 -1.6485 -6.76075 -0.0633824 0 3.8 0 0.161229 0.894432 239 239 255
26.1539 -2.766 -13.6441 0.405163 0 -3.5 0 -0.577649 -0.695339 0 0 255
10.3296 -9.38863 -16.2161 0.637383 0 4.2 0 -0.518207 -0.693916 255 69 69
-3.22288 -1.09806 -12.3904 -0.798816 -0.521362 -2.84435 0 -0.583023 0.551061 129 129 255
-3.681 6.531 -16.3775 0.256591 0 -4.5 0 -0.754473 0.250233 53 53 255
22.7555 13.5614 -18.85 -0.448651 0 1.48513 0 0.00818958 0.907248 4 4 255
2.16344 1.13812 -32.2131 -0.815817 0 -3.80776 0 0.484244 0.211997 100 100 255
18.3748 -8.83288 -16.5312 0.294585 0.619564 -3.5 0 0.348232 0.295888 105 105 255
21.4048 -8.41175 -27.6105 0.988906 0.0767814 -3.15197 0 0.366757 -0.898462 237 237 255
4.93794 12.8302 -15.9649 -1.3803 -0.782988 -2.62297 0 0.284342 0.876562 53 53 255
-0.338062 -4.66594 -6.8855 -0.178869 0 3.8 0 -0.945745 -0.105937 255 69 69
-0.474875 -9.38731 -28.7745 -0.0678548 0 1.8 1 0.236171 -0.885886 255 5 5
9.8085 3.83625 -5.86587 -0.024272 0.0615281 3.21811 0 -0.1386 0.477619 179 179 255
6.77688 11.1265 -10.2375 -0.199143 0 3.8 0 0.0535662 0.613658 83 83 255
28.4761 -3.74038 -27.5036 0.0730405 0 -1.6 0 0.736252 0.606302 2 2 255
29.5672 6.59275 -16.8124 0.301843 0 4.2 0 0.778277 -0.566462 3 3 255
1.11125 -0.093 -8.39412 -1.7918 -0.193819 -0.4 0 -0.049404 0.722488 251 251 255
16.5174 5.467 -4.67119 -0.157607 0 1.2211 0 -0.565246 -0.099972 162 162 255
-10.7911 -5.38 -29.1852 0.217925 0 -1.6 0 -0.845887 0.0165568 14 14 255
17.4711 -11.0472 -31.0246 0.200023 0 -3.5 1 0.0888704 -0.609311 255 2 2
2.76594 9.90775 -25.5046 -0.231092 -0.0456229 -0.8 0 0.497696 0.864833 1 1 255
6.56287 11.8241 -23.577 -0.842664 0 -0.797347 0 -0.820844 0.430974 1 1 255
-4.17825 -6.8825 -33.411 0.268388 0 -3.9 1 0.0886254 -0.716129 255 41 41
24.7188 14.683 -20.6899 -0.309621 0 -0.9 0 0.00932792 0.957454 7 7 255
19.239 -7.50987 -20.541 -0.272918 0 -3.5 0 0.593955 -0.274988 194 194 255
7.12681 -8.45669 -16.6436 1.15758 0.25747 -3.5198 0 -0.593542 -0.530609 255 47 47
35.3597 3.32063 -13.7044 0.583461 0 -4.5 0 0.735868 -0.65573 5 5 255
18.4007 2.02425 -27.3745 -0.175729 0 2.9159 0 -0.322406 0.513284 255 232 232
-2.46863 -10.6621 -23.7598 -0.0315368 0 3.8 0 -0.164506 -0.98603 255 48 48
11.6394 0.6015 -29.8275 -1.7654 0 -3.5 0 0.493826 0.416958 255 135 135
5.74038 -6.1965 -26.2179 -0.046944 0 4.5 1 0.52807 -0.711964 255 1 1
20.0183 6.96169 -5.10162 -0.231524 0 -3.5 0 0.239704 0.229188 197 197 255
13.5435 5.6065 -7.94125 0.0753184 0 -3.5 0 0.133755 0.732978 84 84 255
6.44631 -11.1018 -9.98713 0.279931 0 -3.5 0 0.490413 -0.853595 255 194 194
27.6537 11.4315 -23.0311 -0.297901 0 -0.9 0 0.651059 0.301471 55 55 255
-1.8295 12.6715 -12.8085 0.0565588 -0.0320166 -1.72969 0 -0.66872 0.730456 255 195 195
17.4572 -4.14878 -30.0137 -2.19608 -0.272673 -3.5 1 -0.911234 0.0932656 255 46 46
22.9317 -7.90712 -26.7669 0.813248 0.0330912 -0.8 0 0.269339 -0.936589 198 198 255
23.2105 -2.8895 -21.0847 0.598459 0.134768 -4.5 0 0.538748 -0.574645 44 44 255
25.9312 13.4388 -13.7706 -0.377412 0 -0.7 0 0.264561 0.633774 13 13 254
7.92125 9.87263 -27.8326 -0.640538 0 2.70232 0 0.116761 0.207379 0 0 255
11.8073 -4.80356 -7.53819 -0.0192178 0 0.14888 0 -0.660677 0.663761 31 31 255
32.2674 1.64075 -10.3045 -0.70128 -0.310454 -4.06469 0 0.820382 -0.488492 1 1 255
3.98587 -4.5865 -5.93113 -0.13005 0 3.8 0 0.492075 -0.522149 255 213 213
1.086 15.4008 -15.3362 -0.337199 0 -3.5 0 0.645354 0.745768 51 51 255
17.4439 -9.21075 -24.377 -1.64256 0 -3.31305 0 -0.399751 -0.915004 255 72 72
15.0184 9.24813 -9.36438 -0.950678 -0.774122 -0.7 0 -0.033464 0.358399 154 154 255
9.28844 -0.5315 -9.21838 0.400711 0 -3.5 0 -0.259927 -0.447296 104 104 255
27.853 0.812 -7.3325 -0.397556 -0.0403942 -4.3186 0 -0.169225 -0.649894 0 0 255
11.1874 -8.596 -8.80637 -0.0103741 0 -1.6 0 -0.124014 -0.925614 110 110 255
15.4517 -11.6892 -14.7044 0.0645158 0 4.2 0 0.181755 -0.930897 255 173 173
-9.42962 -7.55788 -31.6875 0.0764512 0 -1.6 0 -0.526174 -0.54572 162 162 255
31.0551 10.324 -9.609 -0.627858 0 -1.90731 0 0.705652 0.660558 3 3 255
33.9173 6.3685 -6.75387 -0.180213 0 -4.5 0 0.92181 -0.385617 0 0 255
20.6723 4.63 -26.4468 -0.214864 0 4.5 0 0.0287739 0.710527 213 213 255
21.3997 13.8265 -22.2125 0.0450159 -0.112245 -0.9 0 -0.09068 0.979763 1 1 255
10.8255 9.9595 -28.2825 0.00124528 0 -1.4026 0 -0.0683355 0.868771 0 0 255
30.07 -0.277 -11.806 0.588576 0.00184898 -4.5 0 0.361734 -0.864975 1 1 255
29.0826 0.809875 -5.49725 0.0142737 0 -4.5 0 -0.0284132 -0.999391 0 0 255
11.6253 11.0716 -10.9669 -0.41366 0 -1.5442 0 0.413859 0.637022 147 147 255
-4.0235 -4.48362 -26.041 0.867502 0.153475 -3.2 0 -0.179125 0.883944 255 134 134
26.4902 8.93506 -24.3213 -0.698609 0.30656 -1.4274 0 0.690158 0.188645 255 239 239
25.9257 2.49056 -21.2527 -0.32039 0 -0.442158 0 0.898328 0.17306 51 51 255
-1.65281 -0.503375 -30.0873 0.460082 0 -3.9 0 -0.988834 0.146233 95 95 255
11.0585 -7.56675 -21.4013 0.242458 0 -3.9 1 -0.0566992 -0.344325 255 18 18
33.1061 11.4165 -7.29856 -0.488133 0 4.5 0 0.883563 0.102357 11 11 254
28.8577 1.00688 -4.165 0.0306948 0 -4.5 0 -0.00971197 -0.840874 0 0 255
-4.56012 3.78025 -26.1694 0.539576 0.0758136 -4.39746 0 -0.802845 -0.0713925 6 6 255
18.456 13.973 -16.7579 -0.0837386 0 -1.20084 0 0.172388 0.875949 21 21 255
3.998 -4.61825 -14.2225 0.320887 0 -0.8 0 0.283621 -0.952796 255 83 83
14.3654 -1.50587 -27.6389 -0.806632 0 -0.0205501 1 0.190435 -0.136903 255 8 8
-5.64738 -3.15913 -35.8923 2.04576 0 -3.9 0 -0.93285 0.257825 255 230 230
20.7445 10.5771 -12.538 -0.221675 0 4.2 0 -0.504262 0.690394 138 138 255
22.9921 7.7875 -4.6605 -0.226083 -0.0242278 1.70356 0 -0.259674 0.439187 191 191 255
29.5737 11.4223 -13.7649 -0.0133447 0.043005 -0.7 0 -0.335466 0.938462 12 12 255
-6.29775 4.50106 -20.848 -0.670995 -0.767436 -0.9 0 -0.899423 0.435235 6 6 255
12.606 11.887 -16.7745 -0.321533 -0.525801 -0.930332 0 0.275751 0.660905 42 42 255
6.14813 13.0866 -12.7485 -0.137576 0 3.8 0 0.257889 0.949172 99 99 255
28.7307 10.3165 -6.18531 0.0560153 0.260477 -0.8 0 -0.67609 -0.121475 22 22 254
18.0518 -5.929 -12.3997 -0.0760064 0 -3.5 0 0.126954 -0.235325 9 9 254
-4.60044 9.15963 -23.4128 0.352709 0 -3.5 0 -0.689988 0.67073 0 0 255
2.18112 -5.27031 -12.7597 -0.847535 -0.332109 1.65415 0 0.358383 -0.933275 255 77 77
34.1775 9.04775 -9.84075 -0.373337 -0.0141023 -3.5 0 0.451407 0.892246 4 4 255
29.9494 13.0554 -4.9595 -0.241349 0 4.5 0 -0.899111 0.161985 30 30 255
7.11662 2.38713 -8.416 -0.106387 -0.0310068 4.5 0 -0.4712 -0.732165 138 138 255
16.5694 10.7744 -13.1131 -0.22844 0.112082 -0.7 0 0.278213 0.936352 63 63 255
21.4046 11.5641 -24.6327 -0.270018 0 -0.9 0 0.128899 0.00532526 6 6 255
3.93625 6.31425 -8.85863 -0.612871 -0.201511 -1.58929 0 -0.418555 -0.0930706 179 179 255
8.40075 5.24963 -29.0642 -0.728329 -0.369134 -3.5 0 -0.465165 0.435985 65 65 255
-5.5665 7.836 -23.3339 0.419626 0 -3.5 0 -0.805972 0.479683 0 0 255
17.0313 14.5394 -21.2703 0.98587 0 -0.594023 0 0.0350599 0.938743 1 1 255
-3.98606 -1.91106 -24.0528 -1.15668 -0.0143289 -3.5 0 -0.519872 -0.0152539 244 244 255
18.0193 -2.52975 -31.5177 -1.66826 -0.475493 -3.5 0 -0.949433 -0.0644546 255 57 57
17.1405 -4.98844 -7.1285 0.253501 0 -0.339825 0 0.517291 -0.185077 3 3 255
1.911 5.33213 -10.0674 -0.219906 -0.41348 -3.5 0 -0.502007 -0.223297 255 236 236
12.5305 -3.37244 -28.0483 -0.861827 -0.271099 -2.04615 1 -0.503654 -0.600177 255 6 6
-0.840625 -5.7625 -20.9107 -0.392362 -0.0359791 0.42002 0 -0.550333 -0.29003 255 92 92
7.13225 5.72363 -6.40312 -0.0521473 0 4.5 0 -0.0792128 0.433926 247 247 255
3.55475 12.2804 -21.0423 -0.242788 -0.527771 -0.8 0 -0.366909 0.862114 0 0 255
33.5578 2.82531 -11.3133 0.448603 0.855626 -4.5 0 0.629533 -0.410233 1 1 255
8.0575 -2.58675 -23.8831 0.114358 0 -1.84815 1 0.134459 -0.771292 255 3 3
25.8659 9.0325 -6.53425 -0.254076 0 1.8 0 0.417529 0.293526 39 39 255
20.9499 8.12963 -24.385 0.142884 0 -3.5 0 -0.138862 0.146514 64 64 255
20.0095 10.594 -25.0842 -0.821169 0 1.8 0 0.380778 -0.221268 4 4 255
18.9179 -10.0594 -16.8255 0.150518 0 -3.5 0 0.0317061 -0.123718 81 81 255
10.8721 -2.15237 -27.0886 -1.75972 -0.555981 -3.5 1 -0.467425 -0.855775 255 5 5
21.0486 -6.99 -22.9609 -0.410672 0 -3.5 0 0.930088 -0.0711189 206 206 255
33.7806 9.10513 -4.16738 -1.99064 0 4.5 0 0.879657 -0.27608 3 3 255
27.449 -3.52444 -28.0687 0.830232 0 -1.6 0 0.684363 0.609774 6 6 255
20.9871 13.9509 -15.5407 -0.0878837 0 3.8 0 0.131557 0.99129 47 47 255
15.7378 -9.72225 -29.5287 -0.671883 -0.00991011 -3.5 1 -0.927562 -0.359921 255 13 13
-3.70775 -3.59 -28.4363 0.0639697 0 -0.8 0 -0.64807 0.688575 255 141 141
8.87606 -2.62975 -28.2226 -0.347974 0 3.16189 1 0.622684 -0.625302 255 5 5
8.3085 -5.36062 -8.42231 -0.27274 -0.325479 -1.26421 0 -0.0945256 0.0672273 85 85 254
7.0685 -10.4722 -8.96988 0.375349 0 -3.5 0 0.831704 -0.378643 255 214 214
10.3366 1.22669 -5.3485 0.116262 0 -3.5 0 0.0403005 -0.354076 102 102 255
9.77262 -8.40862 -10.4543 -0.602688 -0.775245 -1.6 0 -0.344811 -0.819448 255 232 232
6.98212 12.9916 -21.4827 -0.192687 0 -0.8 0 -0.489899 0.79758 3 3 255
26.9291 0.499 -19.5002 -0.634437 0 -0.8 0 0.750553 -0.486399 1 1 254
-3.04166 -3.64838 -37.1501 2.58852 0 -3.9 0 0.468494 -0.51781 165 165 255
-3.6675 -5.93975 -13.7316 0.187933 0 -3.5 0 -0.604075 -0.0750428 255 186 186
1.2115 -6.1015 -13.3182 -0.966676 0 -0.8 0 0.402881 -0.83161 255 48 48
14.3062 3.60706 -28.3092 -0.541482 0 -1.21286 0 0.264172 -0.325551 35 35 255
2.044 10.7835 -24.9015 -0.300308 0 -0.8 0 0.646804 0.749159 1 1 255
20.3596 -6.34188 -21.4469 -0.106011 0 -3.5 0 0.853889 -0.076434 210 210 255
27.2073 10.5059 -24.1382 0.596378 0.220683 -0.9 0 0.733257 0.00136812 168 168 255
-2.01331 -0.323 -12.2859 -0.113318 0 -0.4 0 -0.708822 0.658581 173 173 255
3.77075 12.5921 -13.5369 -0.0191335 0 3.8 0 -0.0223906 0.999472 105 105 255
0.116938 -2.36313 -7.81525 -0.319135 0 3.8 0 -0.688199 0.364457 255 203 203
-8.09719 -1.792 -22.3006 -1.68534 -0.0224113 -3.5 0 -0.87884 0.425372 58 58 255
-1.74625 -5.23825 -20.8778 -1.05691 0 -3.5 0 -0.0238041 -0.695715 255 133 133
-2.16537 12.1507 -10.6384 0.612735 0 -1.6 0 -0.803895 0.548145 255 99 99
5.721 -8.20669 -12.862 0.14423 0 -3.5 0 -0.444344 -0.467104 255 136 136
24.4948 10.1355 -6.06763 -0.138757 0 1.8 0 0.192873 0.676113 133 133 255
-7.12213 -0.607938 -18.7253 0.399977 0.00949471 -3.5 0 -0.949087 -0.0950774 47 47 255
-1.914 -0.956 -30.976 0.642731 0 -3.9 0 -0.952028 0.0649304 87 87 255
18.083 -5.0995 -13.003 -0.135241 0 -2.83499 0 0.0108527 -0.881616 12 12 254
11.2269 -9.81363 -10.6936 -1.40427 -0.135193 -1.6 0 -0.192116 -0.701627 255 206 206
-8.4575 -3.5325 -27.3501 -0.114074 -0.2952 -2.99185 0 -0.659921 0.432155 117 117 255
1.88319 0.690188 -9.97994 -0.188772 0 2.61864 0 0.104036 0.69245 220 220 255
18.547 12.7585 -26.4491 -0.110239 0 1.8 0 0.174406 0.296631 0 0 255
19.8475 -10.454 -24.0055 -1.28626 -0.770574 -3.5 0 0.228593 -0.961453 255 217 217
31.4448 8.90619 -16.3442 -0.093963 0 -0.7 0 0.578549 -0.0993104 2 2 255
4.68913 12.5781 -11.9543 -0.0303352 0 3.8 0 -0.0273172 0.938399 143 143 255
-4.96775 -8.5355 -11.9664 0.229208 0.0233938 -3.5 0 -0.694633 -0.68527 255 170 170
22.6987 -5.19206 -9.2975 -0.137341 0 -4.5 0 0.0829263 -0.954091 0 0 255
3.44788 -5.16431 -30.8463 0.316924 0 4.5 1 0.069162 -0.680912 255 0 0
15.9309 7.05263 -28.669 0.362177 0 -0.837253 0 0.729816 0.38775 0 0 255
10.0382 5.61513 -29.5644 -0.535855 -0.618626 -2.98785 0 -0.15126 0.115472 5 5 255
23.6218 3.86244 -27.8067 -0.231315 0 4.5 0 0.107125 0.51018 255 196 196
12.9191 1.71275 -28.6581 -0.931459 0 3.8 0 0.288821 0.14557 234 234 255
1.38013 -5.74175 -29.1004 0.309008 0 -3.9 1 0.514036 -0.843431 255 0 0
18.6532 -1.9175 -5.47237 0.0885203 0 -4.5 0 -0.244575 -0.144853 4 4 254
17.6389 -10.8914 -28.0917 0.206655 0 -3.5 0 -0.336296 -0.869281 255 14 14
-8.58562 -8.69462 -27.0928 0.248277 0 -3.15635 0 -0.890571 -0.372447 94 94 255
23.7257 -3.94563 -16.5098 0.531913 0.00273505 -4.5 0 0.290316 -0.872346 2 2 255
13.0277 -5.62925 -23.5313 -0.131063 0 -3.36825 1 -0.350174 -0.92327 255 23 23
-6.40475 5.85663 -24.5551 0.163674 0 -3.5 0 -0.987604 -0.052835 0 0 255
2.30487 2.7265 -10.8146 -0.0363543 0.0334569 2.4411 0 -0.273224 -0.0768421 204 204 255
36.5952 4.74231 -10.7402 -0.361835 0 -3.5 0 0.399619 -0.804158 11 11 255
18.8715 -6.268 -30.3582 -0.367425 0 -3.5 0 -0.114198 -0.348195 255 80 80
9.24413 12.2006 -9.52281 -0.357893 0.548615 -3.2 0 -0.26146 0.602139 241 241 255
3.78713 -8.18437 -10.6144 0.210322 0 -3.5 0 -0.97832 -0.166615 255 101 101
-7.08975 -1.8575 -20.9705 -0.460987 0.0103592 -3.5 0 -0.921177 0.325154 61 61 255
-3.31312 -3.48475 -24.2163 -0.104079 0.0474884 -0.635549 0 -0.569186 0.255467 255 133 133
29.3223 3.93688 -16.0662 0.264998 -0.624355 1.3761 0 0.704663 -0.00418649 5 5 255
23.6523 10.6645 -7.27325 -0.0993036 0 1.8 0 0.0058551 0.995137 148 148 255
5.15613 12.9194 -21.3091 -1.46689 -0.92632 -0.8 0 -0.217792 0.943668 1 1 255
26.8116 4.897 -3.60331 -0.100904 0 -4.5 0 -0.356328 0.376849 9 9 255
6.97813 -5.97312 -8.634 -0.604519 -0.630556 -0.881297 0 0.226167 -0.0787686 115 115 254
22.5723 14.3283 -20.0763 -0.600704 -0.00375831 -0.9 0 -0.045168 0.990324 2 2 255
-5.76675 4.80638 -25.5156 1.1567 0.118925 -3.5 0 -0.762553 -0.341011 1 1 255
12.4108 -11.1686 -13.9511 -0.00831448 -0.18928 4.2 1 -0.700205 -0.713939 255 158 158
27.023 1.78325 -19.8927 0.0255895 0 -0.8 0 0.661211 -0.177113 7 7 254
16.122 -4.68325 -12.1213 -0.430439 0.0337144 1.65249 0 0.302299 -0.626689 7 7 255
31.1801 5.03194 -15.6965 0.193392 0.225325 -0.125465 0 -0.422854 0.00531302 7 7 255
-5.7245 3.95338 -14.6474 0.0460741 0 -2.59229 0 -0.727261 -0.123689 254 254 255
16.636 -6.42375 -29.0982 -0.0518285 0.0304334 -3.2323 1 -0.491586 0.290926 255 20 20
-0.47875 -0.64625 -8.76631 -1.1832 -0.73944 -0.4 0 -0.430381 0.460094 255 196 196
27.3646 13.9919 -18.2083 -0.0989849 0 -0.9 0 0.490982 0.871133 17 17 255
28.1514 12.432 -15.6324 -1.06374 -0.63312 -0.7 0 0.876194 0.368383 28 28 255
34.597 8.58263 -8.41712 -0.482092 0 -3.78847 0 0.766624 0.627166 3 3 254
29.1621 1.11263 -16.6319 -1.53547 -0.0353967 -4.5 0 0.820715 -0.0692054 2 2 255
33.5562 5.48669 -16.497 0.210403 0 -4.5 0 0.10953 0.464428 4 4 255
9.83937 1.34613 -30.8757 -0.281708 0 -3.5 0 0.268045 0.116824 255 173 173
16.4624 -8.1885 -20.5742 0.207939 0 -3.5 0 0.127891 -0.893945 255 130 130
-9.87956 -7.307 -28.8262 0.459726 0 -1.6 0 -0.707306 -0.488513 36 36 255
16.5284 2.31225 -27.1629 -0.283982 0 3.17711 0 0.276674 0.213363 203 203 255
6.03937 8.93787 -29.8294 -0.101349 0 -0.8 0 0.847141 0.060506 2 2 255
-5.24587 -3.18913 -32.1712 0.470598 0 -3.9 0 -0.114742 0.933778 255 188 188
18.2638 -4.3825 -7.196 -0.506969 -0.0416073 -3.58657 0 0.129484 -0.579328 2 2 255
4.21488 -8.93919 -8.42762 -0.941069 -0.120107 -3.5 0 -0.829841 -0.316224 255 181 181
21.3511 -5.98712 -10.3356 -1.8628 -0.789558 -3.5 0 0.659236 -0.69977 1 1 255
5.89425 -0.390438 -9.74613 -0.0510961 0.0100175 -0.8 0 -0.223258 0.376817 255 248 248
1.23875 13.9794 -13.9897 0.457361 0 -3.5 0 0.458859 0.7232 156 156 255
26.0587 13.1742 -22.5088 -0.66128 0 -0.9 0 0.330453 0.714294 17 17 254
21.4364 -6.79525 -30.8218 -0.107909 -0.984286 -0.8 0 -0.673096 -0.336366 255 161 161
32.4967 9.47937 -11.3765 -0.345396 -0.0951807 -0.977278 0 0.443134 0.888339 10 10 255
5.05762 2.39681 -30.6801 -0.138718 0 -3.5 0 0.509261 0.504281 249 249 255
-1.18725 2.16519 -34.9914 2.69627 0.457384 -3.9 0 0.0194399 0.866613 0 0 255
10.3261 -2.07087 -30.434 -1.39635 0 -3.5 0 -0.326644 -0.663089 255 8 8
13.0015 14.693 -21.2525 -0.228838 0 -1.3 0 0.0948869 0.939377 4 4 255
-7.622 0.576875 -18.2601 0.644274 0.596286 -3.5 0 -0.964309 0.17129 30 30 255
-4.512 1.825 -24.84 0.377129 0 -4.5 0 -0.861445 -0.46372 108 108 255
5.00406 -10.9366 -9.754 -0.192368 0 -3.5 0 -0.588451 -0.797352 255 150 150
6.10319 -7.42406 -24.9706 0.0328263 0 4.5 1 0.526819 -0.688098 255 1 1
14.5297 -8.41156 -10.0728 0.834343 0 -3.20892 0 -0.411454 -0.498688 23 23 255
31.107 8.2345 -2.911 -0.93984 0 4.27638 0 -0.721343 -0.175477 6 6 255
-2.83775 -2.95575 -25.278 -0.295431 0 -0.8 0 -0.992344 0.0354876 255 120 120
25.3509 -2.82331 -19.8506 0.151955 0 -4.5 0 0.632118 -0.570945 1 1 255
7.43837 3.75487 -29.126 -0.33561 -0.00296392 -3.5 0 -0.560358 0.615493 255 191 191
3.873 -7.47694 -23.0574 0.141317 0 4.5 1 0.160103 -0.936087 255 5 5
26.7621 1.69037 -4.83394 -0.253798 0.929751 -4.5 0 -0.115709 -0.917212 0 0 255
6.96119 -6.37394 -32.0224 -0.06299 0 4.5 1 0.292016 -0.100711 255 5 5
-5.414 -2.20813 -37.1319 2.68589 0 -3.9 0 -0.830369 0.238072 111 111 254
14.4003 -10.2235 -10.4672 0.110509 0 -3.5 0 -0.519542 -0.121734 56 56 255
8.06487 13.4729 -22.5658 0.0763507 0.0676252 -1.20533 0 -0.459904 0.835194 5 5 255
34.6854 6.61837 -13.0444 -0.0779518 0 -3.5 0 0.220115 0.582904 9 9 254
3.4505 6.58206 -30.7959 -0.306406 -0.565088 -4.17098 0 0.292753 -0.344326 1 1 255
32.7411 4.62862 -6.93437 0.363568 0.206839 -4.5 0 0.827965 -0.556739 0 0 255
-4.65137 5.67194 -15.5075 0.285684 0 -3.85547 0 -0.755584 0.170711 186 186 255
14.7886 -5.33575 -4.8405 -0.0376592 0 1.8 0 0.223593 -0.233765 0 0 254
25.0556 3.99506 -21.0453 -0.0608095 -0.018545 0.362396 0 0.873172 0.256484 194 194 255
16.1091 8.16306 -27.5238 -0.589747 -0.392152 -0.877991 0 0.142673 0.873716 0 0 255
-2.2645 11.5135 -25.2283 -1.29918 -0.301847 -0.8 0 -0.411414 0.780885 0 0 254
19.311 -11.3391 -16.4504 0.160431 0.0350776 -3.5 0 0.106002 -0.766786 62 62 255
8.31375 -10.8971 -17.2575 2.89139 0 -3.9 0 -0.2082 -0.857988 255 27 27
23.5274 -2.3825 -25.8389 -0.380268 0 -0.336944 0 0.415602 0.888318 164 164 255
1.87775 10.3976 -28.4 0.280715 -0.619905 -0.8 0 -0.252977 0.703573 0 0 255
8.45756 3.07325 -5.98588 0.073606 0.102766 0.417706 0 -0.319064 -0.234987 172 172 255
28.0233 8.0685 -6.57475 -1.07919 0 -3.5 0 -0.274443 0.647582 9 9 254
10.9984 7.51963 -9.06369 0.219214 0.495574 -3.5 0 0.109785 0.613879 141 141 255
10.4761 5.50875 -7.6555 0.216593 0 -2.84874 0 0.0574289 0.706844 218 218 255
14.4832 -0.421688 -6.06944 -0.354341 -0.30953 2.73981 0 -0.504627 -0.415958 53 53 255
23.4501 11.2727 -10.2151 -0.153422 0 4.2 0 0.052769 0.787277 82 82 254
-3.43225 -3.733 -29.5955 -0.939397 -0.359212 -3.9 0 -0.524558 0.842422 255 190 190
13.7164 -0.338125 -28.6718 -0.778764 0 3.8 0 0.453934 -0.139174 255 17 17
5.51912 -8.22475 -7.29262 -1.67104 -0.725475 -3.5 0 0.130462 -0.16837 238 238 255
-2.60325 8.12838 -11.7355 0.156265 0 -4.5 0 0.00292881 -0.293305 255 99 99
24.0847 -8.23662 -28.2199 0.337306 0 -0.8 0 0.301266 -0.840245 121 121 255
22.8345 9.31375 -24.2412 -0.557954 0 -2.26375 0 -0.243636 0.12291 71 71 254
5.04388 -5.56563 -7.99675 -0.468201 -0.392627 -0.374189 0 0.441484 -0.0460561 171 171 255
4.7555 13.2579 -18.983 -1.53745 -0.551961 -3.5 0 -0.0662877 0.853339 2 2 254
31.0037 -5.6935 -14.7677 0.985313 0.758336 -3.5 0 0.900594 -0.43465 0 0 255
20.2049 -5.1335 -19.7162 0.260441 0 -4.5 0 0.659243 -0.71642 97 97 255
27.9214 9.82081 -22.1808 -0.243481 0 1.36255 0 0.829428 -0.179417 95 95 255
8.64625 -8.12581 -10.2287 0.124073 0 -3.02955 0 0.269913 -0.856078 255 250 250
20.6346 1.943 -3.76988 -0.427599 0 -3.5 0 -0.574294 0.0923219 15 15 255
19.0192 14.0492 -25.3332 -0.00526262 0 1.8 0 0.422311 0.810744 0 0 255
28.7103 13.3759 -19.5726 0.0775753 0 -0.9 0 0.875654 0.464567 23 23 255
27.0347 -2.35025 -7.90375 0.417489 0 -4.5 0 0.654256 -0.288499 0 0 255
-6.61444 -4.81462 -33.6217 0.273589 0 -3.9 0 -0.90302 0.0145044 255 145 145
16.9007 11.1364 -24.9221 -0.272375 0 1.8 0 -0.71438 -0.219831 0 0 255
-1.63206 13.1444 -9.12894 0.266829 0 -1.6 0 -0.79293 0.563962 255 95 95
21.8568 1.20625 -2.95981 -2.25518 -0.873568 -3.5 0 -0.556902 -0.317065 5 5 255
-1.57438 -10.7296 -25.2025 -0.0441947 0 3.8 1 -0.0163759 -0.928804 255 21 21
33.1768 6.45819 -14.319 -0.00926985 0 -4.28419 0 0.516076 0.699422 10 10 255
0.60475 7.51862 -11.3439 -0.424629 0 -0.243564 0 -0.529298 -0.316598 255 111 111
-3.12013 0.858312 -27.0268 0.599508 0.288492 -4.5 0 -0.906289 -0.284349 39 39 255
17.2707 13.7958 -25.6061 -0.0179817 0 1.8 0 -0.398569 0.736118 0 0 255
-2.75094 -3.57063 -31.1042 0.0146952 0 -3.9 0 -0.5606 0.799003 255 158 158
27.1942 2.01881 -6.468 -0.494606 -0.119939 -1.60841 0 -0.351804 -0.934821 0 0 255
4.37537 4.53188 -29.1782 -0.0425306 0 -1.10957 0 0.780092 0.0689992 27 27 255
19.9244 0.7335 -29.9376 -0.0791093 0.0614448 3.04226 0 -0.0349612 0.878229 255 188 188
23.7402 -3.11125 -30.9525 -0.112911 -0.36172 -1.84002 0 0.569481 0.471327 176 176 255
1.49856 -6.03206 -6.71481 -0.139706 0 3.8 0 -0.161551 -0.951641 255 83 83
8.95088 5.21381 -6.15712 -0.0557316 0 4.5 0 0.244156 0.507264 255 211 211
16.3086 -5.80062 -6.24137 0.367767 0.179669 1.8 0 0.61195 -0.237829 1 1 255
16.0605 -10.7478 -16.0011 0.0993344 0 4.2 0 0.378523 -0.71022 255 200 200
14.0616 -8.98538 -21.0745 0.399186 0.763785 -3.9 0 0.180949 -0.972218 255 51 51
10.3872 -2.79225 -10.3608 0.175903 0.40685 -2.13018 0 0.168448 0.203401 97 97 254
19.7568 13.8614 -15.8795 -0.117736 0 3.8 0 -0.142155 0.984076 49 49 255
25.5028 -4.81138 -6.6275 -0.215717 0 -4.5 0 0.754321 -0.277896 0 0 255
21.2052 9.27075 -6.59275 0.296794 0.184434 -0.699999 0 -0.297216 0.826635 255 110 110
38.1121 7.82025 -12.2186 -1.5006 -0.0857904 -3.5 0 0.580298 0.714286 6 6 255
0.744 -7.27669 -31.7491 -0.0659752 0 1.8 1 0.836961 -0.280403 255 1 1
31.1087 5.17812 -1.89575 0.719158 0 -4.5 0 0.143701 0.0795235 0 0 255
14.7719 5.78875 -8.26513 0.138988 0 -1.98033 0 -0.0182814 0.833206 83 83 255
11.338 -8.76 -9.79775 -0.336786 0 -1.6 0 0.0784377 -0.894103 173 173 255
-5.19025 6.55037 -20.944 -0.674317 -0.365102 -0.9 0 -0.686439 0.694465 0 0 255
-3.74806 -5.99137 -34.7081 0.376006 0 -3.9 1 0.185203 -0.797121 255 36 36
0.136312 -6.47931 -17.9112 -0.48911 0.0130288 1.03714 0 -0.922578 -0.365804 255 115 115
17.0453 12.1865 -16.0656 -0.191815 0 -1.52493 0 -0.205316 0.621327 137 137 255
15.7189 13.3383 -16.6179 0.213742 0 -1.6 0 -0.268792 0.537419 91 91 255
21.8908 -2.76137 -5.48219 0.513871 0.400875 -4.5 0 -0.277393 -0.23527 1 1 255
10.8507 12.0135 -14.1235 -0.10181 -0.164035 -1.26757 0 0.659972 0.742397 46 46 255
-3.64925 -1.62612 -37.7168 2.94876 0.163114 -3.9 0 -0.0216599 0.492914 18 18 255
14.2961 -12.2455 -12.0761 -1.27328 -0.617907 4.2 0 -0.0144968 -0.98834 240 240 255
28.0921 3.39687 -19.6999 -0.343301 0 -0.8 0 0.687265 0.0914221 71 71 255
30.4324 -2.20875 -14.7992 -0.396822 -0.00126203 -3.5 0 0.884874 0.260491 1 1 254
23.7454 -6.18419 -32.2545 -1.03749 -0.472918 -0.8 0 0.261824 -0.127589 77 77 254
1.60581 4.15381 -31.0168 -0.613091 -0.655776 -4.34186 0 0.0451466 0.16421 1 1 255
-0.771438 5.19294 -30.7634 4.05527 0 -4.5 0 -0.475664 -0.595873 1 1 255
14.8975 -5.021 -13.904 -0.314119 0 -3.5 0 0.751322 -0.609683 16 16 255
31.4743 -0.6765 -12.692 0.103849 0 -4.5 0 0.398004 -0.860481 1 1 255
17.9678 -7.56325 -19.5705 -0.0551072 0.00143383 -3.5 0 0.381723 -0.797746 197 197 255
18.8972 9.9665 -12.2823 0.175503 0.185733 1.03699 0 -0.0296927 0.885012 113 113 255
17.5462 11.2833 -14.8237 -0.577175 0 0.350791 0 -0.166675 0.792775 151 151 255
7.51125 -2.18475 -26.2037 0.00312071 0 -0.4 1 0.534575 -0.811203 255 4 4
-5.19631 2.64794 -23.3252 0.341897 0 -1.47613 0 -0.671973 -0.102457 42 42 255
19.4338 1.86075 -28.3175 -0.177251 0 3.83329 0 -0.19819 0.619609 255 241 241
2.8085 -8.25625 -20.5103 -0.106118 0 1.9 1 0.625548 -0.774455 255 34 34
34.8371 9.10063 -6.87275 -1.68076 -0.216456 -4.5 0 0.891902 0.434736 1 1 255
15.2382 4.03819 -4.82381 -0.155382 0 3.8 0 -0.217553 0.449873 146 146 255
28.4646 9.05494 -6.78937 -0.2025 0 -2.29581 0 -0.465255 0.00531279 11 11 255
3.19306 11.0113 -29.3713 -0.307686 -0.780288 -0.8 0 -0.504986 0.856997 0 0 255
4.71763 12.2586 -22.462 -1.67378 -0.9372 -0.8 0 -0.30531 0.631841 1 1 254
3.47075 12.5889 -14.7468 -0.293846 0 2.61284 0 0.37478 0.900063 59 59 255
17.5736 -1.23181 -6.17844 -0.0533268 0 -4.5 0 -0.279043 -0.196806 6 6 255
31.2609 10.6329 -16.1571 -0.153521 0 -0.7 0 0.34697 0.446946 3 3 255
26.6886 6.40594 -4.47456 -0.157334 0 -0.4 0 0.0190329 0.675204 20 20 255
32.4454 10.462 -8.77719 -1.06336 0 -2.95023 0 0.552773 0.588168 3 3 255
-4.81956 7.08875 -11.6103 0.729949 0 -4.5 0 -0.0536661 0.141376 255 124 124
5.563 10.303 -26.4349 -0.396851 -0.0289365 -0.783388 0 -0.610783 0.762849 1 1 255
0.3215 6.16237 -31.3187 8.39752 0 -4.5 0 0.0618941 -0.0632298 0 0 255
11.8026 13.6757 -17.8043 -0.269397 0 -1.3 0 0.405674 0.276871 53 53 255
-9.286 -6.77881 -27.3311 0.228767 0 -3.2 0 -0.945782 0.0728386 39 39 255
20.4926 -11.0016 -16.0247 0.883673 0.867472 -3.5 0 0.812169 -0.235706 50 50 255
21.0405 5.41631 -25.5976 -0.306902 0 4.5 0 -0.0608351 0.666548 174 174 255
0.6775 -8.787 -19.3592 -0.659497 0 1.9 0 -0.309316 -0.815159 255 124 124
30.0031 10.131 -4.72412 -0.334385 -0.0958905 4.5 0 -0.876264 -0.155696 9 9 255
7.40619 12.1111 -15.5924 -0.31082 0 3.8 0 -0.0170594 0.98162 85 85 255
19.3959 8.27875 -5.65363 0.288093 0.348292 -3.5 0 0.188784 0.760581 255 80 80
-0.860125 -2.0745 -8.95312 0.06942 0 -0.4 0 -0.571362 -0.0187553 255 211 211
13.916 -11.7756 -16.4124 0.0336297 0 4.2 0 -0.0164669 -0.842142 255 83 83
8.65438 4.34587 -30.3939 -1.77111 -0.323935 -3.5 0 -0.270209 0.457542 105 105 255
30.5082 1.79144 -3.99175 -0.0609455 0 -4.5 0 0.545489 -0.710381 0 0 255
31.6305 12.0948 -2.50425 -0.650237 0 4.5 0 -0.0700045 0.331772 19 19 255
8.23125 -3.52863 -9.05587 -0.537699 0 -0.8 0 0.307508 0.322933 92 92 255
-0.0176875 13.7021 -8.62512 0.191228 0 -1.6 0 -0.238744 0.909551 255 129 129
17.5429 13.0956 -16.1646 -0.0966687 0 -1.6 0 -0.202094 0.434658 59 59 255
12.0597 -5.27894 -24.6467 0.0288252 0.0083175 -3.25922 1 -0.502315 -0.827678 255 6 6
-3.60437 -2.831 -12.0646 -0.210417 0 -3.5 0 -0.679171 0.304893 139 139 255
2.236 -6.959 -16.9575 0.238092 0.0315504 -0.691701 0 0.731673 -0.621847 255 90 90
15.2633 11.7426 -15.4958 -0.874046 -0.453519 -0.7 0 -0.435887 0.763163 110 110 255
7.21956 13.3024 -17.8584 -0.494648 0 -0.7 0 -0.229029 0.722604 28 28 255
12.2816 -3.11713 -10.0985 -0.926306 0 2.8 0 -0.43639 0.0748446 44 44 255
17.6872 8.8905 -7.43175 0.0683802 0 -3.5 0 -0.463512 0.885685 255 89 89
25.8596 -2.50725 -7.07875 0.364427 0 -4.5 0 0.678746 0.0469435 0 0 255
28.151 12.2301 -6.98294 0.337943 0 4.35474 0 -0.790789 0.413867 48 48 255
17.4114 6.72312 -27.5616 -0.51281 -0.339735 -0.4 0 0.643104 0.271023 4 4 255
22.2286 13.4005 -17.09 0.0322179 0.0882175 2.47476 0 -0.00262342 0.999779 5 5 255
18.5088 -9.87444 -11.2639 0.0130814 0 -3.5 0 0.923979 -0.2623 40 40 255
1.26675 -7.69775 -29.7138 0.0199 0 1.8 1 0.961916 -0.24674 255 0 0
33.0215 2.30981 -14.3682 0.183388 0 -4.5 0 0.512471 -0.658548 2 2 255
-1.94819 11.0959 -9.16769 0.5987 0 -1.6 0 -0.898919 -0.163537 255 74 74
-8.16875 -9.87125 -24.1693 -0.545766 0 -3.2 0 -0.862748 -0.0965693 80 80 255
33.6821 13.133 -4.9605 -0.352141 0 4.5 0 0.93166 0.362023 71 71 255
-2.73194 -2.42712 -37.5182 3.26205 0.322483 -3.9 0 0.625298 -0.0243048 28 28 255
30.8005 11.7083 -12.8825 0.755938 0.700975 -0.7 0 0.256439 0.962272 8 8 255
17.9905 -7.7555 -8.21275 -0.1658 0 -3.5 0 0.530856 -0.363551 6 6 255
2.004 -9.02031 -20.1424 -0.151402 0 1.9 0 0.421779 -0.886883 255 77 77
0.11825 -8.58869 -27.4438 -0.278632 0 3.69838 1 0.741072 -0.666906 255 2 2
12.8817 -4.65944 -5.39344 -0.0724287 0 1.8 0 -0.626272 0.0706108 3 3 255
13.1866 -2.39931 -8.94438 -0.427942 0 1.85196 0 -0.92266 -0.263483 17 17 255
5.98 4.57562 -6.8915 -0.0433209 0 4.5 0 -0.643455 -0.203242 124 124 255
15.7297 -5.10612 -14.9713 0.184194 0 -3.5 0 0.581168 -0.464943 64 64 254
-7.7925 -1.69712 -23.3931 -1.81946 -0.654004 -3.5 0 -0.573345 0.505416 65 65 254
24.5402 10.4827 -9.77437 0.211224 0.0678869 0.769789 0 -0.140443 0.902495 94 94 255
11.3465 -3.723 -25.2749 0.151395 0 -3.5 1 -0.610494 -0.385167 255 3 3
-0.461125 -6.75994 -13.9864 -0.167408 0 -3.5 0 0.222026 -0.975037 255 57 57
23.9728 -2.24756 -30.1491 -0.190839 0 -1.6 0 0.579508 0.772076 214 214 255
24.3934 -6.59737 -7.29275 1.02234 0.85689 -4.5 0 -0.0846873 -0.969178 0 0 255
20.2056 -9.62037 -16.01 0.526628 0 -3.5 0 0.757162 0.48549 53 53 255
-2.369 12.2185 -14.8319 0.00459461 0 -3.5 0 -0.848292 0.528005 92 92 255
2.9665 12.6148 -11.5184 0.195649 0 -1.6 0 0.304324 0.952489 255 233 233
34.5441 2.90738 -12.0384 0.737844 0 -4.5 0 0.653867 -0.702522 3 3 255
20.9609 13.2526 -23.7078 0.148577 0 -0.9 0 -0.0235785 0.834686 0 0 255
18.3094 14.1368 -21.0729 0.90604 0 -1.6 0 0.398405 0.876887 1 1 255
4.58787 2.171 -10.0955 0.00417577 0 3.97472 0 -0.276015 -0.168351 130 130 255
13.0442 -5.395 -27.266 -0.60325 -0.602277 -0.7 1 -0.808498 -0.243786 255 4 4
0.110875 -5.18581 -19.5234 -0.493579 0 1.9 0 -0.909385 -0.325934 255 98 98
-3.29363 -3.05581 -26.4918 -0.160028 0 -0.8 0 -0.836379 0.310563 255 91 91
17.0173 9.34688 -25.1437 -0.585216 -0.0448701 1.65155 0 -0.601797 0.571463 0 0 255
-6.24988 -3.0175 -16.3445 -0.346574 0 -3.5 0 -0.316955 -0.946148 88 88 254
4.82338 8.14369 -9.69088 -0.217984 0 4.30613 0 -0.0747659 0.487835 255 251 251
25.4437 0.696938 -21.422 -0.569589 -0.416475 -0.725613 0 0.723558 -0.432003 9 9 255
15.2304 -6.78638 -28.518 -0.0580992 -0.156173 -2.19642 1 -0.493448 0.184152 255 11 11
2.4935 -5.7185 -27.9688 -0.446487 0 -2.09581 1 0.148346 -0.895624 255 0 0
18.8258 -6.57937 -8.35525 -0.641035 0 -3.5 0 0.397903 -0.482588 3 3 255
21.0091 -3.736 -21.9256 0.46099 0 -4.5 0 0.737595 -0.675075 255 241 241
0.794875 2.21656 -32.7384 0.0142284 0 -3.9 0 0.180942 0.841405 2 2 255
-5.21456 -4.0915 -30.0737 0.528035 -0.379335 -3.9 0 0.254742 0.941694 255 214 214
-2.84925 1.52787 -33.4132 2.67288 0.472077 -3.9 0 -0.887463 0.430936 2 2 255
1.85987 11.1328 -23.0124 -1.61697 -0.0854472 3.8 0 0.150173 0.96068 1 1 255
-5.3545 -3.42863 -17.7249 -0.708141 -0.0643528 -3.5 0 -0.402641 -0.813231 109 109 255
-2.77487 1.75756 -13.4637 -0.359641 0 -0.9 0 -0.133974 -0.493885 246 246 255
2.46788 -2.58337 -6.16744 -0.110341 0 3.8 0 -0.0720659 0.662564 255 214 214
22.0589 -2.43712 -13.8368 -0.742853 0 -2.51394 0 0.204178 -0.971317 1 1 255
19.8703 0.900312 -5.29531 -0.378565 0 -4.25531 0 -0.333624 -0.418129 19 19 255
9.71725 -7.96575 -16.0217 0.789832 0 -3.9 0 -0.397838 -0.585221 255 134 134
-5.63156 -11.2889 -23.0533 0.33501 0 -3.2 0 0.240264 -0.850769 242 242 255
24.4054 10.8331 -25.0769 -0.118493 0 -0.9 0 -0.0640027 0.122085 61 61 255
-6.60575 -5.14794 -20.741 -0.278517 0 -3.5 0 -0.45637 -0.811954 135 135 255
7.044 14.5587 -20.0564 0.703495 0.0469285 -1.3 0 -0.600924 0.724807 8 8 255
30.2225 0.0953125 -10.6773 -0.0665321 -0.0107316 -3.72871 0 0.41472 -0.896886 1 1 255
15.7064 8.33362 -25.4279 -0.894548 -0.0322687 -0.206807 0 -0.218634 0.852229 0 0 255
-1.06 11.24 -21.06 -0.315555 0 -3.2 0 -0.53103 0.5179 0 0 255
26.9182 -4.14712 -29.4908 -0.215628 -0.0021392 -1.6 0 0.858379 0.00411157 9 9 255
7.43081 -5.66975 -28.6856 -0.065084 0 4.5 1 0.60188 -0.421243 255 3 3
-1.834 9.2035 -10.8849 0.088971 0 -1.6 0 -0.468345 -0.625329 255 97 97
9.36375 3.0585 -30.4699 -0.838938 -0.626086 -3.5 0 0.195172 0.171381 182 182 255
-1.67544 0.180125 -11.0388 -0.150557 0 -0.4 0 -0.615921 0.727232 255 221 221
-7.22862 0.746938 -22.0264 0.749621 0.0463744 -0.8 0 -0.920015 -0.152145 30 30 255
19.1786 13.7789 -21.6203 0.827382 0.865249 -0.9 0 0.181437 0.981864 0 0 255
-8.96212 -2.74925 -28.2503 0.321435 0 -1.6 0 -0.336112 0.85475 121 121 255
9.367 -2.602 -29.6031 -0.489594 0 1.21125 0 0.276947 -0.754098 255 6 6
24.4268 4.34494 -24.9844 -0.477397 0 1.68174 0 0.979113 -0.132115 200 200 255
-5.33787 -6.34675 -12.2327 -0.808133 -0.251265 -3.5 0 -0.923204 -0.098188 255 212 212
30.5366 7.84863 -16.1071 0.00915922 0 -0.7 0 0.800183 -0.409547 3 3 255
9.63319 -10.0334 -19.9852 1.16735 0 -3.9 1 0.00202124 -0.781783 255 10 10
16.8669 13.7746 -23.9475 0.656034 0.27812 1.8 0 -0.421883 0.884425 0 0 255
27.457 -6.69287 -26.8701 0.273467 0 -1.6 0 0.370313 -0.910731 1 1 255
24.0776 -0.465375 -6.09444 -0.255756 0.923514 -4.5 0 0.667309 -0.31224 0 0 255
17.963 -5.71425 -15.5238 -0.929864 -0.0194803 -3.5 0 0.338066 -0.693124 63 63 255
17.7269 15.3562 -19.9177 0.11863 0 -1.6 0 0.18784 0.969163 2 2 255
35.5822 5.00656 -14.4108 0.174964 0.47553 -4.5 0 0.761008 0.250013 5 5 255
6.88425 7.69413 -8.57187 0.0101232 0 4.5 0 0.0470741 0.806743 213 213 255
32.1315 1.47025 -8.27725 -1.92595 -0.502691 -3.5 0 0.714573 -0.618557 0 0 255
20.0767 6.73869 -24.6523 0.178006 0 1.8 0 0.195156 0.378179 59 59 255
21.5537 3.96338 -27.2773 -0.203987 0 4.5 0 -0.0718677 0.577817 255 179 179
13.2272 11.101 -13.1033 -0.345603 0 -0.7 0 0.107283 0.981996 126 126 255
-7.05781 -2.499 -19.4573 -0.0430928 0 -3.5 0 -0.94882 0.0192583 82 82 255
15.4994 3.59313 -28.028 -0.259284 0 -0.4 0 0.364649 -0.338055 67 67 255
-2.60938 -8.93556 -29.6579 -0.0397165 -0.0481558 1.96932 0 -0.39522 -0.917326 255 38 38
36.194 6.83656 -9.22531 -0.560042 -0.236421 -3.5 0 0.447541 -0.276166 6 6 255
-1.3315 -4.811 -33.5832 0.0250434 0 0.411949 0 0.587612 0.0216272 255 23 23
22.3416 -7.90063 -31.8143 -0.920658 -0.893233 -0.8 0 -0.394658 -0.395569 255 225 225
-7.50863 -4.13413 -23.8314 -0.511813 0 -3.43386 0 -0.965078 -0.245807 93 93 255
13.6633 -6.23294 -22.5907 -0.239206 0 -3.53337 1 -0.50555 -0.624595 255 31 31
16.041 -1.34175 -6.32975 -0.357534 0 -4.5 0 0.0805246 -0.115388 8 8 255
20.4214 3.68263 -4.77506 -0.123738 0 -3.5 0 -0.15965 0.195065 42 42 255
28.8917 11.375 -20.1501 -0.10097 0 -0.9 0 0.997069 0.0400981 13 13 255
25.1521 -6.84325 -24.2582 0.377082 0 -1.6 0 -0.0413028 -0.708436 22 22 255
0.989125 0.47 -34.4293 1.30181 0 -3.9 0 0.704061 0.141143 6 6 255
17.868 -7.527 -16.8115 -0.0623839 0.203028 -3.54681 0 0.992501 0.0546381 126 126 255
25.4193 7.4305 -26.1894 -2.09837 -0.384561 -3.5 0 0.33321 0.0415697 255 250 250
27.232 -4.89794 -15.4251 0.151775 0 -3.5 0 -0.571618 -0.692599 0 0 254
24.7426 1.86987 -26.1454 -0.180218 0 4.5 0 0.872697 -0.486479 88 88 255
13.6086 14.7491 -19.0751 0.143699 0 -1.3 0 0.298546 0.896771 15 15 255
6.41988 1.08175 -30.804 0.160177 0.100692 -3.5 0 0.273574 0.0578213 255 73 73
-7.873 -7.756 -23.927 -0.301773 0 -3.2 0 -0.785287 0.119047 74 74 255
12.6917 -6.62544 -25.6579 0.699551 0.664411 -0.7 1 -0.897489 -0.410584 255 10 10
13.3673 -1.56231 -28.3575 -2.05017 -0.621045 -3.5 1 0.607795 -0.269499 255 6 6
-0.739719 2.06741 -33.1824 2.66468 0 -3.9 0 -0.00606263 0.997568 2 2 255
1.60225 -8.90738 -24.3236 0.0476051 0 3.8 1 0.63213 -0.774836 255 3 3
21.4408 -5.32494 -8.44975 -0.345622 -0.473672 -3.5 0 0.211104 -0.772032 1 1 255
17.3676 14.5478 -16.8569 -0.0815733 0 -1.6 0 -0.021566 0.858924 12 12 255
28.0425 11.9157 -17.6472 -0.253443 -0.325673 -0.713697 0 0.979858 0.170785 20 20 255
24.5594 5.7215 -26.0103 -0.530411 0 -3.5 0 0.474537 0.0950844 245 245 255
12.3086 10.2165 -28.5869 0.05411 0 -1.6 0 0.0255918 0.999664 0 0 255
-1.63213 7.775 -30.196 9.11708 0 -4.5 0 -0.649045 0.624045 0 0 255
-4.69775 2.57675 -11.5815 0.595401 0.0319463 -4.5 0 -0.0686251 -0.538443 255 198 198
-5.37481 -6.749 -33.2465 0.210038 0 -3.9 0 -0.195279 -0.716401 255 67 67
19.5065 -9.8955 -29.8345 0.166161 0.00127676 -3.5 0 0.758197 -0.395287 255 27 27
4.118 -6.76356 -11.6202 -0.0304067 0 -3.5 0 -0.801926 -0.188157 255 88 88
21.4422 4.40759 -5.16325 -0.0014485 0 -3.5 0 -0.132378 0.251155 43 43 255
-4.57747 9.05028 -14.6037 0.666002 0 -4.5 0 -0.730843 0.575991 140 140 255
36.7884 5.86669 -9.79981 -0.759447 0 -3.5 0 0.328727 -0.494262 15 15 255
-3.84484 -3.34244 -32.2644 0.640654 0 -3.9 0 -0.16147 0.84241 255 131 131
2.82347 -5.61591 -6.23972 -0.140807 0 3.8 0 0.224497 -0.759424 255 122 122
22.4705 4.7345 -4.695 -0.981052 0 -2.08849 0 -0.528126 0.253481 40 40 255
0.935375 13.4115 -10.0923 0.462454 0 -1.6 0 0.203955 0.950253 255 144 144
19.4099 -7.80675 -10.3666 -0.334123 0 -3.5 0 0.854786 -0.474423 7 7 255
12.8074 14.341 -18.3186 0.0745991 0 -1.3 0 0.339929 0.65687 46 46 255
16.5856 9.63037 -11.1287 -0.59623 0 -0.7 0 0.342935 0.710443 144 144 255
15.9952 -0.824875 -28.2951 -0.499256 0 3.8 1 -0.231783 -0.0464511 255 23 23
27.8563 14.0977 -16.9688 -0.179868 0 -0.7 0 0.689619 0.704594 21 21 255
24.6348 -2.394 -14.3833 -0.90046 -0.349616 -3.5 0 -0.154176 -0.938587 0 0 255
18.8884 7.20463 -25.3934 -0.391239 0 1.8 0 0.769728 0.213303 37 37 255
19.0667 -10.1268 -12.0716 -0.287946 -0.503753 -3.5 0 0.757544 0.159931 68 68 255
6.90331 9.59884 -10.029 -0.0743339 0 3.8 0 -0.105142 0.262798 146 146 255
27.8748 11.085 -10.0457 -0.386629 0 -0.8 0 -0.0846008 0.9596 27 27 255
2.28275 9.37263 -29.5077 0.372541 -0.152166 -0.8 0 -0.612147 0.587317 0 0 255
26.5348 11.3373 -11.4748 0.40247 0 0.652439 0 0.40226 0.911833 17 17 255
25.4718 5.63819 -24.9456 -1.19514 0 -3.5 0 0.551494 -0.655069 255 217 217
4.55275 -7.054 -19.9439 0.32183 0 1.9 0 0.564902 -0.817548 255 35 35
29.2841 6.81462 -19.6324 -0.175154 0 4.2 0 0.619324 -0.600292 56 56 255
-0.58075 12.3161 -7.62806 0.148708 0 -1.6 0 -0.522508 0.20406 255 103 103
11.9337 -0.0345625 -7.21175 0.19906 0 -3.5 0 -0.0606676 -0.608357 61 61 255
4.29791 -7.45106 -25.5945 -0.00733779 0 4.5 1 0.242287 -0.759475 255 1 1
-0.724187 1.96269 -29.4756 -0.0394709 -0.577468 -3.70353 0 -0.786169 0.328773 6 6 255
-4.1075 -3.29187 -27.3233 0.157992 0 -0.8 0 -0.586849 0.809473 255 116 116
26.1944 -3.13888 -10.7475 0.746241 0 -4.5 0 0.241976 -0.790996 0 0 255
15.6713 14.1213 -17.8953 0.28297 0 -1.6 0 -0.415255 0.840638 26 26 255
19.1973 5.40384 -25.878 -0.0561831 0 1.9008 0 0.510708 0.491065 79 79 254
3.30419 -1.13681 -9.1795 0.119209 0.0369782 3.02848 0 0.262123 0.779904 228 228 255
20.6584 -4.598 -11.6944 -0.316862 -0.112243 -1.01463 0 0.504325 -0.622135 1 1 255
12.6641 9.258 -10.4565 -0.366525 0 -0.7 0 -0.0625902 0.373491 97 97 254
24.03 8.76472 -5.40044 -0.125241 0 1.8 0 0.246845 0.465453 134 134 255
21.9052 -2.28006 -32.5404 0.159874 0 -3.5 0 0.423481 0.19849 255 164 164
15.5542 -12.263 -13.0139 -0.154963 0 -3.5 0 -0.0651128 -0.985545 243 243 255
1.61563 -0.85775 -33.0952 0.550579 0 -3.9 0 0.78912 -0.0680269 255 244 244
21.4853 9.00656 -24.2867 -0.260612 0 -3.26211 0 0.0706414 0.129456 31 31 255
28.7256 7.80844 -20.6162 -0.288522 0 4.2 0 0.713776 -0.322342 111 111 255
-3.92375 -5.08512 -35.8015 1.12655 0 -3.9 1 0.136473 -0.765961 255 120 120
5.9115 10.025 -24.9448 -0.414729 0 -0.8 0 -0.525592 0.823727 1 1 255
17.3645 -10.4803 -16.2226 0.164164 0 -3.5 0 -0.143482 -0.505158 156 156 255
-7.17478 -0.0241563 -14.3377 -0.504057 0 -3.5 0 -0.65091 0.504519 226 226 255
-3.65894 5.27244 -11.6453 0.573763 0 -4.5 0 0.213176 0.163837 255 102 102
9.83606 -6.57619 -7.78319 0.534263 0 -1.6 0 -0.398979 -0.199609 127 127 255
21.251 -7.99459 -24.4647 -0.91351 -0.221542 -2.40424 0 0.793512 -0.565671 186 186 255
21.4307 -2.98559 -12.7702 -0.234978 0 -2.48688 0 0.380497 -0.783719 0 0 255
-4.24047 -8.66269 -22.7105 0.0542227 0 3.56043 0 -0.0851932 0.329414 255 106 106
9.35116 12.9217 -25.6256 -0.058769 0 -0.7 0 0.513906 0.832056 0 0 254
26.256 11.9863 -13.411 -0.149499 0 3.66753 0 0.606314 0.608307 15 15 255
33.0032 6.26716 -3.84591 0.215514 0 -4.5 0 0.874701 0.108385 1 1 255
9.87197 -2.56612 -24.7153 0.0650509 0 -3.5 1 -0.337846 -0.62701 255 3 3
2.967 -7.77887 -22.7428 0.205813 0 1.9 1 0.549091 -0.835671 255 3 3
18.684 9.37359 -10.7912 -0.163676 -0.390746 -3.5 0 -0.33225 0.91665 255 214 214
-0.918437 -0.257969 -35.1657 3.38432 0 -3.9 0 0.329388 -0.308857 7 7 255
15.6615 13.9052 -22.4002 0.570152 0 1.30144 0 -0.139024 0.857239 1 1 255
24.6786 -3.34512 -15.9565 -0.218066 0.677491 -4.265 0 -0.117904 -0.923204 1 1 255
23.3475 -5.82538 -24.0104 0.144824 0 -0.8 0 0.0874306 -0.434741 95 95 255
13.7105 7.82125 -9.41488 0.134429 0 -2.89151 0 -0.0303913 0.503255 70 70 255
27.6111 7.99634 -22.1616 -0.937348 0 2.84528 0 0.930589 -0.108763 230 230 255
19.464 -3.25275 -32.6338 -0.483776 0 -3.5 0 -0.375815 -0.168984 255 90 90
13.0194 -9.96762 -17.531 0.129779 0 -1.9167 1 -0.0796728 -0.807212 255 47 47
32.0827 3.13928 -7.15859 -0.576245 -0.221574 -3.5 0 0.874427 -0.44001 0 0 255
16.9196 1.21788 -5.03681 -0.133671 0 3.8 0 0.29075 -0.431878 64 64 254
7.65072 -6.97925 -23.2073 0.11852 0 -3.5 1 0.267909 -0.803063 255 6 6
8.16444 -1.05963 -9.26906 0.0630481 0 -0.8 0 0.197792 0.0533347 144 144 255
11.7811 11.3853 -12.706 -0.355657 0 -2.87599 0 0.494563 0.86914 98 98 255
17.7025 -8.0295 -13.8313 0.343565 0 -3.5 0 0.253692 0.915254 72 72 255
26.097 -0.274 -7.524 -0.132901 0 -4.5 0 0.46393 0.0543917 0 0 254
32.026 10.8317 -13.4764 -0.0984827 0 -0.7 0 0.712683 0.694101 7 7 255
29.002 -2.56775 -13.223 0.858877 0.317972 -3.5 0 0.630794 -0.332486 0 0 255
19.1335 13.4839 -18.053 -0.0189297 0 -0.726771 0 0.416044 0.892535 4 4 255
-2.81238 -4.30762 -14.8221 0.3671 0.0241267 -3.5 0 -0.587188 -0.540347 255 249 249
21.5303 -2.88741 -15.5795 -0.132113 0.00906857 -4.5 0 0.211616 -0.915769 9 9 255
26.8766 10.3449 -6.84538 -0.403779 -0.174742 -0.8 0 -0.332122 0.28854 41 41 255
-3.099 -5.69856 -21.863 -1.0019 -0.607913 -3.5 0 -0.270186 -0.715778 255 95 95
25.449 2.501 -3.788 -0.538456 0.35728 -3.9664 0 0.169856 0.00281358 3 3 255
-5.89962 2.21287 -13.9508 -0.20947 -0.114009 -3.84937 0 -0.99941 -0.0105862 255 249 249
4.07106 -4.82706 -15.2677 0.271957 0 -0.8 0 -0.263371 -0.885746 255 94 94
-2.9225 7.132 -17.1229 0.175306 0 -4.5 0 -0.788981 0.359445 14 14 255
-0.684719 -4.26719 -18.1155 -0.824828 0 1.17866 0 -0.788328 -0.571469 255 190 190
-7.23362 -2.05512 -17.6798 0.0522797 0 -3.5 0 -0.781937 -0.604684 67 67 255
34.2198 6.25131 -8.25963 0.12442 0 -4.47009 0 0.686207 -0.608694 2 2 255
23.5669 -4.10422 -10.0362 0.0753421 0 -4.5 0 0.185854 -0.647019 0 0 255
-5.92475 -6.26875 -22.101 -0.0611239 0.839251 -3.2305 0 -0.416086 -0.567141 232 232 255
-0.5175 13.9437 -13.3321 0.389288 0.624771 -3.5 0 -0.17676 0.837345 252 252 255
20.0138 -4.35169 -7.60834 -0.334008 0.0126646 -4.11662 0 0.147273 -0.587644 2 2 255
6.62063 -4.87394 -24.4532 0.036971 0 4.5 1 0.791 0.342337 255 3 3
-5.80822 1.77353 -15.8942 -0.479435 0 -1.22734 0 -0.667256 0.73172 143 143 255
5.19619 -6.07487 -15.832 0.347405 0 1.8 0 -0.698851 -0.636932 255 81 81
6.53522 -1.67862 -30.7467 -0.278761 0 4.5 0 0.674404 0.164777 255 18 18
-5.38731 2.41856 -17.2725 -0.153514 0 -2.52858 0 -0.815401 0.521872 104 104 255
14.0796 4.75741 -6.01963 -0.312813 0 3.8 0 -0.402364 0.776348 127 127 255
5.74772 -5.97347 -13.1468 0.137899 0 -2.53701 0 -0.797395 -0.36911 255 112 112
-4.95169 0.397687 -13.0078 -1.78872 -0.0908183 -3.5 0 -0.23361 0.0225797 193 193 255
13.2304 6.91975 -30.4018 0.205084 0 -1.6 0 -0.0855763 -0.227884 1 1 255
-6.205 3.93141 -23.0408 0.264356 0 -0.8 0 -0.925988 0.162717 3 3 255
15.0138 -7.68875 -23.1862 0.0135812 -0.169504 -0.7 1 -0.77049 -0.551476 255 45 45
3.63134 -6.19797 -27.6459 -0.197379 0 4.5 1 -0.0679956 -0.980935 255 0 0
21.3919 -0.459281 -5.36678 -0.18621 0 -3.5 0 -0.168061 -0.361434 5 5 255
-0.539625 10.4859 -8.50156 0.529373 0 -1.6 0 -0.360358 -0.629449 255 94 94
-6.9475 -3.161 -26.209 -1.27889 -0.0784461 -3.2 0 -0.24166 0.963661 158 158 255
6.78528 -4.14081 -26.9988 -0.0433691 0 4.5 1 0.750337 -0.384435 255 2 2
23.2929 -0.0733125 -4.84853 -0.849463 0 -3.5 0 0.304444 -0.782705 2 2 255
7.81116 12.3874 -13.1263 -0.111936 0 -1.70218 0 -0.0490776 0.996952 112 112 255
27.0975 6.30225 -24.4574 -2.35928 -0.445914 -3.5 0 0.712313 -0.499346 255 72 72
30.17 11.5188 -10.8488 -0.177239 0 -0.7 0 0.236787 0.969577 13 13 255
25.6588 -8.47325 -30.1418 -0.0237536 0 -0.8 0 0.774049 -0.630323 10 10 255
-6.00025 1.1665 -23.4309 1.17728 0.0538402 -0.8 0 -0.496577 0.117259 67 67 254
22.942 5.007 -26.4987 -0.339961 0 4.5 0 -0.0610268 0.671198 255 220 220
8.72681 -11.1255 -18.8623 3.21984 0.353982 -3.9 1 0.00270977 -0.971854 255 13 13
21.7793 0.611156 -26.8013 -0.134934 0 4.14276 0 0.750308 -0.542014 187 187 255
19.9184 13.6005 -23.7224 0.327083 0 1.31911 0 0.372505 0.868991 0 0 254
-4.73425 -1.05212 -12.6326 -2.00642 -0.0100599 -3.5 0 -0.205719 0.191697 123 123 255
28.1888 5.85619 -4.07869 -0.235376 0 -4.08699 0 -0.315853 0.72298 3 3 255
28.5138 12.1827 -8.56041 0.00484377 -0.557511 0.734395 0 -0.590634 0.682415 38 38 255
-10.0779 -3.71525 -28.8877 0.496011 0 -1.6 0 -0.742896 0.425786 50 50 255
25.1367 0.681687 -6.576 -0.982776 0 -3.5 0 0.746338 -0.551073 0 0 255
0.0422187 5.4205 -11.4108 0.122921 0 -3.5 0 -0.497177 0.204568 255 62 62
12.5985 5.08913 -29.6345 -0.43449 0 -1.6 0 -0.0757942 -0.296006 5 5 255
2.77712 -5.8405 -15.4779 -0.438855 -0.576683 -0.8 0 0.679329 -0.631907 255 53 53
24.0521 13.5372 -22.7358 -0.447751 0 -0.9 0 0.238836 0.8444 10 10 255
7.6765 -4.22744 -30.6144 -0.140578 0 4.5 0 0.677052 0.0754563 255 5 5
1.17262 10.2914 -8.1675 0.149868 0 -1.6 0 0.0506308 -0.759168 255 138 138
21.7784 -0.648812 -29.3276 -0.231197 0 -3.5 0 0.801198 0.446641 255 234 234
1.28575 8.36319 -10.1752 -0.102196 -0.362552 -0.485956 0 -0.561848 -0.32489 255 142 142
26.989 -4.6865 -14.1969 0.287217 0.0163642 -3.5 0 -0.756852 -0.573725 0 0 255
5.00475 -6.59628 -17.9193 0.137469 0 1.8 0 -0.0474034 -0.99737 255 38 38
30.624 6.1855 -15.4326 -0.475468 -0.015211 4.2 0 0.341345 -0.0891733 7 7 255
14.3591 -9.38575 -18.1258 -0.164553 -0.0513918 2.8257 0 0.381385 -0.781187 255 85 85
25.2151 9.384 -25.0708 -0.693936 0 -2.66111 0 0.105835 0.304757 179 179 255
15.8461 -4.10606 -5.99412 0.272356 0 1.8 0 0.441815 0.158149 1 1 255
5.4375 -4.096 -7.346 -0.227982 0 3.8 0 0.736622 -0.114498 189 189 255
13.5153 -8.07512 -21.9179 0.625857 0.0849229 -3.9 1 -0.318397 -0.475187 255 46 46
23.2834 -9.38994 -31.3296 1.30166 0.306889 -0.8 0 -0.0694535 -0.786961 215 215 255
16.0034 -6.40075 -12.1005 0.666413 0.554323 -3.5 0 0.237643 0.255883 13 13 255
35.0216 7.69325 -12.4577 -0.0868254 0.171119 -3.5 0 0.278862 0.548734 19 19 255
32.1983 2.85684 -15.2165 0.273773 0 -4.5 0 -0.00575654 -0.490948 2 2 255
21.1136 -3.92244 -7.19075 1.00007 0 -4.5 0 -0.316012 -0.737466 1 1 255
35.4179 8.97738 -10.8856 -0.384029 0 -3.5 0 0.282642 0.958353 14 14 255
5.76912 8.53728 -9.72909 -0.0448342 0 3.8 0 -0.177108 0.441574 204 204 255
2.37609 12.2622 -20.3926 -0.613914 0 -3.2 0 0.0800452 0.82011 0 0 255
21.8695 1.613 -28.171 -0.159265 0 4.5 0 0.180372 0.0601772 255 241 241
20.1374 -2.80275 -5.72356 0.445311 0 -4.5 0 0.0154743 -0.557606 2 2 255
7.182 -7.37762 -19.4864 0.387412 -0.381997 -3.70359 1 -0.88993 -0.387851 255 27 27
30.555 10.9747 -2.6055 -2.16849 -0.137197 4.5 0 -0.766291 0.0990977 12 12 255
5.8685 10.99 -28.422 -0.114211 -0.166176 -0.734313 0 0.311555 0.859813 1 1 255
29.4915 11.577 -15.297 -0.257434 0 -0.7 0 0.249051 0.936938 11 11 255
25.1047 3.77175 -22.5515 -0.328275 0 -0.4 0 0.930309 -0.0522377 149 149 255
-4.28697 -2.29437 -33.7074 1.37052 0 -3.9 0 -0.250377 0.802859 255 185 185
23.2891 -3.71934 -31.8446 -0.35742 0 -1.13054 0 0.56243 0.490134 134 134 255
19.2606 -4.95272 -12.3977 -0.294855 0 1.93029 0 0.4228 -0.666027 3 3 255
20.6784 13.8779 -21.1959 -0.198048 -0.675861 -0.9 0 -0.167534 0.969078 2 2 255
-6.913 3.6325 -21.277 -0.0210838 0 -0.8 0 -0.766106 0.642203 4 4 255
14.0762 -11.8358 -13.9779 -0.293109 0 4.2 0 0.0186057 -0.996063 255 143 143
7.93975 -1.89175 -30.077 -0.200638 0 -1.06369 0 0.196492 0.0811759 255 20 20
5.222 4.1035 -8.669 0.150712 0 4.5 0 -0.682134 -0.419485 94 94 255
12.59 -4.479 -27.4645 -0.311109 0 -0.7 1 -0.795231 -0.386668 255 5 5
13.6818 3.26749 -5.04046 -0.302408 0 3.8 0 -0.458575 0.431295 179 179 255
11.4259 8.10036 -30.2192 0.18049 0 -1.6 0 -0.297383 0.0279743 0 0 255
3 84 1893 241 0.019089
3 241 1893 2447 0.029016
3 1668 2447 1893 0.035487
3 1893 714 1668 0.045156
3 714 2061 2191 0.075049
3 1496 2061 1635 0.131305
3 2061 1307 798 0.032866
3 798 1307 893 0.021767
3 798 1635 2061 0.103745
3 893 1227 152 0.099674
3 84 241 1227 0.031460
3 191 2280 2013 0.279724
3 2013 2432 191 0.395884
3 348 191 2432 0.419958
3 2013 1668 634 0.166406
3 634 1672 2013 0.210930
3 1457 848 2029 0.065743
3 1496 2029 848 0.084286
3 1496 1635 2029 0.160537
3 2029 1635 1804 0.340406
3 2029 1804 1312 0.374502
3 1635 1244 1804 0.328058
3 1244 1635 1843 0.240761
3 454 1244 1843 0.322824
3 1244 454 1407 0.447483
3 454 242 1407 0.553236
3 1407 242 1806 0.657081
3 242 510 541 0.810162
3 541 510 797 0.865983
3 242 491 510 0.822932
3 491 1451 510 0.718308
3 797 510 2328 0.868016
3 1867 232 1926 0.436189
3 134 1926 232 0.467256
3 1926 134 1843 0.519962
3 1843 798 1926 0.155565
3 1867 152 1473 0.271234
3 1473 152 1227 0.159665
3 1416 1602 1481 0.239189
3 1340 2280 191 0.277240
3 191 348 855 0.550522
3 593 855 348 0.662650
3 1340 191 855 0.434119
3 1340 855 1059 0.404430
3 593 1524 2357 0.737966
3 1769 2432 2013 0.281018
3 1306 2316 1796 0.145156
3 523 966 2221 0.157011
3 1160 1025 441 0.305684
3 1160 1233 1025 0.564493
3 1233 1160 1219 0.524255
3 1233 1219 1684 0.728996
3 1219 58 1840 0.667025
3 1840 58 1837 0.659693
3 1840 1837 1214 0.673030
3 58 1219 1312 0.513932
3 1806 737 1407 0.610776
3 1837 1407 737 0.582711
3 541 797 1208 0.873807
3 1208 797 516 0.939498
3 1208 516 1470 0.962832
3 797 1897 516 0.912115
3 1248 1302 2126 0.760057
3 1334 2126 190 0.611003
3 190 1867 1334 0.492276
3 812 1334 1867 0.433634
3 1602 1059 1481 0.280177
3 1481 1059 363 0.313272
3 314 363 2064 0.621204
3 363 2257 2064 0.486200
3 2064 2257 483 0.554178
3 2257 2110 483 0.581868
3 839 2135 1780 0.661506
3 945 2110 1986 0.629865
3 2357 1598 945 0.698642
3 560 945 1598 0.654629
3 1598 2247 1077 0.776638
3 1966 1874 1858 0.200716
3 1251 1966 1782 0.425905
3 1858 1782 1966 0.298228
3 1858 1874 1359 0.164244
3 1359 411 1858 0.126791
3 2439 1858 411 0.182155
3 1359 1874 2232 0.135678
3 2232 1874 1226 0.171378
3 1359 2232 1187 0.119106
3 1187 411 1359 0.105042
3 2004 1187 2232 0.096290
3 411 1187 2278 0.080928
3 2004 1186 2038 0.147729
3 2297 1186 480 0.116738
3 1186 1747 480 0.079890
3 791 1796 558 0.314643
3 556 523 915 0.335629
3 68 556 915 0.525735
3 68 915 289 0.553800
3 915 830 289 0.272145
3 574 1013 1684 0.837104
3 574 1684 1792 0.876649
3 574 1792 1903 0.970068
3 2266 119 1684 0.727440
3 2266 452 119 0.482206
3 452 2266 1012 0.259399
3 452 1012 321 0.117328
3 1214 1859 994 0.814295
3 1859 208 2299 0.889241
3 208 737 1546 0.786004
3 2299 1208 1470 0.960050
3 1071 2299 151 0.948807
3 1470 151 2299 0.965988
3 151 1470 911 0.995274
3 1470 446 911 0.996714
3 1470 1117 446 0.992275
3 1117 516 364 0.974474
3 1575 364 1897 0.943408
3 127 1117 1575 0.982723
3 127 1575 412 0.983746
3 511 2155 131 0.959158
3 131 2155 2370 0.920493
3 2370 2155 1790 0.904052
3 1790 2155 2328 0.912899
3 2370 1165 755 0.625023
3 755 1165 1293 0.391518
3 1165 849 1293 0.513154
3 1293 849 1946 0.475129
3 849 767 1946 0.648980
3 849 2126 767 0.692189
3 767 1389 1946 0.702280
3 1946 1389 1509 0.610501
3 1946 1509 2089 0.521038
3 1389 2480 1509 0.516001
3 1389 88 2064 0.689022
3 2064 88 314 0.656303
3 1479 1553 839 0.617360
3 945 560 1044 0.568464
3 47 560 659 0.184113
3 47 659 2133 0.056245
3 2133 1228 47 0.014211
3 1508 2133 885 0.077110
3 885 1782 2078 0.330909
3 2439 104 2174 0.085322
3 104 2439 2278 0.054557
3 287 2278 564 0.051267
3 287 173 824 0.015253
3 1379 834 24 0.060169
3 1379 24 2077 0.050464
3 834 564 24 0.063305
3 577 172 1632 0.212163
3 1632 172 617 0.297495
3 617 172 1619 0.369842
3 617 1619 1060 0.362078
3 1397 1408 2406 0.704197
3 1408 2268 2415 0.450840
3 1811 2415 556 0.640674
3 556 2415 1105 0.447982
3 1811 556 2378 0.752991
3 228 1376 843 0.785152
3 1903 1376 574 0.895073
3 574 1376 324 0.834933
3 574 324 1013 0.834367
3 1013 324 1 0.671198
3 1376 1183 324 0.781806
3 1 324 289 0.599645
3 1183 2378 324 0.859543
3 324 2378 289 0.776014
3 289 2378 68 0.770122
3 2130 1616 1903 0.926355
3 591 2130 283 0.976319
3 2130 1456 283 0.972525
3 283 1456 1032 0.978617
3 1032 1886 2227 0.990359
3 1032 2227 731 0.991103
3 1224 151 911 0.995778
3 1886 258 238 0.995949
3 2150 1142 1313 0.998755
3 1313 1142 1303 0.998866
3 2150 1313 418 0.997248
3 418 494 2150 0.995399
3 446 418 1313 0.994263
3 494 418 127 0.991672
3 2150 871 1646 0.997907
3 1646 871 248 0.995706
3 871 1153 248 0.987271
3 1153 412 2301 0.977674
3 1575 2301 412 0.976780
3 211 498 963 0.488884
3 963 498 1994 0.427641
3 1994 2223 963 0.128264
3 2370 755 1994 0.494136
3 1526 2223 1994 0.078212
3 2223 1526 2161 0.030845
3 2161 1526 2089 0.047493
3 979 2161 2089 0.071826
3 2161 979 445 0.016281
3 163 445 979 0.023675
3 1689 1339 163 0.087859
3 1339 1814 1686 0.021865
3 1731 1686 1814 0.006470
3 1689 2480 836 0.574957
3 1479 2010 270 0.081277
3 2010 1305 270 0.034370
3 270 1305 896 0.012611
3 1305 2010 1938 0.036194
3 109 1938 1191 0.018404
3 1702 1228 1508 0.004875
3 1228 2133 1508 0.011420
3 1942 1331 2046 0.008376
3 717 2078 1942 0.028609
3 1942 2078 1331 0.020971
3 2046 1331 921 0.006028
3 2046 921 2032 0.001675
3 2032 2427 1446 0.000204
3 2484 698 1950 0.007177
3 1950 1005 1078 0.037974
3 1950 1078 1322 0.011326
3 1712 831 2422 0.180074
3 1005 1379 831 0.096618
3 1379 1728 831 0.064606
3 2419 1728 246 0.145817
3 1728 2077 246 0.062182
3 180 2077 2009 0.069681
3 180 2009 2412 0.077249
3 2412 1750 1716 0.052248
3 2412 85 1750 0.062763
3 85 2412 2249 0.155413
3 2412 2260 2249 0.191678
3 617 1060 2260 0.255985
3 2260 1060 1048 0.216535
3 1084 1060 1397 0.449066
3 1619 1397 1060 0.500496
3 1397 2005 1820 0.663178
3 877 2156 2246 0.893925
3 1181 1811 72 0.906157
3 651 72 1183 0.852064
3 1800 1375 901 0.863304
3 14 1722 901 0.873081
3 1735 1722 14 0.913709
3 2320 1735 1431 0.974717
3 1431 1735 591 0.925778
3 1735 1616 591 0.863549
3 1360 992 2383 0.992073
3 658 675 2320 0.998691
3 675 1230 2320 0.999405
3 409 1431 591 0.933162
3 658 1597 675 0.999049
3 675 1597 621 0.998646
3 1597 731 2227 0.995121
3 731 283 1032 0.988681
3 2218 2150 1677 0.999819
3 1646 248 115 0.997542
3 115 248 993 0.998021
3 248 682 993 0.986710
3 1368 993 682 0.975463
3 682 265 1368 0.957793
3 993 1368 262 0.992584
3 2367 419 1276 0.134153
3 1688 211 749 0.831362
3 211 963 1823 0.356377
3 963 445 1686 0.027633
3 2385 1686 1731 0.004934
3 1814 270 2258 0.007767
3 1275 2074 968 0.001136
3 2074 1275 2319 0.001391
3 2319 1275 896 0.003116
3 12 2319 391 0.006872
3 391 666 12 0.007629
3 666 2256 12 0.005633
3 666 2166 711 0.005523
3 916 1570 1296 0.004632
3 1570 1702 1634 0.002431
3 1296 1634 108 0.001188
3 108 1634 1357 0.000831
3 1314 661 1508 0.004429
3 1127 677 1498 0.001091
3 677 1127 1732 0.000987
3 1357 677 1732 0.001338
3 1127 1266 947 0.000610
3 1266 555 947 0.000555
3 947 555 427 0.000261
3 975 1498 2046 0.000640
3 193 1964 1678 0.000207
3 1454 1678 1964 0.000281
3 1446 1964 193 0.000152
3 2154 1446 602 0.000055
3 2154 153 1304 0.001372
3 2154 1304 1574 0.000425
3 1078 1247 153 0.018751
3 1499 1247 784 0.084267
3 1630 2422 66 0.256003
3 2419 549 2373 0.299591
3 2419 2373 2408 0.504718
3 2408 2373 62 0.586646
3 2373 549 1120 0.278091
3 2373 1120 176 0.311884
3 1120 1716 176 0.161430
3 176 1716 1750 0.154371
3 1414 1139 2373 0.463352
3 1409 1139 1414 0.343475
3 2444 1409 928 0.258084
3 1129 718 267 0.269917
3 618 693 1855 0.381042
3 618 328 2403 0.493882
3 2249 2260 1746 0.169397
3 2403 950 1393 0.416037
3 877 1361 2156 0.727385
3 2156 1361 234 0.781152
3 1361 899 204 0.512736
3 1361 204 234 0.726725
3 899 2208 204 0.603033
3 2208 899 569 0.827553
3 133 569 899 0.828753
3 133 2351 569 0.914320
3 2351 133 2176 0.890521
3 877 1800 2194 0.778682
3 1800 877 635 0.856383
3 60 651 1375 0.865623
3 60 1375 1800 0.891484
3 2226 1722 1360 0.930857
3 1360 2383 514 0.983459
3 2176 514 723 0.959933
3 2086 1230 218 0.994750
3 1230 2355 218 0.996427
3 1289 2429 11 0.998836
3 1198 621 2429 0.999242
3 11 2429 1833 0.999706
3 652 551 1753 0.998176
3 1610 881 1006 0.993049
3 881 1610 262 0.991298
3 262 1529 881 0.964519
3 393 1006 881 0.980816
3 1006 393 2421 0.965576
3 680 1267 2315 0.913441
3 1267 1516 2315 0.905334
3 1516 1529 1166 0.823468
3 182 2385 2309 0.011361
3 2385 1554 2309 0.002909
3 182 1276 2385 0.018164
3 2385 1276 120 0.023753
3 2309 1554 1872 0.002478
3 1872 1554 2319 0.002423
3 2319 2256 1872 0.004014
3 1872 2256 1881 0.005803
3 1516 2073 2315 0.697858
3 1132 1881 765 0.047235
3 3 965 2093 0.001669
3 965 733 2166 0.001207
3 765 2166 733 0.001743
3 2166 919 965 0.001219
3 2093 1178 611 0.001269
3 1178 175 2189 0.000709
3 175 2166 2189 0.001309
3 2189 1310 379 0.000693
3 379 1310 1758 0.000580
3 1758 1310 1003 0.000509
3 1310 2326 1003 0.000273
3 1003 2326 305 0.000343
3 1003 305 358 0.000306
3 2326 764 305 0.000381
3 305 764 866 0.000410
3 305 866 358 0.000261
3 358 866 887 0.000343
3 1357 764 757 0.001012
3 757 1296 108 0.001436
3 757 2167 1296 0.001937
3 358 1767 1003 0.000208
3 1767 1373 726 0.000199
3 1373 1810 531 0.000122
3 1578 275 947 0.000225
3 1090 2099 1578 0.000151
3 1955 1090 1578 0.000196
3 2099 1090 1579 0.000215
3 1090 1955 974 0.000238
3 1579 1090 974 0.000203
3 1964 867 1955 0.000372
3 1523 1955 867 0.000474
3 867 2154 1523 0.000390
3 897 1396 499 0.002027
3 684 2332 1097 0.524957
3 113 1097 2332 0.099330
3 113 2332 934 0.078617
3 858 525 481 0.319320
3 525 144 336 0.317434
3 525 336 1324 0.297376
3 1324 336 213 0.465239
3 862 694 1315 0.282681
3 665 862 1558 0.434803
3 862 1242 1558 0.313696
3 1242 1324 1558 0.355524
3 1324 2051 1558 0.470361
3 66 2051 1630 0.462734
3 1017 1427 1779 0.522386
3 1601 1427 1017 0.402641
3 1601 1164 1427 0.458610
3 62 2425 2408 0.591512
3 2408 2425 1164 0.465038
3 2425 62 1139 0.372911
3 1139 62 2373 0.578252
3 1164 2425 1606 0.390650
3 1164 1606 2327 0.536700
3 2425 2444 578 0.271155
3 2001 1878 1338 0.265306
3 2277 2001 1338 0.365732
3 2444 928 2207 0.242071
3 693 716 1855 0.253339
3 1382 1519 716 0.290464
3 2207 716 1519 0.293288
3 1519 1382 1270 0.403685
3 1270 809 1519 0.683855
3 1462 960 1333 0.542705
3 960 416 2283 0.537582
3 960 2283 1333 0.634292
3 1333 2283 2019 0.629003
3 101 2283 1995 0.688709
3 618 1995 2283 0.559707
3 618 2403 1995 0.577921
3 89 971 980 0.692385
3 971 1393 21 0.696317
3 1527 21 610 0.735544
3 980 2235 277 0.830726
3 1599 2458 2420 0.908891
3 2420 2458 1862 0.914479
3 2351 2458 569 0.931037
3 2351 723 1869 0.930328
3 1238 251 2086 0.980183
3 943 2395 1785 0.973709
3 1785 2395 1271 0.977911
3 1238 2395 943 0.988725
3 2080 2355 1905 0.997193
3 2080 1905 1122 0.997754
3 1860 2274 1284 0.995439
3 1860 1289 2274 0.993731
3 2274 1289 1134 0.990752
3 55 1289 1753 0.995418
3 1679 1830 2088 0.989902
3 1258 706 333 0.993654
3 1679 1458 1610 0.996992
3 2421 2453 1679 0.989547
3 1839 2486 1645 0.901129
3 2075 1839 417 0.965562
3 1541 2315 789 0.893379
3 2315 1541 1645 0.889963
3 1645 1541 2059 0.810165
3 2276 1541 420 0.686453
3 420 2200 2276 0.319887
3 789 2085 420 0.867374
3 2200 420 2085 0.555487
3 930 803 178 0.541740
3 3 609 1564 0.002625
3 1564 609 1445 0.005224
3 1564 1445 1865 0.017810
3 609 2093 1709 0.004149
3 1709 914 683 0.005255
3 705 1326 914 0.002146
3 1131 914 1326 0.002788
3 1326 705 1707 0.002043
3 2348 96 1758 0.000568
3 96 1707 611 0.000986
3 96 611 1178 0.001134
3 1758 96 379 0.000648
3 1178 379 96 0.000780
3 1767 726 2103 0.000247
3 726 1871 2103 0.000494
3 1510 1657 1624 0.001796
3 1510 1624 459 0.001085
3 1513 1624 1374 0.000314
3 531 1513 1374 0.000301
3 2099 1155 459 0.000378
3 459 1155 156 0.000636
3 1371 1851 974 0.000284
3 247 1148 660 0.001087
3 247 1144 1148 0.001870
3 408 1531 247 0.003282
3 27 247 1531 0.003317
3 1531 1433 27 0.010014
3 1273 27 1433 0.010429
3 934 1531 61 0.022448
3 408 1008 499 0.001381
3 499 1008 362 0.001042
3 87 467 2332 0.358159
3 858 481 1315 0.390270
3 858 1315 284 0.527421
3 481 862 1315 0.399519
3 87 148 592 0.814420
3 87 592 467 0.707432
3 2187 1585 148 0.795457
3 592 148 1585 0.854883
3 2187 1315 694 0.548468
3 694 2374 2187 0.712839
3 2425 578 1606 0.315834
3 2277 1838 1807 0.656528
3 1838 308 2053 0.671110
3 2277 1338 308 0.519205
3 2198 1323 2053 0.641402
3 2198 471 1154 0.509322
3 2198 1154 1669 0.578519
3 1669 1154 77 0.646106
3 77 1154 1519 0.591890
3 1338 598 1154 0.505095
3 1519 1154 598 0.489931
3 1519 598 2207 0.399184
3 1669 740 1693 0.651270
3 1693 740 404 0.741195
3 404 1089 1693 0.809030
3 1885 1693 1089 0.849093
3 740 809 1075 0.842334
3 187 809 1270 0.791607
3 505 187 1270 0.743220
3 1720 505 1462 0.871256
3 960 1462 505 0.682050
3 973 2019 655 0.753467
3 101 22 2283 0.606945
3 2019 2283 22 0.605241
3 22 101 761 0.623003
3 22 761 922 0.626823
3 761 1995 89 0.693283
3 761 277 253 0.790020
3 277 1031 253 0.871677
3 495 253 1297 0.841152
3 845 2235 1561 0.890278
3 160 1996 845 0.918503
3 1996 160 426 0.903049
3 426 160 2451 0.907197
3 1956 426 1944 0.828575
3 2451 1944 426 0.858290
3 2409 2420 612 0.782687
3 796 1862 1900 0.942409
3 942 1098 2475 0.961937
3 942 1760 40 0.964544
3 40 1760 2441 0.973654
3 2285 1760 1035 0.967475
3 1760 2475 1035 0.951991
3 2475 1785 1035 0.942420
3 17 1271 1798 0.981625
3 1035 17 1254 0.980472
3 1798 1254 17 0.982357
3 1271 544 1798 0.984496
3 544 1576 1798 0.970884
3 1271 2395 544 0.982382
3 2395 1101 353 0.992767
3 2395 353 1249 0.992746
3 1101 2418 353 0.992746
3 1040 2433 1655 0.994875
3 399 815 2274 0.992945
3 1655 2274 815 0.994117
3 1830 2453 399 0.990423
3 815 399 2453 0.993646
3 2453 787 815 0.994071
3 1655 815 1987 0.993875
3 1987 815 787 0.991583
3 1987 787 2281 0.991909
3 1987 2281 1661 0.990513
3 1661 2281 462 0.991481
3 462 2281 2075 0.988719
3 1504 462 2075 0.986359
3 462 1504 969 0.988515
3 539 580 969 0.987676
3 539 2318 580 0.986364
3 539 1857 2111 0.970494
3 1904 430 461 0.917395
3 1904 461 2059 0.803353
3 430 417 461 0.949024
3 2059 461 1645 0.769942
3 59 2059 2276 0.328751
3 1110 59 2276 0.047697
3 1770 608 2450 0.020584
3 608 1110 2023 0.007547
3 2023 2450 608 0.004729
3 2200 2023 1110 0.027059
3 1963 2023 2200 0.045599
3 1563 2023 319 0.001108
3 2063 1445 609 0.009019
3 914 1131 1596 0.003664
3 2477 65 1590 0.001017
3 1596 1505 2477 0.004628
3 1505 2180 515 0.002457
3 65 2477 2188 0.001818
3 2180 903 515 0.001449
3 1657 903 1871 0.001100
3 903 2180 2103 0.000748
3 903 2103 1871 0.000634
3 1998 1657 1510 0.002292
3 1998 1510 2259 0.004781
3 2259 1510 727 0.002864
3 1510 156 727 0.001183
3 1152 1973 2181 0.001111
3 2259 727 189 0.001443
3 189 727 1286 0.001390
3 189 1286 582 0.000700
3 189 582 273 0.000577
3 273 869 2472 0.000520
3 869 273 229 0.000581
3 273 582 229 0.000498
3 2272 489 582 0.000265
3 582 489 229 0.000261
3 489 376 229 0.000207
3 229 376 1831 0.000332
3 69 1831 376 0.000303
3 69 376 250 0.000240
3 1273 424 1736 0.016778
3 1144 1736 374 0.002549
3 424 1273 2239 0.072961
3 1237 1623 467 0.456765
3 1480 1237 201 0.557024
3 592 1237 467 0.650957
3 592 1581 1237 0.673965
3 201 1237 1581 0.639825
3 1585 1581 592 0.888215
3 865 2374 6 0.860218
3 865 6 2113 0.844398
3 1842 2374 868 0.889034
3 690 2327 654 0.737560
3 1157 2374 690 0.807943
3 868 1157 1385 0.864095
3 654 264 690 0.784609
3 1157 690 264 0.809313
3 1385 1157 1436 0.869231
3 264 1436 1157 0.746740
3 868 1385 1842 0.914628
3 1842 1385 2449 0.909962
3 1542 816 2033 0.620655
3 1542 2033 1560 0.817808
3 1560 2033 1036 0.489480
3 2014 816 1807 0.528541
3 1807 1891 2014 0.492431
3 1807 1838 1891 0.592370
3 2014 1891 631 0.398655
3 631 783 2014 0.377420
3 816 2014 783 0.365748
3 631 1891 1406 0.372065
3 1406 1891 487 0.349818
3 1891 1323 487 0.545222
3 487 1323 2003 0.566429
3 487 2003 788 0.473556
3 788 2003 1425 0.642799
3 1425 2003 1693 0.676945
3 1425 1693 1885 0.740762
3 788 876 2262 0.840298
3 788 1543 876 0.917589
3 2335 2140 1115 0.759608
3 2140 1745 1115 0.781663
3 1745 1089 404 0.829325
3 1745 404 147 0.744587
3 147 404 1530 0.807748
3 918 1530 1740 0.818399
3 1996 758 1073 0.926616
3 1996 1956 1011 0.867314
3 918 1011 1384 0.809109
3 1956 1944 936 0.832068
3 2424 2409 612 0.744676
3 2420 796 842 0.778017
3 2424 842 2007 0.763401
3 796 1768 842 0.789711
3 2007 842 433 0.751508
3 842 1768 500 0.707623
3 842 500 433 0.679627
3 1450 1900 288 0.912095
3 1768 796 1900 0.892106
3 288 1900 1009 0.927290
3 1009 942 2101 0.949234
3 40 2441 2101 0.968553
3 1135 1877 1571 0.959728
3 2441 2285 590 0.987207
3 1660 590 1805 0.977603
3 2285 1805 590 0.988652
3 1254 1805 2285 0.986962
3 1628 1805 1254 0.988469
3 1254 1939 898 0.977086
3 898 1939 1343 0.961958
3 1939 1254 1798 0.977065
3 1249 780 1576 0.980525
3 2206 780 1301 0.994999
3 780 1249 168 0.978339
3 1301 780 1786 0.990308
3 168 1786 780 0.978739
3 760 1975 1786 0.992036
3 1786 2382 1301 0.993898
3 1980 1661 184 0.990250
3 1661 462 184 0.987616
3 184 462 580 0.989005
3 462 969 580 0.986848
3 1980 184 1970 0.987853
3 1719 1970 2488 0.987040
3 184 580 1970 0.986798
3 580 2318 1970 0.986349
3 1970 2318 1658 0.989867
3 2341 2111 882 0.965331
3 10 70 2298 0.149209
3 1128 603 1175 0.022179
3 1904 1141 1770 0.345862
3 2025 49 70 0.180094
3 2450 603 1770 0.023012
3 2450 1175 603 0.021560
3 1592 695 2023 0.001575
3 2490 1563 545 0.000183
3 2490 545 1203 0.000200
3 1203 545 1931 0.000289
3 366 650 616 0.000997
3 1563 319 650 0.000348
3 650 319 616 0.000688
3 1752 1915 366 0.000943
3 599 1915 1590 0.000845
3 276 1681 2379 0.000752
3 306 1642 1896 0.003900
3 1642 2188 2371 0.003159
3 1998 1099 640 0.004017
3 1099 1152 2181 0.002598
3 1896 1781 1119 0.004071
3 2181 2042 1781 0.002535
3 1992 2042 905 0.003530
3 905 2269 1992 0.004651
3 890 1992 2269 0.006584
3 2042 1973 573 0.002284
3 195 869 730 0.001074
3 195 730 1147 0.002063
3 195 1147 1434 0.003174
3 2117 195 1434 0.005115
3 1831 937 730 0.000973
3 1147 304 707 0.011635
3 157 521 1034 0.027103
3 1649 521 1643 0.003604
3 1649 1643 374 0.001607
3 521 1053 1643 0.002156
3 374 1643 69 0.000671
3 304 1919 1184 0.079710
3 2069 1184 1919 0.156452
3 157 1034 1412 0.175958
3 2239 1440 1222 0.158008
3 1222 1440 43 0.161497
3 43 1440 2416 0.375969
3 1440 1910 2416 0.467785
3 2239 378 1440 0.286793
3 1910 1440 378 0.470640
3 378 1480 1910 0.546370
3 1910 1480 2006 0.749042
3 1480 5 2006 0.796013
3 5 1761 2006 0.789653
3 2006 1761 2220 0.809521
3 957 1842 2449 0.853213
3 1140 1969 1962 0.239663
3 816 2244 307 0.300314
3 1708 2244 206 0.215303
3 407 1052 1391 0.424780
3 1052 783 997 0.378688
3 997 932 340 0.465613
3 1875 2262 1344 0.543692
3 1875 435 932 0.463927
3 932 435 1794 0.452804
3 932 1794 340 0.516148
3 435 2463 1794 0.337443
3 1500 2463 1918 0.480158
3 2262 876 1392 0.726127
3 2262 1392 1337 0.582710
3 1337 1392 1918 0.619229
3 2335 1500 1918 0.644432
3 1392 2335 1918 0.729647
3 814 1500 1201 0.490452
3 1201 2112 814 0.514539
3 1500 1115 428 0.620530
3 1500 428 1201 0.576884
3 1115 1745 1852 0.696865
3 708 1384 2330 0.857952
3 2037 708 2330 0.859701
3 1377 149 1711 0.787652
3 149 140 1711 0.760148
3 1377 550 2007 0.756291
3 2007 550 2424 0.776533
3 802 1552 936 0.850967
3 433 500 607 0.641318
3 1261 1064 422 0.527404
3 1261 422 844 0.598185
3 1877 1135 473 0.855991
3 473 1135 92 0.762122
3 92 1135 2047 0.625375
3 1571 1370 1135 0.866667
3 394 1660 1628 0.968454
3 1628 898 1343 0.953452
3 2144 1343 2464 0.878947
3 1236 2464 1343 0.932657
3 2031 1236 1328 0.938899
3 2245 1719 2488 0.987757
3 2245 177 106 0.992187
3 2245 106 1065 0.992862
3 177 1694 106 0.988904
3 1065 106 2252 0.990505
3 2252 214 2052 0.978246
3 1694 1658 964 0.977011
3 548 776 2341 0.966123
3 548 2341 891 0.938909
3 1192 1264 337 0.908931
3 1967 337 25 0.873796
3 337 1264 478 0.858001
3 337 478 25 0.807540
3 2138 1478 2175 0.708585
3 2062 10 2298 0.212766
3 506 2298 1128 0.032390
3 506 1441 1335 0.025300
3 1335 1441 630 0.029207
3 1049 2215 1441 0.005217
3 2022 1049 571 0.000289
3 571 752 2022 0.000238
3 1049 1128 571 0.001807
3 571 1128 1024 0.002458
3 1024 1128 1175 0.017447
3 752 1024 2426 0.000574
3 2426 2450 1592 0.000816
3 1512 1056 586 0.000048
3 586 1056 1332 0.000039
3 586 1332 1168 0.000052
3 1056 2426 1332 0.000051
3 2426 2490 1332 0.000066
3 54 1681 599 0.000284
3 998 2325 339 0.000223
3 330 1403 1713 0.000865
3 1403 554 895 0.001381
3 554 987 895 0.002471
3 554 1093 987 0.003026
3 2379 351 1093 0.001876
3 1093 351 1193 0.002206
3 351 306 1193 0.002252
3 1193 306 1896 0.003031
3 1762 1093 1193 0.004129
3 1762 1193 2091 0.005400
3 2091 579 1762 0.009591
3 1193 1119 2091 0.003605
3 1992 890 2091 0.012089
3 890 2269 118 0.012703
3 890 118 2091 0.016246
3 823 2117 20 0.006217
3 20 121 823 0.011290
3 1262 823 2210 0.030707
3 121 1884 274 0.038749
3 91 707 1184 0.073969
3 91 1501 707 0.035981
3 707 1501 1434 0.006306
3 1434 1147 707 0.004254
3 1184 707 304 0.056369
3 1884 2182 2002 0.113739
3 1705 1184 2069 0.189857
3 2069 1269 1797 0.440420
3 1412 2416 2069 0.368868
3 2069 2416 1269 0.488500
3 1910 1706 2416 0.658966
3 1706 1910 2006 0.802444
3 1706 2006 2128 0.855851
3 2128 2353 2204 0.757475
3 2128 2006 2220 0.837226
3 2431 162 2353 0.797737
3 1432 2353 162 0.852621
3 841 2220 1761 0.846872
3 162 2431 2454 0.679685
3 1062 2456 1637 0.821993
3 112 744 667 0.510169
3 1367 667 1759 0.702848
3 2250 744 1962 0.411896
3 1962 1631 2250 0.600947
3 744 341 1962 0.414036
3 1962 1822 1631 0.445390
3 1708 206 2487 0.186256
3 1319 206 1959 0.216388
3 1319 1959 1515 0.217161
3 692 1391 2068 0.537278
3 2396 692 1828 0.406672
3 1828 692 2068 0.474255
3 2068 340 1828 0.543281
3 1832 1922 1675 0.160413
3 1828 509 2396 0.323508
3 2203 509 1794 0.220341
3 2463 1741 1794 0.310674
3 2203 1988 637 0.093322
3 2044 1741 2116 0.254514
3 518 2112 1223 0.339104
3 1223 2112 76 0.410451
3 76 2112 349 0.566000
3 76 349 344 0.607558
3 2112 2066 349 0.482387
3 1201 708 2066 0.645470
3 102 2066 501 0.770703
3 76 1989 1223 0.495617
3 1908 400 1989 0.523031
3 2121 400 948 0.539823
3 2079 1711 140 0.733833
3 1350 1108 1908 0.671753
3 400 1908 1108 0.465053
3 1108 948 400 0.507042
3 948 1108 607 0.464556
3 1350 149 1108 0.737885
3 1108 149 607 0.585516
3 607 149 2007 0.726354
3 2121 948 1290 0.513043
3 2121 1290 1991 0.554303
3 1991 1290 2012 0.651316
3 2012 1290 1320 0.729835
3 948 607 1290 0.502416
3 1320 1290 1103 0.531314
3 990 2012 1362 0.529155
3 1362 1330 990 0.467284
3 1320 1362 2012 0.732246
3 1330 1362 1497 0.542278
3 1320 1103 1471 0.703068
3 92 1471 473 0.750353
3 1362 1471 2047 0.577068
3 1497 1362 2047 0.578633
3 670 2047 1370 0.847404
3 2047 670 1448 0.796570
3 1448 2485 2162 0.689617
3 670 2199 1925 0.826148
3 991 2199 322 0.793287
3 2392 394 2460 0.929262
3 2460 322 2392 0.869525
3 19 2460 150 0.891197
3 19 150 2144 0.911920
3 1652 19 2144 0.898305
3 150 1628 2144 0.923259
3 2460 1652 1665 0.795596
3 2060 2144 681 0.879729
3 681 2144 469 0.928277
3 2144 2464 469 0.892681
3 469 2464 2428 0.904548
3 1633 2428 1717 0.931557
3 1057 1633 1717 0.956378
3 751 632 1057 0.958332
3 1633 1057 632 0.950713
3 632 879 1633 0.938126
3 751 1065 370 0.980123
3 370 303 766 0.966289
3 766 303 1288 0.969897
3 303 2252 1288 0.976974
3 725 1911 1460 0.926247
3 725 1460 463 0.927152
3 1460 2035 463 0.897859
3 1730 1460 1557 0.899384
3 1557 299 1730 0.847152
3 1557 1967 2391 0.920670
3 1557 1911 1967 0.912024
3 1967 1911 1019 0.891845
3 1243 478 1349 0.747787
3 1349 478 2138 0.720273
3 1349 199 894 0.750059
3 1739 1349 2138 0.534091
3 1437 2138 2175 0.395878
3 331 2175 1772 0.377239
3 1335 630 1772 0.080100
3 331 1772 1929 0.383918
3 642 630 2215 0.026732
3 630 1441 2215 0.016047
3 2344 449 821 0.024230
3 2344 821 606 0.032331
3 398 1695 2127 0.000121
3 2248 2098 2271 0.000114
3 822 4 1241 0.001243
3 1844 2098 1325 0.000062
3 1588 493 2098 0.000161
3 1325 2098 2022 0.000034
3 1325 1812 1844 0.000112
3 124 1844 1812 0.000141
3 1325 2022 1512 0.000032
3 124 998 699 0.000216
3 1241 1713 1868 0.000808
3 1535 1873 1868 0.001053
3 1868 1873 479 0.001432
3 479 822 1868 0.001437
3 1535 563 1819 0.000981
3 563 987 1819 0.001657
3 1667 1278 579 0.012145
3 1278 1762 579 0.013134
3 579 118 1667 0.014591
3 1667 750 1835 0.071388
3 750 917 1835 0.105905
3 750 118 2269 0.024530
3 1080 917 777 0.097223
3 1080 777 747 0.079810
3 132 777 2210 0.041260
3 961 132 2210 0.062157
3 2196 1663 961 0.077852
3 1562 961 1663 0.054257
3 535 2196 1532 0.321877
3 1952 2435 535 0.280942
3 403 2435 808 0.202714
3 808 2435 1172 0.310008
3 2018 1347 1952 0.171077
3 2018 1797 2240 0.469354
3 835 1260 34 0.690011
3 34 1260 2337 0.642633
3 2337 2240 1121 0.672303
3 2416 1706 386 0.699895
3 1706 2337 386 0.787299
3 1260 835 1734 0.668619
3 1346 2454 1367 0.741289
3 1734 159 691 0.457814
3 159 1759 1698 0.379605
3 1698 1759 995 0.402512
3 566 1698 995 0.327002
3 1759 1229 64 0.648594
3 995 64 2471 0.361859
3 1453 1972 852 0.508724
3 1319 392 2230 0.245082
3 1319 1515 392 0.275823
3 2104 1743 1475 0.318619
3 1515 1959 1743 0.259757
3 1743 1959 910 0.294698
3 1095 1743 1832 0.159546
3 1095 983 1990 0.094672
3 2354 983 1675 0.137008
3 1675 1194 2354 0.180670
3 1675 837 1194 0.144546
3 837 1675 1922 0.152264
3 1641 1922 649 0.188724
3 475 215 637 0.171865
3 1916 1818 1439 0.118858
3 1439 1818 2375 0.190990
3 155 2375 1068 0.263217
3 1068 1924 155 0.321077
3 1109 860 1151 0.034832
3 1109 1151 1447 0.016769
3 860 2153 1778 0.143791
3 1778 792 2081 0.041540
3 1130 2081 117 0.030804
3 990 1330 2090 0.197593
3 2090 1330 302 0.168595
3 1330 2162 302 0.314249
3 302 2162 874 0.247555
3 1925 395 2366 0.538150
3 395 1355 135 0.278424
3 395 135 1287 0.409096
3 1287 1825 395 0.409179
3 135 1070 1292 0.224410
3 1070 1355 2100 0.143616
3 2238 235 401 0.079743
3 1847 8 1882 0.145929
3 322 2460 991 0.822298
3 15 991 2460 0.761658
3 15 2460 82 0.777047
3 82 1020 674 0.479656
3 1899 935 2170 0.338461
3 935 846 2170 0.207374
3 1027 2170 846 0.189629
3 359 701 1899 0.426000
3 1899 1566 359 0.440017
3 359 1566 1309 0.508318
3 1309 1566 1074 0.719557
3 359 205 701 0.422836
3 503 1263 2016 0.520256
3 1298 2016 1263 0.657284
3 2016 1298 1826 0.737422
3 1074 681 1826 0.878175
3 1826 469 1556 0.854053
3 469 2428 1556 0.874100
3 1556 2428 1633 0.873709
3 1920 820 1826 0.846931
3 1727 1920 1789 0.891471
3 879 1789 1920 0.897047
3 1789 105 1727 0.910212
3 1985 628 863 0.971334
3 1985 863 345 0.969998
3 628 1502 863 0.960529
3 463 1502 2052 0.944097
3 463 2035 1502 0.918544
3 1502 2035 543 0.925500
3 1502 543 438 0.954511
3 1042 2035 1730 0.762326
3 1042 1730 1161 0.745968
3 402 1730 299 0.747216
3 1161 402 1418 0.625846
3 402 299 770 0.565594
3 770 1418 402 0.533568
3 2391 2365 1177 0.844261
3 1405 1739 2455 0.654754
3 2473 697 2442 0.480052
3 962 2473 2024 0.463565
3 2295 2024 2473 0.673708
3 2473 1437 2295 0.556154
3 2175 331 1437 0.560239
3 2344 606 1683 0.065296
3 1683 606 1978 0.018246
3 1683 1978 2368 0.024063
3 999 1978 1961 0.008433
3 1978 443 423 0.000864
3 423 443 1695 0.000329
3 2015 398 931 0.000081
3 2134 161 2123 0.000125
3 161 2134 2286 0.000224
3 1107 2127 1145 0.000600
3 1107 2286 2134 0.000381
3 2286 1156 346 0.000740
3 346 161 2286 0.000484
3 1156 1965 2243 0.001584
3 1965 2290 2243 0.001680
3 2386 1965 1156 0.002071
3 1873 1411 2386 0.002523
3 2076 1411 1819 0.003106
3 2076 1278 620 0.007330
3 2076 146 1856 0.003850
3 2076 1856 679 0.002700
3 146 2314 1856 0.006656
3 2339 1080 1111 0.123277
3 2339 1111 2190 0.138589
3 1111 1562 2190 0.085240
3 1627 2190 1562 0.099576
3 1653 1627 281 0.048130
3 1562 281 1627 0.049021
3 1562 1111 747 0.080442
3 1653 281 1474 0.057234
3 2160 1474 1112 0.123375
3 1112 1474 403 0.118890
3 281 1663 1474 0.091252
3 2397 83 1934 0.225585
3 1112 1308 83 0.235236
3 1472 83 1308 0.342087
3 808 1308 1112 0.306247
3 1308 808 1172 0.265898
3 528 1472 1002 0.464505
3 2036 1002 1472 0.615385
3 1002 2036 0 0.440879
3 474 0 2036 0.408777
3 1172 474 2036 0.467142
3 0 2346 728 0.299195
3 1430 1703 2292 0.487559
3 1430 852 1972 0.478477
3 1816 1430 1972 0.636618
3 1816 2141 2107 0.704711
3 2141 1887 873 0.619756
3 197 1887 1475 0.334345
3 2104 1475 1887 0.272132
3 197 1990 425 0.359690
3 425 1990 1022 0.301090
3 1990 1475 1095 0.098265
3 1095 1475 1743 0.215871
3 1022 562 1648 0.181421
3 534 1022 1648 0.177019
3 327 534 1620 0.252151
3 1648 1620 534 0.184760
3 1648 983 2354 0.086632
3 1194 1605 2354 0.106963
3 1091 2354 1605 0.108999
3 978 641 1605 0.055618
3 1091 1605 641 0.083740
3 978 1605 2229 0.023934
3 2211 300 646 0.089262
3 2229 1656 978 0.012140
3 1656 746 978 0.012350
3 978 746 904 0.020380
3 904 641 978 0.016343
3 1225 810 904 0.002909
3 641 904 1394 0.011892
3 810 1394 904 0.005377
3 2228 746 782 0.016713
3 782 746 1916 0.038465
3 782 1916 1439 0.073177
3 782 1439 1109 0.054200
3 1439 860 1109 0.058358
3 1072 1447 200 0.003435
3 1447 1636 200 0.002925
3 1636 1447 1207 0.005762
3 1130 1413 908 0.028930
3 117 1215 1413 0.033078
3 117 2090 1215 0.041176
3 1413 1215 1045 0.042679
3 1215 529 1045 0.067514
3 529 874 1400 0.182927
3 2366 1825 874 0.271892
3 1292 440 1287 0.201883
3 1287 440 1825 0.261932
3 1825 440 239 0.208991
3 1537 2345 440 0.127718
3 440 2345 239 0.174904
3 239 2345 2217 0.135535
3 165 2217 2338 0.028894
3 1799 519 401 0.099540
3 2238 401 2192 0.090661
3 401 519 2192 0.090173
3 2192 519 2100 0.098456
3 2345 1799 63 0.148918
3 748 779 2338 0.021884
3 854 63 2398 0.200578
3 1748 1493 2398 0.066377
3 854 2398 1493 0.066398
3 318 1464 561 0.150204
3 846 2119 1464 0.174857
3 1569 1464 2119 0.121524
3 938 935 1899 0.258332
3 1999 938 1899 0.385239
3 1999 1899 1196 0.424898
3 1899 701 1196 0.406812
3 1196 701 390 0.426708
3 1196 390 1981 0.420867
3 2376 1981 390 0.442417
3 2376 28 1417 0.411972
3 28 503 1417 0.376671
3 503 2016 1417 0.426266
3 1197 2376 1912 0.331775
3 1417 1221 781 0.560853
3 820 773 1221 0.736572
3 1221 773 236 0.788378
3 773 820 1727 0.828511
3 1218 1727 105 0.898014
3 1577 2028 1218 0.935394
3 389 2028 1985 0.982174
3 686 863 438 0.983147
3 863 1502 438 0.956702
3 438 543 334 0.975349
3 2329 334 543 0.985149
3 1809 2329 1609 0.916469
3 543 1609 2329 0.881956
3 56 1809 1609 0.708710
3 2302 532 2465 0.496422
3 2165 2302 301 0.361669
3 2302 2071 301 0.554338
3 301 2071 1161 0.695086
3 1644 2165 1136 0.039928
3 2165 1352 742 0.115619
3 2165 742 1136 0.046046
3 1352 1418 770 0.511804
3 1352 770 2365 0.676157
3 2139 2365 53 0.575850
3 53 1483 2236 0.539618
3 902 2236 1318 0.186332
3 1483 2455 2236 0.532147
3 1318 2236 721 0.379378
3 989 1696 1256 0.307932
3 623 1696 2442 0.366599
3 2442 829 939 0.229196
3 468 2282 1551 0.237740
3 2295 2440 2024 0.773404
3 636 2294 1977 0.124590
3 864 1033 67 0.448226
3 67 1033 2461 0.541999
3 2267 2115 778 0.108540
3 522 2267 778 0.069774
3 522 778 1961 0.034634
3 522 572 2267 0.085588
3 2267 572 1179 0.082183
3 1250 1612 2242 0.001569
3 2443 346 2279 0.000168
3 2443 2279 1930 0.000165
3 1930 2279 2483 0.001600
3 2402 1674 1268 0.008902
3 1674 431 595 0.007819
3 1618 1615 2322 0.008364
3 2322 1615 2359 0.008224
3 1615 1159 818 0.005357
3 1159 2290 1965 0.003191
3 1159 1965 335 0.003163
3 2386 679 335 0.002406
3 2314 2339 1607 0.033398
3 1607 2339 850 0.051250
3 1607 850 2359 0.048534
3 2359 850 221 0.048719
3 2339 2190 850 0.099000
3 1653 826 1951 0.062651
3 1836 220 2296 0.190963
3 2209 1836 1771 0.128822
3 1664 1836 2296 0.295523
3 739 30 2363 0.253222
3 2363 2389 739 0.192544
3 2363 1934 1342 0.209401
3 1934 1472 1342 0.300537
3 1342 1472 528 0.380166
3 1137 477 1150 0.312955
3 1137 1150 2106 0.318370
3 1816 2107 329 0.536822
3 329 2107 2106 0.436615
3 2106 2107 1010 0.326018
3 2106 1010 1469 0.220768
3 1395 1469 13 0.195552
3 1395 13 2107 0.267147
3 1010 2107 13 0.346456
3 2107 1113 1395 0.247786
3 1710 2423 1395 0.227795
3 1022 534 1710 0.247385
3 2489 1710 327 0.298992
3 534 327 1710 0.250241
3 327 1620 1381 0.360975
3 641 1394 2108 0.043025
3 570 1394 2462 0.005607
3 2462 810 1225 0.001223
3 1072 200 2096 0.000819
3 1968 434 2254 0.012862
3 1968 2254 2065 0.006819
3 434 1636 713 0.005111
3 434 713 2225 0.014755
3 908 447 713 0.019269
3 713 447 2225 0.014338
3 470 689 447 0.025496
3 447 689 2225 0.017518
3 2338 355 547 0.003970
3 547 355 2067 0.002418
3 355 1511 2067 0.002790
3 1954 1511 779 0.007591
3 2067 1511 2362 0.002089
3 365 2289 926 0.109660
3 1954 2466 170 0.014019
3 771 170 925 0.016964
3 786 233 2231 0.210496
3 365 233 2289 0.122612
3 926 2289 1037 0.082906
3 926 1037 2011 0.025136
3 2011 1037 130 0.019865
3 2289 872 1037 0.087537
3 2404 137 387 0.035935
3 1841 2404 2263 0.007291
3 856 387 323 0.014638
3 323 387 589 0.035225
3 589 387 1569 0.055460
3 856 323 1295 0.008238
3 589 1699 323 0.062461
3 323 1699 1295 0.020947
3 1295 1699 1188 0.018041
3 1699 1336 1777 0.347463
3 1700 1442 2388 0.285911
3 2388 756 1197 0.261040
3 2388 1673 2308 0.076713
3 1673 1197 1912 0.351383
3 2329 1094 225 0.958201
3 2329 225 482 0.979545
3 1092 2329 482 0.988144
3 482 225 2028 0.982698
3 2028 801 482 0.988158
3 1076 2329 1809 0.914606
3 553 1482 1171 0.555501
3 553 1171 1809 0.737411
3 1809 1171 1076 0.709190
3 2465 853 1482 0.206626
3 1300 1482 853 0.095560
3 853 2465 532 0.178749
3 853 532 1353 0.064406
3 533 1824 1136 0.016439
3 1136 1824 1644 0.023600
3 1353 1644 1824 0.033783
3 388 224 1821 0.027866
3 742 902 388 0.060721
3 224 388 902 0.041989
3 1210 271 142 0.112868
3 142 271 421 0.174813
3 142 421 1358 0.124003
3 271 721 421 0.311205
3 1256 1058 1182 0.254408
3 421 1182 1058 0.222466
3 2102 290 110 0.366008
3 1755 1550 1234 0.331121
3 2102 110 1550 0.387039
3 1234 1550 110 0.330992
3 900 1755 1234 0.370284
3 900 1234 929 0.181464
3 1913 900 929 0.097719
3 110 745 1234 0.374518
3 1235 1234 745 0.282743
3 1235 97 1211 0.060155
3 1030 946 880 0.047191
3 2479 880 946 0.080526
3 2251 1937 2048 0.022957
3 2479 2097 1937 0.274607
3 643 2350 2436 0.695390
3 2324 2282 485 0.464535
3 485 2282 298 0.441955
3 2350 2324 2311 0.383126
3 485 2440 2324 0.531604
3 2311 2324 864 0.429678
3 1936 656 614 0.710036
3 2436 614 656 0.892044
3 1525 2000 2461 0.290191
3 1608 1179 572 0.053571
3 458 572 1250 0.019787
3 458 2452 572 0.017687
3 432 1538 2452 0.013477
3 1018 2452 1898 0.022605
3 1538 1898 2452 0.016290
3 1538 432 1930 0.003629
3 2045 1538 1930 0.004355
3 2045 431 1880 0.007146
3 1880 431 600 0.005992
3 1880 600 2216 0.009542
3 2146 183 1026 0.191607
3 1026 183 1803 0.342875
3 2146 1943 183 0.049434
3 1943 2205 183 0.138594
3 2205 1943 2322 0.031940
3 1943 2146 2402 0.013485
3 1943 1618 2322 0.011797
3 2205 26 2158 0.096698
3 26 2359 2158 0.087255
3 2158 16 2209 0.309081
3 16 179 2209 0.224155
3 1765 1960 2172 0.214640
3 1771 828 1960 0.072715
3 1771 1664 828 0.150701
3 1960 828 1195 0.064890
3 828 1659 1195 0.137009
3 1659 1787 2340 0.299274
3 2212 1041 710 0.652636
3 710 552 1507 0.615543
3 1776 1921 2389 0.124893
3 1469 2389 546 0.124783
3 2389 1469 1907 0.131364
3 795 2152 2423 0.232890
3 2423 1690 795 0.250176
3 1386 1690 557 0.712126
3 2423 377 1690 0.324048
3 1690 377 1892 0.388237
3 1690 1892 557 0.426941
3 377 2178 1892 0.313236
3 1106 1724 51 0.237557
3 51 1724 2394 0.186717
3 51 2394 1104 0.195257
3 1104 2394 1749 0.120589
3 1580 799 513 0.157218
3 7 1104 1749 0.067078
3 967 7 1749 0.073766
3 1724 282 1123 0.108419
3 1123 2305 2183 0.014054
3 2462 1737 570 0.004673
3 2027 1737 951 0.005017
3 951 2065 2474 0.004835
3 2417 2474 2065 0.004730
3 672 2417 2254 0.005408
3 2321 672 192 0.003085
3 547 2067 192 0.003529
3 1180 1555 1443 0.001386
3 2321 2067 2020 0.001839
3 315 2020 2414 0.000618
3 2020 2067 704 0.001165
3 2067 2362 704 0.002259
3 1841 2377 2362 0.001349
3 2377 107 2362 0.001345
3 130 2404 1841 0.017837
3 2404 856 2030 0.006299
3 114 1295 2030 0.005783
3 448 1188 2084 0.003845
3 2084 1188 712 0.004076
3 1913 1188 1699 0.076268
3 712 1913 79 0.017039
3 929 79 1913 0.039630
3 79 312 1015 0.010578
3 1419 1993 1015 0.003619
3 1015 1993 565 0.001901
3 804 1993 1802 0.001583
3 1993 1419 2048 0.003318
3 1388 2163 2048 0.021267
3 2048 2163 1802 0.015513
3 2163 653 662 0.384461
3 1829 1170 203 0.794113
3 1170 1124 2390 0.775981
3 1170 2390 203 0.733831
3 230 1124 656 0.741830
3 230 656 1936 0.605274
3 1936 2000 230 0.384628
3 1909 2120 2000 0.250253
3 1909 743 2120 0.057526
3 1220 2120 743 0.037887
3 743 1909 1202 0.033612
3 2000 1525 1909 0.222524
3 1909 1525 2070 0.052712
3 1909 2070 1202 0.038513
3 1202 2070 1638 0.026351
3 1018 1898 1638 0.017562
3 2216 600 1863 0.009937
3 2216 1863 1984 0.008085
3 1744 1291 647 0.114960
3 1803 1864 198 0.139325
3 198 1026 1803 0.164091
3 676 2171 1864 0.134907
3 676 1195 2171 0.128911
3 2171 2340 2384 0.302066
3 840 2384 944 0.788327
3 944 985 840 0.876899
3 985 2212 1808 0.919290
3 840 985 1808 0.852117
3 827 2197 1808 0.931866
3 827 2212 1386 0.870517
3 827 1386 1354 0.926121
3 2212 710 1386 0.876548
3 1354 1533 2197 0.936400
3 2197 1162 1906 0.643361
3 1162 1533 1390 0.672691
3 1533 1007 1390 0.766143
3 1162 1580 513 0.219928
3 1906 884 405 0.170942
3 1021 1424 2336 0.200887
3 884 513 2306 0.118033
3 1603 2306 2122 0.038321
3 1603 2122 575 0.020697
3 575 2122 2129 0.012971
3 575 2129 1701 0.009732
3 2122 2264 2129 0.020291
3 2430 996 111 0.008494
3 111 996 2474 0.005111
3 111 2159 2430 0.004618
3 2159 2474 2469 0.002135
3 2159 2469 1180 0.001965
3 2159 1180 1742 0.000667
3 384 1327 2147 0.000202
3 1327 52 455 0.000160
3 455 52 2237 0.000178
3 52 1443 2237 0.000273
3 455 291 2147 0.000101
3 291 886 952 0.000220
3 722 143 724 0.000058
3 952 886 294 0.000156
3 704 107 2414 0.000756
3 107 2377 1766 0.000864
3 1766 1613 1651 0.000562
3 2263 1415 1081 0.001328
3 2387 1081 2404 0.001839
3 1415 2404 1081 0.002824
3 1595 2387 1232 0.001166
3 2387 2030 1640 0.002487
3 1232 806 1754 0.000510
3 1813 243 806 0.000693
3 1813 806 1640 0.000634
3 1764 1087 1629 0.000755
3 1629 1087 342 0.000849
3 342 1087 1438 0.001581
3 1245 2057 804 0.008423
3 325 2163 633 0.081800
3 2352 1850 768 0.054460
3 2369 2352 1853 0.183898
3 1366 2369 2390 0.181537
3 1220 1366 2120 0.062181
3 2307 1143 2124 0.034747
3 1143 1534 2124 0.062024
3 2054 1495 154 0.013083
3 2054 154 2342 0.024728
3 2342 154 838 0.016231
3 154 1495 838 0.010160
3 838 1495 367 0.007131
3 1190 93 29 0.006756
3 1190 29 367 0.006440
3 93 1086 29 0.010297
3 367 29 1670 0.007413
3 95 1086 2216 0.013099
3 93 2216 1086 0.009120
3 1086 1744 647 0.057378
3 1086 647 1670 0.011308
3 439 1914 647 0.018013
3 1670 647 1914 0.011640
3 1846 1670 1914 0.020084
3 439 361 1477 0.029155
3 181 361 774 0.049183
3 181 774 1050 0.143436
3 361 1291 774 0.170105
3 350 1291 927 0.423247
3 350 198 687 0.329179
3 1492 687 1947 0.350862
3 1146 1216 1733 0.675243
3 1733 2384 1146 0.679620
3 2384 1733 2171 0.412543
3 1808 892 1146 0.773724
3 2148 1849 1051 0.771150
3 2148 320 1849 0.707055
3 1849 320 1463 0.673681
3 1906 320 2197 0.800343
3 1948 1849 1463 0.529966
3 1948 2364 1849 0.449375
3 2364 1948 1593 0.270543
3 1593 1948 1021 0.283507
3 1948 1424 1021 0.337994
3 1621 576 285 0.058939
3 673 285 576 0.051643
3 31 2336 1621 0.059411
3 1621 2336 1701 0.030769
3 1701 2336 575 0.018897
3 981 1265 413 0.004048
3 981 413 1088 0.004140
3 1265 297 413 0.005199
3 297 2129 753 0.006974
3 753 2430 2434 0.006062
3 413 2434 1088 0.004870
3 1718 1348 1817 0.000507
3 1348 2159 1742 0.001073
3 2213 722 2125 0.000061
3 2125 722 724 0.000070
3 724 1625 2125 0.000073
3 1274 2358 601 0.000066
3 1528 1274 601 0.000109
3 724 143 601 0.000072
3 143 1528 601 0.000047
3 2358 1274 2414 0.000272
3 2401 883 1189 0.000534
3 2401 1723 883 0.000486
3 883 1723 1351 0.000160
3 883 1351 257 0.000196
3 1723 2457 1351 0.000252
3 1351 2457 958 0.000606
3 2312 958 2457 0.001010
3 958 2312 169 0.000857
3 1517 169 2312 0.000474
3 169 1517 1126 0.000866
3 1126 1517 924 0.000768
3 1517 1629 497 0.001209
3 924 933 1126 0.001223
3 1126 933 2118 0.001587
3 2118 933 103 0.001179
3 933 2164 1189 0.001690
3 2169 1854 1420 0.003203
3 1294 1438 878 0.004690
3 1294 2057 1548 0.002475
3 1294 1548 775 0.002589
3 266 94 325 0.013980
3 2050 1583 1514 0.014829
3 2050 1514 2468 0.005758
3 1083 2050 2468 0.009148
3 1083 2468 1316 0.006786
3 1514 1490 2468 0.005858
3 2017 1486 1729 0.005346
3 1850 794 2284 0.004281
3 2284 794 581 0.005019
3 581 2017 2284 0.004342
3 794 1549 1366 0.016479
3 794 332 581 0.008561
3 332 772 581 0.011603
3 581 772 231 0.008815
3 581 231 2017 0.003649
3 231 2184 2017 0.003579
3 2478 2184 231 0.006060
3 772 332 1568 0.019772
3 594 385 2323 0.043778
3 1372 2323 2478 0.035834
3 385 2124 2054 0.061857
3 2055 385 2342 0.047683
3 385 2054 2342 0.048335
3 2055 476 141 0.052632
3 759 1846 476 0.049613
3 476 1914 141 0.041261
3 2055 141 1061 0.053538
3 2349 2380 1185 0.028460
3 2349 1185 33 0.026985
3 2349 33 2347 0.056885
3 2347 33 18 0.085582
3 18 33 2233 0.086523
3 2109 1185 1477 0.030983
3 2109 1477 181 0.051118
3 2109 1216 734 0.381539
3 2041 734 1051 0.252946
3 369 1051 1849 0.669437
3 2233 397 1788 0.211592
3 2041 2008 1100 0.180476
3 1788 1100 2405 0.126064
3 2008 1976 1100 0.167056
3 1100 1976 2405 0.085621
3 244 1976 2364 0.101515
3 2364 1593 244 0.276634
3 709 244 1593 0.123904
3 1540 2185 709 0.048048
3 1540 673 2185 0.123722
3 2105 2185 1485 0.014421
3 2445 2185 2043 0.008950
3 2445 2043 1449 0.005240
3 673 576 1866 0.033249
3 1941 1158 920 0.000562
3 1088 2448 2087 0.001412
3 920 2087 604 0.000792
3 2448 1088 2288 0.002454
3 2399 2288 1817 0.000676
3 2213 2125 2399 0.000077
3 1622 466 1489 0.000486
3 1625 1488 1459 0.000238
3 414 1459 2270 0.001007
3 526 2401 126 0.001649
3 1932 526 2169 0.003865
3 126 2169 526 0.003155
3 126 1854 2169 0.004424
3 1654 2169 1206 0.003520
3 2169 1420 1206 0.002779
3 1206 1420 538 0.002851
3 1206 538 1421 0.003246
3 2219 538 596 0.003767
3 2219 596 2468 0.005448
3 2468 1726 2219 0.004410
3 2219 1726 1545 0.005791
3 1726 1584 1545 0.007916
3 1726 1490 1518 0.007157
3 1490 2058 1518 0.005549
3 1486 567 1729 0.012060
3 1486 2184 702 0.006470
3 1114 567 2400 0.011076
3 2478 2224 2400 0.008717
3 2224 2478 1949 0.017804
3 1795 2349 2347 0.036342
3 2347 18 465 0.058380
3 18 1788 465 0.085540
3 465 2446 2347 0.063142
3 2446 732 2214 0.096942
3 227 2214 1953 0.071206
3 1953 1662 227 0.060297
3 1953 2195 1662 0.028543
3 98 1255 629 0.021559
3 568 1485 99 0.009039
3 1102 99 2445 0.002223
3 1047 720 1102 0.001778
3 1047 2151 720 0.001003
3 1311 1102 1449 0.006018
3 1047 1311 537 0.001281
3 1047 537 2151 0.000477
3 537 1311 644 0.001283
3 1311 859 644 0.001443
3 859 1158 644 0.000930
3 1253 2201 1544 0.000549
3 2201 644 1941 0.000444
3 1763 1138 2201 0.000696
3 1544 2201 1138 0.000788
3 805 1763 1827 0.000446
3 1763 1933 769 0.000248
3 1827 1763 769 0.000288
3 769 1489 1827 0.000439
3 1827 1654 2293 0.001271
3 1654 80 1917 0.006872
3 1654 1206 80 0.004969
3 80 1974 1917 0.003459
3 1572 2241 1974 0.004169
3 1421 2241 1572 0.004180
3 1421 1545 2241 0.003929
3 1617 1901 1704 0.017561
3 1704 512 453 0.019861
3 2291 1901 1584 0.007236
3 1518 2291 1584 0.006303
3 1518 785 2291 0.005764
3 368 237 587 0.011516
3 587 2467 1038 0.027839
3 2467 597 360 0.040816
3 2470 2467 360 0.056505
3 1494 1114 597 0.013447
3 597 2072 360 0.033775
3 360 2072 1565 0.019011
3 597 2400 2072 0.022794
3 1565 2072 807 0.007308
3 2400 2224 1282 0.008816
3 2437 2347 1647 0.032662
3 272 1283 1793 0.136564
3 375 1793 1283 0.202193
3 375 1774 1539 0.271350
3 1774 286 1539 0.241030
3 1167 1277 286 0.145104
3 1277 832 488 0.121115
3 488 832 1958 0.078464
3 488 1958 71 0.080067
3 1662 2476 1958 0.034706
3 73 1958 2476 0.037942
3 2476 1662 2195 0.031547
3 98 629 2195 0.018328
3 73 2476 2202 0.031435
3 1773 2202 2476 0.015853
3 1055 496 1773 0.008238
3 1046 1055 2082 0.007462
3 1587 2082 1491 0.012754
3 1587 1491 568 0.008885
3 568 720 1587 0.004190
3 504 2151 537 0.000298
3 2082 1587 1046 0.010787
3 1521 1046 1587 0.004005
3 1521 2151 1212 0.000598
3 2151 504 1212 0.000289
3 1639 1544 139 0.000421
3 139 309 1639 0.000517
3 139 1209 1680 0.001015
3 2393 1209 1138 0.001664
3 1455 138 1461 0.001773
3 486 1974 2241 0.004038
3 486 2241 1617 0.009673
3 1617 2034 486 0.013089
3 460 1066 1369 0.013989
3 460 1369 2413 0.005291
3 1063 460 2413 0.004339
3 1369 2333 2300 0.007317
3 2300 2333 136 0.042753
3 1213 1520 729 0.005827
3 1213 729 2149 0.006039
3 2149 1163 1213 0.005730
3 502 587 1038 0.017370
3 1365 1038 2467 0.034451
3 1365 2467 2470 0.080507
3 1365 2470 1029 0.016374
3 1940 2186 741 0.008355
3 2186 807 1927 0.004765
3 2186 158 536 0.007456
3 1487 1283 536 0.059255
3 536 1283 741 0.035427
3 451 833 1940 0.046203
3 1364 1940 833 0.012536
3 451 982 2222 0.170052
3 451 1793 982 0.206749
3 1793 1539 75 0.233090
3 982 75 605 0.239505
3 75 1539 605 0.315708
3 605 1539 472 0.251394
3 1539 488 472 0.165221
3 472 488 71 0.114372
3 343 71 959 0.078247
3 1423 1200 1317 0.058590
3 1444 1429 1200 0.092175
3 1317 1200 2202 0.035007
3 1200 1423 857 0.051863
3 857 1444 1200 0.109659
3 857 2222 1444 0.128528
3 1423 800 857 0.014793
3 857 800 166 0.012171
3 1982 496 913 0.002436
3 913 496 2381 0.001950
3 2381 496 1046 0.005157
3 2381 1046 1521 0.004877
3 309 1383 2381 0.000545
3 1383 1680 1016 0.000600
3 1176 396 1404 0.001601
3 396 1016 1928 0.001040
3 1404 396 986 0.002006
3 1928 986 396 0.001444
3 57 2094 1928 0.000928
3 2094 2413 1928 0.002454
3 2094 1063 2413 0.003121
3 986 2413 1369 0.005717
3 986 1329 2056 0.004289
3 986 2056 1404 0.003364
3 1404 2056 2177 0.003399
3 2470 1329 1029 0.012215
3 1029 1329 437 0.005891
3 437 1329 2300 0.006077
3 1176 2177 1364 0.003189
3 1176 1364 166 0.004514
3 833 2222 857 0.043223
3 2293 805 1827 0.000757
3 596 657 1316 0.005715
3 1189 240 933 0.001157
3 103 933 240 0.000817
3 240 1189 883 0.000207
3 1257 268 1199 0.000294
3 268 1257 1069 0.000132
3 1813 2084 565 0.001786
3 2027 1054 941 0.019195
3 2070 1608 2452 0.031764
3 1700 2388 436 0.180021
3 2308 1697 671 0.024423
3 671 1697 735 0.012800
3 735 1697 685 0.009890
3 1697 1673 245 0.078933
3 1345 1467 2114 0.040082
3 1467 1345 1169 0.007353
3 1467 1169 2287 0.004779
3 1345 2438 1205 0.006543
3 1345 1205 1169 0.004410
3 1821 2273 1205 0.011999
3 1205 2273 216 0.004600
3 1205 216 1169 0.001392
3 216 2273 524 0.003220
3 524 1567 703 0.001744
3 1567 1503 1039 0.001119
3 1666 1889 1983 0.009089
3 1666 1983 1358 0.014393
3 1666 1775 1834 0.013710
3 1666 1834 1503 0.011543
3 1503 1834 1217 0.003955
3 2102 1550 1775 0.276245
3 540 1550 638 0.133476
3 540 1252 1834 0.014896
3 1834 1252 1217 0.006255
3 1252 1611 1217 0.003722
3 188 436 2308 0.035490
3 735 1174 671 0.006099
3 685 48 1082 0.001732
3 685 2287 48 0.001752
3 2287 685 1682 0.005212
3 48 1039 1082 0.000828
3 1775 1550 1834 0.039200
3 1834 1550 540 0.036297
3 1883 2114 1912 0.492539
3 1268 1674 2243 0.002779
3 2217 165 1204 0.073789
3 2217 1204 239 0.120024
3 165 1045 1204 0.064789
3 1204 529 1400 0.099856
3 425 1113 1887 0.224145
3 1887 1113 873 0.313505
3 2193 2295 1929 0.526385
3 1778 1151 860 0.061115
3 1831 869 229 0.000553
3 1031 129 1297 0.913078
3 1297 129 1720 0.902790
3 129 1075 1720 0.922188
3 1297 253 1031 0.899686
3 660 1148 2272 0.000193
3 660 2272 507 0.000263
3 2180 1707 2348 0.000733
3 2410 113 61 0.043499
3 813 1166 1881 0.410277
3 2309 1881 2367 0.025392
3 634 1668 714 0.098135
3 1672 634 2191 0.097254
3 714 2191 634 0.094195
3 1496 2191 2061 0.087744
3 1843 1635 798 0.087055
3 1457 2316 848 0.060235
3 1806 242 541 0.743183
3 2328 510 1451 0.830132
3 2328 1451 1302 0.846378
3 1867 1451 232 0.616297
3 1451 1867 190 0.563052
3 2257 1059 855 0.582251
3 2257 855 906 0.689543
3 2257 906 2110 0.645378
3 593 906 855 0.751267
3 2357 1986 906 0.814862
3 2357 906 593 0.775589
3 906 1986 2110 0.698329
3 2357 1524 1935 0.765885
3 2357 1935 2247 0.826102
3 1149 122 1715 0.395640
3 78 1935 122 0.652556
3 78 122 1149 0.558575
3 1715 1874 1149 0.288866
3 2432 1715 122 0.285265
3 2432 122 1524 0.436725
3 1524 122 1935 0.625500
3 1226 1874 1715 0.224682
3 1226 1715 2432 0.189806
3 2303 1769 791 0.141914
3 2432 1769 2303 0.180218
3 2432 2303 1226 0.166971
3 1840 1684 1219 0.799213
3 1244 1407 1804 0.478784
3 1804 58 1312 0.459553
3 58 1804 1837 0.610580
3 1804 1407 1837 0.570227
3 737 1806 1546 0.777163
3 1546 1806 541 0.811930
3 516 1897 364 0.936517
3 1790 2328 1248 0.877088
3 1302 1248 2328 0.822227
3 88 767 2126 0.739665
3 88 2126 1334 0.704553
3 314 88 1334 0.686958
3 314 1334 1481 0.479508
3 363 314 1481 0.448330
3 2257 363 1059 0.522232
3 2334 2064 483 0.672104
3 2334 483 2135 0.709715
3 2135 483 2110 0.585830
3 1553 2334 2135 0.773329
3 1780 2135 2110 0.660276
3 1780 2110 1044 0.590905
3 1044 2110 945 0.614687
3 2357 2247 1598 0.812436
3 2083 1077 2247 0.810665
3 2039 1966 2083 0.771434
3 1589 2083 2247 0.873220
3 1935 1589 2247 0.821929
3 1589 78 2039 0.828009
3 1149 2039 78 0.697269
3 1589 1935 78 0.725780
3 1589 2039 2083 0.791817
3 2039 1149 1966 0.606826
3 1874 1966 1149 0.401919
3 1251 1077 2083 0.690163
3 1251 2083 1966 0.647888
3 383 2278 1187 0.082583
3 383 1187 2038 0.119808
3 2038 1187 2004 0.120466
3 2297 2038 1186 0.168003
3 2415 1747 125 0.257554
3 125 1747 2303 0.158461
3 125 2303 558 0.281773
3 791 558 2303 0.220915
3 1105 2415 1796 0.338999
3 2415 125 1796 0.341200
3 558 1796 125 0.320812
3 2316 1105 1796 0.248210
3 2378 556 68 0.656734
3 444 1792 1684 0.907702
3 994 1792 444 0.937025
3 994 444 1840 0.847977
3 994 1840 1214 0.758390
3 1840 444 1684 0.851695
3 1456 1792 994 0.945934
3 1456 994 1859 0.881549
3 1028 2299 1071 0.955437
3 2299 1028 1859 0.932821
3 1208 2299 1546 0.894664
3 1546 2299 208 0.850284
3 1208 1546 541 0.840207
3 418 446 1117 0.993220
3 418 1117 127 0.988154
3 1575 1117 364 0.979404
3 1575 511 2301 0.969631
3 2301 511 1688 0.949225
3 1688 511 131 0.938845
3 2155 511 1575 0.971707
3 2155 1897 2328 0.902434
3 2089 1293 1946 0.332195
3 1689 1509 2480 0.397463
3 2334 2480 2064 0.759213
3 1553 2480 2334 0.798606
3 1553 836 2480 0.801100
3 836 1553 1479 0.709258
3 2135 839 1553 0.741317
3 1938 2010 839 0.338369
3 1938 839 1780 0.409262
3 1938 1780 1044 0.347609
3 1938 1044 542 0.273942
3 542 1044 560 0.377102
3 1280 1191 542 0.018865
3 1228 1280 47 0.006639
3 47 1280 542 0.016519
3 47 542 560 0.186356
3 542 1191 1938 0.062397
3 2133 659 875 0.103403
3 875 659 1077 0.239846
3 885 2133 875 0.197089
3 885 875 1782 0.343344
3 1782 875 1251 0.443434
3 1251 875 1077 0.475278
3 2078 44 1687 0.336291
3 2439 1687 1858 0.181891
3 1858 1687 44 0.287706
3 1858 44 1782 0.267287
3 1782 44 2078 0.346354
3 1331 1687 2174 0.159988
3 921 1331 2174 0.010347
3 921 2174 2427 0.005117
3 2439 2174 1687 0.219377
3 2078 1687 1331 0.255232
3 1379 1005 698 0.050579
3 1379 698 834 0.037424
3 2009 2077 972 0.063896
3 24 972 2077 0.067910
3 2009 972 2038 0.077469
3 972 24 564 0.061631
3 2038 972 383 0.088256
3 383 972 2278 0.082595
3 2278 972 564 0.067163
3 2009 2038 2297 0.124273
3 2009 2297 2412 0.148802
3 2297 1632 2412 0.215256
3 1632 2297 577 0.225385
3 2260 2412 1632 0.242023
3 1397 1619 1408 0.462142
3 1181 2406 1811 0.880490
3 1811 2406 1272 0.868012
3 2406 1408 1272 0.766470
3 1811 1272 2415 0.724497
3 2415 1272 1408 0.659336
3 72 1811 2378 0.883172
3 1183 72 2378 0.834929
3 591 1616 2130 0.936195
3 1032 1456 1859 0.954618
3 1886 1032 1028 0.981306
3 1886 1028 1071 0.979485
3 1028 1032 1859 0.952227
3 2227 1886 238 0.993113
3 682 248 1153 0.985100
3 354 1153 2301 0.962428
3 749 354 2301 0.921729
3 749 2301 1688 0.914937
3 825 354 749 0.795486
3 1153 354 682 0.960367
3 682 354 825 0.857796
3 1686 445 163 0.022451
3 1686 163 1339 0.038444
3 836 1479 1339 0.189205
3 836 1339 1689 0.303898
3 1339 1479 1814 0.070276
3 270 1814 1479 0.051273
3 2319 896 1305 0.006898
3 391 2319 1305 0.013659
3 109 391 1305 0.020466
3 1191 1280 2356 0.012708
3 1191 2356 109 0.024375
3 109 2356 391 0.023204
3 1702 2356 1280 0.006860
3 1508 661 1702 0.005028
3 1314 1942 1498 0.002876
3 1498 1942 2046 0.002624
3 2427 2032 921 0.001726
3 1446 2427 602 0.000153
3 1950 602 2427 0.000261
3 1005 1950 698 0.035011
3 1247 1078 1712 0.132660
3 1247 1712 784 0.113498
3 1712 1078 1005 0.118480
3 1630 784 1712 0.215783
3 2422 1630 1712 0.290894
3 1728 2422 831 0.128864
3 1632 617 2260 0.254098
3 1084 950 1048 0.283582
3 1084 1048 1060 0.281443
3 2246 1820 520 0.695207
3 1971 2246 520 0.846445
3 1971 520 2005 0.772868
3 2005 520 1820 0.662525
3 635 877 2246 0.897870
3 635 2246 1971 0.848770
3 60 635 1591 0.828095
3 60 1591 651 0.713038
3 1591 1971 2406 0.825662
3 2406 1971 2005 0.827424
3 1971 1591 635 0.790687
3 72 651 1591 0.848514
3 72 1591 1181 0.882892
3 2406 1181 1591 0.864679
3 992 1360 1722 0.967109
3 992 1722 1735 0.956055
3 992 1735 2320 0.988217
3 2383 992 2320 0.996620
3 2383 2320 1230 0.998416
3 1848 1597 2227 0.997933
3 2218 1848 2227 0.999148
3 238 2218 2227 0.998567
3 621 1597 1848 0.998551
3 2253 621 1848 0.999603
3 2026 2253 1848 0.999808
3 1677 2026 1848 0.999814
3 1677 1848 2218 0.999738
3 1833 2026 1677 0.999930
3 2021 652 1833 0.999857
3 2021 1833 1677 0.999921
3 2021 1677 1646 0.999832
3 2021 1646 115 0.999553
3 993 2021 115 0.999429
3 262 889 1529 0.964438
3 889 262 1368 0.977370
3 889 1368 265 0.956757
3 889 265 2367 0.892810
3 1823 825 749 0.523389
3 120 1276 825 0.098365
3 120 825 1823 0.165088
3 1823 749 211 0.567313
3 419 825 1276 0.223684
3 120 1823 2385 0.029985
3 1686 2385 1823 0.028309
3 963 1686 1823 0.105236
3 12 2256 2319 0.003786
3 1881 2256 711 0.006290
3 765 1881 711 0.012350
3 711 2166 765 0.002837
3 2189 2166 1801 0.001600
3 2167 2189 1801 0.001427
3 1801 2166 666 0.004039
3 1296 2167 916 0.002752
3 916 2167 1801 0.003132
3 916 1801 666 0.007128
3 1570 2356 1702 0.003646
3 2356 1570 916 0.008836
3 2356 916 666 0.006499
3 1634 1296 1570 0.002880
3 661 1634 1702 0.002347
3 677 1357 1634 0.000804
3 677 1634 1314 0.001503
3 677 1314 1498 0.000861
3 661 1314 1634 0.003259
3 1023 887 1732 0.000434
3 1023 1732 1127 0.000893
3 1732 887 866 0.000520
3 1810 887 1023 0.000229
3 1810 1023 275 0.000220
3 275 1023 947 0.000438
3 947 1023 1127 0.000699
3 867 1964 1446 0.000311
3 867 1446 2154 0.000210
3 1247 1304 153 0.004600
3 1247 1499 1304 0.004890
3 2410 861 1499 0.016763
3 1879 2410 1499 0.045304
3 1097 1879 2095 0.198635
3 2095 1879 1499 0.084441
3 2095 1499 784 0.287567
3 213 336 2095 0.507808
3 213 2095 2051 0.537299
3 144 2095 336 0.361131
3 1630 2051 2095 0.546769
3 784 1630 2095 0.470465
3 2419 66 2422 0.215429
3 1728 2419 2422 0.159657
3 316 66 2419 0.305592
3 1855 928 1129 0.238790
3 1129 928 1409 0.243692
3 1129 1409 718 0.220644
3 618 1855 328 0.393181
3 328 1855 1129 0.351859
3 1746 123 36 0.279878
3 123 2403 328 0.462402
3 1746 36 1129 0.228487
3 1129 36 328 0.380332
3 328 36 123 0.401391
3 2403 123 950 0.382120
3 950 123 1746 0.194315
3 21 1393 610 0.739300
3 23 1393 950 0.356689
3 81 2411 1393 0.447558
3 81 1393 23 0.415062
3 2411 610 1393 0.649917
3 81 23 1084 0.388357
3 1084 23 950 0.331623
3 1820 2411 81 0.501327
3 1820 81 1084 0.517899
3 2156 610 2411 0.687822
3 2156 2411 2246 0.823035
3 2246 2411 1820 0.643421
3 700 610 2156 0.732617
3 700 2156 234 0.769510
3 2208 1599 2451 0.928999
3 2458 1599 569 0.907354
3 569 1599 2208 0.840471
3 514 2176 1360 0.958271
3 60 1800 635 0.893373
3 723 514 2086 0.987810
3 723 2086 251 0.981357
3 2086 514 2383 0.989535
3 1230 2086 2383 0.997418
3 1905 2355 338 0.997292
3 1905 338 1860 0.995049
3 1860 338 2429 0.998249
3 2429 338 1198 0.999288
3 1198 338 2355 0.998545
3 1289 1860 2429 0.998616
3 1833 2429 2253 0.999747
3 1833 2253 2026 0.999913
3 2253 2429 621 0.999613
3 1458 551 1610 0.998637
3 1610 551 652 0.999007
3 1610 652 2021 0.999683
3 1610 2021 993 0.999193
3 2486 429 1645 0.939705
3 429 2486 2421 0.969147
3 1645 429 680 0.959840
3 680 429 2421 0.947475
3 680 2421 1267 0.931084
3 1516 1166 813 0.587187
3 719 889 2367 0.830445
3 889 719 1166 0.896739
3 889 1166 1529 0.911145
3 1881 1166 719 0.758734
3 1881 719 2367 0.538503
3 1881 2309 1872 0.012771
3 1516 813 2073 0.579951
3 789 2315 2073 0.754002
3 803 789 2073 0.738662
3 803 2073 178 0.563641
3 178 2073 733 0.217492
3 2137 965 3 0.006571
3 965 2137 733 0.007838
3 733 2137 178 0.063962
3 178 2137 930 0.154747
3 866 1357 1732 0.000772
3 1357 866 764 0.000573
3 1758 1003 1767 0.000299
3 1513 531 2099 0.000278
3 1578 531 1810 0.000201
3 1578 1810 275 0.000156
3 2099 531 1578 0.000177
3 1371 974 1955 0.000266
3 1523 1371 1955 0.000345
3 362 1008 1626 0.000504
3 897 362 1626 0.000490
3 897 1626 1574 0.000367
3 1574 1626 1523 0.000324
3 1523 1626 1371 0.000266
3 1396 897 861 0.002539
3 861 897 1304 0.003989
3 1304 897 1574 0.000610
3 1791 1396 2410 0.009731
3 2410 1396 861 0.006754
3 2410 61 1791 0.019424
3 1601 2051 2408 0.504485
3 2408 316 2419 0.407242
3 66 316 2051 0.534061
3 2051 316 2408 0.531390
3 2408 1164 1601 0.495040
3 578 2444 373 0.211228
3 373 2444 1878 0.195195
3 373 1878 2001 0.240053
3 2207 598 1878 0.319361
3 2207 1878 2444 0.191895
3 1878 598 1338 0.313970
3 716 2207 1855 0.250840
3 1855 2207 928 0.219332
3 980 971 1527 0.734367
3 21 1527 971 0.725434
3 2235 980 1561 0.872368
3 700 1561 1527 0.788454
3 1527 1561 980 0.789724
3 2451 410 2208 0.924187
3 762 2458 2351 0.935642
3 664 1862 2458 0.943251
3 664 2458 762 0.936897
3 664 762 530 0.944342
3 530 762 1869 0.940785
3 1869 762 2351 0.961204
3 1547 530 1869 0.934028
3 943 1785 1547 0.961247
3 943 1869 251 0.958724
3 251 1869 723 0.957692
3 1869 943 1547 0.930972
3 943 251 1238 0.977962
3 2433 1122 1860 0.997950
3 1284 2433 1860 0.997205
3 1905 1860 1122 0.998338
3 1655 2433 1284 0.994921
3 2274 1655 1284 0.994063
3 2453 1830 1679 0.991716
3 1839 2075 2281 0.980994
3 1839 2281 2486 0.981010
3 461 417 1839 0.941392
3 461 1839 1645 0.903234
3 2315 1645 680 0.936662
3 2276 2059 1541 0.713839
3 789 803 2085 0.840318
3 1865 217 1004 0.529517
3 217 2085 1004 0.735329
3 1865 1004 1564 0.228361
3 1963 2085 217 0.328839
3 1963 217 1865 0.115529
3 1564 1004 930 0.336209
3 930 1004 803 0.599746
3 803 1004 2085 0.799203
3 3 1564 2137 0.007044
3 930 2137 1564 0.085867
3 96 2348 1707 0.001157
3 1767 2348 1758 0.000739
3 2103 2180 2348 0.000692
3 1767 2103 2348 0.000542
3 459 1624 1513 0.000520
3 459 1513 2099 0.000258
3 1784 1286 156 0.000977
3 1784 156 1155 0.001168
3 156 1286 727 0.001651
3 1851 1784 1155 0.001273
3 1286 1784 2272 0.000882
3 582 1286 2272 0.000446
3 507 2272 1626 0.000293
3 1626 2272 1784 0.000536
3 1626 1784 1851 0.000594
3 1626 1851 1371 0.000461
3 660 507 1008 0.000605
3 1008 507 1626 0.000315
3 1736 1144 247 0.003300
3 1736 247 27 0.004189
3 1736 27 1273 0.007174
3 934 1433 1531 0.019793
3 1791 61 1531 0.016972
3 1791 499 1396 0.005148
3 408 499 1531 0.003243
3 499 1791 1531 0.007167
3 1433 2332 1623 0.144376
3 934 2332 1433 0.053783
3 1606 654 2327 0.594562
3 2261 654 1606 0.615992
3 2261 1606 578 0.389507
3 1428 2261 373 0.340014
3 1428 373 2001 0.304361
3 578 373 2261 0.333013
3 2001 954 1428 0.375555
3 1428 1436 2261 0.445965
3 2261 1436 264 0.585347
3 654 2261 264 0.673339
3 1436 1428 954 0.552595
3 954 2001 2277 0.484622
3 1542 1385 1436 0.839417
3 1542 1436 954 0.800781
3 1542 954 1807 0.723412
3 1807 954 2277 0.705620
3 2003 2198 1669 0.638990
3 2003 1669 1693 0.632694
3 1530 404 740 0.812421
3 1740 1530 758 0.869109
3 758 1530 1075 0.881868
3 1075 1530 740 0.842080
3 505 1720 187 0.885561
3 1075 187 1720 0.898467
3 187 1075 809 0.866767
3 2403 971 1995 0.598271
3 89 1995 971 0.671475
3 253 922 761 0.672869
3 2235 1031 277 0.855205
3 1073 1031 2235 0.914592
3 2235 1996 1073 0.921727
3 1996 2235 845 0.924856
3 1956 1996 426 0.890041
3 1599 2420 2409 0.783507
3 1599 2409 2451 0.917268
3 1944 2451 2409 0.823791
3 942 1009 1098 0.958006
3 1098 1009 1900 0.947245
3 1098 1900 1862 0.947270
3 664 1098 1862 0.951572
3 2475 1098 664 0.951676
3 2475 664 530 0.941463
3 2285 2441 1760 0.969122
3 17 1035 1271 0.970579
3 1271 1035 1785 0.973994
3 530 1547 2475 0.925179
3 1785 2475 1547 0.929315
3 760 1116 2418 0.988729
3 353 2418 1116 0.989833
3 1249 353 1116 0.987988
3 760 2418 249 0.990152
3 1691 2418 1122 0.997989
3 1691 1122 2433 0.998209
3 2433 2173 1691 0.995990
3 2173 984 1691 0.995811
3 1691 984 145 0.997155
3 1975 984 2173 0.993309
3 1975 2173 1861 0.993851
3 1040 2173 2433 0.992970
3 2418 1691 145 0.997587
3 1861 669 1079 0.985822
3 615 1079 669 0.977045
3 615 669 1987 0.978629
3 1987 669 1040 0.976798
3 1987 1040 1655 0.991837
3 2173 1040 669 0.984141
3 1861 2173 669 0.983722
3 1661 615 1987 0.991247
3 663 2111 1857 0.940669
3 2025 663 1857 0.842714
3 2025 1857 1904 0.851396
3 2059 1141 1904 0.681867
3 59 1141 2059 0.506955
3 1141 59 608 0.082911
3 1141 608 1770 0.074614
3 608 59 1110 0.017217
3 695 2450 2023 0.003320
3 616 319 988 0.000790
3 988 2023 1963 0.015849
3 2023 988 319 0.002515
3 464 616 988 0.001316
3 464 988 1865 0.008748
3 1865 988 1963 0.018006
3 1752 616 464 0.001639
3 2063 1752 1445 0.001449
3 1445 1752 464 0.001937
3 2477 1752 2063 0.001729
3 1915 1752 2477 0.001235
3 1915 2477 1590 0.001134
3 2477 2063 1596 0.002331
3 2477 1505 515 0.004339
3 2188 167 559 0.002323
3 515 167 2477 0.004540
3 2477 167 2188 0.004415
3 128 559 903 0.001248
3 128 903 1657 0.000996
3 903 167 515 0.002051
3 167 903 559 0.001663
3 1895 559 128 0.001569
3 1895 128 1657 0.000934
3 1998 1895 1657 0.001300
3 1099 2259 1152 0.003885
3 1973 1152 2472 0.000541
3 2472 189 273 0.000567
3 189 2472 2259 0.000554
3 2259 2472 1152 0.000634
3 937 1831 1643 0.000816
3 69 1643 1831 0.000423
3 937 1643 1053 0.001184
3 1649 374 1736 0.003624
3 1222 1649 1736 0.016598
3 1222 1736 424 0.036300
3 424 2239 1222 0.105320
3 1623 2239 1433 0.208200
3 378 2239 1623 0.342877
3 378 1623 1480 0.429144
3 1480 1623 1237 0.472620
3 1581 1585 2113 0.809866
3 2113 1585 865 0.879778
3 457 2113 6 0.719111
3 457 6 1842 0.844908
3 457 1842 957 0.785840
3 1842 6 2374 0.864977
3 2374 1157 868 0.814025
3 1560 2449 1385 0.916333
3 1542 1560 1385 0.900309
3 2361 783 631 0.460278
3 1875 2361 1406 0.446202
3 1406 2361 631 0.411819
3 2262 1406 487 0.485807
3 2262 487 788 0.528204
3 2003 1323 2198 0.579849
3 1011 918 1740 0.794117
3 1011 1740 1996 0.884722
3 1996 1740 758 0.907351
3 1384 1552 2330 0.856520
3 1956 1552 1011 0.826321
3 1011 1552 1384 0.832796
3 802 2330 1552 0.870920
3 936 1552 1956 0.838310
3 1944 1870 936 0.847688
3 2409 2424 1870 0.821045
3 2409 1870 1944 0.832294
3 2424 612 842 0.745303
3 842 612 2420 0.776816
3 1064 500 422 0.598399
3 422 500 1768 0.687591
3 625 347 1768 0.740400
3 844 422 347 0.643927
3 844 347 2265 0.671022
3 2265 347 625 0.747872
3 1768 347 422 0.643847
3 1450 2265 625 0.796561
3 1450 625 1900 0.843719
3 1900 625 1768 0.840299
3 1877 2265 1450 0.758309
3 590 1877 1450 0.898675
3 590 1450 2101 0.961318
3 1660 1571 1877 0.963848
3 1877 590 1660 0.977757
3 898 1628 1254 0.975384
3 1798 1387 1939 0.966142
3 1387 1798 1576 0.974848
3 1236 1939 1387 0.972455
3 1236 1387 1328 0.945305
3 1328 1387 2 0.956112
3 2 1387 1576 0.967443
3 2206 1328 780 0.986849
3 780 1328 2 0.976259
3 780 2 1576 0.977170
3 1786 168 1116 0.977639
3 1786 1116 760 0.984325
3 1116 168 1249 0.978328
3 2382 1975 1861 0.992426
3 1975 2382 1786 0.992833
3 984 1975 145 0.996428
3 2418 145 249 0.998221
3 249 145 1975 0.995944
3 249 1975 760 0.995027
3 2234 1301 2382 0.993196
3 1980 382 1079 0.987497
3 1685 2234 382 0.992712
3 1685 382 1980 0.987029
3 1079 2382 1861 0.992879
3 2382 1079 382 0.991200
3 2382 382 2234 0.993141
3 615 1980 1079 0.989145
3 1661 1980 615 0.990196
3 2234 1685 1719 0.993603
3 1719 1685 1970 0.986743
3 1970 1685 1980 0.986968
3 1945 2318 2111 0.987042
3 1658 2318 1945 0.989386
3 2111 2318 539 0.981050
3 776 1658 1945 0.985649
3 2341 776 1945 0.980743
3 2341 1945 2111 0.974739
3 1192 2341 1401 0.947798
3 1192 1401 1478 0.899765
3 1401 2341 1783 0.943645
3 1783 2341 882 0.912850
3 603 1128 1997 0.028828
3 1997 2298 70 0.101836
3 2298 1997 1128 0.048554
3 49 2025 1770 0.164399
3 1770 2025 1904 0.370372
3 1997 70 49 0.109118
3 1997 49 1770 0.083927
3 1997 1770 603 0.049469
3 2490 2426 1592 0.000125
3 650 545 1563 0.000353
3 940 545 650 0.000375
3 599 940 1915 0.000292
3 1915 940 366 0.000508
3 366 940 650 0.000316
3 2371 955 1642 0.002329
3 1642 955 1896 0.002807
3 559 1522 2188 0.003453
3 2188 1522 2371 0.003239
3 640 2371 1522 0.004438
3 1998 640 1895 0.002810
3 1895 640 1522 0.002971
3 1895 1522 559 0.002250
3 1650 2371 640 0.005248
3 1650 1099 2181 0.004141
3 640 1099 1650 0.006005
3 1604 1650 2181 0.004561
3 1896 1604 1781 0.004047
3 2181 1781 1604 0.007866
3 1992 1781 2042 0.005100
3 1262 2269 905 0.011020
3 1262 905 823 0.008890
3 823 905 2117 0.004929
3 573 2117 905 0.002468
3 573 905 2042 0.003590
3 573 1973 2472 0.000796
3 573 2472 2117 0.001220
3 2117 2472 195 0.002347
3 195 2472 869 0.001025
3 304 1147 937 0.002906
3 304 937 1053 0.003743
3 937 1147 730 0.001573
3 1919 304 1053 0.016184
3 2275 1581 2113 0.805231
3 627 1062 2275 0.810934
3 627 2132 1062 0.798689
3 2113 627 2275 0.842385
3 2132 627 457 0.758065
3 2132 457 957 0.794924
3 457 627 2113 0.728797
3 2456 2132 280 0.773011
3 2456 280 1140 0.735812
3 280 2132 957 0.792161
3 1969 1140 280 0.720440
3 1969 280 2449 0.829314
3 2449 280 957 0.844716
3 1708 1962 1969 0.260281
3 1708 1969 1036 0.175458
3 307 1708 2033 0.100883
3 307 2033 816 0.301624
3 1036 2033 1708 0.080955
3 307 2244 1708 0.136590
3 407 206 2244 0.217402
3 407 2244 1052 0.370650
3 2068 1052 37 0.492727
3 2068 1391 1052 0.487454
3 340 2068 997 0.511486
3 997 2068 37 0.545461
3 1052 997 37 0.475456
3 2361 997 783 0.461257
3 932 997 2361 0.433180
3 1875 932 2361 0.478011
3 1828 340 1794 0.418648
3 2044 2116 518 0.283919
3 518 2116 814 0.405909
3 1741 2463 2116 0.273275
3 1500 814 2116 0.450025
3 1500 2116 2463 0.353464
3 1852 428 1115 0.677026
3 708 1201 428 0.653532
3 708 428 1852 0.734761
3 708 1852 1384 0.779108
3 1377 2007 149 0.704505
3 2424 550 2330 0.749087
3 1870 802 936 0.855840
3 802 1870 2424 0.804048
3 802 2424 2330 0.838964
3 1064 607 500 0.605295
3 1290 607 1064 0.506085
3 1103 1290 1261 0.583037
3 1261 1290 1064 0.565675
3 1471 811 473 0.709158
3 811 1471 1103 0.661823
3 311 473 811 0.621963
3 1877 473 311 0.775131
3 811 1103 1261 0.645436
3 2265 311 844 0.717784
3 811 1261 844 0.652503
3 811 844 311 0.722634
3 311 2265 1877 0.728190
3 2047 1135 1370 0.812721
3 2392 1571 1660 0.961343
3 2199 1370 1571 0.911581
3 2199 1571 2392 0.872923
3 1660 394 2392 0.959445
3 2304 2464 1236 0.928158
3 1717 2304 2031 0.958659
3 1717 2031 585 0.946551
3 2317 585 2206 0.978324
3 1328 2206 2031 0.981083
3 585 2031 2206 0.973187
3 2245 2317 1719 0.990486
3 2234 1719 2206 0.994440
3 2234 2206 1301 0.994953
3 2206 1719 2317 0.991360
3 2252 106 214 0.980077
3 214 106 1694 0.984085
3 2052 32 725 0.953289
3 725 32 976 0.945358
3 725 976 1911 0.927781
3 976 32 1694 0.959665
3 1694 32 214 0.977441
3 2052 214 32 0.972143
3 851 976 964 0.940453
3 851 1911 976 0.911217
3 548 851 964 0.940867
3 1694 964 976 0.960586
3 776 548 964 0.952551
3 776 964 1658 0.975970
3 337 1967 1019 0.901514
3 337 1019 891 0.914103
3 891 1192 337 0.894764
3 1192 891 2341 0.946888
3 2138 478 1264 0.789107
3 949 1902 2062 0.424578
3 2062 1902 1401 0.639909
3 406 1335 949 0.178234
3 406 949 2062 0.278545
3 1783 2062 1401 0.696893
3 1401 1902 1478 0.807947
3 506 1335 406 0.094541
3 506 406 2298 0.107567
3 2298 406 2062 0.272186
3 2098 2215 2022 0.000076
3 1049 2022 2215 0.000408
3 1024 752 571 0.000669
3 695 1592 2450 0.002122
3 940 599 1931 0.000253
3 940 1931 545 0.000285
3 339 2325 1931 0.000136
3 1931 599 1681 0.000272
3 1000 1931 1681 0.000301
3 276 1000 1681 0.000734
3 1931 1000 339 0.000250
3 998 339 330 0.000300
3 330 1000 1403 0.000550
3 1403 1000 276 0.000703
3 1000 330 339 0.000270
3 895 194 1403 0.001758
3 1713 194 1868 0.000949
3 563 1868 895 0.001070
3 895 1868 194 0.001269
3 1713 1403 194 0.001659
3 563 895 987 0.001601
3 1762 987 1093 0.002797
3 2379 1093 554 0.001458
3 1119 1992 2091 0.007029
3 1119 1781 1992 0.006790
3 274 2210 823 0.034139
3 274 823 121 0.020352
3 2196 1468 1532 0.211740
3 1532 1468 1884 0.259714
3 274 1884 1468 0.147531
3 274 1468 2210 0.069321
3 2182 1884 91 0.092178
3 2182 91 1184 0.087275
3 91 1884 1501 0.040664
3 1705 2182 1184 0.126509
3 2002 2182 1705 0.166401
3 2018 2002 1797 0.338869
3 1797 2002 1705 0.348032
3 1121 2240 1797 0.587599
3 386 1121 1797 0.557545
3 386 1797 1269 0.580369
3 841 2431 2220 0.885650
3 2132 2456 1062 0.775336
3 2454 1637 1367 0.737107
3 1367 1637 2456 0.834418
3 1367 2456 667 0.673012
3 667 2456 112 0.576473
3 1759 667 1229 0.656317
3 1229 667 744 0.583472
3 2250 1229 744 0.588153
3 870 1822 1962 0.283033
3 870 1962 1708 0.208279
3 1708 2487 870 0.207927
3 1319 2487 206 0.188943
3 407 1959 206 0.280081
3 1743 910 1832 0.243933
3 1832 910 1573 0.210580
3 1573 1959 1391 0.287636
3 1959 1573 910 0.276888
3 1922 1832 1573 0.189550
3 1922 1573 692 0.242501
3 1922 692 2396 0.352652
3 1391 692 1573 0.457933
3 1922 2396 649 0.172183
3 2203 649 2396 0.227286
3 2203 2396 509 0.219086
3 1794 509 1828 0.315019
3 649 2203 215 0.159640
3 637 215 2203 0.148105
3 1223 1815 2044 0.261183
3 1223 2044 518 0.231203
3 1988 2044 1815 0.160686
3 583 1815 1223 0.270561
3 2066 102 349 0.664129
3 76 344 1989 0.613783
3 583 1223 1989 0.505194
3 2121 1068 1815 0.491857
3 1815 583 2121 0.475613
3 2121 583 400 0.479001
3 400 583 1989 0.476952
3 1991 1068 2121 0.504342
3 1924 1068 2153 0.256062
3 1991 2153 1068 0.494198
3 2153 1991 2012 0.514950
3 1778 2153 588 0.222304
3 1778 588 792 0.095786
3 588 2153 2012 0.567794
3 792 588 1536 0.119324
3 1536 588 990 0.207851
3 990 588 2012 0.441228
3 1471 1362 1320 0.700685
3 738 1925 2143 0.531037
3 2372 1355 738 0.350828
3 2372 738 2143 0.403478
3 2392 322 2199 0.849778
3 19 1652 2460 0.776416
3 681 1074 1566 0.875696
3 681 1566 2060 0.782465
3 2428 2304 1717 0.956852
3 2304 2428 2464 0.919793
3 1057 1717 585 0.950236
3 1057 585 2317 0.961869
3 370 632 751 0.964385
3 1789 879 632 0.932508
3 632 766 1789 0.957101
3 766 632 370 0.950202
3 725 463 2052 0.949717
3 1730 2035 1460 0.860068
3 2391 299 1557 0.872358
3 891 1019 851 0.893343
3 891 851 548 0.912213
3 851 1019 1911 0.874320
3 894 1243 1349 0.603504
3 1437 2473 912 0.529878
3 1437 912 2138 0.476359
3 2138 912 1739 0.599551
3 1772 1902 949 0.270528
3 1772 949 1335 0.094877
3 1902 2175 1478 0.752782
3 2175 1902 1772 0.368330
3 2360 1929 1772 0.223748
3 2360 1772 630 0.108337
3 642 2360 630 0.121278
3 2344 642 449 0.047883
3 821 1588 1695 0.000720
3 821 1695 606 0.002396
3 606 1695 443 0.001324
3 606 443 1978 0.004508
3 2248 2127 1695 0.000202
3 2248 1695 1588 0.000334
3 1422 2248 2271 0.000182
3 822 1422 4 0.001356
3 4 1422 2271 0.000457
3 2248 1422 2127 0.000374
3 2271 1844 1452 0.000146
3 1452 1241 4 0.000517
3 2098 1844 2271 0.000077
3 2271 1452 4 0.000186
3 1241 1452 699 0.000350
3 1844 699 1452 0.000197
3 699 1844 124 0.000173
3 1713 1241 699 0.000373
3 1713 699 330 0.000220
3 330 699 998 0.000159
3 1873 1107 479 0.002006
3 1107 1145 479 0.001483
3 1145 822 479 0.001959
3 2286 1107 2386 0.000992
3 2386 1107 1873 0.002077
3 1819 1411 1535 0.001217
3 620 1278 1667 0.021102
3 1835 620 1667 0.060635
3 777 132 747 0.054491
3 747 132 961 0.053943
3 747 961 1562 0.054829
3 1043 2196 535 0.224920
3 2196 1043 1663 0.174098
3 1363 1172 2435 0.233731
3 1952 1363 2435 0.160888
3 1363 474 1172 0.251651
3 474 1363 1888 0.162966
3 1347 1888 1363 0.094285
3 1952 1347 1363 0.163542
3 691 1698 2240 0.446411
3 2240 1698 2018 0.392370
3 1347 2018 1698 0.199614
3 159 1698 691 0.343388
3 1121 386 2337 0.712144
3 2431 1637 2454 0.728944
3 64 995 1759 0.423378
3 2471 2250 1631 0.514315
3 2250 64 1229 0.464573
3 64 2250 2471 0.466294
3 2471 1631 2292 0.419373
3 1743 2104 1515 0.298042
3 837 1922 1641 0.182547
3 2145 1641 649 0.197018
3 646 1641 2145 0.211206
3 215 2145 649 0.219094
3 2211 646 2145 0.124875
3 2211 2145 475 0.199289
3 475 2145 215 0.190543
3 817 584 475 0.072469
3 817 475 1818 0.098162
3 475 584 2211 0.096469
3 1476 584 817 0.031870
3 746 1656 1916 0.024493
3 1916 817 1818 0.078680
3 817 1916 1656 0.034950
3 817 1656 1476 0.024155
3 1151 1676 1207 0.022850
3 1676 1151 1778 0.052070
3 1151 1207 1447 0.012737
3 1130 1207 1676 0.016921
3 1130 1676 2081 0.023550
3 2081 1676 1778 0.034445
3 2090 117 2081 0.047469
3 2090 2081 1536 0.077104
3 1536 2081 792 0.062262
3 2090 1536 990 0.158963
3 874 2162 2366 0.269848
3 2366 2485 1925 0.699071
3 2485 2366 2162 0.569041
3 395 738 1355 0.388528
3 738 395 1925 0.462330
3 1287 135 1292 0.289219
3 519 1070 2100 0.098617
3 1882 2372 207 0.256021
3 1882 207 674 0.295012
3 674 207 82 0.549797
3 82 207 15 0.618691
3 991 15 2143 0.742189
3 2143 15 207 0.621871
3 2143 207 2372 0.389795
3 2310 1882 674 0.276616
3 1027 2310 1020 0.232438
3 1020 2310 674 0.376673
3 2170 1027 1020 0.353277
3 1020 2060 2170 0.664949
3 2060 1020 1665 0.666282
3 1652 2060 1665 0.768062
3 1826 1556 1920 0.876985
3 1727 820 1920 0.757805
3 1577 105 1789 0.953996
3 766 1577 1789 0.955694
3 543 2035 1609 0.824818
3 1042 1609 2035 0.702945
3 2071 1042 1161 0.696732
3 402 1161 1730 0.663343
3 2455 1739 912 0.592521
3 688 912 2442 0.446870
3 1696 688 2442 0.334208
3 2473 2442 912 0.502211
3 2294 2193 2360 0.084425
3 2344 2294 2360 0.121001
3 2344 2360 642 0.108734
3 2360 2193 1929 0.319631
3 2294 2344 1683 0.109098
3 1977 2294 1683 0.104071
3 1683 2368 1977 0.056555
3 778 2115 999 0.062472
3 999 2115 2368 0.049321
3 999 2368 1978 0.015000
3 778 999 1961 0.019623
3 736 1961 1978 0.002125
3 1612 1961 736 0.000881
3 1612 736 2443 0.000070
3 2443 736 2123 0.000069
3 1145 2127 1422 0.000516
3 1145 1422 822 0.000754
3 2279 346 1156 0.000831
3 2243 2279 1156 0.001344
3 2160 1653 1474 0.077712
3 2435 403 1043 0.134939
3 2435 1043 535 0.219469
3 1474 1663 1043 0.099530
3 1474 1043 403 0.113826
3 826 1653 2160 0.053409
3 826 2160 2397 0.070825
3 826 2397 220 0.156258
3 220 2397 2296 0.223133
3 2346 0 474 0.286784
3 2346 474 1888 0.175258
3 1703 226 2292 0.440423
3 2292 226 2346 0.310311
3 624 728 226 0.201905
3 624 226 1703 0.355226
3 2471 2292 2346 0.354865
3 2346 226 728 0.218505
3 1150 477 624 0.293799
3 1150 624 1703 0.266286
3 1150 1703 329 0.316951
3 329 1703 1816 0.417651
3 1816 1703 1430 0.406604
3 2107 873 1113 0.348369
3 873 2107 2141 0.649288
3 425 1887 197 0.309687
3 1648 1356 1620 0.220365
3 2354 1356 1648 0.133730
3 2108 1620 1356 0.141705
3 2108 1356 1091 0.112728
3 2108 1091 641 0.052820
3 2354 1091 1356 0.086100
3 2229 300 2211 0.049302
3 300 2229 1605 0.079966
3 300 1605 1194 0.117810
3 646 300 837 0.153779
3 646 837 1641 0.227225
3 837 300 1194 0.120352
3 1656 2229 1476 0.014403
3 1476 2229 2211 0.023828
3 584 1476 2211 0.028148
3 713 1636 1207 0.009705
3 713 1207 1130 0.015111
3 713 1130 908 0.018937
3 2345 748 2217 0.089614
3 2338 2217 748 0.030974
3 63 748 2345 0.153301
3 854 779 748 0.057802
3 854 748 63 0.139760
3 1954 779 1493 0.032848
3 1493 779 854 0.050893
3 2466 1954 1493 0.024337
3 2466 1493 1748 0.029740
3 1341 2466 1748 0.045548
3 1341 639 1239 0.177592
3 1239 786 2231 0.180295
3 786 1239 1285 0.300737
3 1285 1239 639 0.268943
3 2398 639 1748 0.115248
3 1748 639 1341 0.115360
3 2310 356 1847 0.194877
3 318 561 1027 0.225242
3 1882 2310 1847 0.199838
3 185 2310 1027 0.245756
3 185 1027 2289 0.220949
3 2289 1027 561 0.135552
3 1569 872 1464 0.092323
3 137 872 387 0.051325
3 387 872 1569 0.074944
3 935 938 2119 0.200365
3 846 935 2119 0.127541
3 1614 2119 1999 0.263910
3 938 1999 2119 0.320735
3 756 1981 2376 0.311976
3 756 2376 1197 0.329296
3 90 781 1714 0.312505
3 781 2376 1417 0.455316
3 2376 90 1912 0.339340
3 90 2376 781 0.258352
3 1714 781 236 0.518107
3 1714 236 1094 0.649533
3 236 781 1221 0.592305
3 773 1218 236 0.937413
3 1577 1218 105 0.938159
3 801 2028 389 0.988971
3 1809 56 2071 0.740105
3 1809 2071 2302 0.729045
3 2071 56 1042 0.685164
3 1042 56 1609 0.638067
3 553 1809 2302 0.809997
3 2481 742 1352 0.172296
3 902 2481 2139 0.164117
3 2236 902 2139 0.246019
3 53 2236 2139 0.377916
3 721 2236 696 0.542950
3 1182 721 989 0.436002
3 989 721 696 0.536277
3 2455 696 2236 0.555887
3 989 1259 1696 0.373064
3 696 2455 1259 0.427288
3 696 1259 989 0.425491
3 688 1696 1259 0.375960
3 1259 2455 688 0.411060
3 912 688 2455 0.451809
3 2102 1256 290 0.378568
3 290 1696 623 0.294219
3 1696 290 1256 0.289715
3 2442 613 623 0.324057
3 613 745 623 0.300977
3 939 613 2442 0.332004
3 290 623 745 0.297617
3 290 745 110 0.353877
3 468 1551 946 0.130285
3 2479 946 1551 0.144275
3 2479 1551 1067 0.270298
3 1067 1551 2282 0.329774
3 2350 1067 2282 0.524577
3 864 2324 2440 0.589809
3 1033 864 1692 0.350984
3 2440 1692 864 0.486089
3 2193 2294 1692 0.134253
3 1692 2294 636 0.132727
3 1692 636 1977 0.149640
3 2461 1033 2115 0.338292
3 2461 2115 2267 0.173390
3 2115 1033 2368 0.107003
3 2242 1612 2443 0.000085
3 1930 2242 2443 0.000228
3 1674 2483 2279 0.003898
3 1674 2279 2243 0.001612
3 600 431 1674 0.012320
3 600 1674 2402 0.008259
3 600 2402 1863 0.011533
3 1863 2402 2146 0.009348
3 1856 2314 818 0.006301
3 335 1856 818 0.003293
3 335 818 1159 0.003536
3 335 679 1856 0.003183
3 2359 1615 818 0.005667
3 2359 818 1607 0.008879
3 1607 818 2314 0.008684
3 221 622 1951 0.094644
3 1627 1653 1951 0.068996
3 1627 1951 622 0.078050
3 1627 622 2190 0.106567
3 2190 622 850 0.094884
3 850 622 221 0.105975
3 310 222 41 0.128602
3 41 222 1951 0.077783
3 222 179 1951 0.144740
3 310 41 86 0.122762
3 86 41 826 0.082492
3 826 41 1951 0.051533
3 179 222 2209 0.217487
3 2209 222 310 0.140489
3 221 1951 179 0.093622
3 1836 2209 310 0.101531
3 220 1836 86 0.209693
3 220 86 826 0.075759
3 310 86 1836 0.157392
3 1664 1771 1836 0.231429
3 30 739 1664 0.397232
3 2389 2363 1466 0.092073
3 1466 2363 1342 0.165383
3 1466 1342 1137 0.373755
3 546 2389 1466 0.052491
3 546 1466 2106 0.171315
3 2106 1466 1137 0.259433
3 2106 1150 329 0.281541
3 1469 546 2106 0.199031
3 1395 2423 1907 0.208747
3 1395 1907 1469 0.157476
3 2178 2423 1710 0.247285
3 1123 282 2108 0.099768
3 1123 2108 2305 0.036195
3 2305 2108 1394 0.023811
3 570 2305 1394 0.011220
3 810 2462 1394 0.002903
3 2462 2142 1968 0.002363
3 2462 1968 1737 0.004203
3 951 1737 2065 0.005425
3 2065 1737 1968 0.006941
3 2254 434 2225 0.014008
3 2338 2225 689 0.011010
3 2362 1511 2482 0.003663
3 2011 2482 1954 0.018485
3 365 926 771 0.068181
3 926 2011 771 0.059394
3 771 2011 170 0.022902
3 170 2011 1954 0.021992
3 2168 2049 174 0.015920
3 2049 2466 174 0.014225
3 925 2049 2168 0.014423
3 2168 174 1738 0.043770
3 1738 174 2466 0.027416
3 2466 2049 170 0.013221
3 170 2049 925 0.012953
3 1341 1738 2466 0.044839
3 2231 1738 1239 0.163876
3 1239 1738 1341 0.159063
3 2168 1738 2231 0.056215
3 2168 771 925 0.021804
3 771 2168 2231 0.047041
3 365 771 2231 0.076295
3 365 2231 233 0.157568
3 1847 356 1285 0.218377
3 356 2310 1285 0.247700
3 1285 2310 185 0.215905
3 2398 1847 639 0.202364
3 639 1847 1285 0.221186
3 786 1285 185 0.252651
3 786 185 233 0.218295
3 233 185 2289 0.124788
3 2404 130 1037 0.034917
3 2404 1037 1118 0.053702
3 2404 1118 137 0.037928
3 872 137 1118 0.052938
3 872 1118 1037 0.099964
3 1336 2119 1614 0.254534
3 2255 1777 1336 0.405110
3 2255 1336 1614 0.392933
3 2255 1614 450 0.533543
3 450 1614 1999 0.485659
3 1442 1700 164 0.459506
3 164 1380 2255 0.586697
3 1442 164 450 0.501175
3 164 2255 450 0.741192
3 1380 164 1700 0.509740
3 1981 1442 1999 0.501932
3 450 1999 1442 0.513197
3 1442 756 2388 0.275507
3 1981 756 1442 0.347698
3 245 1673 668 0.212788
3 245 668 1467 0.099262
3 668 2114 1467 0.123834
3 1912 668 1673 0.391434
3 668 1912 2114 0.381051
3 1883 90 1714 0.305965
3 90 1883 1912 0.434492
3 2329 1076 1094 0.892819
3 1883 1076 1171 0.521221
3 1883 1171 909 0.578285
3 909 1171 1482 0.381258
3 2114 1883 909 0.520990
3 2114 909 1300 0.275564
3 1300 909 1482 0.264953
3 533 2438 1824 0.005244
3 902 742 2481 0.122753
3 1983 2273 142 0.020191
3 142 2273 1210 0.057389
3 1358 1983 142 0.023198
3 1182 421 721 0.355893
3 2102 1058 1256 0.304413
3 638 1550 1755 0.294435
3 436 1252 638 0.047411
3 436 638 1700 0.245796
3 1700 638 1755 0.436591
3 1700 1755 1380 0.536675
3 1380 1755 900 0.534173
3 372 929 793 0.035857
3 372 793 953 0.028080
3 1235 793 929 0.093377
3 1235 929 1234 0.110714
3 1211 953 793 0.025268
3 1211 793 1235 0.067087
3 97 1235 613 0.135709
3 97 613 939 0.144235
3 1235 745 613 0.310786
3 946 1030 97 0.064692
3 946 97 468 0.091637
3 468 97 939 0.100964
3 97 1030 1211 0.037099
3 1211 1030 880 0.019951
3 2048 1419 2251 0.010352
3 1388 2048 1937 0.027746
3 1721 2479 643 0.489818
3 2350 643 2479 0.521108
3 1067 2350 2479 0.492416
3 2324 2350 2282 0.485004
3 2461 2000 1936 0.423205
3 2070 1525 1608 0.049793
3 2045 1898 1538 0.006761
3 2146 1984 1863 0.015291
3 1803 183 2172 0.401021
3 1765 2172 2157 0.262062
3 2205 2157 183 0.234634
3 2172 183 2157 0.322338
3 2209 1765 2157 0.307612
3 2209 2157 2158 0.336233
3 2158 2157 2205 0.150482
3 676 1803 2172 0.403489
3 1195 676 1960 0.079803
3 1960 676 2172 0.176708
3 2340 1195 1659 0.172755
3 2384 2340 1133 0.487036
3 2384 1133 944 0.616159
3 1787 1133 2340 0.357967
3 985 944 1133 0.719331
3 985 1133 1041 0.700883
3 985 1041 2212 0.730349
3 1787 1041 1133 0.403834
3 710 1041 552 0.516968
3 552 1041 1787 0.319514
3 1787 1921 1776 0.310219
3 1776 1751 552 0.133116
3 552 1751 1507 0.314351
3 1751 1776 2152 0.110847
3 1787 1776 552 0.257371
3 2389 2152 1776 0.093095
3 2389 1907 2152 0.126389
3 2423 2152 1907 0.203364
3 1507 1751 795 0.334337
3 795 1751 2152 0.220031
3 1386 710 1690 0.728257
3 1690 710 1507 0.655345
3 1690 1507 795 0.531917
3 1580 888 1892 0.200467
3 1580 1892 1410 0.124324
3 51 1104 1410 0.104886
3 51 1410 2178 0.209073
3 51 2178 1106 0.198748
3 2178 1410 1892 0.170857
3 1410 799 1580 0.080488
3 799 1410 1104 0.097681
3 7 2306 799 0.103943
3 2306 513 799 0.141914
3 2306 967 2122 0.050748
3 967 2306 7 0.086029
3 1104 7 799 0.084719
3 1725 2264 1054 0.031498
3 941 1054 2264 0.051246
3 941 2264 1749 0.050866
3 1749 2264 967 0.066707
3 941 1123 2183 0.028015
3 941 2183 2027 0.011628
3 1123 941 2394 0.063389
3 1123 2394 1724 0.117879
3 1737 2027 2183 0.005503
3 1737 2305 570 0.005898
3 2305 1737 2183 0.004819
3 2469 2474 2417 0.003747
3 2338 547 2254 0.005071
3 2225 2338 2254 0.008031
3 2469 2417 2321 0.003333
3 2469 2321 1555 0.001976
3 2469 1555 1180 0.001618
3 2321 2417 672 0.004812
3 1443 1555 2020 0.000796
3 1555 2321 2020 0.001740
3 315 1443 2020 0.000946
3 2414 2020 704 0.000913
3 1766 2377 2263 0.001562
3 1841 2263 2377 0.001242
3 2404 1415 2263 0.004351
3 1640 2030 1295 0.002865
3 448 1640 1295 0.002788
3 712 1188 1913 0.011757
3 1913 1777 900 0.192994
3 1380 900 2255 0.561557
3 2255 900 1777 0.462302
3 312 79 372 0.023058
3 312 372 953 0.020648
3 372 79 929 0.039295
3 1015 312 1419 0.005550
3 1419 312 2251 0.010902
3 2251 312 953 0.016795
3 1764 243 9 0.000928
3 1764 9 1087 0.000902
3 9 243 1231 0.000997
3 1231 565 1993 0.001207
3 565 1231 1813 0.001274
3 1813 1231 243 0.000978
3 295 1087 9 0.001500
3 295 9 1231 0.001361
3 295 1231 804 0.001802
3 804 1231 1993 0.001005
3 2048 1802 1993 0.002369
3 1829 1853 662 0.573317
3 662 907 2163 0.403068
3 907 662 1853 0.391514
3 907 1853 768 0.185232
3 768 1853 2352 0.194451
3 1829 662 1845 0.776847
3 1845 662 186 0.848349
3 186 662 653 0.533188
3 2097 1845 186 0.663635
3 2097 186 1388 0.202566
3 2097 1388 1937 0.107571
3 1388 186 653 0.097750
3 1845 2097 1721 0.641487
3 2479 1721 2097 0.403485
3 1845 1721 1173 0.794872
3 1173 1721 643 0.859888
3 1829 1845 1173 0.776790
3 1829 1173 1170 0.818382
3 1170 1173 643 0.839305
3 2120 2390 230 0.379007
3 230 2390 1124 0.620902
3 2070 1018 1638 0.022510
3 1495 1757 645 0.009593
3 1495 645 1190 0.011478
3 645 1757 1880 0.009795
3 2216 93 1190 0.004846
3 2216 1190 1880 0.006921
3 645 1880 1190 0.010646
3 1291 1744 927 0.377203
3 687 198 1947 0.257368
3 1947 198 1864 0.140940
3 1733 1947 2171 0.299974
3 2171 1947 1864 0.199743
3 1354 2197 827 0.946620
3 405 1424 1906 0.210315
3 1906 1424 763 0.319988
3 763 1424 1948 0.321419
3 2336 1424 2331 0.108147
3 884 2331 405 0.110597
3 405 2331 1424 0.119334
3 2306 2331 884 0.074324
3 2331 2306 1603 0.053759
3 2430 2264 1725 0.025038
3 2430 1725 996 0.009764
3 1718 2434 2159 0.002343
3 2430 2159 2434 0.003321
3 455 2147 1327 0.000115
3 1274 1528 2414 0.000287
3 1651 2414 1766 0.000293
3 1876 38 1613 0.000329
3 38 1723 1001 0.000176
3 1613 38 1001 0.000218
3 2358 1001 1723 0.000060
3 1723 38 1876 0.000297
3 1613 1001 1651 0.000287
3 1651 1001 2358 0.000109
3 1595 2457 1876 0.000888
3 2343 1613 1766 0.000965
3 1595 1876 2343 0.002410
3 2343 1876 1613 0.001417
3 2343 1081 2387 0.001772
3 1764 1754 806 0.000527
3 1764 806 243 0.000620
3 448 1813 1640 0.001805
3 1438 1087 878 0.002825
3 804 2057 295 0.003194
3 295 2057 878 0.007282
3 295 878 1087 0.001942
3 2057 1245 94 0.006709
3 325 94 1245 0.011831
3 633 907 768 0.105204
3 907 633 2163 0.126671
3 1890 490 171 0.007788
3 2040 266 171 0.011905
3 490 2040 171 0.015444
3 2040 490 2459 0.018520
3 1890 768 1850 0.010283
3 768 1890 171 0.011295
3 768 171 633 0.024022
3 633 171 266 0.017005
3 2459 490 1890 0.006521
3 2369 1549 2352 0.091395
3 1366 1549 2369 0.046740
3 1568 1366 1220 0.021401
3 2307 1568 1220 0.026692
3 594 1568 2307 0.026650
3 1190 367 1495 0.006125
3 1670 29 1086 0.011486
3 1744 1086 95 0.041225
3 2380 1914 439 0.031519
3 2380 439 1477 0.028241
3 2380 1477 1185 0.023029
3 361 181 1477 0.033739
3 1492 1050 774 0.183513
3 1492 774 1291 0.198331
3 1492 1291 687 0.281039
3 687 1291 350 0.378465
3 734 1216 42 0.470446
3 734 42 892 0.463221
3 734 892 1051 0.395973
3 892 42 1146 0.629472
3 1146 42 1216 0.632159
3 2148 1051 892 0.669951
3 2148 892 1808 0.863378
3 763 1948 1463 0.428979
3 763 1463 320 0.494506
3 763 320 1906 0.524302
3 673 1540 285 0.121920
3 715 1866 576 0.014177
3 715 576 1621 0.033937
3 715 1621 1701 0.021179
3 1603 575 2336 0.025068
3 2331 1603 2336 0.043428
3 2407 1701 981 0.009616
3 1088 2407 981 0.006560
3 2288 1088 2434 0.002723
3 1817 2288 1718 0.001015
3 1718 2288 2434 0.002444
3 1559 1625 724 0.000104
3 1559 1723 1321 0.000135
3 1321 1723 2401 0.000225
3 2358 1723 1559 0.000075
3 2358 1559 724 0.000057
3 1321 1488 1559 0.000196
3 1629 1754 1764 0.000794
3 1294 1420 1854 0.003548
3 1438 1294 1854 0.004896
3 1438 1854 2164 0.006692
3 657 1548 2057 0.002691
3 1083 1316 2040 0.008859
3 2040 1316 657 0.012492
3 2040 657 2057 0.005787
3 2040 2057 94 0.004668
3 2040 94 266 0.008553
3 2050 1083 2459 0.019868
3 1083 2040 2459 0.018612
3 1316 2468 596 0.003278
3 2459 1729 1671 0.011340
3 2050 2459 1671 0.020497
3 2050 1671 1583 0.013061
3 2459 2284 1729 0.011191
3 2284 2459 1890 0.007288
3 2284 1890 1850 0.003463
3 1729 2284 2017 0.007649
3 1372 231 772 0.013839
3 2478 231 1372 0.015600
3 819 1372 772 0.017435
3 819 594 2323 0.026835
3 2323 1372 819 0.028113
3 594 819 1568 0.025263
3 1568 819 772 0.024063
3 2055 2478 2323 0.048243
3 2055 2323 385 0.057815
3 1061 2380 1582 0.032282
3 2380 141 1914 0.042454
3 1061 141 2380 0.030161
3 2349 1582 2380 0.028760
3 2233 33 1185 0.054830
3 2233 1185 2109 0.085672
3 397 2233 2041 0.291977
3 2041 2233 734 0.350392
3 734 2233 2109 0.246111
3 1100 1788 397 0.214272
3 1100 397 2041 0.182599
3 754 492 1976 0.034414
3 2179 2405 492 0.025805
3 2179 492 2105 0.019790
3 2105 492 754 0.019371
3 2405 1976 492 0.030948
3 709 2105 754 0.022540
3 709 754 244 0.027136
3 1976 244 754 0.031686
3 2185 2105 709 0.020888
3 2185 2445 1485 0.009696
3 99 1485 2445 0.008543
3 1866 2043 673 0.025044
3 1866 1594 2043 0.010657
3 1594 1866 2407 0.003863
3 2407 715 1701 0.009201
3 715 2407 1866 0.009511
3 1941 644 1158 0.000423
3 2087 2407 1088 0.002521
3 2407 2087 1594 0.003807
3 1594 2087 1158 0.001238
3 1158 2087 920 0.000947
3 1281 2136 2448 0.001343
3 678 2136 1281 0.002134
3 2448 2136 2087 0.001247
3 2087 2136 604 0.000890
3 1600 678 2448 0.001096
3 1600 2448 2399 0.000743
3 1281 2448 678 0.001622
3 2288 2399 2448 0.001038
3 1923 2136 1600 0.000953
3 1600 2136 678 0.001192
3 604 2136 1923 0.000827
3 1923 1600 1622 0.000613
3 1622 1600 2399 0.000481
3 769 1933 604 0.000239
3 769 604 1923 0.000584
3 1489 769 1923 0.000501
3 1622 1489 1923 0.000548
3 1459 414 1489 0.000556
3 1625 1459 466 0.000116
3 1489 466 1459 0.000361
3 2270 1459 1488 0.000483
3 2270 1488 1932 0.002107
3 526 1321 2401 0.000772
3 1321 526 1488 0.000489
3 1488 526 1932 0.001779
3 1854 126 2401 0.003313
3 1854 2401 2164 0.003505
3 2164 2401 1189 0.000819
3 1654 2270 2169 0.002961
3 1932 2169 2270 0.003168
3 538 2219 1421 0.004840
3 1901 1545 1584 0.008211
3 2092 527 2467 0.021550
3 527 2092 2131 0.026322
3 2131 2092 956 0.017349
3 2131 956 785 0.013974
3 527 2131 1729 0.024610
3 1729 2131 1671 0.022915
3 1671 2131 785 0.018313
3 527 1729 1494 0.021725
3 527 1494 2467 0.026226
3 1494 1729 567 0.019987
3 1114 1494 567 0.016134
3 1061 1949 2478 0.027378
3 1061 2478 2055 0.049895
3 1795 212 1949 0.032461
3 1795 1949 210 0.023355
3 1795 210 2349 0.029651
3 2349 210 1582 0.035473
3 1582 210 1061 0.026024
3 1949 1061 210 0.021637
3 2437 212 1795 0.029493
3 2437 1795 2347 0.054517
3 832 2214 227 0.076492
3 832 227 1662 0.062323
3 2195 1953 98 0.016177
3 1255 98 2179 0.022084
3 2105 1255 2179 0.020235
3 2405 2179 1953 0.026324
3 1953 2179 98 0.023805
3 1485 629 1255 0.012494
3 1485 1255 2105 0.011865
3 2195 629 1491 0.012686
3 2195 1491 2082 0.012862
3 2195 2082 2476 0.017008
3 568 1491 629 0.011588
3 568 629 1485 0.010267
3 568 99 720 0.004709
3 1102 720 99 0.002338
3 805 2393 1763 0.002274
3 1763 2393 1138 0.002355
3 1917 2293 1654 0.003213
3 1461 138 1917 0.000450
3 1461 1917 1974 0.001192
3 2219 1545 1421 0.004805
3 2034 1617 1704 0.021479
3 1520 2034 1704 0.019227
3 453 1520 1704 0.022406
3 237 368 453 0.013947
3 237 453 512 0.016721
3 237 512 2291 0.011263
3 587 237 2092 0.021549
3 956 2092 2291 0.012368
3 956 2291 785 0.011172
3 2291 2092 237 0.014367
3 2092 2467 587 0.023280
3 807 2072 1282 0.007353
3 1282 2072 2400 0.028569
3 1282 2437 1927 0.007389
3 1282 1927 807 0.006122
3 1647 1927 2437 0.011254
3 2446 1647 2347 0.045355
3 1662 1958 832 0.052207
3 1046 496 1055 0.010012
3 1383 309 139 0.000279
3 1383 139 1680 0.000433
3 2393 1680 1209 0.001009
3 1680 2393 2094 0.000961
3 1063 2094 2393 0.003202
3 1063 2393 1455 0.002433
3 1240 460 1063 0.006883
3 1066 460 1240 0.010981
3 1240 1063 1461 0.003611
3 1455 1461 1063 0.003102
3 1974 1240 1461 0.001417
3 486 1066 1240 0.008009
3 486 1240 1974 0.002307
3 1484 2056 1957 0.006548
3 2056 1484 2177 0.005363
3 1940 1484 2186 0.004997
3 158 2186 1927 0.004458
3 536 158 1647 0.036883
3 536 1647 1487 0.040868
3 1647 158 1927 0.011259
3 833 451 2222 0.076990
3 75 982 1793 0.287097
3 1176 166 1982 0.004707
3 166 800 1982 0.008514
3 913 1176 1982 0.003249
3 396 1176 913 0.001338
3 396 913 2381 0.001652
3 396 2381 1016 0.001411
3 1016 2381 1383 0.000652
3 1680 2094 57 0.000445
3 1928 2413 986 0.003610
3 1940 1364 1484 0.005338
3 1484 1364 2177 0.004337
3 2343 2387 1595 0.001360
3 2308 436 2388 0.049728
3 1682 685 1697 0.011023
3 1467 2287 1682 0.008634
3 1467 1682 245 0.036732
3 245 1682 1697 0.026747
3 533 1205 2438 0.007471
3 1821 1205 533 0.007465
3 1889 524 1983 0.005074
3 1983 524 2273 0.009222
3 2102 1775 1058 0.228726
3 529 1204 1045 0.066743
3 1604 955 2371 0.002910
3 955 1604 1896 0.004627
3 1650 1604 2371 0.004849
3 1307 1893 893 0.015762
3 714 1893 2061 0.038691
3 1307 2061 1893 0.026021
3 1893 84 893 0.020441
3 241 326 1227 0.062953
3 241 2447 326 0.038757
3 326 2447 1586 0.094533
3 326 1586 1416 0.229902
3 326 1416 626 0.190936
3 326 626 1227 0.090852
3 2280 2447 2013 0.191145
3 1668 2013 2447 0.133432
3 2280 1586 2447 0.165918
3 2191 1496 848 0.057167
3 2191 848 1306 0.056167
3 2191 1306 1672 0.080438
3 84 1227 893 0.033099
3 260 454 1843 0.410720
3 260 1843 134 0.557660
3 491 260 134 0.792119
3 491 134 232 0.649428
3 491 232 1451 0.665332
3 260 491 242 0.774340
3 260 242 454 0.677096
3 893 152 1926 0.285118
3 893 1926 798 0.088199
3 1926 152 1867 0.272543
3 1416 1586 1602 0.207788
3 626 1416 1473 0.257613
3 626 1473 1227 0.152726
3 2280 1340 1586 0.278947
3 1586 1340 1602 0.210308
3 593 348 1524 0.620744
3 1524 348 2432 0.444271
3 2013 1672 1769 0.186548
3 2316 1306 848 0.078948
3 1672 1306 1769 0.128382
3 2221 966 2316 0.159819
3 2221 2316 1457 0.118185
3 442 1160 441 0.113173
3 442 441 1457 0.144361
3 442 1457 2029 0.110159
3 441 2221 1457 0.099968
3 1312 1219 1160 0.322987
3 1160 442 1312 0.211643
3 1312 442 2029 0.158854
3 1897 797 2328 0.888822
3 190 2126 1302 0.740345
3 190 1302 1451 0.789035
3 1473 812 1867 0.323391
3 1473 1416 812 0.226348
3 1334 812 1481 0.467787
3 1416 1481 812 0.377933
3 1602 1340 1059 0.243643
3 945 1986 2357 0.745145
3 1186 2004 223 0.091045
3 2004 2232 223 0.117809
3 2232 1226 223 0.135712
3 2303 223 1226 0.193852
3 223 2303 1747 0.122915
3 223 1747 1186 0.068621
3 1306 791 1769 0.138603
3 1306 1796 791 0.139302
3 556 1105 523 0.288903
3 2316 523 1105 0.203666
3 523 2316 966 0.148144
3 830 1012 2266 0.275346
3 830 915 523 0.283120
3 830 523 2221 0.187452
3 830 2221 1012 0.229717
3 1013 2266 1684 0.701221
3 321 1012 441 0.191155
3 321 441 1025 0.216123
3 441 1012 2221 0.151418
3 1233 452 254 0.159691
3 452 321 254 0.114888
3 1233 254 1025 0.231155
3 1233 119 452 0.379592
3 254 321 1025 0.089326
3 1233 1684 119 0.629912
3 737 1214 1837 0.660388
3 1859 1214 208 0.820854
3 208 1214 737 0.689906
3 516 1117 1470 0.987149
3 1575 1897 2155 0.931475
3 849 1165 2126 0.694941
3 2126 1165 1248 0.775814
3 1165 1790 1248 0.789479
3 1790 1165 2370 0.808199
3 767 88 1389 0.705185
3 2064 2480 1389 0.603598
3 1598 1077 659 0.453908
3 1598 659 560 0.429078
3 2439 411 2278 0.072526
3 287 564 834 0.040544
3 834 698 173 0.031600
3 834 173 287 0.031985
3 2268 172 577 0.189267
3 480 2268 577 0.112187
3 2268 480 1747 0.114623
3 2297 480 577 0.138121
3 1747 2415 2268 0.238383
3 172 2268 1619 0.261110
3 2268 1408 1619 0.497031
3 228 1183 1376 0.809413
3 2266 289 830 0.410270
3 1 289 2266 0.451376
3 1 2266 1013 0.502563
3 1903 1792 2130 0.965947
3 1456 2130 1792 0.974200
3 1224 1071 151 0.984942
3 1224 1886 1071 0.984273
3 1224 1303 1142 0.998912
3 1224 1142 258 0.998661
3 1224 911 1303 0.998764
3 1224 258 1886 0.993794
3 1313 1303 911 0.998080
3 1313 911 446 0.995274
3 494 412 871 0.994687
3 494 871 2150 0.995660
3 412 494 127 0.993151
3 412 1153 871 0.991321
3 211 1688 498 0.836960
3 131 498 1688 0.895782
3 2370 498 131 0.921099
3 498 2370 1994 0.672864
3 1526 1293 2089 0.130884
3 1994 755 1526 0.142545
3 1526 755 1293 0.194586
3 979 2089 1509 0.213152
3 1509 1689 979 0.247401
3 163 979 1689 0.068354
3 1479 839 2010 0.365924
3 1938 109 1305 0.016093
3 1702 1280 1228 0.004282
3 885 2078 717 0.172838
3 1508 885 717 0.041810
3 1942 1508 717 0.015381
3 824 2427 104 0.018925
3 2427 2174 104 0.023478
3 173 698 2484 0.018028
3 173 2484 824 0.012589
3 287 824 2278 0.029841
3 104 2278 824 0.022895
3 1712 1005 831 0.125515
3 1379 2077 1728 0.038248
3 180 2412 1716 0.054511
3 2005 1397 2406 0.764045
3 1616 843 1903 0.869318
3 1376 1903 843 0.801883
3 228 843 901 0.815291
3 901 1375 228 0.830387
3 228 1375 1183 0.830620
3 1183 1375 651 0.844992
3 1735 14 1616 0.880575
3 1616 14 843 0.775478
3 843 14 901 0.867703
3 1431 409 658 0.988097
3 658 2320 1431 0.992966
3 731 1597 658 0.996044
3 731 658 409 0.989219
3 409 283 731 0.981346
3 591 283 409 0.985981
3 2150 2218 1142 0.999709
3 258 1142 2218 0.999293
3 2218 238 258 0.998648
3 2150 1646 1677 0.999503
3 825 419 682 0.756136
3 419 2367 682 0.826346
3 682 2367 265 0.892835
3 2223 2161 445 0.017997
3 2223 445 963 0.023575
3 1275 2258 896 0.002629
3 2258 1275 968 0.002050
3 2258 270 896 0.005093
3 391 2356 666 0.022142
3 2256 666 711 0.007040
3 1508 1942 1314 0.007136
3 1266 1127 1498 0.000791
3 1678 555 1266 0.000459
3 1678 1266 975 0.000626
3 975 1266 1498 0.001163
3 2046 2032 975 0.000485
3 1678 975 2032 0.000250
3 193 2032 1446 0.000094
3 193 1678 2032 0.000185
3 1078 153 1322 0.007245
3 1322 153 2154 0.000810
3 1322 2154 602 0.000043
3 1322 602 1950 0.000200
3 1120 549 246 0.246619
3 549 2419 246 0.213481
3 246 2077 1120 0.067809
3 1716 1120 180 0.068940
3 180 1120 2077 0.051913
3 1750 718 1414 0.512272
3 1414 718 1409 0.323054
3 2373 176 1414 0.524512
3 1414 176 1750 0.418638
3 267 718 1750 0.327949
3 267 1750 85 0.204627
3 85 2249 267 0.228073
3 1129 267 2249 0.162238
3 1129 2249 1746 0.136224
3 1048 950 1746 0.224991
3 2260 1048 1746 0.174188
3 1397 1820 1084 0.602526
3 133 899 2226 0.777123
3 133 2226 2176 0.876060
3 2194 2226 899 0.738570
3 1361 877 2194 0.710587
3 2194 899 1361 0.680650
3 2194 1722 2226 0.816740
3 2194 901 1722 0.804905
3 901 2194 1800 0.762941
3 2226 1360 2176 0.953969
3 675 2355 1230 0.999118
3 621 1198 675 0.999022
3 675 1198 2355 0.999092
3 1833 652 1753 0.999502
3 1833 1753 11 0.999313
3 993 262 1610 0.996990
3 393 1529 1516 0.909387
3 393 1516 1267 0.918409
3 2421 393 1267 0.948977
3 393 881 1529 0.963469
3 2309 1276 182 0.013535
3 2309 2367 1276 0.025021
3 2319 1554 2074 0.001092
3 1554 2385 1731 0.002005
3 1554 1731 2074 0.001105
3 968 2074 1731 0.001167
3 2258 968 1814 0.003649
3 968 1731 1814 0.002905
3 1132 2073 813 0.254618
3 1132 813 1881 0.161567
3 733 1132 765 0.016005
3 733 2073 1132 0.102671
3 175 919 2166 0.001044
3 2093 965 919 0.001584
3 2093 919 1178 0.001294
3 175 1178 919 0.000949
3 2189 970 380 0.000980
3 1310 2189 380 0.000605
3 1310 380 2326 0.000374
3 2167 757 970 0.001222
3 380 970 2326 0.000564
3 970 757 764 0.000933
3 970 764 2326 0.000516
3 2189 2167 970 0.001371
3 108 1357 757 0.001114
3 887 1810 358 0.000180
3 358 1373 1767 0.000230
3 1373 358 1810 0.000143
3 947 427 1578 0.000207
3 1955 1578 1454 0.000208
3 1454 1578 427 0.000233
3 1678 1454 427 0.000237
3 1678 427 555 0.000271
3 1955 1454 1964 0.000257
3 1574 1523 2154 0.000439
3 1499 861 1304 0.012365
3 2095 144 1097 0.294825
3 525 858 684 0.424993
3 525 684 1097 0.461547
3 525 1097 144 0.364499
3 213 2051 1324 0.497174
3 862 665 694 0.361268
3 694 665 1779 0.494648
3 1601 1017 1558 0.380708
3 1017 1779 665 0.451559
3 1017 665 1558 0.309449
3 1601 1558 2051 0.402354
3 1409 2444 1139 0.327926
3 1139 2444 2425 0.243896
3 416 1382 693 0.382604
3 693 2283 416 0.515549
3 416 960 1382 0.567419
3 1382 960 1270 0.521302
3 1382 716 693 0.285431
3 618 2283 693 0.466423
3 1393 971 2403 0.639363
3 700 1527 610 0.694432
3 204 2208 410 0.811414
3 204 410 1014 0.886906
3 204 1014 234 0.791446
3 1014 1561 234 0.825649
3 700 234 1561 0.773596
3 2176 723 2351 0.951746
3 1238 2080 2395 0.995360
3 2086 218 1238 0.987526
3 1238 218 2080 0.996056
3 2080 218 2355 0.995249
3 11 1753 1289 0.997690
3 790 55 255 0.993170
3 255 706 1258 0.995302
3 255 1258 790 0.993266
3 790 1134 55 0.992912
3 55 1134 1289 0.993170
3 255 55 1753 0.995652
3 255 1753 706 0.993871
3 1258 2088 1830 0.989736
3 333 706 1753 0.995260
3 551 333 1753 0.996509
3 1830 790 1258 0.992179
3 790 1830 100 0.991127
3 790 100 1134 0.991369
3 2088 333 1458 0.988789
3 2088 1458 1679 0.992594
3 2088 1258 333 0.988305
3 333 551 1458 0.996755
3 2421 1679 1006 0.982984
3 1006 1679 1610 0.993779
3 2453 2281 787 0.990622
3 789 420 1541 0.781990
3 2093 609 3 0.002120
3 705 914 1709 0.004426
3 1709 683 609 0.006306
3 1709 611 705 0.005134
3 1709 2093 611 0.003658
3 1707 705 611 0.001912
3 2189 379 1178 0.000604
3 1657 1871 1624 0.000821
3 1374 1871 726 0.000321
3 726 1373 1374 0.000202
3 1374 1624 1871 0.000467
3 1374 1373 531 0.000162
3 1579 974 1851 0.000321
3 1579 1851 1155 0.000614
3 2099 1579 1155 0.000432
3 660 408 247 0.000999
3 660 1008 408 0.001183
3 897 499 362 0.000739
3 113 934 61 0.041290
3 1879 1097 113 0.137504
3 113 2410 1879 0.057792
3 858 284 684 0.543937
3 684 284 87 0.662593
3 684 87 2332 0.660523
3 1242 862 481 0.281948
3 1324 1242 525 0.303523
3 525 1242 481 0.246327
3 1315 2187 148 0.817020
3 1315 148 284 0.671199
3 87 284 148 0.729302
3 694 1779 923 0.609261
3 2374 694 923 0.663664
3 1779 1427 2327 0.554063
3 2327 1427 1164 0.501106
3 2277 308 1838 0.667526
3 2198 2053 471 0.557932
3 308 471 2053 0.618661
3 308 1338 471 0.505434
3 471 1338 1154 0.564271
3 1519 809 77 0.704576
3 1669 77 809 0.719735
3 1669 809 740 0.768950
3 1270 960 505 0.631543
3 1333 2019 973 0.595215
3 1333 973 1462 0.642553
3 761 101 1995 0.654153
3 761 89 277 0.731275
3 980 277 89 0.754432
3 410 2451 160 0.911170
3 410 160 1014 0.918565
3 1014 160 845 0.927498
3 1014 845 1561 0.891761
3 1862 796 2420 0.931764
3 942 2475 1760 0.959791
3 2080 1122 1101 0.996831
3 2080 1101 2395 0.994775
3 1101 1122 2418 0.997127
3 399 100 1830 0.990804
3 399 2274 1134 0.989984
3 399 1134 100 0.992302
3 1504 259 430 0.987978
3 484 1504 430 0.985953
3 430 259 417 0.983208
3 259 1504 2075 0.988768
3 259 2075 417 0.986510
3 430 1904 484 0.958362
3 484 1904 1857 0.952890
3 484 1857 539 0.970894
3 539 969 484 0.985119
3 1504 484 969 0.988095
3 2200 1110 2276 0.047259
3 2200 2085 1963 0.245029
3 464 1865 1445 0.003794
3 2063 683 914 0.005817
3 914 1596 2063 0.004076
3 2063 609 683 0.005888
3 1505 1131 1326 0.002791
3 1505 1326 2180 0.001600
3 1596 1131 1505 0.003022
3 1326 1707 2180 0.001294
3 1510 459 156 0.000983
3 489 2272 1148 0.000109
3 250 376 489 0.000114
3 250 489 1148 0.000092
3 2239 1273 1433 0.097518
3 1623 2332 467 0.283049
3 2187 865 1585 0.811483
3 2374 865 2187 0.854465
3 2327 690 923 0.702930
3 2327 923 1779 0.650152
3 923 690 2374 0.720493
3 816 1542 1807 0.609680
3 1891 1838 2053 0.607834
3 1891 2053 1323 0.588271
3 1885 847 1543 0.942499
3 1885 1543 1425 0.887205
3 1425 1543 788 0.826928
3 74 847 2140 0.889068
3 2335 74 2140 0.861976
3 1089 1745 2140 0.846872
3 2140 847 1089 0.882809
3 1089 847 1885 0.899830
3 1530 918 147 0.817608
3 1075 129 758 0.914629
3 129 1073 758 0.920140
3 129 1031 1073 0.932769
3 2019 22 922 0.661036
3 2019 922 655 0.744417
3 655 1299 973 0.730533
3 973 1299 1462 0.791240
3 1720 1462 1299 0.883311
3 1297 1299 495 0.831985
3 1299 655 495 0.774677
3 495 655 922 0.748216
3 922 253 495 0.745952
3 1720 1299 1297 0.897286
3 2101 288 1009 0.939542
3 2101 1450 288 0.880778
3 942 40 2101 0.954084
3 2441 590 2101 0.971519
3 1035 1254 2285 0.982597
3 1249 1576 2395 0.985792
3 2395 1576 544 0.983335
3 663 882 2111 0.941549
3 663 2025 116 0.567303
3 882 663 116 0.824744
3 882 116 1783 0.632896
3 10 1783 116 0.346731
3 10 116 70 0.218009
3 70 116 2025 0.247589
3 2490 1592 2023 0.000217
3 2490 2023 1563 0.000251
3 1752 366 616 0.001036
3 1085 278 1378 0.000354
3 2379 1681 1378 0.000473
3 1085 1590 278 0.000403
3 278 1590 1398 0.000518
3 65 1398 1590 0.001129
3 306 1398 1642 0.001067
3 65 2188 1398 0.002081
3 1398 2188 1642 0.002496
3 1998 2259 1099 0.006070
3 2181 1973 2042 0.002152
3 730 869 1831 0.000642
3 521 157 263 0.011031
3 263 157 1919 0.048737
3 263 1919 1053 0.008197
3 263 1053 521 0.003036
3 1034 521 1649 0.016498
3 374 250 1144 0.000721
3 1144 250 1148 0.000520
3 250 374 69 0.000387
3 1649 1222 1034 0.037520
3 2069 1919 1412 0.211715
3 1412 1919 157 0.191073
3 1581 2275 1761 0.722390
3 201 1581 1761 0.677810
3 5 1480 201 0.672572
3 201 1761 5 0.661695
3 2449 1560 1969 0.914399
3 1969 1560 1036 0.618299
3 816 783 2244 0.274672
3 783 1052 2244 0.271036
3 1406 2262 1875 0.459870
3 2463 435 1344 0.350481
3 1344 435 1875 0.431192
3 1392 1543 74 0.893705
3 74 2335 1392 0.857608
3 1543 1392 876 0.913284
3 1543 847 74 0.906469
3 1115 1500 2335 0.706953
3 918 1852 147 0.759949
3 147 1852 1745 0.749955
3 1384 1852 918 0.800988
3 1377 2037 2330 0.818727
3 1377 2330 550 0.760389
3 1377 1711 2037 0.852491
3 1628 1660 1805 0.978542
3 1939 1236 1343 0.931208
3 1236 2031 2304 0.930602
3 177 1970 1658 0.989648
3 1658 1694 177 0.988711
3 1478 1264 1192 0.894696
3 2138 1264 1478 0.815512
3 10 2062 1783 0.267956
3 1441 506 1049 0.006554
3 1049 506 1128 0.004441
3 1024 1175 2426 0.002900
3 2426 1175 2450 0.011923
3 1056 1512 752 0.000065
3 1056 752 2426 0.000093
3 1203 2325 1168 0.000131
3 1203 1168 1332 0.000061
3 1203 1931 2325 0.000179
3 1378 1681 54 0.000379
3 1378 54 1085 0.000342
3 1590 1085 599 0.000448
3 599 1085 54 0.000276
3 276 2379 554 0.001235
3 1403 276 554 0.000994
3 1435 1398 306 0.000704
3 1435 306 351 0.001225
3 1435 351 2379 0.001001
3 1435 2379 1378 0.001380
3 1435 1378 278 0.000390
3 1435 278 1398 0.000531
3 1896 1119 1193 0.004065
3 1501 20 1434 0.008592
3 20 1501 121 0.012776
3 20 2117 1434 0.005965
3 121 1501 1884 0.028219
3 2069 1797 1705 0.289497
3 1412 1034 43 0.191238
3 1412 43 2416 0.289269
3 43 1034 1222 0.117767
3 1125 2128 2220 0.832787
3 1125 2220 2431 0.909040
3 2353 1125 2431 0.813462
3 1125 2353 2128 0.772948
3 1062 841 2275 0.853498
3 2275 841 1761 0.813204
3 2431 841 1637 0.883903
3 1637 841 1062 0.866520
3 341 744 112 0.394672
3 341 112 1140 0.323322
3 2456 1140 112 0.580327
3 1140 1962 341 0.299023
3 1959 407 1391 0.347060
3 1794 1741 2203 0.257181
3 2203 1741 1988 0.130274
3 1988 1741 2044 0.164947
3 518 814 2112 0.464752
3 2112 1201 2066 0.499150
3 1337 1918 2463 0.433070
3 1337 2463 1344 0.431735
3 1344 2262 1337 0.467499
3 708 2037 2066 0.690445
3 2066 2037 501 0.762270
3 1711 501 2037 0.827482
3 1711 2079 501 0.747422
3 501 2079 102 0.682165
3 1908 2079 1350 0.695502
3 1350 2079 140 0.724071
3 149 1350 140 0.742693
3 433 607 2007 0.653685
3 2047 1471 92 0.665919
3 2199 670 1370 0.885480
3 1925 2199 2143 0.747870
3 2143 2199 991 0.807067
3 394 1628 150 0.959990
3 394 150 2460 0.930743
3 1628 1343 2144 0.900920
3 2144 2060 1652 0.868924
3 751 2317 1065 0.981278
3 1065 2317 2245 0.991601
3 751 1057 2317 0.966193
3 1065 303 370 0.985904
3 303 1065 2252 0.985538
3 1557 1460 1911 0.915450
3 2391 1967 1279 0.843980
3 25 1279 1967 0.862295
3 1279 25 478 0.759097
3 1279 478 1243 0.693798
3 1279 1243 352 0.636593
3 1279 352 2391 0.746010
3 1349 1739 1405 0.718670
3 1349 1405 199 0.741034
3 1588 2098 2248 0.000148
3 2098 493 2215 0.000238
3 2215 493 449 0.005895
3 493 821 449 0.006054
3 493 1588 821 0.000473
3 1512 586 1325 0.000033
3 752 1512 2022 0.000084
3 1325 586 1812 0.000052
3 2325 1812 1168 0.000110
3 1168 1812 586 0.000062
3 1812 2325 998 0.000178
3 1812 998 124 0.000174
3 563 1535 1868 0.001045
3 1873 1535 1411 0.001076
3 1762 1278 1819 0.003430
3 1762 1819 987 0.002905
3 118 579 2091 0.015524
3 118 750 1667 0.031803
3 777 415 2210 0.057064
3 917 415 777 0.076671
3 415 2269 1262 0.024585
3 415 1262 2210 0.031589
3 2269 415 750 0.028656
3 750 415 917 0.081101
3 1468 2196 2210 0.085130
3 2210 2196 961 0.083500
3 1532 2002 202 0.168095
3 1532 202 1952 0.153390
3 1532 1952 535 0.237441
3 1884 2002 1532 0.123000
3 1952 202 2018 0.195331
3 2018 202 2002 0.196659
3 1260 2240 2337 0.644207
3 2240 1260 691 0.586312
3 1269 2416 386 0.605806
3 1706 2128 252 0.830223
3 2337 1706 252 0.826311
3 2337 252 2204 0.748127
3 2204 252 2128 0.806418
3 34 2204 279 0.739705
3 279 2204 209 0.716037
3 279 209 1426 0.762572
3 279 1426 835 0.804919
3 279 835 34 0.792040
3 2204 34 2337 0.705793
3 2353 1432 209 0.841296
3 2353 209 2204 0.745918
3 209 1432 1426 0.780635
3 1426 1734 835 0.826351
3 1734 1426 1346 0.785251
3 1432 162 2454 0.778980
3 2454 1346 1432 0.707233
3 1432 1346 1426 0.805088
3 1734 1346 1759 0.769799
3 1734 1759 159 0.636751
3 1759 1346 1367 0.769829
3 1822 1972 1453 0.380523
3 1453 1631 1822 0.465739
3 1631 1453 2292 0.370454
3 2230 1822 1319 0.177023
3 2230 1972 1822 0.246317
3 392 1515 2104 0.247897
3 983 1095 1675 0.097686
3 1675 1095 1832 0.131400
3 1988 1818 637 0.157618
3 475 637 1818 0.237185
3 1818 1988 2375 0.221892
3 1815 2375 1988 0.244687
3 2375 1815 1068 0.441537
3 1989 344 977 0.734961
3 977 2079 1908 0.650936
3 977 1908 1989 0.706800
3 977 344 349 0.630894
3 977 349 102 0.718710
3 977 102 2079 0.696215
3 1924 2153 860 0.175774
3 1924 860 517 0.108836
3 517 155 1924 0.224023
3 2162 1330 1497 0.545268
3 2162 1497 1448 0.659701
3 1448 1497 2047 0.607036
3 135 1355 1070 0.167698
3 2372 1979 1355 0.218832
3 1355 1979 2100 0.157812
3 1979 1882 2238 0.140644
3 2238 1882 8 0.122578
3 235 2238 8 0.088846
3 235 8 2398 0.136793
3 2398 8 1847 0.169161
3 2460 1665 82 0.765529
3 1020 82 1665 0.576149
3 1899 2170 1566 0.372439
3 1566 2170 2060 0.583011
3 1263 205 1309 0.384479
3 1263 1309 1298 0.633651
3 1263 503 205 0.369829
3 205 359 1309 0.423080
3 1309 1074 1298 0.665974
3 1074 1826 1298 0.803354
3 681 469 1826 0.922517
3 879 1920 1556 0.881318
3 879 1556 1633 0.896618
3 2052 628 2252 0.967898
3 2252 628 1288 0.960178
3 1288 1577 766 0.972859
3 1577 1288 1985 0.969194
3 1985 1288 628 0.977276
3 1502 628 2052 0.957904
3 2391 1177 299 0.820134
3 770 299 1177 0.692914
3 352 1243 894 0.598509
3 352 894 2365 0.808061
3 352 2365 2391 0.710685
3 1483 199 1405 0.886203
3 1483 894 199 0.865942
3 2365 894 1483 0.857420
3 2473 962 697 0.482387
3 1437 331 2295 0.785759
3 2295 331 1929 0.634808
3 2215 449 642 0.018883
3 423 398 2015 0.000115
3 736 423 2015 0.000124
3 736 1978 423 0.000482
3 398 423 1695 0.000202
3 2127 931 398 0.000113
3 2015 931 2134 0.000098
3 2015 2123 736 0.000135
3 2134 2123 2015 0.000121
3 822 1241 1868 0.001875
3 2134 931 46 0.000118
3 1107 2134 46 0.000275
3 46 931 2127 0.000138
3 46 2127 1107 0.000390
3 2286 2386 1156 0.001024
3 2076 1819 1278 0.005269
3 1835 2339 2314 0.076573
3 2314 146 1835 0.053789
3 2076 1835 146 0.012537
3 1835 2076 620 0.026509
3 917 1080 1835 0.146283
3 1835 1080 2339 0.121109
3 1080 747 1111 0.086598
3 1663 281 1562 0.057233
3 403 808 1112 0.158242
3 2397 1112 83 0.150313
3 1112 2397 2160 0.128482
3 2036 1472 1308 0.421960
3 1308 1172 2036 0.485668
3 566 1347 1698 0.149143
3 566 1888 1347 0.136714
3 995 2346 566 0.397958
3 1888 566 2346 0.246629
3 691 1260 1734 0.521229
3 995 2471 2346 0.289899
3 1430 2292 852 0.425526
3 852 2292 1453 0.544397
3 2141 1972 219 0.629383
3 219 1972 2230 0.304203
3 1972 2141 1816 0.705142
3 392 2104 219 0.442886
3 392 219 2230 0.245435
3 219 2104 2141 0.407926
3 2141 2104 1887 0.385482
3 1475 1990 197 0.214275
3 983 562 1990 0.160523
3 1990 562 1022 0.184526
3 562 983 1648 0.118402
3 904 746 2228 0.011797
3 904 2228 1225 0.007012
3 2375 155 517 0.227037
3 2375 517 1439 0.166327
3 1439 517 860 0.116122
3 1072 1109 1447 0.009404
3 1109 1072 782 0.014575
3 1413 1130 117 0.024601
3 302 874 1215 0.126226
3 302 1215 2090 0.087444
3 529 1215 874 0.122668
3 395 1825 2366 0.519751
3 196 1537 1292 0.158372
3 196 1292 1070 0.178834
3 1070 519 196 0.110433
3 196 519 1537 0.118520
3 1537 519 1799 0.117180
3 1537 1799 2345 0.112406
3 440 1292 1537 0.173848
3 2192 2100 1979 0.111378
3 2192 1979 2238 0.104782
3 2398 63 235 0.183761
3 63 1799 235 0.124578
3 235 1799 401 0.102635
3 2372 1882 1979 0.222618
3 318 1027 846 0.159819
3 1464 318 846 0.198691
3 28 2376 390 0.416829
3 503 28 390 0.384174
3 503 390 205 0.324156
3 205 390 701 0.388723
3 1221 2016 820 0.559544
3 1221 1417 2016 0.421447
3 2016 1826 820 0.697865
3 1577 1985 2028 0.961832
3 1894 1506 317 0.996015
3 317 1506 345 0.980745
3 317 345 863 0.973583
3 317 863 686 0.982967
3 317 686 1894 0.995285
3 1506 1985 345 0.973834
3 334 686 438 0.989661
3 686 334 1894 0.996678
3 1894 801 1506 0.995745
3 1506 801 389 0.992409
3 1506 389 1985 0.988531
3 2302 2165 532 0.197095
3 301 1418 2165 0.245150
3 301 1161 1418 0.366409
3 1352 2165 1418 0.260346
3 770 1177 2365 0.664760
3 1405 2455 1483 0.692676
3 2365 1483 53 0.787144
3 697 829 2442 0.292087
3 2313 829 296 0.250299
3 2313 296 298 0.202177
3 2313 298 468 0.131948
3 468 298 2282 0.269937
3 296 829 697 0.263871
3 697 962 296 0.357065
3 2024 296 962 0.603603
3 2295 2193 2440 0.588623
3 1692 2440 2193 0.400005
3 1977 2368 1033 0.119702
3 1977 1033 1692 0.203288
3 522 1250 572 0.031203
3 1612 1250 1961 0.004525
3 1961 1250 522 0.021223
3 2123 346 2443 0.000113
3 346 2123 161 0.000162
3 1268 1618 2402 0.006202
3 1268 2243 2290 0.003961
3 1618 2290 1615 0.009900
3 1615 2290 1159 0.004506
3 1618 1268 2290 0.007331
3 335 1965 2386 0.002151
3 1411 2076 679 0.002669
3 1411 679 2386 0.002561
3 1664 2296 2397 0.282705
3 1934 30 1664 0.414787
3 1934 1664 2397 0.300181
3 30 1934 2363 0.230155
3 1472 1934 83 0.342300
3 0 728 1002 0.324654
3 1342 528 1137 0.506313
3 728 624 1002 0.366335
3 477 1002 624 0.485637
3 1002 477 528 0.545141
3 528 477 1137 0.451561
3 1469 1010 13 0.259328
3 1710 1395 1113 0.165660
3 425 1710 1113 0.165373
3 425 1022 1710 0.229163
3 327 1756 2489 0.405984
3 1620 2108 1381 0.282610
3 327 1381 619 0.375176
3 327 619 1756 0.446634
3 619 1381 1724 0.262506
3 2228 782 1072 0.007142
3 1225 2228 2096 0.001265
3 2096 2228 1072 0.001243
3 434 2142 1636 0.004569
3 434 1968 2142 0.007472
3 470 1246 165 0.033948
3 1246 1045 165 0.062446
3 165 689 470 0.020439
3 470 447 1246 0.030510
3 1246 447 908 0.023291
3 1246 908 1413 0.029885
3 1246 1413 1045 0.051323
3 165 2338 689 0.018492
3 874 1825 1400 0.266339
3 239 1204 1400 0.154799
3 239 1400 1825 0.205524
3 2338 779 355 0.005817
3 355 779 1511 0.005435
3 2482 1511 1954 0.005252
3 2289 561 872 0.115859
3 872 561 1464 0.083528
3 2404 387 856 0.014920
3 2119 589 1569 0.081823
3 2119 1336 589 0.179075
3 1699 589 1336 0.165908
3 1999 1196 1981 0.409011
3 1197 1673 2388 0.181156
3 1218 2028 225 0.966484
3 1218 225 236 0.939865
3 236 225 1094 0.923017
3 773 1727 1218 0.879798
3 1092 482 801 0.993476
3 1092 801 1894 0.995515
3 1092 1894 334 0.994643
3 1092 334 2329 0.993017
3 2465 1482 553 0.469829
3 2465 553 2302 0.761567
3 1824 2438 1353 0.014141
3 1353 2438 853 0.029032
3 1644 1353 2165 0.034734
3 532 2165 1353 0.067282
3 1821 533 1136 0.016123
3 1821 1136 388 0.017443
3 388 1136 742 0.037811
3 1210 1318 271 0.102158
3 1210 224 1318 0.083386
3 1821 1210 2273 0.029941
3 224 1210 1821 0.036060
3 1318 224 902 0.106528
3 721 271 1318 0.321957
3 989 1256 1182 0.353015
3 468 939 2313 0.123308
3 2313 939 829 0.160808
3 2479 45 880 0.120060
3 2251 880 45 0.018809
3 2251 45 1937 0.031582
3 1937 45 2479 0.137297
3 614 2436 2350 0.835669
3 2440 485 2024 0.610621
3 2024 485 296 0.562867
3 296 485 298 0.322776
3 2311 67 2461 0.483438
3 2311 2461 1936 0.387774
3 2311 1936 614 0.671850
3 2350 2311 614 0.648202
3 864 67 2311 0.552109
3 1179 1525 2267 0.144431
3 2267 1525 2461 0.182650
3 1525 1179 1608 0.104424
3 2242 458 1250 0.003761
3 1930 432 2242 0.001048
3 2242 432 458 0.002661
3 458 432 2452 0.008380
3 595 2045 1930 0.002850
3 2045 595 431 0.004549
3 1618 1943 2402 0.010630
3 2205 2322 26 0.047272
3 26 2322 2359 0.041388
3 221 16 2359 0.128643
3 2359 16 2158 0.097713
3 179 16 221 0.205130
3 2209 1771 1765 0.183877
3 1765 1771 1960 0.132864
3 828 1664 1659 0.162636
3 739 1659 1664 0.227603
3 1787 1659 1921 0.348514
3 1921 1659 739 0.422417
3 1921 739 2389 0.304021
3 2423 2178 377 0.313193
3 1106 1756 619 0.564057
3 619 1724 1106 0.194225
3 1106 2178 1756 0.431448
3 2394 941 1749 0.075219
3 282 1381 2108 0.156514
3 1381 282 1724 0.256341
3 2096 200 1636 0.001062
3 2096 1636 2142 0.001409
3 2462 2096 2142 0.001424
3 2096 2462 1225 0.000805
3 2027 951 2474 0.004509
3 2254 2417 2065 0.006179
3 192 2254 547 0.005716
3 192 672 2254 0.005864
3 192 2067 2321 0.002363
3 2362 130 1841 0.003282
3 856 1295 114 0.008109
3 856 114 2030 0.005187
3 448 1295 1188 0.004579
3 1699 1777 1913 0.178621
3 1673 1697 2308 0.050484
3 1345 2114 2438 0.035267
3 2438 2114 1300 0.038932
3 1076 1714 1094 0.541585
3 1714 1076 1883 0.410733
3 1300 853 2438 0.026618
3 1889 1503 1567 0.001777
3 1567 524 1889 0.002396
3 1889 1666 1503 0.005386
3 1358 1058 1775 0.083576
3 1358 1775 1666 0.022414
3 1358 421 1058 0.128458
3 436 188 1252 0.036700
3 1252 540 638 0.029135
3 1611 1252 188 0.011674
3 2251 953 880 0.017824
3 1211 880 953 0.016708
3 653 2163 1388 0.046069
3 656 1124 2436 0.894766
3 1124 1170 2436 0.931250
3 1170 643 2436 0.901356
3 2120 230 2000 0.411748
3 2070 2452 1018 0.023596
3 572 2452 1608 0.027569
3 2045 1880 1757 0.006820
3 2045 1757 1898 0.005703
3 2146 1026 927 0.284194
3 2146 927 1984 0.117514
3 1744 1984 927 0.318459
3 1803 676 1864 0.191719
3 1195 2340 2171 0.077135
3 827 1808 2212 0.902363
3 557 1007 1354 0.851359
3 1354 1007 1533 0.873543
3 1386 557 1354 0.867654
3 557 1892 1007 0.510416
3 2197 1533 1162 0.791809
3 888 1580 1390 0.335830
3 1390 1580 1162 0.326651
3 1390 1007 888 0.514814
3 1892 888 1007 0.419191
3 1162 513 1906 0.251580
3 884 1906 513 0.179733
3 967 2264 2122 0.040955
3 1054 2027 996 0.014038
3 1054 996 1725 0.017705
3 2027 2474 996 0.005343
3 2474 2159 111 0.003019
3 1327 384 1742 0.000318
3 1180 1327 1742 0.000313
3 1327 1180 1443 0.000809
3 1327 1443 52 0.000588
3 2237 315 886 0.000341
3 2237 886 291 0.000363
3 2237 291 455 0.000088
3 315 2237 1443 0.000405
3 2414 294 315 0.000536
3 315 294 886 0.000499
3 291 952 2147 0.000111
3 2147 952 722 0.000124
3 722 952 143 0.000160
3 2362 107 704 0.001203
3 107 1766 2414 0.000346
3 2263 1081 1766 0.001010
3 2343 1766 1081 0.001406
3 2404 2030 2387 0.004633
3 1640 1232 2387 0.001593
3 1232 1640 806 0.000734
3 448 2084 1813 0.002241
3 2084 1015 565 0.002414
3 79 1015 712 0.006680
3 2084 712 1015 0.003413
3 1245 804 1802 0.004633
3 1802 2163 325 0.036589
3 1802 325 1245 0.016134
3 1850 2352 1549 0.033747
3 1829 203 1853 0.533676
3 2369 1853 203 0.462946
3 2369 203 2390 0.348905
3 2390 2120 1366 0.118900
3 2307 743 1143 0.021900
3 2307 1220 743 0.024264
3 743 1202 1143 0.021092
3 1534 1143 1202 0.030214
3 1534 1202 1638 0.025991
3 292 2054 2124 0.050632
3 292 2124 1534 0.058736
3 292 1534 1638 0.036067
3 1898 1757 456 0.006706
3 1638 1898 292 0.025118
3 292 1898 456 0.010012
3 292 456 2054 0.024713
3 1757 1495 456 0.004738
3 456 1495 2054 0.018567
3 1984 1744 95 0.081682
3 2216 1984 95 0.023315
3 647 1291 361 0.054029
3 439 647 361 0.033222
3 198 350 1026 0.164724
3 1026 350 927 0.286488
3 1947 1733 1492 0.379060
3 1216 1492 1733 0.351979
3 840 1808 1146 0.855014
3 2384 840 1146 0.768154
3 2197 320 2148 0.817335
3 2197 2148 1808 0.867081
3 285 1540 1021 0.131234
3 285 1021 31 0.131208
3 31 1621 285 0.082193
3 1540 1593 1021 0.184094
3 1021 2336 31 0.141333
3 1265 981 261 0.002144
3 1265 261 1402 0.002016
3 1402 261 2129 0.002275
3 1402 2129 297 0.003910
3 1402 297 1265 0.004461
3 261 981 1701 0.005395
3 261 1701 2129 0.004558
3 2264 2430 2129 0.022971
3 2129 2430 753 0.010089
3 2434 297 753 0.005801
3 297 2434 413 0.005938
3 2159 1348 1718 0.001048
3 384 2147 1096 0.000256
3 1348 384 1096 0.000367
3 384 1348 1742 0.000491
3 1348 1096 1817 0.000367
3 1096 2147 2213 0.000092
3 1096 2213 1817 0.000196
3 2213 2147 722 0.000136
3 601 2358 724 0.000058
3 1528 952 294 0.000123
3 1528 294 2414 0.000388
3 952 1528 143 0.000080
3 1651 2358 2414 0.000248
3 1876 2457 1723 0.000390
3 2457 1595 2312 0.002011
3 2312 1232 1754 0.000280
3 2312 1595 1232 0.001211
3 1517 1754 1629 0.000589
3 1517 2312 1754 0.000412
3 50 924 371 0.001641
3 371 924 497 0.001239
3 497 342 371 0.001621
3 371 342 1438 0.001804
3 371 1438 2164 0.005241
3 371 2164 50 0.003908
3 50 2164 933 0.002404
3 50 933 924 0.002222
3 924 1517 497 0.000943
3 497 1629 342 0.001037
3 878 2057 1294 0.004043
3 633 266 325 0.021515
3 1583 2058 1514 0.009647
3 1514 2058 1490 0.006201
3 1671 2058 1583 0.010732
3 1850 1549 794 0.014395
3 1366 332 794 0.018609
3 1568 332 1366 0.021255
3 2124 594 2307 0.024171
3 2124 385 594 0.031553
3 2055 2342 759 0.074179
3 759 2342 256 0.052925
3 838 1670 1846 0.012751
3 838 1846 256 0.015270
3 838 256 2342 0.024860
3 256 1846 759 0.055135
3 2055 759 476 0.055972
3 838 367 1670 0.008508
3 1914 476 1846 0.021280
3 2109 1050 1216 0.227688
3 2109 181 1050 0.104630
3 1050 1492 1216 0.210882
3 2041 1051 369 0.447228
3 2008 2041 369 0.330468
3 2008 369 1849 0.409319
3 2364 2008 1849 0.393793
3 1976 2008 2364 0.087003
3 709 1593 1540 0.256013
3 673 2043 2185 0.051113
3 1449 1594 859 0.003753
3 1449 2043 1594 0.009352
3 1158 859 1594 0.001978
3 1817 2213 2399 0.000146
3 2125 1625 466 0.000087
3 2125 466 1622 0.000135
3 2125 1622 2399 0.000179
3 1559 1488 1625 0.000190
3 268 958 169 0.000277
3 169 1199 268 0.000367
3 1257 381 257 0.000378
3 257 381 240 0.000636
3 257 240 883 0.000205
3 240 381 103 0.000747
3 1199 169 1126 0.000646
3 958 268 1069 0.000246
3 1069 1257 257 0.000146
3 1069 257 1351 0.000164
3 1069 1351 958 0.000203
3 1199 1126 2118 0.000847
3 2118 103 381 0.000925
3 2118 381 1257 0.000492
3 2118 1257 1199 0.000430
3 538 1420 775 0.004211
3 775 1420 1294 0.003594
3 538 775 596 0.002811
3 596 1548 657 0.003867
3 1548 596 775 0.002207
3 1671 785 2058 0.012001
3 1490 1726 2468 0.005923
3 1486 2017 2184 0.007243
3 702 2400 1486 0.011695
3 567 1486 2400 0.015832
3 39 2478 2400 0.007581
3 39 2400 702 0.011092
3 39 702 2184 0.010459
3 39 2184 2478 0.007073
3 2233 1788 18 0.162433
3 1788 2405 732 0.128455
3 732 465 1788 0.163918
3 465 732 2446 0.098865
3 2214 2405 1953 0.079848
3 2405 2214 732 0.141027
3 1311 1047 1102 0.001684
3 1449 1102 2445 0.002675
3 859 1311 1449 0.004069
3 2201 1253 644 0.000449
3 644 1253 537 0.000772
3 1933 920 604 0.000464
3 1941 920 1933 0.000240
3 1941 648 2201 0.000287
3 1933 648 1941 0.000214
3 1933 1763 648 0.000185
3 2201 648 1763 0.000221
3 1654 414 2270 0.002180
3 1654 1827 414 0.001512
3 1827 1489 414 0.000476
3 1206 1421 1572 0.005036
3 1572 1974 80 0.004481
3 1572 80 1206 0.004944
3 1617 2241 1901 0.008989
3 1545 1901 2241 0.006458
3 512 1901 2291 0.010210
3 512 1704 1901 0.015437
3 1518 1584 1726 0.006390
3 1518 2058 785 0.007689
3 1494 597 2467 0.025244
3 597 1114 2400 0.012318
3 1949 212 2224 0.024438
3 2224 2437 1282 0.020512
3 2437 2224 212 0.022944
3 1774 1167 286 0.164447
3 1774 1465 1167 0.101551
3 1167 1465 2446 0.067117
3 1283 1774 375 0.187731
3 2214 832 1277 0.082326
3 2214 1277 1167 0.127045
3 2214 1167 2446 0.084838
3 1773 2476 1055 0.014691
3 2476 2082 1055 0.017027
3 720 2151 1587 0.001555
3 537 1253 504 0.000533
3 1521 1587 2151 0.001044
3 504 1253 1639 0.000359
3 1253 1544 1639 0.000338
3 1544 1138 1209 0.000721
3 1544 1209 139 0.000507
3 138 2293 1917 0.000487
3 138 1455 2393 0.002083
3 2293 138 2393 0.001346
3 2293 2393 805 0.001997
3 2034 2333 1369 0.021904
3 2034 1369 1066 0.017989
3 2034 1066 486 0.018415
3 1520 1213 136 0.013770
3 1520 136 2034 0.019220
3 2333 2034 136 0.048285
3 729 293 313 0.008208
3 313 293 368 0.014440
3 313 368 502 0.008985
3 2149 313 502 0.007265
3 502 1038 2149 0.010753
3 2149 729 313 0.005655
3 293 729 1520 0.011343
3 1520 453 293 0.019106
3 293 453 368 0.013219
3 502 368 587 0.009952
3 2149 1038 1365 0.016014
3 360 1565 2470 0.026238
3 1957 2470 1565 0.014768
3 807 2186 1565 0.005660
3 1565 2186 1957 0.008828
3 1957 2186 1484 0.005553
3 1774 1487 1465 0.123547
3 1774 1283 1487 0.128487
3 1487 1647 1465 0.080044
3 2446 1465 1647 0.068710
3 272 451 1940 0.047037
3 272 1940 741 0.027203
3 272 741 1283 0.047982
3 272 1793 451 0.114340
3 488 1539 286 0.200570
3 488 286 1277 0.116251
3 375 1539 1793 0.271111
3 343 472 71 0.127795
3 472 357 605 0.242444
3 357 472 343 0.205663
3 959 1429 343 0.098540
3 73 959 1958 0.057698
3 71 1958 959 0.071990
3 343 1429 357 0.162768
3 605 357 1429 0.178092
3 605 1429 1444 0.136888
3 2202 1200 1429 0.068577
3 2202 959 73 0.042919
3 959 2202 1429 0.058557
3 800 1423 1317 0.029399
3 1317 1773 496 0.011783
3 1317 496 1982 0.010792
3 1317 1982 800 0.007425
3 1773 1317 2202 0.020558
3 1212 309 2381 0.000803
3 1212 2381 1521 0.001058
3 1212 504 1639 0.000377
3 1212 1639 309 0.000395
3 1680 57 1016 0.000503
3 1016 57 1928 0.000677
3 2300 1329 986 0.004901
3 2300 986 1369 0.004464
3 1329 2470 2056 0.009725
3 1213 1163 508 0.012166
3 1213 508 136 0.011370
3 508 1163 1399 0.059246
3 508 1399 437 0.018290
3 136 508 437 0.025871
3 1163 2149 1399 0.024021
3 1399 1029 437 0.014705
3 437 2300 136 0.011212
3 1365 1399 2149 0.024638
3 1365 1029 1399 0.029219
3 1957 2056 2470 0.009576
3 1404 2177 1176 0.002994
3 2186 536 741 0.008288
3 833 857 166 0.023146
3 833 166 1364 0.013983
3 2222 605 1444 0.224051
3 2222 982 605 0.199261
3 2308 671 188 0.022387
3 188 671 1611 0.019820
3 1082 735 685 0.002156
3 735 1082 1174 0.001467
3 2287 1169 703 0.001277
3 703 1169 216 0.000989
3 1567 1039 48 0.000891
3 1567 48 703 0.001175
3 524 703 216 0.001583
3 703 48 2287 0.001276
3 269 1174 1082 0.001416
3 269 1082 1039 0.000963
3 1174 1611 671 0.003656
3 269 35 1174 0.001142
3 269 1039 1503 0.001447
3 269 1503 35 0.001638
3 35 1503 1217 0.002341
3 35 1217 1611 0.002083
3 35 1611 1174 0.001925
3 130 2362 2482 0.002936
3 130 2482 2011 0.006833
3 2365 2139 2481 0.366519
3 2365 2481 1352 0.493133
3 595 1930 2483 0.005208
3 595 2483 1674 0.007251
3 2453 2421 2486 0.978445
3 2453 2486 2281 0.988179
3 2427 824 2484 0.005574
3 2427 2484 1950 0.000613
3 670 1925 2485 0.816666
3 670 2485 1448 0.816459
3 1203 1332 2490 0.000104
3 2178 1710 2489 0.259377
3 2178 2489 1756 0.440957
3 177 2245 2488 0.991385
3 177 2488 1970 0.989690
3 1822 870 2487 0.175128
3 1822 2487 1319 0.167639
