ply
format ascii 1.0
comment Generated by PyMesh
element vertex 5852

property float x
property float y
property float z
property float charge
property float hbond
property float hphob
property float nx
property float ny
property float nz
property uchar red
property uchar green
property uchar blue
element face 11704
property list uchar int vertex_indices
property float predict_score

end_header
53.777 13.635 29.782 -1.66459 -0.79396 -3.5 0 0.530241 -0.351375 230 230 255
33.4205 23.6045 24.6375 -0.0468217 0 3.8 1 0.130106 0.93905 255 5 5
32.142 -8.493 36.4 0.181178 0 -3.9 0 0.36282 -0.929608 13 13 255
27.9535 -0.9395 51.7765 -0.298142 0 -3.2 0 -0.955767 0.0738989 5 5 255
13.8795 26.2765 22.79 -1.50034 -0.371364 -3.5 0 0.423534 0.426238 99 99 254
34.0305 -6.86 45.2685 -1.08872 0 -3.5 0 -0.346236 -0.561341 61 61 255
8.464 -3.939 29.515 -0.15468 0 -3.5 0 -0.124988 -0.389439 26 26 255
10.272 16.567 45.071 -0.463356 -0.0242087 3.8 0 -0.531141 -0.506072 38 38 255
42.668 -4.444 43.794 0.33876 0 -3.9 0 0.710531 -0.301076 7 7 255
45.978 8.989 51.805 -0.513468 0.919223 -3.88287 0 0.121921 -0.824439 1 1 255
25.703 23.585 30.5465 0.931421 0 -3.89027 1 0.74016 0.197192 255 32 32
8.316 1.535 21.272 0.470178 0 -3.5 0 -0.134352 -0.719921 66 66 255
26.486 8.518 25.3325 -0.607966 -0.392176 2.5 0 0.237034 0.850114 219 219 255
48.207 4.246 47.998 -0.953063 -0 -3.5 0 0.531373 0.483468 5 5 255
30.908 15.7802 47.793 -0.0221667 0 -3.9 0 0.775821 0.458702 21 21 255
14.847 -1.483 59.2535 0.899548 0 -3.0121 0 0.748565 -0.643054 113 113 255
27.3025 24.501 29.801 -0.315831 0 4.02482 1 0.223052 -0.236674 255 34 34
36.395 14.163 28.7245 -0.375423 0 3.8 1 0.341659 0.907508 255 35 35
9.2705 1.0345 21.334 0.451368 0.0229875 -3.5 0 -0.200806 -0.670582 96 96 255
42.4125 19.0615 33.4285 0.0459139 0 -1.3 1 -0.601041 0.0927585 255 61 61
35.32 8.9175 19.8515 0.157299 0 -0.9 1 0.987603 0.0368713 255 5 5
43.176 11.948 16.606 0.350414 0 -3.2 1 -0.781393 -0.252433 255 10 10
44.9625 0.1185 20.15 0.234451 0 2.8 0 0.43256 -0.696022 255 233 233
8.654 5.2125 47.891 -0.206695 0 -3.5 0 -0.512048 -0.642613 19 19 255
9.12 29.2005 21.374 2.41852 0 -3.9 0 0.845302 0.447609 87 87 255
3.4245 12.658 15.5485 -1.20163 -0.940474 -3.5 0 -0.906862 0.0225533 20 20 255
49.3715 10.5965 40.076 -0.262306 -0.379026 -2.38726 0 0.861627 -0.291821 186 186 255
7.7045 23.493 19.476 -0.0860691 0 3.8 0 0.346449 0.469234 24 24 255
17.901 32.6875 26.898 -0.0685856 0 -3.9 0 0.079961 0.959327 8 8 255
32.321 17.32 28.2705 0.532756 0 3.8 1 0.797162 0.371667 255 10 10
43.005 -2.0725 29.63 -0.0907432 0.0275037 -0.7 0 0.95458 0.216291 96 96 255
7.256 15.772 13.951 0.549411 0.743051 -0.7 0 -0.464907 -0.0465487 10 10 255
41.4535 17.175 31.493 0.0682378 0 -1.3 1 -0.98921 -0.136335 255 33 33
6.804 17.45 47.6465 -1.44887 -0.117709 -3.5 0 0.622295 -0.652306 41 41 255
-3.292 10.3285 38.3375 -0.0764298 0 -3.5 0 -0.48279 -0.0979326 14 14 255
38.9935 -7.7095 43.392 -0.169413 0 -3.9 0 0.463694 -0.839734 121 121 254
51.8795 -0.3085 32.3115 -0.881486 -0.434453 -0.7 0 0.412376 0.291303 120 120 255
0.3205 15.1135 33.2815 -0.667848 0 -1.95714 0 -0.107158 0.976467 1 1 255
47.995 17.869 32.773 -0.0840329 0 -3.9 1 -0.191705 0.482856 255 45 45
26.814 12.457 37.5235 0.652595 0 4.2 0 -0.273227 0.959185 200 200 255
-3.2565 6.762 31.052 -0.111797 0 -0.845041 0 -0.95535 0.0403453 7 7 255
36.3405 -6.326 46.945 -0.134156 0 -3.5 0 0.00773488 -0.980638 26 26 255
22.0015 25.496 34.1355 0.371225 0.0140946 -3.2 0 -0.591836 -0.788422 126 126 255
5.745 24.425 41.81 0.523277 0 -3.9 0 -0.752419 0.268671 0 0 255
51.32 16.5805 21.9565 0.429223 0 -4.5 0 0.80075 0.587868 255 225 225
26.6165 11.6755 31.03 0.361721 -0.567006 -1.3 0 -0.828503 0.558356 255 209 209
-1.932 4.827 29.547 -0.804363 -0.64948 -0.4 0 -0.728655 -0.676294 0 0 255
39.275 -2.64 51.3345 -1.46533 -0.38234 -3.5 0 0.854527 -0.256946 14 14 255
-1.3025 19.398 34.662 -1.2604 0 -3.9 0 -0.300901 -0.953654 26 26 255
45.835 2.9175 18.877 0.684 0.698677 2.8 1 -0.175127 -0.634268 255 38 38
25.398 21.055 20.1735 -0.116394 0 4.5 0 -0.341833 0.571248 255 95 95
0.012 1.172 36.589 -0.530636 0 4.5 0 -0.891826 0.259167 19 19 255
45.279 15.849 46.5565 -0.622322 0 -3.5 0 -0.0103788 0.675474 232 232 255
41.083 15.5835 29.8145 -0.302678 0 -1.3 1 -0.655885 0.739264 255 30 30
34.3025 9.3695 58.771 -1.10218 0 -3.5 0 0.988812 0.0846269 1 1 255
13.103 2.771 56.8195 -0.0534879 0 -1.6 0 -0.905069 0.187761 86 86 255
15.216 -1.5725 53.281 -1.48823 -0.0105038 -3.9 0 -0.227889 -0.88625 67 67 255
2.477 1.495 22.472 0.809612 0 -3.9 0 -0.551404 -0.663686 98 98 255
22.711 16.899 34.197 0.398866 -0.999745 -0.8 0 0.132713 0.0363527 254 254 255
19.6905 -2.0985 37.0715 -1.59322 0 -3.5 0 -0.878906 0.335182 12 12 255
43.004 7.866 53.862 -0.00188454 0 -1.3 0 0.829807 -0.553335 1 1 255
44.666 20.89 30.894 -0.442979 0 -1.3 1 -0.143 0.505024 255 121 121
54.094 11.2795 44.411 1.39666 0.481567 -3.9 0 0.0931458 -0.744478 2 2 255
0.263 16.166 38.55 -0.898627 -0 4.2 0 -0.679643 0.111935 19 19 255
4.7935 -4.546 33.1765 -0.435116 -0.175106 -3.5 0 -0.315487 -0.854981 31 31 255
23.8285 14.7615 38.4845 1.43772 0.608676 -0.7 0 0.839062 0.347344 147 147 255
28.596 -2.16 23.625 0.450072 0 -3.9 0 -0.184783 -0.97928 139 139 255
46.711 4.827 37.529 -0.129132 0.0594008 -2.52679 0 0.911791 0.179862 200 200 255
52.441 18.5875 28.8515 0.193365 0 -3.9 1 0.0318308 0.344437 255 83 83
22.393 12.3185 32.209 0.73424 -0.0122421 -0.8 0 0.503616 -0.863574 94 94 255
11.74 3.68 58.178 -1.39591 -0.192302 4.5 0 -0.59756 0.160946 103 103 255
46.283 15.709 55.493 1.11309 0.757322 -3.9 0 0.261968 0.941487 1 1 255
39.583 -4.711 29.6975 -0.181608 0 -0.7 0 -0.894227 -0.420476 7 7 255
18.186 13.616 10.57 0.344113 0 -3.5 0 0.594572 -0.77408 128 128 255
6.4575 24.9105 45.3115 0.0693171 0 -3.9 0 -0.322214 0.315444 0 0 255
40.003 7.864 24.0555 -1.13271 -0.0192353 -3.5 1 -0.500439 0.205038 255 5 5
34.136 11.0765 23.14 0.293034 -0.490885 -2.15023 1 0.618536 -0.778509 255 49 49
20.283 13.81 42.363 0.561168 -0.901141 -0.7 0 -0.0253544 0.777879 33 33 255
22.676 10.566 14.895 -0.386116 0 1.9 0 -0.0854307 0.36997 174 174 255
24.4645 4.5875 27.632 0.892482 0.204381 -3.9 0 0.462655 -0.874695 37 37 255
49.979 0.92525 39.9175 3.93257 0 -3.9 0 0.516167 -0.222898 56 56 255
47.0498 14.0478 56.6485 3.75701 0 -3.9 0 0.748079 0.284069 0 0 255
31.8195 -6.1725 42.353 -0.310321 0 -3.5 0 -0.811051 -0.460272 22 22 255
15.393 22.337 17.354 -0.59341 0 -3.2 0 -0.621918 0.730424 84 84 255
2.095 15.601 21.517 0.21359 0 -3.9 0 -0.0404457 -0.918632 4 4 255
13.6595 29.5515 31.6405 0.189458 0.131571 -3.9 0 -0.63668 0.333486 14 14 255
37.006 10.1465 54.6995 -0.359325 -0.0113951 -1.48706 0 -0.469385 0.717454 1 1 255
13.1105 7.3255 52.526 0.49304 0 -3.9 0 0.131592 0.749213 87 87 255
1.522 18.795 25.866 -0.65097 -0.734493 1.9 0 -0.770907 0.341944 10 10 255
30.732 1.531 54.168 -1.20304 0 -3.5 0 -0.834975 0.23636 1 1 255
50.087 -3.276 29.7705 -0.633981 0 -0.7 0 -0.203816 -0.580698 62 62 255
-4.406 4.739 32.545 -0.0299241 0 -0.9 0 -0.918701 -0.349427 3 3 255
30.791 3.263 16.4645 0.401809 0.537452 -4.5 0 0.243458 -0.252039 255 75 75
43.749 11.8125 20.5445 -0.164985 0 2.49695 1 -0.642808 -0.667985 255 11 11
57.437 1.1465 22.959 -1.18096 -0.521551 -3.5 0 0.920492 0.3171 3 3 255
3.4765 0.3 41.147 -0.635926 0 -2.32729 0 -0.943546 -0.297611 255 242 242
25.925 -6.5055 43.97 -0.089691 0.450145 -3.5 0 -0.346293 -0.452701 4 4 255
44.263 0.0975 41.3765 -0.175656 0 -3.23337 0 0.445288 -0.38344 23 23 255
19.113 -4.134 38.375 -1.25993 0 -3.5 0 -0.606856 -0.794812 7 7 255
3.723 16.2175 43.373 -0.087882 0 -4.5 0 -0.278813 -0.211659 2 2 255
35.367 -2.514 32.2705 -0.447211 0 -0.668703 0 0.40891 -0.388957 6 6 255
53.742 13.1585 35.3285 -0.922337 -0.421049 -3.5 0 0.689116 0.109318 139 139 255
7.919 12.251 15.748 -0.846102 -0 -3.5 0 -0.125922 -0.778887 39 39 255
52.8915 0.8645 27.032 -0.279039 0 1.00232 0 0.817631 0.567314 28 28 255
5.6605 4.099 17.257 0.0469915 0 4.5 0 -0.560711 -0.393261 75 75 255
24.4355 -0.231 50.8105 -1.27064 0 -3.5 0 0.835598 -0.301274 3 3 255
33.803 -6.122 24.674 -0.495738 0 -3.5 0 0.0852135 -0.510976 10 10 255
9.3785 0.3485 22.096 0.743978 0.685359 -3.5 0 -0.0645357 -0.959155 117 117 255
2.2885 7.4995 20.493 -0.595697 -0.00813412 -1.3 0 -0.12596 0.455165 10 10 255
36.161 -5.388 25.764 -0.331813 0 -3.5 0 0.909928 -0.414693 13 13 255
4.0905 12.6005 14.7675 -1.2388 -0.205494 -3.5 0 -0.422197 0.116946 27 27 255
17.5065 4.0615 52.656 -0.697993 -0.176622 -2.7532 0 0.784481 -0.434176 41 41 255
31.741 12.192 20.875 -0.00516745 0 -0.9 0 0.461039 0.855005 172 172 255
10.1425 0.012 47.732 -0.764587 -0.665804 -0.7 0 -0.0373335 -0.370046 146 146 255
44.01 7.9095 19.0345 -0.925713 0 -3.2 1 -0.931552 -0.0643681 255 6 6
41.7245 16.503 47.3105 -0.276956 0 -3.5 0 0.0103986 0.918987 255 181 181
15.6325 -2.416 62.639 -0.924504 0 -3.2 0 0.263549 -0.959156 77 77 255
26.1705 7.957 26.976 0.558475 0 1.23745 0 0.354491 0.933194 177 177 255
26.477 32.565 29.37 -1.63467 0.0552214 -3.5 0 0.903272 0.406712 255 170 170
13.3065 -0.5375 26.2 -1.59081 -0.246009 -3.5 0 0.462189 -0.692962 47 47 255
1.189 -1.142 30.654 -0.221893 0 1.9 0 -0.022774 -0.879878 29 29 255
42.12 -3.088 41.834 -0.496063 0 -1.3 0 0.687456 -0.672372 17 17 255
21.6355 4.046 55.057 -1.70661 -0.0757985 -3.5 0 -0.326034 -0.674119 16 16 255
5.28 0.528 45.048 -0.250472 0 -0.7 0 -0.882078 -0.454458 46 46 255
51.1065 16.364 34.398 0.72942 0.26136 -3.9 0 0.429057 0.557023 255 130 130
7.3765 20.6285 46.5835 -1.2035 0 -3.5 0 0.629772 0.538238 1 1 255
48.4195 2.4015 45.478 -0.165783 0 -3.5 0 0.42063 0.0924489 14 14 255
19.4585 0.502 20.753 -1.00993 -0.115769 1.8 0 -0.163237 -0.811857 40 40 255
33.595 -10.475 41.39 -1.04239 -0.616962 -3.5 0 -0.569154 -0.743773 34 34 255
10.2505 22.2205 20.492 -0.287291 0 2.8 0 -0.0898528 0.608669 79 79 255
-4.769 14.386 29.657 -0.382561 0 -4.5 0 -0.587096 -0.644914 3 3 255
24.2925 21.585 23.6765 -0.0993996 0 1.8 0 0.398129 0.11726 255 98 98
31.267 16.012 45.299 -1.92527e-05 0 -3.9 0 0.812397 0.571917 81 81 255
47.8628 6.985 43.308 -0.612734 0 -0.9 0 0.439429 -0.897617 17 17 255
25.105 -4.41625 34.506 -1.8174 -0.443792 -3.5 0 -0.83448 -0.163015 14 14 255
0.14575 21.6733 26.9207 0.593974 0 -4.5 0 -0.30334 0.315829 50 50 255
14.425 0.792 64.432 -0.204807 0 -3.2 0 -0.0857912 0.704071 28 28 255
21.6825 30.4755 33.924 -0.254094 0 -3.2 0 -0.100392 0.876451 80 80 254
30.283 16.1365 44.1075 0.276784 0 -3.9 0 0.362009 -0.0272768 72 72 255
37.181 11.7463 48.7993 -1.62421 -0.0290717 -1.3 0 -0.442863 0.89479 126 126 255
25.9627 4.896 16.491 0.666628 0 -3.5 0 0.534038 -0.509817 241 241 255
16.3843 -0.304375 30.0549 -1.59876 0 -3.5 0 -0.614878 -0.656318 205 205 255
46.4405 7.887 38.3088 0.351683 0.835039 -0.9 0 0.830561 0.242187 255 69 69
5.57475 12.6152 19.4692 -0.140238 0 -3.5 0 -0.498365 -0.866587 26 26 255
14.616 9.9505 15.681 0.012774 0 -0.7 0 0.450209 -0.449885 106 106 255
3.50375 14.9087 21.221 -1.32329 -0.177895 -3.5 0 -0.709823 -0.688991 9 9 255
25.3328 9.5065 12.7995 0.140013 0 3.8 0 -0.726166 -0.285454 126 126 255
52.82 13.4338 23.266 0.23896 0 -4.5 0 0.90644 0.349226 255 233 233
44.754 -2.943 42.503 -1.24992 -0.975325 -3.5 0 -0.1792 -0.960692 13 13 255
4.76675 24.7092 22.094 -0.0214815 0 -3.9 0 -0.922228 -0.227428 52 52 255
33.413 11.2373 17.8215 0.310934 0 -0.9 0 0.652932 0.657232 255 159 159
3.407 18.268 15.238 1.54107 0.793939 -3.9 0 0.329731 -0.355649 9 9 255
25.3773 1.72275 49.8805 -0.145955 0 -3.5 0 0.747631 -0.611069 3 3 255
7.282 -1.25025 42.1312 -0.445782 0 -3.5 0 0.391273 -0.749875 72 72 254
26.2388 18.6558 29.062 0.354508 0 1.8 1 0.116225 0.00703494 255 20 20
55.249 18.0572 29.2682 0.688894 0 -3.9 0 0.5118 0.189936 255 121 121
45.3815 14.9265 34.3455 -0.293886 0 4.5 1 0.0353635 0.989831 255 21 21
17.6695 4.59775 53.4885 -0.433432 0 -3.8752 0 0.668259 -0.713603 53 53 255
26.4455 23.8178 29.8827 0.349501 0 4.2 1 0.374581 0.0435146 255 26 26
25.1405 10.009 23.91 0.0765125 -0.292406 2.5 0 0.505236 0.335001 218 218 255
38.4215 12.592 35.467 -0.466672 -0.0173219 -3.5 1 0.321188 0.87399 255 2 2
52.9717 6.99175 28.693 -0.366538 0 -0.8 0 0.637771 -0.526861 46 46 255
0.161875 17.9599 23.458 -0.117367 0 -3.9 0 -0.751104 0.580693 4 4 255
37.336 10.925 54.08 -0.0341076 0 -1.3 0 -0.563314 0.560536 2 2 255
39.7363 -3.67025 48.2257 0.855615 0.65988 -3.9 0 0.633328 0.0245805 7 7 255
6.6035 4.364 16.9198 -0.00232594 0 4.5 0 -0.214156 -0.0723907 71 71 255
-1.021 3.73 21.9935 0.16927 0 4.5 0 -0.677236 -0.25146 5 5 255
38.3537 -6.19275 35.8288 -1.17915 0 -1.3 0 0.0861301 -0.677375 35 35 255
3.60025 2.46925 40.1642 -0.234515 0 4.5 0 -0.693312 0.252482 42 42 255
31.4653 -3.54325 29.451 -0.0534556 0 -1.3 0 -0.105103 -0.984773 22 22 255
38.0745 15.4265 48.7425 -1.64494 -0.604639 -3.5 0 -0.890867 0.291231 255 183 183
48.4955 1.66825 27.6768 -0.101997 0 4.2 0 -0.768006 -0.422938 88 88 255
30.8415 17.4125 23.1255 0.983847 0.729946 -0.4 0 0.217272 -0.654697 255 6 6
11.1637 -3.47738 34.8474 -0.152322 0 1.8 0 -0.0245102 -0.969398 140 140 255
31.2127 13.7907 44.9875 -0.0841512 0 -1.2326 0 -0.000164391 -0.392575 106 106 255
-0.645 25.4655 33.9405 -1.29146 -0.0326932 -3.5 0 -0.159189 0.904971 128 128 255
32.8645 14.669 41.4847 -0.627273 -0.00589691 -1.3 0 -0.953362 0.292452 202 202 255
-0.5035 4.4675 38.3015 0.142412 0 -3.9 0 -0.284988 -0.83452 4 4 255
37.7485 -2.3315 29.0645 -1.28444 -0.133459 4.5 0 -0.592732 -0.748324 8 8 255
11.273 15.9338 46.8503 -0.114195 0 3.8 0 -0.943269 -0.305098 87 87 255
16.3673 22.7292 16.9417 -0.148428 0 -3.2 0 -0.150817 0.935069 105 105 255
9.274 17.4097 13.569 0.759152 0 -3.5 0 -0.543289 -0.278334 16 16 255
5.623 -3.33125 31.1232 -0.403572 -0.0642997 -3.5 0 -0.686426 -0.475183 18 18 255
27.655 20.803 30.281 0.217158 0 4.2 1 -0.0993142 -0.458666 255 11 11
21.84 8.382 56.435 -0.00325153 0 -3.5 0 -0.176346 -0.54346 12 12 255
5.9175 11.5625 20.742 0.201834 0 2.17882 0 -0.712512 -0.449739 28 28 255
-4.0585 22.684 31.1665 -0.151998 0 -3.5 0 -0.761308 0.262692 64 64 255
-1.00475 3.23975 28.4538 -1.17023 0 -0.4 0 -0.961846 -0.267089 1 1 255
39.245 12.5848 39.641 -0.144743 0 4.5 1 0.0834569 0.975113 255 13 13
-1.953 14.447 22.152 1.69841 0.123539 -3.9 0 -0.485243 0.0954898 0 0 255
52.5385 6.2425 27.471 -1.11316 -0.549676 -0.8 0 0.678613 -0.640584 27 27 255
51.076 -2.785 23.5635 0.686126 0.655028 -3.5 0 0.454012 -0.583888 23 23 255
54.8693 13.9073 41.8993 1.35638 0.66633 -3.9 0 0.509242 0.523856 2 2 255
53.3765 19.1903 29.5931 0.633346 0 -3.9 1 0.124588 0.725299 255 91 91
53.9523 19.5079 31.6726 0.990898 0 -3.9 1 0.258855 0.888639 255 131 131
5.28475 15.0238 42.9591 -0.337088 0 -4.5 0 0.197793 -0.349561 4 4 255
16.7965 18.601 14.0597 0.795809 0.568217 -3.5 0 0.232347 0.83443 6 6 255
5.683 -4.96 33.4412 -0.0942695 0 -3.5 0 -0.198111 -0.974774 54 54 255
8.089 7.5795 48.5265 -0.193538 0 -3.5 0 -0.611701 0.349101 39 39 255
3.836 -4.9745 34.5895 -1.14028 -0.135554 -3.5 0 -0.249641 -0.968333 56 56 255
49.2363 5.2235 21.2302 -0.807351 -0.0082023 -3.5 0 0.933333 0.285555 73 73 255
6.6715 26.85 44.408 1.62337 0.405075 -3.9 0 -0.75607 0.510319 1 1 255
46.9165 15.203 54.352 -0.263008 -0.204619 -3.52698 0 0.719333 0.668436 3 3 255
-2.8295 10.1018 22.1667 -1.20136 0 -3.5 0 0.150664 -0.123595 0 0 255
40.832 -4.19825 27.1178 -0.832708 -0.986809 -0.7 0 -0.652213 -0.251048 24 24 255
19.5895 15.2295 12.8735 0.31501 0 -4.00749 0 0.808361 0.223209 97 97 255
30.012 11.028 53.2185 -0.419957 0 3.51903 0 0.301367 0.910549 22 22 255
-2.6035 22.6865 35.7503 -0.395149 0 -3.9 0 -0.863727 0.498243 128 128 255
0.9845 25.5508 27.9438 -0.0365026 0 3.8 0 -0.591658 0.359143 33 33 255
49.772 10.139 44.7645 -0.529605 0 -0.9 0 0.905605 -0.212193 14 14 255
37.661 11.4718 38.812 -0.0303839 0 4.5 1 0.213625 0.902237 255 17 17
27.914 -0.997 28.006 0.625871 0 1.8 0 -0.860404 0.476847 169 169 255
26.6742 23.9312 23.1885 -0.0540227 0 3.8 0 -0.722506 0.0777371 255 176 176
43.3695 9.5725 55.1305 -0.0385768 0 -1.3 0 0.695951 -0.418124 1 1 255
8.696 1.569 48.056 -0.181975 0 -0.7 0 -0.365277 0.0986593 79 79 255
0.649 6.4 40.833 0.0323685 0 -3.9 0 -0.263347 -0.329025 2 2 255
6.203 23.1887 15.694 0.182178 0 -3.2 0 -0.182623 0.905815 12 12 255
32.7293 -2.1015 53.379 -0.281972 0 -3.2 0 0.706073 -0.10419 1 1 255
48.0855 0.1335 23.586 -1.09314 -0.109146 -1.6 0 -0.752058 -0.65339 58 58 255
42.6981 12.5496 41.989 -0.248565 0 4.2 0 -0.601474 0.79789 255 47 47
30.689 18.5085 22.683 0.735771 0 -0.4 0 0.391194 -0.180185 255 4 4
4.372 17.199 44.952 -0.0918044 0 -3.5 0 -0.752314 -0.633314 4 4 255
25.798 0.6695 24.521 3.33856 0 -3.9 0 -0.9672 0.0726413 186 186 255
27.2318 20.8118 22.697 -0.179047 0 -0.4 0 -0.837363 0.281063 255 24 24
11.5662 -3.4995 59.9275 -0.0713347 0 3.8 0 0.0135334 -0.586672 190 190 255
43.2368 15.8062 32.3223 -0.041196 0 -1.3 1 -0.571732 -0.359235 255 13 13
12.9775 6.19075 61.9753 -1.54507 -0.899259 4.5 0 0.18555 0.86275 39 39 255
43.7713 14.0127 55.9355 0.455266 0 -3.9 0 -0.684647 0.487399 11 11 255
13.6195 22.0387 43.2998 0.263451 0 -3.5 0 0.984334 0.172108 12 12 255
37.8133 8.84025 25.8822 0.391806 0 -1.37959 1 -0.502802 -0.209013 255 3 3
15.3687 -1.95725 60.485 0.100847 0 -3.2 0 0.623614 -0.627188 104 104 255
17.454 14.178 49.3475 0.972693 0.899913 -4.5 0 -0.41971 0.132809 105 105 255
50.4535 9.311 41.7535 0.124862 0 -0.9 0 0.868531 -0.194197 24 24 255
2.0575 21.604 37.638 0.056411 0 -3.9 0 0.407401 0.325414 13 13 255
53.3568 13.1995 24.24 0.931099 0.028256 -4.5 0 0.76488 0.530174 255 182 182
27.836 20.2852 45.8825 1.42925 0.00783129 -3.9 0 -0.265349 0.779432 21 21 255
50.49 0.384 37.677 1.32623 0.174302 -3.9 0 0.866608 -0.309153 65 65 255
35.6572 13.5365 45.7885 -0.217474 0 -1.3 0 0.415865 0.602395 255 99 99
2.054 28.2695 29.891 -0.115595 0 3.8 0 0.026149 0.982531 137 137 255
-1.15 12.4505 29.1655 -0.581368 0 -3.5 0 -0.354577 -0.735013 2 2 255
22.7515 12.613 31.08 1.28002 0 -0.8 0 0.412272 -0.88053 114 114 255
49.737 4.71825 20.2498 -0.465342 0 -3.5 0 0.969451 0.0592867 81 81 255
18.9465 7.32275 55.837 0.0504187 0 -3.5 0 -0.37096 -0.138581 25 25 255
45.5672 17.2897 48.8877 -0.134745 0 -3.5 0 -0.258521 0.894678 165 165 255
33.8481 18.4034 23.8044 0.435094 0 3.8 1 0.626783 -0.614079 255 4 4
1.01075 -0.74775 29.5322 -0.673688 0 1.78022 0 -0.027605 -0.999194 31 31 255
24.1472 17.2768 32.888 0.339419 0 -0.8 0 0.862749 0.450245 255 172 172
12.3193 28.092 22.997 -0.640421 0 -3.5 0 0.316313 0.690147 43 43 255
49.2965 -5.00675 28.307 -0.317733 0 -3.5 0 0.323787 -0.5215 52 52 255
23.847 26.419 34.066 -0.143214 0 -3.2 1 0.821708 -0.561544 219 219 255
25.3191 32.5605 27.3904 -2.11769 -0.334419 -3.5 0 0.374296 0.609184 255 228 228
7.91475 26.0888 41.1908 1.14912 0 -3.9 0 0.0923417 0.429021 1 1 255
43.3978 -0.07675 40.4437 -0.00313744 0 -1.3 0 0.770555 -0.111039 27 27 255
38.6105 -3.9175 21.0828 0.741494 0 -4.5 0 -0.246795 -0.948356 104 104 255
31.7935 18.9405 29.4107 0.0317223 0 4.17193 1 0.835852 -0.160724 255 7 7
49.6175 -0.5415 22.972 -0.33602 -0.541832 -2.39075 0 -0.377082 -0.550265 28 28 255
24.446 7.35975 30.4748 2.4149 0.497051 -3.9 0 -0.915828 0.387871 129 129 255
13.2872 25.6103 45.1732 -1.46798 -0.215606 -3.5 0 0.600305 0.558322 1 1 255
31.269 12.495 34.939 0.226055 0 -1.3 1 -0.380454 0.75941 255 68 68
26.476 19.525 42.7067 2.30364 0.282967 -3.9 0 -0.531098 0.0925721 49 49 255
29.6647 14.5852 17.6815 0.301087 0 -0.9 1 0.691829 0.664868 255 48 48
9.9445 -4.8335 39.3145 -1.5374 -0.0133468 -3.5 0 0.280543 -0.901968 38 38 255
-1.015 25.965 36.9045 1.20053 0 -3.9 0 -0.1033 0.846181 116 116 255
4.1955 1.7955 42.406 -1.38397 -0.80257 -3.5 0 -0.764732 0.521735 80 80 255
25.1768 6.79275 34.4755 1.79494 0.00338904 -4.5 0 0.00494686 0.891911 181 181 255
9.937 23.381 38.759 -0.892409 -0.379953 -0.4 0 0.11608 0.954525 2 2 255
28.9858 7.21975 53.4378 -0.148164 0 3.8 0 -0.199999 -0.693748 7 7 255
42.151 1.349 28.084 0.210666 0 4.5 0 0.933115 -0.317188 155 155 255
36.1905 3.2685 21.5155 0.221536 0 4.5 1 0.249348 0.104083 255 40 40
-4.278 6.728 26.917 -1.19544 -0 -3.5 0 -0.897161 -0.268792 0 0 255
25.5295 17.16 43.8408 0.954741 0.195264 -3.68845 0 -0.258989 0.354457 56 56 255
36.0973 13.0465 35.69 -0.433969 -0.0460597 -3.34117 1 0.0307045 0.994815 255 8 8
28.1035 12.6123 28.3785 0.735284 0 3.8 0 -0.814188 -0.352528 255 199 199
30.6185 0.109 19.846 0.499389 0.744351 -4.5 0 0.21271 -0.902587 255 229 229
46.9795 6.90575 16.6068 0.289587 0 -3.5 1 -0.428853 0.196963 255 42 42
33.215 -3.9365 28.7377 -0.457072 0 -1.43892 0 0.166236 -0.734067 19 19 255
14.7703 27.6905 35.3005 -0.695736 -0.0566166 -0.4 0 -0.175723 -0.501807 51 51 255
15.1475 2.7185 17.853 0.143519 0 -1.6 0 0.0261774 -0.634563 104 104 255
3.384 27.195 25.302 0.0598358 0 -3.9 0 -0.943857 0.188992 244 244 255
48.371 16.4165 48.552 -0.45672 0 -3.5 0 0.813785 0.568224 21 21 255
12.8945 4.08925 53.9562 -0.0161346 0 -3.8413 0 -0.444267 0.254796 53 53 255
5.89025 -0.051 44.383 -0.276844 0 -0.7 0 -0.593101 -0.797807 47 47 255
11.4277 -0.039 22.0615 -0.220255 0 -3.5 0 -0.0441169 -0.923073 73 73 255
26.7013 -1.48425 46.1592 -0.453358 0 4.2 0 -0.690261 -0.359805 3 3 255
34.0635 15.5402 44.4762 -0.0719959 0 -1.3 0 -0.0483795 0.760785 255 226 226
43.3355 14.3835 17.788 -0.191842 0.133372 -3.2 0 -0.918061 0.343206 255 10 10
-0.21375 15.5822 31.4155 -0.745543 0 -3.69107 0 -0.136354 0.516063 2 2 255
32.595 12.47 22.1985 0.319039 0 -3.5 0 -0.206034 0.649216 255 219 219
39.8635 -5.8865 34.0585 -1.26914 -0.157669 4.5 0 -0.207467 -0.950144 23 23 255
-0.5485 -4.333 35.964 0.163011 0.0961231 -3.5 0 0.278161 -0.145173 38 38 255
9.286 23.4285 37.5095 -1.06485 -0.120204 -0.104871 0 -0.0468631 0.977613 3 3 255
46.921 -3.11087 27.4074 -1.15163 -0.00949523 -3.5 0 -0.611035 0.56278 123 123 254
39.029 7.829 24.846 -0.84581 -0.652849 -3.5 1 -0.5938 0.0338347 255 3 3
4.7255 -2.30375 41.303 0.118161 0.150685 -3.5 0 -0.731041 -0.664989 137 137 255
14.164 -0.149 23.253 -1.45974 -0.0828795 -3.5 0 0.33668 -0.779602 48 48 255
8.703 29.705 30.064 -1.89574 -0.41929 -3.5 0 0.231587 0.957423 164 164 255
13.4096 -2.05137 63.7986 -0.832317 0 -3.2 0 -0.1732 -0.895102 75 75 255
31.815 15.1458 47.0493 -0.645948 -0.979417 -0.7 0 0.522499 0.771762 64 64 255
22.167 32.628 28.206 -0.441482 0 -3.5 0 -0.224026 0.657439 50 50 255
44.6772 15.4777 16.93 -0.219414 0.121072 -3.2 0 -0.266855 0.879579 255 15 15
23.914 13.8775 33.6075 0.79958 0 -0.8 0 0.555847 -0.494096 122 122 255
12.066 4.808 62.458 -1.7845 -0.952696 4.5 0 -0.39479 0.254129 28 28 255
27.6445 25.4254 30.2372 -0.0583051 0 -3.5 1 0.566392 -0.359127 255 40 40
7.64325 29.716 29.5365 -0.763949 0 -3.25855 0 -0.277475 0.877371 169 169 255
47.0103 16.4842 23.7175 0.729734 0.717502 -4.5 1 -0.290553 0.901453 255 26 26
-4.033 8.046 33.0978 -0.30305 0.0153056 -0.9 0 -0.939926 0.150704 13 13 255
27.3495 -7.1275 35.648 -1.46405 -0.762494 -3.5 0 -0.267633 -0.83741 17 17 255
20.6941 30.7686 33.674 -1.41979 -0.113486 -3.2 0 -0.0722032 0.77393 65 65 255
-3.0785 24.551 37.419 0.085801 0 -3.9 0 -0.983562 0.179813 74 74 254
-0.9655 19.677 17.249 0.191651 0 -3.9 0 -0.960076 0.254993 5 5 255
26.3635 -1.159 23.8775 1.63001 0.568475 -3.9 0 -0.52888 -0.795728 215 215 255
22.134 21.4845 34.4325 0.48932 0.0353603 -3.9 0 -0.0258593 0.142735 252 252 255
8.12875 -1.79 29.3717 -1.05479 0 -3.00432 0 0.211788 -0.312614 20 20 255
0.06075 12.5025 40.3955 0.194701 0 -4.5 0 -0.90847 -0.113469 2 2 255
43.3713 5.24225 20.8687 0.297823 0 2.8 1 -0.436715 0.701942 255 14 14
28.4972 -0.76725 49.3522 0.0275745 0.624032 -2.95517 0 -0.864643 -0.495133 6 6 255
24.5278 31.9552 26.5163 -1.57506 -0.546057 -3.5 0 0.0225584 0.544424 248 248 255
8.178 22.4002 15.6858 -1.12664 0 -3.2 0 0.493691 0.560587 39 39 255
3.6045 -1.72025 38.8138 -0.0474855 0 -2.79761 0 -0.425203 -0.326173 92 92 255
18.8485 24.914 21.621 -0.725203 -0.0444406 3.64126 0 0.126652 0.757475 69 69 255
4.1425 5.29825 18.7873 0.180283 0.0248825 4.1732 0 -0.767256 0.130526 73 73 255
18.6255 9.8575 53.214 -0.118268 -0.316116 -3.34436 0 -0.773279 0.602351 53 53 255
-1.205 0.112 30.768 -0.6338 0 -1.6 0 -0.976366 -0.0262269 12 12 255
46.2 16.2155 36.948 -0.115782 0 4.5 1 -0.03899 0.984314 255 31 31
28.9465 11.7583 28.4357 0.77766 0 3.8 0 -0.454773 -0.463177 255 205 205
52.2692 6.23225 28.4408 -0.925925 0 -0.8 0 0.824525 -0.509661 42 42 255
31.2038 -7.3955 39.0812 -0.0974152 0 -3.9 0 -0.736647 -0.501178 12 12 255
-4.146 12.143 35.4355 -0.930658 -0.63187 -3.5 0 -0.39729 0.909387 8 8 255
34.3325 8.5515 18.0315 0.291573 0 -0.9 1 0.505996 -0.145612 255 28 28
4.0875 -0.30475 42.575 -1.11522 -0.875543 -3.5 0 -0.806267 -0.370142 219 219 255
28.9245 -6.146 36.602 -0.797824 0 -3.9 0 -0.343199 -0.262623 26 26 255
21.6647 19.4295 48.136 0.605506 0 -1.6 0 0.0468781 0.975516 12 12 255
20.9722 10.9738 55.7552 -0.767831 -0.395787 -3.5 0 -0.820757 0.308956 17 17 255
45.334 0.0675 41.6005 -0.291069 0 -3.5 0 0.271825 -0.236695 21 21 255
14.0437 -0.90875 40.3503 -0.0167984 0 -3.9 0 0.901607 -0.401486 37 37 255
20.1905 9.643 55.791 -0.479171 0.693863 -3.5 0 -0.427792 0.398948 29 29 255
28.2625 18.74 18.488 -0.0841867 0 4.5 1 0.961681 0.0644057 255 16 16
3.97575 28.051 22.8347 0.105635 0 -3.9 0 -0.917499 0.304512 164 164 255
21.415 22.754 18.851 0.075448 0.000960252 -3.18307 0 0.66458 0.743137 255 225 225
43.585 15.0335 45.6425 -1.15692 -0.236706 -3.5 0 -0.305789 0.457011 255 142 142
-0.48375 16.4555 21.5195 -0.203724 0 -3.9 0 -0.972521 0.0747074 2 2 255
30.5185 24.579 28.1595 0.00692872 0 4.2 1 0.243646 0.96571 255 4 4
21.591 28.1405 37.134 -0.0219977 0 -3.2 0 -0.878348 0.098159 47 47 255
40.0299 11.2502 55.4285 -0.394561 0 -1.3 0 0.219053 0.925093 6 6 255
12.9117 -2.50225 62.2173 -0.193757 0 -3.2 0 -0.0116071 -0.980604 71 71 255
40.3198 1.042 49.206 -0.441334 0 4.5 0 0.751078 -0.584188 8 8 255
-4.10625 10.69 26.8167 -0.649373 0 -3.5 0 -0.685343 0.36464 1 1 255
22.3302 -0.25925 27.8097 0.307133 0 -3.9 0 0.868033 -0.38239 168 168 255
21.845 0.5785 47.2615 -0.827424 0 1.9 0 -0.367263 -0.886928 1 1 255
44.8145 21.7932 31.5373 -0.680041 0 -1.3 1 -0.0402184 0.803863 255 122 122
44.2725 15.1377 36.737 -0.0939672 0 4.5 1 -0.364637 0.889709 255 22 22
42.452 -0.54 24.533 -0.877827 -0 -4.5 0 0.950345 -0.30815 194 194 255
11.635 23.733 20.504 -0.094098 0 2.8 0 -0.13305 0.592697 143 143 255
51.5073 15.885 42.872 0.0723123 0 -3.9 0 -0.026783 0.99754 12 12 255
25.814 8.3415 26.0767 0.173692 -0.12142 2.10936 0 0.445981 0.863262 208 208 255
49.95 18.993 32.555 0.0510795 0 -3.9 1 -0.266394 0.855936 255 75 75
55.2195 13.9315 42.8525 2.33271 0 -3.9 0 0.866245 0.485261 1 1 255
31.2118 -1.1295 21.5828 0.225148 0 -3.9 0 0.0662914 -0.647527 161 161 255
5.73025 1.90775 46.6668 -0.15997 0 -0.7 0 -0.852075 0.240049 28 28 255
8.839 29.574 28.9915 -0.772428 0 -3.347 0 0.554511 0.802318 85 85 255
19.2376 19.1865 49.6133 0.133689 0 -1.6 0 -0.737788 0.674728 11 11 255
-2.43738 11.5025 38.3903 0.00431175 0 -3.5 0 -0.288586 0.285826 8 8 255
21.2278 19.7035 50.123 0.0850536 0 -1.6 0 0.356241 0.91448 5 5 255
11.318 -1.225 55.745 -0.307626 0 3.8 0 -0.61448 0.38381 56 56 255
24.988 15.91 30.659 0.123043 -0.270871 -0.8 0 0.989408 0.0296592 255 170 170
7.4165 -5.35325 37.3418 -0.49462 0 -3.5 0 0.185949 -0.922029 35 35 255
12.72 31.299 34.603 2.80703 0 -3.9 0 0.17599 0.957492 70 70 254
22.6665 4.53275 55.426 -1.68175 -0.211507 -3.5 0 0.211718 -0.344157 11 11 255
43.1155 -5.72225 27.7122 0.600897 0.85235 -0.7 0 0.410341 -0.812146 34 34 255
26.165 2.1195 52.2885 -1.82173 -0.13384 -0.4 0 0.614047 -0.762983 10 10 255
1.8605 23.9685 36.754 -0.337107 -0.0030023 -0.4 0 0.58227 0.681073 48 48 255
-0.196 -1.7 27.812 -0.138687 0 -1.6 0 -0.154955 -0.986683 14 14 255
24.638 18.894 32.399 1.27593 0 -3.9 1 0.954105 -0.295652 255 75 75
18.5397 4.051 61.6305 -0.296684 0 4.5 0 0.754547 0.570438 15 15 255
-0.664 1.1585 34.197 -0.44746 -0.0594292 4.5 0 -0.959257 -0.231287 12 12 255
19.1495 -1.30175 25.4482 0.783013 0 -3.9 0 -0.148967 -0.503381 34 34 255
20.3522 1.2955 18.775 0.303354 0 -3.5 0 0.052631 -0.971076 63 63 255
16.214 3.95525 56.8456 0.31122 0 -1.6 0 0.417952 0.866486 32 32 255
18.968 0.3465 50.64 -0.0492628 0 -1.6 0 -0.0226181 -0.867308 4 4 255
5.19075 29.9627 25.2395 -1.00107 0 -0.4 0 -0.373925 0.734859 83 83 255
45.3235 5.2775 44.6175 -0.573353 -0.331828 -2.23626 0 0.964167 -0.154455 29 29 255
17.0401 -0.187875 57.6534 0.200856 0 -1.6 0 0.792241 -0.591267 35 35 255
38.6935 -0.1105 51.8908 -1.23252 0 -3.5 0 0.450335 -0.186162 9 9 255
18.4235 0.7265 62.359 -0.298491 0 4.5 0 0.674434 -0.517811 12 12 255
6.0945 15.834 43.021 0.235237 0 -3.55712 0 0.101834 -0.662743 4 4 255
28.9165 20.1585 46.3037 0.39007 0 -3.9 0 0.386408 0.711989 11 11 255
18.311 21.725 13.904 -1.60976 -0.502581 -3.5 0 -0.927464 0.00209248 40 40 255
42.5055 -7.09775 36.5747 -1.04678 -0.0380676 -1.6 0 0.0616316 -0.8695 85 85 255
-3.4345 24.1092 33.6903 -0.227311 0 -3.5 0 -0.540531 0.77935 144 144 255
0.6435 26.0555 39.6203 2.16974 0.0980228 -3.9 0 0.57724 0.611009 27 27 255
36.559 14.516 40.808 -0.272313 0 -1.3 1 0.786899 0.546697 255 47 47
20.3925 10.6435 54.956 -0.525568 -0.616007 -3.5 0 -0.603549 0.664356 25 25 255
19.663 14.65 44.873 1.07589 -0.368503 -1.6 0 0.235905 0.267213 17 17 255
47.543 3.604 45.531 -0.940571 -0 -3.5 0 0.237029 0.277375 7 7 255
0.784 16.2025 17.967 0.253143 0 -3.9 0 -0.12721 -0.963338 7 7 255
25.7365 15.807 42.1895 0.97307 0 -3.2 0 -0.404076 0.65487 83 83 255
51.0532 4.804 18.3668 0.386691 0.173522 -3.5 0 0.590496 -0.698561 33 33 255
-5.52 8.666 34.604 -1.62 -0.704057 -3.5 0 -0.779252 -0.450668 13 13 255
54.2845 14.764 30.6585 2.8513 0 -3.9 0 0.673295 -0.71616 255 173 173
45.223 14.91 45.3705 -0.831745 -0.656923 -2.29681 0 -0.105398 0.853569 255 219 219
4.90175 22.6095 15.7595 0.256347 0 -3.2 0 -0.77035 0.607791 7 7 255
13.0945 13.758 47.065 0.213244 0 3.8 0 -0.881707 -0.448514 229 229 255
-6.498 13.937 31.448 0.143068 0.758744 -4.5 0 -0.569352 -0.692548 9 9 255
-4.24425 23.2157 33.3925 -0.336042 0 -3.5 0 -0.855756 0.43271 126 126 255
43.3765 -2.4455 42.1037 -0.46189 0 -3.5 0 0.163963 -0.981949 17 17 255
24.9627 -6.6675 43.4415 -0.104643 0.00243567 -3.5 0 -0.598339 -0.178919 6 6 255
27.1884 13.5576 23.4408 1.02503 0 -4.5 0 0.810931 -0.456542 255 228 228
52.996 13.825 35.4025 -1.13366 -0.341879 -3.5 0 0.36086 0.489482 187 187 255
34.657 -7.045 25.4135 -1.24459 -0.00628647 -3.5 0 0.238999 -0.615027 4 4 255
20.079 -4.043 39.3273 -1.65949 -0.466651 -3.5 0 -0.263259 -0.770098 7 7 255
18.7545 15.484 50.102 0.842499 0.0142741 -1.78405 0 -0.442515 -0.402236 17 17 255
38.814 11.537 55.537 -0.157004 0 -1.3 0 -0.0975537 0.904538 4 4 255
2.021 -3.47975 35.2882 0.902565 -0.0518773 -3.5 0 -0.173438 -0.96105 45 45 255
42.2477 15.9045 31.6833 0.143493 0 -1.3 1 -0.766222 -0.367613 255 16 16
18.4855 7.96 16.5565 0.0772993 0 1.9 0 -0.425895 -0.151246 255 210 210
21.731 13.138 52.306 -0.284503 0 -0.7 0 -0.326909 0.85329 7 7 255
11.758 -3.463 41.949 2.03832 0 -3.9 0 0.217553 -0.821953 95 95 254
9.326 -4.927 55.745 -0.222017 0 3.8 0 -0.549879 -0.485272 149 149 255
29.1485 14.367 16.6588 -0.0508902 0 -0.9 0 0.454313 0.564469 255 39 39
19.8845 0.363 23.234 -0.300442 -0.640785 1.8 0 0.49133 -0.8705 34 34 255
46.0655 0.781 22.9805 0.0596905 0 2.8 0 -0.0673503 -0.869781 152 152 255
47.7675 17.2623 48.8742 -0.183175 0 -3.5 0 0.495484 0.791007 62 62 255
4.2215 25.5695 22.0625 0.0381152 0 -3.9 0 -0.898886 -0.343041 74 74 255
13.219 29.653 35.464 1.79129 0.225852 -3.9 0 0.287377 0.194229 43 43 255
18.063 9.77025 54.5288 -0.893771 -0.893632 -3.5 0 -0.567917 0.748646 45 45 255
43.1305 -6.7735 29.771 -0.102139 0 -0.7 0 0.735087 -0.676513 34 34 255
11.2185 16.626 51.0348 -0.0934755 0 3.8 0 -0.710869 -0.490045 211 211 255
21.5707 31.0925 33.0245 -0.254982 0 -3.5 0 0.0612247 0.759572 63 63 255
26.9335 -4.523 32.089 -0.102717 0 -3.5 0 -0.35304 -0.271055 28 28 255
45.9944 17.0569 52.8411 -1.07996 -0.059739 -3.5 0 0.3098 0.799296 42 42 255
32.624 0.695 57.1701 -1.17149 0 -3.5 0 0.303953 -0.888276 8 8 255
-1.08475 10.5485 28.3848 0.171307 0.500499 1.68051 0 -0.451085 0.184218 3 3 255
30.2955 25.1472 21.4732 -0.115883 0 3.8 0 0.286333 0.684447 255 77 77
26.1805 18.3245 46.7375 0.113338 -0.0424239 -3.87159 0 -0.260128 0.917197 9 9 255
48.0615 14.9183 45.0173 -0.649648 0 -0.110713 0 0.250573 0.968095 46 46 255
43.1035 -3.5815 46.5975 1.12302 0.669005 -3.9 0 0.98948 -0.0937186 8 8 255
29.714 25.242 26.968 -0.0597819 0 3.8 1 0.380887 0.666785 255 52 52
12.8095 5.3185 59.094 -1.33898 -0.151472 4.5 0 -0.028038 0.801288 63 63 255
7.777 20.9982 12.349 0.0451865 0 -3.2 0 -0.264092 -0.106972 28 28 255
48.8765 -0.3145 25.9285 -0.242562 0 -3.5 0 -0.841514 0.537359 21 21 255
21.7695 18.9902 46.834 0.17646 0 -1.6 0 -0.237563 0.876392 14 14 255
-3.5935 5.58075 39.3285 0.29453 0 -3.9 0 -0.558013 -0.29576 2 2 255
5.51325 -1.1905 24.517 -1.25457 -0.377813 4.2 0 -0.37533 -0.898396 47 47 255
32.648 2.0855 20.6805 0.225068 0 3.84005 0 0.647281 0.285617 255 190 190
27.9347 -3.8055 38.3785 -0.811824 0 2.80386 0 0.288559 -0.949947 5 5 255
20.183 29.6355 26.7065 -1.05535 0 -3.83349 0 0.682434 0.633495 64 64 255
33.4398 5.85 57.0255 -1.50445 0 -3.5 0 0.229786 -0.162389 6 6 255
20.465 2.921 51.321 -0.562445 0 -3.5 0 -0.619279 -0.050274 14 14 255
-4.155 14.9545 28.8045 -0.353386 0 -4.48328 0 -0.73253 -0.225018 2 2 255
-1.333 3.737 29.271 -1.39908 -0.467956 -0.4 0 -0.822505 -0.53166 1 1 255
29.12 1.401 49.2845 -0.454167 0.0598167 1.03157 0 -0.789775 0.192634 6 6 255
29.6501 16.4116 29.7283 0.255307 0 3.8 1 -0.32664 0.535593 255 21 21
48.046 -0.9395 25.404 -0.109783 0 -3.5 0 -0.854113 0.474735 43 43 255
26.952 11.901 54.3705 0.158198 -0.732664 -3.5 0 0.208411 0.69736 29 29 255
5.0445 16.9198 45.6408 -0.232572 0 -3.5 0 -0.320924 -0.898128 8 8 255
9.26325 -3.4985 34.012 -0.230793 0 -0.85045 0 0.469851 -0.809006 116 116 255
52.47 17.4255 28.9112 0.484091 0 -3.9 1 0.109761 0.119865 255 80 80
21.0165 1.5915 31.6105 -0.275304 0 4.5 0 0.336701 -0.849155 121 121 255
7.9165 0.06025 47.5585 -0.262801 0 -0.7 0 -0.325424 -0.307052 82 82 255
26.7785 17.1 52.759 -0.270769 0 -3.5 0 0.311003 0.834916 8 8 255
36.819 13.617 40.359 -0.0706641 0 -1.3 1 0.75428 0.477978 255 28 28
52.8413 9.428 32.8483 -0.278797 0 -0.7 0 0.879843 -0.260645 133 133 255
2.18788 -1.14287 30.3071 -0.192983 0 1.9 0 -0.0690098 -0.979552 33 33 255
44.4943 11.4235 19.583 -0.0201411 0 -3.2 1 -0.845351 -0.530856 255 17 17
45.299 17.191 28.497 -0.127312 0 -2.42986 1 0.238323 0.916932 255 23 23
5.642 27.66 19.6478 0.737208 0 -3.9 0 -0.434879 -0.0174892 45 45 255
39.1495 -3.376 50.568 -1.69333 -0.889842 -3.5 0 0.838663 -0.499483 10 10 255
36.6857 -3.0785 23.6458 -0.498228 -0.275627 -4.08818 0 0.206896 -0.97351 130 130 255
52.601 2.8335 23.8585 0.518478 0.708055 -3.5 0 0.78604 0.60273 28 28 255
40.045 -6.9995 45.446 -0.025786 0 -3.9 0 0.17925 -0.956273 22 22 255
49.9072 11.348 18.425 0.432487 0 1.8 0 0.456721 0.357201 255 162 162
42.414 5.8805 51.8205 -0.213523 0 4.5 0 0.720632 -0.00938039 1 1 255
52.5093 9.5565 29.026 -0.271759 0 -0.747012 0 0.942613 0.084718 62 62 255
-3.79 5.154 38.441 0.840965 0 -3.9 0 -0.500944 -0.755786 2 2 255
45.814 14.3363 15.5918 -0.0563799 0 -3.2 0 -0.103177 0.239357 255 29 29
37.311 13.275 22.212 -0.660608 -0.86462 -3.18003 1 0.689909 0.328821 255 6 6
13.7409 -2.68062 61.6714 0.0598108 0 -3.2 0 -0.0512951 -0.995277 73 73 255
7.07875 21.42 17.2493 0.0234503 0 -3.2 0 0.644155 0.718377 8 8 255
-4.5665 20.4965 33.5985 -1.49965 -0.0215944 -3.5 0 -0.950267 -0.226213 35 35 255
18.7165 31.6877 25.146 -0.0196595 0 -3.9 0 0.38998 0.777688 90 90 255
10.7615 4.642 51.7137 1.18493 0 -3.9 0 -0.894784 -0.278976 132 132 255
-2.66325 3.446 23.727 -0.144347 0 4.5 0 -0.94192 -0.315593 1 1 255
25.6497 -0.434 24.304 1.8945 0.644355 -3.9 0 -0.955438 -0.294749 212 212 255
43.241 0.902 24.556 0.637144 0.0643411 -4.5 0 0.679979 -0.705279 147 147 255
21.5365 -4.4995 38.1265 -0.846425 0 -3.5 0 0.0630947 -0.997619 13 13 255
7.925 -1.0385 27.3845 -0.260649 0 4.2 0 0.455428 -0.870039 57 57 255
8.011 -4.748 30.33 -0.508363 0 -3.5 0 -0.286263 -0.780762 21 21 255
49.8155 15.8142 35.7772 -0.389686 -0.940429 4.25603 1 0.349871 0.916078 255 133 133
54.229 -5.01925 29.1672 -0.0929888 0 -0.7 0 0.320763 -0.929432 8 8 255
42.8545 2.1485 49.3875 0.380645 0.719689 4.5 0 0.350712 -0.681028 3 3 255
42.7905 13.2893 52.4593 -0.384633 -0.290203 -2.76424 0 -0.658263 0.329091 26 26 255
5.27 2.502 20.0345 0.494145 0 -3.9 0 0.201643 -0.68929 104 104 254
49.7998 7.8365 42.2625 -0.222676 0 -0.9 0 0.625547 -0.779546 28 28 255
43.085 -0.6975 18.2297 0.24985 0.0425851 -4.5 1 0.942262 0.168837 255 121 121
14.811 19.6295 15.4985 0.179462 0 -3.5 0 0.188766 0.691138 19 19 255
12.125 5.8075 62.375 -1.27993 -0.750344 4.5 0 -0.282882 0.543891 26 26 255
28.646 25.28 27.3085 -0.122481 0 3.90769 1 0.645551 0.594795 255 68 68
28.879 -4.905 41.796 -0.956912 0.014569 -3.49293 0 0.510265 -0.564224 6 6 255
12.416 1.0045 63.645 -0.171425 0 -3.2 0 -0.175709 0.599829 47 47 255
13.976 25.161 43.493 -1.20482 -0.33252 -3.5 0 0.948374 0.206436 1 1 255
-6.094 11.203 35.512 -1.54306 -0.151684 -3.5 0 -0.825684 0.399878 9 9 255
16.699 16.5235 32.868 0.334341 0 4.2 0 0.701174 0.00158043 165 165 255
29.1705 21.4405 21.823 0.0540894 0 2.32502 1 0.589921 -0.476192 255 24 24
39.5768 -1.54775 48.8255 -1.75775 -0.446138 -3.5 0 0.966296 -0.212942 10 10 255
18.935 15.4452 9.65325 -1.39792 -0.022136 -3.5 0 0.968119 -0.143436 37 37 255
28.478 20.7655 45.236 1.31085 0.203279 -3.9 0 0.436565 0.848217 21 21 255
52.4275 7.9455 16.7482 0.441379 0.602071 -3.5 0 0.73179 0.46645 24 24 255
-0.8055 27.1015 29.7092 -0.125695 0 3.8 0 -0.664768 0.445381 21 21 255
41.9165 10.7395 55.168 -0.335112 0 -1.79861 0 -9.95521e-05 0.790569 7 7 255
10.0843 11.5775 41.0687 -0.352936 0 0.582268 0 0.277049 -0.542086 121 121 255
24.3165 8.97525 28.208 0.947164 0 1.8 0 0.0346595 0.959495 155 155 255
21.2045 7.5765 13.4508 0.553998 0 1.9 0 -0.330124 -0.529767 255 246 246
5.5265 21.2505 16.9895 0.255612 0 -3.2 0 -0.801392 0.39071 4 4 255
36.161 4.629 55.8045 -0.165308 0 -3.9 0 0.315118 -0.478775 1 1 255
19.634 23.804 19.094 0.0512754 0.572069 -3.5 0 -0.170306 0.965406 154 154 255
34.3288 13.209 31.355 0.0204512 0 3.8 1 -0.108093 0.930025 255 51 51
27.698 -3.01575 28.7477 0.0961039 0 1.8 0 -0.861524 -0.496312 49 49 255
-4.7565 20.886 34.596 -1.44029 -0.616958 -3.5 0 -0.958408 -0.0289092 56 56 255
27.9958 22.2265 17.1785 -0.0901588 0 4.5 0 0.449316 0.5758 255 71 71
10.505 26.5475 43.87 -0.0614134 0.411264 -3.70129 0 0.301172 0.868005 0 0 255
29.2017 11.557 36.302 0.445983 0 3.8848 1 -0.071732 0.930975 255 235 235
-0.71875 19.197 32.0552 -0.619166 0 -4.00002 0 0.371417 -0.797358 26 26 255
40.5028 -2.2585 47.3747 1.26765 0.038134 -0.0706742 0 0.490377 0.258085 4 4 255
16.2185 -1.48075 53.32 -1.34696 -0.160703 -3.9 0 0.529763 -0.825122 46 46 255
43.5465 -7.02475 36.582 -0.953498 -0.14738 -1.6 0 0.507142 -0.809585 67 67 255
19.1007 10.3588 53.9655 -0.77418 -0.228007 -3.5 0 -0.519451 0.830905 42 42 255
37.224 -9.98625 36.0243 -0.10209 0 -0.7 0 -0.357063 -0.235255 43 43 255
7.8295 26.7157 32.9485 -0.957836 0 -3.68027 0 -0.532726 0.0130486 232 232 255
21.294 12.197 53.4165 -0.48217 0 -2.1743 0 -0.623101 0.745899 9 9 255
46.6525 1.70075 29.6537 -0.63034 -0.0414192 -0.477133 0 -0.422724 -0.371916 79 79 254
5.737 10.527 42.803 -0.0996165 0 -3.5 0 0.301627 0.598669 11 11 255
48.298 4.129 40.4125 0.155147 0 -3.5 0 0.94541 0.0851764 53 53 255
27.692 -0.7965 22.0033 1.01536 0 -3.9 0 -0.453754 -0.596975 155 155 255
43.4835 17.0545 24.0205 -1.30309 -0.273151 -3.5 1 -0.0875626 0.9656 255 16 16
25.5415 21.5912 24.0382 0.0739658 0 0.751081 0 -0.145477 0.200151 255 78 78
35.0735 -2.12875 50.753 -0.810158 0 -3.5 0 -0.0157304 -0.802373 6 6 255
4.669 22.2185 23.803 -0.207026 0 3.8 0 -0.727099 0.669309 35 35 255
31.2528 -5.604 26.2078 -1.43765 -0.407582 -3.5 0 -0.995499 -0.071223 25 25 255
33.293 -2.546 23.586 0.0100246 0 -3.9 0 -0.379246 -0.73257 95 95 255
12.7055 6.88125 15.1652 0.175934 0 -1.6 0 0.115629 -0.211689 255 240 240
54.9555 12.1368 24.62 0.250347 0 -1.6 0 0.371107 0.865807 255 229 229
21.3137 32.9043 30.948 -0.364832 0 -3.5 0 0.2072 0.857804 32 32 255
21.387 9.5005 13.4725 0.375925 0 1.9 0 -0.236692 0.554054 177 177 255
53.742 12.1255 34.8565 -1.22437 -3.10733e-05 -3.5 0 0.638705 -0.635512 130 130 255
31.68 -6.3285 25.474 -1.32022 0 -3.5 0 -0.686336 -0.30471 17 17 255
12.845 27.549 27.9023 0.0185016 0 -0.536783 0 -0.16975 0.952298 21 21 255
39.212 3.0575 55.8745 0.189579 0 -3.9 0 -0.328691 -0.512253 0 0 255
12.6287 -4.80575 55.925 -0.273745 0 3.8 0 0.469807 -0.199878 255 205 205
24.651 0.654 51.2738 -1.29085 0 -3.5 0 0.917276 -0.345955 4 4 255
12.4978 -2.9365 60.072 0.315952 0 3.8 0 0.209464 -0.780714 139 139 255
2.726 27.1045 26.745 0.279241 0.442246 -0.0202091 0 -0.792097 0.5121 149 149 255
12.9583 13.499 48.5653 0.0775863 0 3.8 0 -0.732149 -0.617359 255 224 224
-3.155 15.769 26.908 -1.2514 -0 -3.5 0 -0.665953 0.642983 2 2 255
-2.2315 11.1855 27.991 -0.679171 -0.739369 -3.35974 0 -0.381307 0.0440625 2 2 255
23.1335 9.122 28.4395 0.946542 0 1.8 0 -0.051528 0.831762 102 102 255
-1.36287 3.28325 35.3377 -0.0587927 0 -0.9 0 -0.420622 -0.620178 10 10 255
12.6905 24.8535 45.814 -1.08447 0 -3.5 0 0.565136 0.1433 1 1 255
2.9615 15.797 18.6893 0.148876 0 -3.5 0 -0.728364 -0.678493 12 12 255
26.9365 18.26 42.923 2.48445 0.0220068 -3.9 0 -0.216404 -0.161124 62 62 255
9.75275 22.209 40.518 -0.198033 -0.208277 -2.31896 0 0.58854 0.807668 2 2 255
19.7895 10.1807 28.4897 0.601791 -0.316075 -3.5 0 0.871981 0.0180831 32 32 255
34.312 21.7967 21.8748 0.0383561 0 3.8 1 -0.0834766 0.305326 255 4 4
29.495 12.6967 44.029 -0.0858501 0 -3.2 0 0.953428 0.107693 109 109 255
36.405 11.4475 23.3675 -0.0405944 0 -3.5 1 0.169738 -0.899018 255 10 10
33.164 12.368 48.433 -0.703341 -0.968424 -0.7 0 0.542411 0.692499 74 74 255
35.3703 21.3353 21.9877 0.0445966 0 3.8 1 0.608834 -0.0161911 255 4 4
52.9002 14.8282 33.6927 -0.369168 -0.00215667 -3.5 0 0.586736 0.638305 255 211 211
23.3145 25.3965 35.773 0.43025 0.182314 -3.2 0 0.442929 -0.793503 67 67 255
18.6555 -3.236 38.112 -1.25603 -0.352801 -3.5 0 -0.977363 -0.092026 7 7 255
24.9622 18.036 44.036 0.538589 0.378503 -3.71705 0 -0.188635 0.209743 59 59 255
9.81675 2.3905 61.728 -1.67163 -0.456774 -3.2 0 -0.935081 0.35443 67 67 255
29.2725 -5.07275 36.725 -0.577915 0 -3.9 0 -0.48536 -0.23482 24 24 255
19.6055 13.6835 50.073 0.482833 0 -1.15 0 -0.501137 0.187983 13 13 255
23.7857 -0.33025 46.0252 -1.07536 -0.495141 1.9 0 0.19701 -0.761444 2 2 255
46.5305 4.6165 36.568 -0.218877 0 3.95296 0 0.996175 0.0528517 227 227 255
31.638 2.3975 59.072 -1.6858 -0.000222508 -3.5 0 -0.173769 0.259562 10 10 255
4.683 11.6435 14.732 -1.30478 -0.251493 -3.5 0 0.00217959 -0.478758 27 27 255
5.834 17.8505 48.711 -1.50511 -0.318881 -3.5 0 -0.0241342 -0.455991 25 25 255
-0.279 -5.0055 31.209 -1.3566 -0.298121 -3.5 0 -0.100893 -0.438746 4 4 255
10.867 26.0555 46.381 -1.18285 -0.154018 -3.5 0 0.0341782 0.474086 0 0 255
32.824 9.096 61.332 -1.339 -0.772509 -3.5 0 0.0914213 0.0496855 24 24 255
55.688 -2.6665 23.529 -1.85329 -0.214894 -3.5 0 0.2139 -0.967103 5 5 255
16.8075 18.0567 13.0107 0.814716 0 -3.5 0 0.186307 0.91228 6 6 255
4.82975 -1.32475 30.1845 -0.865897 -0.521375 -0.941606 0 -0.301656 -0.710703 9 9 255
27.9853 3.36025 51.4852 -0.762557 0 4.2 0 -0.0995062 -0.904702 6 6 255
20.185 19.916 50.123 0.0428925 0 -1.6 0 -0.238695 0.921093 6 6 255
47.304 14.787 53.4975 -0.941915 -0.0254831 -3.5 0 0.999629 0.00386714 3 3 255
14.479 0.54375 40.1693 -0.108187 0 2.31701 0 0.746498 -0.664835 27 27 255
9.98 -4.83925 32.1613 0.476892 0.733581 -3.5 0 0.582909 -0.764937 77 77 255
13.1025 2.4505 49.6965 -0.891944 0 4.22668 0 -0.841336 -0.537394 171 171 255
2.60975 10.0005 47.8365 2.33262 0.103328 -3.9 0 -0.820047 0.0311228 15 15 255
25.765 10.9225 56.425 -0.391152 0 -3.5 0 0.347045 0.110808 25 25 255
0.0805 25.8853 33.0433 -0.541807 -0.0237367 0.0612255 0 -0.0710996 0.636756 102 102 255
28.4062 13.4047 30.439 0.378803 0 2.83545 0 -0.690657 0.474306 255 117 117
22.13 25.0325 21.461 -0.841187 -0.37279 0.409374 0 0.371192 0.156398 84 84 255
24.2625 19.141 15.5922 -0.230236 0 4.5 0 -0.20676 -0.271268 255 160 160
47.6367 5.6525 33.3195 -0.093336 -0.0731033 -1.55457 0 0.790982 -0.101067 247 247 255
10.946 7.9505 15.2002 -0.0366939 0 -1.6 0 -0.479963 0.160355 169 169 255
40.202 15.0293 29.9718 -0.940067 -0.323438 -0.4 1 -0.616008 0.698286 255 28 28
12.5995 -6.8855 58.6912 -0.191323 0 3.8 0 0.283444 -0.835322 255 143 143
48.2337 11.6385 36.8778 0.379075 0.0162225 -2.3336 0 0.150484 -0.988595 255 61 61
16.0702 -0.85925 52.3428 -1.01462 -0.00569986 -3.9 0 0.283175 -0.806887 48 48 255
8.8495 -4.02875 56.0262 -0.228694 0 3.8 0 -0.881608 0.0201597 124 124 255
31.698 24.1535 28.8535 -0.000675916 0 4.2 1 0.565997 0.820061 255 3 3
42.7815 0.67275 39.8278 -0.0113973 0 -2.42638 0 0.709445 -0.0899885 64 64 254
47.9878 16.7302 23.994 0.747165 0 -3.98808 1 -0.392767 0.89789 255 30 30
30.317 11.202 44.212 -0.663914 0 -1.3 0 0.297152 0.831439 184 184 255
41.0015 -2.9175 17.627 -0.0372073 0 -4.5 0 -0.282079 -0.572531 255 189 189
32.0175 12.844 23.133 0.467347 -0.0655312 -3.5 0 -0.528406 0.560305 255 217 217
18.9123 15.7528 32.58 0.624448 -0.0988828 -2.13394 0 -0.154286 0.495984 39 39 255
17.2787 26.3848 34.5 -0.256635 0 2.5 0 0.170532 0.164188 51 51 255
5.277 -2.56325 42.1712 0.197036 0.805951 -3.5 0 -0.276577 -0.807948 132 132 255
38.659 -4.08125 19.5047 0.280825 0 -4.5 0 -0.339749 -0.832447 197 197 255
34.503 -8.36175 44.7465 -0.301793 0 -3.5 0 0.255955 -0.0791721 174 174 255
-0.34925 -3.88625 31.1877 -1.45982 -0.399106 -3.5 0 -0.0736734 0.160141 6 6 255
49.6777 9.77575 48.9965 -1.36744 -0.0501952 -3.5 0 0.928199 -0.158673 3 3 255
4.55125 28.9895 24.8035 -0.310647 -0.222827 -2.17958 0 -0.668006 0.688268 115 115 255
7.05975 2.57775 17.0595 0.0142587 0 4.5 0 -0.332624 -0.630395 118 118 255
5.7875 22.028 44.719 -0.258471 -0.538875 -3.68292 0 -0.895828 0.289704 1 1 255
31.8735 -0.276 21.6095 0.348928 0 -3.9 0 0.226207 -0.319942 211 211 255
20.579 0.212 21.1593 -0.978095 -0.602032 1.8 0 0.37662 -0.856151 45 45 255
21.797 0.01225 46.1802 -1.1845 -0.263143 1.9 0 -0.616191 -0.745649 2 2 255
47.3975 -6.91325 26.6917 0.0444249 0 -3.5 0 -0.431965 -0.823963 75 75 255
20.918 26.1105 34.5335 0.0853717 0 -3.2 0 -0.521633 -0.794854 55 55 255
37.528 4.562 22.389 0.197089 0 4.5 1 0.398974 0.559082 255 27 27
27.8775 -4.151 37.2745 -1.36811 -0.845212 -3.5 0 0.317795 -0.767111 6 6 255
16.0452 -0.44075 51.2772 0.0464455 0.777186 -3.9 0 0.00543437 -0.97835 41 41 255
54.1292 -4.462 27.123 -0.0777533 0 -0.7 0 0.238673 -0.705111 6 6 255
28.161 27.995 31.6935 -0.471541 0 -3.5 1 0.905113 -0.142483 255 71 71
20.575 0.24825 34.748 -0.383867 0 4.5 0 -0.660556 -0.667605 62 62 255
49.65 9.535 51.404 -1.06619 0 -3.5 0 0.78958 -0.0653634 2 2 255
14.3015 0.1185 52.735 -0.558559 -0.0761917 -3.9 0 -0.765174 -0.578002 103 103 255
4.88375 0.334 22.734 -0.102177 0 -3.9 0 -0.364857 -0.911591 61 61 255
5.29825 -0.85575 29.3055 -0.565982 -0.640788 1.82977 0 -0.285068 -0.892884 8 8 255
12.5673 3.201 49.0625 -0.530054 -0.230547 -1.10105 0 -0.620819 -0.751237 144 144 255
9.571 5.98975 16.715 -0.0442865 0 -0.0681304 0 -0.197434 0.146027 158 158 255
29.3627 15.477 30.3522 0.313379 0 3.8 1 -0.503689 0.557055 255 41 41
45.3405 13.9755 40.846 -0.0601155 0 4.30837 0 -0.327519 0.880187 255 141 141
0.123 19.1215 21.4195 0.0094047 0 -3.9 0 -0.774849 0.576806 7 7 255
31.4 8.9665 60.2165 -1.53103 0 -3.5 0 -0.754683 -0.176935 18 18 255
13.7078 -2.50325 34.6175 -0.278598 0 1.8 0 0.647923 -0.646709 112 112 255
17.6038 8.83625 54.7817 -0.511465 -0.345474 -3.5 0 -0.681238 0.371199 35 35 255
43.053 -7.104 37.4625 -1.01485 -0.536013 -1.6 0 0.366455 -0.854272 47 47 255
34.2287 16.4385 39.745 0.10662 -0.0106042 -1.3 1 0.0162387 0.595854 255 177 177
23.694 -6.71075 41.521 0.53377 0.813511 -3.5 0 -0.86489 -0.495213 18 18 255
33.7412 -9.59775 40.7272 -0.784545 -0.0131068 -3.5 0 -0.685772 -0.391255 17 17 255
48.805 8.0605 15.6545 -0.923012 -0.00662222 -3.5 0 -0.0590931 0.388854 255 229 229
35.215 23.2747 23.149 -0.0224087 0 3.8 1 0.484751 0.857446 255 1 1
6.992 -1.2375 27.0352 -0.202086 0 4.2 0 0.102057 -0.980955 43 43 255
26.6822 -4.668 45.8643 -0.279118 0 -3.2 0 -0.766891 -0.304005 5 5 255
34.1732 -5.171 24.118 -0.245207 0 -3.5 0 0.00116584 -0.334495 19 19 255
17.422 17.85 33.018 0.377021 0 4.2 0 0.532632 -0.66501 221 221 255
40.3175 11.4785 35.1095 -0.252 0 -3.5 1 0.908073 0.326555 255 0 0
24.2458 13.5747 54.3505 -1.73941 0 -3.5 0 -0.293303 0.563617 17 17 255
9.02025 -4.6765 29.9513 0.118493 0 -3.5 0 0.237908 -0.746156 41 41 255
5.308 24.5653 36.709 -0.152055 0 4.5 0 -0.412634 0.63085 31 31 255
29.464 0.307 19.4925 0.337154 0 -4.5 0 -0.256086 -0.860403 201 201 255
3.359 27.839 26.1385 -0.0284783 0 -3.9 0 -0.866022 0.493734 194 194 255
20.361 17.6168 46.6203 0.0974151 -0.241019 -1.6 0 -0.276336 0.712722 14 14 255
5.381 22.3625 37.774 -0.976243 -0.129581 -3.4224 0 -0.735029 0.668253 9 9 255
17.5695 5.704 16.3075 0.485941 0.750791 -3.5 0 -0.479508 0.230842 120 120 255
35.2605 12.1755 50.3105 -0.959624 -0.0190009 -3.5 0 -0.328656 0.815356 33 33 255
35.736 9.452 56.2495 -1.37136 -0.0624758 -3.9 0 0.230679 0.74524 1 1 255
34.3465 -2.525 23.1425 -0.47766 -0.120969 -3.52737 0 -0.1475 -0.675535 86 86 255
26.8775 -6.58225 40.6188 -0.235318 0 -3.5 0 0.465216 -0.724741 9 9 255
47.256 10.3752 39.0368 -0.53056 0 -3.64234 0 0.161041 -0.551888 255 143 143
43.5295 0.2955 22.8405 -0.185038 0 2.8 0 0.318152 -0.737347 134 134 255
47.6162 15.477 40.1457 0.390993 0.34476 0.0255664 0 -0.0589245 0.987492 255 252 252
23.962 6.31225 35.7858 1.74446 0.0860368 -3.9556 0 0.523981 0.845092 195 195 255
51.2152 15.5533 25.1478 0.0752666 0.0280744 -4.46817 1 0.736115 0.665691 255 24 24
20.7535 9.4145 35.183 2.24595 0.0584785 -0.706919 0 0.585417 -0.378024 68 68 255
-0.3915 25.0455 34.813 -0.76907 -0.333125 -3.5656 0 0.0468708 0.986407 124 124 255
29.0478 17.1378 17.1963 -1.20467 -0.543817 4.5 1 0.965387 0.0974269 255 49 49
15.9497 22.0015 39.7277 0.820607 0.440065 -3.5 0 0.211145 0.976987 67 67 255
7.0735 9.4905 20.5835 -0.271791 0 2.8 0 -0.94294 -0.121277 51 51 255
12.8617 2.006 54.1328 -0.162338 0 -3.9 0 -0.991756 0.0457178 66 66 255
35.359 15.1815 26.6235 -0.0503186 -0.660983 3.28373 1 0.615705 0.787974 255 27 27
12.1785 24.9247 35.2342 0.73601 0.760386 -3.9 0 0.333266 0.536826 37 37 255
35.0052 1.9185 53.3652 -0.25127 0 -3.5 0 0.596959 -0.458601 1 1 255
6.479 8.66675 21.4557 -0.306042 0 -1.3 0 -0.683953 0.35063 49 49 255
51.369 15.9543 27.0485 -0.148777 0.11402 -3.5 1 0.638618 0.752687 255 31 31
7.246 -0.59975 45.0728 -0.805982 -0.345581 -0.7 0 -0.36702 -0.929985 23 23 255
23.6615 9.6035 56.737 -0.399887 0 -3.5 0 0.401115 -0.192872 21 21 255
27.027 0.0375 29.471 0.45798 0 -4.5 0 -0.48966 -0.293465 123 123 255
49.69 -2.23775 29.866 -0.307066 -0.0151771 -0.849679 0 -0.502355 -0.388457 67 67 255
32.0715 -2.898 48.8358 -0.0913318 0 -3.2 0 -0.32328 -0.926434 7 7 255
48.0495 -0.49775 47.7043 0.313998 0.67588 -3.5 0 -0.0474058 -0.895874 20 20 255
39.7192 11.679 38.549 -0.110214 0 4.5 1 0.0311208 0.833772 255 7 7
7.51625 -4.33175 34.3192 0.132621 0 -3.5 0 0.198754 -0.887994 60 60 255
7.7115 7.8205 45.864 -0.364115 -0.0878249 -3.61048 0 -0.232308 0.929928 40 40 255
49.074 13.9465 48.378 -0.463984 0 -3.5 0 0.859756 0.303259 6 6 255
48.4147 16.1943 37.7718 -0.817465 -0.805805 4.5 1 0.0385177 0.955545 255 109 109
11.4923 5.13125 16.141 0.303489 0 -1.6 0 0.0520119 -0.696862 241 241 255
26.9303 20.9445 43.7975 2.79671 0.094001 -3.9 0 -0.522933 0.814265 32 32 255
10.6755 27.2055 35.4345 0.543609 0 -3.9 0 -0.387723 -0.225402 49 49 255
32.6408 11.8345 55.11 -1.53587 -0.00570265 -3.5 0 0.343504 0.853726 14 14 255
27.1092 7.9505 27.369 0.71069 0 -2.78721 0 -0.150804 0.925496 230 230 255
15.76 13.5747 8.19 0.301151 0.630847 -3.5 0 -0.291823 -0.451572 57 57 255
22.3035 22.019 19.334 -1.87703 -0.91097 -3.5 0 0.685088 0.722715 255 188 188
-0.079 12.25 29.706 -0.452804 0 -3.5 0 -0.843982 -0.502675 4 4 255
22.8102 -0.4685 46.2772 -1.57079 -0.230386 1.9 0 -0.114162 -0.916597 3 3 255
29.8775 -8.59225 33.0645 1.81795 0.0815346 -3.9 0 -0.181308 -0.782463 6 6 255
37.1355 -2.6535 27.767 -0.421466 -0.100541 1.44963 0 -0.0228203 -0.909225 15 15 255
22.2437 12.5878 37.8857 1.33799 0.615325 -0.7 0 0.690935 -0.0984542 178 178 255
22.687 -0.597 54.1175 -1.81392 0 -3.5 0 -0.384545 -0.623647 11 11 255
42.0967 -6.006 27.932 0.195852 0.00347525 -0.7 0 -0.0715128 -0.85331 24 24 255
11.865 -0.29275 23.3415 -0.743532 0 -3.5 0 -0.163668 -0.925814 58 58 255
20.746 -0.0735 52.9535 -0.566564 0 -3.5 0 -0.664524 -0.594531 9 9 255
26.6112 3.81325 26.677 -0.217124 -0.0522771 -3.5 0 -0.186714 -0.652718 113 113 255
16.9018 30.694 34.959 0.0524237 0 -0.4 0 -0.0155519 0.453796 39 39 255
52.965 13.7575 30.8845 -0.576255 -0.70768 -3.55817 0 0.79756 -0.53494 221 221 255
1.938 18.2975 32.0245 -0.713927 -0.363057 -3.77954 0 -0.796523 -0.509693 21 21 255
17.5475 13.5358 9.3955 -0.272153 0 -3.5 0 0.631315 -0.645452 114 114 255
31.523 11.2425 16.5893 0.389404 0 -0.9 1 0.504241 -0.0878674 255 54 54
42.544 16.713 24.475 -0.700471 0 -3.5 1 -0.607177 0.792293 255 14 14
4.09575 27.428 28.4622 -0.0577881 0 1.0535 0 -0.180882 0.947871 110 110 255
14.214 29.3105 30.5665 -0.486687 0 -0.88236 0 -0.87141 0.271305 7 7 255
21.5165 4.9525 15.893 -0.9775 -0.163204 -3.5 0 -0.590044 -0.265906 255 237 237
47.9005 7.48325 45.3288 -0.283255 0 -0.9 0 0.591419 -0.732914 10 10 255
8.78225 13.7502 13.346 -0.00361077 0 -0.7 0 -0.509035 -0.472313 6 6 255
-4.0815 10.0215 27.6525 -0.280698 0 -3.5 0 -0.642441 0.320265 1 1 255
41.0075 12.2415 52.8055 -0.812343 0 -0.607204 0 0.0677086 0.578541 21 21 255
16.3375 -0.284 65.1205 0.0103561 0 -3.2 0 0.652448 0.183127 27 27 255
0.913 15.3225 41.864 0.932526 0.848355 -4.5 0 -0.927624 0.245449 3 3 255
24.7885 14.5702 29.9415 -0.118893 -0.363722 -0.8 0 0.862136 -0.498525 255 210 210
49.463 14.8698 18.85 0.514372 0 -4.5 0 0.555062 -0.521632 255 77 77
22.7808 18.5365 44.3452 -0.290224 -0.668852 -3.5 0 -0.331662 0.83213 47 47 255
32.5235 -4.045 47.1562 -0.152737 0 -3.5 0 -0.600952 -0.725709 24 24 255
23.1085 24.9755 23.5365 -1.16143 0 -0.827544 0 0.840519 0.0273286 189 189 255
38.2195 12.3092 48.3628 -0.942064 -0.485971 -2.39915 0 -0.657714 0.752519 209 209 255
42.6888 6.95725 51.8615 -0.0165785 0 4.24736 0 0.562595 -0.366292 2 2 255
17.434 17.867 41.0252 0.576044 0.0627107 -1.77943 0 0.935439 0.339165 28 28 255
50.699 15.523 35.3745 0.1089 0 -3.53543 0 0.464088 0.725824 255 130 130
42.3095 7.51175 23.14 -0.130333 0.437941 -4.01513 1 -0.51831 0.228918 255 11 11
56.488 1.7315 22.3925 -1.05954 -0.435097 -3.5 0 0.384808 0.58074 5 5 255
8.5375 23.09 38.434 -1.33288 -0.0539785 -0.546714 0 -0.0160115 0.991853 2 2 255
23.0485 3.4945 25.6315 0.542729 0.0306275 -3.9 0 0.46695 -0.746812 55 55 255
16.9315 0.12225 26.7 0.157322 0.320511 -4.20004 0 -0.62816 -0.773463 47 47 255
42.3312 14.1975 52.1405 -0.467856 -0.0844015 -3.5 0 -0.281049 0.0253428 31 31 255
50.784 12.325 45.3058 -0.230057 -0.0910386 -3.82818 0 0.606771 -0.115165 9 9 255
56.7685 1.88725 23.37 -1.42161 -0.176296 -3.5 0 0.421953 0.886025 8 8 255
36.3535 -11.0837 40.6225 -1.16926 -0.452304 -2.55492 0 0.113837 -0.99332 105 105 255
16.6425 5.2535 62.5285 -0.298277 0 4.5 0 0.582452 0.529597 26 26 255
28.6685 2.79975 26.3065 0.753059 0.00167872 -3.37386 0 -0.597679 -0.403699 195 195 255
4.4255 23.7013 25.3465 -0.356768 0 -2.84844 0 -0.704618 -0.434794 235 235 255
38.7505 -10.066 40.617 0.271525 0.0830742 -0.7 0 0.826255 -0.426417 186 186 255
51.3245 11.2002 41.814 0.236762 0 -3.9 0 0.504471 -0.647957 13 13 255
34.419 -11.0825 40.6527 -1.4831 -0.310711 -3.5 0 -0.571822 -0.667638 29 29 255
3.233 6.2645 45.6755 0.0657144 0 -3.9 0 -0.186957 -0.621911 15 15 255
36.7837 -10.6737 36.7882 -0.10915 0 -0.7 0 -0.526846 -0.610983 40 40 255
43.2625 21.317 33.3145 0.975657 0.466549 -1.3 1 -0.773767 0.562056 255 76 76
4.37075 0.48125 23.8695 -0.125589 0 -2.17414 0 -0.550111 -0.790482 53 53 255
12.1175 21.8595 40.571 -0.86183 0 -3.5 0 -0.377367 0.909641 5 5 255
23.0912 8.704 56.797 -0.0480037 0 -3.5 0 0.173402 -0.516725 15 15 255
38.645 -11.46 38.3797 -0.121373 0 -0.7 0 0.509746 -0.856875 56 56 255
9.806 -2.3105 41.6615 1.5754 0.0941513 -3.9 0 -0.695634 -0.403166 77 77 255
19.0063 -3.336 39.222 -1.83362 -0.593763 -3.5 0 -0.777758 -0.30487 6 6 255
35.2405 16.3335 40.359 0.275667 0 -1.3 1 0.731701 0.521012 255 121 121
36.056 13.594 39.322 0.0413782 0 -1.3 1 0.543682 0.516008 255 38 38
44.098 17.1855 25.482 0.0237207 0 -3.5 1 0.00474984 0.983915 255 16 16
11.2893 3.07675 18.6798 -1.22096 -0.326577 0.660284 0 0.153624 -0.622769 132 132 255
34.4142 1.09425 55.6732 -0.358152 0 -3.5 0 0.767872 -0.631088 2 2 255
9.03125 26.1785 45.1985 0.523821 -0.117336 -3.70349 0 -0.255742 0.470108 0 0 255
38.7048 -7.3755 48.9655 -0.127125 0.172661 -3.5 0 0.7955 -0.584905 12 12 255
32.1842 7.25875 58.957 -0.888156 -0.375926 -3.5 0 -0.31521 -0.844905 7 7 255
31.1855 -3.4245 51.4465 -0.387396 0 -3.2 0 -0.153821 -0.971216 1 1 255
16.8305 -0.76375 53.9863 -1.52635 0 -3.75171 0 0.805741 -0.592028 43 43 255
34.7825 14.168 39.2555 -0.273744 -0.379422 -1.3 1 0.205273 0.544173 255 68 68
31.6537 -5.864 44.515 -0.136827 0 -3.2 0 -0.300805 -0.779005 47 47 255
49.7875 2.35725 35.8747 0.246191 0 -3.9 0 0.825468 0.548321 108 108 255
50.518 6.234 15.817 0.210726 0 -3.5 0 0.264495 -0.255792 88 88 255
40.495 11.3215 23.4585 0.0125001 0 2.8 1 -0.445663 -0.626963 255 1 1
20.6955 32.4795 31.9505 -0.262169 -0.0536477 -3.5 0 0.191978 0.738516 34 34 255
3.4375 11.246 48.0165 2.7193 0.0273576 -3.9 0 -0.388782 0.540274 13 13 254
-0.2555 15.3155 21.6135 -0.00504061 0 -3.9 0 -0.59808 -0.263104 1 1 255
20.0415 30.5975 27.0942 -0.29523 0 -3.9 0 0.714612 0.431138 44 44 255
55.8597 15.528 31.4298 2.60411 0.0318029 -3.9 0 0.728631 -0.56093 255 163 163
22.4818 23.2083 33.022 0.34152 0 -3.9 0 -0.574879 0.495342 255 223 223
44.7495 -0.842 21.1455 0.16495 0 2.8 0 0.538986 -0.842229 138 138 255
44.3377 14.1112 16.0165 -0.710565 0 -3.2 0 -0.42494 0.24475 255 14 14
0.763 1.266 38.513 -0.125032 0 4.5 0 -0.79532 0.0877577 28 28 255
50.6525 15.0475 36.402 -0.194089 0 -3.5 0 0.686953 0.549458 255 198 198
16.1865 19.1162 44.4967 0.841178 0 -1.6 0 0.170822 0.983299 59 59 255
48.7072 0.2695 48.2827 0.0156052 0 -3.5 0 0.237982 -0.498057 20 20 255
37.7175 11.2615 37.6442 0.0797635 0 -0.199339 1 0.232868 0.96677 255 9 9
19.76 14.9858 33.4635 0.553172 0 -0.8 0 -0.412269 0.7625 59 59 255
5.05125 22.0425 14.3825 0.245119 0 -3.2 0 -0.843938 0.222982 6 6 255
44.298 8.35625 21.1348 0.260676 0 -4.5 1 -0.857161 0.448807 255 12 12
49.3925 7.58025 50.241 -1.72195 -0.340226 -3.5 0 0.525112 -0.838187 0 0 255
-4.0185 19.5602 34.481 -1.61681 -0.291953 -3.5 0 -0.544628 -0.805207 27 27 255
18.4883 9.61375 31.8538 1.51593 0 -0.7 0 0.915487 -0.338996 19 19 255
41.7525 -7.3305 37.5933 -0.229451 -0.196526 -1.38535 0 0.20733 -0.973829 50 50 255
30.6828 7.0605 16.5715 0.371513 0 -4.5 1 0.49195 0.334794 255 21 21
21.9233 30.014 35.2422 -0.370167 0 -3.2 0 -0.509099 0.756102 124 124 255
44.64 1.542 48.218 0.0045035 0 -3.5 0 -0.103382 -0.400204 7 7 255
46.1527 15.1123 56.7427 2.2551 0.194892 -3.9 0 -0.00560303 0.731224 0 0 255
42.3425 -0.10825 25.6575 -0.611819 -0.646299 -3.51235 0 0.941576 -0.29413 186 186 255
45.4173 1.008 40.4567 0.0483905 0 -3.5 0 0.180266 -0.845035 55 55 255
4.6955 5.24525 17.5333 0.0402667 0 4.5 0 -0.809367 -0.0850339 84 84 255
17.675 16.0163 49.31 0.533698 0 -2.87317 0 -0.661097 -0.229889 27 27 255
29.1355 -2.7355 53.012 -0.865592 0 -3.2 0 -0.520012 -0.824869 3 3 255
12.311 28.557 25.272 -1.06377 0 -3.5 0 0.160965 0.986087 15 15 255
-0.0325 17.2885 16.8565 1.18776 0.11795 -3.9 0 -0.628186 -0.752849 7 7 255
18.5438 14.9497 34.975 0.247856 -0.457226 -0.8 0 0.181274 0.862593 87 87 255
29.969 9.1155 25.885 0.604828 0.790526 -0.8 0 -0.386131 0.911959 255 252 252
22.826 -1.7565 52.4468 -1.97974 -0.0276399 -3.5 0 -0.348082 -0.922594 7 7 255
-2.576 15.212 22.5935 1.12852 0.622577 -3.9 0 -0.681479 0.521797 0 0 255
40.396 -0.22975 16.6947 0.479405 0 -4.5 0 -0.413051 0.143881 255 35 35
28.5193 -4.131 47.4157 -0.802053 0 -3.2 0 0.0157496 -0.413335 6 6 255
4.89 -4.84575 34.2427 -0.545963 0 -3.5 0 0.0618334 -0.997113 53 53 255
42.9385 -6.21175 28.6717 0.0303793 0.153087 -0.7 0 0.576922 -0.7461 32 32 255
27.751 22.583 29.8325 -0.100781 0 4.2 1 0.142779 0.23085 255 5 5
27.254 20.1265 29.4757 0.0992755 0 1.8 1 -0.0747973 -0.571882 255 6 6
47.8815 15.3185 43.855 -1.60405 -0.182771 4.2 0 0.0944188 0.971354 72 72 255
19.6562 20.5885 37.838 0.413641 0 -1.3 0 0.983706 0.170238 33 33 255
28.821 8.77575 25.4473 -0.950467 -0.132082 4.5 0 -0.366197 0.926359 244 244 255
27.9753 19.691 46.6992 0.796066 0 -3.9 0 -0.223752 0.587789 14 14 255
35.1745 -6.98425 27.976 -1.32915 -0.0455255 -3.5 0 0.462328 -0.426988 4 4 255
43.381 -3.907 39.457 0.035301 0 -1.3 0 0.971124 -0.212834 54 54 255
46.233 19.703 30.163 -0.159197 0 -1.3 1 0.188075 0.458788 255 52 52
52.2132 -3.13325 26.4335 0.348176 0 -0.7 0 0.272896 -0.605981 15 15 255
52.6398 12.57 30.9722 -1.4106 -0.482418 -3.5 0 0.965415 -0.252897 173 173 255
10.631 -2.54475 60.4938 -0.256071 -0.00214526 1.56367 0 -0.545836 -0.693504 89 89 255
-0.747 2.9365 29.5793 -0.832194 -0.161862 -0.989927 0 -0.949542 -0.139257 3 3 255
28.8022 15.8515 51.6553 -0.270142 0 -3.5 0 0.803922 0.297686 6 6 255
45.913 -4.4295 25.3237 -0.980148 -0.00280779 -3.5 0 -0.748971 -0.0622875 109 109 255
11.6698 14.8495 13.7887 -0.197451 0 -0.7 0 0.179019 -0.370488 6 6 255
11.6637 25.173 46.2935 -1.42922 0 -3.5 0 0.11538 0.00642986 1 1 255
20.047 11.1973 16.2323 -0.0319659 0 1.9 0 -0.891564 -0.279152 255 210 210
2.183 20.0135 15.771 2.65418 0 -3.9 0 0.299414 0.843768 5 5 255
0.946 14.838 40.607 0.6399 0 -4.5 0 -0.897358 0.440566 5 5 255
20.57 13.428 43.423 2.16269 -0.0830548 -3.62316 0 -0.377986 0.923834 26 26 255
55.1415 -4.45175 28.9525 -0.0941915 0 -0.7 0 0.736788 -0.609862 4 4 255
28.7118 3.6795 27.8682 0.781462 -0.992923 -0.8 0 -0.85221 -0.513184 171 171 255
19.7733 4.15975 51.4585 -1.32124 -0.0605806 -1.3 0 -0.195061 -0.683308 19 19 255
45.8747 5.83775 45.3235 -0.326644 0 -2.77456 0 0.657355 -0.356997 17 17 255
3.39425 8.82225 48.0925 1.29417 0.75735 -3.9 0 -0.26278 -0.52227 15 15 255
29.7943 2.826 16.9037 0.642687 0 -4.5 0 -0.258825 -0.477072 255 193 193
33.891 8.19825 60.5477 -1.68625 -0.0367016 -3.5 0 0.660797 -0.544494 13 13 255
43.1455 12.9333 16.8022 0.0597467 0 -3.2 1 -0.901553 0.165581 255 8 8
14.626 2.9855 63.251 -0.299882 0 4.5 0 -0.0890843 0.18678 22 22 255
21.737 20.4925 14.0885 -0.842941 0 -3.5 0 0.473331 -0.653494 109 109 255
45.8368 0.6535 20.1763 0.107358 0 2.8 0 0.295468 -0.692785 255 252 252
-3.8185 7.9825 23.0725 -1.49095 -0.0138504 -3.5 0 -0.10591 -0.72124 0 0 255
33.1505 -10.502 43.19 -0.403154 0 -3.5 0 -0.475806 -0.813695 190 190 255
-1.6085 23.5847 28.1705 -1.38152 -0.2173 -4.5 0 -0.517127 0.538007 19 19 255
14.756 5.82925 51.711 0.965309 0 -3.9 0 0.686238 0.705361 104 104 255
41.4305 14.8577 22.8272 0.0608873 0 2.8 1 -0.474772 0.603324 255 5 5
21.315 5.2135 55.6295 -1.00471 -0.514271 -3.5 0 -0.139163 -0.340345 20 20 255
28.835 1.225 18.7715 -0.0204661 0 -4.5 0 -0.549006 -0.629733 130 130 255
-6.591 16.243 31.6925 0.249259 0 -4.5 0 -0.574192 0.322568 5 5 255
-2.29525 -4.80175 33.1867 -0.376775 0 -3.5 0 -0.900903 -0.146421 7 7 255
6.977 17.4685 46.52 -0.842404 0 -3.5 0 0.464675 -0.811706 27 27 255
34.4865 15.827 26.2335 0.695303 0.0280839 3.38275 1 0.641913 0.762632 255 12 12
-6.337 15.0868 31.976 0.0539025 0 -4.5 0 -0.504899 -0.106149 7 7 255
-4.047 20.276 35.4095 -1.30629 -0.213225 -3.5 0 -0.579569 -0.391809 42 42 255
-2.254 23.6765 29.5055 -0.971411 -0.0223334 -3.96928 0 -0.80955 0.479374 18 18 255
44.8785 3.1825 19.2222 0.61716 0.744766 2.8 1 -0.359517 -0.219905 255 47 47
12.6225 -0.40875 38.5175 0.545189 0 0.734505 0 0.622163 -0.76487 131 131 255
16.9013 32.598 27.3143 -0.0303501 0 -3.9 0 -0.321344 0.94675 4 4 255
11.9467 -1.66475 30.175 -0.183683 0 4.5 0 0.646797 -0.759666 66 66 255
32.8927 22.504 27.8452 0.0218175 0 4.00638 1 0.788904 0.289364 255 10 10
31.5387 -2.501 54.3047 -0.68354 0.239041 -3.2 0 0.460266 -0.420512 0 0 255
35.0975 -6.2165 49.713 0.0123807 0.25931 -3.5 0 -0.9156 -0.322235 17 17 255
18.7715 0.3325 22.6485 -0.304304 -0.680335 1.8 0 -0.239971 -0.946747 25 25 255
32.1123 -6.98925 41.7093 -0.323381 0 -3.79616 0 -0.968361 -0.229664 23 23 255
24.3902 17.8088 15.6065 -0.298975 0 4.5 0 0.0169856 0.00738723 255 117 117
42.0467 12.044 21.5535 0.0861364 0 2.8 1 -0.498027 -0.287227 255 1 1
29.3878 12.6243 40.7848 0.396035 0 -2.24547 0 -0.12756 0.741346 106 106 255
16.8635 18.729 45.313 0.390209 0 -1.6 0 0.520813 0.806942 37 37 255
35.5568 -5.68875 50.604 -0.0689707 0.339748 -3.5 0 -0.45819 0.0591507 17 17 255
54.089 7.53625 28.2957 -0.122198 0 -1.6 0 0.49601 -0.372066 32 32 255
16.5467 20.4897 41.114 0.266456 0 -3.5 0 0.731958 0.197967 80 80 255
36.686 -7.39325 48.1405 -0.452098 0 -3.5 0 -0.336631 -0.771896 31 31 255
7.3505 25.9147 21.198 0.808544 0 -3.9 0 0.816438 -0.1845 89 89 255
37.214 -8.903 36.2285 -0.0913781 0 -0.7 0 -0.0649821 0.0922006 47 47 255
33.319 10.4555 17.1885 0.398721 0 -0.9 0 0.440499 0.231892 255 88 88
-4.34 7.0965 24.1155 -0.520452 0 -3.5 0 -0.362264 -0.735863 0 0 255
20.4692 -2.209 40.2842 -1.34857 -0.274495 -2.09996 0 -0.382445 -0.666019 13 13 255
40.47 -1.671 17.103 -0.0159761 0 -4.5 0 -0.415376 -0.373318 255 94 94
27.218 11.324 32.968 0.922828 -0.21968 -1.55098 0 -0.655645 0.663321 255 231 231
2.1995 21.455 23.1365 -1.31323 0 3.8 0 -0.605752 0.794341 11 11 255
50.445 11.6853 49.6885 -0.218737 0 -3.5 0 0.937443 0.320132 4 4 255
50.3365 17.3498 29.3102 0.00260647 0 -3.9 1 -0.119381 0.854504 255 68 68
7.954 23.6515 37.1745 -0.247837 0 2.25068 0 0.168682 0.86439 4 4 255
15.7305 3.82725 63.139 -0.294187 0 4.5 0 0.126846 0.232845 18 18 255
11.7823 25.689 42.9437 -0.914766 0 -3.5 0 -0.111977 0.568259 1 1 255
32.7485 0.8405 21.2045 0.184316 -0.296566 -3.9 0 -0.104672 -0.740052 255 221 221
3.37175 7.94675 47.3338 0.342046 0 -3.9 0 -0.278974 -0.569942 8 8 255
-1.18325 24.0282 40.3745 1.49933 0.734743 -3.9 0 -0.075092 -0.338919 12 12 255
29.8349 -2.53338 50.7503 -0.969312 0 -3.2 0 -0.468571 -0.82514 3 3 255
44.9777 9.4685 20.921 -0.140236 -0.579383 -3.30896 1 -0.96428 0.25517 255 18 18
2.1095 22.8167 37.294 -0.230689 -0.336568 -2.49138 0 0.555577 0.254922 30 30 254
32.5177 11.805 58.2352 -1.95788 -0.705716 -3.5 0 0.12078 0.954783 10 10 255
42.3455 15.4375 23.1025 -0.368869 -0.84755 -3.13581 1 -0.369108 0.599463 255 9 9
42.6515 16.4065 23.4688 -1.22708 -0.281328 -3.5 1 -0.491446 0.656198 255 12 12
1.313 0.218 38.814 -0.12698 0 4.5 0 -0.72518 -0.222975 37 37 255
26.9783 1.58275 25.7868 1.98305 0.244542 -3.9 0 -0.574947 0.037959 200 200 255
13.6585 22.8512 40.062 -1.107 -0.277058 -3.5 0 0.0268965 0.999355 9 9 255
42.1527 -3.424 20.5187 0.603522 0.366434 -4.5 0 0.568169 -0.545121 123 123 255
-0.743 -5.4795 35.7935 -0.041639 0 -3.5 0 0.387169 -0.479234 24 24 255
42.7952 -5.297 26.7805 0.657775 0.460025 -0.7 0 0.226589 -0.44051 32 32 255
46.364 3.182 27.2305 0.0236675 0 -4.5 0 0.115913 -0.989975 103 103 255
22.2375 12.6637 53.3618 -0.407958 -0.217246 -2.74536 0 -0.402973 0.907367 9 9 255
31.974 25.2125 24.9055 -0.0647053 0 3.8 1 0.890284 0.303089 255 8 8
22.3285 22.6085 13.4377 -1.3788 -0.722943 -3.5 0 0.453988 0.267952 173 173 255
24.2925 27.3927 37.5525 0.362851 0 -3.2 0 0.7806 -0.237164 63 63 255
31.751 -6.45975 32.7738 1.78726 0.00370166 -3.9 0 0.344076 -0.322206 6 6 255
37.8795 11.8802 43.09 -0.235376 0 -0.991395 1 0.632126 0.773707 255 18 18
47.5817 8.49625 34.9345 -0.241776 0 4.2 0 0.559646 0.163417 255 54 54
22.2817 27.9715 37.899 0.240007 0 -3.2 0 -0.51391 0.175541 67 67 255
28.3622 1.9975 48.8047 -0.5506 0 1.9 0 -0.191837 -0.261602 6 6 255
45.7295 15.2935 33.2677 -0.353371 0 1.4588 1 0.00233451 0.779215 255 23 23
4.3655 18.7927 47.442 -1.13042 0 -3.5 0 -0.934528 0.0228483 6 6 255
13.5245 16.648 51.6992 -0.00874651 0 3.8 0 0.591724 -0.332414 255 153 153
0.8615 14.328 41.473 0.923229 0.0651175 -4.5 0 -0.882118 0.131529 3 3 255
19.2835 20.2665 35.4375 -0.0154939 0 -1.3 0 0.923841 0.0240885 150 150 255
29.036 15.3515 41.691 0.104228 0.885158 -3.2 0 0.566207 0.646373 119 119 255
35.225 -6.5775 36.0737 0.0713501 0 -2.0829 0 0.121532 -0.714539 33 33 255
47.1165 15.9972 53.5003 -1.48436 -0.416481 -3.5 0 0.691747 0.556018 7 7 255
-2.53675 5.3205 27.8097 -0.661174 -0.23887 -1.24487 0 -0.566327 -0.80431 0 0 255
21.7165 13.131 27.1775 -0.392317 -0.154297 -0.66385 0 0.743197 -0.437395 169 169 255
25.1057 18.608 29.2085 0.124232 0 1.8 1 0.454481 -0.0865329 255 32 32
47.5085 1.3315 29.1155 -0.845213 -0.0590566 4.2 0 -0.590462 -0.0771035 69 69 255
33.8052 -9.21775 44.8725 -0.312982 0 -3.5 0 -0.229323 -0.194293 255 242 242
41.1395 -5.8145 34.8475 -0.24272 -0.834684 4.04601 0 -0.0673715 -0.938503 57 57 255
28.0417 9.4655 34.3255 1.34144 0 -1.3 0 -0.931288 -0.237978 210 210 255
35.5235 -8.20925 44.2388 -0.473266 -0.339873 -3.5 0 0.326585 -0.224799 124 124 255
49.909 12.0225 48.444 -0.207924 0 -3.5 0 0.968989 0.246184 6 6 255
31.655 11.5195 55.6955 -1.07726 0 -3.5 0 0.0598394 0.953501 16 16 255
-3.14525 12.1508 22.8487 -0.243565 0 -3.9 0 -0.759648 0.441366 0 0 255
33.1323 7.54725 59.296 -1.73605 -0.525012 -3.5 0 0.449803 -0.873315 6 6 255
27.342 -6.49375 43.0423 -0.19204 0.26956 -3.5 0 0.641313 -0.764002 7 7 255
0.2315 1.5785 37.5112 -0.14703 0 4.5 0 -0.903835 0.114822 22 22 255
12.8722 3.03575 18.783 -0.239287 -0.145617 -2.53615 0 -0.222494 -0.548851 126 126 255
39.9615 3.72625 22.3692 0.164923 0 1.95174 1 -0.544146 0.498295 255 37 37
48.409 4.701 46.6995 -1.40379 -0.251847 -3.5 0 0.718012 0.694082 4 4 255
22.2822 6.05475 35.3607 2.10337 0.0738965 -0.314305 0 -0.267897 0.735194 85 85 255
12.807 -2.49775 61.181 0.378326 0 -3.2 0 0.0540074 -0.990412 74 74 255
28.5125 -1.925 51.2368 -0.591946 0 -3.2 0 -0.704326 -0.625364 5 5 255
25.0753 11.8357 12.9745 0.0861516 0 3.8 0 -0.280216 0.416555 255 239 239
39.3555 -4.258 20.4385 0.776545 0 -4.5 0 -0.12388 -0.991503 110 110 255
9.2835 -1.896 29.5588 -0.435411 0.0940932 -1.79078 0 0.0310852 -0.43859 34 34 255
34.9535 20.3515 25.6695 0.0892858 0 3.8 1 0.703528 -0.442379 255 10 10
28.014 -5.1635 46.507 -0.987165 0 -3.2 0 -0.138612 -0.703944 8 8 255
23.249 18.2025 49.72 0.115026 0 -1.6 0 0.602548 0.578158 2 2 255
49.5825 -0.07825 35.6845 0.365884 0 -3.9 0 0.931109 -0.346024 113 113 255
7.5575 22.0123 12.645 -0.441505 0 -3.2 0 -0.21787 0.376579 24 24 255
29.1908 -6.13375 32.6043 1.64977 0.106339 -3.9 0 -0.430461 -0.219391 6 6 255
29.4182 13.609 26.3388 0.668384 0 3.8 0 -0.457118 -0.541243 255 164 164
2.53875 21.7353 25.073 -0.399156 -0.588702 3.8 0 -0.523717 0.681673 24 24 255
16.5875 -1.0515 64.284 -0.0936983 0 -3.2 0 0.88284 -0.278163 33 33 255
22.0875 29.026 37.0552 -0.641326 0 -3.2 0 -0.628483 0.500843 82 82 254
-0.119 27.843 30.128 -0.106801 0 3.8 0 -0.477799 0.841556 59 59 255
-3.805 17.6912 28.533 0.580497 0 -4.5 0 -0.545735 0.0376681 5 5 255
13.292 10.3735 42.143 -1.97066 0 -3.5 0 -0.997642 -0.061252 247 247 255
53.846 15.14 27.0607 -1.02964 0 -3.5 0 0.510003 0.805279 255 35 35
24.1845 14.1163 29.2463 0.0412886 -0.0125897 -0.8 0 0.410028 -0.859487 255 240 240
30.6208 10.4333 52.1652 0.208549 0 0.652743 0 -0.0733453 0.975464 22 22 255
44.4263 13.075 34.1415 -0.546052 0 4.5 1 -0.992983 0.0137663 255 11 11
42.1455 -1.569 25.052 -1.21081 -0.0608818 -4.5 0 0.915351 -0.40263 195 195 255
15.1145 -1.92525 55.913 0.203334 0 -1.6 0 0.468579 -0.881865 122 122 255
33.6587 13.4327 36.8823 -0.223268 0 -1.3 1 0.146725 0.986097 255 37 37
13.2555 -1.2835 25.5037 -1.71571 -0.80061 -3.5 0 0.425387 -0.856911 54 54 255
10.134 1.79525 62.686 -1.13151 -0.74781 -3.2 0 -0.767395 -0.0034572 61 61 255
23.3337 5.413 55.1707 -0.998625 0 -1.77705 0 0.324231 0.0223592 8 8 255
31.8363 18.4365 28.2825 -0.124426 0 3.8 1 0.9555 0.0694982 255 7 7
3.7435 9.9295 22.305 -0.243845 0 0.63903 0 -0.244557 0.160904 5 5 255
45.892 11.243 15.795 -0.121448 0 -3.2 1 -0.130146 -0.0365478 255 45 45
1.33675 -4.2045 32.6432 -0.711923 0 -3.5 0 0.625851 -0.662939 18 18 255
21.253 3.5205 53.3853 -0.814725 0 -3.5 0 -0.82857 -0.40133 23 23 255
10.9122 12.6027 42.381 -0.417636 0 3.8 0 -0.449476 -0.881137 151 151 255
21.9525 21.4685 13.4195 -1.53397 -0.117024 -3.5 0 0.3785 -0.246907 106 106 255
35.441 4.0145 21.147 0.181853 0 4.5 0 0.144483 0.0384465 255 37 37
-1.778 6.8005 23.443 -0.260668 0 1.95582 0 -0.453397 -0.0009574 0 0 255
22.9515 22.75 21.641 -0.337278 0 4.2 0 0.925088 0.102188 208 208 255
14.6053 11.158 14.056 1.19541 0.445507 -0.7 0 0.513325 -0.677818 66 66 255
22.8302 12.1847 56.4175 -0.844483 -0.0117143 -3.5 0 0.104144 0.554383 14 14 255
0.77725 7.04875 20.721 0.0128657 0 -1.3 0 -0.580069 0.375499 6 6 255
39.869 0.54725 17.2682 0.664033 0.639377 -4.5 0 -0.658327 0.524132 255 22 22
34.495 13.5747 21.8065 -0.32892 -0.820186 -3.5 0 -0.33378 0.28509 255 66 66
19.8095 10.7065 33.1345 0.989697 0 -0.8 0 0.591615 -0.76061 41 41 255
51.051 16.6755 26.1545 0.253929 0.596152 -3.5 1 0.793381 0.599264 255 20 20
23.078 -2.08325 41.7175 0.171057 0.276349 -2.09968 0 -0.375945 -0.730085 19 19 255
12.528 2.0245 63.0267 -0.536428 0 2.50561 0 -0.130662 0.322725 38 38 254
0.5625 4.92325 20.867 0.938777 0.274209 -3.50017 0 -0.725709 0.341358 15 15 255
41.2552 1.80525 54.1927 1.65107 0.551541 -3.9 0 0.722415 -0.601074 0 0 255
24.3155 29.3845 37.1795 -0.399344 0.0448005 -3.2 0 0.703842 0.231199 80 80 255
27.981 14.89 52.781 -1.53598 0 -3.5 0 0.758709 0.272617 23 23 255
4.787 -0.73 25.4695 0.0636812 -0.521089 4.2 0 -0.383503 -0.859646 17 17 255
10.7723 18.0718 48.8997 -0.178584 0 3.8 0 -0.975808 0.192648 71 71 254
19.13 0.12525 47.8968 -0.266622 0 -1.6 0 0.102459 -0.820057 1 1 255
46.8473 10.4605 53.9282 -0.218632 0 -3.9 0 0.795361 -0.539412 2 2 255
4.75375 10.9335 43.2135 -0.00361138 -0.121539 -3.8086 0 0.541844 0.614415 7 7 255
47.237 15.917 37.506 -0.203403 -0.619298 4.5 1 -0.0159932 0.994358 255 82 82
39.0515 13.1035 46.1857 -0.95283 -0.580335 -0.7 0 -0.48283 0.71973 255 88 88
-0.7405 25.7865 29.6548 -0.189774 0 3.8 0 -0.796233 0.308087 19 19 254
35.868 -6.68725 27.0728 -2.10648 -0.73516 -3.5 0 0.970298 -0.133819 3 3 255
39.456 14.281 46.889 -0.859942 0 -3.5 0 -0.636004 0.432295 255 83 83
10.3953 8.219 44.5243 -0.996543 -0.086202 -2.9978 0 -0.131386 0.728455 51 51 255
8.19875 6.21925 48.6032 -0.175339 0 -3.5 0 -0.594736 -0.27551 21 21 255
42.7765 1.6705 48.499 0.255533 0.103764 -2.26795 0 0.127505 -0.811445 5 5 255
22.424 16.6175 15.3965 -0.534483 -0.236754 -3.64677 0 0.00515405 0.521731 255 225 225
46.894 14.962 15.917 0.325049 0 -3.2 0 0.289563 0.512116 255 57 57
14.1935 -0.91625 53.4647 -1.65524 0 -3.9 0 -0.552528 -0.535165 81 81 255
16.5705 14.3125 48.8605 0.968355 0.103782 -4.5 0 -0.263048 0.149515 193 193 255
1.91925 17.242 31.8862 -0.694148 -0.701067 -3.59335 0 -0.925966 0.12428 9 9 255
51.456 6.87375 31.5567 -0.500116 -0.220592 -0.7 0 0.736199 -0.562848 28 28 255
32.3223 14.357 31.6933 0.036915 0 3.8 1 0.554792 0.319571 255 82 82
8.171 31.026 26.5592 -0.108557 0 -0.4 0 0.196219 0.978068 46 46 255
25.3895 -6.331 34.586 -1.6659 0 -3.5 0 -0.563859 -0.695511 19 19 255
25.3158 3.357 24.7553 0.11018 -0.56642 -3.5 0 -0.499052 -0.671355 107 107 255
17.1335 13.371 13.544 -0.635989 -0.0836456 -4.37963 0 0.14418 -0.978962 112 112 254
49.9012 13.1372 47.7928 -0.196956 0 -3.5 0 0.953351 0.256719 8 8 255
35.756 14.47 39.8273 -0.173744 0 -1.3 1 0.623728 0.444788 255 61 61
22.873 21.683 13.964 -0.984325 -0 -3.5 0 0.827187 -0.135561 196 196 255
5.2115 21.5432 47.3138 -1.67129 -0.215702 -3.5 0 -0.404586 0.788965 1 1 255
31.8423 25.9985 24.115 -0.0794389 0 3.8 1 0.851437 0.488562 255 9 9
9.98 0.8045 24.4605 -0.291625 0 -3.5 0 -0.292667 -0.956213 95 95 255
46.7868 17.5965 26.844 0.096916 0 -3.5 1 -0.0795776 0.967079 255 27 27
43.1035 17.422 33.3405 -0.194525 0 -1.3 1 -0.232771 -0.294315 255 25 25
29.07 17.332 28.961 0.0661178 0 3.8 1 -0.282299 0.251151 255 15 15
45.815 3.7625 18.303 0.646027 0.295549 -0.186002 1 -0.542885 -0.442565 255 25 25
5.2765 -4.63975 35.4798 -0.233948 0 -3.5 0 0.218084 -0.974602 51 51 255
21.1225 25.921 33.4678 0.349183 0 -3.2 0 -0.24301 -0.943872 93 93 255
17.8735 18.0495 13.7125 0.718137 0.0244706 -3.5 0 0.0482425 0.817319 14 14 255
10.5985 31.0607 34.3695 1.16185 0.867836 -3.9 0 -0.718059 0.671999 227 227 255
27.0965 27.7292 32.9622 -1.18191 -0.791128 -3.5 0 0.347486 -0.159376 255 175 175
13.392 1.6835 55.965 0.0344796 0 -1.6 0 -0.939639 0.314176 68 68 255
6.4235 3.347 16.9275 0.0202288 0 4.5 0 -0.53122 -0.373532 100 100 254
43.353 14.9902 37.2885 -0.123752 0 4.5 1 -0.733067 0.630777 255 25 25
35.13 21.6042 26.522 0.0304814 0 3.8 1 0.82885 0.0600758 255 8 8
18.656 16.721 9.8645 -0.926971 -0.778081 -3.5 0 0.732118 0.641451 10 10 255
0.65025 1.6 18.628 1.62579 0.684665 -3.9 0 -0.41565 -0.607175 58 58 255
11.9593 2.6115 51.6048 -0.188293 0 -3.9 0 -0.734873 -0.664193 179 179 255
54.1413 14.5343 44.5317 1.40681 0.781734 -3.9 0 0.336829 0.745331 2 2 255
15.657 4.696 53.862 -0.0493773 0 -3.9 0 -0.227524 0.75751 41 41 255
1.753 20.8727 25.6313 -0.199547 0.843415 -4.5 0 -0.806822 0.283851 32 32 255
-1.17325 22.9853 39.7805 0.549433 0.0820013 -3.9 0 -0.415098 -0.373885 14 14 255
6.9465 -0.976 25.5005 -0.553614 -0.0390216 4.2 0 0.423252 -0.882205 93 93 255
40.215 3.176 56.071 0.124288 0 -3.9 0 0.227069 -0.410441 0 0 255
11.5197 -5.109 55.45 -0.260976 0 3.8 0 0.160054 -0.449041 255 211 211
33.0602 18.2882 23.179 0.443741 0 3.8 0 0.186656 -0.594123 255 3 3
50.35 1.216 47.019 0.274583 0.571557 -3.5 0 0.980951 -0.0544881 20 20 255
17.0513 32.258 26.0998 0.0806101 0 -3.9 0 -0.145589 0.846409 11 11 255
31.5765 10.6228 60.08 -1.73933 -0.0806658 -3.5 0 -0.694041 0.384034 19 19 255
15.5265 28.4 35.4335 -1.08038 -0.231183 -0.4 0 0.14021 -0.007124 44 44 255
42.7433 7.4645 54.9258 0.182093 0 -1.3 0 0.719127 -0.645451 1 1 255
53.6025 14.1025 34.551 -1.03752 -0.0731169 -3.5 0 0.65153 0.657246 224 224 255
49.2585 12.2747 19.2227 0.578194 0 1.48069 0 0.566141 0.551015 255 113 113
12.7443 -1.416 44.5117 -0.252877 0 -3.9 0 0.189137 -0.963356 67 67 255
13.8217 20.0327 47.4588 0.306672 0 3.8 0 0.557526 0.756378 17 17 255
52.9992 11.9692 20.3743 -1.21054 -0.299171 -4.5 0 0.803716 0.12223 250 250 255
2.831 21.4473 24.0502 -2.0656 -0.885871 3.8 0 -0.480796 0.876831 12 12 255
6.877 -5.42925 32.4185 -0.100309 0 -3.5 0 -0.156952 -0.970663 54 54 255
22.598 1.756 29.114 -0.0746681 0 -3.9 0 0.409676 -0.863791 110 110 255
-3.441 6.18375 28.6525 -0.371522 -0.124269 -1.65427 0 -0.859706 -0.482253 1 1 255
28.851 -6.11875 44.8405 -0.430185 0 -3.2 0 0.137852 -0.951361 8 8 255
26.385 0.455 25.4865 3.27226 0 -3.9 0 -0.627945 -0.122935 211 211 255
15.3483 -2.20975 64.1472 -0.258983 0 -3.2 0 0.174035 -0.911888 78 78 255
45.4625 4.99363 49.843 -0.295475 0 4.2 0 0.542777 -0.55019 1 1 255
8.0455 30.4088 25.6187 -0.243822 0 -0.4 0 -0.0777732 0.867297 54 54 255
44.1485 1.8675 25.026 0.881795 0.122209 -4.5 0 0.478661 -0.835037 146 146 255
31.552 12.1605 21.9937 0.219512 0 -0.9 0 0.002875 0.979225 192 192 255
22.3025 7.2235 13.629 0.704452 0 1.9 0 0.0215887 -0.524984 164 164 255
44.6085 15.685 37.6823 -0.0840754 0 4.5 1 -0.375637 0.923984 255 36 36
48.9217 -6.42475 28.0572 0.155317 0 -3.5 0 0.513314 -0.410082 72 72 255
20.073 14.856 34.765 0.587044 0.817612 -0.8 0 0.239292 0.958127 83 83 255
5.091 22.093 41.3095 -0.00857067 0 -3.9 0 -0.93958 0.297593 0 0 254
-2.602 17.9193 27.7327 0.132202 0 -4.5 0 -0.306497 -0.0303173 7 7 255
30.9088 -8.60675 35.0643 1.19412 0.0355334 -3.9 0 0.0832165 -0.993001 24 24 255
28.353 0.0395 52.3302 -0.364182 0 -3.2 0 -0.668646 0.742217 5 5 255
21.394 -1.818 28.8463 1.40586 0.868251 -3.9 0 0.868689 -0.285855 144 144 255
39.7267 -0.735 51.0715 -2.14539 -0.20132 -3.5 0 0.840132 -0.106378 12 12 255
34.1195 14.632 45.9545 -0.228345 0 -1.3 0 0.352522 0.807578 224 224 255
12.3138 2.972 50.3462 -0.246102 0 -3.9 0 -0.636094 -0.710822 180 180 255
27.643 17.5748 50.8415 -0.130574 0 -3.5 0 0.363987 0.915522 1 1 255
51.2615 4.75325 23.251 0.26948 0 -1.6 0 0.79132 0.479815 24 24 255
32.5563 -1.18175 21.8908 0.185514 0 -3.9 0 -0.0124472 -0.488999 164 164 255
5.39725 21.0158 44.912 -0.876217 -0.132951 -3.5 0 -0.841617 0.537974 1 1 255
32.8688 -9.609 43.9325 -0.322636 0 -3.5 0 -0.708603 -0.37619 248 248 255
33.7565 0.759 56.6475 -0.53227 0 -3.5 0 0.457207 -0.833579 3 3 255
26.482 -6.8705 34.755 -1.36252 0 -3.5 0 -0.311721 -0.921346 18 18 255
31.432 20.704 23.191 0.3473 0 3.8 1 0.0160527 -0.0432036 255 6 6
6.00875 -0.02375 23.0392 -0.772923 -0.137822 -2.44241 0 0.0449421 -0.876476 54 54 255
47.88 1.0595 24.1577 -0.87495 -0.117996 -1.6 0 -0.696442 -0.398544 91 91 255
19.5385 23.939 20.1215 -0.113725 0 4.2 0 -0.00505045 0.924288 127 127 255
8.9655 -4.704 39.626 -1.30269 0 -3.5 0 -0.0694641 -0.757473 43 43 255
32.6642 5.1175 56.8773 -1.2235 -0.228075 -3.5 0 -0.122718 -0.0709374 10 10 255
42.8872 -4.06075 45.096 1.52508 0 -3.9 0 0.975463 -0.217108 7 7 255
21.6015 12.5057 56.0897 -1.25228 -0.0888693 -3.5 0 -0.501577 0.532827 13 13 255
41.6575 8.28425 34.8293 -0.329487 0 -0.7 1 0.262535 0.915602 255 0 0
16.381 4.92875 51.1068 -1.12867 0.0625443 -3.1674 0 -0.15874 0.984895 105 105 255
33.9618 -3.35975 23.8048 -0.025072 0 -3.5281 0 -0.262429 -0.433524 62 62 255
0.2575 -5.52625 31.9627 -1.27591 -0.538085 -3.5 0 0.451301 -0.827658 8 8 255
29.132 25.8862 22.623 -0.193375 0 3.8 0 -0.184729 0.771754 255 141 141
44.817 1.1315 22.967 -0.0740189 0 2.8 0 0.157358 -0.706185 134 134 255
51.862 15.7712 43.8345 0.0466842 0 -3.9 0 0.0141424 0.91196 9 9 255
19.9825 24.9785 21.7103 -0.68148 -0.191613 1.94838 0 -0.077176 0.476896 58 58 255
18.4287 5.29275 15.9895 0.258612 0 -3.5 0 -0.0965736 0.185216 118 118 255
52.8015 19.8403 31.7785 0.209128 0 -3.9 1 0.0556526 0.913941 255 110 110
20.2365 9.1805 14.2745 0.094867 0 1.9 0 -0.861981 0.367618 255 212 212
43.1855 18.392 33.639 -0.206327 0 -1.3 1 -0.205702 -0.237263 255 47 47
13.4515 -2.7345 35.558 -0.229489 0 1.8 0 0.823558 -0.509049 104 104 255
30.353 16.851 47.764 0.0578657 0 -3.9 0 0.634506 0.476114 23 23 255
14.9292 14.7505 9.66025 -0.274732 0 -3.5 0 -0.90178 0.346471 24 24 255
4.7345 17.8722 47.9372 -1.68937 -0.0132221 -3.5 0 -0.716731 -0.564881 17 17 255
0.7785 -4.459 31.5465 -1.33983 -0.198372 -3.5 0 0.694451 -0.345636 11 11 255
46.898 -6.889 27.558 0.677949 0.669386 -3.5 0 -0.486261 -0.777708 53 53 255
13.1652 -0.5315 23.4568 -1.36903 0 -3.5 0 0.15024 -0.830183 63 63 255
15.464 24.934 21.725 -0.763216 -0.748182 2.8 0 -0.128464 0.782507 86 86 255
17.292 29.775 35.1362 0.0654765 0 -0.4 0 0.26854 -0.0545962 42 42 255
31.2425 0.554 57.1782 -1.77345 -0.0260323 -3.5 0 -0.180379 -0.977458 6 6 255
37.6895 -0.95275 20.1928 0.503581 0.0337001 -4.5 0 -0.804561 0.11628 255 135 135
22.7822 13.1412 33.5807 0.233295 -0.723268 -0.8 0 0.58544 -0.47024 114 114 255
4.01675 22.8167 25.6747 -0.441514 0 3.8 0 -0.460589 0.225499 185 185 255
52.1553 5.11375 27.052 -0.865282 -0.847978 -0.8 0 0.948121 -0.276121 26 26 255
20.4185 -1.4095 30.104 1.43151 0.006872 -3.9 0 0.78375 -0.107133 137 137 255
36.9917 -8.51325 43.919 -1.26175 -0.48216 -3.5 0 0.388916 -0.135765 163 163 255
39.9707 -0.02375 48.8988 -1.50652 -0.0594468 1.7984 0 0.962899 -0.242676 11 11 255
20.3153 1.73425 17.3568 0.346894 0 -3.5 0 0.142871 -0.804267 140 140 255
33.666 4.7175 56.838 -0.670486 0 -3.5 0 0.352742 0.0767703 6 6 255
13.3075 26.3137 44.019 -1.67789 -0.839279 -3.5 0 0.659876 0.749118 1 1 255
8.08925 -0.9385 47.144 -0.317657 0 -0.7 0 -0.270923 -0.735909 89 89 255
9.5815 24.2358 35.5225 0.229206 0 3.21443 0 0.0496448 0.641034 19 19 255
17.6725 8.91175 16.6908 -0.13923 0.651629 -2.97874 0 -0.159643 0.232441 255 240 240
26.2262 2.88075 53.058 -2.00601 -0.448943 -0.4 0 0.56732 -0.479124 10 10 255
9.2155 -0.76625 59.3895 -1.25784 -0.513668 3.8 0 -0.968511 0.245161 80 80 255
24.509 13.521 39.506 0.723435 0 -0.7 0 0.62114 0.394177 167 167 255
48.3035 -6.6665 25.9998 -0.249172 0 -3.5 0 0.0296232 -0.823451 87 87 255
47.251 9.61 15.913 0.176083 0 -3.2 1 0.294364 -0.163003 255 94 94
24.3708 7.104 32.4782 2.08727 0 -4.46019 0 -0.648372 0.695431 74 74 255
33.486 -2.003 22.3555 0.0371381 0 -3.9 0 -0.106274 -0.782313 138 138 255
32.018 6.36975 17.9405 0.352391 0 -4.5 0 0.869709 0.00766593 255 15 15
24.5063 0.589 49.8418 -0.384141 0.272503 1.9 0 0.570632 -0.807213 3 3 254
49.8415 8.25825 15.923 -0.797935 -0.531442 -3.5 0 0.285389 0.660468 162 162 255
18.535 15.679 8.704 -0.645514 -0 -3.5 0 0.623635 0.247551 12 12 255
5.1885 -2.956 40.3703 -0.257222 0 -3.5 0 -0.498336 -0.734847 99 99 255
22.4305 8.46075 35.9762 2.35025 0.639569 -0.7 0 0.250978 0.207452 75 75 255
31.9342 -4.2855 26.397 -0.939694 -0.150264 -3.5 0 -0.916913 -0.062541 29 29 255
23.016 15.4132 38.2188 1.60292 0.505254 -0.7 0 0.320142 0.764453 176 176 255
47.6515 2.1245 20.1162 -0.0642699 0 2.8 0 0.289935 -0.65543 255 223 223
41.546 13.033 31.447 0.397022 0 -0.4 1 -0.159007 0.233592 255 8 8
56.527 0.391 24.6345 -1.17964 -0.111836 -3.5 0 0.709788 0.100277 4 4 255
51.1377 12.524 19.9795 -0.286637 -0.270952 -4.5 0 0.307269 0.47875 255 135 135
-3.74975 6.0145 27.641 -1.0769 -0.128265 -3.5 0 -0.799262 -0.47223 0 0 255
18.3183 29.7307 34.6265 0.017436 0 -0.4 0 0.437611 0.0922661 45 45 255
24.4202 0.77925 31.7458 0.568765 0 -4.5 0 -0.511699 -0.744544 50 50 255
49.203 -0.9335 35.2005 0.0124232 0 -3.9 0 0.548667 -0.833849 125 125 255
-1.828 14.1427 35.2902 0.383299 0.384057 -3.5 0 -0.825297 0.517014 4 4 255
52.7923 10.361 20.1845 -0.158464 0 1.8 0 0.898734 0.0152561 153 153 255
19.2978 22.594 34.6635 -0.646629 -0.895048 -1.3 0 0.816862 0.347855 183 183 255
12.3285 3.32 53.6005 -0.0796163 0 -3.9 0 -0.737641 -0.30727 81 81 255
31.6747 11.248 23.5705 0.669085 -0.088925 -1.04965 0 -0.789739 0.148765 255 245 245
-4.60875 6.69275 25.4263 -0.425141 -0.139707 -3.5 0 -0.786206 -0.607146 0 0 255
21.436 -4.186 39.4142 -1.75255 -0.0658254 -3.5 0 -0.0945702 -0.903666 12 12 255
22.3995 4.59125 15.0525 -1.06504 -0.633645 -3.5 0 -0.367196 -0.411797 255 234 234
20.115 14.6722 36.566 0.572269 0 -0.8 0 0.590839 0.798275 174 174 255
31.7025 0.589 21.116 0.460523 0.308681 -4.19741 0 0.320118 -0.683532 255 231 231
4.7825 28.6565 22.38 0.52728 0 -3.9 0 -0.678729 0.716565 89 89 255
38.5985 -3.2385 18.934 0.449178 0 -4.5 0 -0.427909 -0.33953 255 219 219
16.3875 -1.9365 63.2815 -0.552139 0 -3.2 0 0.607761 -0.749507 57 57 255
36.6645 11.904 38.007 -0.0191332 0 -1.3 1 0.619548 0.782756 255 13 13
51.801 7.679 32.6855 -0.18834 0 -0.7 0 0.750377 -0.515162 42 42 255
6.25175 22.3892 13.4353 -0.821239 0 -3.2 0 -0.508894 0.316484 10 10 255
27.928 8.245 34.1958 1.14384 0 -3.2527 0 -0.742786 0.473182 204 204 255
42.4295 -6.6515 38.2355 -0.584902 -0.906654 -1.58147 0 0.452656 -0.737018 32 32 255
28.327 13.8595 53.2675 -1.86837 -0.62651 -3.5 0 0.84635 0.264026 33 33 255
6.1015 28.7738 19.905 1.04576 0 -3.9 0 -0.189172 0.545553 60 60 255
40.2113 12.1632 22.7725 -0.376067 -0.148717 2.8 1 -0.456205 -0.343003 255 2 2
43.4403 -1.8325 18.159 0.564765 0.335974 -4.5 0 0.927435 0.161753 255 214 214
28.3377 28.5975 30.8915 0.30779 0 -3.5 1 0.976119 0.0253683 255 68 68
17.3565 3.9985 55.3293 -0.278237 0 -1.6 0 0.786459 0.551144 30 30 255
33.423 -2.904 51.0555 -0.272459 0 -3.2 0 0.313803 -0.917041 5 5 255
12.544 -1.428 39.393 1.99276 0 -3.9 0 0.743646 -0.389381 121 121 255
6.29488 16.9207 45.2449 -0.256171 0 -3.5 0 0.0631259 -0.959051 16 16 255
18.3545 5.132 54.571 -0.247577 0 -3.5 0 0.0128052 -0.750895 46 46 255
-0.795375 12.9742 21.5375 0.702668 0 -3.9 0 -0.161077 0.204291 0 0 255
29.6375 14.5175 42.398 -0.153952 0.319918 -3.2 0 0.955877 0.260566 111 111 255
40.0044 -6.7735 42.6279 0.0809251 0 -3.9 0 0.648789 -0.752941 109 109 255
39.2445 13.5778 53.3091 1.41287 0 -0.4 0 0.523824 0.152151 15 15 255
29.463 12.3094 50.1539 -0.142635 0 3.8 0 0.712927 0.531757 14 14 255
46.355 17.9185 49.969 -0.204976 0 -3.5 0 0.0105887 0.907233 123 123 255
32.515 14.7385 42.785 -0.0191438 0 -1.3 0 -0.992935 0.110825 240 240 255
27.1176 11.9416 38.7957 0.575738 0 4.2 0 0.00784866 0.999493 206 206 255
46.0479 16.0745 17.8424 0.235351 0.656153 -4.35085 0 -0.402753 0.776513 255 40 40
34.3194 19.4315 23.0079 0.209011 0 3.8 1 0.453938 -0.686546 255 5 5
-0.4505 16.5439 26.3213 -0.483682 -0.181044 1.9 0 -0.669007 0.672991 8 8 255
11.3846 26.8435 30.7344 0.140205 0 -3.9 0 0.082217 0.672144 117 117 255
20.7785 -1.76675 26.6127 1.26638 0 -3.9 0 0.571852 -0.742858 69 69 255
29.5952 13.993 48.9935 0.796717 0 -3.9 0 0.634395 -0.10391 5 5 255
4.67425 3.85737 42.3792 0.0629025 0 -3.5 0 -0.911389 -0.405449 28 28 255
10.423 29.4374 25.9885 0.481997 0 -3.5 0 0.462613 0.88455 18 18 255
24.2078 -5.07475 41.7938 0.171097 0 -3.5 0 -0.861526 0.155126 20 20 255
22.1189 1.846 30.1217 -1.32925 -0.365482 -3.9 0 0.167973 -0.973356 117 117 255
17.3725 7.4865 55.0713 -0.403411 0 -3.5 0 -0.66328 -0.0169288 33 33 255
40.0235 -4.9445 48.143 0.662274 0 -3.55606 0 0.393317 -0.0228528 6 6 255
24.762 -0.71675 52.0272 -2.22842 -0.513825 -3.5 0 0.930382 -0.310382 4 4 255
47.7624 3.38238 40.97 0.339048 0.1817 -3.5 0 0.70903 -0.273697 66 66 255
26.14 12.229 39.456 0.620781 0 4.2 0 0.124045 0.939822 231 231 255
28.414 27.737 29.895 0.159667 0 -3.5 1 0.989859 -0.099861 255 39 39
17.242 3.211 62.8976 -0.264829 0 4.5 0 0.362969 0.311586 14 14 254
12.7301 -0.54775 30.122 -0.175155 0 4.5 0 0.780944 -0.621301 122 122 255
47.7368 11.2142 35.2897 -0.0223674 0.936145 -3.5 0 0.0143125 -0.781376 255 31 31
36.987 -1.649 21.227 0.403417 0 -4.5 0 -0.731515 -0.395367 227 227 255
31.479 11.2391 26.9741 -0.119418 -0.0166266 -0.8 0 -0.782391 0.062419 255 216 216
32.1426 -7.38237 40.0477 0.443892 0 -3.9 0 -0.796409 -0.416544 11 11 255
26.287 19.6866 29.3407 -0.542607 0 1.8 1 0.169345 -0.421712 255 10 10
29.1495 1.9385 26.625 0.815332 0.195578 -2.69392 0 -0.843078 -0.0346472 226 226 255
-2.364 24.561 31.303 -0.140899 0 -3.5 0 -0.741966 0.640801 94 94 255
27.7812 16.0352 52.584 -0.582319 0 -3.5 0 0.685812 0.443112 10 10 255
8.80606 27.4374 44.2184 3.22411 0 -3.9 0 0.442648 0.795539 0 0 255
30.2346 26.8762 23.5627 -0.153045 0 3.8 0 0.246425 0.812636 255 107 107
43.6376 1.16813 48.0986 -0.100217 0 -3.5 0 0.00149125 -0.542892 7 7 255
24.4893 -3.978 35.1894 -0.809375 -0.0947561 -3.5 0 -0.644894 -0.27594 13 13 255
51.821 10.331 19.321 0.0767989 0 1.8 0 0.594879 0.243658 175 175 255
33.0416 15.8217 41.8429 0.0348457 -0.000218731 -1.3 0 -0.916417 0.389514 227 227 255
13.9257 -0.888625 41.4238 0.0928648 0 -3.9 0 0.852812 -0.521725 36 36 255
46.1155 4.51725 17.2607 0.389817 0 -3.5 1 -0.68293 -0.482541 255 26 26
33.7541 -2.34713 51.8395 -0.119651 0 -3.2 0 0.566742 -0.652744 4 4 255
10.839 0.9105 47.7865 -0.318886 -0.0698795 -0.7 0 0.0986137 -0.0647023 120 120 255
43.114 0.988 25.577 0.557334 0.456123 -4.5 0 0.740782 -0.620573 169 169 255
6.06913 26.0201 43.5754 1.32409 0 -3.9 0 -0.859519 0.363639 0 0 255
44.1014 12.9234 56.2096 1.06699 0 -3.9 0 -0.651383 -0.0537604 3 3 255
20.8549 28.8791 34.4701 -0.376563 -0.25074 -3.2 0 -0.629909 -0.0108757 150 150 255
21.8854 15.5419 14.1978 1.18535 0 -4.5 0 0.160231 0.682555 243 243 255
26.6206 -2.62188 32.6348 0.589176 0 -3.5 0 -0.683781 0.0293359 38 38 255
38.4707 -9.08175 41.2752 -0.351914 -0.250458 -0.7 0 0.813715 -0.300733 242 242 255
15.923 10.364 49.4697 0.987761 0 -4.5 0 0.0780108 -0.296711 167 167 255
30.5845 25.0604 26.3993 -0.0217585 0 3.8 1 0.628377 0.496177 255 25 25
11.0464 8.244 41.5892 -0.527718 0 2.8 0 -0.24538 0.920535 119 119 255
47.598 8.284 51.066 -2.52787 -0.381294 -3.5 0 0.00342004 -0.803622 1 1 255
51.282 -2.95 24.547 0.792012 0 -3.5 0 0.593808 -0.759447 26 26 255
16.4594 1.16513 41.428 -0.506606 0 2.8 0 -0.268845 -0.879429 14 14 255
7.709 25.53 22.135 0.224851 0 -3.9 0 0.830298 -0.223881 117 117 255
19.373 5.267 54.812 -0.280227 0 -3.5 0 -0.212142 -0.719111 39 39 255
23.6835 17.9722 43.869 0.14218 -0.0848887 -3.5 0 0.184581 0.558975 68 68 255
26.7675 22.5825 20.1777 -0.212898 0 4.5 0 -0.524684 0.683057 255 169 169
-1.74225 9.2925 30.7351 -0.247218 0.0151543 -0.835727 0 -0.6305 0.748719 12 12 255
53.7076 19.6413 30.579 0.930253 0 -3.9 1 0.185313 0.967884 255 117 117
29.1025 15.7099 42.7194 0.0948934 0.328832 -3.2 0 0.592481 0.630805 99 99 255
36.7419 -3.21425 24.7524 -0.238358 0 -3.98557 0 0.532003 -0.813546 85 85 255
33.166 -4.11125 48.6693 -0.248217 0 -3.5 0 -0.659289 -0.602851 14 14 255
27.7997 -0.37025 48.5812 0.0979505 0 1.9 0 -0.62518 -0.456298 5 5 255
31.4855 8.1335 59.3375 -1.51222 -0.110366 -3.5 0 -0.705786 -0.5633 10 10 255
40.4566 10.316 24.3899 0.359594 0 -3.5 1 -0.397798 -0.292454 255 2 2
27.1625 3.3205 18.5479 0.422178 0 -4.5 0 -0.240876 -0.897206 92 92 255
7.12375 5.519 16.7795 -0.0732706 0 4.5 0 -0.0631219 -0.0130954 69 69 255
10.328 28.49 30.869 -0.554912 0 -3.88567 0 0.503553 0.603584 147 147 255
22.7085 31.5975 32.2668 -0.122045 0 -3.5 0 0.281228 0.746966 64 64 255
44.2023 14.6555 55.2505 0.995854 0 -3.9 0 -0.629944 0.726961 16 16 255
32.208 4.771 18.296 0.382672 0 -4.5 0 0.965438 -0.0147655 255 34 34
13.7939 16.6978 12.0295 -0.328668 -0.0293448 -3.5 0 -0.176274 0.00200088 13 13 255
47.982 5.025 41.2707 0.489729 0.394543 -3.5 0 0.879887 0.117634 55 55 255
-1.48725 0.831125 28.7717 0.224582 0 -1.6 0 -0.96052 -0.0589025 20 20 255
19.3 4.729 16.027 -0.130779 0 -3.5 0 0.261642 0.00713243 127 127 255
32.3345 0.6405 55.8973 -1.07578 0 -3.5 0 0.136574 -0.989185 3 3 254
34.2406 19.0571 25.8204 0.213231 0 3.8 1 0.637356 -0.361808 255 5 5
42.1525 13.3355 21.4513 0.190692 0 2.8 1 -0.684142 0.283866 255 3 3
16.6755 12.71 15.4135 -0.523961 -0.186347 -2.32674 0 0.437155 -0.852465 130 130 255
5.429 10.2025 43.6982 0.0507952 0 -3.68771 0 0.597982 0.67653 13 13 255
48.2212 -0.566 31.8395 -0.530422 0 3.509 0 0.0114573 -0.995463 107 107 255
13.9423 28.3573 35.2393 -0.22833 -0.2853 -0.4 0 0.0626355 -0.139586 41 41 255
27.2035 15.2379 53.4512 -1.39001 0 -3.5 0 0.501861 0.343734 28 28 255
12.8206 11.5391 42.4105 -1.10662 -0.498091 -2.28738 0 -0.732557 -0.679882 224 224 255
32.0901 14.7031 43.8783 -0.00749194 0 -1.60605 0 -0.536319 -0.275953 181 181 255
-0.070375 17.5469 35.9475 -0.684737 0 -1.95707 0 -0.930662 -0.000961242 11 11 255
21.032 0.9 22.522 -0.9451 0 1.8 0 0.776992 -0.535751 48 48 255
26.4725 13.223 15.5845 0.091065 0.0617243 -3.83778 0 0.398408 0.403066 255 29 29
23.9422 28.8124 26.6676 -0.810669 0 -3.5 0 0.785548 0.0237598 179 179 255
30.1449 3.81687 52.4666 -0.0278404 0 0.0859671 0 -0.46243 -0.770472 1 1 255
15.4014 -0.92925 33.5864 -0.340862 0 -3.5 0 0.149732 -0.939872 227 227 255
30.827 -5.84113 32.3085 1.18935 0.380846 -3.9 0 0.125424 -0.0682503 4 4 255
53.525 -2.475 25.7838 -0.0378749 0 -2.05833 0 0.243288 -0.883674 12 12 255
9.608 15.0741 44.083 0.0835874 0 3.8 0 -0.652129 -0.299898 37 37 255
23.773 22.7048 33.5713 0.466989 0 -3.9 0 0.0977006 0.311999 255 167 167
25.7743 12.0247 55.2682 -0.2772 0 -3.5 0 0.447593 0.617348 19 19 255
22.7822 10.93 26.6185 -0.729776 0 -3.5 0 0.561955 0.266767 192 192 255
15.2932 18.0998 47.5849 0.814965 -0.179766 -2.738 0 0.441339 0.802115 50 50 255
45.288 15.2549 39.5257 -0.0064275 0 4.5 0 -0.18555 0.818645 255 86 86
3.3845 27.4597 27.491 0.222785 0 2.6689 0 -0.536189 0.815031 130 130 255
43.9297 0.806875 40.4345 0.124597 0 -1.97197 0 0.290982 -0.635433 46 46 255
29.9365 10.5325 57.6855 -0.655511 0 -3.5 0 -0.592803 0.642112 22 22 255
32.0889 23.4971 22.5076 -0.0344755 0 3.8 1 0.776724 0.258441 255 6 6
1.33325 25.1345 38.9871 1.74681 0.945922 -3.9 0 0.978016 0.193861 41 41 255
19.9688 29.8729 25.3636 0.146359 0 -3.9 0 0.695931 0.662328 66 66 255
4.156 13.079 21.423 0.103996 0 1.9 0 -0.8657 -0.0848979 8 8 255
28.5344 13.54 51.0182 -0.594863 0 -1.70961 0 0.921877 0.0628892 13 13 255
52.5079 2.47725 27.1484 -0.113954 0 4.2 0 0.922593 0.328042 37 37 255
24.422 1.7405 53.8936 -1.45589 -0.0764544 -3.5 0 0.429797 0.314808 11 11 255
46.8469 1.91025 40.6646 0.322019 0 -3.5 0 0.719372 -0.158854 60 60 255
-5.6185 14.386 31.96 0.0932308 0.0956403 -4.5 0 -0.0692673 -0.427265 10 10 255
20.8001 23.2124 15.8871 -1.1592 0 -3.5 0 0.0342621 0.999212 209 209 255
31.3288 -1.194 54.5485 -0.750708 0 -3.2 0 0.337024 -0.176923 1 1 255
47.3015 3.56725 37.1755 0.103009 0 -3.9 0 0.628603 0.705897 107 107 255
14.2075 16.9056 50.546 0.0649273 0 3.8 0 0.805991 -0.00945355 255 247 247
0.04925 25.3431 28.7518 -0.201779 0 3.8 0 -0.605981 0.393306 13 13 255
1.44463 15.9685 40.703 0.6237 0.313597 -4.5 0 -0.874623 0.479848 5 5 255
0.555625 14.4474 21.5287 0.181367 0 -3.9 0 0.19405 -0.252698 1 1 255
-0.33075 2.93462 22.2511 0.461308 0 4.5 0 -0.3851 -0.894202 12 12 255
7.31325 12.9003 42.0835 -0.518408 -0.0344955 -3.5 0 0.0725043 -0.00584275 15 15 255
28.5979 6.07163 16.438 0.403701 0 -3.76872 0 0.0931019 -0.138276 255 39 39
26.783 20.5445 44.8035 2.74031 0 -3.9 0 -0.593754 0.684185 35 35 255
18.2957 14.6746 49.6305 1.245 0.506644 -3.96906 0 -0.404372 -0.0574256 45 45 255
26.7855 11.271 32.0555 0.67284 -0.766168 -1.45232 0 -0.788082 0.541852 255 244 244
14.274 -0.082 25.074 -2.02231 -0.392981 -3.5 0 0.6613 -0.683591 28 28 255
32.249 13.4672 48.3045 -0.734328 0 -0.7 0 0.309515 0.402642 53 53 255
4.66625 23.589 36.622 -0.336777 0 4.5 0 -0.379596 0.350141 27 27 255
-0.268375 9.94837 39.0019 -0.93057 -0.950624 -3.5 0 -0.672003 -0.0569496 1 1 255
2.84538 16.8516 43.006 0.0925674 0 -4.5 0 -0.580705 0.115197 1 1 255
5.38888 17.1655 15.7151 1.05254 0 -3.24154 0 -0.559248 -0.272327 13 13 255
38.859 16.3471 49.2276 -1.53025 -0.465584 -3.5 0 -0.352657 0.93449 255 201 201
24.834 15.5293 42.7804 1.19077 0 -3.2 0 -0.115768 0.607915 70 70 255
9.13163 11.3651 41.4367 -0.041829 0 -3.5 0 0.525942 -0.208168 44 44 255
-3.0555 20.813 36.1155 -0.940804 -0.0242633 -3.87747 0 -0.54626 -0.473896 35 35 255
29.0335 14.8848 51.1992 -0.281477 0 -3.5 0 0.95334 -0.114255 6 6 255
-1.45175 24.5742 34.8913 -0.763891 -0.000697866 -3.5 0 -0.53098 0.834768 149 149 255
52.646 6.0155 24.906 0.180093 -0.167316 -0.8 0 0.670449 -0.439127 19 19 255
49.4767 8.30275 45.2715 -0.0517127 0 -0.9 0 0.675511 -0.534566 13 13 255
3.659 11.4654 45.2635 1.53362 0 -3.9 0 -0.0561407 0.991481 6 6 255
12.3389 -0.922125 31.0872 -0.0568157 0 4.5 0 0.655602 -0.747757 78 78 254
17.5362 12.8003 16.145 -0.176903 0 -4.5 0 0.0571224 -0.952299 184 184 255
14.8057 6.19063 50.0554 0.692739 0 2.88496 0 0.56609 0.663095 86 86 255
14.141 23.7997 20.4417 -0.081456 0 2.8 0 -0.0607131 0.634131 106 106 255
22.5939 7.84375 55.9516 -0.0835593 0 -3.5 0 0.149899 -0.65727 10 10 255
48.44 3.39375 17.7227 0.135459 0 -3.5 1 0.151606 -0.975896 255 139 139
48.123 16.882 33.3775 -0.175762 0 -3.9 1 -0.361292 0.364902 255 40 40
40.6195 7.0245 23.614 -1.27532 0 -3.5 1 -0.403772 0.150736 255 10 10
43.6082 -2.81425 29.959 -0.238457 0 -0.7 0 0.94255 0.327819 92 92 255
4.78 21.607 15.8813 0.317066 0 -3.2 0 -0.946516 0.230845 4 4 255
35.923 -2.0395 51.965 -0.643188 0 -3.5 0 -0.315796 -0.719255 6 6 255
35.318 12.903 34.748 0.31117 0 -1.3 1 0.00361069 0.99371 255 22 22
29.71 17.645 43.235 0.629632 0 -3.9 0 0.472046 -0.0835819 65 65 255
44.1468 4.189 50.456 -0.974125 -0.0212241 4.5 0 0.522902 -0.723044 1 1 255
34.172 8.67494 58.0312 -0.928743 0 -3.5 0 0.873597 -0.467161 2 2 255
6.59425 9.92475 43.1389 -0.0414107 0 -3.5 0 0.231813 0.535295 20 20 255
25.774 18.1022 48.613 -1.24372 -0.26942 -3.5 0 -0.149038 0.95147 5 5 255
-4.2895 20.9912 32.7412 -0.783846 -0.0901626 -3.5 0 -0.927722 -0.277645 37 37 255
48.4577 15.2424 45.926 -0.902461 0 -3.5 0 0.367082 0.846735 31 31 255
51.5624 15.3286 24.2274 0.186173 0 -4.5 0 0.634336 0.761202 255 80 80
35.0256 -2.5955 28.6561 -0.0611189 0 -3.5 0 0.713855 -0.48956 9 9 255
38.4767 -9.89262 36.3886 -0.124359 0 -0.7 0 0.473545 -0.0915775 46 46 255
55.364 12.453 44.257 2.46488 0 -3.9 0 0.919517 -0.174344 2 2 255
14.4674 7.40025 16.785 0.0698489 0 -1.6 0 0.70256 -0.398933 249 249 255
20.4293 16.613 51.0993 0.0624289 0 -1.6 0 -0.0315001 -0.4583 4 4 255
43.2453 4.06725 51.1781 -1.37191 -0.843483 4.5 0 0.403389 -0.725648 1 1 255
22.5627 29.6595 26.9233 -0.91585 0 -3.5 0 -0.398278 0.7595 86 86 255
41.7121 -6.27475 40.321 0.182707 0 -1.3 0 0.560582 -0.666129 47 47 254
35.371 3.51113 55.0684 0.209663 0 -3.64327 0 0.500927 -0.664675 3 3 255
-1.04562 -0.44725 28.9137 0.0382155 0 -1.6 0 -0.751249 -0.527858 26 26 255
47.051 14.98 56.131 2.40615 0 -3.9 0 0.713122 0.562882 0 0 255
55.7798 8.766 27.695 0.0635573 0 -1.6 0 0.467555 -0.281993 32 32 255
30.7286 11.0747 57.2131 -0.740562 0 -3.5 0 -0.246028 0.947325 20 20 255
16.8604 15.5805 33.2754 0.286588 0 4.2 0 0.85344 0.499499 103 103 255
21.4816 29.3458 24.5851 -0.500812 0 -3.5 0 -0.175349 0.965272 73 73 255
33.6056 11.3869 53.2244 -0.209594 -0.724153 -3.5 0 0.148904 0.969015 15 15 255
2.97837 11.3871 44.0402 0.403168 0 -3.9 0 -0.583548 0.777821 3 3 255
-3.88025 13.2285 31.8255 0.0527725 0.682146 -4.5 0 -0.35639 -0.651696 9 9 255
14.109 28.1555 28.7612 0.0151004 0 2.5 0 -0.609696 0.636602 16 16 255
15.468 24.0395 20.9685 -0.191944 -0.0226177 2.8 0 -0.0853974 0.680137 85 85 255
34.3985 -7.38938 36.1926 0.196227 0 -3.9 0 0.351161 -0.722926 26 26 255
16.9552 5.622 50.1204 -0.0276043 0 0.693776 0 -0.617402 0.653835 98 98 254
6.704 11.688 15.692 -1.80212 -0.687891 -3.5 0 0.371084 -0.740622 30 30 255
37.3332 -2.31888 31.503 0.0174988 0 4.5 0 -0.544636 -0.626397 3 3 255
22.6143 15.1389 40.5616 0.720641 0 -0.7 0 0.360979 0.931311 177 177 255
-1.71888 15.7261 25.2059 1.12743 0 -3.72014 0 -0.437479 0.898842 3 3 255
18.499 0.932 60.9755 -0.291868 0 4.5 0 0.669518 -0.671177 17 17 255
43.3481 -1.21037 19.1706 0.151111 0 -4.5 0 0.955843 0.0437092 255 195 195
8.9305 0.03725 26.9667 -0.23041 0 4.2 0 0.412798 -0.857792 89 89 254
52.762 15.335 27.039 -1.48909 -0.00311566 -3.5 1 0.285556 0.901882 255 34 34
14.061 4.05375 54.8397 0.0260543 0 -1.6 0 -0.439313 0.79327 36 36 255
50.0868 17.1793 33.825 0.226008 0 -3.9 1 -0.0859691 0.496364 255 91 91
18.6375 14.724 33.9995 0.399519 0 -0.8 0 0.0159519 0.995923 50 50 255
26.6775 9.8385 55.0936 -0.415976 0 -3.5 0 0.0752549 -0.493619 29 29 255
1.91688 -1.36075 27.1614 0.317566 0 -1.6 0 -0.0282266 -0.989495 11 11 255
18.363 0.519 44.613 -0.171878 0 2.8 0 0.0362706 -0.953501 6 6 255
46.767 13.6827 51.676 -0.51447 0 -3.60419 0 0.784249 -0.19711 9 9 255
1.5145 2.58225 24.4339 0.200376 0 4.5 0 -0.189862 -0.856181 29 29 255
13.271 23.8591 45.1377 -0.888231 -0.00754242 -3.5 0 0.846471 0.155177 3 3 255
-0.7375 16.1528 24.9145 1.17964 0.239688 -3.9 0 -0.60921 0.785716 4 4 255
33.8999 -6.34975 33.7752 0.00221473 0 -1.68365 0 0.39249 -0.863024 19 19 255
26.6938 25.9298 26.1225 -0.831447 -0.67265 3.8 0 0.20277 0.859259 255 164 164
49.7465 -0.191 39.572 2.44421 0.025784 -3.9 0 0.290092 -0.722378 61 61 255
53.809 -3.36525 26.528 -0.0746692 0 -0.7 0 0.334252 -0.50661 10 10 255
9.673 -3.64013 36.87 -1.75281 -0.166415 -3.5 0 0.174485 -0.820844 56 56 255
55.066 14.2575 43.8153 2.33562 0.0812343 -3.9 0 0.663689 0.738248 1 1 255
40.5825 11.9561 39.2282 -0.160048 0 4.5 1 0.166377 0.965886 255 10 10
19.4977 9.2045 33.9627 1.67167 0 -0.8 0 0.554704 -0.497306 47 47 255
43.0675 13.4275 55.3335 0.0248223 0 -3.9 0 -0.896849 0.155578 15 15 255
24.8461 13.5064 14.3819 0.0792725 0 -0.954864 0 0.340014 0.282954 255 98 98
50.5583 1.836 33.0457 0.835031 0.879282 -3.9 0 0.873663 0.15423 131 131 255
0.83 18.2405 33.9195 -1.46434 -0.0052564 -3.9 0 -0.713861 -0.394814 14 14 255
42.3355 -1.2825 20.7735 0.332518 0 2.8 0 0.590681 -0.634338 174 174 255
31.8201 -5.49813 41.2249 -0.978442 0 -3.9 0 -0.926366 -0.373166 16 16 255
31.0291 0.618625 56.1384 -1.38936 0 -3.5 0 -0.179772 -0.942025 2 2 255
21.713 8.50212 28.2906 0.925878 0 1.8 0 -0.0264585 0.555749 41 41 255
40.5746 4.284 21.6432 0.284499 0 1.64228 1 -0.739503 0.566164 255 29 29
23.2222 -2.84425 40.8644 -0.153696 0.108081 -3.5 0 -0.451597 -0.53209 22 22 255
-2.834 19.3945 34.0775 -2.0047 -0.361936 -3.5 0 -0.0691192 -0.975518 22 22 255
14.3754 -2.2175 58.5939 0.835647 0 3.8 0 0.910523 -0.38749 173 173 255
27.6057 8.17075 12.1602 0.123643 0 3.8 0 0.308908 -0.894936 255 179 179
7.52625 -3.4105 29.5833 -0.627439 -0.12471 -3.5 0 -0.272493 -0.455572 11 11 255
6.7555 2.38825 19.59 0.198997 0 4.5 0 -0.324289 -0.926549 67 67 255
26.2498 20.5236 23.2306 -0.786433 0 -0.4 0 -0.530036 0.160814 255 24 24
37.8747 -0.793 52.2915 -0.757309 0 -3.5 0 0.37892 -0.132837 10 10 255
16.721 32.2812 28.352 0.057169 0 -3.9 0 -0.355646 0.934296 3 3 255
38.0841 -7.21325 50.742 -0.102152 0.00219877 -3.5 0 0.52727 -0.212013 13 13 255
35.6927 -5.45175 26.819 -1.29418 0 -3.5 0 0.915078 -0.113758 6 6 255
16.202 -0.371 34.118 -0.0253852 0 -3.5 0 0.227509 -0.768625 197 197 255
-3.49187 11.4078 37.9948 -0.119948 0 -3.5 0 -0.599985 0.288162 13 13 255
32.124 -4.748 31.383 0.304259 0 -1.3 0 -0.273188 -0.739257 7 7 255
12.0165 7.73325 15.0056 0.074932 0 -1.6 0 -0.0709532 -0.112081 241 241 255
17.3644 -1.49238 31.4566 -1.19538 -0.0605004 -3.5 0 -0.0773755 -0.993693 128 128 255
31.0462 -2.906 50.2783 -0.472331 0 -3.2 0 -0.170468 -0.926786 2 2 255
-5.3865 16.5734 29.2509 0.228881 0 -4.5 0 -0.437057 0.0602562 2 2 255
21.8622 14.2262 49.8737 -0.399663 0 -1.11796 0 0.158754 0.441439 4 4 255
37.034 -7.38875 44.1102 -0.332026 -0.00818365 -3.89304 0 0.262422 -0.43448 98 98 255
35.8425 5.91075 56.5235 -0.412793 0 -3.9 0 0.180401 -0.105084 1 1 255
-3.00087 8.78037 22.603 -1.65163 -0.287995 -3.5 0 0.272405 -0.478073 0 0 255
41.8523 -6.46169 35.7628 0.158037 0 -1.6 0 0.0623058 -0.872847 87 87 255
55.424 11.9671 25.5362 0.0298086 0 -1.6 0 0.594197 0.802875 255 198 198
2.78175 16.653 16.5595 0.827824 0.0363715 -3.53801 0 -0.30021 -0.66314 10 10 255
11.55 0.7895 58.684 0.478283 0 3.8 0 -0.556014 0.59382 106 106 255
27.5475 10.1445 35.4873 1.23695 0 2.47719 0 -0.928075 -0.112405 182 182 255
22.5295 18.9673 45.9685 -0.729126 -0.0676366 -3.5 0 -0.447584 0.873647 26 26 255
42.941 -0.8715 29.218 0.336322 0.783473 -0.7 0 0.909793 -0.0219331 138 138 255
48.0425 -1.94337 27.4155 0.0387725 -0.154177 -3.5 0 -0.880111 0.388465 92 92 255
9.22313 20.993 18.9261 -0.160807 0 -0.7 0 -0.132227 0.876663 25 25 255
34.3619 10.5983 24.3111 0.28208 -0.953529 -0.8 1 0.777908 -0.425259 255 42 42
33.7405 -7.6765 44.6507 -0.337481 0 -3.5 0 -0.260521 -0.250566 142 142 255
15.2869 5.20138 50.5931 0.148876 0 -0.294036 0 0.356841 0.924972 94 94 255
30.584 -3.828 47.201 -0.0695941 0 -3.2 0 0.0624123 -0.674885 14 14 255
49.7221 3.63287 16.8464 0.113892 0 -3.5 0 0.31755 -0.822715 255 226 226
26.074 10.2808 23.3148 0.24178 0 2.5 0 0.448513 0.332791 170 170 255
35.853 15.2385 40.7318 -0.56736 0 -1.3 1 0.803044 0.544769 255 79 79
3.54475 -4.58588 33.4785 -1.38012 -0.510953 -3.5 0 -0.17816 -0.847201 29 29 255
23.8965 7.49325 54.9211 -0.0581492 0.69975 -3.13844 0 0.419867 -0.521267 12 12 255
34.5071 -9.8035 39.8685 -0.805968 -0.287681 -3.05274 0 -0.716154 -0.453349 22 22 255
38.214 -2.841 28.1833 -1.88412 -0.261178 4.5 0 -0.365703 -0.926247 12 12 255
18.2719 7.77712 50.8164 0.503097 0 -2.75844 0 -0.793454 0.606328 75 75 255
8.675 8.61425 42.15 -0.44872 0 -3.5 0 0.748169 0.50465 28 28 255
13.45 1.09825 63.739 -0.34991 0 -3.2 0 -0.148829 0.650931 36 36 255
52.5682 14.8125 23.1975 0.107094 0 -4.5 0 0.852446 0.521561 255 153 153
14.6477 -0.274875 42.435 -0.186797 0 -3.9 0 0.639376 -0.725971 27 27 255
55.1026 19.271 31.4889 0.878564 0 -3.9 1 0.619035 0.746452 255 144 144
10.7898 -1.09425 43.702 0.135412 0 -3.9 0 -0.274115 -0.845289 64 64 255
18.3768 18.5085 34.8824 0.139378 0 -1.3 0 0.62222 -0.765183 157 157 255
24.343 -6.41463 40.41 0.161946 0.0389498 -3.5 0 -0.51492 -0.671696 18 18 255
31.0298 12.1237 23.0995 0.58053 -0.0978771 -1.18043 0 -0.807532 0.536536 229 229 255
43.077 16.04 47.728 0.192892 0 -3.5 0 0.112055 0.95864 255 245 245
-4.75238 7.2895 36.5163 1.26043 0 -3.758 0 -0.968828 -0.00396083 9 9 255
33.458 0.6995 55.5405 -0.541683 0 -3.5 0 0.240746 -0.951353 2 2 255
0.7775 9.7715 21.8149 0.0239115 0 -3.9 0 0.400802 -0.141848 1 1 255
23.6928 10.0005 25.962 -0.195409 -0.35348 -0.513974 0 0.796453 0.445737 230 230 255
20.6693 -1.22462 25.7342 0.664192 0 -3.9 0 0.416166 -0.588318 56 56 255
-1.8255 2.75 24.2253 -0.111777 0 4.5 0 -0.51661 -0.848356 3 3 255
12.641 2.46375 48.3278 -0.813747 -0.947855 4.5 0 -0.645115 -0.420781 129 129 255
40.4915 -6.586 30.4189 -0.167134 0 -0.7 0 -0.511727 -0.803177 15 15 255
48.3143 3.98213 39.3731 0.168907 0 -3.5 0 0.883395 0.421553 56 56 255
54.4516 -4.25287 29.9601 -0.109621 0 -0.7 0 0.443994 -0.433736 12 12 255
50.4041 14.0623 39.449 0.0405778 0 -3.9 0 0.702057 0.500829 252 252 255
50.1406 1.13975 33.7152 0.512324 0.0673435 -3.9 0 0.941655 0.0761123 149 149 255
35.5681 -1.75612 31.5809 -0.24205 0 -1.3 0 0.389082 -0.769184 7 7 255
55.2253 0.85025 21.9365 -1.29927 -0.237942 -3.5 0 0.180715 0.455191 14 14 255
48.684 2.862 48.162 -0.522924 0 -3.5 0 0.489457 0.278813 10 10 255
47.0491 5.5635 36.1691 -0.0770996 0 4.2 0 0.899056 -0.402478 255 205 205
46.5195 16.365 46.8966 -0.193054 -0.0166085 -3.5 0 0.114707 0.750053 112 112 254
18.6565 20.4775 14.3085 -0.460401 -0.881383 -3.5 0 -0.884468 -0.225758 32 32 255
18.0338 3.1655 51.7405 -1.37836 0 -1.6 0 0.736347 -0.105089 24 24 255
17.3275 0.5415 58.52 -0.0619992 0 -1.6 0 0.792981 -0.571588 33 33 255
26.698 14.464 54.204 -1.24778 0 -3.5 0 0.323513 0.350624 27 27 255
7.3715 1.83913 21.1224 0.550531 0 1.14089 0 -0.00138423 -0.818019 53 53 255
50.4725 9.49125 43.6172 0.0246015 0 -0.9 0 0.894197 -0.239121 10 10 255
31.1336 3.65025 57.1736 -1.35045 0 -3.5 0 -0.503306 0.71521 3 3 255
11.2635 31.2765 33.4927 2.4613 0.0739598 -3.9 0 -0.32864 0.858859 146 146 255
27.4545 2.90575 49.3312 -0.447718 0 3.06463 0 0.0875852 -0.737564 8 8 255
24.0635 -4.68225 36.0055 -0.87099 -0.750605 -3.5 0 -0.691652 -0.717739 12 12 255
48.0965 15.8486 50.7735 -0.259643 0 -3.5 0 0.90805 0.0378091 17 17 255
2.26513 4.84438 19.3193 0.979946 0.727869 -3.9 0 -0.130268 0.599182 41 41 255
13.3075 25.6772 42.9215 -1.08323 -0.0307551 -3.5 0 0.303268 0.546181 1 1 255
3.23012 13.6616 16.4616 -0.244586 -0.201138 -3.5 0 -0.98938 -0.138228 15 15 255
13.3807 0.16125 30.4751 -0.217026 0 4.5 0 0.457903 -0.853238 217 217 255
35.0703 -6.03225 33.2525 -0.0273268 0 -1.3 0 0.34628 -0.835396 21 21 255
47.1222 5.30275 34.7915 -0.183657 0 2.56106 0 0.922181 -0.246969 255 220 220
47.2124 6.69663 44.6273 -0.32923 0 -0.9 0 0.555841 -0.828676 14 14 254
20.61 -0.09175 29.1812 1.6075 0 -3.9 0 0.716962 -0.000105588 156 156 255
36.5075 -5.37675 50.5062 0.01168 0 -3.5 0 0.00467439 0.226349 16 16 255
52.644 2.69425 29.6905 -0.13686 0 4.2 0 0.903274 -0.017724 21 21 255
46.1953 14.2218 41.4933 -0.0795999 -0.0139708 3.11771 0 -0.546067 0.836021 255 234 234
23.978 8.54288 29.205 1.35669 0.207461 -0.463537 0 -0.329339 0.757425 156 156 255
4.85175 12.7907 42.1457 0.202087 0 -3.99779 0 0.18014 -0.0220129 5 5 255
14.2385 23.777 35.197 0.449683 0 -1.3 0 -0.0306184 0.844771 60 60 255
9.255 9.107 16.1775 -1.28872 -0.0307669 -1.6 0 -0.389294 0.0375243 149 149 255
13.1914 5.15438 62.4756 -1.56789 -0.558579 4.5 0 -0.0542295 0.396765 26 26 255
50.4561 16.5816 19.3435 0.355234 0 -4.5 0 0.852484 0.393065 255 137 137
45.8476 21.0736 31.3886 -0.719291 -0.296657 -1.3 1 0.422361 0.681609 255 109 109
25.7869 26.9431 32.5721 -0.946971 0 -3.5 0 0.114423 -0.637036 255 176 176
25.658 24.58 24.2551 -0.10296 0 3.8 0 -0.254096 0.369792 255 233 233
19.0195 10.7583 52.7215 0.527873 0.477889 -0.7 0 -0.852641 0.495927 45 45 255
20.5679 0.6685 24.399 0.148391 -0.0541413 0.227751 0 0.771441 -0.398453 57 57 255
37.5742 -5.03463 50.4749 -0.273482 0 -3.5 0 0.317652 0.0108298 13 13 255
19.407 17.641 36.886 -0.220606 -0.00596848 -1.3 0 0.959405 -0.0421534 89 89 255
8.75762 -0.43125 28.065 -0.340379 0 4.26376 0 0.397305 -0.822203 64 64 255
9.897 27.093 29.121 0.10218 0.967663 -0.4 0 0.895183 0.427663 95 95 255
7.80875 2.10775 20.2083 0.259208 0 4.5 0 -0.042513 -0.986633 56 56 255
11.6562 31.4037 34.6205 2.45554 0.141397 -3.9 0 -0.137478 0.845173 171 171 255
30.3709 11.97 35.6815 0.447251 0 -1.3 1 -0.524515 0.802073 255 147 147
27.3119 18.8021 46.951 0.713821 0 -3.9 0 -0.233424 0.680865 12 12 255
23.3948 -0.3885 50.2147 -1.13656 -0.541007 -3.5 0 0.233946 -0.658846 3 3 255
10.8853 -1.57288 28.937 -0.244483 0 4.5 0 0.0548315 -0.718678 52 52 255
45.8071 8.79313 36.9319 -0.141334 0 4.2 0 0.919977 0.327892 255 23 23
27.2824 16.27 29.0276 0.417647 0 2.08261 1 0.0996269 -0.00973294 255 63 63
31.7249 0.7235 18.4272 0.767309 0.640302 -4.5 0 0.450023 -0.799022 255 123 123
18.4699 2.16088 62.7769 -0.27745 0 4.5 0 0.576075 0.0258168 8 8 255
10.4475 0.829 62.7505 -0.326172 0 -3.2 0 -0.806077 0.0789686 81 81 255
19.8668 8.15875 30.586 -0.405458 -0.0519313 -3.13834 0 0.700021 0.427264 7 7 255
30.2795 12.7142 44.9295 0.0573024 0 -0.7 0 0.407729 0.141169 121 121 254
35.627 -5.29275 24.6423 -0.24347 0 -3.5 0 0.579331 -0.453333 17 17 255
15.5381 27.207 23.5265 0.227018 0.95389 -3.9 0 -0.318107 0.238398 100 100 255
50.1415 -5.6405 25.763 0.150537 0 -3.5 0 0.676344 -0.688617 42 42 255
23.2626 1.24575 31.8426 0.307136 0 -1.93721 0 -0.260476 -0.818685 75 75 255
26.3463 15.9019 16.1581 -0.00418343 0.152041 -0.3252 0 0.282116 0.187384 255 44 44
11.7835 22.5334 41.7747 -0.187578 0 -3.5 0 -0.152307 0.657206 4 4 255
21.4473 32.0382 32.4461 -0.125221 0 -3.5 0 0.120861 0.715849 43 43 255
12.2826 26.6765 28.1175 0.0777522 0 -2.46105 0 -0.370599 0.745309 41 41 255
35.2892 -8.54775 37.362 0.525768 0.386099 -3.9 0 -0.414531 -0.598361 24 24 255
23.5266 4.28725 23.4135 -0.962667 -0.0794047 -0.0283685 0 -0.569813 -0.779908 91 91 255
19.5605 15.7674 44.767 -0.309429 -0.597957 -1.6 0 0.326658 0.237605 16 16 255
46.39 2.8195 25.866 0.463441 0 -1.98208 0 0.115338 -0.946999 125 125 255
23.2495 10.2625 37.4795 1.32664 0 -0.7 0 0.328036 0.610576 182 182 255
39.2578 14.7022 53.278 1.66766 0 -0.4 0 0.370698 0.225004 28 28 255
34.542 17.184 40.637 0.232721 0.555603 -1.3 1 0.18953 0.967056 255 203 203
47.3363 10.0907 52.969 -1.3393 0 -3.5 0 0.639247 0.000901764 2 2 255
-1.2135 -3.201 36.0105 0.0209301 0.214711 -3.5 0 -0.425364 0.15926 25 25 255
22.948 13.9215 29.421 0.860986 0 -0.8 0 0.158114 -0.850817 187 187 255
52.0547 11.2697 19.8283 -0.579133 -0.719403 -3.09209 0 0.504615 0.255915 255 217 217
17.1877 20.7628 15.6112 0.157668 0 -3.2 0 -0.30894 0.171254 34 34 255
19.23 6.31488 55.7721 -0.0937048 0 -3.5 0 -0.338665 -0.348834 27 27 255
52.9723 11.8197 29.262 -1.20575 -0.319361 -3.5 0 0.653266 -0.558927 155 155 255
56.7446 10.0796 24.8366 0.059054 0 -1.6 0 0.904297 0.155001 157 157 255
34.5575 13.3862 38.1444 -0.287894 0 -1.3 1 0.22944 0.887407 255 46 46
44.1829 4.3405 19.7015 0.40589 0 2.8 1 -0.512303 0.0893455 255 22 22
16.3563 12.5379 9.97462 0.0830559 0 -3.5 0 0.186114 -0.97547 179 179 255
-2.60262 23.8647 34.4753 -0.333455 0 -3.5 0 -0.617326 0.696434 165 165 255
11.3215 9.3855 44.9305 -0.354178 0.176989 -4.5 0 -0.488182 0.411614 84 84 255
7.6815 -4.7635 36.374 -0.471336 0 -3.5 0 0.298044 -0.819961 61 61 255
31.1481 16.0187 46.6884 -0.0421357 -0.117983 -3.49267 0 0.848296 0.457414 56 56 255
22.9135 10.446 56.9905 -0.380079 0 -3.5 0 0.00952048 0.149348 15 15 255
27.9694 17.5856 47.7879 -0.29838 -0.4852 -3.64643 0 0.350197 0.767888 4 4 254
22.0755 2.68513 17.2043 0.388233 0.14278 -3.5 0 0.413843 -0.781883 211 211 255
46.3571 7.58275 17.0392 0.586399 0 -3.5 1 -0.426771 -0.121258 255 18 18
27.439 -1.8405 28.82 0.275696 0 1.8 0 -0.993561 0.0753544 88 88 255
30.2555 -3.47525 29.6065 0.183232 0 1.8 0 0.0272837 -0.995161 18 18 255
16.0785 2.943 63.526 -0.259915 0 4.5 0 0.0827588 0.269495 19 19 255
46.2595 -2.516 41.929 -1.41692 0 -3.5 0 0.613717 -0.334373 18 18 255
1.16338 25.7157 33.011 -0.325479 0 1.85063 0 -0.00929129 0.550321 91 91 255
55.8758 -0.665 25.1978 -0.868011 0 -3.5 0 0.640198 0.127658 6 6 255
21.8013 15.3305 38.539 0.506254 -0.717106 -0.7 0 -0.173184 0.955841 202 202 255
47.404 16.6401 47.8661 -0.181622 -0.164178 -3.5 0 0.325096 0.860914 50 50 255
30.6009 1.11637 58.2012 -2.2154 -0.707519 -3.5 0 -0.685735 -0.457159 8 8 255
48.357 15.448 41.0875 0.0191939 0 -3.9 1 0.05877 0.993391 204 204 255
46.9831 11.5665 36.6586 -0.0354747 0 4.5 0 0.142891 -0.987565 255 41 41
0.272875 27.1437 32.6399 -0.161285 0 3.8 0 -0.344798 0.430914 129 129 255
29.1389 16.1287 50.1063 0.424454 0.392581 -3.5 0 0.842739 0.486164 4 4 255
1.18575 18.176 25.1495 -0.673454 -0.70311 1.9 0 -0.744482 0.661817 7 7 255
12.884 11.176 41.2803 -0.464368 0 -3.5 0 -0.760097 -0.494838 255 223 223
16.2305 3.273 17.7188 0.221085 0 -1.99117 0 -0.0235908 -0.578677 78 78 254
40.111 12.05 43.758 -0.578524 0 -0.7 1 -0.100177 0.944106 255 31 31
45.0448 -0.092 46.5918 -0.767155 0 -3.5 0 0.231253 -0.867264 14 14 255
0.87125 1.17525 19.6365 1.46633 0.0552757 -3.9 0 -0.602048 -0.789543 68 68 255
36.3548 11.5325 49.515 -0.434124 -0.683059 -2.3994 0 -0.209229 0.845131 78 78 255
44.1507 11.395 36.0955 -0.434101 0 4.5 1 -0.883913 -0.108289 255 3 3
40.8898 -5.9735 41.3727 0.0954414 0 -1.3 0 0.664438 -0.730312 60 60 255
29.599 13.919 41.408 0.0732848 0.0619114 -3.2 0 0.642377 0.43409 136 136 255
49.4168 12.5619 49.7856 -0.28209 0 -3.5 0 0.67739 0.694736 6 6 255
13.4515 -6.29925 58.231 -0.201615 0 3.8 0 0.878949 -0.438529 255 107 107
17.479 4.635 54.527 -0.348854 0 -2.54697 0 0.495409 -0.0260471 40 40 255
22.3285 23.3978 14.261 -1.29908 -0.296439 -3.5 0 0.457389 0.834467 235 235 255
14.997 26.699 34.3013 -0.590273 -0.181036 1.79719 0 -0.22419 -0.440433 57 57 255
41.0482 11.6508 22.1135 0.0739537 0 2.8 1 -0.554254 -0.276623 255 1 1
38.1893 16.5868 52.1533 2.13591 0 -0.4 0 -0.0605467 0.921809 245 245 255
28.8556 -4.15112 41.0262 -1.01052 -0.200353 0.0254344 0 0.347227 -0.82766 4 4 255
10.3735 5.04425 49.6743 0.926831 0.300533 -3.9 0 -0.74208 -0.669281 100 100 255
14.0984 19.9811 45.3251 0.933704 0.0259836 -3.5 0 0.858083 0.513508 26 26 255
27.9772 12.0765 32.487 0.0863993 -0.248243 -1.3 0 -0.393286 0.856939 255 163 163
-3.99038 6.55538 33.9799 -0.171082 0 -0.9 0 -0.981696 -0.177367 8 8 255
31.4896 7.06388 17.414 0.378469 0 -4.5 1 0.654827 0.224828 255 13 13
25.563 17.6187 29.3305 0.255838 0 1.8 1 0.30037 0.233276 255 55 55
43.1106 13.0676 18.1046 0.165385 0 -3.2 1 -0.928727 0.28831 255 8 8
32.2702 5.79525 18.7257 0.283861 0 -4.5 0 0.937756 -0.236337 255 28 28
37.6808 14.0288 27.726 0.277812 0 -0.4 1 0.040167 0.971749 255 30 30
14.1237 18.6104 11.9532 0.0395193 0 -3.5 0 0.224053 0.505218 13 13 255
8.92325 21.6036 15.7207 -0.410303 -0.426987 -2.02761 0 0.364291 0.732161 72 72 255
17.2157 1.967 63.1427 -0.273646 0 4.5 0 0.390953 -0.0116913 15 15 255
-4.80575 16.969 31.7237 0.0399523 0 -4.5 0 -0.18925 0.423381 4 4 255
44.4632 9.231 53.7444 -0.0546031 0 -3.9 0 0.405366 -0.852533 1 1 255
43.1527 -4.68038 38.5527 -0.12524 0 -1.47117 0 0.875643 -0.177977 49 49 255
37.6463 12.5174 32.4554 -0.0556238 0 3.8 1 0.148874 0.983185 255 16 16
47.2989 17.6674 21.4906 0.393611 0 -4.5 1 -0.0468507 0.959181 255 24 24
36.1548 14.5395 22.8455 -0.378465 0 -3.5 1 0.397436 0.89649 255 13 13
30.974 7.597 58.115 -0.743668 0 -3.5 0 -0.66579 -0.642407 8 8 255
11.7006 -2.68712 37.7599 -0.163553 0 1.8 0 0.789667 -0.54029 96 96 255
39.2637 12.7841 31.0105 -0.0080597 -0.0765698 2.70726 1 -0.161885 0.835806 255 11 11
9.30825 16.0478 44.191 0.308411 0 3.8 0 -0.471246 -0.481951 29 29 255
47.3563 7.51825 50.1447 -1.00679 -0.288301 -1.467 0 0.159886 -0.703344 1 1 255
23.5955 7.99825 55.9762 0.467334 0.91782 -3.5 0 0.430572 -0.61606 17 17 255
41.776 -0.695625 46.8092 -0.633187 0 -0.54447 0 0.215443 -0.217025 10 10 255
13.7695 -1.3765 35.6348 -0.255797 0 1.85311 0 0.776015 -0.481245 113 113 255
32.0226 -2.441 25.7321 -0.0926359 0 -3.5 0 -0.604223 -0.681607 60 60 255
20.6493 2.7595 23.819 0.250992 0 1.8 0 0.995882 -0.0905236 34 34 255
19.978 1.94075 51.6474 -0.482373 0 -3.5 0 -0.400679 0.527677 11 11 255
43.1403 12.217 37.1561 -0.226405 0 4.5 1 -0.833756 0.0664998 255 10 10
1.5505 23.114 38.1905 0.134603 0 -3.9 0 0.81536 0.109619 29 29 255
42.6784 0.387125 18.0004 0.298962 0 -4.5 1 0.740085 0.602203 255 64 64
47.0409 6.3405 36.8154 -0.0127037 0 4.2 0 0.956376 -0.0497708 255 148 148
18.8997 3.2465 61.033 -0.310369 0 4.5 0 0.918646 0.315933 15 15 255
-4.9365 17.4565 28.9813 0.626518 0 -4.5 0 -0.536843 0.24775 4 4 255
18.9778 10.899 17.8713 -0.368493 0 -0.7 0 -0.334789 -0.0818042 255 163 163
38.9515 -9.77137 39.6029 0.140195 0 -0.7 0 0.865702 -0.36962 132 132 255
4.3705 26.9527 29.5123 -0.217145 0 1.80054 0 0.0132006 0.998436 117 117 255
18.857 8.5275 31.295 1.04829 -0.569459 -3.5 0 0.820932 0.159376 10 10 255
18.4831 32.1269 26.175 -0.0410457 0 -3.9 0 0.311141 0.853166 38 38 255
10.904 7.79075 52.2612 1.01194 0.880172 -3.9 0 -0.372379 0.690876 79 79 255
10.9294 3.35238 60.4281 -1.35721 0 0.639972 0 -0.935032 0.18789 73 73 255
31.8045 17.8126 29.254 0.0787663 0 3.8 1 0.692344 0.114589 255 7 7
-0.746 16.947 23.505 -0.730586 -0 -3.9 0 -0.812323 0.581663 2 2 255
30.5384 12.1774 32.558 -0.297174 0 -1.3 1 0.175833 0.839105 255 76 76
21.8306 6.63112 31.5625 2.08353 0 -0.4 0 0.238583 0.959382 24 24 255
43.7146 -1.16475 20.1959 0.113653 0 1.33497 0 0.716825 -0.678873 189 189 255
7.42975 -5.101 33.3213 0.00989408 0 -3.5 0 0.167234 -0.921775 55 55 255
48.5219 8.36413 34.5984 -0.267319 0 1.64652 0 0.166583 -0.257849 255 65 65
-0.01675 -2.89325 36.1416 -0.0707764 0 -3.5 0 -0.218363 -0.340838 30 30 255
28.3333 0.214125 49.5744 -0.198711 0.9716 -3.2 0 -0.891092 0.177638 6 6 255
52.6815 3.89425 28.865 -0.201485 0 4.2 0 0.915109 0.347325 23 23 255
18.7095 14.4754 10.2659 0.172668 0 -3.5 0 0.877836 -0.365326 81 81 255
22.5077 19.7097 21.2638 -0.394572 -0.00619422 -2.38554 0 0.897187 0.07743 255 97 97
25.0138 18.9167 45.4205 -0.403323 -0.0145696 -3.5 0 -0.0409743 0.97885 25 25 255
11.7736 -1.1855 31.9854 0.298034 0 2.41421 0 0.666918 -0.724931 54 54 255
37.2929 -6.32688 46.6199 -0.520616 0 -3.59498 0 -0.143366 -0.925362 27 27 255
48.428 -0.30925 24.4807 -0.241623 -0.124774 -1.6 0 -0.996816 -0.0598802 27 27 255
16.5945 0.262625 60.6185 -0.122866 0 -0.976061 0 0.603664 -0.721704 43 43 255
24.3595 20.545 19.9705 -0.205096 0.0279178 2.45457 0 -0.0376345 0.395743 255 100 100
37.0645 -8.07475 50.4821 0.0678223 0 -3.5 0 -0.0362759 -0.805271 23 23 255
50.1348 15.6564 18.733 0.79573 0 -4.5 0 0.696502 -0.154477 255 136 136
46.0355 17.1565 21.8705 0.579436 0.57465 -4.5 1 -0.594081 0.721904 255 23 23
22.1528 18.0475 34.257 3.02379 0.153373 -3.9 0 0.0153515 -0.109339 255 230 230
16.158 0.12875 38.5267 -0.315861 0 4.2 0 -0.0917998 -0.869658 42 42 255
46.2062 16.3145 32.708 -0.321066 0 -1.3 1 0.0323938 0.120009 255 28 28
26.7174 18.2724 47.8828 -0.989457 -0.121904 -3.5 0 0.0903282 0.943733 6 6 255
3.79962 14.3425 22.0961 -0.351559 0 -3.5 0 -0.773706 -0.387406 5 5 255
15.8413 -1.447 64.9696 -0.00498424 0 -3.2 0 0.373877 -0.561193 48 48 255
35.9178 -0.89575 52.8014 -0.358139 0 -3.5 0 -0.17509 -0.290075 4 4 255
23.4335 15.4719 49.9791 -0.123174 0 -3.05461 0 -0.552639 -0.221993 1 1 255
26.0119 15.0301 15.4132 0.470212 0.0312258 -4.5 0 0.542998 0.273419 255 43 43
39.872 1.48763 51.5241 1.6171 0 -3.9 0 0.860904 -0.49807 4 4 255
33.2858 -4.295 30.5385 -0.0635172 0 -1.3 0 0.28545 -0.820803 13 13 255
27.7545 -6.00338 41.1055 -0.793827 0 -3.5 0 0.689382 -0.63366 8 8 255
-0.34125 11.4126 28.9071 -0.215535 0 3.80586 0 -0.729078 -0.133229 3 3 255
25.1698 18.0427 47.0505 -0.21994 -0.784825 -3.57809 0 0.0590737 0.943485 10 10 255
30.8377 12.6023 16.4947 0.629022 0 -0.9 1 0.49339 0.288015 255 55 55
3.77338 11.3048 22.2456 -0.127906 0 1.9 0 -0.586305 -0.0812265 4 4 255
37.6209 -3.16725 21.0611 0.531448 0 -4.5 0 -0.788856 -0.609251 139 139 255
-1.43387 4.55625 30.4261 -0.776447 -0.95009 -0.4 0 -0.640907 -0.76653 1 1 255
25.0208 15.2319 32.5088 0.458055 0 -0.8 0 0.98436 -0.140645 255 226 226
5.7755 -2.04675 29.942 -1.391 -0.445425 -3.5 0 -0.630332 -0.499379 7 7 255
46.3662 10.5129 55.0202 0.0990109 0 -3.9 0 0.702755 -0.557417 1 1 255
36.2868 -6.19037 45.8255 -0.285722 0 -3.73873 0 0.0910766 -0.984836 30 30 255
15.339 30.9315 28.546 -0.0535951 0 -3.9 0 -0.898623 0.414149 5 5 255
13.3004 -3.378 55.7862 -0.338835 0 3.8 0 0.396429 -0.307789 171 171 255
24.4006 16.7712 23.8342 0.691263 0 -4.5 0 0.234569 0.908975 255 52 52
11.8343 -6.31475 59.3773 -0.179151 0 3.8 0 -0.147043 -0.405376 255 104 104
4.2545 -0.7775 41.6203 -0.726924 0 -3.5 0 -0.867828 -0.468971 206 206 255
53.2315 0.452 28.0858 -0.688859 -0.988311 -0.7 0 0.695162 0.690121 21 21 255
34.457 -6.35362 35.1242 -0.0846931 0 -3.19669 0 0.355547 -0.863949 29 29 255
50.983 7.782 23.2555 -0.0129634 0.178051 0.113432 0 0.239201 -0.876526 51 51 255
29.8767 17.5279 22.7884 1.15931 0.193033 -0.4 0 0.409252 -0.668732 255 11 11
35.8595 -2.84475 50.555 -1.4098 0 -3.5 0 -0.413732 -0.476623 8 8 255
13.756 14.7592 49.7777 0.116714 0 3.8 0 0.335938 -0.345289 255 183 183
54.714 14.953 31.6475 2.58765 0.0785753 -3.9 0 0.5676 -0.809578 255 192 192
10.2983 19.8784 46.2389 -0.366992 -0.0106688 3.27218 0 -0.482114 0.0812269 4 4 255
19.568 13.6461 43.107 0.663899 -0.173627 -2.79382 0 0.56101 0.802872 15 15 255
15.6287 0.882375 25.1386 0.0770589 0.129067 -4.09274 0 0.317473 -0.941678 16 16 255
4.45675 13.734 42.4883 0.798162 0 -4.5 0 0.254181 -0.248231 3 3 255
-4.994 11.182 25.908 -1.78129 -0.34532 -3.5 0 -0.788841 0.391481 1 1 255
21.6765 18.4275 15.898 -0.485231 -0.0399182 -3.5 0 0.165137 -0.24423 169 169 255
47.004 6.163 45.7785 -0.313902 0 -0.0284118 0 0.866852 -0.346795 10 10 254
21.8162 11.5492 34.8327 1.23091 0 -0.8 0 0.993149 -0.116193 69 69 255
0.6035 7.44375 40.5289 0.155962 0 -3.9 0 -0.371548 0.243553 1 1 255
34.3564 22.716 22.4296 -0.00313795 0 3.8 1 -0.115457 0.66356 255 3 3
46.9614 -3.07737 25.118 -0.541192 -0.376041 -3.5 0 -0.575194 0.511248 112 112 255
12.8352 25.8245 22.0413 -2.15428 0 -3.5 0 0.0414297 0.464202 93 93 255
44.7505 2.8005 37.28 -0.941194 -0.225349 -2.55 0 -0.275016 -0.899454 119 119 255
34.2171 11.9066 50.9636 -0.626013 -0.187667 -3.5 0 -0.299389 0.951769 17 17 255
50.0728 4.13375 21.1343 -0.719837 -0.0446938 -0.946136 0 0.869616 0.295562 44 44 255
17.746 30.9972 34.4302 0.0160959 0 -0.4 0 0.41987 0.640311 31 31 255
2.929 19.2356 15.2049 2.47456 0.0602611 -3.68085 0 0.33287 0.517214 6 6 254
48.9284 10.583 34.9541 -0.0206508 0.304495 -1.71166 0 -0.117438 -0.420094 255 56 56
7.284 4.287 46.2934 -0.199798 0 -3.2821 0 -0.688812 0.100063 21 21 255
14.6088 14.4792 48.9715 0.232884 0 -0.353892 0 0.459025 -0.103072 255 219 219
41.957 -4.994 47.864 2.34081 0 -3.9 0 0.350291 -0.164158 4 4 255
41.811 18.4506 31.5345 -0.00769726 0 -1.3 1 -0.918169 0.264096 255 56 56
2.85625 15.1477 22.0529 -0.136437 -0.232217 -3.5 0 -0.375209 -0.673295 4 4 255
24.765 1.01063 30.6091 1.10112 0 -4.5 0 -0.43479 -0.756014 75 75 255
35.4095 -7.56812 36.7126 0.459879 0 -2.0333 0 -0.00375899 -0.608394 33 33 255
25.232 12.6112 13.7674 0.0955019 0 3.8 0 0.165201 0.709957 255 114 114
33.8234 7.88525 23.1896 0.313874 0 -0.855592 1 0.936453 0.341096 255 14 14
18.4971 4.12512 51.6685 -0.917683 0 -1.6 0 0.455643 -0.587588 25 25 255
47.36 0.32275 39.2882 1.07797 0.451595 -3.9 0 -0.428077 -0.825748 83 83 255
26.2401 31.9516 30.1717 -0.51025 0.180383 -3.5 0 0.608794 0.624334 250 250 255
0.83625 22.397 38.844 0.330795 0 -3.9 0 0.666221 -0.208696 14 14 255
50.4372 -3.50362 23.941 0.635827 0.552943 -3.5 0 0.51592 -0.552779 28 28 255
20.1535 -0.675 36.0897 -0.586093 0 0.328732 0 -0.935541 -0.16611 30 30 255
51.7567 -1.312 32.1777 -1.13984 -0.181159 -0.7 0 0.103342 -0.585735 99 99 255
15.4392 28.3701 23.695 1.0872 0.434954 -3.9 0 -0.567297 0.321329 69 69 255
24.6306 9.35475 24.7306 0.0344425 -0.714482 -0.989912 0 0.574354 0.690059 246 246 255
34.8092 -9.13562 38.5448 0.0584012 0 -1.38365 0 -0.681487 -0.614075 16 16 255
-0.876 7.62525 23.5785 -0.324298 0.0337139 -2.7092 0 -0.452609 -0.0519114 1 1 255
27.228 7.95725 25.9836 0.260999 0 -1.4892 0 -0.0075886 0.968948 206 206 255
26.9333 14.8147 15.7985 -0.672834 -0.0501464 -4.5 0 0.307457 0.202584 255 29 29
47.4169 7.90487 47.4033 -0.367926 0 4.2 0 0.963437 -0.216891 6 6 255
15.2029 21.6112 38.5851 -0.0626211 -0.185448 -3.31966 0 0.156673 0.985322 54 54 255
49.2896 -1.1595 36.7974 0.173153 0 -3.9 0 0.774901 -0.631991 117 117 255
4.6315 11.7171 47.419 2.63123 0.121398 -3.9 0 0.443357 0.803525 21 21 255
44.0154 18.6946 30.0606 -0.473571 0 -1.3 1 -0.0801511 0.621003 255 53 53
7.02675 22.7524 18.9054 -0.0815062 0 3.8 0 0.374037 0.470812 20 20 255
41.9437 17.0672 30.4813 -0.00914814 0 -1.3 1 -0.959704 0.189575 255 33 33
24.68 14.8555 31.0851 0.333768 -0.0401933 -0.8 0 0.933598 -0.357326 255 243 243
14.1309 5.84325 61.9189 -0.936969 -0.793735 4.5 0 -0.134458 0.817469 35 35 255
46.4265 1.52325 19.765 0.20658 0 2.8 0 0.243511 -0.473217 255 168 168
14.9753 -0.445 52.1645 -0.527282 0.330989 -3.9 0 -0.523827 -0.740161 103 103 255
10.5868 -2.68887 31.1245 -0.254955 0 0.783113 0 0.883983 -0.43967 42 42 255
51.2101 13.8154 20.6429 0.155538 0 -4.5 0 0.515806 0.338411 255 123 123
19.832 7.5085 35.098 3.00488 0.906243 -0.7 0 0.66757 0.100198 41 41 255
3.546 25.7647 23.6558 -0.0340048 0 -3.9 0 -0.943494 -0.161918 213 213 255
45.1172 18.5443 29.9412 -0.520971 0 -1.3 1 -0.023353 0.532261 255 49 49
24.2734 10.9125 13.602 0.141483 0 3.8 0 -0.691005 0.0303102 183 183 255
13.2847 19.5068 12.5778 0.188916 0 -3.5 0 0.244474 0.771527 21 21 255
7.409 6.81325 47.8128 -0.137462 0 -3.5 0 -0.866458 0.0106635 31 31 255
14.6283 -0.05475 37.5023 -0.127074 0 4.2 0 0.140213 -0.9408 71 71 255
15.2514 1.09588 41.5368 -0.203655 0 2.8 0 0.424554 -0.805502 19 19 255
0.411875 1.57913 25.3358 0.16426 0 -1.6 0 -0.328267 -0.326376 7 7 255
21.8135 33.3599 29.1556 -0.283896 0 -3.5 0 -0.122734 0.927593 48 48 255
-3.87375 5.61675 26.6986 -1.62124 -0.032213 -3.5 0 -0.655707 -0.754617 0 0 255
-0.501375 16.8684 31.1581 -0.728525 -0.0455516 -4.03674 0 0.18863 0.170868 4 4 254
13.2045 22.7436 41.1956 -1.09313 -0.196458 -3.5 0 0.0439136 0.974014 6 6 255
48.4388 3.79813 16.5583 0.159356 0 -3.5 1 0.0510263 -0.750211 255 90 90
9.41575 -2.22525 59.3867 -1.63355 -0.0540654 3.8 0 -0.84571 -0.357919 105 105 255
28.5863 8.89563 11.7439 0.11235 0 3.8 0 0.49942 -0.52538 255 186 186
6.55525 26.034 20.2458 0.558964 0 -3.9 0 0.352512 -0.421345 44 44 255
31.673 23.5706 29.8946 0.025878 0 4.2 1 0.5999 0.448015 255 6 6
20.1494 11.0597 53.3911 -0.0696391 0 -0.7 0 -0.579158 0.716715 18 18 255
12.361 14.0714 47.8778 0.00593503 0 3.8 0 -0.575973 -0.817401 216 216 255
3.05325 26.2428 26.0895 0.588155 0.00132129 2.10069 0 -0.877216 0.114668 207 207 255
37.926 11.0922 54.892 -0.190153 0 -1.3 0 -0.683943 0.605843 2 2 254
21.5046 -0.3995 28.6144 0.789206 0 -3.9 0 0.732973 -0.155435 161 161 255
18.6917 22.9545 17.16 -0.329217 0 -3.5 0 -0.413561 0.895161 164 164 255
5.0225 23.2903 24.353 -0.272725 0 1.17689 0 -0.977673 0.139716 132 132 255
46.433 4.6425 35.5495 -0.528724 0 4.2 0 0.946316 -0.156918 243 243 255
33.1745 15.0112 44.786 -0.114456 0 -0.999609 0 0.0542536 0.887738 214 214 255
42.8225 -0.368 16.6995 0.70962 0.766968 -4.5 1 0.744011 0.147758 255 91 91
0.579 10.7705 41.1325 0.216913 0 -4.5 0 -0.815026 -0.237362 1 1 255
5.72575 9.9465 46.0112 1.51152 0.268402 -3.9 0 0.855399 0.462765 38 38 255
5.09562 16.0319 15.7899 0.439562 0 -3.5 0 -0.50336 0.193 18 18 255
12.4 3.8855 62.6925 -1.09524 0 4.5 0 -0.18381 0.225261 27 27 255
19.7297 10.4761 17.3123 -0.330583 0 1.9 0 -0.782443 0.135532 255 179 179
20.5833 10.0913 27.8503 -0.418376 -0.358115 -3.5 0 0.403863 -0.0272332 36 36 255
21.8654 28.7486 23.0171 -0.919605 0 -3.5 0 0.0673348 0.837652 101 101 254
20.5245 0.814 47.7025 -0.313672 0 -0.571567 0 0.0569521 -0.965313 1 1 255
7.342 29.9305 20.961 2.24117 0 -3.9 0 -0.0208982 0.825651 74 74 255
51.2621 7.3295 20.0579 0.00935245 0 1.24578 0 0.584229 -0.693367 32 32 255
24.643 13.282 25.8 0.723263 0 -4.5 0 0.250479 -0.211323 246 246 255
23.779 11.2079 25.7518 -0.435888 -0.254369 -3.5 0 0.717276 -0.0737489 239 239 255
13.7114 27.382 26.7348 -0.342853 0 -3.5 0 -0.0111222 0.926562 24 24 255
26.773 12.5785 22.7607 0.730171 0 -1.1091 0 0.722649 -0.314213 169 169 255
26.2017 12.5868 54.4979 -0.997694 -0.234987 -3.5 0 0.39214 0.218532 28 28 255
40.7207 14.8217 28.1623 -0.139252 -0.039533 -0.4 1 -0.426265 0.873133 255 26 26
8.9495 22.918 14.509 -0.724878 0 -3.2 0 0.596272 0.726322 58 58 255
15.2271 20.5053 41.7961 0.416964 0 -3.5 0 0.491584 0.377751 74 74 254
37.0726 -5.99512 35.1343 -0.129096 0 -1.3 0 0.220035 -0.78066 29 29 255
6.27563 11.7741 19.112 -0.280019 0 2.8 0 -0.808475 -0.587285 36 36 255
16.378 14.4397 8.1255 0.380272 0.525474 -3.5 0 0.268716 0.0538777 39 39 255
23.6117 5.231 14.794 -0.172123 -0.0120105 -3.5 0 0.081768 -0.417567 238 238 255
42.7251 -3.71738 18.3161 0.699472 0.015039 -4.5 0 0.393724 -0.85015 161 161 255
16.132 12.8673 14.5293 -0.591869 0 -1.82041 0 0.469664 -0.801362 85 85 255
54.5677 -2.315 26.1415 -0.110179 -0.0226113 -2.90559 0 0.625463 -0.707044 9 9 255
52.843 10.7913 21.2445 -0.762522 0 -1.78997 0 0.980366 -0.0777981 179 179 255
10.1879 -1.63063 42.8252 0.222216 0.400236 -3.9 0 -0.558979 -0.672824 68 68 255
9.62588 4.52325 47.945 -0.387427 0 -3.5 0 -0.585314 -0.448986 40 40 255
17.6785 1.7895 58.8278 -0.255292 0 4.5 0 0.950988 0.146785 36 36 255
46.3176 9.95475 15.7596 0.306581 0 -3.2 1 -0.0204577 -0.212318 255 57 57
43.5807 2.45563 36.7224 -0.553873 0 0.627262 0 0.306601 -0.695956 151 151 255
-2.5105 4.443 23.633 -0.190508 0 4.5 0 -0.976647 0.120081 0 0 255
28.4821 11.9205 54.3769 -0.676671 -0.567135 -3.5 0 0.482465 0.810927 32 32 255
11.1836 21.7929 41.2057 -0.227611 0 -3.5 0 0.0257432 0.954764 4 4 255
26.3475 -0.9835 24.9035 1.75872 0.644414 -3.9 0 -0.380852 -0.805539 228 228 255
31.2241 21.2475 30.8601 0.0976359 0 4.2 1 0.402138 0.177794 255 29 29
34.1915 -6.135 46.012 -0.491923 0 -3.5 0 -0.556449 -0.685779 34 34 255
40.595 2.24763 51.4733 2.76668 0.0448833 -3.9 0 0.710816 -0.642061 1 1 255
42.0564 3.931 51.566 0.186504 -0.623074 4.5 0 0.518043 -0.691896 1 1 255
31.9053 17.9094 23.5169 0.842294 0.0525514 2.11211 0 0.251104 -0.480017 255 3 3
43.916 15.409 17.6485 -0.0729489 0.747557 -3.2 0 -0.59116 0.790507 255 14 14
48.9265 9.28975 46.4605 -0.293211 0 -2.19986 0 0.753698 -0.553654 9 9 255
28.4524 -3.16762 27.5249 0.125002 0 1.8 0 -0.373583 -0.714673 74 74 255
22.3258 14.7533 37.6254 0.999864 -0.239642 -0.7 0 0.108426 0.651212 182 182 255
16.6723 5.213 54.0283 -0.0257549 0.204367 -3.5 0 -0.447085 0.446051 40 40 255
4.2515 19.2286 43.7816 -0.242182 0 -3.5 0 -0.934753 0.330167 1 1 255
0.55975 19.6283 22.2647 -0.0805728 0 -3.9 0 -0.696194 0.716901 9 9 255
-0.400625 25.8448 40.0646 3.7256 0 -3.9 0 0.181464 0.57958 13 13 255
5.107 -0.24025 23.5592 -0.947323 -0.0592329 4.2 0 -0.456763 -0.756216 60 60 255
21.0619 25.2307 21.6877 -1.01362 -0.31649 0.518347 0 -0.108751 0.29825 68 68 255
44.2435 -4.8275 37.354 -0.258099 0 -1.6 0 0.824874 -0.244428 62 62 255
9.12975 23.6265 36.5272 -0.0920023 0 4.23785 0 0.0848241 0.897416 8 8 255
23.3622 18.1526 24.4286 0.271214 0 3.8 0 0.666633 0.219094 255 57 57
10.8197 -0.1375 28.0732 -0.328051 0 4.5 0 -0.228914 -0.748643 55 55 255
42.776 -1.4525 28.2372 0.844689 0.494137 -0.7 0 0.945303 0.0828525 98 98 255
36.68 -1.74137 28.5736 -0.212861 -0.124262 0.705616 0 -0.167225 -0.820554 13 13 255
37.0477 12.0673 36.891 -0.457568 0 -2.56604 1 0.449636 0.714812 255 8 8
21.7903 -0.750375 26.3564 0.474426 0 -3.9 0 0.774518 -0.501808 101 101 255
13.4626 28.6471 24.9823 -1.6061 -0.433418 -3.5 0 -0.0225262 0.999697 30 30 255
-2.60013 -4.97625 35.0975 -0.0910849 0 -3.5 0 -0.971389 -0.0433952 14 14 255
28.2237 8.33375 26.5565 0.391549 0 -3.9 0 -0.447456 0.893295 240 240 255
5.52775 29.2167 24.5343 -0.282342 0 -2.22614 0 -0.191254 0.913103 82 82 254
-0.01475 -5.7655 33.1095 -0.701761 -0.0463757 -3.5 0 0.52137 -0.837528 12 12 255
28.3016 16.9956 16.2654 -1.48632 0 4.5 1 0.539947 -0.0605541 255 44 44
28.0954 -0.71975 26.8714 0.714999 0.111877 -1.2187 0 -0.964478 0.200711 199 199 255
8.3245 25.985 22.802 0.097756 0 -3.69829 0 0.628769 -0.162087 86 86 255
4.27025 -3.72388 32.6516 -0.681126 0 -3.5 0 -0.346228 -0.673961 20 20 255
11.8774 12.162 42.399 -0.633851 0 3.8 0 -0.484787 -0.874199 202 202 255
-1.2125 14.5162 36.1068 0.32763 0 -3.4438 0 -0.820905 0.44795 11 11 255
25.3755 10.7135 12.6093 0.101348 0 3.8 0 -0.630257 0.195455 178 178 255
35.4555 -10.7498 39.7357 -1.20433 -0.161978 -2.68408 0 -0.353563 -0.838943 38 38 255
40.4761 10.3316 36.0681 -0.111542 0 -3.5 1 0.909675 0.349088 255 0 0
43.4999 15.0344 22.3983 -0.248362 -0.233554 -0.631499 1 -0.385721 0.711406 255 10 10
14.2715 -3.6495 58.0925 -0.0446902 0 3.8 0 0.949104 -0.308519 255 179 179
9.07887 25.2215 35.1626 0.0229654 0 -3.9 0 -0.0603095 0.465813 39 39 255
2.044 17.741 32.8753 -0.684279 -0.148868 -3.9 0 -0.906954 -0.294193 16 16 255
16.9883 5.84875 61.3595 -0.300207 0 4.5 0 0.597448 0.776096 20 20 255
32.2547 15.2304 31.164 0.071754 0 3.8 1 0.483096 0.628336 255 66 66
22.3215 22.3684 20.3368 -0.646535 -0.500727 -0.0368814 0 0.840067 0.328276 230 230 255
6.641 2.44925 17.9912 0.0611915 0 4.5 0 -0.55316 -0.811003 92 92 255
20.99 4.385 23.988 -0.0237591 0 4.3718 0 0.753324 -0.656603 39 39 255
-2.7675 20.336 28.148 0.22084 0 -4.5 0 -0.715933 0.420067 36 36 255
7.742 27.866 44.0235 2.67618 0.0421825 -3.9 0 -0.143617 0.922451 0 0 255
48.8688 18.5675 32.4793 -0.000678139 0 -3.9 1 -0.150114 0.758799 255 55 55
34.5544 4.63825 21.3795 0.194706 0 4.5 0 0.133191 0.250683 255 32 32
41.7545 -5.592 34.006 -0.478249 -0.0347454 -1.38424 0 0.0258378 -0.98847 32 32 255
30.844 14.172 18.7847 0.46891 0 -0.9 0 0.51413 0.852618 255 114 114
19.871 25.9935 34.0525 -0.0967328 -0.0710783 2.5 0 0.045063 -0.380422 63 63 255
50.6445 1.5865 39.4895 2.84454 0.05799 -3.9 0 0.828981 0.188771 49 49 255
39.012 11.0057 56.4398 -0.170825 0 -1.3 0 0.00263529 0.689857 2 2 255
16.2535 -1.231 54.8995 -0.759041 0 -1.6 0 0.562785 -0.807949 59 59 255
24.6259 29.9276 36.3679 -0.415495 0.142731 -3.2 0 0.851008 0.441743 108 108 255
49.5196 11.0616 46.7504 -0.630378 0 -3.5 0 0.944364 -0.314286 9 9 255
-0.236 3.367 20.1548 3.39387 0.0795951 -3.9 0 -0.994208 0.0474248 15 15 255
46.303 15.6147 16.671 0.271602 0 -3.2 0 -0.0954462 0.879722 255 43 43
41.7057 3.1225 54.3722 1.29329 0 -3.9 0 0.900896 -0.325822 0 0 255
46.025 14.1525 57.313 2.52547 0.0508923 -3.9 0 0.226705 0.256799 0 0 255
35.5568 -9.24375 44.2155 -1.48922 -0.661121 -3.5 0 0.274753 -0.216823 228 228 255
55.3305 11.962 43.072 2.75461 0.0472115 -3.9 0 0.817193 -0.511087 1 1 255
4.44637 18.3696 15.3296 0.91141 0 -3.2 0 -0.25983 -0.272238 10 10 255
-3.48887 6.64087 39.2952 0.967525 0 -3.9 0 -0.604491 0.207936 2 2 255
50.7303 -3.89925 28.7638 -0.622332 0 -0.916247 0 -0.0430047 -0.911318 39 39 255
8.23363 2.43875 16.8901 -0.0161888 0 4.5 0 0.102844 -0.543123 132 132 255
29.6591 2.61488 56.8635 -2.09389 -0.53674 -3.5 0 -0.877515 0.339729 1 1 255
19.3905 10.1346 55.1395 -1.38678 -0.108368 -3.5 0 -0.370415 0.728222 46 46 255
0.5945 26.242 38.571 2.80711 0 -3.9 0 0.680779 0.706553 43 43 255
10.8545 3.77912 61.6774 -1.36779 -0.349349 -3.2 0 -0.896527 0.440173 54 54 255
54.0135 -2.173 30.7095 -0.168219 0 -0.7 0 0.484818 -0.124945 16 16 255
27.2215 26.135 31.028 -0.558974 0 -3.5 1 0.413596 -0.675533 255 76 76
40.2864 -5.50212 31.3636 -0.192094 0 -0.7 0 -0.719446 -0.628884 11 11 255
47.7238 18.045 20.2978 -0.0579267 0 -4.5 1 0.0942139 0.995044 255 44 44
39.6932 4.04875 56.0838 0.281074 0 -3.9 0 0.0476058 0.138521 0 0 255
9.09775 -0.09125 47.5597 -0.335936 -0.130352 -0.7 0 -0.0776017 -0.368074 132 132 255
1.44712 20.5408 18.5656 0.711654 0 -3.9 0 -0.00883245 0.992025 9 9 255
22.2316 20.0046 15.3519 -0.543056 0 -3.5 0 0.317442 -0.566223 168 168 255
3.37925 1.28675 40.7632 -0.428758 0 2.3814 0 -0.778676 0.206886 156 156 255
24.0441 2.33975 29.268 0.674555 0 -4.5 0 0.361727 -0.666581 54 54 255
27.4525 21.3498 21.2051 -0.136692 0 4.5 0 -0.935805 0.192005 255 51 51
26.985 3.12888 52.2424 -1.99217 -0.51221 -0.4 0 0.66805 -0.688033 10 10 255
11.059 7.99587 43.7754 -0.61289 0 2.8 0 -0.26751 0.943532 66 66 255
42.3162 14.2365 22.129 0.0545173 0 2.8 1 -0.471023 0.588945 255 6 6
12.3896 26.9324 30.4309 0.122027 0 -1.03632 0 -0.46106 0.686911 79 79 255
20.8586 27.2621 34.61 -0.165186 0 -3.2 0 -0.790783 -0.000245884 83 83 254
20.468 0.314 49.8785 -0.34098 0 -2.50554 0 0.0839558 -0.995467 2 2 255
24.6134 14.6825 41.8835 1.04128 0 -2.28437 0 -0.129432 0.763612 105 105 255
48.0049 0.407625 22.5596 -0.962986 -0.22024 -1.6 0 -0.330939 -0.831744 68 68 255
50.3467 8.6165 17.2885 -0.176193 -0.329424 -3.5 0 0.247542 0.848023 112 112 255
54.471 -1.56325 22.0886 -0.497445 0 -3.5 0 0.0767445 -0.783154 7 7 255
11.1291 11.6569 16.9335 0.231942 0 0.880757 0 -0.220796 -0.35654 39 39 255
6.649 24.4635 40.9056 0.417993 0 -3.9 0 -0.458416 0.43879 0 0 255
19.1686 21.2756 35.4842 -0.133214 -0.420322 -1.3 0 0.902882 0.219375 146 146 255
28.9266 18.2654 42.8286 1.61346 0.329781 -3.9 0 0.346012 -0.118757 58 58 255
14.6566 30.3813 34.5993 0.297848 0.603555 -2.94302 0 0.0322809 0.562615 37 37 255
18.4735 13.4994 13.2486 0.114419 0 -3.98556 0 0.00914539 -0.968099 156 156 255
17.6519 1.4055 57.7884 -0.237602 0 -1.6 0 0.990897 -0.123441 29 29 255
9.22425 30.0595 25.7215 -0.326752 0 -2.76827 0 0.442368 0.879589 33 33 255
-0.2635 16.3015 20.4805 0.0331909 0 -3.9 0 -0.681836 -0.48587 2 2 255
28.6115 11.6683 21.8557 0.823119 0 -0.9 0 -0.0265915 0.453983 108 108 255
18.945 16.1443 12.3892 0.243731 0 -3.5 0 0.869248 0.31944 55 55 255
9.96787 12.5677 41.5633 -0.313883 0 3.8 0 -0.000496057 -0.656754 85 85 255
-4.51375 14.5745 32.0062 -0.183712 0 -4.5 0 -0.132016 -0.407978 9 9 255
29.0479 -1.593 49.979 0.00593988 0 -3.2 0 -0.676925 -0.695297 6 6 255
43.04 0.14125 47.328 -0.725987 -0.741505 -3.5 0 -0.114505 -0.488711 10 10 255
32.7551 14.7528 23.4165 0.533887 0 -3.5 0 -0.326738 0.663427 255 43 43
40.4479 14.5274 23.5361 0.30911 0 2.8 1 -0.501219 0.688628 255 4 4
33.0062 22.8759 22.8617 -0.0181575 0 3.8 1 0.135449 0.585342 255 4 4
22.3689 14.3229 33.9975 0.495546 -0.162563 -0.8 0 0.369892 -0.0480543 104 104 255
16.8385 27.4346 34.5322 0.00717913 0 0.0608409 0 0.382227 -0.080022 50 50 255
33.8065 -10.8059 42.3491 -0.830407 -0.07137 -3.5 0 -0.303929 -0.951738 120 120 255
-1.7305 -4.45675 36.2026 0.357548 0.886818 -3.5 0 -0.398037 -0.0375384 29 29 255
30.8433 0.94075 17.9263 0.318357 0 -4.5 0 -0.078278 -0.814414 255 177 177
39.8495 12.2323 53.1944 -0.104201 0 -0.4 0 0.460901 0.404097 13 13 255
6.6115 7.00475 16.6513 -0.177476 0 4.5 0 -0.0691267 0.404609 59 59 255
6.30062 3.37687 45.8244 -0.436899 0 -2.33094 0 -0.750863 0.0416733 16 16 255
42.8255 18.241 29.7292 -0.36531 -0.39403 -1.3 1 -0.559224 0.692637 255 41 41
13.8936 1.08575 51.2537 -0.342681 0 -3.9 0 -0.651608 -0.718654 155 155 255
34.0412 -1.1475 21.7847 0.0387549 -0.242618 -3.9 0 -0.00993667 -0.539514 149 149 255
32.914 12.2614 43.7136 -0.298988 0 -1.3 0 -0.875123 0.431941 255 225 225
15.2896 7.99375 17.154 -0.25446 0 -3.2 0 0.238668 -0.317871 155 155 255
56.3896 7.90613 26.554 0.18086 0 -1.6 0 0.655158 -0.647058 24 24 255
22.923 -3.95913 40.3581 -0.55661 -0.026354 -3.5 0 -0.537911 -0.547514 24 24 255
36.0677 -6.26725 35.4338 0.0399018 0 -1.3 0 0.019884 -0.88156 31 31 255
-1.5875 25.1628 33.5033 -1.46311 -0.692756 -3.5 0 -0.568368 0.788487 166 166 255
53.7405 1.24075 25.4708 -0.0916412 0 -3.5 0 0.461243 0.77986 25 25 255
52.831 9.575 21.655 -0.24243 0 1.8 0 0.900589 -0.42616 99 99 255
44.4354 11.0761 21.2554 -0.379371 0 1.52139 1 -0.653253 -0.604212 255 16 16
27.2295 18.4788 28.9468 0.965361 0 1.8 1 0.0767582 -0.127526 255 8 8
23.5215 2.90175 20.4142 0.0849748 0 -3.5 0 0.376916 -0.924019 82 82 255
5.9935 -0.97725 26.0963 -0.199396 -0.318036 4.2 0 -0.0118091 -0.998023 42 42 255
32.6872 12.477 34.8408 -0.452861 -0.457169 -1.3 1 -0.198189 0.774101 255 34 34
-4.65837 18.7306 29.3647 0.673633 0.345113 -4.5 0 -0.760361 0.466193 14 14 255
48.795 8.2295 40.0827 0.0649266 0 -0.9 0 0.510753 -0.454784 166 166 255
38.1107 11.8068 41.943 0.0437442 0 1.66046 1 0.46995 0.836103 255 11 11
-2.5725 12.113 33.3885 -0.333781 0 -3.5 0 -0.70458 0.399919 10 10 255
39.1689 7.42975 55.3215 -0.411976 0 -3.23981 0 -0.138046 -0.299421 1 1 255
56.2276 11.6578 24.4254 -0.0214668 0 -1.6 0 0.637173 0.705316 218 218 255
49.993 0.1635 34.695 0.0881163 0 -3.9 0 0.901423 -0.345936 135 135 255
35.5006 22.3188 22.4654 0.00853511 0 3.8 1 0.552348 0.450772 255 2 2
23.7289 7.5525 29.3524 1.62638 0 1.8 0 -0.561416 0.333311 130 130 255
8.2815 28.7232 32.8545 -0.583116 -0.306615 -3.70412 0 -0.444555 0.777134 255 234 234
47.6102 5.668 15.556 0.0915616 0 -3.5 1 -0.217942 -0.0272917 255 89 89
10.8343 21.791 39.8346 -0.405525 0 -2.32622 0 0.245924 0.959535 3 3 255
47.2679 16.3706 24.8089 0.528331 0 -3.5 1 -0.284162 0.93862 255 38 38
19.1155 20.9918 12.861 -1.32164 -0.0381239 -3.5 0 -0.457116 -0.0542489 35 35 255
9.27819 -0.936188 43.3165 -0.0744612 -0.380262 -0.7 0 -0.151876 -0.987064 52 52 255
42.1615 12.465 52.9313 -0.258581 0 -3.07439 0 -0.436271 0.669462 26 26 255
27.1117 3.081 19.6127 -0.334348 0.399002 -4.5 0 -0.420064 -0.763463 54 54 255
5.16162 28.3961 20.1979 0.905315 0 -3.9 0 -0.756016 0.186424 55 55 255
26.0077 18.987 45.674 0.98435 0 -3.9 0 -0.33641 0.794575 16 16 255
7.936 -1.462 41.2752 -0.466318 -0.0938065 -3.5 0 0.147218 -0.55215 85 85 254
17.0941 0.538375 63.1015 -0.364118 0 0.091617 0 0.709119 -0.172059 21 21 255
22.3531 26.6019 37.4481 0.384454 0 -3.2 0 -0.54934 -0.497539 47 47 255
50.0575 8.8435 50.5008 -1.99912 0 -3.5 0 0.93016 -0.279832 1 1 255
39.9305 8.82137 57.2497 -1.26195 -0.225886 -1.3 0 -0.447333 -0.267851 0 0 255
-1.45025 16.133 23.4688 1.86129 -0.0351113 -3.9 0 -0.558016 0.826842 1 1 255
-1.48394 11.8369 28.4291 -0.99458 -0.338935 -3.5 0 -0.402346 -0.463233 2 2 255
8.70425 -1.34375 44.8895 -1.29509 -0.88652 -0.7 0 -0.088366 -0.992936 31 31 255
1.98563 15.8436 20.0508 0.0760176 0 -3.9 0 -0.12196 -0.968576 5 5 255
36.3741 10.5014 54.0045 -0.215877 0 -2.19955 0 -0.0814423 0.785446 2 2 255
36.6316 -1.58325 52.6309 -0.466396 0 -3.5 0 0.107176 -0.405252 7 7 255
42.3568 -4.80713 40.5575 -0.0967095 0 -1.3 0 0.658136 -0.447167 31 31 255
19.9045 18.8495 15.0445 -0.154435 0 -3.5 0 0.588807 -0.415664 63 63 255
17.385 1.257 21.8944 0.595316 0 1.8 0 -0.0869254 -0.953572 22 22 255
40.0467 1.188 50.1695 -0.547563 0 4.5 0 0.910064 -0.320245 9 9 254
13.845 7.03125 49.6711 1.01877 0 -0.599398 0 0.615483 0.668104 105 105 255
-3.06387 10.678 27.6396 -0.243868 -0.0654416 -3.5 0 -0.440487 0.266017 1 1 255
7.431 7.4025 17.1125 -0.278482 0 4.5 0 -0.109654 0.424498 73 73 255
36.3672 -8.8695 36.8973 0.0436286 0 -0.7 0 -0.657795 -0.191742 34 34 255
17.759 23.2736 37.2327 0.293573 0 -1.3 0 0.296515 0.859388 107 107 255
25.5155 31.498 26.7915 -1.5802 -0.837314 -3.5 0 0.668095 0.150852 255 160 160
47.133 -0.0495 29.2938 -1.33469 -0.422724 4.2 0 -0.64649 -0.304979 83 83 255
25.0811 -7.48263 42.8575 0.0965103 0 -3.5 0 -0.350298 -0.816893 9 9 255
1.2255 16.8334 16.8633 1.59706 0 -3.9 0 -0.150129 -0.916899 7 7 254
18.4441 24.0371 35.3068 0.100529 0 -1.3 0 0.638829 0.41226 152 152 255
41.5877 -2.2705 26.0853 -0.24375 0 -4.5 0 0.618306 -0.716783 143 143 255
27.5098 -3.99125 47.2976 -0.604252 0.285101 -3.2 0 -0.511301 -0.254614 5 5 255
53.8063 -1.16 21.4276 -0.16134 0 -3.5 0 -0.0683785 -0.576284 11 11 255
16.2563 15.665 9.0495 -0.554148 -0.0109918 -3.5 0 -0.460559 0.588554 12 12 255
22.6987 1.05325 28.1117 0.305871 0 -3.9 0 0.827582 -0.524216 147 147 255
2.83475 15.6047 17.476 0.121196 0 -3.5 0 -0.882295 -0.442434 11 11 255
38.028 10.71 56.2842 -0.153191 0 -1.3 0 -0.544822 0.525515 1 1 255
39.206 -6.65175 48.0793 -1.30225 -0.901727 -3.5 0 0.537193 -0.842988 17 17 255
8.0855 21.1434 16.5053 -0.209763 -0.132425 -2.86881 0 0.348721 0.73096 27 27 255
27.1224 7.43625 35.1175 1.52496 0.206468 0.467878 0 -0.661173 0.740507 206 206 255
19.0094 1.57938 61.8005 -0.301329 0 4.5 0 0.98034 -0.169167 8 8 255
4.40063 6.02413 45.4865 0.110082 0 -3.9 0 0.114202 -0.50526 22 22 255
-4.567 11.6581 36.2604 -0.770514 -0.062466 -3.5 0 -0.721249 0.523225 7 7 255
27.2771 16.565 16.236 -0.577878 0 4.5 1 0.164236 -0.0455343 255 41 41
10.4651 30.2899 33.3406 1.74891 0.0358586 -3.9 0 -0.713643 0.597718 221 221 255
26.0699 17.768 21.8404 0.509752 0 -4.5 0 -0.634701 0.750576 255 31 31
-2.1395 5.58925 23.6782 -0.302821 0 4.5 0 -0.819074 0.129709 0 0 255
19.8092 0.9135 33.942 -0.411294 0 0.752339 0 0.0394102 -0.988752 119 119 255
44.2882 -0.51775 22.0298 0.146597 0 2.8 0 0.234043 -0.738653 121 121 255
21.9202 11.2709 56.5481 -0.656669 -0.0849667 -3.5 0 -0.390249 0.285715 13 13 255
-1.00038 15.7075 22.2612 0.509331 0 -3.9 0 -0.592288 0.379867 0 0 255
29.2022 10.4087 14.8003 0.984268 0.123354 3.8 1 0.832571 0.181233 255 67 67
28.4529 24.9406 29.6227 -0.173831 0 0.45307 1 0.570451 0.298765 255 28 28
28.8675 21.6075 17.4 -0.0457363 0 4.5 1 0.876818 0.117338 255 35 35
35.5221 -2.9855 23.0553 -0.960276 0 -3.5 0 -0.1973 -0.710705 114 114 255
48.9625 -0.7885 23.7659 -0.253411 -0.462885 -2.45991 0 -0.735592 -0.442332 24 24 255
51.0771 -2.06387 31.1657 -0.559167 -0.0283272 -0.7 0 -0.316959 -0.619344 66 66 255
42.6725 1.74388 39.3474 0.000269991 0 -3.5 0 0.529167 -0.588541 83 83 255
3.86725 24.7106 24.484 -0.110971 0 -3.9 0 -0.798731 -0.483933 242 242 255
28.7118 12.1654 37.1526 0.431224 0 4.2 0 0.031422 0.962395 241 241 255
10.8772 -2.62363 61.7113 -0.0567821 0 -3.2 0 -0.545751 -0.810908 66 66 255
41.959 0.24075 38.9245 -0.237209 0 1.60071 0 0.889087 0.17591 83 83 255
7.22975 28.4217 19.8127 1.32995 0 -3.9 0 0.117125 0.407575 76 76 255
-0.746 -1.97125 36.1 -0.19283 0 -3.5 0 -0.57915 0.0537748 13 13 255
33.3307 13.2292 35.5735 -0.584604 -0.0203055 -1.3 1 -0.0448374 0.967118 255 27 27
-5.9 11.395 34.058 -1.31129 -0.107552 -3.5 0 -0.718206 0.508029 10 10 255
31.3106 24.3018 25.7022 -0.0384076 0 3.8 1 0.659295 0.439898 255 10 10
20.5473 14.924 13.3045 0.431128 0 -4.5 0 0.361958 0.41963 167 167 255
5.38237 23.5674 43.942 0.109443 0 -3.9 0 -0.899922 0.134237 0 0 254
0.319375 13.6994 38.6955 -0.20386 0 -3.73586 0 -0.801267 0.497785 6 6 255
28.5396 19.4037 29.1493 0.544639 0 2.35351 1 -0.236048 -0.45641 255 4 4
10.9451 -2.155 32.1841 -0.192495 0 3.12013 0 0.802771 -0.590391 40 40 255
36.5078 -0.7745 21.1335 0.220259 0 -4.36202 0 -0.461982 -0.232507 255 185 185
32.5513 -7.8745 40.8582 -0.00309078 0 -3.5 0 -0.927444 -0.37384 17 17 255
25.9393 2.48 50.6003 -1.02323 -0.334592 -1.44826 0 0.658917 -0.751589 8 8 255
13.056 -0.92 53.9795 -1.73067 -0.266881 -1.6 0 -0.726402 -0.118506 81 81 255
56.3223 -1.933 22.7962 -1.26202 -0.0286103 -3.5 0 0.332306 -0.705217 3 3 255
46.0599 1.42237 37.0259 0.0964745 -0.167028 -2.99063 0 -0.849221 -0.332807 91 91 255
14.298 24.5618 34.0546 0.692004 0 -1.3 0 -0.112914 0.614158 71 71 255
26.76 11.156 30.105 1.67064 0 -1.3 0 -0.803956 0.347044 255 170 170
4.31925 8.41 47.2925 1.63986 0 -3.9 0 0.362181 -0.573654 21 21 255
33.0765 -0.065375 21.6063 0.185722 -0.357973 -3.9 0 -0.112216 -0.401918 215 215 255
30.1192 12.518 27.4935 0.420751 0 3.8 0 -0.322584 -0.620251 255 231 231
9.4895 13.6855 43.311 -0.20598 0 3.8 0 -0.626794 -0.424553 41 41 255
19.9711 9.943 16.0826 -1.00877 0 1.9 0 -0.823483 0.174241 255 191 191
12.8395 28.8161 31.7061 0.517754 0.354088 -3.9 0 -0.26803 0.389038 53 53 255
23.9574 21.8616 15.3461 -0.466051 0 4.5 0 0.0928038 0.638004 255 142 142
45.635 -3.675 35.5757 0.0305067 0 -1.6 0 0.946438 -0.321982 135 135 255
22.0805 13.9259 28.8526 0.920144 -0.100458 -0.4 0 0.411735 -0.867928 157 157 255
0.193375 2.34825 24.6542 0.05431 0 3.13009 0 -0.118681 -0.936878 12 12 255
5.22275 21.7302 40.2319 -0.131023 0 -3.9 0 -0.890868 0.447406 1 1 255
37.3305 -2.13206 52.0528 -1.46455 0 -3.5 0 0.0884566 -0.459771 12 12 255
40.471 10.7136 56.3641 -0.991259 -0.190859 -1.3 0 0.160125 0.844889 3 3 254
7.92675 24.1998 40.4295 0.132107 0 -3.9 0 0.302912 0.593237 1 1 255
41.5202 12.7594 46.061 -0.401787 -0.231688 -2.79875 1 0.0132102 0.687031 255 145 145
18.9517 10.0351 51.8679 0.700795 0.0541787 -0.7 0 -0.967464 0.244037 53 53 255
53.0425 9.622 31.7639 -0.342874 0 -0.7 0 0.99746 -0.0390208 95 95 255
13.1085 -0.374625 46.449 -0.674447 -0.128923 -3.36744 0 0.36671 -0.741867 74 74 255
37.8717 -8.29663 43.2788 -0.573771 0 -3.70511 0 0.611659 -0.505569 205 205 255
5.49875 22.9395 14.8531 0.210572 0 -3.2 0 -0.57896 0.782453 9 9 255
1.85225 19.1895 25.0039 -0.373877 -0.142847 3.8 0 -0.977413 0.21098 10 10 255
15.7755 5.15325 63.1942 -0.290002 0 4.5 0 0.130967 0.39848 26 26 255
9.06125 -1.47475 58.3995 -1.38624 -0.175837 3.8 0 -0.988458 0.0861667 99 99 255
9.54387 -3.19762 40.8464 -0.0160029 0 -3.80957 0 -0.358639 -0.496524 78 78 255
28.232 -0.75825 50.4487 0.0784422 0.272058 -3.2 0 -0.975168 -0.142585 6 6 255
53.9285 1.97875 22.5064 -0.132675 0 -3.5 0 0.0666201 0.890308 22 22 255
1.70075 19.5559 14.4522 2.46396 0.327738 -3.9 0 0.23442 0.508478 6 6 255
37.4645 11.9645 53.5505 0.217702 0 -1.06845 0 -0.614522 0.211385 5 5 254
6.06675 -5.175 38.5535 -0.334197 0 -3.5 0 -0.428923 -0.833557 58 58 255
8.741 29.9338 24.2847 -1.20585 -0.141961 -3.5 0 0.144268 0.938661 45 45 255
41.5508 -0.72175 16.3814 0.294003 0 -4.5 0 -0.00930149 -0.106411 255 67 67
50.0161 16.2038 34.7231 0.204224 0 -3.9 0 0.0228363 0.81251 255 89 89
5.087 24.9631 20.9713 0.0766196 0 -2.9583 0 -0.760386 -0.115788 46 46 254
-2.55425 16.2547 31.7694 0.183226 0 -4.5 0 0.118401 0.077463 3 3 255
49.3789 13.0249 48.808 -0.212599 0 -3.5 0 0.77407 0.491151 7 7 255
15.878 1.33575 21.8918 0.829573 0.054378 -1.18422 0 0.0240085 -0.989218 19 19 255
-2.45187 16.5314 27.4368 -0.444569 -0.513334 -3.5 0 -0.329314 0.537029 5 5 255
18.7186 22.271 15.6617 -0.499877 0 -3.5 0 -0.430163 0.863298 142 142 255
24.9291 16.4443 31.5286 0.331491 0 -0.8 1 0.942367 0.334062 255 174 174
34.2635 -8.833 39.4857 0.507801 0.276628 -1.90056 0 -0.601022 -0.704546 14 14 255
23.2831 1.98413 28.2734 0.418167 0 -3.9 0 0.774728 -0.609974 83 83 255
8.35888 10.7548 16.7827 -0.447301 -0.127553 1.7621 0 -0.219919 -0.44374 86 86 255
24.4145 0.284 46.7827 -0.452618 -0.0223288 1.9 0 0.0486876 -0.879753 2 2 255
27.3428 17.1216 51.9246 -0.239274 0 -3.5 0 0.447221 0.770194 3 3 255
21.5885 29.9461 27.4804 -0.931685 0 -3.5 0 0.0355034 0.584977 64 64 254
8.039 6.2825 16.8245 -0.155159 0 4.5 0 0.0360241 0.196504 94 94 255
49.6582 17.032 18.6852 0.570983 0 -4.5 0 0.475362 0.637221 255 169 169
54.6473 14.9505 28.771 0.028987 0.326973 -3.73605 0 0.890001 0.385176 255 81 81
20.642 15.5095 34.2585 0.711836 0.74999 -0.8 0 -0.227671 0.487987 94 94 255
17.5241 23.2976 19.9912 -0.392844 0.0916261 2.78956 0 -0.0669339 0.802644 98 98 255
19.0345 10.5258 32.0655 1.06119 0 -0.705837 0 0.630233 -0.776223 23 23 255
-2.30475 24.9897 36.649 0.842122 0 -3.9 0 -0.694253 0.501497 124 124 255
35.0866 11.245 23.6474 0.637477 0 -3.5 1 0.225357 -0.919514 255 20 20
42.2934 -5.58588 47.0701 2.54501 0.0539021 -3.9 0 0.687235 -0.637464 4 4 255
34.102 13.599 46.5245 -0.492832 -0.707955 -0.862 0 0.595986 0.424833 255 216 216
27.2288 3.01 29.7275 1.24684 -0.0491956 -3.85151 0 -0.0714837 0.00218703 100 100 255
9.43475 -2.82987 55.7414 -0.263502 0 3.8 0 -0.639469 0.513193 112 112 255
44.9372 2.44525 26.6458 0.648316 0 -4.5 0 0.311879 -0.941133 150 150 255
41.5336 -4.98863 26.8691 0.0326231 -0.71128 -0.7 0 -0.360154 -0.398269 25 25 255
20.9416 11.8419 14.2268 0.37835 0 -4.5 0 0.0277149 -0.418709 255 167 167
45.2541 18.2209 50.52 -0.233031 0 -3.5 0 -0.274094 0.94474 128 128 255
21.3755 17.4417 51.5455 -0.106804 0 -1.6 0 0.230761 -0.138259 3 3 255
18.101 -0.214 38.542 -0.62858 0 4.2 0 -0.289572 -0.92949 37 37 255
27.6758 12.309 36.6364 0.576963 0 4.2 0 -0.00701166 0.945431 230 230 255
13.1171 0.129625 27.124 -0.635503 0 2.95583 0 0.573903 -0.796283 60 60 255
48.2794 13.4796 18.1084 0.423239 0 -3.2 0 0.898196 0.187342 255 71 71
14.2762 25.3016 22.4284 -0.533245 -0.707577 -3.18901 0 0.198298 0.682065 118 118 255
46.404 7.528 37.3315 0.0184526 0 4.2 0 0.914234 0.390827 255 42 42
10.8511 26.7395 45.4217 -1.9111 -0.793304 -3.5 0 0.00227424 0.93145 0 0 255
15.0673 22.0521 41.002 -0.617769 -0.30418 -3.5 0 0.444775 0.793213 32 32 255
48.5326 7.15 44.1514 -0.486443 0 -0.9 0 0.512861 -0.835409 13 13 255
21.214 2.13225 53.5366 -0.677511 0 -3.5 0 -0.669144 0.0587591 18 18 255
29.6141 11.0505 56.5191 -1.27511 -0.405935 -3.5 0 -0.298304 0.814838 33 33 255
38.8156 -2.45388 27.1289 -0.720126 0 4.5 0 -0.136712 -0.90338 26 26 255
-2.97988 5.01775 31.3153 -0.342051 0 -0.9 0 -0.489529 -0.672776 3 3 255
12.0154 22.0851 39.4774 -0.416512 -0.260427 -1.44432 0 -0.180984 0.935545 4 4 255
23.5354 26.3561 37.2831 0.379972 0 -3.2 0 0.338066 -0.769389 40 40 255
11.4958 4.924 59.195 -2.09441 -0.769411 4.5 0 -0.64815 0.555469 71 71 255
23.6995 17.0653 50.0355 -0.0438793 0 -2.57625 0 0.274391 0.684737 1 1 255
31.223 -2.82063 26.8323 -0.188355 -0.202597 1.8 0 -0.564684 -0.475903 48 48 255
4.138 18.3932 44.3924 -0.132331 0 -3.5 0 -0.963876 0.0285423 1 1 255
26.1933 15.3232 53.9654 -0.871233 0 -3.5 0 0.0909981 0.378991 19 19 255
32.1463 19.6749 28.106 0.0385898 0 4.2 1 0.916047 -0.333247 255 5 5
19.6389 -3.35375 36.9645 -1.89969 -0.233509 -3.5 0 -0.725242 -0.425888 10 10 255
55.0535 -0.730875 21.6782 -0.502733 0 -3.5 0 0.244168 -0.196193 7 7 255
39.798 0.318 50.8535 -1.592 0 -3.5 0 0.920886 -0.165535 10 10 255
39.5334 -6.893 41.3574 0.152369 0 -3.9 0 0.703036 -0.700612 155 155 255
35.543 13.4558 31.3965 -0.00658661 0 3.8 1 -0.111257 0.951563 255 35 35
39.6953 -5.79887 29.8709 -0.184849 0 -0.7 0 -0.914797 -0.402995 8 8 255
43.858 2.51625 28.161 0.148086 0 -4.5 0 0.324485 -0.94573 207 207 255
11.0574 16.6574 12.7751 0.469369 0.618903 -3.5 0 -0.115917 -0.479527 21 21 255
33.7816 -10.0589 44.2948 -0.387046 0 -3.5 0 -0.144673 -0.663273 255 215 215
32.0675 -2.84225 50.1348 -0.105657 0 -3.2 0 -0.209961 -0.965847 4 4 255
28.5801 -3.77187 28.532 0.0201278 0 1.8 0 -0.354982 -0.901594 37 37 255
38.3285 11.7879 36.5967 0.0905585 0 -3.5 1 0.329049 0.779686 255 3 3
27.922 26.8652 30.5123 -0.198884 0 -3.5 1 0.880173 -0.339525 255 48 48
-2.57725 5.33475 25.0855 -0.746796 -0.112072 -0.449005 0 -0.913633 -0.341395 0 0 255
27.8468 8.51013 24.7984 -0.129611 -0.0130828 3.53665 0 -0.119026 0.925437 202 202 255
46.7015 8.45775 16.6957 0.875515 0 -3.2 1 -0.113549 -0.448494 255 46 46
3.58475 23.2789 36.5588 -1.19075 -0.239811 -0.4 0 0.0584424 0.433913 32 32 255
4.0625 4.65287 42.3354 0.433147 0 -3.53333 0 -0.659369 -0.750503 22 22 255
31.969 4.1505 56.7935 -0.985411 -0.0779823 -3.5 0 -0.359312 0.547947 9 9 255
4.9135 12.5933 20.3889 0.0353372 0 -0.738837 0 -0.652503 -0.641659 18 18 255
43.7495 3.34725 19.6127 -0.0996569 0 2.8 1 -0.178518 0.0956649 255 43 43
-1.74925 10.1412 22.028 -0.171176 0 -3.9 0 -0.291451 -0.265232 0 0 254
26.7011 25.2455 23.5385 -0.285574 0 3.8 0 -0.633572 0.541657 255 209 209
19.5888 9.10975 30.323 0.627904 0 -3.5 0 0.864152 0.173462 8 8 255
21.2355 23.4165 20.1117 -0.111575 0.000850401 3.92121 0 0.565542 0.713756 217 217 255
10.9605 30.3871 35.1825 2.31209 0.285601 -3.9 0 -0.465442 0.403924 189 189 255
16.6418 13.1473 8.76425 0.286081 0.00439279 -3.5 0 0.264558 -0.723698 93 93 255
30.3775 8.05812 17.3574 0.509735 0 -4.5 1 0.525967 0.244493 255 23 23
51.9831 19.2225 29.6865 0.231434 0 -3.9 1 -0.345305 0.736865 255 94 94
31.0165 17.1205 46.9015 -0.00312102 0 -3.9 0 0.893249 0.355391 43 43 255
28.1306 11.8298 39.6367 0.427559 0 0.316501 0 0.0491369 0.996075 156 156 255
41.6517 4.46875 19.9503 0.319203 0 2.8 1 -0.274232 0.49065 255 29 29
12.1901 -0.49425 26.9554 -0.672472 0 2.68471 0 -0.195584 -0.973993 52 52 255
17.8565 0.08925 23.9722 0.0556883 0 1.8 0 -0.477559 -0.856762 31 31 255
22.4482 27.1136 21.4457 -1.86781 -0.104195 -3.5 0 0.321386 0.378941 104 104 255
11.8875 5.3155 53.5228 0.155075 0 -3.9 0 -0.419808 0.348273 92 92 255
16.8539 28.7518 34.9031 0.189158 0 -0.4 0 0.358517 -0.184662 46 46 255
49.7025 -6.59975 26.873 0.481936 0.792529 -3.5 0 0.725874 -0.687827 67 67 255
13.9722 20.3069 15.5451 -0.457166 -0.828395 -3.46033 0 0.178356 0.838899 44 44 255
28.0466 -7.40375 34.8353 -0.930182 -0.145127 -3.52777 0 -0.401281 -0.913031 27 27 255
10.2812 10.5562 40.2518 -0.408495 0 1.03915 0 0.507354 -0.256902 123 123 255
5.2955 20.735 19.1863 -0.0384878 0 0.299997 0 -0.735275 0.527321 12 12 255
7.39787 14.1447 41.8512 -0.0918464 0 1.97501 0 -0.0175947 -0.143323 11 11 255
21.613 12.0872 37.1082 2.21342 0.95298 -0.7 0 0.907043 0.148595 127 127 255
17.531 15.8875 35.4094 0.376326 -0.7404 -0.873247 0 0.595931 0.36705 100 100 255
26.5816 21.0222 30.2575 0.137219 0 0.411551 1 0.243068 -0.481238 255 13 13
8.36075 30.7003 27.7126 -0.112223 0 -0.4 0 0.276436 0.907811 57 57 255
34.0945 12.409 33.4599 -0.402912 -0.507523 -0.289541 1 -0.459246 0.864487 255 27 27
-0.63625 2.41025 35.2366 -0.07353 0 -0.9 0 -0.738244 -0.263332 11 11 255
8.93975 9.33825 46.1608 -1.76585 -0.0899387 -3.5 0 -0.598994 0.77748 42 42 255
48.4481 7.38037 49.561 -1.15919 -0.147499 -3.5 0 0.493611 -0.864351 1 1 255
31.263 9.861 25.6583 1.07876 -0.565059 -0.8 0 -0.689531 0.6951 255 201 201
17.971 2.108 19.154 0.172959 0 -3.5 0 -0.388285 -0.890917 29 29 255
46.6992 2.6495 19.3547 0.418535 0 2.8 0 0.166417 -0.659105 255 86 86
10.7353 28.8955 27.0234 0.33402 0 -3.5 0 0.550571 0.66108 24 24 255
15.7785 6.09225 62.284 -0.329524 0 4.5 0 0.225172 0.881589 31 31 255
22.4086 13.5175 13.3525 0.511077 0 -4.5 0 0.150949 -0.195162 255 235 235
4.10125 28.9897 26.2421 -1.18901 -0.852852 -0.4 0 -0.839897 0.542727 117 117 255
51.7665 4.749 24.6943 0.356419 0 -1.2293 0 0.934658 0.0644112 30 30 255
36.1333 2.14713 52.7736 -0.195158 0 -3.70845 0 0.223771 -0.411137 1 1 255
30.1173 13.5767 16.2735 0.212839 0 -0.9 1 0.47548 0.511104 255 48 48
29.0461 7.70738 15.3855 0.378348 0 3.8 0 0.726835 -0.510847 255 39 39
39.6746 -8.13937 37.3826 0.116348 0 -0.942631 0 0.687605 -0.552623 59 59 255
15.9015 25.476 22.4661 -1.11749 -0.913412 2.8 0 -0.185361 0.670705 111 111 255
15.3127 9.31875 16.7743 -0.0881612 0 -2.01613 0 0.43679 -0.301807 145 145 255
47.6865 5.2825 38.6146 0.609697 0.320268 -3.5 0 0.827599 0.292386 175 175 255
15.1665 28.179 26.2278 0.985421 0 -3.88126 0 -0.643795 0.590546 28 28 255
37.2253 12.8145 43.6053 -0.463044 0 -1.3 1 0.803244 0.594291 255 41 41
10.532 23.1572 20.8249 -0.149225 0 2.8 0 -0.37757 0.667301 122 122 255
15.6348 4.05675 57.8013 -0.0319684 0 -1.6 0 0.309756 0.950147 35 35 255
1.5765 16.1537 31.8892 -0.716794 -0.243952 -3.5 0 -0.646738 0.559658 3 3 254
51.799 4.25313 25.8179 0.043261 0 -1.6 0 0.963224 -0.231695 39 39 255
13.706 12.259 13.121 0.181281 0 -0.7 0 -0.314364 -0.3509 34 34 255
46.2165 18.3993 51.3884 -0.217798 0 -3.5 0 0.249493 0.937905 100 100 255
30.0208 11.8083 16.0055 0.919331 0 -0.9 1 0.537914 0.201502 255 47 47
8.1485 -3.015 40.731 -1.85922 0 -3.5 0 -0.0542594 -0.482488 79 79 255
25.3638 -0.77125 33.2079 -0.331842 0 -4.5 0 -0.57061 -0.58704 36 36 255
4.05513 0.24025 25.2712 0.222088 -0.00505189 4.2 0 -0.475213 -0.747025 24 24 255
43.4168 -3.49 30.749 -0.343248 0 -0.7 0 0.937058 -0.129992 86 86 255
25.931 8.47188 27.9757 0.895908 0 -1.30827 0 0.264536 0.884993 220 220 255
20.3935 8.55737 13.436 0.185753 0 1.9 0 -0.626583 0.00136119 255 218 218
46.7304 3.29837 18.3445 0.363737 0 -3.5 1 -0.194153 -0.837648 255 45 45
26.3791 29.9201 28.2169 -0.662573 0 -3.5 1 0.696805 0.344025 255 84 84
6.422 9.9425 21.5187 -0.222188 0 2.00431 0 -0.562423 -0.357042 42 42 255
11.955 -1.2685 63.9635 -7.03922e-05 0 -3.2 0 -0.487561 -0.495761 84 84 254
36.7435 15.6715 51.2825 1.41802 0 -0.4 0 -0.83949 0.423758 198 198 255
20.7585 16.9042 45.4487 -0.0914217 -0.827758 -1.6 0 -0.159745 0.801899 13 13 255
18.8515 -0.027 23.6575 0.0445791 -0.0577465 1.8 0 -0.0778464 -0.949134 26 26 255
26.8072 6.57188 53.7956 -1.88438 -0.0322409 2.92426 0 0.320858 -0.38265 6 6 255
47.1942 17.824 18.9684 0.486594 0 -4.5 0 0.0139128 0.892676 255 45 45
4.29688 25.747 32.7644 -0.519038 0 3.8 0 0.301831 0.433188 186 186 255
25.265 16.3485 43.2405 0.944124 0 -3.2 0 -0.258258 0.637258 64 64 255
54.53 16.5435 29.0225 2.27538 0.249155 -3.9 0 0.439927 0.0669533 255 91 91
50.9861 9.87963 42.6921 0.0835571 0 -0.9 0 0.910693 -0.406622 9 9 255
28.0039 8.37525 35.4227 1.51986 0 4.2 0 -0.896 0.227349 185 185 255
19.1165 24.911 33.397 -1.15727 -0.414086 2.5 0 0.918399 -0.28415 138 138 255
1.52488 9.879 45.6393 0.487635 0 -3.9 0 -0.974116 0.191946 5 5 255
12.2028 1.71 20.2008 -1.00717 -0.651915 -3.05176 0 -0.0410821 -0.882845 113 113 255
23.8269 -0.56675 34.0735 -0.467556 -0.00761037 -1.23473 0 -0.152696 -0.722385 25 25 255
33.2243 17.3204 24.295 1.23638 0.858159 3.8 1 0.477851 -0.500399 255 4 4
20.3545 24.0395 20.8078 -0.230557 0 4.2 0 0.110511 0.814798 115 115 255
11.5568 -1.79925 31.1579 -0.148959 0 4.5 0 0.686286 -0.716089 44 44 255
-2.0125 10.0475 28.367 0.189175 0.534981 -0.4 0 -0.383349 0.485894 2 2 255
0.115875 17.8634 30.8662 -0.772475 -0.0661104 -4.21654 0 0.0502935 -0.259738 9 9 255
6.55625 25.0335 36.634 -0.103037 0 4.5 0 0.0429279 0.830855 20 20 255
41.1774 0.8665 17.1628 0.805864 0.0255469 -4.5 0 -0.0178889 0.800748 255 29 29
17.1303 0.79775 46.4351 -0.614285 -0.0250443 -1.68246 0 0.358198 -0.932692 7 7 255
24.6024 12.7054 55.0735 -0.430537 0 -3.5 0 0.00992286 0.691435 16 16 254
23.6566 25.859 23.8821 -1.04601 -0.635574 -2.65253 0 0.761884 0.0733688 183 183 255
22.4475 29.2074 23.7675 -0.512782 0 -3.5 0 0.517217 0.746671 104 104 255
9.925 -3.45837 55.1144 -0.263931 0 3.8 0 -0.412113 0.127148 120 120 255
-2.312 25.5502 37.5752 1.16856 0 -3.9 0 -0.665875 0.683322 103 103 254
12.9804 9.4345 42.8599 -1.0654 -0.241483 -3.5 0 -0.895771 0.42753 212 212 255
23.5991 15.1409 42.4756 1.22653 0 -1.64759 0 0.270122 0.67265 92 92 255
25.329 4.37575 54.5425 -0.609506 0 -0.4 0 0.465079 -0.29882 6 6 255
28.2424 12.5934 21.7594 0.788404 0 -1.29931 0 0.498034 0.0452273 136 136 255
49.822 1.83275 21.4802 -0.33036 -0.26017 2.54036 0 0.505002 -0.574716 30 30 255
49.768 8.54675 49.24 -1.84031 -0.775085 -3.5 0 0.780824 -0.450967 1 1 255
37.4264 -3.30512 22.4959 0.0255516 0 -4.5 0 -0.446615 -0.888491 143 143 255
5.2035 18.8363 48.5784 -1.96552 -0.537683 -3.5 0 -0.304959 0.173556 14 14 255
46.2855 11.9008 56.1585 1.74584 0 -3.9 0 0.507934 -0.54041 1 1 255
16.8961 5.6225 60.1904 -0.298448 0 4.5 0 0.584374 0.593867 20 20 255
3.671 12.0644 47.3988 1.45327 0.774043 -3.9 0 -0.183822 0.918288 12 12 255
20.652 12.5655 27.961 -0.177663 -0.0443763 -1.99066 0 0.875837 -0.332761 91 91 255
38.9105 -3.595 30.432 0.192721 0.0267274 -0.7 0 -0.746341 -0.653557 6 6 255
42.8638 -0.329125 22.3141 -0.11143 0 2.8 0 0.538376 -0.694009 175 175 255
8.55325 22.9225 44.8228 -0.0663361 0 -3.76685 0 0.0165993 -0.00227226 1 1 255
21.15 18.0667 33.8825 4.12333 0 -3.9 0 -0.509548 -0.355484 216 216 255
29.368 12.0852 38.3825 0.474878 0 3.77435 0 -0.168838 0.971413 196 196 255
45.1041 2.08625 29.8561 -0.992158 -0.638464 -4.22817 0 -0.014013 -0.59086 110 110 255
48.2939 16.364 36.4842 -1.28725 0 4.5 1 -0.169606 0.962531 255 66 66
30.419 10.5605 16.0285 0.700346 0.6761 2.91805 1 0.707216 -0.218147 255 47 47
6.61188 15.1676 14.7654 0.4478 0.0135795 -0.7 0 -0.487714 -0.225251 16 16 255
43.565 14.527 36.1235 -0.138217 0 4.5 1 -0.916177 0.261438 255 10 10
8.8555 7.11525 17.0005 -0.333103 -0.441936 1.47146 0 -0.247269 -0.00630276 141 141 255
-0.945875 2.74625 32.2594 -0.392193 0 0.512869 0 -0.691296 -0.407272 12 12 255
20.482 4.94525 54.8058 -1.18325 -0.903892 -3.5 0 -0.513088 -0.711101 26 26 255
14.3551 0.025875 41.0703 -0.170525 0 -3.9 0 0.83356 -0.536855 23 23 255
33.6097 15.3722 39.4272 -0.825183 -0.479498 -1.3 1 -0.470373 0.305178 255 195 195
15.568 14.9305 48.6333 0.334473 0 -4.5 0 0.0485393 0.058386 226 226 255
47.222 14.6 52.1435 -1.04144 0 -3.5 0 0.910414 -0.362777 8 8 255
9.04 20.5345 17.8465 -0.0821614 -0.00528861 -0.7 0 -0.270974 0.962584 37 37 255
35.2074 11.4629 22.5474 0.0943414 0 -3.5 1 0.478721 -0.850105 255 34 34
-3.65188 20.8861 30.9947 -0.00441739 0 -4.02144 0 -0.934178 0.0189094 38 38 255
21.044 1.687 29.9708 -0.47057 0 -3.9 0 0.434469 -0.867734 151 151 255
36.6695 14.4581 52.5872 1.36358 0 -0.4 0 -0.896317 0.252573 66 66 255
17.0869 21.5359 39.4647 0.472226 0.831941 -3.5 0 0.546896 0.779046 98 98 255
23.7275 3.89525 15.4225 -0.525447 0 -3.5 0 0.0994636 -0.73311 255 223 223
2.3435 -0.7285 39.139 -0.230154 0 4.5 0 -0.381769 -0.485522 88 88 255
24.4049 16.8948 43.5493 0.667009 0 -3.5 0 0.193105 0.471327 65 65 255
27.1016 19.4819 15.7411 -0.0751269 0 4.5 1 0.542259 0.148579 255 25 25
23.9625 30.5968 32.6188 -0.0735766 0 -3.36007 0 0.374498 0.788167 80 80 255
26.2256 27.8484 27.5572 -0.130013 0 -3.5 0 0.18088 0.175053 255 109 109
21.1763 9.76 56.7655 0.132023 0.402075 -3.5 0 -0.545693 0.124828 15 15 255
14.1652 3.03275 17.638 0.0816912 0 -1.6 0 -0.293786 -0.507268 116 116 255
25.979 9.9205 36.5645 1.2898 0 4.2 0 -0.397255 0.169808 135 135 255
19.6295 -0.68525 42.1421 -0.318842 0 -0.7 0 -0.445503 -0.775816 21 21 255
6.17075 -3.2755 30.0963 -1.4359 0 -3.5 0 -0.58405 -0.475517 8 8 255
48.515 15.426 43.026 -0.522972 -0.352245 0.087294 0 -0.107185 0.99133 81 81 254
22.712 8.129 28.964 1.25243 0 1.8 0 -0.304971 0.397674 102 102 255
4.237 16.5228 16.3328 0.551443 0 -3.5 0 -0.312121 -0.126441 14 14 255
4.19175 28.2476 27.3469 -0.156205 -0.477318 -0.4 0 -0.642496 0.596493 116 116 255
46.005 0.47 48.3322 -0.103509 0 -3.5 0 -0.0715337 -0.512341 9 9 255
32.1763 11.6032 50.4707 0.400016 -0.349815 -0.7 0 -0.201994 0.868983 20 20 255
33.9029 9.232 22.3666 0.00659179 0 -0.9 1 0.982379 0.0212897 255 39 39
55.0034 -4.29588 27.6679 -0.0928524 0 -0.7 0 0.588612 -0.649596 5 5 254
3.32763 17.4296 15.9895 1.50481 0.755959 -3.9 0 0.129181 -0.618901 11 11 255
27.862 17.174 49.6548 -0.142948 0 -3.5 0 0.615069 0.787575 2 2 255
20.8631 1.79675 24.3927 0.191825 0 1.8 0 0.922008 -0.0415804 51 51 255
15.3256 24.215 35.3201 0.467183 0 -1.3 0 -0.338099 0.76867 61 61 255
10.1105 29.751 34.443 0.93617 0.0985673 -3.9 0 -0.786914 0.512212 196 196 255
45.783 10.29 38.602 -0.152478 0.155569 -0.9 0 0.613495 -0.480015 255 68 68
25.1773 8.51437 55.1659 -0.281935 0 -3.5 0 0.373752 -0.508987 17 17 255
9.26313 1.9125 20.6721 0.328886 0 -1.45581 0 -0.162117 -0.792092 95 95 255
15.8039 0.744625 23.6964 -0.395795 -0.662996 -3.25994 0 0.195312 -0.970857 20 20 255
5.424 12.2128 18.3347 -0.816871 0 -3.5 0 -0.443248 -0.808423 26 26 255
36.4005 -7.00325 51.1302 0.293009 0.0410585 -3.5 0 -0.171766 -0.164695 30 30 255
14.9478 22.3097 39.9035 -0.33773 -0.40841 -3.5 0 0.305661 0.93131 25 25 255
13.865 24.6423 44.3942 -1.31245 -0.103936 -3.5 0 0.952394 0.0163243 2 2 255
11.2675 17.6521 51.3906 -0.105665 0 3.8 0 -0.614869 0.113032 152 152 255
-0.5735 19.7685 18.4575 0.309266 0 -3.9 0 -0.862867 0.465497 6 6 255
6.282 16.237 15.0083 0.736528 0.0559916 -0.7 0 -0.610922 -0.00104051 16 16 255
28.1348 -1.52775 22.614 1.22323 0 -3.9 0 -0.224962 -0.803047 144 144 255
35.2052 6.39925 23.872 0.109441 0 4.5 1 0.440617 0.864874 255 3 3
28.4443 16.7815 51.134 -0.125615 0 -3.5 0 0.700804 0.67119 2 2 255
15.6718 9.2805 48.733 0.609282 0 -4.5 0 -0.0696226 -0.374407 94 94 255
25.1625 15.2937 14.8201 0.756126 0 -4.5 0 0.440943 0.384485 255 116 116
37.0262 -11.3145 37.5379 -0.139664 0 -0.7 0 -0.537984 -0.779632 45 45 255
-1.36125 19.1462 35.939 -0.409073 0 -3.9 0 -0.581264 -0.809047 22 22 255
-0.665625 9.95125 29.141 0.173985 0.407495 2.39304 0 -0.637044 0.644532 5 5 255
39.4277 -2.276 50.3269 -2.72644 -0.564718 -3.5 0 0.95522 -0.237574 12 12 255
5.27875 29.8167 27.7385 -0.985423 -0.0834996 -0.4 0 -0.614859 0.503815 115 115 254
53.896 6.501 26.125 -0.0837417 0 -1.6 0 0.463128 -0.886009 19 19 255
32.0488 -2.04612 23.8148 0.112036 0 -3.9 0 -0.307154 -0.902463 120 120 255
51.1615 15.1147 21.117 0.475743 0.466969 -4.5 0 0.805118 0.250305 255 147 147
39.7655 -2.554 48.149 0.0518147 0.74051 -3.9 0 0.73713 0.0374603 5 5 255
-7.0435 14.9269 30.9575 0.60717 0 -4.5 0 -0.968341 -0.222559 4 4 255
51.5001 8.74763 17.6436 0.582756 0.339774 -2.24156 0 0.354368 0.8565 38 38 255
-2.19075 19.345 27.4748 0.0365378 0 -4.5 0 -0.261669 -0.0548147 22 22 255
43.99 9.70887 35.2896 -1.05687 -0.206783 1.71118 1 -0.884855 0.465866 255 1 1
17.4634 15.0075 34.2728 0.355085 -0.078342 -0.8 0 0.711965 0.663133 80 80 255
51.055 8.15975 16.4557 0.120598 0.131532 -3.5 0 0.276404 0.631323 47 47 255
-3.871 9.28025 37.087 -0.58852 0 -3.5 0 -0.672022 -0.0933926 16 16 255
19.296 20.3293 39.0257 0.568509 0 -1.3 0 0.72765 0.220332 29 29 255
5.81225 24.2197 44.8387 0.0556316 0 -3.9 0 -0.717621 0.0982797 0 0 255
52.0542 7.894 24.0811 -0.165371 -0.491414 -1.2757 0 0.457778 -0.63616 41 41 255
4.20162 17.097 43.9024 0.00598452 0 -3.76128 0 -0.615873 -0.425049 2 2 255
24.5625 22.3423 16.2189 -0.319412 0 4.5 0 -0.167162 0.964636 255 132 132
27.9058 -6.401 36.4065 -2.01109 -0.510517 -3.5 0 -0.0360351 -0.477594 15 15 255
24.7052 19.3321 33.4224 0.796806 0 -3.9 0 0.808396 -0.282771 255 112 112
-2.114 4.75175 36.9743 1.98261 0 -3.9 0 -0.260706 -0.957457 5 5 255
5.09125 10.9672 15.6958 -1.19648 -0.851522 -3.5 0 0.202406 -0.895904 26 26 255
-0.277375 0.05425 36.8288 -1.05466 -0.375861 4.5 0 -0.89944 -0.033086 18 18 255
3.6835 -1.19037 29.9856 -2.0135 -0.152825 1.9 0 -0.0465093 -0.931545 22 22 255
51.7368 3.8905 30.1493 -0.208262 0 4.2 0 0.751936 0.230378 35 35 255
14.1405 29.43 35.049 0.395664 -0.571851 -0.901278 0 0.277035 0.200248 38 38 255
17.975 21.4794 38.8009 0.272171 0 -1.3 0 0.418932 0.63282 68 68 255
24.7161 25.3456 31.5385 -0.129827 0 -3.5 1 0.535554 -0.24232 255 144 144
-1.063 2.10888 28.816 0.224907 0 -1.6 0 -0.953622 0.211979 8 8 255
9.58675 8.0725 41.6077 -0.51044 0 -3.5 0 0.271511 0.818391 39 39 255
49.6287 2.65212 47.4594 0.171521 0.226652 -3.5 0 0.809843 0.432107 16 16 255
34.9334 -6.47525 47.0536 -0.244403 0 -3.5 0 -0.322395 -0.94314 24 24 255
20.7144 1.16562 53.324 -0.643562 0 -3.5 0 -0.657423 0.0540258 15 15 255
31.8937 13.7811 18.1943 0.26218 0 -0.9 0 0.705126 0.709006 255 141 141
24.1269 10.4078 24.7367 -0.731013 -0.753835 -3.5 0 0.808753 0.0585469 235 235 255
-1.09125 17.0427 27.58 -0.317976 0 -3.5 0 -0.473544 0.487781 8 8 255
24.0938 26.3715 36.0682 0.0110108 0 -3.2 1 0.78485 -0.587691 75 75 255
33.6035 -6.865 34.897 0.283022 0 -3.9 0 0.549398 -0.764332 15 15 255
35.234 11.1665 53.4256 -0.204724 0 -3.5 0 0.0401261 0.823114 6 6 255
38.69 11.7366 38.7099 -0.0685888 0 4.5 1 -0.125405 0.847143 255 12 12
40.849 11.624 40.7897 -0.241021 0 4.5 1 0.106325 0.987416 255 14 14
46.8895 -4.16962 27.7992 -0.879932 -0.0112687 -3.5 0 -0.597695 0.146231 95 95 254
-0.21275 19.9675 38.5384 0.060449 0 -3.9 0 -0.23235 -0.44441 13 13 255
19.6437 15.3629 37.9619 0.376234 -0.985215 -0.782251 0 0.825192 0.564489 166 166 255
11.694 17.8738 12.2533 0.575332 0 -3.5 0 -0.148843 -0.108105 31 31 255
47.0015 3.24 35.097 -1.14314 0 -3.9 0 0.743516 0.630478 157 157 255
9.84375 13.8475 13.0704 -0.0145725 0 -0.7 0 0.0793776 -0.529308 6 6 255
0.4545 23.2064 27.6318 -0.346862 -0.350806 -0.0447287 0 -0.426272 0.36002 32 32 255
22.3904 22.4579 33.9005 0.406705 0 -3.9 0 -0.151227 0.642942 255 206 206
14.69 31.1099 32.4873 -0.391646 -0.400284 -2.01741 0 -0.414608 0.906455 11 11 255
15.7811 -0.125125 49.9465 0.0324326 0 -1.6 0 -0.308313 -0.943275 30 30 255
14.7177 1.56525 63.5983 -0.329669 0 0.66847 0 -0.141916 0.47523 25 25 255
44.129 -6.25688 37.2769 -1.29264 -0.310455 -1.6 0 0.857936 -0.366245 51 51 255
0.747625 4.55875 38.7771 0.0615998 0 -3.9 0 -0.248538 -0.747604 7 7 255
48.5308 8.2545 45.727 -0.195688 0 -0.9 0 0.577169 -0.67285 10 10 255
52.815 -0.70025 31.7642 -1.41006 -0.357478 -0.7 0 0.660058 -0.0361684 81 81 255
34.3864 -0.255625 52.3645 -0.3042 0 -3.5 0 0.0295287 -0.36869 2 2 255
25.524 32.9608 30.1063 -1.63816 -0.816195 -3.5 0 0.365137 0.663249 149 149 255
49.154 2.6635 46.171 -0.485214 -0.0193571 -3.5 0 0.801036 0.274031 13 13 255
28.7225 2.969 28.602 0.451231 -0.757728 -0.8 0 -0.856865 -0.145096 175 175 255
22.918 20.9895 14.7592 -0.84063 -0.0567732 -1.96972 0 0.65286 -0.409221 219 219 255
23.2582 15.3485 39.2477 1.51139 0.478862 -0.7 0 0.318512 0.943978 166 166 255
20.4783 13.8293 13.1103 0.40184 0 -4.5 0 0.176222 -0.253606 220 220 255
51.4393 6.46875 24.1 0.417265 0.855689 -0.8 0 0.323124 -0.274278 21 21 255
6.074 -0.282 45.651 -0.257291 0 -0.7 0 -0.551181 -0.80753 36 36 255
27.635 28.899 32.242 -0.324892 -0.171329 -3.5 0 0.77022 0.117073 255 155 155
26.8365 17.8015 49.467 -0.61426 -0.0244709 -3.5 0 0.140101 0.962451 2 2 255
36.3582 12.7052 21.2857 -0.968098 -0.245128 -3.5 0 0.463017 -0.220804 255 12 12
14.1455 -1.74775 64.7095 -0.215321 0 -3.2 0 -0.105146 -0.73659 55 55 255
16.594 10.6204 17.6497 -0.406556 0.0305523 -3.2 0 0.541741 0.145093 255 224 224
40.2329 -4.45437 28.4515 -0.750874 -0.323874 -0.7 0 -0.738476 -0.420816 13 13 255
23.5555 12.4749 55.5829 -0.627722 0 -3.5 0 0.282184 0.776839 16 16 255
41.6401 -6.777 39.1514 0.243315 0 -1.3 0 0.521726 -0.784787 37 37 255
10.8888 26.7225 28.0544 0.306733 0 -3.5 0 0.414781 0.614309 61 61 255
3.84925 -1.763 31.3743 -0.701463 -0.0336744 -0.701588 0 -0.297865 -0.695399 19 19 255
17.1535 17.8511 46.3824 -0.571568 -0.0849539 -4.5 0 0.466186 0.866498 26 26 255
48.4453 -0.7415 26.853 -0.0349456 0 -3.5 0 -0.887124 0.461527 48 48 255
50.6515 17.1656 22.4834 0.864207 0 -4.5 0 0.566674 0.809335 255 131 131
33.8586 23.802 25.8857 -0.039795 0 3.8 1 0.410269 0.903098 255 7 7
46.549 15.366 42.9577 -1.58839 -0.11185 4.2 0 -0.368451 0.918857 176 176 255
-3.239 6.57475 30.0637 -0.219069 0 -0.4 0 -0.990292 -0.0610198 3 3 255
29.6541 7.15562 16.244 0.397514 0 -4.5 0 0.443021 -0.054325 255 39 39
26.8046 29.2761 32.8164 -0.0363076 -0.095035 -3.5 0 0.334063 0.147493 245 245 255
4.213 0.84175 43.1423 -1.49514 -0.334666 -3.5 0 -0.733881 0.152077 141 141 255
12.9435 -0.1235 29.1807 -0.248936 0 4.5 0 0.687175 -0.7171 125 125 255
32.5897 -3.0755 52.9274 -0.0505427 0 -3.2 0 0.49203 -0.751411 1 1 255
56.8625 10.0895 26.9075 -0.0830284 0 -1.6 0 0.827123 0.361995 105 105 255
5.59987 0.53175 21.6265 0.0261637 0 -3.9 0 0.102411 -0.903662 52 52 255
9.36312 -5.18213 31.0786 0.0319213 0.00819479 -3.5 0 0.254065 -0.946209 53 53 255
30.0452 21.2878 22.6346 -0.0732741 0 1.85009 1 0.516346 -0.191631 255 10 10
8.6925 4.526 47.155 0.239415 0 -3.5 0 -0.450712 -0.307223 23 23 255
23.776 30.7213 36.142 -0.249731 0.350405 -3.2 0 0.256229 0.94928 145 145 255
23.165 -1.332 53.3755 -1.55839 0 -3.5 0 0.0255575 -0.89004 8 8 255
47.0272 20.1182 30.8955 0.0496205 0 -1.3 1 0.636588 0.664292 255 42 42
1.24888 19.8611 21.3084 0.0331232 0 -3.9 0 -0.363252 0.928922 9 9 255
29.6086 8.62525 16.4634 0.759349 0 1.78228 1 0.831916 -0.194573 255 40 40
52.1556 7.343 30.332 -0.736274 0 -0.7 0 0.880181 -0.309163 49 49 255
17.8975 -1.73425 30.118 -0.436277 0 -3.70025 0 -0.527995 -0.843434 92 92 255
26.4099 7.07212 34.3314 1.53337 0 -3.9 0 -0.369199 0.827602 196 196 255
-0.611125 15.5527 37.1711 -0.917893 -0.927484 4.2 0 -0.87986 0.025738 25 25 255
6.38062 10.9171 20.0972 -0.137915 0 2.8 0 -0.819958 -0.43993 51 51 255
34.8973 15.4975 39.5826 -0.763827 -0.623933 -1.3 1 0.305055 0.276246 255 116 116
38.6387 -3.68075 22.27 0.270489 0 -4.5 0 -0.125673 -0.957201 108 108 255
44.4121 8.81575 52.282 0.0784412 0 -0.177659 0 0.371591 -0.7927 1 1 255
2.41313 13.432 23.0583 -0.0710401 0 1.9 0 0.0145776 -0.12397 1 1 255
45.2451 15.4078 55.8115 1.60113 0.609262 -3.9 0 -0.439293 0.811778 2 2 255
-1.141 0.786 32.756 -0.425642 -0 -3.5 0 -0.975508 0.219957 7 7 254
32.6596 11.5666 33.8247 -0.307947 -0.412603 -1.3 1 -0.306813 0.860591 255 34 34
29.8045 4.074 53.4825 -0.735556 0 4.2 0 -0.869962 -0.316508 1 1 255
36.9174 12.1749 22.6103 -0.56727 -0.150528 -3.5 1 0.410453 -0.696761 255 9 9
14.5927 4.98775 59.3607 -0.609681 0 4.5 0 0.0510806 0.62618 43 43 255
21.4615 26.114 35.8025 0.672737 0 -3.2 0 -0.840335 -0.325072 19 19 255
28.7124 23.712 21.049 -0.157068 0 3.8 0 -0.455976 0.422618 255 77 77
24.3326 17.4444 49.2955 -0.0857246 0 -2.53676 0 0.203465 0.832809 2 2 255
23.9845 -1.89787 51.837 -1.70574 -0.712383 -3.5 0 0.408485 -0.912336 4 4 255
2.37325 10.6529 42.9849 0.200407 0 -4.19887 0 -0.914744 0.0912174 3 3 255
23.5061 28.3827 37.9333 0.142636 0 -3.2 0 0.272288 0.304687 72 72 255
14.6597 5.42175 17.8878 0.685756 0 -1.6 0 0.205292 0.0282866 160 160 255
49.8034 11.0029 50.9545 -0.565494 0 -3.5 0 0.70041 0.218397 3 3 255
10.4122 23.5121 37.6075 -0.583711 -0.00862183 4.14667 0 0.137955 0.927991 4 4 255
39.8633 12.0133 40.929 -0.180319 0 4.5 1 0.234955 0.923459 255 11 11
37.9371 6.65737 25.2745 -0.285154 0 4.5 1 -0.141968 0.679178 255 6 6
36.3005 -10.989 42.8585 -1.63658 -0.042048 -3.5 0 0.325758 -0.895999 200 200 255
48.8473 9.3065 51.9907 -1.46009 -0.0293745 -3.5 0 0.539212 -0.249869 1 1 255
-0.99975 0.533 31.7017 -1.13874 -0.331559 -2.49879 0 -0.911695 0.408862 12 12 255
2.90875 6.93213 46.3881 0.108727 0 -3.9 0 -0.491242 -0.582316 7 7 255
12.5323 5.262 16.5567 0.779563 0 -1.6 0 0.36187 -0.663496 255 254 254
-2.707 23.1297 37.6087 0.373076 0 -3.9 0 -0.951725 -0.0939404 41 41 255
27.255 3.31025 50.3149 -0.613801 0 4.2 0 0.18193 -0.958991 9 9 254
52.333 5.8305 16.994 0.186302 0 -3.5 0 0.700171 -0.4605 27 27 255
0.165625 17.1551 25.0724 -0.720232 0 1.65207 0 -0.753172 0.656837 6 6 255
11.7987 -1.1805 47.2673 -1.74587 -0.138661 -0.7 0 0.349293 -0.678868 102 102 255
14.0325 8.74862 16.1456 0.0892312 0 -1.35826 0 0.515312 -0.221878 147 147 255
21.084 17.3958 15.9368 -0.268375 -0.297802 -4.03541 0 0.120629 0.297583 196 196 255
24.9212 6.11925 35.4725 1.60259 0 -4.5 0 0.0186048 0.993829 205 205 255
26.1975 -5.386 44.8013 -0.0435615 0 -3.2 0 -0.720431 -0.414531 3 3 255
20.6497 1.36275 23.3433 -0.13402 -0.0105635 1.8 0 0.946526 -0.250578 42 42 255
22.4515 19.8745 22.3395 -0.135419 0 3.8 0 0.977872 -0.0364054 255 96 96
55.8 -3.5835 28.4412 -0.0897836 0 -0.7 0 0.990414 -0.135445 5 5 255
17.1209 0.489375 44.7031 -0.57804 -0.0161457 0.384073 0 0.277791 -0.944715 11 11 255
31.0315 16.59 24.1781 0.813536 0.344042 0.706767 0 -0.103416 -0.56291 255 12 12
54.5814 12.1007 44.7743 2.45826 0.0430058 -3.9 0 0.370228 -0.296878 2 2 255
51.732 15.4948 26.0634 -0.302559 0.0751668 -3.5 1 0.564496 0.785731 255 17 17
6.75625 25.5414 41.1899 1.13598 0 -3.9 0 -0.476961 0.312948 0 0 255
32.0537 -3.2595 47.8903 -0.293387 0 -3.44804 0 -0.386371 -0.788597 15 15 255
22.4471 30.2096 36.2643 -0.792963 0 -3.2 0 -0.604045 0.737722 147 147 255
22.8805 14.5772 49.8597 -0.397427 0 -2.09344 0 -0.397157 0.520575 2 2 255
55.012 15.755 32.2765 2.52206 0.0305165 -3.9 0 0.548939 -0.225358 255 180 180
12.7716 23.558 20.7345 -0.22973 0 2.8 0 -0.0715298 0.521539 141 141 255
15.0236 28.3501 28.3032 0.0223671 0 1.21378 0 -0.713836 0.4665 16 16 255
34.1797 14.4978 22.5347 0.314153 -0.152569 -3.5 0 -0.158364 0.774508 255 31 31
48.667 17.3785 25.317 0.12627 0 -3.5 1 -0.263234 0.917743 255 34 34
-2.8235 14.31 24.8425 1.56694 -0.337937 -3.70189 0 -0.973691 0.142769 1 1 255
49.061 -4.624 23.905 0.216815 0 -3.5 0 0.066907 -0.537136 68 68 255
17.06 2.24475 54.7038 -0.269066 0 -3.76273 0 0.997702 -0.0632069 39 39 255
-0.3235 22.3595 39.6707 0.250314 0 -3.9 0 0.257635 -0.344384 13 13 255
15.2432 21.8684 37.6195 -0.133281 0 -1.3 0 0.0226025 0.857714 68 68 255
28.0058 0.781625 29.3605 0.723047 0 -3.76139 0 -0.304289 0.0596507 178 178 255
51.42 12.0478 36.0725 -0.260992 0 -3.5 0 0.448326 -0.217676 255 216 216
40.4593 -2.44587 26.4835 -0.117501 0 -1.70067 0 -0.118987 -0.907483 77 77 255
19.6213 23.1647 16.0702 -0.494022 0 -3.5 0 -0.348642 0.919572 156 156 255
26.6432 17.026 29.3342 0.374337 0 1.8 1 0.209827 0.0657261 255 51 51
-0.277 17.5693 15.9242 2.21071 0.49444 -3.9 0 -0.824824 -0.469427 7 7 255
-1.98475 -1.877 34.4765 -0.117593 0 -3.5 0 -0.883156 0.321875 9 9 255
28.0562 -1.999 52.6085 -0.301715 0 -3.2 0 -0.778727 -0.627354 4 4 255
18.8975 9.75375 33.3335 1.04927 0 -0.733454 0 0.662135 -0.543311 33 33 255
34.0034 8.37625 59.2696 -1.70113 -0.0485886 -3.5 0 0.918444 -0.390216 3 3 255
25.887 19.4064 44.7217 1.96573 0.0333268 -3.9 0 -0.680846 0.700129 33 33 255
14.3748 13.8499 12.5991 -0.552385 -0.2733 -3.5 0 -0.713788 -0.284957 25 25 255
6.38175 2.00962 20.6338 0.291287 0 -2.17443 0 0.169277 -0.751983 51 51 255
9.3495 9.50675 47.297 -1.22112 0 -3.5 0 -0.484394 0.832128 51 51 255
46.4405 8.44225 51.0494 -0.982982 -0.304612 -3.5 0 0.0962225 -0.760558 1 1 255
24.508 -5.618 35.317 -2.09164 -0.137548 -3.5 0 -0.877047 -0.364522 15 15 255
55.7669 18.0956 31.7221 1.19245 0 -3.9 0 0.869229 0.28504 255 129 129
27.9907 12.381 37.8213 0.467014 0 4.2 0 -0.00674952 0.995318 215 215 255
29.908 -7.619 36.7135 0.173525 0 -3.9 0 -0.646191 -0.611941 53 53 255
7.93425 0.33025 25.1239 -0.0152081 0 4.2 0 0.579641 -0.76495 130 130 255
-0.276875 12.6771 39.3516 0.0219009 0 -4.03863 0 -0.892423 0.149741 2 2 255
50.3602 6.43038 19.6056 0.104616 0 -3.5 0 0.546748 -0.533504 41 41 255
31.0749 23.9534 21.3761 -0.0459611 0 3.8 0 0.541676 -0.0228271 255 29 29
17.6752 10.7605 17.9251 -0.37387 0.00536273 -0.871846 0 0.100775 0.0583425 255 209 209
1.409 13.3015 22.6175 0.976814 0 -3.78138 0 0.575436 -0.081549 1 1 255
19.4613 17.9772 14.569 0.248149 0.779976 -3.5 0 0.871573 0.139111 59 59 255
31.4538 13.0905 35.8255 0.231539 0 -1.3 1 -0.386932 0.826998 255 97 97
49.007 17.6795 19.8635 -0.0672522 0 -4.5 1 0.379768 0.910425 255 108 108
53.117 8.24887 24.2526 -0.236444 -0.399709 -1.6 0 0.185412 -0.655587 60 60 255
41.9055 9.14538 23.8524 -0.149791 0 -3.5 1 -0.23788 -0.050089 255 3 3
41.0843 1.70425 52.5855 2.69499 0.0732405 -3.9 0 0.758705 -0.567193 1 1 255
15.0518 6.491 60.9655 -0.397647 0 4.5 0 -0.0754347 0.996229 38 38 255
5.22487 6.78538 17.1156 -0.116772 0 4.5 0 -0.621358 0.466132 73 73 255
24.5718 5.527 54.8347 -0.553044 0 -0.4 0 0.329805 0.0363872 6 6 255
-0.154 5.727 40.5622 -0.00984277 0 -3.9 0 -0.215607 -0.45225 1 1 255
4.83063 20.5564 38.8284 -0.17076 0 0.537184 0 -0.736392 0.603883 4 4 255
31.2747 11.182 58.4313 -1.62442 -0.236456 -3.5 0 -0.589282 0.788438 20 20 255
35.6763 21.1717 25.2525 0.0424837 0 3.8 1 0.893151 -0.0384512 255 8 8
40.7492 2.70712 55.298 1.09997 0 -3.9 0 0.557331 -0.492322 0 0 255
47.2355 0.7595 23.2125 -0.234609 -0.244967 1.03201 0 -0.399712 -0.832808 144 144 255
49.5988 5.40538 23.245 0.245807 0 -1.6 0 0.678617 0.57058 65 65 255
0.052375 17.734 37.8963 -1.09375 -0.774692 4.2 0 -0.601372 0.292708 16 16 255
47.1081 17.3797 32.8576 -0.199979 0 -3.38333 1 -0.0733585 0.179761 255 36 36
6.78837 -4.22725 35.3584 0.123515 0 -3.5 0 0.185115 -0.975469 68 68 254
29.4166 19.3808 22.0421 0.257378 0 -0.4 1 0.587912 -0.0332867 255 5 5
26.1306 17.8945 43.5095 1.3272 0.391425 -3.9 0 -0.552472 -0.0509073 52 52 255
26.4016 2.20513 25.1565 1.12358 -0.074773 -3.66069 0 -0.752809 -0.183388 161 161 255
-1.64713 13.228 31.4379 -0.353317 -0.634863 -3.85126 0 -0.478952 -0.804949 9 9 255
29.8778 -8.08475 35.4507 1.67124 0 -3.9 0 -0.514797 -0.809034 39 39 255
2.83475 28.0525 30.5105 -0.162969 0 3.8 0 0.247133 0.965519 202 202 255
28.4601 -3.76062 29.5306 -0.0278597 0 1.8 0 -0.438508 -0.874854 22 22 255
-2.06337 24.762 39.8613 2.02394 0.325428 -3.9 0 -0.830429 -0.0315081 13 13 255
30.9813 11.4235 53.8265 -1.16892 -0.0959293 -3.5 0 -0.230763 0.917493 20 20 255
8.9215 -3.50175 36.1842 -1.43872 0 1.8 0 0.448501 -0.813827 71 71 255
-3.81925 12.761 36.596 -0.202095 0 -3.5 0 -0.597956 0.801384 6 6 255
32.0918 3.57938 17.7536 1.06724 0 -4.5 0 0.925738 0.0844598 255 66 66
44.3889 9.90356 54.9531 0.0407133 0 -3.9 0 0.188959 -0.756676 1 1 255
8.397 -1.089 43.7935 -0.707616 -0.739897 -0.7 0 -0.247583 -0.943467 28 28 255
46.6862 2.9785 41.6613 0.301626 0.0303229 -3.5 0 0.697892 -0.290658 56 56 255
-3.031 21.7297 37.0392 -0.165331 0 -3.9 0 -0.845916 -0.247124 30 30 255
39.1372 -3.30262 49.094 -0.936566 0.021016 -3.68404 0 0.947865 -0.233267 9 9 254
27.5429 -5.95625 45.4304 -0.121139 0 -3.2 0 -0.244277 -0.825053 5 5 255
51.1144 1.17562 32.0674 0.125292 -0.0931369 -0.81883 0 0.804072 0.23618 82 82 255
4.6775 4.27 18.2076 0.140677 0 4.5 0 -0.540946 -0.344285 97 97 255
12.6591 12.1336 13.7249 -0.091678 -0.531533 -0.7 0 -0.645555 -0.268809 14 14 255
10.2292 8.0095 49.4676 -0.927849 -0.179032 -3.5 0 -0.587223 0.561774 64 64 255
24.8875 -2.693 34.4655 -0.721117 0 -3.5 0 -0.636296 -0.0849591 12 12 255
37.3322 14.3767 26.5639 0.248737 0 -0.4 1 0.147181 0.9891 255 33 33
16.5239 -0.285875 48.9884 -0.128737 0 -1.6 0 -0.249962 -0.950045 25 25 255
11.3879 14.6637 48.7207 -0.0700517 0 3.8 0 -0.685367 -0.658453 199 199 255
-1.85625 2.94825 22.9909 -0.0354502 0 4.5 0 -0.521102 -0.685185 3 3 255
7.8425 14.904 14.0595 0.41902 0 -0.7 0 -0.57994 -0.249944 8 8 254
12.9735 18.067 11.8255 0.207152 0 -3.5 0 -0.120648 -0.00301205 22 22 255
40.0863 3.0895 21.1182 0.2855 0 2.8 1 -0.742142 0.500404 255 45 45
48.786 -2.405 24.0497 0.410839 0 -3.5 0 -0.623909 0.246527 29 29 255
32.0809 3.22762 57.9972 -1.70304 0 -3.5 0 0.0427782 0.680622 8 8 255
43.8643 13.9936 34.7884 -0.188797 0 4.5 1 -0.957958 0.0488918 255 8 8
3.40725 18.5026 40.4492 0.105286 0 -1.01064 0 -0.609937 0.768556 3 3 255
32.9005 11.638 51.5558 0.0476291 0 -3.5 0 -0.254561 0.9578 16 16 255
32.5166 -3.32763 51.7093 0.0389136 0 -3.2 0 0.204514 -0.978712 2 2 255
5.3 24.7775 32.992 -0.819535 0 4.5 0 0.0499376 0.73059 237 237 255
2.80037 -0.5705 26.1278 0.644152 0 -1.26042 0 0.139209 -0.777534 6 6 255
50.5902 2.6595 31.9635 0.318628 0.257193 -1.90756 0 0.754888 0.485157 93 93 254
26.5204 -5.40075 32.8947 -0.307894 0 -3.5 0 -0.247784 -0.678152 17 17 255
4.20188 14.0685 21.0784 -0.25868 0 -2.45737 0 -0.905524 -0.402655 12 12 255
45.3675 7.8535 50.999 0.101241 0 4.2 0 0.397712 -0.402327 1 1 255
43.9888 6.33825 51.3792 -0.449458 0 4.2 0 0.401804 -0.0491458 2 2 255
2.342 18.481 14.609 2.88015 0 -3.9 0 0.313409 -0.24004 8 8 255
43.7747 16.7095 33.0812 -0.369627 0 -1.3 1 -0.292354 -0.259763 255 14 14
9.9145 -0.764 28.6392 -0.323573 0 4.5 0 0.00060272 -0.655956 50 50 255
-3.62337 8.54937 31.6635 0.389723 0.608677 -0.9 0 -0.791413 0.437685 16 16 255
12.8551 -3.28463 41.2889 2.03021 0.181914 -3.9 0 0.768293 -0.531599 81 81 254
2.82013 21.9434 37.0462 -0.283776 -0.474431 -2.19925 0 0.278074 0.299975 13 13 255
43.0114 15.2338 52.763 -1.72996 -0.212181 -3.5 0 -0.668653 0.344995 40 40 255
17.5289 30.2917 23.2658 1.80472 0.628601 -3.9 0 0.00502039 0.729855 53 53 255
50.5475 8.67275 42.6335 0.10652 0 -0.9 0 0.836909 -0.544014 14 14 255
22.2656 12.3611 26.5462 -0.0757677 0.0264513 -3.56761 0 0.626395 0.0358076 212 212 255
21.2991 1.76063 18.0141 0.461131 0 -3.5 0 0.39932 -0.837416 134 134 255
-0.385875 11.3645 39.1511 0.0316924 0 -4.27593 0 -0.695618 -0.098276 2 2 255
18.6139 13.2514 49.5786 0.661097 0.205647 -2.17445 0 -0.436248 0.142537 67 67 255
5.529 -4.67238 32.459 -0.0308691 0 -3.5 0 -0.516559 -0.756283 34 34 255
17.7435 18.2628 42.2525 0.480127 0 -1.6 0 0.830015 0.549714 36 36 255
-6.47675 14.2366 30.125 0.340131 0.0295107 -4.5 0 -0.526647 -0.653613 4 4 255
5.657 17.7677 14.8425 0.692157 0 -3.2 0 -0.508682 -0.319976 8 8 255
9.35688 22.3913 13.24 0.0596801 0 -3.2 0 0.56993 0.684685 48 48 255
11.3054 19.4167 48.3955 -0.0504521 0 3.8 0 -0.64568 0.675667 19 19 255
2.00925 16.923 40.402 0.305622 0 -0.244326 0 -0.919999 0.379245 6 6 255
23.3595 3.36 17.0187 0.357321 0.384271 -3.5 0 0.152579 -0.86873 240 240 255
42.8846 0.72375 19.0206 0.0394115 0 1.50128 1 0.66055 0.284375 255 80 80
51.7137 10.8585 43.0265 0.51385 0 -3.9 0 0.4097 -0.898113 3 3 255
13.062 2.0955 50.8452 -0.399136 0 -3.9 0 -0.700342 -0.657172 192 192 255
43.7971 16.35 52.8209 -1.44108 0 -3.5 0 -0.600471 0.625068 60 60 255
52.9241 2.95237 28.4064 -0.143202 0 4.2 0 0.978538 0.11605 26 26 255
19.9443 -1.3105 37.923 -2.36624 -0.00414562 -3.39616 0 -0.865538 0.233087 17 17 255
16.7075 26.6362 22.8627 -0.0507466 0.3726 -3.9 0 -0.248491 0.252279 116 116 255
16.3409 31.3738 34.264 0.0617274 0 -0.4 0 -0.029835 0.787978 29 29 255
45.8305 9.56413 35.5459 -0.904874 -0.00354549 3.42136 0 0.829404 0.15223 255 26 26
29.8575 15.9838 48.9103 0.509952 0.582781 -3.59927 0 0.628252 0.471274 9 9 255
48.3078 17.5355 22.4375 0.705309 0 -4.5 1 0.0398685 0.986916 255 25 25
43.182 8.481 23.2 0.322547 0 -4.5 1 -0.517054 0.305453 255 7 7
15.915 31.9889 26.4945 -0.0166967 0 -3.9 0 -0.693133 0.635288 9 9 255
22.3911 6.3735 30.0981 1.91607 0 -0.4 0 0.140688 0.938967 42 42 255
10.8685 19.0526 12.3926 -0.215644 0 -3.5 0 -0.118774 0.275019 43 43 255
21.94 20.512 34.2295 1.65719 0.205343 -3.9 0 0.0394585 0.0117399 218 218 255
9.2975 25.7854 23.2472 -0.2484 0 -3.5 0 0.0867119 -0.316937 67 67 255
30.6731 9.20187 24.8762 0.872699 0.043014 1.29598 0 -0.504875 0.855124 255 243 243
46.2774 -0.925125 37.7399 -0.018699 0 -3.9 0 -0.327009 -0.56206 117 117 255
41.0846 4.14113 55.5737 0.828971 0 -3.9 0 0.550414 0.126491 0 0 255
21.7418 1.401 25.5125 0.293394 0 -3.9 0 0.748313 -0.187986 66 66 255
21.716 23.1059 31.7353 0.416905 0 -3.9 0 -0.572403 0.365703 234 234 255
11.3115 5.51775 61.7637 -1.82558 -0.960368 4.5 0 -0.82312 0.439527 37 37 255
9.00937 14.9514 12.8313 0.121889 0 -0.7 0 -0.184339 0.0754088 9 9 255
-1.403 1.7565 33.16 -0.318834 0 -1.61227 0 -0.808212 -0.557998 13 13 254
29.5015 11.542 34.7675 0.376963 0 -1.3 1 -0.0812877 0.986114 255 176 176
-1.17188 -0.8115 35.3656 -1.10555 0 0.422122 0 -0.841435 0.265282 11 11 255
11.1869 3.59488 51.9729 0.14908 0 -3.9 0 -0.841114 -0.524545 152 152 255
15.9236 22.1752 16.0895 -0.0260215 0 -3.2 0 -0.453012 0.612657 65 65 255
18.7096 16.8531 39.0491 0.856264 0.0153698 -1.3 0 0.741375 0.178439 82 82 254
47.3097 3.24325 17.258 0.125856 0 -3.5 1 -0.202457 -0.912056 255 60 60
51.8975 6.071 30.5215 -1.90266 0 -0.7 0 0.838625 -0.350091 36 36 255
51.5728 17.0564 33.6391 0.5074 0.112383 -3.9 0 0.315883 0.428696 255 145 145
43.003 -2.79125 45.4265 0.233151 0.0828626 -3.69994 0 0.898141 -0.327826 11 11 255
21.4387 25.4053 32.2542 0.809743 0 -3.2 0 -0.442837 -0.786782 151 151 255
37.861 -9.3085 42.0495 -1.01542 -0.258836 -2.10324 0 0.860855 -0.381542 255 236 236
37.789 -2.38337 26.568 -0.183611 0 -3.5 0 0.289188 -0.95601 27 27 255
13.0548 -5.72237 59.4424 -0.174634 0 3.8 0 0.483807 -0.252772 255 69 69
43.887 12.645 16.0135 -0.0549775 0 -3.2 1 -0.439199 -0.138709 255 13 13
-1.28212 25.276 31.104 -0.178022 0 0.170028 0 -0.791773 0.604339 92 92 254
21.306 1.09925 19.4918 0.107467 0 -3.5 0 0.34221 -0.925666 98 98 255
6.75 23.1947 38.4663 -1.11943 0 -3.9 0 -0.0961114 0.960057 1 1 255
27.1884 -6.244 44.0839 -0.141398 0.103967 -3.24464 0 0.149329 -0.915996 4 4 255
15.0451 8.09262 48.3575 0.305585 0 4.5 0 0.132003 -0.0201043 100 100 255
42.8465 -6.142 34.9525 0.0681364 0 -1.6 0 0.138203 -0.939397 57 57 255
26.5453 11.7401 36.7399 0.857181 0 4.2 0 -0.681041 0.376072 172 172 255
33.346 -4.893 28.1146 -0.542373 0 -3.5 0 -0.0179463 -0.39791 15 15 255
-0.992375 -0.38625 34.1357 -0.661743 -0.567874 1.25972 0 -0.920954 0.356818 10 10 255
17.8345 4.91425 61.1097 -0.296247 0 4.5 0 0.784453 0.61497 17 17 255
11.3045 27.9204 36.0609 0.403085 0 -3.9 0 -0.147976 -0.127836 40 40 255
38.1549 -0.115375 20.5341 0.563556 0.256249 -4.5 0 -0.522264 0.529164 255 90 90
51.3693 -1.0135 22.2095 0.0282495 0 -3.5 0 -0.145002 -0.352588 15 15 255
48.6258 2.28638 26.8285 -0.0332466 0 3.59353 0 -0.773827 -0.624228 72 72 254
35.9549 1.8555 21.0801 -0.222931 0 4.5 0 0.195187 0.294552 255 58 58
12.3754 -1.137 29.097 -0.248272 0 4.5 0 0.667955 -0.69502 87 87 255
40.5369 -6.58925 29.2639 -0.163841 0 -0.7 0 -0.562224 -0.707175 12 12 255
-0.8755 24.526 29.05 -1.06363 -0.387073 -4.5 0 -0.543955 0.55114 12 12 255
48.3384 -0.403125 38.8436 1.84446 0 -3.9 0 -0.0834861 -0.899861 73 73 255
2.12162 26.9116 28.0117 0.3597 0.257037 3.8 0 -0.512503 0.739294 94 94 255
42.092 10.4926 33.2332 -0.285945 0 -0.7 1 0.211898 0.588207 255 0 0
-3.5275 4.739 37.5107 1.79082 0.021921 -3.9 0 -0.170466 -0.969881 4 4 255
50.6753 10.0732 34.847 0.175977 0.761747 -1.03249 0 0.240533 -0.487379 255 138 138
21.0537 24.8746 31.4447 0.678394 0 1.8 0 -0.246826 -0.442815 167 167 255
8.12763 1.84775 17.8996 -0.00436565 0 4.5 0 -0.0509965 -0.96327 92 92 255
1.25475 24.465 27.4915 -0.260633 0 3.8 0 -0.638148 0.254528 34 34 255
15.6038 0.84925 64.4512 -0.0600035 0 -3.2 0 0.203487 0.621802 23 23 255
21.4667 16.9697 33.9839 1.64784 0 -0.8 0 -0.426847 0.0810591 196 196 255
50.183 17.3695 25.7665 0.563332 0 -3.5 1 0.56552 0.822799 255 26 26
-5.17875 15.2762 29.1143 -0.409925 0 -4.5 0 -0.399393 -0.394323 2 2 255
-1.10662 6.3535 40.4615 0.105788 0 -3.9 0 -0.402371 -0.162796 1 1 255
-7.27362 16.3293 30.5422 0.585661 0.473695 -4.5 0 -0.952155 0.301928 4 4 255
26.9515 18.4282 21.9475 0.54471 0 -0.882618 0 -0.800064 0.549836 255 20 20
18.8438 6.6515 16.5209 0.180583 0.137746 -1.8524 0 -0.283701 0.112621 205 205 255
22.3372 13.054 55.4193 -1.48453 -0.468949 -3.5 0 -0.110051 0.957078 11 11 255
25.7516 -5.29225 43.6626 -0.275553 0 -3.45132 0 -0.794712 0.0742853 4 4 255
12.7335 14.058 13.87 -0.661798 -0.844167 -0.7 0 -0.403371 -0.249104 8 8 255
23.948 17.4155 21.1345 -0.0219155 0 -2.80062 0 0.276841 0.77117 255 35 35
46.9512 12.0387 55.403 1.44858 0 -3.9 0 0.790289 -0.517237 1 1 255
47.8358 14.2153 16.6397 0.53095 0 -3.2 0 0.812791 0.203368 255 63 63
24.0429 16.5574 15.4113 -0.0434382 -0.386531 -3.91715 0 0.131945 0.396438 255 139 139
4.33344 12.0026 21.3673 0.346522 0 1.9 0 -0.767599 -0.218198 10 10 255
35.1566 8.21425 18.709 0.408916 0 -0.9 1 0.806534 -0.35585 255 7 7
28.3897 20.5186 17.3824 -0.0258219 0 4.5 1 0.921718 -0.125016 255 24 24
9.74475 16.1868 13.1602 0.271968 0.130195 -1.15222 0 -0.312506 -0.0798745 13 13 255
19.878 16.5054 14.098 0.780636 0 -3.5 0 0.737255 0.397684 91 91 255
23.66 4.3145 54.805 -0.886814 0 -0.4 0 0.266419 -0.447761 7 7 254
27.0387 21.6815 23.2763 -0.306962 0 0.461433 0 -0.80019 0.134337 255 45 45
35.547 13.3038 32.8027 -0.05392 0 3.8 1 0.0558384 0.959615 255 30 30
19.4985 12.0545 16.2345 0.264199 0 -4.39795 0 -0.698548 -0.676004 255 230 230
29.0209 12.9649 31.4858 0.0831693 0 -1.3 1 -0.46402 0.698838 255 120 120
0.041375 2.73913 21.1529 2.53322 0.140556 -3.9 0 -0.836907 -0.546538 16 16 255
40.2794 14.8671 46.8374 -0.795461 0 -3.5 0 -0.215416 0.529429 255 96 96
22.0695 0.9875 32.1455 -0.0246685 0 4.5 0 -0.084739 -0.706651 66 66 255
30.5251 11.457 50.029 0.0176568 -0.142215 1.55557 0 0.0911842 0.750907 18 18 254
47.4101 4.26113 41.8384 0.806867 0.8529 -3.5 0 0.631841 -0.191701 47 47 255
21.151 22.422 32.4235 0.55888 0 -3.9 0 -0.131976 0.868492 230 230 255
-0.012 13.5942 40.4909 0.0983321 0 -4.5 0 -0.927243 0.295947 4 4 255
35.503 -1.6405 29.1735 0.325653 0 -0.861082 0 0.340099 -0.884256 10 10 255
54.1514 12.9408 34.1041 -1.58946 -0.602359 -3.5 0 0.998695 -0.0508546 173 173 255
20.574 -2.47525 29.4447 2.43095 0.238394 -3.9 0 0.556912 -0.670461 95 95 255
21.869 0.155625 53.802 -1.40053 0 -3.5 0 -0.532523 -0.235193 13 13 254
27.7482 13.742 22.2873 1.03899 0 -4.5 0 0.7809 -0.217765 250 250 255
24.1574 2.90525 53.801 -0.674433 -0.380742 -3.0333 0 0.335283 -0.172656 10 10 255
38.8015 1.61175 53.8722 2.59957 0.184913 -3.9 0 -0.30415 -0.80257 1 1 255
29.7595 -6.698 37.276 -0.263303 0 -3.9 0 -0.68504 -0.238358 36 36 255
49.541 9.7005 45.642 -0.311965 0 -0.9 0 0.911742 -0.206709 13 13 255
48.082 3.2445 18.9958 -0.0382026 -0.242077 -1.96136 0 0.153795 -0.914541 255 159 159
2.56787 12.2115 43.1904 0.361137 0 -4.5 0 -0.308646 0.268834 3 3 254
12.7156 0.38025 22.5416 -0.994331 0 -3.5 0 0.215546 -0.77977 53 53 254
38.4408 -2.82413 29.9606 -0.230093 -0.267773 4.5 0 -0.765979 -0.631646 5 5 255
-6.229 10.2008 34.978 -1.71563 -0.920986 -3.5 0 -0.983922 -0.174877 11 11 255
27.2385 -1.9545 31.534 -0.035284 0 -3.58909 0 -0.794651 -0.499113 56 56 255
40.9469 5.88212 23.2997 0.236008 0.272551 -4.25641 1 -0.346539 0.538528 255 25 25
44.313 14.924 34.531 -0.16336 0 4.5 1 -0.480186 0.876337 255 13 13
21.9104 13.303 34.3015 0.150768 -0.477165 -0.8 0 0.778913 -0.0903454 84 84 255
1.06481 27.7112 29.4152 -0.0790971 0 3.8 0 -0.254439 0.735477 58 58 255
32.7018 -2.81975 24.4382 0.0718483 0 -3.51585 0 -0.686522 -0.574542 67 67 255
46.8805 -2.0365 43.6355 -1.59491 -0.732886 -3.5 0 0.922816 -0.356724 19 19 255
12.9165 3.395 57.678 -0.663375 0 1.21869 0 -0.544472 0.525642 88 88 255
9.40125 0.02375 60.1917 -0.334268 -0.071046 -2.43227 0 -0.981783 0.187285 88 88 255
19.201 8.70012 50.8088 0.577765 0 -0.855202 0 -0.905885 0.358388 51 51 255
4.938 -1.25975 26.5413 1.03455 0.860192 4.2 0 0.0429416 -0.995631 12 12 255
4.16138 27.8759 31.8436 -0.306151 0 3.8 0 0.295797 0.888913 255 244 244
38.9345 2.9555 22.154 -0.107895 0 3.19925 1 -0.167615 0.508369 255 49 49
18.5726 8.76762 55.6589 -1.0443 0 -3.5 0 -0.411796 0.295497 32 32 255
30.276 -1.48175 25.3975 -0.107359 0 -3.9 0 -0.139905 -0.986579 86 86 255
-1.3365 26.6515 39.5412 2.3869 0.334079 -3.9 0 -0.446195 0.729388 21 21 255
30.7439 24.2935 29.7852 -0.00250261 0 4.2 1 0.201779 0.842389 255 1 1
37.7327 -6.26925 45.6604 -0.284334 0 -3.9 0 -0.139663 -0.970015 30 30 255
33.8995 12.9715 34.44 -0.675238 -0.121936 -1.3 1 -0.25073 0.88025 255 29 29
47.0234 10.9001 15.9776 0.178642 0 -3.2 0 0.345492 0.0158271 255 75 75
-2.98438 14.4759 23.385 2.81559 0.506943 -3.9 0 -0.949606 0.097114 0 0 255
33.3908 3.87788 57.3226 -0.646426 0 -3.5 0 0.311655 0.380207 8 8 254
23.2779 20.6525 20.3921 -1.59036 -0.0783326 -3.5 0 0.618404 0.388781 255 122 122
49.6587 10.273 18.273 1.35314 0.0253081 -1.65513 0 0.525494 0.223822 255 197 197
33.5965 1.52 57.4395 -0.956517 0 -3.5 0 0.623941 -0.410496 7 7 255
25.2553 19.7231 24.0505 -0.514966 0 0.0154095 0 -0.44284 -0.408347 255 26 26
22.8964 12.1634 14.8406 1.15863 0 -4.5 0 -0.23318 -0.364452 255 240 240
8.97575 27.4451 42.0574 2.09952 0.36614 -3.9 0 0.55581 0.508508 1 1 255
42.7084 -2.45837 28.2351 -0.11048 0 -0.7 0 0.851215 0.278595 68 68 255
24.4492 29.7908 26.6379 -1.72779 -0.355038 -3.5 0 0.540184 -0.314015 239 239 255
37.4678 14.032 25.2655 0.20931 0 -0.4 1 0.0251258 0.968151 255 11 11
55.4453 -1.769 28.2962 0.680561 0.356962 -0.7 0 0.951001 0.268098 9 9 255
30.3344 12.5758 39.6279 0.287769 0 -1.3 0 -0.406634 0.908911 100 100 255
25.389 -3.41575 33.5312 -0.356598 0 -3.5 0 -0.820883 0.0348303 13 13 255
52.81 11.5057 44.4615 0.989585 0 -3.9 0 0.0179753 -0.907423 2 2 255
38.5955 9.1835 24.742 -0.0167638 0 -3.5 1 -0.550084 -0.144609 255 3 3
28.3958 -2.02925 26.5885 0.206683 0 1.8 0 -0.602185 -0.667145 116 116 255
57.2605 0.672 23.956 -1.78034 -0.738006 -3.5 0 0.831813 0.135446 4 4 255
33.7147 20.007 26.4469 0.160673 0 3.8 1 0.537798 -0.436593 255 6 6
9.94687 25.7048 46.0472 -1.79796 -0.48101 -3.5 0 -0.426466 0.170114 0 0 255
10.6325 -3.394 41.9735 1.85047 0.405934 -3.9 0 -0.305358 -0.667955 89 89 255
16.4856 -2.06638 61.9099 -0.571575 0.103983 -3.2 0 0.62022 -0.740651 71 71 255
50.176 10.2808 50.2216 -0.736187 0 -3.5 0 0.989391 -0.119507 3 3 255
19.4441 1.27975 45.8364 -0.147281 0 0.352689 0 -0.0091566 -0.963184 2 2 255
33.6865 -6.841 27.8725 -1.75554 -0.303794 -3.5 0 -0.256082 -0.519582 7 7 255
3.15512 13.23 43.153 0.657881 0 -4.5 0 0.156835 -0.00157605 2 2 255
12.1987 25.946 45.6945 -1.2556 -0.0934522 -3.5 0 0.472279 0.628892 0 0 255
36.9709 0.34525 21.2266 0.269792 -0.204728 -2.26682 0 0.0727748 0.183482 255 96 96
37.0491 -1.538 29.5314 -0.325769 0 3.24814 0 -0.307573 -0.940547 8 8 255
20.1795 -1.496 41.4355 -0.519935 0 -0.7 0 -0.408558 -0.783842 21 21 255
21.086 12.3993 55.1193 -1.81179 -0.536331 -3.5 0 -0.76161 0.645674 13 13 255
25.9287 28.0355 32.9724 -0.793171 -0.603597 -3.5 0 0.199067 -0.0959531 254 254 255
31.8143 12.8313 17.1625 0.477286 0 -0.9 0 0.640795 0.369808 255 82 82
41.6394 0.685375 47.1624 -0.309513 0 -3.11449 0 0.225174 -0.41213 9 9 255
33.5277 12.9385 47.6538 -0.524104 -0.0522854 -0.7 0 0.586576 0.467443 161 161 255
28.2033 3.54463 26.9118 0.661166 -0.97419 -2.17093 0 -0.497559 -0.598566 175 175 255
48.7284 3.77837 45.9456 -1.28097 -0.0206707 -3.5 0 0.651265 0.38735 6 6 255
31.859 24.3067 23.4993 -0.057972 0 3.8 1 0.869934 0.432626 255 7 7
43.6611 -5.47631 34.3532 0.107046 0 -1.6 0 0.641594 -0.624245 53 53 255
2.7965 24.2219 36.0394 -1.6986 -0.300794 -0.4 0 0.169381 0.855942 52 52 255
34.7165 15.0557 45.168 -0.0473664 0 -1.3 0 0.377433 0.704605 255 153 153
16.999 15.4323 48.8302 0.484105 0.0419079 -4.5 0 -0.328947 -0.000501985 91 91 255
10.4609 -1.57775 62.8074 0.152488 0 -3.2 0 -0.753134 -0.447216 87 87 255
42.5662 0.066125 23.7225 -0.132321 -0.0833106 -2.49778 0 0.77898 -0.594478 177 177 255
34.426 -7.73562 27.4551 -1.69664 -0.914248 -3.5 0 -0.0864859 -0.919517 4 4 255
25.9028 8.06125 36.996 1.34126 -0.421527 4.2 0 -0.336961 -0.00487888 126 126 255
21.9901 3.80725 15.9455 -0.850907 -0.301987 -3.5 0 -0.271694 -0.583094 255 169 169
8.43425 -5.03025 38.5728 -1.51394 -0.244946 -3.5 0 0.108044 -0.983166 26 26 255
45.0116 17.172 52.6669 -0.672301 0 -3.5 0 -0.212233 0.732096 74 74 255
36.0845 8.3145 56.4492 -1.77147 -0.733467 -3.9 0 0.431486 -0.00924926 1 1 255
0.65125 15.3103 32.301 -0.847264 0 -3.5 0 -0.34527 0.914797 2 2 255
14.4637 -2.44425 57.4675 0.227242 0 3.8 0 0.924916 -0.379709 241 241 255
16.7882 2.2325 19.1575 0.301789 0 -1.6 0 0.136881 -0.845377 28 28 255
30.0292 21.7703 30.9872 0.106329 0 4.2 1 -0.118893 0.185812 255 21 21
19.521 24.7995 31.8324 0.297926 0 1.8 0 0.733608 -0.303951 129 129 255
17.5106 -0.02425 61.846 -0.373028 0.288569 0.715598 0 0.7464 -0.640812 30 30 255
51.6405 7.7795 21.0425 -0.0152417 0 1.8 0 0.637671 -0.727113 46 46 255
-4.4615 21.672 33.8995 -1.61726 -0.341026 -3.5 0 -0.969209 0.214486 82 82 255
30.2795 15.6669 31.3381 0.235059 0 3.8 1 -0.434414 0.56008 255 38 38
25.5243 16.4097 29.6523 -0.0252738 0 0.131277 0 0.557398 -0.0620788 255 122 122
14.782 -0.04125 24.1812 -1.92678 -0.915824 -3.5 0 0.561702 -0.818408 40 40 255
19.452 20.1285 36.601 0.064629 0 -1.3 0 0.988398 0.0868229 81 81 255
38.3517 -8.24175 49.7223 0.406409 0.890448 -3.5 0 0.631415 -0.770542 12 12 255
5.64625 3.28425 18.5826 0.145944 0 0.408823 0 -0.46869 -0.762512 102 102 254
6.9385 -2.15138 29.0936 -1.10546 -0.584856 -3.5 0 -0.102686 -0.454629 13 13 255
24.2712 14.2907 26.2612 0.578392 0 -4.5 0 0.25857 -0.602574 255 225 225
19.4699 17.8967 38.5626 1.2684 0.00339982 -1.3 0 0.91614 -0.0227074 69 69 255
33.4518 2.739 57.7412 -0.904837 0 -3.5 0 0.580103 0.198422 7 7 255
30.121 22.4555 21.4498 0.0241888 0 3.8 1 0.447674 -0.401959 255 35 35
28.4731 3.90663 16.4718 0.864869 0 -4.5 0 -0.341696 -0.500769 255 211 211
13.6165 30.5745 31.7805 0.0246837 0.052386 -3.9 0 -0.667076 0.513093 12 12 255
17.6828 17.3442 10.8232 -0.289609 -0.357523 -3.5 0 0.259793 0.9141 5 5 255
36.3208 13.6385 44.9025 -0.395333 0 -1.3 0 0.598978 0.722746 255 70 70
13.5875 10.3018 15.159 0.106704 0 -0.7 0 -0.133238 -0.609283 61 61 255
25.634 19.035 43.6794 1.3666 0.853164 -3.9 0 -0.7034 0.465627 47 47 255
13.807 17.8433 51.2961 -0.0100357 0 3.8 0 0.712425 0.315942 219 219 255
30.0059 -9.00025 34.2045 1.26521 0.891434 -3.9 0 -0.104899 -0.994412 13 13 255
24.2633 -0.760625 54.0869 -2.28405 -0.785368 -3.5 0 0.384664 -0.693346 9 9 255
34.3265 23.3323 23.9638 -0.0334307 0 3.8 1 0.155514 0.966552 255 4 4
3.66838 27.0384 32.909 -0.24004 0 3.8 0 0.225606 0.37875 234 234 255
48.1792 1.82825 48.6623 -0.445987 0 -3.5 0 0.205754 0.0850093 17 17 255
12.2157 26.1015 29.327 0.0808053 0 -2.73041 0 -0.521552 0.850897 64 64 255
3.6705 -4.56825 37.0055 -0.307086 0 -3.5 0 -0.227974 -0.962247 70 70 254
34.6571 11.5118 49.5869 -0.309651 0 -3.5 0 0.0175663 0.960346 52 52 255
49.1826 7.17212 33.113 -0.196342 0 -0.7 0 0.300382 -0.668796 228 228 255
28.7815 -1.64575 53.8889 -0.462019 0 -3.2 0 -0.597508 -0.271193 4 4 254
33.6992 10.6648 58.1348 -1.87871 -0.109342 -3.5 0 0.796886 0.529001 3 3 255
18.5585 9.85425 49.5085 0.631088 0 -1.3 0 -0.605258 0.059913 78 78 255
35.1582 -6.61625 45.5508 -0.657844 0 -3.5 0 0.040943 -0.867928 47 47 255
4.90375 20.5905 42.2463 -0.872756 -0.29424 -3.5 0 -0.927796 0.364609 1 1 255
2.4835 22.7013 25.7402 -1.45784 -0.186419 3.8 0 -0.367476 0.270341 71 71 255
15.3567 15.977 11.0428 -0.0519024 -0.00360879 -3.5 0 -0.633144 0.516563 8 8 255
34.9927 -1.604 22.47 -0.272043 -0.872244 -3.5 0 -0.0340353 -0.591923 124 124 255
1.21475 17.271 31.157 -0.932417 -0.502572 -3.5 0 -0.450901 -0.00499796 10 10 255
-3.82425 15.3185 32.2723 -0.492578 0 -4.5 0 0.050514 -0.00531381 6 6 255
11.9845 7.33625 52.398 1.88586 0.15892 -3.9 0 0.00540797 0.674889 87 87 255
12.0267 -0.72275 28.1344 -0.31043 0 4.5 0 0.321488 -0.847827 72 72 255
34.984 11.9805 21.411 -0.0700572 -0.0367306 -3.5 0 0.0982985 -0.195017 255 47 47
46.6468 15.6515 38.7542 0.267237 0.428171 4.5 1 -0.112518 0.949178 255 143 143
21.4177 27.0723 36.3262 -0.107681 0 -3.2 0 -0.887038 -0.184657 32 32 255
14.419 21.575 18.6127 -0.813794 0 -2.82635 0 -0.571685 0.757041 119 119 255
14.798 -0.29525 44.034 -0.547006 0 -3.9 0 0.404706 -0.907433 33 33 255
14.743 14.8477 11.0264 -0.375059 -0.220545 -3.5 0 -0.918992 -0.0729447 27 27 255
42.657 8.2775 55.8988 0.431336 0.228607 -1.3 0 0.775886 -0.527579 0 0 254
28.585 4.89237 16.2655 1.20682 0 -4.5 0 -0.140242 -0.0261478 255 72 72
-4.78175 9.5665 33.6452 -1.35998 0 -3.5 0 -0.369445 -0.0784396 15 15 255
42.256 15.483 50.6883 -0.24311 -0.0872705 -3.5 0 -0.258693 0.921687 121 121 255
6.62838 -4.27688 30.7374 -0.0268285 0 -3.5 0 -0.472456 -0.690976 21 21 255
29.6042 9.52475 15.3997 0.802127 0.295467 3.8 1 0.932719 -0.129923 255 63 63
28.1141 -4.97963 36.6226 -1.30693 -0.225655 -3.5 0 0.116909 -0.405404 11 11 255
23.2812 22.1941 16.4778 -0.64997 0 1.62964 0 0.323595 0.943482 255 162 162
-4.69 22.4314 32.5225 -0.257509 0 -3.5 0 -0.966849 0.253459 106 106 254
31.5686 5.93425 17.025 0.478081 0 -4.5 0 0.730824 0.0745688 255 20 20
22.1195 9.198 57.0295 -0.325979 0 -3.5 0 -0.0703422 -0.214724 14 14 255
13.6365 -4.52875 56.4992 -0.252733 0 3.8 0 0.828151 -0.318728 255 154 154
43.5112 14.5778 16.7849 -0.0966398 0.362261 -3.2 0 -0.686713 0.500598 255 11 11
16.4013 23.5865 20.2178 -0.386922 0.431045 -0.236308 0 -0.0727053 0.794438 93 93 254
38.1534 13.3476 29.7949 0.0222646 -0.223195 2.6892 1 -0.00210054 0.90945 255 13 13
34.3009 9.66337 55.968 -0.785941 -0.212617 -3.56754 0 0.396585 0.851832 1 1 255
45.5105 6.09025 50.3867 -0.302872 0 4.2 0 0.50795 -0.281983 1 1 255
-6.46438 17.0866 29.872 0.460407 0.497572 -4.5 0 -0.676517 0.463464 4 4 255
23.2757 13.1996 54.2019 -0.680562 -0.459548 -3.5 0 -0.329543 0.8519 13 13 254
24.2999 13.7131 31.0921 0.752876 0 -0.8 0 0.79372 -0.605645 202 202 255
28.9568 -0.253625 27.3097 1.08194 0 1.8 0 -0.755019 0.607319 248 248 255
-1.301 -5.40137 32.3032 -1.02881 -0.338261 -3.5 0 -0.405461 -0.690738 5 5 255
25.7355 15.4618 27.4077 0.481886 0 1.8 0 0.0821191 -0.995011 255 132 132
23.0215 30.8678 33.4482 0.14559 0 -3.2 0 0.234126 0.914996 80 80 255
9.52287 -4.0475 33.1726 0.00516677 0.358197 -3.5 0 0.465863 -0.659637 85 85 255
43.83 -0.841 46.8195 -1.08022 -0.0716308 -3.5 0 0.403264 -0.661819 13 13 255
55.3107 1.7825 22.8584 -1.38149 -0.395672 -3.5 0 -0.0232937 0.962667 14 14 255
25.4473 33.7831 29.016 -2.45898 -0.0881843 -3.5 0 0.239899 0.966955 188 188 255
45.5855 15.7364 38.2262 0.00552353 0 4.5 1 -0.0965567 0.952098 255 54 54
43.5426 10.8794 17.2841 0.239447 0 -3.2 1 -0.760844 -0.542896 255 11 11
26.231 8.18925 12.2156 0.122594 0 3.8 0 -0.400911 -0.769576 222 222 255
32.8693 -6.696 25.1555 -0.821233 0 -3.5 0 -0.230119 -0.633276 9 9 255
42.7211 20.6619 32.7605 0.1775 0.0508355 -1.3 1 -0.741896 0.550409 255 65 65
40.4916 2.14475 50.405 0.493223 0 4.5 0 0.69813 -0.669415 2 2 255
28.9914 -7.202 35.767 0.107085 -0.431914 -3.585 0 -0.414349 -0.706464 39 39 255
11.3189 24.013 46.211 -0.798876 -0.0536875 -3.5 0 -0.112102 0.0463007 1 1 255
37.0015 13.8175 41.905 -0.45408 0 -1.3 1 0.868671 0.492032 255 30 30
-1.17025 15.5564 35.2313 -0.272176 0 -0.4 0 -0.863304 0.504675 5 5 255
43.8415 1.96975 26.0002 0.962552 0 -4.5 0 0.532802 -0.812666 163 163 255
5.3195 27.8256 31.7975 -1.12675 -0.198026 -3.5 0 -0.456518 0.680783 255 204 204
29.7383 -3.40225 30.696 0.00483802 0 -0.280917 0 0.0120639 -0.99822 16 16 255
17.5599 16.1621 8.56725 -1.8412 -0.88557 -3.5 0 -0.0738532 0.230771 6 6 255
-1.9605 24.4019 30.3013 -0.279301 0 -3.5 0 -0.712253 0.614859 31 31 255
27.7763 -1.935 27.4839 0.321343 0 1.8 0 -0.92388 -0.117289 115 115 255
45.2845 -4.15812 36.5129 0.0448546 0 -1.6 0 0.847261 -0.396242 104 104 255
52.5184 19.8264 30.6664 0.317931 0 -3.9 1 -0.175617 0.947404 255 100 100
24.525 19.1706 24.8504 0.219547 0 1.8 0 -0.0762275 -0.371261 255 44 44
19.0994 22.7445 13.7351 -1.87751 -0.0707585 -3.5 0 -0.544398 0.753347 94 94 255
20.8447 30.0597 34.4045 -0.681684 -0.0901328 -3.2 0 -0.397424 0.521211 112 112 255
2.8785 8.185 21.0125 -0.358203 0 -1.3 0 0.0296483 0.645401 8 8 254
20.5539 -2.7465 35.2873 -0.440465 0 -3.5 0 -0.522882 -0.245978 11 11 255
0.42275 2.67475 18.3504 2.64573 0.274802 -3.9 0 -0.419386 0.029152 43 43 255
1.5595 -0.77125 25.436 0.0593627 0 -1.6 0 0.0424679 -0.73664 3 3 255
47.1195 17.359 22.592 1.23391 0.431323 -4.5 1 -0.272132 0.869063 255 18 18
47.9235 2.32875 40.3115 0.770809 0 -3.62533 0 0.437588 -0.127423 77 77 255
34.9521 9.51062 18.8934 0.184904 0 -0.9 1 0.88206 0.378865 255 16 16
22.935 13.947 37.6317 1.05828 -0.538679 -0.7 0 0.610036 -0.0589658 169 169 255
28.5683 12.0375 52.9632 -0.62763 0 3.08493 0 0.749165 0.658998 24 24 254
17.8695 0.7145 47.4997 -0.0494356 0 -1.6 0 0.0862814 -0.889023 3 3 255
31.117 26.7026 24.406 -0.111673 0 3.8 1 0.510479 0.857685 255 58 58
28.49 14.2413 52.152 -1.06044 0 -3.5 0 0.944673 -0.0426556 16 16 255
4.3765 26.3714 21.1264 0.189869 0 -3.9 0 -0.847527 -0.0315707 70 70 255
29.7956 11.6149 43.2006 0.390692 0 -3.2 0 0.812257 0.583068 186 186 255
25.0696 11.673 56.3442 -0.235649 0 -3.5 0 0.207684 0.630287 19 19 255
49.0018 13.9908 19.476 0.374829 0 -4.5 0 0.700442 -0.286902 255 51 51
23.149 27.2151 38.2755 0.236442 0 -3.2 0 0.0613414 -0.29398 75 75 255
10.7481 -4.167 39.4974 -0.267924 -0.512022 -3.53223 0 0.574423 -0.817803 79 79 255
37.1606 5.2455 23.1908 0.146933 0 4.5 1 0.415363 0.775293 255 20 20
9.99575 -0.27425 58.0798 -0.66242 0 3.8 0 -0.620727 0.66002 91 91 254
27.0696 10.3039 29.6005 1.73247 0.799617 -3.0949 0 -0.590287 0.230004 255 180 180
41.5249 5.1805 21.9116 0.305674 0 2.8 1 -0.488738 0.775499 255 30 30
42.7504 -5.58437 39.5984 -0.0483855 0 -1.3 0 0.779923 -0.48897 33 33 255
19.6842 -0.842 31.5362 -1.38748 -0.358951 -3.5 0 0.712004 -0.461344 117 117 255
6.65525 2.1215 47.4793 -0.153764 0 -0.7 0 -0.356217 0.240043 35 35 255
-0.37925 3.5305 30.6698 -0.761895 -0.40429 -0.4 0 -0.909005 -0.416696 4 4 255
55.2684 0.394625 25.0767 -0.619825 0 -3.5 0 0.388608 0.57788 12 12 255
-4.505 21.6493 31.9225 -0.214042 0 -3.5 0 -0.935372 -0.238566 65 65 255
-2.44875 15.5171 23.8145 2.79252 0 -3.9 0 -0.767442 0.640676 1 1 255
15.3807 13.0817 48.9543 0.717112 0 -4.5 0 0.0476834 0.245753 255 199 199
9.70275 1.37637 48.1969 -0.224196 0 -0.7 0 -0.0164768 -0.204116 120 120 255
3.6985 4.98375 45.0788 -0.0702324 0 -3.9 0 -0.262692 -0.696428 25 25 254
6.64388 7.71313 17.8604 -0.326374 0 4.5 0 -0.413951 0.791694 46 46 255
23.5658 13.1725 30.3398 0.888791 0 -0.8 0 0.443287 -0.836734 191 191 255
48.852 12.0421 17.7485 0.496451 0.737269 -2.99509 0 0.811014 0.260448 255 103 103
41.2093 9.36712 36.8923 -0.194802 0 4.5 1 0.510422 0.530455 255 0 0
12.3118 18.8627 12.2367 0.526337 0 -3.5 0 -0.122329 0.406382 28 28 255
40.7415 -7.55475 38.3281 0.293697 0 -1.3 0 0.490888 -0.864869 64 64 255
39.5055 -10.4431 38.3246 -0.0889994 0 -0.7 0 0.869334 -0.477273 67 67 255
55.4014 15.4359 29.9141 3.36572 0 -3.9 0 0.761976 -0.492304 255 131 131
32.7779 23.3109 23.8959 -0.0559489 0 3.8 1 0.402486 0.85294 255 4 4
17.5034 22.5619 17.199 -0.293217 0 -3.2 0 -0.0240499 0.983393 146 146 255
6.81838 18.5098 48.2614 -2.05233 -0.219263 -3.5 0 0.682977 -0.16798 26 26 254
18.0785 -1.58675 26.2523 0.925103 0 -3.9 0 -0.617183 -0.558805 26 26 255
4.189 28.6682 23.6735 0.00141582 0 -3.9 0 -0.617597 0.777772 123 123 255
11.4242 1.60625 63.2233 -0.628036 0 -3.2 0 -0.294681 0.320355 55 55 254
21.1274 0.591625 48.9557 -0.365809 0 -3.25616 0 0.0368667 -0.954169 2 2 255
52.3853 12.7762 35.632 -1.37431 -0.597448 -3.5 0 0.348503 -0.152485 182 182 255
22.1917 -0.35425 50.1618 -0.680843 -0.482561 -3.5 0 -0.289958 -0.799821 3 3 255
32.7357 -10.372 42.0902 -0.338914 0 -3.5 0 -0.670858 -0.65875 34 34 255
5.84587 17.1513 47.692 -1.63784 -0.756231 -3.5 0 0.0677661 -0.93362 34 34 255
50.6688 5.73187 23.9576 0.441728 0.603105 -0.951273 0 0.462811 0.366949 29 29 255
10.6916 -0.205125 63.5788 -0.0878627 0 -3.2 0 -0.706171 0.0327649 83 83 255
27.3131 2.66625 26.0268 0.38641 -0.0364653 -3.5 0 -0.340817 -0.330914 177 177 255
-1.27038 15.6014 31.6236 -0.309971 0.0114806 -4.5 0 0.184742 0.228045 3 3 255
25.729 6.80463 36.8681 0.880714 -0.0415112 4.2 0 -0.441563 0.619556 179 179 255
53.1442 -4.77413 29.8885 -0.110461 0 -0.7 0 -0.222483 -0.729007 19 19 255
33.7005 11.4335 59.2327 -1.92957 -0.0517129 -3.5 0 0.689922 0.713561 3 3 255
8.05987 -0.9895 28.6405 -0.497093 0 4.2 0 0.248168 -0.781808 31 31 255
49.5343 0.575375 22.1959 -1.16056 0 -1.6 0 0.0343603 -0.524291 27 27 255
22.1574 25.3296 35.9939 0.716069 0.524208 -3.2 0 -0.298293 -0.795577 33 33 255
52.5033 15.844 33.4655 0.287475 0 -3.9 0 0.548206 0.307958 255 198 198
25.137 8.979 32.4613 4.24064 0 -3.9 0 -0.681473 0.200862 146 146 255
23.6514 10.9292 38.5192 1.20377 0 -0.7 0 0.226808 0.534827 238 238 255
52.3199 4.01 27.4156 -0.196605 0 4.2 0 0.956542 0.164625 29 29 255
20.4794 23.3079 14.539 -1.30247 0 -3.5 0 -0.186821 0.972517 185 185 255
10.4987 -3.4295 59.7331 -0.279781 0 3.8 0 -0.558054 -0.39949 242 242 255
34.1063 16.4018 43.7235 0.148063 0 -1.3 0 0.0852388 0.887825 255 199 199
28.5553 11.573 55.359 -1.65517 -0.316882 -3.5 0 0.0634368 0.92781 35 35 255
6.8545 -4.9735 39.26 -0.466309 0 -3.5 0 -0.237711 -0.645087 72 72 255
10.4718 17.4937 12.2408 0.828081 0.62489 -3.5 0 -0.297753 -0.261358 19 19 255
51.015 9.0575 34.1555 0.45669 0.266525 -0.7 0 0.490445 -0.436155 255 206 206
18.0837 19.8682 15.2207 0.0757788 -0.100657 -3.23652 0 -0.530751 0.147101 24 24 255
35.3768 12.6465 51.6427 -0.799779 -0.332252 -1.82398 0 -0.540892 0.840558 20 20 255
15.2074 30.3246 25.1584 0.326466 0 -3.9 0 -0.848204 0.502721 40 40 255
41.334 13.3857 52.2945 -0.979549 0 -0.4 0 0.0690456 0.316119 26 26 255
33.1367 11.606 32.7101 -0.186698 0 3.27211 1 -0.216364 0.908206 255 59 59
24.5086 31.001 26.1938 -2.37368 -0.387921 -3.5 0 0.0784912 0.108377 234 234 255
7.54712 24.0051 45.3609 0.122925 0 -3.9 0 -0.0118102 -0.125081 0 0 255
33.029 -5.34525 24.5723 -0.500294 0 -3.5 0 -0.416095 -0.255505 15 15 255
-0.66875 16.2337 35.8747 -0.588068 -0.326889 2.90224 0 -0.894105 0.436201 12 12 255
32.829 -6.63763 44.3162 -0.593359 0 -3.38432 0 -0.541441 -0.426484 90 90 255
6.04488 -2.01612 42.521 0.152935 0.112093 -3.5 0 0.204983 -0.568049 100 100 255
39.3509 13.6558 30.1467 -0.364667 -0.389398 -0.4 1 -0.48689 0.624022 255 19 19
11.2516 28.2034 22.7899 -0.286883 0 -3.5 0 0.27347 0.582403 58 58 254
18.6466 23.2989 19.5776 -0.0833633 0 -1.71077 0 -0.341675 0.854372 122 122 255
10.8068 24.3706 22.7068 -0.363648 0 -2.20137 0 -0.480139 0.53897 113 113 255
28.683 3.05025 50.5695 -0.54654 0 4.2 0 -0.383638 -0.916669 7 7 255
37.6398 -6.218 50.8095 -0.559012 0 -3.5 0 0.356252 0.252568 13 13 255
47.9135 15.7425 38.7645 0.220367 0.258618 4.5 1 0.17024 0.940696 255 190 190
25.8463 -4.35875 32.767 -0.240155 0 -3.5 0 -0.732345 -0.0951904 18 18 255
37.5633 13.6689 28.8235 0.143433 0 2.25217 1 0.145269 0.946848 255 25 25
49.2565 12.2119 50.7129 -0.417531 0 -3.5 0 0.538362 0.598006 7 7 255
7.3725 6.495 46.787 -0.215878 0 -3.5 0 -0.829176 -0.276673 28 28 255
-2.69425 23.5487 36.6745 0.264821 0 -3.9 0 -0.943841 0.22207 91 91 255
37.3755 12.8328 36.0863 -1.34723 -0.0597355 -3.5 1 0.302048 0.841569 255 5 5
5.1145 20.256 17.07 0.769785 0 -3.2 0 -0.733446 0.639273 5 5 255
44.1575 15.2095 39.1372 -0.101185 0 4.5 0 -0.441692 0.759972 255 54 54
29.8615 1.492 17.6397 -0.0263208 0 -4.5 0 -0.313476 -0.662491 214 214 255
44.8232 -0.83125 37.0456 -0.00447198 0 -1.6 0 -0.142032 0.166062 135 135 255
53.5117 -1.21075 30.941 -0.440291 0 -0.7 0 0.692668 0.30511 26 26 254
10.6469 15.5625 48.4842 -0.154202 0 3.8 0 -0.965817 -0.254933 122 122 255
4.45925 20.5623 47.0073 -1.68562 0 -3.5 0 -0.881736 0.444168 2 2 255
46.2444 13.2851 52.5545 -0.746895 0 -3.80314 0 0.996698 -0.0625036 4 4 255
21.1085 2.701 16.679 0.277434 0 -3.5 0 0.0964261 -0.556726 253 253 255
13.5922 30.7835 34.9372 1.63206 0.820833 -3.9 0 0.340852 0.591609 45 45 255
33.6739 6.35262 20.88 0.282522 0 -0.9 1 0.566787 -0.596218 255 16 16
49.0939 0.878625 27.3805 -0.053776 0 3.41854 0 -0.941211 -0.00925416 51 51 255
5.481 25.6365 42.6748 0.396286 0 -3.9 0 -0.911963 0.378148 0 0 255
46.8665 -0.82325 44.012 -1.86935 -0.573975 -3.5 0 0.960275 -0.183619 32 32 255
44.4673 8.69825 17.7138 0.25464 0 -3.2 1 -0.849921 -0.388482 255 9 9
47.1099 6.64475 39.0136 0.179953 0.650855 -3.43651 0 0.868089 0.26066 255 151 151
-1.44575 -4.2605 31.7621 -1.13046 0 -3.5 0 -0.701296 -0.0256443 5 5 255
20.893 -0.921875 35.1556 -0.414239 0 -1.74902 0 -0.669719 -0.285092 27 27 255
12.474 -2.08525 63.2829 -0.405059 0 -3.2 0 -0.198674 -0.869166 84 84 255
54.6335 14.254 27.1565 -1.17859 0 -3.5 0 0.875096 0.386005 255 57 57
51.0665 18.6051 33.3418 0.0662382 0 -3.9 1 0.101406 0.59598 255 111 111
5.97963 22.6635 19.0205 0.0141983 0 3.8 0 -0.612622 0.503458 14 14 255
6.80575 11.1011 18.0686 -0.679387 0 -0.423696 0 -0.692853 -0.705524 56 56 255
47.0885 11.6489 53.9884 0.00145086 0 -3.9 0 0.986127 -0.125469 1 1 254
14.9836 21.2691 16.4332 -0.214835 0 -3.2 0 -0.522344 0.637945 53 53 255
1.17138 -1.49975 38.4354 -0.177325 0 4.5 0 -0.626497 -0.247657 38 38 255
3.36975 10.0273 48.505 2.22515 0.343958 -3.9 0 -0.241068 0.0237823 17 17 255
10.9501 -2.40587 42.6796 1.48579 0.84092 -3.9 0 -0.410764 -0.54929 83 83 255
51.9575 3.1495 26.6007 -0.0200662 0 2.80095 0 0.936363 0.218946 39 39 255
49.8872 9.153 34.963 0.84228 0.501912 -0.7 0 0.112052 -0.312455 255 103 103
27.4126 31.0777 30.7826 0.0788958 0 -3.5 0 0.67937 0.732332 255 161 161
20.3975 7.70025 14.3798 0.551874 0 1.9 0 -0.786575 -0.488798 255 168 168
-0.01775 24.02 28.1405 -0.523472 -0.314769 -2.84025 0 -0.418502 0.392161 20 20 255
45.1095 13.2355 57.2355 1.57969 0.42942 -3.9 0 -0.434135 -0.0542965 1 1 255
48.9253 3.00075 33.4245 -0.115321 0 -3.9 0 0.619499 0.641824 120 120 255
39.7159 15.9799 50.4565 0.618891 -0.0563904 -2.10802 0 0.118561 0.9907 250 250 255
32.0746 8.39338 17.892 0.196041 0 -0.9 1 0.223687 -0.168086 255 22 22
18.0316 16.9809 42.2477 0.535471 0 -1.6 0 0.960977 0.216909 21 21 255
48.347 16.8129 49.9067 -0.178461 0 -3.5 0 0.899357 0.403658 33 33 255
48.0412 -3.12325 24.02 0.131374 0 -3.5 0 -0.49079 0.18772 77 77 254
14.0045 21.1804 17.7302 -0.434664 0 -0.794552 0 -0.280719 0.907551 97 97 255
26.1955 32.6681 28.0163 -1.84525 -0.825096 -3.5 0 0.717853 0.479841 255 173 173
35.265 -7.161 50.252 0.511537 0.682298 -3.5 0 -0.86376 -0.379864 44 44 255
46.9916 -5.71325 28.3915 0.330933 0.253682 -3.5 0 -0.51836 -0.0830697 62 62 255
15.8594 29.6735 34.9318 -0.0607598 0 -0.4 0 -0.0710418 0.265021 44 44 255
29.4214 27.1303 24.5828 -0.199754 0 3.8 0 -0.210879 0.970529 255 150 150
35.8647 -5.941 34.1107 -0.0898103 0 -1.3 0 0.287592 -0.914227 27 27 255
34.6585 2.70625 21.4859 0.0786279 -0.0245395 0.0722552 0 0.0926037 0.151459 255 61 61
11.3313 -2.41712 62.6084 0.0408394 0 -3.2 0 -0.204697 -0.855004 80 80 255
36.1048 12.7638 36.933 -0.0575445 0 -1.50672 1 0.430334 0.871767 255 9 9
33.7038 12.0211 21.9746 0.189964 -0.119863 -3.5 0 -0.156704 0.477418 255 135 135
41.4669 11.2402 54.343 -0.327814 0 -3.9 0 -0.107226 0.875783 15 15 255
26.4272 -7.35588 43.2929 0.488705 0.732727 -3.5 0 0.30672 -0.846565 7 7 255
13.9414 -3.56113 59.3149 -0.0436273 0 3.8 0 0.746035 -0.51513 255 209 209
11.9672 23.018 37.786 -0.138549 0 4.2 0 0.075433 0.892572 4 4 255
-3.26688 7.9555 38.8905 0.488429 0 -3.9 0 -0.561392 0.451604 3 3 255
52.4175 11.618 31.4125 -1.71537 -0.0174731 -2.10622 0 0.96164 -0.172266 212 212 255
39.3265 -7.156 44.2595 -0.0434627 0 -3.9 0 0.229131 -0.960199 44 44 255
13.7134 1.312 49.6323 -1.67945 -0.443021 4.5 0 -0.653172 -0.755751 185 185 255
12.4111 19.8652 48.2578 0.172987 0 3.8 0 -0.16523 0.892802 16 16 255
26.6443 11.2572 11.4207 0.0594307 0 3.8 0 -0.0830652 0.688544 255 184 184
44.063 9.627 17.2045 0.182925 0 -3.2 1 -0.91968 -0.3326 255 10 10
9.43675 28.7515 22.2432 1.8344 0 -3.9 0 0.784434 0.582718 78 78 255
13.546 4.75975 17.3736 0.396992 0 -1.6 0 0.1477 -0.297819 169 169 255
14.1525 27.3732 27.6807 0.329446 0 2.5 0 -0.325612 0.917868 24 24 255
34.362 20.8005 26.9975 0.0683326 0 3.8 1 0.531351 -0.432147 255 8 8
16.5416 0.111125 63.9232 -0.244625 0 -3.2 0 0.854333 0.207365 23 23 255
10.5216 17.7155 50.1745 -0.158633 0 3.8 0 -0.947995 0.2229 108 108 255
27.6665 8.594 28.063 0.930939 0 -3.9 0 -0.406263 0.809355 255 228 228
18.1866 22.7059 18.0186 -0.437954 0 -3.22953 0 -0.313516 0.943466 157 157 255
43.774 13.91 43.7155 -0.271552 0 4.2 0 -0.63272 0.752415 255 100 100
11.1997 6.46912 15.6031 0.252714 0 -1.6 0 -0.337004 -0.312476 234 234 255
1.68575 1.28038 39.5667 -0.161552 0 4.5 0 -0.711961 0.185728 58 58 255
57.1666 9.3195 25.5189 0.0196171 0 -1.6 0 0.979004 0.0887575 79 79 254
44.153 21.7108 33.9519 0.683332 0.493775 -1.3 1 -0.20093 0.541033 255 75 75
24.7795 0.608 54.3535 -2.27999 -0.0463043 -3.5 0 0.61467 0.120225 9 9 255
38.278 -0.506 19.1185 0.7127 0.563572 -4.5 0 -0.76994 0.433702 255 75 75
2.1175 19.1795 38.8602 0.989259 0.848927 4.2 0 -0.151973 0.321779 12 12 255
-5.58725 10.0822 36.1455 -1.21859 -0.0101213 -3.5 0 -0.653419 0.10528 8 8 255
30.3333 12.8252 37.9367 0.419415 0 -1.3 0 -0.414602 0.909989 201 201 255
9.12613 8.624 48.3633 -0.56331 0 -3.5 0 -0.520795 0.577738 52 52 255
46.981 10.1284 34.6874 -0.50982 -0.00216997 2.96281 0 0.391228 -0.0275181 255 33 33
20.4667 4.6645 16.4165 0.182843 0 -3.5 0 -0.152324 -0.153255 224 224 255
10.9211 0.402375 27.0465 -0.546541 0 4.2559 0 -0.296333 -0.931637 51 51 255
38.9636 1.68025 21.353 0.2213 0 2.8 1 -0.452402 0.495134 255 69 69
47.8618 7.60975 48.4902 -0.619092 0 1.34839 0 0.73625 -0.488764 3 3 254
45.9632 -3.22775 43.006 -2.27251 -0.0853434 -3.5 0 0.268659 -0.963235 15 15 255
29.763 16.9405 24.2916 1.41577 0.270873 -0.4 0 -0.0970294 -0.908175 255 15 15
39.0855 14.0938 24.2985 -0.166381 0 2.8 1 -0.321896 0.869666 255 4 4
29.269 11.318 53.8805 -0.928909 -0.31637 -3.41831 0 0.33759 0.941286 25 25 255
37.9277 -3.3565 19.8466 0.535428 0 -4.5 0 -0.831105 -0.419465 236 236 255
14.012 -2.73525 60.1657 0.37113 0 -2.06485 0 0.43754 -0.881298 141 141 255
50.0008 2.82225 20.4054 -1.31131 -0.517495 2.8 0 0.828638 -0.325634 43 43 255
45.8066 16.4042 22.8894 0.398223 0.885731 -4.5 1 -0.327204 0.934475 255 24 24
35.2448 15.4595 28.479 -1.48554 -0.352244 3.8 1 0.499995 0.802789 255 42 42
27.8549 11.552 29.083 1.16647 0.146251 0.473319 0 -0.655196 -0.0524635 255 163 163
45.386 10.0682 55.1485 0.0986425 0 -3.9 0 0.307086 -0.876876 1 1 255
27.0101 23.2566 17.8097 -0.1855 0 4.5 0 0.135482 0.930837 255 176 176
12.7885 22.1011 20.027 -0.667298 0 2.8 0 -0.0408182 0.656778 181 181 255
26.4389 17.3169 51.3338 -0.191266 0 -3.5 0 -0.240225 0.947657 1 1 255
46.9917 0.834375 20.7036 0.141217 0 2.8 0 0.421766 -0.801016 215 215 255
22.892 16.7535 50.713 -0.207489 0 -2.26166 0 0.225705 -2.26038e-05 2 2 254
19.3096 10.2655 31.1081 1.64041 0 -2.47539 0 0.752973 -0.544338 18 18 255
10.4276 27.2579 30.4979 -0.153691 0 -3.73794 0 0.651686 0.43439 127 127 255
15.2635 -0.663 45.4985 -1.66003 -0.642646 -3.9 0 0.274287 -0.956867 35 35 255
11.112 2.07825 19.3546 -1.91356 0 -3.5 0 -0.0320003 -0.744247 158 158 255
36.3353 -10.2835 43.9655 -1.57325 -0.0374749 -3.5 0 0.224827 -0.532559 243 243 255
0.011625 18.8458 34.54 -0.77208 -0.0683388 -3.9 0 -0.617446 -0.72278 19 19 255
11.8195 -0.1195 64.2412 0.217809 0.147299 -3.2 0 -0.517407 0.152829 60 60 255
56.1613 0.379 21.8162 -0.864183 -0.00713191 -3.5 0 0.306169 0.180688 4 4 255
33.3135 6.828 57.2709 -1.25914 -0.100419 -3.5 0 0.381717 -0.230593 5 5 255
47.0375 1.99075 24.3083 0.166624 0 -1.6 0 -0.226956 -0.797623 149 149 255
33.6979 10.4761 59.9586 -2.01963 -0.193206 -3.5 0 0.716235 0.44704 4 4 255
52.0426 12.9834 20.2775 -1.09291 -0.0523825 -4.5 0 0.361685 0.518671 255 186 186
-1.36675 25.315 40.4557 2.34779 0.319957 -3.9 0 -0.232999 0.256916 9 9 255
35.204 16.3896 41.6495 0.282339 0.141893 -1.3 1 0.655206 0.745859 255 135 135
18.6672 30.4328 24.1063 0.547231 0 -3.9 0 0.379516 0.676819 62 62 255
42.1813 6.21475 23.2048 0.345269 0.859674 -4.5 1 -0.523436 0.305899 255 17 17
2.39138 -1.84687 38.7173 -0.562321 -0.27696 -3.14052 0 -0.211516 -0.215511 72 72 255
18.595 4.82812 52.711 -0.500594 0 -2.82194 0 0.140511 -0.927494 38 38 255
51.0331 10.153 18.7266 0.333908 0 1.8 0 0.477859 0.197375 221 221 255
26.3018 20.1495 43.4803 3.34535 0.0543828 -3.9 0 -0.531885 0.667132 35 35 255
32.4002 -8.23575 39.5555 0.0312972 0 -3.80148 0 -0.60493 -0.786086 12 12 255
48.537 -1.572 24.5863 -0.0631899 0 -3.5 0 -0.814598 0.0735044 28 28 255
35.5215 15.6395 43.5272 -0.292817 0 -1.3 0 0.651464 0.68232 255 123 123
9.80538 -3.86875 29.5826 0.496894 0.732617 -3.5 0 0.569097 -0.377907 42 42 255
12.3439 28.4649 26.3604 -0.215909 0 -3.5 0 0.330231 0.862847 16 16 255
7.755 5.4555 47.3189 -0.147426 0 -3.5 0 -0.694763 -0.369961 17 17 255
-1.2155 -0.97225 27.929 -0.0968627 0 -1.6 0 -0.775929 -0.624965 16 16 255
37.8244 13.7479 53.9624 0.359381 0 -0.4 0 -0.125172 0.194314 14 14 255
22.2811 -0.536375 34.0419 -0.227924 0 3.20222 0 -0.204273 -0.751374 29 29 255
36.4481 -1.59775 31.0583 -0.142662 0 3.62209 0 -0.116887 -0.939756 4 4 255
49.0066 17.2349 28.3999 -0.0627213 0 -3.59884 1 0.0581946 0.995901 255 34 34
10.2157 -3.86762 40.4096 0.689465 -0.0637724 -3.80346 0 0.041042 -0.846791 74 74 255
40.4584 16.1857 49.3285 -1.39877 -0.121775 -3.5 0 -0.00665545 0.977855 255 234 234
7.31825 -5.577 38.3355 -0.412387 0 -3.5 0 0.114702 -0.977555 45 45 255
10.3673 -4.62413 55.0966 -0.252194 0 3.8 0 -0.0807247 -0.321966 174 174 255
21.7971 -0.89325 52.7369 -1.06836 -0.011839 -3.5 0 -0.591753 -0.748862 10 10 254
12.0584 -1.30875 25.1959 -2.19789 -0.168999 -3.5 0 -0.374197 -0.915695 59 59 255
28.27 9.11225 23.6865 0.465287 0 2.5 0 0.0116479 0.736117 133 133 255
7.6125 19.8685 12.873 -0.00486387 0 -3.2 0 -0.392994 -0.400766 11 11 255
7.48525 30.3743 28.582 -0.15593 0 -0.4 0 -0.0298538 0.876351 102 102 255
50.5875 0.05825 22.2087 -0.100341 0 -2.75248 0 -0.236928 -0.249922 21 21 255
11.821 -2.78338 61.204 0.0436325 0 -3.2 0 0.0509254 -0.968459 81 81 255
-0.17025 16.5853 18.1068 0.1655 0 -3.9 0 -0.73117 -0.666304 7 7 254
56.6087 -1.45413 24.6497 -2.16093 -0.574422 -3.5 0 0.716997 -0.27916 4 4 255
-1.97863 4.19663 22.5963 -0.0613207 0 4.5 0 -0.732893 0.0785577 1 1 255
45.8073 17.5364 19.3465 0.681044 0 -4.5 1 -0.634195 0.708354 255 24 24
32.4719 23.1486 29.0413 0.0130604 0 4.2 1 0.8736 0.339555 255 13 13
43.6362 17.3164 26.5324 -0.238859 0 -3.5 1 -0.106426 0.932142 255 22 22
17.7105 22.8335 18.948 -0.408055 0.000342582 -3.2 0 0.00567819 0.955425 122 122 255
0.68325 19.2279 23.3231 -0.139195 0 -3.9 0 -0.838966 0.356609 7 7 255
37.3971 -3.98175 50.76 -1.43313 -0.661466 -3.5 0 0.0505443 -0.526694 13 13 255
48.52 4.9145 32.5865 -0.125686 0.126179 -2.30193 0 0.695479 0.119975 118 118 254
34.3865 7.34863 22.4893 0.246409 0 -0.9 1 0.798121 0.591743 255 9 9
32.952 -8.8455 40.9844 -0.0373469 0 -3.5 0 -0.797633 -0.45821 18 18 255
37.402 -11.7236 38.5983 -0.166288 0 -0.7 0 -0.163586 -0.983984 51 51 255
42.4808 12.2635 31.4457 0.573492 0 -0.4 1 -0.120373 0.292492 255 5 5
30.0115 4.31362 16.0784 0.628623 0 -4.5 0 0.0316618 -0.207054 255 102 102
39.167 -4.231 32.271 -0.0928366 -0.167163 4.5 0 -0.586065 -0.753076 7 7 255
9.49537 2.42475 17.7196 -0.068069 0 4.5 0 0.545852 -0.735628 119 119 255
-4.80487 7.64512 26.2104 -0.354364 0 -3.5 0 -0.939418 -0.217831 0 0 255
-5.4025 15.9195 32.1377 -0.586841 0 -4.5 0 -0.131882 0.188016 6 6 255
35.3148 -7.55937 26.3455 -1.41449 -0.0182899 -3.5 0 0.559462 -0.800674 3 3 255
3.95025 11.2756 15.4435 -1.53558 -0.128771 -3.5 0 -0.632266 -0.716957 20 20 255
42.9944 8.11725 52.7436 -0.0307595 0 -0.931592 0 0.694102 -0.647369 1 1 255
0.66575 -3.825 35.3629 0.00957449 0 -3.5 0 0.361263 -0.706348 38 38 255
-0.509 1.65937 31.8334 -0.371569 0 1.9 0 -0.952577 0.0792153 14 14 255
33.9111 15.495 28.867 -0.121914 0 3.8 1 0.386432 0.690972 255 31 31
43.9036 -1.53412 45.3503 -0.971604 -0.0141742 -3.5 0 0.514487 -0.637593 17 17 255
53.3531 8.29788 28.586 -0.226536 0 -0.941213 0 0.616343 0.0586651 41 41 255
36.5289 9.51987 25.9324 -0.0207695 -0.504461 -0.745555 1 0.104301 -0.355747 255 6 6
52.2575 16.079 28.4245 0.0708886 0.0461718 -3.52727 1 0.40222 0.724137 255 63 63
26.7641 15.4801 25.0697 1.22852 0 1.06932 0 0.897402 -0.440699 255 95 95
18.2929 -2.86538 29.1205 2.08547 0.517099 -3.9 0 -0.578263 -0.800524 47 47 255
5.023 -2.16 30.8972 -0.746725 -0.114837 -3.5 0 -0.457111 -0.593265 12 12 254
9.9845 -4.85813 38.1066 -2.15022 -0.65942 -3.5 0 0.43035 -0.854084 39 39 255
49.5835 13.4926 45.3119 -0.45441 0 -3.65374 0 0.662747 0.567283 18 18 255
27.164 0.84825 21.5667 -0.605565 -0.0245112 -3.81074 0 -0.609896 -0.606765 126 126 255
19.0149 7.07863 33.0284 1.93359 0.00324145 -0.426854 0 0.776663 0.629507 15 15 255
30.1879 14.9185 48.937 0.335487 0 -3.83278 0 0.579847 -0.00724511 10 10 255
28.9748 15.7665 17.5002 0.140927 0 -4.5 1 0.89761 0.208507 255 40 40
43.9339 4.931 51.4091 -1.5828 -0.516145 4.5 0 0.586635 -0.360167 1 1 255
4.88075 23.7873 21.4039 -0.0335834 0 3.8 0 -0.944975 0.167213 31 31 255
28.5661 17.0653 21.6471 0.615308 0 -1.73011 0 0.951664 -0.203475 255 24 24
8.60975 13.5754 42.2417 -0.277602 0 1.1159 0 -0.349805 -0.443576 28 28 255
40.2755 -2.2995 24.5549 0.153774 0 -4.5 0 0.271831 -0.955815 132 132 255
-0.884375 27.1887 30.9517 -0.130613 0 3.8 0 -0.922378 0.385802 73 73 255
3.3905 15.44 16.5181 0.143531 0 -3.5 0 -0.635617 0.0513256 15 15 255
5.58925 5.61875 16.7595 -0.0412477 0 4.5 0 -0.360125 -0.164999 72 72 255
47.4238 17.7607 50.2125 -0.185918 0 -3.5 0 0.502016 0.863958 80 80 254
42.0037 0.3425 16.8064 0.713887 0 -4.5 0 0.274923 0.648841 255 51 51
21.8382 23.1514 15.7394 -1.80774 0 -3.5 0 0.290012 0.949197 255 223 223
37.0481 13.0875 31.1399 -0.00477951 0 3.8 1 0.282673 0.900569 255 25 25
7.84525 1.87725 18.9147 0.0449032 0 4.5 0 -0.0464667 -0.99741 63 63 255
10.254 5.27087 16.4056 0.0375841 0 -1.6 0 -0.137122 -0.305258 200 200 255
7.53912 27.0754 44.9567 1.74947 0.839427 -3.9 0 -0.23464 0.523423 0 0 255
32.291 12.5297 49.0373 -0.581174 -0.952183 -0.7 0 0.211083 0.740259 42 42 255
28.0632 12.323 40.5563 0.567216 0 -3.2 0 0.0313086 0.61469 112 112 255
42.4739 -5.46712 44.1849 0.251847 0 -3.9 0 0.793845 -0.563199 7 7 255
41.83 11.8643 42.73 -0.328671 0 1.89592 1 -0.470038 0.877996 255 33 33
37.82 -2.8875 23.575 -0.015761 0 -4.5 0 0.181651 -0.970831 122 122 255
26.7459 10.2041 11.107 0.0675472 0 3.8 0 -0.400546 0.0224961 255 236 236
3.73525 -1.19375 26.8803 0.684116 0.331872 4.2 0 -0.0717969 -0.930024 10 10 255
6.45875 7.85313 18.9164 -0.333848 0 3.80238 0 -0.550533 0.826647 56 56 255
32.9471 -3.14212 49.3162 -0.251629 0 -3.5 0 -0.337502 -0.907846 7 7 254
24.8072 20.282 14.771 -0.184607 0 4.5 0 -0.0153614 -0.111485 255 122 122
27.9644 9.75488 11.1827 0.0823504 0 3.8 0 0.403042 0.0553168 255 160 160
13.8682 22.0785 44.8993 0.222365 0 -3.5 0 0.9871 0.096402 10 10 255
29.2148 9.16725 12.5478 0.150073 0 3.8 1 0.915312 -0.165961 255 132 132
56.919 9.0155 26.8281 0.0169148 0 -1.6 0 0.833573 -0.219079 43 43 255
-3.2305 12.4672 37.5602 -0.104682 0 -3.5 0 -0.517354 0.588663 9 9 254
3.24012 3.40488 18.8876 1.33602 0.043025 -3.9 0 0.148261 -0.0232866 119 119 255
22.9545 0.259 47.381 -0.883933 -0.564112 1.9 0 -0.0486413 -0.937019 2 2 255
26.2555 31.5462 28.2986 -1.58634 -0.0101751 -3.5 1 0.897497 0.0341576 255 100 100
34.9591 -1.86713 30.3224 -0.350142 0 1.14652 0 0.593878 -0.803811 8 8 255
11.4648 4.1595 53.387 0.0066548 0 -3.9 0 -0.732342 -0.251275 106 106 254
22.1283 5.94063 14.82 0.0408316 -0.227966 0.565909 0 -0.408607 -0.500425 206 206 255
27.4556 5.9935 16.2771 -0.830402 0 3.8 0 0.196869 -0.452621 255 103 103
29.5408 1.88575 27.5855 0.740383 -0.7185 -0.8 0 -0.981795 -0.189892 206 206 255
13.181 2.9555 54.73 -0.110021 0 -3.9 0 -0.904905 0.18594 52 52 255
44.6354 9.95887 21.9729 -0.114879 0 1.06768 1 -0.888038 -0.00688001 255 19 19
31.9129 -1.66737 22.6966 0.211405 0 -3.9 0 -0.0950004 -0.893892 138 138 255
26.2219 10.6065 30.9616 2.86532 -0.055918 -3.6137 0 -0.837816 0.514916 255 242 242
2.35737 -3.4465 32.642 -0.310844 0 -3.5 0 0.0673474 -0.687557 16 16 254
12.1838 6.43538 60.9946 -2.44743 -0.797126 4.5 0 -0.310658 0.949884 41 41 255
19.034 8.753 16.0505 0.0502095 0 1.9 0 -0.525728 0.369996 255 178 178
17.094 18.6734 43.5184 0.574507 0 -1.6 0 0.548126 0.835126 69 69 255
22.2843 0.724375 48.3708 -0.362906 -0.0418639 0.368927 0 -0.0775293 -0.996983 1 1 255
55.5184 9.697 23.2566 0.0444658 0 -1.6 0 0.409753 -0.204371 111 111 255
50.081 14.2786 37.16 -0.322383 0 3.18851 0 0.755912 0.0228867 255 193 193
11.779 27.7812 31.271 0.188843 0 -3.9 0 0.019713 0.510798 116 116 255
52.5604 8.62838 20.1941 -0.00802699 0 1.8 0 0.9013 -0.433172 48 48 255
-2.25319 22.4902 28.4683 -0.53191 0 -4.5 0 -0.78137 0.285795 35 35 255
48.2589 -0.869438 27.9111 -0.183307 -0.340228 -0.572425 0 -0.97022 0.200807 69 69 255
16.5045 -1.504 56.1786 0.00306065 0 -1.6 0 0.661118 -0.745773 72 72 255
46.01 -2.21788 44.3295 -1.72137 -0.0494415 -3.5 0 0.414048 -0.561231 22 22 255
5.126 21.654 19.8248 0.0674587 0 3.8 0 -0.699281 0.288552 16 16 255
7.80575 27.5964 41.855 2.25047 0.610051 -3.9 0 -0.136277 0.731908 1 1 254
48.02 8.9025 47.6635 -0.477437 0 -3.5 0 0.725522 -0.687286 8 8 255
-3.84113 12.0456 24.1154 -1.46188 -0.284691 -3.5 0 -0.653899 0.677649 1 1 255
10.2871 0.54375 26.2185 -0.492504 -0.516737 -0.636862 0 -0.0627551 -0.984153 85 85 254
18.9611 33.7132 30.6401 -1.70153 -0.40114 -3.5 0 -0.329395 0.941712 33 33 255
8.80025 0.924625 24.1812 0.061958 0 -2.67045 0 0.169848 -0.985409 126 126 254
36.1685 13.982 30.258 -0.0155933 0 3.8 1 0.156922 0.924662 255 23 23
30.5275 -0.17975 20.967 0.636299 0.768662 -4.4717 0 0.115296 -0.833394 230 230 255
25.64 21.5449 15.3006 -0.178803 0 4.5 0 0.316553 0.499478 255 96 96
24.3738 19.0002 44.5685 -0.284404 -0.0434092 -3.5 0 -0.0857074 0.813702 44 44 255
37.0045 -8.31025 49.2714 -0.0774434 0 -3.5 0 -0.155773 -0.953458 21 21 255
1.20075 -1.19488 27.9417 0.240393 0 -1.6 0 -0.0800371 -0.98377 24 24 255
35.492 -6.29925 25.6705 -1.26029 -0.0953524 -3.5 0 0.773479 -0.437349 6 6 255
47.4831 3.02413 27.6304 -0.0679205 0 0.379359 0 -0.412029 -0.885748 105 105 255
25.2291 21.7595 33.4818 0.346775 0 -3.9 0 0.745293 0.0103904 255 79 79
13.499 24.8283 21.4993 -0.374553 0 -0.488907 0 -0.0130895 0.667922 90 90 255
26.7536 31.3124 29.3434 -0.151513 0.931466 -3.5 0 0.885658 0.368481 255 86 86
8.518 29.1159 20.3552 2.24844 0.266333 -3.9 0 0.563463 0.430957 85 85 255
42.702 -3.78975 47.5034 2.09908 0.425278 -3.9 0 0.768405 -0.0510738 5 5 255
50.264 7.21075 15.7817 -0.439115 -0.0646624 -3.5 0 0.230766 0.121521 105 105 255
-1.67825 -0.68625 31.7862 -1.90712 -0.426771 -3.5 0 -0.931726 0.0803042 6 6 255
23.8205 6.60213 30.0524 1.81397 0.147315 -0.900176 0 -0.538576 0.801688 79 79 255
24.0355 -3.6945 41.456 0.479383 0.113607 -3.5 0 -0.769191 -0.190358 22 22 255
14.7144 -0.5585 34.8051 -0.788332 0 -3.5 0 0.506334 -0.848706 217 217 255
-5.62675 9.2635 23.254 -1.45861 0 -3.5 0 -0.897007 -0.167332 0 0 255
6.84987 29.2605 23.6746 0.570506 0 -3.9 0 -0.244513 0.965014 75 75 255
6.06975 22.8172 40.0518 -0.22262 -0.00750699 -3.9 0 -0.717249 0.661027 0 0 255
20.2951 -4.40413 38.1645 -1.68772 0 -3.5 0 -0.210853 -0.975631 9 9 255
2.06188 2.57975 23.2165 0.526432 0 1.60466 0 -0.549171 -0.825676 55 55 255
20.9603 3.269 24.8725 0.201835 0 -3.9 0 0.703589 -0.213677 43 43 255
25.115 1.68775 53.1582 -1.21172 0 -1.94868 0 0.796537 -0.113871 10 10 255
13.7332 23.255 44.168 -0.178347 -0.308951 -3.5 0 0.999045 0.0430567 5 5 255
31.4985 4.34113 17.0575 0.77363 0.0235055 -4.5 0 0.682003 0.0545245 255 41 41
0.771625 28.2541 32.0686 -0.11902 0 3.8 0 -0.0541538 0.840016 165 165 255
2.60212 4.721 39.6095 -0.0618098 0 -3.9 0 -0.463228 -0.477919 6 6 255
34.0436 5.54087 21.4781 0.22308 0 2.43286 1 0.442096 -0.0551568 255 28 28
29.3442 2.09387 55.6937 -2.57402 -0.489601 -3.5 0 -0.997842 0.0451924 2 2 255
47.5806 2.904 26.3671 0.173037 0 -1.6 0 -0.293243 -0.922023 120 120 255
20.8116 11.5282 54.3198 -0.561126 -0.128311 -3.5 0 -0.850714 0.503109 14 14 255
33.7076 -5.18062 31.9165 -0.00660175 0 -1.3 0 0.185829 -0.678747 11 11 255
45.1128 0.508625 30.4844 -0.0769738 0 -1.6 0 0.100176 -0.443347 125 125 255
22.9667 6.20988 31.0193 2.23975 0 -0.4 0 -0.0358628 0.997511 39 39 255
-3.7295 9.36763 33.1494 -0.645277 0 -3.25602 0 -0.682336 0.283066 17 17 255
51.424 19.5351 31.5831 0.142255 0 -3.9 1 -0.21783 0.965311 255 86 86
1.06725 15.8205 33.654 -0.606102 0 -0.842619 0 -0.596098 0.678186 2 2 255
56.2339 -1.08312 22.264 -0.976696 0 -3.5 0 0.527988 -0.375259 2 2 255
25.9613 3.23475 19.7075 -0.487459 0 -3.5 0 -0.186908 -0.913615 54 54 255
9.80425 26.6259 42.8623 3.18803 0.121954 -3.9 0 0.750037 0.529384 0 0 255
14.1696 -2.81437 56.115 -0.261101 0 -0.250511 0 0.686542 -0.624869 178 178 255
13.6754 20.8901 44.1529 0.826672 0.123406 -3.5 0 0.978407 0.199899 29 29 255
7.102 21.6205 45.101 -0.44269 -0.259438 -3.70099 0 0.253445 0.488611 1 1 255
22.8756 18.967 15.8667 -0.644436 0 -3.5 0 -0.0540996 -0.151233 255 240 240
16.9702 5.51862 51.8654 0.13736 0.646917 -3.5 0 -0.490933 0.673477 109 109 254
23.5844 33.2262 28.6759 -1.00859 0 -3.5 0 -0.162224 0.958898 82 82 255
9.91512 5.354 51.0269 1.99999 0.757838 -3.9 0 -0.845269 -0.467437 112 112 254
53.4366 16.595 32.9254 0.552226 0.111962 -3.9 0 0.374456 0.114146 255 202 202
49.934 6.816 24.063 0.149916 0 -1.6 0 0.426691 -0.300482 60 60 255
46.7308 0.2235 42.8423 -1.601 -0.153282 -3.5 0 0.976757 0.145846 32 32 255
40.5652 14.121 30.7751 -1.20759 0 -0.4 1 -0.455187 0.355324 255 19 19
12.366 14.612 49.868 0.0185391 0 3.8 0 -0.382318 -0.677122 255 196 196
36.4065 11.5938 52.9663 -0.135562 0 -1.21488 0 -0.323674 0.572294 4 4 255
31.638 0.91625 58.7685 -2.07743 -0.0429233 -3.5 0 0.0423849 -0.723709 11 11 255
8.36 5.13237 16.5933 -0.0570642 0 4.5 0 -0.0791842 0.0821461 111 111 255
38.9352 16.128 48.1702 -1.40222 -0.0688658 -3.5 0 -0.369942 0.811391 255 147 147
33.0435 13.7312 22.3908 0.381994 0 -3.5 0 -0.448895 0.355458 255 103 103
48.9105 9.7275 39.5283 -0.0892743 0 -0.9 0 0.607256 -0.325643 229 229 255
35.1768 -5.668 27.78 -1.43905 -0.103339 -3.5 0 0.48967 0.0269571 4 4 255
9.149 -1.55875 41.2077 -0.144908 -0.785743 -3.52995 0 -0.483 -0.527181 69 69 255
12.4876 -3.476 35.1856 -0.199073 0 1.8 0 0.365251 -0.919332 111 111 254
2.82925 -1.6325 27.97 0.080073 0 -1.6 0 0.0798166 -0.995023 14 14 255
28.888 11.455 14.8177 0.450288 0 3.8 1 0.64662 0.446445 255 67 67
11.593 -1.14925 44.5316 -0.251538 0 -3.9 0 -0.209023 -0.969083 61 61 255
-1.72775 0.592875 27.807 -0.00822349 0 -1.6 0 -0.999725 0.0234452 7 7 255
10.4788 27.881 28.001 0.89765 0.450612 -1.12643 0 0.679772 0.322165 52 52 255
20.7385 7.99625 28.9743 0.970136 -0.213537 0.0176972 0 0.575778 0.587159 16 16 255
-0.61875 16.7634 37.6055 -2.0732 -0.0927042 4.2 0 -0.952942 0.104834 21 21 255
33.7375 7.43687 18.7984 0.151489 0 -0.9 1 0.285633 -0.73673 255 16 16
47.6003 12.8977 51.041 -0.311729 0 -3.5 0 0.556053 0.310613 10 10 255
39.6635 -8.7285 38.8092 0.277793 0 -0.7 0 0.898766 -0.37613 92 92 255
47.3039 -4.10875 24.3971 0.0427396 0 -3.5 0 -0.511681 -0.139592 119 119 255
49.2578 17.7763 27.4412 0.336991 0.169119 -3.5 1 0.256295 0.927932 255 24 24
10.0355 3.687 17.4722 -0.0543984 0 4.5 0 0.47733 -0.589022 149 149 255
24.0142 19.274 45.5635 -1.40053 -0.0239949 -3.5 0 0.072275 0.994933 23 23 255
39.1082 -3.672 28.8808 -0.45941 -0.177005 0.436704 0 -0.650813 -0.682634 11 11 255
45.7892 21.8449 32.5228 -1.14741 -0.781303 -1.3 1 0.560023 0.827565 255 109 109
32.9055 15.2135 30.1232 0.0467994 0 3.8 1 0.655287 0.544746 255 52 52
10.3511 0.5385 21.7138 0.0681246 0 -3.5 0 -0.14517 -0.852804 109 109 255
30.0911 26.6736 25.687 -0.134738 0 3.8 0 0.226783 0.806758 255 83 83
24.7437 -7.59312 41.5496 0.153669 0 -3.5 0 -0.400503 -0.897825 13 13 255
44.1665 14.3155 44.8882 -0.778538 -0.577615 -3.14302 0 -0.612993 0.671802 255 140 140
5.66113 11.7253 42.2863 -0.767911 -0.310224 -3.5 0 0.177549 0.259035 9 9 255
29.2501 9.90025 57.288 -0.705283 0 -3.5 0 -0.748989 0.0100179 29 29 255
25.8629 16.607 53.4695 -0.391078 0 -3.5 0 -0.121671 0.644939 14 14 254
-6.34387 15.5384 29.4114 -0.239605 0 -4.5 0 -0.610368 -0.0776739 2 2 255
6.1995 29.6493 21.1278 1.60087 0 -3.9 0 -0.339147 0.876831 78 78 254
16.4535 1.068 39.1921 -0.483793 0 4.2 0 -0.18736 -0.788824 30 30 255
1.14925 24.3471 37.6779 0.776226 0.000959593 -2.94593 0 0.913636 0.334485 44 44 255
18.9635 7.4745 31.8232 1.63333 -0.427861 -1.96261 0 0.678804 0.608856 9 9 255
28.9457 26.8566 23.471 -0.227032 0 3.8 0 -0.384256 0.812828 255 177 177
21.735 10.1278 27.6777 -0.533315 -0.0791719 -3.5 0 0.348467 0.210274 45 45 255
28.4986 -3.73675 39.745 -0.57176 0 4.5 0 0.241794 -0.952933 5 5 255
51.913 6.69812 16.3199 -0.177527 0 -3.5 0 0.567245 0.011105 28 28 255
37.739 -1.88025 30.2999 -0.210112 -0.00947692 4.5 0 -0.631647 -0.766626 4 4 255
13.1742 18.8489 51.4045 -0.0544583 0 3.8 0 0.233153 0.550859 105 105 255
50.4475 2.811 21.6265 0.00947523 -0.466702 0.642576 0 0.769688 -0.144712 25 25 255
28.218 18.4748 16.2785 -0.739538 -0.901501 4.5 1 0.625067 0.136469 255 30 30
-0.912 2.56 23.3455 0.031915 0 4.5 0 -0.105094 -0.969949 8 8 255
0.8775 11.6458 21.51 0.0728503 0 -3.9 0 0.503662 0.101262 1 1 255
11.2537 3.3645 59.0332 -1.89255 0 4.5 0 -0.93844 -0.0574952 81 81 254
24.7493 16.0459 33.0573 0.271302 0 -0.8 0 0.85801 0.257527 255 226 226
47.456 15.5218 16.8727 0.39534 0 -3.2 0 0.382471 0.569257 255 80 80
21.2482 13.8259 35.0895 0.78768 0.0362176 -0.8 0 0.754672 0.400414 73 73 255
1.382 20.3525 23.0497 -1.20318 -0.713317 3.8 0 -0.755427 0.655074 9 9 255
39.7897 -4.5615 31.1731 0.0434707 0 2.56079 0 -0.858032 -0.510449 8 8 255
10.6173 18.6292 47.5272 -0.132229 0 3.8 0 -0.94655 0.128145 23 23 255
15.274 31.36 34.105 0.0556488 0 -0.4 0 -0.283173 0.884832 22 22 255
32.4897 2.4465 18.224 0.386142 0 -4.5 0 0.962631 0.00680677 255 129 129
3.593 0.96775 41.993 -1.90119 -0.0513117 -3.5 0 -0.947163 0.0792983 201 201 255
13.1912 7.95425 50.2723 0.722583 0 -3.9 0 0.554917 0.70069 118 118 255
42.205 -3.20575 17.538 0.30016 0.00178837 -4.5 0 0.0161365 -0.675742 236 236 255
-4.10475 12.1772 25.4153 -1.37833 -0.0073788 -3.5 0 -0.623919 0.781403 1 1 255
16.239 -0.96125 31.192 -0.784057 0 -3.5 0 -0.555355 -0.760414 217 217 255
35.9946 -7.84438 50.1188 0.577282 0.0224639 -3.5 0 -0.560936 -0.821757 46 46 255
16.4237 9.79187 16.8652 -0.174978 0.448868 -3.2 0 0.235637 0.292946 200 200 255
19.2356 -1.78313 30.7686 -0.736772 -0.08604 -3.68117 0 0.164261 -0.764537 75 75 255
39.3008 11.1344 37.6954 -0.0371795 0 4.5 1 0.112121 0.982558 255 4 4
19.5979 1.228 46.9981 -0.131938 0 0.0168169 0 0.0300229 -0.939618 1 1 255
0.828438 28.2357 30.6616 -0.112558 0 3.8 0 -0.181166 0.975733 124 124 255
-1.064 14.0181 34.0705 -0.0763755 0.162837 -2.59916 0 -0.839548 0.537813 4 4 255
21.598 27.896 21.894 -1.39216 0 -3.5 0 0.167927 0.631157 94 94 255
46.9702 13.4484 15.6816 0.0394829 0 -3.2 0 0.354535 0.0180311 255 40 40
20.3065 28.0054 21.9879 -2.01576 -0.0242424 -3.5 0 -0.150101 0.644079 90 90 254
50.8675 11.584 18.886 0.208974 0 1.8 0 0.400968 0.486083 255 167 167
37.9772 -7.222 47.9495 -0.78937 -0.0453111 -3.5 0 0.224291 -0.831644 20 20 254
31.5212 14.525 48.1613 -0.376395 -0.280823 -1.19602 0 0.518226 0.442109 30 30 255
13.282 -1.11725 24.4176 -2.02118 -0.386364 -3.5 0 0.159442 -0.947222 53 53 255
45.2285 0.009375 36.6128 -0.125661 0 -2.34737 0 -0.534034 0.377582 124 124 255
1.53363 16.2105 41.9964 0.861448 0.440605 -4.5 0 -0.821483 0.342498 2 2 254
20.074 -0.19975 24.7922 0.258842 0 -3.9 0 0.258766 -0.722999 37 37 255
51.935 15.4214 22.6081 0.315096 0 -4.5 0 0.833524 0.543551 255 181 181
3.24463 20.6435 37.543 0.0998869 0 2.36539 0 0.00331647 0.630658 7 7 255
6.793 3.00875 46.7595 -0.125861 0 -0.7 0 -0.689398 0.512947 26 26 255
19.7995 29.868 34.2314 -1.10731 -0.668502 -3.2 0 -0.108332 0.274657 77 77 255
37.0055 13.116 34.9678 -1.5032 -0.762508 -3.5 1 0.0780315 0.99555 255 8 8
49.2879 17.9083 26.0264 0.472522 0.0288297 -3.5 1 0.0173185 0.970968 255 27 27
49.6107 17.3062 21.1528 0.676697 0 -4.5 1 0.311506 0.944061 255 51 51
16.2297 -0.10175 45.659 -1.95209 -0.0741026 -3.9 0 0.462045 -0.861846 19 19 255
7.189 22.707 16.146 -0.19465 0 -3.2 0 0.368599 0.650372 17 17 255
36.3185 20.7612 23.724 0.0506166 0 3.8 1 0.97573 -0.218925 255 7 7
10.2179 22.7491 41.8424 -0.228324 0 -3.58255 0 0.323824 0.63325 2 2 255
29.5244 12.3155 32.9152 0.0216364 0 -1.3 1 -0.0419369 0.907029 255 105 105
30.0315 18.6069 43.7305 0.763754 0 -3.9 0 0.805951 0.364565 51 51 255
34.9856 4.24762 56.0414 -0.227155 0 -3.6808 0 0.511087 -0.28062 3 3 255
26.988 8.67037 11.4873 0.0976669 0 3.8 0 -0.133092 -0.503054 255 236 236
27.4371 4.61363 27.2391 0.726477 -0.173549 -3.57038 0 -0.296912 -0.736796 137 137 255
52.8636 14.2338 41.0151 0.231112 0 -3.9 0 0.429928 0.0828129 9 9 255
50.2775 -1.82288 23.1179 0.54512 0.129118 -3.5 0 -0.244713 -0.347896 21 21 255
50.6787 11.1333 35.9323 -0.0825631 0 -3.5 0 0.258972 -0.576631 255 171 171
-2.8055 12.391 34.8633 -0.0443792 0 -3.5 0 -0.485565 0.815785 6 6 255
47.2194 -0.703375 30.9132 -1.1543 -0.0234522 2.01555 0 -0.251734 -0.966932 94 94 254
13.0794 -0.373625 37.5197 -0.120023 0 3.85234 0 0.449735 -0.810699 110 110 255
44.1981 15.868 46.7004 -0.995387 0 -3.5 0 -0.130165 0.853503 255 222 222
57.1476 -0.024875 22.75 -2.02312 -0.398692 -3.5 0 0.896013 -0.243363 2 2 255
17.3345 23.5877 36.2445 0.205489 0 -1.3 0 0.259095 0.770977 107 107 255
43.2467 -5.94275 38.3997 -0.838066 -0.189094 -1.6 0 0.694438 -0.413501 33 33 255
9.74887 28.6999 29.8587 -2.4464 -0.0262723 -3.5 0 0.820515 0.545472 112 112 255
29.5693 -4.112 47.1956 -0.772762 0 -3.2 0 0.133479 -0.569349 9 9 255
14.9832 0.0855 38.648 -0.200643 0 4.2 0 0.29281 -0.927118 61 61 255
42.1582 12.262 44.1488 -0.397578 0 4.2 1 -0.313711 0.918211 255 42 42
18.6413 22.5572 35.8036 0.0362853 0 -1.3 0 0.836352 0.472674 119 119 255
29.4258 9.05025 26.775 0.895411 0 -1.88438 0 -0.473524 0.854554 255 247 247
14.1892 0.611875 26.2574 -0.8018 0.156691 -1.96867 0 0.445923 -0.846102 31 31 255
19.5993 29.2471 24.1933 0.729876 0 -3.74384 0 0.558827 0.657221 62 62 255
-0.354875 27.7062 31.6916 -0.123856 0 3.8 0 -0.637415 0.7097 138 138 255
30.969 7.23575 57.0612 -0.690272 0 -3.5 0 -0.655307 -0.62071 12 12 255
1.842 14.6765 22.4829 0.201166 0 -3.9 0 0.321341 -0.519666 1 1 255
13.6265 3.77063 63.2118 -0.422363 0 4.5 0 -0.179363 0.186736 25 25 255
11.3757 3.816 50.2863 0.0777516 0 -3.9 0 -0.727917 -0.676465 155 155 255
20.2011 15.9976 33.1317 0.82164 0.704286 -1.38582 0 -0.558424 0.301541 77 77 254
38.0746 16.3832 50.9268 2.73734 0 -0.4 0 -0.13939 0.932949 255 239 239
44.6502 0.374 47.588 -0.289127 -0.017778 -3.5 0 -0.0258746 -0.700858 10 10 254
22.8358 17.6318 15.6634 -2.38142 -0.255944 -3.5 0 -0.0895903 0.183997 255 213 213
17.8137 18.8469 14.7906 0.255746 0.771895 -3.46357 0 -0.183169 0.685632 12 12 255
30.1589 -3.183 27.3176 0.0918991 0 1.8 0 -0.239879 -0.69019 64 64 255
12.7489 4.56712 58.3236 -1.97356 -0.0497278 4.5 0 -0.0902404 0.59791 88 88 255
20.6378 21.0261 13.0042 -1.43475 -0.105343 -3.5 0 0.300861 -0.362643 53 53 254
10.1383 -6.41975 58.0604 -0.192984 0 3.8 0 -0.730064 -0.682497 170 170 255
39.054 -1.64775 51.7023 -1.22478 0 -3.5 0 0.612808 -0.106771 13 13 254
-4.00925 5.68075 31.9865 -0.07372 0 -0.9 0 -0.916475 -0.0571651 6 6 255
18.83 3.381 51.02 -1.01323 -0 -1.6 0 0.219974 -0.0662223 15 15 255
13.9382 8.0845 48.7434 0.240103 0 2.71247 0 0.589803 0.272786 124 124 255
20.4101 6.98575 32.0259 1.92421 0 -0.4 0 0.340203 0.851436 12 12 255
16.621 21.753 40.458 0.385727 0.574187 -3.5 0 0.591393 0.636436 72 72 255
-1.20475 -0.436125 26.8459 -0.0160917 0 -1.6 0 -0.730241 -0.463148 4 4 255
24.4167 9.26412 56.1456 -0.0909731 0.0807289 -3.5 0 0.508443 -0.40752 20 20 255
13.5997 -0.141125 31.609 -0.313075 0 1.13047 0 0.320705 -0.907578 165 165 255
23.3881 0.466875 49.2262 -0.278733 0 -3.14229 0 0.107389 -0.889251 2 2 255
49.1665 15.7358 47.7721 -1.78345 -0.180463 -3.5 0 0.846204 0.527639 10 10 255
31.0264 14.8141 31.9083 0.154889 0 3.8 1 0.116657 0.36619 255 62 62
17.0968 3.57475 53.968 -0.439512 0 -3.9 0 0.980228 -0.194327 43 43 255
-4.82975 5.70425 36.3191 2.44076 0.23733 -3.9 0 -0.908255 -0.353473 8 8 255
45.36 15.0595 16.2125 -0.176368 0 -3.2 0 -0.240297 0.635217 255 22 22
41.0856 12.2789 44.93 -0.729359 -0.414413 -0.310141 1 -0.0917425 0.921441 255 91 91
35.6344 -0.98825 21.927 0.0732936 -0.116284 -3.83559 0 -0.18158 -0.616028 223 223 255
15.9035 -0.31125 36.9227 -0.314036 0 4.2 0 0.189614 -0.980396 118 118 255
-1.87325 15.9776 26.3639 -1.58678 -0.634079 -3.5 0 -0.366779 0.843738 4 4 254
21.3585 6.82825 29.8043 1.64811 0 -0.4 0 0.424135 0.829798 30 30 255
36.474 14.1775 43.988 -0.618226 0 -1.3 1 0.7983 0.541514 255 80 80
41.5755 5.5655 53.8625 0.303344 0 -3.9 0 0.903568 -0.162212 0 0 255
49.2178 8.148 51.1942 -1.54071 -0.495982 -3.5 0 0.28598 -0.660443 1 1 255
24.3188 -1.285 51.0265 -1.91722 -0.104109 -3.5 0 0.538474 -0.58031 3 3 255
8.045 17.7553 46.1577 -0.357211 0 -3.5 0 0.329395 -0.502904 12 12 255
9.27175 29.0685 34.3387 0.197353 0 -3.9 0 -0.703134 0.471115 178 178 255
56.8815 8.04275 25.3533 -0.0130163 0 -1.6 0 0.74658 -0.602605 39 39 255
22.2127 17.6901 43.022 0.91972 0.822813 -3.5 0 -0.282989 0.697595 80 80 254
19.8525 -2.1685 36.0827 -0.632216 0 -3.5 0 -0.908202 0.125943 16 16 255
20.1949 17.9059 51.3858 0.0286673 0 -1.6 0 -0.233803 0.124613 4 4 255
49.3543 1.118 46.0186 -0.225901 0 -3.5 0 0.602968 -0.247517 20 20 255
11.7034 10.4694 48.7692 0.33111 0.0173541 -4.5 0 -0.617406 0.547208 170 170 255
-5.47062 10.4567 33.7072 -2.20772 -0.115573 -3.5 0 -0.510352 -0.0845879 13 13 255
33.0726 6.72525 19.7705 0.0529063 0 -0.9 1 0.57231 -0.694854 255 19 19
18.3594 24.4107 20.8134 -0.515424 0 4.2 0 0.0171776 0.705859 79 79 255
26.9613 16.3345 53.4053 -0.47737 0 -3.5 0 0.517724 0.370242 19 19 255
35.3747 14.3202 29.4947 -0.384763 -0.195384 3.8 1 0.253648 0.763947 255 40 40
2.2795 -4.25012 38.0197 -1.707 -0.453597 -3.5 0 -0.49574 -0.827769 84 84 255
14.4672 -0.6815 35.9839 -0.280154 0 4.2 0 0.47785 -0.848054 145 145 255
1.56512 -2.72275 38.2337 -1.07781 -0.873913 -3.5 0 -0.59989 -0.332893 66 66 255
32.174 -5.08675 25.258 -1.22883 -0.421145 -3.5 0 -0.807927 0.20856 21 21 255
46.6835 0.93675 43.7308 -2.09236 -0.141622 -3.5 0 0.928461 0.284057 33 33 255
4.74 -1.46512 42.3986 0.0595654 0.425349 -3.5 0 -0.684452 -0.439822 142 142 255
14.1263 13.2347 49.0744 0.220089 0 -4.5 0 -0.0955785 -0.110488 255 175 175
-5.48163 10.3575 23.1502 -1.63767 -0.217159 -3.5 0 -0.771642 0.439093 0 0 255
52.5825 -1.08138 21.9897 -0.0535553 0 -3.5 0 -0.284182 -0.496272 13 13 255
29.194 -4.04 37.5093 -0.336699 0 4.5 0 -0.312205 -0.790834 12 12 255
33.3505 -4.271 24.0631 -0.11198 0 -3.5 0 -0.479555 -0.143258 33 33 255
0.6035 0.338875 25.2525 0.131413 0 -1.6 0 -0.339406 -0.236947 3 3 255
50.065 16.0051 42.8037 -0.104695 0 -3.9 1 -0.0763117 0.980509 25 25 255
47.7627 6.5825 33.773 -0.00488126 0 1.60071 0 0.772074 -0.417331 255 205 205
22.7143 -4.18363 35.879 -0.458299 0 -3.5 0 -0.163693 -0.846987 15 15 255
26.9552 23.2463 19.1847 -0.211814 0 4.5 0 -0.0966426 0.978113 255 194 194
39.0325 -8.09813 40.3769 -0.0578954 -0.790624 -0.7 0 0.86254 -0.353294 193 193 255
3.37337 25.7541 25.0825 0.0992352 0 -3.9 0 -0.960619 -0.0317768 244 244 255
31.0214 -8.742 36.4383 0.0802676 0 -3.9 0 -0.240862 -0.955804 35 35 255
-1.1845 0.380875 29.7731 0.0658812 0 -1.6 0 -0.98077 -0.121814 20 20 255
28.1768 6.369 53.1205 -0.835114 -0.542325 3.95416 0 0.126556 -0.37947 5 5 255
29.9626 -4.82237 32.4501 0.27168 0 -3.49088 0 -0.0985405 -0.176534 5 5 255
29.3064 11.8822 39.7021 0.342895 0 1.10849 0 -0.328904 0.922064 137 137 255
29.4848 -0.73725 21.8143 0.85645 0 -3.9 0 -0.0557646 -0.726983 168 168 255
-3.00887 15.1281 25.5065 -1.228 -0.579903 -3.5 0 -0.7507 0.591221 2 2 255
13.2236 -6.424 57.255 -0.22147 0 3.8 0 0.738137 -0.599831 255 128 128
13.1579 20.6306 16.5 -0.230621 -0.0963611 -1.82397 0 0.144654 0.97811 88 88 255
-3.63925 21.533 35.6512 -0.951316 -0.107855 -3.71614 0 -0.842006 0.32238 73 73 255
50.504 6.18563 31.763 -0.18529 0 0.934546 0 0.471117 -0.569202 34 34 255
25.077 0.461 47.5325 0.188312 0.0261911 1.9 0 -0.116562 -0.920829 3 3 254
10.4721 8.83463 16.1502 -0.253302 0 -1.6 0 -0.247263 0.268812 137 137 255
25.6389 22.802 16.5761 -0.229409 0 4.5 0 -0.127836 0.931663 255 151 151
13.414 14.5255 13.2295 -0.570257 -0.502397 -3.5 0 -0.577247 -0.310485 16 16 255
19.8914 0.0035 22.0715 -1.67997 -0.430383 1.8 0 0.120542 -0.992297 41 41 254
44.8911 19.9995 30.4424 -0.342496 0 -1.3 1 -0.141573 0.46084 255 99 99
16.2394 1.94125 63.618 -0.262848 0 4.5 0 0.381328 0.22563 20 20 255
19.936 0.197875 37.0726 -0.939885 0 4.5 0 -0.815477 -0.565508 39 39 255
15.991 0.005 44.033 -0.730731 0 2.8 0 0.307465 -0.946817 19 19 255
6.62325 30.6793 26.7249 -0.254463 0 -0.4 0 -0.183205 0.957325 80 80 255
18.235 0.986875 46.0801 -0.176478 0 -0.624294 0 0.193788 -0.97816 3 3 255
27.5697 20.8459 16.4094 -0.068348 0 4.5 0 0.550804 0.161184 255 27 27
19.1835 1.40912 17.9748 0.201826 0 -3.5 0 -0.240106 -0.906724 67 67 255
40.7438 1.122 53.4981 1.76055 0.67993 -3.9 0 0.285576 -0.916409 0 0 255
42.5635 8.4285 56.9048 0.666227 0.786261 -1.3 0 0.742755 -0.409224 0 0 255
1.261 17.04 38.757 -0.0963097 0 4.2 0 -0.64351 0.307898 11 11 255
17.737 29.1749 22.5845 2.22586 0.288093 -3.9 0 0.0454268 0.18079 87 87 255
36.1102 -2.663 27.8878 -0.182364 -0.0924744 -1.51245 0 0.428367 -0.566493 11 11 255
3.857 27.8223 24.537 -0.0308424 0 -3.9 0 -0.907619 0.392162 200 200 255
-1.9215 13.4242 22.0315 1.0385 0 -3.9 0 -0.575885 0.164971 0 0 255
14.8774 29.0291 25.2805 0.608379 0 -3.9 0 -0.755445 0.654577 36 36 255
-2.111 21.0984 27.3994 0.00234395 0 -4.5 0 -0.589916 0.221561 39 39 255
13.9316 22.3083 41.9545 -0.457687 0 -3.5 0 0.785364 0.571141 15 15 255
21.4155 6.88 14.185 0.615475 0 1.9 0 -0.458971 -0.717832 255 254 254
41.8927 0.01825 37.8436 -0.209153 0 4.5 0 0.925043 0.318698 107 107 255
3.6635 11.8995 16.6595 -1.73213 -0.125017 -3.5 0 -0.792903 -0.489883 17 17 255
11.4303 -0.004 47.8927 -1.45119 0 -0.7 0 0.0062136 -0.270141 132 132 255
27.581 13.796 54.124 -1.68299 0 -3.5 0 0.514444 0.177251 43 43 255
6.56175 0.80825 47.1511 -0.183011 0 -0.7 0 -0.552337 -0.319846 42 42 255
21.0271 21.8294 33.8755 0.230248 0 -3.68798 0 0.0434765 0.577588 221 221 255
14.3235 19.2685 46.5605 0.602447 0 3.8 0 0.770868 0.620626 21 21 255
26.7654 22.2684 30.3591 0.0990626 0 -3.5754 1 0.527001 0.176446 255 13 13
18.6659 3.14762 62.2876 -0.288377 0 4.5 0 0.742501 0.325724 10 10 255
15.9145 12.7765 11.453 0.473578 0.787591 -3.5 0 0.0321394 -0.993811 157 157 255
21.478 -3.59725 35.4404 -0.476469 0 -3.5 0 -0.204326 -0.595849 11 11 255
43.3913 -2.2755 19.4855 0.160034 0 -4.5 0 0.950204 -0.236483 188 188 255
49.1415 6.80762 23.1254 0.0661494 0 -1.6 0 0.995592 -0.0127114 101 101 255
-4.019 19.3486 30.6834 0.270093 0 -4.5 0 -0.867576 0.421195 20 20 255
22.3869 1.73388 31.3888 -0.00107187 0 3.42971 0 -0.0120852 -0.931469 99 99 255
47.3283 6.37875 49.3314 -0.385707 0 4.2 0 0.794028 -0.461849 2 2 254
7.5245 0.2385 23.8153 -0.309642 -0.285389 3.70721 0 0.464843 -0.857714 103 103 254
22.4465 14.0433 26.6825 -0.0912819 -0.356856 -0.4 0 0.584588 -0.619249 238 238 255
13.5585 19.612 49.0822 0.0467078 0 3.8 0 0.353508 0.873455 15 15 255
39.9819 -6.293 46.6291 0.439388 -0.062481 -3.82529 0 0.295684 -0.92698 15 15 255
18.5561 6.18888 55.0257 0.310134 0 -3.5 0 -0.446143 -0.396128 37 37 255
23.2376 12.1248 25.9708 -0.0466902 0.0349443 -3.65891 0 0.407139 0.0468735 241 241 255
43.0036 18.0904 28.1815 -2.35359 -0.357848 -1.3 1 -0.264347 0.931451 255 31 31
0.81125 18.6108 38.1355 0.184315 0 4.2 0 -0.47611 0.0362229 13 13 255
20.4475 4.64 53.663 -1.09072 0 -3.5 0 -0.395356 -0.880678 35 35 255
12.5227 10.6745 49.4715 0.42445 0.00122696 -4.5 0 -0.395542 0.267427 255 240 240
5.53925 12.4946 14.872 -1.73562 -0.0406282 -3.5 0 0.144387 -0.0408292 25 25 255
43.3923 8.94625 34.4614 -0.779546 -0.790237 -1.99442 1 -0.670131 0.61329 255 0 0
40.8628 -2.9175 22.5068 0.180961 0 -4.5 0 0.553533 -0.732914 149 149 255
23.8374 14.7102 13.9535 0.298125 0.522304 -4.5 0 0.324014 0.265371 255 196 196
11.1026 5.97237 52.5594 1.77225 0 -3.9 0 -0.555457 0.109276 100 100 255
47.7974 17.6249 27.1076 0.369346 0.535971 -3.5 1 -0.124708 0.98399 255 23 23
32.851 -7.13975 33.4497 0.429436 0 -3.9 0 0.544155 -0.646376 9 9 255
27.895 30.3197 31.4889 -0.444223 0 -3.5 0 0.864135 0.381171 255 142 142
51.244 13.1794 44.8564 0.264712 0 -3.9 0 0.377182 0.285152 8 8 255
29.9013 -5.54325 42.4762 0.0497044 0.504579 -3.2 0 0.112859 -0.716241 5 5 255
15.9237 26.792 34.7088 -0.0632466 -0.212485 0.2229 0 0.0867409 -0.315661 48 48 255
6.09237 -0.789125 43.1382 -0.299105 0 -3.5 0 -0.171697 -0.705691 72 72 254
37.405 -9.96275 43.431 -2.34977 -0.255483 -3.5 0 0.701348 -0.388326 235 235 255
9.24887 21.6174 12.3791 0.366096 0 -3.2 0 0.262255 0.269557 44 44 255
38.2184 -5.13888 34.4111 -0.352967 -0.234674 4.45994 0 -0.00120375 -0.815516 16 16 255
13.0469 20.775 14.8507 -1.71797 -0.0701671 -3.5 0 0.39152 0.894762 71 71 255
46.7224 6.37075 37.8156 0.0400483 0.380735 -0.269534 0 0.958538 0.220565 255 147 147
22.2043 4.37925 22.8875 -1.31069 -0.224957 2.64953 0 0.117835 -0.837134 63 63 255
40.4905 12.8501 31.2856 0.0935437 0 -0.4 1 -0.11888 0.675821 255 8 8
49.1063 3.72825 47.2375 -1.77915 -0.869405 -3.5 0 0.864629 0.477707 6 6 255
33.0115 16.536 28.2885 0.584145 0.0405289 3.8 1 0.552982 0.672843 255 16 16
1.96975 9.615 44.3391 0.651529 0 -3.9 0 -0.936931 0.318966 4 4 255
27.5142 24.8213 22.5729 -0.240853 0 3.8 0 -0.614319 0.451301 255 142 142
5.40863 1.35425 20.5356 0.168356 0 -3.9 0 0.395114 -0.581527 83 83 255
15.2405 14.5895 8.48625 0.31264 0.356389 -3.5 0 -0.711116 0.243487 33 33 255
28.437 17.0001 24.4079 1.62263 0.0688326 1.8 0 0.261782 -0.956777 255 22 22
30.729 4.45713 55.6029 -0.909681 0 -3.5 0 -0.798235 0.294791 3 3 254
-3.31512 11.704 27.5281 -1.69201 -0.00348026 -3.5 0 -0.688908 -0.105738 1 1 255
46.6546 11.2638 37.5947 -0.208108 0 4.5 0 0.429019 -0.861631 255 47 47
33.2062 17.1259 26.9955 0.901121 0.0249244 3.8 1 0.787067 0.477283 255 9 9
43.1405 14.797 38.3401 -0.132047 0 4.5 1 -0.838306 0.531674 255 34 34
34.7241 11.7554 52.2715 -0.827658 -0.867729 -3.5 0 -0.29546 0.846573 12 12 255
32.0329 12.0376 54.3049 -1.93648 -0.310083 -3.5 0 0.00512474 0.999297 19 19 254
28.0903 12.6987 53.6594 -1.76236 -0.205202 -3.5 0 0.737122 0.290145 37 37 255
24.6315 33.185 27.7652 -1.70571 -0.164984 -3.5 0 -0.0270967 0.801062 200 200 255
7.455 17.2356 14.2483 0.909443 0.462403 -0.768016 0 -0.397356 -0.114899 10 10 255
28.791 2.80375 49.5913 -0.53951 0 3.94513 0 -0.62805 -0.632265 8 8 255
13.7928 6.94975 15.4023 0.0689575 0 -1.6 0 0.581189 -0.225898 255 239 239
26.5735 -0.68125 30.7693 0.272245 0 -4.5 0 -0.697381 -0.565709 58 58 255
-2.4665 3.60413 32.3066 -0.464907 0 -0.9 0 -0.32039 -0.582478 5 5 255
22.9691 26.1226 21.6283 -2.20202 -0.352145 -3.5 0 0.472576 -0.0477273 108 108 255
42.596 12.306 40.123 -0.221142 0 4.5 1 -0.71299 0.695887 255 34 34
53.4355 9.6645 22.6105 -0.244718 0 -1.6 0 0.629067 -0.420774 112 112 255
8.71288 -2.97213 29.4001 -0.133303 0.348231 -3.5 0 0.109378 -0.0524227 26 26 255
15.4285 30.611 27.584 0.0913843 0 -3.9 0 -0.951361 0.183755 11 11 255
-5.478 11.2984 24.5956 -2.97248 -0.252291 -3.5 0 -0.809393 0.587089 1 1 255
44.342 22.1269 32.7259 0.18624 -0.132357 -1.3 1 -0.172121 0.984365 255 92 92
6.6785 19.634 47.9961 -1.66606 -0.0873103 -3.5 0 0.581921 0.2351 7 7 255
-1.04825 -6.67287 33.705 0.422042 0.709481 -3.5 0 0.0614441 -0.961587 8 8 255
43.1436 16.0518 51.2125 -1.09704 -0.490824 -3.5 0 -0.643744 0.742208 77 77 255
23.0155 12.3352 38.6118 1.07574 0 -0.7 0 0.569428 -0.020881 210 210 255
24.1222 14.552 39.9622 0.744833 0 -0.7 0 0.679605 0.716904 158 158 255
4.25875 1.33625 19.8735 0.559981 0 -3.9 0 0.520327 -0.589537 110 110 255
-0.047 14.52 37.7282 -0.167942 0 -0.4 0 -0.748367 0.160938 18 18 255
33.2649 19.5361 22.4551 0.221986 0 3.8 1 -0.0996665 -0.379726 255 6 6
56.086 1.62275 24.1187 -1.40265 -0.07203 -3.5 0 0.155143 0.751562 11 11 255
45.1804 21.0475 33.9053 0.125439 0 -1.3 1 0.432619 0.351456 255 69 69
18.1975 -2.514 27.5011 1.40697 0.102889 -3.9 0 -0.612048 -0.745797 35 35 255
12.3442 23.3181 46.5679 -0.200092 0 -3.5 0 0.224392 0.228993 2 2 255
12.2198 -2.0845 43.1769 0.121126 0.0342111 -3.9 0 0.231905 -0.805368 60 60 255
43.1734 13.1818 53.8175 0.115838 0 -3.9 0 -0.906415 0.393879 23 23 255
18.9548 0.81875 34.9395 -0.726943 0 4.5 0 -0.0854835 -0.99634 122 122 255
6.76988 26.9481 19.5783 0.441073 0 -3.9 0 0.149566 -0.314354 52 52 255
11.8979 24.6489 21.7847 -0.340591 -0.210428 1.02253 0 -0.371443 0.619362 128 128 255
24.975 17.6621 24.7151 0.427718 0 0.205143 0 -0.117888 0.491683 255 54 54
41.5573 -4.17238 19.3321 1.32256 0.206651 -4.5 0 0.071932 -0.99661 122 122 255
48.1479 0.367125 28.6949 -0.626737 -0.756783 4.2 0 -0.767648 -0.108601 76 76 254
4.67163 19.991 17.939 -0.0871665 -0.311079 -3.2 0 -0.314146 0.947946 8 8 255
0.57975 19.1451 33.2049 -0.748211 -0.788228 -3.9 0 -0.448478 -0.844207 25 25 255
41.678 -1.8705 24.179 -0.553642 -0.466367 -4.5 0 0.544128 -0.819908 165 165 255
28.1669 8.35338 55.0667 -0.462038 0 -3.5 0 -0.350037 -0.589241 36 36 255
31.3757 -4.653 40.3092 -0.503541 0 -3.70949 0 -0.807717 -0.571002 11 11 255
29.6618 24.4802 20.9713 -0.122459 0 3.8 0 0.11214 0.195832 255 61 61
56.8955 -1.67237 23.5853 -2.16095 -0.675942 -3.5 0 0.882316 -0.470534 2 2 255
-6.1485 17.3345 30.9842 0.408381 0.301728 -4.5 0 -0.556994 0.689623 6 6 255
-3.34225 9.21937 28.121 0.338484 0 -1.17386 0 -0.560366 0.299882 2 2 255
33.2407 11.4634 19.316 -0.0643669 0 -0.9 0 0.594397 0.803949 255 214 214
-5.3385 11.8745 35.2458 -2.20169 -0.485115 -3.5 0 -0.472375 0.810824 7 7 255
30.4204 2.5175 57.9642 -2.23337 -0.382627 -3.5 0 -0.697156 0.348048 5 5 255
5.13812 11.2022 16.9105 -1.49105 -0.109044 -3.5 0 -0.23088 -0.932807 26 26 255
10.661 23.73 21.666 -0.15133 0 2.8 0 -0.491454 0.762032 156 156 255
30.1734 12.4222 48.9715 0.117099 0 3.38484 0 0.446208 0.547232 9 9 255
13.465 10.9688 13.8075 0.640771 0.558651 -0.7 0 -0.237184 -0.673867 35 35 255
4.3545 -4.86225 35.9429 -0.322223 0 -3.5 0 -0.119282 -0.992473 68 68 255
6.48125 26.462 41.7435 0.867172 0 -3.9 0 -0.559414 0.508647 1 1 255
9.80175 1.0615 61.1065 -0.122461 0 -3.2 0 -0.984642 0.174553 94 94 255
28.1375 14.6892 29.8643 0.423667 0 3.8 0 -0.731345 0.256207 255 101 101
36.8475 13.4765 53.1695 1.19162 0 -0.4 0 -0.695847 0.148955 16 16 255
23.8503 24.447 24.2519 -0.523766 0 1.8 0 0.539017 0.174763 215 215 255
55.0657 -3.22425 29.6703 -0.105973 0 -0.7 0 0.700644 -0.12583 7 7 255
19.2576 -3.1475 29.1315 2.9124 0.237873 -3.9 0 0.0592285 -0.974697 68 68 255
-3.46575 12.9983 27.72 -1.59511 0 -3.5 0 -0.932996 -0.240334 1 1 255
29.7035 11.0565 50.8985 0.0414757 0 3.8 0 0.577922 0.658926 21 21 255
15.3716 15.9347 48.7233 0.140938 0 3.8 0 0.319325 -0.198982 203 203 255
55.2434 -0.472125 27.6304 0.916189 0.425654 -0.7 0 0.796706 0.599237 12 12 255
2.6875 27.8361 29.023 -0.0618703 0 3.8 0 0.104431 0.904766 107 107 255
27.7706 21.3044 44.4274 2.08344 0.890036 -3.9 0 -0.15016 0.935987 30 30 255
5.695 4.172 45.2665 -1.22425 0 -3.9 0 -0.604042 -0.168281 22 22 255
21.0306 5.79612 34.8546 2.32777 0.0749081 4.5 0 0.205671 0.930644 53 53 255
21.3296 -0.0625 25.3101 0.285729 0 -3.9 0 0.664411 -0.355246 80 80 255
1.914 16.6221 33.3812 -0.577887 -0.387632 -3.70732 0 -0.907181 0.196134 6 6 255
8.69512 -0.659375 42.1524 -0.0931568 -0.398073 -2.20749 0 -0.125287 -0.93197 61 61 255
1.2565 11.8507 42.006 0.395575 0 -4.5 0 -0.704969 -0.0918037 2 2 255
27.5282 9.23775 29.0098 1.27514 0.0435978 -3.755 0 -0.279109 0.622354 255 193 193
19.5462 19.0475 33.4415 1.00742 0 -3.85497 0 -0.0285184 -0.851562 208 208 255
46.5016 14.809 40.3639 0.377447 0 0.239952 0 -0.390832 0.841265 255 205 205
28.327 -0.450625 53.6526 -0.458376 0 -3.2 0 -0.620161 0.633088 4 4 255
48.137 9.63363 34.4641 -0.240851 0 -0.7 0 0.00433033 -0.121167 255 45 45
17.7776 2.59763 17.0129 0.849034 0.479895 -3.5 0 -0.540895 -0.695864 78 78 255
49.6387 16.0414 37.0045 -1.67942 -0.457621 4.5 0 0.557057 0.79514 255 144 144
38.2776 4.103 55.9104 0.0253071 0 -3.9 0 -0.173037 -0.167671 1 1 254
19.4045 13.8785 12.7236 0.239961 0 -3.74566 0 0.463269 -0.547925 146 146 255
-2.57262 5.0565 26.3154 -1.42573 0 2.21977 0 -0.675228 -0.737527 0 0 255
10.7188 24.0742 36.2306 0.286383 0 4.2 0 -0.0250411 0.792528 15 15 255
18.7033 -0.27025 32.637 -1.85487 -0.0563611 -3.5 0 0.482306 -0.700708 122 122 255
45.5209 13.9314 42.3455 -0.0120298 0 4.2 0 -0.49968 0.847316 255 219 219
10.177 -0.946125 44.6115 -0.441889 -0.991231 -0.7 0 0.0110843 -0.99849 52 52 255
31.245 26.1518 25.4387 -0.0873646 0 3.8 1 0.683983 0.470549 255 25 25
43.151 14.2922 21.0023 0.264854 0 2.8 1 -0.50682 0.692352 255 6 6
17.9282 14.6516 8.97287 -0.575351 -0.0821334 -3.5 0 0.469458 -0.321161 32 32 255
43.4371 14.1914 54.0522 -0.0755895 0 -3.9 0 -0.839356 0.473347 26 26 255
45.6092 10.4587 36.4675 -0.291165 0 4.2 0 0.987005 -0.145756 255 27 27
2.17375 1.86287 24.7563 0.256329 0 1.24886 0 -0.618317 -0.472596 27 27 255
35.6275 -9.9665 38.3095 -0.166125 0 -0.7 0 -0.662136 -0.554944 28 28 255
45.7316 16.9956 47.4173 -0.176749 0 -3.5 0 -0.170913 0.851869 205 205 255
21.89 11.7719 14.7964 1.02816 0 -4.5 0 0.332083 -0.215253 255 248 248
53.2539 -5.01388 28.2411 -0.0771054 0 -0.7 0 -0.146029 -0.971726 8 8 255
16.3549 8.66425 53.1827 1.13749 0.825996 -3.5 0 -0.764616 0.560535 43 43 255
14.3539 10.8372 49.612 0.956827 0.195614 -4.5 0 -0.0634789 0.0299944 255 239 239
28.3561 10.2446 22.8119 0.900833 0 2.43436 0 -0.128224 0.591026 109 109 255
-4.47275 4.87512 36.8651 2.23261 0.768767 -3.9 0 -0.670368 -0.736583 4 4 255
21.6926 10.0098 35.5844 2.26425 0.667665 -0.7 0 0.765525 -0.0692501 81 81 255
11.6935 26.79 35.261 0.684194 0 -3.9 0 0.220553 -0.380972 46 46 255
26.7445 9.1925 24.015 0.117733 0 2.5 0 0.21812 0.744 180 180 255
9.27125 17.4856 45.5774 -0.661884 -0.232529 3.45525 0 -0.179516 -0.626404 20 20 255
3.15875 0.749 22.4153 0.299678 0 -3.9 0 -0.299761 -0.905998 82 82 255
16.7808 24.96 21.0828 -1.70621 -0.0455101 2.8 0 -0.166586 0.715967 78 78 254
34.9139 12.595 46.6466 0.114072 0.204092 -0.78272 0 0.350193 0.638734 255 147 147
49.4625 -0.76375 33.7972 -0.0837939 0 -3.9 0 0.300788 -0.95131 122 122 255
35.3535 0.61425 20.4802 -1.5121 -0.271109 -3.9 0 0.0487062 -0.142764 255 108 108
24.9315 20.6677 33.1916 0.685016 0 -3.9 0 0.75787 -0.274905 255 134 134
14.7816 12.1545 13.6201 0.409938 0.0121151 -0.7 0 0.512982 -0.656844 63 63 255
20.0254 22.573 33.434 -1.01625 0 -1.3 0 0.503358 0.811106 193 193 255
9.43675 -2.769 58.2031 -0.903512 -0.590442 3.8 0 -0.961244 -0.127152 185 185 255
13.9462 1.32562 20.0173 -0.034461 0 -1.6 0 -0.169669 -0.920206 44 44 255
47.5252 12.6509 54.7806 0.951278 0.483011 -3.9 0 0.953477 -0.223626 1 1 255
14.9336 6.853 17.5938 0.0360299 0 -2.29187 0 0.298153 -0.369502 194 194 255
19.2141 8.27512 34.4383 1.98955 0.200599 -0.708177 0 0.747191 -0.171811 41 41 255
51.309 5.073 30.46 -0.943299 -0.402125 -0.454935 0 0.757396 -0.158558 36 36 255
45.2659 17.9539 51.7809 -0.40149 0 -3.5 0 -0.182008 0.837159 92 92 255
54.2734 10.3579 23.0369 0.177844 0 -1.6 0 0.400823 0.117509 140 140 255
12.2893 -1.29862 45.8626 -0.594888 0 -3.9 0 0.197559 -0.963023 71 71 254
14.3267 22.0579 39.0144 -0.68394 -0.0576493 1.07073 0 0.421079 0.871695 19 19 255
-5.41475 18.1815 30.094 1.23791 0.765634 -4.5 0 -0.711349 0.702799 8 8 255
5.836 -0.97975 27.563 0.0480625 0 4.2 0 -0.109043 -0.993881 9 9 255
4.30225 -2.954 31.7455 -0.343612 0 -3.5 0 -0.310122 -0.54914 14 14 255
48.0233 -6.01487 28.4683 0.148337 0 -3.5 0 0.225313 -0.340756 54 54 255
39.1533 8.39538 56.0154 -0.580346 0 -1.3 0 -0.435437 -0.541401 1 1 255
11.8383 18.7474 51.1009 -0.0933594 0 3.8 0 -0.433154 0.668666 70 70 254
45.266 10.6388 56.1826 0.103861 0 -3.9 0 0.135112 -0.61841 2 2 255
41.967 4.094 54.5856 0.478116 0 -3.9 0 0.924124 -0.0553251 0 0 255
17.08 16.8754 9.36413 -1.51907 0 -3.5 0 -0.128204 0.848834 3 3 255
21.1219 22.6593 13.3841 -2.09765 -0.390035 -3.5 0 0.0908106 0.576974 117 117 255
8.14275 25.1357 40.7868 0.378551 0 -3.9 0 0.343293 0.282889 1 1 255
8.84713 -3.40237 56.8961 -0.261965 0 3.8 0 -0.980239 0.130778 157 157 255
8.92962 -5.147 56.666 -0.208708 0 3.8 0 -0.832615 -0.552238 105 105 255
5.54262 17.2674 46.5798 -1.54639 -0.735532 -3.5 0 -0.240542 -0.948631 20 20 255
21.6213 14.5475 13.4145 0.917497 0 -4.5 0 0.191113 0.393768 229 229 255
17.1922 -1.29275 62.3726 -0.408133 0.61897 -3.2 0 0.935657 -0.34685 37 37 254
17.3434 0.77625 23.2114 0.563427 0.339637 1.8 0 -0.294121 -0.912066 26 26 255
17.9088 25.8085 22.225 -0.941868 -0.373494 1.91587 0 -0.0790484 0.55163 94 94 255
4.993 7.21525 18.1459 -0.157338 0 4.5 0 -0.52514 0.812693 64 64 255
30.3662 5.902 53.8535 -1.1213 0 4.2 0 -0.856276 -0.0960431 2 2 255
23.9869 0.279875 32.7253 0.074609 0 2.32082 0 -0.269422 -0.763986 37 37 255
49.7555 12.9323 46.195 -0.280827 0 -3.5 0 0.920254 0.206085 12 12 255
43.4305 -2.83962 17.9559 0.787939 0.858044 -4.5 0 0.825992 -0.363253 236 236 255
53.751 17.5446 32.7374 1.21953 0 -3.9 0 0.235744 0.0376073 255 149 149
24.6071 14.6071 33.1966 0.60288 0 -0.8 0 0.790504 -0.374916 173 173 255
40.799 10.1114 57.4512 -1.34025 -0.676586 -1.3 0 -0.0511462 0.574498 1 1 255
45.6825 19.901 33.5405 -0.509537 0 -1.3 1 0.31533 -0.122939 255 46 46
38.4874 -6.53212 46.6285 -0.652403 0 -3.52544 0 -0.0455346 -0.998293 26 26 255
6.516 -1.2875 28.4276 -0.357778 -0.0178924 3.82791 0 -0.183964 -0.92105 12 12 255
25.7486 -3.70425 44.0103 -0.323677 0 2.08946 0 -0.837809 -0.303384 2 2 255
20.022 0.81225 52.6587 -0.494102 0 -3.5 0 -0.730967 -0.55325 8 8 255
27.5338 -0.80725 52.7812 -0.533362 0 -3.2 0 -0.973355 0.102934 5 5 255
7.24038 16.8127 44.8606 -0.120194 0 -3.5 0 0.074699 -0.926236 15 15 255
40.496 9.8335 35.0695 0.16943 0.686506 -3.5 1 0.961778 0.212745 255 0 0
12.022 11.2305 16.306 -0.000606947 0 -0.7 0 -0.63836 -0.246039 39 39 255
31.9517 11.3781 43.6699 -0.969775 0 -1.3 0 -0.363709 0.897141 255 254 254
49.161 14.6205 45.3125 -0.354737 -0.227565 -3.63575 0 0.676478 0.735032 25 25 255
19.249 1.164 51.8705 -0.416537 0 -2.51078 0 -0.621164 -0.201696 10 10 254
15.2161 7.07325 52.5952 0.199218 0 -3.81823 0 -0.312375 0.932483 71 71 255
0.028 18.527 22.388 0.0199754 0 -3.9 0 -0.914189 0.335119 6 6 255
36.8709 12.6676 46.1368 -0.31901 0 -1.3 0 0.198746 0.734212 255 86 86
-3.00031 4.68525 36.4134 3.12251 0 -3.9 0 -0.29241 -0.955061 6 6 255
12.7406 7.65137 51.3843 2.1713 0 -3.9 0 0.302411 0.914291 103 103 255
9.89634 21.1822 18.1648 -0.548849 0 -0.7 0 -0.358364 0.920907 59 59 255
36.9417 -0.458 52.664 -0.398263 0 -3.5 0 0.274481 0.0493318 6 6 255
16.9517 6.73094 52.2988 0.728282 0 -3.5 0 -0.635668 0.269995 100 100 255
54.1503 -0.591062 29.499 -0.277755 0 -0.7 0 0.63248 0.628174 13 13 255
48.225 17.3645 18.8657 0.512353 0 -4.5 0 0.191535 0.818878 255 87 87
31.4275 13.0185 39.3225 -0.0677695 0 -1.3 0 -0.380647 0.924704 161 161 255
27.3561 -4.2435 39.1528 -0.437895 0 -3.5 0 0.71624 -0.676832 5 5 255
5.04012 -3.77381 31.9834 -0.0374421 0 -3.5 0 -0.539555 -0.559488 21 21 255
13.6244 2.00719 63.2376 -0.314161 0 3.26014 0 -0.140632 0.25531 29 29 255
26.2138 13.4043 25.1883 1.13131 0.911782 -4.5 0 0.646216 -0.442787 255 247 247
19.138 15.378 11.659 0.154495 0 -3.5 0 0.914353 0.206398 62 62 255
37.5295 12.2267 49.8247 0.57151 0 -1.09942 0 -0.514441 0.65049 87 87 255
6.27531 -3.84419 39.5828 -0.698403 0 -3.5 0 -0.272587 -0.608986 87 87 255
27.714 2.22575 19.8591 0.279752 0.0716671 -4.5 0 -0.648524 -0.533042 83 83 255
24.8761 21.4307 19.0985 -0.221202 0 -2.31985 0 -0.335781 0.77889 255 131 131
24.5452 2.98425 24.0619 0.178507 0 -3.5 0 -0.625362 -0.655671 117 117 255
33.6073 10.0715 57.3273 -1.03608 0 -3.5 0 0.639796 0.740582 2 2 255
16.3569 21.9697 38.4143 0.0653042 0 -1.3 0 -0.0525482 0.931977 102 102 255
6.33906 26.8022 42.8365 1.37595 0 -3.9 0 -0.759656 0.647855 1 1 255
47.0971 5.67331 41.9848 -0.187397 0.0438083 -2.78569 0 0.676215 -0.230643 70 70 255
-0.304 17.8963 21.0974 0.0763575 0 -3.9 0 -0.979164 0.155218 5 5 255
53.0523 12.4121 44.9937 1.17219 0 -3.9 0 -0.0552218 -0.250673 2 2 255
50.0833 -5.06881 27.417 0.0961157 0.112221 -3.5 0 0.63882 -0.643036 42 42 255
48.463 3.297 37.8262 1.10408 0 -3.9 0 0.462162 0.864284 50 50 254
23.7383 13.5408 38.7331 0.953758 0 -0.7 0 0.740464 -0.0141918 165 165 255
32.7904 -8.24788 43.9799 -0.219673 0 -3.5 0 -0.766497 -0.112913 163 163 255
39.6866 5.09513 55.6548 0.662269 0 -3.9 0 0.162273 0.389499 0 0 255
49.7366 11.9289 47.2368 -0.140294 0 -3.5 0 0.994642 -0.10117 8 8 255
41.5446 2.8585 53.1749 2.27331 0 -3.9 0 0.946294 -0.310868 0 0 255
4.638 2.85025 19.2467 0.392396 0 -3.9 0 0.263857 -0.536374 139 139 255
9.02766 25.876 41.8622 2.01349 0 -3.9 0 0.598846 0.216705 1 1 255
31.6696 -3.72844 30.5565 0.958736 0 -1.3 0 -0.254207 -0.9175 14 14 254
54.1877 11.6107 28.2782 -1.68202 0 -3.5 0 0.27864 -0.561036 175 175 255
26.0591 0.689937 48.3128 -0.129213 0.774403 1.9 0 0.0173256 -0.793242 3 3 255
2.29063 8.23444 46.1657 0.71797 0 -3.9 0 -0.795303 -0.291268 4 4 255
22.334 2.55525 25.5565 0.284012 0 -3.9 0 0.639451 -0.366607 56 56 255
17.453 31.6264 25.3497 0.358997 0 -3.9 0 -0.205332 0.72285 51 51 255
5.29825 21.0502 43.7578 -0.184546 0 -3.74937 0 -0.926078 0.339732 1 1 255
47.9544 -2.385 24.8221 0.126554 0 -3.5 0 -0.675109 0.456225 65 65 255
37.1155 12.4676 33.4804 -0.334778 -0.335458 -1.27089 1 0.10954 0.99314 255 11 11
21.3522 0.00825 50.5843 -0.668517 0 -3.5 0 -0.342148 -0.903037 3 3 255
38.2559 12.2661 40.7861 -0.0843104 0 2.32393 1 0.282523 0.930281 255 16 16
44.2659 14.7214 21.2609 -0.029469 0 2.8 1 -0.531684 0.712627 255 11 11
44.8783 10.0965 19.8643 0.0361745 0 -3.2 1 -0.982405 -0.163919 255 22 22
26.786 19.752 45.559 2.11584 0 -3.9 0 -0.525149 0.636926 27 27 255
29.3779 24.7216 28.2496 -0.0716277 0 4.2 1 0.37397 0.890653 255 22 22
54.6176 8.98075 27.9724 0.032823 0 -1.6 0 0.275512 0.0510004 39 39 255
24.963 -0.14025 53.2687 -1.7045 -0.324421 -3.5 0 0.878271 -0.442936 6 6 255
27.5431 22.5141 21.2112 -0.196974 0 4.5 0 -0.860925 0.49892 255 86 86
10.0955 8.8475 40.818 -0.487788 0 -2.03785 0 0.386187 0.55156 90 90 255
-2.491 10.0269 32.8054 -0.456407 0 -0.9 0 -0.525588 0.562693 22 22 255
41.8776 10.3818 56.2334 -0.456718 0 -1.3 0 0.381458 0.799414 2 2 255
32.2741 9.98862 60.6753 -1.90627 -0.263892 -3.5 0 -0.198597 0.368579 20 20 255
27.6224 26.1946 26.7986 -0.266917 0 -3.5 0 -0.00717576 0.881867 255 104 104
54.7476 1.28537 24.2133 -0.818774 -0.0271181 -3.5 0 0.165949 0.896964 22 22 255
19.8368 19.243 34.9378 0.476041 0.0887991 -1.655 0 0.563473 -0.525455 190 190 255
41.2713 -1.74419 46.8817 0.597652 0 3.8 0 0.391796 0.127446 7 7 255
30.9294 16.9106 45.6307 0.161965 0 -3.9 0 0.93166 0.363141 55 55 255
19.4088 14.8217 41.8674 -0.853399 -0.19381 -0.7 0 0.463806 0.812447 53 53 254
13.4646 -1.31613 42.4869 0.218506 0 -3.9 0 0.662911 -0.73639 39 39 255
19.1244 -1.983 38.0454 -1.72108 0 -3.5 0 -0.901658 0.245928 7 7 255
17.2353 1.89394 53.302 -0.261007 0 -3.9 0 0.947327 0.0348976 31 31 255
41.4844 6.425 54.6 0.0107539 0 -3.33092 0 0.686439 -0.511903 0 0 255
16.3936 4.44287 17.3691 0.187917 0 -3.34526 0 -0.473874 0.0884253 123 123 255
40.7449 11.085 33.6018 0.0482138 0 -2.03258 1 0.772962 0.504546 255 1 1
12.5531 20.4771 47.2133 0.759645 0 3.8 0 0.0771404 0.725927 14 14 255
-4.57925 10.6361 36.7521 -0.696115 0 -3.5 0 -0.713756 0.12961 12 12 255
25.195 1.83925 29.6775 1.65916 0 -4.5 0 -0.250991 -0.537358 76 76 255
43.6909 12.0128 55.6074 0.558251 0 -3.9 0 -0.672007 -0.0707728 6 6 255
24.5877 -4.63575 38.4495 0.062893 0 -3.5 0 -0.650294 -0.693751 12 12 255
30.2165 6.8355 54.3571 -0.508838 0 -0.0409925 0 -0.70917 -0.625665 7 7 255
51.0471 13.0637 36.1127 -0.378015 0 -3.5 0 0.464577 -0.0312761 255 223 223
47.1589 6.53531 42.7383 -0.504517 0 -0.9 0 0.628102 -0.74401 48 48 255
39.5686 -1.0015 17.8368 0.435836 0 -4.5 0 -0.765839 -0.0807856 255 61 61
42.9606 14.1149 46.1007 -1.0493 -0.406303 -3.5 0 -0.532495 0.167043 255 152 152
13.2317 12.4598 48.4831 0.126236 0 -2.11823 0 -0.827842 0.318681 255 239 239
54.0959 0.170563 26.5289 -0.190451 -0.083207 -2.39784 0 0.586482 0.753114 17 17 255
30.3185 11.365 55.627 -0.991836 -0.0565226 -3.5 0 -0.108095 0.985637 27 27 255
39.2973 -2.16444 25.9276 0.297156 0 -4.5 0 0.0789579 -0.996091 63 63 255
23.7395 21.5734 33.9502 0.716091 0 -3.9 0 0.313072 0.154981 255 160 160
52.3399 1.2575 29.2665 -0.109269 0 3.56161 0 0.936239 0.197049 18 18 255
52.7047 9.32994 30.1918 -0.291535 0 -0.7 0 0.99246 -0.0897892 69 69 255
0.160812 25.8089 37.4373 1.93814 0 -3.9 0 0.513317 0.741966 73 73 255
5.09475 16.1944 43.4448 0.0253317 0 -4.5 0 -0.023626 -0.503042 3 3 255
6.84788 -0.380688 46.2834 -0.324892 0 -0.7 0 -0.551121 -0.72594 43 43 254
40.7048 8.9405 35.5412 -0.178236 0.769602 -3.5 1 0.652155 0.73298 255 0 0
13.3058 -2.086 41.438 0.897668 0.439856 -3.9 0 0.851035 -0.474203 53 53 255
40.3382 13.0612 45.6875 -0.729128 -0.962594 -0.7 1 0.0830081 0.671231 255 102 102
19.7674 15.9552 50.6651 0.467882 0 -1.6 0 -0.0897727 -0.362631 10 10 255
25.7683 -2.48219 33.5488 -0.116722 0 -3.5 0 -0.696608 -0.0402633 28 28 255
21.6527 2.42356 21.6834 0.00507238 -0.207908 -2.17218 0 0.699954 -0.411626 60 60 255
-2.3535 9.374 31.6072 -0.306343 0 -0.9 0 -0.528761 0.700105 18 18 255
27.9521 16.578 25.3257 1.6011 0.503508 1.96489 0 0.387494 -0.836965 255 38 38
17.1782 -0.70425 29.5869 -1.28707 0 -3.5 0 -0.734138 -0.589815 139 139 255
45.3464 1.58006 39.5728 0.191683 0 -3.5 0 -0.249262 -0.802716 76 76 254
20.646 10.7128 34.2277 1.31953 0 -0.8 0 0.642102 -0.538749 56 56 255
55.4171 17.0443 29.5268 2.4572 0 -3.9 0 0.604321 -0.0117621 255 109 109
43.0086 13.1333 45.5933 -0.554618 -0.153108 -0.980137 0 -0.51286 0.655168 255 150 150
18.3382 -1.23825 32.2373 -1.57895 -0.714489 -3.5 0 0.365971 -0.806484 99 99 255
17.0566 6.32312 54.4054 0.241461 0 -3.5 0 -0.530678 -0.0941472 41 41 255
19.6508 18.8229 50.7893 0.0856343 0 -1.6 0 -0.592624 0.469336 10 10 255
51.1159 15.9736 23.3271 1.09945 0 -4.5 0 0.741436 0.632931 255 85 85
37.526 6.512 55.229 0.177373 0 -3.9 0 0.261515 0.20522 1 1 255
33.9907 -3.67156 29.3574 -0.682841 0 -2.17969 0 0.450094 -0.840742 15 15 255
21.5598 7.46475 55.7274 -0.108307 0 -3.5 0 0.145859 -0.331544 12 12 255
6.55994 22.7485 45.216 -0.143171 0 -3.9 0 -0.253251 0.170479 0 0 255
8.55037 26.8614 22.2768 2.11833 0.0570064 -3.9 0 0.508549 -0.598866 89 89 255
48.8376 16.3516 33.9716 -0.0298647 0 -3.9 1 -0.413143 0.644359 255 51 51
55.3909 16.7857 32.1683 2.50338 0 -3.9 0 0.621935 -0.097549 255 136 136
19.4132 18.9708 37.8315 0.374819 -0.305056 -1.3 0 0.991983 -0.0445684 40 40 255
30.8156 -4.87087 39.1604 -0.37545 0 3.89051 0 -0.783661 -0.400219 13 13 255
38.3008 14.274 48.8913 -1.67734 -0.857143 -3.5 0 -0.920955 -0.0843263 255 242 242
12.1015 8.53837 43.1479 -0.562078 0 2.8 0 -0.584858 0.807533 154 154 255
31.7852 10.5676 24.5823 1.02288 0 -0.8 0 -0.894988 0.415978 255 174 174
14.493 19.119 13.014 0.117034 0 -3.5 0 0.529977 0.751052 11 11 255
23.004 33.061 29.8472 -0.46024 0 -3.5 0 0.134642 0.932089 46 46 255
5.723 24.7922 43.7144 0.710129 0 -3.9 0 -0.86605 0.287223 0 0 255
17.8239 0.320062 43.7552 -0.351594 0 2.8 0 0.0590987 -0.985047 13 13 255
40.2382 4.85225 22.646 0.456226 0 -4.5 1 -0.460988 0.562127 255 29 29
29.2236 13.1527 49.4871 0.0130372 0 -0.766557 0 0.774182 0.176998 5 5 255
33.3867 13.206 37.8245 -0.642027 0 -1.3 1 0.0876863 0.989218 255 70 70
19.3121 31.5921 26.6499 -0.0956158 0 -3.9 0 0.700264 0.64136 44 44 255
52.0574 7.58063 19.1834 0.0942991 0 -1.09014 0 0.907734 -0.255863 19 19 255
52.2777 8.79494 19.2365 0.0931173 0 1.8 0 0.832906 0.25157 57 57 255
32.8831 14.6686 40.3136 -0.77684 0 -1.3 0 -0.916207 0.283808 234 234 255
20.3778 20.677 34.201 0.361629 0.462512 -2.60232 0 0.487753 0.206467 191 191 255
3.5255 8.71838 21.7669 -0.479254 0 -1.3 0 0.0649544 0.516711 8 8 255
29.2149 7.63588 54.6746 0.0162526 0 -0.693015 0 -0.530986 -0.75887 21 21 255
36.3564 -10.8283 38.81 -0.270379 0 -0.7 0 -0.522919 -0.843087 47 47 255
28.9756 11.7076 51.543 -0.21912 0 3.8 0 0.797581 0.506837 22 22 255
16.7269 17.1322 34.0542 0.504644 0 1.26438 0 0.933228 -0.253957 175 175 255
11.3462 19.8834 47.1935 0.239899 0 1.57893 0 -0.552584 0.520168 9 9 255
5.37587 26.5963 20.3769 0.768916 0 -3.9 0 -0.539205 -0.225706 44 44 255
41.3796 15.0634 25.8051 0.625017 0 -2.02607 1 -0.462741 0.882557 255 14 14
28.7778 20.084 30 0.29592 0 4.2 1 -0.360015 -0.534914 255 10 10
43.6472 -4.294 33.7277 0.204497 0 -1.6 0 0.655661 -0.337647 90 90 255
7.65325 18.619 46.5602 -0.88437 0 -3.5 0 0.76535 -0.120013 10 10 255
43.1631 4.32906 19.8389 0.106564 0 2.8 1 -0.191116 0.46008 255 19 19
47.7217 13.3682 56.155 2.08008 0.20924 -3.9 0 0.841435 -0.221189 0 0 255
23.99 3.809 24.9115 0.258033 0 -3.5 0 -0.283385 -0.958584 66 66 255
-2.44169 12.5335 28.5483 -1.40851 -0.200608 -3.5 0 -0.57594 -0.591721 1 1 255
23.5601 21.4701 19.3493 -1.41101 -0.198104 -3.5 0 0.252577 0.830455 255 130 130
25.1863 22.2913 18.0317 -0.271309 0 4.5 0 -0.510887 0.825077 255 148 148
48.1394 -1.08487 34.5547 -0.00241992 0 -3.9 0 0.162024 -0.969286 143 143 255
43.5654 20.9023 31.6898 -0.339795 -0.19413 -1.3 1 -0.562338 0.645633 255 95 95
41.1783 1.85456 49.2274 0.238022 0.171731 4.5 0 0.402436 -0.77528 4 4 255
47.8331 3.99381 38.3558 0.141653 0 -3.63646 0 0.703524 0.505293 74 74 255
17.026 1.41075 55.6717 -0.752754 0 -1.6 0 0.996322 -0.0450585 35 35 255
0.502 20.1895 18.8509 0.706006 0 -3.9 0 -0.453695 0.885077 7 7 255
24.252 3.211 18.756 0.274312 0 -3.5 0 0.369913 -0.918293 111 111 255
48.9651 2.11725 20.2009 -1.34993 -0.0485897 2.8 0 0.295349 -0.738569 147 147 255
22.2802 17.9412 50.6618 0.120907 0 -1.6 0 0.564583 0.443193 3 3 255
52.4139 -2.14256 30.9923 -0.923012 0 -0.7 0 0.2152 -0.516285 50 50 255
-0.277438 17.3719 22.3407 -0.443316 -0.132125 -3.9 0 -0.929593 0.356583 4 4 255
29.8477 12.0883 36.9566 0.468391 0 -1.3 1 -0.413906 0.825415 255 232 232
6.66 6.21144 45.753 -0.264659 0 -3.5 0 -0.548305 -0.180293 26 26 255
21.849 17.6384 44.7499 0.23542 -0.101792 -3.5 0 -0.766151 0.607333 42 42 255
30.3393 18.3834 45.2296 0.551082 0 -3.9 0 0.877855 0.478711 46 46 255
-0.671875 12.7963 30.4048 -0.540345 0 -3.5 0 -0.550559 -0.834059 5 5 255
9.56275 26.8406 44.6384 1.15068 0 -3.76873 0 0.213083 0.910795 0 0 255
40.3812 0.53125 47.9022 -0.455014 0 4.294 0 0.748927 -0.440572 8 8 255
26.1903 25.0672 30.4618 0.18139 0 -3.5 1 0.463603 -0.427754 255 59 59
41.5725 7.584 55.89 0.170076 0 -1.3 0 0.369907 -0.791643 0 0 255
11.8544 -7.23225 57.5424 -0.200228 0 3.8 0 0.083199 -0.993468 229 229 255
9.29469 22.8914 20.6773 -0.116394 0 3.20976 0 0.248774 0.717436 75 75 255
41.6563 15.2972 27.5064 0.5536 0 -1.3 1 -0.705275 0.691706 255 39 39
4.856 7.34912 19.7259 -0.236377 0 0.969412 0 -0.398451 0.869994 61 61 255
43.9491 -0.19425 19.7319 0.105596 0 2.8 0 0.616459 -0.337096 255 215 215
-1.85275 6.77012 39.7745 0.747538 0 -3.9 0 -0.399849 0.175861 1 1 254
12.1332 21.5727 46.7712 0.122642 0 -3.5 0 0.0496636 0.239064 6 6 255
43.9102 10.0036 36.5549 -0.403034 0 4.2 1 -0.799464 0.360305 255 2 2
20.8026 33.4897 30.0782 -0.559127 -0.145197 -3.5 0 0.120758 0.990557 35 35 255
5.697 7.11888 45.852 0.100807 0 -3.9 0 -0.179251 -0.524781 29 29 255
12.7066 28.3983 35.6927 1.12953 0 -3.9 0 0.300195 -0.0800785 35 35 255
28.31 12.7589 51.6972 -1.18719 0 0.211087 0 0.962943 0.16124 23 23 255
43.2722 10.2254 33.5287 -1.47533 -0.333107 -3.01246 1 -0.587179 0.478783 255 1 1
9.77431 6.88425 49.6411 0.893562 0 -3.9 0 -0.870102 0.276782 43 43 255
12.6167 -4.00712 59.4688 -0.011338 0 3.8 0 0.438753 -0.346647 255 178 178
42.9108 10.3632 23.0422 0.217903 0 2.8 1 -0.464199 -0.555333 255 2 2
22.892 9.8885 27.0102 -0.0272471 0 -2.30926 0 0.476306 0.531525 123 123 255
10.1319 21.1565 15.4365 0.0491977 -0.192577 -2.57916 0 0.341408 0.893971 84 84 255
35.9804 -4.73088 32.6674 -0.055406 0 -1.3 0 0.56824 -0.400114 14 14 255
33.0742 13.2222 43.47 -0.427908 0 -1.3 0 -0.999861 -0.0136592 255 250 250
9.525 -5.17212 57.8324 -0.208116 0 3.8 0 -0.843264 -0.431229 192 192 255
11.0925 15.914 45.5415 -0.185135 0 3.8 0 -0.847136 -0.335886 69 69 254
43.3545 12.6824 19.2455 0.0859522 0 -3.2 1 -0.96165 -0.193095 255 11 11
-3.35663 3.57812 34.3549 0.0233943 0 -0.9 0 -0.821007 -0.530884 8 8 255
18.5333 0.975 21.3199 -0.300645 0 1.8 0 -0.445343 -0.825917 33 33 255
46.2321 -1.57525 36.7104 0.0134115 0 -3.51924 0 0.148259 -0.865978 135 135 255
24.4829 3.4195 19.7709 -0.155862 0 -3.5 0 0.13926 -0.984437 62 62 255
31.5606 -5.16937 32.1547 0.522419 0 -1.3 0 -0.129636 -0.458963 5 5 255
52.4253 17.6945 33.0611 0.463887 0 -3.9 0 0.322084 0.277194 255 157 157
12.2096 2.796 52.6695 -0.0331939 0 -3.9 0 -0.760764 -0.550119 135 135 255
9.73019 29.4434 32.9205 0.300712 0 -3.9 0 -0.488622 0.863273 224 224 255
21.0049 13.0502 29.0699 1.19418 0.0375198 -0.8 0 0.684303 -0.718923 101 101 254
40.0147 -3.17987 27.6503 -0.45289 -0.146774 3.75509 0 -0.495755 -0.570583 23 23 255
37.5223 12.6287 44.5887 -0.314584 0 -1.3 1 0.47862 0.863462 255 57 57
30.6465 17.7456 29.5619 -0.0731775 0 3.8 1 -0.146428 0.0126445 255 8 8
4.70294 22.4595 20.6777 0.0700706 0 3.8 0 -0.796242 0.428841 16 16 255
25.6924 13.6729 14.9752 0.129779 0 -4.5 0 0.584367 0.346574 255 45 45
11.2461 0.084625 25.8939 -1.47908 -0.862136 -3.5 0 -0.60539 -0.789947 61 61 255
52.7846 12.7198 41.4434 1.27034 0 -3.9 0 0.263794 -0.423812 3 3 255
4.21575 4.45625 43.4082 0.530497 0 -3.89317 0 -0.689632 -0.708993 27 27 255
9.63663 27.6415 22.0476 0.888848 0 -3.54749 0 0.730198 -0.198736 96 96 255
23.54 30.019 25.994 -0.54956 -0.517602 -3.5 0 0.192729 0.360324 132 132 255
21.4571 11.8363 27.2061 -0.367023 0 -3.5 0 0.617176 0.147063 121 121 255
11.4151 21.2439 18.0346 -0.3201 0 -0.7 0 -0.0126688 0.943798 86 86 254
15.6775 5.94075 53.2993 0.0965598 0 -3.63005 0 -0.383786 0.33167 63 63 255
33.0416 -7.971 36.446 0.330051 0 -3.9 0 0.384895 -0.880986 13 13 255
9.78088 27.9359 34.9357 0.555773 0 -3.9 0 -0.602004 0.068637 98 98 255
18.1248 21.5801 14.8837 -0.353458 -0.118867 -3.25759 0 -0.799499 0.276315 63 63 255
18.071 8.5005 49.76 0.479495 0 -1.3 0 -0.555303 0.314235 61 61 255
1.85287 16.3434 18.0101 0.538842 0 -3.9 0 -0.263495 -0.938332 8 8 254
40.118 -6.74625 36.4938 0.352426 0 -1.3 0 0.0886275 -0.592333 45 45 255
-0.842438 11.8183 21.4179 0.290014 0 -3.9 0 -0.121527 0.0233993 0 0 255
35.0035 10.1418 25.0268 0.315309 0 -0.8 1 0.568041 -0.244392 255 15 15
52.2536 13.6639 44.7742 1.16331 0 -3.9 0 -0.0917381 0.166885 5 5 255
17.5454 8.14881 52.1136 0.201249 0 -3.5 0 -0.609535 0.468572 73 73 255
22.0088 15.3544 49.6381 -0.233235 0 -3.20613 0 0.0815176 -0.169531 2 2 255
20.7296 11.5663 33.1736 0.744337 -0.114602 -0.8 0 0.536192 -0.813801 62 62 255
35.5686 12.7978 33.7702 -0.104849 0 1.61006 1 -0.0864529 0.996142 255 28 28
26.4706 10.2879 33.0681 1.81424 0.895734 -3.9 0 -0.750584 0.430748 214 214 255
14.6894 -0.578875 32.4446 -0.608723 0 -3.5 0 -0.106676 -0.922191 206 206 255
19.6565 32.6826 29.0783 -0.505953 0 -3.5 0 0.0413214 0.83821 21 21 255
0.14175 11.3625 40.2063 0.236429 0 -4.5 0 -0.890799 -0.159716 1 1 255
51.7557 12.3901 41.1494 0.505049 0 -3.9 0 0.461635 -0.412931 44 44 254
51.836 -2.03262 23.622 0.527527 0 -3.5 0 0.175629 -0.811908 19 19 255
49.859 5.09225 31.5735 -0.00219752 0.0630694 3.61197 0 0.578885 -0.131211 31 31 255
7.11531 16.4644 43.8549 -0.0126113 0 -3.5 0 -0.0976394 -0.829656 9 9 255
29.1428 14.8035 20.3404 1.21551 0.128642 -2.65166 0 0.827592 0.264466 255 124 124
25.2535 4.545 15.68 0.402406 0 -3.5 0 0.551281 -0.551963 249 249 255
4.38413 18.0339 46.1916 -0.573652 -0.0607635 -3.5 0 -0.925973 -0.316713 5 5 255
27.6793 -2.03938 30.2294 0.0885827 0 -1.72281 0 -0.919636 -0.383923 38 38 255
-3.4935 6.2165 25.3289 -1.57018 -0.904488 -3.5 0 -0.491097 -0.76687 0 0 255
47.4092 7.28431 46.327 -0.283524 0 1.62421 0 0.877898 -0.462659 9 9 254
8.39787 -1.16856 45.8955 -0.792408 0 -0.7 0 -0.312773 -0.946556 41 41 255
7.18675 23.3913 39.4819 -0.132142 0 -3.9 0 -0.266465 0.882702 1 1 255
-2.25463 23.9316 35.6851 -0.010164 0 -3.9 0 -0.828554 0.524829 152 152 255
46.5784 6.56944 50.0154 -0.346552 0 4.2 0 0.45896 -0.377665 1 1 255
18.796 -0.9435 38.7075 -0.859768 0 -0.0895878 0 -0.780114 -0.349246 14 14 254
29.7898 -2.89006 51.8061 -0.887729 0 -3.2 0 -0.437693 -0.874671 2 2 255
6.377 -4.53175 34.2617 0.42772 0 -3.5 0 0.153282 -0.934818 58 58 255
3.986 12.4167 42.5477 0.74119 0 -4.5 0 0.448163 0.264518 4 4 255
5.1085 10.602 21.4929 0.00621304 0 1.9 0 -0.480426 -0.348233 19 19 255
-3.45431 15.9191 28.0923 -0.299274 0 -3.5 0 -0.655939 0.180314 2 2 255
15.9948 32.2372 30.7831 -0.442767 0 -3.9 0 -0.359728 0.915451 6 6 255
24.6143 -0.766625 45.3596 -0.239563 0 4.2 0 -0.179906 -0.746886 3 3 254
29.4636 6.0635 53.1447 -0.752058 0 4.2 0 -0.452778 -0.21499 2 2 255
23.5922 18.0401 33.492 1.90799 -0.0846149 -3.6279 0 0.686401 0.0456853 255 170 170
-3.96031 13.3382 30.2527 0.252989 0 -4.5 0 -0.278916 -0.930765 6 6 255
44.1604 15.0647 53.821 -1.38675 -0.54973 -3.53625 0 -0.5815 0.610271 37 37 255
21.7327 12.777 13.9832 1.25345 0 -4.5 0 0.094876 -0.617307 255 203 203
43.849 -4.849 27.3752 0.15468 0.434975 -0.7 0 0.900537 -0.247105 48 48 255
-0.66775 7.7845 40.1555 0.12072 0 -3.9 0 -0.406277 0.421765 1 1 255
0.5815 18.5105 14.4249 2.83993 0 -3.9 0 -0.445982 -0.140905 8 8 255
41.7935 16.5875 48.5378 -0.297583 0 -3.5 0 -0.043459 0.99863 255 224 224
34.3959 23.085 26.3498 -0.0145265 0 3.8 1 0.611907 0.579845 255 8 8
36.5651 -2.29769 22.3426 -0.0387656 -0.245479 -3.70527 0 -0.452594 -0.499321 178 178 255
14.0402 -0.844 45.0117 -0.26201 0 -3.9 0 0.320671 -0.930534 59 59 255
34.33 16.122 27.413 0.601884 0.0447849 3.8 1 0.5525 0.813558 255 20 20
20.092 0.170563 32.0136 -0.720252 0 -3.5 0 0.809896 -0.58609 138 138 255
25.9504 10.7612 37.1707 1.07988 0 4.2 0 -0.5632 0.436969 164 164 255
41.568 15.3681 23.9746 -0.0082749 -0.0817321 1.56083 1 -0.625036 0.735548 255 8 8
32.1964 2.95825 19.8176 0.187749 0 -3.01799 0 0.940414 0.123275 255 188 188
18.3071 0.219375 33.8236 -0.63131 0 -3.5 0 0.415093 -0.750224 168 168 255
36.1505 -9.92769 37.417 -0.0727293 0 -0.7 0 -0.815916 -0.377574 37 37 255
51.384 17.4374 28.8608 0.101692 0 -3.9 1 -0.114105 0.530356 255 86 86
12.6873 10.0555 40.5634 -0.183582 0.0746686 1.52628 0 -0.74625 0.0783227 255 226 226
-0.958938 14.1814 21.8526 1.28124 0 -3.9 0 -0.266865 0.143565 0 0 255
22.3309 15.5559 34.1413 0.990005 -0.206781 -0.8 0 0.00932629 -0.0253736 152 152 255
28.1074 6.95925 15.8973 -0.36804 0 3.8 0 0.30881 -0.669976 255 43 43
21.6389 11.5363 36.1428 1.58386 0 -0.8 0 0.990892 0.123218 87 87 255
25.3871 8.02063 32.8512 3.20568 0 -3.9 0 -0.575377 0.494715 129 129 255
51.6961 3.75119 23.8132 0.831223 0 -1.77667 0 0.899174 0.418759 26 26 255
51.2489 15.4781 41.6766 0.122589 0 -3.9 0 0.126403 0.857712 35 35 255
22.7258 1.81616 26.692 0.556274 0 -3.9 0 0.852175 -0.3662 89 89 254
28.0077 16.3041 42.7972 0.505101 0 -3.7579 0 0.250197 0.528827 90 90 254
45.0954 9.46338 16.2139 0.356436 0 -3.2 1 -0.421669 -0.409083 255 20 20
49.8558 0.96675 35.7142 0.550957 0 -3.9 0 0.994792 -0.101731 120 120 255
47.4712 17.8175 30.2458 -0.0628259 -0.0526102 -1.43679 1 0.154361 0.739921 255 30 30
24.8014 7.23656 33.5953 2.10005 0.228753 -4.5 0 -0.363569 0.901852 114 114 255
30.577 -1.951 23.44 0.227688 0 -3.9 0 -0.131272 -0.98317 116 116 255
12.2338 28.5745 24.1536 -0.927303 -0.194454 -3.5 0 0.238711 0.930392 30 30 255
-1.21925 2.01388 34.3058 -0.264392 0 0.219854 0 -0.722587 -0.557649 13 13 255
25.3846 16.4145 15.7951 0.08632 0 -0.107008 1 0.370514 0.243817 255 72 72
31.0713 14.8527 44.2449 0.0278217 0 -2.94918 0 0.0385331 -0.208479 97 97 255
44.5926 -4.728 34.9994 0.40529 0 -1.6 0 0.740976 -0.54855 122 122 255
27.8546 -4.4585 40.275 -1.17097 -0.0434902 -3.5 0 0.670833 -0.550098 5 5 255
13.336 9.32238 15.6801 0.10641 0 -1.03914 0 -0.00468803 -0.133148 114 114 255
52.3084 0.364625 22.0959 -0.0597267 0 -3.5 0 -0.171519 0.224426 14 14 255
4.02831 26.5694 22.5436 0.156977 0 -3.9 0 -0.960968 -0.0283786 139 139 255
24.1671 17.812 31.7899 0.897753 0 -2.51012 1 0.985856 0.0885374 255 138 138
36.7075 -5.15013 33.7419 -0.11498 0 -1.3 0 0.46363 -0.657213 17 17 255
12.0349 8.60363 49.7421 0.227868 0 -4.04841 0 -0.12753 0.711386 117 117 254
38.1683 7.70294 25.726 -0.0407663 0 -2.70089 1 -0.61536 0.101954 255 3 3
-0.931 19.299 37.611 -0.075928 0 -3.9 0 -0.632305 -0.613415 14 14 255
9.65837 5.72913 49.3589 0.306873 0.0450832 -3.59043 0 -0.787067 -0.406942 43 43 255
34.3014 7.779 56.9491 -0.789425 0 -3.5 0 0.530785 -0.261802 2 2 255
23.3074 1.89856 30.1986 0.169862 -0.290013 -4.23473 0 -0.0389775 -0.960723 82 82 255
17.4592 1.7435 20.6549 0.274154 0 -1.6 0 -0.0465698 -0.923751 24 24 255
27.776 12.8194 29.7011 0.68148 -0.0496274 1.91392 0 -0.967389 0.253082 255 145 145
29.2505 14.8059 50.0491 0.266538 0 -3.5 0 0.892007 -0.110173 5 5 255
20.7628 18.9373 34.2267 2.91178 0.177055 -3.9 0 -0.100191 -0.449219 212 212 255
25.8435 26.9975 27.1297 -0.122209 0 -3.5 0 0.284065 0.59223 255 122 122
30.7503 -6.00869 43.3499 -0.22298 0 -3.43896 0 -0.286189 -0.941432 15 15 255
47.9416 -4.65887 28.4473 -0.480958 0 -3.5 0 -0.255536 -0.12204 70 70 255
53.5554 15.7704 28.5228 0.283788 0.734611 -3.81931 0 0.347065 0.531124 255 72 72
27.1178 19.8927 22.0406 0.140072 0 -0.4 0 -0.965423 0.260588 255 23 23
-3.44863 4.05363 32.401 -0.140086 0 -0.9 0 -0.640658 -0.616643 4 4 254
30.459 13.2061 26.3837 0.301408 0 -2.66904 0 -0.340912 -0.766534 255 191 191
49.5864 7.56275 22.2518 -0.0234831 0 1.8 0 0.533072 -0.845655 106 106 255
8.43962 21.6863 19.5321 -0.347463 0 1.63507 0 0.309785 0.598544 33 33 255
28.3482 25.3664 28.6149 -0.326041 0 -3.5 1 0.885313 0.452446 255 52 52
25.5618 18.6946 15.4821 -0.0516025 0 4.5 1 0.128829 -0.227842 255 68 68
22.6781 22.1694 17.9832 -0.512558 -0.0749056 -3.5 0 0.415962 0.876341 255 158 158
12.599 11.4913 15.3529 -0.267822 -0.703869 -0.7 0 -0.722412 -0.591536 24 24 255
15.5747 2.02075 18.7644 0.259825 0 -1.6 0 0.105538 -0.788478 45 45 255
22.4209 32.5577 31.0417 -0.172327 0 -3.5 0 0.217625 0.826112 41 41 255
44.2495 -2.6175 41.608 -0.2812 -0.498946 -3.03613 0 0.116671 -0.804187 20 20 255
9.68431 -0.029625 27.8859 -0.320875 0 4.2 0 0.151965 -0.86956 62 62 255
46.0986 4.43113 42.3921 -0.185894 0.0506829 -2.5044 0 0.654962 -0.0843014 66 66 255
24.3406 32.9637 30.0376 -1.39241 -0.289815 -3.5 0 -0.0340965 0.862277 71 71 255
54.5247 14.3474 29.7069 0.181357 -0.108554 -3.56191 0 0.790432 -0.453128 255 193 193
10.4464 -2.48513 29.8271 -0.124199 0.270687 0.0924077 0 0.512787 -0.590276 45 45 255
19.294 16.7766 38.0056 0.699933 -0.0551859 -1.27995 0 0.977389 -0.0202352 111 111 255
25.8195 9.71887 11.8923 0.0977821 0 3.8 0 -0.717477 -0.159698 211 211 255
26.2746 -1.33894 32.6613 0.149818 0 -4.5 0 -0.736025 -0.4039 57 57 255
13.9459 5.91225 17.1744 0.454347 0 -1.6 0 0.580285 -0.387484 255 251 251
10.602 28.8209 35.3875 1.13234 0 -3.9 0 -0.536748 0.207426 109 109 255
47.379 -0.96925 38.0814 0.31233 0 -3.9 0 -0.126807 -0.774657 105 105 255
33.7454 15.4031 24.3408 1.1023 0 -3.5 1 0.12191 0.712563 255 12 12
47.3355 0.8565 40.4605 0.120299 0.927543 -3.9 0 0.273266 -0.340685 82 82 255
42.9936 9.84406 56.0947 -0.0253894 0 -1.3 0 0.739617 0.264309 2 2 255
23.4435 20.3535 34.0739 1.42801 0 -3.9 0 0.317536 -0.0401342 255 215 215
38.5008 11.7402 43.9569 -0.707015 0 -0.970299 1 0.26046 0.896578 255 32 32
28.8832 2.851 17.4215 0.748899 0 -4.5 0 -0.444789 -0.548024 184 184 255
47.7259 6.18275 41.1272 -0.114282 0 -1.71538 0 0.90087 -0.199178 91 91 255
18.8344 27.5234 33.6576 -0.182457 0 -3.2 0 0.0990867 0.145266 55 55 255
18.8044 30.7197 33.5131 0.258558 0 -2.6787 0 0.23161 0.717387 41 41 255
12.2101 15.5414 50.3409 -0.00549594 0 3.8 0 -0.309207 -0.629802 255 212 212
-1.962 4.817 28.526 -0.635699 -0.0762528 -0.4 0 -0.754977 -0.655574 0 0 255
29.0261 22.4601 20.7726 -0.00988003 0 3.8 0 0.711122 -0.0715792 255 36 36
54.2659 12.892 25.4411 -0.425466 -0.594912 -2.83418 0 0.723335 0.559226 255 117 117
10.0779 21.6171 19.6724 -0.2717 0 1.17291 0 -0.11028 0.836776 70 70 255
14.0084 4.17312 58.3988 -0.791201 0 1.58028 0 0.0942048 0.834758 54 54 255
49.7402 14.844 44.1569 -0.218636 0 -3.9 0 0.187915 0.831694 27 27 255
21.3468 5.89025 32.94 3.12032 0 -0.4 0 0.127421 0.931229 29 29 255
35.6846 -3.67287 27.6713 -0.245969 0 -3.5 0 0.697519 -0.47833 8 8 255
38.2082 -4.06481 33.0687 -0.176701 0 4.5 0 -0.345357 -0.751856 6 6 255
15.3936 28.0265 27.3026 0.486675 0 -3.9 0 -0.831552 0.546861 24 24 255
-2.109 -3.5295 35.0364 0.31004 0.0588282 -3.5 0 -0.909635 0.263537 16 16 255
43.1635 13.0284 44.5806 -0.329547 0 4.2 0 -0.639777 0.753251 255 84 84
19.995 12.8895 50.8995 0.208336 0 -0.7 0 -0.54281 0.552125 14 14 254
28.5993 11.9917 33.9818 0.519844 0 -1.3 0 -0.36688 0.888213 255 169 169
7.06625 15.3209 42.4841 -0.365804 0 2.33817 0 -0.0346591 -0.532643 8 8 254
9.67437 18.7737 46.0143 -1.15319 0 3.8 0 -0.348862 -0.00589246 8 8 255
25.6923 17.3993 49.5908 -0.679265 0 -3.5 0 -0.257723 0.855322 2 2 255
1.34375 15.6775 39.6258 0.184746 0 -3.98179 0 -0.864769 0.371642 8 8 255
34.8664 -1.53694 52.0276 -0.37257 0 -3.5 0 -0.00532218 -0.60216 4 4 255
1.16206 18.4909 24.1243 0.224778 0 -3.9 0 -0.752974 0.499828 6 6 255
46.4184 8.61781 35.948 -0.274591 0 4.2 0 0.748939 0.441188 255 39 39
46.7919 17.0521 18.1462 1.0123 0.7856 -4.5 0 -0.229763 0.665608 255 52 52
27.4085 14.996 26.661 0.79035 0.261815 0.414848 0 0.0832697 -0.867979 255 95 95
8.8885 8.454 44.311 -0.533902 -0.974288 -3.5 0 0.00376671 0.984572 37 37 255
5.918 23.3601 41.0311 0.146114 0 -3.9 0 -0.739778 0.424886 0 0 255
19.1676 16.7754 45.2468 -0.5855 -0.0449042 -1.6 0 0.32877 0.730508 16 16 255
15.4197 0.865 39.2538 -0.236054 0 4.2 0 0.344447 -0.751411 32 32 255
21.1152 19.8014 14.5787 -0.530748 0 -3.5 0 0.363883 -0.656169 79 79 255
41.3633 11.6504 31.93 0.0450594 0 -0.541533 1 0.249593 0.649504 255 3 3
14.0123 28.2624 25.7479 -0.850834 -0.419621 -3.5 0 -0.0438964 0.79161 30 30 255
52.9963 12.5334 29.9691 -0.987568 -0.177914 -3.5 0 0.762618 -0.344468 154 154 255
37.0438 14.5355 50.7197 1.93102 0 -0.4 0 -0.834877 0.195916 131 131 255
31.5225 24.7458 22.0565 -0.0669254 0 3.8 0 0.745019 0.520713 255 12 12
53.21 -1.71344 22.9729 -0.246922 0 -3.5 0 -0.13322 -0.884899 13 13 255
47.7409 15.2491 35.3531 -0.153726 0 1.58357 1 -0.326635 0.865891 255 32 32
43.958 7.6465 20.4827 -0.394688 -0.119973 -3.2 1 -0.955672 0.289605 255 8 8
26.411 21.3765 20.2868 -0.106583 0 4.5 0 -0.582225 0.395486 255 117 117
9.44575 9.0735 45.0385 -1.58384 -0.690444 -3.5 0 -0.429605 0.74295 42 42 255
19.9435 28.343 33.9025 -0.31 0 -3.2 0 -0.333978 -0.0742166 91 91 255
26.1999 9.829 29.9231 3.86393 0.0299973 -3.9 0 -0.486388 0.700193 246 246 255
10.2407 7.0815 16.4257 -0.0670242 0 -1.6 0 -0.594678 -0.0599286 179 179 255
9.82875 -0.134 61.7524 0.0200343 0 -3.2 0 -0.943739 -0.0352795 93 93 255
41.935 -7.0315 29.7127 -0.12107 0 -0.7 0 0.0102454 -0.995459 23 23 255
42.6676 -2.39313 20.2255 -0.0687045 0 -4.5 0 0.669833 -0.293573 138 138 255
6.94663 29.0724 30.4604 -1.52029 0 -3.5 0 -0.470146 0.860523 255 252 252
24.7389 28.4287 36.4347 -0.783786 0 -3.2 0 0.957675 -0.0668775 100 100 255
23.2243 23.0759 23.1537 -0.362386 0 3.77393 0 0.844324 0.124802 245 245 255
10.2588 24.3599 45.9136 -1.2777 -0.279547 -3.5 0 -0.35078 -0.0912275 1 1 255
27.7417 0.950063 48.8171 -0.351096 0 1.9 0 -0.349723 -0.0460076 4 4 255
26.2149 8.73287 54.7706 -0.615054 -0.00993682 3.8 0 0.10265 -0.431216 23 23 254
11.0737 22.399 38.918 -0.843634 -0.0454598 -0.4 0 0.330362 0.782004 3 3 255
19.4027 23.1216 32.2595 0.160227 0 -1.3 0 0.749268 0.522485 179 179 255
26.5789 -2.723 45.7957 -0.557814 0 1.04898 0 -0.709908 -0.157947 3 3 255
-0.821938 22.5123 27.7024 -0.706497 -0.745267 -4.5 0 -0.321637 0.388239 36 36 255
35.0024 13.0682 36.1512 -0.0390536 0 -1.3 1 0.145868 0.989149 255 16 16
25.4019 29.8604 32.9961 -0.067075 0.402922 -3.5 0 0.285156 0.476351 143 143 255
12.4952 6.03613 15.7349 0.466857 0 -1.6 0 0.259046 -0.605377 255 218 218
42.9629 13.4976 38.9176 -0.162408 0 4.5 1 -0.86821 0.457552 255 36 36
6.48644 23.7343 37.5287 -0.39115 0 3.361 0 -0.262862 0.678211 10 10 255
25.9181 31.3791 31.1611 -0.133494 0 -3.5 0 0.163872 0.824012 156 156 255
53.5368 18.7022 32.5503 0.727002 0 -3.9 0 0.131046 0.464521 255 132 132
12.9915 19.448 50.1915 -0.033939 0 3.8 0 0.270716 0.907143 34 34 255
11.0986 4.42088 17.3279 0.189494 0 3.5867 0 0.173929 -0.730694 175 175 255
11.9762 0.86075 21.284 -0.349437 0 -3.5 0 0.146438 -0.762358 89 89 255
19.9186 0.40775 50.9996 -0.368336 0 -2.18561 0 -0.268896 -0.947386 3 3 254
43.4118 -0.770563 21.4454 0.0786647 0 2.8 0 0.211172 -0.876485 149 149 255
7.33575 21.3743 18.7712 -0.269486 0 0.353785 0 0.631331 0.562788 10 10 255
51.6646 6.44269 19.1815 0.285576 0 -3.5 0 0.575492 -0.419576 16 16 255
26.181 2.044 20.7945 -0.905983 -0.00669607 -3.5 0 -0.442859 -0.694658 71 71 255
32.5535 7.36469 18.428 0.0785131 0 -0.9 1 0.582508 -0.372172 255 21 21
39.2078 11.3821 42.333 -0.207291 0 3.36578 1 0.0871197 0.995749 255 13 13
46.6831 17.5327 49.0581 -0.133951 0 -3.5 0 0.117013 0.907969 122 122 254
11.3767 22.5388 20.1418 -0.417945 0 2.8 0 -0.106658 0.638173 112 112 255
36.2821 14.3891 42.6818 -0.813618 0 -1.3 1 0.844351 0.513802 255 69 69
45.5266 5.31975 43.2175 -0.530533 -0.00364993 -0.9 0 0.855317 -0.266039 71 71 255
21.9088 6.13487 55.4975 -0.63928 -0.072611 -3.5 0 0.29942 0.0137892 14 14 255
30.6124 13.9337 17.5245 0.451505 0 -0.9 1 0.477255 0.751237 255 68 68
23.0634 22.5483 15.1352 -1.68995 -0.857367 -3.5 0 0.797088 0.521612 255 209 209
23.4891 15.399 34.0824 0.452236 0 -0.8 0 0.369267 -0.0446861 193 193 255
7.65144 7.66419 44.5635 -0.514748 0 -3.5 0 -0.160914 0.963466 36 36 255
24.0823 22.0151 17.5465 -0.387528 0 4.5 0 -0.0604749 0.960936 255 139 139
26.8377 -5.84625 36.7212 -1.77015 -0.0555099 -3.5 0 0.158992 -0.716364 7 7 255
45.8481 -0.9175 33.3923 0.293701 0 -1.6 0 0.287383 -0.938305 213 213 255
2.2625 15.841 42.7764 0.760106 0 -4.5 0 -0.488972 0.0351781 1 1 255
22.2003 0.77125 26.6811 0.526033 0 -3.9 0 0.886509 -0.301973 123 123 255
1.04625 5.231 39.8279 0.0937123 0 -3.9 0 -0.118725 -0.743838 4 4 255
12.3016 25.9548 34.7192 0.577777 0.41297 -3.9 0 0.487028 0.0422073 57 57 255
19.0374 29.0401 23.1844 0.876756 0 -3.9 0 0.268496 0.577692 83 83 255
17.8573 13.3165 12.2719 0.21419 0 -3.5 0 0.282713 -0.959198 127 127 255
13.6639 -4.7675 57.9243 -0.14939 0 3.8 0 0.897162 -0.395508 255 88 88
3.05244 21.0311 21.8636 0.154371 0 3.8 0 -0.64114 0.66776 13 13 255
22.2405 13.1456 30.1261 1.55982 0 -0.8 0 0.336995 -0.785072 100 100 255
17.3845 6.83025 49.9084 0.322433 0 -1.3 0 -0.744163 0.352574 79 79 255
1.9295 0.524 21.5697 0.416316 0 -3.9 0 -0.440202 -0.783513 97 97 255
0.90325 8.048 21.4792 0.662639 0.262232 -1.3 0 -0.433171 0.49831 3 3 255
30.8472 6.13312 55.5615 -0.737972 0 -3.5 0 -0.772568 -0.443202 9 9 255
46.5977 13.3617 53.5923 0.452049 -0.0112619 -3.87216 0 0.905867 -0.212423 2 2 255
23.49 6.56425 32.0691 2.17402 0.0983934 -4.5 0 -0.478138 0.874731 53 53 254
21.539 -3.29688 40.2094 -2.48627 -0.758063 -3.5 0 -0.295227 -0.556753 14 14 255
9.98625 -1.45669 60.6752 -0.586727 -0.606451 2.93182 0 -0.878902 -0.354438 72 72 255
23.4199 14.7079 41.0811 0.836093 0 -0.7 0 0.37802 0.909965 135 135 255
7.135 8.78825 19.232 -0.391614 0 2.8 0 -0.915356 0.336284 49 49 255
49.5946 13.4354 37.9188 0.235042 0 3.01037 0 0.995426 -0.0822171 255 178 178
14.1862 6.842 52.5073 0.368432 0 -3.9 0 0.350134 0.873705 85 85 255
52.3474 2.08188 22.7398 0.372228 0 -3.5 0 0.432585 0.536168 21 21 255
29.5895 16.397 43.4356 0.394665 0 -3.9 0 0.546273 0.0262883 80 80 254
-1.40975 18.1567 27.858 0.115275 0 -4.5 0 -0.245096 -0.0202689 11 11 255
9.63037 26.7908 22.6819 0.119151 0 -3.5 0 0.112867 -0.36663 79 79 254
50.6878 7.56625 21.6523 -0.0322774 0 1.8 0 0.424532 -0.866206 63 63 255
15.9035 31.7272 27.9369 0.0348208 0 -3.9 0 -0.740758 0.670123 4 4 255
19.6959 13.7723 44.1819 2.17089 0.665502 -3.9 0 0.324748 0.779126 15 15 255
39.6564 1.98678 54.6591 2.17071 0 -3.9 0 -0.102348 -0.770306 0 0 255
16.2859 16.7523 10.9307 0.200612 0 -3.5 0 -0.496325 0.669288 4 4 255
42.0073 11.8394 41.1196 -0.273181 0 4.3275 1 -0.449022 0.89334 255 22 22
-2.2685 -3.59775 33.3927 0.342871 0 -3.5 0 -0.939685 0.166483 9 9 255
44.6896 10.977 16.2332 0.0849391 0 -3.2 1 -0.472983 -0.198041 255 20 20
0.511937 -1.73409 36.9352 0.471097 0 4.5 0 -0.768363 -0.24976 20 20 254
17.0095 13.049 11.2612 0.458696 0 -3.5 0 0.414009 -0.910271 165 165 255
-3.6165 14.3278 26.645 -1.65244 -0.522868 -3.5 0 -0.973827 0.0762467 2 2 255
27.3889 15.9849 24.2122 1.41222 0 -4.5 0 0.783412 -0.536834 255 57 57
38.3023 1.177 52.6864 0.945653 0.460041 -3.9 0 -0.222224 -0.633015 3 3 255
21.3577 -0.43175 51.7169 -1.12625 -0.0924515 -3.5 0 -0.607696 -0.776216 5 5 255
9.82213 -3.15181 35.2316 -0.482848 0 1.8 0 0.0874486 -0.991507 131 131 255
26.6131 11.9213 13.2611 0.0880896 0 3.8 0 0.0638744 0.867467 255 167 167
34.87 13.5716 30.1736 0.10305 0 3.8 1 -0.0595677 0.867688 255 44 44
32.415 18.8405 27.1425 0.158387 0 3.8 1 0.798715 -0.0259622 255 5 5
13.168 22.398 46.31 0.0888039 0 -3.5 0 0.702548 0.194179 7 7 255
20.0009 25.6136 32.6552 -0.109258 0 -1.28837 0 0.268218 -0.884457 83 83 255
40.5945 14.9295 24.5485 0.753624 0 2.8 1 -0.487177 0.867171 255 5 5
34.1203 21.9749 27.2332 0.0243427 0 3.8 1 0.525506 0.114831 255 7 7
8.97987 23.7621 41.4991 0.321857 0 -3.9 0 0.707518 0.433572 1 1 255
38.0182 15.5575 50.0066 1.72755 -0.215429 -1.5521 0 -0.752457 0.488991 255 249 249
36.5233 14.4796 27.7445 -0.376989 0 3.8 1 0.444427 0.873988 255 49 49
17.3966 4.28412 62.311 -0.284777 0 4.5 0 0.54007 0.427824 17 17 255
7.57713 -5.03613 31.6893 0.142922 0 -3.5 0 -0.0698214 -0.968502 37 37 255
6.60362 30.2751 27.9036 0.0897719 0 -0.4 0 -0.323274 0.836259 113 113 255
52.3578 8.12131 18.1497 0.455606 0.19959 -3.5 0 0.934854 0.35383 18 18 255
12.1557 8.95119 44.0745 -0.521198 0 -4.5 0 -0.665333 0.506456 121 121 255
18.4039 22.3314 37.9295 0.474715 0 -1.3 0 0.407763 0.694512 98 98 255
18.9033 0.31 43.6319 -0.179652 0 2.8 0 -0.235464 -0.92441 15 15 255
32.4902 -3.6955 29.5596 -0.195409 0 -1.3 0 -0.0668785 -0.972915 24 24 255
19.9062 22.3539 12.8053 -1.75041 -0.933787 -3.5 0 -0.049966 0.382382 59 59 255
16.481 8.39925 16.9172 -0.209196 0.010202 -3.2 0 -0.115223 -0.163893 185 185 255
32.5519 11.9724 18.0228 0.323199 0 -0.9 0 0.712211 0.572948 255 160 160
-5.01319 8.66019 26.0124 -0.556509 0 -3.5 0 -0.93381 -0.131351 0 0 255
32.7228 -3.44225 25.3465 -0.086656 0 -3.5 0 -0.861483 -0.11462 35 35 255
22.8976 30.6073 27.1311 -1.28706 -0.559649 -3.5 0 -0.446647 0.337364 84 84 255
13.7056 21.0366 45.9118 1.77942 0.797498 -3.5 0 0.853069 0.351745 15 15 255
23.4593 -1.4155 42.9959 0.642201 0 0.854244 0 -0.601174 -0.708689 11 11 255
33.7397 0.65275 20.7437 -0.68631 -0.623661 -3.9 0 -0.0937803 -0.380197 255 220 220
23.1935 19.5711 23.6392 0.0604345 0 2.70889 0 0.696062 -0.27804 255 76 76
44.6139 9.36063 19.2166 -0.100421 0 -3.2 1 -0.972474 0.156499 255 11 11
20.639 12.0365 29.9802 1.33499 -0.0192486 -0.8 0 0.803582 -0.567813 44 44 255
45.0672 15.5483 18.0643 -0.0777018 0 -3.2 0 -0.501836 0.86345 255 23 23
17.0099 -0.055625 55.1816 -0.417251 0 -3.39471 0 0.957697 -0.282183 48 48 255
25.7017 0.326813 30.4484 0.629986 0 -4.5 0 -0.566938 -0.603811 71 71 255
16.9182 17.8055 11.501 0.0604657 0 -3.5 0 -0.009527 0.893183 5 5 255
33.3446 4.668 21.1887 0.232027 0 4.5 0 0.561254 0.0170016 255 89 89
2.43044 10.6058 46.9499 2.34115 0 -3.9 0 -0.84636 0.421946 7 7 255
8.23787 25.6017 33.7604 -0.169001 0 -3.9 0 -0.720956 0.519098 200 200 255
19.7618 5.967 16.4826 0.126814 0 -0.795299 0 -0.0534795 -0.0304038 187 187 255
17.7415 15.088 33.0435 0.127588 0 -0.79734 0 0.272539 0.669715 51 51 255
11.552 2.09444 59.3183 -0.24775 -0.106502 1.22964 0 -0.766461 0.145013 103 103 255
45.222 2.49113 25.5028 0.97205 0 -4.5 0 0.247696 -0.935763 143 143 255
55.8286 18.2771 30.3534 1.18002 0 -3.9 0 0.888074 0.378035 255 146 146
-2.28644 25.3743 38.8187 2.21181 0 -3.9 0 -0.904424 0.341936 41 41 255
8.84437 3.619 16.7174 -0.0242989 0 4.5 0 0.248793 -0.285787 151 151 255
29.3626 15.6994 19.1424 0.729767 0 -2.46168 0 0.905268 0.417278 255 44 44
10.2411 -5.09688 58.829 -0.199681 0 3.8 0 -0.601383 -0.283904 255 175 175
6.0545 22.2455 17.058 0.0972618 0 -3.2 0 -0.290586 0.74583 6 6 254
23.7396 17.0329 22.599 0.237101 0 3.8 0 0.501573 0.858269 255 33 33
44.097 -0.063875 30.5723 0.0768896 0 -1.6 0 0.509359 -0.362882 157 157 255
13.5156 25.7008 33.808 0.413571 0.0978534 -1.54182 0 0.239297 0.0458954 62 62 255
51.9634 14.7963 34.6128 -0.160849 0.336253 -3.79965 0 0.548638 0.614963 255 201 201
16.7029 27.7912 22.8583 2.71982 0.10433 -3.9 0 -0.33199 -0.0104806 97 97 255
5.21513 9.89688 44.8212 1.42579 0 -3.9 0 0.842005 0.526881 25 25 255
17.3196 0.916687 59.6087 -0.0677129 0 4.5 0 0.755201 -0.643636 31 31 255
47.2233 16.1803 52.2788 -1.62136 -0.570181 -3.5 0 0.849337 0.416594 19 19 255
29.9334 13.3051 31.8766 0.147532 0 3.8 1 -0.163201 0.45343 255 73 73
-3.63206 20.0099 29.2328 0.341847 0 -4.5 0 -0.79223 0.546305 35 35 255
4.0715 24.321 35.832 -0.372775 0 4.5 0 -0.288007 0.853555 50 50 255
-0.3455 18.9882 15.8407 2.16751 0 -3.9 0 -0.896346 0.119094 6 6 255
9.0395 9.93444 41.4757 -0.279279 0 -3.5 0 0.740356 0.13765 43 43 255
17.7386 16.9551 35.5005 0.539026 0 -1.3 0 0.821062 -0.304236 111 111 255
55.0286 13.6257 44.6784 2.5705 0.324486 -3.9 0 0.768134 0.211442 1 1 254
25.6945 3.266 29.2505 1.17149 0 -4.5 0 0.242826 -0.36184 58 58 255
12.1473 11.0737 46.7463 -0.369465 0 -4.5 0 -0.755695 0.642928 140 140 255
14.5075 1.22263 21.9287 -0.366351 0 -2.93528 0 0.177431 -0.927405 28 28 255
27.5015 23.1344 22.4643 -0.129841 0 3.8 0 -0.801097 0.124435 255 103 103
45.9095 -2.193 35.5895 0.0412454 0 -1.6 0 0.763907 -0.644425 152 152 255
14.8203 4.09387 56.5894 0.456111 0 -1.6 0 -0.220256 0.97544 42 42 254
24.7551 19.9856 31.2986 1.21752 0 -3.9 1 0.905234 -0.417457 255 66 66
11.7673 -4.71481 59.5832 -0.134133 0 3.8 0 -0.0848758 -0.203322 255 141 141
52.499 -2.363 24.9403 0.195565 0 -3.5 0 0.278544 -0.874736 17 17 255
47.5835 6.7045 47.744 -0.355614 0 4.2 0 0.990407 -0.0587994 5 5 255
9.4505 29.869 26.8705 -0.17647 0 -1.37074 0 0.628895 0.74994 35 35 255
47.9985 7.51025 34.3703 -0.236786 0 4.2 0 0.608083 -0.441787 255 111 111
43.2933 -1.58081 37.9532 0.0920971 0 -1.6 0 0.762527 0.485343 104 104 255
-4.34881 6.69506 35.3289 1.59008 -0.00904845 -3.79714 0 -0.915563 -0.294512 9 9 255
10.048 0.569875 23.2384 0.0953884 0 -3.5 0 -0.167902 -0.975963 109 109 255
34.2891 -5.24319 48.7021 -0.0700225 0 -3.5 0 -0.724418 -0.579157 11 11 255
15.5506 31.5286 29.5562 -0.557863 -0.1471 -3.9 0 -0.745181 0.621642 4 4 255
30.8685 13.2371 19.8903 0.544482 0 -0.9 0 0.51738 0.705915 255 251 251
40.759 -3.4225 47.9545 2.81033 0.034444 -3.9 0 0.289016 0.212175 4 4 255
53.3595 1.82375 24.2451 0.655104 0.0696526 -3.5 0 0.539307 0.825404 30 30 255
31.8428 21.8671 30.0317 0.0770885 0 4.2 1 0.730587 0.179393 255 22 22
24.6226 8.84719 30.2424 3.54077 0.362524 -3.9 0 -0.821765 0.569826 166 166 255
25.524 9.72881 55.7322 -0.241159 0 -3.5 0 0.367913 -0.485817 24 24 255
-0.694375 10.4426 31.296 -0.522589 0 -0.9 0 -0.676788 0.515034 20 20 255
23.4583 30.6933 34.6092 0.187969 0 -3.2 0 -0.0146728 0.996492 113 113 255
48.7181 15.9116 34.9613 -0.0555165 -0.244219 2.74537 1 -0.247904 0.967639 255 73 73
32.367 16.5635 24.2921 1.17065 0.372356 3.8 0 0.238315 -0.170771 255 7 7
15.1683 4.02831 17.4028 0.22227 0 -1.6 0 0.0406479 -0.078566 132 132 255
19.7114 0.3295 35.9219 -0.559962 0 4.5 0 -0.622969 -0.766978 61 61 255
22.3483 7.06769 29.2374 1.64934 0 1.41565 0 -0.0497965 0.604405 60 60 255
22.3471 14.0936 27.7673 -0.0262883 -0.652837 -0.4 0 0.594667 -0.799692 186 186 255
30.8687 -3.91444 31.769 0.492256 0 -1.3 0 -0.277941 -0.715475 9 9 255
41.0831 -5.71112 28.17 -0.290138 -0.691412 -0.7 0 -0.469637 -0.654096 20 20 255
8.969 -4.5605 37.33 -1.68922 -0.729816 -3.5 0 0.396294 -0.806567 27 27 255
21.5354 17.8629 46.1928 0.186621 0 -1.84638 0 -0.540986 0.628355 20 20 255
25.4655 15.0635 28.6021 -0.461431 -0.346869 -0.8 0 0.432776 -0.899322 255 176 176
17.7918 -0.0494375 48.3825 -0.0677963 0 -1.6 0 0.0290186 -0.939657 3 3 255
27.4609 10.5257 34.4664 1.38006 0 -1.3 0 -0.916337 0.16859 238 238 255
13.923 15.43 11.7425 -1.05032 0 -3.5 0 -0.59563 -0.0691124 12 12 254
42.1336 4.68019 52.486 0.149418 0 4.31583 0 0.818639 -0.215192 1 1 255
31.785 -6.91306 43.3356 -0.239681 0 -3.5 0 -0.836361 -0.50436 51 51 255
25.7813 1.92219 24.1803 1.79583 0 -3.56728 0 -0.802946 -0.426394 161 161 255
19.6321 -2.73263 27.2806 1.99547 0 -3.9 0 0.169801 -0.939241 63 63 255
47.3602 15.1351 41.9173 -0.427736 0 -3.9 0 -0.312314 0.949767 199 199 255
47.9043 5.93325 39.988 0.25544 0.0341124 -3.5 0 0.973101 0.135553 130 130 255
42.7089 -3.78475 19.4655 0.636294 0 -4.5 0 0.700238 -0.641788 119 119 254
25.0912 10.8201 38.1032 1.07921 0 4.2 0 -0.404963 0.504848 214 214 255
-1.79638 13.236 34.0908 -0.103647 0.793976 -3.5 0 -0.789397 0.592281 5 5 255
25.8854 26.0911 31.5371 -0.616311 0 -3.5 1 0.319526 -0.585588 255 117 117
15.2756 11.8676 49.5846 0.911774 0 -4.5 0 0.070301 0.200882 255 217 217
17.0548 18.9037 40.0967 0.760923 0.213466 -3.5 0 0.829903 0.200097 44 44 255
24.5214 17.9562 48.3436 -0.228751 -0.179424 -3.16862 0 0.00095332 0.932042 5 5 255
44.1991 13.1554 32.324 -0.123234 0 -1.3 1 -0.880399 0.0734723 255 12 12
50.6916 16.7345 20.7787 0.491898 0.165459 -4.5 0 0.732983 0.625456 255 143 143
50.1616 1.11637 36.9471 1.7077 0 -3.9 0 0.935787 -0.00119942 75 75 255
17.7459 17.8626 43.7456 0.596638 0 -1.6 0 0.898192 0.42984 32 32 255
17.5872 6.69494 51.4226 0.320551 0 -2.49524 0 -0.895307 0.375794 116 116 255
42.9374 -0.8955 39.2663 -0.0133228 0 -1.3 0 0.870179 0.366438 66 66 255
24.045 3.37387 28.6187 0.804731 0 -4.37811 0 0.606612 -0.578508 38 38 255
13.2437 1.1575 48.5578 -1.3285 -0.448461 4.5 0 -0.545485 -0.721377 138 138 255
18.6521 16.2334 10.9274 -0.53952 -0.117905 -3.5 0 0.947386 0.297416 36 36 255
8.54587 23.5788 20.7658 -0.115214 0 3.8 0 0.684392 0.549094 50 50 255
12.2113 -0.19125 56.1683 -0.146988 0 3.8 0 -0.781619 0.461945 68 68 255
41.5696 15.7763 28.6468 0.312124 -0.142283 -1.1149 1 -0.714619 0.652976 255 37 37
39.4718 -5.771 35.2678 -0.517234 0 2.43645 0 -0.115616 -0.858551 36 36 255
9.34863 0.660875 25.5725 -0.222967 0 2.57292 0 0.20158 -0.935788 122 122 254
19.0183 18.6351 35.909 0.0308444 0 -1.3 0 0.912631 -0.30986 91 91 255
41.9601 18.1759 32.6586 -0.0342687 0 -1.3 1 -0.823851 -0.0969661 255 42 42
25.5709 8.17181 13.5557 0.18485 0 3.8 0 -0.397481 -0.605547 139 139 255
41.8926 1.24913 38.2298 -0.258368 0 4.5 0 0.917861 -0.378022 118 118 254
48.2476 -7.02356 27.442 0.0144605 0 -3.5 0 0.101878 -0.965485 71 71 255
34.7603 9.19875 20.9405 -0.161064 0 -0.9 1 0.923989 0.119868 255 20 20
16.2159 5.94569 17.8438 0.268653 0.0415743 -3.28428 0 -0.236517 -0.0500661 158 158 255
8.43563 16.6518 44.3745 0.0624354 0 -3.5 0 -0.107834 -0.786338 16 16 255
1.91663 20.3281 38.2308 0.435921 0.20634 2.26949 0 0.223662 0.528052 11 11 255
52.8745 5.656 26.383 -1.10547 -0.983008 -0.8 0 0.731456 -0.675182 23 23 255
47.5184 4.29331 34.1988 -1.1123 0 -3.9 0 0.72802 0.328513 187 187 255
3.53125 21.8573 25.191 -0.391703 -0.166045 3.8 0 -0.399309 0.797986 58 58 255
11.848 20.9648 17.1747 0.233178 0 -0.7 0 0.0732199 0.981433 98 98 255
2.46319 11.0142 45.3304 1.33772 0 -3.9 0 -0.683723 0.722889 5 5 255
26.9711 28.8734 27.8013 -0.191041 0 -3.5 0 0.399597 0.391285 255 72 72
48.44 13.2893 49.7905 -0.126752 0 -3.5 0 0.74394 0.454578 10 10 255
13.8343 3.50969 56.1308 0.183594 0 -1.6 0 -0.807825 0.581536 58 58 255
33.4248 3.16 21.3248 0.239084 0 4.5 0 0.323905 0.0745103 255 111 111
6.03356 29.1991 22.7642 1.34432 0 -3.9 0 -0.405123 0.909524 77 77 255
49.4817 3.53481 19.1954 -0.432388 -0.0620086 -1.41755 0 0.799783 -0.536723 128 128 255
2.11775 2.36066 18.4424 2.30688 0 -3.9 0 0.15722 -0.196301 97 97 255
43.305 -3.492 43.997 -0.0484757 -0.165561 -3.6367 0 0.728485 -0.641131 9 9 255
43.7523 -3.59663 38.141 -0.00751897 0 -1.53525 0 0.844683 -0.0567093 84 84 255
19.217 17.4882 13.2311 0.85099 0.55772 -3.5 0 0.704226 0.41597 43 43 255
44.3829 13.8811 40.4118 -0.121276 0 4.5 0 -0.50742 0.728631 255 70 70
29.0234 26.2573 26.5772 -0.146487 0 3.8 0 0.229119 0.921 255 90 90
50.6169 10.7118 43.7941 -0.0484585 0 -0.9 0 0.704384 -0.495121 9 9 255
8.7865 23.9357 23.1795 -0.218709 0 3.8 0 0.222375 0.354684 78 78 255
4.20519 22.7744 22.6461 -0.1251 0 3.8 0 -0.935686 0.340348 32 32 255
17.4972 -1.06412 33.2788 -0.537942 0 -3.5 0 0.254066 -0.811107 129 129 255
28.6669 16.4282 20.7106 0.57006 0 -4.5 0 0.955064 0.192462 255 55 55
39.9053 12.3989 34.8975 0.235466 0.0465297 -3.5 1 0.596935 0.746247 255 1 1
42.0495 16.8726 32.5312 0.0805787 0 -1.3 1 -0.594039 -0.425647 255 16 16
40.8733 2.35019 19.4163 0.281186 0 2.8 0 -0.324365 0.477131 255 42 42
53.8676 13.1692 41.5187 1.60639 0.265906 -3.9 0 0.427988 0.0601448 3 3 255
52.7501 1.69113 28.0807 -0.135913 0 4.2 0 0.99395 0.0980902 28 28 255
27.2776 -1.12838 23.1736 2.36742 0 -3.9 0 -0.468897 -0.868519 183 183 255
28.5111 -3.34894 30.5121 -0.333754 0 -2.73862 0 -0.522152 -0.841185 25 25 255
40.9613 -6.46163 44.1683 0.417117 0 -3.9 0 0.513718 -0.835539 19 19 255
43.319 -2.27944 39.3212 -0.0486804 0 -1.3 0 0.993514 0.110111 71 71 255
45.7861 8.98287 38.0334 0.0337398 0.607295 0.45689 0 0.900947 0.279615 255 29 29
34.5694 -4.45038 28.3332 -0.394247 0 -3.5 0 0.507307 -0.425665 7 7 254
27.291 9.43906 36.175 1.32887 0 4.2 0 -0.587776 0.0798001 139 139 255
18.5903 25.2387 34.5662 -0.755496 -0.540221 2.5 0 0.452321 0.188723 89 89 254
52.7489 11.1419 32.577 -1.23279 0 -1.33747 0 0.9923 -0.114035 179 179 255
55.2441 7.35075 27.3267 0.250778 0 -1.6 0 0.48245 -0.684898 24 24 255
10.6252 7.83375 50.887 2.69484 0.0586538 -3.9 0 -0.5736 0.782893 70 70 254
2.08825 8.06956 42.1478 -0.182389 0 -3.98329 0 -0.988025 0.152316 2 2 255
51.9857 -4.15675 29.1287 -0.148656 0 -0.7 0 -0.379444 -0.881653 23 23 255
12.8693 16.0753 12.4023 -0.140721 -0.311925 -3.5 0 -0.381597 -0.334489 25 25 254
17.9032 -0.204 40.1975 -0.688901 0 -0.7 0 -0.799896 -0.596074 21 21 255
1.19572 4.74087 19.4677 2.04486 0 -3.9 0 -0.596752 0.550747 28 28 255
41.9753 1.23312 18.7505 0.121561 0 -1.51884 1 0.332145 0.732635 255 53 53
44.0081 2.01375 39.4516 0.163039 0 -3.5 0 0.0381849 -0.755822 85 85 255
7.67263 20.6876 17.9812 -0.0757643 0 -1.31103 0 0.323647 0.942648 16 16 255
22.6867 21.2358 21.3831 -0.49115 0 2.86491 0 0.998822 0.00833438 255 175 175
-2.79319 19.7227 35.2655 -1.1661 -0.808341 -3.5 0 -0.263208 -0.865128 31 31 255
46.6659 15.6788 36.2319 -0.118025 0 4.5 1 -0.0900482 0.925165 255 35 35
25.0941 12.3865 25.4478 0.979465 0 -4.5 0 0.521703 -0.405042 223 223 255
1.961 0.27575 25.1465 0.195905 0 -1.6 0 -0.0999513 -0.302006 6 6 255
-2.15284 12.8668 37.5039 -0.0275253 0 -3.5 0 -0.393523 0.71341 7 7 255
42.3026 -3.02863 42.9425 -0.0166499 0 -3.62631 0 0.717149 -0.631034 13 13 255
18.6004 0.813937 36.4677 -0.792912 0 4.48801 0 -0.0418187 -0.977423 73 73 255
25.0399 16.7344 52.3101 -0.397558 0 -3.5 0 -0.659843 0.682984 6 6 254
48.1402 -1.52294 36.6997 0.143364 0 -3.9 0 0.17537 -0.975467 133 133 255
44.1499 1.46231 23.7011 0.103229 0.0429026 -4.5 0 0.480015 -0.775402 133 133 255
20.8759 32.3934 28.6279 -0.0306541 0 -3.5 0 -0.250661 0.67894 31 31 255
7.2345 30.3057 22.1474 1.72918 0.864704 -3.9 0 -0.211072 0.967259 67 67 255
30.7034 9.73038 23.848 0.856519 0.212006 -0.871977 0 -0.471241 0.639985 220 220 255
4.73725 -1.98525 40.2805 -0.279574 0 -3.5 0 -0.860408 -0.421236 104 104 255
49.3771 18.9207 31.48 0.0431618 0 -3.9 1 -0.100439 0.985043 255 60 60
11.719 27.7529 27.294 0.236685 0 -3.5 0 0.242067 0.638259 21 21 255
52.6222 8.49325 29.5876 -0.292556 0 -0.785265 0 0.94358 0.00743604 52 52 255
52.802 -4.1825 26.8573 0.000745105 0 -0.7 0 0.0447357 -0.776639 12 12 255
30.8679 10.166 26.9746 0.917148 0 -0.8 0 -0.647335 0.589675 255 234 234
47.7882 8.65537 16.3389 0.258204 -0.250652 -3.37424 0 -0.113103 0.0723391 255 102 102
3.38856 14.5769 18.1366 -0.00304981 0 -3.5 0 -0.882113 -0.389006 13 13 255
36.7605 -7.16531 36.1432 -0.0738111 0 -0.7 0 -0.0730392 -0.482747 39 39 255
55.3271 12.7312 42.3257 2.67942 0.208193 -3.9 0 0.889385 -0.112583 1 1 255
12.7694 1.90625 57.8975 -0.0470748 0 -1.6 0 -0.817247 0.0242249 107 107 255
-1.4375 12.2585 38.6307 -0.0180228 0 -3.5 0 -0.513134 0.345015 3 3 254
23.1876 21.4317 22.9927 -0.133616 0 2.18659 0 0.762813 -0.0938741 255 148 148
55.0238 -3.0435 27.2792 -0.0231671 0 -0.7 0 0.788076 -0.245843 8 8 255
48.8175 -5.77675 25.399 0.344056 0 -3.5 0 0.253205 -0.729837 74 74 254
46.2277 16.2219 24.4482 0.380584 0 -3.5 1 0.0138735 0.983523 255 36 36
14.3064 22.8002 36.9189 0.123885 0 0.774323 0 -0.0229813 0.825027 44 44 255
7.658 -4.338 39.8055 -1.0865 0 -3.5 0 -0.0654462 -0.691585 58 58 255
14.4224 9.60163 49.1177 0.826029 0 -4.5 0 0.29318 -0.396125 139 139 255
-2.7525 14.6298 32.1447 -0.285198 0 -4.5 0 -0.0291677 0.106392 5 5 255
32.7383 5.7825 20.6874 0.172961 0 4.5 0 0.73008 -0.345632 255 42 42
42.252 17.3521 27.5327 -1.17811 -0.101771 -1.3 1 -0.763542 0.581911 255 43 43
23.5025 -3.87063 37.335 -0.878618 0 -3.5 0 -0.29296 -0.954046 13 13 255
48.2904 0.178937 40.0892 1.31894 0.849624 -3.9 0 -0.126941 -0.718774 76 76 255
19.6431 12.8932 13.6757 0.361116 0 -4.5 0 -0.128724 -0.686053 255 238 238
37.6949 -2.05094 20.1654 0.894762 0 -4.5 0 -0.906591 -0.110625 255 253 253
52.3902 10.7901 30.4097 -0.611521 0 -0.7 0 0.9977 -0.00738352 126 126 255
41.6541 9.114 57.6954 0.129337 -0.0391388 -1.3 0 0.323516 0.124421 0 0 255
8.307 30.0905 21.843 2.2418 0.237295 -3.9 0 0.495207 0.860007 67 67 255
47.2174 17.2712 51.3144 -0.366291 0 -3.5 0 0.657288 0.46419 50 50 255
18.0643 18.4069 33.6899 0.372614 0 -1.3 0 0.490099 -0.820889 194 194 255
42.5413 0.031625 36.8901 0.162055 0 1.55449 0 0.507118 0.380927 144 144 255
28.7475 12.6622 27.4947 0.68504 0 3.8 0 -0.370993 -0.644057 255 228 228
1.9655 0.443125 20.281 1.10733 0 -3.9 0 -0.340213 -0.936348 98 98 255
10.832 13.554 13.654 -0.10978 0 -0.7 0 0.411494 -0.350007 6 6 255
10.7338 21.6749 46.3432 -0.14888 0 -3.5 0 -0.430676 0.249917 4 4 255
18.3106 16.3596 50.596 0.246116 0 -1.6 0 -0.570626 -0.320359 17 17 255
-3.533 17.176 31.743 -0.0157919 0 -4.5 0 -0.130864 0.130188 4 4 255
50.5009 14.8317 19.9307 0.701903 0.291695 -4.5 0 0.770231 -0.209262 255 75 75
44.1304 11.9183 33.7894 -1.02531 0 -3.5 1 -0.87837 0.379899 255 6 6
29.8455 7.004 55.7215 -0.520605 0 -3.5 0 -0.710293 -0.678505 14 14 255
42.7977 11.3094 32.2091 -0.420941 0 -1.88818 1 -0.323333 0.658685 255 1 1
10.4668 13.1185 43.6113 -0.294396 0 3.8 0 -0.653539 -0.619843 107 107 255
19.552 30.9478 25.5368 -0.019551 0 -3.9 0 0.817221 0.463643 75 75 255
47.7701 19.0754 31.004 0.0366699 0 -1.3 1 0.501454 0.665135 255 29 29
36.168 12.9939 52.3243 0.41684 0 -0.4 0 -0.767754 0.459717 24 24 255
18.2795 -0.160187 25.2453 0.437758 0 0.939982 0 -0.343971 -0.787638 27 27 255
22.0284 -2.20475 41.381 -0.362088 -0.0256601 -0.877261 0 -0.100986 -0.793297 29 29 255
19.9942 31.1604 32.9724 -0.725666 -0.908331 -3.2 0 -0.0444953 0.705863 50 50 255
-2.9215 20.9599 29.436 0.583733 0 -4.5 0 -0.853754 0.37494 45 45 255
20.7994 16.1495 44.6267 0.403688 -0.0425735 -2.66637 0 -0.581262 0.36875 24 24 255
42.8391 5.77056 21.8977 0.322311 0.0204841 -4.5 1 -0.525669 0.683301 255 22 22
21.5888 -0.04325 44.5698 -0.0631424 -0.240838 0.0694485 0 -0.395184 -0.891647 8 8 255
10.6543 1.47875 20.7068 -0.241373 -0.164169 -3.5 0 -0.121776 -0.829618 156 156 255
18.5918 9.65981 17.4676 -0.248112 0.0646132 -2.26322 0 -0.118087 0.577221 255 206 206
34.8527 7.67725 19.5861 0.407658 0 -0.9 1 0.754555 -0.650759 255 7 7
4.30919 3.91394 41.2479 -0.0263091 0 -3.5 0 -0.843844 -0.370252 21 21 255
-2.80281 6.52362 24.2676 -0.692774 0 -2.71237 0 -0.546197 -0.512954 0 0 255
30.9859 11.1449 42.8063 1.07721 0 -1.3 0 0.173641 0.949281 230 230 255
-2.69688 7.62612 23.441 -0.495808 0 -3.5 0 -0.0836718 -0.556451 0 0 255
26.9111 9.09881 33.3209 2.51367 0.106272 -3.9 0 -0.579189 -0.00238978 182 182 255
26.1723 6.64638 35.5522 1.38811 0.868209 3.35272 0 -0.539043 0.842152 214 214 255
26.5868 14.9893 29.0315 0.457189 0 3.63276 0 -0.244104 -0.726383 255 131 131
17.3215 17.0135 49.2125 0.194083 0 -1.6 0 -0.62856 0.317545 31 31 255
26.2065 20.2046 20.6427 0.0713766 0 4.5 0 -0.526357 0.243256 255 59 59
0.2015 3.4015 37.4733 -0.0594477 0 2.66904 0 -0.673171 -0.42039 13 13 255
14.4336 -2.41656 63.1085 -0.510587 0 -3.2 0 -0.0485111 -0.968593 76 76 255
29.6086 -1.65412 22.9524 0.8007 0 -3.9 0 -0.0444142 -0.932967 131 131 255
19.4703 -0.134687 49.0976 -0.22641 0 -1.6 0 0.202938 -0.979188 1 1 255
43.9239 2.08675 29.3362 -0.220943 0 -1.6 0 0.360546 -0.666391 194 194 255
21.4534 16.6303 43.2368 1.13431 0.00235506 -3.5 0 -0.856721 0.303537 67 67 255
29.428 17.244 47.8537 0.202364 0 -3.9 0 0.296288 0.652228 8 8 255
36.0527 14.577 25.1091 0.308414 0 -3.5 1 0.464038 0.876325 255 26 26
16.3041 -0.933 57.4709 0.861722 0 -1.6 0 0.621692 -0.724453 49 49 255
3.30944 24.2628 34.5069 -0.745198 -0.790963 -0.4 0 0.0249148 0.962478 57 57 255
28.2649 26.0178 25.6604 -0.173873 0 3.8 0 -0.323042 0.945929 255 151 151
23.832 25.8326 32.4706 0.110073 0 -3.2 1 0.801262 -0.351056 255 221 221
28.42 28.7849 28.4731 -0.115255 0 -3.5 1 0.839945 0.378729 255 40 40
23.8765 3.78669 26.6142 1.15108 0.882631 -3.9 0 0.447651 -0.892186 44 44 255
18.6308 17.0312 36.1938 0.408219 -0.426052 -1.04865 0 0.652392 0.0690819 98 98 255
33.6073 14.2952 29.9306 -0.000890121 -0.071249 3.8 1 0.424755 0.571323 255 51 51
15.5164 6.16725 60.0441 -0.343284 0 4.5 0 0.186837 0.841301 31 31 255
29.9897 -4.11331 41.653 -0.505489 0 -0.3795 0 -0.00101068 -0.780785 5 5 255
22.4521 0.002125 32.9787 -0.106122 0 4.5 0 -0.0990292 -0.798328 34 34 255
39.776 13.4718 23.0438 -0.923961 -0.44687 2.8 1 -0.279019 0.482863 255 4 4
11.2494 10.9506 40.0809 -0.353824 0.254672 4.5 0 -0.0324406 -0.463451 242 242 255
33.5919 11.2438 54.5352 -1.05128 -0.00588306 -3.5 0 0.522662 0.80123 11 11 255
-1.93 -5.86369 35.3993 0.203547 0 -3.5 0 -0.412225 -0.656203 13 13 255
21.5174 -1.51562 27.7375 1.04283 0 -3.9 0 0.810945 -0.57374 119 119 255
31.7249 -8.29144 34.2449 1.6171 0 -3.9 0 0.446062 -0.869565 9 9 255
39.7329 0.857188 52.3094 0.703722 0 -3.9 0 0.458689 -0.860103 3 3 255
8.11369 18.771 13.3509 1.13963 0 -3.2 0 -0.394049 -0.375321 16 16 255
21.9422 24.1723 20.9688 -0.442507 0 4.2 0 0.461349 0.475145 127 127 255
23.6393 20.2751 15.2596 -0.306955 0 4.5 0 0.0130298 -0.23716 255 208 208
49.7433 3.63963 17.9917 0.136948 0 -3.5 0 0.511906 -0.856818 169 169 255
44.1314 3.7135 49.4062 -0.0297061 0 3.38956 0 0.406235 -0.56186 2 2 255
28.2286 15.9504 29.1671 0.386105 0 3.72793 1 -0.353414 0.266735 255 63 63
-5.42212 8.59538 36.0081 -1.93262 -0.447872 -3.5 0 -0.842723 -0.290412 10 10 255
12.1011 26.4089 43.8652 -1.55881 -0.304037 -3.5 0 0.119116 0.962149 0 0 255
3.54888 18.0274 43.2076 0.0745366 0 -4.5 0 -0.773317 0.326431 1 1 255
29.003 4.29725 52.902 -0.66685 0 4.2 0 -0.264057 -0.51107 4 4 255
10.4812 9.9455 45.738 -1.33228 -0.593732 -3.64338 0 -0.418141 0.857129 51 51 255
32.4724 23.2739 27.2284 -0.00507326 0 4.2 1 0.507011 0.81473 255 8 8
12.8335 -1.28737 64.8587 0.563921 0.0661196 -3.2 0 -0.373474 -0.537273 60 60 255
13.7016 -0.984625 43.5741 -0.0828506 0 -3.9 0 0.513532 -0.853887 50 50 255
51.614 13.9043 35.8435 -0.282763 -0.250121 -3.5 0 0.53331 0.232636 246 246 255
37.4606 13.4181 50.3143 1.64702 0 -0.4 0 -0.640996 0.123479 141 141 255
14.1342 6.882 51.0912 1.49345 0 -3.9 0 0.710927 0.699952 107 107 255
47.3876 2.62625 28.8985 -0.329445 0 -3.73049 0 -0.557574 -0.530629 91 91 255
44.3036 16.4225 48.3362 -0.107766 0 -3.5 0 -0.346401 0.871254 175 175 255
26.1735 0.97925 22.9107 2.63121 -0.0392436 -3.88166 0 -0.853162 -0.406212 169 169 255
17.3647 0.607938 41.2615 -0.741775 0 1.3544 0 -0.632776 -0.770427 15 15 255
0.221625 23.6739 39.4485 2.07109 0 -3.9 0 0.606047 -0.107143 17 17 255
52.7387 1.56406 25.9554 -0.0171609 0 -3.5 0 0.785038 0.581924 33 33 255
14.6323 29.3196 29.3866 -0.21242 0 -0.0101548 0 -0.854331 0.337842 7 7 255
-0.871125 25.7873 32.3554 -0.478084 0 0.523287 0 -0.691921 0.64225 139 139 255
49.407 -4.04038 29.212 -1.59001 -0.063252 -3.5 0 -0.0513018 -0.562937 53 53 255
37.8101 1.7285 21.5443 0.592648 0 4.5 0 0.0217977 0.34893 255 68 68
46.6068 -1.06775 42.413 -1.54007 -0.110711 -3.5 0 0.807747 -0.0798862 20 20 255
5.45625 6.09469 45.2958 0.0981842 -0.326358 -3.9 0 -0.0457693 -0.378136 28 28 255
4.02625 20.5094 19.8704 -0.0241436 -0.0680877 3.20958 0 -0.358992 0.801497 13 13 255
44.2845 17.6146 50.1427 -0.237067 0 -3.5 0 -0.520726 0.831673 121 121 255
49.7993 8.92925 40.8275 0.0867701 0 -0.9 0 0.781276 -0.367395 68 68 255
37.9129 12.4529 46.2387 -0.790186 -0.975949 -0.7 0 -0.187757 0.971033 255 107 107
3.74437 1.65937 18.9304 0.397027 0 -3.9 0 0.404343 -0.333649 133 133 255
27.905 7.44431 54.1264 -1.03355 -0.0701394 3.8 0 0.0590917 -0.651225 13 13 254
9.54688 21.041 17.0024 -0.942816 -0.876327 -0.7 0 -0.0241753 0.984396 61 61 255
15.6827 11.1105 16.5499 -0.13816 0 -0.7 0 0.773705 -0.293206 207 207 255
25.0121 16.9508 22.4654 0.966624 0 -4.5 0 -0.208977 0.939991 255 39 39
17.2267 22.2501 15.83 -0.0630073 0 -3.2 0 -0.17352 0.682293 83 83 255
0.0210625 20.3524 16.6074 1.27474 0 -3.9 0 -0.549871 0.823091 7 7 255
32.5098 14.8682 45.8965 -0.875838 -0.117344 -0.7 0 0.466828 0.861026 114 114 255
28.0983 -6.05944 42.3316 -0.500122 0.207096 -3.32655 0 0.431585 -0.861494 5 5 255
18.4792 0.023125 42.3089 -0.560064 0 -0.306671 0 -0.317891 -0.912853 16 16 255
46.94 15.1799 44.7664 -0.872409 -0.71953 4.2 0 -0.0384244 0.999215 79 79 255
32.869 20.8922 27.6454 0.0846064 0 3.83316 1 0.699344 -0.328672 255 6 6
34.2925 11.095 20.8458 0.0087106 0 -2.50515 0 0.81279 0.515845 255 93 93
16.7104 32.557 29.3371 -0.00701575 0 -3.9 0 -0.444283 0.880677 4 4 255
46.3268 -0.887594 32.4542 0.0251123 0 -3.38506 0 0.147667 -0.977382 153 153 255
48.1736 12.6849 16.3024 1.01562 0.169454 -3.2 0 0.708215 0.0202793 255 58 58
19.5305 15.24 35.517 0.457736 -0.870819 -0.8 0 0.524991 0.751745 126 126 255
0.23875 12.8313 21.4735 0.36606 0 -3.9 0 0.30091 0.122925 0 0 255
55.0412 -2.03888 29.4095 -0.0303942 0 -0.7 0 0.815942 0.273144 9 9 255
9.55163 -1.85675 56.9562 -0.375351 0 3.8 0 -0.768491 0.471055 114 114 255
26.0355 23.362 23.9359 0.679883 0 3.8 0 -0.550098 0.0275649 255 153 153
2.22919 17.3252 15.404 3.76755 0.255223 -3.9 0 0.22751 -0.762329 9 9 255
46.1449 3.89294 45.3068 -0.309038 0 -3.5 0 0.591904 0.247521 10 10 255
21.3299 10.3969 14.4216 -0.275816 0 1.9 0 -0.376183 0.393625 244 244 255
22.0741 -1.64956 34.8851 -0.317973 0 -3.5 0 -0.124817 -0.379439 15 15 255
32.4275 24.0328 25.2364 -0.0649284 0 3.8 1 0.477001 0.873159 255 6 6
18.6164 8.98244 52.3184 0.331247 0 -3.5 0 -0.780703 0.495077 54 54 255
36.4524 -3.10081 32.5346 -0.278542 0 4.24667 0 -0.00503466 -0.517259 5 5 255
56.48 16.5314 30.7366 2.39079 0.896516 -3.9 0 0.996508 -0.0732899 255 130 130
47.0477 4.30169 16.2739 0.202391 0 -3.5 1 -0.375076 -0.474449 255 58 58
2.1265 25.3162 26.935 0.0329201 0 3.8 0 -0.691516 0.291304 101 101 255
15.8083 23.0018 18.3135 -0.685782 0.0692859 -3.2 0 -0.276429 0.921963 116 116 255
38.6336 -8.11156 36.8657 -0.137826 0 -0.973913 0 0.340803 -0.193106 47 47 255
16.6496 18.99 41.5705 0.68701 0 -1.95036 0 0.659514 0.686189 87 87 255
12.5463 20.1968 13.211 -0.121747 0 -3.5 0 0.225069 0.775598 59 59 255
10.6271 23.012 45.9533 -0.43163 0 -3.5 0 -0.384565 0.0728013 3 3 255
37.4092 2.40575 53.1403 1.26602 0.239736 -3.9 0 -0.196809 -0.665962 2 2 255
32.0081 12.5181 19.539 0.172369 0 -0.9 0 0.670091 0.696684 245 245 255
22.9433 9.29125 36.7954 1.7375 0.105457 -0.7 0 0.471832 0.422242 102 102 255
24.7337 3.10869 20.7779 -0.567287 0 -3.5 0 -0.267869 -0.921556 74 74 255
19.0616 -2.03831 40.0859 -0.663741 0 -0.7 0 -0.696535 -0.539923 10 10 255
-3.82944 23.6074 32.2381 -0.226559 0 -3.5 0 -0.619499 0.732126 114 114 254
6.23681 -4.66087 31.6203 0.133378 0 -3.5 0 -0.467975 -0.697131 39 39 255
31.8835 10.8645 26.1208 0.589207 -0.911185 -0.8 0 -0.944691 0.211168 255 179 179
50.1377 12.5876 36.5836 -0.109456 0 -3.5 0 0.55983 -0.309964 255 155 155
52.9462 11.1722 42.5569 1.22756 0 -3.9 0 0.249506 -0.865858 2 2 255
46.0039 6.2495 43.7287 -0.413029 -0.112675 -0.9 0 0.622436 -0.77462 43 43 255
-4.73281 9.7385 26.5322 -0.676652 0 -3.5 0 -0.854113 0.125729 1 1 255
0.0494375 -0.974063 26.3849 0.0178778 0 -1.6 0 -0.383931 -0.70566 4 4 255
28.692 -2.42162 47.639 -0.482513 0.0625956 -3.2 0 -0.158704 -0.287805 5 5 255
30.481 12.307 22.216 0.498019 0 -0.9 0 -0.0383577 0.857332 136 136 255
31.7076 -4.49944 27.6014 -0.498361 0 -1.42442 0 -0.861998 -0.503539 33 33 255
29.2236 16.2629 25.5638 1.14117 0 3.8 0 -0.328839 -0.689376 255 22 22
17.2642 2.853 18.098 0.234928 0 -3.0673 0 -0.385974 -0.779525 38 38 255
18.1763 31.4521 32.63 0.981044 0 -0.4 0 0.0798944 0.892063 22 22 254
9.66088 -4.113 58.634 -0.271841 0 3.8 0 -0.831818 -0.147427 255 221 221
3.23187 24.2658 25.6518 -0.319386 -0.137665 -1.21881 0 -0.593931 -0.0595508 198 198 255
16.6947 3.13806 57.4577 0.16307 0 -1.6 0 0.776738 0.610923 35 35 255
14.2286 -1.301 33.9893 -0.883474 0 -2.19069 0 0.621668 -0.77252 164 164 255
11.9733 -3.78175 55.2336 -0.317193 0 3.8 0 0.294842 -0.0941273 159 159 255
26.0293 19.8714 15.3864 -0.0787072 0 4.5 0 0.426835 -0.0233223 255 51 51
41.5807 -2.41769 21.2645 0.421353 0 -4.5 0 0.760344 -0.364446 146 146 255
39.6335 -3.485 22.055 0.84332 0 -4.5 0 0.202113 -0.904201 119 119 255
32.7209 15.9059 43.356 0.272646 0 -1.3 0 -0.736391 0.674032 243 243 255
49.504 2.88888 37.187 1.30784 0 -3.9 0 0.636773 0.738834 58 58 255
29.2961 9.16875 24.0448 0.362549 -0.52623 4.5 0 -0.2569 0.845536 183 183 255
41.6523 -3.26644 26.7112 -0.582492 -0.949934 -0.7 0 0.205603 -0.167505 55 55 255
10.6246 17.1758 46.1335 -0.851969 -0.470306 3.8 0 -0.750745 -0.438351 33 33 255
33.016 -5.93762 32.8746 0.162364 0 -3.13306 0 0.120766 -0.715917 11 11 255
38.3213 12.9157 49.5201 -0.211814 0 -1.3 0 -0.868969 0.211956 154 154 255
5.54725 10.896 47.3667 2.4913 0.127218 -3.9 0 0.834291 0.492403 40 40 255
20.9049 15.6016 50.2417 0.286348 0 -1.6 0 0.310555 -0.310102 4 4 255
49.2555 1.55475 40.3363 2.84084 0 -3.9 0 0.32529 0.0896808 69 69 255
24.5938 26.5926 32.3377 -0.0860873 0 -3.40109 1 0.347289 -0.607629 255 203 203
30.2292 -5.16175 37.7748 -0.351861 0 -2.76573 0 -0.794154 -0.315401 22 22 255
23.6066 32.5863 30.6624 -0.524811 0 -3.5 0 0.112926 0.823342 43 43 255
24.4475 -2.56387 42.8145 0.587323 0.625962 -3.5 0 -0.752673 -0.521898 10 10 255
25.5395 3.70469 25.9274 0.0108939 -0.856657 -3.5 0 -0.301275 -0.838554 75 75 255
50.6975 0.239187 39.0316 2.64824 0.485351 -3.9 0 0.881424 -0.406789 54 54 255
40.9495 15.5014 50.6096 -0.28848 0 -3.5 0 0.228411 0.94331 147 147 255
6.82562 23.5051 13.5786 -0.31947 0.236081 -3.2 0 -0.371859 0.779088 15 15 255
2.83275 5.07794 43.5901 0.0101352 0 -3.9 0 -0.661595 -0.749496 17 17 255
31.4769 12.471 26.3511 0.570515 0 -3.5 0 -0.765268 -0.493217 255 169 169
5.96 13.5556 42.2921 -0.0707708 -0.320742 -3.8266 0 0.159229 -0.171461 7 7 255
41.458 -5.87875 32.0058 -0.248543 0 -0.7 0 -0.0469162 -0.944929 23 23 255
20.8321 14.7887 37.9224 0.531316 -0.982324 -0.70983 0 0.147656 0.920244 197 197 255
11.0083 -3.67762 36.8701 -0.492923 0 1.75987 0 0.291639 -0.953622 95 95 255
40.623 16.0758 47.5257 -0.720818 -0.119901 -3.5 0 -0.296582 0.726324 255 150 150
20.5181 12.5614 52.0318 -0.106747 0 -0.7 0 -0.495552 0.745922 8 8 255
45.7165 14.7744 43.9581 -0.89492 -0.56207 4.2 0 -0.384016 0.901504 238 238 255
10.2221 -4.02556 30.9219 -0.0980226 0 -3.5 0 0.835105 -0.475921 57 57 255
-0.93775 5.60269 22.4223 -0.0435802 0 4.5 0 -0.637023 0.26346 3 3 255
25.336 -6.56425 35.9408 -2.2273 -0.676905 -3.5 0 -0.382907 -0.876792 11 11 255
1.98219 6.67362 43.1696 0.0442906 0 -3.9 0 -0.938326 -0.345741 5 5 255
17.4145 0.537063 56.8409 -0.00555637 0 -1.6 0 0.968081 -0.22031 34 34 254
38.8758 4.27563 22.7761 0.225414 0 4.5 1 0.0822674 0.5551 255 31 31
41.2427 8.17375 23.5753 -0.573908 0 -3.5 1 -0.258168 0.165895 255 6 6
25.2936 16.789 50.377 0.100727 0 -3.5 0 -0.292266 0.891448 1 1 255
37.1753 9.52563 55.823 -0.549882 -0.0352426 -2.61704 0 -0.109095 0.463277 1 1 255
36.4261 -4.23806 25.4159 -0.203004 0 -3.5 0 0.86278 -0.41655 34 34 255
-0.147813 4.02775 20.9264 1.65907 0.856852 -3.9 0 -0.84075 0.253036 12 12 255
33.2021 -5.266 45.598 0.362293 0 -3.36152 0 -0.389767 -0.701687 41 41 255
42.117 17.0194 29.4513 -0.490274 -0.433555 -1.3 1 -0.860719 0.508223 255 35 35
50.2966 16.7525 24.2099 0.566959 0.0857339 -4.21112 1 0.569647 0.816369 255 39 39
12.0924 9.7105 16.2096 0.300998 0 -0.7 0 -0.394161 0.197986 88 88 255
26.7634 4.47225 29.3494 0.959996 0 -3.9 0 0.102938 -0.630524 74 74 255
24.0486 -1.7865 34.8037 -0.679849 0 -3.5 0 -0.396089 -0.360088 19 19 255
42.2674 3.21662 50.3354 0.216577 0.0174155 4.5 0 0.432477 -0.739103 1 1 255
37.4644 12.8073 41.5793 -0.187167 0 -1.3 1 0.803019 0.591377 255 16 16
25.7936 5.70503 54.0927 -0.702871 0 -0.4 0 0.539945 -0.0258605 6 6 255
34.1014 -8.06669 37.2071 0.938701 0.609613 -3.9 0 0.0233607 -0.895303 19 19 255
20.2846 31.4704 27.8454 -0.0750516 0 -3.5 0 0.21734 0.575854 30 30 255
47.0979 1.32981 48.4241 0.0912328 0 -3.5 0 -0.0635518 -0.299121 10 10 255
20.8218 29.173 25.7641 -0.514229 0 -3.5 0 0.111322 0.974228 64 64 255
35.2164 -11.3608 41.945 -1.72958 0 -3.5 0 -0.140544 -0.989521 99 99 254
48.4756 7.306 40.9615 -0.24902 0 -0.9 0 0.736582 -0.652931 83 83 255
2.31406 9.13025 46.7116 1.47574 0 -3.9 0 -0.841351 -0.241267 8 8 254
17.2083 30.5861 24.2 1.59316 0 -3.9 0 -0.297441 0.789766 61 61 255
1.01838 16.2673 19.1217 0.253756 0 -3.9 0 -0.287379 -0.95241 5 5 255
20.506 6.49162 56.0369 -0.293428 0 -3.5 0 -0.00377571 -0.302207 23 23 255
33.2911 16.5339 40.6611 0.596659 -0.0466974 -1.3 0 -0.746361 0.614564 255 249 249
27.536 11.699 12.9117 0.0956981 0 3.8 0 0.384603 0.878606 255 107 107
42.8321 1.98625 28.4536 0.0820485 0 2.11847 0 0.683134 -0.685856 210 210 255
35.9031 10.7754 25.0099 0.506802 0 -3.09952 1 0.14504 -0.728908 255 11 11
6.35569 28.8982 31.7916 -2.20739 -0.206504 -3.5 0 -0.443825 0.87665 255 200 200
25.2924 7.14463 54.2941 -0.828462 -0.199369 -0.66576 0 0.297783 -0.22438 7 7 255
47.245 0.793 21.9757 0.0718785 0 2.8 0 0.104976 -0.989871 156 156 255
47.2656 -2.15525 26.3066 -0.352413 0 -3.5 0 -0.74795 0.663748 104 104 255
-1.91475 8.99175 22.854 -0.353577 0 -3.9 0 -0.0279204 -0.464304 0 0 255
-2.93331 5.58575 30.3412 -0.289704 0 -0.4 0 -0.799567 -0.57961 2 2 255
24.899 0.68125 48.9231 0.369017 0.886486 1.9 0 0.0375114 -0.99882 2 2 255
32.4269 0.858 54.4036 -0.807302 0 -3.5 0 0.369916 -0.928905 1 1 255
39.266 9.89937 56.8026 -0.528857 -0.397263 -1.3 0 -0.376255 0.0557974 1 1 255
11.677 5.48787 60.0035 -2.27188 -0.592927 4.5 0 -0.746878 0.586118 54 54 255
25.8106 -5.61462 33.7581 -1.01994 0 -3.5 0 -0.569393 -0.523133 18 18 254
42.1628 7.137 52.9878 0.0299753 0 -1.3 0 0.850367 -0.491167 1 1 255
28.6392 18.5691 17.3765 -1.03896 -0.181438 4.5 1 0.963935 0.21195 255 29 29
-1.723 7.96938 39.225 0.492696 0 -3.9 0 -0.343694 0.487073 2 2 255
46.4581 -1.38262 34.537 -0.0661824 0 -3.9 0 0.402897 -0.813895 193 193 255
14.3589 0.972625 27.6427 -0.211879 0 -1.03376 0 0.289912 -0.955218 91 91 255
0.4045 20.2083 19.916 0.118725 0 -3.9 0 -0.383855 0.896369 7 7 255
15.571 0.652 26.3557 -0.0428805 0.694704 -4.5 0 -0.115037 -0.993175 40 40 255
4.7405 20.17 43.72 -0.24437 0 -3.5 0 -0.840566 0.540885 1 1 255
35.614 0.497875 52.8198 -0.212525 0 -3.5 0 0.187252 -0.142562 2 2 255
28.7575 17.0824 18.7821 -0.0251867 0 -4.5 1 0.938261 0.306719 255 34 34
33.3309 9.31688 17.5195 0.275235 0 -0.9 1 0.253349 -0.322334 255 40 40
10.1314 28.9147 23.2422 -0.151761 0 -3.5 0 0.421277 0.767443 64 64 255
53.5174 6.73475 27.3035 -0.275185 -0.0584293 -1.54775 0 0.479716 -0.799236 28 28 254
1.80225 20.4934 24.5136 -1.21224 -0.0869502 3.8 0 -0.859056 0.500992 10 10 255
25.6463 17.0981 23.7746 0.984996 0 -4.5 0 -0.637553 0.723098 255 53 53
21.6898 23.167 17.3589 -0.409146 0 -3.5 0 0.405934 0.907789 255 225 225
4.60725 19.9123 40.3019 -0.288197 -0.11448 -2.51252 0 -0.840645 0.534997 2 2 254
5.62681 16.7565 44.4367 -0.0636339 0 -3.5 0 -0.14005 -0.935144 6 6 255
2.73837 11.4377 22.7761 -0.459976 0 1.26159 0 -0.148218 0.101935 1 1 255
43.8827 2.33431 48.6225 0.529624 0 1.46035 0 0.214867 -0.543037 5 5 255
3.46075 21.9377 22.9912 -0.300994 0 3.8 0 -0.549463 0.830766 14 14 255
8.35831 29.6546 23.3312 0.504976 -0.0273363 -3.70247 0 0.171826 0.984559 62 62 255
29.76 1.21 56.1217 -1.99841 -0.419998 -3.5 0 -0.729807 -0.588912 3 3 255
30.6968 0.6765 18.9513 0.423481 0.0324295 -4.5 0 -0.0362597 -0.924361 255 233 233
34.3758 9.323 57.2525 -0.711281 0 -3.5 0 0.851708 0.422676 1 1 255
3.78975 -0.45775 40.2334 -0.264398 0 -3.05232 0 -0.736728 -0.48629 162 162 255
23.4755 15.6461 14.6315 0.75247 0.863812 -4.5 0 0.138557 0.645235 255 221 221
15.4224 25.3381 34.2451 0.853394 0 1.24574 0 -0.258536 0.139973 55 55 255
46.4405 12.7632 57.1387 2.86144 0.431497 -3.9 0 0.273409 -0.441232 0 0 255
30.1171 -2.67313 54.3845 -0.815964 0.460541 -3.2 0 -0.247053 -0.523546 1 1 255
55.2026 -1.041 26.4037 -0.10208 0.203355 -0.7 0 0.998702 0.00981349 9 9 255
53.3644 12.1045 33.3121 -2.01661 0 -3.5 0 0.840781 -0.477837 194 194 255
44.9099 1.46819 36.1116 -1.01566 -0.542754 -1.6 0 -0.328368 -0.292256 124 124 255
39.069 -6.16575 49.1595 -0.921851 -0.278397 -3.5 0 0.81104 -0.105234 10 10 255
24.7482 28.4158 27.4569 -0.728104 0 -3.5 0 0.476856 0.0928543 255 203 203
18.9914 23.7493 33.3303 0.120624 -0.0879356 -0.776361 0 0.95957 0.246525 187 187 255
13.3584 -1.08113 36.6748 -0.152287 0 2.54484 0 0.599562 -0.602686 102 102 255
-2.151 20.176 36.178 -0.730236 0 -3.9 0 -0.632369 -0.600266 24 24 255
12.6307 -3.27475 36.2557 -0.21001 0 1.8 0 0.661929 -0.58125 97 97 255
21.0796 18.8889 51.0774 0.0623275 0 -1.6 0 0.240368 0.546823 4 4 254
34.2118 12.6307 32.4543 -0.0598188 0 3.8 1 -0.376801 0.852824 255 41 41
49.7469 -0.471375 37.8126 1.36475 0.0866678 -3.9 0 0.55907 -0.827944 85 85 255
35.6496 20.2464 22.7948 0.0872266 0 3.8 1 0.687194 -0.487634 255 5 5
5.48531 1.10337 45.9696 -0.187406 0 -0.7 0 -0.941158 -0.0298819 33 33 255
-4.5435 11.6445 33.9342 -1.42251 -0.533178 -3.5 0 -0.221983 0.655393 10 10 255
16.2378 0.458813 47.4326 -0.757595 -0.0604054 -2.36381 0 0.0605479 -0.996661 22 22 255
18.4725 17.3565 12.2963 0.40053 0 -3.5 0 0.558859 0.755232 19 19 255
48.0524 10.7414 16.8377 0.718439 0.308336 -3.2 0 0.681919 0.056767 255 121 121
24.462 27.2777 35.1963 -0.37206 0 -3.2 0 0.913629 -0.406544 158 158 255
14.8424 -2.59862 61.2875 -0.044925 0 -3.2 0 0.264277 -0.961149 83 83 254
17.4282 2.7985 52.5387 -0.850135 -0.0917499 -1.6 0 0.922496 0.0130895 33 33 255
17.3955 0.631688 39.7043 -0.701817 0 -0.7 0 -0.615728 -0.756922 27 27 255
-4.62456 7.702 34.3564 -1.13501 -0.0153175 -3.5 0 -0.861917 -0.325098 10 10 255
18.6318 12.1914 17.1138 -0.0252366 0 -4.01656 0 -0.376026 -0.690999 255 231 231
29.0451 12.9556 15.7589 0.317998 0 -0.9 0 0.32615 0.412666 255 49 49
35.268 10.0855 54.9365 -0.799416 -0.750013 -3.83302 0 0.190041 0.864955 2 2 255
3.48081 13.0337 22.5706 -0.764863 0 1.9 0 -0.621289 -0.0908761 3 3 255
38.2225 11.4124 24.1664 0.0248922 0.0304023 -1.63311 1 0.0287967 -0.732374 255 6 6
24.9719 25.687 24.7835 -1.14523 0 2.24988 0 0.390222 0.586737 250 250 255
34.3767 7.13306 24.4155 0.182729 0 2.2958 1 0.755759 0.542044 255 7 7
30.1644 18.2757 46.5649 0.264328 0 -3.9 0 0.669354 0.627397 28 28 255
0.154 2.56156 36.1559 -0.114233 0 -0.9 0 -0.88642 -0.0974667 13 13 255
13.9405 30.9409 33.6205 1.16182 0 -3.72541 0 -0.0301997 0.996682 27 27 255
10.4648 2.173 60.5168 -0.646415 0 -3.2 0 -0.800789 0.362569 91 91 254
31.9648 11.5429 42.6421 0.667647 0 -1.3 0 -0.598239 0.641753 236 236 255
50.8247 7.051 33.1188 -0.13203 0 -0.7 0 0.370842 -0.703218 95 95 255
2.02556 8.80306 41.4005 -0.19503 0 -4.5 0 -0.919246 -0.0216737 1 1 255
5.08275 14.9215 15.3927 -0.0561718 0 -3.5 0 -0.366347 0.172416 20 20 255
18.0252 33.0496 30.1174 -0.488935 -0.882636 -3.53261 0 -0.285125 0.958273 12 12 255
42.6634 -4.33969 31.65 -0.361599 0 -0.7 0 0.952766 -0.19682 75 75 255
32.0472 4.66187 19.5081 0.329801 0 -4.5 0 0.98279 -0.0144947 255 105 105
5.55513 22.4164 39.2228 -1.61809 -0.925521 -3.9 0 -0.706221 0.694548 3 3 255
37.95 -3.39525 31.8967 0.290489 0.515239 4.5 0 -0.542354 -0.725407 4 4 255
43.5493 10.6981 55.6558 0.0285886 0 -3.9 0 -0.191854 -0.100629 3 3 255
-0.20875 2.63562 19.2836 3.26595 0.115282 -3.9 0 -0.944196 -0.0296999 28 28 255
28.5186 16.837 48.7384 0.520259 0.23445 -3.5 0 0.47275 0.80224 4 4 255
29.899 14.713 19.329 1.09683 0 -0.9 0 0.719931 0.597126 255 121 121
28.6428 22.5911 18.5776 -0.0690964 0 4.5 0 0.701572 0.696289 255 102 102
12.4423 8.83631 41.7504 -0.73064 0 2.8 0 -0.674759 0.719032 204 204 255
2.97725 5.45825 41.6712 -0.31242 0 -3.9 0 -0.723608 -0.681924 9 9 255
32.1727 12.1834 44.61 -0.113836 0 -0.98752 0 -0.314136 0.554408 205 205 255
10.9335 -6.64888 58.8319 -0.185272 0 3.8 0 -0.387857 -0.713714 255 247 247
18.4149 18.8564 39.2956 0.954381 0.736542 -1.3 0 0.623339 0.0202094 38 38 255
20.4401 4.306 52.3602 -1.54714 -0.184737 -1.3 0 -0.636067 -0.669116 22 22 255
29.3826 24.0026 30.0173 -0.00365846 0 4.2 1 -0.0711813 0.549093 255 5 5
28.6876 15.8123 26.3727 1.01463 0 2.17878 0 -0.309041 -0.445769 255 54 54
38.1986 5.26919 23.8951 0.106141 0 4.5 1 -0.0655654 0.734742 255 23 23
36.0612 22.0473 23.7614 0.013725 0 3.8 1 0.947854 0.306299 255 3 3
27.5816 14.1014 28.9754 0.569593 0 3.8 0 -0.951368 -0.191001 255 149 149
29.105 14.01 30.8298 0.340596 0 3.8 1 -0.625665 0.346127 255 84 84
42.8964 19.5999 30.7469 -0.259307 0 -1.3 1 -0.467514 0.545964 255 75 75
14.9364 19.1532 44.6538 0.886216 0 -1.6 0 0.414006 0.908129 39 39 255
0.914125 -1.24181 26.8636 0.114197 0 -1.6 0 0.0355596 -0.991717 9 9 255
34.079 17.789 25.025 0.402133 0 3.8 1 0.932254 -0.351416 255 4 4
5.18363 26.3343 32.2106 -0.736588 0 1.54949 0 0.0534491 0.308475 255 225 225
15.9281 -0.184875 59.1236 1.0231 0 -1.6 0 0.660546 -0.725003 56 56 255
14.9253 0.60825 49.7421 -0.508179 -0.67653 2.82968 0 -0.544156 -0.814497 102 102 255
32.0822 -7.07837 26.3027 -1.51472 -0.706064 -3.5 0 -0.560682 -0.828028 13 13 255
26.4754 15.3608 41.5879 0.532647 0 -3.2 0 -0.0924867 0.5175 111 111 255
24.9329 15.036 53.7642 -1.62602 -0.0242573 -3.5 0 -0.427113 0.456576 15 15 255
7.07438 29.7344 25.2895 -0.137945 -0.361763 -1.53336 0 -0.147426 0.882966 74 74 255
35.6393 -6.66206 48.1787 -0.00304908 0 -3.5 0 -0.577011 -0.794157 30 30 255
37.1484 16.1681 52.2254 1.53141 0 -0.4 0 -0.610786 0.714762 189 189 255
27.3251 11.1749 22.3556 0.516263 0 2.5 0 0.364836 0.337128 111 111 255
38.8804 12.4221 31.9329 -0.0137634 0 3.8 1 0.0997003 0.968959 255 9 9
-2.68925 13.2116 36.143 0.143652 0 -3.5 0 -0.590354 0.800898 6 6 255
24.5094 2.50413 22.8511 -0.0852635 0 -3.5 0 -0.661757 -0.747147 126 126 255
28.5068 18.3366 28.8367 0.522793 0 3.13786 1 -0.105527 -0.0831498 255 12 12
5.168 -3.9995 38.9679 -0.308292 0 -3.5 0 -0.510721 -0.599964 66 66 254
49.3289 6.17544 20.9126 -0.748613 0 -3.5 0 0.925399 -0.249221 95 95 255
30.7887 17.1537 44.2368 0.17703 0 -3.9 0 0.846301 0.237517 66 66 255
32.2219 6.69175 57.8422 -0.788295 -0.0575509 -3.5 0 0.0144724 -0.769689 7 7 255
-2.58475 2.767 32.9883 -0.088172 0 -0.9 0 -0.589846 -0.660278 11 11 255
42.5309 -5.34587 32.9409 -0.216338 0 -0.869948 0 0.662648 -0.701761 35 35 255
31.687 15.9672 44.127 0.0410778 0 -1.56186 0 0.299325 0.737967 121 121 255
35.0177 -10.6099 43.6076 -0.962117 0 -3.5 0 -0.0588517 -0.813347 245 245 255
50.1154 10.6746 41.1899 0.0943892 0 -2.75438 0 0.757863 -0.289079 107 107 255
48.2907 -1.6855 29.1035 -0.509679 -0.122435 1.02693 0 -0.884765 -0.356897 76 76 255
48.013 -3.47725 28.7225 -1.54471 -0.666038 -3.5 0 -0.663081 0.0838965 97 97 255
54.3086 -0.05025 28.32 -0.130495 -0.745253 -0.7 0 0.525042 0.781619 13 13 255
15.9569 13.1535 13.3423 -0.183175 0 -3.5 0 0.311851 -0.948458 87 87 255
20.514 26.873 21.556 -2.23684 -0.713546 -3.5 0 -0.153935 0.0985279 77 77 255
0.79975 2.77381 23.2965 0.331454 0 4.5 0 -0.0584348 -0.99826 27 27 255
0.105 10.6375 30.2967 -0.537643 0 4.5 0 -0.931104 0.346782 10 10 255
25.6184 29.8708 27.4658 -1.68373 0 -3.5 0 0.571533 -0.0523536 255 147 147
13.179 23.453 42.3918 -0.165213 -0.646912 -3.5 0 0.7425 0.348481 4 4 255
25.6847 -6.6225 40.1463 -0.133738 0 -3.5 0 0.0736696 -0.81211 11 11 255
40.6191 3.57969 20.2854 0.198638 0 2.8 1 -0.74181 0.481242 255 29 29
20.2847 -2.84175 28.1675 2.64393 0 -3.9 0 0.5178 -0.846966 91 91 255
22.901 13.3418 25.9958 0.347132 0 -2.43667 0 0.378493 -0.209564 255 251 251
40.5891 -5.89663 47.7228 0.717887 0.349031 -3.9 0 0.438319 -0.728605 8 8 255
27.8048 4.90575 28.281 1.10709 0 -3.9 0 -0.399195 -0.912465 106 106 255
23.2645 0.190625 54.84 -2.39321 -0.0690892 -3.5 0 -0.172372 -0.142434 12 12 255
28.9473 25.2019 21.4491 -0.189072 0 3.8 0 -0.300281 0.615368 255 114 114
8.77075 27.9589 43.0047 2.33526 0.142331 -3.9 0 0.307024 0.950346 0 0 255
9.733 24.4737 42.4235 0.420683 0 -3.5 0 0.516978 0.261468 1 1 255
45.4879 2.84656 28.6382 -1.05271 -0.465997 -4.5 0 0.0980773 -0.936974 124 124 255
31.6845 -6.273 40.0967 0.167339 0 -3.9 0 -0.87709 -0.258043 13 13 255
27.4163 12.2629 14.6694 0.13624 0 3.8 0 0.291497 0.78515 255 69 69
49.3956 3.6285 32.0592 0.0190584 0 0.0170367 0 0.608534 0.49836 79 79 255
29.2043 8.69225 56.3891 -0.334917 0 -3.5 0 -0.672229 -0.516177 46 46 255
40.9319 5.47881 55.0139 0.671579 0 -3.9 0 0.579851 0.128495 0 0 255
8.87044 12.6789 14.5398 -0.129582 0 -0.7 0 -0.289051 -0.768681 15 15 255
0.175375 25.0384 40.2578 2.79635 0 -3.9 0 0.524038 -0.105933 19 19 254
16.9592 0.908063 24.9721 0.412308 0.0217682 1.50923 0 -0.427755 -0.878631 21 21 255
26.2436 12.3918 14.3871 0.111335 0 3.8 0 0.414073 0.767483 255 56 56
55.3037 11.2907 27.7847 -0.328433 0 -1.6 0 0.731804 -0.0170738 218 218 255
6.586 7.87 45.3879 -0.164313 0 -3.8334 0 0.521486 0.847537 32 32 255
21.9998 12.1357 33.64 0.417983 -0.0561581 -0.8 0 0.74387 -0.662359 90 90 255
33.5661 -8.40181 38.891 0.480322 0 -3.4707 0 -0.291734 -0.932778 13 13 255
15.2093 1.1155 20.0341 0.156267 0 -1.6 0 0.0460418 -0.977099 19 19 255
35.0635 15.4285 24.7875 0.409873 0 -3.5 1 0.534375 0.773249 255 15 15
-2.21825 4.17156 25.0543 -0.307589 0 4.5 0 -0.881683 -0.380007 0 0 255
25.4298 3.61538 53.61 -0.903286 -0.255404 -0.4 0 0.43412 -0.451887 9 9 255
33.9954 11.6696 48.3387 -0.12491 0.160745 -0.7 0 0.446832 0.815577 152 152 255
49.9393 8.56837 44.3517 -0.137586 0 -0.9 0 0.86878 -0.394866 13 13 255
5.22881 27.7164 28.4154 0.0271218 0 -0.4 0 -0.512239 0.657603 121 121 255
45.3949 1.89225 19.7021 0.2399 0.0401986 2.8 1 0.0638231 -0.370563 255 113 113
39.0358 14.5328 25.7442 0.190607 0 1.20675 1 -0.226542 0.973066 255 10 10
24.3615 7.0645 37.1915 1.27986 -0.131609 4.2 0 0.317028 0.489743 159 159 255
39.2584 -2.56013 18.52 0.550156 0 -4.5 0 -0.556442 -0.309801 255 141 141
41.7622 5.11944 20.7974 0.527167 0 2.8 1 -0.378839 0.818668 255 22 22
18.2717 8.96125 33.0271 1.55084 0 -0.8 0 0.992762 0.0420789 20 20 255
54.8981 11.2826 43.7989 1.94465 0.88498 -3.9 0 0.447781 -0.889819 2 2 254
17.5536 4.19325 60.1585 -0.294143 0 4.5 0 0.632194 0.366 29 29 255
29.568 -7.749 32.487 2.18109 0 -3.9 0 -0.554559 -0.361618 6 6 255
46.1432 17.8676 29.4985 -0.158539 0 -1.3 1 0.230344 0.635461 255 23 23
16.8848 0.210375 52.5892 -0.350439 0 -3.9 0 0.788844 -0.610841 23 23 255
4.41503 27.5217 21.6454 0.645326 0 -3.9 0 -0.891778 0.19396 78 78 255
40.0687 -3.747 19.3174 1.00454 0.0334368 -4.5 0 -0.0868611 -0.85521 209 209 255
5.12388 20.2299 47.9753 -1.60587 -0.380872 -3.5 0 -0.40248 0.341404 5 5 255
50.8952 4.86312 16.7961 0.242965 0 -3.5 0 0.537422 -0.704817 88 88 255
50.5255 -4.64187 24.8875 0.21058 0 -3.5 0 0.657131 -0.540837 37 37 255
51.924 18.9051 32.5794 0.265963 0 -3.9 1 0.107398 0.655815 255 106 106
28.2776 29.1201 29.7477 0.120668 0 -3.5 1 0.930421 0.35843 255 53 53
14.4375 0.593313 47.376 -0.744766 0 -3.67096 0 -0.0451827 -0.899846 71 71 255
46.7219 3.6515 48.4038 -0.350634 0 -3.5 0 0.260687 0.00545261 6 6 255
38.4078 12.5943 23.021 -0.397106 -0.016778 2.8 1 0.109436 -0.226184 255 4 4
20.2319 11.1558 15.1685 0.0141614 0 -2.36978 0 -0.747907 -0.496663 255 201 201
4.89262 9.6825 48.1314 2.77762 0 -3.9 0 0.419884 -0.075194 28 28 255
13.5053 -0.473563 39.4094 0.207509 0 0.980609 0 0.612387 -0.641357 71 71 255
33.8505 9.45138 60.4691 -2.05761 -0.287463 -3.5 0 0.790699 0.260664 11 11 255
36.8633 -2.92887 51.3799 -2.07574 -0.898338 -3.5 0 -0.315581 -0.564902 12 12 255
3.5715 20.802 20.7208 0.299682 0 3.8 0 -0.532791 0.750616 15 15 255
30.3562 11.4487 27.9667 0.183995 -0.390072 -0.231976 0 -0.531831 -0.184581 255 223 223
46.7147 11.7079 52.8428 -0.361152 0 -3.9 0 0.969049 0.235775 3 3 255
28.465 0.865 19.8022 0.15227 0 -4.5 0 -0.63903 -0.627117 144 144 255
30.5965 9.766 58.8564 -0.8792 0 -3.5 0 -0.805612 0.18134 17 17 255
0.7195 14.7123 38.9986 -0.0363216 0 -4.5 0 -0.905771 0.226147 11 11 255
32.2324 -9.54781 42.7588 -0.282277 0 -3.5 0 -0.951913 -0.289207 81 81 255
-0.1705 6.82725 22.2323 0.253965 0.597619 -1.3 0 -0.713228 0.264037 2 2 254
45.8066 9.73131 53.1926 -0.216382 0 -3.9 0 0.249631 -0.815509 1 1 255
33.6799 1.17638 54.6896 -0.441292 0 -3.5 0 0.460764 -0.885815 1 1 255
51.739 11.441 44.4465 0.303583 0 -3.9 0 0.259887 -0.534077 6 6 255
4.30294 19.9005 45.62 -0.606831 -0.0458609 -3.5 0 -0.922039 0.382418 1 1 255
50.645 9.25025 18.2734 0.368426 0 1.8 0 0.40459 0.614758 141 141 255
21.4506 14.4521 44.0658 2.12921 0.20769 -3.5 0 -0.755206 0.48764 31 31 255
3.67237 18.8412 41.9164 0.0237469 -0.123378 -3.87023 0 -0.760397 0.641415 1 1 255
52.3339 0.639375 31.0091 -0.935063 -0.0262805 1.83561 0 0.732786 0.506037 59 59 255
24.23 18.7738 30.1667 0.283887 0 -3.9 1 0.938345 -0.229165 255 57 57
7.11125 27.5926 43.1468 2.97187 0 -3.9 0 -0.528215 0.848065 0 0 255
6.08181 25.2232 35.623 -0.159059 0 4.5 0 -0.149533 0.984589 74 74 254
16.3936 22.7188 37.4256 0.10186 0 -1.3 0 -0.154079 0.706232 90 90 255
21.1716 3.05012 22.6894 0.188816 -0.328166 -0.0609531 0 0.695145 -0.383188 51 51 255
11.4648 13.1043 14.2912 -0.396857 -0.15303 -0.7 0 -0.163146 -0.622355 7 7 254
20.7951 16.1078 14.7589 0.403997 0 -4.5 0 0.335275 0.651865 197 197 255
7.33787 -0.680625 43.4947 -0.149912 -0.985508 -0.7 0 -0.150123 -0.986461 39 39 255
17.4881 20.1887 39.8105 0.534689 0 -3.31284 0 0.65348 0.193214 59 59 255
46.6433 15.3047 46.1982 -0.134293 0 -3.5 0 -0.0489573 0.848978 114 114 255
31.3656 -7.94637 33.1548 2.04379 0 -3.9 0 0.432105 -0.655597 6 6 255
11.6596 11.8011 41.0555 -0.459092 0 3.8 0 -0.328939 -0.752575 213 213 255
7.9825 -0.270625 26.1591 -0.129596 0 4.2 0 0.517323 -0.773039 104 104 255
36.9858 7.36562 26.2439 0.11677 0 -0.4 1 -0.11975 0.259203 255 3 3
6.07894 8.52063 44.2873 -0.00253039 0 -3.9 0 0.526842 0.626785 28 28 255
26.1843 17.48 15.863 0.165371 -0.0376444 4.5 1 0.189458 -0.145702 255 44 44
1.26612 6.12187 20.3085 -0.716599 -0.478235 -1.3 0 -0.478315 0.296918 20 20 255
28.1838 2.70338 18.2215 0.484726 0 -4.5 0 -0.615915 -0.637792 109 109 255
51.9975 5.1065 18.1143 0.770096 0.758674 -3.5 0 0.612749 -0.710422 19 19 255
15.058 -1.57125 54.5525 -1.44307 -0.751174 -3.72899 0 0.208263 -0.953956 66 66 255
41.4012 7.86363 57.1126 0.0261638 0.00184961 -1.3 0 0.0955985 -0.797271 0 0 255
44.2069 7.8085 51.6403 0.0607728 0 4.2 0 0.346271 -0.552418 1 1 255
9.3905 23.2234 22.1246 -0.125008 0 3.8 0 0.0846171 0.919224 103 103 255
24.9216 -6.052 39.175 -0.191549 0 -3.5 0 -0.351787 -0.817242 14 14 255
2.13562 17.9021 42.0327 1.41147 0.780333 -4.5 0 -0.752665 0.590227 2 2 255
18.5548 11.8378 49.9084 0.487879 0 -0.7 0 -0.647712 0.0874803 96 96 255
18.5343 15.6278 39.7416 0.504403 -0.187517 -0.889751 0 0.594051 0.657542 63 63 255
26.821 7.3405 14.475 0.169011 0 3.8 0 0.184755 -0.766329 255 238 238
47.5507 7.02238 35.6801 -0.0633108 0 4.2 0 0.930262 0.00379021 255 126 126
22.9454 13.3309 52.3695 -0.423347 -0.294605 -2.41946 0 -0.516271 0.811006 10 10 255
12.3671 0.927437 47.7188 -0.479105 0 -0.7 0 0.0227918 -0.396152 111 111 255
10.461 29.1955 24.4155 -0.54156 0 -3.5 0 0.38262 0.895472 30 30 255
-0.588437 18.459 36.7364 -0.298577 0 -3.21355 0 -0.861217 -0.412053 14 14 255
40.0916 -0.7225 49.9987 -2.62239 -0.753723 -3.5 0 0.982 -0.174199 13 13 254
40.2195 -5.48575 32.7305 -1.23821 -0.150604 4.5 0 -0.487233 -0.851702 13 13 254
28.3375 10.8629 11.8538 0.0926001 0 3.8 0 0.655148 0.560829 255 107 107
-2.12075 12.3162 21.6564 0.116369 0 -3.9 0 -0.513877 0.197944 0 0 255
48.874 3.071 39.5931 1.0682 0.255282 -3.9 0 0.75032 0.454374 59 59 255
1.54325 3.85788 38.5269 -0.0410446 0 -3.9 0 -0.526708 -0.360591 16 16 255
40.0981 12.0063 32.824 0.0069079 0.122341 -3.5 1 0.47832 0.853333 255 3 3
46.9945 12.1534 51.5881 -0.612059 0 -3.74897 0 0.689775 0.332097 5 5 255
19.156 19.2995 13.9125 -0.0408068 0.497423 -3.5 0 -0.196466 -0.193744 30 30 255
28.137 14.8237 41.0762 0.00282583 0.0367848 -3.2 0 0.0426799 0.530353 113 113 255
47.8975 8.8525 52.29 -1.49804 -0.659394 -3.5 0 0.116196 -0.76463 1 1 255
43.7206 9.54881 22.7916 0.075191 0 -4.5 1 -0.64536 -0.240954 255 8 8
27.1327 13.1418 41.0192 0.0317717 0 -3.2 0 -0.0119589 0.346785 105 105 255
34.0515 -3.1265 50.2225 -0.339952 0 -3.35465 0 -0.203733 -0.627253 8 8 255
41.5503 1.53044 48.1017 0.18542 0 -2.36547 0 0.172844 -0.793014 7 7 255
-5.14669 8.06956 24.0054 -0.792409 0 -3.5 0 -0.834374 -0.516744 0 0 255
32.12 11.3515 57.0766 -0.743836 -0.236058 -3.5 0 0.280786 0.938371 9 9 254
23.1714 2.86319 27.0854 1.38277 0.332146 -3.9 0 0.817712 -0.470532 60 60 255
36.5494 11.7203 47.1716 -0.487415 0 -1.3 0 -0.143817 0.889888 255 204 204
2.18875 9.28337 22.1636 0.00797048 0 -1.3 0 0.00485136 0.442681 3 3 255
14.8992 19.4311 42.5281 0.637931 0.161114 -2.45192 0 0.594941 0.634875 89 89 255
7.46944 23.7097 14.7907 -0.58668 0.222314 -3.2 0 0.124805 0.947198 26 26 255
-0.895 21.1469 27.0026 0.172997 0 -4.5 0 -0.31802 0.166074 39 39 255
8.88138 23.0833 39.8679 -0.191665 -0.325704 -2.25661 0 0.437933 0.897835 1 1 255
47.8747 -5.1515 24.5763 0.343748 0 -3.5 0 -0.229099 -0.536414 108 108 254
-1.35787 4.19669 27.0572 -0.540734 0 4.5 0 -0.848196 -0.514001 0 0 254
47.2391 17.0693 28.3945 -0.120802 0 -3.5 1 0.00524356 0.991385 255 23 23
43.5961 12.3601 31.9013 -0.14093 0 -3.5 1 -0.614451 0.338711 255 7 7
24.5982 2.909 17.7979 0.274584 0 -3.5 0 0.203945 -0.968449 118 118 255
2.72403 25.9353 33.1022 -0.257602 0 2.79171 0 0.0543041 0.401416 117 117 254
4.21925 -0.7945 28.6466 -0.26848 -0.470275 3.069 0 0.146432 -0.985671 16 16 255
36.1782 12.9487 50.8184 -0.00942671 0 -0.4 0 -0.492135 0.656404 62 62 255
28.2708 15.4808 16.5895 -0.422844 0 -4.5 1 0.495195 0.120562 255 35 35
12.4164 16.6077 51.7969 -0.049591 0 3.8 0 -0.0826632 -0.274895 255 250 250
10.1315 12.801 14.2465 -0.0976914 0 -0.7 0 0.112548 -0.865432 9 9 255
2.85613 -3.991 35.9641 -0.281916 -0.271828 -3.5 0 -0.504737 -0.862962 68 68 255
17.5005 3.09475 56.0875 -0.231914 0 -1.6 0 0.981636 0.134073 27 27 255
26.6836 -0.0604375 22.7633 2.39016 0 -3.9 0 -0.681003 -0.407013 175 175 255
20.3793 28.8061 23.7383 -0.993207 0 -3.5 0 0.119893 0.921453 72 72 254
8.67688 16.3485 13.8255 0.58042 0.0929748 -0.7 0 -0.384168 0.155677 12 12 255
29.709 10.7295 51.8485 0.0858214 0 3.8 0 0.516254 0.853789 23 23 255
42.8382 0.68025 29.5452 0.0314509 0 3.53911 0 0.756777 -0.189786 202 202 255
2.73213 24.8607 33.7086 -0.262505 0 0.71428 0 0.130926 0.682322 85 85 255
48.515 1.924 25.1325 0.161981 0 -1.6 0 -0.613427 -0.626761 93 93 255
49.8623 11.9049 39.8315 -0.291745 0 -3.9 0 0.829029 -0.414547 235 235 255
43.3985 8.73125 54.3397 -0.0163429 0 -1.55107 0 0.744127 -0.599364 1 1 255
-0.413312 19.2051 20.4561 0.0350743 0 -3.9 0 -0.916236 0.343765 5 5 255
48.9006 -0.498188 32.8227 -0.233087 0 -3.9 0 -0.00991116 -0.999627 119 119 255
14.4668 18.7057 48.2897 0.348124 0 3.8 0 0.714671 0.650106 46 46 255
-0.432687 -1.25969 30.8204 -1.75153 0 -3.5 0 -0.420662 -0.699102 17 17 255
20.4616 11.3177 28.2571 0.128971 -0.191514 -2.43617 0 0.794331 -0.216054 53 53 255
45.9262 17.8839 20.6966 1.12173 0.175757 -4.5 1 -0.524605 0.824229 255 23 23
-5.63844 9.54844 24.7566 -1.27888 0 -3.5 0 -0.976391 -0.0524455 0 0 254
22.8057 18.2561 21.6146 -0.0564446 0 -0.885445 0 0.843986 0.449824 255 52 52
17.7489 17.5714 45.0208 0.250008 0 -1.6 0 0.708606 0.705513 27 27 255
19.5828 0.095 38.1748 -1.47282 0 -0.7 0 -0.470271 -0.582466 28 28 255
48.3085 10.9408 38.3774 -1.39942 -0.787461 -3.9 0 0.292163 -0.813054 255 138 138
1.51 7.08394 41.4024 0.00751247 0 -3.9 0 -0.797057 -0.0786705 2 2 255
11.2465 28.9888 25.3873 0.0119242 0 -3.5 0 0.388185 0.920941 14 14 255
8.25212 0.511625 22.346 0.859033 0.325892 -3.72289 0 -0.00892881 -0.896532 81 81 255
40.0661 13.6112 52.7255 0.218077 0 -0.4 0 0.449861 0.142032 21 21 255
4.7785 28.9077 21.1562 0.435096 0 -3.9 0 -0.696688 0.688749 68 68 254
49.7155 15.5206 41.5792 -0.0250735 0 -3.9 1 -0.037377 0.95439 112 112 255
0.631 -4.87663 34.1574 -0.139826 0 -3.5 0 0.71116 -0.680877 21 21 255
41.0649 -6.97687 36.735 -0.121119 0 -1.3228 0 0.0525152 -0.839496 68 68 255
44.7226 -1.59475 33.4229 0.223477 0 -1.6 0 0.56544 -0.671216 188 188 255
48.7991 16.2726 17.8101 1.18442 0.86234 -4.5 0 0.448275 0.242765 255 114 114
52.9292 10.861 28.2285 -1.01769 0 -0.8 0 0.811871 -0.268978 105 105 255
8.64338 12.315 41.836 -0.249846 0 -3.5 0 0.220232 -0.0137381 23 23 254
2.912 28.073 32.1645 -0.173842 0 3.8 0 -0.0261758 0.885393 250 250 255
23.6089 10.5922 14.3547 0.148289 0 3.8 0 -0.572771 0.234573 190 190 255
1.50213 26.8167 32.7124 -0.181785 0 3.8 0 -0.0165377 0.436509 146 146 255
19.1593 21.5049 37.5741 0.20465 0 -1.3 0 0.825117 0.516035 59 59 255
26.3489 -0.23525 47.0619 -0.174218 0 1.9 0 -0.541233 -0.664415 4 4 255
8.05969 24.6914 36.1019 -0.0350107 0 4.5 0 0.281069 0.771832 21 21 255
43.3686 2.68237 38.0642 -0.204371 -0.140487 0.979178 0 0.39917 -0.91086 132 132 255
32.2547 10.5402 17.1738 0.387964 0 -0.9 1 0.272462 -0.10726 255 55 55
-1.32362 19.0312 32.9132 -1.73116 -0.251995 -3.5 0 0.10996 -0.963905 23 23 255
53.2651 6.89087 24.8451 -0.0322418 0 -1.6 0 0.362513 -0.589433 25 25 255
12.5288 12.3026 45.8697 -0.280578 0 -4.12903 0 -0.807277 0.0384934 166 166 255
-1.578 26.6432 38.2767 2.28684 0.720751 -3.9 0 -0.366683 0.903058 75 75 254
5.19163 0.75375 43.7977 -0.674636 0 -3.09834 0 -0.820989 -0.206901 86 86 254
18.2461 15.5889 41.8158 0.315083 -0.0581787 -0.7 0 0.810284 0.584602 26 26 255
8.72062 15.0756 43.0786 0.169426 0 3.8 0 -0.497592 -0.494072 21 21 255
-3.44325 12.8605 26.0591 -1.69138 -0.353071 -3.5 0 -0.927545 0.371843 1 1 255
4.3255 12.3306 17.5224 -1.39266 0 -3.5 0 -0.626046 -0.543962 19 19 255
35.1092 14.6979 23.3276 0.684947 0 -3.5 1 0.257086 0.937308 255 18 18
24.1561 -6.427 42.5881 0.10469 0 -3.5 0 -0.842522 -0.068786 13 13 255
-1.067 18.2745 31.565 -0.216901 0 -4.5 0 0.538023 -0.373864 12 12 255
12.8228 10.8993 43.4997 -1.81257 -0.307664 -3.5 0 -0.857412 -0.115541 177 177 255
30.7351 -6.07175 39.0185 -0.283165 0 -3.9 0 -0.881231 -0.164393 15 15 255
40.004 -0.798 48.0905 -0.87389 -0.0562978 3.14935 0 0.757114 -0.161283 7 7 255
20.3024 14.4862 50.2996 0.325184 0 -1.6 0 -0.139234 0.103046 6 6 255
40.7702 1.24944 18.4309 0.455784 0.201387 -4.5 0 -0.346922 0.849103 255 27 27
30.2142 -2.66644 47.8878 -0.24285 0 -3.2 0 -0.240501 -0.631788 7 7 255
32.6525 1.80075 58.6437 -2.39156 -0.831852 -3.5 0 0.600388 -0.117436 10 10 255
21.0781 0.926625 46.1541 -0.596999 0 2.58183 0 -0.424757 -0.890996 2 2 255
32.0591 -6.363 27.4924 -2.01717 -0.488195 -3.5 0 -0.603537 -0.393469 19 19 255
11.3944 15.7075 13.3223 0.0553967 0 -3.5 0 -0.067279 -0.408186 13 13 255
15.7732 23.7553 36.4235 0.216256 0 -1.3 0 -0.0880636 0.776207 68 68 255
25.7946 22.6559 18.8456 -0.25374 0 4.5 0 -0.603494 0.729164 255 201 201
8.257 8.75 43.345 -0.544156 0 -3.5 0 0.484187 0.699614 37 37 254
33.226 -4.78475 46.5824 0.0376148 0 -3.5 0 -0.616743 -0.729692 19 19 255
31.171 -4.97844 41.8564 -0.338844 0 -3.2 0 -0.510297 -0.724101 10 10 254
42.5317 1.55862 37.0735 -0.192383 0 4.5 0 0.761767 -0.3585 171 171 255
10.115 7.7755 42.4632 -0.545777 0 0.249412 0 0.202179 0.978176 40 40 255
20.4797 7.31119 30.5701 1.0044 0 -0.4 0 0.548834 0.770291 13 13 255
28.7501 21.747 30.4226 0.175925 0 4.2 1 -0.234951 0.133683 255 10 10
26.2264 -7.53713 41.719 -0.436621 0 -3.5 0 0.380724 -0.905964 11 11 255
-4.33537 8.3095 27.3547 0.156569 0 -3.5 0 -0.832473 -0.031629 1 1 255
51.1766 -3.25237 25.5826 0.530166 0 -3.5 0 0.677989 -0.551186 23 23 255
41.7957 19.7352 32.4054 0.406514 0 -1.3 1 -0.91071 0.412979 255 67 67
3.42663 19.9802 38.552 0.238833 0 4.2 0 -0.327618 0.694021 5 5 254
24.5425 9.186 26.7887 0.558942 0 1.8 0 0.418317 0.897766 185 185 255
26.1507 3.41675 18.1406 0.185981 0 -3.5 0 0.192291 -0.963917 103 103 255
-3.44969 10.6668 33.5191 -0.753766 0 -3.5 0 -0.353752 0.228879 15 15 255
1.1195 22.0325 26.6443 -0.069078 -0.29018 2.10999 0 -0.551692 0.269116 47 47 255
2.04888 10.3165 22.5707 0.0329456 0 -3.9 0 0.322489 0.200527 1 1 255
22.1562 10.6994 37.1505 1.83998 0.153207 -0.7 0 0.712989 0.384575 160 160 255
-1.09956 2.27669 27.4311 -0.148505 0 -1.6 0 -0.991716 0.125803 2 2 255
25.7261 13.9688 41.0597 0.482526 0 -3.00613 0 0.30221 0.662751 126 126 255
6.44513 21.0895 47.6715 -2.02071 -0.540223 -3.5 0 0.379152 0.646169 2 2 255
13.2292 28.1855 30.81 -0.125678 0 2.5 0 -0.64484 0.600459 28 28 255
13.1355 27.4243 29.2217 0.440572 0 2.5 0 -0.686167 0.717774 29 29 255
49.7009 2.3145 34.2513 0.15492 0.10033 -3.9 0 0.73674 0.605367 149 149 255
32.2404 11.3465 52.4939 -0.259221 -0.149853 -3.5 0 -0.292793 0.938338 19 19 255
34.8956 -5.5395 32.2726 0.0596155 0 -1.3 0 0.285929 -0.605294 19 19 255
25.2503 1.56131 51.8447 -1.24618 -0.289634 -1.61434 0 0.837326 -0.546364 7 7 255
50.0776 11.2842 45.4363 -2.11122 -0.580175 -3.5 0 0.809467 -0.366175 11 11 255
25.67 2.10262 21.8064 -1.62909 -0.202291 -3.5 0 -0.599523 -0.730605 102 102 255
19.1548 26.277 22.066 -1.53229 -0.529597 -3.5 0 -0.282732 0.212552 88 88 255
51.9656 2.93606 25.3489 0.454112 0.0265744 -2.54205 0 0.902187 0.426745 43 43 255
25.9069 22.4137 31.5304 0.29199 0 -3.9 1 0.86018 0.277155 255 19 19
44.1323 1.8745 19.5759 -0.241675 0 2.8 1 0.0910351 -0.0474344 255 78 78
49.5555 11.457 35.927 0.221209 0 -3.5 0 0.0362838 -0.792117 255 79 79
20.2511 5.94856 33.5622 2.73444 0.382909 -0.659328 0 0.452079 0.871693 27 27 255
52.5911 13.6961 21.9985 -0.153166 -0.619983 -4.5 0 0.814346 0.467202 255 224 224
46.5548 4.92831 49.2677 -0.260976 0 4.2 0 0.55176 -0.432783 2 2 254
40.1446 -7.0335 40.0176 0.686652 0.418242 -0.795938 0 0.565689 -0.706661 110 110 255
44.1444 14.3432 18.8267 -0.249211 0 -3.2 1 -0.713758 0.580539 255 12 12
44.7105 14.2839 19.8485 0.0578871 0 2.8 1 -0.737159 0.664764 255 11 11
-1.54344 11.4012 32.8054 -0.636952 -0.0496197 -2.81014 0 -0.652262 -0.0527985 16 16 255
14.462 31.3547 30.5831 -1.74446 -0.392387 -3.9 0 -0.679366 0.689158 5 5 255
-0.961937 25.2668 35.8802 0.406138 0 -3.9 0 -0.207461 0.86804 129 129 255
27.1975 26.8018 32.4284 -1.80592 -0.180504 -3.5 1 0.614972 -0.51826 255 100 100
34.2229 10.4673 18.4006 0.33428 0 -0.9 0 0.773674 0.410227 255 82 82
14.3097 19.4859 43.8634 0.542768 0.392215 -2.37073 0 0.733694 0.669914 55 55 255
20.6989 23.5111 18.7192 0.355424 0.674582 -3.5 0 0.377516 0.918128 204 204 255
26.0868 -3.25769 45.0471 -0.432544 0 3.75078 0 -0.746513 -0.36371 3 3 255
36.4158 3.72194 55.053 0.097933 0 -3.9 0 0.0340447 -0.725133 2 2 255
32.8758 14.4514 47.668 -1.55221 -0.184025 -0.7 0 0.519584 0.617182 110 110 255
15.8217 20.6653 15.7235 0.0859563 0 -3.2 0 -0.158511 0.324139 29 29 255
-3.47962 11.1938 22.5362 -1.06644 -0.293748 -3.6164 0 -0.442265 0.432065 0 0 254
28.4701 20.7461 21.1194 0.0953329 0 2.79758 0 0.850607 -0.134944 255 14 14
36.1058 8.2045 26.2315 -0.100678 0 -0.8 1 0.424719 -0.0134562 255 4 4
41.353 15.1453 52.0405 -0.193997 -0.179937 -2.14556 0 0.101228 0.602779 48 48 255
4.42387 24.5611 23.2206 -0.0920269 0 -3.9 0 -0.928177 -0.298742 121 121 255
2.63119 0.764813 19.3128 0.991537 0 -3.9 0 0.0916256 -0.797667 101 101 255
20.2939 18.0884 15.6715 -0.241762 0 -3.62189 0 0.564023 -0.0213582 108 108 255
13.5057 5.90438 60.1576 -1.31469 -0.400256 4.5 0 0.0114204 0.904146 48 48 255
29.0014 18.7745 46.9641 0.511856 0 -3.9 0 0.32873 0.522463 10 10 255
8.0805 23.5401 13.468 -0.332058 0.516411 -3.2 0 0.189566 0.785626 26 26 255
11.7479 -2.65725 38.8214 1.49393 0.0185025 -3.9 0 0.806644 -0.503783 101 101 255
14.9243 -0.332875 65.2794 0.29736 0 -3.2 0 0.00432736 0.0952338 30 30 255
15.9219 1.01538 28.3867 -0.16542 0 -4.2852 0 -0.31887 -0.945386 144 144 255
42.3399 15.7555 46.5477 -0.290493 -0.0156057 -3.5 0 -0.174587 0.670875 255 167 167
34.304 1.544 20.737 -0.600207 -0 -3.9 0 0.0874969 0.318646 255 105 105
5.67737 27.4681 30.0746 -1.00635 0 -3.5 0 -0.58343 0.80823 212 212 255
22.2868 8.62081 13.1562 0.713231 0 1.9 0 0.0389786 0.0142358 155 155 255
43.6687 13.1209 40.6716 -0.167599 0 4.46771 0 -0.638073 0.754169 255 60 60
43.0798 16.4473 49.3997 -0.0365925 0 -3.5 0 -0.307708 0.950563 169 169 255
6.72125 -0.868375 24.0155 -1.26469 -0.244116 4.2 0 0.33148 -0.85615 88 88 255
49.5165 -3.0035 23.3775 0.348387 0.398171 -3.5 0 -0.161944 -0.0752611 31 31 255
28.5715 0.204563 21.0121 0.662074 0 -3.96633 0 -0.40504 -0.713302 166 166 255
19.6486 8.02106 15.6158 0.288399 0 1.9 0 -0.700848 -0.0752731 255 195 195
7.97531 25.2628 34.7156 -0.0945024 0 4.5 0 -0.420774 0.81908 93 93 255
30.6781 -5.60687 44.7895 -0.571835 0 -3.2 0 0.0889371 -0.897747 24 24 255
28.8333 -1.33625 48.3648 -0.167064 0 -1.89072 0 -0.544798 -0.697279 5 5 254
54.5975 12.7928 29.323 -2.06149 -0.326813 -3.5 0 0.525856 -0.394387 216 216 255
6.26847 21.0427 13.3818 -0.350155 0 -3.2 0 -0.586337 -0.083598 10 10 255
28.8153 21.436 19.3742 0.0417762 0 4.5 1 0.996952 -0.0739516 255 35 35
49.8904 13.3569 20.064 0.378344 0 -0.775567 0 0.483951 0.26478 255 95 95
2.95675 20.1471 18.0651 0.267014 0 -3.9 0 0.148721 0.98883 9 9 255
26.5975 14.7115 25.7155 0.824661 0.798287 -4.5 0 0.575115 -0.684244 255 134 134
4.2375 2.1655 41.448 -0.749846 -0.735461 -3.5 0 -0.851972 0.352609 65 65 255
53.059 12.9417 21.0465 -0.751222 -0.696568 -4.5 0 0.906849 0.324139 217 217 255
19.3773 11.8606 51.7733 1.17492 0.306113 -0.7 0 -0.753423 0.507468 28 28 255
41.529 -5.222 42.7889 0.155834 0 -3.9 0 0.797432 -0.502693 17 17 254
32.7925 11.483 21.0467 -0.124903 0 -0.9 0 0.351792 0.91449 243 243 255
18.7296 17.6616 50.8443 0.123383 0 -1.6 0 -0.553025 0.186124 13 13 255
-0.712875 -6.3025 34.9121 0.120443 0 -3.5 0 0.331474 -0.866726 14 14 255
51.6644 3.38913 22.7086 0.435131 0 -1.86467 0 0.743425 0.321215 21 21 255
-2.60063 3.8745 35.3722 0.173997 0 -0.9 0 -0.493012 -0.650744 9 9 255
52.5239 8.43575 31.6702 -0.223427 0 -0.7 0 0.891519 -0.422428 56 56 255
18.245 13.0734 14.9122 -0.0734779 -0.0595027 -4.5 0 -0.25455 -0.930822 210 210 255
28.1745 19.4179 42.3196 3.19837 0.334503 -3.9 0 0.0604625 0.316663 47 47 255
-2.32575 13.2295 29.9064 -0.21651 0 -3.5 0 -0.262949 -0.938742 4 4 255
29.2008 8.82938 13.8918 0.236649 0 3.8 1 0.856723 -0.464659 255 86 86
45.0677 17.3107 27.4064 -0.126769 -0.0788848 -2.29633 1 0.114953 0.991437 255 23 23
24.5831 29.8433 34.0079 0.0882846 0 -3.2 0 0.762587 0.635596 109 109 255
12.2386 21.3479 18.6677 -0.296229 0 -0.7 0 0.107276 0.913456 122 122 254
24.6809 9.48675 37.2019 1.34578 0 3.8346 0 -0.146773 0.40447 155 155 255
48.6285 6.21163 32.9062 0.282893 0.596153 -0.7 0 0.518918 -0.371443 138 138 255
7.55212 3.884 16.6857 -0.0120913 0 4.5 0 -0.124536 -0.0913856 114 114 255
24.5607 16.7529 30.318 0.12118 0 -0.571656 1 0.829023 0.366161 255 108 108
2.10013 0.32225 40.064 -0.213378 0 4.5 0 -0.590739 -0.323904 114 114 255
3.1735 -3.92738 38.6027 -1.35728 -0.631499 -3.5 0 -0.151574 -0.635521 84 84 255
39.7357 11.1861 36.3825 -0.102958 0 -2.49261 1 0.560021 0.797304 255 1 1
9.71806 2.36156 19.185 -0.31607 0 1.47556 0 0.158514 -0.917317 115 115 255
31.8086 11.8746 25.0589 0.612258 -0.663186 -0.8 0 -0.972233 -0.210925 255 157 157
26.8447 7.931 36.2254 2.202 0.160245 4.2 0 -0.642787 0.318585 153 153 255
41.7082 -3.04206 47.5574 2.67731 0.0037014 -3.9 0 0.242696 0.37802 5 5 255
16.5684 29.1567 22.9481 2.62209 0 -3.9 0 -0.497988 0.399644 66 66 254
9.67562 28.5875 28.867 0.0635347 0.00824984 -0.4 0 0.832249 0.475164 60 60 255
1.41644 2.26437 38.5197 -0.113636 0 4.5 0 -0.694014 0.239138 33 33 255
10.8435 9.814 47.9972 -0.715716 0.621252 -4.38453 0 -0.539008 0.822743 79 79 255
53.2334 11.477 22.5382 -0.0383883 -0.0491064 -3.99748 0 0.897635 0.210869 179 179 255
44.2347 16.1586 22.8381 -0.307709 -0.00523512 -3.5 1 -0.266262 0.767183 255 17 17
43.314 10.8411 37.159 -0.309671 0 4.5 1 -0.501176 0.157091 255 4 4
38.0358 10.1944 25.1184 -0.351507 0 -2.5831 1 -0.322095 -0.427465 255 6 6
45.3094 7.99125 17.5927 0.705416 0 -3.2 1 -0.61223 -0.425716 255 8 8
46.1106 1.48656 38.6467 0.258456 0 -3.5 0 -0.806041 -0.591004 77 77 255
50.5008 4.8 22.471 0.173918 0 -1.6 0 0.727274 0.53985 55 55 255
19.0969 14.099 11.6474 0.163661 0 -3.5 0 0.823878 -0.465658 94 94 255
12.7323 -5.95425 56.0308 -0.253453 0 3.8 0 0.328383 -0.461585 255 133 133
21.2372 -4.32013 37 -0.851621 0 -3.5 0 -0.0850207 -0.962204 15 15 255
30.2407 20.0592 31.1444 0.163022 0 4.2 1 -0.129955 -0.270876 255 19 19
21.0066 3.10888 52.345 -0.539394 0 -3.5 0 -0.901675 0.194445 16 16 255
0.134188 5.93969 21.6081 0.137724 0 -1.3 0 -0.735464 0.136772 7 7 255
11.164 10.255 16.7861 0.456493 0 -1.6 0 -0.244222 0.223563 79 79 255
15.7673 4.32737 59.0225 -0.308131 0 1.76768 0 0.408841 0.661095 37 37 255
23.06 29.467 25.28 -0.44838 0 -3.5 0 0.151322 0.929234 90 90 255
24.9236 17.8902 20.7469 0.37397 0.228061 -0.316105 0 -0.25239 0.67869 255 29 29
49.2021 15.0786 38.5124 -0.4808 -0.016033 4.5 0 0.722573 0.610461 255 180 180
26.796 25.5617 24.9312 -0.29664 -0.270865 3.8 0 -0.208556 0.926511 255 198 198
1.23694 2.12125 22.1544 1.04662 0 -3.9 0 -0.535454 -0.725006 61 61 255
52.0373 10.4776 34.0768 -0.322407 0 -1.1665 0 0.676173 -0.401629 248 248 255
55.177 13.3811 28.315 -1.87786 -0.421872 -3.5 0 0.986484 0.136772 255 171 171
36.0975 4.92144 21.7296 0.178163 0 4.5 1 0.382569 0.423842 255 25 25
-5.07875 13.5876 30.9944 0.143935 0.306547 -4.5 0 -0.339616 -0.940533 8 8 255
23.8985 24.6509 32.468 -0.0457846 0 -3.85435 1 0.769602 0.130506 255 134 134
22.3703 -0.769938 43.1824 0.490644 0.0548029 0.985978 0 -0.162879 -0.827136 23 23 255
11.4187 12.5773 15.7361 -0.317605 0 -0.7 0 -0.317177 -0.820696 13 13 255
19.834 33.7041 31.3706 -1.39787 -0.516622 -3.5 0 -0.00932722 0.770768 39 39 255
11.8235 24.2559 42.5353 -0.408675 -0.154924 -3.5 0 0.0352839 0.350816 2 2 255
26.8162 16.7156 42.7006 0.74263 0 -3.2 0 -0.221915 0.453467 64 64 255
5.69406 -4.97556 36.7894 -0.260055 0 -3.5 0 -0.113298 -0.979851 51 51 255
49.7492 1.38275 48.2281 0.339237 0.117393 -3.5 0 0.672192 -0.110875 24 24 255
-1.30175 10.6198 38.4497 -0.0219921 -0.543046 -3.5 0 -0.292534 -0.0650147 4 4 254
29.4165 9.60913 28.1922 0.906264 0 -3.9 0 -0.547016 0.565965 255 202 202
2.244 18.222 39.2503 0.262563 0.197155 4.2 0 -0.646809 0.497694 7 7 255
0.9025 -2.89325 31.7038 -0.232924 -0.15126 -3.5 0 0.306879 -0.284916 16 16 255
45.6629 -0.473625 45.3629 -1.50962 0 -3.5 0 0.430702 -0.752867 24 24 255
-2.11931 5.22512 39.3022 0.547459 0 -3.9 0 -0.234404 -0.704269 1 1 255
21.4439 15.308 39.9748 0.46537 0 -0.7 0 -0.118589 0.992617 215 215 255
48.4336 14.7201 17.9242 0.398849 0.145854 -4.5 0 0.794924 -0.19302 255 69 69
24.2911 7.88994 31.3201 2.48425 0.70365 -3.9 0 -0.887698 0.435338 110 110 255
24.7915 29.1405 35.2435 -0.784588 0 -3.2 0 0.999058 0.0326753 125 125 255
24.6038 31.7635 31.3778 -0.265859 0 -3.5 0 0.236202 0.703426 65 65 255
6.6005 27.9914 32.819 -2.13028 -0.121367 -3.5 0 -0.419096 0.221364 255 209 209
38.6892 12.3733 54.0581 0.0159864 0 -0.994598 0 0.113424 0.563118 7 7 255
51.6147 14.3069 40.5759 0.109618 0 -3.9 0 0.454421 0.380265 84 84 254
36.2276 12.4613 38.9004 -0.00286995 0 -1.3 1 0.638305 0.655703 255 20 20
3.45269 3.89194 39.8974 -0.317907 0 2.99361 0 -0.742053 -0.203932 15 15 255
13.4353 21.5599 19.3127 -0.413761 0 2.8 0 -0.188879 0.840845 180 180 255
16.79 9.2025 48.9383 0.590587 0 -1.3 0 -0.323223 -0.102872 78 78 255
52.721 6.35075 17.8446 0.746196 0 -3.5 0 0.986019 -0.139207 13 13 255
15.4548 0.556375 48.2404 -0.778961 0 4.5 0 -0.344305 -0.938628 92 92 254
35.1173 6.27 22.1939 0.147745 0 4.5 1 0.688098 0.522692 255 11 11
46.3525 18.2705 33.225 -0.348438 0 -1.3 1 0.292353 -0.0747104 255 31 31
-3.83181 5.29144 35.0218 1.46213 0 -2.36788 0 -0.896706 -0.439707 9 9 255
7.72756 24.5454 21.8015 -0.0367188 0 2.12194 0 0.797071 0.421277 94 94 255
13.232 1.3185 21.3417 -0.444449 0 -2.29039 0 0.113016 -0.921642 48 48 255
33.8613 16.6666 42.2533 0.231596 0.118587 -1.3 0 -0.310306 0.935141 255 241 241
31.8444 20.4511 30.6113 0.0856251 0 4.2 1 0.679294 -0.245293 255 22 22
23.9772 7.46331 14.0076 0.487575 0.13301 0.58997 0 0.141811 -0.35793 139 139 255
24.3401 9.50113 13.4039 0.172315 0 3.8 0 -0.363929 0.0117358 104 104 255
15.7251 0.519063 29.8154 -2.06231 -0.0246339 -3.5 0 -0.457837 -0.777876 252 252 255
17.0764 9.16838 53.8471 0.667072 0.363133 -3.5 0 -0.730389 0.677974 47 47 255
0.652188 17.1184 34.6734 -0.670134 0 -3.9 0 -0.755162 0.15492 6 6 254
40.2158 11.4727 53.7371 -0.318114 0 -1.3 0 0.266289 0.851587 10 10 255
16.5394 6.52075 49.3275 0.128008 0 1.11316 0 -0.16114 0.536398 72 72 255
22.4659 2.14531 19.6076 0.767326 0 -3.5 0 0.586933 -0.809587 121 121 255
28.2593 15.9595 22.3773 1.07698 0 -4.5 0 0.957485 -0.209869 255 69 69
25.5042 13.5282 54.4652 -1.63947 0 -3.5 0 0.0763399 0.405041 17 17 255
27.7658 -0.584687 29.0203 0.590445 0 1.8 0 -0.823584 0.226955 153 153 255
28.3994 20.0554 19.0334 0.1404 0 4.5 1 0.981462 -0.176039 255 17 17
28.3409 22.9079 20.1419 -0.117454 0 4.38207 0 0.358188 0.925349 255 90 90
22.591 4.523 24.766 -0.39248 -0.50978 4.5 0 0.0745753 -0.850666 51 51 254
4.25712 13.5364 15.3319 -1.38591 -0.0192251 -3.5 0 -0.462608 0.354744 22 22 255
-1.11025 9.34294 38.5806 -0.431609 -0.31721 -3.63648 0 -0.413219 0.33618 2 2 255
11.0245 16.3156 49.4836 -0.108767 0 3.8 0 -0.916989 -0.326033 173 173 255
5.05912 23.9303 42.7211 0.163976 0 -3.9 0 -0.977718 0.19522 0 0 255
13.6907 19.8012 14.0595 -0.481253 -0.0333088 -3.5 0 0.46727 0.830233 27 27 255
23.5352 6.51675 54.8818 -0.0561532 0 -3.10733 0 0.322101 -0.0725255 7 7 254
20.3566 8.32763 55.967 -0.293614 0.468006 -3.5 0 -0.200986 -0.0918602 16 16 255
14.3001 27.9836 23.8901 -1.02414 0.04915 -3.5 0 0.0749697 0.626249 64 64 255
32.1645 11.7941 59.5438 -2.67627 -0.304913 -3.5 0 -0.1482 0.820297 13 13 255
52.0271 1.91188 30.3347 -0.12181 0 4.2 0 0.807092 0.21807 30 30 255
47.6509 5.24638 47.5374 -0.647597 -0.000206157 0.371455 0 0.926167 0.266613 4 4 255
29.9982 -1.04975 54.4355 -1.06636 0.02692 -3.2 0 -0.311744 -0.121224 2 2 255
46.5675 -5.3505 25.6705 -0.483106 0 -3.5 0 -0.616363 -0.601806 98 98 255
0.536937 20.0168 15.028 2.97239 0.618545 -3.9 0 -0.35245 0.732908 6 6 255
31.9438 -8.39237 37.8354 0.00645969 0 -3.9 0 -0.144213 -0.981104 13 13 255
22.3375 19.1616 49.4266 0.469666 0 -1.6 0 0.501563 0.821651 6 6 255
24.4185 20.302 23.7162 -0.0533214 0 1.8 0 0.139951 -0.298099 255 58 58
4.61369 24.5702 33.9664 -0.4854 0 4.46321 0 -0.05073 0.958662 116 116 254
51.9627 5.37006 28.8722 -0.790581 -0.669774 -0.721723 0 0.975883 0.0225752 33 33 255
5.05469 30.5567 26.3557 -1.34724 -0.731052 -0.4 0 -0.392972 0.918854 103 103 254
13.2448 22.7425 38.5505 -0.132899 0 3.27786 0 0.249851 0.945708 17 17 255
3.32156 4.72131 19.1358 0.505081 0.618516 -2.92701 0 -0.289253 0.387792 65 65 255
43.0656 -3.44887 32.9406 -0.679878 0 -0.7 0 0.806778 -0.379335 105 105 255
30.5914 -3.27813 53.0518 -1.5194 0 -3.2 0 -0.0968157 -0.973699 1 1 255
31.9391 19.6814 22.8471 0.441217 0 3.8 1 -0.0743142 -0.0995242 255 4 4
49.3953 0.14975 47.2486 0.316013 0 -3.5 0 0.603475 -0.792712 24 24 255
29.9026 -2.07569 26.5721 0.0268794 -0.0236451 1.8 0 -0.165409 -0.790718 79 79 255
-0.819938 -2.7115 31.8181 -0.717791 -0.420749 -3.5 0 -0.58381 -0.0262656 6 6 255
22.492 -1.36819 51.1705 -2.21757 -0.478556 -3.5 0 -0.354935 -0.825292 4 4 255
12.1689 -1.43094 37.8613 0.265638 0 -1.56185 0 0.872052 -0.419511 128 128 255
1.82269 8.13406 45.2193 0.367082 0 -3.9 0 -0.930828 -0.197867 5 5 254
11.0311 26.0216 29.4414 0.142122 0 -3.55317 0 0.243947 0.960057 96 96 255
27.9495 18.103 20.1384 0.377336 0 0.0991285 1 0.991908 0.111596 255 16 16
46.0354 -2.981 25.8428 -1.33461 -0.715478 -3.5 0 -0.694862 0.679426 118 118 255
45.4205 0.151812 21.7939 0.185364 0 2.8 0 0.430838 -0.892477 168 168 255
24.2173 10.9694 56.6299 0.0509459 0 -3.5 0 0.252097 0.197022 19 19 255
50.2607 4.83325 19.2773 0.12851 0 -3.5 0 0.802497 -0.362579 73 73 255
0.064125 8.58762 22.1245 -0.0167798 0.79189 -1.3 0 -0.337743 -0.228822 1 1 255
42.1051 -0.723188 27.0695 0.101244 -0.23729 0.983427 0 0.97576 -0.139944 132 132 255
36.3105 7.123 56.0439 -0.510128 0 -3.9 0 0.445374 0.00746013 1 1 255
27.5837 -1.09041 25.1624 1.72189 0 -3.9 0 -0.599834 -0.705656 206 206 255
53.6145 13.2693 44.966 2.11523 0.0439072 -3.9 0 0.0446951 0.174202 2 2 255
38.6447 -4.2675 49.7238 -0.719567 -0.246191 -3.5 0 0.717925 -0.363505 9 9 255
25.6164 -0.65525 45.8109 -0.315454 0 2.44949 0 -0.414575 -0.549576 3 3 255
23.8516 14.4397 51.3365 -1.21397 -0.56153 -2.27712 0 -0.770489 0.518433 6 6 255
49.2352 0.94375 25.6001 -0.413549 0 -3.5 0 -0.97606 -0.0547049 28 28 255
28.1414 17.3669 43.0524 1.42903 0 -3.9 0 0.168651 -0.0412497 71 71 254
35.7317 2.99137 53.8362 -0.109829 0 -3.81155 0 0.376558 -0.756229 2 2 255
35.9785 15.3503 42.0786 -0.366517 0 -1.3 1 0.821311 0.564979 255 68 68
8.31844 2.985 47.1061 -0.0106889 0 -1.87996 0 -0.325417 0.254159 35 35 255
10.9634 16.9513 47.6958 -0.091429 0 3.8 0 -0.9879 -0.150712 84 84 254
37.4781 -2.72025 25.5958 -0.0904896 0 -3.70101 0 0.493 -0.862733 63 63 255
21.5796 1.37612 20.8832 -0.170911 0 -3.5 0 0.600463 -0.798737 59 59 254
8.08988 19.3764 46.0532 -0.483424 0 -3.5 0 0.548844 0.0699274 4 4 255
6.40588 25.5343 44.5089 0.828762 0 -3.9 0 -0.717126 0.36748 0 0 255
-2.70294 9.20837 38.2052 0.0907578 0 -3.67285 0 -0.452042 0.200635 8 8 254
12.7164 0.835813 57.2571 0.439414 0 0.332026 0 -0.795554 0.470517 86 86 255
11.0887 4.00431 48.9569 -0.456348 0 -3.62437 0 -0.590622 -0.634139 96 96 255
37.1746 5.53013 55.9482 -0.184516 0 -3.9 0 0.283866 -0.0104682 1 1 255
31.7435 5.42887 56.2054 -1.2159 -0.878547 -3.5 0 -0.660744 -0.185793 10 10 255
6.396 7.68475 20.4128 -0.32754 0 -0.356736 0 -0.455191 0.794996 61 61 255
-2.17887 22.3834 38.3587 0.338885 0 -3.9 0 -0.752137 -0.264289 20 20 255
34.57 -4.018 50.1323 -0.309 0 -3.5 0 -0.601953 -0.241878 8 8 255
-2.3525 13.1215 32.4255 -0.320402 0 -4.5 0 -0.872181 -0.405192 8 8 255
23.6266 -5.30025 40.4343 -0.139896 0 -3.5 0 -0.950727 -0.294417 25 25 255
14.146 -0.351 46.0965 -0.440084 0 -3.9 0 0.112392 -0.849495 42 42 255
47.6883 -0.29225 46.4841 0.162402 0.426686 -3.5 0 -0.0657137 -0.945299 24 24 255
25.7698 11.8351 38.2475 0.848639 0 4.2 0 -0.426281 0.789338 215 215 255
47.5924 14.2425 54.9723 2.18689 0.380993 -3.9 0 0.969037 0.240675 1 1 255
27.7021 -2.06862 47.4279 -0.443798 0.53771 -2.84169 0 -0.614653 -0.305532 4 4 255
48.218 1.20763 21.5123 -0.21349 0 0.682412 0 0.219609 -0.798155 101 101 254
-4.03687 9.90963 21.7225 -1.92237 -0.058055 -3.5 0 -0.191326 0.0709356 0 0 255
38.4406 -3.0615 51.7589 -2.0328 0 -3.5 0 0.249589 -0.5685 14 14 255
1.83819 3.8795 18.3434 2.79176 0.369645 -3.9 0 -0.0972887 0.456266 56 56 254
37.5887 12.3988 39.9874 -0.0606293 0 4.5 1 0.386479 0.839634 255 20 20
47.6617 7.67994 39.8004 -0.0141917 0 -0.9 0 0.707136 -0.119752 255 248 248
37.4884 -10.4139 41.5927 -0.445098 0.282109 -0.7 0 0.636395 -0.686397 193 193 255
11.3278 13.7101 45.4051 -0.188576 0 3.8 0 -0.78017 -0.234579 132 132 255
24.1148 8.36925 37.0857 1.36038 0 3.07471 0 0.357624 0.151273 105 105 255
39.3326 16.1397 52.5513 3.03968 0 -0.4 0 0.322713 0.85858 145 145 255
8.121 8.5 46.805 -0.440053 0 -3.5 0 -0.656767 0.747482 45 45 255
21.1015 11.8752 31.674 0.894252 0 -0.8 0 0.520417 -0.833078 64 64 254
49.2142 17.8924 30.1174 -0.095608 0 -3.9 1 -0.0621229 0.814915 255 58 58
54.9539 12.2296 26.8689 -0.744336 -0.808174 -3.5 0 0.879121 0.470659 255 141 141
14.6324 26.6585 23.4911 -0.63745 0.0485638 -3.66422 0 0.122755 0.465561 119 119 255
26.3286 1.67163 29.2684 0.911285 0 -4.5 0 -0.179235 -0.119037 114 114 255
17.1266 4.36919 16.6187 0.263707 0 -3.5 0 -0.612504 -0.233006 86 86 254
27.0989 -4.73431 37.5501 -1.79614 -0.575263 -3.5 0 0.657824 -0.64006 5 5 255
55.7772 10.908 23.6729 0.137676 0 -1.6 0 0.563773 0.263561 173 173 255
30.632 0.894 53.0161 -1.03844 0 -3.41912 0 -0.783049 0.595892 2 2 255
3.7675 26.8171 23.7727 0.0637365 0 -3.9 0 -0.967481 0.157004 224 224 255
33.4887 -1.20875 52.5188 -0.247965 0 -3.2 0 0.502086 -0.144898 2 2 255
32.8359 0.514687 53.17 -0.624839 0 -3.4215 0 0.450788 -0.595363 1 1 254
2.05994 -4.15294 33.9683 -0.305857 -0.123051 -3.5 0 -0.0337079 -0.997409 33 33 255
4.9015 7.64488 46.5646 0.533204 0 -3.9 0 0.205767 -0.556731 20 20 255
38.5163 12.886 34.364 0.233491 0.32986 -3.5 1 0.14745 0.987403 255 6 6
26.7896 21.9303 16.5131 -0.120868 0 4.5 0 0.428975 0.445825 255 74 74
44.108 18.0846 29.1353 -0.465797 -0.00438456 -1.3 1 0.182251 0.885523 255 37 37
10.6114 -5.75138 56.409 -0.214849 0 3.8 0 -0.370309 -0.763154 217 217 255
25.6933 18.8431 20.2644 0.74987 0 0.916948 0 -0.448025 0.258751 255 38 38
11.8658 8.77331 40.5506 -0.647825 0 2.8 0 -0.302819 0.734911 221 221 255
34.1512 16.4498 25.23 0.463096 0 -3.5 1 0.792057 0.481265 255 8 8
18.197 3.57775 15.8875 0.749014 0.105842 -3.5 0 -0.191838 -0.28188 116 116 255
28.3587 16.7335 23.3585 1.12231 0 -4.5 0 0.684 -0.714185 255 38 38
42.7372 -6.00619 31.1134 -0.156924 0 -0.7 0 0.687301 -0.573081 43 43 255
46.0978 -0.0204375 30.5126 -0.594778 -0.026328 -1.16518 0 -0.297521 -0.617408 92 92 255
51.2192 -4.34281 26.3476 0.150471 0 -2.76594 0 0.634295 -0.745032 22 22 255
35.1981 22.4435 24.8954 0.00569481 0 3.8 1 0.752643 0.602449 255 4 4
13.1773 0.881125 54.3754 -0.466376 0 -2.0664 0 -0.982748 -0.0835057 74 74 254
25.2096 6.62825 14.4427 0.415519 0 -3.5 0 0.278816 -0.420343 179 179 255
52.5495 14.5611 24.6347 -0.131021 -0.310433 -3.90975 0 0.700809 0.66646 255 83 83
54.5688 8.60369 23.7285 0.0389823 0 -1.6 0 0.181367 -0.556996 78 78 255
43.6043 -0.931 37.1886 0.237863 0 -1.6 0 0.30403 0.403418 124 124 255
27.4196 12.3964 31.1106 -0.874207 -0.115307 -1.3 0 -0.636679 0.746275 255 175 175
47.8891 18.9866 32.3016 0.0679251 0 -1.3 1 0.343115 0.609126 255 36 36
41.3823 3.10663 51.6592 1.6172 0.117381 0.0641783 0 0.812561 -0.581663 1 1 254
49.0956 9.25144 17.1394 0.0933675 -0.277319 -3.43997 0 0.394907 0.619449 255 227 227
47.438 5.118 46.1085 -0.474563 -0.634439 -3.5 0 0.548342 0.412143 5 5 255
13.8324 27.0459 34.299 0.0153207 0 -3.9 0 0.0576324 -0.433163 57 57 255
8.02662 -3.92775 35.1707 -0.479553 0 -3.5 0 0.431833 -0.892526 92 92 255
30.2233 13.9827 25.1991 -0.475633 -0.791252 -3.5 0 -0.683492 -0.422311 255 96 96
50.7901 18.5733 30.1016 0.160009 0 -3.9 1 -0.401856 0.731988 255 96 96
49.3166 14.5306 46.7332 -1.14382 -0.852462 -3.5 0 0.89918 0.429605 15 15 255
29.0587 13.2389 21.1874 1.02709 0 -1.85854 0 0.529568 0.377388 225 225 255
10.6833 3.09562 62.7528 -1.70778 -0.236106 -3.2 0 -0.454868 0.391482 39 39 255
-2.56262 2.58337 34.218 0.187556 0 -0.9 0 -0.546977 -0.743657 11 11 255
28.7734 18.2822 21.7854 0.538652 0 -0.4 0 0.686894 -0.125192 255 8 8
50.5708 16.902 27.6158 0.00582851 0 -3.5 1 0.480201 0.871855 255 42 42
42.6069 1.15956 26.5304 0.128168 0 -2.32902 0 0.832724 -0.472396 145 145 255
53.7377 14.4371 33.0191 -0.28546 0.832123 -3.87445 0 0.930975 0.003351 255 247 247
12.4343 4.09188 18.2292 0.0998446 0 -1.15626 0 -0.029245 -0.690987 152 152 255
13.358 -2.153 40.2575 0.861918 0.53922 -3.9 0 0.79033 -0.431741 90 90 255
51.032 2.984 31.075 0.0374524 0 4.2 0 0.67558 0.262336 43 43 255
38.2 -6.81475 44.4868 -0.0689267 0 -3.9 0 -0.0732769 -0.856025 58 58 255
-3.473 22.6864 34.5496 -0.920766 0 -3.5 0 -0.731776 0.418191 121 121 255
9.7435 26.6537 35.0311 0.210941 0 -3.9 0 -0.357971 0.0972095 69 69 254
1.9065 28.0648 31.4252 -0.141662 0 3.8 0 0.0804884 0.957497 193 193 255
52.7846 15.2146 44.2069 0.259698 0 -3.9 0 0.205939 0.703518 5 5 255
42.8214 11.902 18.1485 0.469718 0 -3.2 1 -0.966601 -0.217829 255 9 9
43.9501 20.0424 33.8369 0.222255 0.0343556 -1.3 1 -0.201166 -0.0583309 255 55 55
44.6674 11.9757 56.4064 0.639306 0 -3.9 0 -0.331722 -0.317282 1 1 255
1.12888 24.8153 34.1419 -0.354019 0 -0.4 0 0.165881 0.86495 83 83 255
0.0445 -1.00075 29.1945 -0.13688 0 -1.6 0 -0.197308 -0.945014 24 24 255
4.39012 27.3937 30.4891 -0.400223 0 3.8 0 0.0319018 0.954957 200 200 255
28.6674 10.3083 28.9277 0.977124 0.579428 -1.8632 0 -0.448693 0.0596965 255 168 168
20.3404 -0.737 43.0621 0.692419 0.436116 -0.7 0 -0.345263 -0.776873 23 23 255
30.6882 25.6178 22.8321 -0.105961 0 3.8 0 0.515117 0.679899 255 42 42
-0.850937 13.7032 37.4082 -0.0044869 0 -2.52037 0 -0.614431 0.530726 12 12 255
27.7125 13.4747 15.8484 -0.307245 -0.868267 -4.2179 0 0.233596 0.416601 255 39 39
-1.46806 0.81375 26.4847 -0.086996 0 -1.6 0 -0.832315 -0.0935136 2 2 255
15.9245 31.0802 25.8682 0.355121 0 -3.9 0 -0.709392 0.562971 44 44 255
19.5065 2.78431 16.6378 0.600626 0 -3.5 0 0.0475082 -0.49465 145 145 255
0.289 19.3104 32.0392 -0.652096 -0.167255 -4.38629 0 -0.138823 -0.855673 25 25 255
10.7995 9.64188 39.8949 -0.468108 0 4.5 0 0.202276 0.195439 209 209 255
33.8402 8.77081 23.7163 0.557483 0 -0.870071 1 0.958676 -0.0173674 255 21 21
42.9938 -3.71144 27.3336 0.0330981 -0.725012 -0.7 0 0.52735 0.382534 41 41 255
24.9233 27.8899 33.4495 -0.149165 -0.13695 -3.28949 0 0.782031 -0.348024 197 197 255
12.8114 -0.56425 32.2197 -0.0155574 0 -3.5 0 0.353086 -0.871889 122 122 254
55.4587 -2.26288 24.8197 -1.67725 -0.250559 -3.5 0 0.436423 -0.817818 7 7 255
3.99456 11.3939 43.7194 0.212246 0 -3.9 0 0.460597 0.842759 7 7 255
34.4534 2.24587 56.841 -0.467756 0 -3.5 0 0.840156 -0.13926 4 4 254
8.03675 9.72775 42.9002 -0.255521 0 -3.5 0 0.462451 0.429671 36 36 255
42.9219 -1.89944 46.5411 -0.229956 -0.623879 -3.5 0 0.574099 -0.110881 11 11 254
-4.466 8.62556 22.1492 -2.37919 -0.676002 -3.5 0 -0.275729 -0.608354 0 0 255
18.1414 16.5696 43.7811 0.41216 0 -1.6 0 0.893121 0.404408 22 22 255
3.02238 15.5592 20.2159 -0.372865 0 -3.8767 0 -0.46113 -0.87212 8 8 255
1.44662 7.97 43.9497 0.112967 0 -3.9 0 -0.998851 -0.00447254 4 4 255
38.1419 -11.0824 36.9692 -0.123541 0 -0.7 0 0.302792 -0.753302 43 43 255
3.96981 0.428 20.9861 0.293944 0 -3.9 0 0.171628 -0.960285 97 97 255
23.3515 -0.578125 44.7188 -0.18595 0.571643 3.23717 0 -0.441098 -0.841231 8 8 255
25.4933 8.90025 29.0283 1.55224 0 -3.9 0 -0.163106 0.979976 193 193 255
14.625 4.82 62.96 -0.419931 0 4.5 0 -0.12873 0.34605 23 23 255
-3.78 18.22 31.517 0.164906 0 -4.5 0 -0.567351 0.352044 7 7 255
53.3796 14.0677 31.9985 -0.686033 -0.779552 -3.5 0 0.833416 -0.545977 255 242 242
35.5448 -3.85337 24.168 -0.520357 -0.0119206 -3.5 0 0.28701 -0.552546 53 53 255
28.8132 -1.62222 25.1693 0.489605 0 -3.9 0 -0.133298 -0.990347 119 119 255
20.1798 0.318063 44.5336 -0.00330121 0.520166 -0.7 0 -0.192379 -0.873369 9 9 254
17.1868 2.1695 57.1702 0.0490108 0 -1.6 0 0.957921 0.279739 32 32 254
15.5659 29.6961 27.0585 0.763435 0 -3.9 0 -0.979884 0.176002 24 24 255
23.3665 6.415 14.2273 0.668927 0.556347 -3.5 0 0.04505 -0.442494 160 160 255
28.3819 23.4713 29.8204 -0.230143 0 4.2 1 -0.0225999 0.119274 255 9 9
30.5467 22.8977 30.6936 0.0732066 0 4.2 1 0.149775 0.356303 255 11 11
56.172 8.74238 24.3138 0.0729721 0 -1.6 0 0.636552 -0.339233 99 99 255
43 2.66231 19.5967 -0.393556 0 2.8 1 0.0637867 0.230778 255 51 51
22.3186 3.395 54.3245 -1.24539 -0.447335 -3.5 0 -0.232838 -0.538294 16 16 255
34.3409 0.844625 53.2808 -0.317283 0 -3.5 0 0.377039 -0.667563 1 1 255
48.3447 10.9218 51.8737 -1.70208 -0.0884843 -3.5 0 0.430313 0.393665 3 3 255
46.2209 -5.56244 27.2738 -0.0947388 0.159234 -3.5 0 -0.912388 -0.354869 75 75 254
14.1252 20.96 42.4652 0.535698 0.0948522 -3.5 0 0.804739 0.349091 48 48 255
-3.58094 7.33306 28.4338 -0.103026 0 -2.40146 0 -0.915141 0.0809466 2 2 255
33.3348 11.7596 49.8931 -0.0673129 -0.338931 -0.7 0 0.183173 0.972345 28 28 255
16.8741 17.9279 47.5192 -0.930229 0 -4.5 0 0.0654946 0.971988 33 33 255
38.469 -2.06612 18.9762 0.857831 0 -4.5 0 -0.737198 -0.0514379 255 111 111
12.0082 29.9359 35.558 2.54229 0 -3.9 0 -0.0220257 0.369078 90 90 255
38.0055 -7.01175 36.3522 -0.429666 -0.0573692 -1.3 0 0.078079 -0.506981 42 42 255
10.6563 20.6967 13.1859 0.106145 0 -3.2 0 0.40659 0.550208 65 65 255
23.3188 7.14425 35.3145 1.87117 0.643708 -4.17126 0 0.296429 0.837932 115 115 255
34.7364 6.09931 56.4128 -0.83595 0 -3.9 0 0.299968 -0.0804679 2 2 254
32.2046 13.404 40.5785 0.0072465 0 -1.3 0 -0.681993 0.730994 186 186 255
19.5726 -2.309 26.0027 0.557308 0 -3.9 0 0.0431124 -0.789921 42 42 255
-4.04669 4.96344 33.6713 0.0347215 0 -0.9 0 -0.966926 -0.205193 5 5 255
6.41044 28.9692 28.9511 -0.120761 0 -1.40661 0 -0.640249 0.599525 182 182 255
2.00775 23.6803 26.0392 -2.11183 -0.617505 3.8 0 -0.602174 0.241382 60 60 255
7.22137 10.0399 18.891 -0.28049 0 2.8 0 -0.923674 -0.303671 55 55 255
24.115 14.8695 53.0334 -2.05258 -0.756354 -3.5 0 -0.726949 0.587579 13 13 255
13.0139 1.1265 52.4492 -0.280921 0 -3.9 0 -0.836778 -0.544625 118 118 255
0.759531 20.1868 26.3929 0.570961 0.657266 -4.5 0 -0.535971 0.106492 29 29 255
55.7865 9.86462 27.8044 -0.160208 0 -1.6 0 0.411794 0.186488 91 91 255
41.6166 -4.66056 41.5148 -0.158336 0 -3.51338 0 0.834358 -0.429291 28 28 255
53.6554 0.404938 21.4266 -0.207371 0 -3.5 0 -0.121603 0.219353 14 14 255
26.5195 30.7134 32.6235 0.764706 0.805952 -3.5 0 0.36651 0.595836 217 217 255
39.4918 -9.74012 37.3874 -0.0982371 0 -0.7 0 0.832231 -0.213678 44 44 255
55.2866 7.12031 25.5501 0.375742 0 -1.6 0 0.416926 -0.875624 27 27 255
15.312 4.32525 55.2415 0.28813 0 -1.6 0 -0.0823884 0.948676 32 32 255
11.7222 19.0367 49.4501 -0.0543637 0 3.8 0 -0.502028 0.821814 29 29 255
17.5404 16.3028 40.7022 0.488965 0.00508375 -1.56894 0 0.94331 0.330181 32 32 255
50.1288 2.75975 38.9346 2.01976 0.736356 -3.9 0 0.628174 0.74236 43 43 255
17.647 17.5534 40.0135 0.681893 0.289102 -1.43763 0 0.812723 0.198427 39 39 255
-0.229438 26.7477 38.9359 3.18369 0.0700644 -3.9 0 0.261148 0.961369 39 39 255
41.5436 15.1918 30.9597 -0.0536149 0 -1.3 1 -0.672364 0.342207 255 20 20
48.4686 6.64762 15.7915 -0.355127 -0.344103 -3.5 0 -0.208046 0.0956361 255 192 192
-2.278 -6.17737 34.0433 0.705868 0.165745 -3.5 0 -0.697961 -0.712517 8 8 255
21.9724 16.4757 50.4158 -0.158922 0 -1.6 0 0.106432 -0.611868 2 2 255
48.2713 16.1912 46.8135 -1.50028 -0.704725 -3.5 0 0.374824 0.766858 27 27 255
34.0986 20.4635 21.8851 0.10687 0 3.8 1 0.0239814 -0.354791 255 6 6
10.4738 9.11425 48.9258 -1.54748 -0.0285634 -3.5 0 -0.489429 0.57826 83 83 255
9.97106 3.08078 47.9966 -0.845367 0 -1.09263 0 -0.368839 -0.0133017 65 65 254
4.65987 21.7292 37.1727 -0.223144 0 -3.9 0 -0.489148 0.5246 11 11 255
28.5893 20.8565 43.7689 3.26972 0.0580048 -3.9 0 0.387724 0.786056 35 35 255
-3.90987 6.75138 32.4531 -0.102095 0.00612425 -0.9 0 -0.953563 -0.0064335 10 10 254
1.379 12.1175 22.4531 0.461926 0 -3.9 0 0.548926 0.182508 1 1 255
31.4622 -1.932 25.042 -0.0993667 0 -3.9 0 -0.363426 -0.930935 92 92 255
45.3802 1.933 23.8976 0.302756 0 1.1625 0 0.0479203 -0.834115 143 143 255
13.2814 24.3951 34.6623 0.685399 0.51476 -3.9 0 0.445735 0.579569 55 55 255
10.4579 25.2337 42.9774 -0.0201611 0.358227 -3.68432 0 0.190357 0.493479 1 1 255
36.179 -6.9255 44.648 -0.379773 0 -3.52343 0 0.184171 -0.658224 68 68 255
3.31225 11.8317 46.3423 1.99315 0.426565 -3.9 0 -0.326005 0.940525 9 9 255
18.5056 2.15444 59.9551 -0.304053 0 4.5 0 0.81999 -0.0283153 26 26 255
-0.30025 17.2607 19.8722 0.127342 0 -3.9 0 -0.921391 -0.358541 4 4 255
11.0085 25.7075 22.7736 -1.05749 -0.509938 -3.5 0 -0.33286 0.0653844 86 86 255
52.69 15.5644 42.217 0.247728 0 -3.9 0 0.461889 0.823593 9 9 255
6.74438 24.8856 33.6511 -0.195287 0 4.5 0 -0.284629 0.936245 207 207 255
28.3283 3.87325 29.071 0.534339 -0.609657 -1.07043 0 -0.679963 -0.336819 129 129 255
39.4405 6.00925 24.043 -0.420381 -0.0880391 -3.5 1 -0.484458 0.343841 255 11 11
4.81425 4.60025 44.7825 -0.0693932 -0.0117373 -3.9 0 -0.470207 -0.531307 27 27 255
53.9094 14.6051 25.7852 -2.34404 -0.120725 -3.5 0 0.560054 0.708198 255 29 29
21.495 13.753 36.6398 1.77678 0.871672 -0.8 0 0.817663 0.417666 130 130 255
43.8026 0.863813 35.9588 -0.216523 -0.134039 -1.6 0 0.205837 0.104976 178 178 255
0.088375 10.5861 21.1735 0.00106405 0 -3.9 0 0.0563138 -0.188754 1 1 255
13.6073 2.17794 19.0902 -0.0403066 0 -1.6 0 -0.191556 -0.756928 94 94 255
27.993 25.9263 23.935 -0.24288 0 3.8 0 -0.530522 0.810535 255 197 197
39.5828 0.997125 20.0982 0.499174 0.0922151 0.98778 0 -0.699101 0.563066 255 42 42
46.3763 0.66925 41.4755 -0.135737 0 -3.5 0 0.658529 -0.665687 50 50 255
33.7109 -7.46125 25.903 -1.22528 -0.0563632 -3.5 0 -0.212582 -0.941909 5 5 255
55.0124 18.2822 32.6775 0.551375 0 -3.9 0 0.399706 0.350433 255 139 139
53.8141 14.6783 42.9615 1.92966 0 -3.9 0 0.42513 0.874676 2 2 254
10.4049 0.764 59.4868 -0.100943 0 -3.2 0 -0.679453 0.554879 103 103 254
35.7016 14.1569 21.6103 -1.43046 -0.294875 -3.5 0 0.0568022 0.647669 255 29 29
44.1294 -5.64331 36.0659 -0.58439 -0.552294 -1.6 0 0.685226 -0.670841 70 70 254
23.4534 30.1276 37.2634 -0.207607 0.632243 -3.2 0 0.0387077 0.662281 106 106 254
-2.16581 4.69413 37.9837 1.13305 0 -3.9 0 -0.172577 -0.958525 3 3 255
11.6659 -6.77987 56.6415 -0.216418 0 3.8 0 -0.117843 -0.800746 247 247 255
16.0263 5.902 52.4449 0.249708 0 -3.82145 0 0.0267026 0.598652 90 90 255
43.1934 13.3503 37.3317 -0.162493 0 4.5 1 -0.960695 0.0547614 255 17 17
29.685 -6.118 43.557 0.135456 0 -3.2 0 0.13838 -0.986827 6 6 255
6.77481 25.8746 32.5811 -0.796819 -0.0741449 3.38905 0 -0.333064 0.348375 255 226 226
37.867 -11.0278 39.7255 0.225083 0 -0.7 0 0.368048 -0.848368 106 106 255
23.6178 16.5684 42.9125 0.548509 0 -3.5 0 0.346447 0.432857 84 84 255
12.7146 8.452 15.3975 0.171029 0 -1.6 0 0.120235 0.350472 183 183 255
45.6026 15.8569 54.1698 -1.11423 -0.0619633 -3.55078 0 -0.154808 0.851804 21 21 255
49.0479 9.22894 47.9492 -0.544246 0 -3.5 0 0.764137 -0.496218 5 5 255
43.0864 13.0864 20.2999 0.085469 0 2.8 1 -0.823803 0.088568 255 6 6
12.3626 27.0073 22.5013 -1.2499 0 -3.5 0 0.117967 0.28602 66 66 255
32.4424 13.3974 44.5554 -0.130992 0 -0.844022 0 -0.612417 -0.0967064 198 198 255
20.1731 1.159 31.1265 -0.492025 0 -3.57571 0 0.816762 -0.572454 176 176 255
18.3832 -0.957125 41.0497 -0.509808 0 -0.7 0 -0.668911 -0.680066 15 15 255
-1.27069 14.5267 32.2973 -0.344261 0.0333818 -4.5 0 -0.423798 0.679281 3 3 255
25.9377 11.7724 23.4274 0.35095 0 2.5 0 0.695811 -0.304045 165 165 255
10.7776 25.1749 35.374 0.280629 0 -3.41132 0 0.015687 0.304732 42 42 255
40.0884 14.7222 26.9169 1.00495 0 -0.4 1 -0.293342 0.954913 255 11 11
9.955 6.67125 51.4301 2.86214 0 -3.9 0 -0.91597 0.185912 75 75 255
33.8324 10.3359 22.268 0.0110669 0 -1.01802 1 0.960301 -0.242599 255 60 60
8.728 -5.009 32.5549 0.193704 0.461752 -3.5 0 0.221758 -0.910575 53 53 255
34.4116 -3.69319 31.6629 -0.0668122 0 -1.3 0 0.598942 -0.301965 11 11 255
38.9909 15.0916 47.5817 -2.12877 -0.0257754 -3.5 0 -0.638154 0.288342 255 119 119
11.2668 2.53938 47.9261 -1.08636 -0.892649 -3.5 0 -0.10113 -0.354068 111 111 254
20.9011 8.29387 35.7522 2.20388 0.161973 -0.7 0 0.440961 -0.166599 68 68 254
15.7391 1.48725 40.3363 -0.313339 0 3.72208 0 0.103632 -0.993637 19 19 255
2.1895 9.079 42.8375 0.0255362 0 -3.9 0 -0.992678 0.120038 2 2 255
3.15913 6.50825 20.1326 -0.370814 -0.133976 -1.3 0 -0.182879 0.525767 31 31 255
28.3621 14.1438 26.6147 0.769621 0 3.8 0 -0.635002 -0.432796 255 155 155
9.52025 10.9059 16.8167 -0.221851 0 2.8 0 -0.0123372 0.0086016 106 106 255
42.7505 8.55906 35.7423 -0.236542 0 4.2 1 -0.315079 0.919836 255 0 0
44.1227 5.97775 20.3555 0.192119 -0.593309 -1.43804 1 -0.86185 0.178418 255 10 10
50.1851 14.8599 40.5996 0.152506 0 -3.9 0 0.209271 0.811067 135 135 255
2.29862 5.59275 40.4451 -0.0227649 0 -3.9 0 -0.483139 -0.673454 4 4 254
-0.735219 19.5796 27.2452 0.0991829 0 -4.5 0 -0.390826 -0.086598 26 26 255
0.633531 12.6812 41.3997 0.468664 0 -4.5 0 -0.806122 -0.0298338 2 2 254
-0.460531 18.1964 19.0698 0.38529 0 -3.9 0 -0.99225 -0.112049 6 6 255
25.7071 9.25362 24.4449 -0.55485 -0.857397 2.5 0 0.261706 0.766282 224 224 255
32.1247 13.3155 38.1795 -0.391568 0 -1.3 1 -0.136655 0.990554 255 148 148
-0.480875 1.99975 30.8021 -0.17406 0 -1.6 0 -0.987773 0.131616 13 13 254
44.8778 14.3952 56.5364 2.5567 0 -3.9 0 -0.552695 0.474122 2 2 255
4.374 8.195 21.6395 -0.981938 0 -1.3 0 -0.0391798 0.648897 31 31 255
50.5765 1.73784 38.1878 2.52935 0 -3.9 0 0.944758 0.24611 55 55 255
54.2195 11.6633 42.4364 2.70618 0 -3.9 0 0.346465 -0.640695 1 1 255
44.3602 10.6049 18.587 0.303025 0 -3.2 1 -0.839709 -0.348891 255 13 13
23.2694 18.6642 47.2757 -0.167083 -0.324021 -3.14674 0 0.329096 0.926679 9 9 255
-2.56612 24.3273 32.6476 -0.331424 -0.180816 -3.5 0 -0.568078 0.821435 154 154 255
22.9436 -2.63725 35.2451 -0.33304 0 -3.5 0 -0.155231 -0.304275 12 12 255
27.8485 0.478469 26.1966 2.02949 0.635396 -3.9 0 -0.51552 0.0583332 254 254 255
33.2995 18.7633 26.2855 0.245908 0 3.8 1 0.685461 -0.146079 255 3 3
2.92 1.3815 23.4702 0.202865 0 -3.9 0 -0.650726 -0.757885 66 66 255
6.73763 18.76 14.0991 0.490467 0 -3.2 0 -0.444449 -0.335602 6 6 255
17.319 -0.250187 28.6104 -0.202523 -0.112926 -3.78529 0 -0.760812 -0.605464 117 117 254
23.1653 27.5144 22.7008 -2.41858 -0.40213 -3.5 0 0.828411 0.317401 143 143 255
4.00775 6.51113 19.5281 -0.0216538 0 2.42527 0 -0.736579 0.432246 68 68 255
11.1493 0.074625 24.17 -1.20481 0 -3.5 0 -0.521538 -0.850191 66 66 255
47.3751 -1.34528 35.5533 0.0624075 0 -3.9 0 0.260898 -0.957259 158 158 255
22.7024 5.92894 33.3759 2.35645 0.411736 -2.56739 0 -0.333726 0.941553 66 66 255
-3.91863 8.09488 37.2858 1.13625 0 -3.9 0 -0.755152 0.273948 10 10 255
44.885 17.79 33.073 -0.780521 0 -1.3 1 0.112821 -0.147936 255 31 31
18.7237 32.5913 27.771 -0.177755 0 -3.9 0 0.213054 0.955572 11 11 255
56.298 11.1235 25.7461 0.0232024 0 -1.6 0 0.791029 0.574082 205 205 255
28.3038 14.9629 21.5867 1.15796 0 -4.5 0 0.888973 -0.0157961 255 156 156
-0.535 15.6715 34.2547 -0.388023 0 -0.4 0 -0.58219 0.702446 3 3 255
2.23113 20.2808 21.5403 -0.0258905 -0.00955385 3.8 0 -0.481033 0.824084 11 11 255
13.7505 5.2455 53.524 0.217032 0 -3.9 0 -0.0730281 0.552722 64 64 255
41.4552 10.279 23.5982 0.381112 0 -0.561935 1 -0.428554 -0.447596 255 2 2
7.33019 13.4672 15.0119 -0.374914 0 -0.727224 0 -0.155773 -0.409619 19 19 255
32.568 20.538 28.9926 0.074417 0 4.2 1 0.8978 -0.195643 255 13 13
33.8652 -5.26131 47.7557 -0.0826252 0 -3.5 0 -0.680544 -0.696481 15 15 255
31.2671 10.7014 51.0509 0.498313 0.498228 -0.60483 0 -0.194989 0.926003 19 19 255
11.424 10.5625 45.3235 -0.35146 -0.243226 -1.95464 0 -0.865692 0.472514 123 123 255
-0.513875 5.01847 39.2142 0.230458 0 -3.9 0 -0.1716 -0.829805 2 2 255
36.7632 0.71225 52.4702 -0.170916 0 -3.5 0 0.127497 -0.148063 4 4 255
22.7996 24.9826 34.6059 0.323995 0.297041 -3.2 0 0.469362 -0.862883 172 172 255
27.0369 4.72241 16.9083 0.336111 0 -4.5 0 -0.0253872 -0.585333 255 252 252
32.8268 21.3053 22.577 0.114058 0 3.8 1 -0.340679 0.0744606 255 5 5
-2.23953 23.6974 38.7461 1.34563 0 -3.9 0 -0.86825 -0.178013 24 24 255
47.8098 14.4305 50.8108 -0.228208 0 -3.5 0 0.85559 -0.137246 13 13 255
48.9455 14.8356 40.0482 0.695992 0 0.325538 1 0.364774 0.916782 237 237 255
47.3273 17.1071 25.8647 0.411084 0 -3.5 1 -0.144095 0.880702 255 35 35
46.7237 2.11559 45.0332 -0.0152763 0 -3.5 0 0.602364 0.263603 16 16 255
16.084 17.0425 48.8595 0.00183123 0 2.83331 0 0.426209 0.345369 128 128 255
39.3559 -2.72403 23.8588 0.255069 0 -4.5 0 0.145251 -0.928963 104 104 255
-3.36175 13.6222 28.8807 -0.535504 0 -3.5 0 -0.726364 -0.661728 2 2 255
16.194 31.73 32.5105 -0.131537 0 -3.58012 0 -0.113254 0.973884 15 15 255
40.0977 9.19425 24.4039 -0.272193 0 -3.5 1 -0.382673 0.0700523 255 3 3
44.3925 15.37 33.472 -0.159598 0 -0.106441 1 -0.602051 0.31247 255 15 15
20.6681 6.73431 15.878 0.408153 0 1.9 0 -0.574926 -0.481867 242 242 255
7.79491 1.23741 47.5807 -0.15038 0 -0.7 0 -0.230106 -0.0805404 77 77 254
29.5907 0.45075 54.248 -0.775899 0 -3.2 0 -0.950662 0.149803 2 2 255
30.2321 5.56856 16.3558 0.842079 0 -4.5 0 0.242834 0.0528341 255 33 33
45.083 -2.856 34.036 -0.06506 0 -1.6 0 0.689969 -0.39084 164 164 255
28.5397 -7.3895 33.9432 2.616 0 -3.9 0 -0.715891 -0.619333 15 15 254
40.7276 -6.29238 43.1356 0.221578 0 -3.9 0 0.640147 -0.762697 45 45 255
0.800594 15.649 20.7904 0.0384105 0 -3.9 0 -0.0917125 -0.777497 2 2 255
26.7568 -5.63425 39.4766 -0.0630747 0 -3.5 0 0.59736 -0.643995 5 5 255
6.81656 -2.66369 40.9384 -0.283219 0 -3.5 0 0.0975315 -0.764221 103 103 255
9.51656 12.2522 16.2235 0.334777 0 -0.171683 0 0.0910059 -0.755475 45 45 255
31.1437 13.6143 23.8945 -0.996918 -0.39339 -3.5 0 -0.815221 0.0601252 255 119 119
51.6417 -4.12044 27.853 -0.0633385 0 -1.48873 0 0.154138 -0.967172 23 23 255
-0.559844 18.3132 17.5539 1.08727 0 -3.9 0 -0.970498 -0.240079 6 6 255
42.9132 12.6993 43.2612 -0.276511 0 4.2 0 -0.645974 0.757555 255 56 56
31.4466 22.2332 22.604 -0.00317546 0 3.8 1 0.319619 -0.379294 255 12 12
43.69 7.36325 21.5621 0.969904 0 -4.5 1 -0.827001 0.302222 255 12 12
43.8762 -1.475 41.2714 -0.323025 0 -3.29603 0 0.701425 -0.0367422 26 26 255
42.2095 9.23487 33.6413 -0.38007 0 -0.7 1 -0.0411526 0.661652 255 0 0
32.1731 -8.21525 42.3004 -0.231637 0 -3.5 0 -0.966393 -0.23443 36 36 255
34.6807 7.374 20.8545 0.41268 0 -0.9 1 0.992892 -0.0278446 255 10 10
14.1781 18.307 49.9234 0.0748077 0 3.8 0 0.750182 0.513649 105 105 254
30.5975 8.50564 58.3353 -0.803949 0 -3.5 0 -0.780586 -0.417004 13 13 255
47.1265 14.8962 34.3438 -0.620749 0 -1.54768 1 -0.295733 0.943608 255 28 28
13.242 8.768 49.645 0.281589 0 -4.5 0 0.228357 0.109219 175 175 255
44.9629 -2.39903 37.0817 0.0945979 0 -1.6 0 0.650842 -0.0313018 118 118 255
54.0547 11.9685 24.0095 0.732384 0 -3.19997 0 0.514885 0.608241 238 238 255
2.74075 0.93875 24.4328 0.107332 0 -3.9 0 -0.401674 -0.701368 20 20 255
26.8111 18.3554 15.9446 -0.070915 -0.192666 4.5 1 0.249084 -0.135073 255 29 29
42.1638 -1.88238 17.0925 0.357993 0 -4.5 0 0.364362 -0.283558 255 174 174
48.4199 7.34487 42.527 -0.495786 0 -0.9 0 0.512105 -0.853681 24 24 255
30.9176 24.0502 27.0033 0.123734 0 4.2 1 0.506021 0.857414 255 8 8
32.2797 -8.15459 35.3399 0.724746 0 -3.9 0 0.47171 -0.859141 16 16 254
6.75725 8.277 46.691 -0.0986258 0 -3.5 0 0.356008 0.720948 36 36 255
42.9458 14.385 31.6178 0.17306 0 -1.3 1 -0.488727 -0.122358 255 11 11
17.1925 0.77575 53.466 -0.130395 0 -3.9 0 0.976518 -0.176402 39 39 255
16.2089 7.67281 48.5756 0.175524 0 1.37968 0 -0.141977 0.393221 86 86 255
29.6491 12.7395 42.4904 0.451629 0 -3.2 0 0.909644 0.278491 168 168 255
4.83544 11.2653 45.8408 2.22817 0 -3.9 0 0.585697 0.77636 19 19 255
42.215 0.218938 28.0449 0.368093 0 4.5 0 0.952013 0.0479568 163 163 255
49.2595 11.906 37.4685 -0.0361626 -0.182462 -3.71187 0 0.766696 -0.64201 255 155 155
23.23 3.29037 22.1092 -0.848048 0 -3.5 0 0.0799055 -0.859747 91 91 255
20.6807 14.7318 41.7982 0.601286 0 -0.7 0 -0.475133 0.820874 112 112 255
15.8586 18.573 45.966 0.712789 0 3.4046 0 0.348651 0.88258 32 32 255
30.0085 11.144 22.8234 0.931938 0 -0.9 0 -0.372713 0.49302 136 136 255
55.4743 8.07644 24.6521 0.269962 0 -1.6 0 0.309105 -0.674833 53 53 255
49.7583 7.99447 34.0491 0.0820205 -0.585247 -0.7 0 0.275608 -0.598835 255 192 192
29.6217 0.757438 51.999 -0.837272 0 -3.2 0 -0.586965 0.714736 4 4 255
34.6992 2.434 55.1937 -0.117671 0 -3.5 0 0.859273 -0.457518 2 2 255
6.2185 22.2237 18.054 0.0220778 0 3.8 0 -0.437849 0.86071 8 8 255
9.54181 22.0053 45.3435 -0.283498 0 -3.5 0 -0.348126 0.174876 2 2 255
23.6055 13.4101 32.1881 1.00464 0 -0.8 0 0.65218 -0.74618 138 138 255
46.2678 5.93809 16.5736 0.204564 0 -3.5 1 -0.632703 0.0959108 255 30 30
32.0958 -0.871375 53.529 -0.978656 0 -3.2 0 0.70119 -0.00415545 0 0 255
30.1464 19.8961 22.6321 0.184986 0 0.690596 1 0.439947 0.103554 255 5 5
4.368 20.27 16.233 0.343233 0 -3.2 0 -0.618195 0.780781 5 5 255
28.2228 26.5077 29.5103 -0.025979 0 -3.5 1 0.970368 -0.0392955 255 38 38
0.919094 26.6813 28.8069 -0.0268631 0 3.8 0 -0.477628 0.47024 42 42 255
47.4462 -0.837438 33.5224 -0.0620991 0 -3.9 0 0.118996 -0.973859 142 142 255
11.9207 14.5921 46.58 -0.0291064 0 3.8 0 -0.810647 -0.561608 128 128 255
30.8175 -7.39469 37.8467 0.0186547 0 -3.9 0 -0.725234 -0.482307 28 28 255
39.0804 12.4742 44.954 -1.3068 -0.974904 -0.7 1 -0.0576789 0.897424 255 72 72
-1.07841 21.32 38.8146 0.111258 0 -3.9 0 -0.318646 -0.454349 15 15 255
45.3053 16.8582 25.6348 0.296787 0 -3.5 1 0.0849423 0.946577 255 25 25
42.4183 11.1775 21.9942 0.102253 0 2.8 1 -0.382201 -0.66513 255 4 4
46.0855 1.80084 42.4335 0.454203 0 -3.5 0 0.97997 0.130764 41 41 255
28.8773 10.6208 13.5328 0.215163 0 3.8 1 0.860439 0.460638 255 89 89
43.4414 -5.17906 29.6244 -0.106128 0 -0.7 0 0.954503 -0.220627 51 51 255
24.9953 11.2459 24.109 0.172968 0 -4.5 0 0.668616 -0.296708 206 206 255
34.2009 -2.85888 30.6725 -0.261706 0 -1.3 0 0.81616 -0.566742 12 12 255
28.1528 2.0585 29.1987 1.11677 -0.633979 -0.8 0 -0.530767 0.00315883 157 157 255
19.6614 6.57037 34.4597 2.75192 0.56253 -0.7 0 0.730189 0.52196 31 31 255
43.515 -2.936 40.886 -0.181847 0 -1.3 0 0.792138 -0.562628 28 28 255
45.599 2.17666 48.5429 0.0377943 0 -3.5 0 0.0405199 -0.24034 5 5 255
38.6974 13.1536 47.4447 -1.27512 -0.762175 -0.926273 0 -0.883519 0.392526 255 165 165
41.1431 13.3675 22.5427 0.31199 0 2.8 1 -0.519845 0.312481 255 3 3
-0.7375 0.841 35.7735 -1.33859 -0.582578 4.5 0 -0.932202 0.0741162 14 14 254
40.5683 11.4935 42.1128 -0.30245 0 2.77614 1 -0.0639066 0.996777 255 14 14
19.0084 10.7212 50.3409 0.574921 0.00396987 -0.7 0 -0.981663 0.0426544 52 52 255
12.8604 5.8775 53.1101 0.874379 0 -3.9 0 -0.0602738 0.492238 83 83 254
-3.51106 19.1248 27.8782 0.0571145 0 -4.5 0 -0.619212 0.182108 20 20 255
23.5207 28.2167 25.2104 -0.518185 0 -3.5 0 0.857952 0.371032 122 122 255
21.6225 15.3031 42.9868 0.892543 0 -1.97544 0 -0.930655 0.276613 70 70 255
17.1186 11.1018 49.2411 1.12198 0 -4.5 0 -0.0921569 -0.0245782 156 156 255
37.724 13.6635 23.7724 0.306773 -0.0219432 -1.2777 1 0.253563 0.911931 255 8 8
11.8874 8.04419 50.861 2.62832 0 -3.9 0 0.113538 0.927843 93 93 254
27.8694 11.3904 35.555 0.738253 0 -0.725643 0 -0.479825 0.822674 244 244 255
35.7439 11.1383 48.2763 -0.446473 -0.239774 -1.3 0 -0.00466674 0.987282 199 199 255
-2.9035 13.1978 23.478 0.843822 0 -3.9 0 -0.896231 0.297143 1 1 255
51.0355 1.78325 22.2495 0.446061 0 -1.6 0 0.287893 -0.0360519 18 18 255
0.47225 -0.245469 37.6691 -0.0598347 0 4.5 0 -0.811735 -0.157261 22 22 255
43.7711 -3.89738 28.7869 -0.228851 0 -0.7 0 0.972899 0.212938 60 60 255
15.6508 18.9022 43.3839 0.995979 0 -1.6 0 0.264737 0.96409 96 96 254
41.5853 -6.1385 45.5648 1.18929 0 -3.9 0 0.500392 -0.856305 7 7 255
2.35744 -1.175 29.0416 -0.388663 0 -1.6 0 -0.0942383 -0.992434 30 30 255
29.9352 2.259 51.2878 -0.780781 0 4.2 0 -0.730962 -0.304946 3 3 255
29.8332 7.95834 56.8376 -0.448823 0 -3.5 0 -0.702549 -0.526255 22 22 255
-3.00478 7.85584 30.3201 -0.120883 0.0384101 -0.832086 0 -0.901841 0.385183 8 8 255
17.193 0.598437 35.0991 -0.469328 0 -2.73419 0 0.267244 -0.952707 165 165 255
26.413 -5.4925 37.678 -0.896756 0 -3.5 0 0.410136 -0.89536 5 5 255
33.3484 14.0001 39.2839 -0.23711 -0.193567 -1.3 1 -0.354824 0.701845 255 183 183
25.9571 -0.607406 31.6943 0.272299 0 -4.5 0 -0.63091 -0.680105 54 54 255
41.2032 10.9485 37.3373 -0.186461 0 4.5 1 0.153002 0.70379 255 3 3
20.8646 6.93075 35.7321 2.2402 0.528171 -0.7 0 0.2534 0.31644 58 58 255
40.2854 7.10094 55.6194 -0.255514 0 -3.9 0 -0.0205127 -0.644463 0 0 255
3.89062 -3.0345 38.9707 -0.340068 0 -3.5 0 -0.426985 -0.353394 66 66 255
15.268 18.713 13.5157 0.255997 0 -3.5 0 0.363186 0.80666 8 8 255
23.65 19.0622 20.2984 0.156239 0.0412994 -2.66236 0 0.391913 0.299474 255 70 70
9.42644 19.3621 12.8357 0.914032 0 -3.47127 0 -0.0942452 -0.0950459 38 38 255
21.5215 0.995031 28.8616 0.272728 0 -3.9 0 0.549533 -0.519054 156 156 255
-4.31191 6.55856 37.9543 2.25551 0 -3.9 0 -0.905247 0.0787876 4 4 255
28.9859 0.700437 50.7168 -0.267016 0.0513033 -3.2 0 -0.882557 0.437521 5 5 255
42.8301 11.999 54.7586 0.00709075 0 -3.9 0 -0.710608 0.397329 17 17 255
16.1016 0.301062 35.4779 -0.0841528 0 -1.94837 0 0.367366 -0.926599 192 192 255
30.1367 -3.77547 28.6283 0.000380592 0 1.8 0 -0.0584966 -0.997034 35 35 255
30.3937 -7.13625 32.0832 2.63366 0.6299 -3.9 0 0.0968634 -0.20687 4 4 255
52.1621 8.91531 22.3251 -0.645838 0 -1.6 0 0.610874 -0.776228 71 71 255
15.4117 11.3993 15.4263 -0.0627121 0 -0.7 0 0.685811 -0.537004 120 120 255
35.4003 19.6628 24.4815 0.117425 0 3.8 1 0.791734 -0.601279 255 7 7
25.1802 24.3514 31.093 0.566586 0 -3.5 1 0.735811 0.0814849 255 63 63
19.9864 14.934 39.9616 0.769629 0 -0.7 0 0.145047 0.974808 165 165 255
36.0657 -4.02906 50.4344 -0.493095 0 -3.5 0 -0.195676 -0.142484 11 11 255
17.2588 -0.1425 37.6398 -0.46378 0 4.2 0 0.168808 -0.973063 80 80 255
33.0827 13.1411 31.468 -0.0383619 0 3.8 1 0.204871 0.556737 255 78 78
35.5226 7.16419 25.4814 -0.0406051 0 1.73846 1 0.445008 0.550709 255 4 4
18.9304 18.7213 48.5597 0.286071 0 -1.6 0 -0.598237 0.796154 17 17 255
21.4215 28.4381 35.6032 -0.627971 0 -3.2 0 -0.891836 0.249908 122 122 255
24.318 27.2132 26.3298 -0.146979 0 -3.5 0 0.677444 0.556204 249 249 255
3.79816 14.6775 19.4323 0.137335 0 -3.5 0 -0.851023 -0.515848 13 13 255
36.3795 -3.5685 26.757 -0.184243 0 -3.5 0 0.734047 -0.549578 16 16 255
27.2596 4.87597 52.791 -0.88923 0 4.2 0 0.443075 -0.353904 8 8 255
16.3911 -1.47213 32.8291 -0.377842 0 -3.5 0 -0.230726 -0.967321 200 200 255
26.3051 18.5766 23.2842 0.579638 0 -0.4 0 -0.800901 0.14414 255 24 24
45.1287 2.58775 38.5834 -1.01915 -0.0690793 -3.5 0 -0.413195 -0.856499 104 104 255
4.131 13.1529 18.3906 -0.297982 0 -3.5 0 -0.807853 -0.529849 17 17 255
24.9041 3.61572 16.4532 0.480275 0 -3.5 0 0.354307 -0.761348 193 193 255
31.2645 16.3865 30.1395 0.179426 0 3.8 1 0.212259 0.649174 255 21 21
-2.98077 22.868 30.5118 -0.272339 0 -3.5 0 -0.785181 0.432495 56 56 255
47.4831 15.5857 33.3276 -0.661019 -0.117497 -3.72066 1 -0.382943 0.484433 255 30 30
49.1713 4.82809 16.0382 0.29777 0 -3.5 1 0.171993 -0.364679 255 205 205
0.615188 21.1234 38.3765 0.224834 0 -3.9 0 0.391864 -0.0932237 15 15 255
45.4018 16.2231 19.1682 0.284604 0 -4.5 1 -0.83744 0.485222 255 21 21
29.5632 19.4533 45.1174 1.67043 0 -3.9 0 0.805503 0.583688 34 34 255
48.4699 15.08 49.1991 -0.249207 0 -3.5 0 0.930381 0.0809637 11 11 255
27.7035 8.07162 13.4368 0.194181 0 3.8 0 0.31919 -0.887637 255 106 106
2.28041 6.36088 44.7715 0.0542523 0 -3.9 0 -0.793084 -0.501807 10 10 255
12.1254 30.6985 32.3232 2.15132 0.429726 -3.9 0 -0.117562 0.75784 47 47 255
10.9942 -0.539969 56.898 0.132313 0 3.8 0 -0.536456 0.615032 77 77 255
28.1525 27.068 27.728 -0.145352 0 -3.5 0 0.794428 0.342673 255 67 67
22.2854 15.6235 41.9062 0.675205 0 -1.59963 0 -0.0711448 0.829144 137 137 255
16.2006 19.4861 15.2321 0.602791 0.472723 -3.46353 0 0.0658545 0.678097 13 13 255
23.7792 12.4383 14.018 0.214352 0 3.8 0 -0.267583 -0.0653253 255 185 185
23.3837 27.9013 24.0716 -0.799305 0 -3.5 0 0.873836 0.376179 135 135 255
42.7304 -4.94503 46.0138 2.09242 0 -3.9 0 0.898992 -0.432381 5 5 255
15.1498 -0.1685 31.3818 -0.5027 0 -3.5 0 -0.242287 -0.882896 255 238 238
26.2543 6.37222 15.4114 0.326101 0 -3.5 0 0.494296 -0.573076 238 238 255
19.3577 31.9961 32.1537 -0.0521012 0 -3.5 0 -0.0969984 0.640947 36 36 255
49.1229 17.3316 23.2095 1.40515 0 -4.5 1 0.075216 0.989347 255 47 47
4.86681 19.8859 14.8046 0.400749 0 -3.2 0 -0.739381 -0.10563 5 5 255
9.11187 7.28538 48.8886 -0.655559 0 -3.5 0 -0.509717 0.232633 39 39 255
-1.60213 4.3485 31.414 -0.619389 -0.152003 -0.812448 0 -0.482634 -0.693532 3 3 255
-2.451 8.78109 29.4992 0.0923396 0 -0.4 0 -0.676201 0.641936 5 5 255
25.6055 4.6675 27.7014 0.782398 0.101606 -3.81791 0 0.174465 -0.983422 49 49 255
40.9857 9.48125 34.1679 -0.0233031 0.213621 -1.46968 1 0.652565 0.446838 255 0 0
54.1226 -2.05988 23.4391 -0.902431 -0.473982 -3.5 0 -0.10395 -0.943794 11 11 255
25.8329 21.3414 31.5645 0.404307 0 -3.9 1 0.826315 -0.396482 255 58 58
45.6443 12.7852 15.7289 -0.57945 0 -3.2 1 -0.0422644 -0.102444 255 31 31
35.0837 8.72572 25.2141 0.0169627 0 -0.8 1 0.677661 -0.0593676 255 7 7
30.615 -2.4115 49.022 -0.179721 0 -3.2 0 -0.383331 -0.923552 5 5 255
53.2054 -0.216625 29.5799 -0.177523 -0.00346802 -0.7 0 0.614396 0.711012 16 16 255
27.6376 -3.12687 31.6226 -0.276629 0 -3.5 0 -0.696314 -0.369237 38 38 255
50.0778 12.9885 39.386 0.333608 0 -3.9 0 0.809872 -0.272447 225 225 255
19.4537 1.30972 19.7526 0.023825 -0.0758826 -1.66816 0 -0.236889 -0.942676 42 42 255
15.2431 -1.30734 57.7673 1.46271 0 1.55919 0 0.654056 -0.732303 125 125 255
53.9529 9.85319 27.6865 -0.777811 0 -1.6 0 0.352149 0.100701 75 75 255
13.0938 -0.108687 65.22 0.55488 0.591095 -3.2 0 -0.273343 0.461693 38 38 255
24.07 15.9917 51.3165 -0.331179 0 -3.5 0 -0.61712 0.470068 2 2 255
6.153 9.26 46.868 0.33783 0.729808 -3.9 0 0.742393 -0.0675954 40 40 255
25.1789 19.9708 29.9837 0.191 0 -3.9 1 0.572191 -0.60172 255 25 25
15.9096 29.8131 24.0643 1.55575 0 -3.9 0 -0.585553 0.555312 58 58 255
13.0085 -1.8885 54.7357 -1.93726 -0.308807 -1.6 0 -0.461032 -0.23271 71 71 255
8.43325 27.7297 20.2483 1.88371 0.42534 -3.9 0 0.596088 -0.308503 95 95 255
31.8614 -4.31094 46.2122 0.224943 0 -3.29875 0 -0.0726726 -0.805424 23 23 255
42.1177 11.9353 38.1953 -0.190336 0 4.5 1 -0.512422 0.793287 255 13 13
24.3899 26.6914 25.2141 -0.528313 0 -3.5 0 0.798806 0.469586 183 183 255
20.0165 0.0198125 30.0569 -0.263551 -0.466282 -3.52555 0 0.910394 -0.200513 169 169 255
29.2951 0.586875 28.4517 1.04493 0 -0.8 0 -0.889357 0.221349 228 228 255
46.2982 11.2507 35.6416 -0.494317 -0.493291 -3.5 0 0.57922 -0.70788 255 25 25
0.8285 24.4903 35.7725 -0.0782125 0 -3.38249 0 0.375672 0.925855 82 82 255
29.7695 14.3217 43.69 -0.0279184 0 -3.60907 0 0.826017 -0.0963105 79 79 255
3.148 20.2213 16.7833 0.341818 0 -3.9 0 0.15068 0.9686 6 6 255
5.22891 23.695 20.135 0.0175248 0 3.8 0 -0.594904 0.417227 20 20 255
16.8405 24.6413 35.2318 0.179113 0 -1.3 0 0.00871473 0.645173 77 77 255
16.663 12.26 17.1821 -0.4142 0 -0.7 0 0.382092 -0.653504 237 237 255
5.65906 2.64144 44.1852 -0.421965 0 -3.04718 0 -0.885456 -0.129605 24 24 255
19.6734 10.5258 30.1243 1.36175 0 -0.8 0 0.950601 -0.276979 24 24 255
20.2199 23.4215 31.3849 0.329087 0 1.8 0 0.253732 0.500088 185 185 255
26.2787 2.15956 49.2743 -0.362508 0 1.9 0 0.392171 -0.598117 5 5 255
28.2575 19.6127 21.0172 0.238911 0 -0.4 1 0.929818 -0.157226 255 10 10
20.6517 0.633625 32.9838 -0.335928 0 4.5 0 -0.12951 -0.944027 72 72 255
6.81009 24.985 20.4748 0.128308 0 1.87638 0 0.31718 0.308587 38 38 255
0.469375 1.85734 20.6043 2.78378 0 -3.9 0 -0.788938 -0.574432 49 49 255
44.247 -3.031 43.621 -0.43793 -0.557638 -3.5 0 0.142189 -0.971298 15 15 255
18.4803 17.2167 32.4332 -0.0691506 -0.0348118 -3.5 0 -0.00129133 -0.198691 125 125 255
8.085 8.973 17.2782 -2.0248 -0.34902 -1.6 0 -0.68855 0.122656 80 80 255
16.4925 1.3475 20.2948 0.227778 0 -1.6 0 0.282153 -0.907489 16 16 255
20.249 18.6776 47.609 0.454613 0 -1.6 0 -0.335727 0.74224 13 13 255
46.3235 0.292 38.0826 0.266263 0 -3.9 0 -0.748606 -0.121974 96 96 254
10.6221 14.3985 44.5909 -0.114662 0 3.8 0 -0.652391 -0.293645 63 63 255
-2.02475 -1.9225 33.0596 -0.251857 0 -3.5 0 -0.980777 0.152603 6 6 254
37.2696 3.213 21.8504 0.331688 0 4.5 1 0.297188 0.273413 255 38 38
30.9801 9.70841 17.4599 0.478166 0 0.220764 1 0.445668 -0.370945 255 35 35
1.42912 -3.43031 36.8679 -0.601267 -0.129217 -3.5 0 -0.563631 -0.779617 48 48 255
20.532 9.08887 28.1014 0.766353 -0.0740431 -3.5 0 0.600552 0.404148 21 21 255
-1.74453 20.7208 37.8683 -0.044225 0 -3.9 0 -0.661056 -0.47066 17 17 255
30.7795 12.8989 41.1079 0.239562 0 -1.3 0 -0.0536446 0.966473 163 163 255
44.7799 16.4993 24.1807 -0.730614 -0.939332 -3.5 1 0.233711 0.942834 255 21 21
24.8356 -5.17216 36.8964 -1.53896 0 -3.5 0 -0.689652 -0.699184 8 8 254
28.6546 1.07825 26.1904 1.2486 0.830657 -3.9 0 -0.646896 0.19709 246 246 255
10.3195 -1.2155 46.814 -1.75299 -0.292171 -0.7 0 -0.0607002 -0.923359 90 90 255
24.3625 12.4318 39.082 0.890765 0 -0.692097 0 0.244981 0.466267 225 225 255
7.27119 11.3375 16.6392 -1.83481 -0.681431 -2.34469 0 0.0347964 -0.796318 51 51 255
1.913 9.939 42.103 0.110943 0 -4.5 0 -0.809204 -0.263752 1 1 255
44.3055 11.8244 34.9095 -1.08973 0 -1.95842 1 -0.998359 0.0558864 255 4 4
25.0094 9.725 31.7715 4.24368 0 -3.9 0 -0.79164 0.603805 183 183 255
30.076 18.786 29.8305 0.0465048 0 4.2 1 -0.0224838 -0.45279 255 7 7
8.5855 20.6805 45.7695 -0.349363 0 -3.5 0 -0.0309412 0.30689 3 3 255
31.1851 11.7875 34.1427 -0.0333991 0 -1.3 1 -0.0565585 0.994083 255 79 79
12.6036 -1.56103 33.3372 0.00753299 0 1.8 0 0.465624 -0.583762 99 99 255
48.1387 2.80063 35.349 0.129742 -0.00433254 -3.9 0 0.3898 0.918968 103 103 255
0.96125 17.0272 15.4314 2.90191 0.31294 -3.9 0 -0.165709 -0.845747 8 8 255
-1.20162 4.13769 36.3128 0.157009 0 -2.12131 0 -0.469657 -0.76567 7 7 255
13.9519 15.9642 50.1505 0.107385 0 3.8 0 0.518271 -0.525512 255 208 208
32.9417 1.3005 19.9797 0.207983 0.0223777 -4.1394 0 0.723864 -0.632677 255 181 181
17.0402 6.95487 17.2846 0.111287 0.342787 -3.3198 0 -0.362373 -0.0784065 176 176 255
-1.696 16.8328 31.8705 -0.250296 0 -4.5 0 0.224207 -0.180858 5 5 254
33.0145 10.4556 56.2496 -0.694447 0 -3.5 0 0.580834 0.768312 7 7 255
20.4454 17.6521 32.953 1.9617 0 -3.3504 0 -0.38034 -0.252086 174 174 255
24.673 22.9973 24.1911 -0.181683 0 1.8 0 0.228987 0.163581 255 184 184
53.5508 -3.25197 30.3396 -0.165351 0 -0.7 0 0.0670453 -0.394834 25 25 255
24.8048 23.1136 33.0457 0.289719 0 -3.9 1 0.562348 0.424289 255 79 79
53.6305 17.6287 29.1437 1.59349 0 -3.9 1 0.202079 0.222549 255 86 86
36.7481 5.95091 24.25 0.0723586 0 4.5 1 0.313446 0.830987 255 6 6
18.5359 17.3573 46.82 0.0910257 0 -1.6 0 0.0619935 0.914834 18 18 255
15.1542 17.6505 12.0744 0.245827 0 -3.5 0 0.00935645 0.539868 6 6 255
22.9032 -4.21225 38.8198 -1.38655 0 -3.5 0 -0.219193 -0.958213 19 19 255
23.1735 32.1017 27.5391 -1.58262 0 -3.5 0 -0.35889 0.533276 97 97 255
43.3715 -2.40141 31.1135 -1.65158 -0.602343 -0.7 0 0.992111 -0.122151 122 122 255
32.3297 12.9998 41.8903 -0.0223015 0 -1.3 0 -0.826532 0.442415 200 200 255
17.4582 -0.0722031 50.3061 0.484263 0 -1.6 0 0.210429 -0.959571 6 6 255
49.4644 17.9002 33.3614 0.00357847 0 -3.9 1 -0.274477 0.536852 255 72 72
28.9786 19.9576 43.0213 3.50325 0.221054 -3.9 0 0.70489 0.427471 49 49 255
11.0651 29.3272 31.9755 0.570121 0.0255168 -3.9 0 -0.149262 0.658723 151 151 255
22.8341 18.1496 23.0081 0.0498877 0 3.8 0 0.848059 0.432384 255 53 53
50.8545 14.8739 44.1246 0.169022 0 -3.9 0 -0.073997 0.604734 11 11 255
1.394 20.8092 16.966 1.08792 0 -3.9 0 0.0296746 0.995536 7 7 255
11.5669 -2.49625 55.3991 -0.338699 0 3.8 0 -0.267689 0.226043 84 84 255
12.4188 -2.79012 33.9007 -0.141635 0 1.8 0 0.367743 -0.724419 104 104 255
12.1693 -3.68925 40.1319 2.70714 0 -3.9 0 0.398994 -0.912415 108 108 255
22.1891 2.328 18.463 0.897691 0 -3.5 0 0.467578 -0.851893 185 185 255
2.35616 2.93459 39.2833 -0.158463 0 4.5 0 -0.588479 0.180865 38 38 255
51.5849 8.46225 33.4594 -0.15484 0 -0.7 0 0.599106 -0.43963 152 152 255
-0.651 11.8968 31.7295 -2.64592 -0.456284 -3.5 0 -0.817589 -0.260258 12 12 255
37.9044 15.2375 53.163 1.82807 0 -0.4 0 -0.271373 0.481106 84 84 255
4.71522 -4.44775 37.9564 -0.193959 0 -3.5 0 -0.311987 -0.831404 48 48 255
22.7493 19.1595 34.2059 2.75744 0 -3.9 0 0.229536 -0.0896387 255 201 201
47.3655 0.404719 45.3063 -0.250235 0 -3.5 0 0.582755 -0.588762 26 26 255
18.0973 27.5995 22.831 1.23389 0 -3.9 0 -0.0615066 0.142614 121 121 255
39.587 10.8354 24.3361 -0.0815608 0 2.8 1 -0.252913 -0.442933 255 3 3
8.56844 27.5556 33.6724 -0.321907 0 -3.9 0 -0.733052 0.172002 163 163 255
46.874 0.027 47.4125 0.399438 0.220769 -3.5 0 -0.122608 -0.945719 17 17 255
14.8291 22.8596 19.7462 -0.284618 0.147711 -1.29355 0 -0.313405 0.672825 155 155 255
42.2862 9.65472 37.1288 -0.262862 0 4.4692 1 -0.130202 0.588651 255 0 0
9.23522 29.1518 31.5832 -1.28182 -0.683361 -3.51606 0 0.0504509 0.998498 219 219 255
-1.08494 2.57787 25.5304 -0.14107 0 -0.493606 0 -0.845535 -0.518726 3 3 255
21.8242 13.5909 50.9377 -0.297379 0 -0.7 0 -0.260949 0.833384 5 5 255
41.0049 -3.82927 20.9348 0.485787 0 -4.5 0 0.29176 -0.873444 119 119 255
3.29931 14.7184 43.0342 0.285156 0 -4.5 0 -0.0858255 -0.10652 1 1 255
5.2685 21.998 43.288 -0.0110937 0 -3.9 0 -0.973791 0.03575 1 1 255
16.1758 7.65375 53.2254 0.901197 0 -3.5 0 -0.943601 0.330672 62 62 255
31.4504 12.4971 31.9686 -0.220319 0 0.796645 1 0.125914 0.739032 255 89 89
29.3398 -5.483 45.84 -0.791939 0 -3.2 0 0.19639 -0.804246 11 11 255
26.4414 12.5177 40.5102 0.489835 0 0.525271 0 0.288765 0.749162 153 153 255
31.3711 15.1878 24.3311 -0.142001 0 -3.5 0 -0.43038 0.141322 255 34 34
24.5308 -2.1595 44.7201 -0.195155 0 4.2 0 -0.639182 -0.529088 4 4 255
16.0928 0.249625 42.6336 -0.235687 0 1.36992 0 0.0475299 -0.937687 16 16 255
10.952 -3.0715 33.3273 -0.160854 0 1.8 0 0.62213 -0.765442 90 90 255
31.0888 -0.1 55.098 -0.708893 0 -3.23978 0 0.207523 -0.693067 1 1 255
5.90225 21.6471 46.0959 -2.77501 -0.78967 -3.5 0 -0.304954 0.928549 1 1 254
24.2145 14.789 27.318 0.412599 -0.165745 -0.8 0 0.314208 -0.948766 255 231 231
16.7815 12.7849 49.1455 0.98787 0 -4.5 0 -0.20695 0.125859 194 194 255
32.2095 7.89319 60.5276 -2.26714 -0.246657 -3.5 0 -0.397714 -0.639629 18 18 255
38.6256 -8.14275 41.7287 -0.250724 -0.117879 -2.42376 0 0.790854 -0.579665 238 238 255
4.96469 2.31591 42.9176 -0.632899 -0.599561 -3.5 0 -0.888435 0.144214 44 44 255
19.7046 23.4731 17.7912 -0.154094 0.076173 -3.5 0 -0.190899 0.968838 165 165 255
36.7783 -4.213 33.1405 -0.288701 0 1.05999 0 0.352507 -0.522882 8 8 255
14.3949 0.766375 29.5808 -0.391272 0 4.5 0 0.180157 -0.949782 247 247 255
45.7552 15.1912 35.5947 -0.0802023 0 4.5 1 -0.138396 0.925125 255 21 21
49.8536 10.9104 48.3321 -0.330065 0 -3.5 0 0.941262 -0.209279 5 5 255
51.3329 -3.399 30.2196 -0.117715 0 -0.7 0 -0.203053 -0.676079 50 50 255
42.6835 16.4693 25.9448 0.353034 0 -3.5 1 -0.631132 0.772422 255 24 24
44.1224 13.4522 42.337 -0.0983135 0 4.2 0 -0.47284 0.873425 255 110 110
25.126 -4.12238 42.7122 -0.0561467 0 -3.5 0 -0.828727 -0.142492 8 8 255
14.9845 12.8795 12.1945 -0.00381805 0.469144 -3.00308 0 -0.369319 -0.841639 59 59 255
46.6481 20.4329 32.7293 -0.29498 -0.361601 -1.3 1 0.784703 0.470898 255 53 53
52.5468 11.6741 34.8803 -1.67453 0 -3.5 0 0.594206 -0.642539 202 202 255
49.6472 -1.11812 30.7333 -0.0154509 0 2.02296 0 -0.329751 -0.817348 88 88 255
28.6529 -4.10763 31.9807 -0.659714 0 -3.5 0 -0.0797732 -0.652743 17 17 255
16.8414 3.04363 59.1494 -0.131466 0 3.84737 0 0.740875 0.523625 43 43 255
30.0186 3.15825 54.7286 -1.3552 -0.652911 -3.5 0 -0.953794 0.224758 1 1 255
20.5418 19.4708 48.7817 0.444089 0 -1.6 0 -0.12059 0.942327 8 8 254
27.8122 -5.88164 33.3878 -0.817771 0 -3.5 0 -0.349069 -0.650673 16 16 255
2.22178 -1.69459 31.5762 -0.0996798 -0.0372223 -0.358904 0 0.00509723 -0.715883 23 23 254
18.2276 28.4252 33.792 0.38217 0 -0.944434 0 0.314853 -0.242299 54 54 255
22.6895 1.42544 54.1771 -1.83681 -0.108916 -3.5 0 -0.129401 0.153699 13 13 254
5.08744 9.27809 21.9582 -0.377709 0 0.188979 0 -0.181707 0.20195 25 25 255
37.6079 8.00931 55.3289 -0.489649 -0.26352 -3.9 0 -0.0181761 -0.236668 1 1 255
0.816938 8.89897 40.0303 0.544214 0 -4.19759 0 -0.675754 0.0572624 1 1 255
15.7159 -0.791438 60.2349 0.323412 0 -3.2 0 0.780834 -0.479959 79 79 255
10.7484 21.0434 14.6346 0.0631043 -0.513731 -3.39354 0 0.405691 0.911854 84 84 255
39.2557 14.3769 28.3937 -0.00878906 -0.0253143 -0.4 1 -0.399344 0.911667 255 17 17
31.0569 13.0927 48.5351 0.0921912 -0.130169 -0.7 0 0.213652 0.330563 14 14 255
7.87741 26.9243 20.8989 2.38125 0 -3.9 0 0.634653 -0.62016 95 95 254
38.4371 5.64888 55.6067 0.079793 0 -3.9 0 0.0847542 0.244926 1 1 255
31.706 2.21141 17.0973 0.571547 0 -4.5 0 0.438875 -0.358193 255 101 101
47.1012 9.40063 39.2439 0.0205207 0.134913 -0.9 0 0.455838 -0.0697752 255 138 138
22.938 24.2165 33.49 0.176086 0.0295745 -3.34771 0 -0.428837 -0.265763 255 232 232
30.2417 -3.83541 40.1072 -0.44616 0 4.5 0 -0.358327 -0.933541 6 6 255
50.5585 -0.59475 32.7863 -0.166924 0 -3.60706 0 0.595585 -0.436348 121 121 255
2.48509 20.19 19.5833 0.1347 0 -3.9 0 -0.108776 0.99395 11 11 255
54.9622 19.2437 29.8359 0.482221 0 -3.9 0 0.372687 0.790428 255 130 130
22.7586 24.5849 22.3163 -0.993952 0 0.164412 0 0.907085 0.0668285 155 155 255
-3.356 19.148 32.0935 -0.229629 0 -3.5 0 -0.791557 -0.476261 15 15 255
27.4468 14.6047 23.8223 1.49811 0 -4.5 0 0.880743 -0.233427 255 131 131
17.7695 -1.3805 28.0205 2.10456 0 -3.9 0 -0.90016 -0.424728 40 40 255
18.769 14.9612 43.4576 0.703452 0 -1.6 0 0.830829 0.481348 20 20 255
44.7509 5.27884 18.7647 0.326443 0 -3.5 1 -0.822522 -0.174519 255 11 11
45.171 15.705 20.9205 0.174544 0.00959474 -4.16508 1 -0.852613 0.510693 255 20 20
18.154 1.315 51.814 -0.189498 0 -1.6 0 0.584238 -0.24073 13 13 255
11.461 11.71 44.7465 -0.401862 0 3.8 0 -0.846488 -0.530709 180 180 255
41.8059 -1.47506 22.4384 0.0583338 0 -4.5 0 0.749108 -0.638777 191 191 255
15.2008 13.0368 9.64431 0.230167 0 -3.5 0 -0.703716 -0.657333 88 88 255
29.617 -3.95139 38.7001 -0.389322 0 4.5 0 -0.416115 -0.875074 10 10 255
1.782 13.9 42.5565 1.03862 0 -4.5 0 -0.571841 0.0441274 2 2 255
41.5257 14.1497 46.5743 -0.6352 0 -3.5 0 -0.174182 0.307472 255 153 153
45.6273 2.78175 43.5337 0.0285851 0 -3.5 0 0.971921 0.232682 32 32 255
12.5629 23.3657 36.5222 0.324017 0 4.2 0 0.246984 0.851507 20 20 255
8.761 24.9626 45.2127 0.063903 -0.700637 -3.55094 0 -0.270311 0.0537471 0 0 255
30.9581 3.04753 52.7687 -0.214714 0 -3.5 0 -0.941781 -0.327627 1 1 255
0.216 17.8765 26.1542 -1.47634 0 1.9 0 -0.701868 0.339392 12 12 255
44.042 -1.223 31.426 -0.264681 -0.303601 -1.05218 0 0.552368 -0.639987 141 141 255
45.3122 -3.86811 26.8021 -1.13631 -0.643243 -3.5 0 -0.954456 0.0414611 89 89 255
6.81589 11.3915 42.3697 -0.37325 0 -3.5 0 0.0439685 0.429168 14 14 255
6.27089 14.1527 15.1914 -0.393182 0 -3.5 0 -0.188664 -0.0345233 17 17 255
14.9759 17.7776 49.4781 0.086216 0 3.8 0 0.654334 0.54648 135 135 255
43.9141 16.7675 51.7986 -1.60904 0 -3.5 0 -0.691001 0.693914 81 81 255
-1.76 -0.81 32.7755 -1.0871 -0.0144027 -3.5 0 -0.93271 0.314325 5 5 255
43.793 12.5243 36.1765 -0.281285 0 4.5 1 -0.900839 -0.121408 255 6 6
45.2563 -1.30975 41.7506 -1.27899 0 -3.5 0 0.343829 -0.0438819 18 18 255
27.7615 9.47637 55.3234 -0.817651 0 1.4169 0 -0.447062 -0.3869 43 43 255
13.3425 27.6097 23.182 -1.59593 0 -3.5 0 0.361938 0.592253 58 58 255
12.639 0.283573 55.3744 -0.577052 0 -1.6 0 -0.906005 0.266744 63 63 255
26.2458 4.61328 53.7108 -0.737784 -0.0541261 -0.4 0 0.683188 -0.289688 8 8 255
19.383 16.3375 36.789 0.831891 -0.446755 -0.8 0 0.946632 0.212865 137 137 255
31.748 13.4465 36.7285 -0.00497003 0 -1.3 1 -0.297835 0.947626 255 146 146
9.60866 17.9612 12.6471 0.467933 0.0381612 -3.5 0 -0.476117 -0.182304 30 30 255
0.746839 9.8639 40.4431 0.404639 0 -4.5 0 -0.81939 -0.358345 1 1 255
-0.259008 0.39656 25.7953 0.101493 0 -1.6 0 -0.521916 -0.260803 2 2 255
29.6562 15.2867 25.5531 0.866536 0 3.8 0 -0.601454 -0.15503 255 65 65
37.2315 10.978 24.8005 -0.319591 0 -0.4 1 -0.0227281 -0.762763 255 7 7
39.3265 0.212 18.5335 0.799024 0.3445 -4.5 0 -0.751542 0.476666 255 52 52
25.5265 5.493 15.105 0.0288734 0 -3.5 0 0.473583 -0.459001 226 226 255
20.3654 11.2455 31.2977 1.2782 0 -0.8 0 0.715603 -0.694133 36 36 255
13.154 12.2015 47.187 0.190536 0 -4.5 0 -0.922331 0.318675 192 192 255
27.2407 30.2681 29.251 0.162838 0.249555 -3.5 1 0.682452 0.551178 255 60 60
22.7394 9.5915 13.6995 0.496229 0 1.9 0 -0.0506771 0.650301 114 114 255
30.2778 16.122 25.0697 1.09377 0.0209121 3.61037 0 -0.495357 -0.419313 255 23 23
6.91225 0.30475 22.2817 0.0100096 0 -3.9 0 0.172058 -0.881405 47 47 255
45.3204 6.87362 17.757 0.046761 0 -3.284 1 -0.704245 -0.0453217 255 6 6
21.3505 -1.6935 42.467 -0.195021 0 -0.7 0 -0.158531 -0.823946 36 36 255
18.2155 32.2996 31.5898 -0.0883929 -0.190458 -3.35116 0 -0.342621 0.714616 25 25 255
7.9035 11.0538 42.4502 -0.14991 0 -3.5 0 0.425411 0.260007 26 26 255
27.1795 10.7373 55.835 -0.585068 -0.074038 -3.5 0 -0.141661 0.124438 35 35 255
38.2151 3.10934 54.7786 1.24931 0 -3.9 0 -0.463166 -0.682161 1 1 255
3 1414 2813 1616 0.005790
3 1616 2813 3635 0.011183
3 2813 3556 3635 0.009867
3 3635 3556 5290 0.016867
3 3556 850 1594 0.009753
3 850 2632 2303 0.008055
3 2632 3272 2303 0.004894
3 3103 1291 2787 0.018944
3 2556 2630 5068 0.006736
3 3272 1414 2630 0.003944
3 954 1616 1930 0.008268
3 1930 5548 954 0.016800
3 5548 1930 4197 0.055126
3 1930 3635 3469 0.027823
3 1930 3469 4197 0.044215
3 3635 5290 3469 0.018518
3 1594 4375 5290 0.010456
3 4375 2057 5703 0.006694
3 2787 4357 2057 0.009610
3 4357 1900 1357 0.014351
3 1900 1291 5068 0.020977
3 1900 5068 1357 0.022179
3 130 2630 5464 0.004806
3 5464 2630 448 0.004042
3 448 2630 3922 0.003600
3 448 3922 4136 0.004223
3 4136 3922 552 0.005231
3 2630 1414 3922 0.003203
3 3922 1414 1616 0.004520
3 3922 1616 954 0.004760
3 3384 552 2060 0.006532
3 1069 2305 4124 0.020536
3 5414 2305 3453 0.069905
3 2305 5548 1841 0.054220
3 2305 1841 3453 0.063366
3 4197 3469 2250 0.073611
3 186 2250 2872 0.087910
3 478 1337 5800 0.045011
3 5703 4917 4906 0.017396
3 5443 2925 5108 0.008446
3 1391 5108 3048 0.025839
3 1266 2925 3254 0.026058
3 2833 1828 2925 0.017494
3 2925 1828 2396 0.038395
3 2925 2396 3254 0.057729
3 5265 1828 4702 0.016256
3 1828 2833 1149 0.007819
3 1828 1149 4702 0.013694
3 1149 4250 4702 0.007519
3 4970 4944 1933 0.031655
3 5181 3927 5025 0.014497
3 3818 5464 3573 0.003436
3 3573 4136 4913 0.002798
3 4136 2449 4913 0.002938
3 2449 3427 2873 0.003542
3 2449 2873 2693 0.003065
3 3427 3384 1365 0.006723
3 3427 1365 2873 0.004714
3 5817 1564 2427 0.018787
3 2427 1564 4037 0.007780
3 2427 4037 162 0.009007
3 5324 5817 5414 0.040739
3 4851 5324 5414 0.071064
3 5324 4851 135 0.088629
3 4071 4851 3453 0.062762
3 4071 3453 3174 0.084680
3 3174 3453 4387 0.103289
3 1841 4387 3453 0.082566
3 5605 186 4503 0.106633
3 4503 2804 403 0.249208
3 2750 2804 2872 0.160528
3 2750 2872 1337 0.092854
3 1337 478 2750 0.089407
3 2804 2750 5252 0.240278
3 2939 3430 2513 0.090890
3 855 1314 3430 0.082969
3 1314 2513 3430 0.066167
3 4325 1314 855 0.071995
3 2513 1314 4634 0.054664
3 4634 4325 2295 0.067753
3 4325 1398 4906 0.050855
3 3048 4906 3550 0.043124
3 3550 1391 3048 0.042400
3 2177 1743 286 0.004992
3 2177 286 2743 0.004606
3 3223 2743 37 0.002879
3 3223 5443 5108 0.005139
3 4634 2295 3973 0.034914
3 3254 4828 1266 0.027495
3 4828 2495 3479 0.030777
3 3479 2339 4828 0.026956
3 3973 4828 2339 0.018731
3 63 3447 2495 0.031090
3 63 2396 4785 0.040276
3 830 4785 2658 0.012302
3 2396 5265 3535 0.054340
3 4329 4702 3152 0.017320
3 1409 3152 3744 0.029313
3 1986 3152 2508 0.012330
3 1986 2508 327 0.013442
3 327 3559 1986 0.018189
3 3337 327 2508 0.015500
3 3559 327 4641 0.017172
3 3744 3559 3019 0.010339
3 3398 397 2672 0.032904
3 397 4435 2672 0.020435
3 397 3398 2798 0.033748
3 3398 4641 2798 0.022793
3 2798 4641 4944 0.025722
3 4944 4970 3728 0.035106
3 4970 5730 4226 0.036146
3 3836 5025 239 0.006405
3 239 5025 1955 0.004592
3 1955 5025 3818 0.003822
3 1955 3509 553 0.004261
3 1965 3509 346 0.002776
3 1965 346 720 0.003126
3 3299 1683 4913 0.001435
3 346 1683 4509 0.002562
3 4881 3527 3410 0.001124
3 3527 3181 3410 0.001530
3 3410 3181 4981 0.001382
3 5556 2693 3451 0.001247
3 930 5556 4832 0.000409
3 3451 4832 5556 0.000422
3 189 3451 2693 0.000687
3 189 806 1994 0.000969
3 1994 806 1954 0.001579
3 1994 1954 1625 0.002881
3 806 2873 1954 0.001822
3 2873 1365 1954 0.004862
3 1379 1625 1954 0.004411
3 340 1625 3831 0.005139
3 340 3831 3698 0.006454
3 1625 162 3831 0.006477
3 3674 3831 3092 0.010527
3 162 3092 3831 0.011222
3 3092 162 4037 0.014310
3 638 3674 1806 0.016976
3 638 1806 2391 0.019342
3 4875 638 4602 0.012904
3 2391 4602 638 0.010640
3 1806 3092 3291 0.017606
3 3291 3092 4610 0.016221
3 4602 2391 5797 0.018458
3 881 4617 5444 0.021971
3 4108 5444 4617 0.022081
3 1053 4617 881 0.033793
3 950 1053 4610 0.025005
3 135 4945 5324 0.115060
3 4071 2973 2344 0.052063
3 4945 2344 2626 0.083912
3 2973 2618 1296 0.019907
3 2838 856 5605 0.039369
3 2838 1209 2601 0.142911
3 996 2601 3128 0.080471
3 3128 2601 4453 0.228394
3 5605 5426 1209 0.204155
3 5426 5605 4503 0.245297
3 4453 5426 1922 0.308338
3 388 1543 5426 0.386511
3 5426 1543 1922 0.408483
3 2075 3915 2939 0.288457
3 2513 2424 2939 0.072116
3 5179 2424 2513 0.054152
3 5682 5530 5179 0.037035
3 2339 5530 5682 0.027909
3 5530 2339 5608 0.026836
3 5608 2452 5530 0.029965
3 4277 5608 3018 0.032071
3 5608 2339 3479 0.029884
3 5608 3479 3018 0.031248
3 5079 3447 2560 0.020156
3 4820 3316 1309 0.003199
3 5415 915 2658 0.004168
3 1297 830 723 0.007434
3 915 723 830 0.007756
3 2658 915 830 0.006792
3 5415 313 3902 0.004926
3 313 2658 2474 0.008101
3 5077 2552 4349 0.005028
3 5077 4349 361 0.009209
3 361 4349 4329 0.015248
3 4435 3744 3019 0.015293
3 2672 4435 3019 0.017143
3 5438 4435 1450 0.026236
3 1450 4435 4216 0.019412
3 5578 1450 3379 0.009907
3 4435 4649 4216 0.017608
3 1450 4216 3379 0.023766
3 5318 1585 3367 0.017942
3 305 3221 2544 0.039473
3 2798 4944 3221 0.030479
3 3769 4226 1238 0.035584
3 5629 2209 3557 0.005798
3 4938 4509 4162 0.001707
3 4881 4844 4162 0.000587
3 4844 3203 5281 0.000192
3 4844 5281 843 0.000265
3 843 5281 1418 0.000356
3 4397 843 1418 0.000432
3 1418 5189 203 0.000724
3 1418 203 4590 0.000766
3 4590 203 2128 0.000799
3 203 5189 4981 0.000946
3 4832 4981 930 0.000527
3 2128 4832 3892 0.001580
3 3892 4479 3286 0.001540
3 2478 5348 4479 0.001748
3 5348 3286 4479 0.002208
3 1298 3946 774 0.001621
3 1298 774 5475 0.002026
3 774 1896 5475 0.004340
3 1896 5356 5475 0.007544
3 4580 5475 5356 0.008229
3 5356 3085 4580 0.009943
3 5356 5416 3085 0.015383
3 5416 5356 4875 0.009192
3 3698 4875 5356 0.008252
3 4875 2287 5416 0.008372
3 5481 5416 2287 0.016258
3 4602 3826 4875 0.010277
3 2287 4875 3826 0.010547
3 4602 5797 1873 0.024183
3 1873 5797 5011 0.017010
3 4458 5797 4780 0.027796
3 4108 3876 4780 0.032393
3 4297 3124 3876 0.049562
3 3124 5659 3876 0.022898
3 2783 5320 4518 0.153633
3 2002 4518 3420 0.561539
3 2626 4492 5320 0.089698
3 208 2626 2973 0.055269
3 5525 2620 208 0.070623
3 4492 208 2620 0.136593
3 3577 5525 2677 0.159615
3 1296 996 5525 0.021680
3 3306 2677 953 0.070044
3 3306 238 2677 0.187347
3 4900 1562 592 0.179638
3 5259 592 175 0.197957
3 1562 4453 592 0.229727
3 592 4453 175 0.249378
3 175 4453 1922 0.314142
3 175 671 5259 0.213273
3 1922 1316 175 0.304117
3 671 175 1316 0.236031
3 671 1316 4972 0.279878
3 4909 262 2218 0.220081
3 4183 4909 2218 0.160839
3 2505 4183 5457 0.031398
3 2424 5179 5457 0.045948
3 1038 5457 5179 0.034539
3 5457 1038 2505 0.033844
3 2505 1038 889 0.031842
3 1038 2452 4450 0.022941
3 1038 4450 889 0.021536
3 889 4450 4740 0.022944
3 4450 2452 1709 0.022381
3 1709 2452 5608 0.028287
3 1709 1612 4450 0.032851
3 4450 1612 3275 0.064840
3 4450 3275 4740 0.056024
3 4740 3275 1284 0.073821
3 370 1612 892 0.084368
3 370 892 2732 0.095709
3 1709 5608 1612 0.027574
3 892 1612 5608 0.033869
3 5608 233 892 0.034375
3 2546 892 233 0.031631
3 5608 4277 233 0.026716
3 892 2546 2123 0.046377
3 4668 659 5345 0.014827
3 2034 4613 1068 0.001666
3 4437 4820 1309 0.003132
3 1309 2313 4437 0.002657
3 2104 2313 221 0.004974
3 99 1309 4101 0.003467
3 99 3761 2313 0.006270
3 4614 221 2313 0.009831
3 195 3761 1682 0.007311
3 5745 1682 3761 0.005264
3 2718 5745 5811 0.002414
3 3920 2718 2669 0.005922
3 3920 2669 5277 0.007663
3 5277 1356 1319 0.008653
3 1319 1356 4282 0.007725
3 3503 4282 1356 0.007107
3 2669 5811 3584 0.004402
3 3584 5690 2412 0.005827
3 3931 5785 5119 0.001814
3 5077 34 5173 0.017844
3 4599 5173 2996 0.009581
3 34 2309 5173 0.034318
3 2996 5173 5438 0.013071
3 5119 4599 3931 0.003339
3 4599 2996 3846 0.004982
3 3846 2996 1860 0.004729
3 2996 5438 5578 0.008406
3 5438 1450 5578 0.014058
3 3612 473 5578 0.007582
3 473 3612 2622 0.005831
3 2622 5378 473 0.006161
3 2622 3612 3676 0.010177
3 3612 3379 3676 0.007119
3 3676 3379 5099 0.016799
3 3676 5099 5021 0.023995
3 5021 5099 3864 0.023530
3 3986 3864 5318 0.011125
3 3986 4709 3864 0.010970
3 2098 3367 4591 0.007057
3 5347 5565 40 0.020725
3 40 5565 2377 0.014043
3 5307 5565 5629 0.007896
3 5307 5629 3557 0.004585
3 2377 5307 1056 0.003796
3 1145 5307 269 0.002417
3 269 4938 3102 0.001326
3 3102 4938 4162 0.001414
3 1154 269 3102 0.000685
3 1154 1742 269 0.000522
3 877 3911 1154 0.000251
3 1742 1154 3911 0.000364
3 4395 4397 974 0.000609
3 1990 4395 974 0.000804
3 974 4553 1990 0.000839
3 5155 4112 4787 0.004600
3 2128 5366 5155 0.002604
3 1452 3286 4946 0.002991
3 1452 4946 4848 0.004252
3 3286 5348 4946 0.003294
3 4653 1660 4615 0.003251
3 145 5283 5596 0.023960
3 5596 5283 557 0.021484
3 4580 1957 5475 0.008746
3 4580 394 3890 0.014287
3 3890 394 1972 0.016641
3 1972 394 3085 0.015174
3 1972 3085 802 0.013594
3 802 5698 1972 0.011697
3 802 2459 5698 0.014566
3 5481 802 3085 0.015398
3 4199 2459 5481 0.011366
3 4468 5131 4199 0.018039
3 4468 3826 5723 0.019617
3 5723 5131 4468 0.012058
3 5723 3826 1873 0.018383
3 5658 829 5723 0.009881
3 829 5131 5723 0.011098
3 4458 3876 3178 0.028987
3 5659 3124 2056 0.070456
3 2857 2056 422 0.122478
3 2857 4765 3810 0.133796
3 337 3968 5208 0.400932
3 3968 422 4985 0.207025
3 3968 4985 1733 0.349208
3 278 1752 657 0.477283
3 550 657 1752 0.411020
3 1280 657 550 0.316200
3 2298 2164 2268 0.170852
3 5261 3577 2503 0.235071
3 5254 238 3306 0.286126
3 3212 4900 5254 0.325325
3 5254 4900 4898 0.354204
3 4898 2684 2503 0.510443
3 2772 4691 2684 0.528586
3 2684 4691 2835 0.563235
3 4586 2835 5088 0.713445
3 2772 4900 4858 0.317875
3 2772 2197 4691 0.490857
3 2835 4691 5088 0.624452
3 4871 4858 5259 0.102253
3 4412 4871 5259 0.127300
3 5259 2732 4412 0.115017
3 262 4909 3760 0.216402
3 5336 3760 4909 0.129549
3 1865 5336 389 0.077672
3 389 5336 1807 0.035119
3 1807 5336 2688 0.044038
3 3055 2688 2505 0.016071
3 4183 2505 2688 0.027625
3 2688 3055 1807 0.012227
3 1807 4740 389 0.028975
3 3760 1284 3275 0.105945
3 2732 4198 4412 0.098368
3 4198 2732 2123 0.083889
3 2123 1307 4198 0.081450
3 659 4668 4076 0.011132
3 659 4076 5345 0.028787
3 5345 4076 1307 0.038545
3 4668 2603 4076 0.004790
3 3914 2603 4668 0.001995
3 3914 4668 3205 0.001440
3 3205 4042 3914 0.001041
3 4042 1068 5121 0.000570
3 1068 5746 5121 0.000891
3 1068 2782 5746 0.002204
3 4604 4791 1079 0.003986
3 1079 4791 5756 0.004694
3 3909 454 3648 0.013633
3 4032 384 195 0.011380
3 4614 384 3906 0.010321
3 3920 1682 2718 0.007806
3 5277 4193 1260 0.024674
3 1761 4193 5506 0.055685
3 1319 5354 5506 0.021875
3 5354 1319 4282 0.007720
3 4176 5354 4282 0.012567
3 590 4176 4578 0.022905
3 2203 5148 4578 0.009042
3 5148 2203 3503 0.008951
3 3503 5284 5148 0.008538
3 5613 2422 5148 0.012685
3 3712 5148 2422 0.009682
3 5284 4316 4555 0.007947
3 4316 4886 4555 0.006338
3 1687 3931 2631 0.001915
3 2488 215 1687 0.004047
3 215 4886 1687 0.002227
3 215 2488 4103 0.006039
3 4886 215 5413 0.005137
3 4103 5413 215 0.008102
3 2488 5452 4103 0.003366
3 4103 5452 2350 0.009761
3 177 5452 5378 0.004158
3 2631 5082 5452 0.003206
3 5082 2631 3846 0.002928
3 5243 555 5021 0.014730
3 4709 2586 5243 0.032782
3 46 4591 4018 0.001459
3 449 46 4018 0.000962
3 4018 1056 920 0.001177
3 920 1056 1145 0.001176
3 920 1145 1742 0.000946
3 4854 3594 4749 0.001210
3 3594 3911 2120 0.000416
3 1455 3285 2033 0.016279
3 1299 166 2652 0.021791
3 2652 166 4562 0.016842
3 2652 4562 1853 0.018496
3 166 4553 4562 0.009226
3 5057 4553 4787 0.004899
3 978 4112 2845 0.009321
3 108 5407 4812 0.027025
3 5434 5407 3844 0.091729
3 2845 3804 5421 0.021856
3 5783 3804 967 0.011779
3 4848 967 3804 0.009877
3 967 3921 5783 0.024440
3 967 1660 3921 0.013628
3 3921 2642 2126 0.040694
3 2282 2126 5602 0.039925
3 2642 4653 1286 0.013690
3 2126 2642 1286 0.021942
3 2126 1286 2538 0.024379
3 2538 5602 2126 0.028039
3 5602 4914 2282 0.036884
3 5602 5596 4345 0.031201
3 5596 557 4345 0.025254
3 4199 5131 3932 0.010877
3 2050 2541 3932 0.012408
3 2541 2050 1695 0.011328
3 2050 829 1695 0.010513
3 5626 1859 5523 0.015025
3 5523 1859 1695 0.015845
3 1695 1859 151 0.015869
3 5626 5523 1329 0.006955
3 216 4187 3326 0.021604
3 4187 1329 512 0.009966
3 2941 3549 5517 0.014864
3 5659 2962 3178 0.032990
3 1724 27 4264 0.071268
3 3544 5790 1748 0.086873
3 3544 5649 5790 0.190774
3 5649 3544 2006 0.128301
3 2006 3196 5649 0.183000
3 1168 465 1947 0.131582
3 3273 1768 2006 0.221381
3 1768 3273 4336 0.117807
3 3273 4287 4336 0.158217
3 4287 4890 1159 0.130094
3 2889 1159 337 0.280235
3 2889 1821 4287 0.159360
3 1821 2889 616 0.184096
3 1821 616 379 0.152754
3 379 616 2164 0.220394
3 3450 657 2164 0.372888
3 379 4697 1821 0.153084
3 4697 5137 3441 0.191066
3 4697 3441 1061 0.151047
3 2298 4153 5137 0.297824
3 3441 5137 4153 0.244841
3 2298 5319 4153 0.255755
3 2298 4753 5319 0.246720
3 4062 5319 4996 0.554918
3 5261 2684 2835 0.493468
3 5261 2835 4586 0.598537
3 4996 4586 4062 0.561901
3 4062 4586 5741 0.562643
3 3871 1939 3391 0.524597
3 1939 5088 5737 0.495875
3 3391 1939 5737 0.410277
3 5737 5088 527 0.454883
3 5737 527 4177 0.304760
3 3914 2037 4852 0.002810
3 735 4852 265 0.004319
3 2037 1889 3645 0.002181
3 43 4042 5121 0.000616
3 2440 43 2953 0.000897
3 5121 2953 43 0.000785
3 5121 2012 3794 0.001063
3 3794 2012 5172 0.001309
3 5172 2012 2311 0.001219
3 2012 5746 618 0.001372
3 2923 3783 2233 0.001391
3 125 4950 3529 0.004885
3 3529 4950 4767 0.008353
3 4767 2226 3529 0.020649
3 4767 913 2226 0.019074
3 913 3909 1106 0.020220
3 1106 3909 3648 0.028300
3 3529 2887 3814 0.019278
3 33 852 2887 0.073137
3 3814 2887 852 0.038190
3 852 3390 3814 0.025370
3 2895 852 33 0.081012
3 852 3667 3390 0.048454
3 4033 3390 3616 0.018696
3 3616 4529 4033 0.033946
3 3390 3667 4276 0.023026
3 5676 1603 1274 0.075787
3 3906 4912 4276 0.030530
3 1603 4912 1274 0.057011
3 3269 1300 4545 0.018195
3 5849 5279 4200 0.074083
3 4744 4810 4193 0.048247
3 1761 5501 4193 0.092828
3 4193 5501 4744 0.072897
3 2024 5645 4776 0.063259
3 1722 4532 5506 0.062896
3 2967 773 590 0.032575
3 4176 590 773 0.017715
3 773 2967 4776 0.030305
3 2024 836 888 0.016608
3 836 4578 888 0.016209
3 888 4578 3712 0.011241
3 2422 748 5212 0.021663
3 1985 5212 748 0.029099
3 748 2876 1985 0.045683
3 748 5613 2876 0.037410
3 4457 1985 2876 0.061793
3 4457 2876 5362 0.055667
3 3579 4457 5362 0.063341
3 3579 5362 5662 0.033645
3 5362 2876 3880 0.061634
3 4394 4676 5413 0.015777
3 4676 4555 4886 0.009388
3 5413 4676 4886 0.008378
3 5413 3213 5092 0.009394
3 4103 2350 4834 0.018554
3 933 5043 4403 0.042396
3 177 5699 4403 0.013275
3 5699 555 2155 0.020560
3 5544 2319 51 0.032528
3 51 2319 933 0.046967
3 933 2319 5558 0.041352
3 2319 4134 5558 0.035765
3 2588 2007 4134 0.023641
3 5544 2609 2588 0.024164
3 2609 2460 2588 0.020002
3 2609 5677 2460 0.017695
3 5824 3199 5677 0.009942
3 3199 4878 5145 0.010790
3 2957 5145 614 0.007150
3 3199 322 4878 0.020157
3 3422 4878 322 0.032878
3 322 3199 2421 0.015129
3 2421 3422 322 0.030745
3 2421 5419 3422 0.034472
3 4709 3521 2242 0.022004
3 823 2325 5419 0.013308
3 449 187 823 0.002377
3 823 187 2325 0.002467
3 4749 5742 4854 0.001432
3 1455 5742 4749 0.001682
3 5742 5267 4948 0.004692
3 3251 2325 4948 0.006811
3 3251 1254 2325 0.020561
3 3372 5267 5835 0.004497
3 4328 3414 1740 0.011236
3 4719 2033 3285 0.027064
3 1853 5669 2652 0.031302
3 1853 4671 5669 0.026629
3 4320 4562 985 0.039275
3 4812 985 5057 0.028939
3 5407 1478 4812 0.065959
3 4320 4812 1478 0.066378
3 5191 1478 5139 0.101520
3 5178 3844 5421 0.124692
3 5421 3844 5407 0.073269
3 5178 5421 5783 0.092205
3 5321 2397 2963 0.148573
3 2963 2397 1779 0.102364
3 2963 1779 2282 0.065879
3 3561 2963 2282 0.061766
3 3561 4914 3457 0.035439
3 5602 1480 4914 0.038458
3 4914 1480 3457 0.031365
3 3457 1480 25 0.028833
3 1480 5118 25 0.043296
3 2557 5626 5431 0.009650
3 5626 3081 5431 0.007811
3 4429 5431 3081 0.015537
3 2043 4542 1164 0.014366
3 216 4850 2043 0.028052
3 4542 2043 4850 0.022709
3 4850 216 3326 0.038260
3 4850 3326 317 0.051801
3 317 3326 1982 0.055200
3 477 3326 4187 0.012572
3 477 4187 5517 0.015116
3 4084 5517 1724 0.018313
3 4090 3884 4021 0.183177
3 2175 3842 4818 0.178388
3 3562 2175 4818 0.325567
3 4264 5668 5100 0.078621
3 1234 5100 874 0.288143
3 874 5790 1234 0.222495
3 5649 3881 5790 0.234443
3 4125 3881 2929 0.193969
3 24 3003 3881 0.158045
3 3881 3003 4608 0.179636
3 2929 3881 4608 0.154141
3 3003 24 4366 0.172589
3 3196 4366 24 0.146669
3 3196 1768 4366 0.120894
3 4608 4618 2053 0.097032
3 4366 4336 4618 0.098087
3 4618 4336 3204 0.138956
3 1895 2053 1061 0.072858
3 1895 1061 1009 0.112760
3 2153 4213 1009 0.073419
3 1895 1009 4213 0.064182
3 4213 1192 1895 0.042245
3 359 5042 4213 0.115620
3 3344 359 295 0.196666
3 359 3082 303 0.239347
3 359 303 295 0.257169
3 295 303 4062 0.407052
3 5319 4062 303 0.477761
3 1248 3344 5741 0.292877
3 5741 5720 1248 0.314234
3 3391 2277 3871 0.347143
3 1988 3871 2277 0.411758
3 2277 1026 1988 0.532095
3 1026 2277 2132 0.396322
3 3391 3887 4006 0.226471
3 5253 3887 5737 0.226976
3 4798 4903 5004 0.093326
3 5737 5004 5253 0.195825
3 4903 4076 884 0.010587
3 1811 884 290 0.010091
3 290 884 735 0.007623
3 898 2099 752 0.010544
3 4068 265 4852 0.003014
3 3645 3708 4732 0.002474
3 251 3179 3708 0.003722
3 2700 3708 3179 0.003763
3 3179 251 3566 0.003165
3 3696 3179 3566 0.002564
3 3696 4797 3179 0.002281
3 4797 3696 201 0.002640
3 1222 201 3696 0.002971
3 1222 2953 3794 0.001362
3 201 5172 3137 0.001332
3 5172 74 5815 0.001004
3 5815 3137 5172 0.000846
3 2712 5815 4065 0.001596
3 5815 2923 2233 0.001403
3 4065 5815 5518 0.003065
3 2233 5518 5815 0.003566
3 4497 4373 3847 0.006809
3 4373 5694 1679 0.007738
3 2559 3809 3293 0.023935
3 3814 5171 3529 0.010747
3 4033 4529 3293 0.032892
3 2946 5168 179 0.184238
3 4912 2027 1274 0.071605
3 5676 1274 2027 0.089428
3 4380 2027 3126 0.083889
3 4897 3126 1300 0.053135
3 1313 5849 4200 0.066166
3 1313 2147 509 0.154588
3 1899 509 4807 0.295544
3 1899 4807 971 0.240659
3 1230 4934 1879 0.118938
3 4934 4930 4041 0.071549
3 4055 1544 999 0.082067
3 1544 4439 5451 0.137932
3 2467 2156 5198 0.088193
3 3021 5343 2467 0.123478
3 5044 2467 5343 0.124448
3 5627 5343 3021 0.094996
3 5627 2519 5343 0.116825
3 5627 3021 198 0.094625
3 198 3021 5198 0.093402
3 4315 3854 5398 0.112922
3 3854 3974 5398 0.084507
3 5398 3974 3233 0.115707
3 1737 2938 3068 0.042197
3 3579 1913 3833 0.028798
3 3833 1913 1697 0.029602
3 3833 1697 2938 0.053396
3 3579 5662 1913 0.029573
3 1913 5662 3320 0.031914
3 3320 5662 4640 0.040493
3 5362 3880 5662 0.050560
3 5662 3880 5761 0.058093
3 263 5013 3296 0.153536
3 5728 3013 1875 0.177953
3 5043 780 3013 0.062946
3 780 896 3013 0.059463
3 3013 896 5034 0.099417
3 896 2966 2255 0.071622
3 896 2255 5034 0.108040
3 5573 3059 3405 0.143800
3 3059 2966 3405 0.115905
3 2966 4134 3405 0.050116
3 5558 4134 2966 0.040837
3 1631 4134 2007 0.033667
3 289 1631 1533 0.066224
3 1533 1909 289 0.102173
3 2460 4028 1533 0.021524
3 1909 1533 4028 0.056336
3 4028 2460 5677 0.013142
3 4132 5677 5145 0.012010
3 5339 2817 3530 0.011688
3 2817 1094 1822 0.016320
3 2817 1822 3530 0.014557
3 3530 1822 5019 0.022940
3 4892 1107 969 0.037085
3 1107 5080 969 0.028874
3 969 5080 3165 0.027576
3 3165 5080 5780 0.036225
3 5080 614 5145 0.017258
3 5080 120 5780 0.057862
3 120 462 5780 0.063306
3 120 245 5562 0.065085
3 3190 5260 4689 0.036693
3 5562 3190 1374 0.038828
3 3422 1254 1349 0.051139
3 1349 1254 3069 0.071153
3 1254 3422 2325 0.027951
3 3422 5419 2325 0.035955
3 4510 5835 3414 0.003934
3 1374 4689 2848 0.007237
3 1374 2848 2535 0.007773
3 2535 3248 1374 0.010595
3 2848 4328 2535 0.008816
3 751 1808 2184 0.105898
3 5430 57 3617 0.140927
3 57 4111 3617 0.204380
3 57 5064 4111 0.227394
3 3617 4111 5286 0.206717
3 4111 4371 5286 0.219355
3 1569 4371 5669 0.188945
3 1033 4986 1569 0.155107
3 4986 1033 4289 0.176198
3 2847 5191 4289 0.102582
3 5191 2847 4671 0.064540
3 5191 3153 4289 0.214774
3 4289 3153 4462 0.284836
3 3153 5191 5139 0.143102
3 798 320 5434 0.145063
3 3130 1247 165 0.104782
3 2486 3653 2877 0.099045
3 2877 5672 1966 0.096418
3 1966 1912 2877 0.067950
3 1492 3433 2241 0.272007
3 4058 2241 3433 0.295179
3 3433 597 4058 0.240204
3 5409 3433 1492 0.323620
3 597 3433 5386 0.321428
3 5409 5672 2065 0.170021
3 102 5689 5447 0.060547
3 102 5447 4739 0.045975
3 5447 1362 3482 0.047854
3 5689 3561 1362 0.067317
3 3561 2318 1362 0.055738
3 3482 1362 2318 0.062023
3 2239 4664 2288 0.053198
3 2288 2557 3517 0.018162
3 5431 3517 2557 0.015502
3 4429 3081 5576 0.031047
3 3858 1592 4464 0.212274
3 317 1592 1776 0.110175
3 2558 4990 1776 0.077429
3 4990 2558 947 0.050702
3 4990 1164 4542 0.021686
3 4464 3884 4281 0.162941
3 4464 3678 3884 0.138268
3 4281 3884 5029 0.198588
3 5787 3429 3497 0.180825
3 4281 5029 2981 0.275325
3 2965 2981 83 0.163598
3 4090 2445 3039 0.350413
3 3039 2445 5739 0.365971
3 2445 4090 352 0.323413
3 3545 2445 352 0.261697
3 1323 2445 3194 0.222412
3 3545 3562 2931 0.294613
3 5357 2578 4125 0.164194
3 5357 5390 1690 0.128985
3 5390 2929 247 0.079324
3 3960 247 2929 0.084285
3 4887 4827 1192 0.039792
3 4887 1192 3067 0.023791
3 3067 1192 2161 0.036876
3 2161 1192 4213 0.034194
3 2161 5042 3252 0.078713
3 2161 3252 4340 0.041925
3 1988 1474 5720 0.366248
3 5720 1474 5614 0.182205
3 1505 5311 366 0.231856
3 2132 5311 1505 0.360110
3 5311 2132 4006 0.344021
3 3851 423 5311 0.087567
3 3851 2611 3614 0.070429
3 3614 2611 694 0.070080
3 5396 3614 5253 0.108383
3 694 5253 3614 0.089305
3 4006 694 2611 0.078613
3 3595 5814 677 0.035546
3 677 5814 5351 0.062928
3 2416 2995 5814 0.008393
3 5138 4354 5814 0.036378
3 2276 4354 4928 0.092204
3 2284 3634 898 0.028965
3 3634 5138 898 0.021070
3 5138 2995 2099 0.007676
3 5138 2099 898 0.008583
3 2284 2093 673 0.068188
3 673 2093 3371 0.093073
3 2093 3454 5306 0.067312
3 3149 228 3210 0.015221
3 3454 1744 4722 0.010449
3 4732 5352 5073 0.003145
3 2092 4436 519 0.001476
3 519 4436 5352 0.002232
3 519 5352 3226 0.001757
3 4436 886 5352 0.002475
3 519 3226 3837 0.001091
3 3837 2092 519 0.000807
3 3837 3226 1211 0.000762
3 1211 3226 4731 0.000631
3 3226 2700 4731 0.001467
3 4797 1842 4731 0.001353
3 1211 3137 3837 0.000547
3 3837 3137 762 0.000410
3 3837 762 2092 0.000667
3 2092 762 2712 0.000781
3 3137 5815 762 0.000510
3 4436 2092 2719 0.001293
3 2831 827 4065 0.003237
3 3540 2831 4497 0.004561
3 2831 3540 556 0.003589
3 4165 4144 3847 0.015651
3 3847 3743 4165 0.028463
3 3847 4373 3809 0.007954
3 2559 3000 3809 0.028426
3 3000 2559 5332 0.038976
3 2559 990 5332 0.056088
3 5332 990 3008 0.133965
3 5168 2946 5120 0.328893
3 990 5120 3008 0.278887
3 3008 5120 426 0.369145
3 2523 2946 5527 0.189683
3 2523 5527 1751 0.295376
3 5527 5195 4908 0.298101
3 5841 4908 4204 0.222352
3 5195 5676 4380 0.247821
3 3481 3397 5492 0.356080
3 3397 5044 5343 0.192482
3 3971 5343 2519 0.192244
3 2519 4315 3971 0.140341
3 3486 5398 3233 0.261321
3 3486 3233 480 0.236929
3 3486 480 2142 0.213788
3 2142 480 3157 0.262160
3 3157 480 2589 0.270825
3 1582 3356 3233 0.272841
3 480 3233 3356 0.278730
3 2589 480 3356 0.299691
3 1582 3233 3974 0.157313
3 1787 23 2387 0.044376
3 5167 2869 5469 0.083784
3 5167 5469 214 0.100989
3 5469 3460 458 0.130732
3 3460 358 4640 0.063727
3 458 3460 3762 0.093693
3 2380 5761 263 0.150006
3 4910 281 123 0.109317
3 4910 329 3408 0.330506
3 3408 329 1671 0.352536
3 1671 3296 95 0.528409
3 4622 95 1875 0.570087
3 4622 1875 5034 0.451772
3 95 3296 1875 0.537628
3 5034 1875 3013 0.184064
3 5573 5035 5732 0.113748
3 5732 4705 5573 0.090036
3 3403 2775 5035 0.192324
3 5732 5035 2775 0.109013
3 4864 2775 3403 0.156547
3 900 4892 3107 0.061488
3 1819 4028 4132 0.038676
3 4892 5019 1822 0.045786
3 4864 199 3565 0.145362
3 199 809 3565 0.127280
3 3565 809 1023 0.158010
3 809 1435 64 0.067422
3 809 64 197 0.074986
3 197 64 2554 0.057433
3 1435 3165 1826 0.036914
3 3685 1826 3637 0.028751
3 3165 1435 5211 0.037566
3 5780 2320 2371 0.053918
3 2371 2320 3116 0.032386
3 2371 3116 3637 0.029563
3 4859 2320 5562 0.074860
3 5562 3248 4859 0.030526
3 2320 5780 462 0.052088
3 4859 3248 3144 0.035891
3 4859 3144 2683 0.027562
3 2757 1664 3663 0.019071
3 4859 2683 3636 0.017073
3 3663 3636 648 0.021957
3 1928 2683 989 0.032674
3 989 442 1928 0.062250
3 3144 989 2683 0.021158
3 442 989 2184 0.040006
3 1039 648 1928 0.109623
3 1039 4808 648 0.171775
3 2473 4808 1039 0.238962
3 5000 3472 2473 0.259940
3 3184 3472 4888 0.245834
3 3184 4888 4217 0.239811
3 3472 5000 1084 0.149654
3 3472 1084 5845 0.125972
3 5000 1808 1084 0.138366
3 1084 1808 632 0.094773
3 3534 3505 5286 0.208252
3 3534 5286 4986 0.188352
3 1029 1839 2756 0.171252
3 2517 104 2756 0.169334
3 2756 104 1029 0.162778
3 104 3130 165 0.129721
3 104 165 1029 0.139151
3 617 5032 1862 0.268465
3 5032 3241 4184 0.242644
3 3136 3241 635 0.277912
3 3241 2069 635 0.211029
3 3136 4058 3012 0.457512
3 3993 3564 2766 0.064810
3 5409 2065 5478 0.168610
3 4863 5478 4739 0.025495
3 4739 5447 2525 0.012821
3 2239 31 2525 0.018675
3 31 4868 2525 0.016225
3 2525 4868 2585 0.021852
3 5576 5833 4429 0.058583
3 2341 2576 2881 0.065639
3 2341 2881 2526 0.072798
3 2881 2576 4496 0.072720
3 5313 2576 5576 0.083935
3 4496 5313 5787 0.189192
3 4496 3497 5122 0.099350
3 5122 3497 2145 0.092667
3 4980 2145 2965 0.050876
3 1536 5618 4980 0.035502
3 4980 2965 2590 0.059653
3 180 4493 2886 0.252192
3 3091 2886 4493 0.255711
3 83 4493 180 0.206265
3 4493 83 2793 0.185044
3 4493 2793 5739 0.295773
3 1323 1359 5739 0.219463
3 1359 1323 3194 0.129500
3 1359 3194 1110 0.145979
3 3618 1359 1110 0.120232
3 3194 1690 2090 0.182423
3 1690 4 2090 0.229325
3 1518 5125 1713 0.169209
3 1518 1713 4192 0.204943
3 5125 5828 3960 0.092515
3 5125 1818 3452 0.078271
3 5647 3452 2919 0.079065
3 1818 4047 3452 0.075052
3 2919 3452 5296 0.073955
3 4047 1818 3067 0.051726
3 3067 1818 801 0.033919
3 3067 801 4887 0.015810
3 2446 1358 4452 0.025493
3 3526 2446 4452 0.021828
3 3526 4452 1667 0.013665
3 4951 716 4452 0.010246
3 4452 716 2763 0.009193
3 2763 2346 4971 0.019574
3 4659 2950 1892 0.065797
3 4659 1892 3294 0.064371
3 423 2322 2950 0.077763
3 2985 2322 1262 0.078694
3 1046 2143 2985 0.079944
3 2985 2143 1111 0.086019
3 3492 1907 2143 0.103872
3 610 3492 4624 0.063929
3 3492 1578 4624 0.112381
3 4624 1578 5236 0.116845
3 1578 276 5236 0.107384
3 5236 276 1262 0.090020
3 5236 1262 3614 0.094155
3 3614 1262 3851 0.071737
3 677 5351 4104 0.094175
3 5236 4190 4624 0.134144
3 2276 4928 5660 0.113614
3 2276 5660 4624 0.110822
3 4928 3342 5660 0.138413
3 4928 4799 3342 0.214623
3 4799 1968 3342 0.190830
3 673 2253 3695 0.261436
3 4799 3695 4156 0.215897
3 3695 2253 2323 0.199635
3 3695 2323 4156 0.198117
3 2323 2253 4804 0.141315
3 3371 2093 1777 0.108305
3 5306 3228 4975 0.115317
3 3228 3149 4165 0.036455
3 1583 3228 4165 0.034115
3 3149 1378 4144 0.011176
3 3210 2285 1378 0.006318
3 2285 3210 4722 0.009980
3 2285 257 556 0.003146
3 556 257 2719 0.001663
3 257 4436 2719 0.001591
3 782 4688 5511 0.084894
3 4165 3743 1051 0.038087
3 1051 3743 3000 0.033379
3 5511 4877 1278 0.064878
3 3474 4079 5489 0.024389
3 3000 5332 3474 0.040121
3 5332 4079 3474 0.020318
3 3640 4079 5332 0.029274
3 5822 5489 1295 0.366808
3 5822 1295 5462 0.340109
3 2768 4862 914 0.652113
3 426 4017 4862 0.574895
3 4017 2523 3238 0.622923
3 2523 1751 3238 0.491072
3 3753 5841 4204 0.314367
3 3677 5553 2788 0.190236
3 2788 87 3677 0.216008
3 87 2788 5547 0.155034
3 5547 2142 5445 0.161274
3 2142 3157 280 0.134707
3 280 3157 1152 0.138370
3 280 1152 3161 0.078721
3 3157 3870 1152 0.185423
3 3870 3157 2589 0.266122
3 1152 3870 5323 0.243777
3 1034 1075 2564 0.429764
3 1034 2564 5323 0.390130
3 2999 589 4262 0.401563
3 5403 5175 5344 0.180067
3 5344 2875 5403 0.182848
3 5344 1787 2387 0.063766
3 5344 2387 5167 0.061365
3 1220 2875 113 0.251769
3 113 3458 1220 0.269461
3 214 5469 2875 0.230109
3 1872 2875 5469 0.261834
3 5469 458 1872 0.186693
3 1123 5687 1872 0.238362
3 113 1872 5687 0.313010
3 3913 5687 1123 0.149990
3 2927 3493 3408 0.208044
3 5477 293 1137 0.251667
3 1137 293 4338 0.229802
3 1137 4338 4705 0.142296
3 4705 2914 3690 0.174654
3 4705 2052 2914 0.158717
3 5075 2052 5732 0.072220
3 5075 3565 1023 0.092666
3 809 197 3919 0.123678
3 1629 3919 197 0.134153
3 1054 4152 1629 0.089372
3 5400 1629 4152 0.066359
3 4504 4152 1054 0.089988
3 4504 2800 4152 0.073633
3 4504 2554 3685 0.054764
3 3685 3116 182 0.031976
3 2264 182 1664 0.010292
3 3116 1664 182 0.017842
3 2800 2264 1401 0.018526
3 6 1401 3525 0.044912
3 2903 2757 3663 0.028352
3 2903 3663 485 0.041477
3 485 3663 648 0.033925
3 4808 1368 485 0.179095
3 1018 4217 5435 0.123760
3 4217 107 3265 0.217740
3 4217 3265 5435 0.199124
3 107 18 3265 0.239118
3 18 4888 2280 0.134709
3 2280 4888 11 0.118792
3 5845 4888 3472 0.145460
3 2280 5037 4391 0.311169
3 3135 3101 5037 0.139688
3 760 3046 5037 0.322286
3 4184 3260 3101 0.344472
3 4080 3260 3136 0.407957
3 4080 692 5248 0.400557
3 5248 692 2423 0.467826
3 2423 692 4074 0.568962
3 3012 4074 692 0.415379
3 539 1411 5386 0.464845
3 3564 976 2766 0.063313
3 2766 976 5585 0.137465
3 2766 5585 144 0.138967
3 976 3623 5585 0.211569
3 5585 3623 1783 0.125299
3 2179 5771 3623 0.103355
3 4801 4863 4372 0.015042
3 4372 2343 2585 0.008902
3 719 2525 2585 0.017270
3 2114 2645 2915 0.017068
3 2585 4868 2645 0.027904
3 2915 2341 2114 0.041774
3 4318 2114 2341 0.068535
3 2341 2526 4318 0.078640
3 4496 1736 2881 0.050178
3 5122 1736 4496 0.055570
3 2526 1591 5712 0.017362
3 1591 3792 5712 0.016904
3 5712 3792 5574 0.009315
3 3792 1736 5122 0.037415
3 5574 196 582 0.012562
3 4174 582 4643 0.015680
3 1025 4837 4292 0.047949
3 4837 3364 4045 0.062854
3 3364 4159 3644 0.131898
3 4159 2843 3644 0.158001
3 3644 2843 2910 0.239069
3 2910 2843 2061 0.340795
3 2843 386 3888 0.146391
3 386 1467 3888 0.073564
3 4467 180 2886 0.234443
3 2061 2886 1755 0.322840
3 2061 1755 2457 0.298569
3 2061 2457 2910 0.342273
3 2457 5762 1292 0.285604
3 1292 2910 2457 0.318649
3 4976 5762 514 0.319924
3 514 5762 2930 0.286405
3 5762 1755 3010 0.334410
3 4493 2809 3091 0.202178
3 2073 3091 2809 0.198566
3 3618 3652 3400 0.127162
3 3652 2170 2568 0.263216
3 3448 4192 5041 0.182252
3 5041 1713 5647 0.119217
3 5041 5647 4579 0.097657
3 5041 4579 2548 0.099383
3 5647 5268 4579 0.192735
3 3526 1667 4127 0.010828
3 2574 3526 4127 0.012802
3 4219 1667 4452 0.010396
3 4219 4452 4971 0.010627
3 4127 4219 4475 0.008535
3 3923 4475 4219 0.009679
3 4971 2346 3923 0.008604
3 5465 3923 2346 0.014447
3 2346 3294 5465 0.025255
3 2569 1892 2985 0.091063
3 1694 2569 709 0.049826
3 4016 3321 4386 0.096822
3 1694 1146 4016 0.071998
3 4016 1146 3321 0.120202
3 1111 2143 5781 0.096707
3 5781 1907 610 0.100975
3 5781 610 4015 0.128818
3 5660 1973 4312 0.244577
3 1973 2202 4312 0.332858
3 1973 1151 2202 0.389312
3 4632 2202 1151 0.416862
3 1151 3624 4632 0.381731
3 3348 1973 3342 0.275853
3 4156 3348 1968 0.264996
3 3342 1968 3348 0.184995
3 5660 3342 1973 0.254520
3 3348 4156 4901 0.195074
3 4901 4156 2323 0.083622
3 2310 4679 3787 0.038650
3 2759 3787 4679 0.097765
3 872 4495 4253 0.165407
3 872 1777 4495 0.231661
3 3168 5560 782 0.189585
3 4883 4258 3168 0.074438
3 2372 4883 869 0.045845
3 2372 869 5511 0.053591
3 5511 5309 2372 0.063519
3 1278 5309 5511 0.060371
3 5711 5309 5593 0.047520
3 5593 5309 4401 0.033233
3 5462 5700 3575 0.450659
3 5700 5462 1295 0.474048
3 5700 4862 4017 0.651218
3 5700 4017 1677 0.683047
3 1677 4017 3238 0.695437
3 2246 1698 2874 0.597034
3 1677 3238 3409 0.677818
3 3409 3610 4252 0.638612
3 4356 1228 3610 0.316345
3 4356 2292 1228 0.220335
3 3677 4445 3297 0.241216
3 4121 5547 5445 0.178519
3 1036 5445 1370 0.074435
3 5331 1036 1370 0.061155
3 4285 3161 1028 0.118786
3 4285 1028 55 0.140972
3 55 1028 5174 0.164291
3 5829 5226 5648 0.132930
3 675 3161 5323 0.138050
3 5323 3161 1152 0.151340
3 5648 5226 2019 0.159894
3 1729 1915 4693 0.287759
3 1915 2564 2999 0.391381
3 4693 2999 5096 0.295027
3 2347 4693 2522 0.083055
3 5096 2522 4693 0.121861
3 2428 4826 3458 0.270954
3 2041 2428 3633 0.150163
3 3598 5687 1956 0.087336
3 755 2968 1786 0.178059
3 1949 153 5477 0.188201
3 5477 2182 1949 0.181022
3 2182 2047 1949 0.202417
3 3246 1949 2047 0.160647
3 3246 2047 755 0.137954
3 2047 2713 755 0.147565
3 2182 1087 2047 0.139670
3 4355 3076 2740 0.070621
3 4355 2914 3076 0.094333
3 4236 2740 3076 0.056680
3 2740 4236 3117 0.041282
3 4236 365 1545 0.043117
3 365 5075 1545 0.091327
3 2507 1545 5237 0.186008
3 1629 688 3919 0.145054
3 1629 5400 688 0.060246
3 5400 2820 5237 0.149247
3 2820 588 5754 0.167829
3 588 4552 5754 0.148164
3 654 486 6 0.038633
3 1401 486 2800 0.014289
3 2800 486 4152 0.041444
3 4552 3066 1730 0.079476
3 1730 3066 4001 0.098347
3 1730 4001 2208 0.101123
3 3066 3525 4001 0.063462
3 4001 3525 942 0.076007
3 4001 942 1509 0.089987
3 1509 942 2543 0.078075
3 860 1320 2208 0.135989
3 3374 1320 1202 0.220176
3 3374 1202 1481 0.304259
3 1202 860 2616 0.195742
3 860 1509 2616 0.094886
3 1509 2543 1813 0.112175
3 1368 4268 3182 0.193632
3 3878 3079 2139 0.091905
3 3079 119 2139 0.115966
3 2139 119 2088 0.087633
3 119 1305 3350 0.052254
3 3314 2753 1305 0.047520
3 2753 3314 1109 0.189643
3 1109 3314 706 0.087832
3 3314 5435 706 0.085887
3 706 5435 282 0.124009
3 706 282 2670 0.160601
3 706 2670 1109 0.114592
3 282 4081 2670 0.123216
3 3265 4391 4081 0.269346
3 2204 4081 4391 0.262752
3 3046 5367 2204 0.249530
3 3626 2204 5367 0.156713
3 3046 760 934 0.306808
3 4080 760 3260 0.260216
3 5248 2423 3004 0.292433
3 5248 3004 2261 0.245058
3 2261 3004 4230 0.287930
3 4074 1343 4005 0.581373
3 4275 3628 5702 0.291320
3 5386 2429 3519 0.409701
3 144 2429 2766 0.136757
3 3966 2766 2429 0.169582
3 4465 3302 2171 0.316290
3 4160 2171 3302 0.213174
3 4650 1321 5023 0.419723
3 5023 1259 1012 0.236491
3 1783 1012 1259 0.222440
3 4717 4106 1012 0.176438
3 4135 4106 3465 0.328889
3 1542 4135 3465 0.452233
3 5809 5771 2795 0.101358
3 2795 5771 2465 0.067127
3 2795 2465 4241 0.035284
3 2518 3435 2179 0.030949
3 2465 2179 3435 0.050687
3 3435 4241 2465 0.028895
3 2637 2518 4801 0.011605
3 1252 4241 4318 0.035724
3 5809 2795 1105 0.068988
3 2784 5712 4130 0.010153
3 4130 4174 2764 0.008254
3 2764 3643 4130 0.005649
3 3643 2764 1032 0.006683
3 4643 4263 2764 0.023160
3 1032 2764 4263 0.013266
3 4292 4643 1025 0.045923
3 4643 4292 1898 0.082209
3 3688 1898 205 0.135255
3 4292 2479 2646 0.120990
3 841 1874 4045 0.181980
3 841 972 1015 0.249979
3 3364 3644 972 0.135231
3 2357 1015 4095 0.494872
3 2357 4095 4431 0.562941
3 4431 4095 2030 0.674995
3 4431 2030 3147 0.686900
3 3133 1292 4612 0.563607
3 4612 5762 4976 0.421953
3 338 4612 4976 0.480434
3 338 3992 4612 0.664500
3 2131 338 4976 0.480247
3 2131 4976 2207 0.401836
3 4430 2131 2207 0.283257
3 4976 514 1086 0.351443
3 514 2930 1086 0.251688
3 1086 2930 3400 0.216961
3 1086 3400 319 0.142780
3 4718 3310 3308 0.169813
3 4867 3310 4105 0.168661
3 3310 4959 4105 0.184006
3 4105 4959 5735 0.278169
3 4105 5735 3448 0.204397
3 5735 4192 3448 0.196202
3 2548 3057 4105 0.078765
3 3057 2548 4579 0.065655
3 4579 3714 3057 0.097701
3 1044 3714 2574 0.027890
3 4127 1405 859 0.007072
3 1405 4475 5440 0.005287
3 1405 5440 859 0.009357
3 4475 4665 5440 0.010673
3 3901 4665 3183 0.042823
3 4475 3923 4665 0.007806
3 3923 5465 4516 0.020148
3 4665 5848 3183 0.052846
3 5848 4516 5624 0.053502
3 307 427 4386 0.108611
3 427 1523 4386 0.098642
3 137 307 2844 0.151423
3 4227 137 793 0.184259
3 2844 793 137 0.174036
3 3321 1224 2844 0.226463
3 793 2844 5594 0.294654
3 1224 5594 2844 0.319828
3 3321 4056 1224 0.233570
3 4056 1847 1882 0.139250
3 2792 1882 2408 0.035064
3 4056 4015 1847 0.121824
3 4312 1847 4015 0.087545
3 2202 1847 4312 0.170293
3 4069 4632 3624 0.376451
3 2657 3624 3461 0.383063
3 3624 1151 3461 0.432883
3 1151 3803 3461 0.339691
3 1890 1151 3348 0.270451
3 2754 1890 3348 0.230133
3 3980 2577 3733 0.435838
3 4269 2754 3787 0.103867
3 2591 4679 5335 0.091547
3 2555 2978 731 0.035194
3 4822 4911 3736 0.085870
3 2978 4258 5282 0.050030
3 1527 4043 4388 0.017879
3 4043 2193 4388 0.023044
3 4408 4388 3834 0.075179
3 2193 5711 658 0.021519
3 4237 658 5674 0.032496
3 5593 5674 5711 0.035990
3 360 5778 5593 0.018645
3 5018 3778 5593 0.039061
3 360 5593 3778 0.037860
3 5018 3395 3778 0.013146
3 3395 5018 1344 0.008204
3 3766 1344 5018 0.014401
3 4374 410 3766 0.040029
3 410 4921 3766 0.010649
3 410 4374 799 0.045122
3 1303 410 799 0.048514
3 799 2734 1303 0.076033
3 4030 2553 4821 0.076707
3 1303 231 5758 0.221936
3 2734 1005 231 0.203969
3 2874 1005 2246 0.540961
3 5551 1228 5094 0.239907
3 5551 5094 3889 0.124277
3 1228 2292 5094 0.172091
3 5110 5504 1322 0.146936
3 1322 5504 1964 0.163355
3 4445 1322 1964 0.178169
3 3895 4259 3680 0.208690
3 4259 3895 1439 0.198768
3 4110 4259 1439 0.238851
3 3895 5107 4488 0.133579
3 321 5107 424 0.088011
3 5107 641 424 0.079263
3 424 641 2686 0.068505
3 5107 5747 1195 0.099737
3 1195 3777 3476 0.054483
3 2176 377 4208 0.064099
3 4208 4022 2176 0.073473
3 4022 4208 2680 0.123923
3 4285 2680 4208 0.120516
3 2680 3363 4022 0.159596
3 4285 55 2680 0.154268
3 3363 2680 70 0.235074
3 55 4348 2680 0.196577
3 2680 4348 70 0.226537
3 70 4348 3287 0.217758
3 1422 5174 5615 0.164879
3 5174 1028 4265 0.148693
3 5829 5648 4265 0.104255
3 4265 5648 5615 0.123587
3 5615 5648 363 0.110423
3 4815 3227 5648 0.190976
3 5648 3227 1668 0.242820
3 3227 4815 961 0.216146
3 4815 5648 1004 0.125403
3 4815 1004 56 0.097308
3 5648 2019 1004 0.135402
3 766 1850 4815 0.086748
3 1850 766 4172 0.093391
3 3176 1850 4172 0.114876
3 4764 5503 766 0.082452
3 4764 601 626 0.045097
3 601 1729 626 0.108863
3 4764 626 5717 0.015524
3 5717 626 2347 0.027541
3 626 4693 2347 0.105608
3 5717 2522 4239 0.006142
3 3325 4642 5183 0.045423
3 2436 3325 3440 0.041326
3 3045 3440 3325 0.038746
3 3045 5183 3936 0.102386
3 3936 5183 2041 0.124615
3 3936 1050 4442 0.128212
3 4442 1050 3541 0.111195
3 4442 3737 2794 0.098462
3 2794 3737 1443 0.050659
3 3541 3764 3737 0.089057
3 3541 2545 3764 0.110284
3 3541 2968 2713 0.176095
3 2713 416 2545 0.192185
3 2713 3074 5726 0.195512
3 2862 3074 261 0.101939
3 4236 1384 3117 0.064660
3 4548 3117 1384 0.076186
3 4140 5754 173 0.344790
3 4140 173 4548 0.353685
3 173 5754 5725 0.203948
3 2015 2208 1637 0.074824
3 2015 1637 5754 0.101867
3 5696 5275 4520 0.257094
3 4520 640 5696 0.281772
3 1271 4520 3900 0.371020
3 3900 5599 1271 0.443883
3 3900 5275 3374 0.296971
3 3374 1481 5622 0.436989
3 1202 2616 2381 0.246735
3 2381 2616 2789 0.219585
3 2381 2789 2088 0.156098
3 5106 4993 5432 0.304760
3 4993 4603 737 0.138453
3 5432 737 5802 0.065838
3 737 4741 5802 0.044001
3 5802 4741 2888 0.047444
3 2753 1681 1305 0.031576
3 4205 2281 2753 0.056462
3 2281 2059 3651 0.044319
3 2670 4205 294 0.064287
3 2670 294 1109 0.115825
3 1109 294 2753 0.113402
3 4205 5101 3626 0.048786
3 5367 2261 277 0.154835
3 277 3994 5367 0.179879
3 277 4230 1566 0.308485
3 4515 1566 5204 0.093166
3 4515 5204 3590 0.100599
3 4230 2414 3741 0.206257
3 3741 4275 5702 0.321930
3 3741 5702 660 0.266394
3 4160 1125 414 0.555342
3 414 1125 3167 0.646669
3 1125 3302 4392 0.431371
3 1125 4392 3167 0.691021
3 1617 2477 4650 0.658527
3 4650 5023 2650 0.573294
3 2650 5023 4775 0.557393
3 4775 5023 4362 0.585801
3 2028 4775 4485 0.549438
3 4775 2083 4485 0.678554
3 1101 4485 542 0.354704
3 542 4485 5843 0.275033
3 5052 3593 4106 0.226243
3 5052 4135 73 0.217702
3 4135 712 73 0.320737
3 712 2133 1780 0.120889
3 3506 1105 1977 0.065153
3 1977 1105 2784 0.013065
3 1977 4130 3643 0.012146
3 3643 2837 1977 0.008404
3 3506 1977 1780 0.049819
3 1977 2837 3601 0.011919
3 1977 3601 1780 0.023914
3 3601 504 1634 0.126820
3 1634 504 4263 0.115471
3 4263 5052 1634 0.126382
3 4263 3688 5052 0.104779
3 1898 4263 4643 0.063797
3 1634 5052 73 0.226850
3 4362 3593 2359 0.378983
3 3593 2011 2359 0.283918
3 3593 5052 205 0.214839
3 205 2011 3593 0.262506
3 2359 2011 3649 0.411013
3 3649 2011 1225 0.397467
3 4802 1002 4623 0.555036
3 1874 1684 4045 0.219170
3 1874 3230 1684 0.325963
3 3360 1684 3230 0.484311
3 4431 3147 595 0.613302
3 595 3147 3991 0.772560
3 595 3991 866 0.794687
3 3147 4522 3991 0.869473
3 5214 2257 4522 0.926452
3 5214 3443 2257 0.937527
3 5214 3434 3038 0.742747
3 3038 3434 4929 0.536752
3 3434 3820 4929 0.639546
3 3820 2314 4098 0.733323
3 2314 2803 4098 0.731549
3 4098 2803 3992 0.655878
3 2803 4612 3992 0.728808
3 3819 3992 698 0.701063
3 5799 4430 594 0.170338
3 5799 594 3522 0.204149
3 4430 1809 594 0.130371
3 594 1809 3522 0.161673
3 3522 1809 4718 0.153279
3 1497 5706 3570 0.432216
3 2215 5433 5620 0.296292
3 5620 5652 2215 0.329602
3 5433 2216 5620 0.225836
3 2141 3308 5433 0.213416
3 3308 2141 4718 0.162706
3 2216 5433 1766 0.269329
3 1766 1354 2216 0.190858
3 4867 4575 1354 0.100064
3 4575 4867 1285 0.123531
3 1285 4867 3351 0.108340
3 1285 3351 4381 0.144594
3 3799 4381 479 0.156765
3 3799 479 1621 0.143942
3 3714 1621 479 0.169807
3 4573 3799 5440 0.038762
3 4335 3901 3849 0.056086
3 3849 1741 4335 0.079298
3 1741 3849 3793 0.071373
3 541 3793 3849 0.072542
3 5072 772 3849 0.066421
3 541 3849 772 0.061204
3 541 772 1523 0.064025
3 5624 772 5072 0.076214
3 1249 5087 3995 0.119443
3 1249 1523 427 0.116555
3 1249 427 2819 0.168091
3 4077 4073 5328 0.286011
3 2379 5328 4073 0.332908
3 5028 5086 5274 0.259026
3 4645 5086 4063 0.288223
3 5086 5028 1851 0.164169
3 1851 5028 2388 0.251897
3 4227 2388 5028 0.240092
3 793 2442 4227 0.242155
3 2388 4227 2442 0.319407
3 793 5594 2442 0.325530
3 2413 5377 952 0.145002
3 5377 2413 987 0.101290
3 987 2413 4063 0.164857
3 567 2333 2905 0.102538
3 2100 2905 2333 0.061978
3 2905 2100 1951 0.057325
3 2905 1951 2792 0.040601
3 2905 2792 2408 0.042855
3 5454 623 42 0.175903
3 5794 42 2596 0.323202
3 3757 1275 2345 0.704399
3 2577 4011 311 0.366919
3 3980 1645 5733 0.449487
3 1645 3980 2234 0.423160
3 4417 4269 1501 0.152223
3 3787 1501 4269 0.120188
3 4417 1501 5831 0.219888
3 4478 4417 5831 0.257075
3 5831 1501 4002 0.264852
3 1557 1803 4547 0.367469
3 4547 1803 5364 0.314933
3 2852 5364 1803 0.313593
3 2150 703 4947 0.302136
3 5083 1557 5588 0.519787
3 3736 5510 5588 0.230180
3 5083 5588 5510 0.421722
3 5803 3736 4911 0.030381
3 4408 3393 5617 0.204252
3 5510 5617 5083 0.453561
3 3393 5385 5617 0.207864
3 5083 5617 1364 0.404169
3 5385 3393 1236 0.197775
3 1236 3393 726 0.121003
3 3393 3834 726 0.102959
3 4237 440 1424 0.037487
3 4237 1424 3834 0.059857
3 440 5425 1424 0.022333
3 5778 331 5674 0.023743
3 331 5778 5133 0.021557
3 362 5133 5778 0.014377
3 362 4636 5133 0.010992
3 5133 3829 945 0.005822
3 5340 1344 4533 0.008520
3 4921 4533 3766 0.009539
3 5743 4921 4030 0.010608
3 4550 5743 4030 0.011141
3 4821 5015 4030 0.052134
3 5015 4821 5546 0.080695
3 5015 1750 4550 0.028869
3 528 3217 2723 0.021956
3 1750 1498 525 0.070515
3 525 1498 321 0.105000
3 525 1864 391 0.086023
3 3217 391 332 0.038913
3 2686 335 1864 0.093935
3 335 2686 5124 0.045152
3 5124 2260 335 0.030677
3 5124 242 1537 0.032090
3 3476 1537 242 0.065759
3 3476 1235 1537 0.079542
3 1537 1235 4581 0.061331
3 1235 3476 1176 0.094123
3 1172 4865 3378 0.049154
3 3378 4865 2451 0.077424
3 4556 5295 1894 0.054213
3 4519 5295 4865 0.050697
3 377 2176 4519 0.068018
3 4519 5059 5776 0.082147
3 4761 5059 2228 0.052108
3 4022 3363 437 0.146056
3 2101 4595 437 0.111373
3 3287 4595 2101 0.113743
3 3287 1623 4595 0.103279
3 1623 3287 4180 0.136176
3 4180 4660 1623 0.186860
3 1422 2864 5374 0.223357
3 2864 5615 4481 0.147085
3 363 5724 5615 0.122986
3 5724 4481 5615 0.188114
3 4517 3625 3646 0.494459
3 3625 1746 2046 0.222051
3 4517 3646 3861 0.418120
3 3077 5216 417 0.416088
3 5379 5216 5053 0.631142
3 1041 4521 547 0.450586
3 1041 547 5053 0.781301
3 1668 2807 547 0.617338
3 547 2807 5053 0.749506
3 5053 2807 3428 0.822742
3 2744 1833 2807 0.713618
3 1833 4107 2807 0.839464
3 5641 3227 961 0.424558
3 961 3176 5641 0.278480
3 4411 5641 3176 0.106077
3 961 1850 3176 0.162673
3 381 4411 4556 0.063947
3 1469 4692 381 0.089903
3 4194 1469 1894 0.051815
3 4194 1894 1788 0.061201
3 1788 5355 4194 0.058437
3 5295 1788 1894 0.077454
3 1788 5776 5355 0.077798
3 4194 5355 1366 0.056043
3 5355 5776 4761 0.084580
3 1615 4761 2610 0.034863
3 1615 2610 373 0.035871
3 1836 4151 2610 0.035605
3 4151 373 2610 0.032085
3 1836 742 4151 0.039950
3 2162 2485 1727 0.081283
3 1727 2485 4988 0.085417
3 226 1727 4988 0.106671
3 226 4988 3166 0.118817
3 2407 4022 4988 0.084426
3 1727 226 1493 0.061495
3 1727 1493 5289 0.049606
3 1493 301 1763 0.053348
3 3355 1493 1763 0.047072
3 301 2584 1866 0.062459
3 301 1866 5242 0.068232
3 1866 2584 4595 0.103404
3 1866 1623 4660 0.150712
3 1763 5242 984 0.068108
3 2890 984 5242 0.083893
3 984 3355 1763 0.050078
3 964 1514 2890 0.118324
3 1514 2897 2890 0.138368
3 570 3567 964 0.153557
3 3567 570 4660 0.188473
3 3567 4660 5374 0.218069
3 4660 4180 5374 0.199578
3 4117 2681 1127 0.134972
3 2681 5374 1127 0.178206
3 1127 5374 2864 0.171965
3 4117 1746 822 0.128070
3 2911 1746 3625 0.340517
3 3625 4517 2911 0.535222
3 224 822 2911 0.277036
3 224 3084 822 0.183636
3 3084 2004 822 0.112330
3 224 4210 3855 0.633389
3 4210 4186 1670 0.840367
3 4186 4517 3861 0.673247
3 3861 3647 5216 0.175761
3 3861 5216 3365 0.292056
3 3365 5216 5379 0.283088
3 4678 4186 3365 0.471793
3 4107 1833 2994 0.784411
3 4194 1366 1640 0.045771
3 1640 1366 2748 0.044332
3 1640 2748 5786 0.110038
3 5786 2748 3650 0.095019
3 3438 1593 1201 0.033191
3 3438 1201 1553 0.034347
3 2045 4151 742 0.058883
3 1553 840 2348 0.040235
3 5643 4992 136 0.053296
3 4992 5643 4441 0.067330
3 4992 4441 2365 0.077770
3 2191 4441 3049 0.130208
3 3049 2897 2191 0.151665
3 2191 2989 2959 0.176658
3 2735 4117 2004 0.145342
3 3084 344 2989 0.138127
3 2959 2989 344 0.163037
3 3855 2994 3032 0.538069
3 476 3032 4646 0.168552
3 2994 1833 1399 0.493190
3 2994 1399 3032 0.377105
3 4646 3032 230 0.217627
3 230 15 5786 0.213425
3 476 4404 344 0.128627
3 344 4404 2959 0.158820
3 4404 4646 116 0.145749
3 116 4646 2714 0.159660
3 230 2714 4646 0.163044
3 2714 230 5786 0.195142
3 3650 951 1161 0.062951
3 951 3650 3007 0.052591
3 383 2748 1366 0.022578
3 383 1593 1950 0.035773
3 3007 3438 2627 0.044240
3 3438 2348 2627 0.047734
3 2627 2348 136 0.048811
3 1161 1059 116 0.153641
3 1059 4404 116 0.190286
3 4404 2365 296 0.137717
3 4441 2959 296 0.160156
3 4107 2994 3855 0.749193
3 4107 3855 1575 0.864330
3 1575 3855 2599 0.853781
3 2599 3855 4210 0.784952
3 3625 2046 4481 0.268646
3 3646 3625 4481 0.323302
3 2451 5503 3739 0.082387
3 4406 4082 378 0.005738
3 1883 4406 2891 0.003678
3 3718 1883 2891 0.004381
3 4406 991 1767 0.002296
3 3305 991 2854 0.002140
3 3305 2854 3442 0.003282
3 991 4239 2854 0.003690
3 3442 2854 2213 0.007868
3 5294 2716 1375 0.005855
3 3442 1375 2716 0.005755
3 1375 4157 5294 0.010409
3 4157 5263 5294 0.021759
3 4157 1375 3795 0.020766
3 3795 5753 4471 0.023218
3 4471 5753 4449 0.027002
3 4471 4449 5393 0.027935
3 5393 4449 4319 0.030627
3 1443 5753 2794 0.047291
3 2244 1443 1217 0.051564
3 1217 3764 334 0.084899
3 5249 334 3764 0.104180
3 334 5249 4777 0.087029
3 4633 1607 3404 0.256083
3 1738 4633 3404 0.219030
3 1103 640 4520 0.251359
3 4520 1271 3202 0.439385
3 5599 1408 1271 0.456169
3 1271 1408 5581 0.435654
3 3776 4298 1412 0.142081
3 5599 1412 4298 0.300508
3 5599 3300 1412 0.371659
3 3300 5599 5622 0.414164
3 5599 3900 5622 0.469350
3 5622 5106 3300 0.603185
3 3300 5106 141 0.512104
3 5432 141 5106 0.352812
3 5432 3771 141 0.328178
3 2194 4384 2140 0.067316
3 2888 4384 375 0.070636
3 419 2194 864 0.049555
3 864 3436 419 0.054977
3 3651 864 2194 0.040956
3 3436 864 3865 0.056011
3 5673 1962 2059 0.025791
3 2059 4747 5673 0.021913
3 3994 277 1566 0.121022
3 3590 5269 3444 0.146436
3 5269 5220 1255 0.220726
3 2739 3023 717 0.696538
3 3455 3158 5468 0.431884
3 1099 660 2634 0.267741
3 5003 2634 414 0.648791
3 5003 1101 2972 0.727213
3 3167 2028 5003 0.583832
3 2028 4485 5003 0.642521
3 5003 4485 1101 0.639406
3 2972 3455 5468 0.629267
3 5297 1064 5104 0.246031
3 3929 2163 5619 0.544634
3 1735 5619 940 0.566992
3 940 5619 1704 0.643905
3 3485 3649 4623 0.466641
3 3485 2293 1389 0.742305
3 4623 2641 2293 0.669423
3 3962 2293 2641 0.806147
3 4811 3962 866 0.878100
3 2641 866 3962 0.807871
3 4811 3991 5496 0.943095
3 5496 2257 3284 0.965200
3 2644 4598 2257 0.969843
3 3284 2257 4598 0.960778
3 2644 3443 1997 0.948880
3 1997 3443 518 0.951690
3 5009 5116 4019 0.920672
3 5116 5009 4674 0.862322
3 2409 3554 4019 0.904892
3 2761 4019 3554 0.925399
3 3418 5116 4674 0.738325
3 3554 2409 4730 0.835576
3 50 4054 3692 0.801268
3 4929 3692 4054 0.649878
3 3819 2695 1641 0.781769
3 3692 1641 50 0.752541
3 4350 4324 975 0.561956
3 2695 698 4324 0.697833
3 4324 698 1838 0.623787
3 4324 1838 975 0.417226
3 975 1838 4430 0.327454
3 5134 4350 131 0.822137
3 5706 4064 3570 0.466548
3 1497 2129 4482 0.548236
3 212 4482 2129 0.569275
3 1497 4655 5063 0.560312
3 5063 2129 1497 0.572446
3 5063 5368 2129 0.537420
3 4655 1381 5063 0.577034
3 5595 3981 1381 0.708803
3 4655 5652 5595 0.464423
3 5549 5652 5620 0.281976
3 5595 5549 1269 0.227708
3 2702 3882 2922 0.384513
3 2922 3882 4164 0.242395
3 5714 4573 4335 0.040045
3 5714 298 3232 0.125902
3 1741 3232 298 0.114379
3 3232 1741 3793 0.143915
3 3232 3793 3999 0.118285
3 4537 5087 3999 0.101817
3 3999 5087 2354 0.109358
3 4077 5328 2971 0.375932
3 5328 3489 2971 0.522772
3 2362 2379 1027 0.617415
3 1027 2379 2724 0.575529
3 4973 1868 2119 0.845803
3 5524 2119 302 0.953113
3 1868 302 2119 0.917426
3 302 1868 3839 0.906729
3 1496 4251 1868 0.779113
3 1496 2724 5274 0.480649
3 5454 249 4645 0.415359
3 5708 5794 1275 0.757278
3 4209 3622 2316 0.859852
3 2316 3622 4011 0.679342
3 3622 3757 4011 0.648916
3 2316 3969 372 0.801796
3 2316 3926 3969 0.749170
3 3969 3926 246 0.714175
3 2062 3969 3288 0.636905
3 246 3288 3969 0.632321
3 1645 58 3926 0.629401
3 58 1645 2628 0.552325
3 1645 2234 2628 0.515539
3 2628 2234 5705 0.454061
3 1446 4201 4368 0.257548
3 4417 4478 2151 0.230985
3 4417 2151 4201 0.147507
3 5364 3949 1686 0.175038
3 4249 5688 5185 0.431917
3 3702 65 3533 0.307932
3 3702 3533 1128 0.350153
3 65 2358 3533 0.256530
3 1364 2358 5083 0.364657
3 1557 5083 2358 0.370791
3 5385 2256 1312 0.124571
3 1312 2256 2198 0.128126
3 395 1312 2198 0.140889
3 2256 1236 569 0.122252
3 2499 569 2767 0.126925
3 3261 1636 3188 0.048349
3 3188 1636 2767 0.078876
3 2767 1636 2464 0.072011
3 3062 2767 2464 0.083289
3 3261 5425 1658 0.024662
3 945 2410 5425 0.008201
3 4254 5425 2410 0.009909
3 4254 4034 1336 0.008468
3 5644 5162 4332 0.007895
3 5322 4332 5162 0.015126
3 5162 4825 5322 0.028076
3 415 4825 5743 0.014975
3 903 415 528 0.017345
3 4550 528 415 0.012854
3 528 2723 903 0.019605
3 2635 903 2723 0.023654
3 4825 2814 5322 0.030110
3 2814 653 5322 0.036073
3 2635 977 2368 0.024947
3 332 2260 1993 0.024227
3 2260 2806 1547 0.020050
3 3782 184 5124 0.022717
3 5124 4581 3782 0.031770
3 4093 4581 848 0.052045
3 848 4581 2243 0.050306
3 367 2647 965 0.015550
3 965 2647 2487 0.014746
3 5302 2647 367 0.021982
3 5782 5302 2095 0.035289
3 122 2243 5302 0.042950
3 5302 2243 970 0.044219
3 5302 970 2095 0.051501
3 3480 2243 1235 0.065976
3 2451 4647 3378 0.090386
3 3480 1176 3060 0.080905
3 4647 3739 5806 0.039790
3 2329 707 2662 0.019136
3 707 3078 2662 0.022636
3 4139 3078 707 0.014953
3 3078 4139 5146 0.013081
3 4139 4082 3718 0.006533
3 3375 1508 2893 0.005235
3 5146 2893 1508 0.006642
3 3375 2891 3169 0.004190
3 3154 3169 348 0.002777
3 3432 2066 3924 0.006764
3 573 700 3924 0.006469
3 3924 700 5287 0.009924
3 3924 5287 5752 0.010727
3 5070 5263 5847 0.066183
3 4502 3917 3738 0.010649
3 3917 4319 2086 0.048849
3 2086 4319 4648 0.065148
3 4648 1646 2086 0.083017
3 5590 2086 1646 0.097412
3 1233 4449 5753 0.024229
3 587 2244 334 0.037739
3 587 334 4777 0.069126
3 4044 587 3346 0.068153
3 4777 3346 587 0.072807
3 1738 3404 3383 0.163068
3 1738 3383 1646 0.109592
3 3383 3404 3202 0.396916
3 5581 3202 1271 0.532664
3 1408 3942 5566 0.418563
3 5581 5566 5590 0.246337
3 4298 3776 3942 0.238737
3 3596 3942 3776 0.303714
3 3596 3776 2868 0.192966
3 2868 5653 3938 0.293787
3 3938 5653 5392 0.396698
3 4421 5667 2654 0.085632
3 2868 1117 5653 0.330555
3 1485 5653 1117 0.296642
3 1117 2868 3303 0.196439
3 3303 2661 1117 0.192558
3 2661 3303 3572 0.097220
3 2394 3115 3303 0.092287
3 3572 3303 3115 0.102862
3 2394 1412 3300 0.309621
3 2394 3300 3771 0.352989
3 3771 5802 2394 0.109434
3 5802 3115 2394 0.088524
3 2661 3572 4725 0.166074
3 4245 3539 5317 0.104275
3 4245 5317 1189 0.104879
3 5317 1454 1189 0.088318
3 375 1454 5317 0.090401
3 1454 3581 1817 0.170462
3 1817 3581 4102 0.203411
3 3317 1499 3581 0.113026
3 2433 1499 419 0.077355
3 3436 1267 419 0.089339
3 2433 419 1267 0.067219
3 2433 1267 3768 0.098377
3 620 127 5170 0.080029
3 5170 127 5640 0.081985
3 5170 5640 2602 0.126556
3 3865 5640 127 0.056381
3 3865 3977 5640 0.079986
3 5673 3994 2745 0.051433
3 5640 2159 3444 0.069987
3 2602 376 2551 0.160693
3 1120 5269 2949 0.375237
3 2551 5727 2602 0.293738
3 1549 2949 2561 0.492673
3 2561 2949 2739 0.618148
3 2561 2739 2254 0.784110
3 2254 5603 2561 0.391388
3 1156 717 3158 0.556218
3 5104 4997 5105 0.171800
3 5105 4899 1735 0.196972
3 5105 1735 1829 0.183558
3 3143 1829 3001 0.407501
3 1829 940 4141 0.450719
3 1829 4141 3001 0.505590
3 4141 4742 4735 0.842001
3 4742 1704 3877 0.909306
3 3877 1704 1389 0.862293
3 3877 2293 1653 0.908294
3 1653 1268 3877 0.955559
3 1823 4861 1987 0.915785
3 1718 1987 4861 0.935141
3 4861 1823 3122 0.915677
3 672 3122 1823 0.870460
3 4598 336 4606 0.949124
3 5522 2498 4982 0.989728
3 5522 4982 2386 0.983665
3 2386 4982 502 0.977131
3 2386 502 5483 0.965408
3 5483 502 2761 0.934840
3 5483 2476 1283 0.987254
3 2476 432 4050 0.950157
3 432 4730 1095 0.665187
3 1212 1095 3277 0.713558
3 1237 5116 3418 0.701935
3 1237 4054 3726 0.722255
3 4402 4054 50 0.867426
3 4402 1641 5217 0.895597
3 5721 4882 2434 0.887007
3 5721 2434 4168 0.840356
3 5134 4168 4350 0.804076
3 5134 1403 2698 0.942264
3 131 534 5134 0.887357
3 534 1403 5134 0.925357
3 4482 4206 2648 0.875265
3 1403 5600 2698 0.964701
3 4206 212 3504 0.704399
3 2986 5368 4413 0.590954
3 5264 1212 2855 0.889005
3 3599 3266 1229 0.908528
3 3266 4413 4294 0.764711
3 5616 3731 3981 0.840872
3 3981 2259 5616 0.850557
3 5549 5595 5652 0.345916
3 2259 4721 4283 0.773917
3 4721 2189 4283 0.796318
3 3155 4721 1969 0.741499
3 3155 1969 2982 0.786034
3 2982 1969 250 0.643204
3 316 250 1969 0.559433
3 250 316 3516 0.435465
3 316 5714 3516 0.345022
3 118 3195 3155 0.856162
3 3195 118 1708 0.785143
3 1708 2971 3195 0.769739
3 2354 1708 118 0.517396
3 2971 1708 4077 0.550899
3 3489 4771 2971 0.851990
3 3489 1171 4771 0.862024
3 1171 3489 2362 0.783912
3 4771 1171 1200 0.921301
3 1171 2119 1200 0.905694
3 1200 5524 5616 0.906080
3 3990 5524 1996 0.920431
3 5524 302 1996 0.915766
3 3839 5587 10 0.880169
3 4961 5633 3463 0.973999
3 3463 5633 2152 0.969079
3 3463 2152 4936 0.970736
3 4936 2152 183 0.976656
3 4209 372 4796 0.918081
3 1587 2752 2458 0.879378
3 1663 364 2062 0.629915
3 1663 1726 364 0.594935
3 2752 364 724 0.696331
3 1726 724 364 0.615115
3 1663 3288 3659 0.456633
3 3288 4096 3659 0.386634
3 4096 3288 3926 0.516842
3 2072 3947 2628 0.277942
3 5519 300 1114 0.266167
3 1114 300 1906 0.204387
3 1906 2676 1114 0.190927
3 69 3897 5199 0.136854
3 4745 3773 3897 0.107232
3 4745 1686 3773 0.128877
3 4745 1114 2676 0.215063
3 2676 1686 4745 0.135732
3 3613 3773 1686 0.118616
3 3613 1686 3949 0.130221
3 3949 4947 3613 0.167402
3 4947 1529 4500 0.300454
3 4500 3613 4947 0.170183
3 1529 5030 4500 0.277692
3 5185 3939 4249 0.393144
3 2607 5185 39 0.389868
3 5185 1199 1184 0.432885
3 5185 1184 39 0.433537
3 1199 5185 5688 0.541728
3 1128 3533 4949 0.292466
3 3533 4118 4949 0.279387
3 4949 4118 1884 0.232692
3 4949 1884 4695 0.269833
3 4695 1884 395 0.226547
3 4949 4695 4841 0.236130
3 4841 4695 4838 0.239556
3 558 5074 2499 0.089101
3 259 5024 558 0.134361
3 1891 558 5024 0.129111
3 3062 5024 259 0.059711
3 2464 693 3062 0.074131
3 2464 1302 693 0.069732
3 1302 3722 3578 0.076641
3 235 3578 3722 0.078288
3 1507 3722 1948 0.030437
3 1507 1948 433 0.022627
3 1507 433 1648 0.024615
3 1648 433 1336 0.013454
3 1648 1548 1507 0.013647
3 1507 1548 4989 0.018645
3 1507 4989 816 0.027157
3 2363 1076 2274 0.002793
3 1076 2363 3040 0.002984
3 4034 3040 2363 0.002179
3 4332 4696 3271 0.029586
3 4332 5322 4696 0.021868
3 5113 653 2214 0.038948
3 2214 1276 5113 0.032955
3 5153 2214 2368 0.040289
3 682 5153 1547 0.044597
3 5153 682 3373 0.041414
3 753 184 1324 0.024596
3 5153 3373 4225 0.034521
3 1605 1436 3373 0.030321
3 1436 2279 3373 0.044977
3 1436 1605 1324 0.022294
3 1324 5123 1436 0.011681
3 1324 3782 5123 0.017753
3 4093 5123 3782 0.020362
3 5123 965 2487 0.015813
3 1126 4750 3209 0.024229
3 4750 2647 2664 0.015937
3 1289 3016 3209 0.017772
3 3016 3725 3209 0.012207
3 3209 4956 1126 0.023129
3 1126 4956 369 0.017884
3 2770 2389 3725 0.011771
3 2389 2411 3725 0.011849
3 1197 3725 2411 0.010554
3 2770 704 2389 0.020554
3 704 4729 2662 0.024227
3 4729 5782 2662 0.041051
3 2329 2095 5056 0.034681
3 1468 4647 5806 0.034305
3 5056 1610 3672 0.026171
3 3078 805 2389 0.020750
3 1197 105 548 0.008700
3 4956 548 152 0.009871
3 105 1508 1134 0.006780
3 3375 4592 1134 0.006020
3 4592 3711 1134 0.003719
3 1134 3711 152 0.005573
3 3432 3924 5161 0.004986
3 5161 5752 4070 0.005761
3 5752 4977 4070 0.005984
3 649 4977 3664 0.005814
3 3664 5752 5770 0.004831
3 4538 983 1397 0.032340
3 2722 4116 4385 0.039201
3 4502 2722 5393 0.034157
3 4116 4502 756 0.016831
3 756 4502 3738 0.008993
3 4116 409 1155 0.020428
3 409 3206 1155 0.013925
3 3206 2107 5054 0.019770
3 2107 3738 59 0.016714
3 2107 59 3394 0.030023
3 629 4231 3543 0.167024
3 5667 3071 2958 0.081054
3 2958 3071 4486 0.042120
3 3071 5667 4421 0.074788
3 3655 2654 1520 0.092159
3 1147 1520 1702 0.129699
3 1702 1520 3976 0.198904
3 1194 3470 2251 0.221795
3 1485 1072 1754 0.363902
3 1754 1072 4426 0.325863
3 1189 4426 4245 0.143005
3 4725 4245 4426 0.141608
3 1189 1817 4426 0.214654
3 3713 3953 2582 0.127526
3 3208 3713 2582 0.080465
3 3208 2582 2275 0.088915
3 1609 3208 2275 0.083311
3 1609 2275 2433 0.072238
3 4800 1609 2433 0.054539
3 3768 5509 4800 0.158105
3 1927 4501 5509 0.136809
3 3827 1927 5111 0.155823
3 5509 5170 5111 0.111464
3 5727 4857 3827 0.290980
3 4857 5727 2561 0.373506
3 4857 2561 5603 0.180690
3 4943 5603 5455 0.437995
3 4813 5455 2762 0.416293
3 5603 3908 140 0.407947
3 5623 3908 5839 0.451680
3 5839 5227 5623 0.320014
3 5623 5227 4823 0.380423
3 3159 4823 3948 0.894572
3 1400 5612 2826 0.604416
3 4823 2826 5612 0.558325
3 3150 1400 1747 0.685351
3 4831 4583 5534 0.871193
3 1995 3249 2181 0.864047
3 4861 418 5266 0.920591
3 418 4651 5266 0.921711
3 4861 3122 418 0.946467
3 3122 4185 260 0.950472
3 4673 4185 3907 0.872168
3 4299 4606 5150 0.939845
3 4299 5150 3125 0.938470
3 1675 5244 220 0.986228
3 2498 220 5244 0.986294
3 220 2498 5522 0.991498
3 5522 5142 220 0.993231
3 5456 1905 1688 0.991004
3 1688 1905 2771 0.991813
3 2730 4050 5264 0.985635
3 2730 5264 1017 0.976950
3 2730 904 4487 0.984065
3 2375 2771 1 0.988233
3 3934 5225 2375 0.982378
3 2771 2375 5225 0.988574
3 3934 2375 4440 0.977034
3 5499 603 4440 0.989487
3 1749 2689 5299 0.998859
3 5299 2746 1795 0.945589
3 5299 4936 2746 0.979714
3 4936 4681 5298 0.993524
3 2746 4936 5055 0.957855
3 4936 3812 5055 0.970987
3 3812 183 812 0.981537
3 1926 812 1207 0.989194
3 1587 2458 154 0.933094
3 154 2458 1926 0.963444
3 154 1926 1207 0.984087
3 1770 3687 2758 0.484543
3 1534 957 2878 0.478676
3 957 724 2878 0.512277
3 2878 724 2815 0.434887
3 1534 2878 4109 0.289945
3 2878 240 4109 0.278940
3 5519 240 2878 0.295905
3 5199 4170 4109 0.122805
3 4170 5199 5840 0.089937
3 1387 981 3773 0.100524
3 5404 1732 3629 0.095463
3 3773 670 3629 0.112485
3 5404 670 3613 0.165714
3 5404 3613 1138 0.205826
3 5404 1138 5571 0.105076
3 5571 1138 5314 0.131786
3 5314 4500 5196 0.157156
3 2738 5196 5030 0.236499
3 2262 5039 2738 0.257919
3 2262 3939 4311 0.291972
3 4031 4240 5554 0.593297
3 2087 2471 2003 0.522486
3 4031 5554 2587 0.595937
3 2087 2003 520 0.527840
3 3832 2003 3020 0.417180
3 2003 2471 2235 0.414223
3 2003 2235 3020 0.462180
3 3139 4841 4838 0.213931
3 1178 917 1240 0.202078
3 4123 1240 3954 0.186963
3 4123 3954 5164 0.159621
3 917 4838 1240 0.233484
3 1240 4838 3954 0.174783
3 5164 1891 1332 0.140011
3 5719 3330 1891 0.084228
3 3330 1332 1891 0.094913
3 3062 693 5346 0.053108
3 5610 5346 505 0.069985
3 505 385 5610 0.031532
3 3578 235 505 0.039471
3 385 505 235 0.027458
3 4989 4657 5610 0.037181
3 4989 4409 4657 0.017450
3 4672 2571 4409 0.011573
3 4409 2571 1104 0.019887
3 2571 3979 3121 0.015936
3 1563 1315 3979 0.007971
3 1563 824 1315 0.006507
3 1563 4672 2274 0.007669
3 2291 1563 2274 0.005210
3 2067 3040 459 0.004715
3 3401 1210 459 0.024180
3 2067 459 1210 0.011743
3 3271 1263 3401 0.039637
3 3271 2105 1263 0.059043
3 3271 4696 2105 0.028492
3 1167 1263 1470 0.058148
3 1167 1470 3459 0.072742
3 988 1167 2856 0.053235
3 3852 2856 1167 0.043006
3 3852 3515 2853 0.063815
3 3030 1792 2913 0.066343
3 3515 3459 1774 0.094965
3 1276 591 5850 0.051299
3 591 4225 5850 0.069154
3 4225 3373 2279 0.033675
3 4067 2279 4587 0.021456
3 4571 4587 2487 0.012212
3 4587 4571 2195 0.012441
3 5598 4750 1126 0.017661
3 5598 1878 584 0.017919
3 5598 584 4438 0.016820
3 4438 584 5563 0.007038
3 1878 2018 2425 0.025838
3 1878 2425 584 0.015839
3 2018 369 4956 0.018379
3 1632 2048 5579 0.010680
3 1632 4066 1243 0.011698
3 1632 1243 315 0.012959
3 315 2048 1632 0.014073
3 1243 5006 315 0.012871
3 2048 315 1901 0.013370
3 5006 5187 4511 0.008738
3 5187 1243 4902 0.009172
3 5187 4902 283 0.006697
3 4070 283 5161 0.006478
3 808 3345 4511 0.009969
3 1975 649 944 0.019582
3 649 1975 4070 0.009164
3 649 4070 4977 0.008114
3 5749 1057 5005 0.028183
3 932 2604 2993 0.008118
3 2515 2432 2604 0.006832
3 2604 2432 96 0.005195
3 2604 96 2993 0.008142
3 96 2432 2636 0.006276
3 2432 3664 2636 0.004424
3 1656 4937 664 0.025732
3 664 4937 4723 0.025045
3 3267 1971 4916 0.024510
3 4538 1397 3201 0.028818
3 4116 1155 1920 0.032461
3 1155 5713 1920 0.042588
3 1920 5713 5182 0.048211
3 5713 1155 484 0.027628
3 4819 5713 3747 0.045519
3 4360 5713 5054 0.031770
3 484 5054 5713 0.031435
3 2520 4568 3767 0.028099
3 2706 2520 3767 0.022292
3 4568 2183 3767 0.056598
3 5569 2183 3655 0.054617
3 3745 1876 4203 0.117019
3 2064 3953 4846 0.171001
3 4102 1978 347 0.388929
3 1978 5577 347 0.384064
3 347 5577 1754 0.312287
3 2500 4244 222 0.392626
3 3693 4703 4244 0.291392
3 4244 4448 222 0.372171
3 4244 4703 4448 0.309825
3 4703 4501 4958 0.179788
3 2797 3159 1301 0.930795
3 3948 1301 3159 0.913958
3 2797 2762 5455 0.727358
3 140 5455 5603 0.603046
3 3948 5612 2168 0.953958
3 5471 2378 792 0.956445
3 2238 2801 1995 0.870619
3 5534 5026 3150 0.796433
3 2238 2181 713 0.911835
3 4651 2167 1659 0.910714
3 2167 4094 1659 0.878725
3 4673 1846 260 0.856931
3 4094 260 1846 0.856803
3 2330 4094 1846 0.776663
3 1846 4673 4220 0.703747
3 4220 4673 5241 0.578961
3 4512 4220 5241 0.279242
3 5112 5221 5801 0.850567
3 3125 5221 5112 0.918173
3 3125 1675 5221 0.965430
3 3028 5221 1675 0.965554
3 3770 3507 4514 0.969556
3 172 2437 3028 0.981879
3 2437 172 1799 0.988096
3 2437 1799 4229 0.988511
3 220 1799 172 0.992139
3 220 5142 1799 0.994621
3 1042 1799 5142 0.995311
3 1799 1042 2206 0.994025
3 4229 1799 2206 0.993354
3 1042 1186 244 0.991931
3 1186 3536 5342 0.988028
3 561 5342 5456 0.990125
3 5225 3934 1031 0.988028
3 3934 4147 1031 0.984654
3 4147 3934 861 0.982527
3 861 3934 4440 0.981418
3 861 4440 3089 0.979993
3 5448 3089 4223 0.952984
3 3089 1749 4223 0.966583
3 4147 4473 3006 0.989842
3 5103 4223 1795 0.928207
3 5448 5693 254 0.980343
3 254 5693 1624 0.991327
3 1624 5693 3875 0.989361
3 1624 3875 5604 0.977767
3 4704 1926 2458 0.978016
3 4704 1511 4434 0.947527
3 3568 636 4434 0.884281
3 636 3568 4686 0.844187
3 593 3568 3978 0.746982
3 3978 5231 593 0.757246
3 3978 4685 272 0.640498
3 3978 272 3036 0.649229
3 3978 3036 2023 0.738078
3 2026 4370 3987 0.519476
3 3687 406 5801 0.642727
3 4327 1771 5536 0.449943
3 4327 3477 1771 0.487392
3 1277 3477 2550 0.387929
3 3477 1770 4726 0.543358
3 2550 921 3883 0.388604
3 3872 4170 2230 0.086954
3 4170 5840 5663 0.064106
3 4170 5663 4879 0.064487
3 4879 1765 3278 0.068920
3 2130 1515 3253 0.012440
3 1620 3276 1515 0.013342
3 4935 1515 3276 0.016758
3 3276 3370 4935 0.018298
3 4115 3958 1131 0.126227
3 5085 3950 2907 0.240934
3 3950 3958 2395 0.302888
3 4398 4240 3899 0.426775
3 880 3899 4240 0.414813
3 1304 880 5231 0.511448
3 1584 5231 880 0.552294
3 4031 3329 1584 0.785511
3 3329 1626 4196 0.876357
3 3329 2587 5695 0.768387
3 2587 1506 5695 0.731800
3 1506 258 5695 0.863941
3 2480 1506 3832 0.656375
3 1929 2008 2691 0.951891
3 2008 5418 962 0.949074
3 5568 3802 2245 0.520639
3 5418 3020 3683 0.368661
3 3683 3020 2705 0.215444
3 1265 4525 3860 0.498930
3 3860 4525 1183 0.543609
3 3860 1183 5716 0.527380
3 5391 4677 1516 0.298414
3 1183 1216 176 0.400672
3 176 1216 3802 0.443289
3 3802 1216 4582 0.402157
3 1216 1183 4525 0.514266
3 3735 4707 3835 0.108058
3 3835 4657 3735 0.091586
3 3735 2136 1546 0.111913
3 3735 1546 132 0.140450
3 132 1546 4469 0.188623
3 4469 297 4979 0.158798
3 1546 2136 1104 0.083858
3 1104 14 1546 0.051502
3 1104 2571 14 0.024066
3 297 1546 3313 0.074544
3 3313 4979 297 0.101433
3 4979 3313 1306 0.097440
3 3313 5789 1306 0.045224
3 1315 2856 1287 0.018359
3 1181 1287 3574 0.043808
3 2853 206 4869 0.045141
3 2506 3030 3755 0.037545
3 3755 3514 2506 0.035488
3 929 3755 1352 0.049329
3 2096 1352 3755 0.057849
3 5850 3270 2096 0.068876
3 1282 2096 3270 0.057551
3 3270 5850 4737 0.088762
3 4067 3552 5827 0.074868
3 4067 4463 3552 0.053204
3 3552 4463 3805 0.040470
3 4463 2195 3423 0.014926
3 3423 5598 4438 0.012836
3 3925 4438 2405 0.004029
3 3508 2405 5777 0.001941
3 1270 4438 5563 0.003702
3 5515 5579 1071 0.010026
3 1071 5579 3 0.009702
3 2048 3 5579 0.009286
3 3 2048 939 0.012955
3 939 890 3918 0.007113
3 1901 5636 890 0.007899
3 4923 3345 1431 0.016140
3 1431 5650 2441 0.050227
3 2441 5650 727 0.058214
3 1242 727 5449 0.035577
3 5650 5749 5005 0.039831
3 4563 5650 5005 0.079175
3 4563 5005 768 0.121026
3 5005 5382 3982 0.019579
3 3491 3982 5382 0.008247
3 3491 4420 4932 0.010155
3 497 3491 4470 0.009573
3 497 4470 1656 0.016244
3 4937 932 2993 0.020303
3 1656 5476 3965 0.008900
3 5476 664 4723 0.012315
3 5476 4723 4819 0.012204
3 4099 5567 4554 0.012901
3 5567 5685 4554 0.012811
3 5567 4819 5685 0.011594
3 1447 4819 4723 0.024773
3 4819 1447 5182 0.052318
3 644 5182 1447 0.047878
3 5182 644 4916 0.037837
3 5182 4916 1193 0.039440
3 1193 3201 5182 0.055397
3 5685 1476 2469 0.021468
3 3417 5427 1214 0.023543
3 5427 2520 1214 0.023318
3 2706 1214 2520 0.022901
3 1226 4004 5638 0.094247
3 2673 5569 3520 0.122844
3 2673 3520 3910 0.084042
3 3910 3520 5114 0.101500
3 3910 5114 1551 0.092354
3 5203 683 4173 0.225352
3 211 1551 5114 0.266118
3 5203 2454 683 0.273886
3 683 2454 5114 0.441164
3 2454 5203 5538 0.305051
3 5203 3745 4203 0.135512
3 4173 3745 5203 0.209103
3 4173 1702 3745 0.169025
3 5203 4203 2079 0.168598
3 708 2898 2728 0.326722
3 2898 897 5428 0.413734
3 2898 4539 2500 0.271499
3 2898 2500 897 0.386268
3 2500 1058 897 0.333855
3 5158 5428 1058 0.510349
3 5158 1794 4305 0.421398
3 310 4305 1794 0.407824
3 5293 5158 4305 0.378044
3 4866 4305 310 0.401245
3 4866 3119 5002 0.229338
3 4086 3691 3119 0.186240
3 3691 4783 3119 0.221760
3 4813 849 3691 0.119437
3 1910 4620 2943 0.470181
3 4013 3099 837 0.591811
3 2943 837 5792 0.643782
3 837 3099 92 0.747191
3 837 92 5792 0.866367
3 92 3099 3211 0.924824
3 1586 792 2134 0.971874
3 1586 2134 2977 0.975431
3 4087 2977 4607 0.960877
3 4974 328 4607 0.857828
3 4974 2851 328 0.949421
3 4974 150 3558 0.743000
3 4161 150 876 0.689553
3 4161 876 4905 0.848975
3 2725 4161 4905 0.783298
3 2725 4905 713 0.889939
3 4161 4499 3558 0.532958
3 112 4220 4512 0.314504
3 5512 4512 1897 0.200428
3 406 2663 5801 0.611416
3 1897 5241 2222 0.298676
3 2663 5241 5442 0.477953
3 5395 1433 4700 0.282132
3 4700 1433 3615 0.269435
3 3615 12 2121 0.439576
3 354 12 5417 0.376658
3 2186 354 4942 0.410306
3 2331 1771 1453 0.493364
3 3857 1277 3883 0.193981
3 2230 4170 4879 0.085326
3 3857 3278 1395 0.075407
3 3857 1395 554 0.082774
3 554 1395 2266 0.152055
3 4942 554 510 0.215271
3 1627 4024 5437 0.052032
3 3220 1627 4115 0.066895
3 4115 1627 5437 0.051451
3 4057 4224 5692 0.338910
3 3899 1304 3164 0.491512
3 45 3164 1304 0.553072
3 45 2023 3164 0.572853
3 2865 3036 5262 0.744078
3 324 3036 272 0.578968
3 324 4370 4781 0.548043
3 1205 4343 4781 0.536474
3 4544 5479 5038 0.772996
3 5512 4527 4337 0.298323
3 3080 3611 4700 0.230387
3 815 804 4527 0.506018
3 2158 804 4343 0.514806
3 3349 815 1820 0.536518
3 1820 3009 3349 0.500182
3 5751 1903 5479 0.851010
3 3243 5479 1903 0.847889
3 1903 4008 2447 0.970828
3 244 5586 4690 0.992493
3 853 3511 3937 0.979208
3 5586 943 1257 0.982862
3 2711 1257 943 0.983866
3 943 2491 1031 0.980736
3 1031 2491 5225 0.989528
3 4143 3511 5429 0.989421
3 3511 4143 29 0.980329
3 3502 29 5604 0.981204
3 3264 3502 5604 0.966242
3 5604 1837 3264 0.930878
3 5604 3875 1021 0.975343
3 4704 4434 1021 0.964354
3 1021 4434 451 0.951771
3 5604 451 636 0.965162
3 636 2751 5604 0.954418
3 2751 3377 5604 0.947608
3 5591 4196 5748 0.815757
3 2691 2404 1929 0.959689
3 1331 3898 2691 0.879648
3 2154 2691 3898 0.953318
3 4637 2154 3898 0.942522
3 4637 3898 2649 0.917807
3 4072 962 3798 0.952618
3 271 4072 2990 0.984928
3 271 2990 2940 0.986162
3 2990 1540 5091 0.982467
3 5091 1540 758 0.919962
3 767 1540 5568 0.836461
3 5568 2398 767 0.817615
3 2245 2398 5568 0.723421
3 767 2398 1014 0.877830
3 767 1014 758 0.906906
3 2398 757 1014 0.871856
3 1014 757 1434 0.804631
3 2398 643 757 0.692330
3 1216 4525 5102 0.489857
3 4582 1216 5102 0.426406
3 2912 4525 284 0.473664
3 2733 284 1758 0.538463
3 4469 4711 132 0.191008
3 4979 1074 4469 0.259626
3 1758 4469 1074 0.351927
3 1074 4979 2078 0.366698
3 564 2727 3138 0.178580
3 1306 3138 2727 0.136788
3 3138 1306 5789 0.055722
3 3563 1181 2655 0.031673
3 3138 2655 2270 0.042191
3 1181 3574 2655 0.038568
3 2270 2655 5450 0.039178
3 2532 5450 4954 0.030514
3 5450 2532 2270 0.030322
3 2270 2532 5308 0.037230
3 1692 2532 3513 0.026894
3 2918 1692 3513 0.029453
3 1355 3513 2532 0.032470
3 1355 2532 4954 0.034927
3 4424 1355 3514 0.045648
3 4954 3514 1355 0.043523
3 1355 4424 4652 0.013717
3 4424 695 5704 0.022853
3 5704 695 929 0.022945
3 5704 929 4845 0.017735
3 695 3514 929 0.034744
3 2779 4845 893 0.014313
3 4845 1352 2490 0.028250
3 893 4845 2490 0.031203
3 2490 1282 4784 0.032766
3 5564 3270 4737 0.075005
3 5564 4737 3805 0.066671
3 5564 3805 4378 0.036840
3 4113 3353 5564 0.025007
3 1600 3353 4708 0.019836
3 5177 4113 3508 0.015190
3 5777 1863 1473 0.001783
3 1473 1863 3560 0.004757
3 3560 1863 4619 0.004065
3 4619 1559 3560 0.014349
3 1112 4619 1394 0.003142
3 3215 5470 4619 0.007202
3 3588 5470 5207 0.006844
3 1071 3 3666 0.010512
3 3 2461 3666 0.008995
3 2778 5470 3588 0.005619
3 5129 2778 4626 0.006827
3 800 4626 2778 0.007834
3 4626 800 5141 0.002658
3 800 3918 5141 0.003880
3 890 1413 3918 0.003834
3 3918 1413 765 0.003978
3 2116 1413 5636 0.009221
3 2116 5636 685 0.008644
3 1413 2116 2533 0.004560
3 5449 4218 1242 0.027237
3 4842 1242 4218 0.019098
3 4218 5180 4842 0.014118
3 768 2926 4563 0.129261
3 1796 4563 2926 0.080041
3 2926 768 4243 0.112036
3 3703 2926 4243 0.249307
3 4786 3703 5487 0.124695
3 865 2017 5487 0.052079
3 3965 1581 497 0.011249
3 5205 625 444 0.008665
3 2315 330 2802 0.026682
3 330 2315 2830 0.053019
3 2830 2666 330 0.086750
3 2830 2472 2666 0.088531
3 2830 2146 2502 0.088640
3 2502 2146 5473 0.053699
3 5779 5473 2146 0.038710
3 2146 1082 5779 0.044318
3 306 1082 2146 0.040667
3 1082 306 4099 0.018778
3 2315 4099 306 0.016602
3 4099 4554 1082 0.018073
3 4554 1010 1082 0.027723
3 4596 2469 134 0.039362
3 2706 3767 2935 0.038053
3 2935 1226 428 0.060527
3 5638 428 1226 0.076833
3 3910 2504 4306 0.048791
3 5638 4306 5775 0.062082
3 5582 2836 2504 0.037883
3 4306 2504 2836 0.038273
3 5775 4306 2836 0.042515
3 2117 516 1802 0.087811
3 3362 1802 5144 0.183305
3 5538 2356 3160 0.390485
3 4405 5349 5293 0.183485
3 4405 3959 5349 0.230779
3 4405 2289 3426 0.300103
3 3426 2289 532 0.268749
3 3186 5002 656 0.386726
3 656 5002 4783 0.332558
3 4286 3941 4175 0.710623
3 3295 2509 4667 0.764369
3 4667 2509 1251 0.848205
3 3295 5792 2509 0.892813
3 3211 1251 2509 0.928753
3 3255 4393 3399 0.982248
3 3255 4607 328 0.953422
3 4974 4474 2851 0.930746
3 3243 2447 980 0.902033
3 980 2447 5375 0.906127
3 5375 2447 4915 0.947279
3 4915 4748 4410 0.965569
3 4915 4410 5552 0.965525
3 2703 4410 2521 0.960883
3 4748 5219 676 0.974380
3 4150 676 3035 0.897471
3 3937 3109 3035 0.944017
3 3035 3402 4150 0.891314
3 17 4150 3402 0.897004
3 3185 17 3402 0.937782
3 3402 4142 3185 0.943332
3 3402 3109 4418 0.943618
3 3264 1008 5591 0.836451
3 2111 515 4637 0.921311
3 4142 2111 3185 0.954145
3 2111 2649 3134 0.902924
3 2111 3134 3185 0.939354
3 3134 2649 1597 0.947811
3 3134 1597 4701 0.965034
3 3717 2649 3898 0.978790
3 3898 3322 3717 0.976803
3 4072 271 1331 0.976127
3 3322 1331 271 0.977904
3 3322 5213 3717 0.982133
3 2940 160 3322 0.993114
3 5213 3322 160 0.994135
3 5213 160 4300 0.996738
3 160 2940 2118 0.995289
3 2940 1816 2118 0.991016
3 1816 2940 2990 0.981008
3 1162 1816 2990 0.979389
3 5091 460 5192 0.951812
3 2336 5192 188 0.971108
3 1014 460 758 0.944139
3 460 2832 5192 0.956131
3 5192 3719 188 0.953455
3 5166 390 1434 0.893220
3 1434 3056 5166 0.833341
3 1434 757 3056 0.839878
3 5102 2912 3056 0.629966
3 5166 3065 4091 0.817848
3 3065 284 2733 0.667088
3 2733 2078 237 0.709068
3 237 3675 2765 0.857133
3 237 2765 2733 0.819285
3 2733 2765 3386 0.852802
3 4751 3619 2727 0.534298
3 2776 5308 1692 0.037256
3 661 2776 1692 0.042332
3 661 4860 1570 0.100140
3 5555 1570 139 0.235876
3 2918 4860 661 0.054904
3 4860 2918 4383 0.054655
3 3513 4383 2918 0.023300
3 2335 4652 1958 0.004140
3 4424 5704 2811 0.007666
3 2779 2902 3053 0.005279
3 3730 4778 3053 0.022583
3 2490 4784 1045 0.042906
3 1600 764 1244 0.012900
3 1244 764 5759 0.014428
3 5759 764 931 0.016167
3 764 4708 931 0.015033
3 446 3051 1088 0.016939
3 4708 1088 3051 0.014993
3 1088 4708 5177 0.019509
3 446 5315 3051 0.008709
3 4708 3051 3975 0.010776
3 446 1088 1121 0.018474
3 1121 1088 2694 0.017771
3 5177 2125 1088 0.024542
3 2694 2125 2529 0.021765
3 2529 4924 2760 0.017452
3 2694 2529 2760 0.017868
3 2760 4924 2697 0.018480
3 430 1081 2697 0.011437
3 1112 1559 4619 0.008939
3 1081 430 1256 0.009324
3 1081 1256 1451 0.004480
3 1256 1394 5755 0.002806
3 862 5521 1293 0.001501
3 862 217 5521 0.001082
3 217 862 2382 0.002248
3 2382 862 5141 0.001162
3 1219 2533 1173 0.007637
3 5589 3093 4779 0.023518
3 870 5180 863 0.016582
3 870 863 2983 0.037464
3 4698 4218 5449 0.024459
3 4698 2328 41 0.059835
3 41 1638 4698 0.056743
3 2781 2328 1796 0.080944
3 2781 1796 5 0.063943
3 4931 1796 2328 0.028203
3 2781 5 1429 0.101381
3 613 1429 924 0.489621
3 5 2926 1429 0.207011
3 924 1429 3703 0.476626
3 613 927 5353 0.187656
3 2115 4712 1857 0.532626
3 4712 3047 1857 0.519196
3 4712 844 1908 0.498165
3 844 1080 4786 0.275863
3 1908 2894 128 0.045483
3 128 2894 645 0.043100
3 128 645 747 0.039239
3 747 645 1437 0.026585
3 3063 2017 1206 0.024595
3 3096 3063 2063 0.028970
3 4746 2063 3063 0.023481
3 4746 5132 4572 0.024325
3 2 5132 3421 0.025014
3 5132 5528 3421 0.046383
3 326 3063 1206 0.019331
3 326 4919 5528 0.033891
3 326 4734 4919 0.027289
3 5528 4919 4536 0.039437
3 4536 2666 5528 0.056827
3 2472 5528 2666 0.079197
3 5528 2472 3421 0.114302
3 2502 2769 1070 0.050223
3 2502 1070 3421 0.067436
3 2769 4427 1070 0.021688
3 3421 1070 5500 0.069487
3 701 5583 4806 0.010760
3 5583 701 4762 0.010817
3 4762 701 5473 0.016895
3 4596 2537 5779 0.035397
3 2537 4596 2935 0.022242
3 2537 5775 5779 0.031376
3 428 5638 5775 0.058508
3 948 3424 5583 0.006501
3 4234 3709 1410 0.018574
3 3709 169 4158 0.044812
3 5582 3362 4513 0.109519
3 4926 4513 537 0.067246
3 3362 2103 4513 0.100208
3 537 4513 3406 0.049027
3 1139 3406 4513 0.044320
3 5349 5144 2687 0.177784
3 1132 3163 1078 0.322219
3 3163 3959 4405 0.213809
3 3163 357 1078 0.251375
3 357 619 1078 0.348619
3 357 3186 619 0.398542
3 5701 3186 273 0.627679
3 4405 3186 357 0.313238
3 5701 273 4620 0.655468
3 5701 4620 1512 0.728504
3 1512 4620 1910 0.747199
3 4175 1844 4286 0.896930
3 973 4286 1844 0.930534
3 1251 1589 4667 0.935379
3 3399 4393 2951 0.976406
3 2951 4393 5488 0.986322
3 2951 5488 5097 0.981738
3 2951 5097 3214 0.966330
3 5097 1844 3214 0.953053
3 5067 1844 5097 0.958952
3 5097 5488 3095 0.985411
3 5488 4393 4274 0.986360
3 2406 2249 2790 0.967510
3 2406 475 4774 0.991371
3 1599 5552 475 0.987473
3 475 5552 4774 0.989179
3 4774 5552 4422 0.989992
3 4422 5552 3029 0.989522
3 4755 2521 1590 0.944758
3 5397 5788 1775 0.976192
3 5788 1590 2936 0.962354
3 4701 1597 5213 0.974005
3 4835 4701 5213 0.990590
3 4046 3742 2621 0.996749
3 3742 4300 652 0.998141
3 160 2118 4300 0.997159
3 4300 2118 5036 0.998205
3 5570 687 1386 0.985294
3 5570 1386 5651 0.983824
3 1386 2417 2337 0.970785
3 4570 1932 3719 0.975065
3 4570 2174 908 0.963584
3 1567 4012 5529 0.923939
3 2174 2832 4091 0.903925
3 2765 3874 2174 0.904702
3 2765 4461 3874 0.863617
3 3874 4461 5529 0.837484
3 5529 4461 995 0.822406
3 3765 3381 5529 0.812219
3 1567 5529 3381 0.897763
3 1567 3381 3347 0.895010
3 3347 3381 4029 0.896861
3 3765 995 2653 0.859639
3 2653 995 998 0.853862
3 995 5542 998 0.801425
3 5542 5402 998 0.838306
3 5812 2653 4549 0.723160
3 5402 4549 2653 0.797752
3 5542 3789 5402 0.716603
3 139 729 4847 0.312032
3 4049 4383 2252 0.101334
3 4049 2252 2192 0.249181
3 2192 2252 4699 0.196587
3 5731 4699 2252 0.153259
3 5731 3070 1530 0.049771
3 5731 1530 5197 0.080450
3 3070 1180 1530 0.030994
3 4889 1180 1911 0.034834
3 5089 1911 1180 0.022129
3 5109 5089 411 0.011849
3 5089 1753 411 0.007548
3 3070 3569 2051 0.017759
3 2036 1849 4594 0.003047
3 4594 3660 2036 0.002845
3 3660 4594 1953 0.002211
3 1980 4560 4594 0.002259
3 4560 662 2742 0.002300
3 1753 4560 1980 0.001980
3 662 4560 4652 0.001664
3 5157 4560 2742 0.002203
3 5157 5784 4560 0.002110
3 4594 4560 5784 0.002095
3 4594 5784 3639 0.003097
3 3975 2742 4621 0.002127
3 4621 1334 3975 0.002951
3 2742 662 4621 0.001709
3 1334 4621 54 0.003056
3 54 4621 2779 0.002084
3 4621 662 2811 0.002322
3 2811 3694 4621 0.002310
3 2779 4621 3694 0.002278
3 2463 1334 54 0.003754
3 2463 931 1334 0.005557
3 1334 931 4708 0.007295
3 5176 1417 513 0.003445
3 513 4978 5176 0.004027
3 5278 3331 2694 0.007957
3 5516 5278 761 0.005898
3 761 1451 4789 0.004556
3 3679 4605 1651 0.005803
3 4605 5303 2353 0.003789
3 4605 2353 1651 0.006646
3 5209 1219 4036 0.009447
3 1330 1651 4036 0.008689
3 1330 4779 2035 0.018355
3 2035 5190 3366 0.028555
3 5190 47 3366 0.030600
3 47 2297 3366 0.028406
3 2297 466 2514 0.018037
3 5190 5160 466 0.022787
3 5190 3093 5160 0.019899
3 5160 3093 1500 0.019669
3 4779 3093 5190 0.036463
3 1486 2933 1500 0.031617
3 1486 2283 2933 0.031483
3 2283 3301 1642 0.081933
3 3301 2983 4698 0.141636
3 1500 2933 4630 0.024142
3 3312 1638 3662 0.050148
3 5251 2690 5353 0.075436
3 1118 3494 2042 0.437792
3 5251 2042 35 0.225230
3 3494 2597 2042 0.626836
3 35 2042 5760 0.496216
3 3494 5194 2597 0.435795
3 1227 2597 5194 0.425797
3 2419 5194 3494 0.408788
3 2419 3047 4712 0.501935
3 2419 4576 741 0.249554
3 4576 1908 128 0.140087
3 5194 741 5384 0.322136
3 1830 3806 741 0.086682
3 5384 741 3806 0.133694
3 3806 3097 5384 0.111810
3 3605 1830 1437 0.064852
3 3605 1437 1715 0.040868
3 1437 645 2063 0.030311
3 2063 645 3096 0.026305
3 3605 3943 3806 0.061707
3 1525 3605 1715 0.039447
3 1715 4746 1525 0.029740
3 1360 1703 4572 0.061134
3 4572 3886 1360 0.039409
3 2 5500 3886 0.019716
3 1070 4427 5500 0.026625
3 3488 2334 5500 0.023908
3 3886 5500 2334 0.028690
3 2987 1380 1482 0.060887
3 1380 3488 4530 0.022630
3 4530 1482 1380 0.033175
3 4530 4955 1482 0.037839
3 907 3488 4806 0.017636
3 4806 5583 907 0.014414
3 4530 3868 1410 0.007934
3 3709 4158 1655 0.030259
3 1410 3709 1655 0.023339
3 2608 4926 2717 0.022266
3 4694 2717 4926 0.022049
3 2717 4694 5371 0.014850
3 5371 4694 2827 0.015175
3 2924 3406 3413 0.037019
3 650 106 2924 0.028598
3 3413 1093 5292 0.099341
3 1998 5292 663 0.110665
3 1093 663 5292 0.125452
3 1916 2785 1132 0.237757
3 663 1132 2785 0.242265
3 2785 1998 663 0.171412
3 3382 1916 4167 0.253783
3 1916 2025 4167 0.406761
3 3621 2016 3382 0.705068
3 1204 2016 1113 0.623502
3 2016 3621 2720 0.752577
3 1113 2016 2612 0.751246
3 2720 2612 2016 0.760902
3 2615 4995 2988 0.891957
3 2615 268 5678 0.906631
3 5678 5067 624 0.948425
3 624 5067 2863 0.954267
3 2863 5097 5710 0.990207
3 2271 5272 5488 0.964207
3 5399 2271 4274 0.908023
3 2076 563 4585 0.978962
3 563 2406 4654 0.980348
3 5736 4654 4774 0.991046
3 2708 5736 5466 0.990646
3 5736 1169 771 0.996542
3 771 1169 5446 0.996750
3 5446 1169 1579 0.997879
3 1579 1169 5543 0.994982
3 5543 4422 1904 0.990414
3 1904 4422 3029 0.993157
3 1904 4146 3940 0.989744
3 4146 3811 5768 0.987543
3 3811 4146 4755 0.986161
3 3811 5397 3843 0.983521
3 4266 598 53 0.944829
3 4564 53 5337 0.941693
3 53 598 5337 0.950577
3 598 3237 5337 0.952287
3 3237 1142 5337 0.968464
3 5337 1142 5502 0.979946
3 1142 3098 5502 0.980224
3 5502 3098 4856 0.979078
3 1142 4046 3098 0.994242
3 4046 2621 4379 0.996719
3 4379 2621 3853 0.998457
3 4856 4379 4377 0.995045
3 3853 4377 4379 0.997523
3 5631 2621 3742 0.999233
3 5631 3742 3668 0.999649
3 652 1831 3668 0.999624
3 5047 5570 5651 0.990811
3 5651 1611 5047 0.983616
3 1611 5651 4075 0.967675
3 4998 4293 4075 0.899480
3 4998 4075 3523 0.902162
3 4998 3523 219 0.920697
3 1932 4088 2417 0.979262
3 5545 2417 4088 0.982960
3 4088 1567 5545 0.985014
3 5545 3347 3141 0.969093
3 3141 5482 219 0.921736
3 3347 4029 5482 0.892357
3 5482 4029 3011 0.849843
3 3752 5812 339 0.667234
3 4994 339 5812 0.703648
3 339 4994 3340 0.705194
3 4994 1449 3340 0.570505
3 1449 115 3933 0.596801
3 115 4549 3933 0.606895
3 4549 3242 3075 0.747183
3 3075 3933 4549 0.636090
3 2976 1311 4149 0.489738
3 4149 3358 2976 0.532561
3 1311 170 4149 0.596684
3 3358 4149 2192 0.563086
3 3789 4149 170 0.585925
3 5731 5197 1580 0.352323
3 5197 4984 4541 0.141299
3 3075 4541 2799 0.324799
3 3531 4984 2547 0.103144
3 4984 1530 4889 0.059287
3 2920 4889 721 0.047309
3 2920 721 1945 0.048979
3 5109 343 2992 0.018058
3 343 1849 2036 0.008260
3 5572 4816 3639 0.001622
3 1953 3639 4816 0.000972
3 1953 4594 3639 0.002833
3 3592 3704 5791 0.001846
3 1871 3592 546 0.001120
3 3592 5851 546 0.002164
3 3592 4978 5851 0.004071
3 4978 5165 4498 0.005259
3 5851 4498 4138 0.002808
3 5851 2665 4129 0.001294
3 5851 4129 546 0.001216
3 4129 2665 3445 0.001116
3 3366 382 1404 0.018134
3 4138 4498 5453 0.005061
3 1959 1404 3679 0.011929
3 1959 2035 1404 0.026301
3 3366 1073 382 0.025119
3 3366 2297 1073 0.025871
3 1073 2297 4829 0.024967
3 3445 4428 2484 0.003459
3 1963 2109 4829 0.025291
3 1963 4829 1119 0.026855
3 1119 345 1963 0.025149
3 4829 503 1119 0.023223
3 1119 503 4920 0.016478
3 1196 4630 4727 0.017428
3 1196 4727 1699 0.011357
3 4630 1981 4727 0.025221
3 4727 1981 3475 0.024365
3 3475 1981 3662 0.053776
3 3662 469 3475 0.042532
3 3662 5251 469 0.048490
3 3475 469 5561 0.018223
3 4727 3475 5561 0.010899
3 5561 4307 3140 0.017255
3 5474 4307 2998 0.075268
3 1179 5474 35 0.137273
3 2998 35 5474 0.119747
3 35 2998 5251 0.119584
3 1179 5760 2110 0.338386
3 1227 745 3419 0.505051
3 1618 745 5384 0.308823
3 5384 754 2883 0.155502
3 5285 2294 749 0.068831
3 4494 1341 875 0.110853
3 5312 4494 4346 0.097356
3 875 4346 4494 0.087396
3 1967 4346 875 0.087587
3 1778 4346 1921 0.069589
3 1360 2334 1673 0.059373
3 1921 1673 2987 0.057612
3 2987 1482 3970 0.038357
3 3859 3970 1482 0.032098
3 5401 4955 3218 0.036188
3 2608 3245 4310 0.010197
3 997 3191 1407 0.010217
3 1407 3191 109 0.016158
3 109 3191 1517 0.017887
3 3191 106 1517 0.020566
3 1517 106 650 0.023186
3 1517 5292 4561 0.065694
3 1998 467 5292 0.160859
3 467 1998 2225 0.346707
3 2225 1998 3935 0.304967
3 1998 2785 3935 0.254979
3 2225 3935 1204 0.320623
3 5310 1113 3017 0.838061
3 1113 2612 3017 0.836600
3 5369 3025 2527 0.887084
3 4557 2685 5678 0.932420
3 935 4557 3796 0.942400
3 2863 4683 4557 0.924685
3 3796 4557 4683 0.950177
3 4683 5710 2418 0.979810
3 5710 5592 2418 0.991106
3 5466 292 2708 0.992112
3 5361 292 75 0.992318
3 5466 75 292 0.993196
3 75 5466 4558 0.989125
3 5446 5532 3856 0.994404
3 867 5389 5532 0.996456
3 5543 1258 1579 0.994666
3 1579 1258 867 0.996805
3 5389 867 1258 0.995885
3 5543 847 1880 0.989574
3 1258 1880 3600 0.992059
3 1880 847 894 0.986953
3 847 3940 894 0.987521
3 894 3940 895 0.982885
3 3940 5768 714 0.967228
3 3090 5768 4359 0.937779
3 3478 3090 4359 0.942118
3 3090 3478 5027 0.957006
3 3090 5027 5531 0.966118
3 4763 5215 1734 0.915103
3 5215 3478 1914 0.932053
3 1723 5215 1914 0.912932
3 1914 4687 1723 0.919797
3 3478 4564 1914 0.935845
3 4564 1725 1914 0.926483
3 4564 5337 1725 0.950317
3 1725 5337 413 0.962912
3 1725 413 32 0.961824
3 32 413 4301 0.966021
3 4856 4377 4255 0.977605
3 1611 1571 5047 0.992050
3 5825 1611 5381 0.979948
3 4075 3512 5381 0.949034
3 1030 2240 5381 0.969927
3 2240 1030 350 0.967260
3 350 2675 2240 0.979157
3 1030 1065 350 0.917647
3 350 1065 5765 0.949635
3 1065 3512 2942 0.900904
3 2942 3512 4075 0.917848
3 2824 2942 1279 0.871215
3 4998 5769 4293 0.837298
3 5769 5482 3011 0.880516
3 3597 5769 4551 0.500313
3 2376 3597 4551 0.462652
3 3268 4551 3011 0.718538
3 399 3268 339 0.749092
3 4029 3268 3011 0.820142
3 339 3268 3752 0.777089
3 399 3340 52 0.571597
3 1466 52 3606 0.431450
3 52 3340 3606 0.536002
3 3340 4447 3606 0.389378
3 1449 3933 4999 0.469105
3 3928 2547 3602 0.073968
3 227 5420 1250 0.014465
3 5420 2402 1250 0.004625
3 5420 227 1223 0.007731
3 1223 2974 5420 0.003956
3 5258 3746 4670 0.005205
3 1388 5580 3746 0.028924
3 5580 1388 3542 0.047345
3 2974 5258 4625 0.001477
3 5258 3641 2227 0.003968
3 2227 4625 5258 0.001962
3 2227 3641 1665 0.003405
3 3641 3037 1665 0.004768
3 2510 3641 4670 0.004542
3 2796 4010 3446 0.001401
3 3641 5258 4670 0.003556
3 3446 4010 4365 0.001359
3 4874 2796 1047 0.002074
3 4816 2796 3446 0.001325
3 4816 3840 2796 0.001603
3 1047 2796 3840 0.001699
3 986 2492 4129 0.000453
3 986 1855 2492 0.000534
3 1855 986 3706 0.001165
3 5233 3706 2484 0.001391
3 5233 2484 1797 0.001902
3 1797 2829 5233 0.002732
3 3823 345 4843 0.014153
3 5040 3197 5280 0.017731
3 1902 5280 2821 0.022849
3 3197 435 5280 0.014976
3 1089 435 5621 0.014528
3 3197 2077 5621 0.006449
3 2077 3197 1699 0.006759
3 1699 3197 5040 0.008884
3 5621 2077 5561 0.007365
3 121 5326 5540 0.042014
3 3140 5016 8 0.017942
3 5326 5016 1572 0.057617
3 1572 1347 5326 0.108560
3 5016 5474 1572 0.065495
3 4967 3257 2882 0.192417
3 3257 4967 3419 0.230403
3 3257 5329 2169 0.110822
3 2882 3257 2169 0.147445
3 4893 2882 2169 0.121869
3 4893 4494 3891 0.077961
3 3891 5312 4267 0.080487
3 1778 3970 3496 0.028548
3 4267 3496 288 0.040183
3 288 3496 4026 0.015374
3 3100 4026 4669 0.009853
3 4026 3100 4830 0.014736
3 3100 2231 3292 0.016492
3 2671 4669 1363 0.007483
3 5763 3859 4489 0.018099
3 1340 5537 3781 0.023307
3 3781 4310 1340 0.015552
3 1438 178 702 0.024509
3 4310 4025 3449 0.013969
3 4561 5169 5597 0.059359
3 3142 2225 5463 0.234655
3 5463 2399 4524 0.162291
3 2399 253 4524 0.223870
3 253 2399 1661 0.192230
3 1661 3031 253 0.209776
3 3031 1661 4363 0.425893
3 4363 5310 3031 0.731585
3 3751 5310 5838 0.825979
3 5838 979 3751 0.925701
3 979 5838 4922 0.965118
3 5369 4302 4922 0.950290
3 4724 2527 1396 0.954417
3 4758 2866 4389 0.952593
3 1396 3796 2866 0.942871
3 2674 2866 3796 0.948794
3 3796 1396 935 0.951966
3 4558 2674 1327 0.980896
3 4683 5361 2674 0.954594
3 5361 1327 2674 0.965288
3 733 4558 2573 0.992769
3 733 2573 5484 0.973206
3 5532 1925 4840 0.985044
3 5532 93 1925 0.983541
3 93 5389 3863 0.975006
3 5256 3863 1588 0.987270
3 5046 1832 894 0.975714
3 533 759 5684 0.975269
3 5531 5684 759 0.968659
3 714 5768 533 0.970579
3 759 533 5768 0.965476
3 5768 3090 759 0.959975
3 5460 5531 1019 0.949944
3 5531 5027 1019 0.953316
3 5460 1019 3487 0.935943
3 3487 5027 4855 0.965681
3 4855 3957 5200 0.913873
3 3957 4763 4382 0.970033
3 4382 4763 819 0.975595
3 4763 1734 819 0.937723
3 2390 819 1495 0.840707
3 819 3437 1495 0.788740
3 1495 61 349 0.775684
3 349 61 3822 0.792082
3 3822 3437 4687 0.744943
3 4687 3437 1723 0.854043
3 3822 4687 4940 0.854265
3 4687 1700 4940 0.850908
3 1700 4687 1914 0.887913
3 4270 4940 1700 0.903630
3 5502 5467 225 0.978505
3 4301 225 2542 0.976862
3 2675 5467 2530 0.987535
3 4052 4326 2237 0.936028
3 4326 323 994 0.923440
3 2237 4326 691 0.905532
3 994 691 4326 0.890943
3 994 2824 2791 0.853837
3 2791 1279 3587 0.750681
3 1279 4293 637 0.839073
3 637 4293 5769 0.823660
3 2376 813 2265 0.200818
3 4891 2265 3415 0.087684
3 3415 2265 4023 0.049632
3 813 4472 434 0.172301
3 434 4472 1338 0.095205
3 1338 4472 4805 0.070403
3 1338 4805 5341 0.063401
3 1466 1558 5341 0.075030
3 3606 4089 1466 0.264722
3 1558 1466 4089 0.178702
3 4089 421 1558 0.202022
3 3606 243 4089 0.380688
3 1182 243 4459 0.301050
3 243 3606 4447 0.414332
3 4459 243 4447 0.247346
3 2741 3631 2565 0.182882
3 429 3631 2741 0.209998
3 429 2741 5387 0.078058
3 5387 2402 71 0.007359
3 1350 202 71 0.002137
3 5387 71 202 0.006611
3 202 919 5387 0.010470
3 795 1856 1350 0.000624
3 5420 1856 795 0.001045
3 4625 3816 1856 0.000706
3 81 1856 3816 0.000605
3 1665 3037 992 0.003998
3 4788 3037 1595 0.002770
3 2510 1595 3037 0.002911
3 1532 4788 4839 0.002982
3 60 4597 3106 0.003528
3 4597 1047 3740 0.002709
3 3387 3740 4738 0.001432
3 3387 4738 4242 0.001265
3 4242 4738 3642 0.001317
3 1047 3840 3740 0.001362
3 2540 4242 3123 0.004346
3 3642 3706 4242 0.001541
3 3123 4242 1345 0.002892
3 1333 1060 3123 0.003245
3 2812 3123 1060 0.004385
3 1345 4569 1333 0.002885
3 4433 1333 4569 0.002870
3 5233 2829 4569 0.002222
3 4433 489 4616 0.005785
3 4433 4616 5541 0.009199
3 4616 489 1001 0.009206
3 4616 1001 1213 0.014873
3 794 5541 4616 0.011183
3 794 4616 1213 0.010331
3 794 1213 3359 0.013814
3 3359 1213 1902 0.018888
3 3359 1902 2821 0.017842
3 1213 4843 1902 0.019196
3 3359 2821 1568 0.020190
3 3359 1568 5738 0.029653
3 5081 2821 3110 0.039697
3 3177 2679 2954 0.055309
3 2954 2679 4456 0.039927
3 4456 3236 2954 0.054710
3 404 5670 4290 0.035779
3 2867 5540 1960 0.070709
3 2867 818 5540 0.052984
3 2369 1166 2867 0.081626
3 3343 2867 1166 0.061262
3 1166 642 3343 0.058550
3 1347 2882 2369 0.103057
3 2369 791 1166 0.050234
3 1166 791 642 0.063702
3 642 791 387 0.122107
3 791 4893 387 0.184949
3 387 1419 5376 0.138333
3 2606 5376 1419 0.133317
3 4893 925 1419 0.158492
3 1845 925 288 0.075246
3 1845 4830 4546 0.034029
3 4546 4830 1869 0.026396
3 2112 1457 1869 0.016184
3 2367 2112 72 0.011633
3 2367 72 3262 0.026211
3 3262 72 2231 0.013064
3 3262 2231 2671 0.014527
3 3262 2671 1438 0.013309
3 3262 2097 3873 0.036852
3 2367 3873 204 0.024466
3 3873 2097 2456 0.051697
3 2097 1438 2598 0.041478
3 2598 1438 702 0.028903
3 5169 2598 5597 0.053672
3 702 5597 2598 0.041774
3 5463 3756 5169 0.170115
3 5463 3127 3756 0.162474
3 5744 4766 3547 0.181792
3 4766 1160 4757 0.601764
3 3031 4757 1160 0.664750
3 3031 5310 4757 0.715083
3 5310 3751 4757 0.837050
3 807 2212 3132 0.943280
3 4321 2212 4922 0.930470
3 4321 4922 4302 0.907053
3 4321 4302 5301 0.854286
3 4302 2138 5301 0.917272
3 5301 3815 2127 0.952429
3 3815 4758 314 0.976316
3 114 2955 5049 0.983831
3 2955 114 4169 0.987530
3 4169 3002 2955 0.984409
3 4169 5424 3002 0.979980
3 5424 5256 2825 0.971767
3 2825 3002 5424 0.984321
3 2825 4133 3002 0.974569
3 3002 4133 3955 0.974490
3 4133 2600 5634 0.953208
3 5634 2600 779 0.960502
3 2600 839 779 0.984194
3 779 839 2808 0.980774
3 1588 285 839 0.984487
3 2808 839 285 0.979015
3 299 1854 3380 0.960940
3 1185 4171 5609 0.946863
3 4039 1185 5609 0.952068
3 1800 4968 4171 0.960222
3 1598 4880 1644 0.950583
3 2849 1598 1644 0.975971
3 5625 2572 2849 0.969063
3 5625 2849 605 0.957154
3 3323 4565 2448 0.929694
3 4565 5625 2448 0.935686
3 5245 2629 3259 0.948736
3 3259 2629 3323 0.948544
3 2448 5460 3323 0.936192
3 5200 3073 4855 0.934858
3 3944 5239 2135 0.780026
3 5239 4339 3222 0.838436
3 5239 3222 2841 0.776359
3 5232 4339 4382 0.911642
3 355 1843 5718 0.814333
3 2390 1495 5772 0.889270
3 3263 5772 1495 0.775311
3 5772 3661 5098 0.941459
3 5772 3538 3661 0.843579
3 2828 5257 750 0.868276
3 1102 5439 5257 0.923880
3 5439 1020 2542 0.960325
3 1102 4270 1020 0.942481
3 5439 2542 5467 0.969358
3 5439 5467 1647 0.949948
3 4228 3785 5491 0.910537
3 5606 5491 3785 0.939443
3 5606 3785 1326 0.920631
3 5491 4052 4228 0.932193
3 4228 4052 2237 0.882131
3 3591 4228 2237 0.817014
3 3591 487 4228 0.749502
3 4228 487 2055 0.826796
3 3785 4228 2055 0.879262
3 487 3591 781 0.601969
3 487 781 732 0.721316
3 781 3591 3171 0.614402
3 1460 5062 5459 0.556483
3 5412 1460 5459 0.431836
3 691 2934 5062 0.637538
3 5459 5062 2934 0.560772
3 5459 667 1560 0.459471
3 1560 667 4246 0.431108
3 667 3587 4246 0.482206
3 1560 4891 5459 0.400340
3 4891 5412 5459 0.309738
3 1560 4246 4891 0.314922
3 3415 353 3952 0.026758
3 353 3415 5722 0.025178
3 5722 1097 353 0.020912
3 1338 5240 3671 0.040497
3 4023 3671 3118 0.041377
3 3656 5240 1013 0.019598
3 5240 3376 690 0.011300
3 5240 690 1013 0.012753
3 3376 5611 690 0.013482
3 1013 690 2058 0.014853
3 5611 3376 279 0.017693
3 5611 279 2979 0.022144
3 2979 279 421 0.060360
3 5341 1558 3376 0.028937
3 279 3376 1558 0.034684
3 279 1558 421 0.076551
3 5611 2979 1477 0.034826
3 2979 4367 1477 0.052821
3 3131 2180 4367 0.144686
3 4089 1182 3131 0.214202
3 2180 3131 1182 0.194882
3 4195 4367 3631 0.060271
3 4195 3631 429 0.092608
3 4367 4195 1477 0.041183
3 1477 4195 2247 0.026704
3 1477 2247 5458 0.026093
3 2948 1376 2247 0.009377
3 2948 2247 4114 0.008194
3 4114 2247 586 0.004323
3 4114 586 5186 0.003762
3 919 202 586 0.011078
3 586 202 5186 0.005483
3 4114 3627 2964 0.003346
3 3627 2639 2964 0.002726
3 3627 3816 2639 0.001407
3 2964 2639 1665 0.002568
3 4782 1532 4836 0.006907
3 4836 1532 5304 0.006268
3 2964 992 4782 0.004295
3 4782 992 1532 0.005471
3 2420 4839 1231 0.002574
3 1231 3388 2420 0.002611
3 2540 2812 2539 0.004824
3 3916 3471 1604 0.003255
3 1604 3471 2157 0.003177
3 5128 4966 4773 0.008240
3 5128 4773 13 0.011178
3 4773 4966 4433 0.004725
3 2269 4574 5541 0.010738
3 4574 2269 5738 0.025752
3 5738 686 4574 0.032971
3 3177 2954 5081 0.068119
3 5081 2954 5734 0.070523
3 2954 3407 5734 0.071730
3 5734 3407 5461 0.057923
3 5813 5533 2512 0.082709
3 5370 3236 4456 0.043317
3 5370 1290 5533 0.089606
3 5533 1290 2512 0.103085
3 4361 1382 4534 0.133983
3 4361 2619 1382 0.110472
3 4007 2619 1707 0.136852
3 4007 1707 5675 0.185990
3 1707 4361 4009 0.144192
3 5485 4308 4260 0.093488
3 5230 4215 5493 0.247316
3 818 4291 4308 0.167543
3 2349 1810 1596 0.112163
3 1810 2349 5376 0.117214
3 5376 2840 1810 0.145303
3 2840 5376 3964 0.208560
3 5376 2606 2731 0.122010
3 3964 2731 3813 0.165388
3 3813 5472 3964 0.368405
3 3813 2731 4710 0.065663
3 4666 4710 5222 0.087966
3 2731 2606 4710 0.067102
3 5222 4710 4546 0.072836
3 4666 5222 5535 0.128456
3 5535 5559 2185 0.086579
3 4060 4235 705 0.042514
3 5273 4528 2701 0.086713
3 960 1974 3551 0.365767
3 3127 2456 3756 0.168183
3 3484 3127 5463 0.231917
3 3127 3484 5808 0.394455
3 3127 5808 3551 0.373798
3 5808 351 3551 0.342962
3 4523 3484 5744 0.262939
3 899 4523 5744 0.286565
3 899 5744 3547 0.241049
3 4248 3547 1782 0.149583
3 4061 3467 1628 0.319263
3 4083 1628 778 0.276834
3 4766 4757 607 0.654318
3 2212 4321 3132 0.905205
3 3132 4321 1613 0.859980
3 2562 5301 4962 0.866633
3 4962 3845 2562 0.837637
3 1613 2562 493 0.868355
3 842 22 4754 0.631782
3 4754 1728 842 0.617614
3 857 2127 1541 0.923552
3 857 1541 1022 0.939850
3 2127 3815 1541 0.950114
3 5520 1218 5804 0.971178
3 2122 3955 1789 0.944084
3 968 3955 4133 0.935246
3 1789 968 2692 0.859459
3 4477 2692 5634 0.904188
3 2640 4477 3309 0.922862
3 2640 3309 1003 0.897908
3 1003 3380 1854 0.919034
3 1185 4039 3289 0.902697
3 3289 1854 1185 0.883521
3 4039 2196 3682 0.904573
3 4895 4039 3682 0.876834
3 3324 2572 5625 0.926247
3 3324 1598 2572 0.941580
3 2572 1598 2849 0.962997
3 5625 4565 2374 0.879130
3 2374 4565 3779 0.864509
3 982 4565 2629 0.940698
3 5363 2439 1369 0.967201
3 982 5245 680 0.953409
3 5709 193 5798 0.843724
3 5798 193 1239 0.758898
3 1100 1239 2841 0.772602
3 1100 194 1239 0.759823
3 194 1100 4078 0.751454
3 1100 4770 4078 0.774389
3 3222 2961 4770 0.821219
3 3222 355 2961 0.853964
3 2961 2594 3869 0.660922
3 124 2594 2055 0.796798
3 1371 2055 2594 0.824801
3 38 5232 2496 0.918677
3 5718 38 1326 0.908239
3 2496 1326 38 0.928940
3 5439 5098 3661 0.923453
3 5098 1647 2496 0.927879
3 3785 1371 5718 0.875687
3 4191 2906 124 0.688729
3 2594 124 2906 0.677233
3 3869 2594 2906 0.614021
3 124 732 4191 0.768130
3 4443 407 4191 0.456104
3 407 4443 2892 0.391506
3 4443 781 3171 0.518242
3 3171 4120 4506 0.664542
3 3171 4506 3749 0.672576
3 5639 4120 1460 0.570655
3 3903 5639 5090 0.204256
3 5358 5090 3952 0.033219
3 1385 5373 1035 0.002429
3 5373 5255 1035 0.003424
3 1035 5255 5159 0.006471
3 5255 5722 3894 0.017770
3 5722 3118 3490 0.021876
3 4790 3490 739 0.012813
3 1013 928 3705 0.019074
3 5766 928 882 0.009898
3 928 1013 2058 0.013905
3 882 928 1574 0.010017
3 2058 1574 928 0.012992
3 4284 5458 3256 0.028383
3 4284 2937 1574 0.019226
3 2937 3256 5304 0.012744
3 2715 2415 630 0.006739
3 2715 630 1952 0.005092
3 630 2420 1952 0.005150
3 1952 2420 3388 0.003729
3 2224 615 1952 0.002182
3 2715 1952 615 0.006024
3 615 5766 2715 0.010270
3 615 2224 5388 0.005175
3 3026 5388 2224 0.005919
3 4212 3471 5128 0.004510
3 13 936 5128 0.013459
3 5235 393 4484 0.011033
3 2729 126 393 0.016915
3 126 2729 2355 0.020610
3 2729 3501 2355 0.014201
3 2355 3501 2327 0.022222
3 2773 5076 2327 0.042887
3 2355 3396 126 0.031936
3 3396 5734 126 0.046793
3 393 5461 4484 0.016759
3 2512 2656 3998 0.118922
3 2512 1198 2656 0.104890
3 5813 3998 4092 0.110170
3 2656 1253 3697 0.047463
3 1484 3750 133 0.032440
3 1253 531 4247 0.089431
3 531 1198 4833 0.127224
3 531 1458 4247 0.137319
3 4247 1458 2172 0.109058
3 3701 5334 4526 0.071073
3 4526 5334 5422 0.093806
3 5422 4257 4526 0.107363
3 5422 1848 4540 0.107228
3 4540 1848 80 0.078264
3 80 1848 4534 0.129848
3 80 1382 4540 0.112560
3 236 4257 5422 0.136047
3 1721 4638 4333 0.233347
3 2031 4207 5493 0.212240
3 4333 4007 3866 0.288286
3 2580 5675 2944 0.231495
3 5493 2944 5230 0.258250
3 5675 3315 2944 0.253081
3 3772 797 1281 0.108810
3 2944 3315 5365 0.283773
3 4933 1790 4904 0.263637
3 4322 2001 4904 0.189855
3 5493 2840 2031 0.216340
3 2031 5472 4207 0.303516
3 4207 4600 5436 0.360441
3 4207 5472 4600 0.380452
3 5715 2185 1328 0.240376
3 5559 2701 1328 0.155773
3 30 1328 2701 0.166204
3 2701 1814 30 0.141258
3 1425 30 1814 0.184709
3 5535 810 3930 0.093049
3 3930 810 368 0.084352
3 810 4060 705 0.045239
3 810 705 368 0.056502
3 901 5273 3930 0.089136
3 3258 5130 825 0.264986
3 1689 2980 3258 0.204279
3 5151 4589 1689 0.247792
3 291 4589 5151 0.306538
3 2338 4715 291 0.264179
3 5819 5305 2338 0.160315
3 2984 2338 5305 0.159748
3 3638 4273 1066 0.112016
3 622 5305 5130 0.146063
3 5130 4853 1129 0.178612
3 4853 4352 1129 0.177428
3 1710 2450 5001 0.048379
3 2980 2528 5001 0.062424
3 218 1639 1085 0.080682
3 1085 1639 5163 0.070594
3 2373 1426 3175 0.153544
3 1970 4714 3338 0.218386
3 4714 5774 3338 0.127824
3 4714 4454 684 0.101638
3 5774 684 2000 0.129529
3 90 4454 1861 0.102644
3 90 1861 5767 0.113124
3 3700 4454 248 0.099760
3 3700 248 3638 0.086945
3 248 4454 3983 0.107572
3 248 3983 3638 0.118687
3 4352 2450 4769 0.117991
3 4769 2450 1710 0.065184
3 1232 4939 1710 0.063663
3 4939 4769 1710 0.060907
3 191 3904 1232 0.061634
3 4211 1232 3904 0.040341
3 3904 5632 4211 0.038803
3 3904 191 3335 0.027613
3 3335 2613 3904 0.035783
3 2613 3335 3083 0.036091
3 3335 2528 1999 0.032675
3 3335 1999 255 0.057995
3 255 1999 1885 0.061434
3 2528 3064 1999 0.027697
3 1885 1999 218 0.068671
3 255 1885 2904 0.061605
3 255 2904 3083 0.049203
3 1885 5188 2904 0.078822
3 5188 1885 4588 0.181299
3 4588 3041 5188 0.288924
3 1885 218 2493 0.185791
3 4588 2493 420 0.342890
3 218 1085 2493 0.190591
3 420 2493 5350 0.294027
3 1085 5163 4872 0.082117
3 1085 4872 3052 0.286530
3 3052 3216 1528 0.300970
3 171 4446 3192 0.227065
3 171 3548 4446 0.174505
3 923 4446 3548 0.140213
3 923 1970 529 0.119174
3 4407 3219 4189 0.298522
3 3338 5223 1970 0.211366
3 3338 4476 5223 0.170848
3 3338 1261 5526 0.183384
3 2000 5767 3830 0.092050
3 5707 5767 4317 0.073371
3 5707 4317 2901 0.055423
3 5767 1861 4317 0.061714
3 2144 1519 3700 0.104396
3 1519 2144 4352 0.090790
3 4352 4769 1519 0.101646
3 4211 5632 1273 0.027058
3 3904 2613 3411 0.032508
3 3411 2613 3967 0.022340
3 3411 3967 5327 0.023415
3 5557 2613 3083 0.031495
3 3083 2904 5557 0.039555
3 3283 5557 2223 0.052846
3 2223 3033 3283 0.054865
3 2904 2223 5557 0.034666
3 2223 3828 3033 0.069879
3 1693 5020 3283 0.045744
3 1693 5051 5020 0.041487
3 241 1693 4288 0.143884
3 3033 4288 1693 0.101776
3 4288 5154 241 0.189916
3 5154 4288 4432 0.194229
3 3033 3828 4288 0.146114
3 1325 2668 2592 0.835735
3 1728 1141 3041 0.598784
3 1141 3828 5188 0.346691
3 1141 5188 3041 0.355669
3 2160 1728 4754 0.844832
3 4754 49 2160 0.898553
3 4754 4962 857 0.853429
3 49 4754 857 0.913042
3 49 2188 2160 0.921565
3 2188 49 1022 0.944756
3 2592 2188 1218 0.947494
3 1022 1218 2188 0.943131
3 4432 1325 1432 0.538044
3 1745 1432 1325 0.754505
3 1432 1745 5607 0.786949
3 5607 4491 1940 0.830511
3 5607 1940 5338 0.688679
3 1940 5520 5338 0.878487
3 5338 4344 646 0.746577
3 646 4344 5234 0.700651
3 4644 1130 2692 0.786874
3 2692 4477 4644 0.831039
3 2879 2696 4644 0.776290
3 470 2879 1049 0.788035
3 470 1049 3311 0.732869
3 725 5084 4895 0.836055
3 725 1643 4376 0.823249
3 1494 2481 4256 0.754115
3 4256 2481 3324 0.836970
3 4256 44 3318 0.454976
3 44 2374 3318 0.612703
3 3318 2374 3779 0.673442
3 2374 4256 5625 0.812976
3 3318 3779 1339 0.787406
3 5363 4020 5228 0.896651
3 5228 4020 234 0.773528
3 540 4020 1420 0.671566
3 540 1420 1935 0.462977
3 5201 2960 5066 0.805816
3 2960 5363 956 0.953963
3 3113 3984 1369 0.885183
3 1369 3984 956 0.912236
3 2199 2884 3984 0.805804
3 3984 2884 2071 0.849273
3 3984 2071 956 0.921197
3 2071 4000 5066 0.696809
3 2199 3774 2884 0.792950
3 3774 2199 5709 0.841177
3 3774 5709 155 0.800609
3 3774 155 4182 0.766146
3 4182 4490 3774 0.759091
3 4182 5798 1444 0.637758
3 4490 4182 2470 0.695280
3 5372 3786 2470 0.749304
3 3786 4490 2470 0.810025
3 5372 3658 3786 0.701789
3 3786 3658 2444 0.700251
3 2444 3658 3234 0.657433
3 3234 3658 3869 0.727899
3 4078 4770 3869 0.741777
3 1048 566 4191 0.624282
3 1048 2660 5247 0.409974
3 3234 5247 2444 0.546792
3 2660 4628 5247 0.388307
3 2444 5247 1678 0.659090
3 4628 5773 4313 0.304493
3 4313 5773 5065 0.406570
3 2892 2455 5773 0.408846
3 5773 3336 5065 0.496522
3 2623 3336 4963 0.797843
3 3244 4885 4873 0.481025
3 3244 4873 26 0.398715
3 26 4713 3244 0.364712
3 5639 3903 4713 0.250685
3 4507 3903 3879 0.007985
3 4507 746 3903 0.012653
3 3903 746 4713 0.078993
3 746 4507 2563 0.005280
3 746 2563 2200 0.007972
3 4760 4507 5423 0.003088
3 3879 5423 4507 0.002055
3 3879 4303 5423 0.002969
3 3334 4303 3879 0.009801
3 3334 5358 4303 0.007511
3 4303 5358 5373 0.006895
3 4303 5373 192 0.007995
3 4347 1858 5423 0.002815
3 356 5373 1385 0.001800
3 356 1385 4202 0.002678
3 1342 4202 2438 0.005438
3 5159 2438 4202 0.004426
3 5159 3894 3699 0.007060
3 2438 3699 62 0.003152
3 2707 62 3699 0.004581
3 739 4957 4790 0.023839
3 209 4957 2667 0.031300
3 2667 4957 1852 0.024947
3 1852 5388 1801 0.016546
3 2667 1801 1318 0.021674
3 5388 3180 1801 0.017989
3 1318 1801 2351 0.018803
3 718 2094 2351 0.020981
3 2094 133 5498 0.033498
3 5498 3750 4577 0.119555
3 5498 4577 492 0.064119
3 4577 4460 492 0.083041
3 492 4460 2549 0.046985
3 1931 4577 5193 0.203370
3 5193 4577 4247 0.274199
3 2956 2172 3498 0.668066
3 1294 3824 3701 0.120384
3 3701 4526 5697 0.119779
3 4526 769 5697 0.161335
3 5697 769 4953 0.283155
3 769 4257 3956 0.208119
3 769 3956 4953 0.273968
3 1936 946 1148 0.226262
3 946 1721 1148 0.212936
3 1721 4333 1148 0.258390
3 5436 4600 3821 0.352665
3 5526 4876 3620 0.226049
3 5774 1712 5796 0.175534
3 4876 5796 3620 0.212293
3 1712 36 5796 0.269728
3 3620 5796 1936 0.314213
3 36 4795 5796 0.232915
3 5796 4795 2516 0.247104
3 2516 4795 5127 0.071530
3 2352 2945 4795 0.111257
3 5637 4795 2945 0.024026
3 3681 5637 2945 0.040535
3 2945 2352 3830 0.077524
3 3830 1867 2945 0.055607
3 3571 1867 5707 0.021330
3 3571 4480 1867 0.013778
3 4351 2272 1383 0.018746
3 1383 2272 627 0.016820
3 3608 4317 4342 0.014141
3 5276 3086 1556 0.013511
3 5276 1556 4627 0.013306
3 3086 1143 1556 0.008794
3 1143 3086 3555 0.005212
3 1143 3555 3341 0.004051
3 3341 2710 1143 0.003937
3 3341 3555 3224 0.002394
3 2020 3224 3555 0.003191
3 2020 1887 3224 0.004373
3 1887 2020 5632 0.008020
3 5632 4051 1887 0.019098
3 1976 2108 1887 0.017328
3 1976 5327 2108 0.019218
3 1463 5327 2049 0.040927
3 3967 4122 2049 0.039473
3 4122 5020 468 0.036834
3 3951 468 5020 0.038229
3 2165 1077 2896 0.049526
3 2165 2896 1317 0.029743
3 1317 2896 2360 0.030596
3 1077 5051 2896 0.053318
3 2475 5154 396 0.054801
3 396 4814 2475 0.041801
3 4085 2475 4814 0.036247
3 5154 4432 396 0.104603
3 4432 4768 396 0.076503
3 396 4768 4814 0.050159
3 4814 4768 2426 0.058892
3 2426 4768 770 0.100103
3 2426 770 3280 0.061404
3 3198 3280 770 0.066015
3 3198 1135 2308 0.125465
3 1135 1886 2308 0.141359
3 2696 5234 4644 0.729315
3 2696 470 3061 0.566239
3 1535 1215 3061 0.587326
3 1535 3311 1144 0.655491
3 1535 1144 3054 0.755630
3 1144 1731 3054 0.779954
3 3054 4965 5014 0.480712
3 147 1442 5228 0.690978
3 147 5228 234 0.643002
3 5441 4743 5325 0.343124
3 1538 5007 4048 0.275299
3 2997 821 5291 0.465849
3 398 4000 2884 0.701909
3 5007 5066 4000 0.475229
3 2884 776 1678 0.637684
3 1678 776 2444 0.613587
3 3786 2444 776 0.694760
3 4364 2997 4313 0.334585
3 2997 5291 4628 0.485254
3 4313 461 2040 0.254285
3 5729 5065 2916 0.555336
3 5729 2916 5514 0.474968
3 5514 4662 5729 0.355956
3 5514 2970 1630 0.832711
3 4214 1630 909 0.905469
3 4214 909 4824 0.821664
3 1630 2970 3589 0.873080
3 1630 3589 909 0.926143
3 4824 909 4038 0.870857
3 1203 1696 4963 0.930451
3 1203 600 1561 0.952574
3 1561 600 4885 0.869686
3 1510 4038 3603 0.947680
3 5793 5193 142 0.766260
3 4038 2091 4824 0.881289
3 4824 2091 1614 0.911261
3 4824 1465 1483 0.635728
3 4824 1483 3416 0.560417
3 2975 3094 4279 0.289653
3 4279 5697 2975 0.217244
3 5697 4953 2975 0.262747
3 4953 3956 1461 0.296041
3 4953 1461 1390 0.369956
3 2536 4736 4953 0.301380
3 4736 2536 5250 0.094848
3 1390 2516 2536 0.191095
3 5127 2536 2516 0.097487
3 2321 5127 1487 0.049606
3 2321 1633 5136 0.041529
3 5136 3630 2321 0.092323
3 4609 161 325 0.070810
3 2566 1487 4304 0.045554
3 4480 2704 3681 0.021397
3 4716 3681 2704 0.016410
3 2435 2704 4480 0.012027
3 2704 2435 4351 0.012837
3 3732 1923 2871 0.042725
3 3732 2871 3537 0.028147
3 2871 1143 3537 0.019694
3 1923 3732 4222 0.062897
3 3732 2822 2049 0.046276
3 2822 3050 1463 0.016496
3 2822 1463 2049 0.043674
3 3732 2049 4222 0.052572
3 4222 2049 4122 0.049394
3 4222 4122 468 0.055849
3 4222 4960 4451 0.073923
3 4222 4451 1923 0.056776
3 468 3951 4960 0.077141
3 2178 4960 2165 0.117790
3 3951 2165 4960 0.059464
3 2165 1317 2178 0.058540
3 2360 4907 1317 0.021508
3 1769 4085 3800 0.025478
3 1769 3800 3173 0.061866
3 4085 5095 3800 0.019963
3 3800 3801 3173 0.060373
3 3800 5095 4154 0.034242
3 4154 2304 3801 0.043174
3 3801 2304 4792 0.089417
3 4792 3061 3801 0.140481
3 1052 1150 1535 0.444700
3 1215 1535 1150 0.382185
3 1150 1052 1785 0.415596
3 1785 1924 1150 0.364709
3 1785 5014 5045 0.357047
3 5206 1539 5300 0.369252
3 5300 1539 3014 0.209679
3 1919 1351 4314 0.035205
3 5325 3724 1351 0.098943
3 4314 1351 3724 0.063033
3 5325 5642 3724 0.109077
3 5642 4896 472 0.139957
3 5022 4341 3759 0.125706
3 5729 1163 5022 0.109780
3 1163 4662 1007 0.063468
3 2393 1007 2593 0.046189
3 2593 1007 3431 0.034294
3 3431 4662 2777 0.110989
3 2777 5031 3431 0.166258
3 5514 1630 4214 0.822014
3 5250 3630 3905 0.078473
3 3431 3630 2593 0.042075
3 2393 2593 325 0.123823
3 5136 325 2593 0.113557
3 325 161 2393 0.126584
3 3111 2393 161 0.110250
3 3111 871 3724 0.071280
3 3111 161 871 0.079537
3 161 4609 871 0.067930
3 4278 1116 2178 0.057009
3 4609 4278 2299 0.039265
3 2299 4278 4907 0.038891
3 1317 4907 4278 0.030248
3 5513 3392 5330 0.091890
3 5513 5300 3392 0.097680
3 2749 3173 1924 0.090390
3 3632 5229 3524 0.245257
3 5513 5229 5300 0.195020
3 1919 5330 3392 0.054433
3 5330 1919 4314 0.053041
3 2299 4314 4609 0.049395
3 4304 4451 1288 0.063726
3 3681 4716 5637 0.029296
3 3050 3341 3224 0.003636
3 1931 5193 5793 0.538251
3 4752 5498 2549 0.020250
3 1472 2200 4295 0.017226
3 62 2707 4760 0.003937
3 4507 4760 2707 0.003589
3 2071 5066 2960 0.858908
3 5818 3219 5223 0.200150
3 5818 4189 3219 0.272468
3 1814 5156 5507 0.257078
3 796 5156 960 0.410566
3 796 351 2736 0.386243
3 2736 1221 796 0.345914
3 2736 483 1221 0.321841
3 666 2736 2232 0.358827
3 666 2232 4083 0.241612
3 666 1992 1096 0.242219
3 1096 1992 5152 0.259774
3 1096 5152 420 0.269601
3 5152 4588 420 0.320130
3 5152 22 842 0.408907
3 5152 842 3041 0.330099
3 3052 1528 4181 0.263016
3 2081 1528 902 0.229199
3 902 4733 2081 0.224755
3 4584 5246 2834 0.282153
3 5507 5156 5246 0.250905
3 5246 1221 2834 0.326078
3 2834 483 1062 0.295304
3 3289 4895 5084 0.823438
3 3289 5084 2640 0.836794
3 3845 778 1628 0.342511
3 1367 1628 3467 0.426357
3 1367 3467 1170 0.498271
3 493 1170 5497 0.619991
3 1170 3657 5497 0.550382
3 1392 4083 5808 0.414845
3 1477 5458 5611 0.027454
3 3661 3538 5257 0.909528
3 3380 474 779 0.960440
3 474 5634 779 0.968415
3 81 3816 5186 0.001183
3 787 4053 5484 0.987424
3 2659 3072 3156 0.010576
3 5791 4738 1934 0.002598
3 1934 4738 5572 0.002105
3 3639 1934 5572 0.002456
3 5580 2992 508 0.029540
3 3312 1981 763 0.034252
3 1981 4630 763 0.026746
3 4012 2174 3874 0.931295
3 4593 1451 1256 0.004105
3 5360 2356 5538 0.249972
3 5360 5538 2079 0.237510
3 3683 5568 5418 0.477628
3 3329 2651 1584 0.689503
3 2907 3950 4398 0.263466
3 5238 3987 949 0.725802
3 5238 4544 3987 0.732136
3 988 824 1210 0.017349
3 5554 4240 1423 0.395266
3 5554 1423 2607 0.376650
3 2607 1423 4311 0.273122
3 3812 5693 5055 0.979347
3 4703 3693 1526 0.246807
3 2958 3394 1711 0.040317
3 2958 1711 629 0.073089
3 629 1711 4231 0.078689
3 3723 341 5499 0.981668
3 5499 1229 3723 0.969033
3 436 3723 1229 0.951253
3 4771 4415 5842 0.930068
3 4415 4283 5842 0.928499
3 5842 4283 2189 0.870226
3 4003 2826 146 0.348711
3 3346 1646 4044 0.080262
3 3533 1364 4118 0.373321
3 1372 609 4179 0.046820
3 5587 3839 4251 0.827452
3 2324 4251 4535 0.700100
3 3799 775 4381 0.086727
3 2359 2163 3929 0.535770
3 5696 5725 5754 0.191216
3 1439 3889 4110 0.163769
3 1361 4110 5110 0.135964
3 5551 4821 5758 0.396599
3 2553 5758 4821 0.316851
3 582 4174 5712 0.009139
3 582 5712 5574 0.009339
3 1956 681 2511 0.033842
3 1956 3913 681 0.041584
3 293 3408 4338 0.290132
3 3809 3000 3743 0.024209
3 3809 3743 3847 0.018104
3 4281 5787 3858 0.174512
3 3241 1247 2069 0.143745
3 1247 1912 2069 0.135114
3 3190 4689 1374 0.016583
3 4380 971 5807 0.327931
3 1827 5807 971 0.351739
3 4918 1264 955 0.386361
3 3945 4807 4423 0.574608
3 955 2219 4918 0.423297
3 1544 5451 4918 0.285340
3 3293 3809 4033 0.020794
3 4732 5073 3328 0.004057
3 2155 4658 5699 0.015640
3 4483 5698 2541 0.022764
3 4458 3549 5011 0.020458
3 2544 3728 3769 0.044165
3 4349 5265 4329 0.009068
3 1594 5290 3556 0.013188
3 1900 2787 1291 0.020628
3 130 5068 2630 0.004901
3 5800 3469 5290 0.022718
3 2057 4375 2787 0.007635
3 4250 3307 5181 0.014320
3 5181 3307 5394 0.008042
3 5181 5394 4357 0.009838
3 5443 5394 3307 0.004624
3 5443 3307 1149 0.007428
3 130 3927 5068 0.010363
3 5464 3927 130 0.009086
3 4136 5464 448 0.005112
3 2060 552 3922 0.004869
3 2060 3922 1069 0.007514
3 1069 3922 954 0.008653
3 1069 954 5548 0.013800
3 3384 2060 2332 0.010970
3 2332 2060 4124 0.016371
3 4124 2060 1069 0.016570
3 4124 5817 2332 0.021951
3 1187 2332 5817 0.019775
3 5414 5817 4124 0.029770
3 5414 4124 2305 0.028827
3 4197 1841 5548 0.073055
3 4387 1841 4197 0.082457
3 5605 2250 186 0.084125
3 4197 2250 4387 0.089787
3 4387 2250 5605 0.081647
3 2872 2250 1337 0.098244
3 1337 2250 5800 0.039435
3 5800 2250 3469 0.048835
3 5800 5290 4375 0.006369
3 5703 5800 4375 0.008898
3 1398 5800 4906 0.037463
3 4906 5800 5703 0.022284
3 521 4906 4917 0.037824
3 2210 1743 2786 0.013819
3 1743 2210 4917 0.011019
3 1743 4917 5703 0.006616
3 5394 2743 286 0.003536
3 3223 37 5443 0.004365
3 5443 37 2743 0.003690
3 5443 2743 5394 0.005435
3 2899 5394 286 0.005665
3 2899 1743 5703 0.006898
3 1743 2899 286 0.004764
3 5394 2899 4357 0.007786
3 4357 2899 2057 0.009587
3 2057 2899 5703 0.005549
3 3048 5108 1266 0.015151
3 3048 1266 4828 0.028932
3 3048 4828 2295 0.037983
3 2925 1266 5108 0.017975
3 2396 1828 5265 0.045087
3 3337 4702 4250 0.010066
3 1933 4250 5181 0.015291
3 1357 5181 4357 0.014912
3 4250 1933 3337 0.011893
3 3337 1933 4641 0.015614
3 4944 4641 1933 0.022907
3 5730 4970 2501 0.029463
3 2501 4970 5181 0.023392
3 5181 4970 1933 0.025433
3 5730 2501 3836 0.014010
3 5025 3836 2501 0.010876
3 5025 2501 5181 0.013791
3 5025 5464 3818 0.005011
3 5464 5025 3927 0.008940
3 4913 5556 3181 0.004875
3 2449 2693 5556 0.002651
3 4913 2449 5556 0.003294
3 3299 4913 3181 0.002443
3 1379 1187 2427 0.018234
3 2427 1187 5817 0.018393
3 1187 1379 3384 0.012324
3 3384 1379 1365 0.009820
3 2332 1187 3384 0.015468
3 162 1625 1379 0.003895
3 162 1379 2427 0.009017
3 3092 4037 2044 0.017475
3 3092 2044 4610 0.014899
3 2044 4037 1564 0.018417
3 5324 2044 88 0.023255
3 4610 2044 1037 0.025364
3 1037 2044 5324 0.024363
3 5817 5324 88 0.023028
3 5817 88 1564 0.015982
3 1564 88 2044 0.017415
3 3430 207 5252 0.207370
3 207 3430 2939 0.175343
3 4634 1314 4325 0.069044
3 48 2295 4325 0.048471
3 48 4325 4906 0.054981
3 3048 48 4906 0.061240
3 48 3048 2295 0.045073
3 5270 521 4917 0.046866
3 521 5270 4906 0.072572
3 4906 5270 3550 0.059734
3 3550 711 1835 0.040698
3 2786 711 5270 0.047269
3 711 3550 5270 0.074259
3 2786 5270 2210 0.021350
3 1006 1835 711 0.032480
3 1006 711 2786 0.017525
3 4917 2210 5270 0.031759
3 3550 1835 1391 0.042880
3 1006 3582 1835 0.021396
3 2177 3582 1006 0.007099
3 2177 1006 2786 0.011787
3 3582 1391 1835 0.021543
3 3223 3582 2177 0.003693
3 3223 2177 2743 0.004489
3 2177 2786 1743 0.009733
3 5108 1391 3582 0.013884
3 5108 3582 3223 0.006955
3 4828 3973 2295 0.031861
3 2495 4828 3254 0.032535
3 5079 3018 3479 0.024520
3 5079 3479 3447 0.018140
3 3447 3479 2495 0.025565
3 2560 3447 4035 0.016178
3 2560 4035 1297 0.012441
3 4035 3447 63 0.022242
3 830 1297 4035 0.018188
3 830 4035 4785 0.013705
3 4785 4035 63 0.020758
3 2013 2658 4785 0.012584
3 2013 4785 3535 0.019609
3 2396 3535 4785 0.042390
3 1986 3744 3152 0.015672
3 4641 327 3337 0.017643
3 3744 1986 3559 0.013917
3 3728 4970 4226 0.046759
3 4720 4226 5730 0.034688
3 699 4720 5730 0.017665
3 1657 4720 699 0.007115
3 1657 699 239 0.004269
3 239 699 3836 0.005031
3 3836 699 5730 0.013210
3 2296 1657 431 0.006905
3 2296 431 2209 0.007542
3 1955 431 1657 0.005905
3 239 1955 1657 0.004081
3 4720 1657 2296 0.009773
3 2209 431 553 0.005108
3 553 431 1955 0.005034
3 720 3557 1965 0.003039
3 3509 1965 553 0.002739
3 553 1965 2209 0.003881
3 2209 1965 3557 0.004374
3 346 4913 1683 0.001652
3 4913 346 3509 0.001902
3 930 4981 3181 0.001100
3 5556 930 3181 0.002025
3 3946 3451 189 0.000693
3 774 340 1896 0.004154
3 340 774 1994 0.001853
3 1994 774 3946 0.000971
3 1994 3946 189 0.000961
3 1625 340 1994 0.003454
3 4875 3698 638 0.012097
3 3698 3674 638 0.012072
3 2391 1806 5444 0.021426
3 5444 1806 3291 0.016259
3 5797 2391 5444 0.020149
3 4617 1053 4280 0.018290
3 4280 950 2783 0.068513
3 950 4280 1053 0.022680
3 4945 2783 1037 0.134467
3 5324 4945 1037 0.072623
3 950 4610 1037 0.025780
3 2783 950 1037 0.095947
3 4071 2344 4945 0.075980
3 4071 4945 135 0.102964
3 4851 4071 135 0.090483
3 2344 2973 2626 0.041370
3 996 1296 2618 0.018916
3 2601 996 2838 0.062608
3 2618 2838 996 0.027784
3 5426 4453 2601 0.281456
3 5426 2601 1209 0.294874
3 1316 3915 4972 0.319086
3 4972 3915 2075 0.275615
3 3915 1316 1543 0.328070
3 1543 1316 1922 0.294310
3 2939 3915 207 0.259977
3 5252 207 1543 0.291723
3 1543 207 3915 0.324596
3 3319 233 4277 0.021558
3 3319 4277 4941 0.016067
3 2531 4941 5079 0.008872
3 2531 5079 4820 0.008060
3 3018 5079 4941 0.014372
3 2560 4820 5079 0.007164
3 3316 4820 2560 0.006658
3 3316 2560 1297 0.008337
3 1309 3316 4101 0.002584
3 5811 915 5415 0.005665
3 915 5811 723 0.006561
3 3902 2474 2552 0.004997
3 2552 2474 4349 0.003539
3 3902 313 2474 0.002049
3 5265 4349 2013 0.005783
3 5265 2013 3535 0.028331
3 2013 2474 2658 0.009327
3 2474 2013 4349 0.005198
3 1308 3902 2552 0.003201
3 1308 2552 5077 0.003563
3 5119 1308 5077 0.004704
3 5438 5173 2309 0.026994
3 5438 2309 4435 0.031003
3 4435 2309 3744 0.019531
3 5099 4216 1585 0.011440
3 5099 1585 5318 0.014190
3 1585 4216 4649 0.013666
3 2544 5347 305 0.027216
3 305 5347 4649 0.018949
3 4649 5347 1585 0.017691
3 1585 5347 3367 0.023658
3 305 4649 3221 0.021687
3 3221 4649 2798 0.036899
3 3221 3728 2544 0.040092
3 4944 3728 3221 0.041626
3 1238 4720 2296 0.019190
3 4226 4720 1238 0.031713
3 1238 2296 5629 0.018766
3 5629 2296 2209 0.008187
3 3769 5565 2544 0.025239
3 5565 3769 1238 0.028036
3 5565 1238 5629 0.016387
3 4881 4162 4509 0.001051
3 4590 4397 1418 0.000846
3 2128 4981 4832 0.000841
3 4981 2128 203 0.000717
3 1177 3892 4832 0.000971
3 3946 1177 3451 0.000720
3 4832 3451 1177 0.000462
3 3892 1177 4479 0.001859
3 4615 5348 2401 0.002019
3 4615 2401 4653 0.002121
3 2401 5348 2478 0.001733
3 3354 1701 2401 0.003926
3 4653 1701 1649 0.003789
3 145 1649 1701 0.012635
3 2478 3354 2401 0.002134
3 2401 1701 4653 0.003554
3 5283 145 1701 0.016800
3 5283 1701 84 0.013829
3 5283 84 1957 0.013534
3 1957 84 5475 0.008611
3 5475 84 3354 0.004058
3 5475 3354 1298 0.002759
3 1298 3354 2478 0.002196
3 1701 3354 84 0.003845
3 3674 3698 3831 0.009874
3 1873 3826 4602 0.013992
3 4780 5444 4108 0.024524
3 5444 4780 5797 0.036403
3 2056 3124 149 0.077321
3 422 2056 149 0.100417
3 4297 4985 3124 0.054596
3 3124 4985 149 0.091617
3 422 149 4985 0.141062
3 744 1756 1115 0.433724
3 1115 1756 4280 0.407627
3 1756 536 4280 0.131290
3 536 1756 4297 0.075343
3 4985 1756 744 0.387718
3 4985 744 2002 0.415414
3 4518 744 1115 0.532884
3 4518 2002 744 0.540578
3 4518 1115 2783 0.321924
3 2783 1115 4280 0.124424
3 4617 4280 536 0.024583
3 4617 536 4297 0.048389
3 4985 4297 1756 0.117600
3 3420 4518 1752 0.411512
3 1752 4518 4492 0.393533
3 4492 4518 5320 0.194549
3 208 4492 2626 0.058145
3 2620 5525 3577 0.231033
3 4858 4900 1555 0.173265
3 4858 1555 5259 0.188302
3 5259 1555 592 0.152193
3 592 1555 4900 0.202234
3 5259 671 5656 0.236771
3 5656 671 4972 0.258119
3 3275 1612 370 0.103956
3 2123 2546 5345 0.023483
3 3319 5345 2546 0.013241
3 2489 5345 3319 0.009528
3 2489 4668 5345 0.011500
3 4941 2489 3319 0.010294
3 3319 2546 233 0.021832
3 2034 4668 2489 0.004952
3 2034 2489 4613 0.005108
3 4613 2489 4941 0.006247
3 2782 1068 4613 0.002377
3 4794 2531 4820 0.006206
3 2531 4613 4941 0.004475
3 4613 2531 4794 0.004978
3 4437 1805 4794 0.002103
3 4794 1805 4604 0.002245
3 2104 1805 4437 0.003037
3 2313 2104 4437 0.003175
3 99 2313 1309 0.004126
3 4614 2313 3761 0.007389
3 1682 5745 2718 0.003634
3 1356 5277 2669 0.005873
3 3503 1356 2412 0.009470
3 3584 2412 2669 0.008063
3 2669 2412 1356 0.005169
3 5415 3584 5811 0.005594
3 3503 5406 5284 0.006200
3 5690 5406 2412 0.005788
3 2412 5406 3503 0.005178
3 4316 5406 4663 0.004771
3 5406 5690 4663 0.003526
3 5785 4663 5690 0.002985
3 5785 5690 5834 0.003023
3 5834 5690 1760 0.001549
3 5119 5785 1308 0.002420
3 1308 5785 3902 0.002282
3 5173 5119 5077 0.011403
3 5119 5173 4599 0.008495
3 3846 3931 4599 0.002448
3 2631 3931 3846 0.001994
3 3676 5378 2622 0.011239
3 5318 3864 5099 0.011438
3 4216 5099 3379 0.025232
3 2377 4591 40 0.010591
3 5347 40 3367 0.019285
3 3367 40 4591 0.010453
3 2377 5565 5307 0.004899
3 1056 5307 1145 0.002473
3 4395 3911 877 0.000551
3 2120 3911 4395 0.000582
3 2120 4395 1990 0.000437
3 2120 1990 1791 0.000719
3 1716 4787 974 0.002818
3 1716 974 4590 0.001354
3 4590 974 4397 0.001001
3 974 4787 4553 0.003182
3 5155 1716 4590 0.002211
3 1716 5155 4787 0.003377
3 1452 5155 5366 0.003855
3 2845 4112 4848 0.008290
3 4848 4112 5155 0.005325
3 4848 5155 1452 0.004502
3 4615 4946 5348 0.003277
3 2538 1286 1649 0.016329
3 2538 1649 145 0.018882
3 4653 1649 1286 0.006552
3 2538 5596 5602 0.037232
3 5596 2538 145 0.019863
3 557 5283 3890 0.018037
3 3890 5283 4580 0.012416
3 4580 5283 1957 0.014663
3 5481 2459 802 0.015282
3 829 5658 1695 0.011729
3 1695 5658 5523 0.012822
3 2941 5523 3549 0.013068
3 3549 5658 5011 0.017032
3 5658 3549 5523 0.012944
3 4458 5011 5797 0.020088
3 3549 4458 2148 0.021722
3 5517 3549 2148 0.013481
3 5517 2148 2962 0.023656
3 3178 2962 2148 0.035600
3 3178 2148 4458 0.031523
3 5659 3178 3876 0.033876
3 3810 3544 1748 0.063032
3 2857 3810 2056 0.109592
3 2056 5668 5659 0.064095
3 5668 2056 3810 0.087516
3 5668 3810 1748 0.062014
3 337 4765 3968 0.276839
3 3968 4765 2857 0.158574
3 1733 5208 3968 0.363140
3 278 5208 3420 0.456725
3 3420 5208 1733 0.516161
3 1752 278 3420 0.446316
3 2164 657 2268 0.226534
3 2268 657 1280 0.314026
3 2268 1280 715 0.239667
3 715 1280 2620 0.204801
3 715 2620 3577 0.228691
3 4753 2298 2268 0.202826
3 4753 2268 715 0.218055
3 4753 715 1619 0.206005
3 3577 5261 1619 0.177019
3 3577 1619 715 0.207716
3 5254 4898 2503 0.519529
3 5254 2503 238 0.430905
3 5383 5088 4691 0.598896
3 5359 5383 2534 0.510369
3 2197 2534 4691 0.555479
3 4691 2534 5383 0.542927
3 4798 5359 5135 0.287294
3 5135 5359 2534 0.417156
3 5135 2534 2197 0.297787
3 4871 5135 2197 0.241276
3 4871 2197 4858 0.258688
3 5259 5656 2732 0.144685
3 370 2732 5656 0.084996
3 3275 370 5656 0.104034
3 1865 3760 5336 0.092410
3 5135 4871 4412 0.111223
3 4198 5135 4412 0.111264
3 2123 5345 1307 0.043765
3 2034 3205 4668 0.001857
3 4042 3205 1068 0.000804
3 2034 1068 3205 0.001258
3 4604 3715 2782 0.003736
3 2782 3715 5746 0.003652
3 618 5746 3715 0.002891
3 618 3715 1079 0.002744
3 618 1079 5756 0.002880
3 4604 1079 3715 0.004170
3 852 2895 3648 0.074764
3 852 3648 1175 0.049273
3 852 1175 3667 0.041433
3 3667 4614 3906 0.018424
3 3667 1175 4614 0.021328
3 384 4614 3761 0.006391
3 384 3761 195 0.006228
3 3906 4032 4912 0.021795
3 4032 3906 384 0.011813
3 2149 4032 4545 0.014706
3 4545 1682 1490 0.010595
3 1490 1682 3920 0.009654
3 5277 993 3920 0.010551
3 993 3269 3920 0.012639
3 1490 3920 3269 0.011279
3 5820 3269 530 0.017727
3 5820 530 1335 0.030799
3 1335 530 1260 0.031430
3 1260 530 993 0.017857
3 1260 993 5277 0.015209
3 993 530 3269 0.016651
3 4578 5148 3712 0.007851
3 4663 4886 4316 0.004041
3 5406 4316 5284 0.004891
3 1687 4886 5785 0.003558
3 4663 5785 4886 0.003921
3 1687 5785 3931 0.003190
3 5378 5452 5082 0.002806
3 2317 5378 3676 0.009732
3 3676 5699 2317 0.013938
3 5021 5699 3676 0.015424
3 555 5699 5021 0.019593
3 2155 555 3961 0.026602
3 2155 3961 5544 0.024411
3 3961 555 5243 0.025627
3 2586 374 3961 0.026940
3 2609 5544 374 0.034545
3 2609 374 2403 0.016325
3 2403 374 2586 0.018186
3 2586 3961 5243 0.022681
3 3961 374 5544 0.031427
3 3986 3521 4709 0.007777
3 46 449 1662 0.001738
3 46 1662 4591 0.002475
3 4591 1662 2098 0.004757
3 2098 1662 5628 0.004821
3 4854 4018 920 0.000511
3 4854 920 3594 0.000582
3 3594 920 1742 0.000395
3 2120 4749 3594 0.001181
3 1791 4749 2120 0.001099
3 2033 1740 5742 0.016090
3 2033 5742 1455 0.009647
3 5742 1740 5267 0.006613
3 4553 5057 985 0.012280
3 4553 985 4562 0.018730
3 1660 967 4615 0.005795
3 4615 967 4946 0.003275
3 4848 4946 967 0.005653
3 3921 185 2397 0.064648
3 143 185 2126 0.041780
3 1779 2397 185 0.078270
3 1779 185 143 0.052545
3 2282 143 2126 0.056151
3 3921 2126 185 0.038755
3 143 2282 1779 0.056385
3 557 1979 4345 0.029949
3 1979 557 3890 0.024896
3 1979 1421 3129 0.023915
3 4483 1421 1972 0.019358
3 4483 1972 5698 0.013131
3 3890 1972 1421 0.015332
3 1979 3890 1421 0.016997
3 1724 5517 2962 0.026128
3 2941 5517 512 0.009651
3 512 5517 4187 0.010763
3 2941 512 5523 0.008093
3 5523 512 1329 0.007572
3 3989 4084 1724 0.032023
3 4021 3678 1427 0.056152
3 4021 1427 3989 0.039021
3 3989 1724 4264 0.069255
3 874 5668 1748 0.088836
3 874 1748 5790 0.138764
3 1768 3196 2006 0.150337
3 4287 1159 2889 0.176633
3 337 1159 4765 0.179508
3 4890 4765 1159 0.112490
3 2164 616 3450 0.269072
3 3450 616 2889 0.301605
3 5208 278 3450 0.463796
3 4287 3204 4336 0.158582
3 1821 3204 4287 0.138182
3 4618 3204 4697 0.125620
3 4618 4697 2053 0.129863
3 1821 4697 3204 0.179694
3 1061 2053 4697 0.109312
3 4996 5319 4753 0.275148
3 4996 4753 1619 0.283165
3 4996 1619 5261 0.279383
3 4586 4996 5261 0.547858
3 5741 1939 3871 0.540283
3 1939 5741 4586 0.575083
3 4177 527 5383 0.509877
3 4177 5383 5359 0.624167
3 5383 527 5088 0.551667
3 5004 4177 5359 0.315521
3 5004 5359 4798 0.282028
3 3914 735 2603 0.002316
3 2603 884 4076 0.005362
3 735 884 2603 0.003966
3 4852 735 3914 0.003204
3 2440 3645 1889 0.001513
3 43 2440 1889 0.001142
3 43 1889 4042 0.001045
3 2953 5121 3794 0.001000
3 2012 3783 2311 0.001346
3 3783 618 5756 0.002442
3 618 3783 2012 0.001720
3 5694 5518 3229 0.004420
3 3229 5518 3783 0.002624
3 2233 3783 5518 0.002785
3 5694 3229 125 0.003626
3 125 3229 5756 0.002425
3 5756 3229 3783 0.001566
3 5694 125 5171 0.005165
3 5171 125 3529 0.004943
3 5171 3814 3390 0.011223
3 5171 3390 4033 0.008414
3 7 4529 3616 0.062847
3 7 3616 1603 0.046159
3 7 1603 5676 0.081848
3 1603 3616 4276 0.041267
3 4276 3616 3390 0.034922
3 4912 1603 4276 0.041658
3 3906 4276 3667 0.024691
3 3126 2149 1300 0.033678
3 2149 3126 4032 0.023292
3 4032 3126 4912 0.025434
3 4912 3126 2027 0.042364
3 4545 1300 2149 0.018618
3 1440 4200 4930 0.068374
3 1440 4930 4934 0.057916
3 4930 4200 5279 0.095032
3 4810 4930 5279 0.086583
3 4810 5279 1335 0.054418
3 1260 4810 1335 0.037790
3 4810 1260 4193 0.029328
3 4744 5501 689 0.057502
3 689 5501 5198 0.094249
3 5645 5501 1761 0.079103
3 5501 1737 5198 0.078677
3 5501 5645 5212 0.072235
3 2024 5212 5645 0.054184
3 2422 5613 748 0.021768
3 4457 5212 1985 0.040018
3 1191 3880 2124 0.052646
3 2124 3880 4543 0.043173
3 4394 1191 2124 0.059020
3 4676 4394 2124 0.032310
3 4103 3213 5413 0.006853
3 5092 3213 5728 0.013571
3 5728 3213 4834 0.020508
3 4834 3213 4103 0.012455
3 4834 5043 5728 0.087379
3 177 4403 2350 0.014958
3 4834 2350 4403 0.020630
3 5043 4834 4403 0.035451
3 177 2350 5452 0.007960
3 4658 4403 5699 0.015432
3 4658 933 4403 0.037847
3 4658 51 933 0.044223
3 5544 51 4658 0.026613
3 2155 5544 4658 0.021386
3 2460 2007 2588 0.016734
3 5145 5677 3199 0.006971
3 5080 5145 4878 0.021230
3 1349 5260 3422 0.053711
3 3422 5260 4878 0.049292
3 3108 5419 2421 0.028990
3 2242 3108 2586 0.028528
3 4709 2242 2586 0.034268
3 2586 3108 2403 0.017686
3 2403 3108 2421 0.019202
3 5419 3108 2242 0.043614
3 823 5419 2870 0.008886
3 823 2870 449 0.003245
3 449 2870 1662 0.004503
3 1662 2870 5628 0.004121
3 3521 5628 2242 0.011052
3 2242 5628 2870 0.009441
3 2242 2870 5419 0.018912
3 4948 2325 187 0.003168
3 5742 4948 4854 0.001789
3 4854 187 4018 0.001112
3 187 4854 4948 0.002008
3 5430 3604 3207 0.096965
3 3207 3604 1377 0.088553
3 3604 5495 4328 0.026186
3 5495 3604 5430 0.059944
3 4719 1377 2033 0.047881
3 2033 1377 1740 0.027525
3 1740 3604 4328 0.015796
3 3604 1740 1377 0.036715
3 3207 1377 4719 0.089830
3 3207 4719 5064 0.094749
3 5669 5064 2652 0.065033
3 2652 5064 1299 0.037261
3 1299 5064 4719 0.047639
3 4320 985 4812 0.056603
3 1478 5407 5139 0.089353
3 5139 5407 5434 0.089733
3 5139 5434 320 0.118176
3 674 5321 4119 0.078166
3 674 4119 679 0.081796
3 679 4119 5178 0.127185
3 3844 5178 3145 0.163081
3 3145 5178 4119 0.125546
3 2190 674 679 0.122697
3 5783 679 5178 0.096366
3 3804 5783 5421 0.030616
3 679 5783 2190 0.058217
3 674 2190 2397 0.116023
3 674 2397 5321 0.110242
3 2397 2190 3921 0.082776
3 3921 2190 5783 0.032362
3 2877 3145 5672 0.068984
3 4119 5321 5672 0.097530
3 4119 5672 3145 0.071056
3 2065 5672 2963 0.181006
3 2065 2963 5689 0.158603
3 5321 2963 5672 0.109466
3 3561 5689 2963 0.065285
3 2267 3129 1421 0.027314
3 2273 1421 4483 0.022267
3 1762 4664 2267 0.034672
3 2267 4664 3129 0.032820
3 2267 1421 2273 0.022829
3 1859 2267 2273 0.025519
3 1762 2267 1310 0.028283
3 1310 2267 1859 0.027375
3 151 1859 2273 0.024737
3 151 2273 4483 0.019238
3 5626 5008 3081 0.011083
3 1592 317 1982 0.080200
3 1592 1982 4464 0.110161
3 477 4323 1982 0.016377
3 477 1982 3326 0.024018
3 1982 4323 4464 0.042364
3 4084 4323 477 0.013792
3 4084 477 5517 0.016324
3 2248 1427 3678 0.080705
3 1427 2248 4323 0.043196
3 1427 4323 3989 0.026809
3 3989 4323 4084 0.024269
3 3039 5029 4090 0.158443
3 4090 5029 3884 0.136249
3 129 4090 4021 0.185065
3 3842 129 4021 0.143333
3 3842 3989 4264 0.111069
3 3989 3842 4021 0.156493
3 4090 129 2175 0.169113
3 2175 129 3842 0.122896
3 4296 4818 5100 0.210399
3 4264 5100 4818 0.131227
3 4264 4818 3842 0.178113
3 5668 874 5100 0.137521
3 3784 5790 3881 0.207753
3 3784 3881 4125 0.157922
3 4618 3003 4366 0.134605
3 3003 4618 4608 0.127633
3 5042 359 3344 0.142721
3 1503 3252 5042 0.164259
3 3044 1503 3344 0.214790
3 3344 1503 5042 0.142138
3 3172 1188 3044 0.279743
3 3172 3044 1248 0.274606
3 3172 1248 5720 0.301329
3 1248 3044 3344 0.263831
3 3871 5720 5741 0.403751
3 4006 2132 2277 0.305780
3 3391 4006 2277 0.320399
3 5004 5737 4177 0.213902
3 5253 5004 1834 0.107048
3 1834 5004 4903 0.072738
3 1124 5396 1834 0.056641
3 1124 1834 4903 0.047358
3 5396 5253 1834 0.104748
3 5396 1124 3595 0.036744
3 1811 3595 1124 0.022335
3 1811 1124 4903 0.029029
3 2416 3595 1811 0.008984
3 2416 1811 290 0.007039
3 884 1811 4903 0.018099
3 2995 2416 4068 0.007769
3 2099 2995 4068 0.007315
3 752 2099 1793 0.011048
3 1941 1793 2099 0.009671
3 4068 1941 2099 0.008651
3 3328 1793 1941 0.009035
3 1522 1793 3328 0.007802
3 1522 3328 5073 0.006666
3 559 3328 1941 0.006211
3 559 1941 4068 0.005085
3 4148 3328 559 0.002794
3 4148 559 4852 0.003107
3 4852 559 4068 0.003692
3 4148 2037 3645 0.002248
3 2037 4148 4852 0.002525
3 3328 4148 4732 0.003079
3 4732 4148 3645 0.002394
3 5352 4732 3226 0.002131
3 3226 4732 3708 0.002149
3 1222 3794 5172 0.001409
3 201 1222 5172 0.001881
3 762 5815 2712 0.000693
3 4497 5518 4373 0.009729
3 3809 4373 1679 0.010711
3 4033 3809 1679 0.010302
3 5171 4033 5694 0.006846
3 5694 4033 1679 0.007004
3 4529 5168 3293 0.074843
3 179 5168 3862 0.145566
3 3862 5168 4529 0.101276
3 7 3862 4529 0.088888
3 3862 7 5676 0.099371
3 5527 2946 179 0.186848
3 179 3862 5527 0.165751
3 5195 5527 3862 0.195186
3 5195 3862 5676 0.164547
3 4380 5676 2027 0.119066
3 4380 3126 1899 0.129681
3 1899 3126 4897 0.059227
3 971 4380 1899 0.252346
3 509 1899 1313 0.115269
3 4897 1313 1899 0.078290
3 4897 5849 1313 0.048882
3 2147 4423 509 0.314837
3 509 4423 4807 0.309842
3 5271 4423 2147 0.534216
3 5218 5271 3727 0.394202
3 5218 1230 4675 0.406262
3 1230 5218 3727 0.342645
3 4200 3727 5271 0.114508
3 4200 5271 2147 0.141369
3 4934 1230 2326 0.095475
3 2326 1230 3727 0.115460
3 2326 3727 1440 0.044850
3 1440 3727 4200 0.051597
3 4934 2326 1440 0.057746
3 999 1879 4041 0.076400
3 999 4041 4055 0.081952
3 4934 4041 1879 0.075115
3 3790 1879 4155 0.191976
3 1544 4155 999 0.134040
3 999 4155 1879 0.134566
3 4204 5451 5044 0.197885
3 5044 4439 2467 0.090226
3 4439 5044 5451 0.112450
3 3974 3854 5627 0.048565
3 3833 2938 3850 0.074032
3 5501 3850 2938 0.055242
3 1737 5501 2938 0.070032
3 5212 3850 5501 0.045190
3 4457 3833 3850 0.060625
3 4457 3850 5212 0.052573
3 3579 3833 4457 0.061015
3 1697 1913 3320 0.039491
3 1191 5761 3880 0.058119
3 5013 263 5761 0.114023
3 5013 5761 4394 0.074796
3 4394 5761 1191 0.053585
3 1875 3296 5013 0.293172
3 1875 168 5728 0.087437
3 168 1875 5013 0.147172
3 5092 5728 168 0.037845
3 4394 5092 5013 0.049775
3 5013 5092 168 0.059779
3 3059 2255 2966 0.127199
3 5680 3405 4134 0.066430
3 1631 5680 4134 0.052657
3 5680 1631 3107 0.091966
3 3107 1631 289 0.075460
3 5677 4132 4028 0.010652
3 5339 851 2817 0.008785
3 5211 4892 969 0.050849
3 3165 5211 969 0.033934
3 5260 245 4878 0.051114
3 4878 245 120 0.039082
3 4878 120 5080 0.042940
3 5562 245 3190 0.065652
3 3190 245 5260 0.085617
3 3144 3248 2535 0.014328
3 989 3144 2184 0.011995
3 2535 2184 3144 0.009710
3 751 2184 5495 0.062874
3 751 5495 5430 0.064262
3 2535 4328 5495 0.013903
3 2535 5495 2184 0.019195
3 1808 751 632 0.134508
3 632 751 5430 0.154853
3 632 5430 3617 0.148048
3 5064 57 5430 0.197542
3 5064 5430 3207 0.175367
3 3707 3153 2517 0.253142
3 5139 2517 3153 0.199361
3 320 798 2517 0.155268
3 320 2517 5139 0.157292
3 5032 165 1247 0.142803
3 5032 1247 3241 0.159087
3 2069 1912 1966 0.101123
3 2241 2069 1966 0.249829
3 2241 1966 5672 0.209559
3 635 2069 2241 0.276376
3 635 2241 4058 0.354468
3 5058 3433 5409 0.259984
3 5478 2065 5689 0.170516
3 5478 102 4739 0.083076
3 102 5478 5689 0.123498
3 5821 4664 2239 0.048395
3 2288 1310 2557 0.020444
3 1310 2288 1762 0.032137
3 1762 2288 4664 0.048901
3 3517 5431 4429 0.016273
3 5787 4281 3429 0.193456
3 2145 3497 3429 0.135947
3 2145 3429 2981 0.137508
3 2145 2981 2965 0.097998
3 2981 3429 4281 0.215647
3 2793 83 2981 0.130653
3 5739 2793 5093 0.358126
3 5093 2793 2981 0.203295
3 5093 2981 5029 0.305003
3 5029 3039 5093 0.366055
3 5093 3039 5739 0.538482
3 1323 5739 2445 0.267308
3 2445 3545 3194 0.154602
3 3194 3545 1690 0.179674
3 5357 1690 3545 0.198990
3 5357 3545 2931 0.294049
3 5357 2931 4296 0.128448
3 4296 2931 4818 0.125628
3 2931 3562 4818 0.266192
3 2578 5357 4296 0.128725
3 1234 1825 5100 0.226621
3 5100 1825 4296 0.226596
3 4296 1825 2578 0.102686
3 4125 2578 3784 0.157203
3 3784 1825 1234 0.179961
3 1825 3784 2578 0.113464
3 5790 3784 1234 0.233154
3 4827 4887 3960 0.039925
3 2370 4340 3252 0.067936
3 5149 2370 1503 0.196242
3 5149 3044 1188 0.221120
3 3044 5149 1503 0.242893
3 3252 1503 2370 0.157754
3 1524 2370 5149 0.119027
3 1524 5149 2774 0.140745
3 1524 2774 4952 0.070279
3 4952 2774 1881 0.104809
3 1188 1881 5149 0.217174
3 5149 1881 2774 0.193231
3 4951 4952 1881 0.069064
3 3172 4951 1881 0.143511
3 1188 3172 1881 0.206080
3 5614 2029 5720 0.124539
3 5720 2029 3172 0.271162
3 3172 2029 4951 0.118486
3 1988 5720 3871 0.415899
3 5396 677 4104 0.114144
3 5396 4104 3614 0.097388
3 3887 5253 694 0.120532
3 4006 3887 694 0.130181
3 3595 677 5396 0.064953
3 2453 5138 1720 0.081919
3 3695 2453 1720 0.220401
3 3634 1720 5138 0.046052
3 3695 1720 673 0.167872
3 673 1720 2284 0.065227
3 2284 1720 3634 0.054465
3 5306 3454 228 0.039172
3 3454 4722 228 0.009652
3 228 4722 3210 0.011004
3 5073 4722 1522 0.006551
3 1522 4722 1744 0.008296
3 1793 1522 752 0.010792
3 752 1522 1744 0.009405
3 3708 2700 3226 0.002669
3 4497 2831 4065 0.004405
3 1378 556 3540 0.004793
3 1378 3540 4144 0.007196
3 5120 990 5168 0.242194
3 4017 5120 2523 0.442286
3 2523 5120 2946 0.308952
3 1751 5527 401 0.330364
3 1751 401 551 0.495187
3 551 401 3753 0.543532
3 5527 4908 401 0.360391
3 5807 4908 5195 0.346248
3 5451 4204 4908 0.315170
3 5451 4908 5807 0.347238
3 5492 3397 3971 0.325588
3 3971 4315 5553 0.183048
3 5343 3971 3397 0.300227
3 3854 4315 2519 0.099623
3 3854 2519 5627 0.084782
3 1582 5175 3356 0.244937
3 1787 5344 5175 0.116889
3 1787 5175 3974 0.115457
3 3974 5175 1582 0.111974
3 1787 3974 23 0.060344
3 3068 2387 23 0.030446
3 5167 1697 3320 0.055810
3 5167 3320 2869 0.079119
3 1697 5167 3068 0.032159
3 3068 5167 2387 0.034973
3 4910 123 4640 0.073131
3 5761 2380 4910 0.116555
3 5662 5761 4910 0.077323
3 5662 4910 4640 0.059832
3 3493 281 4910 0.110020
3 3493 4910 3408 0.219256
3 4622 1671 95 0.458836
3 4338 1671 4622 0.239087
3 318 4622 2255 0.278133
3 5573 4338 4622 0.143302
3 5573 4622 318 0.122582
3 5573 318 3059 0.145988
3 3059 318 2255 0.175127
3 5034 2255 4622 0.281003
3 4705 4338 5573 0.097885
3 3565 2775 4864 0.185492
3 5211 412 3107 0.072701
3 5211 4864 412 0.079605
3 4892 5211 3107 0.061495
3 5680 3107 412 0.107329
3 5680 412 4864 0.098462
3 289 900 3107 0.054100
3 3919 1023 809 0.090272
3 3685 2554 1826 0.042537
3 1826 2554 64 0.052994
3 1826 64 1435 0.060460
3 3637 1826 3165 0.025250
3 3165 5780 3637 0.026288
3 3637 5780 2371 0.035746
3 1664 3116 583 0.013015
3 583 3116 2320 0.023668
3 3663 1664 633 0.015998
3 3663 633 3636 0.015228
3 3636 633 4859 0.009444
3 4859 633 2320 0.027527
3 2320 633 583 0.020006
3 583 633 1664 0.015319
3 462 5562 2320 0.064546
3 1928 3636 2683 0.020135
3 3636 1928 648 0.024938
3 4808 2473 4268 0.281578
3 3184 2473 3472 0.287368
3 3184 4268 2473 0.278856
3 632 2384 1084 0.072134
3 1084 2384 5845 0.062196
3 3617 2384 632 0.116070
3 1471 4888 2466 0.065012
3 1471 2466 1504 0.081103
3 1504 2466 1402 0.088765
3 3505 2466 2384 0.104565
3 2756 1839 1402 0.175786
3 2756 1402 491 0.131692
3 2756 491 3707 0.309973
3 3707 491 3534 0.265664
3 3707 3534 4462 0.224979
3 3534 491 3505 0.189060
3 3505 491 2466 0.165386
3 2466 491 1402 0.165446
3 4371 4986 5286 0.202351
3 2517 2756 3707 0.280474
3 3153 3707 4462 0.311260
3 3260 4184 3136 0.298696
3 3241 3136 4184 0.277680
3 4058 3136 635 0.437424
3 3993 2766 3669 0.101403
3 3669 2766 4566 0.107408
3 4566 2766 3966 0.174220
3 4566 3966 5386 0.226960
3 5058 3669 4566 0.088442
3 3433 5058 4566 0.207751
3 3433 4566 5386 0.232483
3 1888 3669 5058 0.081202
3 1888 5058 5409 0.140576
3 1888 5478 5071 0.019506
3 1888 5071 3669 0.035513
3 5071 5478 4863 0.019901
3 2525 5447 2239 0.022330
3 2239 5447 5821 0.023768
3 2645 181 2915 0.031286
3 181 2645 4868 0.036562
3 3517 4429 181 0.026946
3 3517 181 4868 0.021043
3 2341 2915 2576 0.047036
3 5313 4496 2576 0.167890
3 5574 3792 5122 0.026307
3 5618 5574 5122 0.032349
3 2145 4980 494 0.046350
3 5122 2145 494 0.053283
3 5122 494 5618 0.035016
3 4980 5618 494 0.019689
3 5618 1536 2917 0.027122
3 2917 1536 3888 0.071742
3 4467 3888 1536 0.106791
3 3010 1755 2886 0.366293
3 3010 2886 3091 0.321613
3 2809 4493 5739 0.200475
3 1359 2809 5739 0.197444
3 2809 1359 3618 0.191022
3 2090 2170 1110 0.185447
3 3194 2090 1110 0.231983
3 1518 2568 2170 0.187408
3 1518 2170 5202 0.248603
3 2568 1518 4192 0.198448
3 4 5202 2090 0.267327
3 2090 5202 2170 0.297810
3 1518 5202 5125 0.178029
3 5125 5202 4 0.178910
3 5647 1713 3452 0.070091
3 3452 1713 5125 0.092470
3 2173 5296 3452 0.049292
3 2173 3452 4047 0.060805
3 4027 2173 1772 0.049858
3 2446 4027 3005 0.039504
3 2446 3005 1358 0.044011
3 3005 4027 1772 0.080115
3 4047 1772 2173 0.067377
3 4952 1358 3005 0.036319
3 4952 3005 545 0.040576
3 545 3005 1772 0.052107
3 545 1772 4340 0.025795
3 1772 3067 4340 0.026446
3 3067 1772 4047 0.039635
3 3960 801 1818 0.044700
3 3960 4887 801 0.027589
3 4952 545 1524 0.051106
3 2370 1524 4340 0.065978
3 4340 1524 545 0.039634
3 5296 2173 4027 0.047691
3 3526 5296 4027 0.039632
3 3526 4027 2446 0.035805
3 85 716 4951 0.016580
3 2763 716 85 0.023664
3 2763 85 2029 0.033110
3 2763 2029 5614 0.043720
3 2029 85 4951 0.037079
3 3294 2346 4659 0.037162
3 4659 2346 2763 0.028101
3 4659 2763 5614 0.035508
3 2985 1892 2322 0.094742
3 2322 1892 2950 0.082889
3 1262 2322 3851 0.055426
3 423 3851 2322 0.062159
3 1907 3492 610 0.096159
3 4104 5236 3614 0.125569
3 4104 4190 5236 0.116734
3 5351 4190 4104 0.129950
3 2022 4190 5351 0.119411
3 4190 2022 4624 0.113627
3 5351 1491 2022 0.144664
3 2022 1491 2276 0.203393
3 2022 2276 4624 0.118167
3 4354 2276 1491 0.089152
3 4354 1491 5814 0.050503
3 5814 1491 5351 0.106319
3 2453 3695 4799 0.143121
3 2453 4799 4354 0.162027
3 2453 4354 5138 0.063748
3 4354 4799 4928 0.114733
3 4495 1777 4849 0.164912
3 4495 4849 5560 0.264686
3 4975 5560 4849 0.161561
3 4975 4849 5306 0.133235
3 5306 4849 1777 0.157251
3 3228 5306 228 0.053790
3 3228 228 3149 0.021610
3 4144 4165 3149 0.029665
3 556 1378 2285 0.003723
3 4688 4975 1583 0.060582
3 3228 1583 4975 0.087836
3 5511 4688 3462 0.059747
3 3462 4688 1583 0.039097
3 3462 1583 4165 0.037235
3 1051 3462 4165 0.031137
3 4877 5511 3462 0.042917
3 5462 5309 1278 0.107968
3 4877 5462 1278 0.162088
3 3474 5489 4877 0.038173
3 551 3238 1751 0.512635
3 2142 5547 3486 0.189963
3 3486 5547 2788 0.147969
3 1370 5445 280 0.081985
3 280 5445 2142 0.126866
3 3161 4285 1370 0.078750
3 3161 1370 280 0.065186
3 1034 5323 3870 0.297802
3 2999 2564 589 0.451313
3 589 2564 1075 0.349620
3 1456 4262 589 0.280035
3 1456 589 634 0.247607
3 1456 634 5403 0.261117
3 5403 634 5175 0.236109
3 5175 634 3356 0.313518
3 1075 3356 634 0.358075
3 1075 634 589 0.286168
3 4262 1456 4826 0.233805
3 4826 1456 5403 0.248728
3 4826 5403 1220 0.186325
3 2875 1220 5403 0.239391
3 2875 1872 113 0.294123
3 2361 681 3762 0.071523
3 3493 4803 281 0.081700
3 281 4803 2361 0.064094
3 2361 4803 681 0.038445
3 681 4803 2511 0.043916
3 153 4803 3493 0.111649
3 153 3493 2927 0.119858
3 4355 2182 5477 0.174209
3 3690 4355 5477 0.154396
3 3690 5477 1137 0.191683
3 5732 2052 4705 0.090111
3 2497 1545 5075 0.144737
3 5075 1023 2497 0.080588
3 2497 1023 3919 0.079407
3 5237 1545 2497 0.203327
3 688 2497 3919 0.115070
3 2800 4504 182 0.075210
3 3685 182 4504 0.060759
3 2264 2800 182 0.027116
3 312 3525 2757 0.038606
3 312 2757 2903 0.039805
3 2903 2543 942 0.081622
3 2903 942 312 0.042100
3 2543 2903 1502 0.090571
3 1502 2903 485 0.103303
3 312 942 3525 0.038300
3 3997 2543 1502 0.128253
3 3997 1502 1368 0.140530
3 485 1368 1502 0.170783
3 5435 3878 1018 0.133871
3 1018 3878 3182 0.173321
3 1018 3182 4268 0.259087
3 4217 1018 3184 0.221955
3 4268 3184 1018 0.214876
3 4391 3265 2280 0.278860
3 2280 3265 18 0.202442
3 5037 2280 1504 0.205028
3 5037 1504 3135 0.078996
3 1504 2280 1471 0.103519
3 4888 1471 11 0.123260
3 2280 11 1471 0.149162
3 3046 4391 5037 0.308916
3 760 5037 3260 0.214712
3 3260 5037 3101 0.237061
3 2429 5386 3966 0.326384
3 1783 3623 4717 0.132630
3 5771 3465 4717 0.122110
3 5771 4717 3623 0.090627
3 4801 5071 4863 0.016651
3 5071 3993 3669 0.046115
3 3993 5071 4801 0.020595
3 826 4372 4927 0.014084
3 4927 4372 2585 0.012589
3 2114 4318 4927 0.058787
3 2645 2114 4927 0.019789
3 2645 4927 2585 0.029573
3 1252 4318 2526 0.040690
3 5712 4241 1252 0.014786
3 5712 1252 2526 0.015092
3 4643 582 1025 0.019742
3 1025 582 196 0.010553
3 1025 3361 4837 0.026347
3 196 3361 1025 0.016799
3 3361 2917 4837 0.031816
3 3888 1467 2917 0.077152
3 5618 2917 3361 0.033528
3 5618 3361 196 0.014952
3 4837 2917 1467 0.048383
3 2061 2843 3888 0.227246
3 2061 3888 4467 0.171700
3 2886 2061 4467 0.251127
3 3133 2910 1292 0.485232
3 2930 5762 3010 0.267201
3 2930 3010 3091 0.255047
3 2930 2073 3400 0.198697
3 2073 2930 3091 0.210148
3 3400 2073 2809 0.164888
3 3400 2809 3618 0.131486
3 1098 319 3652 0.135040
3 1098 3652 4959 0.109419
3 3652 319 3400 0.115848
3 4959 3652 5735 0.254191
3 4192 5735 2568 0.206048
3 2568 5735 3652 0.285874
3 3714 4579 5268 0.168109
3 2574 3714 5268 0.037880
3 3526 2574 5268 0.017260
3 3526 5268 5296 0.031273
3 5296 5268 2919 0.040701
3 4219 4127 1667 0.008634
3 4016 4516 1694 0.056011
3 4015 4056 5781 0.091266
3 4056 3321 5781 0.154214
3 5781 3321 1146 0.111996
3 3348 1151 1973 0.295934
3 4253 4679 4804 0.064056
3 4688 782 5560 0.123784
3 4975 4688 5560 0.093336
3 4883 2372 5711 0.045700
3 4883 5711 4043 0.038245
3 5309 5711 2372 0.048980
3 4401 5309 5462 0.102120
3 2734 5462 3575 0.289735
3 5462 2734 4401 0.127330
3 4401 2734 799 0.068059
3 4401 799 4374 0.028303
3 1005 2734 2246 0.290834
3 2734 3575 2246 0.302102
3 3575 1698 2246 0.484769
3 3575 5700 1698 0.470582
3 1698 5700 1677 0.534958
3 4252 2874 3409 0.710179
3 3409 2874 1698 0.720830
3 3409 1698 1677 0.607478
3 3610 3409 3753 0.634104
3 3610 3753 3481 0.668139
3 3753 3409 551 0.561171
3 551 3409 3238 0.689570
3 1228 4252 3610 0.535828
3 3369 2605 4356 0.235944
3 2292 4356 2605 0.170894
3 4445 1964 3297 0.239296
3 3297 1964 3369 0.222439
3 3297 3369 5492 0.259681
3 4356 5492 3369 0.302671
3 5504 2605 3369 0.209992
3 5504 3369 1964 0.235136
3 5553 3677 3297 0.199035
3 5553 3297 3971 0.229056
3 3971 3297 5492 0.240739
3 846 4445 4121 0.194649
3 4121 3673 5380 0.131308
3 5747 3680 5380 0.158722
3 5747 5380 3673 0.147519
3 5747 3673 3885 0.149703
3 3885 4121 5445 0.149344
3 4121 3885 3673 0.133993
3 3777 5747 3885 0.126362
3 1804 3777 3885 0.100983
3 5331 1804 1036 0.059202
3 5445 1036 3885 0.107222
3 3885 1036 1804 0.105762
3 1576 1804 5331 0.058938
3 5226 1028 3161 0.106853
3 5226 3161 675 0.089950
3 5226 675 5323 0.163832
3 631 1004 5226 0.177457
3 631 5226 5323 0.180196
3 5226 1004 2019 0.183636
3 1915 1729 5323 0.253664
3 5323 1729 631 0.249551
3 2999 4693 1915 0.334184
3 2041 5183 4772 0.089684
3 2041 4772 4826 0.154619
3 2041 4826 2428 0.222180
3 4262 4826 4772 0.201074
3 4262 4772 5096 0.203570
3 1220 3458 4826 0.237180
3 1050 3250 3541 0.147766
3 3250 1050 3633 0.131434
3 3250 3633 5687 0.128459
3 1445 3541 3250 0.122853
3 5687 3598 3250 0.113866
3 3250 3598 1445 0.081188
3 3913 1956 5687 0.073962
3 1786 1445 1944 0.136875
3 1944 1445 3598 0.153136
3 1445 1786 2968 0.137969
3 1445 2968 3541 0.129094
3 3246 1786 3583 0.126695
3 755 1786 3246 0.102945
3 1949 3246 3583 0.148758
3 3583 1944 4803 0.086981
3 4803 1944 2511 0.080165
3 1786 1944 3583 0.122118
3 1949 3583 153 0.127920
3 153 3583 4803 0.105531
3 3074 2713 2047 0.188181
3 3074 2047 1087 0.103717
3 3690 2914 4355 0.170470
3 4236 2507 1384 0.077864
3 4140 2507 5237 0.239426
3 688 5237 2497 0.184215
3 455 5237 2820 0.142495
3 455 2820 5754 0.244084
3 2015 1730 2208 0.060509
3 4552 1730 5754 0.079394
3 5754 1730 2015 0.083493
3 1401 6 486 0.021760
3 1637 2208 1320 0.068623
3 1637 1320 5275 0.123526
3 3374 5275 1320 0.213903
3 1813 2543 3997 0.105621
3 3024 3182 3878 0.119035
3 3182 3997 1368 0.157102
3 3024 2139 1813 0.099140
3 3997 3024 1813 0.100974
3 2789 1813 2139 0.104351
3 2139 3024 3878 0.084034
3 3182 3024 3997 0.105860
3 2139 2088 2789 0.139159
3 3350 4601 2088 0.089179
3 4601 3350 4603 0.056596
3 3350 2088 119 0.088347
3 1681 4603 3350 0.050116
3 1681 3350 1305 0.039673
3 2204 3626 5101 0.116523
3 4081 2204 5101 0.148961
3 5367 934 2261 0.195643
3 934 5367 3046 0.267882
3 5248 2261 934 0.226521
3 5248 760 4080 0.218525
3 760 5248 934 0.240365
3 4005 3004 2423 0.559589
3 4074 4005 2423 0.620153
3 4230 3004 2414 0.288771
3 2414 3004 4005 0.323167
3 3628 4275 2414 0.361041
3 1343 3628 4005 0.506173
3 4005 3628 2414 0.445239
3 5702 3628 1918 0.340466
3 1918 3628 1343 0.342060
3 4160 5702 1918 0.350721
3 144 2171 2429 0.211915
3 3519 2429 1343 0.475862
3 1343 2429 1918 0.390297
3 1918 2429 2171 0.189301
3 1918 2171 4160 0.218989
3 4465 2366 3302 0.512762
3 5661 2477 2366 0.627726
3 4465 5661 2366 0.556416
3 2477 3302 2366 0.538662
3 4650 2477 5661 0.585402
3 1259 1321 5661 0.298728
3 1259 5661 4465 0.298468
3 1321 4650 5661 0.430077
3 5023 1321 1259 0.300964
3 4717 1012 1783 0.188092
3 4362 5023 1893 0.383638
3 1893 5023 1012 0.237259
3 1893 1012 4106 0.266622
3 5771 2179 2465 0.065687
3 2637 4801 826 0.008453
3 826 4801 4372 0.009116
3 2518 2637 3435 0.016991
3 4318 4241 3435 0.030682
3 4318 3435 4927 0.039710
3 826 4927 2637 0.018209
3 2637 4927 3435 0.023820
3 2784 1105 2795 0.030649
3 2784 2795 4241 0.021796
3 5712 2784 4241 0.010788
3 5712 4174 4130 0.009045
3 2011 205 2646 0.204773
3 2646 205 1898 0.168022
3 2646 1898 4292 0.120189
3 1225 2011 4802 0.459737
3 4802 2011 2646 0.274204
3 4987 4802 2646 0.215196
3 4987 1961 4045 0.155496
3 2646 2479 4987 0.146729
3 2479 1961 4987 0.146858
3 4837 4045 1961 0.120578
3 4837 1961 2479 0.074477
3 4837 2479 4292 0.095687
3 1874 2357 4431 0.516391
3 841 2357 1874 0.267852
3 1015 2357 841 0.310004
3 2803 2314 2030 0.720743
3 2803 2030 4095 0.693356
3 4612 2803 3133 0.646760
3 3133 2803 4095 0.585934
3 1086 2207 4976 0.356468
3 1809 2207 1098 0.110648
3 1809 1098 4959 0.113320
3 1809 4959 4718 0.128380
3 319 1098 2207 0.109038
3 319 2207 1086 0.176529
3 3351 4867 4105 0.147014
3 3351 3057 4381 0.111056
3 3057 3351 4105 0.097294
3 4127 4475 1405 0.008041
3 5440 4665 3901 0.023827
3 5624 4516 4016 0.064938
3 5624 4016 4386 0.083313
3 1523 5624 4386 0.083067
3 2819 427 137 0.151527
3 2819 137 4227 0.188421
3 137 427 307 0.102842
3 1882 5594 1224 0.352766
3 1882 1224 4056 0.338947
3 2792 5594 1882 0.144314
3 623 2408 1882 0.040304
3 623 1882 1847 0.097484
3 42 623 1024 0.145631
3 42 1024 2596 0.230545
3 4145 1847 2202 0.136478
3 1847 4145 623 0.116988
3 623 4145 1024 0.170260
3 2596 1024 4145 0.186713
3 2624 4145 2747 0.115603
3 2624 2747 5664 0.290468
3 2747 4145 2202 0.119890
3 4632 4069 2747 0.319725
3 4632 2747 2202 0.338916
3 2747 4069 5664 0.342889
3 2583 5664 2657 0.445482
3 2657 5664 3624 0.331756
3 4069 3624 5664 0.369319
3 2345 2657 3461 0.537930
3 2577 311 3461 0.447849
3 2577 3461 3803 0.397036
3 3733 3803 916 0.413855
3 3733 2577 3803 0.416203
3 2754 916 1890 0.250535
3 1890 916 3803 0.329448
3 3733 916 4269 0.278287
3 916 2754 4269 0.205835
3 5588 4547 2340 0.370334
3 5588 2340 2591 0.214897
3 5588 1557 4547 0.432651
3 4822 5588 2591 0.206532
3 4002 2591 2340 0.232543
3 4911 4822 5333 0.081554
3 2978 4911 5333 0.039900
3 2978 5333 731 0.049461
3 731 5333 5335 0.061812
3 2591 5335 4822 0.096586
3 4822 5335 5333 0.086555
3 731 5335 4253 0.058667
3 4495 2555 731 0.066764
3 4495 731 4253 0.060211
3 4253 5335 4679 0.070191
3 5803 4911 5282 0.043626
3 5282 4911 2978 0.028567
3 1527 5803 4043 0.038731
3 4043 5803 5282 0.041781
3 4883 4043 5282 0.046234
3 5282 4258 4883 0.048891
3 4237 3834 4388 0.064481
3 4237 4388 2193 0.037105
3 658 4237 2193 0.027120
3 5711 5674 658 0.028752
3 5778 5674 5593 0.017022
3 1303 4921 410 0.022549
3 572 4921 1303 0.018695
3 572 1303 2553 0.058101
3 572 2553 4030 0.023672
3 5758 2553 1303 0.185953
3 2874 5758 1005 0.540388
3 1005 5758 231 0.316489
3 4252 5758 2874 0.546939
3 5546 4821 2780 0.147867
3 2780 4821 5551 0.251624
3 3889 2780 5551 0.118069
3 2605 5504 2292 0.175009
3 2292 5504 5094 0.184043
3 3889 5094 4110 0.105007
3 5504 5110 4110 0.138481
3 5504 4110 5094 0.096142
3 1430 5110 1322 0.145456
3 1430 1322 846 0.183887
3 1430 846 5380 0.236816
3 846 1322 4445 0.203209
3 5380 846 4121 0.204589
3 5380 3231 1430 0.173264
3 3231 1092 1430 0.212431
3 1092 1361 1430 0.206267
3 1430 1361 5110 0.140340
3 1361 1092 3231 0.201166
3 3680 3231 5380 0.190454
3 1361 4259 4110 0.213617
3 4259 3231 3680 0.253531
3 3231 4259 1361 0.261050
3 1498 2039 321 0.105444
3 5107 321 4488 0.114998
3 4488 321 2039 0.120148
3 1195 641 5107 0.081954
3 1176 3476 3777 0.069855
3 1176 3777 1576 0.075531
3 1576 5331 1172 0.060135
3 1804 1576 3777 0.076505
3 4180 3287 4348 0.229173
3 4180 4348 1422 0.222270
3 1422 4348 5174 0.199242
3 4265 5615 5174 0.149989
3 5724 363 5648 0.100638
3 1668 4521 5724 0.195449
3 1668 5724 5648 0.126565
3 4815 1850 961 0.123206
3 5503 4172 766 0.081875
3 5806 4764 5717 0.012667
3 4642 4239 2522 0.014645
3 4772 5183 4642 0.079279
3 4772 4642 5096 0.115178
3 5096 4642 2522 0.049876
3 2854 4239 4642 0.009118
3 2854 4642 2213 0.015189
3 2213 4642 3325 0.022939
3 3442 2436 1375 0.009983
3 2436 3442 2213 0.009305
3 2436 2213 3325 0.021853
3 3795 1375 2436 0.018761
3 2794 5753 3440 0.032530
3 2794 3440 3045 0.052561
3 4442 2794 3936 0.089136
3 3936 2794 3045 0.089114
3 2713 2545 3541 0.119991
3 4991 5249 5726 0.260481
3 4548 4635 1601 0.212079
3 4548 1601 4991 0.100456
3 4548 4991 3117 0.096559
3 3117 4991 2862 0.113699
3 2862 4991 5726 0.269147
3 4140 4548 1384 0.195731
3 4140 1384 2507 0.138285
3 455 5754 4140 0.275458
3 455 4140 5237 0.251206
3 5696 5754 1637 0.104203
3 5696 1637 5275 0.164084
3 3900 3374 5622 0.471308
3 5764 5622 1481 0.672182
3 5764 1481 2381 0.414820
3 2381 1481 1202 0.308495
3 5764 4601 4993 0.392393
3 5764 4993 5106 0.533806
3 4603 4993 4601 0.157931
3 5432 4993 737 0.173967
3 4384 2888 4741 0.040599
3 2140 4384 4741 0.053655
3 4603 4741 737 0.041985
3 3651 2140 4741 0.070010
3 3651 4741 2281 0.033421
3 2281 4741 1681 0.022641
3 2281 1681 2753 0.024945
3 1681 4741 4603 0.029431
3 2059 4205 4747 0.029289
3 4205 2059 2281 0.054381
3 4081 5101 2670 0.085097
3 2670 5101 4205 0.071697
3 5204 1566 3741 0.179261
3 3741 1566 4230 0.210555
3 4275 3741 2414 0.267714
3 2634 660 5702 0.232919
3 2634 5702 414 0.438400
3 414 5702 4160 0.529363
3 1617 4392 2477 0.708603
3 2477 4392 3302 0.415240
3 3167 4392 1764 0.604936
3 3167 1764 2028 0.661130
3 1764 4392 1617 0.718633
3 828 2028 1764 0.701468
3 828 1764 4650 0.571275
3 828 4650 2650 0.503357
3 1617 4650 1764 0.632879
3 4775 2028 828 0.610176
3 4775 828 2650 0.554622
3 4485 2083 3607 0.589375
3 3929 3607 2083 0.659882
3 1893 4106 3593 0.236584
3 1893 3593 4362 0.413928
3 1780 3601 712 0.090125
3 1898 3688 4263 0.082669
3 2163 2359 3649 0.456650
3 2641 4623 1002 0.681350
3 2641 1002 3360 0.648646
3 2430 3360 1002 0.539299
3 2430 1002 4802 0.362558
3 2430 4802 4987 0.285698
3 3360 2430 1684 0.429702
3 1684 4987 4045 0.223862
3 4987 1684 2430 0.312414
3 595 3230 4431 0.607757
3 4431 3230 1874 0.471251
3 866 3360 3230 0.639684
3 866 3230 595 0.640192
3 3443 5214 518 0.933634
3 3819 4098 3992 0.709241
3 1838 698 2131 0.494646
3 1838 2131 4430 0.399524
3 338 2131 698 0.494929
3 338 698 3992 0.669936
3 4064 5799 3570 0.380116
3 3570 5799 728 0.408792
3 728 5799 5433 0.329816
3 2215 728 5433 0.389583
3 728 2215 3570 0.361452
3 4655 1497 3570 0.503230
3 4655 3570 2215 0.402824
3 4655 2215 5652 0.374388
3 2068 1346 4575 0.143379
3 4575 1346 5060 0.133594
3 2068 4575 445 0.134879
3 4573 4164 2068 0.138778
3 4573 2068 775 0.074856
3 775 2068 445 0.113904
3 775 445 4381 0.111889
3 4381 445 1285 0.169897
3 1285 445 4575 0.103359
3 775 3799 4573 0.045030
3 3901 4335 4573 0.037803
3 3901 4573 5440 0.030567
3 3995 3793 541 0.059111
3 5624 1523 772 0.069811
3 5087 1249 2258 0.117609
3 2258 1249 2819 0.136681
3 4073 5087 2258 0.149931
3 4077 5087 4073 0.168906
3 4073 2258 5028 0.241677
3 5028 2258 2819 0.143095
3 2724 4073 5274 0.373475
3 2379 4073 2724 0.432927
3 5028 5274 4073 0.262298
3 4645 5274 5086 0.314692
3 5069 4414 5454 0.637270
3 5069 5454 5794 0.620293
3 5069 5794 5708 0.817837
3 2345 1275 777 0.648877
3 777 1275 5794 0.571047
3 42 5794 5454 0.366590
3 2657 2345 777 0.559567
3 2583 5794 2624 0.418561
3 2583 2624 5664 0.403674
3 2596 2624 5794 0.447827
3 777 5794 2583 0.577914
3 777 2583 2657 0.455965
3 4145 2624 2596 0.299441
3 5733 4011 2577 0.521982
3 4269 4201 1446 0.200113
3 4269 1446 3733 0.227034
3 4201 4269 4417 0.154281
3 1157 4478 2340 0.408853
3 5364 1157 4547 0.384550
3 4547 1157 2340 0.452634
3 2150 3949 5364 0.211099
3 2150 5364 703 0.309822
3 2852 703 5364 0.355896
3 3532 4947 703 0.400179
3 3532 703 2852 0.380891
3 5688 3532 3702 0.393121
3 3702 3532 2852 0.290255
3 5617 5510 5550 0.232800
3 5617 5550 4408 0.185723
3 4793 5550 5510 0.118281
3 831 4793 5510 0.107007
3 831 5510 77 0.080528
3 4793 831 4128 0.025583
3 4128 831 1680 0.024327
3 1680 831 77 0.024244
3 1680 77 3736 0.041627
3 3736 77 5510 0.118599
3 4128 1680 5803 0.029790
3 5803 1680 3736 0.033579
3 4388 4793 392 0.027258
3 1527 392 5803 0.049453
3 4793 4128 392 0.021482
3 5550 4793 4388 0.066106
3 4388 392 1527 0.023827
3 4128 5803 392 0.047529
3 4408 5550 4388 0.091205
3 1236 2256 5385 0.153091
3 2102 945 3042 0.003293
3 3042 5644 2102 0.003330
3 3829 3042 945 0.005022
3 1652 3042 5340 0.003902
3 1652 5340 3896 0.003808
3 5644 3042 1652 0.003042
3 3896 5340 4533 0.004827
3 3766 4533 1344 0.010016
3 572 4030 4921 0.008250
3 4550 4030 5015 0.019094
3 3217 528 1750 0.018634
3 528 4550 1750 0.016449
3 391 3217 1750 0.019414
3 391 1750 525 0.047893
3 332 391 2260 0.041664
3 2260 391 335 0.050066
3 335 391 1864 0.066963
3 2243 4581 1235 0.070519
3 157 1576 3378 0.101350
3 3060 1176 157 0.117291
3 1172 3378 1576 0.076214
3 1576 157 1176 0.108621
3 3825 5503 2451 0.091717
3 4865 3825 2451 0.050700
3 4172 3825 4556 0.063248
3 5295 4556 3825 0.052241
3 5295 3825 4865 0.039729
3 5059 4761 5776 0.089836
3 4022 2407 5059 0.092005
3 4022 5059 2176 0.077158
3 1422 5374 4180 0.238341
3 1041 5053 5216 0.701392
3 1041 5216 3077 0.657246
3 1668 547 4521 0.387640
3 4107 3428 2807 0.831964
3 2744 3227 5641 0.376003
3 3825 4172 5503 0.115862
3 5776 1788 5295 0.079247
3 4519 5776 5295 0.093292
3 5289 1493 3355 0.048590
3 5242 1763 301 0.052572
3 3686 3355 984 0.057568
3 3686 984 1441 0.079831
3 498 1441 984 0.093895
3 1441 498 5643 0.075595
3 498 984 2890 0.092267
3 3049 5643 498 0.096969
3 2897 3049 2890 0.134852
3 2890 3049 498 0.103283
3 4059 1514 3567 0.198917
3 3567 1514 964 0.155081
3 822 2004 4117 0.106357
3 1746 2911 822 0.250633
3 549 3084 224 0.274597
3 549 224 3855 0.374111
3 3365 4186 3861 0.511520
3 1399 1833 2744 0.410024
3 1399 2744 5641 0.305325
3 15 5641 5786 0.217503
3 5786 5641 4692 0.154903
3 4692 5641 4411 0.134368
3 1640 5786 4692 0.132816
3 4194 1640 4692 0.092058
3 4194 4692 1469 0.070198
3 885 1553 1201 0.035925
3 885 1201 4151 0.029573
3 885 4151 2045 0.030675
3 840 1553 885 0.036952
3 840 885 5289 0.040932
3 840 5289 3355 0.048384
3 3686 2348 840 0.051282
3 3686 840 3355 0.042791
3 1441 136 2348 0.059289
3 1441 2348 3686 0.060067
3 136 1441 5643 0.064345
3 2959 4441 2191 0.169856
3 476 344 938 0.127379
3 938 344 3084 0.125684
3 3032 476 938 0.162075
3 3032 938 549 0.166445
3 3032 549 3855 0.403014
3 549 938 3084 0.147148
3 15 230 3032 0.231253
3 15 3032 1399 0.233993
3 15 1399 5641 0.216116
3 1950 3007 3650 0.045007
3 1950 3650 2748 0.044918
3 1950 2748 383 0.040150
3 3438 3007 1950 0.041819
3 1950 1593 3438 0.039602
3 2959 4404 296 0.170211
3 5806 3739 5503 0.054561
3 4082 3665 3672 0.011105
3 4082 3672 378 0.009646
3 378 3672 5806 0.013214
3 5717 378 5806 0.009162
3 1883 3718 4082 0.006021
3 1883 4082 4406 0.003756
3 1767 3169 2891 0.003035
3 1767 2891 4406 0.002777
3 1767 348 3169 0.002259
3 4925 1767 3305 0.001964
3 3305 1767 991 0.002085
3 348 1767 4925 0.002199
3 348 4925 621 0.002392
3 2716 4925 3305 0.002130
3 2716 3305 3442 0.002609
3 5294 4925 2716 0.004280
3 1739 5753 1443 0.037173
3 1739 1443 2244 0.061400
3 1443 3737 1217 0.076638
3 3737 3764 1217 0.087677
3 4777 5249 1174 0.193727
3 5147 1174 4991 0.257911
3 5147 4991 1601 0.249285
3 4991 1174 5249 0.250795
3 4635 5147 1601 0.197468
3 3202 3404 4520 0.354109
3 4520 3404 1607 0.327446
3 4520 1607 1103 0.232737
3 5764 5106 5622 0.661637
3 5802 3771 5432 0.159401
3 1454 375 3317 0.069635
3 3317 375 4384 0.042905
3 3317 4384 2194 0.043193
3 1499 3317 419 0.073643
3 2194 419 3317 0.058539
3 3865 864 3651 0.049956
3 3865 3651 1962 0.065347
3 3977 3865 1962 0.061167
3 3977 1962 5673 0.021868
3 2745 3994 1566 0.086159
3 2745 1566 4515 0.073889
3 2159 2745 4515 0.051049
3 3590 2159 4515 0.059615
3 2159 3590 3444 0.076562
3 2949 3023 2739 0.670131
3 2949 5269 3023 0.415003
3 3023 5269 1255 0.254650
3 5468 717 3023 0.375833
3 3158 717 5468 0.415370
3 5468 3023 4178 0.401665
3 4178 3023 1255 0.272855
3 2634 4178 1099 0.303198
3 1099 4178 1255 0.255454
3 5003 5468 4178 0.439583
3 5003 4178 2634 0.530712
3 5468 5003 2972 0.635441
3 2699 4899 78 0.482881
3 5619 1735 4899 0.514102
3 5619 4899 2699 0.591476
3 3929 2699 3607 0.562350
3 3607 2699 78 0.369329
3 3607 78 4485 0.384306
3 4485 78 5843 0.203599
3 5843 78 4899 0.272786
3 5619 2699 3929 0.634226
3 1704 5619 1389 0.763948
3 3485 1389 5619 0.787481
3 3485 5619 2163 0.675426
3 866 2641 3360 0.751223
3 1653 2293 3962 0.862164
3 1521 1653 3962 0.868644
3 4811 1521 3962 0.928375
3 4522 2257 5496 0.926634
3 4522 5496 3991 0.939796
3 336 4598 5115 0.973750
3 5115 4598 2644 0.949190
3 5115 2644 5009 0.946128
3 4982 5666 5009 0.965692
3 5009 5666 5115 0.966151
3 5116 2409 4019 0.910083
3 1641 3692 3819 0.744119
3 4929 3820 3692 0.722878
3 3819 3692 4098 0.789834
3 4098 3692 3820 0.735609
3 5217 1641 5575 0.849043
3 5575 1641 2695 0.776037
3 4882 5575 1635 0.852568
3 4882 1635 2434 0.843170
3 1635 5575 2695 0.781230
3 4168 2434 4350 0.786974
3 4324 4350 2434 0.721843
3 4324 1635 2695 0.787079
3 1635 4324 2434 0.781682
3 4064 4350 975 0.507321
3 4064 5706 4350 0.707042
3 131 4350 5706 0.757711
3 4413 5368 5063 0.579728
3 4413 5063 3731 0.720485
3 3731 5063 1381 0.732973
3 3731 1381 3981 0.819750
3 1269 3882 2702 0.319190
3 1269 5549 3882 0.222885
3 3882 5549 5060 0.228488
3 4164 3882 1346 0.206097
3 1346 3882 5060 0.216981
3 2068 4164 1346 0.148345
3 4537 3999 3793 0.090466
3 3995 4537 3793 0.078207
3 1708 2354 5087 0.165266
3 1708 5087 4077 0.155260
3 4251 3839 1868 0.842338
3 4535 4251 1496 0.655464
3 249 4414 5274 0.414992
3 5274 4414 4535 0.513611
3 5274 4535 1496 0.511525
3 5454 4414 249 0.543980
3 5069 2324 4414 0.662645
3 4535 4414 2324 0.625549
3 2324 5069 5587 0.785867
3 5587 5069 5708 0.897348
3 5587 4251 2324 0.812265
3 10 5587 4961 0.966233
3 5708 4961 5587 0.963716
3 4209 5633 3622 0.756819
3 3193 3757 3622 0.766515
3 3926 3288 246 0.637379
3 5733 1645 3926 0.715883
3 3357 2628 5705 0.292187
3 3357 5705 5671 0.129709
3 5705 3586 4368 0.442769
3 5671 5705 4368 0.365327
3 1446 3586 3733 0.417357
3 3733 3586 3980 0.420730
3 3980 3586 2234 0.356033
3 2234 3586 5705 0.374424
3 3586 1446 4368 0.441216
3 3808 4368 4201 0.328656
3 4201 2151 2307 0.182886
3 1372 2307 803 0.145847
3 803 2307 2151 0.184363
3 803 2151 4478 0.238086
3 1067 2072 785 0.172070
3 4478 1067 1372 0.123072
3 1067 785 1372 0.136972
3 3357 785 2072 0.125943
3 803 4478 1372 0.115313
3 1157 1067 4478 0.238250
3 3290 2072 1067 0.124836
3 3290 1067 5364 0.128597
3 5364 1067 1157 0.225546
3 3947 1906 4096 0.239564
3 2072 3290 1906 0.188648
3 3947 2072 1906 0.219618
3 2676 1906 3290 0.146523
3 2676 3290 1686 0.139787
3 1686 3290 5364 0.132248
3 2150 4947 3949 0.176102
3 2908 1529 4947 0.465997
3 4947 3532 2908 0.531780
3 2908 3532 5688 0.481972
3 4249 2908 5688 0.508208
3 1128 5688 3702 0.335569
3 1364 3533 2358 0.318071
3 2220 5617 5385 0.210744
3 5617 2220 4118 0.245379
3 5617 4118 1364 0.280946
3 1312 1884 2220 0.165132
3 395 1884 1312 0.164245
3 1312 2220 5385 0.104834
3 2220 1884 4118 0.181991
3 5074 2198 270 0.108106
3 5074 270 2499 0.097040
3 2499 270 569 0.108537
3 569 270 2256 0.122190
3 2256 270 2198 0.119633
3 2767 569 3188 0.113773
3 3188 569 1236 0.103910
3 3722 1302 2464 0.057107
3 3722 2464 1948 0.053977
3 1948 2464 1636 0.044612
3 433 1658 1336 0.014252
3 1658 1636 3261 0.031877
3 1636 1658 1948 0.027619
3 1948 1658 433 0.020061
3 4254 1336 1658 0.013969
3 4254 1658 5425 0.015255
3 4034 4254 2410 0.006057
3 5644 4559 2102 0.002991
3 2410 2102 4559 0.003280
3 2102 2410 945 0.003839
3 2410 4559 4034 0.003850
3 4559 5644 4332 0.005545
3 2443 5162 1652 0.003519
3 2443 1652 3896 0.003278
3 1652 5162 5644 0.003339
3 5162 2443 5743 0.007305
3 5743 2443 1415 0.008681
3 1415 2443 3896 0.006038
3 5743 1415 4921 0.007714
3 4921 1415 4533 0.009854
3 4533 1415 3896 0.007443
3 5162 5743 4825 0.017160
3 2814 4825 903 0.020082
3 2814 903 2635 0.020011
3 903 4825 415 0.015650
3 2214 653 2814 0.021919
3 2214 2814 2368 0.029668
3 2368 2814 2635 0.022878
3 1547 1993 2260 0.023939
3 1324 184 3782 0.023330
3 4093 3782 4581 0.030125
3 2664 2647 5302 0.017652
3 2664 5782 1289 0.023437
3 5782 2664 5302 0.022859
3 970 2243 3480 0.056524
3 5056 2095 970 0.041864
3 4680 5056 970 0.032820
3 3480 4680 970 0.045369
3 834 4680 3060 0.056071
3 834 3060 1706 0.046533
3 3060 4680 3480 0.074530
3 4647 1468 111 0.070512
3 4647 111 3378 0.092065
3 3378 111 157 0.108183
3 3060 111 1706 0.063630
3 1706 111 1468 0.062103
3 157 111 3060 0.093057
3 5806 3672 1610 0.020900
3 4139 2893 5146 0.007608
3 4139 3718 2893 0.009704
3 3375 1134 1508 0.007279
3 3154 4592 3169 0.003599
3 3375 3169 4592 0.003664
3 3432 4592 3154 0.006618
3 3432 3154 2066 0.005453
3 573 3924 2066 0.004973
3 5752 5161 3924 0.006940
3 4166 5752 5287 0.014308
3 4390 5070 5287 0.037961
3 5287 5070 4166 0.020773
3 5294 4390 4925 0.013687
3 4925 4390 621 0.004587
3 2722 5263 2263 0.045716
3 2722 2263 5393 0.032031
3 4471 4157 3795 0.024156
3 4157 4471 2263 0.053815
3 4157 2263 5263 0.046524
3 2263 4471 5393 0.035952
3 3274 1646 4648 0.056446
3 3274 4648 5405 0.049615
3 5405 4044 3274 0.067225
3 1233 5405 4449 0.030455
3 4449 5405 4648 0.029556
3 4449 4648 4319 0.037111
3 1739 1233 5753 0.028855
3 5405 1233 1739 0.028434
3 5405 587 4044 0.040140
3 2244 587 5405 0.035385
3 2244 5405 1739 0.031470
3 3339 3346 858 0.227664
3 3339 5147 4633 0.218160
3 5147 3339 858 0.363774
3 5147 858 1174 0.273022
3 1174 858 4777 0.219210
3 4777 858 3346 0.204914
3 1738 3346 3339 0.113073
3 1738 3339 4633 0.158760
3 3346 1738 1646 0.081472
3 5581 3383 3202 0.413142
3 5566 5581 1408 0.419850
3 3938 5667 3596 0.202855
3 3942 3596 1991 0.364292
3 3938 3596 2868 0.198870
3 1991 3596 5667 0.183637
3 2251 457 5392 0.337173
3 3470 2654 457 0.182809
3 3470 457 2251 0.204896
3 3938 5392 457 0.294001
3 3938 457 5667 0.241657
3 5667 457 2654 0.166823
3 2251 5392 5653 0.355491
3 2582 4102 3581 0.201406
3 1499 2275 2582 0.127299
3 1499 2582 3581 0.147211
3 2433 2275 1499 0.133844
3 5509 3768 5170 0.140767
3 5170 3768 1267 0.119066
3 376 2602 5640 0.106305
3 376 5640 3444 0.096322
3 5640 3977 2159 0.052875
3 2745 2159 3977 0.032691
3 2745 3977 5673 0.036674
3 2561 5727 1549 0.462346
3 5297 1781 3158 0.349819
3 5297 3158 1064 0.249100
3 5227 1781 5297 0.384897
3 4823 4271 2826 0.321835
3 4271 4823 5104 0.315499
3 5104 4823 5227 0.224319
3 5105 4271 5104 0.282096
3 146 2826 4271 0.242635
3 146 4271 5105 0.209050
3 4003 146 1829 0.262998
3 1829 146 5105 0.179371
3 3143 4003 1829 0.475764
3 4735 4742 1268 0.933939
3 1268 4742 3877 0.953159
3 5266 4735 1268 0.914766
3 5266 1268 1718 0.934147
3 1718 1268 1653 0.963011
3 1987 1718 1521 0.928029
3 1521 1718 1653 0.934642
3 4811 1987 1521 0.908829
3 4185 3122 4606 0.917816
3 4606 3122 672 0.911814
3 5150 4606 336 0.973624
3 5150 336 5115 0.977183
3 3125 5150 5244 0.973133
3 5666 5244 5150 0.985669
3 5666 5150 5115 0.986458
3 2498 5244 5666 0.986479
3 4982 2498 5666 0.988728
3 4019 2761 502 0.942800
3 4019 4982 5009 0.951295
3 4982 4019 502 0.941654
3 1083 5522 2386 0.984235
3 1083 2386 5483 0.984172
3 1083 5483 5456 0.986441
3 1095 1212 5264 0.848602
3 1095 5264 432 0.780850
3 5368 3277 1095 0.590929
3 5368 1095 3504 0.721113
3 3504 1095 4730 0.737490
3 4206 3504 2409 0.789447
3 2409 3726 4206 0.834571
3 2409 5116 3726 0.867963
3 3726 5116 1237 0.760330
3 4730 2409 3504 0.792786
3 2648 223 1403 0.961011
3 223 2648 1877 0.941195
3 1877 3726 4054 0.827953
3 3726 1877 2648 0.912691
3 3726 2648 4206 0.883148
3 1403 223 3985 0.963149
3 3985 1877 4402 0.910561
3 4402 1877 4054 0.853699
3 1877 3985 223 0.944153
3 5600 1403 3985 0.971097
3 2633 3985 5217 0.962100
3 1989 2633 5061 0.944476
3 5061 2633 5217 0.956415
3 4402 5217 3985 0.950095
3 5061 5217 5575 0.937676
3 2638 5061 5575 0.928290
3 4466 5061 2638 0.940680
3 4466 2638 4188 0.924689
3 4882 4188 2638 0.946523
3 4882 2638 5575 0.911920
3 5721 4188 4882 0.937053
3 1812 5721 4168 0.881534
3 2842 3546 1812 0.875731
3 5721 1812 3546 0.893580
3 3546 2842 5600 0.929440
3 2698 5600 2842 0.955059
3 2698 2842 5134 0.929170
3 5134 2842 4168 0.890034
3 4168 2842 1812 0.894618
3 5706 534 131 0.764064
3 2648 1403 534 0.939662
3 2648 534 4482 0.859001
3 4482 534 5706 0.703208
3 4611 3546 5600 0.925025
3 3546 4611 1669 0.835537
3 3546 1669 5721 0.900700
3 4466 4611 1989 0.900870
3 1989 4611 5600 0.924425
3 1989 5600 2633 0.968406
3 2633 5600 3985 0.970064
3 1669 4611 4466 0.887558
3 1669 4466 4188 0.930823
3 1669 4188 5721 0.927791
3 904 2010 4487 0.982755
3 2010 904 3599 0.967528
3 5499 4487 2010 0.988800
3 4440 2375 4487 0.988587
3 4440 4487 5499 0.983073
3 5499 2010 1229 0.983285
3 1229 2010 3599 0.975622
3 4294 4413 3731 0.814365
3 4294 3731 5616 0.841124
3 4631 2259 3981 0.715299
3 4631 3981 5595 0.621663
3 4721 2259 4631 0.717160
3 2702 4721 4631 0.559709
3 2702 4631 1269 0.482601
3 1269 4631 5595 0.503792
3 2189 4721 3155 0.775916
3 1200 2119 5524 0.949121
3 4681 3723 1996 0.976050
3 1996 3723 3990 0.932669
3 16 5298 1996 0.965048
3 16 1996 302 0.922926
3 1996 5298 4681 0.979717
3 158 5298 16 0.972353
3 158 16 3839 0.897520
3 3839 16 302 0.906773
3 3463 5298 158 0.985371
3 3463 158 10 0.963920
3 3463 10 4961 0.958376
3 10 158 3839 0.917570
3 811 5298 3463 0.985270
3 811 3463 4936 0.987510
3 812 183 2152 0.982393
3 812 2152 1207 0.985581
3 1207 2152 5646 0.972316
3 5646 2152 5633 0.955698
3 4209 5646 5633 0.895680
3 3969 4796 372 0.836866
3 5033 4796 3969 0.773321
3 922 4796 5033 0.901571
3 922 5033 1587 0.865092
3 2752 1587 5033 0.834013
3 2062 5033 3969 0.682016
3 2752 5033 364 0.743026
3 364 5033 2062 0.716662
3 724 1726 2815 0.524563
3 670 3773 3613 0.121694
3 1138 3613 4500 0.195926
3 5196 4500 5030 0.203283
3 4249 5030 2908 0.429885
3 2908 5030 1529 0.386332
3 5030 4249 3939 0.341611
3 2607 3939 5185 0.331442
3 5750 1184 1199 0.415416
3 4949 4841 5750 0.184786
3 4949 5750 1128 0.239250
3 1128 5750 5688 0.425935
3 5688 5750 1199 0.424382
3 3954 4838 4695 0.227918
3 5074 3954 4695 0.175206
3 5074 5164 3954 0.142169
3 558 1891 5164 0.156692
3 5074 558 5164 0.115011
3 4989 1548 4409 0.009766
3 4409 1548 4672 0.006214
3 4672 1548 2274 0.005103
3 4559 3040 4034 0.002084
3 3459 1470 1774 0.075473
3 1774 1470 5113 0.037420
3 1774 5113 1276 0.029997
3 4587 2279 1436 0.023159
3 4587 1436 5123 0.013749
3 4587 5123 2487 0.009922
3 3209 4750 2664 0.022460
3 3209 2664 1289 0.024913
3 4956 3209 3725 0.015342
3 1610 447 3368 0.023877
3 447 834 3368 0.025706
3 1468 3368 1706 0.036113
3 1706 3368 834 0.038660
3 4680 834 447 0.027755
3 4680 447 5056 0.033464
3 5056 447 1610 0.026612
3 5806 1610 3368 0.019745
3 5806 3368 1468 0.032834
3 548 4956 1197 0.009122
3 1134 152 548 0.005448
3 1134 548 105 0.007209
3 5665 152 3711 0.006371
3 3711 4066 5665 0.005628
3 1243 4066 3711 0.011368
3 4902 1243 3711 0.009427
3 4902 3711 3432 0.009779
3 3432 3711 4592 0.006012
3 283 4902 5161 0.005603
3 5161 4902 3432 0.006701
3 5770 2636 3664 0.005530
3 4538 5770 5752 0.009476
3 983 4538 4166 0.023057
3 983 4166 5070 0.036950
3 983 5070 4385 0.054249
3 4166 4538 5752 0.014491
3 1397 4385 4116 0.055155
3 983 4385 1397 0.048427
3 878 4116 2722 0.026056
3 878 2722 4502 0.028353
3 4116 878 4502 0.022890
3 1711 3394 2567 0.042851
3 1711 2567 3439 0.050095
3 2567 59 3738 0.022996
3 59 2567 3394 0.029603
3 4884 2567 3917 0.025459
3 3917 2567 3738 0.018878
3 2567 4884 3439 0.045245
3 2086 4884 3917 0.041987
3 3439 4884 4331 0.083967
3 3439 4331 4231 0.137662
3 4331 4884 2086 0.081694
3 4331 2086 5590 0.100787
3 5566 4331 5590 0.190734
3 4331 5566 3543 0.272523
3 4331 3543 4231 0.143237
3 3942 3543 5566 0.393434
3 629 1991 5667 0.155394
3 1991 3543 3942 0.298499
3 3543 1991 629 0.165331
3 2958 629 5667 0.096302
3 4486 2846 2958 0.023875
3 4568 4486 2205 0.041491
3 2205 3071 4421 0.053032
3 3071 2205 4486 0.042154
3 2183 4568 2205 0.050459
3 2183 2205 3655 0.057458
3 3655 2205 4421 0.057685
3 1147 5569 3655 0.084248
3 1520 1147 3655 0.102999
3 3976 3470 1194 0.192528
3 2654 3470 1520 0.187650
3 1520 3470 3976 0.177772
3 1055 3976 1194 0.159812
3 5577 1978 1055 0.259855
3 5577 1055 1194 0.281647
3 5653 5577 2251 0.375230
3 2251 5577 1194 0.292422
3 1754 5577 1485 0.284121
3 1485 5577 5653 0.272054
3 2582 3953 4102 0.141077
3 4846 3953 3713 0.126727
3 4416 736 3817 0.096666
3 736 4846 3713 0.119463
3 4846 736 4416 0.114541
3 5117 3817 736 0.102552
3 1526 3817 5117 0.106488
3 5117 736 3713 0.111766
3 3693 3817 1526 0.198306
3 1840 3208 1609 0.073482
3 3713 3208 5117 0.094957
3 5117 3208 1840 0.092513
3 3499 1840 4800 0.078036
3 4800 1840 1609 0.059031
3 5509 3499 4800 0.177280
3 1840 3499 5117 0.085747
3 1526 5509 4703 0.239816
3 3499 5509 1526 0.165231
3 3499 1526 5117 0.114549
3 3867 4501 1927 0.110814
3 3867 1927 3827 0.159737
3 5727 5111 2602 0.275294
3 3867 4943 3225 0.132660
3 3867 3225 4501 0.077608
3 4501 3225 4086 0.128608
3 3867 3827 4943 0.132915
3 3827 4857 4943 0.125254
3 1946 4086 3225 0.087562
3 1246 1946 3225 0.106914
3 1246 3225 4943 0.112357
3 4813 1946 1246 0.125854
3 4813 1246 5455 0.269849
3 5455 1246 4943 0.287792
3 5455 140 5623 0.411173
3 5623 140 3908 0.474640
3 3159 2797 5455 0.814543
3 3159 5455 5623 0.574065
3 5623 4823 3159 0.656740
3 5026 5612 1400 0.790595
3 5026 1400 3150 0.756903
3 4141 4735 4583 0.796261
3 1995 5534 3249 0.862650
3 2181 3249 4651 0.917367
3 5266 4651 4735 0.884771
3 4735 4651 3249 0.853607
3 4094 2167 418 0.919630
3 4094 418 260 0.907942
3 260 418 3122 0.936272
3 5442 3907 4299 0.778019
3 5112 5442 4299 0.837930
3 4299 3125 5112 0.936909
3 5244 1675 3125 0.979319
3 1083 5142 5522 0.991750
3 5142 1083 5456 0.990048
3 1905 5456 5483 0.991987
3 1905 5483 1283 0.989037
3 2771 2885 1 0.990450
3 2730 2885 1283 0.988587
3 1283 2885 1905 0.992079
3 1905 2885 2771 0.991041
3 4487 1 2885 0.990477
3 2730 4487 2885 0.989402
3 5299 1795 4223 0.951001
3 811 4936 5298 0.992376
3 2014 3812 812 0.985271
3 2014 812 1926 0.993883
3 922 1587 154 0.946712
3 922 154 1207 0.971917
3 922 1207 5646 0.973695
3 4796 922 5646 0.956612
3 4209 4796 5646 0.940192
3 4685 3568 4434 0.799915
3 4685 4434 4400 0.713052
3 4238 4400 2752 0.696999
3 2752 4400 2458 0.787381
3 2458 4400 1511 0.781428
3 1511 4400 4434 0.805372
3 5408 4685 4400 0.704672
3 5408 4400 4040 0.731727
3 4040 4400 2818 0.765813
3 2818 4400 4238 0.700684
3 5012 2818 5757 0.802628
3 5012 2758 3687 0.588769
3 2758 5012 5757 0.760055
3 4238 5757 2818 0.635649
3 4233 3473 5757 0.429645
3 5757 3473 2758 0.487226
3 2758 3473 4726 0.541254
3 2758 4726 1770 0.480070
3 1534 5757 957 0.430944
3 4233 5757 2032 0.403116
3 2032 5757 1534 0.403689
3 3872 4233 2032 0.313517
3 3872 2032 4109 0.183656
3 4109 2032 1534 0.238875
3 5663 3043 2130 0.025478
3 5840 3043 5663 0.050225
3 1620 2130 3043 0.023393
3 1620 3043 790 0.029654
3 790 3043 2074 0.035533
3 790 2074 2462 0.050372
3 981 2462 2074 0.062459
3 2462 981 1387 0.088135
3 981 2074 3043 0.038444
3 3773 981 3897 0.095592
3 3897 981 5199 0.105131
3 790 2462 4759 0.058359
3 790 4759 1620 0.018807
3 3120 3276 4759 0.025056
3 3276 1620 4759 0.026171
3 3276 3120 3370 0.015272
3 3120 4759 3629 0.045487
3 3629 4759 2462 0.063583
3 3629 2462 1387 0.076600
3 4964 3370 3120 0.020824
3 1732 5539 3629 0.055466
3 3629 5539 3120 0.035536
3 670 5404 3629 0.135899
3 5571 1732 5404 0.098312
3 5539 1732 5571 0.074178
3 5539 5571 3580 0.080533
3 4964 3580 4024 0.081437
3 937 3580 5571 0.133631
3 5314 5437 937 0.181836
3 937 5437 3580 0.169796
3 5437 4024 3580 0.084737
3 5571 5314 937 0.182699
3 4756 2431 668 0.463213
3 4756 668 5314 0.322470
3 2431 4756 2900 0.417180
3 5314 668 2431 0.361575
3 2738 4756 5196 0.179715
3 5196 4756 5314 0.261197
3 2900 4756 2738 0.236458
3 2900 2738 5039 0.336404
3 2262 4311 5039 0.210913
3 520 1506 2587 0.585371
3 3832 1506 520 0.630067
3 2087 520 5554 0.465621
3 5554 520 2587 0.520125
3 3832 520 2003 0.495845
3 2137 2235 2471 0.346198
3 5750 4841 3139 0.164193
3 5750 3139 2137 0.250020
3 5750 2137 1184 0.309640
3 1184 2137 2471 0.337104
3 2705 3425 868 0.163340
3 868 3425 3139 0.235275
3 3139 3425 2137 0.248467
3 2137 3425 2235 0.349247
3 5683 2705 868 0.165799
3 5683 868 1573 0.266228
3 1573 868 3139 0.216929
3 1573 3139 4838 0.213853
3 5505 5683 1573 0.410094
3 5505 1573 1178 0.260782
3 1178 5657 5505 0.176005
3 138 3963 5657 0.133412
3 138 5657 4123 0.131898
3 1240 4123 5657 0.172293
3 1240 5657 1178 0.197891
3 3835 3330 5610 0.089726
3 5610 3330 5719 0.108880
3 5610 5719 5346 0.123378
3 3835 5610 4657 0.060252
3 2291 824 1563 0.006660
3 3401 988 1210 0.042866
3 988 3401 1263 0.054734
3 988 1263 1167 0.084895
3 1287 2856 3852 0.033323
3 3807 3852 2853 0.038083
3 3807 2853 4869 0.053173
3 3030 2853 1792 0.045529
3 1792 2853 3515 0.053462
3 5850 2913 453 0.061883
3 1276 5850 453 0.034553
3 1276 453 1774 0.038885
3 1774 453 3515 0.061092
3 3515 453 1792 0.086371
3 1792 453 2913 0.064588
3 5827 5850 1373 0.059319
3 4225 1373 5850 0.061159
3 4067 4225 2279 0.044843
3 5598 4571 5830 0.016702
3 2425 5665 1475 0.017952
3 5665 2425 2018 0.014867
3 5665 2018 152 0.010084
3 3518 2932 2425 0.020932
3 3518 2425 1475 0.019687
3 4066 911 5665 0.008815
3 5665 911 1475 0.011178
3 1475 911 3518 0.017301
3 4070 5187 283 0.007804
3 1901 315 5006 0.011065
3 5636 1901 5006 0.012117
3 5636 5006 4923 0.011273
3 4511 4923 5006 0.011329
3 4923 4511 3345 0.014972
3 5382 1057 2604 0.013076
3 4470 5382 2604 0.009350
3 4470 2604 932 0.006555
3 5770 1193 4916 0.034011
3 3201 5770 4538 0.019168
3 3201 1193 5770 0.034620
3 1920 1397 4116 0.033545
3 1397 1920 3201 0.070796
3 3201 1920 5182 0.060646
3 4819 5182 5713 0.052963
3 4568 5427 4486 0.025628
3 2520 5427 4568 0.029593
3 4004 3767 2183 0.098696
3 4004 2183 5569 0.113361
3 1702 4173 1147 0.094884
3 1147 4173 5569 0.086613
3 1876 3745 3976 0.119885
3 1876 3976 2064 0.131750
3 2064 3976 1055 0.163843
3 2064 1055 1978 0.219038
3 4261 4203 1876 0.067379
3 4261 4846 4416 0.075501
3 4846 4261 2064 0.106051
3 2064 4261 1876 0.096566
3 5630 79 4416 0.096583
3 5630 4539 708 0.106491
3 4539 5630 4416 0.077619
3 4416 79 4261 0.064709
3 4261 79 5630 0.058043
3 4261 5630 4203 0.059131
3 1011 4539 3817 0.124148
3 3693 1011 3817 0.197323
3 4416 3817 4539 0.086364
3 4244 1011 3693 0.213370
3 1011 4244 2500 0.314864
3 1011 2500 4539 0.203241
3 4958 4448 4703 0.229945
3 1946 3691 4086 0.111277
3 3691 1946 4813 0.104513
3 2378 3948 2168 0.920282
3 1301 2378 5471 0.927063
3 3948 2378 1301 0.894570
3 2134 792 2378 0.942710
3 2134 2378 2392 0.941153
3 2392 2801 2238 0.910712
3 2801 2392 2168 0.922453
3 2168 2392 2378 0.870109
3 1995 2801 5534 0.834203
3 5534 2801 5026 0.768598
3 5679 2977 2134 0.950222
3 2977 5679 4905 0.937547
3 2238 5679 2392 0.939374
3 2392 5679 2134 0.944640
3 4905 5679 713 0.910832
3 713 5679 2238 0.899129
3 1659 2181 4651 0.930802
3 5241 3907 5442 0.612223
3 5801 5442 5112 0.770979
3 4137 5801 5221 0.865889
3 4137 5221 3507 0.940549
3 3028 3507 5221 0.966755
3 3507 3028 4514 0.962545
3 5844 4514 3028 0.964114
3 5751 5844 2437 0.954303
3 2437 5844 3028 0.968623
3 2437 4229 5751 0.972527
3 244 2206 1042 0.993341
3 5456 5342 3536 0.980997
3 5456 3536 5142 0.987462
3 4639 1186 5342 0.985011
3 5586 1186 4639 0.990318
3 3089 5448 861 0.961414
3 4473 861 5448 0.986525
3 861 4473 4147 0.979552
3 2711 3006 4473 0.987909
3 2711 4473 4143 0.993083
3 4143 4473 2106 0.991011
3 2106 4473 5448 0.989409
3 4143 2106 966 0.993100
3 29 4143 966 0.983450
3 29 966 1624 0.982123
3 5604 29 1624 0.980411
3 1624 966 254 0.985703
3 254 966 2106 0.984567
3 5448 254 2106 0.985938
3 2014 5693 3812 0.992525
3 4704 5693 2014 0.991702
3 2014 1926 4704 0.989904
3 636 451 4434 0.944232
3 4686 593 2651 0.776406
3 2651 593 5231 0.770909
3 593 4686 3568 0.797843
3 2023 5231 3978 0.734363
3 4781 4370 2026 0.525295
3 3987 4544 2026 0.588827
3 4781 2026 4544 0.553834
3 4781 4544 1205 0.581496
3 5012 4040 2818 0.799264
3 1773 5395 4700 0.222135
3 5395 1773 3687 0.340221
3 3687 1773 406 0.505353
3 1433 5395 5536 0.331986
3 159 1433 5536 0.336402
3 5417 159 1714 0.527140
3 1714 159 2331 0.443726
3 2331 159 5536 0.435751
3 2331 5536 1771 0.465559
3 1277 1771 3477 0.541847
3 3473 921 2550 0.422730
3 921 3473 4233 0.391961
3 3473 2550 4726 0.528582
3 4726 2550 3477 0.443582
3 3883 921 2230 0.279235
3 2230 921 3872 0.228148
3 4233 3872 921 0.289121
3 4879 3883 2230 0.218712
3 1765 560 5681 0.063249
3 5681 560 5663 0.040421
3 5663 560 4879 0.077248
3 4879 560 1765 0.076766
3 2130 5681 5663 0.019094
3 5681 2130 3253 0.011354
3 3385 4232 3253 0.066757
3 4935 3385 3253 0.039133
3 4232 2266 1395 0.127759
3 1515 4935 3253 0.021458
3 3253 4232 1395 0.046084
3 4964 3120 5539 0.042928
3 4964 4024 3370 0.042064
3 4964 5539 3580 0.082566
3 4115 1131 5085 0.117242
3 5085 1131 3950 0.166105
3 3950 1131 3958 0.176835
3 1983 2395 4399 0.457219
3 1983 4399 5039 0.378612
3 4399 2395 264 0.451736
3 264 2395 3958 0.327317
3 4399 2431 2900 0.447899
3 4399 264 2431 0.464590
3 5039 4399 2900 0.326309
3 1165 2201 926 0.455293
3 1165 926 4398 0.432366
3 2201 1165 1983 0.446405
3 4398 3950 1165 0.304940
3 4398 926 4240 0.379922
3 5039 2201 1983 0.285952
3 2395 1983 1165 0.451708
3 2395 1165 3950 0.320385
3 4240 926 1423 0.421015
3 1423 926 2201 0.376093
3 1423 2201 4311 0.305670
3 4311 2201 5039 0.312585
3 1304 3899 880 0.483454
3 2651 3329 4196 0.871690
3 5748 4196 1626 0.860051
3 1626 3329 5695 0.845087
3 1929 2404 5695 0.933233
3 3798 962 5418 0.840042
3 3425 2705 3020 0.267605
3 3425 3020 2235 0.356504
3 5683 5316 3683 0.298999
3 176 3802 5316 0.390952
3 1183 176 5716 0.371214
3 5716 176 5316 0.377947
3 5716 5316 5683 0.310410
3 1516 4677 606 0.245067
3 1516 606 2858 0.328822
3 562 1516 2858 0.271123
3 562 2858 5505 0.246612
3 2858 606 4396 0.459064
3 4396 606 4677 0.412681
3 4396 4677 3670 0.383147
3 174 5391 1516 0.245954
3 174 1516 5657 0.122896
3 5657 562 5505 0.180330
3 562 5657 1516 0.158198
3 3963 1265 174 0.234726
3 5391 174 1265 0.310102
3 5391 1265 3860 0.422874
3 5657 3963 174 0.133416
3 4661 3670 1917 0.557742
3 5716 4661 3860 0.418861
3 1917 3860 4661 0.590430
3 4396 3670 4661 0.473803
3 2858 4396 5505 0.525717
3 5505 4396 5683 0.515903
3 5683 4396 4661 0.392442
3 5391 3860 1917 0.561157
3 5391 1917 4677 0.493906
3 3670 4677 1917 0.585808
3 4525 1265 4711 0.389883
3 4711 1265 3963 0.282330
3 4711 3963 138 0.169009
3 4711 138 4707 0.113860
3 4123 4707 138 0.165505
3 132 4711 4707 0.158204
3 132 4707 3735 0.116919
3 4469 1546 297 0.173641
3 1190 5789 3121 0.014760
3 1190 3121 3979 0.010289
3 3797 1190 3979 0.007014
3 1287 1181 3797 0.016475
3 1287 3797 3979 0.006763
3 1287 3979 1315 0.009071
3 3807 3574 1287 0.042879
3 3807 1287 3852 0.045704
3 3574 3807 4869 0.038974
3 3574 4869 5450 0.049655
3 206 958 4869 0.044431
3 4869 958 5450 0.045091
3 2506 4954 958 0.047091
3 2506 958 206 0.047351
3 958 4954 5450 0.038265
3 206 3030 2506 0.040820
3 3030 206 2853 0.042849
3 929 3514 3755 0.038786
3 1282 1352 2096 0.044550
3 4067 1373 4225 0.057935
3 1373 4067 5827 0.052583
3 3925 266 3423 0.005655
3 4463 3423 266 0.013698
3 4463 266 3805 0.027528
3 5598 2195 4571 0.010028
3 3423 2195 5598 0.012814
3 3805 3748 4378 0.021837
3 3748 3925 3654 0.003920
3 3748 266 3925 0.007069
3 266 3748 3805 0.020423
3 3654 2405 3508 0.002576
3 2405 3654 3925 0.003560
3 1270 5816 2405 0.001336
3 1270 2405 4438 0.003658
3 2405 5816 5777 0.001544
3 5816 1270 5563 0.002824
3 5579 5515 5563 0.007290
3 5579 5563 3518 0.008985
3 5579 3518 450 0.016422
3 3518 5563 2932 0.012760
3 1632 5579 450 0.014233
3 1632 450 4066 0.009520
3 450 911 4066 0.009197
3 911 450 3518 0.018021
3 685 2441 3146 0.022154
3 3146 2441 1242 0.026133
3 727 1242 2441 0.039054
3 1431 2441 4923 0.020676
3 5636 4923 2441 0.014572
3 5636 2441 685 0.013780
3 4931 5449 727 0.040456
3 4931 727 5650 0.063088
3 4563 4931 5650 0.034686
3 4243 768 3982 0.064521
3 5005 3982 768 0.038737
3 865 82 1393 0.043240
3 865 1393 4734 0.033779
3 1393 82 4932 0.033049
3 3491 4932 3982 0.013815
3 3982 4932 82 0.028721
3 3982 82 4243 0.044804
3 4243 82 865 0.068915
3 1581 5795 4420 0.008909
3 4420 497 1581 0.012335
3 497 4420 3491 0.008351
3 4937 1656 932 0.022639
3 932 1656 4470 0.012711
3 3684 3965 5476 0.012206
3 4099 5205 5567 0.011175
3 3747 5685 4819 0.013270
3 4360 3747 5713 0.026230
3 1476 5685 4360 0.019743
3 4360 5685 3747 0.015434
3 1476 4360 3417 0.025812
3 1214 2469 1476 0.025248
3 1214 1476 3417 0.031196
3 134 2469 1214 0.032764
3 134 1214 2706 0.030497
3 1226 3767 4004 0.091082
3 2673 5638 4004 0.092042
3 2673 4004 5569 0.183224
3 5638 2673 3910 0.076446
3 5638 3910 4306 0.061802
3 683 3520 4173 0.097052
3 3520 683 5114 0.174018
3 5569 4173 3520 0.105963
3 5654 5114 2454 0.421351
3 5654 2454 5538 0.309859
3 4728 5360 4567 0.206836
3 4567 5360 2079 0.168302
3 4203 4567 2079 0.153359
3 3333 4728 5630 0.147275
3 3333 5630 708 0.128534
3 5630 4728 4567 0.109018
3 5630 4567 4203 0.097029
3 3333 833 4728 0.291907
3 5360 4728 833 0.285967
3 5360 833 2356 0.371474
3 2728 833 3333 0.394230
3 708 2728 3333 0.387061
3 1208 3160 743 0.451222
3 743 3160 2728 0.339465
3 5686 1208 743 0.427112
3 5686 743 2898 0.392171
3 743 2728 2898 0.308153
3 3160 2356 833 0.365465
3 5428 5686 2898 0.523752
3 833 2728 3160 0.313522
3 5428 5158 1824 0.500238
3 1824 5158 2709 0.309942
3 1824 2709 2839 0.270436
3 5293 2709 5158 0.254502
3 4448 3119 4866 0.353277
3 3119 4448 4958 0.269506
3 5002 3119 4783 0.294911
3 837 2943 4013 0.257537
3 3099 5471 3211 0.914801
3 1133 1586 4087 0.968594
3 2977 4087 1586 0.973401
3 4161 3558 150 0.532391
3 5017 3558 4499 0.403015
3 5017 112 1063 0.378669
3 5017 1063 287 0.422543
3 112 5017 4499 0.355539
3 4512 1063 112 0.277918
3 5479 3243 608 0.723129
3 5479 608 1448 0.572138
3 1448 608 1063 0.409283
3 1448 1063 4512 0.282065
3 1063 608 287 0.497126
3 287 608 3243 0.669203
3 5512 1448 4512 0.275944
3 3611 5512 1897 0.192379
3 3611 1897 4700 0.185655
3 4700 2222 1773 0.157470
3 1773 2663 406 0.446541
3 2663 1773 2222 0.323295
3 1897 2222 4700 0.154132
3 2663 2222 5241 0.404334
3 5442 5801 2663 0.682111
3 5417 3615 1433 0.389767
3 159 5417 1433 0.398496
3 3080 3615 2121 0.303647
3 1717 1820 2121 0.413796
3 815 2121 1820 0.445383
3 1717 2121 12 0.449487
3 696 1717 117 0.356962
3 117 1717 354 0.338804
3 117 354 2186 0.359128
3 354 1717 12 0.408644
3 1820 1717 696 0.464574
3 1820 696 3009 0.469841
3 4942 1714 1453 0.490611
3 1714 2331 1453 0.468921
3 1714 354 5417 0.470303
3 354 1714 4942 0.496814
3 4942 1453 3857 0.391091
3 3857 1453 1771 0.412359
3 3857 1771 1277 0.431978
3 554 4942 3857 0.226264
3 4879 3278 3883 0.137904
3 1395 5681 3253 0.032735
3 1765 5681 3278 0.079268
3 3278 5681 1395 0.051026
3 1489 510 554 0.308102
3 4224 1489 1938 0.311474
3 1938 1489 2266 0.284830
3 4232 1938 2266 0.218748
3 3385 1627 2575 0.065514
3 3385 2575 4232 0.087498
3 5085 256 3200 0.198492
3 3200 256 1938 0.232404
3 4115 3200 3220 0.085175
3 3220 3200 2575 0.108280
3 4224 1938 256 0.304335
3 4224 256 5085 0.277778
3 5085 3200 4115 0.173522
3 1627 3220 2575 0.053298
3 4232 2575 3200 0.105921
3 4232 3200 1938 0.180680
3 5288 510 1489 0.381256
3 5288 1489 4224 0.341933
3 5288 4224 4057 0.410878
3 2865 4057 3164 0.527133
3 2865 3164 2023 0.597215
3 3585 4057 2865 0.612593
3 3009 3585 5078 0.678867
3 5078 3585 5262 0.704589
3 5262 3585 2865 0.712681
3 3036 324 5262 0.683130
3 4781 5078 5262 0.577727
3 3349 5078 4343 0.523932
3 4343 5078 4781 0.568580
3 4781 5262 324 0.600752
3 2158 4343 4505 0.598183
3 1205 4505 4343 0.560233
3 5038 4505 4544 0.704386
3 4544 4505 1205 0.625900
3 3791 4505 5038 0.686774
3 1153 3791 5038 0.706759
3 1153 5038 1448 0.594064
3 4337 1153 5512 0.335361
3 5512 1153 1448 0.334241
3 5479 1448 5038 0.686904
3 4337 3791 1153 0.620008
3 2579 4337 4527 0.357199
3 4337 2579 3791 0.546045
3 2121 815 4527 0.424813
3 2121 4527 3080 0.308787
3 3611 3080 4527 0.227311
3 2158 3791 2579 0.663717
3 804 2158 2579 0.534252
3 804 2579 4527 0.510954
3 3349 4343 804 0.477960
3 3349 804 815 0.486344
3 4505 3791 2158 0.718141
3 2186 3585 696 0.535772
3 2186 696 117 0.333933
3 696 3585 3009 0.546820
3 4057 3585 2186 0.554678
3 4057 2186 5288 0.466262
3 5288 2186 4942 0.365945
3 510 5288 4942 0.315881
3 1903 5751 4008 0.968082
3 4008 5751 4229 0.979165
3 5219 4008 4229 0.986556
3 5219 4229 2206 0.991151
3 4748 4008 5219 0.980008
3 5219 2206 4690 0.989296
3 244 4690 2206 0.991249
3 853 5219 3511 0.986152
3 3511 5219 4690 0.990318
3 3511 4690 5429 0.992288
3 5429 4690 1257 0.995531
3 1257 2711 5429 0.991427
3 943 5586 2491 0.978229
3 4143 5429 2711 0.992126
3 3502 3937 3511 0.968446
3 29 3502 3511 0.971758
3 3109 3937 3502 0.965375
3 4418 3109 3264 0.918638
3 3502 3264 3109 0.947859
3 1021 3875 4704 0.984740
3 5693 4704 3875 0.987985
3 2921 4637 5591 0.901628
3 2921 5591 5748 0.796549
3 2921 5748 5695 0.827924
3 1626 5695 5748 0.821786
3 2154 2921 2404 0.947939
3 2154 2404 2691 0.942116
3 2404 2921 5695 0.876941
3 4637 2921 2154 0.947591
3 767 758 1540 0.887824
3 5568 1540 3798 0.813533
3 5568 3798 5418 0.755775
3 1758 284 4525 0.453110
3 4711 4469 1758 0.243916
3 4711 1758 4525 0.364538
3 2078 3619 237 0.787190
3 237 3619 3675 0.852900
3 2727 3619 2078 0.595563
3 4751 564 5308 0.086667
3 2727 564 4751 0.246948
3 2655 3138 5789 0.036973
3 2655 5789 3563 0.024158
3 1181 3563 3797 0.012756
3 3797 3563 5789 0.009668
3 1190 3797 5789 0.010816
3 5450 2655 3574 0.038748
3 1692 5308 2532 0.028940
3 2335 3513 1355 0.031173
3 3694 4845 2779 0.008128
3 3694 5704 4845 0.010502
3 2490 1352 1282 0.039651
3 1600 5490 3353 0.018347
3 5564 3353 5490 0.028680
3 4708 3353 5177 0.026444
3 5177 3353 4113 0.023328
3 3654 3508 4113 0.006483
3 3654 4113 3748 0.007907
3 3748 4113 4378 0.023837
3 3508 2125 5177 0.011131
3 2125 3508 1473 0.009125
3 5777 1473 3508 0.001401
3 1394 4619 5755 0.002652
3 5129 1293 5755 0.002114
3 5470 5129 5755 0.003729
3 5470 5755 4619 0.004871
3 5207 5470 89 0.004489
3 5207 89 5816 0.003851
3 5816 89 5777 0.001774
3 5777 89 5470 0.005428
3 5207 5816 5563 0.004255
3 5515 5207 5563 0.006198
3 2116 685 3146 0.013054
3 2533 2116 3146 0.006033
3 2533 3146 1173 0.004860
3 1173 3146 4842 0.015621
3 1242 4842 3146 0.019015
3 1796 4931 4563 0.041884
3 1429 2926 3703 0.349620
3 4734 2017 865 0.031661
3 1206 2017 4734 0.023170
3 3553 4734 1393 0.021387
3 4919 4734 3788 0.025031
3 3553 3788 4734 0.028785
3 3788 3553 5795 0.014684
3 4420 5795 4932 0.014486
3 4932 3553 1393 0.034633
3 4932 5795 3553 0.010089
3 3279 5795 1581 0.008876
3 5810 5795 3279 0.011628
3 3965 3279 1581 0.007533
3 3684 3279 3965 0.010384
3 444 5810 3279 0.011067
3 5205 444 3684 0.012000
3 3684 444 3279 0.012883
3 3684 5567 5205 0.010151
3 5567 3684 5476 0.009800
3 4536 3412 571 0.044397
3 4536 571 2666 0.067081
3 571 3412 2802 0.031402
3 2802 3412 625 0.017005
3 444 625 3412 0.011703
3 444 3412 5810 0.011512
3 330 2666 571 0.054611
3 330 571 2802 0.041221
3 5205 2802 625 0.011167
3 4099 2315 2802 0.014507
3 4099 2802 5205 0.010147
3 2502 2472 2830 0.118330
3 1226 2935 3767 0.055856
3 2836 1552 3709 0.025250
3 1552 2836 5582 0.040706
3 1824 2839 211 0.325779
3 5428 1824 2816 0.540481
3 2816 1824 211 0.402845
3 2816 211 5114 0.396492
3 2816 5654 5686 0.505376
3 5114 5654 2816 0.517664
3 2816 5686 5428 0.565704
3 5686 3160 1208 0.451934
3 5686 5654 3160 0.514658
3 5538 3160 5654 0.417241
3 2103 3362 5144 0.122250
3 2709 5293 5144 0.167737
3 5144 5293 2687 0.148042
3 2687 5293 5349 0.180138
3 3186 4405 3426 0.326391
3 3186 3426 5002 0.426436
3 3941 5701 3295 0.637634
3 4667 4175 3941 0.659172
3 3295 4667 3941 0.621209
3 1589 1133 4087 0.955919
3 3399 1589 4087 0.947948
3 3399 4087 3255 0.967092
3 2991 2790 4474 0.838190
3 5017 4474 3558 0.537045
3 980 2790 2991 0.834258
3 980 2991 3243 0.828316
3 3243 2991 287 0.668786
3 287 2991 5017 0.587281
3 5017 2991 4474 0.651240
3 2447 4008 4915 0.973435
3 4748 4915 4008 0.973103
3 2703 5552 4410 0.973436
3 676 4150 4410 0.912462
3 676 4410 4748 0.959842
3 4410 4150 2521 0.895888
3 3937 3035 676 0.943118
3 3937 676 853 0.957290
3 853 676 5219 0.975533
3 1590 2521 4150 0.894571
3 3185 2936 17 0.964768
3 4150 17 2936 0.921799
3 4150 2936 1590 0.918927
3 4142 3402 4418 0.922295
3 515 4142 5591 0.851742
3 2111 4142 515 0.941530
3 3264 5591 4418 0.846924
3 4418 5591 4142 0.858784
3 4637 515 5591 0.880177
3 3717 1597 2649 0.973523
3 3322 3898 1331 0.966024
3 1597 3717 5213 0.978911
3 2118 784 3304 0.991510
3 3304 784 2336 0.986421
3 210 784 1162 0.972409
3 1816 1162 784 0.973908
3 1816 784 2118 0.988907
3 210 2336 784 0.974246
3 5192 210 5091 0.963686
3 210 5192 2336 0.958134
3 1162 5091 210 0.963043
3 3719 5192 4570 0.951789
3 4570 5192 2832 0.977493
3 4091 2832 5166 0.887588
3 4461 2765 3675 0.865883
3 4461 5542 995 0.806444
3 729 5542 4461 0.713786
3 729 4461 4847 0.639576
3 3675 4847 4461 0.762547
3 5555 4847 3619 0.715466
3 5555 3619 4751 0.673211
3 3619 4847 3675 0.816301
3 661 1570 2776 0.097234
3 2776 1570 5555 0.188736
3 2776 5555 4751 0.180454
3 4751 5308 2776 0.072812
3 3689 139 1570 0.145803
3 4444 3689 4860 0.174449
3 4860 3689 1570 0.150015
3 3239 4383 3513 0.013583
3 3239 3513 2335 0.008163
3 3569 4383 2051 0.020123
3 3239 2051 4383 0.010978
3 2051 3239 163 0.005113
3 163 3239 1958 0.004645
3 1958 3239 2335 0.007055
3 1753 163 86 0.003383
3 86 163 1958 0.003696
3 4560 1753 86 0.002622
3 4560 86 1958 0.003241
3 4560 1958 4652 0.002814
3 2811 4652 4424 0.002861
3 2811 5704 3694 0.004144
3 1600 1244 5490 0.017807
3 3975 3051 5315 0.005171
3 3331 1417 5315 0.003076
3 1121 3331 5315 0.005173
3 3331 1121 2694 0.010801
3 2125 2694 1088 0.033220
3 4593 1256 5755 0.001672
3 5755 1293 5521 0.001918
3 5755 5210 4593 0.002118
3 5210 5755 5521 0.001692
3 1451 4593 4789 0.003118
3 5303 4789 5210 0.002764
3 5303 5210 2353 0.002542
3 2353 5210 5209 0.002989
3 5209 5210 5521 0.001426
3 4593 5210 4789 0.002677
3 4842 1676 535 0.017001
3 4842 535 1219 0.011898
3 4842 1219 1173 0.014082
3 4036 1219 535 0.009059
3 4036 535 1330 0.009351
3 1330 535 1676 0.014456
3 5589 1676 4842 0.022381
3 5589 4842 5180 0.013030
3 4779 1330 1676 0.012394
3 1676 5589 4779 0.015662
3 1486 5589 870 0.021559
3 4698 2983 863 0.063068
3 4698 863 4218 0.026321
3 1638 41 1666 0.047739
3 1638 1666 2690 0.041700
3 2690 1666 5353 0.058452
3 1666 41 2328 0.042831
3 2781 5353 1666 0.103144
3 2781 1666 2328 0.069579
3 613 5353 1429 0.195737
3 1429 5353 2781 0.141504
3 1857 927 613 0.328729
3 3096 645 2894 0.040675
3 3063 3096 2017 0.033679
3 5487 2017 3096 0.045994
3 1715 2063 4746 0.027368
3 3886 4572 5132 0.028079
3 2 3886 5132 0.022201
3 5810 4536 3788 0.036773
3 3788 4536 4919 0.029993
3 5795 5810 3788 0.019679
3 4536 5810 3412 0.031817
3 948 4762 5473 0.017465
3 948 5473 5779 0.019306
3 3424 948 5775 0.009936
3 5779 5775 948 0.011445
3 1272 5583 3424 0.006559
3 1272 3424 3868 0.008500
3 4234 3868 3424 0.012301
3 4234 3424 5775 0.019446
3 4234 5775 2836 0.019828
3 3709 4234 2836 0.026184
3 169 3709 1552 0.033149
3 169 1552 5582 0.043167
3 5582 4513 4158 0.060108
3 5582 4158 169 0.052053
3 4163 1139 2103 0.069725
3 2103 1139 4513 0.076401
3 1608 4163 2103 0.089375
3 1608 2103 5144 0.114259
3 5144 5349 1608 0.155720
3 4163 2678 3413 0.076706
3 2678 5349 2300 0.193606
3 5349 2678 1608 0.131987
3 1608 2678 4163 0.100008
3 1093 3413 2678 0.102463
3 1093 2678 538 0.120071
3 538 2678 2300 0.208038
3 538 2300 1132 0.241748
3 1132 2300 3163 0.298677
3 3959 3163 2300 0.273713
3 2025 1916 1078 0.308482
3 2025 1078 619 0.353593
3 887 2025 1158 0.547057
3 887 4167 2025 0.476840
3 5701 1158 3186 0.588274
3 3186 1158 619 0.533161
3 619 1158 2025 0.441898
3 4167 887 5701 0.622651
3 1158 5701 887 0.616488
3 4995 4167 443 0.651924
3 4995 443 4286 0.677784
3 4286 443 3941 0.571577
3 3941 443 5701 0.584066
3 5701 443 4167 0.651438
3 973 2988 4286 0.880163
3 4995 4286 2988 0.796383
3 4667 4358 4175 0.819059
3 2951 4358 3399 0.950895
3 3399 4358 1589 0.947765
3 1589 4358 4667 0.910216
3 4175 4358 3214 0.923562
3 4175 3214 1844 0.933637
3 2951 3214 4358 0.946562
3 4656 5097 3095 0.989314
3 4656 3095 1705 0.973150
3 2290 5097 4656 0.991310
3 5635 4656 5272 0.982409
3 5272 4656 1705 0.964889
3 5272 1705 5488 0.969754
3 5488 1705 3095 0.978317
3 5399 4474 2249 0.894771
3 5399 4274 4474 0.901490
3 2790 2249 4474 0.898702
3 4774 4654 2406 0.990219
3 4755 3029 2703 0.989778
3 4755 2703 2521 0.971381
3 5552 2703 3029 0.987206
3 2928 5788 2810 0.978524
3 2810 5788 2936 0.965038
3 2810 2936 3185 0.969345
3 1602 2928 2810 0.973110
3 1602 2810 4701 0.979486
3 4701 2810 3134 0.981550
3 3134 2810 3185 0.967694
3 3500 3237 2928 0.969469
3 3500 2928 1602 0.974352
3 3500 4701 4835 0.990639
3 1602 4701 3500 0.983690
3 1142 3500 4046 0.990010
3 4046 3500 4835 0.987156
3 3742 4046 4835 0.993142
3 687 5570 3304 0.993952
3 2336 687 3304 0.983372
3 2118 3304 5036 0.995521
3 5036 3304 5570 0.997097
3 5651 3523 4075 0.938368
3 3523 5651 4131 0.967968
3 4131 5651 2337 0.979536
3 2337 5651 1386 0.980906
3 4088 4012 1567 0.962222
3 4012 4088 908 0.958104
3 908 4088 1932 0.974234
3 908 1932 4570 0.977029
3 2174 4012 908 0.943876
3 4012 3874 5529 0.896612
3 3775 4029 3381 0.790098
3 3775 3381 2038 0.678649
3 3775 2038 5812 0.646879
3 2038 3381 3765 0.778099
3 5812 2038 3765 0.753162
3 2653 5812 3765 0.777636
3 4549 5402 3242 0.772402
3 4531 3789 5542 0.462010
3 3689 4531 729 0.215830
3 3689 729 139 0.188128
3 729 4531 5542 0.390576
3 4149 3789 4444 0.445048
3 4149 4444 4049 0.405718
3 1911 5089 5109 0.015964
3 1753 2051 163 0.004759
3 2051 5089 3070 0.012403
3 5089 2051 1753 0.007044
3 3780 5784 5157 0.002136
3 5176 3780 5157 0.003173
3 5315 1417 5157 0.001796
3 5315 5157 3975 0.002196
3 3975 5157 2742 0.002181
3 5791 3780 5176 0.002819
3 4978 513 3331 0.003559
3 3331 513 1417 0.003997
3 4978 3331 1348 0.004899
3 1348 3331 5516 0.006491
3 5516 3331 5278 0.007133
3 4978 1348 5165 0.008608
3 5165 1348 5516 0.005350
3 678 5516 5303 0.004138
3 678 5303 4605 0.004270
3 5303 5516 4789 0.005002
3 4789 5516 761 0.004398
3 5165 5516 678 0.004501
3 2166 5165 678 0.003217
3 2166 678 4605 0.003258
3 5165 2166 4498 0.004987
3 5453 4498 2166 0.004272
3 5453 2166 4605 0.002473
3 3679 5453 4605 0.005157
3 4036 1651 2353 0.008143
3 4036 2353 5209 0.006724
3 503 4829 2514 0.028697
3 503 2514 2302 0.017358
3 2302 164 4221 0.009572
3 164 2302 2514 0.010883
3 2297 2514 4829 0.029495
3 1196 4221 164 0.009564
3 1196 164 4630 0.017179
3 4630 164 5160 0.022245
3 5160 164 2514 0.015165
3 5160 2514 466 0.013483
3 1486 1500 5589 0.027598
3 5589 1500 3093 0.037026
3 3662 1638 2690 0.060961
3 5251 3662 2690 0.058998
3 2042 5251 1416 0.209560
3 1118 2042 1416 0.224680
3 927 1857 1118 0.287296
3 927 1118 1416 0.221979
3 927 1416 5353 0.193388
3 5760 2042 2597 0.605340
3 5760 2597 1227 0.591356
3 741 5194 2419 0.365526
3 1830 3605 3806 0.074555
3 2063 1715 1437 0.029143
3 1967 3943 3605 0.059371
3 1967 3605 1525 0.050447
3 4346 1967 1525 0.054690
3 4346 1525 1703 0.076234
3 1673 2334 1380 0.027945
3 1673 1380 2987 0.058947
3 1380 2334 3488 0.022368
3 3218 4955 4530 0.036375
3 3868 4530 907 0.012533
3 3868 907 1272 0.007877
3 1272 907 5583 0.009997
3 3488 907 4530 0.017507
3 4234 1410 3868 0.016352
3 1655 4158 3781 0.040633
3 3781 4158 275 0.049634
3 275 2608 4310 0.031101
3 4926 2608 4513 0.037089
3 4513 2608 4158 0.049273
3 4158 2608 275 0.054270
3 4163 3413 3406 0.039043
3 4163 3406 1139 0.044781
3 663 538 1132 0.204000
3 538 663 1093 0.164794
3 2785 1916 3382 0.204325
3 3935 2785 3382 0.357250
3 3935 3382 2016 0.452406
3 3935 2016 1204 0.411866
3 2720 2615 4455 0.829732
3 2615 2720 3621 0.857558
3 268 2615 2988 0.887335
3 268 2988 973 0.941455
3 5067 5678 268 0.924964
3 4683 2863 5710 0.974527
3 5592 5710 4656 0.992941
3 5592 4656 5635 0.988446
3 4656 5710 2290 0.992920
3 2076 4585 1428 0.965684
3 1428 4585 3893 0.962528
3 5272 3893 5635 0.973825
3 76 1428 5399 0.862989
3 5399 1428 2271 0.844717
3 1428 76 2076 0.924797
3 2076 76 2249 0.952806
3 2249 76 5399 0.870778
3 5272 2271 1428 0.909780
3 5272 1428 3893 0.941904
3 5048 5837 4654 0.988284
3 5736 2708 5048 0.990151
3 5048 4654 5736 0.987144
3 1245 5466 5736 0.995633
3 5446 5466 1245 0.993658
3 1245 771 5446 0.996482
3 1245 5736 771 0.996753
3 5543 1169 4422 0.993115
3 3940 4146 5768 0.989421
3 5768 3811 3843 0.916779
3 5768 3843 4359 0.878107
3 4266 4359 3843 0.898383
3 4266 3843 1775 0.905796
3 5397 1775 3843 0.958396
3 4564 4266 53 0.923036
3 4379 4856 3098 0.993254
3 4046 4379 3098 0.996505
3 5691 4377 3853 0.995339
3 3853 2621 5486 0.999363
3 5486 2621 5631 0.999604
3 1831 652 5036 0.998944
3 1831 5036 5570 0.998733
3 1831 5570 2880 0.999421
3 2880 5570 5740 0.998263
3 3848 5410 5740 0.998265
3 3848 5740 5047 0.995974
3 5570 5047 5740 0.997396
3 4131 219 3523 0.931008
3 5545 3141 4131 0.980279
3 4131 3141 219 0.912192
3 2337 5545 4131 0.962856
3 2417 5545 2337 0.965370
3 3347 5482 3141 0.886512
3 3752 3775 5812 0.635978
3 4541 2976 5197 0.330365
3 2976 4541 3075 0.488914
3 4049 2192 4149 0.467396
3 4984 2799 4541 0.157097
3 3531 2799 4984 0.140877
3 738 2547 4984 0.076952
3 738 4984 2920 0.057163
3 2920 4984 4889 0.043297
3 1180 4889 1530 0.037554
3 1945 3542 490 0.042110
3 1945 490 2920 0.060639
3 738 2920 490 0.053566
3 738 490 2547 0.058488
3 2547 490 3602 0.057508
3 3542 3602 490 0.043471
3 5580 3542 1945 0.052061
3 2992 721 5109 0.038386
3 2992 5580 1945 0.051160
3 1911 5109 721 0.026000
3 1911 721 4889 0.034269
3 1945 721 2992 0.053899
3 508 2992 2036 0.013661
3 2036 2992 343 0.013080
3 508 2036 3729 0.006838
3 5580 4670 3746 0.012051
3 4010 4670 508 0.009360
3 4010 508 3729 0.009553
3 508 4670 5580 0.017289
3 4010 3729 4365 0.002478
3 1934 5784 5791 0.003481
3 5791 5784 3780 0.003581
3 5784 1934 3639 0.003339
3 3704 3592 1871 0.000796
3 4428 3445 2665 0.002183
3 4428 2665 4138 0.003577
3 4428 4138 382 0.009809
3 3679 1404 382 0.021579
3 3679 382 5453 0.017735
3 5453 382 4138 0.014014
3 2109 4428 382 0.014461
3 2109 382 1073 0.022146
3 1797 2484 1654 0.002540
3 4428 1654 2484 0.005359
3 2109 1654 4428 0.014316
3 2829 1797 1654 0.003117
3 2829 1654 1963 0.009060
3 2109 1963 1654 0.021255
3 3838 345 1119 0.022732
3 3838 1119 4920 0.017443
3 522 4920 2302 0.009040
3 522 2302 4221 0.008335
3 4920 503 2302 0.013779
3 3734 4920 522 0.010459
3 3734 522 5040 0.008794
3 5040 522 4221 0.007795
3 1699 4221 1196 0.007020
3 1179 1572 5474 0.100040
3 1179 2110 1572 0.164517
3 1572 2110 4967 0.226752
3 3419 4967 2110 0.387270
3 1227 3419 5760 0.499182
3 2110 5760 3419 0.409260
3 1618 3419 745 0.317380
3 2169 5329 4494 0.084204
3 1778 167 4346 0.081585
3 5312 4346 167 0.083432
3 1673 1921 918 0.077614
3 1673 918 1360 0.060104
3 1360 918 1703 0.068275
3 1703 918 4346 0.071729
3 4346 918 1921 0.055153
3 4669 4026 4489 0.007285
3 4489 4026 5763 0.008110
3 3781 5537 1655 0.039423
3 1655 5537 5401 0.026809
3 275 4310 3781 0.018302
3 5597 4025 4310 0.011985
3 5597 4310 1407 0.011478
3 1407 4310 3245 0.011137
3 1241 5292 467 0.191361
3 5310 4363 1113 0.718452
3 4455 2612 2720 0.852823
3 4455 3025 2612 0.824026
3 2612 3025 5369 0.863482
3 2612 5369 3017 0.862106
3 5678 2685 4455 0.927122
3 2685 2527 3025 0.881296
3 3025 4455 2685 0.865758
3 1396 2527 935 0.925178
3 2685 4557 935 0.932948
3 2685 935 2527 0.877942
3 2418 5361 4683 0.972600
3 292 5361 3972 0.990517
3 292 3972 2708 0.995209
3 3972 5361 2418 0.986944
3 229 2708 3972 0.994488
3 229 3972 4809 0.996045
3 4809 3972 2418 0.994953
3 4809 2418 5592 0.992831
3 5635 4983 5592 0.990681
3 5592 4983 4809 0.992624
3 229 4809 3112 0.991290
3 3112 4809 4983 0.989808
3 5048 2708 229 0.993539
3 229 3112 5048 0.990464
3 3112 4983 5635 0.987725
3 5837 5048 4585 0.984227
3 3893 4585 3112 0.981912
3 3893 3112 5635 0.983806
3 3112 4585 5048 0.982013
3 5446 4558 5466 0.992922
3 2483 4558 5446 0.991327
3 1880 1258 5543 0.992964
3 1832 3600 1880 0.981666
3 894 1832 1880 0.982294
3 4855 5027 464 0.963288
3 4855 464 4763 0.971948
3 5215 4763 464 0.936112
3 5215 464 5027 0.942737
3 3437 1734 1723 0.895443
3 1723 1734 5215 0.897535
3 413 5337 5502 0.975203
3 225 4301 413 0.968037
3 225 413 5502 0.973646
3 4856 4255 5502 0.978641
3 959 4255 4377 0.976934
3 5467 4255 959 0.961905
3 5467 959 2530 0.980316
3 5691 2530 959 0.983861
3 5691 959 4377 0.984493
3 5825 1571 1611 0.992453
3 5691 1571 5825 0.994709
3 5047 1571 3848 0.992774
3 2306 3848 5691 0.994588
3 5691 3848 1571 0.993809
3 5410 3848 2306 0.996188
3 3483 3853 5486 0.999571
3 3853 3483 5691 0.997687
3 5691 3483 2306 0.996764
3 2306 3483 5410 0.998899
3 5410 3483 5486 0.999642
3 5410 5486 1091 0.999727
3 1091 5486 5631 0.999665
3 3763 1091 5631 0.999764
3 3763 5410 1091 0.999725
3 3668 3763 5631 0.999739
3 5740 5410 3763 0.999566
3 5740 3763 2880 0.999389
3 1831 2880 3763 0.999555
3 1831 3763 3668 0.999753
3 5765 2675 350 0.965987
3 4551 3268 399 0.526558
3 3775 3752 3268 0.721396
3 3775 3268 4029 0.759149
3 4472 2376 4551 0.191865
3 4472 4551 4805 0.219242
3 4805 52 1466 0.276824
3 52 4805 399 0.466673
3 399 4805 4551 0.379250
3 4999 4459 4447 0.230841
3 1449 4999 4447 0.343886
3 3531 4999 2799 0.227816
3 4999 3531 4459 0.225935
3 4459 3531 5823 0.174385
3 3602 1250 3928 0.061664
3 1223 3746 5258 0.004606
3 2974 1223 5258 0.003112
3 213 4874 2510 0.002869
3 1595 2510 4874 0.003134
3 2796 4874 213 0.002420
3 2796 213 4010 0.002395
3 4010 213 4670 0.003403
3 2510 4670 213 0.004015
3 5572 3840 4816 0.001403
3 3740 3840 5572 0.002232
3 3740 5572 4738 0.001175
3 4569 1345 1798 0.002059
3 4569 1798 5233 0.002208
3 4569 2829 3823 0.003849
3 3823 2829 1963 0.004911
3 3838 4843 345 0.013580
3 4843 3838 2726 0.017045
3 2726 3838 4920 0.015002
3 1902 4843 2726 0.016666
3 1606 1902 2726 0.024754
3 1606 2726 4920 0.016389
3 3734 1606 4920 0.014142
3 1606 3734 5280 0.020736
3 1606 5280 1902 0.028563
3 5040 5280 3734 0.014829
3 5670 3110 2595 0.028559
3 2595 3110 5280 0.025832
3 2595 5280 435 0.017290
3 5280 3110 2821 0.031376
3 4290 5670 2595 0.021590
3 1089 4290 2595 0.017186
3 435 1089 2595 0.019901
3 404 4290 4330 0.021582
3 404 4330 5540 0.038944
3 5540 4330 121 0.032775
3 5326 121 4330 0.029972
3 8 5016 4330 0.017911
3 8 4330 4290 0.013440
3 4330 5016 5326 0.024917
3 4307 5474 5016 0.036363
3 3140 4307 5016 0.020257
3 5326 1960 5540 0.051598
3 4967 1347 1572 0.107160
3 4967 2882 1347 0.151365
3 1618 3257 3419 0.307177
3 4494 4893 2169 0.120106
3 925 4893 4267 0.069615
3 925 4267 288 0.078983
3 3891 4267 4893 0.116940
3 167 4267 5312 0.075720
3 1778 3496 167 0.061927
3 167 3496 4267 0.042482
3 4026 3496 5763 0.014685
3 3970 5763 3496 0.026875
3 5763 3970 3859 0.019642
3 4830 3292 1869 0.018335
3 1869 3292 2112 0.018424
3 3100 3292 4830 0.016969
3 72 2112 3292 0.015222
3 72 3292 2231 0.011839
3 3281 178 2671 0.011411
3 3281 2671 1363 0.008846
3 4669 4489 1363 0.009430
3 3072 1363 4489 0.005248
3 3072 4489 1462 0.006116
3 1462 4489 100 0.009901
3 1462 100 5401 0.013192
3 1462 5401 5537 0.020626
3 5401 100 4489 0.017000
3 5401 4489 3859 0.018100
3 2659 3156 1340 0.016295
3 1340 3156 5537 0.016714
3 2659 1340 3449 0.022698
3 1815 3449 702 0.030153
3 1815 702 178 0.023431
3 3449 1340 4310 0.016797
3 702 3449 5597 0.028453
3 5597 3449 4025 0.022317
3 5169 1241 3142 0.190359
3 5169 4561 1241 0.104143
3 2225 3142 467 0.329914
3 467 3142 1241 0.248402
3 5292 1241 4561 0.103909
3 5484 4053 5411 0.983012
3 5484 5411 4389 0.980178
3 4389 5411 314 0.973979
3 4389 314 4758 0.972891
3 733 5484 3058 0.958958
3 733 3058 4558 0.984896
3 2674 3058 4389 0.942564
3 2674 4389 2866 0.911412
3 4389 3058 5484 0.963730
3 2674 4558 3058 0.975384
3 4840 2573 2483 0.992960
3 4840 2483 3856 0.994988
3 5446 3856 2483 0.996205
3 4558 2483 2573 0.989539
3 5484 2573 4840 0.978058
3 4840 3856 5532 0.991081
3 3162 891 787 0.955341
3 787 891 4053 0.981072
3 3162 4840 1925 0.968105
3 4840 3162 5484 0.975985
3 5484 3162 787 0.979656
3 4169 4053 891 0.974547
3 4169 891 3721 0.957567
3 3721 891 3162 0.947446
3 3721 3162 1925 0.947433
3 5424 3721 463 0.957664
3 5424 463 3863 0.973610
3 5424 3863 5256 0.977259
3 3863 463 93 0.970263
3 93 463 1925 0.970938
3 1925 463 3721 0.951289
3 285 1588 4968 0.980010
3 5389 4968 3863 0.982548
3 3863 4968 1588 0.982091
3 4969 5389 3600 0.988414
3 5389 4969 4968 0.987566
3 3720 5805 4969 0.981408
3 3600 3720 4969 0.989640
3 1832 3720 3600 0.980262
3 5046 5805 3720 0.965761
3 1832 5046 3720 0.975027
3 5684 3034 5046 0.952397
3 5046 3034 5805 0.949480
3 5805 3034 1644 0.922821
3 304 2849 3034 0.957504
3 304 3034 4353 0.958872
3 3034 5684 4353 0.957842
3 5531 4353 5684 0.938926
3 3073 3259 3487 0.955960
3 3073 3487 4855 0.954983
3 3957 4855 4763 0.967036
3 3957 4382 5200 0.908968
3 4339 5200 4382 0.881926
3 2542 225 5467 0.970729
3 156 5467 2675 0.968088
3 156 2675 5765 0.957044
3 5491 5765 4052 0.958545
3 4326 4052 5765 0.970637
3 2934 691 994 0.724356
3 2934 994 2791 0.723873
3 2791 2824 1279 0.872570
3 2376 4246 1488 0.510799
3 1488 3587 637 0.567865
3 637 3587 1279 0.773047
3 3587 1488 4246 0.470002
3 3597 2376 1488 0.560987
3 5769 3597 637 0.731675
3 1488 637 3597 0.595155
3 4891 4246 2265 0.215064
3 2265 4246 2376 0.317519
3 3671 4023 434 0.067737
3 434 4023 813 0.069040
3 3671 434 1338 0.051359
3 2265 813 4023 0.083711
3 5341 4805 1466 0.092085
3 1182 4089 243 0.278065
3 1250 2402 5387 0.013803
3 1250 5387 3928 0.055420
3 5186 202 1350 0.002607
3 2639 3816 2227 0.001408
3 2227 3816 4625 0.000873
3 992 4788 1532 0.004455
3 4788 992 3037 0.003798
3 9 4839 4788 0.002427
3 4817 9 4788 0.003392
3 4817 4788 2400 0.003806
3 2400 4788 1595 0.003116
3 4817 2400 3106 0.003898
3 2400 4874 3106 0.003211
3 4874 60 3106 0.002565
3 1595 4874 2400 0.002853
3 2540 730 471 0.004771
3 3106 4597 730 0.003870
3 3106 730 4817 0.003910
3 4817 730 2540 0.005227
3 4597 3740 3387 0.001894
3 4242 471 3387 0.002356
3 471 4597 3387 0.002084
3 4242 2540 471 0.003123
3 730 4597 471 0.002730
3 1798 1345 4242 0.004599
3 1798 4242 5233 0.002167
3 5233 4242 3706 0.002109
3 2812 2540 3123 0.003428
3 4966 1060 4433 0.003322
3 1333 4433 1060 0.004031
3 4843 1213 1001 0.010794
3 3823 4843 1001 0.010055
3 5081 5738 1568 0.032745
3 2821 5081 1568 0.031212
3 5485 5826 3996 0.038452
3 5485 3996 5540 0.054174
3 5540 3996 404 0.043205
3 5670 404 3996 0.034947
3 5670 3996 148 0.036572
3 1596 818 2867 0.080253
3 3343 1596 2867 0.065487
3 1419 387 4893 0.258829
3 1845 2606 925 0.124656
3 925 2606 1419 0.169627
3 4710 2606 1845 0.061960
3 4710 1845 4546 0.040958
3 3873 2367 3262 0.021124
3 3756 2456 2097 0.091687
3 5169 3756 2598 0.097389
3 2097 2598 3756 0.057559
3 3484 5463 4524 0.262385
3 3484 4524 5744 0.275290
3 2562 4321 5301 0.880946
3 4962 5301 2127 0.876682
3 5411 3815 314 0.960951
3 1541 3815 5411 0.975289
3 1541 5411 5804 0.975364
3 3721 5424 4169 0.970992
3 1185 1854 4171 0.915615
3 4171 1854 299 0.961831
3 4968 4969 4171 0.963014
3 4171 4969 5609 0.961172
3 5609 4969 5805 0.970595
3 2448 5625 605 0.918398
3 5460 2448 1942 0.948456
3 304 1942 605 0.937415
3 304 605 2849 0.960162
3 605 1942 2448 0.923503
3 5460 1942 4353 0.880856
3 4353 1942 304 0.930062
3 5460 4353 5531 0.900651
3 2629 4565 3323 0.941281
3 5239 3944 883 0.816380
3 5239 883 5200 0.850963
3 5200 883 3073 0.893626
3 3259 3073 5245 0.946522
3 5245 3073 883 0.906508
3 5245 883 3944 0.863923
3 2841 2135 5239 0.800168
3 1843 355 4339 0.921967
3 1843 4339 5232 0.919995
3 2828 750 3822 0.874359
3 3822 750 3528 0.839825
3 1647 5467 912 0.952427
3 912 5467 156 0.957026
3 5491 912 156 0.949661
3 5491 156 5765 0.954999
3 5491 5606 912 0.959037
3 912 5606 1647 0.949113
3 732 124 2055 0.794097
3 487 732 2055 0.791048
3 4120 3171 5062 0.688502
3 4120 5062 1460 0.661699
3 3952 5412 4891 0.133423
3 3656 3118 5240 0.049260
3 3671 5240 3118 0.047124
3 5458 1376 3256 0.024713
3 2247 1376 5458 0.025044
3 2948 4836 1376 0.013284
3 1376 4836 3256 0.019084
3 4782 4836 2948 0.007412
3 4782 2948 2964 0.005837
3 2964 2948 4114 0.005833
3 5304 3256 4836 0.010323
3 1604 1231 2468 0.001752
3 2468 1231 4839 0.002049
3 2812 3916 2539 0.003358
3 2468 2539 1604 0.003002
3 1604 2539 3916 0.003157
3 4817 2539 2468 0.004148
3 4817 2468 9 0.003283
3 9 2468 4839 0.003190
3 5128 3471 4966 0.005011
3 5541 4574 4773 0.014605
3 5738 5734 5184 0.041871
3 5081 5734 5738 0.043080
3 5533 5813 3407 0.074407
3 3407 5813 5461 0.041212
3 1290 5370 4009 0.146182
3 5370 5533 3236 0.066673
3 2512 1290 2850 0.118052
3 2512 2850 1198 0.152205
3 4009 2850 1290 0.140065
3 4833 1198 2850 0.163254
3 4833 2850 4534 0.169492
3 4534 2850 4009 0.169449
3 5050 5675 1707 0.148825
3 5050 1707 3772 0.131859
3 3772 1707 5370 0.200650
3 3772 5370 797 0.133880
3 5370 1707 4009 0.187880
3 333 5370 4456 0.043244
3 1281 97 252 0.047597
3 4260 252 5485 0.048745
3 5485 252 97 0.036365
3 5485 97 333 0.039681
3 333 97 5370 0.049845
3 5370 97 1281 0.053467
3 5370 1281 797 0.081196
3 5540 4308 5485 0.072043
3 4260 4308 4215 0.206453
3 5493 4215 4291 0.209950
3 4291 4215 4308 0.196334
3 1810 4291 1596 0.118006
3 1596 4291 818 0.120683
3 2731 3964 5376 0.105815
3 4666 5715 5140 0.207427
3 4710 4666 5140 0.084238
3 4710 5140 3813 0.071735
3 2185 5715 4666 0.237785
3 5535 2185 4666 0.140736
3 3930 5273 5559 0.099857
3 2701 5559 5273 0.104950
3 2701 4528 5156 0.138361
3 5156 1814 2701 0.142100
3 5156 1974 960 0.380839
3 1974 5156 4528 0.213034
3 3127 3551 2456 0.224056
3 2456 3551 1974 0.292264
3 2456 1974 4528 0.155522
3 3873 2456 4528 0.079842
3 3873 4528 204 0.066109
3 2736 351 5808 0.422916
3 2736 5808 2232 0.418407
3 4083 2232 5808 0.356230
3 1392 4523 4061 0.268826
3 5808 4523 1392 0.331334
3 899 4061 4523 0.250591
3 1628 4083 1392 0.317978
3 1628 1392 4061 0.374218
3 1613 4321 2562 0.929824
3 493 1367 1170 0.718238
3 1367 2562 3845 0.711917
3 2562 1367 493 0.805156
3 1628 1367 3845 0.541639
3 857 4962 2127 0.870219
3 5804 1022 1541 0.969753
3 1022 5804 1218 0.962461
3 1550 5520 5846 0.981801
3 1550 5846 5049 0.986125
3 1550 5049 3955 0.977245
3 3955 5049 2955 0.974596
3 2122 1550 3955 0.953603
3 2089 4477 2640 0.871502
3 2089 2640 5084 0.894831
3 3289 4039 4895 0.774190
3 1870 3682 2196 0.880581
3 5625 4256 3324 0.859722
3 669 1339 3779 0.921094
3 669 3779 4565 0.913455
3 669 4565 982 0.969724
3 5228 1339 669 0.961820
3 5228 669 2439 0.972913
3 5228 2439 5363 0.952131
3 2439 669 982 0.971986
3 1369 2439 680 0.964971
3 1369 680 3113 0.917293
3 680 2439 982 0.964871
3 3944 3113 5245 0.868736
3 680 5245 3113 0.892537
3 2199 3984 5709 0.843593
3 5709 3984 456 0.842873
3 456 3984 3944 0.839875
3 3944 3984 3113 0.814870
3 4339 355 3222 0.878908
3 2961 3869 4770 0.798213
3 38 5718 1843 0.882070
3 38 1843 5232 0.912992
3 1326 2496 5606 0.935883
3 5606 2496 1647 0.935232
3 1326 3785 5718 0.906266
3 4191 566 2906 0.651411
3 2892 4443 3749 0.469610
3 3171 3749 4443 0.506018
3 2455 3749 4506 0.647814
3 5508 4506 4120 0.656031
3 5639 5508 4120 0.663023
3 5508 5639 4873 0.562018
3 3879 3903 3334 0.016223
3 3334 3903 5090 0.037990
3 3952 5090 5412 0.114738
3 3894 5159 5255 0.008323
3 5722 3490 3894 0.014859
3 739 3490 3656 0.021266
3 3118 3656 3490 0.023335
3 739 3656 4957 0.018518
3 4957 3656 3705 0.014453
3 1852 4957 3705 0.013792
3 5766 3705 928 0.014627
3 4284 1574 2058 0.014702
3 4284 2058 690 0.012854
3 4284 690 5611 0.014142
3 5458 4284 5611 0.027832
3 5766 615 5388 0.009752
3 3180 5388 3026 0.012732
3 3180 3026 1719 0.012189
3 1719 3026 4212 0.010875
3 4212 3026 3471 0.005829
3 3471 3026 2157 0.003968
3 3912 1685 1484 0.018670
3 3912 1484 718 0.018056
3 5235 1685 5128 0.005884
3 5235 5128 936 0.005388
3 5128 1685 4212 0.012853
3 4212 1685 3912 0.016392
3 1685 5235 835 0.016665
3 4484 835 5235 0.014424
3 1464 2327 3501 0.015910
3 2773 2327 1464 0.035309
3 5813 4484 5461 0.020820
3 3998 3697 4092 0.229387
3 4092 3697 4508 0.190899
3 3750 4508 3697 0.106057
3 2656 3697 3998 0.105391
3 4577 3750 4014 0.159254
3 4014 3750 3697 0.137195
3 4014 3697 1253 0.144947
3 4247 4014 1253 0.181791
3 1458 531 4833 0.095509
3 3824 2172 1458 0.141041
3 1458 3701 3824 0.102883
3 1458 4833 3701 0.073290
3 3701 4833 5334 0.082197
3 4638 4257 236 0.146385
3 4007 4333 4638 0.232795
3 4007 4638 2619 0.168592
3 2619 4638 1382 0.128688
3 4207 5436 3866 0.302035
3 4333 3866 5436 0.277433
3 5493 4207 3866 0.231568
3 4007 2580 3866 0.247211
3 2944 5493 3866 0.259253
3 2944 3866 2580 0.252950
3 5365 3315 4629 0.319335
3 2021 4629 3315 0.191022
3 2021 3315 5675 0.173989
3 2021 5050 5601 0.160262
3 4629 2021 1691 0.171901
3 2021 5601 1691 0.230377
3 5050 2021 5675 0.145028
3 3772 5601 5050 0.173533
3 2001 4322 1281 0.125674
3 2001 1281 604 0.125429
3 604 1281 252 0.056981
3 604 252 4260 0.076784
3 1281 4322 3772 0.132418
3 2005 604 4260 0.142127
3 604 2005 4272 0.188295
3 604 4272 2001 0.166543
3 4369 3456 4215 0.199255
3 4369 4215 5230 0.214896
3 4215 3456 4260 0.165854
3 4260 3456 2005 0.176197
3 2005 3456 4272 0.149710
3 4933 4272 3456 0.311929
3 4933 3456 4369 0.264927
3 2944 4369 5230 0.258030
3 5365 4629 1790 0.341733
3 5365 1790 4933 0.386485
3 4369 2944 5365 0.336010
3 4369 5365 4933 0.428230
3 5601 4904 1691 0.280344
3 1691 4904 1790 0.290998
3 1691 1790 4629 0.198449
3 4322 4904 5601 0.215977
3 3772 4322 5601 0.169612
3 2001 4272 4904 0.214623
3 4904 4272 4933 0.358121
3 4100 4600 4894 0.391545
3 4894 4600 5472 0.445685
3 5715 5818 5140 0.298655
3 5140 5818 4894 0.311881
3 5140 4894 5472 0.264744
3 5140 5472 3813 0.211556
3 5818 5715 1425 0.247826
3 5715 30 1425 0.249560
3 4189 5818 1425 0.354067
3 1328 30 5715 0.200157
3 5535 3930 5559 0.118019
3 3716 2980 1689 0.150481
3 4589 3716 1689 0.211203
3 1426 4715 4714 0.188857
3 4715 1426 291 0.219526
3 291 1426 4589 0.244722
3 3983 2338 2984 0.143108
3 3064 2528 3716 0.078482
3 2980 3716 2528 0.099945
3 3064 452 1639 0.048507
3 3064 1639 1999 0.038610
3 1999 1639 218 0.050363
3 5163 1639 439 0.039506
3 439 452 2373 0.052407
3 452 439 1639 0.046256
3 2952 5163 2373 0.044145
3 2373 5163 439 0.033289
3 2952 3175 3548 0.132974
3 2373 3175 2952 0.100770
3 171 2952 3548 0.157635
3 4714 1970 3548 0.143717
3 3175 1426 4714 0.126162
3 3175 4714 3548 0.164086
3 4714 684 5774 0.153351
3 2000 684 5767 0.134814
3 5767 684 90 0.135701
3 90 684 4454 0.135996
3 5480 1861 4454 0.060961
3 3700 5480 4454 0.069525
3 4051 5632 3904 0.032056
3 3083 3335 255 0.049648
3 2223 2904 5188 0.062823
3 2223 5188 3828 0.081275
3 2493 4588 1885 0.296239
3 5350 2493 3052 0.310137
3 1085 3052 2493 0.369288
3 4872 5163 2614 0.065014
3 3216 3052 4872 0.290017
3 3216 4872 2614 0.192619
3 171 2614 2952 0.107199
3 2952 2614 5163 0.058904
3 1528 3216 902 0.196490
3 902 3216 3192 0.209821
3 171 3192 2614 0.203047
3 2614 3192 3216 0.223875
3 4733 3192 4446 0.222107
3 902 3192 4733 0.153168
3 4733 4446 529 0.167749
3 529 4446 923 0.146747
3 2236 3219 4407 0.292672
3 3219 2236 5223 0.166860
3 5223 2236 529 0.182920
3 5223 529 1970 0.152359
3 529 2236 4733 0.168454
3 5526 4476 3338 0.230398
3 5774 1261 3338 0.161597
3 5480 4317 1861 0.052224
3 4342 4317 5480 0.031561
3 4342 5480 5224 0.026501
3 3700 5224 5480 0.039543
3 3700 1519 5224 0.068090
3 820 4342 4939 0.029347
3 4769 4939 5224 0.045623
3 5224 4939 4342 0.037313
3 1383 4342 820 0.023413
3 1383 820 4211 0.025177
3 1383 4211 1273 0.027198
3 1232 4211 4939 0.045515
3 4939 4211 820 0.040613
3 5632 5276 1273 0.021694
3 1273 1784 1383 0.021885
3 1273 5276 1784 0.020502
3 3411 4051 3904 0.034393
3 3967 2613 5557 0.021878
3 5020 5557 3283 0.043833
3 4432 2668 1325 0.657089
3 4432 4288 2668 0.486244
3 2668 4288 3828 0.496224
3 2188 2592 2668 0.858679
3 2188 2668 2160 0.850652
3 2160 2668 1141 0.720463
3 2160 1141 1728 0.742933
3 1141 2668 3828 0.600317
3 4344 2122 1130 0.848027
3 4344 5338 274 0.854134
3 274 5338 5520 0.897439
3 2122 4344 1550 0.934403
3 1550 4344 274 0.942045
3 5520 1550 274 0.970389
3 4644 5234 4344 0.628474
3 4644 4344 1130 0.734751
3 470 2696 2879 0.702166
3 2860 5010 2089 0.876632
3 5010 1049 2089 0.800403
3 1049 2879 2089 0.792345
3 5010 3311 1049 0.768788
3 725 2860 5084 0.884112
3 5084 2860 2089 0.912342
3 4477 2089 2879 0.875458
3 5010 2860 4376 0.912639
3 4376 2860 725 0.909235
3 2301 4376 4256 0.783275
3 2301 4256 3318 0.524720
3 1339 5228 1442 0.792436
3 5494 234 4020 0.694628
3 5494 4020 540 0.623980
3 5201 1420 4020 0.723351
3 2960 5201 4020 0.839500
3 4000 2071 2884 0.795949
3 4078 3869 3658 0.742137
3 5247 566 1048 0.502304
3 566 5247 2906 0.567096
3 2906 5247 3234 0.535707
3 5291 1678 5247 0.578431
3 5291 5247 4628 0.440310
3 3749 2455 2892 0.510267
3 2916 5065 2623 0.593737
3 2623 5065 3336 0.598900
3 1696 2970 2623 0.840474
3 1696 2623 4963 0.848966
3 600 4963 5508 0.862468
3 4506 5508 4963 0.768907
3 4506 4963 3336 0.773612
3 4885 600 5508 0.793192
3 3510 4885 2278 0.847615
3 2278 4885 665 0.802176
3 3244 5793 665 0.706235
3 3244 665 4885 0.610584
3 4713 26 4873 0.336428
3 5639 4713 4873 0.432155
3 4713 746 2200 0.026278
3 4713 2200 232 0.036059
3 4295 2200 2563 0.009548
3 2438 5159 3699 0.004412
3 2563 4790 4295 0.011846
3 4752 1472 4295 0.019410
3 4752 4295 209 0.029091
3 4752 209 2667 0.026082
3 209 4295 4957 0.029896
3 4957 4295 4790 0.018018
3 1801 2667 1852 0.026260
3 3705 5766 1852 0.013286
3 2351 1801 3180 0.016311
3 3912 2351 3180 0.022107
3 3912 3180 1719 0.017230
3 3912 1719 4212 0.012475
3 718 2351 3912 0.024038
3 3750 5498 133 0.052152
3 232 2549 4460 0.039913
3 2956 5193 4247 0.516364
3 4014 4247 4577 0.270627
3 142 5193 2956 0.780948
3 142 2956 2091 0.906156
3 2091 2956 3498 0.883137
3 2091 3498 1614 0.890473
3 3824 1294 67 0.173947
3 1614 67 574 0.572223
3 1465 1614 574 0.581289
3 1294 574 67 0.306894
3 2172 3824 67 0.190166
3 2172 67 3498 0.496774
3 3498 67 1614 0.615472
3 946 1936 3956 0.215702
3 946 3956 1721 0.232566
3 1721 3956 4638 0.214187
3 4257 4638 3956 0.162784
3 5436 3821 1148 0.293195
3 4333 5436 1148 0.279674
3 4600 5526 3821 0.314180
3 4100 4476 5526 0.419156
3 4100 5526 4600 0.405104
3 1261 4876 5526 0.235677
3 4876 1261 5774 0.264399
3 5774 5796 4876 0.231252
3 1461 1936 5796 0.312877
3 1461 5796 1390 0.190376
3 1390 5796 2516 0.200411
3 3758 1487 5127 0.028918
3 3758 5127 4795 0.025389
3 3758 4795 5637 0.037124
3 5707 1867 3830 0.051423
3 5767 5707 3830 0.087626
3 1784 4351 1383 0.018797
3 4351 1784 4627 0.019122
3 4627 1784 5276 0.017493
3 4122 3967 5557 0.027513
3 4122 5557 5020 0.040757
3 1077 2165 3951 0.041755
3 2494 3235 2896 0.104913
3 2494 2896 5051 0.093527
3 2494 5051 3468 0.169642
3 4706 3988 3468 0.286654
3 3235 2494 3468 0.142622
3 4126 3988 4706 0.214852
3 4706 3468 5051 0.173565
3 200 4706 5051 0.181365
3 1693 241 200 0.115373
3 4706 200 241 0.170527
3 4706 241 5154 0.181044
3 5051 1693 200 0.106434
3 4126 4706 2475 0.145174
3 2475 4706 5154 0.144172
3 1769 2749 4126 0.083660
3 1769 4126 2475 0.095008
3 1769 2475 4085 0.052596
3 2308 3280 3198 0.075104
3 4792 2304 1886 0.143000
3 2696 4792 5234 0.508796
3 1886 5234 4792 0.393345
3 3061 4792 2696 0.391068
3 1731 1144 5010 0.769068
3 1731 5010 4376 0.850528
3 5010 1144 3311 0.714889
3 4965 3054 1731 0.619983
3 2301 4965 1731 0.665391
3 1731 4376 2301 0.865653
3 5045 5014 4965 0.352241
3 5045 4965 147 0.380184
3 5045 147 5494 0.462626
3 147 4965 1442 0.618697
3 234 5494 147 0.458344
3 4743 5441 5201 0.628861
3 1420 5201 5441 0.673922
3 5642 5325 4743 0.167448
3 4896 5642 3710 0.246870
3 3710 5642 4743 0.263841
3 4364 3759 4896 0.193103
3 472 4896 3759 0.131974
3 4364 4896 1538 0.214140
3 5007 1538 3710 0.453479
3 3710 1538 4896 0.310173
3 4048 4364 1538 0.268420
3 0 4000 710 0.596874
3 4000 5291 710 0.532435
3 5291 821 710 0.394577
3 1678 5291 398 0.608496
3 398 5291 4000 0.687122
3 4000 0 5007 0.475011
3 5007 0 4048 0.366180
3 4048 0 710 0.368861
3 4048 710 821 0.280530
3 4364 4048 821 0.263241
3 4364 821 2997 0.294160
3 4313 2997 4628 0.506716
3 3589 1696 1203 0.941415
3 909 3589 3022 0.921019
3 4038 909 3022 0.919199
3 3022 3589 1203 0.916348
3 2970 1696 3589 0.881287
3 2570 4038 3022 0.948307
3 2570 3022 5655 0.946369
3 5655 3022 1203 0.957029
3 1203 1561 5655 0.948256
3 5655 3510 3603 0.943667
3 2570 5655 3603 0.955310
3 2570 3603 4038 0.940397
3 1561 3510 5655 0.953391
3 3510 2278 3603 0.922605
3 3603 2278 4309 0.950501
3 4309 2278 5793 0.913379
3 665 5793 2278 0.757653
3 3603 4309 1510 0.960073
3 4038 1510 2091 0.946503
3 2091 1510 4309 0.961995
3 2091 4309 142 0.946416
3 142 4309 5793 0.919887
3 1294 2342 574 0.306571
3 574 2342 1757 0.395272
3 2342 4279 1757 0.398095
3 4279 2342 5697 0.221013
3 5697 2342 1294 0.223750
3 1465 574 1757 0.512734
3 1483 1465 1757 0.563841
3 1483 1757 4279 0.520173
3 3094 596 4279 0.432502
3 3416 1483 596 0.639514
3 3416 596 5031 0.526047
3 5031 596 3094 0.333974
3 1483 4279 596 0.490211
3 4736 3905 3094 0.057115
3 3905 5031 3094 0.089686
3 4736 3094 2975 0.191827
3 2975 4953 4736 0.216068
3 5250 2536 5127 0.072674
3 2321 5250 5127 0.075065
3 3630 5250 2321 0.110482
3 2909 5136 1633 0.049011
3 3758 4304 1487 0.044034
3 4304 3758 1672 0.049982
3 1672 3758 5637 0.035444
3 1672 5637 4716 0.031961
3 3754 4716 3576 0.025084
3 2871 3754 1556 0.015476
3 1556 3754 4627 0.018727
3 4627 3754 3576 0.025525
3 2871 1923 3754 0.035119
3 2822 3732 3537 0.031062
3 4960 1288 4451 0.089552
3 1288 4960 2969 0.093033
3 2178 2969 4960 0.095845
3 1116 2909 2178 0.063745
3 2178 2909 2969 0.087842
3 2482 2312 5584 0.150131
3 2360 2312 4907 0.045944
3 4907 2312 2482 0.077438
3 4907 2482 5229 0.055099
3 4126 2312 1674 0.081192
3 5584 2312 4126 0.084818
3 1674 2312 2360 0.045748
3 3988 1674 3235 0.145852
3 3468 3988 3235 0.218368
3 2896 3235 2360 0.047164
3 2360 3235 1674 0.056790
3 4126 1674 3988 0.178311
3 5584 4126 2749 0.119821
3 4154 3801 3800 0.032716
3 5045 3524 1785 0.304908
3 1785 3524 1924 0.238979
3 3632 3524 5045 0.236606
3 5494 3632 5045 0.367819
3 3111 3724 5642 0.064270
3 3111 5642 4341 0.084962
3 4341 472 3759 0.114949
3 472 4341 5642 0.100157
3 2393 3111 4341 0.080686
3 2393 4341 5022 0.113522
3 1007 2393 5022 0.073145
3 1007 5022 1163 0.064401
3 3630 3431 3905 0.032512
3 3431 1007 4662 0.052452
3 3905 3431 5031 0.038980
3 5514 2777 4662 0.446162
3 5031 2777 3416 0.478111
3 3416 2777 4214 0.732667
3 3416 4214 4824 0.648768
3 4214 2777 5514 0.756446
3 4609 190 4278 0.067576
3 2909 1116 5136 0.043810
3 5136 1116 325 0.044467
3 325 1116 190 0.059090
3 325 190 4609 0.049211
3 4278 190 1116 0.039876
3 3524 2482 5584 0.176488
3 2482 3524 5229 0.137805
3 3524 5584 1924 0.203501
3 2749 1924 5584 0.103401
3 4451 4304 103 0.062474
3 4451 103 3754 0.060059
3 4451 3754 1923 0.050311
3 3754 103 1672 0.044956
3 3754 1672 4716 0.031991
3 1672 103 4304 0.059843
3 4460 4713 232 0.096410
3 4870 4189 1425 0.280960
3 5507 4870 1425 0.341893
3 5246 5156 796 0.279254
3 5246 796 1221 0.364536
3 4334 483 2736 0.285419
3 4334 2736 666 0.251268
3 4334 1096 5350 0.280469
3 1096 4334 666 0.253123
3 3041 4588 5152 0.417274
3 1062 483 4334 0.239816
3 1062 4334 5350 0.263293
3 4181 1062 5350 0.312330
3 4181 5350 3052 0.234377
3 4181 1528 2081 0.245442
3 4733 2113 2081 0.387090
3 2113 4733 4407 0.361934
3 2236 4407 4733 0.271696
3 2113 4407 4584 0.575720
3 5507 4584 4870 0.492759
3 4870 4584 4407 0.531770
3 5246 4584 267 0.251670
3 5246 267 5507 0.245149
3 5507 267 4584 0.416146
3 2081 2834 4181 0.317955
3 4181 2834 1062 0.320977
3 2338 3983 4715 0.201221
3 4508 3750 1484 0.052892
3 4508 835 380 0.053794
3 5813 4092 380 0.062983
3 5813 380 4484 0.019656
3 4484 380 835 0.040708
3 1685 835 4508 0.047794
3 1685 4508 1484 0.029923
3 4508 380 4092 0.111464
3 2659 3449 1815 0.028964
3 2721 2659 1815 0.028865
3 2721 1815 178 0.016158
3 3072 2659 2721 0.015941
3 3072 2721 3281 0.005975
3 3072 3281 1363 0.007722
3 3281 2721 178 0.012984
3 1462 3156 3072 0.014623
3 3156 1462 5537 0.020619
3 4531 4444 3789 0.286809
3 4444 4531 3689 0.156036
3 3683 5316 5568 0.360652
3 5568 5316 3802 0.451052
3 5231 1584 2651 0.692590
3 2651 4196 4686 0.781420
3 3507 3770 4137 0.944256
3 4682 4514 5836 0.938181
3 3770 4682 4040 0.930579
3 4514 4682 3770 0.948663
3 4040 4682 5408 0.807398
3 5408 4682 5836 0.839416
3 949 5408 5836 0.703084
3 949 5836 5238 0.827984
3 5012 3114 4040 0.767671
3 5801 3114 5012 0.730428
3 3770 4040 3114 0.885475
3 3114 4137 3770 0.864224
3 4137 3114 5801 0.818301
3 3439 4231 1711 0.074874
3 3723 496 3990 0.890453
3 5616 5524 3990 0.898235
3 5616 3990 496 0.847843
3 5616 496 4294 0.809702
3 4294 496 436 0.873226
3 436 496 3723 0.907703
3 2189 3195 5842 0.854360
3 3195 2189 3155 0.878179
3 3274 4044 1646 0.062498
3 609 1372 785 0.075461
3 609 785 3357 0.076440
3 609 3357 5671 0.099922
3 1353 4179 501 0.143586
3 1353 501 3808 0.390720
3 501 4179 5671 0.187503
3 5671 4179 609 0.092465
3 501 651 3808 0.475686
3 4368 3808 651 0.423395
3 4368 651 5671 0.413282
3 5671 651 501 0.427573
3 1353 2307 4179 0.083175
3 4179 2307 1372 0.056189
3 4201 2307 3808 0.254558
3 3808 2307 1353 0.193742
3 5546 2682 4488 0.091479
3 2682 5546 2780 0.117828
3 4488 2682 1439 0.086025
3 1439 2682 3889 0.083590
3 3889 2682 2780 0.129326
3 3895 4488 1439 0.113227
3 2039 5546 4488 0.090248
3 5409 5478 1888 0.106966
3 1671 4338 3408 0.294014
3 4918 5451 5807 0.301055
3 5807 1264 4918 0.384831
3 5807 1827 1264 0.462444
3 955 1264 1565 0.488700
3 955 1565 3945 0.607948
3 1565 1264 4807 0.454686
3 4807 1264 1827 0.464844
3 3945 1565 4807 0.696977
3 4675 3945 5218 0.382256
3 4423 5271 3945 0.639305
3 3945 5271 5218 0.641750
3 955 3945 2219 0.515540
3 4675 3790 2219 0.447494
3 4675 2219 3945 0.393519
3 4918 2219 4155 0.401413
3 4155 2219 3790 0.315783
3 1544 4918 4155 0.250042
3 2248 3678 4464 0.106433
3 4323 2248 4464 0.060999
3 4744 689 4097 0.076405
3 4097 689 4055 0.092318
3 4055 689 5198 0.078750
3 4055 5198 2156 0.085308
3 4097 4041 4930 0.067219
3 4041 4097 4055 0.069716
3 4744 4097 4810 0.066161
3 4930 4810 4097 0.062062
3 4764 5806 5503 0.037172
3 5012 3687 5801 0.711466
3 5563 584 2932 0.009740
3 2632 850 3556 0.014659
3 3556 2813 2632 0.015285
3 2632 2813 3272 0.005307
3 3272 2813 1414 0.004369
3 1616 3635 1930 0.014589
3 2787 4375 3103 0.007938
3 3103 4375 1594 0.007660
3 2630 2556 3272 0.004788
3 3272 2556 2303 0.005027
3 2303 854 850 0.012171
3 850 854 3103 0.013425
3 850 3103 1594 0.007494
3 3103 854 1291 0.018160
3 4357 2787 1900 0.015903
3 2556 402 2303 0.012423
3 2556 5068 402 0.017998
3 5068 1291 402 0.027978
3 402 1291 854 0.021149
3 402 854 2303 0.010035
3 1069 5548 2305 0.022505
3 2833 5443 1149 0.007352
3 2925 5443 2833 0.010065
3 4250 1149 3307 0.009628
3 3927 1357 5068 0.018458
3 1357 3927 5181 0.018642
3 5464 4136 3573 0.003815
3 552 3427 4136 0.004273
3 4136 3427 2449 0.003247
3 3427 552 3384 0.005704
3 3453 4851 5414 0.076206
3 5605 3174 4387 0.095041
3 2804 4503 186 0.153587
3 2804 186 2872 0.202310
3 789 855 517 0.080188
3 789 517 478 0.049329
3 478 517 2750 0.125770
3 478 5800 789 0.036692
3 789 5800 1398 0.031040
3 789 1398 4325 0.054906
3 789 4325 855 0.073565
3 855 3430 517 0.106211
3 2750 517 3430 0.189440
3 2750 3430 5252 0.237624
3 3254 2396 63 0.073239
3 3254 63 2495 0.037711
3 5265 4702 4329 0.010740
3 4702 3337 2508 0.011214
3 4702 2508 3152 0.012785
3 500 3559 2009 0.015913
3 3398 2672 2009 0.026715
3 2009 2672 500 0.018056
3 2672 3019 500 0.022713
3 500 3019 3559 0.015220
3 3559 4641 2009 0.017851
3 2009 4641 3398 0.020154
3 3509 3573 4913 0.001661
3 3573 3509 3818 0.003026
3 3818 3509 1955 0.003833
3 3527 4881 1683 0.002161
3 4509 1683 4881 0.002771
3 3299 3527 1683 0.002086
3 3181 3527 3299 0.003348
3 2693 2873 806 0.002121
3 806 189 2693 0.001052
3 1365 1379 1954 0.007574
3 3674 3092 1806 0.014981
3 881 3291 4610 0.021394
3 3291 881 5444 0.019792
3 4610 1053 881 0.019156
3 845 3174 856 0.037898
3 845 856 2838 0.030317
3 845 2838 2618 0.031902
3 2973 845 2618 0.026970
3 845 2973 4071 0.045657
3 3174 845 4071 0.058124
3 3174 5605 856 0.039088
3 5605 1209 2838 0.103057
3 2804 5252 403 0.251114
3 5252 388 403 0.202247
3 403 388 4503 0.287948
3 4503 388 5426 0.301606
3 1543 388 5252 0.241068
3 4634 5682 2513 0.040489
3 5179 2513 5682 0.042381
3 5682 4634 3973 0.026995
3 2339 5682 3973 0.025578
3 4941 4277 3018 0.017247
3 723 3316 1297 0.005783
3 5811 3316 723 0.004843
3 5811 4101 3316 0.003091
3 313 5415 2658 0.002913
3 3152 1409 361 0.019498
3 361 4329 3152 0.020127
3 397 2798 4649 0.029879
3 397 4649 4435 0.014938
3 3769 3728 4226 0.051560
3 346 4509 720 0.003050
3 3557 720 4938 0.003241
3 4938 720 4509 0.003468
3 4881 3410 3203 0.000539
3 4881 3203 4844 0.000360
3 5189 5281 3203 0.000289
3 5189 3203 3410 0.000287
3 3410 4981 5189 0.000597
3 1418 5281 5189 0.000464
3 1298 4479 3946 0.002221
3 3946 4479 1177 0.001361
3 4479 1298 2478 0.002546
3 340 3698 5356 0.010141
3 5356 1896 340 0.005737
3 3876 4617 4297 0.037884
3 3876 4108 4617 0.024278
3 2783 4945 5320 0.082151
3 2626 5320 4945 0.072937
3 5525 208 1296 0.036021
3 1296 208 2973 0.036023
3 507 3128 953 0.056750
3 507 953 2677 0.064240
3 507 2677 5525 0.034775
3 996 507 5525 0.028968
3 3128 507 996 0.025512
3 4453 1562 3352 0.263756
3 4453 3352 3128 0.312033
3 3128 3352 953 0.160649
3 953 3352 3306 0.226963
3 4972 2075 2218 0.215171
3 262 4972 2218 0.266366
3 308 2939 2424 0.143933
3 308 2424 5457 0.087725
3 5457 4183 308 0.059689
3 308 4183 2218 0.141154
3 308 2218 2075 0.214727
3 308 2075 2939 0.230150
3 1038 5179 5530 0.031645
3 1038 5530 2452 0.024139
3 4820 4437 4794 0.002914
3 5745 99 4101 0.004093
3 99 5745 3761 0.004752
3 5811 5745 4101 0.002667
3 2718 5811 2669 0.005034
3 5415 1760 3584 0.004529
3 1760 5690 3584 0.003007
3 5415 3902 1760 0.003638
3 1409 3744 34 0.037642
3 1409 34 361 0.021598
3 34 5077 361 0.010940
3 2309 34 3744 0.047200
3 1860 2996 5578 0.005162
3 3612 5578 3379 0.011297
3 3367 91 5318 0.008377
3 3986 91 3367 0.005585
3 5318 91 3986 0.005992
3 3986 3367 2098 0.008861
3 5565 5347 2544 0.023360
3 4938 269 5307 0.002523
3 4938 5307 3557 0.003909
3 1154 3102 4844 0.000389
3 877 1154 4844 0.000308
3 4844 3102 4162 0.000555
3 4397 4395 877 0.000446
3 4397 877 843 0.000355
3 4844 843 877 0.000259
3 2128 5155 4590 0.001894
3 2128 3892 5366 0.001950
3 5366 3286 1452 0.003112
3 5366 3892 3286 0.002383
3 4580 3085 394 0.013893
3 5416 5481 3085 0.015024
3 309 4199 5481 0.007952
3 309 5481 2287 0.011559
3 4468 309 2287 0.009924
3 4468 2287 3826 0.015178
3 4468 4199 309 0.013784
3 5011 5723 1873 0.018325
3 5658 5723 5011 0.015334
3 4780 3876 4458 0.029735
3 422 3968 2857 0.161919
3 3420 1733 2002 0.489632
3 1733 4985 2002 0.373067
3 550 4492 2620 0.219856
3 550 1752 4492 0.306120
3 550 2620 1280 0.208137
3 3577 238 2503 0.266702
3 238 3577 2677 0.174353
3 1562 4900 3212 0.275504
3 3212 5254 3306 0.357007
3 3212 3306 3352 0.343072
3 3212 3352 1562 0.319527
3 4900 2772 4898 0.469179
3 2772 2684 4898 0.601141
3 2772 4858 2197 0.346917
3 5656 4972 3760 0.206087
3 5656 3760 3275 0.097778
3 3760 4972 262 0.207172
3 5336 4909 2688 0.088989
3 4909 4183 2688 0.067542
3 3055 2505 889 0.021021
3 4740 3055 889 0.024343
3 4740 1807 3055 0.015716
3 1284 389 4740 0.049948
3 1284 3760 1865 0.093702
3 1284 1865 389 0.080511
3 892 2123 2732 0.098133
3 2782 4794 4604 0.002241
3 4613 4794 2782 0.003083
3 1805 4791 4604 0.003108
3 2104 3909 1805 0.002275
3 4791 1805 3909 0.001724
3 4614 454 221 0.009969
3 221 454 3909 0.010028
3 221 3909 2104 0.005710
3 3648 454 1175 0.029261
3 1175 454 4614 0.016558
3 4545 195 1682 0.009372
3 4545 4032 195 0.013357
3 5277 1319 5506 0.012977
3 5277 5506 4193 0.028779
3 2203 4578 4176 0.013615
3 2203 4176 4282 0.014804
3 2203 4282 3503 0.010099
3 5284 4555 5613 0.007766
3 5284 5613 5148 0.012339
3 2631 5452 2488 0.002953
3 2488 1687 2631 0.002823
3 441 473 5082 0.004280
3 441 5082 3846 0.004258
3 441 3846 1860 0.003566
3 441 1860 5578 0.007291
3 441 5578 473 0.005879
3 5378 5082 473 0.003911
3 5243 5021 3864 0.014557
3 4709 5243 3864 0.022818
3 2098 5628 3521 0.005539
3 2098 3521 3986 0.005994
3 1056 4591 2377 0.002461
3 4591 1056 4018 0.001189
3 1742 3911 3594 0.000343
3 1145 269 1742 0.000744
3 1791 1990 3087 0.001197
3 3087 166 2524 0.005802
3 1299 2524 166 0.010513
3 2524 1299 3285 0.014045
3 166 3087 4553 0.002734
3 1990 4553 3087 0.001685
3 978 4787 4112 0.008139
3 978 5057 4787 0.008246
3 2845 5421 5407 0.031887
3 108 2845 5407 0.026553
3 4848 3804 2845 0.008474
3 4653 2642 1660 0.009666
3 3932 5698 2459 0.015814
3 2459 4199 3932 0.020250
3 2050 5131 829 0.010646
3 3932 5131 2050 0.018568
3 400 4187 216 0.013667
3 400 216 2043 0.019702
3 400 2043 786 0.016185
3 1329 400 786 0.012729
3 400 1329 4187 0.010667
3 27 1724 5659 0.035282
3 2962 5659 1724 0.027264
3 27 5659 5668 0.028837
3 3544 465 1168 0.077306
3 3544 1168 2006 0.105876
3 465 3544 3810 0.070665
3 1168 3273 2006 0.108252
3 1947 465 3810 0.078159
3 4765 1947 3810 0.086016
3 4890 3273 1168 0.177435
3 4890 1168 1947 0.115600
3 4890 1947 4765 0.136485
3 3273 4890 4287 0.139610
3 3450 2889 337 0.351771
3 3450 337 5208 0.443718
3 657 3450 278 0.548627
3 5137 2164 2298 0.190475
3 5137 379 2164 0.160386
3 379 5137 4697 0.127521
3 2503 2684 5261 0.420849
3 5088 1939 4586 0.689792
3 655 1307 4076 0.038987
3 2211 655 4076 0.024130
3 655 2211 4798 0.070318
3 4198 4798 5135 0.134510
3 4798 4198 655 0.112443
3 655 4198 1307 0.066712
3 4042 1889 3914 0.001193
3 3914 1889 2037 0.002083
3 5121 5746 2012 0.001023
3 4950 1016 4767 0.002856
3 1016 2947 4767 0.003583
3 125 5756 4950 0.001794
3 4950 5756 1016 0.002176
3 2947 1016 5756 0.002373
3 2947 5756 4791 0.003310
3 2947 913 4767 0.012464
3 913 2947 4791 0.004662
3 913 4791 3909 0.005305
3 2887 577 2895 0.069826
3 33 2887 2895 0.088087
3 2887 2226 577 0.044054
3 577 2226 1106 0.039897
3 2895 577 1106 0.047507
3 1106 3648 2895 0.047465
3 2887 3529 2226 0.028314
3 2226 913 1106 0.017071
3 4545 1490 3269 0.013614
3 5279 5849 1335 0.052238
3 1335 5849 5820 0.037744
3 5645 4532 4776 0.114519
3 4532 1761 5506 0.053536
3 4532 5645 1761 0.097954
3 1722 5354 2229 0.020790
3 2229 5354 773 0.018995
3 4176 773 5354 0.011974
3 773 1722 2229 0.032771
3 1722 5506 5354 0.034984
3 836 2967 590 0.042970
3 4776 2967 836 0.031000
3 590 4578 836 0.033499
3 4776 836 2024 0.044911
3 3712 2422 888 0.010058
3 888 2422 5212 0.014776
3 888 5212 2024 0.029335
3 4543 3880 2876 0.056988
3 4543 2876 5613 0.036312
3 4555 4543 5613 0.016783
3 4555 4676 4543 0.017684
3 4543 4676 2124 0.030813
3 177 5378 5699 0.007068
3 5699 5378 2317 0.007760
3 2319 5544 4134 0.026788
3 2588 4134 5544 0.026511
3 2421 3199 2403 0.013903
3 3199 5824 2403 0.009684
3 449 4018 187 0.001330
3 2524 1455 481 0.003840
3 1791 3087 481 0.001496
3 481 3087 2524 0.002279
3 2524 3285 1455 0.009805
3 481 1455 4749 0.001927
3 481 4749 1791 0.001254
3 5267 3251 4948 0.005546
3 5267 3372 3251 0.007800
3 1299 4719 3285 0.018375
3 4320 1853 4562 0.042046
3 978 2845 108 0.013494
3 978 108 4812 0.017923
3 978 4812 5057 0.014680
3 3844 3653 5434 0.143299
3 3653 3844 3145 0.130153
3 1660 2642 3921 0.015161
3 3561 2282 4914 0.044464
3 5602 4345 1480 0.023584
3 3129 1480 1979 0.023015
3 1979 1480 4345 0.021800
3 3129 5118 1480 0.036810
3 5118 3129 4664 0.035223
3 151 4483 2541 0.017305
3 151 2541 1695 0.017280
3 3932 2541 5698 0.023325
3 2557 1859 5626 0.015400
3 1859 2557 1310 0.020586
3 2043 1164 786 0.015375
3 1329 786 5626 0.008403
3 5626 786 5008 0.009089
3 1164 5008 786 0.016725
3 3678 4021 3884 0.201241
3 5668 4264 27 0.059185
3 24 3881 3196 0.208141
3 5649 3196 3881 0.200467
3 4336 4366 1768 0.123043
3 1895 4827 2053 0.056838
3 4827 4608 2053 0.074663
3 1009 1061 3441 0.089729
3 1009 3441 4153 0.110197
3 1009 4153 2153 0.099135
3 2153 4153 3082 0.161065
3 2153 3082 359 0.138750
3 359 4213 2153 0.089428
3 303 4153 5319 0.342563
3 4153 303 3082 0.266826
3 4062 5741 295 0.460835
3 3344 295 5741 0.293000
3 5737 3887 3391 0.266252
3 4076 4903 2211 0.019286
3 4903 4798 2211 0.046309
3 265 2416 290 0.006173
3 265 290 735 0.005411
3 2416 265 4068 0.007721
3 2440 251 3645 0.001760
3 3708 3645 251 0.003644
3 251 2440 3566 0.001759
3 2953 3696 3566 0.001222
3 3566 2440 2953 0.001124
3 3696 2953 1222 0.001354
3 5172 2311 74 0.001514
3 74 2923 5815 0.000822
3 3783 2923 2311 0.001747
3 2923 74 2311 0.001099
3 4373 5518 5694 0.007010
3 3269 4897 1300 0.030949
3 4200 2147 1313 0.065210
3 4055 2156 4439 0.082351
3 4055 4439 1544 0.101917
3 2467 4439 2156 0.079750
3 3021 2467 5198 0.104717
3 1000 198 1737 0.043357
3 1000 5627 198 0.061172
3 5198 1737 198 0.091382
3 1737 3068 1000 0.039588
3 773 4776 1722 0.036458
3 1722 4776 4532 0.067220
3 5413 5092 4394 0.013973
3 5043 3013 5728 0.103195
3 5043 933 780 0.057027
3 896 780 5558 0.056770
3 933 5558 780 0.042583
3 5558 2966 896 0.049876
3 2460 1533 2007 0.023496
3 2007 1533 1631 0.034118
3 2957 2817 851 0.014011
3 2957 851 4132 0.013065
3 2957 4132 5145 0.014135
3 1107 1094 578 0.010583
3 1107 578 614 0.008417
3 578 2817 2957 0.005823
3 614 578 2957 0.006630
3 614 5080 1107 0.023288
3 1094 1107 4892 0.025848
3 1094 4892 1822 0.023851
3 1094 2817 578 0.010507
3 3069 3372 4510 0.010823
3 3069 4510 371 0.020766
3 371 4510 4689 0.011041
3 5260 371 4689 0.037168
3 1349 3069 5260 0.033737
3 371 5260 3069 0.041923
3 5835 4510 3372 0.004469
3 3251 3372 3069 0.015740
3 3251 3069 1254 0.030335
3 2848 3414 4328 0.005958
3 3414 2848 4510 0.005982
3 4510 2848 4689 0.003792
3 5669 4371 4111 0.167697
3 5669 4111 5064 0.126429
3 1033 4671 2847 0.059532
3 2847 4289 1033 0.113634
3 1033 1569 4671 0.065360
3 4671 1569 5669 0.073913
3 5191 4671 4320 0.063754
3 4320 4671 1853 0.034611
3 1478 5191 4320 0.084293
3 3145 2877 3653 0.111234
3 3653 2486 5434 0.148877
3 798 5434 2486 0.201459
3 798 2486 3130 0.153787
3 2241 5672 1492 0.288884
3 5409 1492 5672 0.289998
3 5689 1362 5447 0.063210
3 2318 3105 576 0.036012
3 3561 3457 3105 0.039401
3 110 576 3105 0.049676
3 110 3105 25 0.037502
3 25 3105 3457 0.033635
3 25 5118 110 0.062234
3 110 5118 3482 0.055910
3 110 3482 576 0.064163
3 576 3482 2318 0.066628
3 2318 3561 3105 0.039970
3 438 947 3495 0.070451
3 438 3495 5576 0.100321
3 438 5576 3081 0.045606
3 438 3081 5008 0.028678
3 438 5008 947 0.034137
3 3495 947 2558 0.074731
3 5787 2558 1776 0.139590
3 5787 1776 3858 0.116980
3 1592 3858 1776 0.196703
3 1164 4990 947 0.027186
3 1164 947 5008 0.026013
3 4850 4990 4542 0.059073
3 4850 1776 4990 0.073627
3 317 1776 4850 0.091806
3 4281 3858 4464 0.128020
3 3545 2175 3562 0.343779
3 3545 352 2175 0.282569
3 2175 352 4090 0.258033
3 2929 5390 4125 0.116499
3 4125 5390 5357 0.144486
3 3960 2929 4827 0.048325
3 4608 4827 2929 0.121616
3 1895 1192 4827 0.041499
3 4213 5042 2161 0.063337
3 1026 1474 1988 0.445868
3 1026 2132 1505 0.455255
3 1505 1474 1026 0.400429
3 2611 3851 5311 0.074779
3 2611 5311 4006 0.103789
3 2416 5814 3595 0.011489
3 5814 2995 5138 0.010548
3 898 752 1744 0.008904
3 2284 898 2093 0.029805
3 3454 2093 1744 0.025760
3 898 1744 2093 0.019454
3 886 5073 5352 0.002426
3 4731 2700 3179 0.003029
3 4731 3179 4797 0.001855
3 3137 1211 1842 0.000547
3 3137 1842 4797 0.001119
3 4797 201 3137 0.001338
3 827 2712 4065 0.001861
3 2712 827 579 0.001215
3 579 827 2719 0.001784
3 579 2719 2092 0.001166
3 2092 2712 579 0.000848
3 4065 5518 4497 0.006228
3 4497 3847 3540 0.006102
3 4144 3540 3847 0.006714
3 3293 990 2559 0.046614
3 990 3293 5168 0.083195
3 5807 5195 4380 0.309759
3 971 4807 1827 0.311022
3 1230 3790 4675 0.372253
3 3790 1230 1879 0.182795
3 5044 3397 4204 0.220258
3 3068 23 1000 0.025014
3 1000 23 3974 0.035756
3 1000 3974 5627 0.043955
3 3068 2938 1697 0.038609
3 2869 3320 358 0.058696
3 2869 358 3460 0.050084
3 2869 3460 5469 0.075604
3 3320 4640 358 0.052145
3 3460 4640 3762 0.087354
3 329 2380 3296 0.480087
3 263 3296 2380 0.212798
3 1671 329 3296 0.559403
3 2380 329 4910 0.424546
3 5035 3405 3403 0.226289
3 3403 3405 5680 0.121712
3 3403 5680 4864 0.133388
3 5035 5573 3405 0.191191
3 4425 1909 1819 0.027646
3 1909 4425 900 0.034062
3 289 1909 900 0.076682
3 1909 4028 1819 0.048502
3 851 5339 1819 0.019049
3 851 1819 4132 0.018409
3 1819 5339 4425 0.022159
3 4425 5019 900 0.026996
3 900 5019 4892 0.037923
3 3530 5019 5339 0.015471
3 5339 5019 4425 0.021163
3 4864 5211 199 0.136838
3 5211 1435 199 0.055101
3 809 199 1435 0.087071
3 120 5562 462 0.081363
3 5562 1374 3248 0.049729
3 442 1808 5000 0.150967
3 5000 2473 1039 0.184812
3 5000 1039 1928 0.207989
3 5000 1928 442 0.126823
3 442 2184 1808 0.090471
3 3617 5286 2384 0.153064
3 2384 5286 3505 0.155360
3 4986 4371 1569 0.191191
3 4462 4986 4289 0.257127
3 3534 4986 4462 0.229120
3 104 2517 3130 0.139543
3 798 3130 2517 0.173103
3 165 5032 1029 0.184376
3 617 1839 1029 0.257158
3 617 1029 5032 0.267011
3 1912 1247 3130 0.135990
3 1912 3130 2486 0.151791
3 2486 2877 1912 0.108383
3 597 1411 3012 0.397147
3 597 3012 4058 0.325369
3 597 5386 1411 0.375906
3 3482 5118 4664 0.031760
3 3517 31 2288 0.025450
3 2288 31 2239 0.022150
3 31 3517 4868 0.024214
3 5576 2576 5833 0.102359
3 5313 2558 5787 0.139983
3 5313 5576 3495 0.103681
3 5313 3495 2558 0.083792
3 5787 3497 4496 0.188099
3 2590 2965 83 0.152371
3 2590 83 180 0.151871
3 1690 5390 4 0.182202
3 5828 247 3960 0.065767
3 247 5828 5390 0.110222
3 5125 3960 1818 0.071346
3 3067 2161 4340 0.032461
3 4452 1358 4951 0.015242
3 4952 4951 1358 0.036160
3 1505 366 1474 0.228977
3 4659 5614 366 0.067606
3 366 5614 1474 0.105643
3 5311 2950 366 0.105528
3 366 2950 4659 0.085403
3 5311 423 2950 0.115952
3 1046 276 3492 0.090905
3 1046 3492 2143 0.089318
3 1046 2985 1262 0.079869
3 1046 1262 276 0.098967
3 276 1578 3492 0.115584
3 673 3371 2253 0.136986
3 2253 3371 4804 0.221719
3 872 4804 3371 0.178785
3 2093 5306 1777 0.104337
3 3210 1378 3149 0.009800
3 2285 499 1122 0.003050
3 2285 1122 257 0.002125
3 499 1479 1122 0.002549
3 1122 4436 257 0.001904
3 499 2285 4722 0.005223
3 1479 499 4722 0.004846
3 1479 4722 5073 0.005545
3 1479 5073 886 0.003986
3 4436 1479 886 0.002416
3 4436 1122 1479 0.002240
3 1842 1211 4731 0.000647
3 556 827 2831 0.002588
3 827 556 2719 0.001863
3 3000 3474 1051 0.030876
3 1051 3474 4877 0.032370
3 1051 4877 3462 0.041180
3 3282 2768 4079 0.108505
3 4079 2768 5489 0.173671
3 3282 4079 3640 0.044060
3 426 4862 2286 0.460190
3 3640 2286 4862 0.319409
3 3640 4862 3282 0.198557
3 3282 4862 2768 0.477050
3 5489 2768 1295 0.490979
3 426 5120 4017 0.406673
3 3008 426 2286 0.264478
3 3008 2286 3640 0.151672
3 3008 3640 5332 0.083784
3 3397 3481 3753 0.561814
3 3397 3753 4204 0.387036
3 1622 4315 5398 0.146023
3 1622 5398 3486 0.163992
3 1622 3486 2788 0.160177
3 5553 1622 2788 0.155210
3 1622 5553 4315 0.149173
3 1075 1034 3356 0.342565
3 2589 3356 1034 0.322120
3 3870 2589 1034 0.331601
3 2875 5344 214 0.189992
3 214 5344 5167 0.101300
3 458 1123 1872 0.264465
3 1123 458 3762 0.130226
3 1123 3762 3913 0.095468
3 123 281 2361 0.104897
3 123 2361 4640 0.076509
3 4640 2361 3762 0.075698
3 611 3408 293 0.306695
3 611 293 5477 0.269842
3 611 5477 2927 0.228117
3 2927 3408 611 0.234437
3 1137 4705 3690 0.163894
3 2775 3565 5075 0.096419
3 2775 5075 5732 0.091212
3 1054 2554 4504 0.106405
3 1054 1629 197 0.157585
3 1054 197 2554 0.091118
3 3685 3637 3116 0.029898
3 1664 2757 2264 0.014849
3 2264 2757 1401 0.013252
3 1401 2757 3525 0.026656
3 4808 485 648 0.152356
3 18 107 4888 0.177854
3 4888 107 4217 0.283139
3 3135 1504 1402 0.104351
3 1402 1839 3135 0.130630
3 3135 1839 2625 0.152254
3 3135 2625 3101 0.139528
3 2625 617 1862 0.170948
3 1862 5032 4184 0.310857
3 617 2625 1839 0.201732
3 4184 3101 1862 0.305809
3 3101 2625 1862 0.244369
3 3136 3012 692 0.553368
3 3136 692 4080 0.430002
3 539 4074 1411 0.516966
3 3012 1411 4074 0.615454
3 3564 2518 2179 0.051941
3 2179 3623 3564 0.098725
3 3564 3623 976 0.109160
3 3564 3993 2518 0.034206
3 4739 2525 719 0.010752
3 4739 719 2343 0.013236
3 4739 2343 4863 0.017068
3 4372 4863 2343 0.014768
3 2343 719 2585 0.008254
3 2576 2915 5833 0.057210
3 1591 1736 3792 0.023957
3 1591 2526 2881 0.035018
3 1591 2881 1736 0.040439
3 5618 196 5574 0.013680
3 3364 1943 4159 0.071911
3 4159 1943 2843 0.102142
3 2843 1943 386 0.078372
3 3364 4837 1943 0.051497
3 1943 4837 386 0.044413
3 386 4837 1467 0.054352
3 180 4467 2590 0.194021
3 4980 2590 4467 0.088833
3 4980 4467 1536 0.100172
3 1755 5762 2457 0.286579
3 3652 3618 2170 0.186137
3 3618 1110 2170 0.167711
3 5041 4192 1713 0.159027
3 5647 2919 5268 0.126713
3 2763 4971 4452 0.009335
3 4219 4971 3923 0.009039
3 5465 3294 2569 0.044743
3 2569 3294 1892 0.046483
3 2985 709 2569 0.086366
3 2569 1694 4516 0.050192
3 2569 4516 5465 0.042807
3 1111 1694 709 0.073847
3 1146 1111 5781 0.073440
3 1111 1146 1694 0.069885
3 1111 709 2985 0.101268
3 2143 1907 5781 0.093819
3 4624 5660 610 0.100074
3 4156 1968 4799 0.204098
3 3787 814 2310 0.032603
3 2310 814 4901 0.057563
3 4901 2323 2310 0.107252
3 4804 2310 2323 0.070628
3 2310 4804 4679 0.039385
3 3371 1777 872 0.114845
3 4804 872 4253 0.101005
3 4495 5560 3168 0.302092
3 869 782 5511 0.086466
3 4883 3168 869 0.081649
3 869 3168 782 0.100435
3 4862 5700 914 0.731278
3 914 5700 1295 0.732678
3 914 1295 2768 0.682945
3 5492 3610 3481 0.527128
3 5492 4356 3610 0.394192
3 87 4121 3677 0.169263
3 3677 4121 4445 0.204772
3 4121 87 5547 0.144221
3 1370 4285 4208 0.069601
3 1370 4208 5331 0.063055
3 2564 1915 5323 0.256421
3 2999 4262 5096 0.305738
3 2428 3458 5687 0.217719
3 3633 2428 5687 0.144045
3 113 5687 3458 0.305554
3 3598 1956 1944 0.075348
3 2511 1944 1956 0.061969
3 3762 681 3913 0.049799
3 153 2927 5477 0.195827
3 2182 4355 1087 0.083943
3 1087 4355 2740 0.055830
3 3076 2914 2052 0.114421
3 3076 2052 5075 0.136265
3 3076 5075 365 0.108454
3 365 4236 3076 0.039449
3 4236 1545 2507 0.056093
3 588 2385 4552 0.159149
3 588 5400 2385 0.141991
3 2385 5400 4152 0.096991
3 5400 588 2820 0.138773
3 486 654 2385 0.077729
3 486 2385 4152 0.055648
3 2385 654 4552 0.098135
3 3066 4552 654 0.109095
3 3066 654 6 0.081040
3 3066 6 3525 0.072007
3 1509 860 4001 0.115853
3 1320 860 1202 0.162307
3 4808 4268 1368 0.210443
3 3314 963 3079 0.117410
3 963 3314 1305 0.092253
3 963 1305 119 0.074534
3 963 119 3079 0.140915
3 3878 5435 3079 0.122357
3 3079 5435 3314 0.110564
3 3265 282 5435 0.150027
3 3265 4081 282 0.166907
3 2204 4391 3046 0.404975
3 3519 1343 4074 0.637331
3 3519 4074 539 0.610071
3 3519 539 5386 0.523467
3 4465 2171 5585 0.494020
3 144 5585 2171 0.347506
3 5585 1783 1259 0.172579
3 5585 1259 4465 0.265505
3 3465 4106 4717 0.317876
3 1542 3465 5809 0.374902
3 3465 5771 5809 0.262368
3 2518 3993 4801 0.020331
3 4643 2764 4174 0.011007
3 972 841 3364 0.142662
3 3364 841 4045 0.134070
3 3133 4095 1577 0.599611
3 1577 4095 1015 0.516759
3 1015 905 1577 0.438085
3 905 1015 972 0.296852
3 905 972 3644 0.217830
3 905 3644 1577 0.405507
3 3644 2910 1577 0.324212
3 1577 2910 3133 0.490079
3 1292 5762 4612 0.401632
3 3310 4718 4959 0.146610
3 3448 5041 2548 0.124611
3 3448 2548 4105 0.151655
3 2574 4127 859 0.011119
3 2574 859 1044 0.008818
3 4386 3321 307 0.118527
3 2844 307 3321 0.161200
3 610 5660 4312 0.103262
3 610 4312 4015 0.119212
3 1151 1890 3803 0.352668
3 3348 4901 2754 0.151833
3 814 3787 2754 0.067301
3 814 2754 4901 0.107020
3 2591 2759 4679 0.124665
3 4002 2759 2591 0.166312
3 4495 3168 2555 0.112763
3 4258 2978 2555 0.051043
3 4258 2555 3168 0.094125
3 4043 5711 2193 0.023599
3 5018 5593 4401 0.045256
3 3766 5018 4374 0.033441
3 4401 4374 5018 0.025469
3 1303 2734 231 0.083054
3 1228 5551 4252 0.483910
3 5758 4252 5551 0.527073
3 5747 3895 3680 0.173564
3 3609 5747 5107 0.068845
3 3609 5107 3895 0.077248
3 3609 3895 5747 0.109853
3 5747 3777 1195 0.070147
3 377 5331 4208 0.071333
3 55 5174 4348 0.189001
3 523 56 601 0.127540
3 4764 523 601 0.053271
3 4764 766 523 0.069696
3 523 766 4815 0.094585
3 523 4815 56 0.111497
3 56 1004 1729 0.187981
3 56 1729 601 0.137842
3 1729 1004 631 0.206389
3 1729 4693 626 0.184706
3 2347 2522 5717 0.022559
3 3045 3325 5183 0.062132
3 1050 3936 3633 0.142494
3 3633 3936 2041 0.138796
3 3541 3737 4442 0.067435
3 755 2713 2968 0.194246
3 2862 5726 3074 0.197046
3 2862 261 3117 0.093198
3 3117 261 2740 0.051517
3 2740 261 1087 0.039087
3 1087 261 3074 0.087805
3 688 5400 5237 0.087565
3 2208 4001 860 0.080634
3 5275 3900 4520 0.379872
3 1813 2789 1509 0.133025
3 1509 2789 2616 0.097159
3 2088 4601 2381 0.148676
3 294 4205 2753 0.087490
3 2261 4230 277 0.259404
3 1125 4160 3302 0.318202
3 4775 4362 2083 0.691548
3 2083 4362 3929 0.740074
3 5052 4106 4135 0.194134
3 5809 2133 1542 0.260695
3 1542 2133 712 0.242714
3 1542 712 4135 0.429058
3 2784 4130 1977 0.009897
3 1032 504 1136 0.034184
3 1136 2837 3643 0.005013
3 1032 1136 3643 0.007360
3 1032 4263 504 0.039916
3 504 3601 1136 0.047518
3 1136 3601 2837 0.024757
3 5052 3688 205 0.165760
3 4623 3649 1225 0.491512
3 4802 4623 1225 0.559914
3 4522 3147 3187 0.838806
3 3147 2030 3187 0.777193
3 5214 4522 3187 0.888600
3 3187 2030 2314 0.773791
3 2314 3820 3434 0.715386
3 2314 3434 3187 0.769126
3 3187 3434 5214 0.811571
3 2207 1809 4430 0.145925
3 5433 3522 2141 0.293796
3 3522 5433 5799 0.308827
3 4718 2141 3522 0.149314
3 4867 1766 3310 0.226048
3 3310 1766 3308 0.168630
3 3308 1766 5433 0.209317
3 4867 1354 1766 0.126009
3 5060 1354 4575 0.139683
3 3714 479 3057 0.161330
3 479 4381 3057 0.252015
3 859 5440 28 0.010256
3 859 28 1044 0.008525
3 1044 28 1621 0.017652
3 3714 1044 1621 0.047713
3 28 5440 1621 0.026884
3 1621 5440 3799 0.049731
3 5072 3849 3183 0.090154
3 5072 3183 5848 0.081203
3 5624 5072 5848 0.076332
3 3849 3901 3183 0.057239
3 1523 3995 541 0.061517
3 3995 1523 1249 0.105477
3 2819 4227 5028 0.156128
3 4063 2333 4645 0.265766
3 4063 906 2333 0.114224
3 2333 906 2100 0.051158
3 2792 342 5594 0.085507
3 5594 342 952 0.094856
3 952 342 910 0.112951
3 952 910 2413 0.093360
3 2413 906 4063 0.149266
3 910 342 1951 0.135474
3 2792 1951 342 0.039527
3 2905 5454 567 0.085281
3 2905 2408 623 0.033532
3 2905 623 5454 0.094169
3 3461 311 2345 0.501029
3 311 3757 2345 0.618779
3 3757 311 4011 0.544846
3 5733 2577 3980 0.417465
3 2759 4002 1501 0.193236
3 3787 2759 1501 0.101788
3 3736 5588 4822 0.194199
3 3393 4408 3834 0.108678
3 4237 5674 440 0.022155
3 440 5674 331 0.029080
3 440 331 5425 0.029022
3 362 585 4636 0.009289
3 4636 585 3778 0.010969
3 362 5778 585 0.012343
3 585 5778 360 0.015723
3 585 360 3778 0.018076
3 3778 3395 4636 0.007612
3 5133 4636 3829 0.006707
3 5340 3042 2085 0.005556
3 3829 2085 3042 0.006016
3 2085 3829 4636 0.006982
3 2085 4636 3395 0.007171
3 3395 1344 2085 0.007577
3 5340 2085 1344 0.005629
3 5546 2039 1498 0.102406
3 5546 1498 5015 0.096166
3 1750 5015 1498 0.057905
3 1864 424 2686 0.112102
3 1864 525 424 0.093291
3 424 525 321 0.097821
3 1195 2686 641 0.047013
3 2686 1195 242 0.036019
3 2686 242 5124 0.039068
3 242 1195 3476 0.073488
3 5331 377 1172 0.067378
3 377 4865 1172 0.049999
3 377 4519 4865 0.057622
3 4519 2176 5059 0.066656
3 3363 70 2101 0.185607
3 2101 70 3287 0.153797
3 3363 2101 437 0.140318
3 1422 5615 2864 0.208012
3 417 2217 3077 0.237961
3 602 2217 417 0.347217
3 2217 2080 5724 0.159485
3 2080 602 3646 0.230556
3 602 2080 2217 0.226257
3 4521 1041 3077 0.331747
3 3077 2217 5724 0.214657
3 4521 3077 5724 0.198966
3 2744 2807 3227 0.559411
3 3227 2807 1668 0.446422
3 3176 4172 4556 0.102041
3 4411 3176 4556 0.084232
3 378 5717 4406 0.004465
3 5717 4239 4406 0.004818
3 4406 4239 991 0.002832
3 3795 3440 5753 0.038370
3 3795 2436 3440 0.029749
3 5249 2545 5726 0.200160
3 2545 5249 3764 0.149125
3 2713 5726 416 0.184846
3 2545 416 5726 0.183908
3 4548 173 3247 0.218608
3 3247 4635 4548 0.242616
3 1103 1607 4635 0.145394
3 1103 4635 3247 0.190503
3 173 5725 3247 0.259922
3 4635 4633 5147 0.203517
3 4633 4635 1607 0.152814
3 3247 5725 640 0.197546
3 3247 640 1103 0.203982
3 640 5725 5696 0.169095
3 1408 5599 4298 0.296429
3 5764 2381 4601 0.233154
3 2194 2140 3651 0.055904
3 3651 2059 1962 0.048911
3 3994 3626 5367 0.091571
3 3626 3994 4747 0.065903
3 3626 4747 4205 0.042247
3 5220 5269 3590 0.273983
3 5204 5220 3590 0.260986
3 1099 1255 5220 0.245462
3 1099 5220 5204 0.144868
3 5204 3741 660 0.237217
3 5204 660 1099 0.175922
3 3167 5003 414 0.710102
3 1101 542 2187 0.535928
3 2187 542 4997 0.385496
3 2187 4997 511 0.550018
3 2187 511 2972 0.730941
3 2972 1101 2187 0.658056
3 542 5843 4997 0.185961
3 511 4997 1064 0.286955
3 511 1064 3455 0.382426
3 511 3455 2972 0.635530
3 5104 1064 4997 0.337927
3 2163 3649 3485 0.477673
3 2359 3929 4362 0.529734
3 712 3601 1634 0.122680
3 712 1634 73 0.242632
3 1780 2133 697 0.102349
3 1780 697 3506 0.080168
3 697 5809 3506 0.072820
3 697 2133 5809 0.192882
3 3506 5809 1105 0.059550
3 4623 2293 3485 0.542001
3 4811 866 3991 0.876533
3 2257 3443 2644 0.961080
3 4674 5009 1997 0.896594
3 1997 5009 2644 0.936148
3 4674 1997 518 0.919465
3 4929 1237 3418 0.496381
3 3418 4674 3038 0.627144
3 3038 4674 518 0.754146
3 3038 518 5214 0.740741
3 4054 1237 4929 0.661179
3 3418 3038 4929 0.526545
3 3819 698 2695 0.735652
3 5799 975 4430 0.289570
3 5799 4064 975 0.349835
3 4482 5706 1497 0.635992
3 4655 5595 1381 0.552785
3 5620 2216 5549 0.191883
3 5060 5549 2216 0.183659
3 5060 2216 1354 0.164818
3 4164 4573 5714 0.078537
3 4335 298 5714 0.087616
3 4335 1741 298 0.066478
3 5087 4537 3995 0.069987
3 5328 2379 2362 0.451851
3 5328 2362 3489 0.584470
3 4973 2119 628 0.881055
3 4973 628 2362 0.838094
3 4973 2362 1027 0.749998
3 2724 1496 1027 0.636516
3 4973 1027 1496 0.700336
3 1496 1868 4973 0.807048
3 249 5274 4645 0.350419
3 1851 987 4063 0.196650
3 1851 4063 5086 0.200015
