ply
format ascii 1.0
comment Generated by PyMesh
element vertex 2339

property float x
property float y
property float z
property float charge
property float hbond
property float hphob
property float nx
property float ny
property float nz
property uchar red
property uchar green
property uchar blue
element face 4674
property list uchar int vertex_indices
property float predict_score

end_header
-22.368 31.079 99.203 -1.36199 -0.76116 1.8 0 0.469142 0.0365963 5 5 255
2.4305 46.174 126.305 -0.0710909 0 -1.29671 0 0.99129 0.129646 0 0 255
-13.652 52.213 118.467 -1.47687 0 -3.5 0 -0.449928 -0.530896 0 0 255
-3.2345 54.3135 114.234 0.530835 0 1.9 1 -0.498253 0.813824 255 16 16
-13.854 34.6685 111.027 -0.0260199 0 -1.22179 0 -0.434665 -0.292735 10 10 255
-15.076 37.53 100.571 0.0145993 0 1.8 0 0.100735 -0.605473 62 62 255
-2.391 50.772 110.633 0.0480824 0 1.9 1 0.128624 0.35802 255 18 18
-12.3655 40.4535 127.472 -0.979236 0 -3.5 0 0.236357 -0.696095 9 9 255
3.6355 50.3575 106.046 -0.65239 -0.961981 -1.3 1 0.7598 0.638583 255 12 12
-24.922 34.366 108.994 -0.25899 -0.513964 -1.27108 0 -0.511711 -0.766835 129 129 255
-22.1455 58.8735 109.539 0.706652 0 -0.8 0 -0.34199 0.86523 0 0 255
1.1485 53.3005 131.042 -1.31592 0 -3.5 0 0.73694 -0.105407 19 19 255
-17.142 34.757 110.722 -0.0971846 0 4.2 0 -0.0926634 -0.466131 13 13 255
-12.6895 49.2015 99.1785 -0.403975 0 -3.5 0 -0.600567 0.361815 1 1 255
-19.442 48.71 107.615 -0.12597 0 -1.3 0 -0.342398 0.0815287 0 0 255
-21.079 36.768 116.125 0.0378891 0 -3.5 0 0.370707 -0.688227 28 28 255
-18.2235 57.754 114.854 -1.58573 0 3.8 0 -0.860894 -0.353675 0 0 255
4.7815 46.5065 128.954 -0.481502 0 -3.5 0 0.279096 0.754315 0 0 255
-24.9405 29.9995 100.463 -4.78374 -0.0354641 1.8 0 -0.834784 -0.527911 2 2 255
-0.6315 50.027 137.123 -0.944534 -0.865842 -3.5 0 0.134806 0.880734 4 4 255
-11.842 51.014 99.773 -1.32549 -0.105895 -3.5 0 -0.247261 0.382813 0 0 255
-8.785 39.129 129.658 -0.146643 0 3.8 0 -0.70918 -0.0330052 6 6 255
-4.0605 57.3425 129.948 -0.102463 0 1.8 0 -0.661019 -0.128353 4 4 255
-12.721 52.174 101.314 -0.958973 -0.236399 -3.5488 0 -0.3924 0.676007 1 1 255
-17.6865 49.1295 119.902 0.179815 0 -4.5 0 -0.0935391 0.873851 1 1 255
-12.853 36.2575 111.844 -0.523568 0 -1.3 0 -0.864857 -0.431981 15 15 255
10.92 42.223 118.223 0.164898 0 1.8 0 0.143477 -0.984623 13 13 255
2.67 46.535 106.545 0.060505 0 -1.3 1 0.709355 -0.701287 255 22 22
-23.1575 54.9105 110.818 -0.476502 -0.301388 -0.8 0 -0.968655 0.220896 0 0 255
-7.824 33.909 113.789 0.0434135 0 -2.42512 0 -0.368477 -0.452645 5 5 255
-6.913 59.409 113.501 -1.33172 -0.320243 -3.5 1 0.742565 0.661269 255 34 34
6.101 49.5865 113.469 -1.01193 -0.147783 1.8 1 0.721296 0.0921832 255 28 28
5.875 42.826 121.054 0.014466 0 -1.6 0 0.495572 -0.868531 0 0 255
-14.337 38.4985 119.555 0.0279031 0 -0.7 0 -0.00988878 -0.745097 36 36 255
-3.5085 37.401 121.862 0.310777 0.252925 -3.9 0 0.699786 -0.288416 0 0 255
-3.786 38.822 124.612 -1.18175 -0 3.8 0 0.0353401 -0.962434 8 8 255
-5.815 37.639 127.458 -0.0929179 0 3.8 0 0.486584 -0.873608 13 13 255
-15.818 53.194 117.366 -1.24079 0 -3.5 0 -0.951522 -0.303744 0 0 255
-21.767 30.1345 100.02 -1.0279 -0.109178 1.8 0 0.628344 -0.749321 6 6 254
-8.77 41.262 99.872 -0.0437313 0 4.2 0 -0.296816 -0.238527 38 38 255
-12.732 62.7653 111.937 0.133473 0 4.2 0 -0.0735364 0.962264 4 4 255
-4.08362 31.4858 111.232 0.0975513 0 -3.9 0 0.405883 -0.890668 4 4 255
-13.5037 38.9482 101.022 0.189116 0 -0.380117 0 0.434325 -0.352954 33 33 255
-16.2418 62.827 111.667 -0.135431 0 -3.9 0 -0.395169 0.786241 0 0 255
-1.99975 40.7615 125.608 -0.502427 0 -0.4 0 0.674179 -0.686042 1 1 255
-23.8725 36.5005 99.9825 -0.0216662 0 3.8 0 -0.831117 -0.332893 0 0 255
-19.4395 29.3665 109.195 -1.45982 -0.102332 -3.5 0 0.486557 -0.488163 7 7 255
-14.5948 59.1635 109.622 0.0250722 0 4.2 0 -0.23065 0.300477 0 0 255
-12.236 47.096 98.416 -1.09912 0 -3.5 0 -0.116828 0.304829 6 6 255
-15.2165 43.0495 128.315 -0.67434 0 -3.5 0 -0.897336 0.438502 5 5 255
-0.2775 36.9615 116.619 0.48645 0.0547784 -0.7 0 -0.167185 -0.934014 0 0 255
3.67875 42.2784 130.572 -0.232375 0 -3.5 0 0.441184 -0.875366 0 0 255
-0.993 37.275 119.142 0.309492 0 -3.9 0 0.47323 -0.754062 0 0 255
-1.7925 51.1312 131.596 -0.494518 0 3.67702 0 0.247147 0.142186 10 10 255
-18.4457 50.3139 116.651 -1.64362 -0.188955 1.8 0 -0.108972 0.7755 0 0 255
-6.78725 44.6048 102.829 0.15838 0 4.2 0 0.293151 0.929968 76 76 255
0.936 56.0308 127.461 -0.446511 0 1.8 0 0.380445 0.868284 11 11 255
-22.9953 50.3107 107.996 -1.25059 -0.867367 -0.8 0 -0.710298 -0.271737 0 0 255
0.5905 55.7435 129.27 -1.7979 -0.54341 -3.5 0 0.446172 0.89356 16 16 255
-8.2145 45.858 127.317 0.354711 0.0123033 -0.8 0 -0.419502 0.498382 14 14 255
2.41975 53.9002 117.478 -0.476964 -0.59508 -0.8 0 0.622774 0.718545 255 49 49
-7.4545 59.508 114.559 -1.12235 -0.575484 -3.5 0 0.246855 0.853526 255 67 67
-18.133 28.822 107.801 -1.33481 -0.0874858 -3.5 0 0.564448 -0.809661 5 5 255
-19.2857 42.2007 123.417 0.616072 0 -4.5 0 -0.060274 -0.830755 2 2 255
5.1715 41.478 114.157 -0.152606 0 -0.7 0 0.537916 -0.743531 183 183 255
-19.406 27.98 104.379 -0.169122 0.643208 -3.5 0 -0.395508 -0.839436 5 5 255
-2.759 39.2255 124.551 -1.08557 -0.743038 3.8 0 0.708059 -0.641182 2 2 255
-15.6885 42.2513 127.766 -1.15498 0 -3.5 0 -0.897069 0.395066 2 2 255
-9.723 37.828 122.768 -0.377142 0 -3.5 0 -0.265758 -0.942011 20 20 255
-16.4107 38.6763 99.7995 -0.148765 0 1.8 0 0.0723881 -0.432186 30 30 255
-20.6842 33.3835 110.624 -0.0231221 -0.861163 -0.8 0 0.411454 -0.52371 47 47 255
-20.416 56.657 106.793 0.294739 -0.0355196 -0.8 0 0.0957222 0.22446 0 0 255
-18.5005 58.369 109.421 -0.323727 -0.617443 -3.5 0 -0.1714 0.971681 0 0 255
-21.681 41.333 98.628 0.291199 0 3.8 0 -0.421121 0.662737 5 5 255
-12.3395 32.0815 101.524 1.84971 0 -3.9 0 0.703949 -0.54689 5 5 255
-17.4335 32.3965 109.915 -0.0853723 0 4.2 0 -0.167941 -0.478115 11 11 255
4.18725 52.7808 116.991 -0.220958 0 -0.4 0 0.314899 0.949088 255 85 85
-10.658 36.6188 118.185 -0.959806 0 -3.5 0 -0.777308 -0.612798 2 2 255
-1.16975 48.3235 138.54 0.192282 0 -3.5 0 -0.68365 0.295981 1 1 255
10.5723 45.7217 116.904 1.07212 0 1.8 0 0.179379 0.610456 56 56 255
-11.759 55.573 106.748 0.341051 0.0245242 -3.5 0 -0.132474 0.75716 4 4 255
-13.5485 55.8015 122.992 0.448011 0 -3.5 0 -0.738181 -0.355836 0 0 255
5.7325 43.924 130.286 0.0226068 0 -3.5 0 0.901165 -0.411456 0 0 255
-25.669 50.856 112.215 0.220365 0 -3.5 0 -0.482302 -0.221325 1 1 255
-20.854 51.8605 116.576 -0.903694 -0.110528 -4.5 0 0.324629 -0.0439691 0 0 255
-20.0678 46.9575 118.268 0.400747 0 -4.5 0 -0.820461 0.215406 2 2 255
3.37862 42.327 131.648 -0.387922 0 -3.5 0 0.487717 -0.84208 0 0 255
-24.586 54.209 113.849 0.478582 0 -3.5 0 -0.104438 0.993446 0 0 255
-9.843 31.7615 106.899 0.26799 -0.0181106 3.8 0 0.185351 -0.8713 38 38 255
-23.2585 49.0177 116.693 -0.959965 -0.480802 -3.5 0 0.0515642 0.0453304 0 0 255
-15.03 47.25 123.074 -0.55341 -0.0622087 -1.5473 0 -0.625471 0.760716 0 0 255
-17.7191 60.6738 116.782 0.490714 0 3.14477 0 -0.389112 0.829866 0 0 255
2.36775 37.1808 114.661 0.00355365 0 -0.7 0 0.156955 -0.677483 34 34 255
-10.306 37.472 125.93 0.0351247 0.00505745 -3.5 0 0.0698001 -0.997403 17 17 255
-18.1931 40.1085 99.276 -1.13978 -0.0880844 3.8 0 0.423944 0.0680402 12 12 255
-23.48 54.519 109.641 -0.720032 -0.206292 -0.8 0 -0.996092 -0.0629672 0 0 255
-16.7725 38.201 119.349 0.428164 0.496826 -0.7 0 -0.180117 -0.772697 26 26 255
-4.5335 41.6045 103.632 0.29766 0 -4.5 0 0.377543 -0.796135 133 133 255
-22.771 35.493 114.092 0.481269 0.959476 -3.5 0 -0.354269 -0.692433 22 22 255
-27.2938 36.2528 108.051 -0.156331 0 -0.4 0 -0.992861 -0.0764042 1 1 255
-27.63 40.805 110.506 -0.841682 0 -3.5 0 -0.600783 -0.420519 2 2 255
-26.166 34.4485 107.04 -0.673465 -0.173676 -1.3 0 -0.809806 -0.570093 2 2 255
-9.83025 55.5322 127.067 -0.14797 0 -0.4 0 -0.516256 0.484673 3 3 255
-7.21825 52.6432 104.163 -1.30014 -0.53875 -3.5 0 0.537811 0.842607 55 55 255
-8.0435 51.063 99.1994 -2.32883 -0.023231 -3.5 0 0.155279 -0.911251 2 2 255
-17.5335 56.1748 102.585 -0.269883 0.0954581 -3.2 0 -0.107627 0.805356 0 0 255
-16.947 59.014 117.993 0.590531 0.0104439 3.8 0 -0.416085 0.170829 0 0 255
-0.842 36.868 109.668 -1.05426 0 4.2 0 0.952473 0.214002 93 93 255
-23.5655 58.338 107.266 0.507603 0.330381 -0.8 0 -0.950473 0.29166 0 0 255
-11.131 46.492 127.613 -0.911296 -0 -3.9 0 0.135815 0.600304 29 29 255
-10.025 52.2805 125.975 0.184097 0 2.82341 0 -0.815216 -0.309557 2 2 255
-15.067 42.876 126.926 -0.272905 0 -3.5 0 -0.86148 0.343104 4 4 255
-9.35375 54.8515 100.769 -0.356024 0 -3.5 0 -0.225234 0.887388 1 1 255
-3.205 36.0143 118.001 1.18078 0.177545 -3.9 0 0.78008 -0.591999 0 0 255
-16.1515 30.1063 107.718 -0.140195 0 4.2 0 -0.0876308 -0.775549 18 18 255
-8.9185 53.5635 99.5135 -1.40082 0 -3.5 0 -0.204895 0.591893 0 0 255
-2.7 60.575 123.792 -0.213706 0 -3.2 0 0.273751 0.807293 53 53 255
-10.0948 52.8828 128.081 0.0192871 0 3.8 0 -0.99255 -0.0908618 3 3 255
-9.46575 52.3805 129.6 -0.0190528 0 3.8 0 -0.605743 -0.397816 14 14 255
9.65675 46.626 117.622 1.09753 0 2.06235 0 0.198866 0.589775 155 155 255
-12.4905 38.045 124.66 -0.384897 0 -3.5 0 -0.699227 -0.596402 12 12 255
-7.387 31.792 107.245 -0.0256703 0 3.8 0 0.245764 -0.954139 33 33 255
-9.4415 60.4857 111.773 -0.260518 0 4.2 0 0.87039 -0.123379 66 66 255
-5.60325 45.0412 131.386 -0.0665936 0 -0.8 0 0.0404475 0.382791 14 14 255
-5.838 39.3145 103.376 -0.696151 -0.926668 -0.7 0 0.978545 0.204796 233 233 255
2.256 47.99 104.396 0.722227 0.93319 -1.3 1 0.28368 -0.510127 255 20 20
-16.1241 54.3381 119.741 -0.302186 0 -3.5 0 -0.906775 -0.280292 0 0 255
-13.7308 47.9458 101.124 -1.3408 0 -3.5 0 -0.860792 0.508767 2 2 255
-5.362 38.1035 128.225 -0.0871715 0 3.8 0 0.664579 -0.740629 22 22 255
-19.7975 48.0067 119.372 0.714013 0 -4.5 0 -0.700163 0.713979 1 1 255
5.78875 42.1273 122.53 0.0396952 0 -1.6 0 0.917502 -0.301734 0 0 255
-4.059 44.52 130.333 -0.206014 0 -0.8 0 0.576871 -0.610479 2 2 255
-5.24275 48.4733 130.771 -0.0515383 0 3.8 0 -0.716464 0.0686695 32 32 255
-26.5145 36.5378 101.745 -0.411447 0 -1.3 0 -0.22101 -0.513659 0 0 255
4.76825 53.4038 118.951 0.228596 0 -0.4 0 -0.145718 0.961228 255 123 123
-16.3722 39.2025 120.393 0.241522 0.00227944 3.36957 0 -0.084013 -0.804284 12 12 255
-10.519 56.8225 107.006 -0.734732 -0.0163026 -3.5 0 -0.161901 0.535069 10 10 255
-19.6963 27.6882 103.061 0.0687909 0.589422 -3.5 0 -0.792764 -0.594416 9 9 255
-5.94225 54.21 106.781 0.0236186 0.042984 -1.3 0 0.536468 0.625571 124 124 255
-16.8615 59.915 110.992 -0.643385 0 -3.9 0 -0.845166 -0.000908904 0 0 255
-12.1663 33.5622 110.674 0.251446 0 -1.3 0 -0.662236 -0.700081 8 8 255
-2.2145 48.5055 137.16 -0.35311 -0.0170614 -3.5 0 -0.868405 0.106865 6 6 255
-18.8515 45.0265 116.221 -0.635667 0 -4.5 0 -0.926671 0.0849368 9 9 255
-11.7125 51.0755 120.03 -0.072893 0 2.92928 0 -0.996964 0.026481 0 0 255
-23.5785 31.2 107.657 -0.336151 0 -3.5 0 -0.917755 -0.343743 7 7 255
-16.387 60.109 118.211 0.945427 0.863462 3.8 0 -0.425685 0.508451 0 0 255
-12.1318 28.7113 105.626 0.119655 0 4.2 0 0.483476 -0.859475 12 12 255
-9.72875 37.8225 128.24 -0.135801 0 3.8 0 -0.708013 -0.611109 11 11 255
-16.475 57.323 106.579 0.117562 0 -3.2 0 0.370615 0.841473 0 0 255
-22.725 55.723 114.314 0.563159 0 -4.5 0 -0.443955 0.682321 0 0 255
-16.029 32.621 101.652 -0.0634465 0 -3.9 0 -0.147683 -0.125647 8 8 255
-23.8717 37.045 99.056 -0.00242842 0 3.8 0 -0.68575 -0.272896 0 0 255
-13.3632 38.1971 119.311 -0.135475 0 -0.7 0 0.116653 -0.746431 46 46 255
-1.367 37.398 117.205 0.435367 0.193303 -0.7 0 0.148404 -0.987529 0 0 255
-11.904 52.036 119.781 -0.071419 0 2.1745 0 -0.801319 -0.510343 0 0 255
-15.8862 35.7212 101.203 1.44794 0.603878 4.2 0 0.0443763 -0.0412095 61 61 255
-22.0618 42.5185 100.305 1.34876 0.347138 -3.5 0 -0.776822 0.348865 4 4 255
2.0765 53.7166 126.989 -0.484735 0 1.8 0 0.900667 -0.309929 16 16 255
-19.6925 46.1867 98.8802 0.236746 0 -3.5 0 0.561299 0.673039 8 8 255
5.773 50.5345 113.93 -1.07608 -0.234956 1.8 0 0.644085 0.54654 255 37 37
-20.2237 45.2915 123.151 0.0730159 0 -4.5 0 -0.792413 0.281472 0 0 255
-10.7657 62.415 113.007 -0.157786 0 4.2 0 0.39864 0.633266 13 13 255
8.463 48.2077 118.496 0.727471 0.684002 2.8 1 0.579477 0.721285 255 225 225
-6.7945 59.5998 123.696 -0.446732 0 -3.2 0 -0.519711 0.851964 0 0 255
-7.15525 48.1175 128.426 0.0178943 0 3.8 0 -0.897801 0.0229997 44 44 255
-17.0112 60.8462 111.336 -0.798099 -0.144376 -3.9 0 -0.933623 -0.000203343 0 0 255
-27.7013 42.0261 110.708 -0.916272 0 -3.5 0 -0.592707 0.147822 0 0 255
-24.1793 33.7955 99.613 -0.270653 0 1.8 0 -0.616525 0.120964 0 0 255
-22.9163 40.6478 116.39 -0.0417105 0 -0.7 0 -0.114107 -0.118585 51 51 255
-16.64 33.6725 110.339 -0.101678 0 4.2 0 -0.137944 -0.342841 13 13 255
-8.497 31.0885 102.257 0.138717 0 3.8 0 -0.0993807 -0.255656 120 120 255
-2.51925 54.482 113.096 0.327626 0 1.9 1 -0.284131 0.887949 255 46 46
-17.515 35.91 113.795 -0.0513131 0 1.9 0 0.117004 -0.948562 23 23 255
-12.0435 42.3515 130.141 -0.168316 0 -3.5 0 0.307168 -0.316482 22 22 255
1.2655 47.675 129.945 -0.381238 0.0248044 -2.41626 0 0.841024 0.514394 0 0 255
-18.5562 49.1295 119.147 0.0986687 0 -4.5 0 -0.354933 0.92726 1 1 255
-3.2335 35.6107 121.647 1.12846 0.667093 -3.9 0 0.627986 -0.339083 0 0 255
-19.9247 52.8715 103.309 0.816404 0 -3.2 0 -0.515524 -0.331963 0 0 255
0.00225 42.9043 103.567 1.32368 0 -4.5 0 0.983492 -0.171406 255 215 215
-25.3752 30.9212 100.76 -9.8827 0 1.8 0 -0.971904 -0.23506 1 1 255
-22.4552 45.2687 99.3585 0.999678 0 -3.5 0 -0.979131 0.150987 8 8 255
-15.2983 47.8698 125.988 0.61807 0 -3.9 0 -0.982543 0.139147 2 2 255
3.63175 36.8122 115.839 -0.024279 0 -0.7 0 0.408053 -0.91228 2 2 255
-1.3835 44.168 132.596 -0.569212 -0.565279 -3.83929 0 -0.688998 -0.615844 2 2 255
-1.4465 43.5127 133.825 -1.55185 -0.690824 -3.9 0 -0.858831 -0.501938 2 2 255
12.731 46.096 120.093 4.8948 0 1.8 0 0.924361 0.358134 3 3 255
-5.95375 36.9787 101.468 0.681366 0.861213 -0.7 0 0.452974 -0.268933 40 40 255
-1.659 41.745 102.665 1.34768 0 -4.5 0 0.106384 -0.850237 138 138 255
-6.0835 39.971 102.48 -0.269649 -0.0241441 4.05741 0 0.967263 0.0409049 169 169 255
-16.735 62.826 114.801 1.21392 0 -3.9 0 -0.691074 0.441629 0 0 255
-3.91175 57.183 117.35 -0.213418 0 4.5 1 -0.244795 0.684172 255 22 22
-25.2253 44.893 114.32 0.704469 0.445261 -0.7 0 -0.963634 0.250029 6 6 255
-3.17975 38.3633 106.927 -1.04067 -0.0159748 -4.5 0 0.303101 -0.0884238 255 118 118
-16.093 41.7155 128.528 -1.09811 -0.0215491 -3.5 0 -0.97107 0.0763573 4 4 255
-23.021 48.0405 116.589 -0.746696 -0.0433962 -3.5 0 0.0875721 -0.470163 0 0 255
-5.57 52.648 100.867 -1.44514 -0.749389 -3.5 0 0.934173 -0.00744229 37 37 255
-15.497 58.958 120.469 -1.24843 -0.200224 -3.5 0 -0.797487 0.304347 0 0 255
-18.0455 59.893 117.808 0.213318 0 3.8 0 -0.206553 0.428958 0 0 255
-22.7595 58.1245 110.108 0.83971 0 -0.8 0 -0.678104 0.406577 0 0 255
5.30775 42.7375 119.852 0.137125 -0.245184 -1.3792 0 0.443211 -0.888667 3 3 254
-9.9495 29.3355 109.839 1.56939 0.505918 -3.9 0 -0.0533748 -0.760712 13 13 255
-14.4515 52.817 119.678 -0.320636 0 -3.5 0 -0.233352 -0.755716 0 0 255
-3.1445 31.7717 114.507 -0.975945 -0.426091 -1.6 0 0.140193 -0.748044 2 2 255
-21.5965 27.7703 106.582 -1.32728 -0.0279782 -3.5 0 -0.500709 -0.839894 1 1 255
-2.001 47.2985 137.253 0.305679 0 -3.5 0 -0.857623 -0.146697 5 5 255
3.822 43.8867 110.825 -0.0623729 -0.0174976 -3.88988 1 0.59063 0.119572 255 4 4
4.27725 38.0788 115.001 -0.0131521 0 -0.7 0 0.890497 -0.249592 17 17 255
5.39425 43.1738 129.601 -0.0425629 0 -3.5 0 0.801157 -0.567721 0 0 255
-9.04175 44.7918 101.293 -0.0733095 0 4.2 0 0.509251 0.21825 60 60 255
-18.4455 39.5832 120.543 0.364069 0.465727 -3.5 0 -0.411678 -0.399821 9 9 255
-8.26475 45.483 104.878 -0.454061 -0.408654 4.2 0 0.658464 0.732528 50 50 255
-11.663 31.727 103.677 0.319275 0 4.2 0 0.240084 -0.498059 9 9 255
-16.744 50.7845 115.781 -0.517205 0.222778 0.0569492 0 -0.23905 0.406496 0 0 255
7.99875 49.1725 119.249 0.408205 0.806705 -0.4 1 0.914447 0.29314 255 219 219
1.19275 52.829 114.853 -0.855102 0 0.852902 1 0.206455 0.84922 255 56 56
-0.6195 52.3908 111.386 0.0364252 0 1.9 1 0.280578 0.515902 255 81 81
7.70775 46.8015 115.784 -1.1318 -0.354683 2.8 1 0.63736 0.395986 255 131 131
5.088 48.276 122.333 -0.800184 -0.324513 0.770098 0 0.429361 -0.257725 14 14 255
-4.38175 53.55 112.707 -0.0123826 0 -1.3 1 0.292585 0.945862 255 42 42
-5.58475 33.8828 117.613 0.258351 0 -1.6 0 -0.512713 -0.544446 0 0 255
-16.8883 48.3473 104.726 -0.170954 0 -1.3 0 -0.547646 0.0525867 0 0 255
-8.52475 36.796 127.582 -0.105489 0 3.8 0 -0.363899 -0.927945 13 13 255
-18.226 27.2355 103.952 0.108503 0.0283187 -3.5 0 0.0729901 -0.768202 7 7 255
-7.969 51.6835 98.314 -1.4774 -0.264623 -3.5 0 -0.116879 -0.477911 1 1 255
-7.969 52.8385 98.314 -1.52936 -0.0016654 -3.5 0 0.163437 0.341673 0 0 255
2.1315 40.8205 124.91 0.270977 0 -1.6 0 -0.0539678 -0.966023 0 0 255
5.7285 46.113 129.213 -1.76971 0 -3.5 0 0.759729 0.357426 0 0 255
-12.5433 51.4077 100.385 -1.64309 -0.328277 -3.5 0 -0.626402 0.348942 0 0 255
4.2635 53.6527 121.972 0.247496 0.511315 -0.4 0 -0.0992944 0.992588 255 234 234
-0.5575 42.7515 102.378 3.37511 0 -4.5 0 0.598912 -0.37659 207 207 255
-21.8955 44.6695 98.427 0.440275 0 -3.5 0 -0.671888 -0.275411 7 7 255
-13.16 31.9565 100.511 5.59832 0 -3.9 0 0.389837 -0.595392 2 2 255
-1.9 41.705 127.111 -0.241972 0 4.2 0 0.4659 -0.802996 1 1 255
-4.1125 52.324 108.277 -0.0300908 0 -1.3 1 0.954381 0.271489 255 15 15
-15.4245 40.753 129.342 -1.23099 -0.398731 -3.5 0 -0.475366 -0.310876 9 9 255
-21.8955 46.3558 99.9205 18.5947 0 -3.5 0 -0.633609 0.762927 5 5 255
-11.343 61.51 117.157 -1.64643 0 -3.5 0 0.379664 0.899191 0 0 255
-19.1105 59.1895 117.585 -0.0209732 0 3.8 0 -0.686345 0.0311118 0 0 255
-27.5285 52.8315 116.694 -0.571188 0 -3.5 0 -0.675108 -0.00148635 0 0 255
4.0035 44.9745 135.842 1.23038 0 -3.9 0 0.684151 0.0313887 0 0 255
-26.427 53.693 116.774 -1.12893 0 -3.5 0 0.00267245 0.600618 1 1 255
-20.794 46.135 98.272 0.690653 0 -3.5 0 0.0878764 0.561918 7 7 255
-15.028 64.443 112.723 0.209973 0 -3.9 0 0.0796306 0.847078 0 0 255
-20.794 44.9645 97.939 0.336853 0 -3.5 0 -0.0178638 -0.0911006 7 7 255
-11.531 60.306 122.897 -2.70412 0 -3.5 0 -0.00306706 0.991861 0 0 255
-20.794 46.776 99.3065 3.1973 0 -3.5 0 0.0164234 0.975774 5 5 255
-8.9875 47.872 104.283 0.675012 0 1.9 0 0.971926 -0.170024 20 20 255
11.475 46.513 120.932 8.14429 0 1.8 0 0.129811 0.80826 2 2 255
1.30225 46.8505 138.369 0.409501 0.0301116 -3.5 0 0.7949 -0.31315 0 0 255
-5.8825 58.534 126.363 -0.290473 0 -3.2 0 -0.122373 0.660613 0 0 255
-2.91175 44.5277 129.803 -0.25451 -0.476399 1.75995 0 0.31812 -0.324658 1 1 255
-1.88525 34.8288 105.487 -1.13249 -0.312339 -3.5 0 0.0532052 -0.0423117 22 22 255
-5.3255 52.131 105.718 -1.35231 -0.129772 -3.5 0 0.630277 0.751998 255 127 127
1.0855 41.6263 127.415 -0.245347 -0.84492 4.2 0 -0.41187 -0.889045 0 0 255
8.21025 51.2082 121.898 -0.3879 0 -0.4 0 0.887189 0.4362 97 97 255
-18.3568 44.658 124.455 0.430887 0.407517 -4.5 0 -0.0119706 0.0316215 1 1 255
3.46475 49.0207 109.078 -0.299841 0 -1.3 1 0.940307 -0.0650804 255 9 9
-12.8785 39.2055 124.372 0.108001 0 -3.5 0 -0.794829 -0.543187 7 7 254
0.102 38.443 119.139 0.188943 -0.0146659 -2.26575 0 0.602968 -0.410322 0 0 255
-2.13 34.639 109.623 -1.03364 0 -3.5 0 0.709926 -0.612059 3 3 255
-23.0158 34.9598 99.2753 -0.133694 0 2.82783 0 -0.433771 -0.121285 0 0 255
-10.0273 53.3527 128.982 -0.0309405 0 3.8 0 -0.916993 0.0531956 5 5 255
-18.196 59.4655 112.57 -1.87867 -0.0828403 3.8 0 -0.915717 -0.0223144 0 0 255
2.0605 53.6475 123.138 -0.598978 -0.331707 0.695374 0 0.480775 0.876388 194 194 255
-1.5145 52.9728 131.467 -0.676392 0 -3.5 0 -0.149517 0.211157 35 35 255
7.14325 49.5622 118.406 0.479376 0.651971 -0.322839 1 0.770739 0.0671899 255 173 173
-21.9083 44.9492 101.868 0.089068 0 -3.5 0 -0.808083 0.4351 4 4 255
-24.328 30.018 99.343 -2.01716 -0.657469 1.8 0 -0.620097 -0.447021 6 6 255
-23.291 30.8438 98.7588 -1.61273 0 1.8 0 -0.0783789 0.0446085 6 6 254
-10.51 55.4615 106.312 -0.112486 0 -3.5 0 -0.0795305 0.719787 5 5 255
-19.0075 55.659 105.619 0.22772 0 -1.91098 0 -0.614479 0.709746 0 0 255
-6.414 52.562 105.319 -1.76733 -0.191445 -3.5 0 0.367649 0.853394 171 171 255
-13.717 30.7885 108.841 0.0437356 -0.0518 4.2 0 0.302041 -0.624127 33 33 255
-7.159 37.5 101.217 0.297504 0.00412886 -0.7 0 0.31707 0.0210511 10 10 255
-14.665 32.152 100.496 1.88602 0 -3.9 0 -0.33192 -0.465724 2 2 255
10.8833 44.109 116.025 0.213389 0 1.8 0 0.286489 -0.158695 105 105 255
-1.173 50.776 110.918 0.333794 0 1.9 1 0.0112391 0.467408 255 16 16
-19.4085 48.9803 117.348 -0.793607 0 -4.03952 0 -0.744877 0.462299 0 0 255
-11.1865 43.4685 99.8795 -0.767491 -0.465933 -3.5 0 0.61182 -0.309668 54 54 255
-5.40963 34.4865 119.385 2.24381 0.0567146 -3.9 0 -0.385864 -0.922405 0 0 255
3.91425 38.2945 117.199 -0.154109 0 -0.7 0 0.652331 -0.0686887 3 3 255
-20.6825 30.5907 100.765 0.761524 0.112437 1.8 0 0.605123 -0.613784 4 4 255
-17.4455 42.839 123.536 0.290482 0.0219881 -4.3167 0 0.30386 -0.565235 2 2 255
-3.3905 60.2289 121.543 -0.185579 0 -3.2 0 0.00617306 0.850814 151 151 255
-16.3605 36.1345 114.266 0.134743 0.333318 -0.7 0 -0.0800264 -0.95403 12 12 255
-11.5033 45.7607 128.302 -0.0392084 0 -3.5 0 0.117337 0.668891 38 38 255
0.5565 47.6872 103.712 1.11038 0.542622 -4.5 0 0.615886 -0.544817 255 32 32
1.575 39.3295 112.462 0.215732 0 -2.30019 0 0.42818 -0.841811 159 159 255
-14.4478 55.3763 105.301 0.171773 0.357232 -3.35307 0 0.611372 0.786741 0 0 255
-22.3172 30.0208 99.1797 -1.45317 -0.538807 1.8 0 0.538296 -0.35691 9 9 255
-2.17375 58.1847 117.605 -0.19252 0 4.5 0 0.178675 0.818713 255 22 22
-4.3765 39.0155 127.753 -0.0325605 0 3.8 0 0.651908 -0.659825 23 23 255
7.991 40.7788 115.885 0.179776 0 -0.7 0 0.495014 -0.858244 162 162 255
-15.2738 34.7122 101.219 0.639271 0 0.259512 0 -0.14035 0.171038 26 26 255
-6.81525 32.8963 103.159 0.0447307 0 3.8 0 0.705842 0.176301 172 172 255
-14.4 41.6495 129.661 -1.24272 -0.240763 -3.5 0 -0.140458 -0.249263 8 8 255
-22.7795 43.2675 104.992 -0.230862 0 -3.9 0 0.0457151 0.966495 0 0 255
-16.6147 34.602 101.183 0.1688 0.00999572 4.2 0 0.172738 -0.0249615 42 42 255
-1.3275 60.5643 122.074 -0.0506752 0 -3.2 0 0.663603 0.70906 97 97 255
4.9385 46.2835 110.756 -1.09443 -0.165881 -3.5 1 0.543425 0.212018 255 6 6
-12.3425 33.4825 111.693 0.332516 0 -1.3 0 -0.643613 -0.733162 23 23 255
-12.5822 34.1665 112.663 0.0805446 0 -1.3 0 -0.730157 -0.511306 34 34 255
-10.7905 40.67 99.9935 -0.0246 0 -0.4 0 0.299464 -0.440517 57 57 255
6.943 50.8165 117.859 0.54278 0.0241081 0.7 0 0.827254 -0.0857278 255 160 160
-14.7005 58.0455 109.128 -0.334209 0 4.2 0 -0.0432891 0.52345 0 0 255
8.2145 43.9757 114.402 -0.173903 0 -0.7 0 0.573537 0.517679 254 254 255
11.5723 42.638 117.554 0.304518 0 1.8 0 0.386842 -0.849408 20 20 255
-12.0918 38.5062 119.294 -0.347814 -0.106504 -1.10958 0 -0.151996 -0.659211 37 37 255
-19.6455 44.106 98.5875 0.00108612 0 -3.5 0 0.264674 -0.329865 9 9 255
-13.0005 52.866 102.011 -0.210007 -0.102235 -3.8294 0 -0.0143305 0.573322 2 2 255
-9.9125 39.0755 128.312 -0.23388 0 3.8 0 -0.808329 -0.083897 8 8 255
-4.259 35.0785 121.634 2.89688 0.0482222 -3.9 0 0.0115001 -0.594358 0 0 255
10.17 44.9355 116.092 0.125437 0 1.8 0 0.106291 0.4886 85 85 255
-2.837 46.269 103.997 2.73948 0 -4.5 0 -0.362875 -0.249733 255 140 140
-15.4323 59.4815 119.479 -0.772454 -0.485606 -3.5 0 -0.649535 0.689927 0 0 255
-23.79 54.1375 114.608 0.339588 0 -3.68186 0 -0.164772 0.812593 0 0 255
-20.7197 41.0202 119.176 -1.27086 -0.00561031 -3.5 0 -0.947099 -0.17753 20 20 255
-15.4245 40.0863 128.413 -1.31457 -0.462554 -3.5 0 -0.512002 -0.844155 8 8 255
-22.6825 29.2442 99.891 -1.50422 -0.017528 1.8 0 0.342275 -0.923189 8 8 255
-2.8815 38.6073 125.435 -1.01992 -0.210001 3.8 0 0.438678 -0.897899 5 5 255
-2.4135 31.2812 113.525 -0.911914 -0.251703 -1.6 0 0.427483 -0.890289 5 5 255
-0.4935 33.5993 106.609 -1.4568 -0.0402175 -3.5 0 0.48825 -0.870805 10 10 255
-15.5715 40.077 122.979 -0.0159592 0 3.8 0 -0.552854 -0.518609 5 5 255
-23.34 50.2945 116.479 -0.108369 0 -3.5 0 -0.00139079 -0.00950233 0 0 255
-17.421 30.4708 108.42 -0.549883 -0.330944 0.821703 0 0.0863772 -0.668044 10 10 255
5.52 51.1997 114.721 -0.138293 0 1.8 0 0.737528 0.409386 255 45 45
-4.73725 49.4468 110.326 -0.0803725 0 -2.08796 1 0.620424 0.294127 255 9 9
2.23325 53.8978 130.143 -1.34966 -0.735666 -3.5 0 0.947188 -0.267805 19 19 255
-7.549 53.6217 99.2477 -1.35276 0 -3.5 0 0.137604 0.716917 0 0 255
12.314 45.9 121.113 3.71967 0 1.8 0 0.649748 0.275443 2 2 255
-10.2505 37.7007 127.299 -0.084071 0.2408 -0.0693719 0 -0.283274 -0.84071 15 15 255
-16.5413 60.9103 110.086 -0.803588 -0.00212057 -3.9 0 -0.744446 -0.0309741 0 0 255
-7.89475 59.7192 113.649 -1.89058 -0.160444 -3.5 0 0.155991 0.984478 255 122 122
-3.28538 47.9385 103.034 0.407791 0 -4.5 0 -0.454203 -0.390604 255 167 167
-16.7908 62.0588 110.749 -1.11698 -0.886641 -3.9 0 -0.707321 0.467997 0 0 255
-0.4935 34.1258 105.744 -1.1433 -0.4323 -3.5 0 0.418475 -0.412852 15 15 255
-10.5837 53.1838 99.8783 -0.368686 0 -3.5 0 -0.630136 0.317194 1 1 255
-26.0702 36.1302 111.719 -0.933133 -0.54382 -0.519141 0 -0.590064 0.00633833 56 56 255
-23.3435 57.3563 107.138 0.377193 -0.412588 -0.8 0 -0.842572 -0.187013 0 0 255
-22.5085 57.741 106.255 0.329644 -0.195898 -0.8 0 -0.293478 0.0990846 0 0 255
-4.2065 58.2605 129.573 -0.170184 0 1.8 0 -0.645221 0.573009 5 5 255
-11.47 48.824 124.836 0.0794434 0 -2.70429 0 -0.398768 0.89825 2 2 255
1.427 41.3945 128.997 -1.54208 -0.179171 4.2 0 -0.364479 -0.912925 0 0 255
-9.821 60.9115 110.814 -0.202393 0 4.2 0 0.83732 -0.101042 21 21 255
-8.18175 58.6353 123.593 -1.82447 -0.177733 -0.728143 0 -0.122444 0.921924 0 0 255
-15.4675 46.6675 103.033 -1.4133 0 1.9 0 -0.823627 0.462824 6 6 255
1.78825 54.9878 119.286 -0.0262972 -0.204755 -0.8 0 0.532675 0.598698 255 38 38
-15.159 31.3232 110.249 -1.022 -0.23723 4.2 0 0.0461674 -0.427588 41 41 255
-1.167 43.172 132.773 -1.06304 -0.227602 -3.9 0 -0.751821 -0.515995 2 2 255
-28.5525 37.1825 104.618 0.0117575 0 -1.3 0 -0.955214 0.0410111 0 0 255
-23.415 53.2025 112.563 1.36665 0 -4.19377 0 -0.639849 0.22053 0 0 255
-12.615 53.6082 123.971 0.260877 0 2.8 0 -0.899215 -0.152548 0 0 255
-6.62175 60.281 118.45 -0.430802 0 4.2 0 0.0095325 0.898843 255 196 196
-17.018 40.729 99.976 -0.680768 -0.355568 3.8 0 0.361049 0.293156 14 14 255
-12.288 50.0858 99.6387 -0.542029 0 -3.5 0 -0.349089 0.383086 1 1 255
0.193 36.442 115.797 0.193067 0 -0.7 0 0.112633 -0.914335 2 2 255
-9.3335 57.5995 125.567 -1.31073 -0.232145 -3.02444 0 -0.37704 0.81922 0 0 255
0.38975 50.168 130.743 -0.0546014 -0.0216781 -3.5 0 0.70065 -0.163494 1 1 255
-19.3925 45.2475 98.654 0.038671 0 -3.5 0 0.647643 0.24328 11 11 255
-14.7435 46.1268 125.871 0.940012 0 -3.8316 0 -0.914685 -0.217014 2 2 255
-25.192 36.9972 115.618 0.171706 0 -3.5 0 -0.694663 -0.705139 28 28 255
-28.454 36.5295 103.144 -0.00426682 0 -1.3 0 -0.917714 -0.153621 0 0 255
-2.82075 39.916 123.673 -0.380077 -0.45565 1.69906 0 0.726087 -0.682747 0 0 255
-0.70475 47.5858 139.144 0.0832548 0 -3.5 0 -0.390804 -0.0276985 0 0 255
-10.3422 42.9863 100.592 0.766598 0.48913 4.2 0 0.349842 0.1321 69 69 254
-27.4347 39.558 107.691 -1.18466 -0.761984 -3.5 0 -0.801423 -0.589542 0 0 254
-20.3655 29.0355 104.247 -0.33327 0 -3.5 0 -0.754253 -0.623782 4 4 255
-14.2725 44.7743 128.173 0.185941 0 -3.5 0 -0.667712 0.654275 8 8 255
-16.361 55.1795 118.961 -1.15374 0 -3.5 0 -0.997112 -0.0731173 0 0 255
-27.2833 36.1097 110.176 -1.66415 -0.617961 -0.4 0 -0.97369 -0.227371 23 23 255
-25.198 30.8472 101.763 -16.1915 0 1.8 0 -0.870898 -0.26329 1 1 255
-13.7812 34.802 100.929 0.208053 0 -3.9 0 0.0627577 0.408418 9 9 254
-4.1995 53.7952 113.86 0.183322 0 0.249634 1 -0.018561 0.964873 255 11 11
-28.4735 41.5412 109.983 -1.35183 -0.00352792 -3.5 0 -0.756099 -0.34034 0 0 255
-0.772 47.795 102.285 2.51182 0 -4.5 0 0.195793 -0.565 255 72 72
-17.4105 38.0493 118.424 0.543153 -0.0192137 -2.91517 0 -0.535235 -0.829334 24 24 255
-2.22575 48.2595 102.341 0.152524 0 -4.5 0 -0.31431 -0.43525 255 111 111
-4.018 58.2505 118.4 -0.244661 0 4.35009 0 -0.103547 0.714286 255 44 44
-24.323 30.902 102.6 -2.27656 0 1.8 0 -0.601027 -0.344936 2 2 255
-14.323 57.1698 108.67 -0.00556257 -0.153648 -0.453554 0 0.0348308 0.526884 0 0 255
-6.661 56.517 113.811 0.110798 0 -3.5 1 0.978802 -0.166594 255 12 12
-2.89225 59.7045 124.503 -0.784991 0 -3.2 0 0.290013 0.609969 29 29 255
-2.81975 35.456 119.161 1.47471 0.560779 -3.9 0 0.741369 -0.634983 0 0 255
-22.9083 54.0875 111.422 0.574124 -0.0115915 -3.16544 0 -0.975384 -0.197019 0 0 255
-24.6418 44.8983 115.291 0.656865 0.789705 -0.7 0 -0.615266 0.387844 10 10 255
-10.6865 55.0745 105.399 -0.232429 -0.0306201 -3.5 0 0.0361244 0.960433 3 3 255
-27.911 52.0887 115.981 -2.10429 0 -3.5 0 -0.921769 -0.306767 0 0 255
-3.803 59.5345 120.701 -0.393065 0 0.613917 0 0.274047 0.748246 255 210 210
-26.52 39.4383 100.91 0.383661 0.318952 -1.3 0 -0.0530833 0.499923 0 0 255
5.28275 40.8503 122.828 -0.0146008 0 -1.6 0 0.606668 -0.78499 0 0 255
-11.9795 50.57 119.201 4.80543e-05 0 3.8 0 -0.77517 0.323798 0 0 254
-21.3905 35.724 114.19 -0.171907 -0.860273 -3.5 0 -0.0175136 -0.747816 37 37 255
-4.074 50.0438 106.535 -0.804879 -0.0449248 -4.43778 1 0.76523 0.329966 255 35 35
-6.2935 30.651 112.413 0.283296 0 -3.9 0 0.408899 -0.852006 4 4 255
-4.1035 53.2837 109.758 -0.24965 0 -1.3 1 0.850851 0.441157 255 110 110
-4.306 47.5825 131.41 0.336598 0.158407 3.8 0 -0.709385 -0.00517639 13 13 255
-28.8705 42.349 108.02 -0.84531 -0.775664 -3.5 0 -0.938275 0.303272 0 0 255
-26.187 53.2723 112.522 0.251087 0 -3.5 0 -0.392687 0.419024 0 0 255
-14.3687 36.9803 101.183 0.00543418 0 -1.04753 0 0.203687 -0.3215 40 40 255
-25.457 52.1805 112.398 0.371542 0 -3.5 0 -0.115573 0.172787 0 0 255
2.557 44.1175 109.41 -0.775064 -0.249261 -1.3 1 0.527666 -0.000471725 255 14 14
2.0445 37.286 117.406 -0.159062 0 -0.7 0 0.254289 -0.608397 0 0 255
-15.6775 63.098 115.545 1.93752 0 -3.9 0 -0.13703 0.468089 0 0 255
-0.80925 43.171 134.583 -1.25077 -0.0458058 -3.9 0 -0.445417 -0.578564 1 1 255
1.401 39.251 110.689 0.184672 0 -3.9 0 0.247391 -0.883711 255 220 220
-4.541 52.008 130.516 0.435776 0.43521 3.8 0 -0.484626 0.149133 74 74 255
-21.399 31.2332 99.7868 -0.042641 0.513218 1.8 0 0.584015 -0.218347 5 5 255
3.10325 53.4767 122.492 0.326303 0.56181 -0.4 0 0.0983527 0.990761 255 195 195
-9.547 57.6005 110.157 -0.444621 0 -3.5 0 0.584594 0.768208 196 196 255
-19.1185 55.435 103.513 -0.224975 0 -3.2 0 -0.689909 0.654675 0 0 255
-18.524 47.2007 123.216 0.704686 0.0406507 -4.5 0 -0.123519 0.824024 0 0 255
-5.11175 49.3537 109.129 -0.110571 0 -4.1563 1 0.948402 0.315737 255 10 10
-15.9738 64.2678 114.716 1.22314 0 -3.9 0 -0.497144 0.669753 0 0 255
-2.5695 32.4995 111.462 -0.262347 -0.342564 -2.70879 0 0.797429 -0.302869 6 6 255
-12.2347 54.2692 124.784 -0.146744 0 -0.231981 0 -0.787742 -0.408891 0 0 255
-19.441 44.3942 118.724 0.895729 0 -4.5 0 -0.763935 -0.210226 8 8 255
-27.5285 53.789 116.015 3.82521 0 -3.5 0 -0.624922 0.76051 0 0 255
-23.7967 45.5127 115.14 0.311965 0.0436263 -0.7 0 -0.166045 0.441369 3 3 255
-4.74175 39.1087 124.064 -0.140452 0 0.10965 0 0.014996 -0.995059 6 6 255
0.79875 50.1847 107.471 -0.293542 0 -1.3 1 -0.625049 0.716093 255 17 17
-26.469 52.1945 112.649 0.225773 0 -3.5 0 -0.634252 -0.214017 0 0 255
-2.573 51.9207 131.642 -0.317842 0 -3.5 0 -0.0502367 0.238925 21 21 255
-14.296 46.1442 98.7085 -1.79305 -0.645428 -3.5 0 -0.717184 -0.197196 9 9 255
6.62575 40.7565 118.314 0.421689 -0.222857 -0.7 0 0.148345 -0.580406 18 18 255
-19.904 35.1497 112.152 -0.551452 -0.691004 -1.58639 0 0.534159 -0.799632 40 40 255
-11.6858 33.1232 101.711 0.436946 0 -3.32829 0 0.65079 -0.291473 16 16 255
-22.1723 34.7747 113.415 0.0628384 0 -0.8 0 -0.0136052 -0.657351 31 31 255
11.6962 43.8905 120.627 6.90783 0 1.8 0 0.508501 -0.66236 2 2 255
-20.596 45.816 121.577 0.473051 0 -4.5 0 -0.833445 0.240519 1 1 255
-6.90625 36.4487 101.654 0.352686 0.3224 -0.7 0 0.54625 -0.631487 25 25 255
-5.8495 35.2945 105.174 -0.636466 0 3.34344 0 0.601616 -0.0246436 63 63 255
0.8045 50.334 129.667 0.0800257 -0.03122 -3.01671 0 0.956169 -0.161557 2 2 255
-5.7545 38.0885 101.507 0.305255 0.0886891 -0.7 0 0.665121 0.169801 98 98 255
-16.665 57.288 117.777 -1.84414 0 -3.5 0 -0.753124 -0.477818 0 0 255
-6.98875 58.0293 126.513 -0.868663 -0.36085 -3.2 0 -0.133271 0.678815 0 0 255
6.9455 44.456 114.188 -0.395312 0 -0.7 1 0.513513 0.576417 255 210 210
-25.1375 31.9555 100.768 -2.10449 0 1.8 0 -0.947096 0.31057 0 0 255
-19.635 36.618 97.679 -0.0900202 0 3.8 0 0.236755 -0.532429 21 21 255
-5.88525 47.11 105.309 0.507048 0 -4.5 0 -0.705334 -0.0963937 154 154 255
-16.4592 47.0928 122.327 0.142287 0.0587049 -0.402512 0 -0.0407434 0.904527 0 0 255
-17.097 60.2795 117.488 0.901172 0.268888 3.8 0 -0.216577 0.655396 0 0 255
-16.0273 46.4528 104.924 -0.983415 -0.682126 -1.3 0 -0.771489 0.149913 2 2 255
7.847 50.4847 118.851 0.864131 0.627757 -0.4 0 0.892078 0.0343599 255 227 227
-5.039 33.0168 117.483 0.163437 0 -1.6 0 -0.119212 -0.712589 0 0 255
-18.778 55.2052 115.335 -4.64952 -0.328236 -3.5 0 -0.626092 0.198919 0 0 255
-8.91975 58.0965 124.425 -0.872481 0 -3.2 0 -0.16939 0.896247 0 0 255
-26.9065 34.27 104.059 -0.165647 0 -1.3 0 -0.575289 -0.786977 0 0 255
-3.727 47.12 132.508 0.342271 0.702747 3.8 0 -0.82997 -0.125139 5 5 255
-6.477 37.6435 126.692 -0.0958244 0 3.8 0 0.281258 -0.758397 12 12 255
-23.553 52.4245 107.366 0.169666 0 -0.8 0 -0.966577 -0.224763 0 0 255
-13.6815 62.7067 115.05 0.626704 0 -3.9 0 0.67941 0.411412 1 1 255
-14.8217 46.8745 99.5465 -2.2005 -0.401476 -3.5 0 -0.981373 0.128707 7 7 255
1.1515 42.344 132.713 -0.56191 -0.476275 -3.772 0 -0.190831 -0.975474 0 0 255
-1.7845 54.187 112.393 0.0738614 0 1.9 1 0.0314486 0.687173 255 92 92
-9.235 61.5407 111.88 -0.240211 0 4.2 0 0.945339 0.223307 51 51 255
-15.9128 41.1435 122.91 0.0416934 0 3.8 0 -0.572791 -0.443307 5 5 255
-9.84425 52.0018 128.741 0.0131663 0 3.8 0 -0.77759 -0.59194 9 9 255
-24.6777 30.9277 99.5902 -1.87652 0 1.8 0 -0.733698 0.0856127 2 2 255
2.004 46.617 134.109 0.932756 0 -3.9 0 0.444685 0.873637 0 0 255
-5.524 54.2298 130.369 0.00507789 0 3.8 0 -0.135211 0.308132 99 99 255
5.7735 52.1145 115.561 0.209627 0.181458 1.8 0 0.702642 0.621593 255 71 71
1.784 55.5692 118.161 0.318958 0.496416 -0.8 0 0.582983 0.812484 255 24 24
-29.0225 42.7528 105.688 2.02741 0.385226 -3.9 0 -0.680593 0.717871 0 0 254
-6.31625 34.9565 119.724 1.02691 0.190262 -3.9 0 -0.555133 -0.81984 0 0 255
-13.451 35.8348 110.89 -0.253978 0 0.0479078 0 -0.458892 -0.0915522 13 13 255
-12.7618 53.828 122.825 0.289658 0 2.8 0 -0.976233 -0.119472 0 0 255
-16.1733 64.358 113.53 0.442496 0 -3.9 0 -0.518117 0.846173 0 0 255
-1.64775 39.1084 121.454 -0.134684 0 -3.9 0 0.421094 -0.484739 0 0 255
-18.2838 28.731 101.359 -0.318026 0 -3.5 0 -0.219277 -0.174291 13 13 255
-11.9753 40.5445 99.835 -0.13358 0 -0.4 0 -0.0645873 -0.357031 48 48 255
-23.927 47.8605 108.193 0.750168 0 -4.5 0 -0.684397 0.229232 0 0 255
0.9875 55.6305 130.363 -1.90274 -0.800536 -3.5 0 0.357311 0.815222 35 35 255
-10.417 60.3765 117.464 -16.4111 0 -3.5 0 0.733488 0.613622 0 0 255
-24.5785 38.8255 111.666 -0.144549 0 -3.5 0 -0.87748 -0.116716 12 12 255
-22.9797 55.865 112.789 2.65761 0 -4.5 0 -0.610934 0.787309 0 0 255
-4.784 32.374 108.905 0.603836 0 -3.5 0 0.263268 -0.822373 6 6 255
2.901 38.772 113.656 0.0158688 0 -0.7 0 0.346024 -0.60507 87 87 255
-15.1555 30.5777 109.543 -1.32756 -0.172768 4.2 0 0.00361664 -0.789132 48 48 255
-28.641 42.721 110.073 -1.09925 -0.0809501 -3.5 0 -0.653687 0.389626 0 0 255
-22.8995 45.3295 106.97 -0.045207 0 -4.5 0 -0.640428 0.188127 0 0 255
-26.866 35.8843 111.164 -1.22532 -0.0890034 -0.4 0 -0.725107 -0.419141 49 49 255
-15.5075 47.6307 122.146 -1.87068 -0.289585 3.8 0 -0.331556 0.838307 0 0 255
-7.3145 36.6587 127.379 -0.0923791 0 3.8 0 0.215692 -0.970603 13 13 255
-4.601 53.277 130.557 0.455848 0.711372 3.8 0 -0.135501 0.201468 72 72 255
-14.463 28.6287 104.763 0.0456667 0 4.2 0 0.0124676 -0.853423 17 17 255
-17.522 47.2365 122.652 1.13242 0.223538 -4.5 0 0.144971 0.893608 0 0 255
-23.0555 29.3725 101.074 -1.13973 -0.0183155 1.8 0 0.336158 -0.900207 5 5 255
-14.115 31.45 101.115 4.64976 0 -3.9 0 0.134249 -0.902211 1 1 255
-9.55825 57.8915 108.647 -1.6811 -0.402438 -3.5 0 0.58009 0.803442 151 151 255
-10.565 45.467 127.923 -0.250035 0 -3.5 0 0.404014 0.522223 54 54 255
1.13375 47.172 104.784 0.622994 0 -1.3 0 0.29123 -0.606886 255 29 29
-5.69225 59.9608 123.769 -0.0747165 0.0341009 -3.2 0 -0.401671 0.884272 3 3 254
-1.536 58.5638 119.753 -0.268429 0 4.5 0 0.622409 0.781702 255 53 53
-8.2935 49.6555 103.412 0.480734 0.949063 -3.5 0 0.857655 -0.480422 23 23 255
-4.1575 38.502 125.8 -0.885688 -0.725289 3.8 0 0.141014 -0.978958 12 12 255
-5.11013 37.1434 105.836 -0.888748 0 -3.5 0 0.670018 0.498957 206 206 255
-12.4517 34.9044 101.567 0.104898 0 -3.9 0 0.405782 0.384251 15 15 255
-15.3729 36.5554 116.97 -0.327224 0 -0.7 0 -0.150687 -0.972761 23 23 255
-6.39663 54.5751 112.54 -0.183075 0 -1.3 1 0.781504 0.620913 255 10 10
-3.02581 44.5151 103.365 1.3524 0 -4.5 0 -0.315392 0.60627 255 240 240
-20.2849 42.1816 118.759 -1.26445 -0.836407 -3.58336 0 -0.898422 0.432289 12 12 255
-13.236 39.6898 122.274 -0.0484173 0 3.8 0 0.0900204 -0.992782 7 7 255
-28.0681 43.3311 108.368 -1.67366 -0.0316429 -3.5 0 -0.463567 0.864085 0 0 255
2.1765 46.9593 109.225 -0.413271 0 -1.3 1 0.949731 -0.24939 255 13 13
-10.7674 34.6942 114.739 0.245273 0 -1.3 0 -0.281225 -0.596804 11 11 255
5.07525 44.2388 123.763 -0.054994 0 -1.6 0 0.736114 0.498902 0 0 255
-24.6488 34.6176 111.261 -0.283692 0 -0.8 0 -0.691729 -0.696207 33 33 255
-17.5125 54.023 102.152 -0.561594 0 -3.2 0 0.000567986 -0.308039 0 0 255
-6.848 55.9089 111.545 -0.03665 0 -3.5 1 0.949184 0.273144 255 15 15
-13.8947 48.0965 103.321 -2.52271 0 1.9 0 -0.608716 0.719232 1 1 255
-6.64925 50.917 104.007 -1.93348 -0.287093 -3.5 0 0.315343 -0.633043 117 117 255
-17.5911 41.5691 100.001 -1.01338 -0.762275 3.8 0 0.41815 0.192336 13 13 255
-22.519 49.8415 116.105 -0.146255 0 -3.5 0 0.348031 -3.12147e-05 0 0 255
-12.2489 29.736 106.955 0.268943 0 4.2 0 0.595785 -0.662782 17 17 255
-16.8472 50.5482 105.423 1.18478 0 -1.3 0 -0.490009 -0.0778141 0 0 255
4.97075 45.747 131.986 0.783941 0.0426561 -3.55725 0 0.744244 0.279396 0 0 255
-24.2634 46.8657 108.705 0.765887 0 -4.5 0 -0.884236 -0.0367971 0 0 255
-23.5811 32.2395 99.4266 -0.914934 0 1.8 0 -0.398223 0.105243 1 1 255
-26.3771 51.2451 113.029 0.247163 0 -3.5 0 -0.7499 -0.234095 0 0 255
-22.7285 38.7915 116.735 0.403217 0 -3.5 0 0.157196 0.222299 52 52 255
-8.39 45.6445 103.779 -1.49244 -0.033623 4.2 0 0.807627 0.589222 45 45 255
-1.96025 43.9697 129.428 -0.523287 0 4.2 0 -0.00782446 -0.558494 0 0 255
5.58262 44.2286 129.269 -0.100503 0 -3.5 0 0.840377 -0.173486 0 0 255
-22.7635 43.625 103.808 -0.0196958 0 -3.9 0 -0.073067 0.98532 1 1 255
-0.572 43.244 129.09 -0.257978 0 4.2 0 -0.24667 -0.719721 0 0 255
-18.2527 56.0502 104.707 -0.271522 0 -3.2 0 -0.5745 0.794825 0 0 255
6.12437 48.9666 115.737 -0.498973 -0.00235011 1.8 1 0.995832 0.0227403 255 99 99
-22.9251 50.8419 109.885 -0.442815 0 -0.8 0 -0.970927 0.0662364 2 2 255
-13.561 48.2635 100.179 -1.58812 0 -3.5 0 -0.752599 0.644313 3 3 255
-7.1875 58.5527 125.519 -0.676678 -0.0290121 -3.2 0 -0.331443 0.840835 0 0 255
-2.7405 34.1515 116.562 0.422697 0 -1.6 0 0.642413 -0.164478 0 0 255
1.97325 52.3131 113.982 -0.388072 0 1.8 1 -0.0935893 0.718105 255 70 70
-16.2645 29.151 106.859 -0.183376 0 4.2 0 -0.195943 -0.803708 18 18 255
-1.936 50.141 132.008 -0.367122 0 3.8 0 0.257333 0.556329 8 8 255
-25.0319 34.7257 101.645 -0.276647 0 1.8 0 -0.949061 -0.121321 0 0 255
-5.87731 53.4909 101.75 -1.55653 0 -3.5 0 0.701853 0.682276 25 25 255
-11.7668 47.4209 126.837 0.143557 -0.00809668 -3.9 0 0.343012 0.567553 8 8 255
-5.817 32.082 106.508 0.188127 0 3.8 0 0.764771 -0.629871 23 23 255
-4.10625 46.1536 131.487 0.316107 0.720908 3.8 0 -0.620544 -0.0831745 7 7 255
-14.0804 39.625 100.485 0.247486 0 1.58657 0 0.409471 -0.208656 40 40 255
-14.629 43.929 127.335 0.220351 0.0527297 -3.5 0 -0.912311 0.394059 6 6 255
-10.1923 36.267 101.669 0.00463497 0 -0.7 0 -0.459378 -0.288055 4 4 255
4.629 40.364 112.244 2.56023 0 -3.9 0 0.7767 -0.575397 255 215 215
-22.1602 41.6375 99.7812 0.91994 0 2.70334 0 -0.685168 0.600739 4 4 255
0.479 48.154 134.949 0.311367 0 -3.5 0 0.848457 0.518421 0 0 255
-23.9844 34.331 112.349 -0.0903831 0 -0.8 0 -0.591072 -0.599665 15 15 255
-19.9295 42.5055 99.2095 -0.0444079 0 -3.5 0 0.0488266 -0.0177277 7 7 255
1.1665 56.2233 126.153 -0.364342 0 1.8 0 0.477459 0.856969 14 14 255
-8.49362 51.8469 129.541 -0.0121531 0 3.8 0 -0.308252 -0.689791 45 45 255
4.11112 49.5066 123.661 -1.80975 -0.0317597 -1.3 0 0.515594 -0.202542 21 21 255
-3.37963 50.94 110.558 0.0725136 0 1.9 1 0.517242 0.0186618 255 10 10
-4.8535 60.263 120.679 -0.26601 0 4.2 0 0.381847 0.912897 197 197 255
-24.3137 45.9787 112.968 -0.0533516 0 -2.82124 0 -0.981354 0.105064 0 0 255
-0.232125 36.9533 112.248 0.598475 0.0416889 4.2 0 0.888966 -0.399151 59 59 255
-5.657 32.308 105.508 0.098962 0 3.8 0 0.810137 -0.549593 34 34 255
-14.673 41.8715 125.897 -1.02149 -0.0865191 -3.5 0 -0.872904 -0.0438868 6 6 255
-10.681 37.007 117.044 -0.505497 0 -3.5 0 -0.599281 -0.80029 3 3 255
0.237625 50.617 110.433 0.030087 0 -1.3 1 -0.112371 0.807512 255 13 13
-5.24762 58.2675 118.219 -0.26074 0 4.2 1 0.446446 0.540583 255 75 75
-24.8665 40.891 114.088 -0.572942 -0.204667 -3.5 0 -0.972406 -0.104323 25 25 255
-25.4635 43.3867 105.829 0.274889 0 -3.9 0 -0.00466843 0.9284 0 0 255
-7.7985 34.6574 114.834 0.103511 0 -1.36445 0 -0.535833 -0.733645 2 2 255
-24.9015 40.721 102.059 0.531242 0 -3.9 0 -0.342658 0.413653 3 3 255
7.18 47.2469 121.084 0.0448371 0 2.8 0 0.503647 -0.273331 28 28 255
-15.6853 62.6992 110.75 -1.26584 -0.131609 -3.9 0 -0.116386 0.821071 0 0 255
-14.164 54.368 120.888 0.0973555 0 -3.5 0 -0.368163 -0.619845 0 0 255
-13.3383 48.215 124.015 0.504469 0 -3.9 0 -0.0117624 0.785977 1 1 255
-7.99837 44.702 129.096 0.321035 -0.12422 -0.8 0 -0.678369 0.706864 15 15 255
-5.95225 53.0107 106.18 -0.241586 0.650876 -1.3 0 0.575557 0.559036 237 237 255
-15.9256 49.8749 117.719 0.0136674 0 -4.5 0 -0.291578 0.794936 0 0 255
-1.291 58.4031 118.6 -0.202928 0 4.5 0 0.539068 0.795831 255 22 22
-14.99 49.814 104.339 0.746579 0.323261 -3.03628 0 -0.435791 -0.180041 1 1 255
-11.5015 57.6133 125.218 -0.899177 -0.00858196 -1.14304 0 -0.124289 0.68333 0 0 255
-7.12738 54.7724 129.381 -0.0555144 0 3.8 0 -0.0528817 0.832231 28 28 255
-12.9255 49.6982 119.363 0.232356 0 3.8 0 -0.440522 0.83305 0 0 255
-26.9625 36.1353 109.058 -0.448318 -0.601429 -0.4 0 -0.987585 -0.146874 7 7 255
-21.9153 30.9734 103.977 -1.5317 0 -3.5 0 -0.534738 -0.819946 4 4 255
-7.64275 52.591 130.203 -0.0363421 0 3.8 0 -0.115159 -0.284248 133 133 255
1.23888 48.0485 138.453 0.117082 0 -3.5 0 0.881928 0.237402 0 0 255
-0.991 42.2175 105.172 1.03712 0 -4.5 1 0.892563 -0.434488 255 144 144
-13.9186 37.4717 118.522 -0.00975223 0 -0.7 0 0.11753 -0.726947 39 39 255
3.1515 40.6953 123.076 0.372553 0 -1.6 0 -0.00132612 -0.978069 0 0 255
-8.59513 54.9786 129.247 -0.141951 0 3.8 0 -0.26178 0.900591 7 7 255
-12.2354 59.3391 118.946 -7.21986 0 -3.5 0 0.432367 0.609769 0 0 255
-6.74575 30.8787 113.319 0.202614 0 -3.9 0 0.366225 -0.650685 8 8 255
3.03275 49.8746 124.219 -0.782044 0 -1.3 0 0.541173 0.189848 23 23 255
3.20088 45.3825 124.838 -1.26223 0 -1.6 0 0.843541 0.432481 0 0 255
0.132 41.64 125.231 -0.133817 0 4.2 0 -0.0673052 -0.972595 0 0 255
-14.505 45.8058 99.8603 -2.62128 -0.786229 -3.5 0 -0.932977 -0.236319 11 11 255
-14.8366 50.0179 117.986 0.143597 0.0234043 4.44032 0 -0.305697 0.62655 0 0 255
-1.062 41.1295 124.803 -0.316755 0 -0.4 0 0.493115 -0.844996 0 0 255
-2.6685 36.5486 116.714 0.332337 0 4.2 0 0.609064 -0.72465 0 0 255
1.97975 46.0156 108.24 -0.154896 0 -1.3 1 0.824216 -0.543839 255 22 22
4.9715 41.39 121.928 0.00961334 0 -1.6 0 0.46395 -0.646106 0 0 255
-9.12375 37.414 126.563 -0.230949 0 3.8 0 -0.227241 -0.972686 15 15 255
-10.2493 31.8778 102.996 0.247005 0 3.8 0 -0.286987 -0.382386 45 45 255
-20.7003 40.943 98.0232 -0.0159818 0 3.8 0 0.122589 0.513799 5 5 255
-10.1065 54.1989 100.362 -0.382917 0 -3.5 0 -0.358989 0.635324 1 1 255
-9.00212 33.4238 113.564 0.0448892 0 -2.53291 0 -0.116907 -0.361644 14 14 255
-14.553 43.5475 100.654 -1.6739 -0.461209 1.8 0 -0.276616 0.198006 20 20 255
-0.042625 56.0271 127.894 -0.495737 0 1.8 0 0.467203 0.849157 11 11 255
-10.5868 49.042 122.73 -0.244554 0 3.8 0 -0.893108 0.332178 1 1 255
-22.7741 45.6746 114.893 -0.188934 0 -4.5 0 -0.0078013 0.0309689 1 1 255
6.523 43.4012 119.907 0.237105 -0.426466 0.144453 0 0.154016 -0.895501 5 5 255
-19.095 28.0107 101.989 -0.0582523 0 -3.5 0 -0.671601 -0.33775 13 13 255
-14.8519 39.0811 120.363 0.072152 0 3.8 0 -0.0543198 -0.925372 18 18 255
-14.7196 28.7553 106.705 0.0149292 0 4.2 0 -0.0743848 -0.885404 30 30 255
-13.6433 58.8372 121.459 -0.542367 -0.037777 -3.5 0 -0.674016 0.655041 0 0 255
-16.3307 55.9967 119.664 -0.505937 0 -3.5 0 -0.9311 0.197272 0 0 255
-26.359 41.6497 111.865 -0.314148 0 -3.5 0 -0.658616 -0.177274 8 8 255
-8.747 58.196 111.52 -0.195257 0.0195913 -3.5 1 0.298247 0.732179 255 159 159
-15.3154 56.3926 120.787 -0.0752291 0 -3.5 0 -0.78031 0.218376 0 0 255
-19.3988 34.6953 110.888 -0.147392 -0.393418 1.72404 0 0.38126 -0.644029 30 30 255
-7.66425 40.9893 99.7445 -0.021457 0 4.2 0 -0.0571013 -0.428987 39 39 255
-13.7945 32.9448 109.751 0.029797 0 0.800833 0 0.247333 -0.404305 22 22 255
-26.0068 43.7912 104.716 0.684575 0 -3.9 0 -0.120966 0.992615 0 0 255
0.76625 38.9854 111.943 0.196105 0 -2.16661 0 0.539467 -0.799874 166 166 255
-9.33813 43.6577 101.046 0.55977 0.646943 4.2 0 0.0746813 0.257592 66 66 255
-6.899 39.2848 131.215 -0.0899764 0 3.8 0 -0.0677272 -0.0311099 15 15 255
7.31225 48.5542 117.92 0.24195 0 2.8 1 0.647578 0.460237 255 147 147
-8.607 37.8255 123.05 0.23857 0 -3.5 0 0.214416 -0.962258 5 5 255
-13.0491 61.5754 115.715 0.300174 0 -3.5 0 0.315399 0.914525 1 1 254
-6.41113 35.6307 120.674 1.39666 0.164197 -3.9 0 -0.614329 -0.452521 0 0 255
-9.436 38.1665 129.204 -0.133281 0 3.8 0 -0.677959 -0.28958 6 6 255
-6.58087 30.7176 103.397 0.0658188 0 3.8 0 0.838376 -0.411292 169 169 255
-0.5675 56.6562 122.736 -0.469902 0.685311 -3.2 0 0.941698 0.0845195 103 103 255
-20.3293 47.9314 115.666 0.112737 0 -1.6959 0 -0.397019 -0.274331 0 0 255
-17.4251 57.3699 116.855 -1.82221 0 3.8 0 -0.446257 -0.696193 0 0 255
-16.2594 54.5919 116.335 -4.64473 0 -3.5 0 -0.845795 -0.0775753 0 0 255
-15.342 31.874 101.248 0.358137 -0.0309761 -3.84817 0 -0.358329 -0.213771 4 4 255
-19.019 48.3065 120.116 0.571076 0 -4.5 0 -0.434974 0.810433 1 1 255
-12.788 50.508 118.214 -0.252477 0 4.5 0 -0.521237 0.0541565 0 0 255
-8.863 55.561 106.407 -0.092275 0 -3.5 0 0.302151 0.520521 9 9 255
-10.6056 44.9434 99.8714 -1.85964 -0.488254 -3.5 0 0.781029 -0.392983 28 28 255
-21.3105 29.0305 109.827 -0.39337 0 -3.5 0 -0.0728819 -0.685775 27 27 255
-13.5566 47.7009 122.973 -0.500196 0 2.01986 0 0.0209247 0.998871 1 1 255
-16.0343 53.1408 119.162 -0.242262 0 -3.5 0 -0.773573 -0.552493 0 0 255
-29.0985 41.9625 109.077 -1.23178 -0.325 -3.5 0 -0.996546 0.0525939 0 0 254
-19.9963 54.8884 105.526 0.554622 0.410603 -2.05867 0 -0.501754 0.774144 0 0 255
-10.7507 48.6253 124.05 -0.10916 0 3.25331 0 -0.778231 0.523817 1 1 255
1.78338 54.0796 128.255 -1.34465 -0.141333 -2.7038 0 0.992235 -0.12419 15 15 255
-23.3078 46.891 107.736 0.529695 0 -4.5 0 -0.572754 0.178898 1 1 255
-13.6769 44.2501 100.044 -1.4956 -0.168432 -3.5 0 -0.702656 -0.327143 19 19 255
-20.881 36.312 115.148 -0.122287 -0.305001 -3.5 0 0.161928 -0.739046 33 33 255
-10.0944 59.8571 110.945 -0.239893 0 4.2 0 0.846561 -0.0051138 34 34 255
-18.5796 39.4165 117.313 0.359288 0 -3.5 0 -0.530236 -0.82515 38 38 255
-18.4425 37.1866 114.768 -0.0326403 -0.141014 -1.08588 0 0.0705008 -0.385193 15 15 255
-1.62725 40.7395 105.521 0.163414 0 -4.5 0 0.656834 -0.745467 255 149 149
-2.14062 47.5636 108.051 0.343927 0 -4.5 1 0.00788975 0.988738 255 32 32
-7.12625 38.2361 130.769 -0.0868093 0 3.8 0 -0.218601 -0.642508 12 12 255
-21.3634 33.4043 99.931 -0.173701 0 1.8 0 0.60047 0.0385896 2 2 255
-2.441 35.1915 115.909 -0.0450827 0 0.454332 0 0.660971 -0.113498 0 0 255
-3.977 32.994 107.008 0.250431 0 -3.5 0 0.0920027 -0.99107 5 5 255
-22.3135 44.3105 99.6585 0.551105 0 -3.5 0 -0.90796 -0.402385 7 7 255
-25.0216 36.5869 112.181 -0.176583 0 -0.8 0 -0.661954 0.22048 34 34 255
-15.3036 54.5509 102.921 -0.0760109 0 -3.50457 0 0.373254 0.480658 1 1 255
-23.9871 38.108 117.496 -0.0445941 0 -3.5 0 0.0206245 0.0838405 43 43 255
-16.8789 45.2099 105.038 -0.925991 -0.118168 -3.22725 0 -0.473156 0.564435 1 1 255
5.14038 46.9359 111.746 -1.68259 -0.136901 -3.5 1 0.755038 0.508127 255 21 21
2.86625 47.4487 124.391 -0.340566 0 -1.3 0 0.95982 -0.213965 0 0 255
-25.1268 39.687 101.514 0.568112 0.377187 -1.3 0 -0.09937 0.575821 1 1 255
-13.153 49.1576 100.574 -0.810556 0 -3.5 0 -0.894438 0.397205 2 2 255
-15.2603 63.0849 111.702 0.309113 0 -3.9 0 0.0223472 0.781096 0 0 255
-22.5429 40.7506 98.5431 0.231642 0 3.8 0 -0.528836 0.548467 3 3 255
-8.90725 46.673 104.311 -0.0117664 0 1.9 0 0.979068 0.185778 30 30 255
-5.498 54.0635 112.488 -0.358761 0 -1.3 1 0.457118 0.888967 255 22 22
-25.1364 38.708 116.939 0.36881 0.0137131 -3.5 0 -0.597623 0.428961 58 58 255
2.215 38.3022 117.938 -0.641645 -0.302247 -0.7 0 0.382273 -0.0466178 0 0 254
-21.7183 51.1152 104.963 0.253691 0 -0.8 0 -0.304482 -0.68138 0 0 255
-9.18 35.686 119.72 -1.45172 -0.389103 -3.5 0 -0.0912894 -0.842083 0 0 255
-23.255 32.876 110.957 -0.195436 0 -0.8 0 -0.394155 -0.880061 65 65 255
-0.5415 49.8097 110 -0.0108399 0 -1.3 1 -0.517312 0.667023 255 14 14
-6.87838 58.0969 116.154 -0.441803 0 4.2 1 0.738555 0.446818 255 43 43
-8.771 39.7687 101.095 -0.0934326 0 4.2 0 -0.158453 -0.390929 29 29 255
-7.63613 45.5288 129.963 -0.0246813 0 -0.8 0 -0.794453 0.584093 28 28 255
-3.549 40.9335 104.346 0.30237 0 -4.5 0 -0.0433135 -0.796667 165 165 255
-9.4595 37.5481 125.243 -1.24633 -0.862179 -3.5 0 0.220357 -0.968107 16 16 254
-10.1989 31.8657 108.062 0.20444 -0.49769 3.8 0 0.0665904 -0.984489 36 36 255
-19.4928 46.2982 123.489 -0.0119667 0 -4.5 0 -0.590433 0.533205 0 0 255
1.88388 49.9495 127.235 -0.683889 0 -1.3 0 0.911784 0.320209 1 1 255
-9.68225 59.5991 117.204 -9.03975 0 1.32691 0 0.60255 0.797105 2 2 255
-1.7565 55.0602 116.535 -0.125208 0 3.44756 1 0.576222 0.713537 255 8 8
-15.9689 32.0709 110.097 -1.05026 -0.816459 4.2 0 -0.261024 -0.347275 20 20 255
-27.1822 41.393 103.049 1.18295 0 -2.56795 0 -0.327279 0.402378 0 0 255
-9.55475 54.9221 105.791 -0.331757 0 -3.5 0 0.30455 0.795125 5 5 255
-25.7221 38.3773 110.705 -0.480572 0 -1.68556 0 -0.687745 0.103151 9 9 255
-2.62637 55.5786 116.149 -0.122993 0 4.5 1 0.373434 0.703501 255 4 4
-0.377375 37.5045 110.607 -0.16724 0 4.2 0 0.893904 -0.133227 111 111 254
1.26575 50.7067 109.815 0.0603499 0 -1.3 1 -0.063749 0.991199 255 13 13
0.942 47.9665 132.245 -0.392653 0.05995 -3.5 0 0.646324 0.751065 0 0 254
-10.6128 38.052 101.89 -0.18062 0 -0.7 0 -0.322012 -0.129965 7 7 255
2.112 45.136 108.965 -0.763793 0 -1.3 1 0.757723 -0.0751079 255 20 20
-14.6695 39.214 122.188 -0.0378387 0 3.8 0 -0.0637646 -0.953836 9 9 255
-2.36825 36.011 119.959 0.951851 0.0234506 -3.9 0 0.842447 -0.486421 0 0 255
0.11675 56.4294 126.969 -0.390261 0 1.8 0 0.601918 0.730337 9 9 255
-2.655 33.8522 109.982 0.061615 0 -3.73632 0 0.907823 -0.398212 3 3 255
-1.459 49.8177 110.434 0.0328682 0 1.9 1 -0.167643 0.416151 255 13 13
-17.3205 31.579 101.45 -0.667734 -0.438508 -3.5 0 0.149637 0.0933267 7 7 255
4.301 37.4596 116.276 -0.0256015 0 -0.7 0 0.873583 -0.470363 4 4 255
-20.871 29.112 105.219 -1.09929 -0.222134 -3.5 0 -0.6631 -0.505779 3 3 255
-13.3261 53.6004 120.686 0.00257978 0 2.8 0 -0.503022 -0.628805 0 0 255
-20.7861 43.2865 122.543 0.373999 0 -4.5 0 -0.956055 -0.149385 4 4 255
-21.7796 39.8989 97.7179 0.0632464 0 3.8 0 -0.276792 0.351466 2 2 255
-18.7017 27.0274 102.805 0.305376 0.0359964 -3.5 0 -0.387351 -0.915587 9 9 255
-24.3601 36.8586 114.832 -0.237583 0 -3.5 0 -0.618111 -0.761075 19 19 255
-14.2121 40.5337 129.201 -1.44133 0 -3.5 0 0.159113 -0.763602 11 11 255
-23.1931 52.5302 106.324 0.122363 0 -0.8 0 -0.920149 0.00550121 0 0 255
-3.8985 42.3721 102.853 0.500541 0 2.81785 0 0.465159 -0.586805 85 85 255
-11.9744 43.5864 129.775 -0.0876784 0 -3.5 0 0.268668 0.225667 26 26 255
-13.6643 57.6657 122.202 0.391636 0 -3.5 0 -0.833783 0.381623 0 0 255
-9.329 56.5855 107.161 -0.73049 -0.328198 -3.5 0 0.304942 0.641097 25 25 255
-27.5671 35.0351 104.368 -0.15794 0 -1.3 0 -0.805038 -0.589279 0 0 255
-1.0395 58.1155 128.708 -0.256585 0 1.8 0 0.849722 0.46786 10 10 255
-2.99525 51.9842 111.24 0.162769 0 0.22158 1 0.484718 0.511685 255 57 57
0.90775 47.367 134.08 0.629506 0.0154093 -3.5 0 0.736242 0.655929 0 0 255
-16.2919 56.6893 116.899 -4.56652 -0.316391 -3.5 0 -0.823936 -0.479105 0 0 255
-21.9231 40.4489 116.324 0.0398599 0 -2.00646 0 -0.232551 -0.196389 62 62 255
-13.0605 29.7501 107.963 0.235282 0 4.2 0 0.374196 -0.607362 18 18 255
-0.548625 54.0726 115.771 -0.403651 0 1.9 1 0.454479 0.842939 255 19 19
-6.88325 31.785 108.894 0.120314 -0.466976 -0.0622526 0 0.355987 -0.794679 13 13 255
-7.30725 53.728 102.333 -1.4412 -0.309391 -3.5 0 0.460975 0.685367 11 11 255
-12.923 48.1543 121.654 -0.184343 0 3.8 0 -0.177673 0.804346 0 0 255
5.64625 45.829 111.71 -1.76336 -0.082643 -3.5 1 0.905506 -0.0384173 255 23 23
-20.2615 42.5475 123.178 0.472724 0 -4.5 0 -0.649274 -0.628311 4 4 255
-9.89375 44.7045 128.106 0.166324 0 -3.5 0 0.217301 0.636376 37 37 255
-28.0715 37.3722 102.485 -0.644268 -0.0453156 -1.3 0 -0.859354 -0.253526 0 0 255
-2.628 59.0213 120.472 -0.313834 0 0.0596944 0 0.271339 0.845967 255 98 98
3.9515 41.9712 119.71 -0.285264 0 -1.40625 0 0.257756 -0.963548 2 2 255
8.46912 42.7776 119.268 -0.691428 0 1.8 0 0.0334217 -0.9762 8 8 255
0.372375 49.3664 104.687 0.110585 0 -3.72592 1 0.308062 0.930058 255 29 29
3.56525 37.1917 114.909 -0.0123194 0 -0.7 0 0.432761 -0.781216 11 11 255
-14.7942 35.827 101.27 0.528603 0 -3.9 0 -0.00158254 0.0298197 32 32 255
-26.7341 40.8797 110.981 -0.883094 0 -3.5 0 -0.529271 -0.48215 7 7 255
-4.89813 33.0175 107.658 0.883221 0 -3.5 0 0.223186 -0.946985 6 6 255
1.29275 49.9323 112.127 -0.0921588 0 -0.27724 1 0.654926 0.751827 255 22 22
-14.3223 44.0913 125.489 0.831675 0.685746 -3.5 0 -0.974853 -0.22086 5 5 255
-4.09975 48.3976 109.6 -0.0455049 0 -4.5 1 0.565934 0.763297 255 15 15
-5.52475 44.541 103.067 0.250025 0 4.2 0 0.130458 0.896106 118 118 255
-15.9283 33.5467 101.185 0.180773 0 -3.9 0 -0.31379 -0.12168 16 16 255
-20.386 42.7111 119.902 0.160207 0.284707 -4.01968 0 -0.976726 -0.122332 4 4 255
-1.112 53.3425 112.058 -0.00149321 0 1.9 1 0.389701 0.610347 255 125 125
-7.1435 47.4245 106.066 0.153845 0 -4.5 0 -0.284267 -0.16613 114 114 255
-18.9513 36.4185 98.5563 -0.108422 0 3.8 0 0.676321 -0.623673 21 21 255
-8.403 54.5009 106.359 -0.203382 0 -3.5 0 0.4993 0.446379 12 12 254
-6.34725 31.4872 104.852 0.0950898 0 3.8 0 0.882761 -0.457249 69 69 255
-10.7415 59.699 110.049 -0.273011 0 4.2 0 0.502362 0.124671 6 6 255
-7.64175 44.7448 101.872 0.0100766 0 4.2 0 0.151733 0.83807 90 90 255
-9.43475 46.4505 101.315 -0.0610298 0.00590878 -3.5 0 0.891939 -0.004283 27 27 255
-0.74725 39.5539 121.18 -0.0329721 0 -3.9 0 0.670409 -0.436186 0 0 255
-2.29737 58.991 124.927 -0.795727 -0.444225 0.177285 0 0.288555 0.855956 15 15 255
-7.54513 50.9755 102.003 -0.643911 0 -3.5 0 0.649544 -0.759534 18 18 255
-1.9705 33.9619 108.819 -0.594772 0 -3.5 0 0.629229 -0.657752 4 4 255
-23.1505 36.0945 98.8435 -0.0736021 0 3.8 0 -0.572893 -0.3436 0 0 255
-9.8845 48.8885 125.437 0.0171307 0 3.8 0 -0.311852 0.3337 9 9 255
-17.1392 54.7944 115.772 -4.11214 -0.141055 -3.5 0 -0.414168 -0.0549887 0 0 255
-3.58588 34.706 118.592 0.951853 0.779948 -3.9 0 0.695469 -0.713065 0 0 255
0.19325 49.792 103.535 0.297765 0 -4.5 1 0.662414 0.740444 255 54 54
-24.0109 33.0592 105.69 -0.331137 0 -1.3 0 -0.404643 -0.914398 1 1 255
-24.3735 37.8251 99.5056 0.0694638 0 3.8 0 -0.846837 -0.0795321 0 0 255
4.1305 39.5291 116.93 -0.207431 0 -0.7 0 0.476414 -0.264946 11 11 255
3.76113 53.2738 119.069 -0.155636 0 -0.4 0 0.163032 0.977419 255 101 101
-18.86 35.763 112.603 -0.594617 -0.145352 -1.90214 0 0.281544 -0.951959 32 32 255
-26.8598 38.726 107.094 -0.483553 0 -0.4 0 -0.968306 -0.247957 0 0 255
-11.744 54.8898 104.677 -0.436359 -0.606229 -3.61912 0 -0.172086 0.983792 2 2 255
10.2175 42.5501 117.499 0.264595 0 1.8 0 -0.0245951 -0.986494 47 47 255
-16.5658 43.7113 123.245 0.297894 0 3.8 0 0.0858313 -0.190601 3 3 255
7.3865 51.2795 123.001 -0.304043 -0.251237 -0.4 0 0.673861 0.276467 100 100 254
6.83838 53.1551 118.059 0.0808254 0 -0.4 0 0.569427 0.71077 255 120 120
-7.76788 30.6804 109.404 0.993822 0 -3.9 0 0.338017 -0.667615 15 15 255
-2.21287 37.7691 108.18 -0.961942 0 -3.5 1 0.822847 0.455043 246 246 255
-4.81075 40.8047 104.853 0.346085 0 -4.5 0 0.37236 -0.736741 219 219 255
-18.9147 35.4717 111.505 -0.23026 0 4.2 0 0.260208 -0.803717 35 35 255
-13.2347 48.7663 102.78 -2.49759 0 -0.767434 0 -0.918532 0.350178 1 1 255
-18.4452 28.5168 104.644 -0.139115 0 -3.5 0 0.0904135 -0.725412 4 4 255
-6.414 55.4069 128.437 0.000226896 0 3.8 0 -0.222283 0.863133 2 2 255
3.60313 39.638 114.09 -0.66579 -0.252803 3.38553 0 0.87914 -0.363213 114 114 255
-19.3919 31.2214 109.894 -0.137106 0.0350927 -3.5 0 0.521125 -0.0645978 18 18 255
-20.6602 39.438 97.691 -0.012967 0 3.8 0 0.197402 0.296309 4 4 255
5.61062 41.5781 123.643 0.0583853 0 -1.6 0 0.764467 -0.519962 0 0 255
-1.373 46.3038 137.386 0.29568 0 -3.5 0 -0.522494 -0.615993 3 3 255
-24.9998 37.617 111.525 -0.301083 -0.203938 -0.4 0 -0.711761 0.305957 21 21 255
1.63675 46.6328 135.196 0.467051 0 -3.82353 0 0.586257 0.76912 0 0 255
-11.227 37.4129 117.889 -0.719465 0 -3.5 0 -0.481682 -0.876344 12 12 255
0.218 49.3478 135.945 -0.804715 0 -3.5 0 0.784787 0.582863 0 0 255
-23.8936 54.1915 113.108 0.681865 0 -4.5 0 -0.607278 0.702826 0 0 255
-23.3455 32.183 106.75 -0.322421 0 -3.5 0 -0.732463 -0.576074 4 4 255
5.416 46.512 122.253 -0.0918684 0 2.8 0 0.570175 0.0134811 6 6 255
2.5935 45.9855 110.179 -0.358979 0.485027 -1.3 1 0.758005 0.0931451 255 11 11
-7.165 52.9753 103.019 -1.3149 -0.915094 -3.5 0 0.602846 0.675645 23 23 255
-23.7435 41.392 116.282 -0.138999 0 -0.7 0 -0.643824 -0.20373 65 65 255
4.90637 52.4806 114.297 -0.0463418 0 1.8 0 0.563379 0.447127 255 67 67
-18.7225 45.5151 102.234 -0.345655 0 -3.5 0 0.168285 0.856434 3 3 255
-1.05313 58.4183 124.332 -1.30326 -0.0780499 1.8 0 0.79857 0.576733 39 39 255
-24.9364 37.3111 116.987 0.290649 0 -3.5 0 -0.641514 -0.391894 41 41 255
-6.5835 31.1165 105.878 0.121652 0 3.8 0 0.487128 -0.760349 45 45 255
8.35825 46.6444 116.791 -0.541997 -0.397394 2.8 1 0.628306 0.477349 255 241 241
-18.8105 47.5477 122.156 0.768758 0.566668 -4.5 0 -0.311855 0.850542 0 0 255
-22.1303 43.9041 102.696 0.1536 0 -3.59573 0 -0.653873 0.756372 2 2 255
-2.6235 60.9132 122.394 0.0144177 0 -3.2 0 0.151919 0.971238 107 107 255
-5.01862 45.802 131.009 0.00518246 0.371506 2.48235 0 -0.187231 0.308182 15 15 255
-0.74375 35.3442 109.121 -1.56487 -0.704152 -3.5 0 0.842004 -0.419345 15 15 254
3.032 53.4525 116.778 -0.240884 0 1.8 0 0.420193 0.906424 255 63 63
-8.70775 49.4239 100.606 0.0129419 0 -3.5 0 0.762649 -0.291366 5 5 255
-18.5018 55.8105 102.814 -0.483819 0 -3.2 0 -0.627866 0.646301 0 0 255
-17.4265 56.6623 105.352 0.124871 0 -3.2 0 -0.194057 0.948159 0 0 255
-17.4105 60.7355 112.326 -0.583084 -0.459909 0.0495904 0 -0.87703 0.132765 0 0 254
0.0115 46.7443 104.856 2.23513 0.152213 -2.14631 0 0.570783 -0.618215 255 41 41
-27.1209 52.5676 113.426 0.347941 0 -3.5 0 -0.831925 0.0174944 0 0 255
-13.2671 33.9814 110.538 0.111812 0 -1.3 0 -0.262226 -0.735664 11 11 255
-13.3485 40.3995 128.37 -1.03602 0 -3.5 0 0.281665 -0.817855 11 11 255
-11.9535 60.8418 118.302 -3.87931 0 -3.5 0 0.306107 0.616175 0 0 255
-24.4885 45.875 114.334 0.231909 0.179726 -1.38033 0 -0.887919 0.37775 1 1 255
-20.6982 34.1413 100.555 -0.24926 -0.143503 3.29738 0 0.341934 -0.237309 3 3 255
1.7375 48.1325 128.766 0.190297 0.0836249 -1.3 0 0.879901 0.311286 0 0 255
-20.1115 41.7355 120.534 -0.210967 -0.0936503 -3.67415 0 -0.8587 -0.372115 6 6 255
-1.362 38.1791 109.871 -0.50562 0 4.2 1 0.726368 0.289556 206 206 255
4.65425 44.4355 131.944 1.32239 0 -3.83383 0 0.830386 -0.251376 0 0 255
-21.7989 45.4711 115.011 -0.434423 0 -3.51252 0 -0.098851 0.21312 1 1 255
-10.6897 43.0793 129.202 -0.559102 -0.488517 -3.5 0 0.209447 0.207561 22 22 255
-19.4813 41.8467 122.363 0.556365 0.101968 -4.5 0 -0.217063 -0.94501 3 3 255
-9.681 55.0375 102.584 -0.582185 -0.0330503 -3.5 0 0.048819 0.982164 2 2 255
2.11613 53.3436 120.419 -0.325592 -0.157238 -0.51123 0 0.275418 0.942715 255 87 87
-6.53 51.5028 100.562 -1.74572 -0.292005 -3.5 0 0.720193 -0.594772 14 14 254
-11.5749 62.934 110.662 -0.0786793 0 4.2 0 0.0570728 0.893999 13 13 254
-2.1145 40.153 124.679 -0.708763 0 -0.4 0 0.817625 -0.575748 1 1 255
-14.5077 62.2067 115.517 1.87248 0 -3.9 0 0.253148 0.440975 0 0 255
7.572 43.1895 119.864 -0.723477 -0.39014 1.8 0 -0.165535 -0.918448 5 5 255
-25.8341 43.0735 111.956 -0.187376 0 -3.5 0 -0.547215 0.552876 4 4 255
-0.5575 44.1765 102.704 -1.49711 0 -4.5 0 0.626887 0.432609 255 221 221
-8.68237 48.3834 101.648 0.206422 0 -3.5 0 0.96484 -0.218982 10 10 255
-16.7895 39.9705 121.022 0.111726 0.0196735 -1.29823 0 -0.414194 -0.540797 11 11 255
-6.87275 30.0565 104.132 0.0842654 0 3.8 0 0.695979 -0.704819 107 107 255
-5.0855 43.5475 131.467 -0.141324 0 -0.8 0 0.331428 -0.416957 6 6 255
-12.6764 53.7854 102.798 -0.214867 -0.0233051 -3.74207 0 -0.181689 0.677306 2 2 254
-19.0956 41.5877 121.081 0.0425754 0.0464733 -4.11664 0 -0.292573 -0.823465 4 4 255
-5.67887 42.1167 99.9964 0.0389976 0 4.2 0 0.66819 0.174845 128 128 255
0.822375 41.6707 108.597 0.225352 0 -3.9 1 0.360057 -0.406206 255 23 23
-23.84 45.0999 110.809 0.399449 0 -4.32359 0 -0.972731 0.109088 0 0 255
2.40025 50.9071 124.275 -0.489262 0 -1.3 0 0.779785 0.254839 32 32 255
6.76487 45.1875 114.938 -0.721977 -0.377235 0.754409 1 0.639845 0.433295 255 138 138
-25.5311 53.872 113.219 0.459835 0 -3.5 0 -0.117615 0.769449 0 0 255
0.17725 49.2733 137.324 -0.487685 -0.010514 -3.5 0 0.550704 0.791115 1 1 255
-0.2125 39.9178 120.056 0.299667 0 -3.9 0 0.844343 -0.394144 0 0 255
-7.66075 38.364 101.341 -0.261432 0 -0.7 0 0.21354 0.115654 20 20 255
-21.5853 43.3779 104.767 -0.4732 0 -3.79024 0 -0.332224 0.941714 1 1 255
-0.31075 45.5044 105.499 0.91851 0 -2.01955 0 0.8037 -0.433937 255 50 50
2.541 51.911 123.798 -0.211738 0 -1.3 0 0.463239 0.071971 60 60 255
0.599125 45.9706 105.782 0.583969 0 -1.3 1 0.396862 -0.725199 255 37 37
-3.6875 31.3522 113.634 -0.823977 0 -1.6 0 -0.113113 -0.937942 3 3 255
-20.9389 37.9379 116.444 0.215385 0 -3.5 0 0.514647 -0.232587 54 54 255
-18.1178 49.4753 117.733 -0.900198 0 -4.5 0 -0.263401 0.814115 0 0 255
-10.427 61.6739 110.05 -0.155241 0 4.2 0 0.459052 0.208831 9 9 255
-6.12025 44.1738 131.731 -0.049165 0 -0.8 0 0.0561103 0.0942719 13 13 254
-23.9207 46.8228 115.065 -0.115557 -0.475946 -3.5 0 -0.554468 -0.245992 0 0 255
-24.7173 36.0056 101.332 -0.300663 0 0.0136905 0 -0.720561 -0.150173 0 0 254
4.5435 42.3745 129.947 -0.10434 0 -3.5 0 0.513438 -0.842345 0 0 255
6.43225 42.4878 113.746 -0.240324 0 -0.7 0 0.373767 -0.422116 233 233 255
-5.1625 60.2108 118.985 -0.273986 0 4.2 0 0.491341 0.711146 255 157 157
-11.3281 39.0544 119.979 -0.438354 -0.981708 -3.5 0 -0.54073 -0.572816 22 22 254
-14.1551 61.1296 116.393 1.42241 0 -3.5 0 0.0141888 0.925157 0 0 255
-6.62675 33.3187 116.024 0.272515 0 -1.6 0 -0.759124 -0.559377 1 1 255
-1.301 47.0905 138.441 -0.309028 0 -3.5 0 -0.705462 -0.340073 2 2 254
-12.6945 39.504 123.283 0.0856939 0 -3.5 0 -0.452917 -0.849862 4 4 255
3.70412 45.1702 127.513 1.18688 0 -3.5 0 0.766507 0.250755 0 0 255
-11.9335 52.8737 101.891 -0.338917 0 -3.5 0 -0.376611 0.663781 1 1 255
-15.3112 29.5651 107.474 0.0279885 0 4.2 0 -0.236877 -0.726795 25 25 255
-16.687 44.1355 100.658 -1.78066 -0.722775 -3.5 0 0.277017 0.303408 11 11 255
-19.1991 53.7772 102.655 0.821845 0 -3.2 0 -0.578139 0.0438791 0 0 255
3.55113 43.0477 134.154 0.179283 0 -3.9 0 0.652663 -0.726371 0 0 255
-22.954 52.658 111.724 0.943283 0.442123 -3.44449 0 -0.788092 0.1813 0 0 255
-24.9535 35.1592 112.258 -0.149461 0 -0.8 0 -0.640516 -0.45776 40 40 255
-17.4626 28.321 104.475 -0.478898 0 -3.5 0 0.0299096 -0.660363 6 6 255
-6.0255 49.057 129.542 -0.0508029 0 3.8 0 -0.712169 0.225623 50 50 255
-10.5261 38.7391 127.509 -0.221365 0 0.284113 0 -0.570734 -0.205543 11 11 255
-20.3118 46.5799 100.56 -0.200658 0 -3.5 0 -0.057681 0.969559 3 3 255
-18.5491 36.0218 114.296 -0.84026 -0.0343165 1.48631 0 0.261459 -0.728553 21 21 255
-22.8113 50.8055 105.808 0.0286244 0 -0.8 0 -0.63764 -0.661328 0 0 255
-21.4664 58.378 106.676 0.202765 -0.683448 -0.8 0 0.256935 0.614482 0 0 255
-10.411 59.8008 122.711 -1.55799 0 -3.5 0 0.487484 0.828467 0 0 255
-6.0765 31.7155 113.368 0.226209 0 -3.35096 0 0.207975 -0.666725 3 3 255
-24.3827 43.3823 116.696 -0.00642609 0 -0.7 0 -0.688304 0.206407 24 24 255
-6.17212 34.568 104.319 -0.0610379 0 3.8 0 0.701801 0.216044 102 102 255
3.2125 43.2315 109.65 0.340306 0 -3.9 1 0.566374 0.165385 255 8 8
-7.23787 45.0667 105.173 0.35224 0 0.354109 0 0.083357 0.789829 77 77 255
-17.685 48.387 105.507 -0.671134 0 -1.3 0 -0.703153 0.00292266 0 0 255
-10.3996 35.4289 102.175 0.0570518 0 -1.18964 0 -0.124345 -0.159032 13 13 255
-25.4862 42.1328 112.701 -0.117729 0 -2.28148 0 -0.904207 -0.00151482 16 16 255
-8.02 30.6595 113.432 0.519294 0 -3.9 0 0.0268958 -0.577596 19 19 255
-1.073 40.8358 108.331 0.564557 0.485105 -4.5 1 0.496995 -0.720545 255 45 45
2.0265 48.6683 127.605 -0.249013 0 -1.3 0 0.890674 0.215459 0 0 255
-8.552 29.5938 109.883 1.29413 0 -3.9 0 0.177942 -0.69799 9 9 255
-12.2049 43.4051 99.4736 -1.81772 -0.463362 -3.5 0 -0.0376092 -0.543292 58 58 255
-13.1753 42.1669 130.158 -0.260337 0 -3.5 0 -0.17657 -0.121296 14 14 254
-21.2629 42.1374 99.173 0.710363 0 -1.5002 0 -0.39148 0.439333 6 6 255
6.15325 43.9873 113.457 -0.700965 -0.00010025 -2.25081 1 0.571389 0.0488063 255 202 202
-11.0925 50.2946 122.423 -0.59479 0 3.55324 0 -0.837879 -0.404738 0 0 255
-7.71475 32.6301 113.819 0.311785 0 -3.9 0 -0.352376 -0.0531084 9 9 255
-14.921 60.4975 109.951 -0.565568 -0.52254 -0.381777 0 -0.183214 0.092747 0 0 255
-14.4794 48.0291 123.979 1.05662 0 -3.9 0 -0.552583 0.766631 1 1 255
-0.549 42.4119 133.496 -1.44301 -0.520956 -3.9 0 -0.383113 -0.898447 1 1 255
-24.0209 29.3346 100.585 -1.90848 -0.324743 1.8 0 -0.438042 -0.893867 4 4 255
-18.419 35.0433 100.301 -1.2366 -0.716034 4.2 0 0.403356 -0.0663992 36 36 255
-15.3763 28.8318 104.256 -0.0103999 0 4.2 0 0.53938 -0.750697 12 12 255
-2.17125 45.4987 103.648 4.59238 0 -4.5 0 -0.275724 0.221572 255 133 133
-28.0424 42.7701 107.195 -0.2121 -0.0725864 -3.70826 0 -0.458482 0.888401 0 0 255
-25.6203 33.4388 106.932 -1.43314 -0.00850222 -1.3 0 -0.637513 -0.754728 2 2 255
-22.9735 58.3879 108.773 0.528416 0 -0.8 0 -0.730313 0.651506 0 0 255
-25.4095 42.8064 107.031 -0.563925 -0.296342 -3.71744 0 0.0326584 0.998731 0 0 255
1.17175 42.0555 130.167 -1.36249 -0.0891921 0.372311 0 -0.588901 -0.797397 0 0 254
-7.51025 50.2544 103.888 -0.477541 0.205221 -3.5 0 0.524376 -0.639649 67 67 255
-26.876 51.2393 114.207 0.152877 0 -3.5 0 -0.850417 -0.434676 0 0 255
-16.7048 61.353 116.475 0.916246 0.259385 -1.78837 0 -0.277478 0.703343 0 0 255
-13.6219 42.0185 100.129 -1.29494 -0.252035 0.692866 0 -0.0493799 -0.0983041 33 33 255
-9.79513 41.3215 100.325 0.105788 0 1.89823 0 0.00526567 -0.0466551 63 63 255
-2.028 40.5635 123.301 -0.622629 -0.419778 -0.4 0 0.571415 -0.814325 0 0 255
-7.53175 58.7515 124.395 -0.451989 -0.00696281 -3.2 0 -0.489899 0.851239 0 0 254
4.24412 47.6916 111.784 -0.73513 -0.728188 -3.5 1 0.61562 0.477889 255 8 8
-11.5621 39.8079 120.906 -0.218181 0 -0.554567 0 -0.401905 -0.912765 13 13 255
-15.7165 52.3885 101.854 6.6487 0 -3.9 0 -0.539549 -0.167471 4 4 255
-20.9486 30.0742 104.032 -0.457279 0 -3.5 0 -0.798239 -0.593223 5 5 255
2.70875 49.7646 110.027 -0.0607245 0 -1.3 1 0.750548 0.508929 255 6 6
-16.4695 57.7585 107.99 -0.0470573 0 -3.30367 0 0.172195 0.887253 0 0 255
-10.3981 33.585 102.266 0.133122 0 0.758392 0 0.117421 -0.260814 36 36 255
-7.403 31.5001 113.794 0.260096 0 -3.9 0 -0.0251084 -0.334647 10 10 255
3.05012 53.1455 123.636 -0.217601 0 -0.0553795 0 0.343652 0.682546 137 137 255
-13.671 40.4165 125.493 -0.775271 -0.0688241 -3.5 0 -0.853193 -0.502241 6 6 255
-8.19538 59.0079 122.645 -2.0334 0 4.2 0 -0.0693005 0.980128 0 0 255
-1.86337 33.7741 106.027 -1.13403 -0.687498 -3.5 0 0.0392946 -0.742118 8 8 255
-23.5445 53.479 107.108 0.135788 0 -0.8 0 -0.903269 0.294149 0 0 255
-0.58725 50.0788 135.876 -1.4275 -0.0256835 -3.5 0 0.412519 0.897195 3 3 255
2.4105 54.631 118.352 0.203822 -0.473344 -0.8 0 0.845403 0.50847 255 44 44
-24.8856 33.4884 101.518 -0.412863 0 1.8 0 -0.996861 -0.0788916 0 0 255
-16.4772 37.2045 118.616 0.647662 0.395876 -0.7 0 -0.246271 -0.775356 27 27 255
-3.038 32.8768 109.456 0.529103 0.288172 -3.71021 0 0.726428 -0.684937 3 3 255
-18.911 37.4365 97.7696 -0.0986803 0 3.8 0 0.672167 -0.222305 14 14 255
-10.8434 37.5467 124.167 -0.583495 -0.0932268 -3.5 0 -0.164406 -0.945795 22 22 255
-16.3075 28.1717 104.249 -0.0791739 0 0.463146 0 0.21444 -0.884388 10 10 255
-12.0345 37.471 116.746 -0.231283 0 -3.40495 0 -0.0125219 -0.945746 13 13 255
-24.9559 44.3755 113.426 -0.0396341 -0.463314 -0.7 0 -0.93808 0.232397 4 4 255
-15.8208 51.0179 104.392 1.3288 0 -2.57687 0 -0.604298 -0.424687 1 1 255
-20.5788 27.7539 107.27 -1.90418 -0.0636032 -3.5 0 0.0409624 -0.988441 1 1 255
-22.9195 53.2055 109.482 0.202475 -0.941857 -0.8 0 -0.948462 -0.164024 0 0 255
-10.959 45.4564 98.8456 -1.49411 0 -3.5 0 0.627986 -0.343743 28 28 255
-22.8446 30.3361 107.475 -0.608596 -0.10894 -3.5 0 -0.819504 -0.422048 6 6 255
1.89713 50.1505 105.59 -0.645038 -0.00580613 -1.3 1 -0.381065 0.865338 255 23 23
1.55375 40.032 109.677 0.314151 0 -3.9 0 0.177502 -0.653424 255 61 61
5.08962 53.4864 120.784 0.0560728 0 -0.4 0 0.0247593 0.994726 255 239 239
-9.30775 51.321 126.077 0.116589 0 3.29994 0 -0.707503 -0.44464 8 8 255
-8.5155 36.8957 120.605 -1.48477 -0.371997 -3.5 0 0.0903467 -0.682428 0 0 255
-8.52381 47.1786 126.709 0.0841731 0 3.8 0 -0.329519 0.426554 22 22 255
6.0325 53.6504 122.612 -0.0962036 0 -0.4 0 0.291047 0.930946 209 209 255
-25.1419 33.5882 103.813 -0.293285 0 -1.3 0 -0.596371 -0.778443 0 0 255
-16.008 55.546 117.582 -5.53647 0 -3.5 0 -0.995662 -0.0929334 0 0 255
-16.0546 51.8464 115.842 -0.818458 0.0444839 0.780097 0 -0.625248 0.138561 0 0 255
-19.1618 55.6924 111.503 1.2731 0 -1.18792 0 -0.282397 0.79618 0 0 255
2.03 51.3409 113.539 -0.25504 0 1.8 1 0.105242 0.313335 255 88 88
-16.0807 53.2729 116.285 -1.1796 0 -3.5 0 -0.790698 -0.181941 0 0 254
-25.2286 33.5433 105.185 -0.316569 0 -1.3 0 -0.480631 -0.876105 0 0 255
-17.6693 27.3885 101.593 0.321577 0.112898 -3.5 0 -0.0436098 -0.632496 14 14 255
-7.21088 38.1116 126.149 -0.154391 0 3.8 0 0.257225 -0.625332 11 11 255
-1.2605 49.008 101.8 0.225522 0 -4.5 0 -0.000892248 -0.0194647 255 97 97
-10.0534 30.4245 109.524 2.02966 0.114539 -3.9 0 -0.00821818 -0.52971 14 14 255
-13.9109 61.3406 109.841 -0.169979 0 4.2 0 0.0933546 0.441584 1 1 255
-14.936 31.0282 101.826 0.187664 -0.0605685 -3.69557 0 0.320194 -0.74749 2 2 255
-3.88 61.1 123.02 0.293469 0.184927 -3.2 0 -0.0583424 0.996788 51 51 255
-25.1052 44.1045 104.04 0.113815 0 -3.9 0 -0.110202 0.986017 0 0 255
-24.7563 44.5535 109.607 0.0336603 0.445497 -3.99976 0 -0.867971 0.491908 0 0 255
-24.9118 43.5459 114.997 0.284989 0 -0.7 0 -0.941967 0.0879586 22 22 255
8.27588 49.2369 122.167 -0.982085 -0.462092 -0.4 0 0.781754 -0.520083 58 58 255
-14.2209 43.6881 124.473 0.672001 0.0477352 1.75365 0 -0.88836 -0.171707 6 6 255
-0.568 41.972 127.877 -0.266234 0 4.2 0 0.0295202 -0.905497 0 0 255
-21.7952 56.1398 112.319 7.13853 0 -4.5 0 -0.156587 0.965877 0 0 255
10.708 43.4673 119.864 1.85066 0 1.8 0 0.253794 -0.82005 2 2 254
1.73162 41.056 125.956 0.448097 0.763805 4.2 0 -0.175614 -0.973556 0 0 255
-15.3018 40.2655 99.9505 -0.220441 0 1.8 0 0.240212 0.0786082 31 31 255
-2.41287 38.6349 108.704 -0.844667 0 -1.69212 1 0.922941 0.0826404 255 164 164
-21.3935 52.8565 116.54 -1.3293 -0.0755669 -4.5 0 -0.024477 0.486085 0 0 255
-7.257 29.9249 105.153 0.106166 0 3.8 0 0.151074 -0.813349 58 58 255
-12.9304 35.5881 113.005 -0.300448 0 -1.00539 0 -0.877022 -0.471712 20 20 255
-3.492 52.5695 130.908 0.147783 0.0737822 -1.94498 0 -0.317067 0.396161 46 46 255
-19.73 45.065 102.893 -0.0685487 0 -3.5 0 -0.167091 0.798207 2 2 255
-13.7793 55.2238 106.171 0.451641 0.366261 -3.33476 0 0.269274 0.91089 0 0 255
-8.138 38.0145 129.592 -0.0984865 0 3.8 0 -0.353015 -0.707034 8 8 255
-6.46037 49.6569 104.657 -1.10577 0 -3.5 0 -0.142078 -0.517497 149 149 255
-4.61125 42.4092 130.161 -0.316411 0 -0.8 0 0.365428 -0.435583 7 7 255
0.675375 53.7499 121.163 -0.82547 -0.261155 1.3528 0 0.434999 0.883727 255 58 58
2.19913 46.8674 105.381 0.395071 0 -1.3 1 0.409231 -0.728374 255 28 28
-17.5693 56.4748 103.755 -0.564436 0 -3.2 0 -0.375366 0.915341 0 0 255
-3.9795 48.836 107.414 0.270696 0 -4.5 1 0.630356 0.587061 255 36 36
-1.90363 36.1021 106.031 -0.970615 -0.0133346 -3.5 0 0.2082 0.616648 124 124 255
-20.007 54.3175 103.487 0.465018 0 -3.2 0 -0.76651 0.377413 0 0 255
-11.7788 38.0819 101.973 -0.748375 0 4.2 0 0.162082 -0.214892 9 9 255
-26.4198 39.5904 110.061 -1.32788 0 -3.5 0 -0.634594 -0.310135 4 4 255
-19.9592 38.1304 97.3336 -0.0719729 0 3.8 0 0.221687 0.00988978 13 13 255
-1.9355 44.4043 133.453 -0.27425 -0.497517 -3.70726 0 -0.786615 -0.603913 3 3 255
-15.7948 42.2803 123.525 0.105599 0 3.8 0 -0.333774 -0.125966 3 3 255
-6.48275 40.9666 99.9499 0.0117228 0 4.2 0 0.45562 -0.467954 73 73 254
3.20863 39.7531 117.278 -0.396163 0 -0.7 0 0.165597 0.0342123 11 11 255
-13.3501 46.61 98.2989 -1.82761 -0.00480149 -3.5 0 -0.245915 0.16623 7 7 255
1.30675 55.4427 128.396 -0.972113 0 -3.3466 0 0.633893 0.752563 17 17 255
8.068 49.8597 120.2 0.421237 -0.325458 -0.4 0 0.992049 -0.0476833 164 164 255
-19.5359 48.5802 118.438 0.00428615 0 -4.5 0 -0.71522 0.697469 1 1 255
3.11325 52.223 113.66 -0.0993937 0 1.8 1 0.0502553 0.377398 255 66 66
-6.33225 53.428 100.263 -1.49602 -0.11318 -3.5 0 0.702561 0.539869 8 8 254
-22.6108 53.0521 110.843 0.651469 0.00693627 -1.86984 0 -0.99925 -0.0354889 0 0 255
-23.526 40.3332 99.6223 0.332942 0 3.8 0 -0.818634 0.463293 3 3 255
-2.44488 37.2426 107.091 -0.783411 0 -3.56994 0 0.509258 0.539609 244 244 255
0.43675 42.2038 128.445 -0.563439 -0.149318 4.2 0 -0.474951 -0.829112 0 0 255
7.89725 41.3576 114.339 0.0193618 0 -0.7 0 0.180771 -0.605212 255 251 251
-20.5115 44.2943 123.099 -0.159206 0 -4.5 0 -0.923637 0.180169 1 1 255
-24.422 52.4235 112.528 0.809738 0 -3.5 0 -0.228066 0.375569 0 0 255
-17.29 49.4417 105.464 0.0773548 0 -1.3 0 -0.581168 0.109414 0 0 255
-29.6349 41.6794 106.152 1.87319 0.565022 -3.9 0 -0.894988 0.103444 0 0 255
-1.36725 37.2878 108.886 -1.53052 0 0.561616 1 0.750331 0.570331 143 143 255
-12.5009 61.4949 117.166 -0.56729 0 -3.5 0 -0.0564471 0.980573 0 0 255
-12.522 38.959 101.464 0.7 0 -0.4 0 0.323918 -0.459829 18 18 255
-14.467 59.554 120.549 -1.23226 -0.207357 -3.5 0 -0.128265 0.781284 0 0 255
-5.988 45.8245 105.436 0.201008 0 -1.21937 0 -0.662726 0.33296 127 127 255
-16.4725 48.664 120.174 0.352805 0 -4.5 0 -0.00151618 0.820073 0 0 255
-16.2332 56.8947 104.585 0.44405 0 -3.2 0 0.107589 0.992629 0 0 255
-6.888 56.151 114.863 0.230132 0 -3.5 1 0.999468 0.0320743 255 18 18
-14.1596 30.2364 103.796 0.053104 0 4.2 0 0.149594 -0.606556 6 6 255
-14.1054 31.1549 102.951 0.436266 0 3.46705 0 0.341725 -0.83117 2 2 255
-3.06475 41.7692 103.579 1.05602 0 -4.5 0 -0.063088 -0.732837 116 116 255
3.405 45.9077 135.77 0.570701 0 -3.9 0 0.366128 0.636682 0 0 255
-5.90425 37.3937 129.265 -0.0914637 0 3.8 0 0.416071 -0.902809 29 29 255
-12.6702 59.8204 123.511 -0.788812 0 -3.5 0 -0.566654 0.785401 0 0 255
-14.6966 42.68 100.105 -2.28088 -0.0349289 1.8 0 -0.200163 0.202864 21 21 255
-20.8735 47.1825 106.551 0.22164 0 -4.5 0 -0.187641 0.456841 2 2 255
10.5555 44.2 121.018 4.27537 0 1.8 0 -0.0550082 -0.557185 1 1 255
-24.2145 32.6147 104.114 -0.361355 0 0.341678 0 -0.611821 -0.776054 0 0 255
-25.7765 43.7373 109.295 -0.426751 0 -3.5 0 -0.405946 0.909402 0 0 255
-18.4 57.9796 110.529 -1.88129 -0.0179925 -3.5 0 -0.652287 0.602771 0 0 255
-24.5863 37.246 100.525 -0.0126357 0 3.8 0 -0.687797 -0.323672 0 0 255
-28.8864 39.9922 105.451 3.7046 0 -3.9 0 -0.810998 -0.568948 0 0 255
-12.582 58.35 124.561 -0.554825 0 -3.5 0 -0.480008 0.412208 0 0 255
-6.15175 37.9515 130.499 -0.0895753 0 3.8 0 0.167281 -0.719032 19 19 255
-14.933 37.325 118.558 0.562779 0.188722 -0.7 0 0.0577842 -0.766786 31 31 255
-6.88737 34.2812 103.588 0.000251024 0 3.8 0 0.756007 0.105999 137 137 255
1.9555 41.8273 131.995 -1.17194 -0.159139 -3.54399 0 -0.0936399 -0.97087 0 0 255
-5.85 32.914 104.391 0.0312713 0 3.8 0 0.834566 -0.201053 87 87 255
-20.7709 52.8041 104.189 0.594087 0 -1.22549 0 -0.593736 0.00685123 0 0 255
-13.5015 54.885 104.964 0.192263 0 -3.9 0 0.205858 0.956335 1 1 255
8.14388 42.8293 113.936 -0.0872124 0 -0.7 0 0.568119 -0.0209473 255 224 224
-6.076 35.0205 118.266 0.44837 -0.0388003 -2.28338 0 -0.358416 -0.895575 0 0 254
2.64713 41.6166 129.811 -1.28426 -0.808209 4.2 0 0.236274 -0.962415 0 0 255
-6.4365 51.4641 130.066 -0.0506727 0 3.8 0 -0.248099 -0.309696 159 159 255
-3.672 37.3447 106.588 -0.633085 -0.130199 -3.95464 0 0.343175 0.407912 252 252 255
-2.1655 50.5215 102.297 0.16288 0.185613 -4.5 0 -0.12378 0.318232 255 119 119
-25.2994 42.3231 114.19 -0.143966 0 -0.7 0 -0.954404 -0.0727786 28 28 255
5.71825 42.4679 124.224 0.0169404 0 -1.6 0 0.915306 -0.0689558 0 0 255
-6.79125 31.8575 102.448 0.0562247 0 3.8 0 0.676392 0.0760746 200 200 255
-14.4143 46.9739 100.876 -1.85872 0 -3.5 0 -0.876173 0.481996 6 6 255
-16.0634 56.3416 103.323 0.14766 0 -3.2 0 0.369681 0.738186 0 0 255
-21.8955 45.8861 98.6356 -0.641139 0 -3.5 0 -0.608793 0.493923 7 7 255
0.30775 36.1445 114.528 -0.00320066 -0.211809 1.70838 0 0.745451 -0.665172 15 15 255
-15.822 40.8385 127.488 -1.41415 -0.601982 -3.5 0 -0.795634 -0.348753 2 2 255
-14.7385 48.9106 126.098 1.10999 0 -3.9 0 -0.585939 0.712194 2 2 255
-3.31675 40.116 128.324 -0.16044 0 3.8 0 0.717858 -0.513586 16 16 255
-20.5117 28.261 108.596 -0.976464 0 -3.5 0 0.0915802 -0.860689 3 3 255
-12.4875 33.893 100.84 0.294432 0 -3.9 0 0.570204 0.171492 9 9 254
-1.38912 49.1465 137.728 -0.860093 -0.316992 -3.5 0 -0.570034 0.513008 3 3 255
-10.6114 55.4374 103.346 -1.75324 -0.263886 -3.5 0 0.122674 0.992416 2 2 255
-0.212 41.3565 108.382 0.328142 0.375857 -4.34043 1 0.382351 -0.65776 255 32 32
-0.504 43.4395 107.144 0.561965 0 -4.19998 1 0.925254 -0.12434 255 45 45
-26.0306 43.2783 103.548 0.666652 0 -3.9 0 -0.163471 0.650497 1 1 255
-0.615 58.0583 122.222 -0.479021 0.403112 -3.2 0 0.962417 0.0749673 107 107 255
-13.0059 38.2836 125.747 0.00519761 0 -3.5 0 -0.810823 -0.559175 15 15 254
6.1675 40.087 117.313 0.304822 0.146769 -0.7 0 -0.13981 -0.935072 37 37 255
-7.79675 52.8213 104.961 -1.90975 0 -3.5 0 0.472325 0.881338 18 18 254
-9.18587 42.5622 129.729 -0.266299 -0.163658 -2.12397 0 -0.538467 -0.12099 13 13 255
-25.773 52.3145 116.945 -0.800313 0 -3.5 0 0.157836 -0.0084866 0 0 254
2.958 53.2255 121.275 0.134747 0.396807 -0.4 0 -0.0142723 0.991249 255 147 147
-23.2243 54.9095 112.072 0.826751 0 -4.5 0 -0.930403 0.245315 0 0 254
2.1875 39.4125 117.542 -1.00703 -0.0312898 -0.7 0 0.427763 0.227714 2 2 255
-18.7525 31.286 100.811 -0.0197354 0 -3.5 0 0.247212 -0.167234 6 6 255
-17.7659 44.8969 100.77 -0.801905 -0.692411 -3.5 0 0.43945 0.69465 8 8 255
-4.58687 49.5407 131.227 -0.801699 -0.33442 3.8 0 -0.732806 0.101495 32 32 255
-21.0758 49.0281 107.705 -0.00662877 0.745249 -3.95677 0 -0.0742748 -0.0819333 0 0 255
-19.7197 51.7895 104.108 2.08946 0.400597 -2.13064 0 -0.0549078 -0.589754 0 0 254
-9.04194 33.8047 102.198 0.0889007 0 3.8 0 0.0147426 -0.109047 65 65 255
-7.00663 51.6525 98.9004 -1.71761 -0.879781 -3.5 0 0.634333 -0.520004 3 3 255
-20.3155 55.8717 111.782 3.0998 0 -1.94379 0 0.268205 0.820709 0 0 255
-7.72475 58.9821 116.316 -0.786082 0 4.2 0 0.220669 0.896074 255 216 216
-22.0077 30.5282 106.371 -1.11555 -0.0852734 -3.5 0 -0.830394 -0.146241 4 4 255
-13.5673 35.8315 101.26 0.0461286 0 -3.9 0 0.304847 0.177088 14 14 255
-13.6416 49.9644 118.441 0.132722 0 4.22369 0 -0.281721 0.714401 0 0 255
-11.7975 38.0415 123.892 -0.138444 0 -3.5 0 -0.517744 -0.689184 11 11 255
-2.86175 47.6779 109.504 -0.101263 0 -1.3 1 0.0841651 0.877649 255 20 20
-17.9649 51.1294 115.701 -0.534901 0.43599 -0.818761 0 -0.0189744 0.530264 0 0 254
8.962 43.422 114.917 -0.073622 0 -0.7 0 0.846779 0.238438 241 241 255
3.734 48.162 106.787 -0.34214 0 -1.3 1 0.916704 -0.391112 255 13 13
3.55763 46.1464 122.953 -0.487538 0 -0.544396 0 0.603795 0.314623 1 1 255
-23.5845 39.1075 99.3315 0.260384 0 3.8 0 -0.809865 0.318784 1 1 255
-5.548 52.4959 130.142 0.222452 0.159613 3.8 0 -0.216566 -0.0450637 146 146 255
-17.208 62.2506 111.911 -0.00125156 0 -3.9 0 -0.809596 0.346841 0 0 255
-9.08125 29.1073 112.169 2.61821 0.332821 -3.9 0 0.228558 -0.901205 39 39 255
-19.5298 47.4845 117.592 0.0687166 0 -4.5 0 -0.984476 -0.0863452 2 2 255
3.26688 42.628 132.732 -0.13006 0 -3.60996 0 0.617762 -0.756405 0 0 255
-0.504375 34.697 114.423 -1.33943 -0.133816 4.2 0 0.739157 -0.581091 8 8 255
-5.56925 54.514 109.781 -0.462582 0 -1.3 1 0.603838 0.795624 255 161 161
-11.8523 49.3392 121.512 0.0603452 0 3.8 0 -0.670488 0.283748 0 0 255
7.12219 48.6359 122.088 -1.13765 0 0.20186 0 0.375516 -0.636908 39 39 255
-15.5754 48.7469 104.375 1.06942 0.623776 -1.3 0 -0.37874 0.215529 1 1 255
-19.3759 39.0624 115.435 0.173199 0 -3.5 0 0.2179 -0.54469 53 53 255
-10.4055 40.1365 100.906 0.22903 0 -0.4 0 0.142273 -0.634358 39 39 255
-1.08312 35.5166 111.889 -0.358162 0 4.2 0 0.762363 -0.560337 17 17 255
-5.176 50.1242 129.848 -0.128945 0 3.8 0 -0.630417 -0.130468 75 75 255
-2.06975 34.3597 112.491 -0.28767 0 4.2 0 0.720766 -0.503754 7 7 255
2.53675 39.527 112.854 0.0721987 0.377806 -2.36188 0 0.150395 -0.880301 130 130 255
-14.789 46.725 101.9 -1.2118 0 1.9 0 -0.736409 0.572655 7 7 255
-7.3435 55.257 108.26 -0.52721 -0.114579 -1.3 0 0.557734 0.829498 166 166 255
-15.727 47.2816 104.22 -0.695942 0 0.467061 0 -0.770426 0.0955703 2 2 255
-25.1124 43.2444 113.782 -0.188424 0 -0.7 0 -0.973723 0.227452 15 15 255
3.1485 46.478 134.249 0.407036 0 -3.9 0 0.325735 0.930465 0 0 255
-10.488 51.7282 99.9557 -0.887104 0 -3.5 0 -0.24159 0.0420308 0 0 254
6.5205 49.3543 114.478 -1.70708 -0.354148 1.8 1 0.983586 0.0426344 255 43 43
-9.24775 45.9092 127.153 -0.00881273 -0.141163 0.24098 0 0.0398495 0.574215 28 28 255
-14.0243 60.3177 119.206 -0.581581 0 -3.5 0 -0.121197 0.831219 0 0 255
-3.25413 32.0952 110.672 0.0731677 0 -3.9 0 0.723334 -0.595201 4 4 255
-13.586 28.9412 107.393 0.0771561 0 4.2 0 0.234079 -0.845713 24 24 255
-11.636 56.7697 126.182 -1.82785 0 -0.4 0 -0.118809 0.562771 1 1 255
-19.024 46.0711 116.759 0.178664 0 -4.5 0 -0.978642 -0.199836 7 7 255
-7.1445 49.6732 128.592 -0.0145053 0 3.8 0 -0.721729 -0.238151 72 72 255
-5.718 51.799 101.406 -1.03082 -0.654089 -3.5 0 0.694209 -0.718721 35 35 255
5.17788 41.5465 112.785 1.57408 0.313973 -3.9 0 0.933958 -0.35344 255 247 247
-8.548 49.4165 101.824 0.549201 0 -3.5 0 0.933299 -0.345839 11 11 255
-11.6947 35.693 114.731 -0.298178 -0.0201606 -1.0964 0 -0.200268 -0.610702 7 7 255
-7.14412 54.1754 101.215 -1.07708 -0.00904718 -3.5 0 0.472026 0.881126 4 4 255
-22.5245 55.7665 111.686 3.03698 -0.0604609 -4.25589 0 -0.756134 0.653829 0 0 255
-0.586375 34.384 108.137 -1.4716 -0.111804 -3.5 0 0.745191 -0.500413 12 12 255
-1.22088 57.4344 117.491 -0.15359 0 4.5 0 0.537819 0.432961 255 17 17
1.111 48.3415 136.929 -0.0684457 0 -3.5 0 0.874445 0.481851 0 0 255
-21.6339 28.6152 105.802 -1.56763 -0.109357 -3.5 0 -0.636543 -0.333145 2 2 255
-11.4915 30.292 111.206 2.84285 0 -3.9 0 -0.963617 -0.23864 32 32 255
3.23425 50.1694 105.088 -0.663212 -0.358309 -1.3 1 0.299396 0.74399 255 17 17
-23.714 29.613 101.92 -1.2083 0 1.8 0 -0.124366 -0.8079 3 3 255
-23.178 32.6823 109.856 -0.147456 0 -3.5 0 -0.703863 -0.655309 142 142 255
-20.734 45.878 102.052 -0.329266 0 -3.5 0 -0.317384 0.760842 3 3 255
-0.35 52.9533 131.444 -0.8317 0 -3.5 0 0.0250922 0.0134083 26 26 255
-4.50725 48.7407 103.769 0.481094 0 -4.5 0 -0.534642 -0.183629 243 243 255
2.677 47.3341 125.906 -0.165047 0 -1.3 0 0.972881 -0.199335 0 0 255
-23.274 54.1515 108.648 -0.155969 -0.343335 -0.8 0 -0.987113 0.115132 0 0 255
-14.2411 28.5236 105.789 0.0328179 0 4.2 0 0.0588951 -0.988521 29 29 255
-4.63225 34.1621 118.205 0.639489 0.02123 -2.02642 0 0.104003 -0.880568 0 0 255
-4.95656 53.8627 111.307 -0.575829 0 -1.3 1 0.479088 0.874131 255 81 81
2.214 40.6092 117.176 -0.368797 -0.40215 -1.05469 0 0.360566 -0.201225 11 11 255
-8.62138 56.9944 109.92 -0.223457 0.189397 -3.5 0 0.610206 0.687556 255 139 139
-28.883 41.7147 106.965 1.10905 0 -3.9 0 -0.903175 0.180865 0 0 255
0.5945 54.4123 131.38 -1.3058 0 -3.5 0 0.22663 0.204907 37 37 255
-9.06125 59.286 114.475 -1.37817 -0.286311 -1.34602 0 0.154068 0.861666 225 225 255
-8.42688 41.4415 129.383 -0.315331 -0.0073361 -1.05913 0 -0.582846 -0.257576 13 13 255
2.20825 36.6895 116.146 -0.0707955 0 -0.7 0 0.141042 -0.989704 2 2 255
-21.1019 35.3273 99.3191 -0.136432 0 2.58706 0 0.156434 -0.667033 5 5 255
3.32825 42.1469 109.621 1.59589 0 -3.9 1 0.415593 0.0611083 255 13 13
-26.8353 42.7397 111.366 -0.376066 0 -3.5 0 -0.65237 0.419863 2 2 255
-24.469 33.5342 108.492 -1.04967 0 -1.3 0 -0.618324 -0.698698 70 70 255
-10.3665 57.8636 107.811 -1.5656 -0.028723 -3.5 0 0.104329 0.80625 33 33 255
-27.3363 39.726 109.484 -2.32107 0 -3.5 0 -0.718662 -0.536002 1 1 255
-18.7676 55.983 114.507 -4.86206 -0.347688 -3.5 0 -0.705258 0.677146 0 0 254
-9.17575 54.3083 129.949 -0.0961057 0 3.8 0 -0.598756 0.512067 9 9 255
-18.479 43.087 124.312 0.789621 0.904429 -4.5 0 0.174492 -0.407033 1 1 255
-8.85563 53.2489 130.252 -0.0576462 0 3.8 0 -0.372016 -0.134254 25 25 255
-1.95075 45.4531 136.413 0.0412095 0 -3.5 0 -0.653728 -0.639901 4 4 255
-20.1069 28.7989 103.287 -0.129357 0.15193 -3.5 0 -0.809032 -0.520727 8 8 255
-27.3323 43.5103 103.502 0.371724 0 -3.9 0 -0.248675 0.733288 0 0 255
-22.2925 28.8962 106.596 -2.23142 -0.795848 -3.5 0 -0.902115 -0.295369 1 1 255
-16.9357 63.5518 113.788 0.394545 0 -3.9 0 -0.784518 0.59355 0 0 255
-14.1579 47.7319 99.3331 -1.85427 -0.491093 -3.5 0 -0.640064 0.637019 4 4 255
-15.2285 41.3989 126.795 -1.30719 -0.177819 -3.5 0 -0.776191 -0.204393 4 4 255
-3.17225 47.5173 133.48 0.0747545 0 -3.5 0 -0.901373 0.151825 5 5 255
4.57275 44.9157 128.387 0.509908 0 -3.5 0 0.596138 0.153698 0 0 255
-12.7493 54.6287 103.853 -0.175025 0 -3.9 0 -0.056156 0.927439 1 1 255
-21.4674 50.3792 115.705 -0.243455 -0.285479 -4.09172 0 0.019441 -0.0292676 0 0 255
-28.7803 40.4603 106.64 2.49807 0.0211554 -3.9 0 -0.759172 -0.528604 0 0 255
-8.165 38.9469 130.727 -0.105184 0 3.8 0 -0.638359 -0.19885 10 10 255
-11.3605 30.7105 112.268 2.3961 0 -3.9 0 -0.805637 -0.168575 42 42 255
7.371 52.2816 120.496 0.00757673 0 -0.4 0 0.832466 0.553654 198 198 255
4.39206 45.4926 134.75 1.18818 0 -3.9 0 0.902218 0.412027 0 0 255
-26.023 37.3805 101.155 -0.185178 0 -1.3 0 -0.312472 -0.338516 0 0 255
-13.9989 36.417 113.543 -0.719486 -0.0561361 -0.7 0 -0.289582 -0.917951 6 6 255
-8.5905 31.6006 106.835 0.102903 0 3.8 0 -0.0422676 -0.980351 37 37 255
-3.42975 41.4543 129.326 -0.893511 -0.536384 -0.8 0 0.588839 -0.377035 4 4 255
-6.147 54.896 108.42 -0.636266 0 -1.3 0 0.477239 0.86149 203 203 255
-5.6805 41.1258 102.51 0.0548965 0 4.2 0 0.823791 -0.542436 172 172 255
-15.7882 61.6183 109.82 -1.51835 -0.110816 -3.9 0 -0.14422 0.310427 0 0 255
-7.71925 43.1349 131.845 0.626724 0.748285 -0.8 0 -0.170882 -0.219944 11 11 255
-0.7395 58.551 125.509 -1.05856 -0.115601 1.8 0 0.645976 0.763349 26 26 255
-15.339 38.5045 99.8954 -0.0680814 0 1.8 0 0.14392 -0.340687 44 44 255
-11.904 45.9215 98.216 -1.00757 0 -3.5 0 0.14874 -0.157447 20 20 255
-10.4699 58.4431 109.706 -0.522269 -0.132719 0.82206 0 0.60082 0.659939 28 28 255
-1.56438 42.685 128.515 -0.538824 0 3.54352 0 0.139792 -0.630444 0 0 255
-15.9832 58.6009 118.78 -0.851708 0 -3.5 0 -0.765655 0.157685 0 0 255
12.7507 45.1423 119.077 5.10077 0 1.8 0 0.974688 -0.016117 4 4 255
-11.099 31.402 107.223 0.524504 0 4.2 0 0.526972 -0.774388 33 33 255
-28.0024 43.4606 109.435 -1.62791 -0.876638 -3.5 0 -0.357115 0.930842 0 0 255
-6.434 30.4641 110.812 0.602283 0 -3.9 0 0.49584 -0.860204 8 8 255
-6.83 59.3368 122.688 -0.557972 0 -2.57867 0 -0.424077 0.896509 0 0 255
-16.4764 27.541 102.036 0.649608 0.831193 -3.5 0 0.715089 -0.590797 13 13 255
-18.2754 50.3201 105.828 0.135076 0 -1.09744 0 -0.168762 -0.490444 0 0 254
-17.629 61.0685 115.823 0.871871 0 -3.9 0 -0.655018 0.673545 0 0 255
2.56463 46.7111 107.526 -0.264925 0 -1.3 1 0.735462 -0.670283 255 21 21
-0.81625 35.4325 105.639 -1.35812 0 -3.5 0 0.418064 0.399505 57 57 255
-6.85275 57.9067 112.577 -0.541712 -0.3317 -3.5 1 0.871657 0.381053 255 18 18
-9.65675 52.3042 127.174 0.0726886 0 3.8 0 -0.906972 -0.420462 3 3 255
-0.560625 56.4383 128.682 -0.522128 0 1.8 0 0.771786 0.601617 9 9 255
3.73225 46.2277 128.38 1.66404 0.549193 -3.5 0 0.478996 0.729174 0 0 255
-4.40925 34.2923 119.836 2.70342 0 -3.9 0 0.173237 -0.972097 0 0 255
-17.769 61.147 113.252 -0.191964 0 -0.0381747 0 -0.951767 0.244662 0 0 255
-27.2955 39.248 106.259 0.648495 0.676698 -3.9 0 -0.780546 -0.537211 0 0 255
-23.0814 33.6478 99.1214 -0.234099 0 1.8 0 -0.245191 0.0516619 0 0 255
-11.4928 32.8391 111.931 0.289919 0 -1.3 0 -0.75918 -0.490901 19 19 255
-12.8356 48.1543 99.1008 -1.30624 0 -3.5 0 -0.479977 0.485468 3 3 255
-15.8515 34.5317 111.105 -0.0775581 0 4.2 0 -0.00184777 -0.368349 8 8 255
-10.2175 35.9685 119.938 -2.02487 -0.413505 -3.5 0 -0.521206 -0.767171 1 1 255
-14.0885 46.044 126.955 0.872812 0 -3.50422 0 -0.833029 0.139964 4 4 255
-12.1707 38.408 126.897 0.0926063 0 -3.5 0 -0.449334 -0.294501 14 14 255
-9.26462 59.1446 112.176 -0.325466 -0.0451276 0.462174 1 0.653537 0.365173 193 193 255
-20.5658 55.5488 114.216 0.163425 0 -4.5 0 0.0149497 0.763951 0 0 255
-12.9115 35.913 115.188 -1.10346 -0.043298 -0.7 0 -0.0585657 -0.929036 6 6 255
-7.16225 35.488 119.63 -0.906134 -0.58387 -3.52914 0 -0.262351 -0.791625 0 0 255
-3.99675 33.2533 117.085 0.327207 0 -1.6 0 0.494889 -0.601578 0 0 255
-3.4785 54.5305 129.953 0.156132 0.363696 2.1082 0 -0.321859 0.314042 32 32 255
12.0456 43.0016 118.455 0.489924 0 1.8 0 0.540474 -0.757956 7 7 255
0.234375 40.5791 109.38 0.167192 0 -3.9 1 0.202083 -0.701144 255 36 36
-12.9756 61.7275 114.314 1.08843 0 1.79845 0 0.662621 0.610419 2 2 255
-1.59075 40.5765 107.363 0.320813 0.382067 -4.5 1 0.781538 -0.583043 255 49 49
-27.453 37.5655 101.5 -0.388446 0 -1.3 0 -0.530016 -0.355325 0 0 255
-20.4085 50.881 104.586 1.06871 0.586955 -0.8 0 -0.134654 -0.690752 0 0 255
5.31838 43.3745 124.718 -0.0439587 0 -1.6 0 0.649996 0.191997 0 0 255
-24.0736 48.467 110.648 0.4576 0 -4.5 0 -0.841359 0.529601 1 1 255
11.0763 46.7142 117.555 0.618997 0 1.8 0 0.346094 0.750585 31 31 255
-23.9345 49.5176 112.023 0.657641 0 -4.10303 0 -0.780397 0.243319 2 2 255
-3.7985 38.8765 126.824 -0.590593 -0.70733 3.8 0 0.552154 -0.740879 13 13 255
-23.6685 35.4055 113.129 0.344085 0 -2.9532 0 -0.478198 -0.450312 16 16 255
-9.04537 55.1339 127.965 -0.178114 0 3.8 0 -0.407639 0.725027 4 4 255
-14.6046 55.223 103.9 0.0424985 0 -3.2 0 0.526743 0.699261 0 0 255
-21.7125 31.3918 110.273 -0.149925 0 -3.5 0 -0.11974 -0.101281 189 189 255
-3.1805 56.595 116.458 -0.170377 0 4.5 1 0.0864413 0.544848 255 9 9
-24.4681 44.026 110.63 -1.18101 0 -3.5 0 -0.656537 0.731559 0 0 255
-1.95125 32.1445 112.721 -1.58604 -0.128433 -1.6 0 0.857466 -0.402653 6 6 255
-9.89375 50.2199 125.003 0.0718573 0 3.05936 0 -0.542111 -0.118786 3 3 255
-22.3692 33.7401 113.043 -0.104341 0 -0.8 0 -0.0594623 -0.611209 14 14 255
-17.8253 62.4655 113.075 0.100256 0 -3.9 0 -0.938078 0.301116 0 0 255
10.1067 42.711 119.021 0.243813 0 1.8 0 0.0313693 -0.955533 7 7 255
-10.0804 35.7658 118.715 -1.18032 0 -3.5 0 -0.595712 -0.799917 1 1 255
0.5665 42.5376 131.828 -0.771559 -0.717276 -3.53076 0 -0.578045 -0.793708 1 1 255
-9.867 47.481 126.117 -0.367284 -0.330699 0.500885 0 -0.0414434 0.558354 21 21 255
-17.5065 26.9164 102.96 0.152099 0 -3.5 0 0.252071 -0.965729 12 12 255
-13.4263 43.2495 99.996 -1.03695 -0.843475 -0.852393 0 -0.374405 -0.158893 39 39 254
-18.3582 52.9017 102.931 2.54221 0 -3.2 0 -0.106927 -0.601758 0 0 255
-24.5408 47.2761 110.88 0.238783 0 -4.5 0 -0.997265 -0.0335938 0 0 255
-2.34612 56.0279 130.115 -0.510659 -0.308619 -0.734379 0 -0.180045 0.243128 10 10 255
-20.062 28.3479 105.321 -0.419739 -0.356946 -3.5 0 -0.11271 -0.935171 2 2 255
-4.09275 36.2415 122.004 1.53069 0.59123 -3.9 0 0.0898233 -0.274534 0 0 255
-23.3101 49.7839 108.983 -0.367264 -0.127281 -0.839394 0 -0.964911 0.189793 1 1 255
-0.597313 48.859 108.653 -0.362588 0 -1.3 1 -0.676193 0.652647 255 16 16
-20.7969 56.9979 110.861 8.59348 0 -0.8 0 0.0664007 0.659072 0 0 255
-13.503 63.9186 113.821 0.273936 0 -3.9 0 0.719293 0.677443 1 1 254
-13.9445 49.063 124.77 1.34601 0 -3.9 0 -0.173545 0.910565 1 1 255
-7.49675 58.6775 112.386 -1.08577 -0.75613 -3.5 1 0.487705 0.660913 255 71 71
-24.5645 43.6015 103.339 0.182095 0 -3.9 0 0.0136462 0.810317 1 1 255
-0.848 36.1045 110.504 -0.567792 -0.11362 1.90246 0 0.902795 -0.427069 36 36 255
-6.73625 54.7924 107.119 -0.683578 0 -1.3 0 0.392772 0.728536 65 65 255
-11.698 53.007 124.624 0.239371 0 2.8 0 -0.653799 -0.341772 0 0 255
-8.24575 35.4473 117.031 -0.81085 -0.142714 -3.31114 0 -0.50678 -0.861897 2 2 255
0.3645 41.7905 126.621 0.177908 0.0217099 4.2 0 -0.224987 -0.959969 0 0 255
-8.666 43.3856 131.18 0.403248 0.454668 -0.8 0 -0.810991 0.0797662 12 12 255
9.08387 44.133 115.765 -0.00603644 0 -0.085783 0 0.447548 0.189186 160 160 255
13.0006 44.5438 117.457 0.277249 0 1.8 0 0.966853 0.0689634 7 7 255
-24.0742 36.6258 116.905 0.515802 0.364233 -3.5 0 -0.154876 -0.871336 27 27 255
-19.5815 33.6525 110.269 0.342369 0.649164 -3.42492 0 0.258836 -0.395238 38 38 255
-11.1115 58.699 121.205 -3.19694 -0.0509179 -3.5 0 0.110259 0.931748 0 0 255
3.40587 37.8717 114.069 0.0393776 0 -0.7 0 0.480418 -0.375726 41 41 255
-16.2629 56.4971 118.287 -2.36727 0 -3.5 0 -0.995398 -0.0875574 0 0 255
-0.469125 44.7347 106.751 0.488371 0 -1.67216 1 0.792909 -0.506979 255 35 35
-21.5336 57.1321 106.357 -0.714052 -0.936137 -0.8 0 0.185477 0.0342072 0 0 255
-13.1665 44.8324 98.8457 -1.98222 -0.380971 -3.5 0 -0.403962 -0.418266 27 27 255
-9.866 36.5887 120.785 -2.23006 -0.813601 -3.5 0 -0.356469 -0.597682 1 1 255
-12.6195 56.9665 125.387 -1.24155 -0.595732 -0.4 0 -0.579687 0.452326 0 0 255
-17.5829 43.2479 100.068 -0.509408 -0.222838 -3.5 0 0.550735 0.101323 10 10 255
-15.3135 60.0955 118.529 0.24426 0.529451 2.74059 0 -0.42064 0.726544 0 0 255
-4.707 51.5759 107.323 -0.450279 0 -2.50298 1 0.97253 0.198526 255 50 50
-10.3162 29.5487 112.886 2.51805 0.477323 -3.9 0 -0.291377 -0.512199 49 49 255
8.94675 42.876 118.255 0.0662801 0 1.8 0 0.230754 -0.953774 41 41 255
2.914 41.3439 117.494 -0.537136 -0.0709019 -0.7 0 0.00527024 -0.574347 22 22 255
3.69725 45.1828 123.982 -0.961614 0 -1.6 0 0.702299 0.530921 0 0 254
-8.41463 30.0084 103.052 0.133694 0 3.8 0 0.00668988 -0.834456 116 116 255
-16.0135 62.2755 116.04 2.5686 0.725654 -3.9 0 -0.421294 0.578128 0 0 255
-2.3185 49.2957 136.21 -1.36536 -0.104765 -3.5 0 -0.885978 0.445043 7 7 255
-7.9025 33.849 102.202 0.0594525 0 3.8 0 0.46052 -0.0252366 153 153 255
-8.12838 37.2535 126.401 -0.165646 0 3.8 0 0.129955 -0.811023 13 13 255
-11.4024 63.0887 112.061 -0.0628667 0 4.2 0 0.149773 0.982737 16 16 255
-17.436 58.9255 109.985 -1.42501 -0.121541 -3.5 0 -0.315145 0.888413 0 0 255
-2.3635 51.5163 102.871 0.459569 0.916198 -4.5 0 0.191897 0.929106 255 86 86
0.87575 52.0565 113.549 -1.0362 0 1.9 1 0.522101 0.585838 255 110 110
-2.386 33.1504 116.003 0.323497 0 -1.6 0 0.60801 -0.468173 0 0 255
-22.0044 45.5137 100.85 0.0491469 0 -3.5 0 -0.847793 0.396693 5 5 254
-16.8668 55.3722 102.085 -0.304131 0.333162 -3.2 0 0.302294 0.218651 0 0 255
-14.356 56.5755 122.282 0.967204 0.291879 -3.5 0 -0.776566 0.198364 0 0 255
-15.9394 59.5272 110.105 -0.381899 -0.16916 -3.83226 0 -0.43351 0.188051 0 0 255
-13.4768 56.7865 124.19 -0.0692569 0 -3.5 0 -0.913718 0.0156533 0 0 254
4.24587 42.8149 125.28 0.306392 0 -1.6 0 0.626224 -0.139155 0 0 255
-22.4035 29.0163 109.19 -0.360381 0 -3.5 0 -0.617296 -0.629526 59 59 255
-21.5611 29.9985 110.35 -0.268098 0 -3.5 0 -0.322867 -0.257118 119 119 255
3.89613 53.2391 120.142 -0.0366833 0 -0.4 0 -0.00522238 0.999188 255 158 158
-11.185 51.5628 124.894 0.189382 0 2.8 0 -0.670927 -0.221057 1 1 255
2.7475 40.5105 124.054 0.237585 0 -1.6 0 0.08771 -0.971004 0 0 255
7.528 43.6525 113.676 -0.180169 0 -0.7 0 0.287672 0.0524497 255 241 241
-11.5901 44.2449 98.6946 -2.08612 -0.00355808 -3.5 0 0.372164 -0.471816 40 40 255
9.03813 45.807 116.887 0.360842 0 1.97006 0 0.276503 0.547725 154 154 255
-18.3557 58.869 113.874 -1.15587 -0.106215 3.8 0 -0.87678 -0.380176 0 0 255
-8.0505 37.4735 121.429 -0.706122 0 -3.5 0 0.0655474 -0.878293 0 0 255
-2.3245 41.0676 104.152 0.420937 0 -4.5 0 0.15354 -0.797603 227 227 255
-18.9106 60.2555 116.91 0.151799 0 3.8 0 -0.663019 0.722052 0 0 255
-28.4595 39.4787 103.504 0.341063 -0.452788 -1.57548 0 -0.967052 -0.238326 0 0 255
-15.454 51.249 102.229 2.65997 0 -3.9 0 -0.499667 -0.68988 2 2 255
5.33725 41.6097 111.152 2.57076 0 -3.9 0 0.978939 -0.126897 255 116 116
-18.2642 38.27 115.215 0.0848846 0 1.9 0 -0.253354 -0.476366 25 25 255
-15.0042 47.6035 103.41 -1.25953 0 1.9 0 -0.615515 0.623712 2 2 255
-13.086 49.1605 121.026 0.146204 0 3.8 0 -0.418508 0.692514 0 0 255
-8.37825 48.3549 126.029 0.0329821 0 3.8 0 -0.578395 0.184158 20 20 255
8.18513 41.6748 117.06 0.108085 0 -0.7 0 0.722225 -0.592491 77 77 255
-8.70763 59.2986 117.5 -3.79324 0 4.2 0 -0.0693845 0.982066 55 55 255
-0.03075 52.4803 112.588 -0.0836541 0 1.9 1 0.701807 0.593652 255 136 136
-16.4375 55.614 116.125 -6.7455 0 -3.5 0 -0.665681 -0.23943 0 0 255
-17.9255 48.0289 120.991 0.368404 0 -4.5 0 -0.00639231 0.854135 0 0 255
1.215 43.8385 108.838 -0.309623 -0.640961 -1.43839 1 0.573179 -0.125077 255 22 22
2.90138 41.2584 121.937 -0.551334 0 -1.6 0 0.0360668 -0.927829 0 0 255
-2.26988 60.0288 121.213 0.163503 0 -3.2 0 0.317872 0.60141 244 244 255
-6.27725 54.4645 113.584 -0.0303515 0 -1.3 1 0.568606 0.819992 255 7 7
-2.45062 39.3983 126.217 -1.69015 0 3.8 0 0.842889 -0.459917 3 3 255
-19.9616 49.9134 107.31 -0.0805739 -0.922015 -0.8 0 -0.24713 -0.660539 0 0 255
-13.565 36.9315 112.674 -0.550606 0 -0.7 0 -0.38709 -0.878834 7 7 255
-18.8101 57.536 116.094 -0.988702 0 3.8 0 -0.802037 -0.593974 0 0 255
-6.58075 56.1398 127.194 -0.27027 -0.00809825 0.68437 0 -0.160919 0.68407 0 0 255
-10.2948 33.0868 113.033 0.133051 0 -2.70988 0 -0.451876 -0.380199 27 27 255
6.23125 47.5096 121.655 -0.226344 0 2.8 0 0.431284 -0.303713 20 20 255
-18.7775 36.2001 99.9184 -0.208291 -0.359306 3.99123 0 0.657457 -0.472118 29 29 255
-8.8915 55.1058 101.815 -0.314343 0 -3.5 0 0.250287 0.956103 2 2 255
-15.7507 28.4209 105.931 -0.084119 0 4.2 0 -0.0891146 -0.982338 22 22 255
-11.4525 52.4868 100.56 -1.02774 -0.110692 -3.5 0 -0.535391 0.539944 1 1 255
-18.4885 31.9265 109.41 0.221512 0 4.2 0 0.21667 -0.336572 16 16 255
-19.8573 44.5089 115.322 -0.385224 0 -4.06787 0 -0.334042 0.502796 8 8 255
-13.7076 51.6325 101.488 -0.296723 0 -3.9 0 -0.430712 -0.0243137 2 2 255
-14.5164 48.6 120.801 -0.0220697 -0.50167 3.8 0 -0.237491 0.810508 0 0 254
-3.68937 48.6872 132.01 -0.149558 -0.551589 3.8 0 -0.723053 0.166883 10 10 255
-9.70525 59.0156 123.627 -1.20873 0 -3.5 0 0.418409 0.822985 0 0 254
-12.2528 50.0354 120.449 0.0955263 0 3.8 0 -0.803444 0.554281 0 0 255
-18.7162 43.7238 98.994 -0.187652 0 -3.5 0 0.443074 -0.0830676 10 10 255
-2.48725 39.1339 107.136 -1.4916 -0.477162 -4.5 0 0.792004 -0.337209 255 91 91
-7.32525 30.934 102.445 0.0868825 0 3.8 0 0.320694 -0.455858 164 164 255
-12.851 48.0708 127.147 0.278588 0 -3.9 0 0.0196131 0.380609 3 3 255
-19.6555 50.0309 116.387 -0.945616 -0.2945 1.8 0 -0.350258 0.464958 0 0 255
-13.8406 47.7781 102.107 -1.48076 0 -3.5 0 -0.743423 0.63589 3 3 255
-24.172 47.5628 113.152 0.152997 0 -4.5 0 -0.970265 -0.23235 0 0 255
-10.8685 42.078 129.411 -0.862591 -0.857712 -3.5 0 0.0505116 -0.360026 15 15 255
-1.6475 50.0791 136.211 -1.71618 -0.197756 -3.5 0 -0.443954 0.893817 6 6 255
-14.442 63.792 115.36 1.14552 0 -3.9 0 0.306609 0.487764 0 0 255
-1.65863 57.6375 129.871 -0.25219 0 1.8 0 0.44166 0.400219 9 9 255
-19.3134 32.8273 100.668 -0.323579 -0.788209 3.10148 0 0.159113 -0.141881 5 5 255
-4.5675 49.0276 108.257 -0.0699367 0 -4.5 1 0.771503 0.554896 255 22 22
-2.25025 45.3418 130.531 -0.142788 -0.0872416 1.91839 0 -0.0144294 -0.885461 1 1 255
-7.15987 44.1867 101.16 0.0421314 0 4.2 0 0.193317 0.797019 85 85 254
-19.85 35.6488 114.777 -1.10906 -0.0389977 -3.5 0 0.149164 -0.659223 28 28 255
-7.851 54.5269 130.137 -0.106331 0 3.8 0 0.0271712 0.504788 47 47 255
3.25225 45.1646 110.391 -0.754972 -0.646322 -1.96939 1 0.591327 0.110886 255 7 7
-7.84975 55.5033 109.277 -0.202351 0 -1.3 0 0.590679 0.788147 255 203 203
-7.22975 29.6472 110.726 0.537355 0 -3.9 0 0.512268 -0.809336 10 10 255
4.47988 38.6931 116.146 -0.0969163 0 -0.7 0 0.959461 -0.21861 16 16 255
-10.2118 46.6405 127.193 -1.23547 -0.144658 -3.9 0 0.297943 0.607472 33 33 255
-19.6836 58.8268 108.799 0.389323 0 -0.8 0 0.324965 0.945208 0 0 255
-10.0127 46.331 99.0975 -0.458001 0 -3.5 0 0.745689 -0.283918 14 14 255
4.386 43.987 134.736 0.91322 0 -3.9 0 0.781577 -0.501822 0 0 255
-8.138 58.2682 125.675 -2.15397 -0.169583 -3.2 0 -0.338122 0.884345 0 0 255
-26.8865 35.2313 107.99 -0.215483 0 -0.4 0 -0.907685 -0.419097 5 5 255
4.384 41.7192 124.806 0.377151 0 -1.6 0 0.448077 -0.457861 0 0 255
-9.62275 37.4165 123.817 -1.68442 -0.175728 -3.5 0 0.205112 -0.976046 18 18 255
-7.6475 59.8825 118.405 -0.996529 0 4.2 0 -0.403844 0.903144 129 129 255
-12.252 39.6005 120.198 -0.221107 0 3.73317 0 0.0797603 -0.844423 18 18 255
8.39775 50.2357 122.605 -1.41049 -0.076819 -0.4 0 0.93316 0.051816 76 76 254
-8.50062 57.5879 126.74 -1.88025 -0.407362 -3.2 0 -0.28225 0.595785 0 0 255
-24.3715 46.1558 109.605 1.21003 0.184279 -4.5 0 -0.99294 -0.0805141 0 0 255
-10.661 59.8425 124.074 -3.7795 0 -3.5 0 0.325173 0.802335 0 0 255
-12.767 48.9135 126.596 0.207004 0 -3.9 0 0.252158 0.838114 2 2 255
7.6205 47.6632 117.449 0.0469951 0.0106428 2.8 1 0.516849 0.666067 255 181 181
-23.3484 42.0322 116.965 -0.0421202 0 -0.7 0 -0.439662 -0.237375 34 34 255
-2.761 54.9106 114.923 0.0448844 0 1.9 1 -0.166023 0.878504 255 8 8
-5.546 48.898 104.508 -0.035448 0 -4.5 0 -0.653818 -0.260037 180 180 255
-24.4303 51.8322 116.385 -0.0594015 0 -3.5 0 0.051377 0.102228 0 0 254
-6.2445 47.9251 129.501 -0.0165207 0 3.8 0 -0.746272 0.0750079 48 48 255
-16.575 27.7569 103.346 0.198406 0 -3.5 0 0.655796 -0.736049 11 11 255
-21.4322 30.4211 105.106 -0.832416 0 -3.5 0 -0.824519 -0.446343 4 4 255
-18.8845 28.8376 108.547 -1.99164 0 -3.5 0 0.503041 -0.580501 5 5 255
-2.23612 40.2363 106.271 -0.0759837 0 -4.5 0 0.675966 -0.664757 255 69 69
-12.8678 31.5044 102.615 1.23325 0 -2.75157 0 0.37806 -0.736076 5 5 254
0.80925 42.5295 134.087 -0.515614 -0.281746 -3.9 0 -0.156943 -0.827489 0 0 255
-6.99388 37.2619 128.741 -0.0837986 0 3.8 0 0.16261 -0.938788 15 15 254
-19.2598 55.3744 104.562 -0.00519621 0 -3.2 0 -0.630012 0.770786 0 0 254
-7.90163 55.7641 107.154 0.548626 0.755156 -3.5 0 0.560343 0.650108 60 60 255
-1.66175 54.9251 115.297 -0.0493076 0 1.9 1 0.417952 0.8901 255 9 9
-11.7246 61.8591 109.761 -0.124501 0 4.2 0 -0.0714484 0.358557 3 3 255
-11.1329 61.1377 116.076 -1.33142 0 -3.5 0 0.51813 0.82394 1 1 255
-16.4335 42.5314 100.583 -0.92382 -0.90415 1.8 0 0.110159 0.195619 14 14 255
-5.01562 51.0947 130.357 -0.133994 0 3.8 0 -0.592352 0.0111438 79 79 254
-25.0147 49.0612 115.055 -0.108134 0 -3.5 0 -0.764162 -0.561694 0 0 255
-14.7935 33.555 100.427 0.265951 0 -3.9 0 -0.461862 0.167312 6 6 255
-12.878 57.5485 108.544 -1.17279 -0.215703 4.2 0 -0.0864002 0.553481 1 1 255
-18.23 60.5628 114.94 0.656402 0 2.65804 0 -0.817228 0.576294 0 0 255
-13.4045 37.2855 101.577 -0.658286 0 4.2 0 0.459329 -0.160032 21 21 255
-27.2245 35.9724 102.35 -0.392854 0 -1.3 0 -0.479215 -0.558464 0 0 255
-8.02487 31.3381 108.409 -0.54131 -0.166705 3.8 0 0.255406 -0.916549 25 25 255
9.0575 42.9169 120.216 -1.04381 -0.685977 1.8 0 0.0761372 -0.877308 2 2 255
2.05413 53.5482 116.183 -0.40053 0 1.8 1 0.230779 0.88874 255 41 41
0.688125 44.6969 135.411 0.5355 0 -3.54115 0 9.20456e-05 -0.633441 0 0 254
-28.2075 41.283 103.425 1.99653 0.174869 -3.9 0 -0.518854 0.30937 0 0 255
-11.966 59.265 124.69 -1.60078 0 -3.5 0 -0.353361 0.458337 0 0 255
-14.932 33.1343 110.178 -0.198721 0 4.2 0 0.143727 -0.279193 24 24 255
-23.1444 51.3887 107.525 -0.0800795 -0.269102 -0.8 0 -0.900049 -0.363942 0 0 254
-25.7297 34.1517 108.133 -0.974949 -0.907781 -1.3 0 -0.604423 -0.720671 43 43 255
-28.2986 38.315 103.815 -0.332955 -0.318827 -1.3 0 -0.99854 0.0346692 0 0 255
-28.4275 38.4235 102.271 -1.27983 -0.583679 -1.3 0 -0.945137 -0.0608623 0 0 255
-5.21338 38.1949 129.931 -0.109349 0 3.8 0 0.785875 -0.506481 30 30 255
-12.508 62.8809 113.203 0.112181 0 4.02926 0 0.413909 0.836196 5 5 255
6.17938 45.3269 121.227 -0.00263214 0 2.8 0 0.647598 0.0532196 4 4 255
-1.75525 45.0531 134.63 -0.0822338 0 -3.5 0 -0.738558 -0.547978 3 3 255
-8.26725 29.713 104.276 0.122977 0 3.8 0 -0.124878 -0.989069 82 82 255
-2.25725 58.7313 119.01 -0.23744 0 4.5 0 0.188442 0.958524 255 44 44
-14.445 43.4888 126.285 0.406242 0.118869 -3.5 0 -0.963008 0.149261 5 5 255
-1.913 44.783 102.885 1.42958 0 -4.5 0 -0.143162 0.524861 255 231 231
-15.028 64.75 114.32 1.17399 0 -3.9 0 0.0663908 0.977346 0 0 255
-13.746 33.3763 100.021 0.534338 0 -3.9 0 0.0528171 0.129157 2 2 255
-24.3403 34.1749 110.019 -0.243132 0 -0.782725 0 -0.679718 -0.71935 97 97 254
2.71775 53.7761 118.864 -0.786296 -0.992485 -0.8 0 0.624078 0.762036 255 72 72
-0.39275 35.089 113.265 -1.46172 -0.457809 4.2 0 0.797088 -0.465057 13 13 255
-22.351 39.0205 97.556 0.026401 0 3.8 0 -0.382503 0.272437 2 2 255
1.63863 54.636 130.951 -2.16356 -0.0361319 -3.5 0 0.695404 0.122735 29 29 255
1.41775 36.5225 115.148 0.0454556 0 -0.7 0 0.245058 -0.936673 13 13 255
-5.30025 60.23 122.144 -0.128457 0 -2.84789 0 -0.318159 0.944382 32 32 255
-11.5962 58.4619 119.71 -6.04203 0 -3.5 0 0.2123 0.950122 0 0 255
-9.9565 62.2277 110.851 -0.151593 0 4.2 0 0.717092 0.558166 22 22 255
-3.57675 56.3172 129.706 0.464285 0.433415 1.8 0 -0.452184 -0.0112887 4 4 255
0.2825 49.9031 108.361 -0.362346 0 -1.3 1 -0.66834 0.702067 255 17 17
2.7355 48.0945 126.584 -0.271161 0 -1.3 0 0.947948 0.158171 0 0 255
-17.6383 45.352 101.7 -0.825787 -0.00551664 -3.5 0 0.231002 0.97282 6 6 255
7.55725 51.5727 118.86 0.685743 0 -0.4 0 0.932003 0.228592 255 180 180
-13.2491 58.4565 123.54 -0.141059 0 -3.5 0 -0.840481 0.421864 0 0 255
-9.63513 58.9651 122.002 -1.39579 -0.148244 -0.282233 0 0.115919 0.963126 0 0 255
9.8595 47.5457 118.359 0.718511 0.394962 2.8 0 0.356532 0.903123 119 119 255
-24.2167 48.1763 116.109 -1.58135 -0.246987 -3.5 0 -0.650019 -0.402183 0 0 255
2.66237 46.5067 132.964 1.0447 0.114466 -3.9 0 0.388037 0.918564 0 0 255
-1.7455 55.202 131.013 -2.06428 -0.312927 -3.5 0 -0.288411 0.443589 31 31 255
-1.66437 59.1319 127.878 -0.282794 0 1.8 0 0.229634 0.971521 9 9 255
-23.431 29.5142 99.1435 -1.91477 -0.641988 1.8 0 -0.118562 -0.707028 9 9 255
-24.2307 32.7588 106.961 -0.700555 -0.861351 -1.3 0 -0.507748 -0.86065 2 2 255
-24.0783 39.7195 101 0.563419 0.48334 1.33222 0 -0.679012 0.456313 2 2 254
-17.0098 41.7255 122.907 0.0860368 0 3.8 0 -0.307162 -0.557398 4 4 255
-26.9789 35.4683 106.117 -0.177074 0 -1.20949 0 -0.883157 -0.354151 0 0 255
-9.048 54.1517 103.454 -0.936351 -0.0953009 -3.5 0 0.585865 0.756435 3 3 254
-22.3591 37.9997 97.3281 -0.0226267 0 3.8 0 -0.496267 -0.198681 3 3 255
4.40031 40.9367 124.007 0.207849 0 -1.6 0 0.288918 -0.870883 0 0 255
11.475 44.9625 121.575 3.25892 0 1.8 0 0.404468 -0.243709 1 1 255
-7.1215 59.7427 117.301 -0.525747 0 4.2 0 0.235851 0.788314 255 160 160
-2.282 42.404 102.209 1.36199 0 -4.5 0 -0.136465 -0.185379 159 159 255
-15.7451 57.5375 119.482 -1.33461 -0.0304535 -3.5 0 -0.925473 0.0826364 0 0 255
0.255 56.2646 118.136 -0.0492136 0.158786 3.3798 0 0.614905 0.764705 255 31 31
0.9045 56.557 125.058 -0.352849 0 1.8 0 0.643281 0.761626 26 26 255
-27.1065 51.1302 115.696 -6.02933 0 -3.5 0 -0.653847 -0.622611 0 0 254
-10.2745 59.6377 115.311 -1.6132 0 -0.808127 0 0.696863 0.708075 5 5 255
-2.716 57.5805 116.919 -0.1839 0 4.5 1 -0.0239836 0.577152 255 18 18
-18.4855 38.4469 98.1585 -0.155101 0 3.8 0 0.623525 0.311905 6 6 255
-19.878 55.7295 106.544 0.818137 0.467981 -0.8 0 -0.222613 0.456504 0 0 254
-21.282 37.879 97.2 -0.0465175 0 3.8 0 -0.0564755 -0.124972 7 7 255
3.77375 50.0412 108.254 0.0362722 0 -1.3 1 0.872203 0.45648 255 10 10
-11.0414 31.4303 108.509 0.751305 0.172737 4.2 0 0.302969 -0.818422 27 27 255
4.4355 50.873 123.82 -0.452506 0 -0.4 0 0.0792673 -0.180305 59 59 255
2.074 38.1215 113.924 0.0838242 0 -0.7 0 0.293842 -0.610259 74 74 255
4.7305 40.9753 117.36 -0.365382 -0.756881 -0.7 0 -0.0574028 -0.55589 25 25 255
-7.05625 51.3499 102.887 -0.598422 0 -3.5 0 0.587939 -0.783941 50 50 255
-19.5729 46.1134 115.504 -0.200722 0 -4.5 0 -0.585065 -0.18324 2 2 255
-20.2983 42.1501 121.565 0.648171 0.862633 -4.5 0 -0.788916 -0.611123 4 4 255
1.64775 53.0122 129.542 -1.99455 0 -3.5 0 0.942324 -0.303533 14 14 255
-10.5977 47.3198 98.3503 -0.338292 0 -3.5 0 0.310406 0.178545 8 8 255
-6.727 50.4912 129.196 -0.0355109 0 3.8 0 -0.400016 -0.475824 127 127 255
-6.72225 52.6283 99.1927 -1.84502 -0.547289 -3.5 0 0.79892 0.170095 2 2 255
-24.364 48.4515 109.278 0.47847 0 -4.5 0 -0.92697 0.363558 0 0 254
-13.9537 54.255 103.357 0.0402703 0 -3.9 0 0.194744 0.72216 2 2 255
0.010375 57.302 125.818 -1.4287 -0.014195 1.8 0 0.747236 0.635004 17 17 255
-19.9953 31.4839 100.481 0.434646 0.400541 -0.729654 0 0.37258 -0.268868 4 4 255
-0.706625 36.0935 106.599 -1.46061 -0.0342521 -3.5 0 0.576621 0.722233 108 108 255
-3.3035 43.4285 102.395 0.698808 0 -4.16879 0 -0.0675888 0.172188 143 143 255
3.8845 49.6965 106.848 -0.688595 -0.146287 -1.3 1 0.982205 0.132338 255 11 11
8.8015 41.7357 114.773 0.00912178 0 -0.7 0 0.806171 -0.407721 247 247 255
-1.69125 34.4217 115.288 -0.289389 -0.478867 4.2 0 0.708183 -0.312169 2 2 255
-14.6165 45.0205 125.889 0.644144 0.389937 -3.54377 0 -0.953235 -0.158243 3 3 255
-13.4435 41.1734 129.322 -0.850327 0 -3.5 0 0.218545 -0.651355 14 14 255
-23.435 55.0605 113.772 0.619037 0 -4.5 0 -0.814397 0.515089 0 0 255
-16.0869 55.0455 120.576 -0.0584292 0 -3.5 0 -0.793819 -0.200954 0 0 255
-15.8927 30.892 101.38 -1.71356 -0.0832337 -3.5 0 0.319012 -0.244852 5 5 255
6.56838 47.7777 115.523 -0.385992 0 2.8 1 0.876918 0.341476 255 87 87
-17.8214 40.7332 120.775 0.0266642 0 -2.97732 0 -0.377541 -0.504965 7 7 255
-26.9785 43.295 110.011 -1.61718 0 -3.5 0 -0.295957 0.889956 0 0 255
-11.4958 54.7159 102.77 -1.33566 0 -3.5 0 -0.371837 0.800326 2 2 255
2.01688 45.6826 136.049 0.373025 0 -3.9 0 0.239875 0.398119 0 0 255
-17.6245 57.4888 111.964 -2.02571 0 -3.5 0 -0.921843 0.286803 0 0 255
-3.88975 50.86 105.92 -1.17943 -0.124201 -3.5 0 0.655891 0.617978 255 62 62
-9.763 58.6147 111.206 -0.285818 0 4.2 0 0.712315 0.460924 110 110 255
-0.1365 36.25 113.345 0.0702142 0.321495 4.2 0 0.844338 -0.357602 50 50 255
-9.987 58.6705 118.903 -6.12403 0 2.98925 0 -0.224193 0.842498 0 0 255
-5.32438 38.1271 106.165 -0.176724 0 4.5 0 0.703771 0.0444107 255 217 217
-28.4062 41.0424 107.713 -0.721541 -0.507226 -3.6283 0 -0.899632 -0.417699 0 0 255
-12.9426 55.4294 125.685 -2.02352 -0.0977297 -0.4 0 -0.859115 -0.311127 0 0 255
-0.94875 57.1772 129.331 -0.365523 0 1.8 0 0.884333 0.35758 9 9 255
3.012 46.9248 123.464 -0.480434 0 -1.3 0 0.888074 -0.00212647 1 1 255
-3.54688 31.4298 112.293 -0.601537 -0.791565 -1.6 0 0.333244 -0.910426 5 5 255
1.94987 46.8834 131.638 0.220809 -0.640198 -3.63185 0 0.560415 0.826304 0 0 255
-16.9019 39.5484 99.5573 -0.32489 -0.0145435 2.00381 0 0.147107 0.056061 22 22 255
-17.1166 52.5526 115.661 -0.364728 0.545529 -3.5 0 -0.268161 -0.012181 0 0 255
-14.9078 36.114 114.278 0.0938353 0.535999 -0.7 0 0.00491852 -0.999238 5 5 254
-9.02612 53.5853 105.328 -0.432437 0 -3.5 0 0.663979 0.674771 7 7 255
-1.10025 42.0189 106.152 0.731562 0 -4.5 1 0.888348 -0.44885 255 75 75
-13.1586 28.4509 104.996 0.0818542 0 4.2 0 0.128259 -0.96098 14 14 255
-12.265 35.1987 113.922 -0.156577 -0.0279126 -1.15602 0 -0.529143 -0.742813 11 11 255
-7.54537 44.546 131.412 0.277523 0.0227232 -0.8 0 -0.521677 0.496949 19 19 255
-24.8678 49.4899 112.804 0.500434 0 -3.5 0 -0.638616 -0.367322 1 1 255
-23.9201 46.0443 108.246 0.54358 0 -4.5 0 -0.851354 -0.0496004 0 0 255
-8.76038 36.8576 100.663 -0.00849421 0 -0.7 0 -0.104814 -0.0792552 5 5 255
-20.1359 35.7115 98.7726 -0.137339 0 3.8 0 0.168104 -0.785033 13 13 255
0.522875 48.2541 133.381 0.0744417 -0.0177695 -3.5 0 0.676388 0.727865 0 0 255
-21.2615 30.2126 102.599 -0.111478 0 -1.9323 0 -0.518678 -0.854358 6 6 255
-7.66062 50.9269 100.477 -1.1649 0 -3.5 0 0.541668 -0.802876 6 6 254
-1.7125 60.2573 123.558 -0.14701 0 -3.2 0 0.533612 0.675911 36 36 255
-6.72725 53.729 130.218 -0.0220186 0 3.8 0 0.00677877 0.173161 162 162 255
3.73762 39.5308 112.524 0.417044 0.80493 -3.9 0 0.533307 -0.84585 202 202 255
-8.79638 56.8235 108.049 -1.03725 -0.840212 -3.5 0 0.683423 0.688194 173 173 255
-25.1126 39.57 114.201 -1.78034 -0.862698 -3.5 0 -0.999726 0.0179555 28 28 255
-19.2914 46.3129 101.388 -0.236805 0 -3.5 0 0.325412 0.915109 3 3 255
-11.595 31.27 110.979 1.7141 0.066396 -3.9 0 -0.985409 -0.0803815 17 17 255
-10.9283 49.0625 99.3073 -0.366196 0 -3.5 0 0.206094 0.426129 2 2 255
-6.01094 58.3996 117.4 -0.348639 0 4.2 1 0.665711 0.466532 255 66 66
-6.97487 38.9731 125.48 -0.19054 0 3.8 0 0.193459 -0.903652 9 9 255
-15.4876 57.1841 108.061 0.0296357 0 -3.23937 0 0.437862 0.70239 0 0 255
-22.5883 54.8942 107.47 0.18375 -0.481655 -0.8 0 -0.885886 0.318847 0 0 254
0.92975 54.9305 123.253 -1.42899 -0.336697 1.8 0 0.661247 0.58138 94 94 255
-12.561 31.594 109.369 0.968934 -0.673367 4.2 0 -0.291279 -0.510306 10 10 255
-12.6075 49.0936 124.97 0.403563 0 -3.9 0 0.177143 0.954685 2 2 255
-20.583 48.142 107.342 0.341537 0.819672 -4.5 0 -0.0479941 0.519706 1 1 255
-23.3922 38.2974 98.5666 0.0876071 0 3.8 0 -0.739084 0.0370405 1 1 255
-21.5993 39.2578 116.54 0.283675 0 -3.5 0 0.130371 0.115234 67 67 255
-3.87931 32.3197 115.08 1.00373 -0.030865 -1.6 0 0.0329802 -0.884687 1 1 255
-26.6566 42.5066 103.084 0.881655 0 -3.9 0 -0.224362 0.290133 0 0 255
-0.876094 51.8545 131.418 -0.442929 0 -3.5 0 0.1102 -0.0568591 11 11 255
-22.9807 39.4346 98.4121 0.157387 0 3.8 0 -0.73592 0.280551 1 1 255
-5.62094 55.5451 116.264 -0.132335 0 4.5 1 0.131528 0.577958 255 10 10
-5.9365 59.206 118.092 -0.360968 0 4.2 1 0.555569 0.432039 255 99 99
-4.49638 38.7516 106.566 -0.914283 -0.14604 1.73051 0 0.348889 -0.157715 255 135 135
-15.9403 54.3935 117.435 -3.64433 0 -3.5 0 -0.994735 -0.0924536 0 0 255
7.30387 52.5224 122.184 0.21083 0 -0.4 0 0.746922 0.626455 162 162 255
-1.30463 56.2994 121.469 -0.517557 0.150261 1.38123 0 0.977909 0.0282919 162 162 255
-13.2939 44.7758 129.146 -0.00368508 0 -3.5 0 -0.255835 0.767489 13 13 255
-6.46225 57.808 113.738 -0.87626 0 -3.5 1 0.992901 0.114303 255 14 14
-19.1076 45.9703 100.19 -0.0633826 0 -3.5 0 0.648721 0.713247 7 7 255
-2.87538 36.7195 121.07 1.47027 0.0485069 -3.9 0 0.719753 -0.235096 0 0 255
-6.55075 54.7469 114.592 -0.0373502 0 -2.80913 1 0.807341 0.564718 255 14 14
-6.1155 40.2215 101.315 -0.0131692 0 4.2 0 0.788841 -0.485425 110 110 255
-9.06137 34.981 101.986 0.0468657 0 0.495231 0 -0.100762 -0.468738 14 14 255
-15.0743 30.1911 103.228 -0.758435 0 -3.5 0 0.629528 -0.610561 6 6 255
3.78081 46.7336 110.739 -0.525089 -0.201319 -3.17801 1 0.447775 0.21423 255 3 3
-9.87375 49.6466 99.9508 0.0904921 0 -3.5 0 0.427895 0.0945471 2 2 255
-7.86831 51.192 129.108 -0.000785952 0 3.8 0 -0.415882 -0.582659 117 117 255
2.62913 47.0371 110.134 0.0661032 0.133395 -1.3 1 0.626883 -0.103495 255 6 6
-26.8779 53.7627 114.017 0.288583 0 -3.5 0 -0.551856 0.761669 0 0 255
-7.39888 60.144 119.708 -0.608504 0 4.2 0 -0.472217 0.879904 86 86 255
-17.9436 57.9 108.257 0.225231 -0.115266 -1.74899 0 0.10523 0.915659 0 0 255
-7.60231 47.3624 127.197 0.133082 0 3.8 0 -0.796898 0.181461 19 19 254
-0.98325 50.5039 103.664 0.207871 0 -4.5 0 0.525386 0.802659 255 60 60
-11.6671 32.404 102.719 0.529146 0 -1.6518 0 0.298804 -0.727254 16 16 254
-12.8178 33.0151 109.527 0.716157 0 1.5166 0 -0.220519 -0.413729 10 10 255
-9.84594 45.6094 100.673 -0.553184 0 -3.5 0 0.823179 -0.259565 27 27 255
-20.7224 54.1064 104.875 0.384321 0 -1.04512 0 -0.565545 0.658841 0 0 255
-3.75662 32.6561 116.025 0.831676 0 -1.6 0 0.285277 -0.806111 0 0 255
-5.4655 51.1035 103.912 -0.476266 0.24812 -4.39404 0 -0.070829 -0.104569 239 239 255
-17.8095 44.8298 104.729 -1.34517 0 -3.5 0 -0.0672738 0.888912 1 1 255
-5.877 54.3532 111.025 -0.775021 0 -1.3 1 0.632546 0.769783 255 48 48
-5.5205 36.9435 104.489 -0.222723 -0.754084 -0.7 0 0.909712 -0.157162 116 116 255
-6.70487 46.2719 105.974 0.213788 0 -2.83293 0 -0.0729276 0.264661 79 79 255
0.01575 48.8667 107.574 -0.558798 0 -1.3 1 -0.717967 0.659185 255 17 17
-16.183 49.8306 104.803 1.88913 0.387235 -1.3 0 -0.487058 0.106331 1 1 255
-8.48738 45.0074 128.134 0.899187 0.756058 -0.8 0 -0.338002 0.718898 15 15 255
-21.0344 44.7644 115.272 -0.226623 0 -2.51122 0 -0.0530175 0.342633 4 4 255
-10.1768 33.9194 114.063 0.151306 0 -1.3 0 -0.134203 -0.711829 18 18 255
-3.74269 52.0444 110.232 -0.0214822 0 -1.3 1 0.874695 0.229971 255 37 37
-16.0324 41.3226 100.353 -0.655359 -0.347988 1.8 0 0.0434397 0.186522 18 18 255
-16.315 40.5768 121.926 0.0719216 0 3.8 0 -0.528253 -0.607259 8 8 255
-19.6421 42.7731 117.669 0.0239218 0 -3.5 0 -0.732798 0.655724 15 15 255
10.4824 43.0739 116.569 0.284448 0 1.8 0 0.364814 -0.60359 82 82 255
6.35775 40.6956 115.766 0.298562 0 -0.7 0 0.205097 -0.887765 100 100 255
-23.7021 35.3457 99.9952 -0.136478 0 2.69861 0 -0.728406 0.084562 0 0 255
-22.2686 47.217 107.371 0.604024 0 -4.5 0 -0.440193 0.330662 2 2 255
1.15625 43.5477 134.867 0.309286 -0.0682554 -3.9 0 -0.183627 -0.552685 0 0 254
-9.43812 32.4824 102.429 0.158968 0 3.8 0 -0.209208 -0.176393 86 86 254
-20.9114 36.8174 97.7467 -0.0686831 0 3.8 0 -0.0983216 -0.540709 14 14 255
-0.570125 35.7805 115.15 -0.482724 0 4.2 0 0.484789 -0.574106 3 3 255
-8.15106 38.4863 125.242 -0.62394 0 -3.5 0 0.471154 -0.772622 12 12 255
-8.351 56.337 127.124 -0.978335 -0.247925 -3.2 0 -0.163527 0.501704 1 1 255
-22.0269 32.6157 110.675 -0.116575 0 -1.43611 0 0.00589786 -0.673338 130 130 255
-2.10462 56.152 116.96 -0.136427 0 4.5 1 0.48804 0.316234 255 8 8
-4.2955 44.7505 131.294 -0.103584 0 -0.8 0 0.233078 -0.0945569 5 5 255
-23.7289 32.7122 108.271 -0.333334 0 -2.81881 0 -0.866606 -0.446158 58 58 255
-11.2209 39.2438 101.721 0.179944 0 -0.423373 0 0.0417974 -0.4909 18 18 255
-22.5702 44.7912 115.372 -0.2818 0 -0.7 0 0.0954595 0.646727 5 5 255
-19.9417 43.176 119.089 0.129053 0.72531 -4.5 0 -0.857493 0.101609 7 7 255
8.1665 50.8005 120.781 0.0350519 -0.154269 -0.4 0 0.965891 0.212534 167 167 255
7.69413 42.1601 118.287 -0.23061 -0.507693 -0.338901 0 0.378835 -0.699468 21 21 255
1.28188 50.4331 111.042 0.090243 0 -1.3 1 0.510177 0.848154 255 6 6
-13.6859 31.7416 109.568 -0.162526 -0.259337 4.2 0 0.293781 -0.259182 31 31 255
2.75875 44.6623 136.257 0.277654 0 -3.9 0 0.0289868 -0.304925 0 0 254
7.92462 48.5726 120.642 0.0593549 -0.52944 0.883349 0 0.915622 -0.13137 108 108 255
-0.571187 50.7821 131.163 -0.283185 0 -1.70458 0 0.285932 -0.0664858 4 4 255
-13.146 59.6338 119.404 -2.33067 0 -3.5 0 0.3849 0.72488 0 0 255
-2.37737 46.9424 136.239 0.251856 0 -3.5 0 -0.914221 -0.178516 6 6 255
-7.85512 49.6986 127.108 0.0243574 0 3.8 0 -0.814637 -0.356954 31 31 255
6.245 48.4108 116.728 -0.0714208 0 2.63466 1 0.844612 0.398642 255 125 125
-1.1595 45.5312 103.457 20.613 0.273497 -4.5 0 0.737248 0.164953 255 96 96
-2.77137 49.4459 105.86 0.46001 0 -4.5 1 0.371769 0.57108 255 47 47
-20.5333 30.3029 101.842 0.228402 0 -0.859259 0 -0.0200851 -0.883951 7 7 255
-0.367125 55.5145 122.823 -0.378898 0 1.8 0 0.720669 0.404531 125 125 255
-6.92613 37.8365 121.836 -0.0114702 0 -3.55947 0 -0.0801566 -0.746233 0 0 255
-8.23038 54.5594 100.566 -0.580921 0 -3.5 0 0.192482 0.847471 1 1 254
-26.4721 35.2225 109.573 -0.54476 -0.017199 -0.4 0 -0.624453 -0.760244 65 65 255
-15.7546 35.846 111.355 -0.135645 0 3.81122 0 0.248813 -0.605729 6 6 255
-6.4765 36.1769 103.04 -0.0252041 0 -0.7 0 0.69836 -0.671258 54 54 255
-19.6571 59.1476 116.192 0.0238079 0 3.8 0 -0.989069 -0.115129 0 0 255
-22.7397 51.4083 110.831 0.591144 0.843394 -3.34119 0 -0.973612 0.129784 1 1 255
10.1331 46.7131 120.01 2.68232 0 1.92789 0 0.107087 0.797775 16 16 255
-2.05075 40.0231 108.848 -0.444165 -0.349261 -4.25677 1 0.789948 -0.54865 255 65 65
-11.8057 51.3343 123.765 -0.13957 0 2.8 0 -0.797285 -0.44129 0 0 255
-21.8121 54.4533 105.985 0.393506 0 -0.8 0 -0.508008 0.608923 0 0 254
-24.5872 42.722 102.718 0.36252 0 -3.9 0 -0.263094 0.51664 3 3 255
-21.5935 48.2219 115.67 -0.104812 0 -3.5 0 0.237324 -0.229971 0 0 255
-19.4964 44.7564 103.953 -0.748552 0 -3.5 0 -0.120664 0.992679 2 2 255
-0.69 58.0104 123.397 -0.607872 0 -3.2 0 0.964726 0.260661 71 71 255
-5.10313 53.3799 107.499 0.0819198 0.246179 -1.3 0 0.83206 0.471325 255 146 146
-8.45788 35.4819 116.041 0.0767895 0.552125 -1.3 0 -0.487787 -0.824321 4 4 255
-15.8285 44.7827 123.564 0.58869 0 3.8 0 -0.150345 -0.540174 2 2 255
-2.78975 53.6082 130.71 -0.257844 -0.465764 -1.23926 0 -0.383899 0.258876 51 51 255
-25.8191 34.4809 103.07 -0.574607 0 -1.3 0 -0.54494 -0.615926 0 0 255
-11.3495 30.244 109.591 0.548953 0.384364 -3.9 0 -0.631105 -0.735635 18 18 255
-23.979 44.9896 112.157 -0.796024 -0.746446 -1.49684 0 -0.952035 0.212231 1 1 255
0.192375 34.7161 106.593 -1.77859 -0.761402 -3.5 0 0.987644 0.0409693 20 20 255
-1.66887 47.835 109.05 0.0688025 0 -1.3 1 -0.515934 0.804124 255 24 24
-6.47944 39.0649 101.638 -0.240429 0 2.20644 0 0.507495 -0.0316813 67 67 255
1.5665 52.3666 125.436 -0.593856 0 0.331026 0 0.938332 -0.13061 22 22 255
-16.2151 54.0691 118.501 -0.934039 0 -3.5 0 -0.985922 -0.11833 0 0 255
-8.13463 32.6512 102.446 0.0957254 0 3.8 0 0.155617 0.0140193 157 157 255
5.25737 40.0723 116.762 -0.0369481 0 -0.7 0 0.413175 -0.856108 35 35 255
-19.8566 51.2339 115.92 -0.687274 0 -4.5 0 0.189852 0.0761262 0 0 255
-10.9626 40.1945 127.351 -0.514962 0 -3.5 0 -0.35617 -0.371419 10 10 255
-18.1849 42.0167 122.301 0.115385 0 -2.60092 0 -0.135511 -0.867565 3 3 255
-19.8012 54.7097 114.665 -1.48838 0 -3.91623 0 -0.210137 0.429568 0 0 255
-16.3269 36.876 117.507 0.221127 -0.448929 -0.7 0 -0.453075 -0.875566 25 25 255
-0.528 46.9496 103.515 5.32459 0.717901 -4.5 0 0.488022 -0.53547 255 50 50
-14.0688 61.0682 117.62 0.160511 0 -3.5 0 -0.161152 0.933797 0 0 255
-9.70481 37.6483 121.676 -0.114991 0 -3.5 0 -0.305426 -0.864762 7 7 255
2.254 41.5946 109.197 0.619928 0 -3.9 1 0.371747 -0.136407 255 18 18
-24.0222 33.542 111.029 -0.219787 0 -0.8 0 -0.730204 -0.654626 42 42 255
-25.5159 35.1416 111.086 -0.70491 0 -0.8 0 -0.515943 -0.785643 69 69 255
-9.89738 53.5042 126.812 0.132626 0 2.28847 0 -0.951485 -0.203665 2 2 255
-16.9032 29.2329 101.352 -0.65546 -0.158946 -3.5 0 0.389159 -0.202975 12 12 255
-0.133 36.8905 117.695 1.16011 0.828523 -0.7 0 0.178461 -0.939044 0 0 255
0.30325 38.0933 112.381 0.532965 0.238839 4.2 0 0.745216 -0.493702 113 113 255
-16.8239 36.1956 112.878 0.103 0 1.9 0 0.194003 -0.979905 12 12 254
-11.308 61.3088 113.681 -0.0112334 0 4.2 0 0.435686 0.564158 8 8 255
-19.345 29.198 102.188 0.256602 0 -3.5 0 -0.660309 -0.380205 12 12 255
-19.871 46.6285 121.987 0.710185 0 -4.5 0 -0.796352 0.423729 0 0 254
-0.426375 43.1551 105.025 1.05494 0 -4.5 1 0.988469 -0.115149 255 133 133
-24.4226 41.3296 115.141 -0.365153 0 -0.913768 0 -0.883949 -0.0256103 50 50 255
-11.4744 60.4167 109.966 -0.16914 0 4.2 0 0.202682 0.0578684 3 3 255
-4.7815 36.3765 105.227 -0.286872 0 -3.5 0 0.370356 0.288193 94 94 255
-8.15644 53.8101 102.883 -0.707564 0 -3.5 0 0.517453 0.732285 4 4 255
8.31278 46.6868 120.511 0.163384 0 2.33166 0 0.33213 0.241623 24 24 254
0.384875 44.6683 108.006 0.343221 0 -2.31599 1 0.661563 -0.438987 255 25 25
-27.8911 40.1354 102.517 0.20907 0 -1.3 0 -0.68304 0.394307 0 0 255
-13.2884 28.8366 106.385 0.0961604 0 4.2 0 0.283562 -0.894305 19 19 254
-7.75106 42.1059 130.983 0.674083 0 -0.8 0 -0.371739 -0.608808 15 15 255
5.53869 52.7441 117.398 0.582302 0 -0.4 0 0.0663792 0.917236 255 103 103
-21.1011 45.2621 120.352 0.556347 0 -4.5 0 -0.996131 -0.0805268 3 3 255
-20.5083 58.6604 107.631 0.187016 0 -0.8 0 0.336145 0.823093 0 0 255
-26.0851 49.8364 115.294 -0.121041 0 -3.5 0 -0.601481 -0.721921 0 0 255
7.12 46.2158 120.83 0.129056 0 2.8 0 0.324203 -0.0425016 10 10 255
-24.222 47.7216 114.564 -0.526461 -0.0882484 -3.5 0 -0.970606 -0.22284 0 0 254
4.86812 52.6374 116.097 -0.0183304 0 1.8 0 0.385865 0.920524 255 86 86
-27.0131 37.1996 107.561 -0.164822 0 -0.4 0 -0.967214 0.0145157 0 0 255
4.39625 51.4483 113.766 -0.00758523 0 1.8 1 0.319673 0.371971 255 57 57
-3.95688 60.3984 124.341 0.161857 0.00370561 -3.2 0 -0.0145657 0.746907 26 26 255
-8.23059 44.403 130.164 -0.128466 -0.700824 -0.8 0 -0.783543 0.551254 14 14 255
-4.84331 59.3811 125.151 -0.351317 0 -3.2 0 -0.00195992 0.794831 4 4 255
-7.33763 48.6215 127.562 0.0179533 0 3.8 0 -0.909051 -0.0557978 28 28 255
-3.31787 58.6741 125.591 -0.670746 -0.033654 -2.94919 0 0.063014 0.858898 10 10 254
-14.4959 40.1704 127.55 -1.97585 -0.59038 -3.5 0 -0.332125 -0.935345 8 8 255
-3.80081 53.0908 111.317 -0.0739472 0 -1.3 1 0.643408 0.735176 255 90 90
-10.6321 54.9645 126.607 0.00619022 -0.425565 -0.4 0 -0.523219 0.00821511 2 2 255
-2.19831 59.0961 129.031 -0.207733 0 1.8 0 0.22099 0.821507 10 10 255
-11.2723 36.6754 102.269 -0.142918 0 0.0149584 0 -0.198101 -0.0646242 7 7 254
2.07787 41.9959 118.582 -0.694202 -0.350481 -0.453463 0 0.338954 -0.890221 6 6 255
-0.918125 57.513 127.551 -0.325808 0 1.8 0 0.873979 0.455238 8 8 255
-3.62175 48.0039 108.362 0.244753 0 -4.5 1 0.530886 0.824532 255 31 31
0.457437 55.3065 119.2 0.169465 -0.472688 -0.8 0 0.259461 0.735719 255 29 29
12.3363 44.03 119.534 3.14252 0 1.8 0 0.783089 -0.52552 5 5 255
-22.531 59.0187 107.029 1.39845 0.706325 -0.8 0 -0.351978 0.767996 0 0 255
-12.8345 39.6061 127.099 -0.0799368 0.257768 -3.5 0 -0.19564 -0.660228 13 13 255
-14.053 49.1171 104.103 -1.19858 0.0362642 -3.43988 0 -0.594923 0.0369785 1 1 254
-11.6174 41.3035 128.594 -0.785395 -0.00458364 -3.5 0 0.0808322 -0.784183 12 12 255
-16.5491 53.4507 102.501 1.62548 0 -3.54219 0 -0.139233 -0.157177 1 1 255
9.251 44.1655 121.109 -0.762309 -0.0587379 1.8 0 0.0846034 -0.323441 1 1 255
4.744 41.9277 118.622 -0.579448 -0.444953 -0.7 0 -0.0556879 -0.865184 13 13 255
-23.3842 43.3413 102.97 0.280959 0 -3.9 0 -0.255911 0.828366 2 2 255
0.463125 43.0607 129.764 -0.562916 0 1.88908 0 -0.704959 -0.667773 0 0 255
-11.4172 37.4685 119.291 -1.09813 -0.395195 -3.5 0 -0.74351 -0.54952 8 8 255
-28.7974 42.1713 104.125 2.39916 0 -3.9 0 -0.672341 0.393255 0 0 254
4.03644 47.5809 122.706 -0.754763 -0.0212531 2.28027 0 0.539334 -0.196805 5 5 255
-9.0715 29.1078 110.935 2.35332 0 -3.9 0 0.216977 -0.971005 19 19 255
-7.38275 36.6613 120.34 -0.772777 -0.121873 -3.68844 0 -0.259968 -0.619911 0 0 255
-10.9467 49.9632 99.743 -0.387114 0 -3.5 0 0.113088 0.184269 1 1 255
4.31075 40.724 122.555 0.0261924 0 -1.6 0 0.0676359 -0.942951 0 0 255
-26.532 38.2539 109.83 -0.559036 -0.0211723 -0.4 0 -0.812872 0.113266 1 1 255
-3.90519 47.1255 103.809 1.04816 0 -4.5 0 -0.298644 -0.386242 255 194 194
-11.8424 48.3664 98.8039 -0.559062 0 -3.5 0 -0.0189436 0.39437 3 3 255
6.08325 44.3186 121.787 0.0185666 0 -1.6 0 0.759818 0.333803 0 0 255
2.50437 43.1615 135.096 0.16953 0 -3.9 0 0.102921 -0.696878 0 0 255
-9.52575 58.8635 115.685 -2.02896 -0.421668 -3.5 0 0.364959 0.928432 102 102 255
-0.653938 48.9782 132.72 -0.0102478 0 -3.5 0 0.408515 0.887124 1 1 255
12.032 46.5762 119.323 2.56659 0 1.8 0 0.539011 0.838872 4 4 255
-9.84406 54.7768 104.767 -0.803507 0 -3.5 0 0.476151 0.868926 3 3 255
-23.1632 51.5798 109.1 -0.183153 0 -0.8 0 -0.975841 -0.0487897 1 1 255
-26.8789 38.4538 108.618 -0.779824 0 -1.20922 0 -0.994677 -0.0512129 0 0 255
0.9315 41.3221 119.324 -0.808528 0 1.74323 0 0.626242 -0.77614 0 0 255
-11.5896 33.9063 113.146 0.0140238 0 -1.3 0 -0.505308 -0.652183 24 24 255
4.46056 44.8172 110.984 -1.57455 -0.936494 -3.5 1 0.529008 -0.131463 255 6 6
-24.4788 50.2152 115.975 -0.024223 0 -3.5 0 -0.386872 -0.2348 0 0 255
1.6315 42.7749 109.149 0.20717 0 -3.9 1 0.446906 0.0114903 255 17 17
3.355 42.442 127.225 -0.0646389 0 4.2 0 0.902791 -0.417054 0 0 255
-4.16325 32.0445 109.877 0.557748 0.00759476 -3.86321 0 0.44167 -0.815845 3 3 255
0.522375 51.7415 131.35 -0.314801 0 -3.5 0 0.340056 -0.17324 9 9 254
-4.66225 50.7555 110.032 -0.0677347 0 -1.3 1 0.733117 -0.358856 255 9 9
-0.836 41.1295 123.796 -0.896984 -0.0173441 2.23859 0 0.207815 -0.956722 0 0 255
-6.07163 60.2835 121.323 -0.346233 0 4.2 0 -0.225324 0.931889 31 31 255
-14.6767 47.1912 126.898 0.39906 0 -3.9 0 -0.598657 0.0209317 2 2 255
-4.68587 39.2401 129.129 -0.112575 0 3.8 0 0.812638 -0.441277 27 27 255
-17.0238 49.2838 118.842 0.21687 0 -4.5 0 -0.116331 0.961604 1 1 255
-8.88587 59.8867 112.941 -0.482187 0 4.2 0 0.731996 0.680279 146 146 255
2.27638 53.3839 124.365 -0.429245 0 1.8 0 0.952977 0.285629 49 49 255
6.4065 49.567 117.27 0.127924 0 1.8 1 0.930176 -0.0142496 255 137 137
-0.154 39.6587 110.41 0.0688608 0 -3.9 1 0.109406 -0.603631 255 127 127
-24.81 39.6307 115.465 -0.668435 -0.0240872 -3.5 0 -0.866259 0.449657 48 48 255
-24.9195 49.0892 113.952 0.57458 0 -3.5 0 -0.790445 -0.607545 0 0 255
-7.79063 39.4502 101.113 -0.179654 0 4.2 0 0.182485 -0.411672 33 33 255
2.84094 50.7259 109.13 0.149486 0 -1.3 1 0.643682 0.650626 255 9 9
-21.9634 54.3971 115.021 0.32196 -0.0290152 -4.5 0 -0.17214 0.525832 0 0 255
-13.1096 62.1664 111.025 0.00919381 0 3.71082 0 -0.0810081 0.759756 2 2 255
-26.5515 43.1499 106.991 -0.0313417 0 -3.9 0 0.0305871 0.969285 0 0 255
-19.3796 39.685 98.4133 -0.150468 0 3.8 0 0.52319 0.320478 8 8 255
-10.2186 44.2432 100.78 -0.166096 0.953978 4.2 0 0.593889 -0.0873724 46 46 255
-13.2653 36.4766 116.227 -0.319784 -0.102637 -0.7 0 0.259215 -0.874195 15 15 255
-17.7113 30.5395 101.123 -0.483092 0 -3.5 0 0.0489815 -0.0593427 9 9 255
-21.2769 58.5651 110.066 3.54776 0 -0.8 0 0.0615141 0.688928 0 0 254
1.11494 54.6252 116.982 0.320043 0.0544206 -0.8 1 0.349251 0.693996 255 25 25
-22.7796 53.8088 106.524 0.169666 0 -0.8 0 -0.71823 0.510954 0 0 255
-13.7732 57.3172 123.135 0.181895 0 -3.5 0 -0.957529 0.132905 0 0 255
-3.83575 43.0812 130.265 -0.734042 -0.222729 -0.8 0 0.567006 -0.241417 2 2 254
-24.3255 37.8408 113.113 -0.246816 0 -2.15813 0 -0.985374 -0.167091 16 16 255
-11.1643 31.9346 112.235 1.14545 0.809357 -3.9 0 -0.854052 0.00910982 27 27 255
1.42362 52.8619 127.175 -0.669751 0 1.8 0 0.930146 -0.353332 13 13 255
-22.0117 34.7593 99.2466 -0.134706 0 2.19452 0 0.260271 -0.259852 1 1 255
-11.4117 44.7771 129.231 0.00699384 0 -3.5 0 0.227658 0.563016 31 31 255
-9.87981 39.3206 101.35 -0.0490758 0 -0.7 0 -0.276134 -0.2445 19 19 255
-0.314375 44.0747 131.463 -0.233128 0 0.624141 0 -0.744757 -0.614581 1 1 255
-12.7362 37.6874 118.248 -0.234351 0 -0.7 0 0.107292 -0.890418 31 31 255
-18.692 30.4583 108.948 -1.47985 -0.873469 -3.5 0 0.531411 -0.363197 9 9 255
-26.0789 49.9296 113.465 0.171794 0 -3.5 0 -0.726129 -0.602058 0 0 255
-14.7481 42.5659 123.863 0.192966 0 3.8 0 -0.67331 -0.00549704 5 5 255
-4.37594 44.2042 103.451 0.560699 0 4.2 0 0.15422 0.732534 187 187 255
-16.0963 45.3851 102.667 -0.845334 -0.046164 -0.997827 0 -0.534702 0.841121 8 8 255
-11.8831 39.5267 122.38 -0.0013074 0 -3.5 0 -0.386345 -0.842789 5 5 255
-5.29925 37.8894 126.614 -0.1031 0 3.8 0 0.259503 -0.912979 13 13 255
-14.3169 48.02 122.256 -2.57538 0 3.8 0 -0.167859 0.94341 0 0 255
-18.0688 56.4438 115.658 -3.4531 0 1.71196 0 -0.776101 -0.163178 0 0 255
-4.67013 55.4411 129.438 0.744144 0.170139 2.77271 0 -0.289163 0.604791 13 13 255
-11.9172 48.0139 123.806 0.0027306 0 -3.9 0 -0.226655 0.912884 1 1 255
-0.757563 56.0476 130.051 -1.06129 -0.272754 -2.70334 0 0.351057 0.717008 19 19 255
2.93412 39.5911 111.291 0.718773 0.40503 -3.9 0 0.229061 -0.930161 255 214 214
-14.6036 29.8377 108.22 -0.0243695 0 4.2 0 -0.123744 -0.783517 31 31 255
5.60919 42.7676 113.114 -0.309666 0.0283924 -1.7987 0 0.806139 -0.222937 255 240 240
-17.2244 51.7944 105.152 1.0672 0 -3.2 0 -0.265275 -0.652321 0 0 255
3.69906 46.7586 129.76 0.207204 0.0336988 -3.5 0 0.0487946 0.993699 0 0 255
-8.72956 30.0139 112.944 1.5858 0.139091 -3.9 0 0.0538032 -0.5126 35 35 255
-5.84156 44.0578 101.779 0.13099 0 4.2 0 0.401417 0.741054 99 99 255
-5.26275 38.1792 102.997 -0.362741 -0.661591 -0.7 0 0.983407 0.181319 184 184 255
-4.48838 51.4398 104.959 -1.1611 -0.815623 -3.5 0 0.424111 0.883581 255 136 136
-15.2316 53.7784 120.366 -0.0811585 0 -3.5 0 -0.408131 -0.532305 0 0 255
-23.0763 30.3769 108.848 -0.323277 0 -3.5 0 -0.908141 -0.38822 49 49 255
-19.5149 50.68 105.202 1.11828 0.304881 -0.8 0 0.141056 -0.823186 0 0 255
-12.8164 55.3526 123.597 0.169949 -0.231839 -1.31086 0 -0.897094 -0.343192 0 0 255
-11.6897 37.3095 126.703 0.510757 0.800942 -3.5 0 -0.333741 -0.75963 15 15 255
-12.1047 39.7151 100.838 0.175038 0 -0.4 0 0.147599 -0.715266 32 32 255
-3.15875 35.0827 120.45 2.83761 0 -3.9 0 0.634955 -0.730299 0 0 255
-29.3376 40.5991 104.341 3.6001 0.130957 -3.9 0 -0.871639 -0.122073 0 0 255
-13.4605 54.5246 121.796 0.334708 0.0260769 -3.5 0 -0.687622 -0.558284 0 0 255
-21.9342 46.0595 106.483 -0.380234 0 -4.5 0 -0.4289 0.256774 2 2 255
7.22944 52.904 119.387 0.0357092 0 -0.4 0 0.745064 0.664496 255 202 202
-18.5465 38.4955 119.17 0.0969041 0 -3.5 0 -0.580847 -0.808605 20 20 255
-11.8553 29.2628 104.479 0.166879 0 4.2 0 0.472018 -0.743644 13 13 255
-22.9552 47.1562 115.515 -0.839913 -0.353836 -4.11845 0 -0.0315727 -0.544475 0 0 255
-19.1696 30.0421 101.577 0.271047 0 -3.5 0 -0.339229 -0.407023 10 10 255
-15.3113 56.3134 106.904 0.521893 0 -3.2 0 0.537584 0.791268 0 0 255
-4.91806 33.1809 105.964 0.152554 0 -0.333977 0 0.557577 -0.789026 19 19 255
-21.0314 46.5629 115.222 0.250495 0 -4.5 0 -0.120336 -0.163683 0 0 255
-19.9455 41.1092 98.8406 0.253601 0 3.8 0 0.267748 0.424452 8 8 255
-19.7249 43.251 124.098 0.644099 0.0675452 -4.5 0 -0.563531 -0.134922 1 1 255
5.08638 45.5216 122.608 -0.215502 0 1.29111 0 0.608235 0.325059 1 1 255
-10.9811 30.8282 103.868 0.239706 0 3.8 0 -0.00538106 -0.553393 15 15 255
-15.719 29.405 102.91 -0.750894 -0.462955 -3.5 0 0.78378 -0.466897 7 7 255
-2.72406 43.0809 129.622 -1.58862 -0.661581 -0.8 0 0.537724 -0.340817 0 0 255
7.18412 49.8797 123.287 -1.45546 -0.858212 -0.4 0 0.362031 -0.411469 67 67 255
4.00488 46.536 131.578 0.735031 0.779474 -3.87367 0 0.195962 0.945748 0 0 254
-10.1302 60.918 113.202 -0.296779 0 4.2 0 0.53176 0.606316 15 15 255
-18.5613 56.6758 111.122 0.225603 0 -2.1593 0 -0.393164 0.567724 0 0 255
-9.29656 31.3677 108.575 -0.205115 -0.424393 3.03793 0 -0.0650001 -0.801734 20 20 255
-13.0265 34.6758 111.678 0.205291 0 -1.3 0 -0.87209 -0.244203 22 22 255
-19.5138 47.4035 116.433 0.256702 0 1.8 0 -0.874662 -0.35447 1 1 255
-13.4071 40.7634 100.22 -0.363301 0 -0.054962 0 0.00953319 -0.200385 35 35 255
2.15631 54.7178 129.317 -2.32305 -0.236266 -3.5 0 0.842254 0.53856 23 23 255
-0.764938 44.0153 129.885 -0.220215 0 4.2 0 -0.416931 -0.726212 0 0 255
5.41838 47.4904 113.766 -0.843494 -0.468455 -0.621949 1 0.913457 0.038149 255 37 37
0.454625 45.7346 138.131 1.01607 0.862717 -3.5 0 0.115457 -0.845671 0 0 255
4.41512 39.8628 115.425 -0.240602 0 -0.7 0 0.797681 -0.326026 54 54 255
-8.97925 32.2295 113.581 0.36854 0 -3.9 0 -0.299525 -0.145251 22 22 255
1.01969 41.2644 124.54 0.17163 0 1.49519 0 -0.182992 -0.969559 0 0 254
-1.33712 33.7245 113.599 -0.398737 -0.625731 3.68327 0 0.874142 -0.451013 6 6 254
-0.54975 38.3502 120.181 0.121408 0 -3.9 0 0.695234 -0.454152 0 0 255
0.183437 51.4021 111.368 0.17015 0 1.9 1 0.614564 0.621087 255 50 50
3.74437 44.0996 125.109 0.100285 0 -1.6 0 0.72922 0.502546 0 0 255
-14.8811 34.9483 110.825 -0.111108 0 4.2 0 0.0957608 -0.29494 8 8 255
-14.617 53.2219 101.676 0.497829 0 -3.9 0 0.0270298 0.51031 3 3 255
-17.2901 29.5105 107.362 -0.978333 -0.327697 -1.70064 0 0.31758 -0.787989 8 8 255
-13.0466 60.7396 118.673 -1.05659 0 -3.5 0 0.145778 0.718569 0 0 255
-14.2805 41.8686 124.881 -0.409831 0 -3.5 0 -0.996397 -0.0738698 6 6 255
-5.48462 39.6782 130.718 -0.123747 0 3.8 0 0.605817 -0.0444223 18 18 255
11.8267 44.6207 116.398 0.383156 0 1.8 0 0.503831 0.149143 43 43 255
-14.151 56.0952 107.822 0.425714 0 -3.26795 0 0.181458 0.811225 0 0 254
-23.9776 51.0994 112.091 0.718178 0.283853 -3.5 0 -0.48147 0.0994996 1 1 255
-3.35162 53.5105 112.525 0.231459 0 1.9 1 -0.0999469 0.82136 255 68 68
-22.3622 31.5855 106.115 -0.395022 0 -3.5 0 -0.789089 -0.576619 5 5 254
-24.5509 42.573 115.846 -0.0836439 0 -0.7 0 -0.840381 -0.249071 43 43 255
-5.66281 52.1677 102.348 -0.643621 -0.224275 -3.5 0 0.904804 -0.00151208 48 48 254
-17.2261 46.7991 105.639 -1.14803 -0.668535 -1.3 0 -0.545835 -0.0399127 1 1 255
-12.9431 45.3871 128.188 -0.0484591 0 -3.5 0 -0.264858 0.683743 15 15 255
-6.61725 48.6979 105.451 -0.35069 0 -3.61004 0 -0.223052 -0.446201 133 133 255
0.95675 47.3545 135.534 0.571966 0 -3.5 0 0.885222 0.457651 0 0 255
-11.3839 36.9113 115.718 -0.296744 -0.0126581 -0.7 0 -0.129086 -0.823112 5 5 255
4.103 44.1722 133.236 0.775208 0 -3.9 0 0.956392 -0.252592 0 0 255
8.17387 45.4663 120.8 -0.0659881 0 1.8 0 -0.0166943 0.17094 4 4 255
-6.317 32.0409 103.78 0.0540866 0 3.8 0 0.95998 -0.126597 152 152 255
-14.2935 38.19 100.414 -0.0587246 0 1.8 0 0.476388 -0.263297 48 48 255
-3.43575 35.0027 117.131 0.514667 0 -1.6 0 0.826862 -0.320808 0 0 255
-1.16219 57.3688 120.911 -0.48412 0.0672172 -0.206442 0 0.98895 0.147804 255 206 206
-24.9491 37.9345 114.567 -0.272534 0 -3.5 0 -0.885268 -0.224914 24 24 255
-8.65913 37.126 128.551 -0.0998265 0 3.8 0 -0.260408 -0.841401 9 9 255
-23.8312 41.447 101.571 0.649047 0 -3.9 0 -0.494049 0.453071 4 4 254
-25.5643 43.8187 110.396 -0.40262 0 -3.5 0 -0.40054 0.899009 0 0 255
4.0475 40.609 113.093 1.15523 0 -3.9 0 0.765256 -0.613378 197 197 255
-22.7394 42.5069 101.657 1.01405 0.697104 -3.60169 0 -0.703782 0.505072 3 3 254
12.5922 43.5199 117.441 0.308247 0 1.8 0 0.752653 -0.553738 16 16 255
4.47894 40.9302 114.735 -0.642195 0 -0.0175732 0 0.540123 -0.714326 129 129 255
-19.07 44.1385 117.269 -0.00885754 0 -3.73489 0 -0.960125 0.279541 11 11 255
12.1652 45.7339 117.743 1.11619 0 1.8 0 0.679625 0.571222 9 9 255
-16.9662 29.073 105.528 -0.241515 0 4.2 0 -0.18606 -0.898513 6 6 255
-16.5919 37.143 115.923 -0.22821 -0.056554 -0.7 0 -0.629206 -0.746233 17 17 255
-4.10288 55.7417 116.003 -0.134737 0 4.5 1 -0.114514 0.567345 255 4 4
-0.883563 41.8471 126.06 -0.26209 0 3.84696 0 0.333424 -0.902142 0 0 254
-19.5572 57.6763 110.167 3.61912 0 -1.17296 0 -0.0325667 0.709384 0 0 255
2.63075 46.4142 124.919 -0.618662 -0.394339 -1.6 0 0.950268 0.190025 0 0 255
-3.808 54.31 115.199 0.0902494 0 3.00681 1 -0.312475 0.761851 255 3 3
-22.6711 31.2692 109.801 -0.201095 0 -3.5 0 -0.686906 -0.236423 187 187 255
-5.5555 46.7306 130.451 0.00684749 0 2.21641 0 -0.579009 0.242577 26 26 255
-9.632 40.5486 128.603 -0.565288 -0.107054 -0.00516582 0 -0.548719 -0.217168 9 9 255
-0.592625 57.5416 119.036 -0.212322 0 4.5 0 0.880584 0.463304 255 54 54
-13.4166 43.6553 130.077 -0.124938 0 -3.5 0 -0.109157 0.359203 17 17 255
-7.80631 55.2452 128.1 -0.151803 0 3.8 0 -0.0903795 0.85826 3 3 255
-1.47944 39.4658 109.954 -0.267259 0 -3.9 1 0.55129 -0.403937 255 131 131
-5.54738 37.8463 121.995 0.255812 0 -3.71435 0 -0.161832 -0.572889 1 1 255
-11.1569 48.1824 125.569 -0.0349891 -0.127109 2.17654 0 0.112429 0.712632 5 5 255
0.636125 40.4204 118.65 -0.777072 -0.324959 -2.83533 0 0.743603 -0.235027 0 0 255
-0.219 40.6589 121.492 -0.0347407 -0.00430632 2.8 0 0.385189 -0.874169 0 0 254
-20.2021 53.2472 115.653 -1.14177 -0.873005 -4.5 0 0.301432 0.365748 0 0 255
-11.9627 50.8299 121.535 -0.0566256 0 2.8 0 -0.935265 -0.315431 0 0 255
-0.575 44.472 105.161 1.39797 0 -4.5 0 0.989482 -0.0308307 255 60 60
-22.5941 48.9698 107.905 0.177063 -0.0594366 -2.27697 0 -0.414014 0.151921 1 1 254
-15.6571 39.426 121.606 0.0454774 0 3.8 0 -0.540295 -0.738679 11 11 255
3.36212 37.1328 117.203 -0.0518071 0 -0.7 0 0.340245 -0.694282 1 1 255
-13.5324 39.5754 126.382 -0.0101136 0.835302 -3.5 0 -0.794723 -0.606941 12 12 255
5.77812 45.6243 113.059 -1.17877 0 -3.5 1 0.91077 0.213042 255 87 87
-6.73212 46.6567 129.206 0.0234331 0 -0.8 0 -0.814685 0.370275 40 40 255
-5.7815 37.88 104.971 0.0108316 0 -0.7 0 0.983158 0.15759 202 202 255
5.83825 53.6031 118.852 0.125789 0 -0.4 0 0.0815251 0.991629 255 182 182
-28.0265 40.3169 108.796 -1.85759 -0.480667 -3.5 0 -0.793677 -0.588041 0 0 255
3.529 43.6045 127.128 0.847797 0 3.2238 0 0.984434 -0.0712256 0 0 255
2.88587 40.6138 109.927 1.79817 0 -3.9 0 0.25136 -0.546379 255 53 53
-2.93425 49.2827 102.447 -0.0581692 0 -4.5 0 -0.463093 -0.0888235 255 161 161
-8.16162 47.4272 105.802 -0.132131 0 1.02189 0 0.55501 -0.131387 57 57 255
-24.0749 52.8105 115.631 0.185638 0 -3.5 0 0.258821 0.553422 0 0 255
-10.2454 57.9744 124.83 -0.436002 0 -2.46264 0 0.0911714 0.628179 0 0 255
-2.09063 32.4485 114.473 -0.73877 -0.787523 -1.6 0 0.6731 -0.595998 2 2 255
-11.8795 54.9114 105.689 0.507172 0.00648752 -3.5 0 -0.0735577 0.949679 2 2 255
-24.2234 36.6641 113.307 0.269006 0 -1.34258 0 -0.820508 -0.29308 15 15 255
-17.3112 32.9521 101.338 -0.508949 -0.0663014 4.2 0 0.279547 -0.224478 15 15 255
-23.6065 52.9588 108.343 0.204318 0 -0.8 0 -0.978012 0.127396 0 0 255
2.66663 54.1081 125.738 -0.313904 0 1.8 0 0.990989 -0.127075 22 22 255
-17.0066 44.7707 123.874 0.582617 0.337522 -4.5 0 0.26623 -0.335516 1 1 255
3.78344 53.2818 114.559 -0.092286 0 1.8 1 0.232834 0.898057 255 87 87
-20.9446 47.0398 119.806 0.847373 0 -4.5 0 -0.918235 0.386771 2 2 255
-0.18875 56.8913 123.946 -0.45482 0 1.3103 0 0.790027 0.50769 58 58 255
-16.2344 45.071 103.849 -0.808245 0 1.37185 0 -0.699531 0.693035 4 4 254
-1.96575 52.125 111.572 0.238187 0 1.9 1 -0.0151596 0.477252 255 80 80
1.31275 46.1501 136.729 0.420051 0.0707665 -3.67213 0 0.926797 -0.220201 0 0 255
-5.75581 40.3527 103.73 -0.0548518 0 1.32292 0 0.880725 -0.387647 210 210 255
-10.7477 59.4347 118.353 -11.3579 0 -3.5 0 0.257837 0.693957 0 0 255
-12.6955 29.8813 103.736 0.283212 0 4.2 0 0.0912079 -0.584418 8 8 255
-27.4463 43.3358 106.17 0.879169 0 -3.9 0 -0.18464 0.945984 0 0 255
-23.8211 44.4766 115.879 0.2317 0 -0.7 0 -0.321646 0.600961 13 13 255
1.028 54.3164 119.91 -1.05125 -0.995346 -0.8 0 0.434076 0.668737 255 58 58
-4.64431 43.1968 101.792 0.153573 0 4.2 0 0.550871 0.281948 96 96 255
4.52325 53.1145 123.113 0.217344 0 -0.4 0 0.0343099 0.798908 184 184 255
6.49075 50.5998 115.756 0.357005 0.351144 1.8 0 0.952479 0.167138 255 55 55
-6.56425 55.5981 115.697 -0.0375443 0 -1.63559 1 0.70031 0.437478 255 26 26
-24.4005 42.92 106.884 -1.14971 -0.20831 -3.50167 0 -0.378628 0.916931 0 0 255
-9.7185 35.8759 115.535 0.258767 0.844293 -1.3 0 -0.330157 -0.696488 6 6 255
1.14338 53.7133 122.046 -0.919674 -0.0598156 1.8 0 0.37051 0.878144 255 184 184
-14.4185 36.9151 111.275 -0.403517 0 1.9 0 0.0400396 -0.771297 6 6 255
1.50137 51.7541 130.301 -0.433807 0 -3.5 0 0.918301 -0.266707 7 7 255
-4.91787 34.2995 105.211 -0.0142788 0 -1.81454 0 0.400398 -0.100664 46 46 255
-18.8435 56.5177 106.366 0.562379 0.0240556 -0.8 0 -0.389131 0.583292 0 0 255
-8.58438 48.2325 102.915 0.346854 0.120449 -3.5 0 0.978784 -0.195583 15 15 255
4.39587 40.0894 110.816 2.53602 0 -3.9 0 0.537974 -0.766621 255 150 150
-26.6114 40.5647 102.143 0.648599 0.0171283 -2.95097 0 -0.215342 0.621234 1 1 254
-8.27525 46.1129 105.668 0.104433 0 -1.3 0 0.587947 0.376311 45 45 255
-21.5325 56.2759 113.474 3.02394 0 -4.5 0 0.104124 0.950409 0 0 255
6.2305 52.4967 123.718 -0.0984809 0 -0.4 0 0.369307 0.488221 154 154 255
-10.5518 38.145 120.792 -0.687865 0.347031 -3.5 0 -0.784034 -0.474496 9 9 255
-13.8378 63.4169 112.501 0.359323 0 -3.9 0 0.34007 0.780554 1 1 254
-15.5061 36.4006 115.354 0.393074 0.0129215 -0.7 0 -0.229207 -0.952243 14 14 255
2.25662 55.4632 126.157 -0.310163 0 1.8 0 0.796278 0.603193 25 25 255
2.30675 41.1656 127.836 -1.25509 -0.46605 4.2 0 0.151479 -0.987202 0 0 255
4.57094 41.324 109.673 1.78261 0.92298 -3.9 1 0.555109 -0.0786989 255 31 31
-18.7757 41.9852 99.2656 -0.419955 0 -3.5 0 0.39575 0.135592 10 10 255
-5.24837 32.2474 114.31 0.473159 0 -1.6 0 -0.209229 -0.889444 1 1 255
-11.6831 56.9765 107.952 -0.688344 -0.0136842 -3.5 0 -0.29133 0.61541 5 5 255
-5.334 54.107 108.405 -0.310921 0 -1.3 1 0.780326 0.579048 255 226 226
-0.202625 38.6799 110.708 -0.0192365 0 4.2 0 0.600914 -0.357594 206 206 255
-20.2029 35.1454 113.776 -1.57486 -0.306435 -3.5 0 0.19797 -0.896706 38 38 255
-7.8505 59.1909 121.549 -1.06781 -0.107081 4.2 0 -0.364003 0.913695 3 3 255
6.3425 53.0775 120.967 0.202925 0 -0.4 0 0.500603 0.865502 223 223 255
2.03025 55.262 127.365 -0.429441 0 1.8 0 0.841243 0.427475 18 18 255
-18.679 51.9985 115.293 -0.433191 0.557888 -3.5 0 0.0267316 0.169298 0 0 255
-16.3535 47.731 121.161 0.089445 -0.0856533 0.917181 0 -0.153435 0.823483 0 0 255
-23.0783 40.9816 100.573 0.956483 0 3.8 0 -0.709944 0.567992 4 4 255
-12.2736 59.7266 122.175 -0.672728 0 -3.5 0 -0.218484 0.853597 0 0 255
-18.4578 51.6833 104.991 1.62515 0.0279638 -1.19522 0 0.183869 -0.756609 0 0 255
-15.1307 56.4382 104.47 0.351158 0 -3.2 0 0.642039 0.757516 0 0 255
7.22075 43.523 121.09 -0.121134 -0.818748 1.8 0 0.392721 -0.558469 1 1 255
-16.194 30.9199 109.236 -1.08332 -0.301845 4.2 0 -0.366511 -0.682273 21 21 255
-11.9757 55.6224 126.674 -1.53935 -0.712278 -0.4 0 -0.414531 0.00400886 1 1 255
-27.9534 43.489 104.699 1.12938 0 -3.9 0 -0.463539 0.882552 0 0 255
-5.2545 46.9429 104.196 0.368538 0 -4.5 0 -0.578921 -0.0751556 206 206 255
2.36744 46.8949 128.951 0.202542 0.175501 -3.19945 0 0.574198 0.811947 0 0 255
-11.8399 37.2492 125.53 0.255733 0.0687549 -3.5 0 -0.325179 -0.930779 16 16 255
-12.4257 30.5228 108.048 0.901467 0.207259 4.2 0 0.433545 -0.794034 17 17 255
-9.54638 58.7183 120.685 -2.29788 -0.125372 2.59321 0 -0.216591 0.975627 0 0 255
-6.10431 32.3867 107.54 0.638103 0.0557627 3.8 0 0.498956 -0.865034 14 14 255
-1.09962 44.9666 130.885 0.0578722 0 4.03064 0 -0.504103 -0.858033 1 1 255
-12.4747 36.2811 102.069 -0.435068 0 4.2 0 0.355384 0.102097 11 11 255
-17.466 35.8137 111.653 -0.108703 0 2.92982 0 0.144031 -0.832275 23 23 255
-16.0278 37.1186 101.045 0.365552 0.239751 2.40008 0 0.0574707 -0.444861 54 54 255
-20.479 45.785 105.927 -0.11029 -0.444239 -4.0052 0 -0.283425 0.582526 1 1 255
6.39375 42.4108 118.934 -0.232537 -0.968843 -0.7 0 0.215118 -0.605235 10 10 255
-0.061 48.9378 102.325 0.758767 0.00417417 -4.5 0 0.692612 -0.0476752 255 60 60
-26.0171 51.1914 116.271 -4.89381 0 -3.5 0 -0.166218 -0.471833 0 0 255
-6.8365 57.0675 115.95 -0.23512 0 -0.00369462 1 0.937743 0.161595 255 29 29
-4.97288 50.1845 108.022 -0.265442 0 -1.92042 1 0.981232 -0.0330631 255 14 14
1.61238 40.8965 122.922 -0.218994 0 -1.6 0 -0.10596 -0.989382 0 0 254
-7.13363 55.6818 110.413 -0.146685 0 -1.34941 1 0.689553 0.658173 255 100 100
-12.5028 58.9088 120.802 -1.68123 0 -3.5 0 0.277602 0.960369 0 0 255
1.14369 36.6847 116.993 0.255232 0.002537 -0.7 0 0.0563609 -0.934835 0 0 255
-7.992 36.0796 100.852 0.0432417 0 -0.7 0 0.333288 -0.469641 9 9 255
-3.128 58.6128 126.972 -0.249391 0 1.8 0 -0.309222 0.949967 5 5 255
-22.879 36.419 115.249 0.386011 0.344469 -3.5 0 -0.130293 -0.916003 21 21 255
6.19963 45.2816 130.565 -0.725476 0 -3.5 0 0.949359 -0.068717 0 0 255
-4.75706 58.1676 126.625 -0.197507 0 -0.75534 0 -0.18557 0.791752 1 1 255
-6.76475 55.4978 112.982 -0.032476 0 -3.5 1 0.988564 0.14845 255 11 11
-7.84244 40.2849 130.391 -0.120712 0 3.8 0 -0.604962 0.284236 13 13 255
-3.42175 33.2253 106.117 -0.00860457 0 -3.5 0 0.196292 -0.773962 11 11 255
-19.8264 40.1979 119.826 -1.18662 -0.596575 -3.5 0 -0.660146 -0.536691 12 12 255
-8.822 49.6603 125.781 0.0483832 0 3.8 0 -0.640301 -0.0985574 16 16 255
-14.5719 41.1991 123.733 -0.0376671 0 3.8 0 -0.66879 -0.281027 4 4 255
7.32737 40.2301 117.335 1.42476 0.788248 -0.7 0 0.518433 -0.819243 60 60 255
-17.3752 31.6002 108.993 -0.264175 0 4.2 0 -0.0817075 -0.56132 11 11 255
-11.1894 60.6357 114.965 -0.690723 0 -2.21349 0 0.522128 0.844508 2 2 255
4.75562 51.8925 123.981 -0.404258 0 -0.4 0 -0.0271315 0.246746 100 100 254
-7.13163 58.4883 115.238 -1.2566 -0.636884 -3.5 0 0.705258 0.662347 255 74 74
-22.9988 52.8401 115.603 -0.284349 -0.00474519 -4.44796 0 -0.170095 0.563041 0 0 255
3.20487 53.4977 115.631 -0.177674 0 1.8 0 0.133458 0.980581 255 72 72
-20.5354 32.0853 110.18 0.105277 0.0298648 -3.5 0 0.266982 -0.0990648 79 79 254
5.56781 49.4462 122.927 -0.712179 -0.629156 -0.937388 0 0.213334 -0.539665 44 44 255
-20.5629 49.1715 115.896 0.0404048 -0.28173 1.8 0 -0.496497 -0.0731995 0 0 255
1.35853 51.9242 128.783 -0.658014 0 -3.5 0 0.979608 -0.19999 10 10 255
3.084 47.6325 105.546 0.331734 0 -1.3 1 0.695352 -0.576454 255 20 20
7.94788 45.0266 115.52 -0.547202 -0.0858345 2.37136 1 0.580624 0.502543 255 249 249
3.94219 45.9892 133.217 1.06689 0.264752 -3.9 0 0.695178 0.695673 0 0 255
11.0571 46.9881 119.368 1.88192 0 1.8 0 0.263176 0.9545 10 10 255
-13.8712 39.8921 123.531 -0.0698658 0 3.8 0 -0.423346 -0.847188 3 3 255
-18.5384 49.368 106.598 -0.281924 0 -1.3 0 -0.633678 -0.264881 0 0 254
1.22906 51.6671 127.013 -0.587887 0 -0.460594 0 0.989984 0.0826994 8 8 255
0.581375 49.4146 106.374 -0.232953 0 -1.3 1 -0.446041 0.892408 255 20 20
-22.0177 30.232 101.463 -0.866001 -0.00465979 1.8 0 0.15645 -0.945365 4 4 255
-19.2063 45.1694 124.042 0.381638 0 -4.5 0 -0.467597 0.223256 0 0 255
-17.5696 58.8226 111.536 -1.78304 -0.546126 0.366627 0 -0.91025 0.326108 0 0 255
-13.7061 50.4869 102.581 -0.703824 -0.205561 -1.32716 0 -0.677453 -0.539642 1 1 255
-15.5387 58.6662 109.688 -0.16173 0 -0.137464 0 -0.0520919 0.548227 0 0 254
-17.4269 57.4346 106.962 0.340658 0 -3.2 0 -0.04515 0.887042 0 0 255
-12.727 55.6925 107.055 0.661263 0.0962419 -3.5 0 -0.0813998 0.802981 2 2 255
-17.7569 36.1748 101.116 -0.0297256 -0.712904 4.2 0 0.432427 -0.0953986 51 51 255
-4.20575 51.6515 109.12 0.0288242 0 -1.3 1 0.960131 -0.0474478 255 33 33
-9.80981 54.2942 127.923 -0.070105 0 3.8 0 -0.863966 0.383327 3 3 255
8.54125 47.9905 119.739 0.648014 0.0829527 2.8 0 0.711649 0.591083 135 135 255
-18.2237 33.754 110.15 0.138315 0.0344733 3.36961 0 -0.0117305 -0.473346 20 20 255
-2.67937 41.7471 128.106 -0.69713 -0.835879 -0.8 0 0.615021 -0.583378 2 2 254
5.96362 50.9062 124.203 -0.280562 0 -0.4 0 0.174789 -0.170392 91 91 255
-17.8945 57.9738 117.584 -0.633972 0 3.8 0 -0.504738 -0.451923 0 0 255
-18.2015 53.8881 115.397 -1.71756 -0.812081 -3.5 0 -0.222857 0.0146659 0 0 255
-18.0725 44.63 103.477 -0.866515 0 -3.5 0 -0.0172958 0.978139 3 3 255
-3.48994 40.3758 105.392 0.284055 0 -4.5 0 0.144497 -0.824061 255 177 177
-26.9371 37.2296 110.485 -1.61806 -0.284603 -0.4 0 -0.806392 0.387083 19 19 255
-1.60175 33.529 107.398 -1.2667 0 -3.5 0 0.302044 -0.949617 4 4 255
-11.4269 34.6828 101.949 0.0821237 0 -3.9 0 0.351562 0.173653 17 17 255
-15.929 44.885 101.05 -0.79713 -0.51799 -3.5 0 -0.197672 0.636919 11 11 255
6.01806 43.1862 122.63 0.029762 0 -1.6 0 0.957113 -0.178568 0 0 254
-5.853 38.9181 105.031 -0.00564303 -0.281786 -0.7 0 0.959331 -0.127237 247 247 255
-9.04894 34.7327 114.605 0.328767 0.0336028 -1.3 0 -0.0610944 -0.70972 8 8 255
-29.7852 41.6745 105.128 2.59469 0.324229 -3.9 0 -0.996758 -0.0113996 0 0 255
-17.5739 62.0757 114.197 0.143959 0 -3.9 0 -0.847263 0.418569 0 0 255
-23.5375 31.7114 103.535 -0.66277 0 1.8 0 -0.637423 -0.599351 1 1 255
-14.5022 62.0574 110.5 -0.725779 0 -0.303532 0 0.189148 0.754924 0 0 255
-15.6675 56.3398 105.888 0.33232 0 -3.2 0 0.460761 0.883997 0 0 255
-5.97213 57.0746 126.81 -0.287448 0 1.8 0 -0.225844 0.431738 0 0 255
-15.0999 45.118 124.391 1.17636 0.0081429 -3.9 0 -0.698647 -0.392225 3 3 255
-22.3224 32.4845 99.2773 -0.324059 0 1.8 0 0.315855 0.0280138 2 2 255
0.1865 48.9053 138.896 1.14677 0.833594 -3.5 0 0.209763 0.667659 0 0 255
3.89538 52.9394 118.008 -0.0664334 0 -0.4 0 0.243445 0.950071 255 85 85
-24.6874 32.7441 100.254 -0.640083 0 1.8 0 -0.89639 0.132194 0 0 255
-15.2961 61.3876 116.451 1.53229 0.608771 -3.78283 0 0.0275256 0.748047 0 0 255
-0.2115 53.1775 113.334 -0.513831 0 1.9 1 0.679754 0.649045 255 102 102
-10.1507 56.3816 126.408 -0.112088 0 -0.4 0 -0.334599 0.502306 1 1 255
2.44163 42.395 134.105 -0.038462 0 -3.9 0 0.164386 -0.927468 0 0 255
-5.37388 34.6538 121.114 2.93053 0.348024 -3.9 0 -0.296457 -0.799095 0 0 255
10.1096 45.6179 121.063 2.60957 0 1.8 0 -0.149685 0.292803 2 2 255
-18.1424 55.1624 101.944 -0.107105 0.655358 -3.2 0 -0.292763 0.126403 0 0 255
-24.7566 34.5186 100.664 -0.231195 0 1.8 0 -0.886514 0.146021 0 0 255
-6.12712 59.4658 125.037 -0.162266 0 -3.2 0 -0.300646 0.855955 0 0 255
1.03075 37.6242 118.452 1.03642 -0.0969267 -0.7 0 0.36642 -0.497345 0 0 255
-20.0341 47.6488 121.103 0.626992 0 -4.5 0 -0.543446 0.73718 1 1 254
-0.94 41.7061 104.081 1.17504 0 -4.5 0 0.648561 -0.745683 249 249 255
-6.71025 45.7789 130.956 -0.0404585 0 -0.8 0 -0.302685 0.600933 31 31 255
3.22088 48.5763 124.351 -0.592169 0 -1.3 0 0.875425 -0.0950184 1 1 255
-22.6545 51.5189 116.453 -0.298922 -0.482028 -4.07331 0 0.0626367 -0.0638416 0 0 255
-2.27962 50.9953 104.664 -0.155518 0 -4.5 0 0.310868 0.840245 255 69 69
-25.9114 38.2731 115.784 0.868577 0.870497 -3.5 0 -0.999726 0.0183364 38 38 255
-20.341 40.6475 117.825 -0.140967 -0.00842723 -3.5 0 -0.794869 -0.513561 51 51 255
-20.2461 30.089 110.351 -0.282454 0 -3.5 0 0.335671 -0.289975 39 39 255
-21.8384 28.497 107.934 -1.91345 -0.37499 -3.5 0 -0.679136 -0.717519 5 5 255
-17.6947 57.6704 113.425 -2.65564 -0.956387 3.8 0 -0.976293 -0.0430214 0 0 255
-7.67119 29.8649 111.996 1.01922 0 -3.9 0 0.420149 -0.838625 16 16 255
-20.8785 43.4882 98.9181 0.351964 0 -3.5 0 -0.287227 -0.497068 6 6 255
-25.7136 35.6931 102.177 -0.654229 0 -1.3 0 -0.465563 -0.481879 0 0 255
-4.84888 60.903 123.319 0.860283 0.922768 -3.2 0 -0.426545 0.884154 14 14 255
-25.5413 42.0374 102.839 0.610268 0 -3.9 0 -0.276245 0.399557 3 3 254
-9.91463 31.3154 112.969 2.24326 0 -3.9 0 -0.386494 -0.0773618 35 35 255
-3.27644 49.2164 110.503 -0.053956 0 1.9 1 0.0889309 0.278199 255 9 9
-24.7229 32.1531 102.057 -1.70707 0 1.8 0 -0.942762 0.118926 0 0 255
-3.73244 58.7669 128.474 -0.167333 0 1.8 0 -0.427119 0.901794 5 5 255
-6.79356 41.3141 130.633 -0.180563 0 3.8 0 0.000643109 -0.0713018 15 15 255
-28.4774 35.9645 104.051 0.113978 0 -1.3 0 -0.819914 -0.57013 0 0 255
-0.47075 42.0472 107.483 0.910515 0.242197 -4.32009 1 0.698141 -0.373425 255 37 37
5.10519 47.995 112.935 -0.555275 -0.820682 1.04069 1 0.817164 0.435761 255 18 18
-15.182 42.2342 129.251 -1.41838 -0.535202 -3.5 0 -0.681146 0.289066 5 5 255
-3.85063 51.021 131.798 -1.56907 -0.392057 3.8 0 -0.362463 0.335647 33 33 255
0.928625 39.4687 118.418 -0.793004 -0.819106 -0.7 0 0.680292 0.00482324 0 0 255
-24.2057 46.2155 111.085 0.481615 0 -4.5 0 -0.974228 -0.223727 0 0 255
-22.5899 52.0146 105.027 0.108947 0 -0.8 0 -0.564042 -0.158028 0 0 255
-5.95237 60.7924 119.924 -0.338854 0 4.2 0 -0.0775559 0.995476 166 166 255
5.213 46.8805 130.873 -2.65972 0 -3.5 0 0.436241 0.878752 0 0 255
-0.5505 54.8256 131.292 -1.71626 -0.113166 -3.5 0 -0.058232 0.37586 49 49 255
-2.33875 34.6992 111.03 -0.190003 0 3.28207 0 0.787696 -0.615403 7 7 255
-24.5521 48.1237 112.366 0.153565 0 -4.5 0 -0.982455 -0.043451 0 0 255
-16.5422 52.1338 103.427 2.59491 0 -3.9 0 -0.494906 -0.742807 1 1 255
6.69737 51.9868 116.906 0.535429 0.379093 0.907367 0 0.814029 0.376936 255 82 82
3.95875 48.8909 105.454 -0.401012 0 -1.3 1 0.944783 -0.0631497 255 16 16
-0.503937 49.1639 134.299 -0.212007 -0.0817264 -3.5 0 0.278177 0.917055 2 2 255
-7.13975 46.0279 128.393 0.29915 0 -0.8 0 -0.798418 0.500394 17 17 255
-9.288 52.3533 99.09 -1.64363 -0.673904 -3.5 0 -0.465469 0.167657 0 0 255
3.79538 42.2291 128.748 -0.652522 -0.0158233 -2.02525 0 0.639596 -0.726938 0 0 255
-3.08131 49.8359 132.425 -1.22117 0 3.8 0 -0.356625 0.278557 16 16 255
-4.68775 40.77 129.819 -0.205587 0 3.8 0 0.564798 -0.186579 16 16 255
1.04062 37.647 113.78 0.563357 0.228567 3.66407 0 0.516303 -0.621949 61 61 255
-5.26512 30.8349 110.562 0.246082 0 -3.9 0 0.356533 -0.864883 5 5 255
-10.5234 28.9994 111.518 2.67857 0 -3.9 0 -0.471689 -0.878778 39 39 255
-13.4637 39.0705 120.113 -0.125229 0 1.55099 0 0.137625 -0.813193 29 29 255
-9.6885 30.5581 102.999 0.199951 0 3.8 0 -0.442989 -0.629004 76 76 255
1.38081 50.5997 113.128 -0.286674 0 1.88616 1 0.488043 0.559696 255 69 69
-6.16087 42.6384 131.062 -0.282038 0 -0.8 0 0.212369 -0.489153 11 11 255
-22.7837 33.2309 112.14 -0.208091 0 -0.8 0 -0.159553 -0.861642 17 17 255
-20.5084 42.9049 116.731 0.0236606 0 -3.5 0 -0.247258 0.672837 14 14 255
2.97294 48.8053 104.225 1.3733 0.369058 -1.3 1 0.511266 -0.142708 255 19 19
-8.43969 45.2498 102.485 -0.34697 -0.218625 3.93959 0 0.636556 0.636127 62 62 255
-0.566875 44.4924 135.219 -0.0967136 0 -3.73192 0 -0.242601 -0.698692 1 1 255
-20.7537 44.2195 121.722 0.696925 0 -4.5 0 -0.99176 -0.021873 3 3 255
-8.20369 43.4 100.669 0.0943775 0 4.2 0 -0.0553885 0.553425 93 93 255
4.61412 43.6195 128.435 -0.12489 0 -3.05612 0 0.713568 -0.21977 0 0 255
-2.9445 33.097 108.18 0.459894 0.398815 -3.5 0 0.356676 -0.927219 5 5 255
-7.61844 35.1352 102.45 0.0285675 0 3.11466 0 0.616744 -0.392609 67 67 255
2.80925 50.7469 106.808 -0.15459 0 -1.3 1 0.204968 0.961837 255 14 14
-16.7556 50.0751 116.701 -0.510944 0 -0.46862 0 -0.268576 0.784708 0 0 255
-1.44987 58.657 126.239 -1.6714 -0.724315 1.8 0 0.464583 0.875797 11 11 255
-7.35281 57.6937 111.129 0.582002 0.759237 -3.5 1 0.640302 0.535975 255 31 31
-5.188 54.249 115.207 -0.0270259 0 3.6502 1 0.21098 0.817628 255 7 7
-22.4485 53.4982 105.106 0.164343 0 -0.8 0 -0.643791 0.451596 0 0 255
-12.9836 50.0434 101.289 -1.58267 0 -3.5 0 -0.921472 -0.0352885 1 1 255
-6.62675 44.798 104.337 0.160124 0 4.2 0 0.0453265 0.959637 85 85 255
-12.9676 46.9016 127.394 0.523673 0 -3.85158 0 -0.124408 0.322575 6 6 255
-15.1858 47.1728 124.705 1.53547 0 -3.9 0 -0.953707 0.234153 1 1 255
0.336563 47.0135 139.062 0.415971 0 -3.5 0 0.193842 -0.294297 0 0 255
-2.575 33.5168 111.918 -0.254369 -0.0180271 -3.7262 0 0.906176 -0.0835791 5 5 255
-4.987 31.2083 112.721 0.0735985 0 -3.9 0 0.13139 -0.950417 3 3 255
-1.59544 48.8619 110.082 0.00784879 0 -1.3 1 -0.403866 0.546899 255 11 11
-19.275 28.246 107.503 -1.52215 -0.0490944 -3.5 0 0.400139 -0.913072 2 2 255
-2.35663 48.8083 133.066 0.0692078 0 -3.5 0 -0.365568 0.757533 5 5 255
-10.1669 48.1869 99.1197 -0.296225 0 -3.5 0 0.551584 0.309728 5 5 255
-0.71 50.3208 102.382 0.839453 0.844154 -4.5 0 0.49572 0.619363 255 81 81
-6.46825 35.6501 104.205 -0.261896 0 -0.7 0 0.82697 -0.226669 87 87 254
0.21025 45.4947 136.572 0.425243 0 -3.5 0 0.172279 -0.844931 0 0 255
-9.80275 36.3078 116.768 -0.404946 0.0932451 -3.25066 0 -0.499352 -0.86618 3 3 255
-21.1597 53.7765 115.479 -0.806603 -0.43973 -4.5 0 0.000913364 0.610622 0 0 255
-9.93225 62.3017 112.396 -0.196421 0 4.2 0 0.615816 0.672034 31 31 255
-17.7563 38.7642 120.292 1.33136 0.825985 -3.5 0 -0.113052 -0.695043 13 13 255
-8.33062 48.9235 105.056 -0.0703732 0 -1.14601 0 0.627657 -0.569804 55 55 255
3.67541 41.6027 121.241 0.120502 0 -1.6 0 0.170995 -0.886205 0 0 255
-10.2309 30.2879 104.598 0.182727 0 3.8 0 0.0933901 -0.991289 44 44 255
-1.28231 40.6147 122.163 -0.336203 -0.953268 -0.4 0 0.437901 -0.703055 0 0 255
-14.8141 55.3929 121.896 0.515185 0.756489 -3.5 0 -0.69395 -0.258824 0 0 254
-2.99644 57.8548 130.068 -0.132461 0 1.8 0 -0.0795912 0.367191 6 6 255
2.45144 47.0624 127.467 0.161859 0.117746 -1.57124 0 0.937465 0.347815 0 0 255
-26.455 34.3035 105.617 -0.0725502 0 -1.3 0 -0.727503 -0.6627 0 0 255
-2.83569 39.094 121.925 -0.245519 0 -3.17929 0 0.587807 -0.519103 0 0 255
2.10788 46.8128 130.569 0.0559211 -0.00223455 -3.5 0 0.479808 0.877192 0 0 255
-27.7148 39.2619 101.299 0.192169 0 -1.3 0 -0.509817 0.166733 0 0 254
-11.8875 47.9596 122.525 -0.0506348 0 1.82799 0 -0.438075 0.780992 1 1 255
-14.7121 43.8795 129.257 -0.0913416 0 -3.5 0 -0.732071 0.44384 8 8 254
-19.7087 34.5341 100.35 -0.543167 -0.0119394 4.2 0 0.120633 -0.440773 11 11 255
-21.5129 43.7555 116.524 -0.0330635 0 -0.7 0 0.215227 0.669913 11 11 255
-6.74569 38.6302 123.169 0.196775 0 -3.5 0 0.179733 -0.896771 3 3 255
-23.0844 57.289 108.934 0.147017 0 -0.8 0 -0.963861 -0.136775 0 0 255
-5.398 36.699 121.5 2.15424 0 -3.9 0 -0.395961 -0.328415 0 0 255
-20.424 44.0918 119.369 0.947849 0.482338 -4.5 0 -0.903911 -0.257643 5 5 255
-19.5022 45.2418 118.033 0.311293 0 -4.5 0 -0.806562 -0.202271 8 8 255
2.90734 48.0077 110.1 -0.155936 0 -1.3 1 0.971631 -0.0501694 255 5 5
4.74581 43.2473 131.066 0.501089 0 -3.5 0 0.707903 -0.57018 0 0 255
5.02181 43.6709 112.21 -0.999349 -0.146266 -3.55705 1 0.862191 -0.0956066 255 92 92
-26.2278 43.0401 108.179 -0.926222 0 -3.5 0 -0.0465735 0.977207 0 0 255
-13.9867 51.116 117.97 -0.442782 0 4.5 0 -0.473728 -0.0842141 0 0 255
-15.0771 52.1456 118.238 -0.517823 0 -3.5 0 -0.4468 -0.750513 0 0 255
0.0884375 53.4802 115.21 -0.862199 0 0.472126 1 0.463904 0.787843 255 39 39
-15.2668 51.3595 117.046 -0.798645 0 3.6628 0 -0.758088 0.0684329 0 0 255
9.15153 42.3839 116.249 0.0271794 0 -0.7 0 0.773427 -0.624483 144 144 255
-6.16834 39.0777 124.677 -0.0803726 0 -2.59681 0 0.0265122 -0.988475 10 10 255
-16.5898 63.5173 112.529 0.220353 0 -3.9 0 -0.516367 0.684441 0 0 255
4.80638 42.1562 121.089 0.169566 0 -1.6 0 0.595105 -0.729974 0 0 255
-23.0363 55.843 109.21 -0.105315 0 -0.8 0 -0.970604 0.240424 0 0 255
-27.9825 36.504 105.105 0.0668505 0 -1.3 0 -0.752258 -0.189606 0 0 255
-12.973 59.0809 109.184 -1.53973 -0.781426 4.2 0 -0.000378455 0.318074 1 1 255
-23.7969 44.7793 108.346 0.622956 0 -4.5 0 -0.863288 0.166498 0 0 255
-5.21953 56.9629 117.167 -0.234384 0 4.2 1 0.29744 0.549539 255 35 35
-15.2086 43.5099 123.506 0.485185 0 3.8 0 -0.470226 -0.108513 4 4 255
-17.5676 38.6647 116.71 -0.233373 -0.562754 0.314759 0 -0.712404 -0.694995 24 24 255
0.833438 48.7406 130.228 -0.408991 -0.539209 -3.42114 0 0.880021 0.372737 0 0 255
-20.4885 45.6152 118.608 0.585066 0 -4.5 0 -0.742975 -0.187387 6 6 255
-14.15 36.5482 117.5 -0.126924 0 -0.7 0 0.0753294 -0.932307 28 28 255
-1.91259 37.5265 120.6 0.335402 0 -3.9 0 0.619993 -0.534993 0 0 254
-9.26247 50.9418 99.7609 -0.794443 -0.0326599 -3.5 0 -0.0406903 -0.483609 1 1 255
2.4175 51.2684 108.11 -0.0146203 0 -1.3 1 -0.124006 0.99129 255 15 15
-9.05422 30.8283 105.525 0.203073 0 3.8 0 0.0218648 -0.823201 47 47 255
-26.8105 37.1959 106.284 -0.238643 0 -0.978437 0 -0.951303 -0.0482635 0 0 255
-6.34894 43.2044 100.682 0.0581643 0 4.2 0 0.401503 0.551858 107 107 255
-3.00056 35.5756 105.298 -0.273828 0 -3.5 0 0.202783 0.17323 74 74 255
-8.37412 59.4948 119.381 -1.60729 0 4.2 0 -0.445668 0.872508 7 7 255
-6.80272 34.761 117.388 -0.103726 0 -1.6 0 -0.522481 -0.76356 0 0 255
-21.1932 44.5518 106.156 -0.857117 0 -3.94133 0 -0.50159 0.496719 1 1 255
-21.9947 36.4845 98.3158 -0.0595506 0 3.8 0 -0.249183 -0.497883 3 3 255
-27.746 52.606 114.451 0.294619 0 -3.5 0 -0.967752 -0.0158464 0 0 255
-2.78669 48.1605 107.065 1.07631 0 -4.5 1 0.32592 0.77894 255 33 33
-10.492 53.096 125.598 0.31615 0 -0.4 0 -0.674288 -0.33767 1 1 255
-7.08612 34.1369 115.626 0.276573 0 -1.6 0 -0.752342 -0.612436 1 1 255
-24.8585 39.8988 112.395 0.713089 0.0299523 -3.5 0 -0.967451 -0.237363 19 19 255
-0.590312 36.1535 108.021 -2.05955 -0.436576 -3.5 0 0.876016 0.479847 75 75 255
-2.59906 47.5666 135.405 0.0111517 0 -3.5 0 -0.980226 0.0720482 7 7 254
-20.7647 44.0039 103.476 -0.127707 0 -3.5 0 -0.513556 0.817171 2 2 255
1.53794 55.4654 124.695 -0.276683 0 1.8 0 0.764996 0.464288 37 37 255
-5.40688 32.4643 116.287 0.363227 0 -1.6 0 -0.266955 -0.878917 1 1 255
-21.3882 59.2616 108.612 0.463471 0 -0.8 0 0.0145811 0.999694 0 0 255
1.23925 45.8504 106.817 0.252897 0 -1.3 1 0.509463 -0.818976 255 26 26
-14.9928 58.0762 120.943 -1.3954 -0.843298 -3.5 0 -0.707969 0.24666 0 0 255
-4.57308 57.4516 128.025 -0.099495 0 1.8 0 -0.819864 0.447014 2 2 254
-15.5092 36.6359 112.476 0.0764939 0 1.271 0 0.294319 -0.95398 3 3 255
-14.5498 50.5415 103.495 0.232467 0 -3.9 0 -0.589631 -0.66374 1 1 255
-23.916 43.764 105.447 -0.114914 0 -3.9 0 0.0371056 0.99866 0 0 255
-18.9221 46.1284 106.034 -0.901605 -0.0438848 -3.71838 0 -0.117456 0.478429 1 1 255
-22.4626 56.1948 106.855 -0.247015 -0.956123 -0.8 0 -0.710994 -0.21497 0 0 255
5.92562 46.5439 114.693 -0.750293 -0.101811 -2.67838 1 0.764936 0.24007 255 69 69
-7.42781 53.2845 106.101 -0.613524 -0.0272068 -1.9357 0 0.26258 0.660663 34 34 255
-21.9473 43.5481 100.724 1.29443 0 -3.5 0 -0.964232 0.0771973 5 5 255
-20.981 50.5393 106.108 -0.179072 0 -0.8 0 -0.102483 -0.932021 0 0 255
-12.7085 52.68 121.107 0.309379 0 2.8 0 -0.904865 -0.425108 0 0 255
-15.0495 45.4045 100.742 -0.775937 -0.312394 -2.6126 0 -0.720619 0.152069 13 13 255
1.01069 41.1637 120.78 0.030407 0 1.87702 0 0.370577 -0.923628 0 0 254
-9.12337 47.8399 100.351 -0.0818809 0 -3.5 0 0.895188 -0.181021 10 10 255
-10.9275 30.1197 105.958 0.21134 0 4.2 0 0.526356 -0.737913 23 23 255
-24.5196 33.1328 102.811 -0.459745 0 1.8 0 -0.91073 -0.410273 0 0 255
2.95206 45.0577 126.218 -0.170215 0 -2.22115 0 0.909854 0.410576 0 0 255
-13.0508 60.5695 109.659 -0.092125 0 4.2 0 0.0818908 0.366613 2 2 255
-20.3913 39.1769 116.411 0.161571 0 -3.5 0 0.103249 -0.538948 83 83 255
-5.512 45.614 104.299 0.194374 0 -1.41514 0 -0.298886 0.549876 176 176 255
-21.6928 50.1243 107.271 -0.465685 0 -0.8 0 -0.322472 -0.651831 0 0 255
-5.31537 55.8248 128.168 0.309135 0 2.44675 0 -0.483015 0.645358 1 1 255
-18.8569 59.2625 114.841 0.0804181 0 3.8 0 -0.938429 0.0519984 0 0 255
-8.19578 38.4506 124.086 -0.515937 -0.336249 -3.5 0 0.426262 -0.892686 9 9 254
-19.7697 57.6922 106.962 0.708806 0.714241 -0.8 0 0.238125 0.579413 0 0 255
-7.42525 42.198 99.7029 -0.0146055 0 4.2 0 -0.0845621 0.30823 74 74 255
-0.949375 54.6765 121.397 -0.43619 -0.0662998 2.90844 0 0.732083 0.680819 255 197 197
-0.875375 54.9694 117.224 -0.121136 0 4.04614 1 0.347513 0.546082 255 14 14
-9.33438 38.1229 100.984 -0.07724 0 -0.7 0 -0.27993 0.0352139 8 8 255
4.67084 42.8915 111.112 2.08411 0 -3.9 1 0.797729 0.244008 255 64 64
-15.5653 38.4891 119.464 0.356992 0.508807 -0.7 0 0.0525679 -0.70695 29 29 255
-23.802 39.7958 116.395 -0.132908 0 -3.5 0 -0.3475 0.39897 65 65 255
-19.4328 55.3182 112.742 0.266793 0 -3.5 0 -0.0429895 0.996369 0 0 255
-19.8119 39.7892 118.039 0.171651 0 -3.5 0 -0.57845 -0.808887 51 51 255
-11.782 31.4515 110.001 0.615716 0.379799 0.199483 0 -0.861569 -0.245876 9 9 255
-23.0016 32.5696 105.248 0.185954 0 -1.3 0 -0.639741 -0.766984 2 2 255
-22.3622 37.2016 116.788 0.409068 0.011137 -3.5 0 0.267919 -0.358918 40 40 255
-17.6719 38.2066 99.8263 -0.268783 0 1.8 0 0.616138 -0.290425 18 18 255
-8.81013 51.3022 128.053 0.0361741 0 3.8 0 -0.692548 -0.667862 28 28 255
-24.7735 43.6527 112.005 -0.45296 -0.705116 -0.7 0 -0.763625 0.636134 4 4 255
-27.8702 38.7857 105.062 0.402451 0 -1.3 0 -0.843332 -0.260982 0 0 255
-0.407625 49.3346 131.424 -0.104223 0 -3.5 0 0.589707 0.462303 1 1 255
-17.7925 46.1464 124.257 1.16451 0.255098 -4.5 0 -0.0608822 0.397976 1 1 255
-6.73125 32.9146 114.577 0.448131 0 -1.6 0 -0.579827 -0.60469 2 2 255
-12.9265 52.7255 119.939 -0.107562 0 -3.5 0 -0.491105 -0.667641 0 0 255
-24.294 43.503 108.345 -0.369413 -0.142566 -3.58938 0 -0.503162 0.729606 0 0 255
-2.791 40.2411 127.029 -0.0533391 0 3.8 0 0.791161 -0.454993 4 4 255
-23.0725 30.7359 102.851 -0.795954 0 1.8 0 -0.128176 -0.74933 2 2 255
-20.2661 37.4166 115.551 0.294859 0 -3.5 0 0.405394 -0.335583 39 39 255
-4.76634 39.6515 105.911 -0.0827642 0 1.34133 0 0.427624 -0.506383 255 147 147
-18.5785 29.0887 105.808 -0.81598 -0.827187 -3.5 0 0.340655 -0.928437 3 3 255
-3.92106 58.9196 119.233 -0.261836 0 4.2 0 0.264355 0.798349 255 92 92
-11.4971 42.1376 100.029 -0.132755 0 -0.4 0 0.11468 -0.0543168 68 68 255
-5.403 41.5836 101.339 0.0817363 0 4.2 0 0.837843 -0.384673 121 121 255
4.4545 49.1678 112.66 -0.295015 -0.184826 -0.681884 1 0.471047 0.433322 255 34 34
-22.7684 43.919 116.813 -0.0277051 0 -0.7 0 -0.0218046 0.570131 13 13 255
-25.0382 38.4723 100.698 0.286228 0 3.37949 0 -0.495818 0.197744 0 0 255
-17.8016 33.9129 100.511 -1.95697 0 4.2 0 0.348769 -0.138814 27 27 255
-6.1395 51.661 103.263 -0.442448 -0.149826 -3.5 0 0.892426 0.124667 138 138 255
-18.473 44.5791 99.8744 -0.133153 0 -3.5 0 0.668333 0.415548 11 11 255
-1.04506 54.3954 113.576 0.380414 0 1.9 1 0.522032 0.808517 255 66 66
-9.64206 43.9276 129.025 -0.0775485 -0.596713 -1.44496 0 -0.212953 0.634587 17 17 254
3.11013 50.1595 113.462 0.0539373 0 -1.03924 1 0.146291 0.457345 255 66 66
-3.78962 45.7345 104.426 1.4277 0 -4.5 0 -0.189572 0.117132 255 221 221
-2.06238 48.8189 134.636 -0.345638 -0.702433 -3.5 0 -0.711356 0.691616 6 6 255
-3.69 38.9845 122.981 -0.140148 0 -3.56411 0 0.479579 -0.805398 2 2 255
-1.3255 47.2435 102.925 3.11315 0 -4.5 0 -0.156989 -0.573241 255 101 101
-25.2888 54.1151 115.345 0.163962 0 -3.5 0 0.118018 0.937773 0 0 255
-1.52659 36.4632 115.955 0.252546 0 4.2 0 0.315233 -0.698032 0 0 255
-10.9095 50.1385 124.445 0.0501112 0 2.8 0 -0.8966 -0.0521106 1 1 255
2.44181 41.6454 120.589 -0.280396 0 -1.6 0 0.197791 -0.951571 0 0 254
-25.4098 40.7784 111.837 -0.107244 0 -3.5 0 -0.672839 -0.418031 10 10 255
-2.29425 36.3003 118.508 0.589934 0 -3.9 0 0.551855 -0.831494 0 0 255
-5.39294 37.1108 102.591 1.44617 0.118547 -0.7 0 0.895493 -0.419012 107 107 255
-0.928688 49.0606 105.679 0.150658 0 -4.22775 1 0.114075 0.829363 255 30 30
-18.5771 39.4546 116.056 -0.164779 0 -3.5 0 -0.285102 -0.898241 52 52 255
2.66766 49.1484 111.629 0.0631602 0 -3.5 1 0.594917 0.746013 255 19 19
1.20134 50.4915 128.562 -0.647455 -0.102556 -1.3 0 0.942832 0.138759 3 3 254
-10.7563 38.6298 122.524 -0.193927 0 -3.5 0 -0.629069 -0.751385 18 18 255
-17.4031 37.1553 114.964 0.469028 0 1.9 0 -0.314204 -0.660905 15 15 255
6.50178 41.1967 114.793 -0.0294209 0 -0.7 0 0.124032 -0.756301 197 197 255
-2.53597 46.0485 134.661 0.0570106 0 -3.5 0 -0.898134 -0.361895 4 4 255
-15.903 46.269 124.328 0.809404 0.789583 -4.02382 0 -0.29988 0.575855 1 1 255
-23.0151 49.3623 110.559 0.803615 0 -4.5 0 -0.898771 0.414484 2 2 255
-18.9272 47.7614 106.865 -0.213017 0.0196854 -3.52202 0 -0.430376 0.321026 1 1 254
1.23722 48.97 104.107 0.331916 0.363873 -1.3 1 0.373739 0.497359 255 27 27
-0.64075 55.4591 119.624 -0.327255 0 4.5 0 0.762887 0.416734 255 129 129
-21.9666 56.9238 110.765 3.62668 0 -0.8 0 -0.596319 0.461189 0 0 255
-20.9709 34.3915 112.417 -0.835714 -0.383117 -0.8 0 0.483674 -0.745642 26 26 255
3.24441 41.6022 125.078 0.951529 0 -1.6 0 0.541955 -0.691593 0 0 255
-23.1695 44.167 106.424 -0.248874 0 -4.5 0 -0.557353 0.698064 0 0 255
2.98356 47.8841 108.42 -0.443761 0 -1.3 1 0.872357 -0.446737 255 13 13
-21.1394 42.1941 117.438 0.0075749 0 -0.7 0 -0.417365 0.251954 27 27 255
-1.22687 48.0694 106.939 0.312002 0 -2.07161 1 -0.313845 0.900123 255 25 25
1.9515 50.0535 125.556 -1.29252 0 -1.3 0 0.887125 0.320917 8 8 254
-14.9858 49.4497 119.123 0.933605 0.824182 3.8 0 -0.177632 0.890954 1 1 255
-3.03475 45.2835 132.003 -0.0178638 0 -3.5 0 -0.534778 -0.787539 3 3 255
-10.7287 54.2355 101.82 -0.561928 0 -3.5 0 -0.556219 0.703387 2 2 255
-17.9603 56.3954 113.185 -2.27903 0 -3.5 0 -0.81402 0.580581 0 0 255
-3.77856 51.0406 102.878 0.0100152 0 -4.5 0 -0.364251 0.622181 255 152 152
-1.68191 50.1393 105.113 -0.0572137 0 -4.5 1 0.413712 0.63242 255 59 59
3.07762 42.0048 119.204 -0.72888 -0.00104732 -0.701353 0 0.0366681 -0.995607 2 2 255
-12.4468 51.6096 122.562 0.0300651 0 2.8 0 -0.853064 -0.517342 0 0 255
0.664781 40.8474 122.242 -0.267396 0 2.8 0 0.118865 -0.992793 0 0 255
-8.61231 46.7722 102.666 0.131389 0.900335 -3.5 0 0.975237 0.143066 29 29 255
-17.581 45.65 105.628 -1.30135 -0.903295 -3.5 0 -0.232847 0.476936 1 1 255
-14.528 36.4338 115.735 -0.153575 -0.171208 -0.7 0 -0.0792774 -0.973779 9 9 255
-7.69034 31.0117 105.844 0.172994 0 3.8 0 -0.00800569 -0.71508 43 43 255
-6.73391 31.0558 109.763 0.570429 0 -3.9 0 0.396608 -0.692359 11 11 255
-9.05733 42.4849 100.546 0.299972 0 4.2 0 -0.161473 0.359483 69 69 255
-5.8048 32.1387 108.775 0.429471 0.302512 -1.27936 0 0.291715 -0.841504 8 8 255
-0.903 45.21 136.543 0.172962 0 -3.5 0 -0.0251296 -0.776948 1 1 255
-19.588 50.3661 106.23 -0.0325982 -0.296097 -0.8 0 -0.222543 -0.852629 0 0 255
2.115 41.4938 130.847 -1.18545 -0.201307 -3.5 0 -0.016838 -0.995496 0 0 255
-4.954 38.5435 122.517 0.0208001 0 -3.51184 0 -0.0243117 -0.714833 1 1 255
-11.4747 58.4227 109.325 -0.939815 -0.425579 4.2 0 0.0735014 0.614663 5 5 255
-12.8941 52.5443 123.029 0.6957 0 2.8 0 -0.930285 -0.24528 0 0 255
-0.993375 59.633 122.62 -0.0980226 0 -3.2 0 0.934151 0.34265 83 83 255
-8.22056 35.0085 118.633 -2.88231 -0.104013 -3.5 0 -0.22777 -0.969563 0 0 254
-1.45724 58.993 121.205 -0.372956 0 -3.2 0 0.743118 0.480204 255 222 222
3 1719 1806 2048 0.000407
3 462 1972 1719 0.000243
3 462 1928 1972 0.000057
3 1012 1148 462 0.000041
3 904 462 1148 0.000049
3 904 1148 396 0.000033
3 502 904 396 0.000031
3 396 1148 1510 0.000027
3 1174 1012 2048 0.000042
3 1034 1315 2259 0.000436
3 1420 1315 1421 0.000277
3 1415 1682 1806 0.000363
3 1315 1806 1682 0.000316
3 1421 1315 1682 0.000249
3 1806 1719 1415 0.000523
3 1550 1415 1719 0.000728
3 1165 1065 1550 0.001270
3 1261 1065 965 0.002586
3 1065 1165 615 0.000558
3 615 965 1065 0.000987
3 1165 1972 615 0.000231
3 615 1972 1928 0.000104
3 615 1928 560 0.000099
3 615 560 965 0.000627
3 965 560 2222 0.000873
3 1928 1760 560 0.000037
3 2222 560 1935 0.000277
3 1935 907 2264 0.000094
3 1760 1928 904 0.000027
3 2176 1760 904 0.000034
3 904 502 2176 0.000020
3 2176 1195 1501 0.000027
3 1501 1031 2176 0.000083
3 1031 1501 1155 0.000289
3 1501 1195 478 0.000094
3 1501 478 166 0.000431
3 166 1155 1501 0.000969
3 373 637 1905 0.000225
3 1510 1174 365 0.000058
3 1905 1510 365 0.000067
3 1174 2259 1209 0.000166
3 2186 2259 349 0.000129
3 1692 2199 1375 0.001273
3 2090 711 2186 0.000112
3 711 1457 2186 0.000341
3 349 1420 361 0.000162
3 725 361 1420 0.000123
3 1420 1421 725 0.000161
3 725 1421 1227 0.000127
3 2163 1179 1227 0.000161
3 2163 388 2275 0.000374
3 1944 660 388 0.001205
3 2275 388 660 0.000866
3 1868 2084 1638 0.014380
3 1261 1716 1638 0.002850
3 1716 1261 2222 0.001645
3 2222 523 1716 0.001417
3 479 2309 2188 0.000588
3 2264 1031 966 0.000221
3 2264 966 2188 0.000320
3 966 1382 2188 0.000640
3 966 1031 1239 0.000321
3 1869 1239 1031 0.000596
3 1648 2258 938 0.004753
3 827 609 886 0.015033
3 1113 886 1049 0.057135
3 732 609 1155 0.015082
3 732 1155 100 0.009137
3 1155 166 100 0.005584
3 732 1158 992 0.009218
3 1158 365 1735 0.000728
3 99 575 1735 0.001727
3 1735 575 2041 0.002427
3 2041 575 369 0.014701
3 575 99 1375 0.004602
3 575 1375 1629 0.016961
3 1419 1375 101 0.014554
3 101 905 1419 0.003833
3 101 2160 905 0.000883
3 957 905 2160 0.000689
3 2160 446 957 0.000351
3 957 446 951 0.000371
3 711 2090 1646 0.000109
3 2090 1410 1646 0.000097
3 1646 1410 2082 0.000096
3 133 1410 1227 0.000144
3 1410 725 1227 0.000104
3 1179 1033 854 0.000145
3 1033 1179 2275 0.000303
3 2275 758 1033 0.000569
3 758 151 45 0.000495
3 1459 1547 1435 0.002845
3 1552 1093 1005 0.003081
3 1093 758 2275 0.001463
3 2275 660 1455 0.001804
3 156 1871 2227 0.006004
3 1868 1638 1716 0.009100
3 1871 1716 797 0.004517
3 1871 797 2227 0.006422
3 2227 797 266 0.008051
3 1716 523 797 0.003614
3 266 797 2213 0.005538
3 2213 844 2204 0.002314
3 2204 2309 479 0.001523
3 1808 641 1598 0.003742
3 641 479 1525 0.001243
3 479 2188 1525 0.000676
3 516 1525 1382 0.000967
3 1382 1251 1485 0.001221
3 1251 1230 1485 0.001649
3 1355 2096 552 0.000756
3 811 552 938 0.002105
3 552 2096 1648 0.000767
3 552 1648 938 0.001951
3 811 384 417 0.004725
3 811 417 853 0.001365
3 1690 853 1449 0.000783
3 853 1812 1449 0.000389
3 417 384 1929 0.017480
3 384 967 1929 0.050818
3 1929 967 880 0.045105
3 880 967 1853 0.088340
3 938 1113 967 0.021363
3 1049 967 1113 0.036673
3 1049 559 1676 0.035290
3 1754 1676 1535 0.084432
3 559 1535 1676 0.062815
3 1754 1535 1866 0.055068
3 1754 1866 2075 0.038985
3 1535 1770 1866 0.037816
3 2041 337 780 0.092872
3 992 685 2290 0.012214
3 654 337 870 0.104777
3 337 1666 870 0.147306
3 870 1666 506 0.137168
3 1666 1629 1432 0.210174
3 9 1629 1419 0.235525
3 1156 1454 1608 0.008632
3 1608 1454 785 0.006999
3 1608 785 144 0.008646
3 905 957 1454 0.001387
3 757 1454 957 0.001783
3 1030 757 957 0.001367
3 1030 951 2234 0.000769
3 1030 2234 2050 0.001498
3 1646 951 446 0.000212
3 1646 2082 2234 0.000106
3 2234 2082 534 0.000095
3 2234 534 931 0.000276
3 2066 931 534 0.000161
3 2087 931 2058 0.000453
3 2087 2058 436 0.000730
3 167 2066 1597 0.000401
3 1547 1459 2205 0.003744
3 1459 1472 2205 0.013110
3 1601 1472 993 0.029821
3 993 1472 777 0.010820
3 777 1472 1435 0.007181
3 777 1435 702 0.004479
3 1435 1552 702 0.002992
3 1552 1435 1547 0.003579
3 543 1005 1965 0.010365
3 2081 2227 653 0.013225
3 266 1297 2227 0.010254
3 653 2227 1297 0.013268
3 266 1138 1297 0.008736
3 1138 2213 980 0.004609
3 2213 2204 1983 0.002744
3 2204 1808 1983 0.004007
3 1598 1897 1028 0.003688
3 2228 2239 876 0.000406
3 2239 1897 57 0.001618
3 1525 516 641 0.000820
3 1485 2302 1255 0.003456
3 1850 83 399 0.002120
3 83 518 399 0.002607
3 399 518 420 0.001368
3 1779 1755 1688 0.001165
3 1755 1690 1405 0.000772
3 1755 1405 1688 0.000803
3 1449 1405 1690 0.000704
3 1405 1449 1739 0.000492
3 1739 1688 1405 0.000424
3 1739 1986 1688 0.000555
3 89 323 1739 0.000385
3 1739 323 1389 0.000502
3 1639 512 89 0.000296
3 323 89 512 0.000297
3 194 1812 1639 0.000232
3 1812 1816 1639 0.000339
3 1929 2274 1610 0.018080
3 2167 2274 2311 0.031598
3 316 500 2311 0.057456
3 789 1853 1676 0.121799
3 789 1676 2250 0.175506
3 654 870 1914 0.071925
3 1234 870 545 0.027860
3 506 545 870 0.039672
3 1665 545 506 0.050403
3 1665 670 2119 0.032647
3 1605 670 1137 0.260729
3 1237 1605 1883 0.515221
3 1137 1883 1605 0.479063
3 1665 1137 670 0.168074
3 1883 1137 1608 0.394770
3 670 1605 2119 0.049893
3 1883 1608 1800 0.174602
3 1800 1608 144 0.024774
3 943 2078 1800 0.019681
3 1852 1084 943 0.017925
3 1084 1166 943 0.005763
3 576 1852 2050 0.006410
3 1084 1392 1133 0.006339
3 2266 576 2050 0.004922
3 2050 378 2266 0.004804
3 2234 378 2050 0.001567
3 2234 2087 378 0.002024
3 2266 1136 2023 0.005518
3 2266 2023 576 0.005618
3 576 2023 1529 0.010695
3 900 18 267 0.006754
3 18 457 267 0.006821
3 457 517 268 0.006480
3 517 167 1210 0.001363
3 1210 1597 260 0.001178
3 260 1597 752 0.001011
3 260 752 1773 0.002405
3 1773 1210 260 0.002027
3 1527 2205 1601 0.011462
3 1527 742 1338 0.046335
3 1527 1338 2166 0.031774
3 2166 1338 901 0.048300
3 742 437 934 0.060051
3 742 2256 1338 0.045389
3 1982 2256 69 0.041965
3 1761 1954 94 0.020764
3 596 1761 777 0.007684
3 1954 546 1349 0.019744
3 596 73 893 0.013067
3 73 543 893 0.013366
3 2081 308 1349 0.020950
3 358 1349 308 0.024060
3 1349 358 2278 0.025083
3 1561 2278 358 0.026344
3 1561 874 1536 0.006811
3 874 1297 1138 0.005808
3 874 1138 1536 0.004246
3 1983 1582 1640 0.002451
3 1011 2020 1199 0.000429
3 1801 1199 2331 0.000447
3 1546 2303 1028 0.003194
3 2228 668 1228 0.000461
3 706 1418 449 0.000525
3 876 2239 1418 0.000380
3 2239 57 1418 0.000866
3 1734 449 1418 0.002067
3 1734 1916 449 0.002533
3 869 1633 1850 0.001237
3 941 1004 383 0.000703
3 869 1850 1010 0.000776
3 399 840 1010 0.001186
3 1010 840 350 0.000740
3 350 840 784 0.000783
3 807 2206 1571 0.001468
3 807 420 910 0.001580
3 807 910 2206 0.000847
3 1571 2286 840 0.000976
3 1071 1389 1910 0.000633
3 1910 1389 2009 0.000428
3 1986 1389 1071 0.000696
3 1986 1467 1688 0.000678
3 1467 2206 910 0.000674
3 1467 910 1688 0.000873
3 2009 2073 976 0.000359
3 2073 1656 84 0.000343
3 2130 1089 54 0.000391
3 1963 1089 1517 0.001055
3 2130 850 1749 0.002104
3 850 1353 277 0.001051
3 850 277 1001 0.002057
3 1001 277 1097 0.002099
3 1479 1829 626 0.000606
3 626 1816 1479 0.000411
3 626 1639 1816 0.000261
3 1589 817 1610 0.003938
3 1589 1610 2167 0.021155
3 1611 2171 2193 0.016006
3 2171 1686 2193 0.011526
3 701 2124 1480 0.011539
3 814 739 500 0.010990
3 739 2171 1611 0.008086
3 739 1611 500 0.009101
3 814 2001 834 0.012863
3 814 834 1480 0.006186
3 834 819 1480 0.008076
3 1500 2001 209 0.015932
3 209 2001 1810 0.022625
3 2076 2252 2001 0.047581
3 2076 316 2311 0.069957
3 2311 1386 168 0.076977
3 168 2250 519 0.089647
3 1386 789 168 0.108116
3 168 789 2250 0.141481
3 656 519 2250 0.098516
3 1995 704 1914 0.016707
3 1995 1914 98 0.017464
3 98 1914 1234 0.030213
3 98 391 1995 0.046830
3 391 98 426 0.082231
3 98 1234 426 0.048138
3 426 1234 1242 0.033047
3 426 2307 1959 0.077227
3 2307 2119 1605 0.046254
3 46 2077 1059 0.010258
3 2077 634 1059 0.008633
3 1303 1059 634 0.009467
3 1303 2078 1059 0.005027
3 940 1059 2078 0.003365
3 1059 940 2143 0.003071
3 366 699 919 0.009633
3 137 1164 604 0.024771
3 1673 1164 1625 0.016847
3 1625 1529 2023 0.011764
3 486 38 2023 0.011192
3 2023 38 1625 0.012464
3 1625 38 281 0.010988
3 38 289 406 0.014937
3 38 406 281 0.011812
3 289 0 406 0.013659
3 268 2055 0 0.007019
3 2055 268 517 0.003627
3 517 1210 2055 0.002094
3 650 1488 2055 0.005369
3 2166 2276 1360 0.013289
3 1360 2276 1915 0.021776
3 1360 1915 1075 0.011436
3 2276 297 1915 0.062305
3 1915 297 738 0.054298
3 901 2030 2276 0.087159
3 297 2276 2030 0.101116
3 155 297 2030 0.115277
3 155 2030 1982 0.171403
3 1188 974 1863 0.081167
3 539 974 1830 0.052292
3 353 1592 1516 0.035934
3 1516 94 353 0.030876
3 1280 511 1954 0.023193
3 1280 1954 1349 0.020416
3 1592 1403 1027 0.029884
3 1280 2278 866 0.024216
3 866 2278 1076 0.019532
3 2278 1561 1076 0.018856
3 1076 1561 1536 0.013979
3 1076 1536 1444 0.010935
3 1444 1536 791 0.007340
3 1444 2039 1782 0.010781
3 1855 1112 441 0.002361
3 1922 1112 345 0.009359
3 220 884 1011 0.000586
3 1112 1103 1319 0.003251
3 1112 1319 345 0.004485
3 1587 571 1103 0.002790
3 571 1587 939 0.004288
3 571 939 2221 0.004730
3 2103 2221 939 0.006007
3 514 1011 1199 0.000366
3 1967 1199 1801 0.000471
3 1967 1801 1079 0.000469
3 1079 1250 1967 0.000785
3 1250 1079 177 0.000620
3 1228 2097 1079 0.000448
3 1228 668 2097 0.000339
3 928 1767 706 0.000279
3 928 706 449 0.000404
3 928 1916 1542 0.000367
3 1542 1916 1142 0.000417
3 2185 1142 95 0.000393
3 1142 1916 941 0.001010
3 95 1142 941 0.000709
3 1129 2306 2185 0.001355
3 2169 2185 2306 0.001084
3 1129 28 1073 0.000678
3 474 1129 1073 0.000737
3 28 383 1073 0.000648
3 474 971 1129 0.000721
3 1129 971 2306 0.001374
3 1257 971 1082 0.001465
3 1082 1826 1257 0.001108
3 1946 1218 2251 0.000782
3 2251 1218 1159 0.000585
3 2251 1159 2317 0.000252
3 1159 1218 1659 0.000790
3 1159 1659 444 0.000966
3 2150 1218 1758 0.000301
3 1496 315 1758 0.000559
3 1910 315 2286 0.000797
3 1496 784 315 0.000483
3 315 784 87 0.000627
3 315 87 2286 0.000935
3 1496 1073 784 0.000635
3 87 784 840 0.000658
3 2150 2009 976 0.000408
3 2009 2150 1758 0.000786
3 1659 1894 2038 0.000516
3 444 1659 2038 0.000804
3 1894 1656 1963 0.000558
3 569 2180 2130 0.000539
3 569 1749 2314 0.002467
3 1749 175 24 0.002466
3 175 630 24 0.002405
3 24 630 1326 0.001952
3 175 1749 1001 0.002222
3 175 1001 630 0.002218
3 630 1001 129 0.001842
3 630 129 2069 0.002268
3 2069 129 1920 0.002239
3 129 1001 85 0.001743
3 1097 85 1001 0.002228
3 85 1920 129 0.003785
3 428 2124 1674 0.002471
3 428 1674 2069 0.002216
3 160 678 1674 0.001533
3 678 160 2024 0.001313
3 2024 160 1818 0.001904
3 1818 160 1009 0.002891
3 1009 2124 701 0.005728
3 723 819 63 0.006480
3 63 819 1658 0.007101
3 209 2152 1500 0.017477
3 1456 1500 1593 0.014632
3 830 2152 135 0.021066
3 135 1898 830 0.026003
3 1593 830 1898 0.023213
3 1898 135 605 0.029263
3 2249 96 932 0.067739
3 96 2152 375 0.040640
3 1810 375 2152 0.030116
3 375 932 96 0.046793
3 2001 2252 1810 0.027077
3 1548 849 2237 0.183739
3 2191 1810 645 0.047952
3 849 2267 2237 0.149017
3 2255 1548 519 0.138117
3 15 643 849 0.051793
3 2267 849 643 0.077663
3 643 1364 2267 0.074853
3 1995 643 15 0.047557
3 1364 643 1959 0.064095
3 1364 875 2267 0.039979
3 875 761 172 0.062726
3 172 761 1671 0.052294
3 1981 771 2034 0.063006
3 761 1959 424 0.093000
3 424 1959 2307 0.093205
3 424 2307 612 0.060158
3 612 2307 70 0.021109
3 75 1342 2005 0.018362
3 2077 1778 776 0.015550
3 2077 46 1778 0.024450
3 46 1393 1778 0.013602
3 1844 324 1778 0.013361
3 114 1844 532 0.028509
3 2269 1844 62 0.009502
3 1876 532 1844 0.015752
3 773 222 871 0.010714
3 222 703 1248 0.017088
3 1876 871 936 0.015266
3 936 1340 1876 0.021549
3 703 958 1248 0.025757
3 468 604 1813 0.025035
3 1813 604 1673 0.026815
3 1813 1673 1625 0.024298
3 1625 281 1488 0.009501
3 1625 1488 1813 0.012166
3 1075 1488 1360 0.005878
3 1813 1075 1764 0.014939
3 1764 1075 697 0.011436
3 1668 1821 1198 0.019803
3 1198 1821 1391 0.014635
3 1498 963 1821 0.007511
3 963 1498 629 0.003949
3 487 963 274 0.002742
3 629 274 963 0.004132
3 487 1395 1022 0.003571
3 1022 1395 1021 0.006693
3 1021 1395 1927 0.008059
3 1927 1395 1820 0.017619
3 74 425 1576 0.015470
3 1576 425 922 0.047552
3 1576 922 595 0.083973
3 1060 2043 425 0.032603
3 2043 1060 496 0.045727
3 1085 371 731 0.025095
3 1980 1085 1409 0.020013
3 398 1085 731 0.020218
3 398 5 1863 0.133292
3 42 1863 539 0.101136
3 1804 42 1830 0.053854
3 539 1830 42 0.071047
3 912 1830 1592 0.039810
3 1830 912 2271 0.091480
3 891 1249 1277 0.098744
3 642 1277 1249 0.041934
3 599 1027 1403 0.037772
3 599 1403 866 0.026415
3 1052 588 2230 0.023292
3 2044 1444 1782 0.022190
3 1110 1782 345 0.018205
3 345 1782 1922 0.015985
3 1110 1319 1354 0.006233
3 1110 1354 1052 0.009448
3 127 1354 772 0.004693
3 2221 1316 2026 0.002691
3 772 2135 661 0.002742
3 2135 1344 227 0.001831
3 1344 23 227 0.002261
3 1843 309 1344 0.005873
3 1344 309 23 0.005217
3 227 23 1341 0.001804
3 309 1843 833 0.005890
3 309 833 864 0.004334
3 864 833 2316 0.004277
3 1843 1486 833 0.005387
3 1486 1843 655 0.004672
3 1486 655 1236 0.003576
3 655 1843 1713 0.005310
3 918 1713 1843 0.007346
3 1298 1713 507 0.000306
3 1713 918 2103 0.005197
3 2103 1250 1713 0.000583
3 1250 2103 1967 0.000548
3 867 2065 1250 0.000582
3 507 1250 2065 0.000300
3 409 803 867 0.000414
3 2065 867 803 0.000281
3 409 1398 987 0.000363
3 1471 638 1637 0.000235
3 1398 990 1579 0.000331
3 1637 1579 2134 0.000204
3 1579 990 1041 0.000588
3 177 1041 990 0.000729
3 1637 1767 1542 0.000176
3 1542 2224 1637 0.000145
3 2224 1276 1471 0.000194
3 71 1276 2243 0.000247
3 1941 71 2243 0.000346
3 877 2243 1276 0.000195
3 338 2169 108 0.000518
3 2169 906 108 0.000533
3 1765 1257 1880 0.000929
3 1880 1826 1032 0.000435
3 16 1786 1334 0.000231
3 16 1334 2241 0.000177
3 1159 444 1786 0.000923
3 1334 1786 627 0.000284
3 1325 754 628 0.000586
3 1325 628 952 0.000588
3 636 126 1653 0.000186
3 368 1653 126 0.000129
3 126 636 1799 0.000157
3 1345 1320 2314 0.002417
3 1018 2314 1749 0.002127
3 1345 1964 481 0.002043
3 485 1326 796 0.001543
3 1326 630 2069 0.003232
3 1326 2069 796 0.001757
3 2069 1674 796 0.000987
3 678 410 796 0.001068
3 410 2261 485 0.001217
3 2261 678 2024 0.002142
3 723 63 1818 0.006984
3 1658 1456 282 0.003551
3 1658 282 63 0.005032
3 63 282 1161 0.002769
3 1456 765 282 0.004864
3 765 995 2190 0.007390
3 2190 995 1780 0.008023
3 995 1456 455 0.007314
3 2003 455 322 0.005471
3 1456 1593 455 0.010345
3 322 455 1898 0.013403
3 2115 605 33 0.037801
3 2115 33 152 0.089569
3 33 2249 580 0.092017
3 1037 580 2249 0.077956
3 2194 1037 1660 0.067010
3 2194 1660 497 0.069848
3 1660 932 375 0.047138
3 375 1810 2191 0.074931
3 1660 375 2191 0.052634
3 1318 2267 646 0.039462
3 646 2298 1318 0.026519
3 2191 1318 2298 0.036880
3 2191 2298 1877 0.025731
3 2298 172 284 0.034451
3 1950 2298 284 0.028046
3 284 172 1671 0.031856
3 1671 1518 284 0.015799
3 1981 2034 12 0.051455
3 2011 1342 1271 0.063217
3 2034 1271 1342 0.039613
3 1342 75 2034 0.017658
3 169 75 682 0.032111
3 75 2005 682 0.024620
3 682 2005 1970 0.023242
3 1213 1417 1842 0.013711
3 300 1828 808 0.026246
3 1417 1615 614 0.073531
3 1615 272 1544 0.043405
3 1544 272 1976 0.015442
3 477 1791 272 0.129166
3 717 272 1791 0.036661
3 1970 1791 477 0.066082
3 1791 865 606 0.056780
3 1143 484 1521 0.044285
3 1521 484 1927 0.023109
3 146 1811 2233 0.025131
3 1120 1683 513 0.038185
3 1120 513 717 0.039281
3 2155 1811 1820 0.036284
3 2155 1820 2116 0.042920
3 1811 1927 1820 0.018407
3 2116 1287 1426 0.214446
3 1600 170 2116 0.234106
3 1600 2116 595 0.143372
3 2043 922 425 0.049149
3 885 541 1565 0.012270
3 1703 1980 991 0.017419
3 1703 991 690 0.012427
3 541 1703 2247 0.008635
3 690 2247 1703 0.008923
3 991 1409 1015 0.023260
3 1830 469 1804 0.104095
3 1804 302 1105 0.074100
3 302 2271 913 0.189708
3 278 2271 891 0.164940
3 2271 469 1830 0.096701
3 633 1762 278 0.078563
3 278 1762 364 0.105413
3 364 1762 617 0.092960
3 1578 633 1372 0.033580
3 942 1372 633 0.034632
3 942 1309 1189 0.077711
3 1309 1277 1189 0.072527
3 1372 942 1189 0.041183
3 1372 1189 1482 0.025110
3 1482 1189 48 0.020659
3 998 1277 422 0.017165
3 1277 642 422 0.028547
3 422 642 588 0.021312
3 1168 1212 998 0.006980
3 1727 1212 13 0.005740
3 1212 1168 528 0.006201
3 13 1212 661 0.004091
3 528 661 1212 0.005638
3 1168 1052 528 0.005394
3 528 1052 127 0.006799
3 2135 227 354 0.001711
3 2135 354 661 0.002376
3 227 20 354 0.001933
3 20 1115 354 0.001405
3 354 1115 1723 0.002046
3 2196 1115 2108 0.002397
3 2108 1115 336 0.001944
3 1341 336 1115 0.001609
3 1341 2316 336 0.004139
3 1062 820 1502 0.005310
3 2316 1502 820 0.004610
3 820 1339 2316 0.003413
3 1733 1458 1062 0.004086
3 820 1062 1458 0.004642
3 1339 820 1458 0.004486
3 1679 1458 1069 0.007621
3 743 684 632 0.018442
3 1733 763 385 0.006356
3 763 1502 1172 0.003660
3 763 1172 1913 0.003494
3 1913 1042 2029 0.002821
3 1042 1172 1236 0.002179
3 1968 1019 2052 0.000483
3 1814 2052 148 0.000404
3 2052 1019 804 0.000545
3 804 148 2052 0.000427
3 804 2028 148 0.000425
3 804 525 1941 0.000448
3 2028 2243 1573 0.000439
3 1371 1573 2243 0.000312
3 2243 1687 1371 0.000213
3 1573 72 1293 0.000458
3 1371 1880 72 0.000491
3 1293 72 1032 0.000462
3 1880 1032 72 0.000507
3 1371 1765 1880 0.000701
3 1687 877 2216 0.000329
3 1709 2216 877 0.000487
3 906 2216 1709 0.000547
3 921 2028 1573 0.000420
3 1300 331 1185 0.000211
3 1293 2025 1300 0.000120
3 1300 2025 139 0.000087
3 1300 139 331 0.000117
3 331 139 165 0.000091
3 1293 1032 2025 0.000109
3 805 2025 262 0.000063
3 1032 1504 2025 0.000100
3 262 2025 2079 0.000080
3 1095 805 1243 0.000111
3 1208 1243 805 0.000100
3 2049 1408 1200 0.000094
3 1200 1408 91 0.000150
3 1200 91 911 0.000151
3 197 440 91 0.000315
3 2059 440 145 0.000236
3 2037 106 197 0.000354
3 440 197 106 0.000264
3 106 145 440 0.000385
3 2037 627 433 0.000265
3 611 2218 608 0.000153
3 1464 608 2218 0.000131
3 611 608 1497 0.000131
3 2157 565 1807 0.000281
3 700 201 2263 0.000143
3 700 2263 2229 0.000144
3 201 2178 2263 0.000218
3 574 1320 1348 0.000755
3 1320 1345 721 0.001041
3 1345 1785 721 0.001945
3 635 1785 898 0.002237
3 635 898 566 0.003629
3 566 898 1259 0.003825
3 1785 481 90 0.001422
3 1785 90 898 0.001114
3 439 481 1964 0.002134
3 2261 1918 2301 0.002662
3 1918 2054 2301 0.003149
3 111 555 1169 0.011375
3 1699 1056 1169 0.004919
3 1900 1699 925 0.020362
3 925 555 1846 0.016912
3 1900 257 1067 0.021406
3 1067 257 120 0.021806
3 1087 1783 2297 0.019561
3 917 1783 501 0.009145
3 917 501 1379 0.023636
3 1777 307 152 0.088666
3 307 1777 1718 0.047893
3 1037 2194 580 0.060782
3 2194 1763 1777 0.074869
3 1859 1763 1219 0.009588
3 2325 1219 1763 0.009528
3 497 1660 1950 0.035278
3 1219 1518 1180 0.004756
3 1518 2220 1180 0.006057
3 1213 1842 1630 0.014609
3 1828 301 978 0.075092
3 978 1522 1180 0.028976
3 1737 300 1211 0.050329
3 1737 1336 1590 0.065179
3 1176 1283 2085 0.084137
3 1544 1976 1647 0.023452
3 2233 1194 513 0.038366
3 1976 513 1194 0.040837
3 1194 1474 1976 0.065129
3 2198 2233 2155 0.088236
3 2198 2155 1426 0.136432
3 831 1862 744 0.232810
3 170 1654 1351 0.285128
3 1565 1526 1993 0.010408
3 1756 2247 673 0.026232
3 613 673 39 0.077131
3 617 2328 364 0.125158
3 208 2122 2125 0.180400
3 746 2125 2122 0.207248
3 747 1578 2232 0.038357
3 2232 1578 1372 0.030800
3 2145 1568 2232 0.006749
3 1482 1727 2145 0.011334
3 1727 1538 2145 0.007138
3 1530 2196 104 0.006048
3 1568 2196 802 0.003888
3 1081 822 1530 0.012466
3 822 1081 1484 0.009175
3 1484 1003 822 0.010009
3 1484 328 1003 0.001511
3 328 2108 115 0.001174
3 115 597 1628 0.001860
3 597 2316 112 0.005027
3 1339 1128 1628 0.004760
3 1679 720 1339 0.006280
3 1128 1339 720 0.006488
3 720 788 1854 0.038664
3 788 1069 103 0.042367
3 743 1399 1263 0.057593
3 1399 1111 1263 0.192511
3 1111 1399 1534 0.296974
3 1534 1399 710 0.108992
3 1399 632 710 0.032751
3 710 632 269 0.011061
3 269 80 1956 0.012379
3 2029 80 1913 0.006433
3 2052 1814 1849 0.000573
3 1541 921 2027 0.000481
3 1541 2027 304 0.000804
3 304 2027 47 0.000411
3 897 1185 962 0.001005
3 897 962 2187 0.001673
3 1185 2051 962 0.001200
3 564 662 2051 0.001178
3 564 334 43 0.000360
3 43 334 1095 0.000183
3 43 1095 2183 0.000405
3 334 165 1095 0.000109
3 1167 466 2183 0.000481
3 2049 1243 1208 0.000156
3 2049 1200 1288 0.000220
3 189 1288 402 0.000616
3 1288 2059 402 0.000683
3 402 2059 825 0.000811
3 2059 1288 911 0.000381
3 1281 1118 1662 0.000328
3 314 1281 1192 0.000198
3 1016 1118 314 0.000081
3 1118 1016 1619 0.000060
3 1619 1845 1118 0.000158
3 1991 1619 1016 0.000057
3 1991 1016 607 0.000049
3 1991 607 1966 0.000083
3 1446 1966 607 0.000122
3 1299 2218 2157 0.000309
3 1768 1299 81 0.000335
3 1768 81 1301 0.000365
3 1299 2157 81 0.000457
3 1301 81 1802 0.000343
3 351 465 2335 0.000528
3 1802 414 1511 0.000538
3 351 1264 414 0.000486
3 1511 414 2208 0.001337
3 1264 1636 2208 0.001338
3 2208 1636 1306 0.002394
3 1636 1895 895 0.001044
3 1788 566 1545 0.003442
3 1545 1384 1891 0.005745
3 1352 536 1384 0.007407
3 536 1352 2137 0.010052
3 2137 1747 1215 0.004939
3 1856 2137 1215 0.010455
3 1215 1747 359 0.004111
3 359 1494 1215 0.004637
3 359 2138 2054 0.003574
3 2054 2138 2301 0.002497
3 1428 540 1215 0.008208
3 367 1215 540 0.012519
3 540 2165 367 0.018493
3 540 1428 111 0.008928
3 2165 540 49 0.017592
3 540 111 49 0.008964
3 49 67 2093 0.012474
3 2165 49 2093 0.007635
3 2165 2093 892 0.015416
3 295 892 2093 0.010737
3 295 705 1495 0.022672
3 1495 892 295 0.020705
3 1495 705 809 0.027152
3 705 1699 809 0.025052
3 1710 1699 1900 0.034324
3 1699 1710 809 0.018250
3 1710 1067 1216 0.031588
3 1216 1657 1710 0.024229
3 1710 7 809 0.020413
3 1657 1216 873 0.024542
3 873 1216 1803 0.021908
3 873 1803 330 0.021883
3 330 147 873 0.024940
3 310 873 147 0.018093
3 330 1803 93 0.031745
3 93 594 330 0.035104
3 147 330 594 0.035892
3 93 1975 935 0.040544
3 935 676 93 0.035718
3 594 676 1291 0.026639
3 676 2242 1603 0.024759
3 676 1603 1291 0.029236
3 1603 959 1291 0.022457
3 1377 620 2242 0.015036
3 620 1377 68 0.021371
3 68 1663 620 0.017219
3 1377 935 68 0.066393
3 1663 1278 948 0.001787
3 948 1312 1663 0.001286
3 1220 948 669 0.000280
3 669 1214 1245 0.000866
3 1214 1718 1245 0.002920
3 1245 1718 77 0.002725
3 669 1245 2337 0.000905
3 1245 2149 2337 0.001455
3 2337 2149 1265 0.004340
3 77 556 1245 0.006082
3 1245 556 2149 0.003614
3 2149 556 1859 0.003548
3 1219 1522 1127 0.020165
3 1127 1522 504 0.012680
3 1936 504 2047 0.019765
3 1590 2047 504 0.027120
3 598 1590 1336 0.036579
3 598 1336 1836 0.049062
3 2085 1795 1836 0.065746
3 1836 1795 887 0.053564
3 887 1795 2080 0.046553
3 2080 1096 1721 0.068621
3 1721 1096 2114 0.077475
3 1283 1176 2114 0.125317
3 1134 2114 1176 0.079859
3 1721 200 890 0.011613
3 961 890 200 0.011378
3 961 1827 890 0.026665
3 961 1647 1474 0.051704
3 1474 1647 1976 0.033864
3 1411 768 1827 0.039272
3 1978 121 794 0.046864
3 1411 1827 1181 0.056089
3 831 794 977 0.125390
3 831 744 794 0.126604
3 1815 537 554 0.032898
3 1815 2000 652 0.015719
3 1040 744 1862 0.221520
3 294 1051 1654 0.409801
3 294 1654 1290 0.402492
3 1290 1654 1080 0.242955
3 294 1038 881 0.255399
3 429 2128 1993 0.024591
3 1290 1080 2128 0.218452
3 2128 1080 1565 0.070897
3 2128 1565 1993 0.039009
3 2292 429 186 0.075931
3 1993 273 429 0.016266
3 429 273 186 0.036883
3 186 273 843 0.028597
3 2292 432 1797 0.296718
3 432 843 1651 0.088055
3 1564 1651 1756 0.115873
3 1363 2200 2125 0.211839
3 2244 2125 2200 0.206813
3 1796 1363 737 0.151163
3 746 55 1363 0.173421
3 737 1363 55 0.142606
3 2323 1942 664 0.032663
3 664 1942 246 0.031928
3 983 1857 2153 0.252210
3 493 1942 1126 0.025777
3 1942 2232 829 0.023475
3 829 802 1126 0.017668
3 1126 750 493 0.033033
3 750 1124 1478 0.042928
3 2277 1854 788 0.100134
3 2277 788 103 0.075229
3 1069 2226 271 0.057066
3 271 2226 568 0.133372
3 2226 1263 138 0.071774
3 1263 1183 138 0.178312
3 138 1183 1957 0.368299
3 1583 1100 1990 0.832869
3 1100 1183 1990 0.481906
3 1990 1183 1367 0.614830
3 508 1990 2132 0.976621
3 508 1203 1560 0.975227
3 1560 1203 1260 0.964381
3 1203 2132 1260 0.938630
3 2132 610 1260 0.900117
3 610 2132 1147 0.891950
3 408 1147 488 0.490795
3 488 1147 1534 0.562605
3 644 1190 745 0.012637
3 488 1157 1190 0.049415
3 2334 1157 1956 0.016134
3 1956 1407 2334 0.004048
3 2187 2334 1407 0.003891
3 379 304 2187 0.001263
3 2236 962 1759 0.004113
3 2236 1759 1401 0.004564
3 1949 2051 662 0.001822
3 40 1949 1423 0.005553
3 40 1423 1292 0.012909
3 1949 1258 1423 0.003962
3 1258 1225 1423 0.005479
3 1402 621 1014 0.001727
3 450 825 621 0.001619
3 1845 1014 1662 0.000608
3 1014 1845 810 0.000723
3 1845 1619 583 0.000184
3 1966 1447 1272 0.000134
3 1447 878 1347 0.000105
3 1447 1347 926 0.000175
3 926 1347 344 0.000162
3 445 1911 356 0.000292
3 356 1374 445 0.000409
3 1381 1374 356 0.001199
3 1911 1035 572 0.000088
3 1911 572 1121 0.000341
3 1035 1279 572 0.000207
3 1121 572 1279 0.000716
3 1301 1035 1446 0.000116
3 1301 1446 1768 0.000213
3 1279 1301 1511 0.000557
3 1301 1802 1511 0.000552
3 2061 1121 1701 0.006532
3 2061 1701 102 0.003616
3 1971 2208 1701 0.003279
3 2208 1306 110 0.002122
3 1306 2288 1241 0.003393
3 947 2002 1621 0.036790
3 1247 1370 1117 0.071041
3 1117 949 1247 0.062709
3 489 1370 109 0.108465
3 489 109 285 0.096213
3 2137 1856 109 0.030410
3 285 109 1856 0.048288
3 1856 1774 285 0.050596
3 1215 367 1856 0.014172
3 1559 1856 367 0.025308
3 708 1774 1887 0.046155
3 1887 1774 1559 0.039831
3 818 708 173 0.063055
3 818 173 1356 0.038483
3 1495 1712 173 0.042996
3 1356 173 1712 0.037054
3 818 1356 1070 0.029428
3 1267 1070 1684 0.028482
3 1885 623 21 0.016147
3 1999 21 1175 0.016372
3 21 623 982 0.009398
3 21 982 1175 0.011497
3 623 1867 982 0.009896
3 1175 982 649 0.012988
3 1291 959 448 0.023000
3 1540 2182 1784 0.016562
3 2168 2333 418 0.006359
3 1627 2168 1312 0.001966
3 2242 620 2168 0.010269
3 1627 1312 1722 0.000514
3 2170 1627 1722 0.000634
3 1722 622 2170 0.000395
3 2063 2170 622 0.000511
3 622 1220 463 0.000269
3 2203 1265 2209 0.002353
3 2209 1265 1643 0.004358
3 1643 2047 561 0.006804
3 1643 561 2209 0.003823
3 2262 860 2209 0.004391
3 879 2262 923 0.005947
3 584 879 923 0.013924
3 879 584 393 0.006878
3 879 393 2141 0.005184
3 584 2080 393 0.013748
3 393 1196 2113 0.009716
3 768 2327 1368 0.024120
3 1196 1368 2327 0.024413
3 933 1742 2127 0.009269
3 475 2127 1742 0.012713
3 1742 933 1119 0.006227
3 751 933 2127 0.006552
3 2127 2042 751 0.007634
3 2042 2127 652 0.007639
3 2042 2000 927 0.009147
3 1040 881 1940 0.155813
3 251 2201 989 0.041028
3 989 1202 251 0.094378
3 989 2201 1006 0.334988
3 2201 1678 1047 0.226729
3 1350 192 2268 0.869543
3 2292 1903 1584 0.409925
3 1797 432 188 0.345639
3 188 432 1651 0.178467
3 188 1651 1564 0.216665
3 1925 1184 97 0.354362
3 835 2200 2272 0.284129
3 2272 2200 1931 0.200840
3 1931 2200 1796 0.129435
3 707 1931 1490 0.149791
3 707 1490 1023 0.169622
3 1023 1490 1463 0.185354
3 1490 1931 1781 0.250477
3 1931 1796 1781 0.259091
3 737 55 2136 0.176284
3 737 2136 2238 0.261604
3 664 246 1909 0.047270
3 983 1388 1857 0.311126
3 2318 1908 1140 0.579900
3 960 1048 2146 0.820302
3 1048 1294 2146 0.840017
3 2146 1294 1575 0.842512
3 1294 2074 1575 0.859354
3 1505 2074 1798 0.866269
3 2318 1798 2074 0.864997
3 1624 392 988 0.910066
3 392 1505 1282 0.929399
3 2031 1282 233 0.981350
3 1505 252 1282 0.875507
3 233 1282 1642 0.951620
3 1282 252 568 0.748473
3 252 1798 271 0.719016
3 271 1798 2277 0.568603
3 1591 394 1700 0.850757
3 1700 1100 1145 0.756235
3 1923 1851 453 0.813443
3 453 1851 171 0.846637
3 1583 508 498 0.974850
3 1998 498 508 0.982502
3 380 1998 1560 0.972511
3 380 1560 1020 0.981981
3 2189 672 1539 0.900245
3 1539 672 1462 0.913500
3 61 1150 2008 0.880020
3 1462 1083 1323 0.410883
3 1150 332 1750 0.473177
3 1468 1150 1750 0.032376
3 2151 1750 454 0.129715
3 332 1260 1750 0.799972
3 1750 122 454 0.185867
3 343 122 644 0.060705
3 343 644 745 0.023347
3 343 745 851 0.017335
3 745 1677 851 0.013077
3 1292 823 40 0.017425
3 1402 1468 2006 0.004124
3 2006 1468 1825 0.006588
3 1468 472 680 0.001985
3 1977 2202 1508 0.000712
3 1323 2202 1378 0.028499
3 1960 1572 2202 0.005897
3 926 1960 1447 0.000326
3 1197 926 344 0.000324
3 344 915 1197 0.000352
3 491 163 2067 0.001274
3 915 1374 529 0.000680
3 1374 434 529 0.000732
3 529 434 249 0.000563
3 2053 1604 1335 0.000792
3 1888 1604 1235 0.007223
3 1604 1381 2061 0.003427
3 1604 2061 102 0.005559
3 2061 1381 356 0.002306
3 2061 356 1911 0.000628
3 1235 102 2032 0.008727
3 102 1701 2032 0.006570
3 1235 582 1888 0.012318
3 577 548 1569 0.240570
3 1162 261 118 0.013737
3 261 2032 117 0.006632
3 1701 2208 1667 0.003467
3 548 2257 1569 0.080697
3 456 1204 2257 0.009990
3 1123 2257 1621 0.119159
3 1123 1621 1697 0.086809
3 1697 1574 164 0.054135
3 1574 2107 1902 0.036857
3 2107 1588 567 0.028961
3 567 674 2107 0.028794
3 1774 724 489 0.109666
3 674 1695 1523 0.029463
3 1186 852 1523 0.027298
3 2071 1523 852 0.051430
3 852 1186 2118 0.020701
3 2118 1684 2089 0.037052
3 1999 618 2089 0.037574
3 1058 1748 291 0.055776
3 128 1422 1025 0.083597
3 1397 482 36 0.026965
3 36 482 448 0.025100
3 36 448 1784 0.028701
3 1233 1784 494 0.037371
3 1233 1331 2265 0.010107
3 291 1233 1058 0.032609
3 2265 1058 1233 0.024893
3 1331 824 2265 0.007355
3 44 2265 824 0.004255
3 824 590 44 0.000746
3 66 824 1331 0.003908
3 590 824 914 0.000462
3 914 362 2161 0.000479
3 66 35 2284 0.006696
3 1562 2195 2161 0.000221
3 467 2161 2195 0.000121
3 1562 34 1254 0.000537
3 34 2284 1254 0.001727
3 1805 693 1562 0.000223
3 2195 1562 693 0.000179
3 311 2063 1805 0.000322
3 2170 2063 311 0.000449
3 1144 219 443 0.000328
3 1221 1144 443 0.000449
3 1207 1144 755 0.000148
3 1221 1580 530 0.000952
3 530 1580 1296 0.000855
3 2215 219 2203 0.001270
3 1549 2215 1955 0.002522
3 202 1549 848 0.003219
3 2141 1514 848 0.007996
3 2141 2113 41 0.005974
3 1119 41 1742 0.006720
3 1514 1119 413 0.011300
3 1514 413 1240 0.013042
3 413 2140 1240 0.013637
3 2140 1119 695 0.012222
3 1130 800 751 0.017829
3 259 751 800 0.008462
3 2211 800 1130 0.032644
3 1489 1202 989 0.343183
3 1350 1006 192 0.792566
3 1350 975 769 0.682787
3 2211 769 1013 0.298884
3 1350 1635 975 0.826605
3 1889 1635 888 0.880940
3 1350 1226 1635 0.887825
3 2268 2040 1350 0.822422
3 1394 1350 2040 0.881640
3 647 1394 2040 0.792169
3 770 675 2040 0.397759
3 1023 1313 675 0.237251
3 1313 1023 2070 0.309065
3 1313 2070 647 0.551135
3 1675 579 2070 0.648867
3 2070 579 647 0.663767
3 647 579 1520 0.767776
3 1675 1623 1896 0.836037
3 1429 499 903 0.575556
3 2285 313 1726 0.767937
3 1726 1973 1140 0.467100
3 1140 333 1726 0.550814
3 1140 1908 333 0.599337
3 333 2285 1726 0.717553
3 1706 988 1361 0.931946
3 2086 550 6 0.981154
3 1923 276 6 0.949975
3 6 276 696 0.970911
3 276 1840 557 0.973339
3 671 557 688 0.964087
3 557 1840 1614 0.987769
3 688 557 1614 0.982096
3 215 740 1324 0.683614
3 2279 1324 740 0.747531
3 740 215 1923 0.751859
3 1387 3 1882 0.994790
3 1387 1882 1878 0.994969
3 3 1851 372 0.950504
3 2133 372 1330 0.993869
3 665 218 1145 0.920930
3 1882 2133 1878 0.995554
3 1878 2189 1238 0.982711
3 1554 1462 352 0.841674
3 1554 352 857 0.771194
3 1462 1378 352 0.644114
3 352 1378 1572 0.273874
3 1378 2202 1572 0.061584
3 857 2098 551 0.560064
3 1554 857 2270 0.766787
3 387 2270 551 0.657453
3 551 283 387 0.339349
3 1329 387 283 0.507744
3 551 1746 1438 0.078520
3 964 1438 2083 0.041801
3 283 964 798 0.157726
3 798 964 116 0.101835
3 1694 116 964 0.134181
3 1696 1694 491 0.014118
3 2083 491 1694 0.019971
3 491 2067 1696 0.001842
3 1696 249 1997 0.002085
3 1994 1997 2219 0.003521
3 2088 1994 2219 0.005260
3 1787 774 573 0.008721
3 573 1365 1532 0.104876
3 577 1532 1365 0.269834
3 577 1046 1532 0.553059
3 1532 1046 1094 0.424093
3 2094 1404 1077 0.072006
3 2071 1902 674 0.101237
3 447 538 2315 0.010469
3 832 1769 1607 0.007817
3 2118 984 832 0.018042
3 1769 832 984 0.005887
3 2111 2089 1847 0.028463
3 984 2111 1182 0.011103
3 2111 1847 1748 0.036964
3 2111 1748 1058 0.068697
3 2111 1058 1182 0.025469
3 1182 1058 2035 0.013552
3 232 2265 1879 0.002462
3 232 1879 970 0.002483
3 970 1879 1266 0.002294
3 914 1745 590 0.000162
3 914 2161 2156 0.000223
3 2156 2161 467 0.000162
3 52 1839 2195 0.000076
3 2195 2291 52 0.000101
3 52 2291 1669 0.000100
3 2291 693 382 0.000120
3 382 693 1805 0.000133
3 530 1493 651 0.001045
3 651 1493 2287 0.001803
3 2287 1493 1602 0.003247
3 1602 1493 1099 0.008560
3 1296 1912 1493 0.002751
3 1580 1912 1296 0.001619
3 1580 1549 1912 0.001440
3 1549 202 1912 0.002344
3 1240 1838 1912 0.010562
3 1838 1240 2140 0.009556
3 1838 2140 1108 0.010476
3 1108 1434 1838 0.014197
3 355 1602 1055 0.008792
3 1055 1437 355 0.009963
3 1602 1099 1055 0.008777
3 1434 1055 1099 0.029446
3 1106 1262 553 0.057417
3 2101 800 1262 0.023531
3 2101 259 800 0.010514
3 2211 107 800 0.063717
3 1262 800 107 0.062771
3 107 687 1262 0.151816
3 107 2211 1013 0.174612
3 687 107 815 0.377862
3 1013 815 107 0.269689
3 1889 888 1224 0.916332
3 1063 888 2091 0.906711
3 836 1224 1063 0.958668
3 1226 1520 2091 0.912817
3 1226 1394 1520 0.911125
3 1394 647 1520 0.848383
3 1675 1896 1064 0.875970
3 2091 1064 1327 0.951099
3 490 125 986 0.946958
3 125 2015 986 0.962916
3 490 806 286 0.931398
3 286 806 1661 0.946818
3 1985 2304 286 0.925043
3 125 2304 2121 0.967226
3 2105 2121 1135 0.962150
3 2121 2304 1135 0.965220
3 1135 2304 944 0.946609
3 2015 2105 1091 0.973929
3 1491 1091 2105 0.971561
3 8 2129 1491 0.978658
3 2129 1473 1491 0.978761
3 2129 944 2022 0.952116
3 2129 2022 419 0.956006
3 1442 1586 1256 0.971572
3 1586 2312 1256 0.954085
3 1706 1361 736 0.941889
3 2086 696 2142 0.986244
3 2142 1256 1650 0.970807
3 419 1442 2197 0.957845
3 1442 688 2197 0.958579
3 2197 688 1757 0.981024
3 1757 688 920 0.979438
3 920 1614 2295 0.989506
3 1324 1295 1840 0.715248
3 2117 1840 1295 0.852733
3 2117 1295 955 0.770933
3 1295 2060 214 0.821193
3 2179 214 2060 0.890468
3 531 1295 214 0.845773
3 214 2010 531 0.904006
3 2279 1400 718 0.974221
3 1766 718 2246 0.960316
3 686 1400 1387 0.991405
3 1387 1878 686 0.994102
3 686 1238 1606 0.986622
3 1606 1238 1469 0.978842
3 1238 190 1469 0.983940
3 290 1469 2270 0.955845
3 1886 492 1865 0.867239
3 2338 492 726 0.870965
3 2338 726 1329 0.772334
3 492 1427 726 0.902186
3 283 798 1329 0.463758
3 2336 1066 2338 0.175491
3 1066 2336 1641 0.122174
3 2336 1531 792 0.070900
3 792 1531 749 0.037226
3 792 749 1187 0.043369
3 1187 749 2131 0.038645
3 1531 381 749 0.025852
3 381 116 1694 0.082385
3 381 1694 1698 0.047022
3 1698 1694 1696 0.023736
3 1994 1452 2131 0.018546
3 1452 712 2131 0.021048
3 2131 712 1705 0.021882
3 1452 1702 712 0.022990
3 712 1359 1512 0.018562
3 1359 2158 1252 0.015167
3 2158 22 1441 0.007755
3 22 2219 1441 0.008297
3 1441 2219 1787 0.006259
3 1252 1441 1222 0.012477
3 1252 1222 1451 0.033965
3 483 1787 459 0.090570
3 459 1094 483 0.298359
3 483 1094 405 0.161902
3 1222 979 1645 0.122482
3 405 2094 979 0.089619
3 421 2094 53 0.051660
3 421 53 1551 0.019820
3 2094 2110 533 0.038237
3 132 1077 872 0.078031
3 1884 395 132 0.037225
3 1346 395 447 0.010733
3 1346 447 1170 0.011861
3 447 2315 1170 0.009472
3 994 1425 2300 0.005755
3 994 2315 183 0.007125
3 994 183 184 0.005728
3 184 183 348 0.005203
3 183 2315 1979 0.004114
3 521 1822 1191 0.001631
3 1191 1832 521 0.001409
3 1191 524 1832 0.001491
3 1191 1822 2035 0.000859
3 908 1007 342 0.000333
3 970 1266 1007 0.001175
3 1007 1266 253 0.000470
3 342 1007 1952 0.000280
3 253 1952 1007 0.000390
3 973 1266 587 0.000379
3 253 973 1952 0.000160
3 973 2308 1952 0.000079
3 1952 2308 1741 0.000052
3 2308 973 225 0.000046
3 973 1837 225 0.000115
3 1893 1837 1745 0.000121
3 2231 1989 2322 0.000121
3 1328 2231 2289 0.000292
3 842 1736 2231 0.000116
3 1736 842 1892 0.000129
3 2095 1839 258 0.000094
3 1839 1669 258 0.000080
3 2068 258 1669 0.000205
3 1992 401 2068 0.000347
3 1992 1437 1152 0.002501
3 1152 1437 730 0.012455
3 730 1437 92 0.041255
3 2112 1507 1670 0.247686
3 1670 1507 553 0.145978
3 687 815 1958 0.268486
3 1753 945 404 0.785938
3 1943 1907 1953 0.881377
3 1907 945 1664 0.953507
3 945 1753 1224 0.893698
3 1907 1664 1154 0.954132
3 1907 1154 1953 0.958752
3 1664 1740 882 0.974753
3 1740 1664 836 0.962775
3 1327 1740 2091 0.962365
3 836 2091 1740 0.953993
3 2217 1201 592 0.963103
3 592 1201 2310 0.956649
3 1201 27 2310 0.962925
3 2310 27 1091 0.974179
3 27 2015 1091 0.966530
3 2310 256 2173 0.981879
3 2173 256 920 0.989548
3 920 256 1757 0.985650
3 2295 2173 920 0.992184
3 916 2295 2273 0.972205
3 1567 916 658 0.993923
3 2092 658 916 0.973349
3 1833 2092 2273 0.963971
3 2281 1002 1693 0.856605
3 2010 801 76 0.848383
3 1685 76 2057 0.782820
3 2010 1413 801 0.858573
3 801 1413 60 0.900458
3 60 1413 1766 0.922897
3 930 60 1766 0.907866
3 346 1707 1930 0.965760
3 1707 1465 2305 0.900430
3 2305 1465 1886 0.868210
3 1465 1766 2246 0.972704
3 2305 1886 1865 0.777286
3 1937 1626 1543 0.241458
3 625 1641 1921 0.158194
3 1187 1487 1921 0.068019
3 1921 1487 1466 0.059593
3 547 694 56 0.014288
3 1789 1205 1512 0.020105
3 1205 1789 58 0.021139
3 471 58 1789 0.036344
3 1512 1359 1789 0.017542
3 1359 1252 1789 0.015319
3 1252 1451 1789 0.042450
3 264 2100 1645 0.135419
3 264 1645 979 0.079618
3 264 1139 2100 0.087390
3 533 2260 53 0.006006
3 53 2260 1618 0.005604
3 53 1618 1551 0.013557
3 2260 533 1731 0.003746
3 1528 689 1731 0.002005
3 2260 1731 689 0.002306
3 544 714 1528 0.000912
3 689 1528 458 0.000729
3 714 458 1528 0.000538
3 1858 544 783 0.001003
3 2106 783 544 0.001837
3 2106 929 783 0.003746
3 929 2106 1357 0.006499
3 2283 1357 2106 0.010424
3 1357 2283 1289 0.016797
3 2212 1289 2283 0.021076
3 1620 2212 2300 0.012416
3 1163 779 1620 0.011483
3 1620 779 204 0.010595
3 2148 1834 779 0.002289
3 2330 1163 2123 0.005170
3 1163 1425 2123 0.005030
3 2123 1425 403 0.003327
3 403 1425 184 0.006072
3 1599 1396 1729 0.000541
3 1396 452 2062 0.001345
3 1396 899 452 0.002624
3 452 899 1246 0.002657
3 452 1246 1039 0.000960
3 1246 348 1776 0.003423
3 1832 524 1717 0.001561
3 452 1039 2062 0.000934
3 1039 1098 2062 0.000495
3 1045 51 86 0.000198
3 2332 908 1045 0.000425
3 1045 908 342 0.000278
3 2109 1952 1741 0.000060
3 1376 778 1050 0.000128
3 1307 1460 2308 0.000040
3 1376 2308 1460 0.000024
3 1460 1307 581 0.000086
3 581 1724 1460 0.000085
3 2154 1328 2289 0.000209
3 1724 2154 593 0.000333
3 2289 2320 727 0.001658
3 1074 667 997 0.003461
3 667 2068 401 0.000385
3 667 401 1899 0.000723
3 280 698 1369 0.007796
3 698 182 730 0.007732
3 759 1369 1655 0.019988
3 1596 1873 2299 0.299564
3 1835 1273 775 0.115595
3 775 1273 476 0.121718
3 775 476 1533 0.231527
3 775 1533 1870 0.384471
3 476 1273 1476 0.112325
3 1790 287 404 0.531781
3 2248 1154 882 0.991850
3 1366 882 400 0.980124
3 400 882 1740 0.972978
3 1738 1366 1567 0.994325
3 787 691 503 0.967893
3 503 691 592 0.951432
3 503 592 2310 0.969907
3 2175 722 1901 0.920020
3 722 658 1901 0.930541
3 1901 658 1833 0.897416
3 1833 1116 1499 0.906083
3 2225 1499 216 0.866507
3 1116 526 1499 0.833147
3 1499 526 1622 0.804514
3 216 1499 1385 0.741216
3 1116 1933 526 0.881505
3 159 1933 1116 0.951284
3 159 325 1933 0.955357
3 325 460 1933 0.920135
3 325 159 1693 0.921572
3 1693 790 325 0.894551
3 2273 1693 159 0.865537
3 790 1919 460 0.826594
3 460 1919 1691 0.762061
3 460 1691 2104 0.877251
3 1904 1685 134 0.789465
3 2057 134 1685 0.767955
3 134 760 1305 0.736631
3 1433 1930 821 0.839627
3 2305 1558 2245 0.443060
3 1937 1543 263 0.389916
3 1937 263 407 0.728468
3 1751 1543 2214 0.086672
3 2214 1543 1921 0.108862
3 2214 1466 1951 0.056653
3 1951 1466 547 0.045823
3 640 1962 999 0.032981
3 999 1831 640 0.042474
3 56 999 1962 0.031290
3 1831 999 58 0.047844
3 1962 640 157 0.024766
3 640 327 1481 0.030109
3 1436 11 1481 0.035366
3 11 1939 1481 0.024138
3 11 1743 1939 0.020773
3 11 1436 1149 0.078955
3 1149 471 2100 0.109779
3 2100 471 1789 0.085384
3 1139 1743 1149 0.029791
3 1149 1743 11 0.034385
3 1139 1551 1743 0.017450
3 2296 431 2192 0.000817
3 1939 1743 357 0.007479
3 2192 357 2260 0.001857
3 174 813 2192 0.001039
3 1515 2192 689 0.001491
3 1450 1515 689 0.000516
3 458 1114 1450 0.000214
3 781 1503 1114 0.000306
3 1114 1503 1024 0.000270
3 19 1061 841 0.003776
3 841 1061 2056 0.001984
3 2056 1061 78 0.004344
3 141 1289 2212 0.016537
3 204 861 1061 0.005471
3 78 1061 861 0.003947
3 861 204 779 0.008565
3 578 1132 2056 0.000734
3 2139 861 1834 0.002366
3 1024 1503 1616 0.000266
3 1414 1599 1616 0.000420
3 1616 1599 1729 0.000288
3 1114 2017 1450 0.000163
3 2017 1860 515 0.000142
3 515 1860 816 0.000151
3 2062 868 1729 0.000172
3 2174 1098 86 0.000155
3 51 855 2174 0.000137
3 207 82 2174 0.000050
3 207 522 82 0.000051
3 2126 522 207 0.000068
3 1906 2126 2109 0.000087
3 1906 863 2126 0.000066
3 1302 1229 1841 0.000045
3 1050 505 1229 0.000169
3 1050 2045 505 0.000250
3 505 1728 1819 0.000561
3 1728 2045 1969 0.000645
3 2045 32 1969 0.000732
3 826 1613 728 0.018792
3 1068 1715 1477 0.053825
3 1715 1704 1285 0.024742
3 1613 2004 1322 0.085933
3 1322 2004 292 0.184058
3 1322 292 2181 0.232864
3 2004 1596 292 0.220697
3 292 1596 2299 0.351212
3 1125 542 1317 0.634387
3 2299 856 1308 0.412543
3 1792 2248 2175 0.730774
3 1901 435 894 0.693043
3 1308 894 435 0.554513
3 839 2016 435 0.567056
3 435 2016 305 0.497900
3 795 1310 2016 0.439576
3 119 795 1385 0.538466
3 1385 619 162 0.705117
3 1752 2104 303 0.721845
3 1445 2104 767 0.794927
3 2104 1685 767 0.868201
3 1445 1809 1177 0.612618
3 946 950 1961 0.448397
3 228 946 1072 0.612662
3 1305 1072 946 0.553762
3 950 228 1932 0.357989
3 1932 407 924 0.406331
3 1932 924 2007 0.205538
3 1652 1772 2021 0.020535
3 679 2296 889 0.001321
3 813 2296 2192 0.000719
3 17 1206 1794 0.000215
3 1206 17 1171 0.000156
3 1171 863 1206 0.000152
3 863 1171 2126 0.000087
3 2235 1841 586 0.000072
3 586 1286 1881 0.000148
3 1819 1286 505 0.000342
3 1720 1819 786 0.005660
3 786 217 1720 0.015916
3 217 2012 1720 0.023669
3 2064 1714 1029 0.001921
3 1412 972 1714 0.002787
3 1029 1714 972 0.002114
3 972 427 1029 0.003492
3 972 1412 1244 0.004930
3 728 1244 1412 0.008021
3 1223 1708 972 0.008760
3 427 972 1708 0.005734
3 306 764 1595 0.082460
3 1492 1008 1043 0.558985
3 1090 1268 2181 0.450438
3 2181 1268 1595 0.240958
3 1595 1268 275 0.235849
3 275 1268 312 0.231860
3 1848 312 79 0.078879
3 79 1231 1875 0.025553
3 2018 1448 1634 0.031222
3 1634 1448 2033 0.071777
3 1448 1231 119 0.153281
3 968 1617 1000 0.186452
3 2033 162 213 0.496788
3 1000 213 442 0.540666
3 1475 2007 846 0.143818
3 2007 1475 2036 0.143098
3 585 846 838 0.081905
3 2313 838 1652 0.051994
3 2313 2021 679 0.007041
3 2313 679 1443 0.001171
3 679 889 1443 0.000640
3 2313 1443 2072 0.002001
3 1443 1141 2072 0.000745
3 2072 1141 659 0.001114
3 585 2313 2072 0.003863
3 549 585 2072 0.008880
3 2072 1720 549 0.007631
3 1475 549 2012 0.104123
3 2036 1475 2012 0.159278
3 2012 1823 2036 0.166281
3 1823 766 2036 0.196625
3 1617 968 1102 0.092527
3 1102 563 1617 0.081210
3 1102 1337 563 0.057858
3 1617 563 1680 0.070957
3 1680 563 1689 0.030191
3 1689 1861 1680 0.016960
3 1861 2064 1680 0.011366
3 2064 1634 1680 0.013030
3 1875 1193 1269 0.008674
3 1708 1269 1193 0.011223
3 1708 1872 1269 0.017808
3 1872 1708 1223 0.015039
3 1443 889 2159 0.000415
3 1206 863 2159 0.000264
3 1443 2159 1141 0.000336
3 515 1824 2017 0.000143
3 2045 130 2184 0.000779
3 130 593 2184 0.000922
3 691 1327 1681 0.941933
3 691 1681 592 0.951670
3 592 1681 2217 0.947394
3 1958 404 616 0.445336
3 687 1958 1670 0.186875
3 1899 1992 1152 0.001365
3 1695 674 567 0.033119
3 1388 1973 438 0.353976
3 251 927 2201 0.024291
3 2201 927 2000 0.020126
3 860 2203 2209 0.002087
3 583 810 1845 0.000317
3 1581 983 510 0.333967
3 608 1464 1274 0.000165
3 1918 255 1161 0.003174
3 1161 255 1818 0.001863
3 255 2024 1818 0.001490
3 1053 105 987 0.000359
3 105 1053 1298 0.000316
3 655 1298 1053 0.000312
3 1340 936 902 0.028885
3 1391 902 936 0.026699
3 2185 2169 2224 0.000217
3 2224 1542 2185 0.000184
3 1164 919 1529 0.013961
3 1529 919 576 0.008983
3 904 1928 462 0.000035
3 1510 1148 1174 0.000042
3 1174 1148 1012 0.000038
3 2259 1420 349 0.000154
3 2259 1315 1420 0.000203
3 1944 1682 683 0.000628
3 683 1415 1550 0.000878
3 1415 683 1682 0.000430
3 1944 683 2084 0.002650
3 2084 683 1550 0.002536
3 1638 2084 1065 0.005488
3 2084 1550 1065 0.002479
3 1261 1638 1065 0.002429
3 907 560 1760 0.000073
3 560 907 1935 0.000142
3 2264 907 2176 0.000054
3 2264 2176 1031 0.000061
3 2176 907 1760 0.000046
3 1510 1905 637 0.000078
3 1735 365 762 0.000496
3 1735 762 1692 0.000490
3 762 365 1209 0.000408
3 1209 365 1174 0.000118
3 2186 2199 2259 0.000229
3 2259 2199 1209 0.000439
3 762 1209 2199 0.000840
3 762 2199 1692 0.000571
3 1457 1375 2199 0.000904
3 2199 2186 1457 0.000296
3 2275 1179 2163 0.000208
3 1868 1965 1455 0.008206
3 1868 1455 562 0.007153
3 1944 562 660 0.002894
3 660 562 1455 0.003760
3 2084 1868 562 0.012869
3 2084 562 1944 0.005906
3 2309 2222 1935 0.000855
3 2264 2309 1935 0.000182
3 2096 1382 837 0.001113
3 837 1382 966 0.000488
3 837 966 1239 0.000487
3 1648 837 1239 0.001109
3 2258 1648 1239 0.004522
3 2258 1239 1869 0.001281
3 837 1648 2096 0.000769
3 827 2258 1869 0.003694
3 886 1113 2258 0.020549
3 886 2258 827 0.012203
3 2258 1113 938 0.012375
3 559 2210 1535 0.055117
3 2210 559 886 0.047777
3 2210 886 2290 0.031270
3 2290 886 609 0.020994
3 886 559 1049 0.049563
3 609 732 2290 0.026454
3 2290 732 992 0.018255
3 685 992 1725 0.005644
3 685 1725 2041 0.007948
3 1725 992 1158 0.002176
3 1735 2041 1725 0.002204
3 1735 1725 1158 0.001176
3 1375 1419 1629 0.036952
3 2160 101 1457 0.000711
3 1457 101 1375 0.003995
3 2082 1410 133 0.000119
3 2066 534 854 0.000103
3 854 534 2082 0.000086
3 854 2082 1179 0.000092
3 1179 2082 133 0.000101
3 1597 2066 854 0.000121
3 1597 854 45 0.000225
3 45 854 1033 0.000180
3 45 1033 758 0.000478
3 1547 1093 1552 0.002802
3 1455 1005 1093 0.004506
3 1455 1093 2275 0.002209
3 1965 1005 1455 0.007002
3 543 1965 1871 0.008199
3 543 1871 156 0.006368
3 1871 1965 1868 0.008978
3 1716 1871 1868 0.007454
3 844 2213 523 0.003374
3 523 2213 797 0.004286
3 2309 2204 296 0.000873
3 296 2204 844 0.001111
3 296 844 523 0.001299
3 2222 2309 296 0.000826
3 2222 296 523 0.001330
3 2264 2188 2309 0.000211
3 1251 1382 2096 0.001287
3 1232 1230 2102 0.002244
3 1232 2102 1524 0.003230
3 1755 1779 1524 0.001131
3 1755 1524 2102 0.002002
3 1755 2102 1355 0.001294
3 1690 1755 1355 0.001430
3 811 1690 552 0.000701
3 1690 1355 552 0.000543
3 853 1690 811 0.000657
3 602 853 417 0.001130
3 602 417 1610 0.004606
3 1610 417 1929 0.007658
3 1853 967 1049 0.074895
3 2250 1676 1754 0.134298
3 654 780 337 0.066542
3 780 654 1914 0.024778
3 1914 1770 780 0.018895
3 780 1770 473 0.019768
3 780 473 685 0.031179
3 685 2041 780 0.036437
3 685 473 2290 0.018451
3 2290 473 2210 0.023139
3 2210 473 1770 0.028727
3 506 1432 1665 0.045429
3 1432 506 1666 0.052698
3 1156 1432 9 0.256229
3 1156 9 1419 0.206185
3 1629 9 1432 0.314604
3 1608 1137 1156 0.190681
3 1432 1156 1137 0.282225
3 1432 1137 1665 0.174391
3 785 1454 2254 0.009284
3 2254 1454 757 0.003039
3 1852 785 2254 0.009692
3 2254 757 1030 0.002417
3 1030 2050 2254 0.002833
3 2234 951 1646 0.000290
3 2234 931 2087 0.000593
3 45 752 1597 0.000727
3 1601 2205 1472 0.020042
3 893 543 156 0.010273
3 893 156 2227 0.009496
3 893 2227 2081 0.014231
3 980 2213 1640 0.005001
3 2213 1983 1640 0.003580
3 2303 2223 1028 0.005003
3 1598 1028 1808 0.009662
3 1546 1028 1897 0.003808
3 1546 1897 1078 0.002125
3 1078 1897 2239 0.001520
3 1255 57 1897 0.001728
3 1255 1897 470 0.001369
3 1255 470 1485 0.001624
3 2302 527 1255 0.004486
3 2302 1230 1232 0.004265
3 1232 1524 1850 0.005069
3 2302 1633 527 0.005172
3 1232 1850 2302 0.005929
3 2302 1850 1633 0.006111
3 1850 399 1010 0.001397
3 420 518 910 0.001071
3 2013 512 1639 0.000333
3 1829 2013 626 0.000351
3 626 2013 1639 0.000234
3 602 1812 853 0.000898
3 1816 1812 602 0.000848
3 1816 602 817 0.001326
3 817 602 1610 0.003582
3 704 1866 1770 0.047789
3 704 1770 1914 0.030574
3 1234 1914 870 0.029349
3 2078 943 1166 0.004451
3 1392 1084 1852 0.012094
3 1392 1852 576 0.008457
3 2050 1852 2254 0.005380
3 699 1133 1392 0.005851
3 1392 919 699 0.008346
3 919 1392 576 0.010104
3 1625 1164 1529 0.016222
3 1153 1773 2205 0.003478
3 1153 2205 1527 0.010379
3 1527 2166 1153 0.018788
3 1153 2166 812 0.010094
3 1773 1153 812 0.006462
3 650 1773 812 0.005021
3 1338 2030 901 0.116591
3 2256 1982 2030 0.063560
3 1338 2256 2030 0.058068
3 69 2256 1516 0.057539
3 94 1516 2256 0.030631
3 94 2256 1761 0.019222
3 1761 2256 1470 0.016851
3 1817 1954 1761 0.023491
3 1817 1761 596 0.015593
3 1954 1817 546 0.015750
3 2081 546 893 0.013212
3 893 546 1817 0.015144
3 893 1817 596 0.013540
3 546 2081 1349 0.013436
3 791 980 1640 0.004564
3 791 1640 2039 0.006597
3 1640 1582 2039 0.004223
3 2324 657 1582 0.002605
3 2223 2324 1582 0.001920
3 2303 884 1855 0.001236
3 2303 1855 2223 0.003242
3 1332 14 1078 0.001052
3 1078 14 1546 0.002943
3 2020 2303 14 0.000593
3 2020 14 1332 0.000654
3 2020 1332 2331 0.000482
3 2303 1546 14 0.002996
3 2239 2228 1332 0.000370
3 1332 1078 2239 0.000567
3 1633 1734 527 0.004549
3 941 1734 1004 0.001200
3 869 1004 1633 0.001590
3 1633 1004 1734 0.001952
3 1073 383 350 0.000696
3 350 383 869 0.001095
3 1004 869 383 0.001095
3 784 1073 350 0.000741
3 1010 350 869 0.000899
3 1389 1986 1739 0.000697
3 1173 2073 512 0.000337
3 1656 2073 1173 0.000345
3 1656 1173 1353 0.000308
3 2013 1353 1173 0.000276
3 2013 1173 512 0.000319
3 1089 1963 1656 0.000451
3 54 1089 1353 0.000607
3 1353 1089 1656 0.000373
3 953 1517 212 0.000615
3 953 212 2130 0.000240
3 953 2130 2180 0.000202
3 2130 212 1089 0.000275
3 1089 212 1517 0.000357
3 1001 1749 850 0.001763
3 1097 277 2013 0.001489
3 1097 2013 1829 0.002331
3 2172 2193 85 0.011607
3 1097 2172 85 0.007207
3 1097 1122 2172 0.011732
3 1122 1097 1829 0.005831
3 1122 1829 1479 0.005115
3 1479 1816 1589 0.000894
3 817 1589 1816 0.002121
3 1874 142 1343 0.026587
3 1343 142 1479 0.009607
3 1874 1343 2120 0.020995
3 2167 2120 1343 0.019500
3 1343 1479 1589 0.004419
3 2167 1343 1589 0.018442
3 1479 142 1122 0.012728
3 1122 142 1874 0.029051
3 1122 1874 2172 0.026991
3 1594 1874 2120 0.035189
3 1594 500 1611 0.022291
3 1874 415 2172 0.017607
3 1611 415 1874 0.012410
3 1611 1874 1594 0.018443
3 2193 2172 415 0.021673
3 2193 415 1611 0.013806
3 1480 2124 739 0.008536
3 1480 739 814 0.008817
3 2171 739 2124 0.007930
3 834 2001 1500 0.010752
3 2311 716 2076 0.070157
3 2252 2076 2237 0.176274
3 2237 2076 716 0.201867
3 1548 2237 716 0.158416
3 519 1548 168 0.107369
3 716 168 1548 0.094441
3 168 716 2311 0.089692
3 643 1995 391 0.057979
3 643 391 1959 0.091829
3 426 1959 391 0.089702
3 70 2307 1605 0.053119
3 70 1605 2011 0.180932
3 1237 2011 1605 0.465056
3 2269 65 773 0.008092
3 65 2269 1253 0.006364
3 2143 1253 2269 0.004733
3 1164 65 366 0.010472
3 366 1253 699 0.007419
3 699 1253 1133 0.005361
3 65 1253 366 0.007794
3 1673 604 1164 0.029612
3 2055 406 0 0.005715
3 1360 1488 812 0.006219
3 1360 812 2166 0.006818
3 650 812 1488 0.004085
3 697 1075 1915 0.017571
3 150 629 697 0.012498
3 1498 697 629 0.008677
3 738 629 150 0.012781
3 738 150 1915 0.026236
3 1915 150 697 0.017996
3 293 1406 738 0.029897
3 293 738 297 0.060351
3 293 297 155 0.103721
3 371 1406 293 0.013971
3 371 293 731 0.020041
3 731 293 155 0.084427
3 398 731 1982 0.100334
3 398 1982 5 0.114417
3 1982 731 155 0.132557
3 1188 5 1982 0.133547
3 539 1863 974 0.089527
3 1592 1830 974 0.044967
3 511 1592 353 0.030930
3 1280 1403 511 0.022875
3 511 1403 1592 0.030561
3 866 1403 1280 0.017727
3 2039 1444 791 0.009309
3 1582 1922 2039 0.006153
3 2039 1922 1782 0.009201
3 1112 1922 441 0.006673
3 1855 441 657 0.002805
3 1582 657 1922 0.005184
3 657 441 1922 0.006416
3 509 1319 1711 0.003610
3 1711 571 2221 0.002596
3 571 1711 1103 0.003753
3 1103 1711 1319 0.004009
3 939 1587 514 0.001877
3 514 1587 1011 0.000768
3 1793 1199 1967 0.000509
3 1199 1793 514 0.000611
3 1041 177 1079 0.000431
3 1041 1079 2097 0.000417
3 1542 1767 928 0.000179
3 2185 1542 1142 0.000222
3 1734 941 1916 0.002102
3 1257 2306 971 0.001151
3 954 1826 1082 0.000965
3 954 2251 2317 0.000404
3 2251 954 1082 0.000982
3 2150 1659 1218 0.000340
3 2009 1758 315 0.000671
3 2009 315 1910 0.000577
3 1659 2150 1894 0.000602
3 1963 2038 1894 0.001013
3 628 754 956 0.000480
3 628 956 1556 0.000323
3 956 754 1517 0.000944
3 1517 754 2038 0.000797
3 1653 1556 37 0.000182
3 37 1556 956 0.000283
3 953 2180 956 0.000456
3 2178 37 2180 0.000289
3 1517 953 956 0.000579
3 956 2180 37 0.000289
3 2177 2178 2180 0.000435
3 2177 2180 589 0.000718
3 589 2180 569 0.000845
3 2314 589 569 0.002011
3 1500 1658 834 0.008988
3 1500 1456 1658 0.008537
3 834 1658 819 0.006323
3 1593 1500 830 0.015620
3 830 1500 2152 0.023906
3 2249 605 135 0.032252
3 2152 96 2249 0.050241
3 2152 2249 135 0.017949
3 645 1810 2252 0.065029
3 1104 2294 2237 0.140608
3 2237 2294 2252 0.174480
3 2252 2294 645 0.121214
3 2267 1104 2237 0.130700
3 646 2267 875 0.036975
3 2298 646 875 0.018150
3 1981 1671 761 0.046238
3 1981 761 771 0.077214
3 612 2034 771 0.057285
3 612 771 424 0.082205
3 771 761 424 0.071523
3 2034 612 1271 0.057927
3 70 1271 612 0.082787
3 2011 1271 70 0.130331
3 1342 2011 776 0.043858
3 2005 1342 1778 0.024235
3 1778 1342 776 0.025956
3 1970 2005 324 0.021017
3 324 2005 1778 0.018262
3 324 1844 114 0.023109
3 324 114 1970 0.028760
3 871 1876 773 0.007965
3 773 1876 2269 0.008658
3 1844 2269 1876 0.009524
3 1075 1813 1488 0.012099
3 1391 1821 902 0.019881
3 484 902 1021 0.020061
3 484 1021 1927 0.014153
3 1021 902 1566 0.017446
3 1566 902 1821 0.019554
3 963 487 1022 0.002708
3 963 1022 1566 0.006049
3 963 1566 1821 0.007627
3 1566 1022 1021 0.008748
3 1576 211 1395 0.016418
3 1820 595 2116 0.056683
3 595 1820 1576 0.030956
3 1576 1820 211 0.022229
3 1576 1395 74 0.011708
3 1395 211 1820 0.019165
3 1085 496 371 0.033504
3 371 496 1060 0.019368
3 1980 2043 496 0.031454
3 1980 496 1085 0.024506
3 1409 398 1863 0.071277
3 398 1409 1085 0.042274
3 42 1015 1409 0.047049
3 42 1409 1863 0.079528
3 1804 1015 42 0.043024
3 2271 912 1249 0.103133
3 2271 1249 891 0.125349
3 642 1249 599 0.069477
3 599 1249 1027 0.050180
3 588 642 2230 0.029200
3 2230 642 599 0.036300
3 2230 599 2044 0.034228
3 866 2044 599 0.028182
3 1110 2230 2044 0.020039
3 1052 2230 1110 0.019092
3 1782 1110 2044 0.018876
3 1052 1354 127 0.006941
3 509 772 1319 0.003876
3 1319 772 1354 0.004243
3 2026 1711 2221 0.002138
3 1711 772 509 0.002864
3 772 1711 2026 0.002134
3 772 2026 2135 0.002565
3 1344 2135 2026 0.001827
3 1344 2026 1316 0.002925
3 864 1341 23 0.002701
3 23 309 864 0.003684
3 1502 2316 833 0.005772
3 1172 1502 833 0.004630
3 1172 833 1486 0.004840
3 1236 1172 1486 0.002528
3 1298 655 1713 0.000414
3 1250 507 1713 0.000493
3 1793 1967 2103 0.000504
3 1793 939 514 0.001276
3 939 1793 2103 0.001945
3 1398 525 987 0.000340
3 270 1941 525 0.000272
3 270 525 1398 0.000308
3 638 270 1398 0.000269
3 270 638 1471 0.000287
3 270 1471 1941 0.000350
3 1637 638 1579 0.000205
3 1579 638 1398 0.000274
3 1471 1637 2224 0.000148
3 1767 1637 2134 0.000161
3 1471 71 1941 0.000271
3 1276 71 1471 0.000264
3 1687 2243 877 0.000206
3 1257 1765 2306 0.001100
3 1826 2317 1504 0.000094
3 1032 1826 1504 0.000145
3 2317 1826 954 0.000313
3 1311 2079 16 0.000078
3 1311 16 2241 0.000121
3 1786 16 2079 0.000109
3 1786 2079 1159 0.000159
3 1159 2079 2317 0.000166
3 627 1786 1325 0.000280
3 627 1325 715 0.000366
3 715 1325 952 0.000671
3 754 1325 1786 0.000343
3 1556 952 628 0.000337
3 1086 2177 589 0.001095
3 1086 589 2314 0.001981
3 1086 2314 574 0.001933
3 1345 1018 1964 0.001523
3 1345 2314 1018 0.002090
3 439 1964 1326 0.002116
3 439 1326 485 0.001619
3 1326 1964 1018 0.001662
3 678 796 1674 0.001035
3 2301 485 2261 0.002148
3 1161 282 1918 0.003820
3 1918 282 765 0.004402
3 1918 765 1644 0.004542
3 1644 765 2190 0.006438
3 2003 1780 995 0.009650
3 2003 995 455 0.006078
3 1593 1898 455 0.018814
3 2019 692 501 0.006356
3 2019 501 862 0.005051
3 1087 862 1783 0.009267
3 1783 862 501 0.006864
3 2249 33 605 0.061936
3 2294 1318 2191 0.041951
3 2294 2191 645 0.067576
3 1104 1318 2294 0.073350
3 1318 1104 2267 0.076002
3 1950 1877 2298 0.034676
3 2220 1518 1671 0.006524
3 1630 2220 1671 0.007008
3 1630 1671 1981 0.018165
3 12 1213 1630 0.015137
3 12 1630 1981 0.022297
3 169 1213 12 0.024670
3 169 12 2034 0.018358
3 1417 1213 169 0.019950
3 1417 169 682 0.039123
3 614 808 1417 0.029848
3 1417 808 1842 0.024785
3 1842 808 4 0.016561
3 4 808 1828 0.020212
3 140 300 808 0.022964
3 140 808 1577 0.011354
3 1577 808 614 0.030660
3 1544 1577 1615 0.019054
3 1615 1577 614 0.045810
3 1976 272 717 0.031505
3 865 1791 114 0.051733
3 865 114 532 0.041304
3 114 1791 1970 0.042863
3 1683 1120 606 0.051746
3 1683 606 1143 0.062815
3 1521 1683 1143 0.037215
3 2155 2233 1811 0.036000
3 2116 1426 2155 0.178681
3 1565 1080 885 0.027190
3 2043 885 922 0.036744
3 922 885 1080 0.055673
3 1980 1703 2043 0.030767
3 885 2043 1703 0.018591
3 885 1703 541 0.007121
3 1609 991 1015 0.032855
3 991 1609 690 0.016443
3 1775 2247 690 0.012536
3 1775 690 1609 0.026456
3 1804 1609 1015 0.039323
3 1609 1804 1105 0.053786
3 1609 1105 1775 0.054223
3 1105 673 1775 0.062380
3 2247 1775 673 0.035142
3 39 673 913 0.050160
3 913 673 1105 0.095152
3 913 1105 302 0.121388
3 2328 913 364 0.166773
3 364 913 2271 0.200981
3 2271 278 364 0.127530
3 1578 1762 633 0.051390
3 1727 1482 48 0.010879
3 1212 1727 48 0.007839
3 1212 48 998 0.009303
3 127 661 528 0.006011
3 2196 1723 1115 0.001332
3 2316 1341 864 0.003646
3 743 1519 1733 0.008095
3 1519 1069 1458 0.009551
3 684 743 1733 0.007636
3 1733 1519 1458 0.008874
3 269 632 684 0.010651
3 269 684 385 0.007582
3 385 684 1733 0.005470
3 80 269 1913 0.007024
3 385 763 1913 0.005485
3 385 1913 269 0.006807
3 981 2029 1042 0.002231
3 981 1042 288 0.001974
3 288 1042 1236 0.001938
3 288 1236 1968 0.000609
3 981 288 2052 0.000439
3 2052 288 1968 0.000322
3 2028 1941 2243 0.000346
3 1941 2028 804 0.000376
3 1371 72 1573 0.000450
3 897 47 2027 0.000487
3 897 2027 1300 0.000354
3 897 1300 1185 0.000370
3 1293 1300 2027 0.000163
3 165 139 805 0.000063
3 805 139 2025 0.000059
3 2079 2025 1504 0.000071
3 2079 1504 2317 0.000077
3 1095 165 805 0.000077
3 911 440 2059 0.000248
3 440 911 91 0.000221
3 1281 145 1192 0.000299
3 1192 145 106 0.000334
3 1464 1192 433 0.000252
3 433 1192 2037 0.000414
3 1274 1464 433 0.000311
3 106 2037 1192 0.000420
3 952 1274 715 0.000385
3 627 715 433 0.000315
3 433 715 1274 0.000429
3 1653 952 1556 0.000253
3 952 1653 368 0.000189
3 2218 611 2157 0.000257
3 2229 2335 465 0.000633
3 2229 465 1807 0.000308
3 2229 1807 700 0.000211
3 700 1807 565 0.000301
3 700 565 1799 0.000162
3 2 2263 2178 0.000187
3 2 2178 2177 0.000293
3 631 2263 2177 0.000367
3 2263 631 390 0.000243
3 390 631 1086 0.000294
3 390 1086 574 0.000567
3 1086 631 2177 0.000592
3 2 2177 2263 0.000266
3 390 143 154 0.000133
3 1348 143 390 0.000290
3 2263 154 2229 0.000183
3 2229 154 143 0.000225
3 2229 143 1895 0.000427
3 1895 143 1348 0.000738
3 574 1348 390 0.000492
3 390 154 2263 0.000153
3 2321 2229 1895 0.000938
3 895 1895 1101 0.000742
3 1101 1348 1320 0.000872
3 1348 1101 1895 0.000678
3 721 2164 1320 0.000921
3 1320 2164 1101 0.000967
3 566 1788 635 0.003236
3 635 1788 2164 0.003683
3 635 2164 721 0.001592
3 1785 635 721 0.002890
3 2138 898 90 0.002367
3 2301 2138 90 0.002493
3 2301 439 485 0.001802
3 481 439 2301 0.001652
3 481 2301 90 0.002342
3 2054 1918 1644 0.003998
3 2054 1644 2190 0.007017
3 969 2190 1780 0.011075
3 555 1428 1846 0.011893
3 1846 969 1780 0.012462
3 969 1846 735 0.013027
3 735 1846 1428 0.013466
3 111 1428 555 0.012242
3 257 1900 925 0.014771
3 257 925 2019 0.009091
3 2003 2019 925 0.008640
3 2003 925 1846 0.012453
3 1780 2003 1846 0.010373
3 1087 120 257 0.019440
3 1087 257 862 0.013747
3 862 257 2019 0.008097
3 1975 1087 935 0.029747
3 68 935 2297 0.051571
3 68 2297 1663 0.047750
3 1278 1663 1948 0.007601
3 1948 1663 2297 0.029128
3 858 917 1379 0.030381
3 2297 1783 917 0.012407
3 2297 917 858 0.059028
3 2297 858 1948 0.033318
3 307 858 2115 0.076030
3 858 1379 2115 0.063114
3 1718 1948 858 0.013533
3 1718 858 307 0.031267
3 152 307 2115 0.120078
3 2194 1777 580 0.075334
3 1777 937 782 0.062374
3 77 782 556 0.006062
3 937 556 782 0.015092
3 937 1777 1763 0.031221
3 937 1859 556 0.011379
3 1763 1859 937 0.016596
3 1518 1219 2325 0.007181
3 1518 2325 1950 0.018041
3 1877 1950 1660 0.038699
3 464 1938 1842 0.021667
3 2220 1630 1938 0.006389
3 1938 1630 1842 0.010037
3 4 1828 464 0.029354
3 4 464 1842 0.018992
3 25 978 1333 0.031709
3 464 25 1938 0.014648
3 1938 25 1333 0.012568
3 1938 1333 2220 0.005784
3 2220 1333 1180 0.004739
3 1180 1333 978 0.020775
3 1828 978 25 0.046632
3 1828 25 464 0.045318
3 1737 1522 978 0.032671
3 1737 978 301 0.046336
3 1537 1771 2253 0.036892
3 2253 1577 1544 0.008987
3 300 140 1211 0.027209
3 1211 140 2253 0.010157
3 1211 2253 1771 0.040025
3 1577 2253 140 0.007179
3 1336 1737 1211 0.052944
3 1336 1211 1771 0.051016
3 1836 1336 2085 0.050786
3 2085 1336 1771 0.072939
3 1647 1134 1537 0.032792
3 1647 1537 2253 0.014105
3 1647 2253 1544 0.011909
3 513 1976 717 0.023375
3 1474 1194 677 0.092637
3 88 677 1194 0.094420
3 1827 677 1181 0.054544
3 88 1181 677 0.075230
3 1181 88 2198 0.072707
3 2198 88 2233 0.078787
3 2233 88 1194 0.057610
3 1756 1651 843 0.060410
3 1756 843 2247 0.019250
3 673 613 1756 0.059283
3 617 2125 2328 0.158819
3 208 2125 617 0.158491
3 208 1762 1578 0.097414
3 1762 208 617 0.115513
3 1578 747 208 0.066459
3 208 747 2122 0.088200
3 1942 747 2232 0.030101
3 1538 1568 2145 0.005183
3 1568 1538 1723 0.003259
3 1568 1723 2196 0.001795
3 1530 802 2196 0.006794
3 2108 597 115 0.001659
3 720 1679 788 0.009407
3 743 2226 1519 0.023379
3 1519 2226 1069 0.020013
3 1263 2226 743 0.039414
3 1367 1183 1111 0.426029
3 1990 1147 2132 0.939162
3 1147 1990 1367 0.866800
3 1147 1367 1534 0.603715
3 1534 1367 1111 0.491120
3 2029 1956 80 0.010955
3 1849 2029 981 0.002479
3 1849 981 2052 0.000461
3 1814 1541 1849 0.000600
3 379 1541 304 0.000730
3 47 2187 304 0.001259
3 897 2187 47 0.001396
3 2183 662 43 0.000626
3 43 662 564 0.000588
3 1288 189 2049 0.000258
3 825 2059 859 0.000745
3 1662 859 2059 0.000429
3 1118 1281 314 0.000115
3 1768 1446 607 0.000159
3 1768 607 709 0.000158
3 709 607 2218 0.000098
3 1299 709 2218 0.000254
3 709 1299 1768 0.000443
3 414 1802 351 0.000388
3 351 1802 465 0.000374
3 1807 465 1802 0.000355
3 1807 1802 81 0.000326
3 1807 81 2157 0.000308
3 2208 414 1264 0.000884
3 2229 2321 2335 0.000943
3 895 2288 1636 0.002790
3 2288 601 639 0.003395
3 601 2288 895 0.002575
3 601 895 1101 0.001924
3 639 601 1788 0.002707
3 2164 1788 601 0.003678
3 2164 601 1101 0.001483
3 2288 639 341 0.003122
3 341 639 1788 0.005168
3 1788 1545 341 0.003377
3 1306 1636 2288 0.003026
3 1241 2288 753 0.004402
3 753 2288 1891 0.005359
3 1891 2288 341 0.005293
3 1891 341 1545 0.006742
3 1247 753 1891 0.012314
3 1247 1891 1370 0.022957
3 536 1370 1891 0.015410
3 536 1891 1384 0.006926
3 1494 359 2054 0.004316
3 735 1494 2054 0.007350
3 735 2054 969 0.014802
3 969 2054 2190 0.013284
3 1712 809 7 0.017147
3 1712 7 1657 0.020962
3 1710 1657 7 0.019855
3 1885 1712 1657 0.013614
3 1885 1657 310 0.018544
3 873 310 1657 0.018297
3 93 676 594 0.030798
3 959 1603 1540 0.020005
3 2182 2242 2168 0.015565
3 1603 2242 1540 0.021872
3 1540 2242 2182 0.017529
3 1722 1312 948 0.000330
3 1722 948 1220 0.000333
3 782 77 1718 0.006135
3 782 1718 1777 0.029736
3 1265 2149 1643 0.011634
3 1643 1936 2047 0.010246
3 2149 1936 1643 0.016635
3 1127 504 1936 0.014312
3 1127 1859 1219 0.016199
3 2149 1859 1936 0.005476
3 1936 1859 1127 0.009294
3 2047 1590 598 0.023271
3 2262 561 29 0.004248
3 2209 561 2262 0.003555
3 896 2262 29 0.006848
3 896 29 598 0.019604
3 896 598 1836 0.025411
3 598 29 2047 0.018195
3 2047 29 561 0.009569
3 2080 1795 1096 0.053447
3 1474 1827 961 0.035486
3 677 1827 1474 0.045786
3 2327 768 719 0.027237
3 719 768 1411 0.050345
3 1978 2329 719 0.021692
3 121 1978 1411 0.048224
3 1411 1978 719 0.029451
3 2326 794 1181 0.096791
3 1181 794 121 0.091266
3 1181 121 1411 0.076321
3 2198 2326 1181 0.069556
3 652 2127 733 0.012200
3 652 733 1815 0.011455
3 1815 733 1978 0.011573
3 1815 1978 537 0.020415
3 1815 554 1040 0.073989
3 1038 294 1290 0.361120
3 2147 1038 2128 0.210520
3 2147 2128 1631 0.145448
3 2128 1038 1290 0.276226
3 429 2292 1631 0.079080
3 429 1631 2128 0.072065
3 1038 2147 881 0.242350
3 2147 1584 430 0.147180
3 430 1584 1678 0.094244
3 2292 1584 1631 0.101808
3 1631 1584 2147 0.137594
3 2272 1184 1564 0.330689
3 1796 2200 1363 0.135834
3 2136 55 2122 0.123045
3 2136 2122 520 0.112469
3 2122 55 746 0.138578
3 520 2122 2323 0.084075
3 2323 664 520 0.080533
3 1942 2153 246 0.035898
3 493 2153 1942 0.030621
3 909 983 2153 0.202185
3 909 2153 493 0.044266
3 1126 1942 829 0.024690
3 1530 750 1126 0.023900
3 750 1530 822 0.021044
3 1530 1126 802 0.014183
3 909 493 1478 0.086144
3 909 1478 510 0.128641
3 510 1478 2277 0.136216
3 750 1478 493 0.050993
3 1581 510 2277 0.352038
3 2277 1478 1854 0.157893
3 1854 1478 1124 0.093177
3 1798 2318 1581 0.702448
3 1798 1581 2277 0.558541
3 1145 1100 1583 0.823730
3 508 1583 1990 0.915238
3 1750 1260 1217 0.658113
3 1750 1217 122 0.202685
3 610 1217 1260 0.794710
3 1217 644 122 0.123472
3 1217 1506 644 0.143211
3 1506 1217 610 0.349330
3 1506 408 1190 0.108136
3 1190 408 488 0.148517
3 1147 408 610 0.736344
3 610 408 1506 0.445478
3 1506 1190 644 0.037187
3 2334 1190 1157 0.024986
3 1407 1956 2029 0.003161
3 379 2187 1407 0.001837
3 379 1849 1541 0.000680
3 1849 379 1407 0.001573
3 1849 1407 2029 0.002142
3 1677 745 2187 0.006212
3 2236 1677 2187 0.004676
3 1401 1677 2236 0.005573
3 1759 962 2051 0.002059
3 40 823 1759 0.008006
3 40 1759 1949 0.003231
3 2051 1949 1759 0.002018
3 1672 1225 2006 0.006211
3 2006 1225 621 0.003798
3 2006 621 1402 0.002695
3 621 1225 450 0.003348
3 1225 1672 1423 0.009349
3 1662 1014 859 0.000558
3 859 1014 621 0.001068
3 859 621 825 0.001157
3 583 1619 1991 0.000122
3 1926 810 583 0.000245
3 1926 583 1439 0.000184
3 1439 583 1991 0.000118
3 1991 1272 1439 0.000182
3 1272 1991 1966 0.000139
3 1447 1977 1272 0.000256
3 1960 1977 1447 0.000425
3 1374 915 445 0.000320
3 1911 445 1347 0.000100
3 1347 445 344 0.000168
3 344 445 915 0.000186
3 1279 1035 1301 0.000236
3 1667 2032 1701 0.002908
3 1667 2208 110 0.002636
3 1204 1667 110 0.003628
3 1667 1204 117 0.005573
3 110 2257 1204 0.005673
3 947 2257 110 0.005784
3 947 110 1306 0.004115
3 2002 1241 753 0.010684
3 1306 1241 947 0.006752
3 947 1241 2002 0.013917
3 1621 2002 1321 0.046633
3 753 1321 2002 0.051000
3 1247 1321 753 0.029130
3 1321 1247 949 0.054243
3 59 949 1117 0.039699
3 1588 59 1117 0.034075
3 489 724 1370 0.114825
3 1370 724 1117 0.088047
3 1117 724 1588 0.039998
3 1774 1856 1559 0.033320
3 708 818 1774 0.064335
3 809 1712 1495 0.022282
3 2280 1774 818 0.045839
3 2280 818 1070 0.023344
3 2280 1070 1695 0.026907
3 1695 1070 1267 0.029065
3 1684 1070 1151 0.028867
3 1684 1151 2089 0.032587
3 2089 1151 1999 0.035026
3 1999 1151 1885 0.021312
3 1885 1151 1070 0.017092
3 1885 1070 1356 0.022242
3 21 1999 1885 0.014399
3 1025 1036 1397 0.053233
3 1397 1036 982 0.030896
3 1397 982 1867 0.013485
3 448 959 1784 0.022487
3 1540 1784 959 0.021466
3 494 1784 2182 0.022057
3 494 2182 35 0.031755
3 35 2182 418 0.029015
3 418 2182 2168 0.009782
3 2284 35 418 0.011685
3 418 2333 2284 0.004628
3 2170 1254 1890 0.001351
3 1627 2170 1890 0.001405
3 1627 1890 2168 0.002012
3 1220 622 1722 0.000271
3 279 463 1044 0.000199
3 279 1044 1144 0.000139
3 1144 1044 219 0.000253
3 2203 219 1044 0.000676
3 2203 1044 2337 0.000513
3 2337 1044 1220 0.000556
3 1220 1044 463 0.000212
3 879 1955 2262 0.003503
3 896 923 2262 0.011343
3 2141 1955 879 0.003838
3 1196 393 2080 0.013941
3 1196 2080 1368 0.015524
3 733 2127 475 0.014811
3 733 475 2329 0.011477
3 733 2329 1978 0.012947
3 695 1119 933 0.008488
3 695 933 751 0.005688
3 1940 2000 1815 0.024394
3 1940 1815 1040 0.113895
3 1678 2201 1940 0.064296
3 881 2147 430 0.146313
3 1940 881 430 0.140624
3 1940 430 1678 0.092588
3 1006 1047 192 0.621138
3 1047 1006 2201 0.405335
3 1555 2268 192 0.808778
3 1555 192 1047 0.743852
3 1555 1047 1509 0.645924
3 1509 1047 495 0.506895
3 495 1047 1678 0.311242
3 1584 495 1678 0.323739
3 1903 495 1584 0.384636
3 2046 1903 1797 0.332890
3 1925 770 2046 0.497075
3 770 2268 2046 0.584733
3 2040 2268 770 0.534753
3 1797 124 2046 0.427967
3 2046 124 1925 0.506989
3 97 675 770 0.253424
3 97 770 1925 0.318327
3 1184 1925 188 0.350794
3 1184 188 1564 0.343918
3 188 124 1797 0.445294
3 124 188 1925 0.451576
3 97 1184 2272 0.314431
3 707 1023 97 0.176110
3 707 97 2272 0.197521
3 97 1023 675 0.215837
3 1931 707 2272 0.144724
3 1781 2282 499 0.537490
3 1781 499 1490 0.403926
3 737 1781 1796 0.304333
3 1781 2238 2282 0.462742
3 1726 2282 1973 0.544313
3 1973 2282 2238 0.433865
3 737 2238 1781 0.353400
3 1973 2238 1017 0.334441
3 1017 2238 2136 0.232843
3 438 1973 1017 0.318384
3 1585 1017 883 0.200459
3 883 1017 2136 0.204424
3 210 883 2136 0.138266
3 210 2136 520 0.094565
3 1945 1585 883 0.127930
3 1945 883 210 0.092831
3 1945 210 664 0.090507
3 664 210 520 0.077317
3 1909 1585 1945 0.075190
3 741 1585 1909 0.157089
3 1909 1945 664 0.062320
3 1857 1909 2153 0.147709
3 2153 1909 246 0.048483
3 741 1909 1857 0.254496
3 438 741 1857 0.258159
3 438 1857 1388 0.344088
3 1140 1973 1388 0.384241
3 1140 1581 2318 0.499876
3 1581 1140 983 0.366214
3 983 1140 1388 0.378435
3 960 1908 1048 0.778847
3 2319 1575 2074 0.855370
3 392 1624 1505 0.882279
3 1505 1624 2074 0.861555
3 1988 392 1282 0.957819
3 1642 1282 568 0.796168
3 568 252 271 0.553419
3 1851 1923 713 0.707383
3 1851 713 1700 0.880397
3 1700 713 1591 0.856285
3 218 1851 1700 0.859855
3 218 1700 1145 0.795656
3 665 498 1330 0.989699
3 1330 498 1998 0.975429
3 1563 2133 1330 0.980498
3 1563 1330 1998 0.986354
3 1563 1998 1020 0.972685
3 1020 1998 380 0.974123
3 1987 1020 1560 0.981858
3 672 2189 1987 0.887172
3 672 1987 2008 0.966734
3 2008 1987 1560 0.980728
3 1462 672 1083 0.879417
3 1083 672 2008 0.944780
3 1323 1083 1730 0.041377
3 680 1323 1730 0.011039
3 1468 680 1730 0.002440
3 1150 1730 2008 0.535316
3 2008 1730 1083 0.604025
3 1150 1468 1730 0.008148
3 1825 1750 2151 0.080815
3 1672 1825 2151 0.024932
3 2006 1825 1672 0.010441
3 2202 1323 1926 0.003020
3 1508 2202 1926 0.001257
3 472 1926 680 0.001594
3 680 1926 1323 0.002777
3 1272 1977 1439 0.000250
3 1439 1977 1508 0.000432
3 1439 1508 1926 0.000289
3 1197 1746 1960 0.001716
3 926 1197 1960 0.000406
3 1438 1746 1197 0.003609
3 1197 491 1438 0.002006
3 1438 491 2083 0.010930
3 491 1197 163 0.001120
3 529 2067 915 0.000640
3 249 2067 529 0.000735
3 1997 249 2053 0.001356
3 1997 2053 2219 0.001893
3 2053 249 434 0.000793
3 774 2240 1335 0.002730
3 2053 1335 2240 0.001561
3 2053 2240 2219 0.002468
3 1604 1888 1335 0.001674
3 1335 1888 774 0.002856
3 102 1235 1604 0.006058
3 573 774 1888 0.009090
3 573 1888 582 0.008035
3 573 582 1365 0.019067
3 1667 117 2032 0.005345
3 1483 1569 1123 0.332878
3 2257 1123 1569 0.158898
3 1574 1697 1321 0.021588
3 1574 1321 949 0.037457
3 1321 1697 1621 0.043672
3 59 2107 1574 0.015267
3 2107 59 1588 0.024361
3 59 1574 949 0.026725
3 1902 2107 674 0.066974
3 1774 2280 724 0.057224
3 724 2280 1588 0.026882
3 1588 2280 567 0.033036
3 1695 567 2280 0.031759
3 291 1748 128 0.045912
3 291 128 1233 0.048350
3 128 1748 1422 0.053535
3 36 128 1397 0.027751
3 1397 128 1025 0.032702
3 362 914 824 0.000713
3 362 824 66 0.001614
3 2284 362 66 0.003588
3 362 2284 2161 0.002678
3 1144 1207 279 0.000168
3 1864 1221 530 0.000190
3 1144 1221 1864 0.000166
3 1144 1864 755 0.000104
3 848 1955 2141 0.006901
3 1514 41 1119 0.009693
3 41 1514 2141 0.012399
3 2101 1106 1108 0.016351
3 1108 2140 2101 0.009780
3 1108 1106 1434 0.023392
3 259 2101 695 0.007637
3 695 2101 2140 0.007778
3 751 259 695 0.004032
3 769 2211 1006 0.308795
3 769 1006 1350 0.737582
3 1013 769 815 0.385737
3 815 769 975 0.483626
3 975 1635 1889 0.850593
3 975 1889 815 0.540121
3 888 1635 1226 0.909746
3 1394 1226 1350 0.886578
3 1903 1509 495 0.495339
3 2268 1555 1509 0.738345
3 2046 2268 1509 0.614263
3 2046 1509 1903 0.435298
3 1661 806 1623 0.910641
3 806 845 1623 0.903538
3 1896 1623 845 0.879651
3 847 845 806 0.900675
3 847 806 490 0.921643
3 2285 1661 903 0.871131
3 903 1661 1623 0.867485
3 903 1623 1429 0.746538
3 313 2285 903 0.777953
3 313 903 2282 0.686505
3 2282 903 499 0.639131
3 2282 1726 313 0.661880
3 2304 1985 756 0.903074
3 729 2304 756 0.934084
3 729 756 1575 0.905483
3 2022 944 2304 0.947666
3 2022 2304 729 0.955519
3 2022 729 2293 0.968234
3 2293 729 1575 0.944706
3 1586 2022 2312 0.961773
3 2312 2022 2293 0.967589
3 2312 2293 1624 0.954979
3 1706 2207 988 0.937124
3 2031 1988 1282 0.973006
3 392 1988 1361 0.962170
3 392 1361 988 0.939139
3 411 1361 1988 0.975126
3 411 1988 1744 0.982150
3 2031 1744 1988 0.983545
3 550 1744 2031 0.984509
3 1591 550 2031 0.984830
3 1923 6 713 0.932788
3 713 6 550 0.969530
3 713 550 1591 0.975318
3 696 276 557 0.964398
3 696 557 671 0.970178
3 2060 1324 2279 0.749961
3 718 2179 2279 0.922763
3 2133 1882 372 0.992648
3 372 1882 3 0.990157
3 665 1330 218 0.984322
3 218 1330 372 0.986262
3 218 372 1851 0.948185
3 1934 2133 1563 0.970311
3 1553 1878 2133 0.994131
3 1553 2133 1934 0.974299
3 1934 1563 1020 0.949295
3 1987 2189 1934 0.916817
3 1987 1934 1020 0.917117
3 1553 1934 2189 0.960392
3 1553 2189 1878 0.985878
3 1238 2189 190 0.964495
3 377 1469 190 0.953503
3 377 558 2270 0.868884
3 558 2189 1539 0.880407
3 2189 558 377 0.913290
3 2189 377 190 0.921825
3 1554 2270 558 0.794663
3 1554 558 1539 0.804271
3 1554 1539 1462 0.847059
3 726 1427 2270 0.860743
3 1329 726 387 0.662384
3 387 726 2270 0.773531
3 964 283 1438 0.127559
3 1438 283 551 0.185604
3 1698 1997 1994 0.004140
3 1696 1997 1698 0.005003
3 1787 2240 774 0.004913
3 405 1404 2094 0.122999
3 1046 1404 1094 0.247722
3 1094 1404 405 0.250491
3 872 1077 1107 0.104114
3 1046 1483 1107 0.244365
3 1046 1107 1404 0.156349
3 1404 1107 1077 0.081608
3 1123 872 1107 0.139576
3 1123 1107 1483 0.164711
3 1884 1902 2071 0.069504
3 1902 1884 1390 0.078622
3 1902 1390 164 0.128252
3 395 1884 538 0.015901
3 395 538 447 0.014323
3 538 1884 799 0.023458
3 799 1884 2071 0.061015
3 123 799 2071 0.039839
3 1607 538 799 0.011111
3 1607 799 123 0.013632
3 2315 538 1607 0.009000
3 131 2315 1607 0.007649
3 1362 2315 131 0.003698
3 1362 131 250 0.004140
3 250 131 1769 0.003953
3 250 1769 1822 0.003030
3 1769 131 1607 0.005666
3 2111 984 2089 0.026528
3 2089 984 2118 0.018470
3 2265 2035 1058 0.007803
3 1191 2035 970 0.001168
3 970 2035 232 0.001987
3 232 2035 2265 0.006255
3 590 1879 44 0.001247
3 44 1879 2265 0.002221
3 587 1266 1879 0.001189
3 587 1879 590 0.000704
3 587 1745 1837 0.000135
3 587 590 1745 0.000142
3 2156 1745 914 0.000169
3 1893 2156 748 0.000080
3 748 2156 467 0.000097
3 2231 1893 842 0.000057
3 842 1893 748 0.000062
3 842 748 1839 0.000058
3 1669 1839 52 0.000091
3 651 2287 591 0.000631
3 651 591 1864 0.000262
3 1864 591 113 0.000110
3 113 591 2291 0.000077
3 1864 530 651 0.000303
3 382 755 113 0.000080
3 1864 113 755 0.000068
3 382 113 2291 0.000081
3 1838 1099 1493 0.014209
3 1838 1493 1912 0.007915
3 1992 1669 50 0.000564
3 1992 50 355 0.000820
3 355 2287 1602 0.003115
3 2287 355 50 0.001053
3 2112 1437 1055 0.049406
3 2112 1055 1507 0.068094
3 1507 1055 1434 0.041075
3 553 1507 1106 0.055700
3 1106 1507 1434 0.030127
3 1958 815 1889 0.510141
3 1958 1889 1753 0.594658
3 1224 1753 1889 0.899334
3 888 1063 1224 0.943844
3 2091 836 1063 0.935947
3 1064 1520 1675 0.858140
3 1520 1064 2091 0.885217
3 579 1675 1520 0.786506
3 1681 1275 2217 0.959611
3 1896 1275 1064 0.902774
3 1064 1275 1681 0.949125
3 1064 1681 1327 0.949154
3 1896 845 1275 0.909963
3 1275 845 847 0.910149
3 1275 847 2217 0.948197
3 2304 125 490 0.952761
3 2304 490 286 0.956737
3 1442 419 1586 0.970776
3 1586 419 2022 0.971690
3 1624 2207 2312 0.936994
3 1256 2312 1650 0.953237
3 1650 2312 648 0.934572
3 648 2312 2207 0.941297
3 648 2207 1706 0.930004
3 648 1706 1088 0.940067
3 648 1088 1650 0.937269
3 2086 2142 1088 0.985252
3 2086 1088 736 0.984384
3 1706 736 1088 0.953840
3 1088 2142 1650 0.963808
3 1744 2086 326 0.983066
3 550 2086 1744 0.980369
3 1744 326 411 0.980078
3 411 326 736 0.978384
3 411 736 1361 0.980893
3 2086 736 326 0.980985
3 671 1256 2142 0.977403
3 671 2142 696 0.977472
3 2295 2117 2281 0.878390
3 2281 2117 955 0.836043
3 2117 2295 734 0.953887
3 734 2295 1614 0.987643
3 1840 2117 734 0.892392
3 1840 734 1614 0.987908
3 531 955 1295 0.809095
3 2060 1295 1324 0.674993
3 1413 2010 214 0.929743
3 214 2179 1413 0.943278
3 718 1766 2179 0.962287
3 681 718 1400 0.979351
3 718 681 2246 0.975108
3 1606 2246 681 0.979234
3 1606 681 686 0.988463
3 686 681 1400 0.990574
3 377 2270 1469 0.910750
3 1066 1865 2338 0.374274
3 2338 1865 492 0.844268
3 792 1641 2336 0.106166
3 1994 2131 1698 0.021210
3 1698 749 381 0.019886
3 749 1698 2131 0.020264
3 1705 712 1512 0.017665
3 1441 1252 2158 0.008680
3 2240 1787 2219 0.004540
3 1645 1451 1222 0.064664
3 483 1222 1787 0.053897
3 1787 1222 1441 0.009677
3 421 979 2094 0.058792
3 533 53 2094 0.030888
3 533 2110 2144 0.012559
3 533 2144 1731 0.005701
3 1731 2144 2106 0.004665
3 2283 2106 2144 0.006372
3 1170 2144 1346 0.013413
3 1346 2144 2110 0.016877
3 395 1346 1077 0.032146
3 395 1077 132 0.051214
3 2300 1170 2315 0.010721
3 1425 994 184 0.006363
3 1776 1979 1832 0.002388
3 1979 1776 183 0.003280
3 183 1776 348 0.004910
3 521 1832 1979 0.002192
3 521 1362 250 0.002161
3 521 250 1822 0.001703
3 2315 1362 1979 0.003416
3 1979 1362 521 0.002576
3 970 524 1191 0.001326
3 1717 524 1007 0.001437
3 970 1007 524 0.001240
3 908 1717 1007 0.000817
3 253 1266 973 0.000314
3 581 1307 1989 0.000121
3 1328 581 1989 0.000111
3 1328 1989 2231 0.000106
3 1736 2289 2231 0.000387
3 2095 1892 842 0.000143
3 2095 842 1839 0.000080
3 2068 2095 258 0.000124
3 1992 1899 401 0.000858
3 1476 1273 92 0.082930
3 1476 92 2112 0.100234
3 1437 2112 92 0.071279
3 287 1476 1670 0.232045
3 2112 1670 1476 0.191179
3 616 287 1670 0.298615
3 287 616 404 0.304873
3 1958 616 1670 0.255354
3 1958 1753 404 0.578878
3 882 1154 1664 0.981201
3 400 1740 1327 0.971887
3 1570 2173 1567 0.993096
3 916 2173 2295 0.990449
3 1567 2173 916 0.993265
3 2295 2281 2273 0.922011
3 1685 1691 76 0.821614
3 76 1691 2010 0.852402
3 2057 801 1433 0.893303
3 1433 801 60 0.893691
3 1433 60 930 0.892502
3 801 2057 76 0.860271
3 1558 1865 1066 0.203250
3 1865 1558 2305 0.503524
3 1626 2245 1558 0.284561
3 2245 1626 1937 0.350698
3 625 1626 1558 0.267086
3 625 1558 1066 0.205312
3 1921 1543 1626 0.133189
3 1921 1626 625 0.199033
3 1187 1921 792 0.082852
3 792 1921 1641 0.128229
3 547 1466 694 0.024003
3 694 1466 1487 0.028746
3 694 1487 1705 0.015730
3 600 56 694 0.015272
3 600 694 1205 0.017688
3 1705 1205 694 0.019254
3 1205 1705 1512 0.014460
3 999 56 600 0.031798
3 999 600 58 0.024462
3 58 600 1205 0.022797
3 264 1551 1139 0.034748
3 1743 1551 1618 0.016218
3 544 1858 714 0.000542
3 1834 861 779 0.003195
3 1414 2330 2123 0.001880
3 2062 1729 1396 0.000438
3 1717 1776 1832 0.001756
3 1246 1776 1717 0.002258
3 86 1098 1039 0.000325
3 2109 855 51 0.000122
3 2109 51 1045 0.000129
3 1741 2308 1906 0.000065
3 1906 2308 1302 0.000041
3 1376 1302 2308 0.000025
3 1724 581 1328 0.000087
3 2154 1724 1328 0.000208
3 593 2154 2184 0.000763
3 1984 199 1715 0.014885
3 1715 199 727 0.011741
3 727 199 2184 0.003192
3 2184 199 32 0.001475
3 1704 2320 2289 0.001816
3 1704 2289 1736 0.001425
3 1704 1736 1892 0.002186
3 1704 1892 1146 0.005201
3 1704 1146 1285 0.046390
3 1146 1892 1074 0.003184
3 1074 1892 2095 0.000708
3 997 1285 1146 0.044084
3 1074 997 1146 0.013190
3 1596 1655 1835 0.109768
3 1596 1835 1873 0.166268
3 1369 1835 1655 0.085378
3 775 1873 1835 0.171000
3 1873 775 1870 0.322249
3 1109 1790 1533 0.385410
3 1476 1109 476 0.131809
3 476 1109 1533 0.257316
3 287 1790 1109 0.331131
3 287 1109 1476 0.172879
3 1907 1943 1790 0.766583
3 205 2248 882 0.988012
3 2248 205 1738 0.994259
3 1366 205 882 0.991625
3 205 1366 1738 0.994213
3 1567 1366 1570 0.992759
3 1570 1366 787 0.983886
3 1570 787 503 0.982055
3 2173 1570 503 0.988848
3 2173 503 2310 0.981921
3 2175 2248 1738 0.986995
3 2092 1833 658 0.947182
3 1901 1833 2225 0.888801
3 1499 2225 1833 0.899291
3 1385 1622 619 0.747719
3 1499 1622 1385 0.743582
3 1933 1752 526 0.747161
3 1752 619 1622 0.716800
3 1622 526 1752 0.753902
3 460 325 790 0.863095
3 2281 1693 2273 0.899200
3 1685 2104 1691 0.885533
3 1904 767 1685 0.666715
3 760 134 2057 0.823672
3 760 2057 1433 0.867642
3 1072 1305 821 0.727511
3 821 1305 1433 0.776843
3 1433 1305 760 0.777951
3 1937 1072 821 0.859406
3 1937 821 985 0.878267
3 407 1072 1937 0.794470
3 985 821 1930 0.890754
3 985 1930 2245 0.900186
3 2245 1930 2305 0.825466
3 1707 2305 1930 0.907186
3 1937 985 2245 0.869578
3 924 407 263 0.501544
3 924 263 1751 0.144414
3 1543 1751 263 0.147085
3 1772 157 640 0.022099
3 1772 640 1481 0.023857
3 1772 1481 2014 0.032078
3 2296 2014 431 0.009999
3 431 2014 1939 0.009351
3 357 2192 431 0.001503
3 357 431 1939 0.002523
3 2260 357 1618 0.002924
3 1618 357 1743 0.006592
3 1974 2162 1794 0.000737
3 2162 174 2192 0.001630
3 174 1974 813 0.000981
3 1974 174 2162 0.001060
3 1824 1794 2162 0.000758
3 1515 2162 2192 0.001350
3 2162 1515 1824 0.000636
3 1450 1824 1515 0.000431
3 781 1114 458 0.000289
3 458 714 781 0.000303
3 781 714 1858 0.000402
3 1503 781 1924 0.000506
3 1924 781 1858 0.000623
3 1924 1858 1132 0.000603
3 2056 1132 841 0.001001
3 1414 1616 1503 0.000448
3 1414 1503 1924 0.000825
3 1414 1924 2148 0.001043
3 2148 1924 1834 0.001056
3 1414 2148 2330 0.001343
3 1860 1098 2174 0.000202
3 816 1860 2174 0.000142
3 1302 1841 1906 0.000045
3 1286 586 1841 0.000073
3 1286 1841 505 0.000113
3 505 1841 1229 0.000107
3 1819 1424 786 0.004502
3 1728 1424 1819 0.002196
3 1861 1689 1969 0.006841
3 1728 1969 1424 0.000814
3 1424 1969 1689 0.005947
3 1613 826 603 0.017238
3 1613 603 1984 0.023631
3 199 1984 603 0.009055
3 603 1969 199 0.002775
3 32 199 1969 0.001287
3 1969 603 826 0.002710
3 1655 1068 1477 0.070376
3 997 759 1477 0.022331
3 997 1477 1285 0.059747
3 1285 1477 1715 0.046049
3 1655 1477 759 0.051660
3 1244 728 1284 0.016737
3 1244 1284 764 0.022729
3 1284 1613 1322 0.086701
3 1613 1284 728 0.033309
3 764 1284 2181 0.157278
3 2181 1284 1322 0.169849
3 64 856 2299 0.367223
3 64 1792 856 0.452687
3 1792 64 1125 0.392786
3 542 1125 1870 0.462478
3 1870 1125 64 0.377599
3 1873 1870 64 0.244212
3 1873 64 2299 0.325711
3 894 1308 856 0.574853
3 894 856 1792 0.479133
3 894 1792 2175 0.549397
3 894 2175 1901 0.760888
3 2225 839 1901 0.824288
3 1901 839 435 0.717458
3 1090 305 2016 0.409565
3 1268 1090 2016 0.411751
3 1268 1310 312 0.203618
3 1310 1268 2016 0.433164
3 79 312 1310 0.183678
3 79 1310 119 0.211026
3 79 119 1231 0.118278
3 119 1310 795 0.346611
3 213 162 619 0.703540
3 213 619 265 0.711657
3 213 265 442 0.612411
3 303 442 265 0.675053
3 303 265 1752 0.621758
3 1752 265 619 0.680287
3 1445 442 303 0.632335
3 1445 303 2104 0.778381
3 1177 1961 1557 0.344301
3 1961 1177 1809 0.384595
3 950 946 228 0.462620
3 846 2007 924 0.204046
3 846 924 1751 0.159999
3 1652 846 1751 0.057905
3 838 846 1652 0.091316
3 1652 1751 1917 0.042969
3 2313 1652 2021 0.018213
3 2014 2021 1772 0.025321
3 679 2021 2296 0.007981
3 2296 2021 2014 0.023057
3 813 889 2296 0.000621
3 2159 1974 1206 0.000275
3 1974 2159 813 0.000394
3 813 2159 889 0.000340
3 1794 1206 1974 0.000247
3 2235 863 1906 0.000072
3 2235 1906 1841 0.000068
3 1 2235 1881 0.000181
3 1 1881 1141 0.000262
3 1881 2235 586 0.000123
3 659 1141 1881 0.000772
3 1513 659 1881 0.000951
3 1513 1881 1286 0.000459
3 1513 1286 1092 0.000749
3 1092 1286 1819 0.000827
3 1513 1092 1720 0.003854
3 1720 1092 1819 0.003446
3 2072 659 1513 0.002525
3 2072 1513 1720 0.004483
3 2012 1102 1823 0.093733
3 1102 2012 1337 0.069957
3 1337 2012 217 0.048589
3 1337 217 786 0.021795
3 1689 563 1337 0.038448
3 1689 1337 1424 0.022710
3 1424 1337 786 0.016943
3 1595 764 2181 0.226109
3 1680 1634 2033 0.064779
3 1000 1617 213 0.439688
3 213 1617 2033 0.479028
3 2313 585 838 0.027964
3 1680 2033 1617 0.134627
3 1 1141 2159 0.000277
3 1 2159 2235 0.000188
3 2235 2159 863 0.000225
3 2287 153 2291 0.000261
3 591 2287 2291 0.000234
3 2291 153 1669 0.000182
3 1669 153 50 0.000367
3 50 153 2287 0.000623
3 1585 741 1017 0.215662
3 1017 741 438 0.240949
3 909 510 983 0.202406
3 2311 500 1594 0.034767
3 2311 1594 2120 0.037136
3 2311 2120 2167 0.028057
3 2331 1199 2020 0.000474
3 462 2048 1012 0.000054
3 462 1719 2048 0.000249
3 1034 1806 1315 0.000573
3 1165 1550 1719 0.001054
3 1719 1972 1165 0.000695
3 478 1195 637 0.000117
3 373 478 637 0.000335
3 1195 502 637 0.000029
3 396 1510 637 0.000031
3 373 166 478 0.000937
3 2176 502 1195 0.000017
3 502 396 637 0.000038
3 1034 2259 1174 0.000188
3 1174 2048 1034 0.000095
3 1806 1034 2048 0.000251
3 2186 349 2090 0.000152
3 2090 349 361 0.000135
3 1421 1682 2163 0.000226
3 2163 1227 1421 0.000163
3 388 2163 1944 0.000473
3 2163 1682 1944 0.000391
3 2222 1261 965 0.001239
3 1155 1869 1031 0.000453
3 1869 1155 827 0.002278
3 609 827 1155 0.008672
3 1158 100 1905 0.001174
3 373 1905 100 0.001052
3 166 373 100 0.001869
3 732 100 1158 0.007045
3 1905 365 1158 0.000457
3 1692 99 1735 0.001034
3 1375 99 1692 0.002079
3 711 2160 1457 0.000206
3 446 2160 711 0.000103
3 361 725 1410 0.000127
3 361 1410 2090 0.000106
3 1179 133 1227 0.000165
3 151 758 1547 0.000816
3 1547 758 1093 0.001349
3 479 1808 2204 0.003129
3 641 1808 479 0.004053
3 1382 1525 2188 0.000579
3 1230 1251 2102 0.001518
3 2102 1251 1355 0.001325
3 1355 1251 2096 0.001262
3 191 938 967 0.011933
3 191 967 384 0.027794
3 191 384 811 0.006125
3 191 811 938 0.006558
3 1853 1049 1676 0.083080
3 1770 1535 2210 0.041021
3 480 2041 369 0.050110
3 1629 369 575 0.042091
3 369 1629 480 0.074364
3 480 1629 1666 0.102082
3 480 1666 337 0.162451
3 480 337 2041 0.095695
3 905 1454 1156 0.002994
3 905 1156 1419 0.014091
3 951 1030 957 0.000781
3 711 1646 446 0.000128
3 931 2066 2058 0.000332
3 2058 2066 167 0.000547
3 1547 2205 151 0.001734
3 151 2205 752 0.002131
3 151 752 45 0.001108
3 1459 1435 1472 0.007333
3 1552 1005 663 0.002630
3 543 663 1005 0.008210
3 266 2213 1138 0.007466
3 1983 1808 1028 0.005367
3 1983 1028 2223 0.004041
3 641 516 470 0.000777
3 1598 641 1897 0.002420
3 641 470 1897 0.001591
3 1485 516 1382 0.001043
3 1485 470 516 0.001289
3 1485 1230 2302 0.002829
3 1779 518 83 0.001783
3 1524 1779 83 0.003422
3 1850 1524 83 0.005290
3 1779 910 518 0.001331
3 194 89 1449 0.000553
3 1449 1812 194 0.000353
3 1639 89 194 0.000244
3 89 1739 1449 0.000378
3 1853 789 1386 0.090686
3 1386 2311 2274 0.035535
3 880 1386 2274 0.039184
3 880 2274 1929 0.017691
3 880 1853 1386 0.053284
3 2075 1866 360 0.047900
3 2075 360 793 0.066664
3 2075 793 666 0.108356
3 666 1754 2075 0.112717
3 943 144 785 0.007745
3 1800 144 943 0.018036
3 943 785 1852 0.012587
3 1136 370 900 0.006988
3 900 370 179 0.003142
3 18 900 179 0.004501
3 436 457 179 0.001830
3 370 436 179 0.001019
3 436 2058 457 0.000943
3 179 457 18 0.002927
3 1136 900 486 0.009170
3 1136 486 2023 0.008084
3 1136 2266 378 0.006157
3 1136 378 370 0.006232
3 370 378 2087 0.003804
3 370 2087 436 0.001498
3 457 2058 517 0.001496
3 1597 1210 167 0.001162
3 2058 167 517 0.001307
3 752 2205 1773 0.002955
3 437 1527 1601 0.027436
3 437 742 1527 0.036824
3 934 1470 2256 0.012317
3 934 2256 742 0.017949
3 993 934 437 0.037188
3 1601 993 437 0.052461
3 1470 934 993 0.014263
3 777 1470 993 0.012230
3 777 1761 1470 0.011271
3 596 663 73 0.008262
3 663 596 702 0.006249
3 777 702 596 0.005187
3 663 543 73 0.009345
3 1552 663 702 0.003651
3 358 308 243 0.019475
3 358 243 241 0.018416
3 158 358 241 0.021184
3 158 241 245 0.012364
3 1561 158 245 0.012211
3 874 245 235 0.007629
3 243 2081 230 0.010273
3 243 230 1054 0.013678
3 241 243 1054 0.012953
3 245 241 1054 0.013224
3 235 245 1054 0.012197
3 235 180 1297 0.010619
3 1054 230 180 0.019956
3 235 1054 180 0.016395
3 1297 180 653 0.014251
3 235 1297 874 0.006945
3 245 874 1561 0.007305
3 158 1561 358 0.020246
3 243 308 2081 0.011939
3 230 2081 653 0.012150
3 230 653 180 0.017427
3 2223 1582 1983 0.002140
3 2303 2020 884 0.000541
3 1011 884 2020 0.000351
3 876 2097 668 0.000284
3 2228 876 668 0.000417
3 876 1418 706 0.000495
3 876 706 2097 0.000268
3 1418 57 1255 0.001817
3 1734 1418 1255 0.001949
3 527 1734 1255 0.002968
3 397 420 807 0.001080
3 397 807 1571 0.001094
3 397 1571 840 0.000845
3 397 840 399 0.000816
3 397 399 420 0.001170
3 2286 240 1071 0.001658
3 1986 1071 1467 0.000530
3 240 2286 416 0.002503
3 240 416 238 0.001728
3 1071 240 238 0.002128
3 1071 238 1467 0.001477
3 1467 238 386 0.000854
3 2286 1571 416 0.001845
3 238 416 2206 0.001635
3 238 2206 386 0.001378
3 1467 386 2206 0.000517
3 416 1571 2206 0.001097
3 2286 1071 1910 0.000706
3 1779 1688 910 0.000774
3 512 2073 323 0.000325
3 323 2073 1389 0.000379
3 1389 2073 2009 0.000426
3 2013 277 1353 0.000608
3 850 54 1353 0.000636
3 850 2130 54 0.000787
3 2274 2167 1610 0.022136
3 2124 1686 2171 0.006807
3 316 2076 2001 0.039472
3 316 2001 814 0.017462
3 316 814 500 0.017965
3 2250 1754 666 0.149237
3 656 2250 666 0.113301
3 656 666 793 0.086000
3 793 360 1270 0.067224
3 1270 360 704 0.036715
3 1270 704 1995 0.042267
3 704 360 1866 0.056512
3 1242 2119 2307 0.022534
3 1242 2307 426 0.043051
3 1242 1234 545 0.020256
3 1242 545 2119 0.018512
3 545 1665 2119 0.030816
3 634 2077 1304 0.094573
3 1304 1237 1883 0.466122
3 634 1304 1303 0.102589
3 1304 1883 1303 0.246635
3 1303 1883 1800 0.299055
3 1303 1800 2078 0.041311
3 1133 203 1166 0.002084
3 1133 1166 1084 0.004079
3 1133 1253 203 0.002915
3 203 1253 940 0.003331
3 2143 940 1253 0.003776
3 940 2078 203 0.002944
3 203 2078 1166 0.002770
3 919 1164 366 0.010485
3 289 318 1453 0.020015
3 289 1453 268 0.021373
3 318 900 1453 0.016587
3 1453 900 267 0.016088
3 268 1453 267 0.022596
3 268 267 457 0.009253
3 268 0 289 0.015993
3 289 38 318 0.021571
3 318 38 486 0.012113
3 318 486 900 0.011537
3 650 2055 1773 0.003727
3 1773 2055 1210 0.001526
3 2166 901 2276 0.034243
3 69 1188 1982 0.092072
3 69 1516 1188 0.048867
3 1188 1516 974 0.065930
3 974 1516 1592 0.038499
3 94 1954 353 0.024626
3 1954 511 353 0.019903
3 1280 1349 2278 0.019308
3 1536 1138 980 0.004452
3 1536 980 791 0.006034
3 884 220 1855 0.000720
3 1855 220 1112 0.001953
3 1011 1587 220 0.001046
3 1587 1103 220 0.002043
3 220 1103 1112 0.002987
3 1801 2228 1228 0.000368
3 1079 1801 1228 0.000497
3 1767 2134 706 0.000232
3 2134 2097 706 0.000243
3 1916 928 449 0.000815
3 28 1129 2185 0.000787
3 28 2185 95 0.000554
3 383 28 95 0.000639
3 383 95 941 0.000691
3 1946 149 1758 0.000540
3 1946 474 149 0.000536
3 149 1496 1758 0.000450
3 1758 1218 1946 0.000504
3 2251 1082 1946 0.000880
3 971 1946 1082 0.000877
3 1946 971 474 0.000779
3 474 1496 149 0.000549
3 1496 474 1073 0.000351
3 840 2286 87 0.000522
3 1894 976 84 0.000681
3 1894 84 1656 0.000449
3 976 1894 2150 0.000873
3 976 2073 84 0.000302
3 1963 1517 2038 0.001133
3 1749 569 2130 0.000873
3 1920 2193 1686 0.007476
3 1920 85 2193 0.007586
3 2124 428 1686 0.002805
3 160 1674 1009 0.002066
3 1009 1674 2124 0.002218
3 701 1480 723 0.013079
3 723 1480 819 0.009521
3 2152 209 1810 0.017042
3 1548 2255 849 0.108910
3 2255 656 1270 0.059027
3 2255 519 656 0.078744
3 1270 656 793 0.075514
3 1270 1995 2255 0.048619
3 15 2255 1995 0.056841
3 2255 15 849 0.071225
3 1364 1959 875 0.044441
3 1959 761 875 0.044169
3 1304 2077 1237 0.258376
3 1237 2077 2011 0.149648
3 2011 2077 776 0.057665
3 1059 1393 46 0.006730
3 2143 1393 1059 0.005686
3 2143 2269 62 0.006603
3 2143 62 1393 0.007458
3 1393 1844 1778 0.016751
3 1844 1393 62 0.016950
3 703 137 604 0.023600
3 703 222 65 0.009236
3 703 65 137 0.014016
3 137 65 1164 0.013843
3 65 222 773 0.009393
3 604 468 958 0.029022
3 604 958 703 0.025899
3 222 1248 1391 0.016884
3 1391 936 222 0.019400
3 871 222 936 0.014676
3 958 468 1668 0.029808
3 406 1488 281 0.006885
3 406 2055 1488 0.008757
3 1498 1821 1668 0.015352
3 1764 1498 1668 0.018194
3 1764 697 1498 0.014346
3 74 1395 231 0.004164
3 1060 74 231 0.006511
3 1395 487 231 0.003626
3 1060 231 1431 0.004282
3 231 274 1431 0.003511
3 1431 274 1406 0.005343
3 1431 1406 371 0.006151
3 1431 371 1060 0.006617
3 1060 425 74 0.012431
3 487 274 231 0.002191
3 629 1406 274 0.006768
3 629 738 1406 0.012923
3 5 1188 1863 0.105759
3 912 1592 1027 0.043199
3 912 1027 1249 0.047446
3 1076 2044 866 0.020484
3 2044 1076 1444 0.015907
3 1319 1110 345 0.012429
3 1344 1316 918 0.007234
3 1843 1344 918 0.009533
3 1316 2103 918 0.010476
3 2103 1316 2221 0.004876
3 867 990 409 0.000536
3 990 1398 409 0.000409
3 1250 177 867 0.000629
3 177 990 867 0.000668
3 1041 2134 1579 0.000312
3 1041 2097 2134 0.000359
3 2224 2169 338 0.000199
3 877 1276 339 0.000277
3 339 1276 2224 0.000185
3 339 2224 338 0.000212
3 198 2306 1765 0.000963
3 198 1765 10 0.000298
3 198 10 906 0.000370
3 198 906 2169 0.001043
3 2169 2306 198 0.001048
3 1257 1826 1880 0.000842
3 444 2038 1786 0.001420
3 1786 2038 754 0.001033
3 636 1653 37 0.000192
3 636 37 2178 0.000232
3 1799 636 201 0.000174
3 201 636 2178 0.000238
3 1749 24 1018 0.001694
3 1018 24 1326 0.001454
3 1686 428 1920 0.005817
3 2069 1920 428 0.002790
3 410 678 2261 0.001148
3 1818 701 723 0.006930
3 1818 1009 701 0.005147
3 1456 995 765 0.008332
3 1898 605 692 0.022274
3 501 692 2115 0.020285
3 2115 692 605 0.030170
3 2249 932 1037 0.064336
3 1037 932 1660 0.043154
3 875 172 2298 0.045917
3 2034 75 169 0.022888
3 477 347 1970 0.064474
3 347 477 272 0.117675
3 347 272 1615 0.079217
3 347 1615 1417 0.105995
3 682 347 1417 0.069896
3 347 682 1970 0.047030
3 1876 1340 532 0.014874
3 532 1340 606 0.061616
3 532 606 865 0.051974
3 1340 902 484 0.037089
3 606 1340 1143 0.078358
3 1143 1340 484 0.064227
3 1198 1248 958 0.029411
3 1198 958 1668 0.034320
3 1391 1248 1198 0.032871
3 468 1813 1764 0.023967
3 1668 468 1764 0.027117
3 1811 146 1521 0.019168
3 1811 1521 1927 0.018984
3 146 1683 1521 0.029207
3 2233 1683 146 0.023365
3 513 1683 2233 0.024982
3 1287 2116 170 0.182265
3 922 1600 595 0.134511
3 1980 1409 991 0.013929
3 302 1804 469 0.076680
3 469 2271 302 0.106559
3 1309 942 633 0.070483
3 1309 633 278 0.070262
3 278 891 1309 0.093893
3 891 1277 1309 0.092996
3 1189 998 48 0.017784
3 998 1189 1277 0.029580
3 998 422 1168 0.006295
3 1168 422 451 0.013865
3 451 588 1052 0.017365
3 451 1052 1168 0.010514
3 451 422 588 0.019953
3 772 661 127 0.004310
3 1341 20 227 0.001238
3 1341 1115 20 0.001101
3 1062 1502 763 0.005564
3 1733 1062 763 0.005162
3 1172 1042 1913 0.002624
3 1053 1968 1236 0.000510
3 1968 1053 1019 0.000419
3 987 525 804 0.000284
3 987 804 1019 0.000708
3 987 1019 1053 0.000502
3 1053 1236 655 0.000471
3 105 1298 2065 0.000290
3 2065 1298 507 0.000268
3 2065 803 105 0.000452
3 987 105 803 0.000376
3 987 803 409 0.000361
3 2216 1765 1371 0.000362
3 1371 1687 2216 0.000345
3 108 906 1709 0.000524
3 1709 877 339 0.000429
3 108 1709 338 0.000384
3 339 338 1709 0.000270
3 10 1765 2216 0.000157
3 906 10 2216 0.000336
3 921 1573 1293 0.000712
3 921 1293 2027 0.000446
3 1311 2241 262 0.000076
3 1311 262 2079 0.000076
3 805 262 1208 0.000046
3 1208 262 2241 0.000058
3 197 1314 237 0.000367
3 2037 197 237 0.000341
3 237 1314 1632 0.000700
3 2037 237 1632 0.000599
3 1334 2037 1632 0.000389
3 2241 1334 1632 0.000379
3 1314 2241 1632 0.000291
3 2241 1314 1408 0.000176
3 2037 1334 627 0.000302
3 1314 197 91 0.000352
3 1408 1314 91 0.000213
3 1497 608 368 0.000095
3 1497 368 126 0.000132
3 1799 565 1497 0.000139
3 126 1799 1497 0.000116
3 611 1497 2157 0.000227
3 2157 1497 565 0.000220
3 201 700 1799 0.000149
3 2314 1320 574 0.001707
3 1345 481 1785 0.001281
3 796 410 485 0.001322
3 255 1918 2261 0.003580
3 255 2261 2024 0.002851
3 1161 1818 63 0.003768
3 1169 555 925 0.015900
3 1169 925 1699 0.007855
3 692 2019 322 0.009549
3 692 322 1898 0.020641
3 322 2019 2003 0.005763
3 935 1087 2297 0.034458
3 2115 1379 501 0.028971
3 33 580 152 0.076437
3 1777 152 580 0.078634
3 1950 2194 497 0.030295
3 1660 2191 1877 0.039226
3 284 1518 1950 0.013230
3 1828 300 301 0.071499
3 1737 301 300 0.074871
3 1134 1771 1537 0.051222
3 1134 1176 1771 0.070283
3 1176 2085 1771 0.054571
3 1791 1120 717 0.047634
3 606 1120 1791 0.060906
3 170 1351 1287 0.260578
3 1426 1287 831 0.176626
3 831 1287 1351 0.306484
3 831 1351 624 0.260776
3 831 624 1862 0.320319
3 170 1600 1654 0.219886
3 1080 1600 922 0.089429
3 1080 1654 1600 0.190908
3 541 2247 1526 0.007833
3 541 1526 1565 0.011924
3 1526 2247 843 0.010174
3 1526 843 273 0.014185
3 913 2244 39 0.084106
3 39 2244 613 0.090185
3 1482 2145 1372 0.016219
3 1372 2145 2232 0.018149
3 13 661 354 0.002418
3 354 1727 13 0.003088
3 1723 1538 354 0.002584
3 1727 354 1538 0.003948
3 1081 104 223 0.005756
3 1081 223 224 0.001692
3 1484 1081 224 0.001444
3 224 223 2108 0.001510
3 224 2108 328 0.001152
3 224 328 1484 0.001412
3 1081 1530 104 0.005248
3 2196 223 104 0.002260
3 223 2196 2108 0.002157
3 336 2316 597 0.004041
3 2108 336 597 0.002134
3 112 1628 597 0.002488
3 1339 1628 112 0.002985
3 1339 112 2316 0.003146
3 1679 1339 1458 0.004872
3 1679 1069 788 0.013208
3 632 1399 743 0.023716
3 269 1956 136 0.019789
3 269 136 710 0.013709
3 148 1541 1814 0.000436
3 1541 148 921 0.000683
3 2028 921 148 0.000471
3 2051 1185 564 0.000790
3 564 1185 334 0.000233
3 1185 331 334 0.000241
3 334 331 165 0.000124
3 1243 2049 1167 0.000257
3 1243 1167 2183 0.000361
3 2183 1095 1243 0.000298
3 1408 2049 1208 0.000119
3 1408 1208 2241 0.000102
3 1200 911 1288 0.000192
3 1281 2059 145 0.000182
3 1662 2059 1281 0.000331
3 196 2218 1016 0.000059
3 2218 607 1016 0.000062
3 1016 314 196 0.000060
3 196 314 1192 0.000101
3 196 1192 1464 0.000106
3 2218 196 1464 0.000156
3 1274 952 368 0.000289
3 608 1274 368 0.000129
3 1636 1264 2335 0.001052
3 351 2335 1264 0.000758
3 1384 1259 1057 0.003419
3 1352 1384 1057 0.004273
3 1352 1057 1747 0.004098
3 2137 1352 1747 0.005782
3 1057 1259 898 0.003699
3 1747 1057 181 0.003936
3 181 898 2138 0.004192
3 1057 898 181 0.004372
3 181 2138 359 0.004765
3 181 359 1747 0.003692
3 1384 1545 1259 0.002407
3 1545 566 1259 0.002421
3 735 1428 1494 0.008131
3 1494 1428 1215 0.007706
3 67 49 111 0.005744
3 67 111 1169 0.005811
3 705 234 317 0.030644
3 1699 317 1056 0.009009
3 234 2093 193 0.012709
3 317 234 193 0.021054
3 317 193 1056 0.004317
3 193 67 1056 0.002275
3 67 1169 1056 0.003457
3 317 1699 705 0.016214
3 705 295 234 0.017636
3 234 295 2093 0.012180
3 67 193 2093 0.004879
3 1710 1900 1067 0.036332
3 120 1087 1975 0.030373
3 1067 120 1975 0.028572
3 93 1803 1975 0.034450
3 1803 1216 1067 0.036620
3 1803 1067 1975 0.031720
3 935 1377 676 0.046021
3 676 1377 2242 0.029021
3 1214 1278 1718 0.003813
3 1214 669 1278 0.000911
3 948 1278 669 0.000701
3 1718 1278 1948 0.004776
3 1522 1219 1180 0.015592
3 1737 1590 504 0.031197
3 1737 504 1522 0.028163
3 1096 1283 2114 0.083504
3 1096 1795 1283 0.102628
3 1283 1795 2085 0.092064
3 200 2114 1647 0.057123
3 2114 200 1721 0.031843
3 1134 1647 2114 0.086406
3 961 200 1647 0.019193
3 977 1426 831 0.138709
3 977 2198 1426 0.129909
3 744 554 537 0.064440
3 744 537 794 0.070956
3 794 537 1978 0.041537
3 744 1040 554 0.098469
3 294 1862 1051 0.401994
3 1051 1862 624 0.338023
3 1051 624 1351 0.408575
3 1351 1654 1051 0.409475
3 1993 1526 273 0.007694
3 2292 186 432 0.191268
3 186 843 432 0.061200
3 1756 613 996 0.069588
3 996 1564 1756 0.110191
3 1564 996 2272 0.178385
3 996 613 2244 0.091454
3 746 1363 2125 0.191206
3 2232 802 829 0.015264
3 1568 802 2232 0.008541
3 535 195 1003 0.044365
3 720 535 1128 0.013564
3 720 1854 535 0.062832
3 1124 195 1854 0.100694
3 535 1854 195 0.118500
3 1003 1128 535 0.010555
3 1003 195 822 0.043244
3 822 195 1124 0.059504
3 822 1124 750 0.049105
3 115 1628 328 0.001489
3 328 1628 1003 0.002427
3 1128 1003 1628 0.004319
3 103 1069 271 0.103871
3 103 271 2277 0.216548
3 1183 1263 1111 0.225761
3 1183 1100 1957 0.497021
3 2132 1203 508 0.980408
3 488 1534 1157 0.231119
3 1157 1534 710 0.090314
3 1157 710 136 0.037555
3 1157 136 1956 0.012052
3 962 2236 2187 0.003137
3 450 1258 1358 0.002934
3 1358 1258 1430 0.001767
3 1258 1949 242 0.002058
3 1258 242 1430 0.002139
3 1430 466 412 0.000502
3 1358 1430 412 0.000938
3 1430 242 466 0.000756
3 412 466 1167 0.000471
3 189 412 1167 0.000425
3 189 402 412 0.000626
3 412 402 1358 0.000952
3 825 1358 402 0.000944
3 1358 825 450 0.001196
3 450 1225 1258 0.004437
3 662 242 1949 0.001603
3 242 662 2183 0.001039
3 466 242 2183 0.000478
3 2049 189 1167 0.000254
3 1845 1662 1118 0.000375
3 878 1966 244 0.000106
3 878 244 1383 0.000123
3 1383 244 1026 0.000079
3 1383 1026 1416 0.000038
3 1026 244 1966 0.000080
3 1416 1026 1446 0.000061
3 1446 1035 1416 0.000052
3 1416 1035 1911 0.000057
3 1347 1383 1911 0.000060
3 1416 1911 1383 0.000051
3 1347 878 1383 0.000062
3 1966 878 1447 0.000121
3 1446 1026 1966 0.000115
3 1121 1279 1971 0.002813
3 1971 1279 1511 0.001138
3 2208 1971 1511 0.003069
3 1121 1971 1701 0.005089
3 536 109 1370 0.039756
3 2137 109 536 0.020002
3 1887 1559 2165 0.018299
3 2165 1559 367 0.014813
3 1887 2165 892 0.020097
3 173 708 892 0.046045
3 708 1887 892 0.043293
3 173 892 1495 0.036798
3 1356 1712 1885 0.023798
3 310 147 623 0.015862
3 310 623 1885 0.015387
3 1867 623 147 0.013370
3 594 1291 221 0.029771
3 147 594 221 0.022022
3 147 221 1867 0.021225
3 2168 1890 2333 0.003543
3 1312 620 1663 0.003612
3 620 1312 2168 0.002970
3 1220 669 2337 0.000294
3 860 2262 2215 0.003385
3 1955 2215 2262 0.003801
3 923 1836 887 0.037415
3 1836 923 896 0.033580
3 2080 584 887 0.028967
3 887 584 923 0.020123
3 1368 890 768 0.021999
3 1368 1721 890 0.013982
3 1721 1368 2080 0.023544
3 1827 768 890 0.020938
3 475 1742 2113 0.007440
3 652 2000 2042 0.009308
3 294 1040 1862 0.281271
3 294 881 1040 0.262419
3 1797 1903 2292 0.327175
3 835 2272 996 0.249881
3 835 996 2244 0.167513
3 2200 835 2244 0.303034
3 1048 1908 2318 0.651855
3 1294 2318 2074 0.871065
3 1294 1048 2318 0.736398
3 1798 252 1505 0.852354
3 1642 138 1957 0.278246
3 1642 568 138 0.438476
3 138 568 2226 0.129630
3 394 1591 2031 0.963693
3 1700 394 1100 0.760534
3 1100 394 1957 0.626720
3 1642 1957 2031 0.839579
3 394 2031 1957 0.719793
3 498 665 1583 0.976433
3 508 1560 1998 0.979662
3 2008 1560 30 0.970429
3 2008 30 61 0.951654
3 30 332 61 0.914159
3 61 332 1150 0.725345
3 1560 1260 30 0.934197
3 30 1260 332 0.887072
3 122 343 454 0.081288
3 2151 454 1440 0.069481
3 343 1440 454 0.038911
3 823 1440 851 0.029353
3 823 851 1401 0.010095
3 851 1677 1401 0.009416
3 1401 1759 823 0.005575
3 823 1292 2151 0.065025
3 823 2151 1440 0.054343
3 851 1440 343 0.030868
3 2151 1292 161 0.036132
3 161 1672 2151 0.027077
3 1672 161 1423 0.016292
3 1423 161 1292 0.026970
3 472 1402 236 0.001701
3 472 236 810 0.000968
3 1014 810 236 0.000955
3 472 810 1926 0.000539
3 1402 472 1468 0.002626
3 1402 1014 236 0.001702
3 1960 2202 1977 0.001833
3 915 163 1197 0.000491
3 2067 163 915 0.000567
3 1381 1604 2053 0.001439
3 1381 2053 434 0.000602
3 1381 434 1374 0.000974
3 2061 1911 1121 0.001329
3 2032 1160 582 0.010757
3 2032 582 1235 0.010604
3 1160 2032 261 0.009365
3 1160 261 1162 0.011754
3 1162 118 548 0.053281
3 577 1162 548 0.091135
3 456 117 1204 0.009951
3 456 2257 548 0.031444
3 456 548 118 0.032631
3 456 118 261 0.011218
3 456 261 117 0.011243
3 947 1621 2257 0.038262
3 1774 489 285 0.109538
3 1186 1267 1684 0.024779
3 1186 1684 2118 0.027113
3 1186 1523 1267 0.016457
3 1695 1267 1523 0.025351
3 1175 649 618 0.032489
3 1175 618 1999 0.029588
3 1847 618 1036 0.030968
3 1847 1036 1422 0.035572
3 618 649 1036 0.027629
3 649 982 1036 0.024681
3 618 1847 2089 0.029389
3 1847 1422 1748 0.061199
3 1422 1036 1025 0.065591
3 482 221 1291 0.027436
3 1291 448 482 0.020194
3 221 482 1867 0.033593
3 1867 482 1397 0.022146
3 36 1784 128 0.024812
3 1233 128 1784 0.036841
3 66 1331 319 0.004267
3 1331 1233 319 0.013428
3 494 319 1233 0.015334
3 319 494 35 0.013680
3 319 35 66 0.007246
3 34 1562 2161 0.000451
3 34 2161 2284 0.001057
3 176 1254 311 0.000575
3 311 1805 176 0.000420
3 1805 1562 176 0.000321
3 176 1562 1254 0.000702
3 1254 2170 311 0.000805
3 622 463 2063 0.000277
3 2063 463 279 0.000232
3 1207 2063 279 0.000172
3 2215 443 219 0.001367
3 1580 1221 2215 0.001018
3 2215 1221 443 0.001334
3 2203 860 2215 0.001810
3 2215 1549 1580 0.002181
3 1549 1955 848 0.002312
3 393 2113 2141 0.006255
3 41 2113 1742 0.004468
3 413 1119 2140 0.013853
3 751 2042 1130 0.006626
3 1649 1130 321 0.025950
3 1649 321 335 0.033497
3 1649 335 1202 0.042236
3 1649 1202 1489 0.050259
3 1649 1489 2211 0.044547
3 1649 2211 1130 0.045859
3 321 1130 2042 0.015083
3 321 2042 927 0.009143
3 321 927 335 0.015161
3 335 927 251 0.018983
3 335 251 1202 0.037722
3 1940 2201 2000 0.051929
3 1006 1489 989 0.409548
3 1489 1006 2211 0.220172
3 178 828 1675 0.624741
3 178 2070 229 0.539272
3 828 178 229 0.548350
3 229 2070 187 0.273885
3 229 187 1463 0.279386
3 828 229 1463 0.398140
3 828 1463 1429 0.484436
3 1429 1623 828 0.664910
3 828 1623 1675 0.671923
3 178 1675 2070 0.601239
3 1023 187 2070 0.323049
3 187 1023 1463 0.209758
3 1463 1490 1429 0.321852
3 1429 1490 499 0.488306
3 1908 376 333 0.723431
3 333 376 2285 0.763429
3 2146 756 1985 0.856484
3 2146 1985 960 0.811909
3 756 2146 1575 0.868032
3 2319 2293 1575 0.892109
3 1624 988 2207 0.927729
3 2031 233 1642 0.974158
3 1923 215 276 0.963632
3 276 215 1840 0.980235
3 1840 215 1324 0.821486
3 453 2279 740 0.804915
3 453 740 1923 0.781262
3 453 171 2279 0.844858
3 2279 2179 2060 0.859909
3 2279 171 1387 0.946455
3 1387 171 3 0.980101
3 3 171 1851 0.922315
3 1583 665 1145 0.906732
3 1378 1462 1323 0.265596
3 1750 1825 1468 0.026264
3 2098 352 1572 0.484933
3 857 352 2098 0.671845
3 1960 1746 2098 0.021830
3 1960 2098 1572 0.023494
3 2098 1746 551 0.199751
3 2270 857 551 0.684057
3 2083 1694 964 0.042372
3 249 1696 2067 0.001514
3 1365 582 1160 0.031350
3 1365 1160 1162 0.026958
3 1162 577 1365 0.107162
3 577 1569 1046 0.310345
3 1046 1569 1483 0.254821
3 1123 1697 164 0.071113
3 1123 164 1390 0.108440
3 1123 1390 872 0.095512
3 1574 1902 164 0.077323
3 674 1523 2071 0.074677
3 852 123 2071 0.040819
3 852 2118 832 0.012437
3 123 852 1607 0.020442
3 1607 852 832 0.015782
3 1839 467 2195 0.000057
3 1839 748 467 0.000059
3 2195 693 2291 0.000110
3 755 1805 1207 0.000235
3 755 382 1805 0.000116
3 2063 1207 1805 0.000294
3 1296 1493 530 0.000871
3 1240 1912 320 0.011849
3 1240 320 1514 0.016996
3 1912 202 320 0.004134
3 320 202 848 0.008362
3 320 848 1514 0.009996
3 1838 1434 1099 0.024103
3 2101 1262 1106 0.028462
3 2091 888 1226 0.904866
3 2040 1313 647 0.612467
3 1313 2040 675 0.521256
3 490 986 847 0.938204
3 847 986 2217 0.934495
3 1985 286 1661 0.923984
3 1985 1661 374 0.903668
3 2285 374 1661 0.880953
3 1985 374 960 0.848732
3 960 376 1908 0.761331
3 376 960 374 0.835747
3 376 374 2285 0.822114
3 125 2121 2015 0.964857
3 2015 2121 2105 0.946960
3 2105 1135 8 0.971967
3 2105 8 1491 0.974797
3 8 1135 2129 0.978414
3 2129 1135 944 0.970147
3 6 696 2086 0.976658
3 688 1442 671 0.967326
3 671 1442 1256 0.973812
3 920 688 1614 0.986995
3 2179 1766 1413 0.952429
3 1400 2279 1387 0.974720
3 1238 686 1878 0.991638
3 1469 1131 1606 0.979782
3 1131 1469 290 0.980113
3 1427 492 570 0.931529
3 570 492 1886 0.953554
3 798 116 1531 0.093071
3 116 381 1531 0.110229
3 1452 1994 2088 0.012645
3 1452 2088 1702 0.015982
3 1702 2158 1359 0.024972
3 2158 1702 2088 0.016252
3 1702 1359 712 0.023900
3 22 2158 340 0.011399
3 340 2158 2088 0.011024
3 340 2088 2219 0.007513
3 340 2219 22 0.010763
3 1094 459 1532 0.343093
3 1532 459 573 0.212715
3 573 459 1787 0.034603
3 405 979 483 0.106376
3 483 979 1222 0.142777
3 2110 2094 1077 0.062346
3 2110 1077 1346 0.032691
3 1390 132 872 0.081257
3 1390 1884 132 0.074642
3 2300 2315 994 0.006887
3 1182 1769 984 0.003866
3 1182 1822 1769 0.002067
3 1822 1182 2035 0.001724
3 587 1837 973 0.000196
3 2156 1893 1745 0.000134
3 2322 1893 2231 0.000117
3 1992 2068 1669 0.000298
3 1437 1992 355 0.003519
3 1262 687 553 0.101675
3 945 1224 836 0.955398
3 945 836 1664 0.959656
3 986 2015 27 0.946159
3 986 27 2217 0.935734
3 1201 2217 27 0.952112
3 1091 1491 2310 0.978193
3 1473 1757 256 0.980427
3 1473 256 1491 0.978096
3 1491 256 2310 0.977445
3 1757 1473 2129 0.976677
3 1757 2129 2197 0.981492
3 419 2197 2129 0.967650
3 2092 916 2273 0.972387
3 2281 955 1002 0.826091
3 1002 955 531 0.888159
3 531 2010 1919 0.825240
3 531 1919 1002 0.894717
3 2010 1691 1919 0.787914
3 461 1707 346 0.969299
3 461 346 930 0.901575
3 930 1766 461 0.947393
3 461 1766 1465 0.971260
3 461 1465 1707 0.970589
3 1886 1465 1131 0.931545
3 1131 1465 2246 0.950105
3 1131 2246 1606 0.986834
3 1131 570 1886 0.964134
3 570 290 1427 0.960327
3 1427 290 2270 0.911175
3 290 570 1131 0.968454
3 1641 625 1066 0.183087
3 298 1329 798 0.341873
3 298 798 1531 0.108036
3 298 1531 2336 0.059918
3 298 2336 1329 0.257591
3 1187 2131 1487 0.023881
3 1487 2131 1705 0.013779
3 1451 1645 2100 0.100918
3 1451 2100 1789 0.064946
3 421 1551 264 0.032957
3 421 264 979 0.045188
3 1528 1731 2106 0.002875
3 544 1528 2106 0.002297
3 2212 1170 2300 0.010215
3 1170 2212 2283 0.012801
3 1170 2283 2144 0.010308
3 1163 1620 2300 0.011210
3 1163 2300 1425 0.009436
3 899 403 184 0.004303
3 899 184 348 0.004448
3 348 1246 899 0.004062
3 403 899 1599 0.003143
3 1396 1599 899 0.001889
3 403 1599 2123 0.002112
3 2332 1039 908 0.000443
3 1246 908 1039 0.000766
3 908 1246 1717 0.001219
3 2109 1045 1952 0.000127
3 342 1952 1045 0.000173
3 1376 1460 778 0.000040
3 2045 1050 130 0.000460
3 778 130 1050 0.000303
3 225 1837 1989 0.000095
3 225 1989 1307 0.000114
3 225 1307 2308 0.000049
3 2154 2289 727 0.000588
3 2154 727 2184 0.001341
3 2095 2068 667 0.000275
3 2095 667 1074 0.000688
3 698 1899 182 0.004179
3 698 280 1899 0.003528
3 1899 280 667 0.001473
3 1899 1152 182 0.003323
3 206 1835 1369 0.050536
3 206 1369 698 0.018589
3 206 698 730 0.014331
3 1152 730 182 0.006488
3 280 1369 759 0.013166
3 759 997 280 0.009484
3 280 997 667 0.005984
3 92 1273 730 0.040802
3 730 1273 206 0.037656
3 206 1273 1835 0.053105
3 404 945 1790 0.754386
3 1790 945 1907 0.852854
3 687 1670 553 0.220432
3 1953 1154 2248 0.982472
3 1953 2248 1317 0.971520
3 1317 1943 1953 0.893163
3 1327 691 400 0.957835
3 400 691 1366 0.973738
3 1366 691 787 0.979169
3 722 1738 299 0.987755
3 722 299 658 0.972599
3 1567 658 299 0.992971
3 722 2175 1738 0.962533
3 1738 1567 299 0.994018
3 1116 31 159 0.949542
3 1116 1833 31 0.962015
3 31 1833 2273 0.951726
3 31 2273 159 0.915700
3 790 1693 1002 0.881363
3 790 1002 1919 0.875613
3 1930 1433 346 0.868239
3 346 1433 930 0.913626
3 1921 1466 2214 0.092621
3 547 56 1962 0.022191
3 547 1962 1951 0.033744
3 327 1831 1436 0.055713
3 1436 1831 471 0.052736
3 1436 471 1149 0.095730
3 1436 1481 327 0.030000
3 327 640 1831 0.039689
3 471 1831 58 0.038399
3 1149 2100 1139 0.094568
3 2192 2260 689 0.001888
3 458 1450 689 0.000278
3 783 841 1132 0.000849
3 1858 783 1132 0.000895
3 19 929 1357 0.018920
3 1061 1357 1289 0.012031
3 1289 141 1061 0.010118
3 1357 1061 19 0.008808
3 19 841 929 0.003725
3 929 841 783 0.002424
3 1620 204 2212 0.021164
3 2212 204 141 0.014903
3 141 204 1061 0.009143
3 1924 578 248 0.000689
3 248 578 2139 0.000602
3 2139 363 861 0.001589
3 861 363 78 0.002602
3 1924 1132 578 0.000690
3 248 1834 1924 0.000773
3 1834 248 2139 0.000813
3 1599 1414 2123 0.000804
3 1373 1178 239 0.000069
3 239 1178 1024 0.000106
3 1178 1114 1024 0.000157
3 1373 239 1616 0.000085
3 1373 1616 1729 0.000096
3 1729 868 1373 0.000080
3 868 1860 1373 0.000065
3 1373 1860 1178 0.000043
3 2017 1178 1860 0.000092
3 1178 2017 1114 0.000117
3 239 1024 1616 0.000129
3 2062 1098 868 0.000248
3 51 2174 86 0.000142
3 207 855 2109 0.000081
3 207 2109 2126 0.000068
3 207 2174 855 0.000055
3 1741 1906 2109 0.000055
3 1050 1229 1376 0.000123
3 1376 1229 1302 0.000051
3 2045 1728 505 0.000381
3 2045 2184 32 0.000939
3 389 1724 593 0.000420
3 130 389 593 0.000660
3 389 130 778 0.000439
3 389 778 1460 0.000149
3 389 1460 1724 0.000123
3 1715 1068 423 0.043928
3 1715 423 1984 0.025589
3 1613 1984 423 0.029954
3 2004 1613 423 0.034329
3 2004 423 1068 0.045693
3 2004 1068 1596 0.144358
3 1596 1068 1655 0.085667
3 1533 1790 1943 0.429043
3 1533 1943 542 0.551457
3 1533 542 1870 0.534750
3 1317 542 1943 0.703430
3 2248 1792 1125 0.567885
3 2248 1125 1317 0.652543
3 216 839 2225 0.835656
3 839 216 2016 0.699086
3 2016 216 795 0.633763
3 795 216 1385 0.675348
3 460 2104 1933 0.905647
3 2104 1752 1933 0.875216
3 767 1904 1809 0.727290
3 767 1809 1445 0.756704
3 1904 1961 1809 0.530336
3 1904 1305 946 0.571671
3 1305 1904 134 0.675490
3 1904 946 1961 0.539075
3 1072 407 228 0.716629
3 228 407 1932 0.548782
3 1751 2214 1917 0.045798
3 2214 1951 1917 0.046896
3 1962 1917 1951 0.068232
3 1962 157 1917 0.046185
3 1917 157 1772 0.035070
3 1917 1772 1652 0.025790
3 2014 1481 1939 0.018143
3 1996 522 226 0.000043
3 1996 226 2099 0.000043
3 1996 2099 515 0.000103
3 522 1171 226 0.000048
3 2099 226 17 0.000041
3 2099 17 1794 0.000190
3 1824 2099 1794 0.000357
3 2099 1824 515 0.000272
3 816 1996 515 0.000121
3 816 2174 1996 0.000071
3 1996 2174 82 0.000043
3 1996 82 522 0.000046
3 226 1171 17 0.000074
3 1824 1450 2017 0.000209
3 578 2056 2139 0.000785
3 2056 363 2139 0.000885
3 2056 78 363 0.002572
3 868 1098 1860 0.000202
3 2126 1171 522 0.000071
3 1412 1714 1969 0.002653
3 1969 826 1412 0.004100
3 826 728 1412 0.007916
3 1861 1969 1714 0.002006
3 1223 26 306 0.024121
3 972 1244 1223 0.008578
3 1223 1244 26 0.015800
3 26 1244 764 0.029331
3 26 764 306 0.035113
3 1492 2181 292 0.327432
3 1492 292 1008 0.477888
3 1008 292 2299 0.439750
3 2299 1308 1008 0.513226
3 1008 1308 1043 0.548556
3 1043 1090 1492 0.597381
3 2181 1492 1090 0.462555
3 1090 1043 305 0.511719
3 1043 1308 305 0.578818
3 305 1308 435 0.499440
3 275 312 1848 0.142473
3 1448 2018 1231 0.042614
3 1875 1231 1732 0.013648
3 1732 1231 2018 0.014322
3 1385 162 1448 0.541085
3 1385 1448 119 0.461341
3 2033 1448 162 0.344710
3 442 1612 1000 0.390933
3 1612 442 1445 0.470168
3 1445 1177 1612 0.472686
3 1177 1557 254 0.273499
3 1177 254 1612 0.251559
3 254 1557 766 0.168370
3 950 1932 1947 0.384694
3 950 1947 1557 0.428060
3 950 1557 1961 0.380498
3 1932 2007 1947 0.268527
3 1947 766 1557 0.319769
3 846 585 1475 0.089651
3 1475 585 549 0.065282
3 1720 2012 549 0.026374
3 1000 1380 968 0.119840
3 1000 1612 1380 0.253623
3 1380 1612 254 0.126726
3 1380 254 766 0.134059
3 1380 766 1823 0.161260
3 1380 1823 968 0.108117
3 968 1823 1102 0.070999
3 1861 1714 2064 0.002144
3 185 329 1461 0.003066
3 1193 185 1461 0.006290
3 1193 1461 427 0.004619
3 329 185 247 0.005336
3 185 1732 247 0.007320
3 329 247 1461 0.003444
3 427 1461 1029 0.002400
3 1461 247 2064 0.001930
3 2064 1029 1461 0.001507
3 427 1708 1193 0.007731
3 185 1193 1875 0.010005
3 185 1875 1732 0.007903
3 1732 2018 247 0.005369
3 247 2018 1634 0.005809
3 247 1634 2064 0.004079
3 1872 306 1595 0.044335
3 306 1872 1223 0.017695
3 1872 1595 1848 0.080534
3 1848 1595 275 0.216387
3 79 1875 1848 0.043268
3 1269 1848 1875 0.016451
3 1269 1872 1848 0.017515
3 2036 766 1947 0.199515
3 2036 1947 2007 0.215785
3 1624 2293 2319 0.914944
3 1624 2319 2074 0.873989
3 1715 727 2320 0.005429
3 1715 2320 1704 0.009887
3 1636 2335 2321 0.001047
3 1636 2321 1895 0.000702
3 747 1942 2323 0.044292
3 747 2323 2122 0.051790
3 1837 1893 2322 0.000118
3 1837 2322 1989 0.000094
3 1329 2336 2338 0.349367
3 2244 913 2328 0.081370
3 2244 2328 2125 0.151727
3 1855 657 2324 0.001882
3 1855 2324 2223 0.002143
3 2194 1950 2325 0.024010
3 2194 2325 1763 0.038156
3 977 794 2326 0.108317
3 977 2326 2198 0.070133
3 2113 1196 2327 0.019129
3 2113 2327 719 0.018430
3 2113 719 2329 0.017393
3 2113 2329 475 0.015498
3 779 1163 2330 0.006882
3 779 2330 2148 0.004042
3 1265 2203 2337 0.001268
3 745 1190 2334 0.008179
3 745 2334 2187 0.004404
3 86 1039 2332 0.000388
3 86 2332 1045 0.000310
3 2228 1801 2331 0.000414
3 2228 2331 1332 0.000474
3 1254 2284 2333 0.002887
3 1254 2333 1890 0.001995
