ply
format ascii 1.0
comment Generated by PyMesh
element vertex 2261

property float x
property float y
property float z
property float charge
property float hbond
property float hphob
property float nx
property float ny
property float nz
property uchar red
property uchar green
property uchar blue
element face 4518
property list uchar int vertex_indices
property float predict_score

end_header
-6.57 55.858 110.746 -0.537233 -0.0173186 1.8 1 -0.871269 -0.488188 255 22 22
-3.558 60.245 103.878 2.61769 0.549008 -3.5 0 0.307364 0.360638 1 1 255
9.158 59.563 95.167 0.152974 0 -0.7 0 0.228343 0.733988 1 1 255
0.86 41.781 97.327 0.844376 0.70922 -3.5 0 -0.135999 0.65431 2 2 255
27.558 48.571 101.819 0.464612 0.0339426 -3.5 0 0.617882 0.61409 11 11 255
24.5885 42.325 93.0785 0.161693 0 4.2 0 0.511513 0.214727 4 4 255
25.718 43.0665 95.271 0.554442 0.0822797 -0.678121 0 0.445475 0.868757 38 38 255
18.157 35.0175 104.542 -0.471348 -0.00138657 -3.5 0 -0.346595 0.267295 6 6 255
15.7415 34.7915 100.225 0.230288 0 -3.5 0 -0.829141 -0.465583 2 2 255
19.5295 58.0815 110.065 0.443534 0 -3.34989 0 0.320518 0.345985 6 6 255
-5.312 54.54 112.663 0.150182 0 1.8 1 -0.292358 -0.934417 255 2 2
23.7375 56.302 101.054 0.175554 0 -3.2 0 0.827276 -0.21195 12 12 255
0.763 38.653 98.0335 0.115494 0 -3.5 0 -0.161578 -0.614672 2 2 255
9.834 58.678 115.215 0.262392 0 -1.6 0 -0.478872 0.863509 7 7 255
1.3625 56.5235 118.247 0.0333287 0 3.8 0 -0.241296 -0.076686 255 194 194
6.751 64.0835 101.649 0.375858 0.0259333 -0.8 0 -0.339586 0.0160447 0 0 255
8.649 41.548 93.916 -0.984565 -0.706238 -3.5 0 -0.421348 -0.861272 36 36 255
21.4715 38.7105 110.079 1.03362 0.731186 -4.5 0 -0.0815845 -0.421952 7 7 255
-0.3555 60.433 103.573 9.28599 0 -3.9 0 -0.320849 0.942739 0 0 255
1.2245 53.2685 100.293 0.0467752 -0.757929 -3.5 0 -0.807948 -0.0290308 0 0 255
2.906 33.1665 101.053 -0.411381 -0.585286 -1.43459 0 -0.581562 -0.766521 1 1 255
-3.5955 58.171 116.581 -0.620992 -0.415777 3.8 1 -0.61973 -0.450767 255 98 98
8.433 59.0425 94.2795 0.109957 0 -0.7 0 0.00713965 0.466498 2 2 255
20.99 35.415 94.4065 -0.724479 -0.0951288 1.8034 0 -0.74715 -0.599961 0 0 255
-4.068 66.986 112.619 -0.083648 0 -1.88536 0 -0.135124 0.739907 15 15 255
-4.5485 67.1825 113.477 -0.174186 -0.0736868 -1.8855 0 -0.563592 0.824519 7 7 255
-1.664 37.221 108.72 0.519413 0.559904 -3.5 1 -0.485617 -0.704753 255 21 21
9.889 62.457 105.695 -1.48566 -0.0803478 2.8 0 0.194165 0.327718 3 3 255
23.132 56.605 104.126 0.568149 0 -3.2 0 0.837845 0.274396 17 17 255
25.877 31.875 92.759 -0.612336 0 -3.5 0 -0.0285419 -0.393362 0 0 255
11.235 59.628 109.288 -0.170711 0 2.8 0 -0.045748 0.817586 7 7 255
23.683 33.243 93.758 0.674329 0.390616 -3.5 0 -0.762887 -0.620829 0 0 255
5.039 54.3825 97.633 -0.129182 -0.0425865 0.56877 0 -0.388777 0.250918 0 0 255
16.445 51.8845 116.637 -0.714836 -0.279851 -3.5 0 0.726549 -0.25345 9 9 255
27.772 46.5955 100.224 0.45843 0.401813 -3.5 0 0.771706 0.449186 6 6 255
16.291 38.295 104.357 -1.47756 0 -3.5 0 -0.851206 0.00235087 9 9 255
16.5945 38.3455 105.389 -1.92794 -0.367647 -3.5 0 -0.90752 -0.151974 7 7 255
21.602 34.232 104.598 1.19555 0 -4.5 0 0.321177 -0.925845 2 2 255
21.435 44.5185 90.6685 0.108337 -0.00985822 4.2 0 0.350463 0.727188 0 0 255
5.3015 54.752 116.046 0.0253457 0 4.2 0 -0.386008 -0.598986 168 168 255
20.2175 57.702 100.369 -0.274504 0.02708 -3.2 0 0.0498551 0.679826 23 23 255
-3.419 51.887 106.189 0.160118 0 4.5 0 -0.870621 -0.179501 255 39 39
22.698 45.645 113.02 -0.66032 -0 -0.8 0 0.838143 0.278778 0 0 255
14.0915 42.112 104.554 0.286424 0 -1.3 0 0.207799 -0.847288 11 11 255
22.7127 42.6769 90.6516 0.0670106 0 4.2 0 0.810882 0.315604 0 0 255
-5.3005 57.84 114.132 0.16044 0 1.8 1 -0.431355 0.215006 255 31 31
12.5343 64.6087 98.4293 0.631629 0 -4.5 0 -0.329206 -0.245452 1 1 255
3.316 63.6015 116.939 -0.580208 -0.123592 -1.28002 0 0.607879 0.382429 11 11 255
-1.8575 56.3652 114.866 -0.117225 0 3.8 1 -0.503506 -0.702601 255 13 13
13.6805 65.63 105.484 0.578424 0 -0.4 0 -0.672981 0.693762 4 4 255
26.2523 39.6852 105.021 -0.0593095 -0.0566743 -4.5 0 0.359488 -0.92393 0 0 255
-3.23225 60.9362 110.864 -0.799556 -0.877406 -3.9 0 0.39996 0.7517 255 181 181
17.6133 63.1609 109.998 -0.0183607 -0.00071622 -3.5 0 0.760447 0.58664 95 95 254
13.2075 64.1075 107.257 -0.969705 -0.0140879 -0.4 0 -0.732825 0.460735 18 18 255
0.887 41.359 105.096 0.187351 0.0156453 -0.7 1 -0.838065 0.528413 253 253 255
-3.9805 61.092 105.982 0.446316 -0.172782 -3.5 0 -0.290627 0.955455 4 4 255
13.0907 42.641 109.967 0.427984 0 3.8 0 0.345328 -0.594287 28 28 255
10.111 52.8363 115.132 -1.15141 0 1.8 0 -0.862972 -0.0672568 76 76 255
22.0128 47.537 97.6523 0.120262 0 1.8 0 0.688083 0.61888 4 4 255
-0.140625 38.6077 98.7654 0.291089 0 -3.5 0 -0.558709 -0.545356 3 3 255
22.856 53.185 101.808 0.0575111 0 -0.7 0 0.972826 0.168617 34 34 255
22.586 66.7355 106.868 0.304529 0 -1.6 0 0.281513 0.608126 14 14 255
8.9245 39.5143 109.001 -0.124638 0 -3.5 0 0.799276 -0.549009 12 12 255
11.6985 66.851 99.962 1.14675 0 -4.5 0 -0.757219 0.597346 2 2 255
3.0315 60.967 98.7785 0.807515 0 -3.5 0 0.530181 0.461931 0 0 255
6.6875 39.743 110.234 -1.40212 0 -3.5 0 0.0743667 -0.0989582 255 134 134
15.1962 50.7933 91.4645 0.947459 0 -1.30409 0 -0.00442992 0.204545 3 3 255
16.8143 37.2557 104.692 -1.11269 -0.717736 -3.5 0 -0.657634 -0.429825 7 7 255
8.106 54.673 115.732 -0.182468 0 4.2 0 0.188349 -0.70023 59 59 255
1.452 55.269 98.1805 0.294261 0 -1.6 0 -0.465615 -0.7828 0 0 255
7.68425 43.026 93.0545 -1.64237 -0.573662 -3.5 0 -0.919942 -0.151295 12 12 255
12.3555 66.7785 99.0758 0.747188 0 -4.5 0 -0.558793 0.421189 1 1 255
22.343 40.5075 110.728 0.714873 0 -4.5 0 0.458952 -0.407417 2 2 255
20.283 37.7285 91.912 -0.00240963 0 -0.7 0 -0.757539 -0.186339 0 0 255
1.9455 69.203 105.902 -0.129818 0 -0.7 0 0.0291789 0.729703 2 2 255
3.04475 36.5173 106.382 -0.312293 -0.272491 -2.64003 0 -0.13159 -0.753405 32 32 255
21.754 65.4962 107.858 0.319473 0 -1.6 0 0.335552 0.179142 17 17 255
6.57425 58.9528 96.5468 0.0187941 0 -0.7 0 -0.60158 0.663474 0 0 255
11.053 38.681 100.27 -0.0771277 0 -0.4 0 -0.291142 -0.488384 5 5 255
20.898 37.6562 91.093 0.0038823 0 -0.7 0 -0.70454 0.158879 0 0 255
7.0015 36.698 106.951 -0.88093 -0.150274 -3.20308 0 0.673495 -0.58418 23 23 255
0.973 62.682 108.585 0.81213 0 -0.8 0 -0.527019 0.0621642 19 19 255
18.3223 67.9265 105.573 -0.442738 -0.939474 -1.69005 0 -0.228921 0.930086 6 6 255
5.3575 53.63 94.1075 0.124428 0 3.8 0 0.380834 0.922736 0 0 255
-0.855 37.541 109.214 0.600759 0.337889 -3.5 0 0.00604924 -0.564609 255 31 31
9.5125 60.655 100.213 0.0148966 0 -0.8 0 -0.381275 0.633898 1 1 255
28.2768 44.5975 101.149 0.347248 0 -3.5 0 0.791297 0.558495 6 6 255
14.7067 34.7057 103.293 -1.49941 -0.30236 -3.5 0 -0.878656 0.0101381 6 6 255
14.867 55.3117 93.3538 0.0758891 0 -0.8 0 0.398947 0.481387 0 0 255
10.4935 38.7687 97.7383 0.253948 0 -0.4 0 -0.742629 -0.530265 5 5 255
-5.633 60.91 116.055 -0.798348 -0 -1.6 0 -0.0568625 -0.388348 255 192 192
21.1699 49.0411 95.7605 -0.0627928 0 3.8 0 0.559024 0.72702 3 3 255
8.1235 66.9167 101.602 0.287051 0 -0.8 0 -0.257688 0.728082 5 5 255
2.4305 67.3775 113.99 -0.0981267 0 -3.5 0 0.482319 0.871384 10 10 255
5.02075 66.404 109.114 -0.566097 -0.900132 -3.5 0 0.570195 0.350144 4 4 255
23.171 42.933 91.6645 -0.099203 0 4.2 0 0.806051 0.191166 1 1 255
15.456 44.655 90.561 0.420375 0 3.8 0 0.34037 -0.907359 0 0 255
16.214 32.512 100.713 0.202467 0 -3.5 0 -0.573651 -0.513891 1 1 255
5.035 43.544 95.577 0.533563 0 -4.5 0 0.279344 -0.442433 6 6 255
20.142 53.133 106.676 -0.480085 0 -1.95094 0 0.974884 -0.0737713 12 12 255
-0.22975 54.4345 113.368 -0.015828 0 4.48688 1 -0.77399 -0.621467 255 2 2
11.377 60.416 97.8805 -0.178577 0 -0.8 0 -0.0724629 0.647801 1 1 255
27.1145 47.6895 100.24 0.143256 0 -3.5 0 0.489991 0.487898 12 12 255
-4.8165 62.735 116.774 0.360217 0 -1.6 0 -0.278147 -0.136858 161 161 255
20.9395 56.9453 99.2793 -0.133489 0.788509 -3.2 0 0.195017 0.264182 17 17 255
-0.5055 61.7702 98.646 3.07871 0 -3.5 0 -0.610306 0.482209 0 0 255
15.2695 62.018 112.335 -0.326228 -0.017694 2.47385 0 -0.24518 0.599265 3 3 255
27.7175 48.3535 105.361 0.725052 0.172356 -3.5 0 0.178997 0.631525 21 21 255
15.778 68.1495 103.605 -0.83129 -0.880824 -3.5 0 -0.23132 0.953639 2 2 255
8.035 65.3785 105.575 0.15716 0.157834 -3.5 0 0.560389 0.543899 12 12 255
-3.16025 65.1817 116.274 -0.938947 0 -3.25397 0 -0.288185 0.132922 27 27 255
29.432 39.2865 93.1475 -0.371937 0 -0.7 0 0.861067 -0.443397 28 28 255
11.4362 66.5062 103.167 0.230773 0 -4.38739 0 0.248649 0.828591 3 3 255
16.75 43.4885 93.0472 0.110536 0.286394 3.8 0 -0.486614 -0.629596 0 0 255
13.456 52.257 91.909 0.552291 0.64177 1.8 0 -0.0764219 0.703348 1 1 255
1.35075 42.5605 104.441 0.0299475 -0.000479645 -0.793331 1 -0.97577 0.147512 255 234 234
9.7685 46.7465 115.105 0.473026 0 -3.9 0 0.661804 -0.154829 255 204 204
11.9905 40.9753 108.618 10.8102 0 3.8 0 -0.0853572 -0.971279 18 18 255
-5.74925 63.1385 110.648 0.643176 0 -3.9 0 0.114812 0.678279 173 173 255
14.521 59.84 114.038 -0.407641 0 2.8 0 -0.176902 0.273235 6 6 255
3.199 67.1845 105.622 0.798572 0 -0.7 0 0.203301 0.198909 2 2 255
11.2415 51.8037 91.5567 0.143057 0 1.8 0 -0.138063 0.906602 1 1 255
1.064 68.9033 109.831 0.409102 0.555718 -0.7 0 -0.646462 0.562316 6 6 255
8.815 36.35 104.363 -0.0501981 0 -1.5264 0 0.8669 0.383656 5 5 255
7.55425 38.7738 106.257 -1.33864 0 -1.08153 0 0.972818 -0.194368 129 129 255
3.2665 64.981 117.01 -1.17438 -0.0508858 -3.5 0 0.264066 0.34119 7 7 255
16.913 58.809 98.314 -0.0801141 0 -0.7 0 0.149905 0.545887 2 2 255
27.413 43.4538 105.742 1.10623 0 -2.62472 0 0.965295 0.248729 7 7 255
10.591 56.567 118.339 0.0022494 0 -1.6 0 -0.589434 -0.0884964 26 26 255
27.8438 46.2025 105.383 0.0320241 0.154092 -1.84084 0 0.945789 -0.248842 9 9 255
18.9025 57.4645 110.599 0.517937 0 -0.7 0 0.565274 0.142779 9 9 255
0.41925 60.137 108.02 0.862027 -0.667926 -0.8 0 -0.0700201 0.554617 9 9 255
6.8595 56.2155 96.2895 -0.0455346 -0.031949 -0.749256 0 -0.571669 -0.548054 1 1 255
18.8358 36.9938 107.907 0.904518 0 -4.5 0 -0.74006 -0.512456 5 5 255
4.25775 61.2415 116.659 -0.545729 -0.391842 -0.8 0 0.948116 -0.0143502 21 21 255
22.606 50.9855 98.599 -0.105733 0 -0.7 0 0.609112 0.0765828 1 1 255
6.901 65.997 107.74 -0.990616 -0.121727 -3.5 0 0.88902 0.413239 6 6 255
10.048 47.0812 92.286 -0.764026 -0.0497232 1.04043 0 -0.549027 -0.0611431 0 0 255
12.144 66.679 102.299 0.558929 0 -4.5 0 0.0274827 0.900887 3 3 255
8.09825 61.6502 111.947 -0.482346 0 2.8 0 0.763107 0.144483 11 11 255
21.001 46.429 113.206 -0.736213 -0.577214 -0.8 0 -0.168199 0.795952 2 2 255
25.3848 32.909 98.8706 6.90011 -0.0659691 -3.5 0 -0.489547 -0.858291 0 0 255
11.958 53.4053 94.3402 -0.42879 -0.146211 1.00926 0 -0.651627 0.326076 1 1 255
7.71725 41.2327 95.3475 0.0669212 0.00894123 -0.7 0 -0.605696 -0.286937 13 13 255
8.63663 31.916 102.156 0.147478 0 -1.6 0 0.568764 -0.592062 0 0 255
15.621 67.693 102.698 0.0665843 -0.458623 -3.5 0 -0.288241 0.957274 1 1 255
-4.63225 66.3808 111.948 0.292384 0 -1.6 0 -0.0270701 0.561848 17 17 255
6.532 53.1367 92.1618 0.0536952 0 3.8 0 0.598755 0.768302 0 0 255
2.3045 51.217 112.921 0.105401 0 4.5 1 -0.0611954 -0.47328 255 7 7
5.8065 31.1933 102.871 0.212941 0 -1.6 0 -0.542636 -0.839664 0 0 255
24.9775 47.4183 104.082 0.331895 0 -3.5 0 -0.161836 0.952795 13 13 255
29.9818 42.6948 96.17 -1.92855 -0.777164 -3.5 0 0.910287 -0.2242 56 56 255
2.2975 37.2557 100.112 -0.0812196 0 -2.8199 0 0.247781 -0.492843 5 5 255
2.537 47.0078 105.197 -0.901851 -0.0737194 -1.15545 1 -0.231714 0.388879 255 72 72
19.4953 68.3132 106.06 -0.813708 -0.110508 -1.6 0 0.0178321 0.982473 11 11 255
3.75925 48.5588 108.789 -0.560677 0 -1.3 1 -0.938729 0.105377 255 3 3
-0.9935 57.3795 117.392 0.025748 0 3.8 0 -0.524461 -0.193891 255 82 82
20.1215 37.2743 109.149 1.39749 0.716777 -4.5 0 -0.298588 -0.40543 4 4 255
29.2108 44.4528 99.4593 -0.825965 -0.275338 -3.5 0 0.548683 0.656494 15 15 255
13.546 47.371 113.471 0.163177 0 1.8 0 0.296336 -0.219773 31 31 255
2.198 52.1065 107.394 -0.0734369 0 4.03392 1 0.318282 -0.910352 255 2 2
1.267 58.8187 106.221 1.34568 0 -0.637614 0 -0.299334 0.944886 10 10 255
22.608 44.5555 112.963 0.156754 0 -0.8 0 0.930411 -0.188431 1 1 255
18.8808 49.6058 111.792 0.232841 0 -4.5 0 -0.0343572 0.171348 0 0 255
-3.877 62.3645 116.886 0.296902 0 1.66039 0 -0.440665 -0.203948 171 171 255
8.7005 50.1455 118.824 -1.49408 -0.369282 -3.5 1 -0.987675 0.0311243 240 240 255
18.2565 52.565 111.283 0.0935866 0 4.2 0 0.327307 -0.131213 1 1 255
-6.22925 55.9897 114.149 0.137203 0 1.8 1 -0.718229 -0.154738 255 9 9
-1.43925 49.0552 108.438 -0.0579674 0 4.5 1 0.629583 -0.752014 255 3 3
4.255 53.0385 91.1148 0.0779917 0 3.8 0 -0.352346 0.696086 0 0 255
16.038 61.4845 98.647 -0.978802 -0.0983989 -3.5 0 0.0695334 -0.126184 0 0 255
12.34 41.158 105.77 8.02622 0 -4.06326 0 0.489615 -0.870176 4 4 255
11.428 40.951 106.33 9.48383 0 -4.06263 0 0.0616814 -0.975225 4 4 255
6.62675 31.7017 101.043 0.114751 0 -1.6 0 -0.170437 -0.70357 0 0 255
8.371 46.5827 115.513 1.57358 0 -3.9 0 0.222964 -0.59452 255 108 108
28.5355 41.488 103.843 -0.948019 -0.705981 -0.910901 0 0.851958 -0.0303363 9 9 255
13.5033 46.8228 89.1815 -0.0698311 0 3.8 0 -0.605938 0.349164 0 0 255
-1.72575 62.0838 118.243 0.0353592 0 1.8 0 0.112872 -0.0201079 118 118 255
-4.48425 66.5928 115.066 -0.448003 0 -1.6 0 -0.478544 0.705217 9 9 255
10.737 43.7091 112.342 -0.901 -0.050764 -3.9 0 0.368894 -0.10361 157 157 255
27.847 31.909 94.5295 -0.928475 0 -3.5 0 0.795521 -0.57239 0 0 255
-0.57575 58.36 99.6783 1.31881 0 -1.6 0 -0.902344 -0.380013 0 0 255
24.1733 57.007 101.696 0.189009 0 -3.2 0 0.953659 0.196915 23 23 255
-4.44925 50.895 107.776 0.12087 0 4.5 1 -0.988521 0.13789 255 3 3
16.833 51.8655 117.855 -0.786879 -0.722064 -3.5 0 0.939232 -0.290849 6 6 255
-2.526 61.1615 111.696 0.230293 -0.473519 -3.9 0 0.182316 0.469325 255 236 236
14.876 39.377 95.933 -0.940651 -0 3.8 0 -0.670387 -0.331915 12 12 255
26.6325 48.878 102.174 0.657112 0.144769 -3.5 0 -0.125692 0.974643 24 24 254
4.136 60.837 117.88 -0.594832 -0.899335 -0.8 0 0.903451 0.0127237 32 32 255
13.601 51.3037 115.511 0.247004 0 -3.5 0 0.579472 -0.687182 26 26 255
26.9242 40.2267 91.7408 -0.11283 0 -0.7 0 -0.174196 0.287575 19 19 255
24.7038 41.2315 107.761 0.119208 0 -4.5 0 0.580617 -0.224588 2 2 255
10.6123 55.155 116.878 -0.248686 0 -1.6 0 -0.770612 -0.137872 64 64 255
12.2295 51.7805 91.9222 0.724843 0.0925552 1.8 0 -0.146447 0.88203 1 1 255
23.1542 34.115 100.786 1.1811 0.0652691 -4.45833 0 0.446875 -0.717951 1 1 255
9.63125 67.1625 104.461 -0.427123 -0.561476 -0.8 0 0.313107 0.413458 3 3 255
2.779 51.1053 105.466 -0.219948 0 -1.24371 1 -0.26925 -0.801714 255 11 11
7.57575 33.7977 100.701 0.254229 0 -1.6 0 0.610823 0.0672964 4 4 255
24.2715 45.8385 94.389 -0.163266 0 4.2 0 0.591932 0.64591 6 6 255
17.582 61.444 111.221 -0.366062 0 -3.5 0 0.651387 0.287104 15 15 255
0.089 34.774 104.994 0.457522 0.288027 -0.8 0 -0.319312 -0.446339 8 8 255
17.1545 33.192 106.133 0.475547 0.611608 -3.5 0 0.394964 0.352174 8 8 255
16.9015 63.5518 111.705 -0.843387 -0.0173388 -3.5 0 0.549946 0.648765 82 82 255
23.031 59.789 103.837 0.133518 0 3.8 0 0.940692 0.129721 16 16 255
7.18025 46.8862 116.191 1.47419 0.822638 -3.9 1 -0.356054 -0.688406 255 38 38
0.954 32.592 103.264 0.0599652 0 -0.8 0 -0.308197 -0.951237 1 1 255
3.057 43.103 95.5825 -0.8083 0 -4.5 0 -0.53341 -0.454779 4 4 255
-2.816 38.6043 108.183 0.421835 0.123061 -3.5 1 -0.952669 -0.277652 255 60 60
10.047 49.4295 120.639 -1.63935 -0.145221 -3.5 0 -0.104696 -0.506962 254 254 255
10.047 50.5845 120.639 -1.69329 -0.336931 -3.5 0 -0.0887953 0.450634 239 239 255
27.9312 46.3507 101.211 0.497244 0.0738177 -3.5 0 0.990357 0.125076 5 5 255
8.8005 43.3135 112.471 -0.144917 0 -3.9 0 0.0133719 -0.509369 255 239 239
-7.12575 65.0133 113.872 0.247472 0 -1.6 0 -0.923067 0.291026 5 5 255
17.2255 50.4002 91.255 0.111055 0 -1.6 0 0.45531 0.0339297 2 2 255
-2.98325 49.1152 109.267 0.0231523 0 4.5 1 -0.424611 -0.854775 255 4 4
22.6795 49.593 111.718 3.89515 0 -4.5 0 0.666889 0.272606 1 1 255
16.1305 44.7005 91.4655 1.16186 0 3.8 0 -0.0705254 -0.924199 0 0 255
20.327 58.7837 109.495 -0.0677671 -0.103462 -1.3576 0 0.279492 0.369995 3 3 255
17.579 31.3 103.465 0.61654 0 -3.5 0 0.131089 -0.983384 2 2 255
0.97025 41.0023 101.434 0.207339 0 -3.5 0 -0.531656 0.838884 42 42 255
-8.5395 60.7835 108.886 7.68905 0 -3.9 0 -0.617403 0.190751 112 112 255
29.9172 39.5962 101.342 -0.0407251 0 -0.4 0 0.992703 -0.0698782 6 6 255
21.393 34.027 107.392 1.22848 0 -4.5 0 -0.00434268 -0.665826 8 8 255
21.354 32.1805 98.4805 0.939966 0 -4.5 0 0.0215359 -0.959317 2 2 255
14.489 47.101 89.01 0.0860772 0 3.8 0 0.189857 0.516319 0 0 255
1.411 63.868 99.221 2.80789 0 -3.5 0 -0.0938551 0.830854 0 0 255
14.489 45.9305 88.677 0.0808057 0 3.8 0 -0.0586962 -0.104928 0 0 255
21.578 49.334 112.294 0.932912 0 -4.5 0 0.0528434 0.342205 2 2 255
16.4485 68.199 104.961 -0.707225 0 -3.5 0 -0.000835353 0.933667 2 2 255
17.1875 62.002 98.6 -1.337 -0.00630068 -3.5 0 0.416386 -0.124467 0 0 255
4.22425 63.701 114.949 -0.337973 0 -0.8 0 0.956456 0.262116 14 14 255
17.001 34.127 99.1195 -0.193237 -0.21306 -3.97621 0 -0.193674 -0.712875 24 24 255
22.924 45.6765 93.859 -0.728523 0 4.2 0 0.467607 0.723414 5 5 255
15.6465 52.0342 111.729 0.218838 0.272998 3.93362 0 0.580238 -0.143201 3 3 255
18.2927 65.3443 99.0485 0.904143 0.727781 -3.5 0 0.601708 0.196032 0 0 255
-0.8665 40.1003 97.928 0.324051 0 -3.5 0 -0.794118 -0.180186 3 3 255
1.80375 38.403 98.1917 -0.447215 0 -3.5 0 0.0990153 -0.670696 2 2 255
-0.25525 41.736 99.024 0.286315 0 -3.5 0 -0.31513 0.941365 7 7 255
-2.95925 55.602 106.168 1.12274 -0.0152893 4.5 0 -0.725836 0.12244 255 92 92
23.302 34.749 91.796 -0.097408 0 -0.7 0 -0.158117 -0.745135 0 0 255
1.3465 46.2163 104.233 -0.80055 -0.423599 -2.01961 0 -0.921631 -0.160121 255 202 202
15.062 66.5468 107.333 -0.00283649 0 -0.4 0 -0.229949 0.762066 4 4 255
6.225 54.7525 97.244 -0.55606 -0.412962 -1.23258 0 -0.33008 0.298799 0 0 255
2.95275 51.7513 98.572 -0.490228 0 -0.8 0 -0.826898 -0.36795 0 0 255
-1.367 61.4485 111.575 0.808271 0 -0.8 0 -0.526115 0.499014 246 246 255
3.037 51.0418 96.247 -0.00981403 0 3.8 0 -0.765479 -0.39122 0 0 255
21.3085 33.6085 105.937 1.13708 0 -4.5 0 0.086916 -0.987318 6 6 255
22.7585 54.3945 108.182 0.908283 0.882573 -0.7 0 0.867847 -0.32878 4 4 255
17.737 57.2485 111.259 0.193518 0 -0.510014 0 0.588351 -0.0867519 17 17 255
29.5795 42.5602 102.435 -1.1799 -0.0675082 -0.4 0 0.858399 0.506505 12 12 255
18.769 64.3262 99.6748 0.304627 0 -3.5 0 0.791197 -0.18217 0 0 255
17.962 52.4173 97.4402 -0.589145 -0.417381 -1.18152 0 0.602568 0.766072 1 1 255
12.3837 59.0057 117.131 0.0623439 0 -1.6 0 0.360379 0.847088 17 17 255
-5.24225 66.945 112.693 0.0522832 0 -1.6 0 -0.432333 0.845674 6 6 255
0.9 55.3035 101.415 0.906004 0 -2.82092 0 -0.839824 -0.17151 2 2 255
10.5553 47.849 113.454 0.789217 0 -1.04923 0 0.642653 0.148163 134 134 255
14.9698 41.511 108.895 -0.372317 0 3.31909 0 -0.435348 -0.705388 19 19 255
14.9291 47.9199 112.455 0.185996 0 1.8 0 0.519205 -0.0376706 14 14 255
26.4535 39.1495 91.6955 -0.142181 0 -0.7 0 -0.0337467 0.11018 7 7 255
0.1495 56.2775 96.7775 0.267188 0 -1.6 0 -0.733233 -0.570081 0 0 255
25.49 38.4585 91.335 0.134377 0.232562 -0.7 0 0.493103 0.145361 2 2 255
28.1275 35.3708 92.2858 -1.97266 -0.206136 -3.5 0 0.53709 0.128851 1 1 255
6.2525 66.6335 108.279 -1.23613 -0.134678 -3.5 0 0.683822 0.65779 4 4 255
16.8515 47.9495 90.4305 -1.26284 -0.0198062 3.8 0 0.392087 0.245582 0 0 255
27.8195 32.137 98.51 5.14099 -0.644468 -3.5 0 0.534633 -0.82566 1 1 255
-2.39675 61.42 107.05 -0.454783 -0.184198 -3.5 0 0.398762 0.904987 7 7 255
28.802 39.7668 97.6492 -1.14692 -0.510909 -2.06469 0 0.986011 0.163458 5 5 255
9.58875 67.9948 103.638 0.816896 0 -0.8 0 0.303656 0.894641 3 3 255
-0.1965 49.2055 101.15 -1.15814 -0.27378 -3.5 0 -0.96914 0.0646991 174 174 255
3.1375 34.5207 105.046 0.268033 0.17661 -0.8 0 0.170997 -0.658095 8 8 255
5.35175 65.6898 103.145 -0.64974 0 -0.8 0 -0.478861 0.850491 1 1 255
2.2215 61.0455 108.087 1.45039 0.0410425 -0.254294 0 -0.632403 0.221241 13 13 255
5.69575 33.8438 99.9435 -0.519244 -0.327345 -1.6 0 0.415817 -0.0975965 1 1 255
21.3498 36.9603 90.3913 0.00560592 0 -0.7 0 -0.530404 -0.0548128 0 0 255
23.6003 34.646 97.8265 -0.230109 0 -3.38989 0 0.124764 -0.856644 0 0 255
8.7405 54.4043 96.2028 0.760853 0.484853 2.8 0 -0.495388 -0.233238 1 1 255
22.5928 56.5177 106.923 0.265855 0 -0.7 0 0.896879 -0.149803 18 18 255
15.3535 47.936 90.387 0.212479 -0.274091 3.8 0 0.160262 0.472515 0 0 255
17.6995 59.871 100.591 -0.356961 -0.0116057 2.92966 0 0.652492 0.236821 4 4 255
22.647 57.1377 109.698 0.122316 0 -0.7 0 0.812095 0.128012 2 2 255
7.65225 42.78 95.236 -0.788132 -0.0973897 -3.5 0 -0.96314 -0.0535618 16 16 255
9.666 42.4015 91.813 -0.567057 0 -3.5 0 -0.462388 -0.547478 4 4 255
-1.21175 59.8247 103.117 17.022 0 -3.9 0 -0.75338 0.633967 1 1 255
21.0537 48.341 92.8463 -0.0184314 0 3.8 0 0.455319 0.460252 12 12 255
28.451 33.1455 97.427 -2.01503 -0.366654 -3.5 0 0.977239 -0.194854 1 1 255
-3.449 52.106 108.63 0.166424 0 4.5 1 -0.861187 0.490182 255 5 5
4.49475 64.921 102.573 -0.420771 -0.282285 -0.8 0 -0.724657 0.459136 1 1 255
16.139 33.1878 106.339 0.725733 0.772354 -3.5 0 -0.291501 0.15462 9 9 255
21.779 57.4688 110.466 0.088291 0 -0.7 0 0.330285 0.209941 0 0 255
8.35 45.4077 92.093 -1.53021 -0.619723 -3.5 0 -0.707942 0.407959 0 0 255
4.323 65.5253 112.918 -1.31626 -0.626589 -0.8 0 0.817857 0.482419 13 13 255
19.0255 36.3545 95.8055 0.0526066 -0.462193 2.16619 0 -0.168687 -0.602401 0 0 255
26.235 44.3671 108.103 0.577921 0 4.2 0 0.410053 -0.5273 1 1 255
16.2512 54.4265 96.3512 -0.703896 -0.248974 -0.8 0 0.87543 0.370352 0 0 255
-3.99475 67.4725 114.307 -0.991956 -0.612479 -3.5 0 -0.706206 0.625133 6 6 255
5.34475 67.3757 108.56 -0.198574 -0.379934 -2.16117 0 0.73772 0.581747 2 2 255
20.437 35.107 107.661 2.15471 0 -4.5 0 -0.292059 -0.488135 8 8 255
28.8803 39.1495 96.796 -1.17879 -0.846114 -0.800983 0 0.935946 -0.312154 5 5 255
11.3165 50.0465 120.19 -1.25798 -0.771104 -3.5 0 0.398263 -0.0495828 148 148 255
10.1073 59.2545 95.4727 0.61502 0.526625 -0.7 0 0.399898 0.613021 0 0 255
-3.5115 53.1355 107.003 0.435795 0 4.5 0 -0.996591 -0.015895 255 26 26
26.5662 35.3285 100.474 -0.949775 0 -3.5 0 0.606951 -0.0846615 1 1 255
7.6265 52.4905 96.2783 0.0734848 0.0147729 3.7206 0 0.0650151 0.570822 0 0 255
28.2843 41.9915 106.394 4.295 0 -4.5 0 0.950087 0.257927 3 3 255
18.6995 52.7228 94.268 0.122768 0 -1.6 0 0.661025 0.670073 3 3 255
3.47775 49.4142 93.1602 0.0852831 0 3.8 0 -0.120758 -0.904197 0 0 255
3.012 66.6415 114.756 -0.169664 -0.384438 -3.5 0 0.608417 0.773236 6 6 255
1.1205 69.9365 107.91 -0.545007 -0.965996 -0.7 0 -0.456389 0.889629 1 1 255
-2.1515 38.112 108.8 0.489044 0 -3.5 1 -0.688708 -0.40895 255 26 26
16.887 57.1365 112.384 0.0858547 0 2.8 0 0.857173 -0.250065 9 9 255
-6.88225 56.5658 110.003 -1.29527 -0.37941 1.8 0 -0.937676 -0.200715 255 68 68
2.021 34.548 105.401 0.12502 0 -0.8 0 -0.0844452 -0.476312 8 8 255
18.307 63.025 109.106 -0.0106646 0 -3.5 0 0.663346 0.608355 54 54 255
9.77425 32.6645 103.343 0.13729 0 -1.6 0 0.963227 -0.261951 1 1 255
17.4303 66.633 99.31 0.434083 0.425417 -3.9999 0 0.668842 0.448547 0 0 255
7.85775 57.7795 115.112 -0.250937 0 4.2 0 0.0688927 0.74399 12 12 255
12.0835 40.816 103.598 0.0405228 0 -4.5 0 0.308378 -0.925853 3 3 255
6.5115 53.833 96.7002 0.157369 0.249725 1.35717 0 -0.0199378 0.40064 0 0 255
19.386 41.824 110.55 1.59195 0 -2.45002 0 -0.139872 -0.904531 2 2 255
19.0405 38.1305 93.7765 0.725543 0 -4.4388 0 -0.16282 -0.977897 0 0 255
5.40025 48.7168 94.18 0.282311 0 3.8 0 -0.267936 -0.54115 0 0 255
10.5395 66.8838 103.648 0.150893 -0.563347 -0.8 0 0.670468 0.490252 2 2 255
9.3435 59.724 107.342 -0.190723 0 2.8 0 0.224307 0.951494 6 6 255
14.693 41.7945 106.711 -0.28789 0 3.21205 0 -0.253793 -0.905492 22 22 255
-0.181 56.738 101.234 0.700695 0 -3.9 0 -0.709104 -0.41353 1 1 255
6.4185 66.225 102.549 0.190788 0 -0.8 0 -0.635436 0.770766 3 3 255
4.31325 40.9 109.616 -0.789975 -0.45885 -2.10067 1 -0.529013 -0.0431747 255 51 51
7.3575 37.7205 109.056 -1.48409 0 -3.5 0 0.474421 -0.682558 49 49 255
24.2405 34.8553 96.6885 -1.40861 0 -2.03751 0 -0.426568 -0.896466 0 0 255
4.473 34.0298 99.473 -1.42446 -0.0485242 -1.6 0 -0.100065 0.24276 1 1 255
-6.16325 58.472 105.165 0.900577 0.873475 -3.5 0 -0.95332 -0.256809 12 12 255
8.04975 59.699 95.3102 0.113436 0 -0.7 0 -0.0762399 0.903101 0 0 255
20.9495 33.0845 97.587 0.186154 0 -4.5 0 -0.349458 -0.633814 2 2 255
2.761 39.4987 109.238 -0.130539 0 -3.5 0 0.0539071 0.180301 255 83 83
8.786 50.007 119.966 -1.33923 -0.689001 -3.5 0 -0.82515 0.0278786 255 218 218
-2.9955 54.2745 104.448 -0.857835 -0.313204 4.5 0 -0.900721 0.107589 255 236 236
7.3195 65.4045 106.795 0.167361 0.645378 -3.5 0 0.796951 0.551044 8 8 255
20.4487 36.5552 91.5342 -0.00304364 0 -0.7 0 -0.868183 -0.127018 0 0 255
10.485 41.08 102.672 -0.137129 0 -4.5 0 0.394966 -0.828477 8 8 255
-2.141 59.963 117.377 -0.262602 0 1.8 0 -0.107598 -0.275441 255 206 206
14.8225 67.365 103.466 -0.444289 -0.0442921 -3.5 0 -0.686638 0.724151 2 2 255
20.6165 35.4775 91.8295 -0.0331781 0 -0.7 0 -0.654922 -0.719325 0 0 255
0.6405 44.0973 107.411 -0.913162 -0.742097 -0.7 1 -0.928577 0.350822 255 48 48
5.37425 61.4622 102.436 0.065853 -0.0294393 0.536503 0 -0.0227669 0.359899 0 0 255
-0.8395 55.2492 112.921 -0.431088 0 3.8 1 -0.60652 -0.761771 255 1 1
6.162 50.7508 91.3805 -0.0165476 0 3.8 0 0.616606 -0.480689 0 0 255
16.8175 63.8488 110.738 -0.831915 0 -3.5 0 0.304153 0.916371 107 107 255
8.491 37.3195 104.477 -0.319717 -0.0627832 -0.597248 0 0.895636 0.0919212 12 12 255
0.14775 59.3745 96.83 0.860474 0 -1.6 0 -0.550572 0.306532 0 0 255
18.3458 43.083 89.2487 0.164346 0 4.2 0 -0.697669 0.248186 0 0 255
6.84 66.283 101.525 0.195312 0 -0.8 0 -0.521662 0.500482 4 4 255
23.4265 33.476 99.8425 1.97222 0 -3.8436 0 0.2642 -0.93064 2 2 254
0.46575 68.2763 113.207 -0.114259 0 -3.5 0 0.377772 0.859884 12 12 255
2.82925 61.3283 107.266 1.49434 0 0.988747 0 -0.925419 0.139346 13 13 255
2.10075 46.0713 103.561 -1.07172 -0.361233 -1.92811 0 -0.62851 -0.350464 255 187 187
0.5425 50.341 100.718 -0.351228 -0.485475 -3.5 0 -0.770954 0.133987 59 59 255
14.3418 67.7838 98.2282 -0.0613617 0 -4.5 0 -0.354455 0.409019 0 0 255
16.7008 67.0805 98.2747 0.633017 0.429533 -4.5 0 0.608147 0.248148 0 0 255
29.6505 44.489 96.9102 -0.977233 0 -3.5 0 0.462731 0.811956 28 28 255
16.767 44.2015 114.774 -0.184241 -0.552047 -0.8 0 -0.824874 0.420684 17 17 255
10.9187 42.3525 111.806 -1.05654 -0.606507 -3.9 0 0.361019 -0.752726 82 82 254
-0.10525 63.9678 110.147 0.513938 0 -0.8 0 -0.791967 -0.00719981 24 24 255
21.1968 45.3807 115.092 7.74189 0 -0.8 0 0.568733 0.636585 11 11 255
19.906 57.0863 99.407 -0.0695548 0.0748103 -1.83048 0 0.222387 0.696805 15 15 255
0.825 63.201 101.823 2.39392 0 -3.5 0 -0.30504 0.491521 1 1 255
10.7065 48.5708 117.785 -0.643214 0 -3.5 0 0.105013 -0.992666 127 127 255
6.718 48.561 93.893 -0.182559 -0.309971 -0.281076 0 -0.0686967 -0.0198272 0 0 255
1.86225 65.1097 116.572 -0.38346 -0.010204 -3.5 0 -0.0776772 0.457931 8 8 255
16.735 62.5235 112.259 -1.58572 -0.319329 -3.5 0 0.446598 0.238734 15 15 255
-0.957 59.3262 99.2325 4.47159 0 -1.6 0 -0.948285 -0.273448 0 0 255
0.304 52.8418 113.014 0.0612454 0 4.5 1 -0.735082 -0.541283 255 39 39
19.9245 62.3379 107.987 -0.158922 0 2.21698 0 0.346745 0.557608 31 31 255
11.7428 57.0863 118.345 0.153536 0 -1.6 0 -0.00622324 0.116755 20 20 255
23.751 41.4712 109.467 0.849605 0 -4.5 0 0.816954 -0.255466 3 3 255
-2.749 53.209 104.477 -0.563837 -0.64887 4.5 0 -0.70893 -0.460284 255 234 234
6.279 54.2755 116.499 -0.0416704 0 4.2 0 -0.0527223 -0.640265 93 93 255
-4.611 60.5962 103.873 1.04541 0.607335 -3.5 0 -0.223196 0.627092 1 1 255
2.63225 34.0832 100.292 -0.228308 -0.473457 -1.21238 0 -0.465064 -0.289259 1 1 255
7.38538 62.4855 112.368 -0.35625 0 2.8 0 0.60572 0.16065 13 13 255
17.456 39.4712 91.3763 6.36741 0 -4.5 0 -0.37688 -0.350155 0 0 255
24.1637 35.5355 105.141 0.292582 0 -4.5 0 0.922093 -0.381242 0 0 255
24.7685 33.156 100.039 1.92867 -0.05291 -3.5 0 -0.399296 -0.793192 0 0 255
9.2185 51.337 118.405 -0.975279 0 -3.5 0 -0.781271 0.613984 101 101 255
13.1075 45.026 112.612 -0.210449 0 3.8 0 -0.00800497 -0.468661 47 47 255
20.5257 38.2733 109.456 1.07995 0.23322 -4.5 0 -0.457961 -0.158177 6 6 255
1.4365 63.208 117.912 -0.0696003 0 -0.8 0 -0.210009 0.51266 24 24 255
6.6695 36.011 100.826 -0.807226 -0.158693 -1.28003 0 0.466566 0.134502 11 11 255
7.17675 61.5025 107.099 -0.304202 0 2.8 0 0.816374 0.576 10 10 255
28.8932 35.2085 93.2753 -2.93467 -0.669158 -3.5 0 0.85549 -0.0182507 1 1 255
1.1285 44.8765 106.536 -0.951058 -0.799488 -0.7 1 -0.859767 0.488526 255 53 53
10.4692 61.3665 105.869 -0.596401 -0.337432 2.8 0 -0.161882 0.474665 2 2 255
28.9772 42.351 103.318 -1.67163 -0.224973 -0.4 0 0.735338 0.254332 11 11 255
7.34325 57.371 94.567 0.0686757 0 -0.7 0 -0.40184 -0.235254 2 2 255
26.6585 39.7422 106.353 0.269417 0 -4.5 0 0.23909 -0.914708 0 0 255
17.761 67.987 101.543 0.320719 0 -3.5 0 0.153196 0.964768 1 1 255
6.79425 52.462 113.53 -0.250296 -0.331104 0.377103 0 0.256579 -0.198971 134 134 255
10.974 62.2765 105.409 -0.699432 -0.0274382 2.41758 0 -0.108332 0.37245 2 2 255
28.9212 35.426 94.3288 -4.65753 0 -3.5 0 0.94047 0.296025 2 2 255
23.8097 37.8507 104.093 0.0986321 0 -4.5 0 0.91986 -0.359704 0 0 255
4.1505 54.9875 97.8465 -0.190124 -0.0497478 -1.6 0 -0.0827348 -0.169176 0 0 254
11.192 64.307 104.605 -0.242035 0 -4.5 0 -0.219362 0.55286 2 2 255
-4.9365 55.098 108.201 0.276743 0 -3.5 1 -0.688391 -0.678503 255 37 37
0.40725 41.125 104.216 -0.739155 -0.743014 -3.5 1 -0.815007 0.546223 159 159 255
3.053 62.8535 105.589 1.2833 0 -3.5 0 -0.915538 -0.155037 7 7 255
29.652 40.002 94.8735 -1.15777 -0.793322 -0.7 0 0.991215 -0.107291 21 21 255
-1.698 60.655 107.007 -1.29643 -0.105025 -3.5 0 0.579116 0.811036 8 8 255
3.30675 40.52 109.057 -0.362541 0 -3.12485 0 -0.263362 -0.034558 255 75 75
4.4315 49.491 93.5245 0.126955 0 3.8 0 0.0461413 -0.90675 0 0 255
-6.8545 57.25 112.87 0.724631 0.310418 1.8 1 -0.965912 -0.164139 255 29 29
5.8055 65.3635 101.969 -0.230144 0 -0.8 0 -0.53709 0.487513 1 1 255
3.7555 44.6608 100.539 -0.093539 0 -3.81466 0 -0.980038 0.179429 58 58 255
2.39675 63.8102 99.7905 1.30919 0 -3.5 0 0.625124 0.691441 0 0 255
24.0505 50.8162 101.282 -0.629741 -0.900156 -0.7 0 0.960722 0.272115 19 19 255
13.881 39.1118 101.166 -1.35788 0 -3.5 0 -0.682148 -0.158043 3 3 255
28.0452 40.9108 106.994 4.29281 0 -4.5 0 0.739671 -0.13784 1 1 255
5.367 53.0018 114.799 0.0495156 0 4.2 0 -0.130621 -0.676 255 215 215
12.6655 62.2513 107.566 -0.437961 -0.0527445 1.22036 0 -0.804257 0.52682 23 23 255
12.574 61.4155 112.196 0.0294603 0 2.8 0 -0.605643 0.743268 2 2 255
-4.24 54.903 107.322 0.77014 0.215338 3.81356 0 -0.74888 -0.537114 255 49 49
10.8188 41.9673 91.3102 -0.0463737 0 -3.5 0 -0.174872 -0.524082 1 1 255
8.4715 53.1133 96.3897 0.134327 0.422845 2.8 0 -0.355053 0.269868 0 0 255
10.9722 48.7267 113.198 0.726351 0 1.8 0 0.256174 -0.272657 71 71 255
2.66625 60.4238 103.257 1.35476 0 2.8 0 -0.583555 0.792034 1 1 255
22.522 46.6085 110.694 2.27201 0 -4.5 0 0.912719 -0.0229133 0 0 255
19.9807 65.7635 102.146 0.496087 0.00397621 -3.5 0 0.842802 -0.142336 4 4 255
17.2265 37.5735 105.809 -1.09594 -0.228733 -3.5 0 -0.603505 -0.579367 7 7 255
11.5843 41.5715 91.8558 0.0210949 0 -3.5 0 0.170577 -0.827422 3 3 255
-2.92975 52.6205 105.36 0.103835 0 4.5 0 -0.730282 -0.346717 255 109 109
16.586 67.8405 102.948 -0.0444051 0 -3.5 0 -0.118169 0.976638 1 1 255
9.34825 48.8915 118.434 -1.46145 -0.0721896 -3.5 1 -0.544169 -0.831232 247 247 255
27.6905 43.957 106.594 1.14444 0 4.2 0 0.983313 -0.104134 4 4 255
11.8685 41.4847 109.534 2.74293 0 3.8 0 -0.178995 -0.845764 17 17 255
22.4935 47.6707 111.707 7.59274 0 -4.5 0 0.777128 -0.0980828 0 0 255
14.955 33.945 102.505 -0.635128 -0.546329 -3.5 0 -0.965928 -0.231389 3 3 255
28.5187 47.5332 105.335 0.927445 0.851472 -3.5 0 0.852341 -0.0253748 14 14 255
29.7673 38.595 101.106 -0.196167 0 -0.4 0 0.856485 -0.516116 7 7 255
29.3885 43.784 100.774 -0.255653 0 -3.5 0 0.772866 0.494617 11 11 255
7.12325 59.733 114.721 -1.2662 -0.254237 2.8 0 0.586352 0.440145 28 28 255
16.6025 55.7925 112.475 0.151362 0 2.8 0 0.701093 -0.352644 8 8 255
22.4945 34.2327 106.979 0.768678 0 -4.5 0 0.565711 -0.733655 6 6 255
0.30175 56.9565 117.701 0.0514109 0 3.8 0 -0.327763 -0.0563957 255 91 91
-5.96575 56.5192 108.83 -0.981962 -0.749977 1.16994 0 -0.83981 -0.228747 255 80 80
-3.099 58.156 104.997 0.803499 0 -3.5 0 -0.27488 -0.770289 100 100 255
-0.9555 58.3825 98.5425 0.872389 0 -1.6 0 -0.979765 -0.186317 0 0 255
7.167 35.9105 106.104 -0.164176 0 -1.43541 0 0.651311 -0.151951 13 13 255
2.1575 43.2552 109.22 0.662674 0.76215 -0.7 1 -0.484356 0.0199491 255 24 24
11.4975 51.9878 92.7203 0.0773364 0 1.8 0 -0.226218 0.959936 1 1 255
6.9545 63.737 112.233 -0.0257137 0 2.8 0 0.407088 0.51292 14 14 255
12.763 46.206 90.353 -0.817789 0 3.8 0 -0.813159 0.0784898 0 0 255
-1.49275 61.167 100.842 6.66606 0 -3.5 0 -0.873208 0.313845 0 0 255
29.085 38.731 97.8242 -1.31198 -0.138834 -3.5 0 0.975668 -0.0486139 4 4 255
-3.0445 61.3918 106.278 -0.647755 -0.597823 -3.5 0 0.0599899 0.97233 2 2 255
3.65675 34.5863 100.05 -0.76609 -0.174807 -1.6 0 -0.162819 0.242815 2 2 255
23.614 57.872 102.329 0.257348 0 -3.2 0 0.732194 0.681086 27 27 255
11.5995 53.7205 118.738 -0.0776718 0 -3.5 0 -0.435071 0.457641 67 67 255
14.052 51.157 113.647 0.122119 0.674067 1.8 0 0.699675 -0.456324 19 19 255
3.9335 56.819 117.437 0.00349964 0 3.8 0 0.696925 0.0509462 174 174 255
22.6943 52.0535 99.0312 -0.166577 0 -0.7 0 0.575646 0.493979 5 5 255
12.2584 66.1654 103.782 0.182772 0 -4.5 0 -0.132656 0.658333 2 2 255
24.772 37.338 90.8245 0.837384 0.479719 -0.7 0 0.446116 -0.121965 0 0 255
6.67525 56.7192 95.3932 0.0434836 0 -0.7 0 -0.711637 -0.436668 1 1 255
-2.00625 55.7972 104.293 0.0636506 -0.0140618 3.93006 0 -0.948408 0.141885 207 207 255
23.2687 55.0967 101.348 -0.0922244 0 -3.2 0 0.867524 -0.418695 7 7 255
29.7057 44.7793 97.9587 -1.0964 0 -3.5 0 0.446473 0.884521 20 20 255
-0.982 39.8435 109.215 -0.303591 0 -3.5 1 -0.20558 0.406394 255 43 43
-0.1995 60.5718 102.272 9.09515 0 -3.64896 0 -0.365562 0.719924 0 0 254
21.5315 37.8635 109.381 1.75464 0.698144 -4.5 0 0.352538 -0.648385 5 5 255
-1.62475 59.8828 104.327 9.73929 -0.016256 -3.87875 0 -0.170008 0.932044 1 1 255
22.261 39.3635 109.907 1.41134 0.108887 -4.5 0 0.484897 -0.496013 6 6 255
4.593 49.7655 92.571 0.0444414 0 3.8 0 -0.0896854 -0.86909 0 0 255
0.361 59.2795 105.615 1.84889 0 -3.9 0 0.182036 0.880587 6 6 255
17.0938 52.9647 111.457 -0.067683 -0.131151 4.2 0 0.0470819 -0.131039 2 2 255
-4.22775 65.7367 115.992 -0.42106 -0.0496587 -1.72594 0 -0.281333 0.299963 20 20 255
13.3865 54.0802 119.38 0.0787798 0 -3.5 0 0.104742 0.537179 25 25 255
2.16125 51.1463 95.6012 0.034451 0 3.8 0 -0.804956 -0.131641 0 0 255
0.40275 48.4502 100.547 -2.02443 -0.0818639 -3.5 0 -0.399871 -0.151566 83 83 255
15.9323 53.0973 116.42 -0.32761 -0.15945 -3.5 0 0.745926 0.229674 8 8 255
7.993 37.8575 107.951 -1.71273 -0.350481 -3.5 0 0.874515 -0.47759 17 17 255
12.9853 55.231 96.8945 -0.306616 -0.384374 -0.749843 0 -0.133398 0.942852 0 0 255
-2.69625 39.5962 107.276 0.487839 0.587511 -3.5 0 -0.843812 0.215595 255 118 118
28.4688 33.6553 95.684 -5.91963 0 -3.5 0 0.899754 -0.261369 0 0 255
1.30475 68.4317 105.294 0.264864 0 -0.7 0 0.0254192 0.275552 2 2 255
28.6835 38.1058 94.4157 -0.752476 0 -0.7 0 0.890644 -0.454008 3 3 255
16.249 39.875 92.482 2.55047 0 -4.5 0 -0.886691 -0.05661 0 0 255
-0.108 65.158 109.948 0.525735 0 -0.8 0 -0.825938 0.236245 27 27 255
21.1715 33.4115 101.346 1.1965 0.123924 -4.5 0 0.177739 -0.868519 2 2 255
14.7992 63.1917 111.25 -0.595314 -0.493204 -3.5 0 -0.35366 0.534979 10 10 255
0.60125 69.517 106.756 0.0192722 -0.10968 -0.7 0 -0.596484 0.798884 2 2 255
13.311 61.8005 110.057 -0.121711 0 -2.5545 0 -0.89019 0.443596 7 7 255
1.354 61.56 108.44 1.38204 0 -0.8 0 -0.36665 0.173346 14 14 255
-0.47475 37.1968 100.299 0.243003 0.0797932 -3.5 0 -0.708829 -0.600586 11 11 255
-6.5195 65.8085 114.849 0.179656 0 -1.6 0 -0.688441 0.68572 4 4 255
20.3447 47.2945 92.3948 0.0626704 0 3.8 0 0.469888 0.275501 9 9 255
-4.074 60.859 109.991 -0.00666526 -0.413789 -3.9 0 0.612704 0.676325 255 184 184
6.7365 64.5547 111.253 -0.0699539 0 2.8 0 0.366949 0.87471 12 12 255
24.5245 31.8905 94.2275 -1.28522 0 -3.5 0 -0.780491 -0.620696 0 0 255
19.789 38.951 108.755 0.789105 0 -4.5 0 -0.400218 -0.187098 6 6 255
22.5251 34.1994 97.4854 0.306604 0 -4.5 0 0.427749 -0.679661 0 0 255
8.23125 50.1534 96.2851 -1.38769 0 3.8 0 0.710501 0.0876837 0 0 255
10.4499 46.8442 114.068 0.371067 0 -3.9 0 0.786539 -0.115928 245 245 255
2.61275 38.0879 108.711 0.01046 0 -3.5 0 0.297444 -0.718992 208 208 255
7.374 62.9735 108.664 -1.11845 0 2.8 0 0.801817 0.344974 9 9 255
13.3455 63.2805 108.007 -0.22041 0.1674 -3.5 0 -0.840758 0.456193 30 30 255
19.2125 51.645 95.0475 0.386442 0 -1.6 0 0.955533 0.276856 3 3 255
3.81787 48.3232 111.465 -0.126875 -0.0345512 -1.3 1 -0.635632 -0.0567412 255 3 3
14.4546 61.3577 112.974 0.0244466 0 2.8 0 -0.233709 0.809655 2 2 255
1.14875 45.0877 104.88 -0.347945 0 -0.7 0 -0.973207 0.199578 255 133 133
10.113 66.26 104.347 -0.690251 -0.994557 -0.8 0 0.556854 0.137271 2 2 255
10.402 49.4399 96.0809 -0.365573 0 1.8 0 -0.577005 0.457339 0 0 255
1.89325 55.7088 97.1748 0.28337 0 -1.6 0 -0.00693142 -0.733233 0 0 255
2.28288 59.3489 97.147 0.651666 0 -1.6 0 0.464433 0.581103 0 0 255
23.8839 62.5522 106.26 0.557798 0 -1.6 0 0.776962 -0.545317 28 28 255
14.9309 52.787 92.1768 0.727249 0 -1.6 0 -0.0509532 0.548352 2 2 255
22.8908 67.3617 106.091 0.135423 0 -1.6 0 0.382243 0.893386 20 20 255
13.9017 42.819 93.4245 0.342083 0 -3.5 0 0.45755 -0.382937 0 0 255
28.5401 38.498 93.3894 -0.609896 0 -0.7 0 0.74606 -0.567884 8 8 255
27.9885 42.4721 105.473 1.20413 0 -4.5 0 0.909047 0.416662 8 8 255
3.417 67.9392 109.748 0.118784 -0.00213021 -0.7 0 0.551695 0.547116 4 4 255
21.6315 53.3935 107.91 0.514829 0.00525423 -0.7 0 0.749219 -0.475897 4 4 255
11.4679 47.3536 113.184 0.559066 0 1.8 0 0.238576 -0.182911 125 125 255
-3.7455 65.8955 111.871 0.664086 0 -1.6 0 0.139942 0.484491 34 34 255
23.1331 37.2874 106.348 0.934868 0 -4.5 0 0.764375 0.0742116 1 1 255
10.8666 62.6231 101.906 0.249951 0 -4.5 0 -0.335021 0.202845 0 0 255
-3.10963 55.2101 111.629 0.26942 0 -2.69554 1 0.10406 -0.991983 255 1 1
17.36 55.6087 97.476 -0.396316 0 -0.7 0 0.531716 0.0297682 1 1 255
4.2235 58.0508 116.027 0.0520023 0 3.8 0 0.685672 0.424711 141 141 255
11.4995 49.254 119.363 -1.08916 -0.104794 -3.5 0 0.33363 -0.64289 125 125 255
19.324 50.3377 92.889 0.0241973 0 -1.6 0 0.720876 0.270224 5 5 255
9.18462 39.9475 102.102 -0.0591862 -0.950484 1.9 0 0.971641 -0.234665 21 21 255
22.0629 41.6455 111.283 0.817063 0 -4.5 0 0.493718 -0.487065 1 1 254
14.518 67.1363 102.427 0.311415 0 -3.53627 0 -0.486552 0.813142 2 2 255
-0.15 55.712 102.042 0.685934 0 -3.9 0 -0.624373 -0.307446 8 8 255
5.139 40.975 99.375 1.76379 0 1.9 0 0.0194326 -0.478207 14 14 255
28.0245 35.2345 97.0269 -1.93956 0 -3.5 0 0.994194 0.107392 4 4 255
23.593 44.126 110.135 0.566706 0 -4.5 0 0.792893 0.251313 2 2 255
18.1259 68.0815 102.488 0.321571 0 -3.5 0 0.163309 0.967831 2 2 255
8.661 63.076 101.276 0.964834 0 -0.8 0 0.325746 -0.0347338 0 0 255
4.72038 39.4557 100.177 0.119131 0 1.9 0 0.289515 -0.562564 12 12 255
4.10337 66.6691 105.605 0.807333 0 -1.1118 0 0.238389 0.608073 2 2 254
-0.24825 38.0845 102.09 0.701142 0 -3.5 0 -0.936319 -0.191913 15 15 255
3.3405 61.052 104.073 1.04527 0 2.8 0 -0.732901 0.680152 3 3 255
-1.21075 60.6377 109.846 0.578635 0 -0.8 0 -0.506556 0.794856 109 109 255
16.8067 32.1109 106.013 0.454786 0.0802097 -3.5 0 0.146237 -0.589878 8 8 255
1.528 43.204 103.538 -0.0260846 0 1.9 0 -0.940124 0.208698 255 242 242
6.821 52.464 94.8315 0.164089 0 3.8 0 0.645399 0.71948 0 0 255
4.02325 63.5449 113.65 0.218594 0 -3.00548 0 0.925461 0.292214 32 32 255
4.21225 48.0148 106.454 -0.464993 0 -1.3 1 -0.945213 0.314671 255 11 11
-1.23563 58.5031 102.397 4.4652 0 -3.9 0 -0.892326 0.112126 3 3 255
9.88725 60.1611 99.3798 -0.118303 0 -0.8 0 -0.523205 0.718345 1 1 255
2.662 42.4372 98.2594 -0.841796 0.00324999 -3.64733 0 -0.834451 0.547346 13 13 255
3.50175 61.9227 100.796 -0.51149 -0.690417 -3.5 0 0.74622 0.488967 0 0 255
16.2835 65.1813 107.94 0.0442513 0 -0.4 0 0.335508 0.542459 15 15 255
19.502 37.8939 92.515 0.126281 0 -1.36022 0 -0.534204 -0.746905 0 0 255
20.8655 52.2875 105.466 -0.109424 0 -0.8 0 0.726388 0.556572 14 14 255
14.5553 53.3816 114.61 0.102119 -0.115152 1.26224 0 0.988934 0.0142369 12 12 255
-0.7435 39.1232 106.239 0.0960576 0 -3.5 0 -0.602582 -0.109316 210 210 255
13.5005 65.0082 106.681 -0.0449501 0 -0.4 0 -0.717216 0.568617 9 9 255
14.8291 40.6256 95.1841 0.375981 0 3.8 0 -0.505784 -0.601067 2 2 255
10.7925 51.4706 93.8725 -0.290656 0 1.8 0 -0.970638 0.215928 0 0 255
5.16675 67.34 107.323 -0.0357799 -0.015845 -3.35707 0 0.672336 0.696164 3 3 255
11.9955 42.7919 91.3434 -0.13746 0 -3.5 0 0.470841 -0.249484 0 0 255
24.522 38.809 91.204 0.48212 0.433904 -0.7 0 0.241784 0.497369 1 1 255
3.961 51.9907 112.926 0.134532 0 4.5 1 -0.306326 -0.305357 255 35 35
10.3243 58.6484 116.322 0.341181 0 -1.6 0 -0.637603 0.716847 10 10 255
8.57938 59.3057 111.011 -0.0986558 0 2.8 0 0.525414 0.17865 12 12 255
12.9234 40.7202 100.751 -0.416826 0 -0.622562 0 -0.483263 -0.500681 4 4 255
20.4671 55.0059 110.415 -0.943263 -0.865651 -0.7 0 0.359206 -0.0543631 0 0 255
23.585 51.689 100.91 -0.640925 -0.756609 -0.7 0 0.864168 0.502364 18 18 255
23.793 44.9079 109.493 0.56488 0 -0.943595 0 0.774962 0.113476 2 2 255
0.862 55.3117 99.0693 0.323979 0 -1.6 0 -0.705318 -0.705496 0 0 255
3.185 50.202 98.759 -1.58366 0 -0.8 0 -0.911362 -0.31292 0 0 255
2.7175 45.6533 106.901 -0.778025 0 -0.7 1 -0.436891 0.804276 255 17 17
19.6309 50.559 111.339 0.561307 0 -4.5 0 -0.0327404 0.481371 2 2 255
3.17738 49.821 95.2385 0.140194 0 3.8 0 -0.686755 -0.649021 0 0 255
16.877 51.8941 111.47 0.745915 0.564452 4.2 0 0.0608294 -0.07906 1 1 255
10.1155 48.1755 91.7904 -0.385193 0 1.8 0 -0.655487 -0.387787 0 0 255
4.69425 35.3339 106.332 -0.422443 0 -0.8 0 -0.296837 -0.650285 31 31 255
1.35337 70.0064 108.911 0.350622 -0.280308 -0.7 0 -0.518292 0.794524 2 2 255
8.22412 38.7179 108.899 -0.732104 -0.0358906 -3.5 0 0.812534 -0.557134 13 13 255
18.9734 42.8255 115.102 0.298567 0 -0.8 0 -0.037489 -0.751024 24 24 255
1.41175 51.3379 107.381 -0.117952 0 4.5 1 0.555253 -0.735197 255 2 2
22.9772 57.6874 108.311 0.12584 0 -0.7 0 0.881903 0.470745 10 10 255
5.7555 48.726 113.317 1.15406 0 -3.88822 1 -0.85192 -0.30567 255 7 7
-0.941 66.099 116.454 -1.08849 0 -3.5 0 0.0974933 0.221204 12 12 255
1.13787 36.9734 107.44 0.274496 0 -3.5 0 -0.135069 -0.955344 99 99 255
14.7615 44.657 91.632 0.410635 0 3.8 0 0.0706547 -0.984642 0 0 255
15.2495 54.046 115.804 0.671791 0.501843 -3.5 0 0.879802 0.123155 9 9 255
14.471 51.5801 91.509 1.33798 0.25031 1.8 0 0.0398833 0.480534 3 3 255
16.3145 33.4585 99.797 0.026068 0 -3.5 0 -0.5184 -0.545448 3 3 254
7.71938 39.4179 105.297 -0.832684 0 1.33772 0 0.867255 -0.375918 133 133 255
23.7445 39.4196 91.4886 -0.000454789 0 -0.7 0 0.544349 0.425569 1 1 255
7.174 66.9535 102.398 0.157014 0 -0.8 0 -0.515933 0.833589 5 5 255
-1.869 51.5765 109.989 0.0495704 0 4.5 1 -0.0249724 -0.0981667 255 2 2
11.0416 43.1306 91.1254 -0.547859 0 -3.5 0 0.00352103 0.081658 0 0 255
19.3703 58.2692 100.609 -0.196894 0 3.8 0 0.224511 0.406013 18 18 255
-0.15725 36.8635 103.488 -0.0401759 -0.464054 -0.8 0 -0.954714 0.273448 15 15 255
19.403 59.3005 109.729 -0.0339385 -0.44075 -3.5 0 0.448141 0.141465 4 4 255
22.0863 55.8639 109.85 0.0898167 0 -0.7 0 0.573233 -0.139343 0 0 255
9.412 40.475 105.003 0.42136 0 -4.5 0 0.218677 -0.908335 29 29 255
0.526 68.055 108.882 0.287711 0 -0.7 0 -0.872023 0.335482 18 18 254
22.2292 56.4545 105.905 0.318792 0.0880925 -1.44514 0 0.985623 -0.132872 23 23 255
21.8708 50.7142 111.203 0.923172 0 -4.5 0 0.384253 0.644093 3 3 255
14.923 35.5389 100.814 -0.22761 -0.291847 -2.69433 0 -0.741096 -0.644949 3 3 255
18.8248 67.483 101.268 0.383353 0 -3.5 0 0.532762 0.728814 2 2 255
12.5865 58.638 114.433 -0.229957 0 0.598759 0 0.0658997 0.919132 3 3 255
6.4025 59.1925 115.266 -1.17935 0 2.8 0 0.149481 0.280228 24 24 255
-1.10938 50.5587 104.94 -0.0196352 0 4.5 1 -0.629264 -0.49257 255 12 12
16.5944 57.6161 97.9351 -0.0723586 0 -0.7 0 -0.036254 0.400766 1 1 255
1.6655 59.9922 118.497 0.748285 0.42306 -0.8 0 -0.454157 -0.500729 156 156 255
-1.1905 38.6405 109.428 -0.26706 0 -3.5 1 -0.228176 -0.108738 255 20 20
14.0677 37.3143 97.067 0.257587 0 -0.8 0 -0.585343 -0.415648 32 32 255
2.33875 61.594 98.3855 1.5037 0 -3.5 0 0.628785 0.320921 0 0 255
9.38688 60.4365 106.299 -0.260009 0 2.8 0 0.21572 0.592598 2 2 255
10.4249 52.8348 116.462 -1.33921 -0.17759 -3.08337 0 -0.987636 0.0829914 88 88 255
22.9212 39.9282 90.7302 -0.00239088 0 4.2 0 0.703204 -0.0424572 0 0 255
4.022 32.5659 102.09 0.317678 0 -1.6 0 -0.431941 -0.898776 0 0 255
27.6875 39.3615 91.7674 -0.216138 0 -0.7 0 0.251872 -0.334389 14 14 255
22.3803 42.7724 111.385 0.780602 0 -4.5 0 0.808155 -0.289245 1 1 255
15.2863 41.1865 94.4228 1.15352 0 1.70178 0 -0.400752 -0.417027 0 0 255
-1.80187 66.8818 112.394 -0.234665 -0.116496 -3.5 0 -0.266305 0.239333 23 23 255
1.296 54.4795 100.192 0.292872 -0.102896 -1.94042 0 -0.865092 0.0365881 0 0 255
23.1876 46.0581 109.913 1.04417 0 -3.00648 0 0.734054 0.129089 1 1 255
25.1257 47.6738 109.107 0.66181 0 4.2 0 0.583053 0.589159 2 2 255
-2.87725 55.0402 112.668 0.0438127 0 1.8 1 0.334983 -0.9392 255 1 1
22.3414 35.2212 91.5475 -0.116643 0 -0.7 0 -0.10815 -0.818721 0 0 255
26.947 44.984 97.447 -0.347328 0 -3.5 0 0.102756 0.697457 12 12 255
6.43337 52.8 95.9157 0.552976 0.320271 3.8 0 0.396277 0.794821 0 0 255
9.85837 48.6444 95.3831 -0.582761 0 -1.26368 0 -0.35962 0.857049 0 0 255
25.946 33.2975 100.98 -0.922128 -0.297878 -3.5 0 -0.0117518 -0.474921 0 0 255
-2.556 69.2885 113.526 -1.36231 -0.102695 -3.5 0 -0.087857 0.968757 8 8 255
4.473 33.0115 99.539 -1.4393 -0.333719 -1.6 0 0.0340934 -0.50935 0 0 255
13.7028 40.6922 102.738 -1.03133 0 -1.3 0 -0.585944 -0.795232 6 6 255
16.3573 35.0573 97.043 -0.170933 0 -0.8 0 -0.0647901 -0.871886 137 137 255
21.0327 56.3677 110.367 -0.104866 -0.0265747 -0.7 0 0.241106 -0.01649 0 0 255
4.87012 58.6606 115.252 0.125487 0 2.8 0 0.261556 0.306209 57 57 255
26.853 43.657 107.343 1.05188 0 4.2 0 0.48737 -0.290964 2 2 255
-1.81725 49.275 109.372 -0.00731434 0 4.5 1 0.341543 -0.772697 255 3 3
16.1445 40.6797 93.7828 0.937829 0 -2.58762 0 -0.834765 0.0518117 0 0 254
19.6526 48.0312 111.54 0.324021 -0.00919938 -1.87235 0 -0.0736756 0.0505903 0 0 255
4.241 50.0201 112.237 0.24632 0 0.331806 1 -0.450473 -0.57874 255 5 5
-4.87475 54.5535 113.843 0.0891497 0 1.8 1 -0.0530761 -0.897656 255 1 1
18.4124 38.3305 92.0109 0.666246 0 -4.5 0 -0.0452211 -0.835246 0 0 255
19.5554 35.4536 96.4822 -0.559469 -0.776538 4.2 0 -0.41245 -0.686319 1 1 255
4.00387 49.1997 94.3874 0.214913 0 3.8 0 -0.484863 -0.832457 0 0 255
14.0763 47.8396 90.052 0.0514538 0 3.8 0 -0.162879 0.522615 0 0 255
27.13 40.605 107.427 1.32969 0 -4.5 0 0.283162 -0.377921 1 1 255
12.8245 41.2077 109.173 1.99148 0 3.8 0 0.228039 -0.773975 17 17 255
1.60325 62.2158 118.306 0.080177 0 -0.8 0 -0.294237 0.255037 36 36 255
10.8225 57.0765 95.621 -0.0418972 0 -0.7 0 0.575149 0.17175 1 1 255
16.3162 56.6012 113.223 0.219031 0 2.8 0 0.519263 -0.449402 5 5 255
1.89838 40.6789 108.829 0.112702 0 -3.5 1 -0.161351 0.248849 255 77 77
4.70025 41.8213 98.92 6.36143 0 1.9 0 0.06805 -0.646985 14 14 255
2.283 50.205 110.452 -0.0416197 0 4.5 1 -0.535452 -0.764823 255 2 2
16.126 48.1274 111.924 -0.258333 -0.0089349 1.90913 0 0.281243 0.0762817 2 2 255
11.5972 59.1273 113.887 -0.129585 0 0.681886 0 -0.433577 0.8565 3 3 255
1.958 53.606 113.955 0.0795216 0 4.5 1 0.191525 -0.801209 255 59 59
10.1035 49.0584 116.25 -1.29076 -0.409201 -3.5 0 0.603078 -0.764167 136 136 255
-2.70125 59.8001 104.212 5.26622 0 -3.5 0 0.288359 0.470145 1 1 255
8.11825 38.9543 107.358 -1.30763 -0.140982 -3.5 0 0.894964 -0.351648 69 69 254
27.3393 46.9515 107.303 0.332601 0 4.2 0 0.624721 0.729882 3 3 255
3.52962 46.0254 107.418 -0.524527 0 -0.7 1 -0.800582 0.584009 255 6 6
6.90925 65.0687 101.513 0.216315 0 -0.8 0 -0.321198 -0.0128457 1 1 255
3.738 69.3193 107.922 -0.95112 -0.43251 -0.7 0 0.755189 0.628908 1 1 255
8.14025 35.6673 102.677 -0.217094 0 -1.6 0 0.655768 0.185271 9 9 255
5.6165 41.8278 98.4788 2.45771 0 0.600337 0 -0.533448 -0.768764 13 13 255
28.0734 42.401 104.002 -0.627257 -0.0347343 -2.48425 0 0.821343 0.43206 10 10 255
14.4045 66.4025 97.7345 0.0529192 0 -4.5 0 -0.357339 0.197416 0 0 255
24.3937 34.9864 91.6973 -0.169764 0 -0.7 0 0.315997 -0.436344 0 0 255
0.605125 48.2225 104.444 -2.10197 0 -3.5 1 -0.807799 -0.302737 255 85 85
13.4427 61.3436 98.8735 -0.811081 -0.438984 -3.5 0 0.0310607 0.428963 1 1 255
11.8825 58.2943 97.5452 -0.504573 -0.731031 -0.702876 0 0.819201 -0.201316 0 0 255
19.0173 63.1138 108.046 -0.484345 0 1.87879 0 0.435721 0.427378 29 29 255
-3.341 55.038 113.769 0.0281716 0 1.8 1 0.364579 -0.759449 255 1 1
-3.02087 49.2939 107.293 0.000761566 0 4.5 1 -0.43867 -0.724388 255 4 4
17.2855 31.4385 104.512 -0.0777635 0 -3.5 0 0.214301 -0.864144 5 5 255
8.84513 53.3141 114.043 -0.41669 0 1.8 0 -0.443634 -0.486072 48 48 255
10.8811 51.2988 94.8745 -1.25037 -0.00672845 2.8 0 -0.915218 -0.310149 0 0 255
2.32 60.1105 98.0443 1.19808 0 -2.50457 0 0.591252 0.395796 0 0 255
26.2355 38.0923 92.2205 -0.460086 0 -0.7 0 0.468922 -0.354063 3 3 255
10.4657 61.0913 100.084 0.42898 0 -0.8 0 -0.46807 0.737964 1 1 255
-3.683 61.169 107.308 -0.166058 -0 -3.5 0 -0.206444 0.955271 24 24 255
1.23637 56.1997 96.3121 0.233498 0 -1.6 0 -0.111988 -0.696864 0 0 255
5.15625 66.8808 106.281 0.577893 0 -3.5 0 0.440209 0.772489 3 3 255
2.174 61.6857 101.922 1.47844 0 -3.5 0 -0.14931 0.376685 1 1 255
0.93675 51.9202 111.756 0.0580807 0 4.5 1 -0.682044 -0.681878 255 21 21
26.0732 44.064 96.8138 -0.519261 0 0.498355 0 0.165367 0.699623 32 32 255
16.947 39.9345 109.724 0.497264 0 2.8 0 -0.198806 -0.761466 6 6 255
10.6121 40.8825 100.638 -0.643938 0 -0.7 0 0.288055 -0.652638 16 16 255
22.6211 38.1425 106.941 0.844005 0 -4.5 0 0.794713 -0.350048 1 1 255
27.6723 47.8661 101.072 0.172735 0 -3.5 0 0.801409 0.393512 9 9 255
3.126 54.2002 114.533 0.0760819 0 4.0154 1 -0.0464477 -0.811364 255 126 126
16.2159 59.979 113.59 -0.0134065 0 2.8 0 0.549709 0.38035 5 5 255
22.2847 58.257 101.605 -0.110557 0 -3.2 0 0.52966 0.700457 31 31 255
0.177375 66.2425 106.363 0.722875 0 -0.7 0 -0.686236 -0.662918 5 5 255
23.7789 37.5719 105.27 0.310235 0 -4.5 0 0.93567 -0.11675 1 1 255
9.60713 51.1829 115.64 -0.696997 -0.232353 -1.28127 0 -0.755811 0.643862 69 69 255
18.9979 52.4147 98.1356 -1.15434 -0.325047 -0.7 0 0.283247 0.75081 2 2 255
18.4031 62.0006 101.572 -0.3947 0 -0.956029 0 0.723383 0.271639 3 3 255
1.73075 65.4033 107.021 2.00583 0.0812332 -0.7 0 -0.65594 -0.717939 9 9 255
15.3634 35.2886 97.2319 -0.0981035 0 -0.8 0 -0.553841 -0.740039 67 67 255
17.4045 59.1555 99.2885 -0.13513 0 -0.7 0 0.63539 0.520852 5 5 255
-2.63625 54.5579 109.95 0.464548 0 -1.50376 1 -0.498079 -0.654325 255 4 4
8.1175 34.5205 101.941 0.25381 0 -1.6 0 0.712794 0.318259 6 6 255
2.69613 46.686 102.323 -0.969194 0 3.8 0 -0.712079 -0.600937 255 202 202
8.754 57.4227 115.795 0.15122 0 -0.531274 0 -0.298123 0.663882 13 13 255
16.9848 59.7103 112.525 0.0192477 0 2.8 0 0.829937 0.361825 6 6 255
26.527 48.527 100.8 0.214263 0 -3.5 0 0.227235 0.840554 10 10 255
7.99113 65.9831 101.041 0.174052 0 -0.8 0 -0.215011 0.144429 2 2 255
14.724 44.401 111.922 -0.827981 -0.775385 3.8 0 0.00794308 -0.889796 11 11 255
3.01425 45.271 108.304 -0.181271 -0.587458 -0.7 1 -0.669272 0.599089 255 6 6
15.662 68.4765 98.2065 0.354392 0 -4.5 0 0.171505 0.564339 0 0 255
-6.75437 63.3582 112.426 0.568723 0 -2.59265 0 -0.9077 0.411422 77 77 255
22.6751 54.1176 102.263 -0.10989 0 -1.79893 0 0.970097 -0.230449 34 34 255
-0.1105 60.299 104.546 9.00463 0 -3.9 0 -0.0826398 0.935236 1 1 255
0.64425 41.3242 102.462 -0.783195 -0.0970478 -3.5 0 -0.529368 0.785805 65 65 255
8.04887 58.1206 94.3329 0.0775068 0 -0.7 0 -0.0570498 -0.137706 3 3 255
20.1896 55.9777 99.1921 -0.148434 0 -2.49355 0 0.478787 -0.133189 9 9 255
14.9377 54.0931 112.604 -0.0957424 -0.676138 2.01501 0 0.738003 -0.13992 6 6 255
6.69525 47.8138 116.436 2.7644 0.112966 -3.9 1 -0.548119 -0.164411 255 27 27
29.394 41.689 98.3315 -1.56518 0 -3.5 0 0.707262 -0.706016 35 35 255
7.78275 53.9635 96.9105 0.20991 0 -0.362792 0 -0.113265 0.139314 0 0 255
19.8853 45.287 90.8844 1.19482 0.519514 4.2 0 0.0387987 0.667514 0 0 255
6.45988 32.732 100.765 0.588169 -0.078497 -1.6 0 0.242449 -0.375934 1 1 255
16.7301 56.4255 97.3443 -0.155897 0 -0.7 0 0.176542 0.569868 1 1 255
21.3162 35.7653 90.9997 -0.0492414 0 -0.7 0 -0.409384 -0.561711 0 0 255
18.097 32.6912 105.315 -0.336887 -0.357806 -3.5 0 0.430756 -0.315127 5 5 255
15.4727 37.4935 103.695 -0.296859 0 -3.5 0 -0.747357 -0.0259453 8 8 255
21.5495 66.494 107.178 0.617397 0 -1.6 0 0.297916 0.651137 12 12 255
18.6894 41.6986 88.8455 0.198045 0 4.2 0 -0.57426 -0.310271 0 0 255
1.3455 48.0625 100.546 -1.67545 0 -3.5 0 -0.0217544 -0.561026 75 75 255
22.7041 49.6077 109.448 3.78022 0 -4.5 0 0.915671 0.386845 4 4 255
1.56931 58.9534 96.3788 0.588357 0 -1.6 0 0.0822037 0.398815 0 0 255
-3.86687 50.0946 109.279 0.0700325 0 4.5 1 -0.824851 -0.277298 255 3 3
-5.29938 60.7126 104.918 0.90003 0 -3.5 0 -0.584303 0.764573 2 2 255
26.8873 43.449 96.0772 -0.88595 -0.86957 -3.5 0 -0.0420222 0.782725 45 45 255
26.7008 31.7173 96.0127 -2.46685 0 -3.5 0 0.220063 -0.794442 0 0 255
1.08825 43.8365 105.888 -0.771397 -0.0886956 -0.7 1 -0.986565 0.0628344 255 66 66
22.2086 48.1932 95.3223 -0.0653289 0 3.8 0 0.867612 0.469684 3 3 255
11.176 44.7369 91.6939 -2.86657 0 -3.5 0 0.0207843 0.254438 0 0 255
0.6085 67.5939 112.195 0.0140271 0 -3.5 0 -0.0303238 0.928667 13 13 255
-4.84338 60.3317 115.594 0.0123302 -0.356353 1.47778 0 -0.357349 -0.553283 255 149 149
6.49825 61.7598 102.202 0.233464 0 -0.8 0 -0.430935 -0.0990188 0 0 255
19.9451 37.7186 94.0717 0.222409 0 4.2 0 -0.661552 -0.720904 0 0 255
24.3041 40.507 92.6376 -0.0285433 0 -0.0601712 0 0.477526 0.314736 2 2 255
3.46325 42.2929 97.8899 -12.5883 0 -4.5 0 0.194556 -0.744594 9 9 255
23.8118 36.4326 105.842 0.712889 0 -4.5 0 0.878086 0.124346 1 1 255
0.9605 44.0685 104.726 -0.191653 0 -0.7 0 -0.977476 0.0237865 255 119 119
21.2348 59.087 109.095 -0.263616 -0.0336167 -2.12481 0 0.55977 0.357412 4 4 255
28.213 34.336 97.6143 -2.34852 -0.256577 -3.5 0 0.99421 0.100135 2 2 255
13.7808 50.0605 118.152 0.626937 0 -3.5 0 0.567507 -0.815618 60 60 255
13.8846 55.5739 97.2821 -0.582828 -0.548325 -0.755499 0 -0.418164 0.893934 0 0 255
3.07413 52.1781 95.7131 0.0809609 0 3.8 0 -0.611902 0.684497 0 0 255
0.130375 67.7621 105.382 0.398405 0 -0.7 0 -0.520269 0.037112 3 3 255
-1.92225 56.9688 103.368 0.831838 0 -3.9 0 -0.926465 -0.082968 52 52 255
-3.1955 53.5042 105.837 0.563157 -0.0656631 4.5 0 -0.940764 -0.0614005 255 104 104
16.0845 52.4184 91.8258 0.628761 0 -1.6 0 -0.118508 0.523103 3 3 255
20.1975 42.5285 115.08 -0.101429 0 -0.8 0 0.103002 -0.696236 21 21 255
10.3333 55.0554 95.5875 0.443286 0 -0.206879 0 -0.266104 -0.31269 2 2 255
-0.645 58.7185 97.647 1.13633 0 -1.6 0 -0.851433 0.110427 0 0 255
2.395 37.852 99.3128 -0.809144 -0.382861 -3.5 0 0.217064 -0.832856 4 4 255
26.7186 48.0166 105.354 0.261317 0 -3.17039 0 -0.12934 0.861625 12 12 255
-3.2665 53.0477 108.005 0.402068 0 4.5 1 -0.973032 0.000514051 255 11 11
-7.16563 63.5036 114.124 0.358003 0 -1.6 0 -0.983563 -0.0226761 45 45 255
3.73338 51.1381 108.967 -0.103505 0 2.89298 1 -0.603995 -0.434383 255 2 2
17.8255 41.6258 92.0127 0.811081 0 4.2 0 -0.876995 0.344309 0 0 255
2.1785 64.5625 107.558 1.82243 0 -0.7 0 -0.803222 -0.384336 15 15 255
17.0635 35.7915 96.205 -0.734937 -0.323523 -0.8 0 0.0678759 -0.67089 99 99 255
20.192 51.5213 97.2964 -1.73065 -0.420891 -0.7 0 0.517693 0.51933 3 3 255
8.761 41.311 94.976 -0.697485 -0.859706 -1.98902 0 -0.166522 -0.789241 29 29 255
-0.977375 63.1986 111.19 0.490254 -0.973003 -0.8 0 -0.762357 0.0194447 76 76 255
20.8115 50.5379 111.468 0.599726 0 -4.5 0 -0.0468885 0.511783 2 2 255
3.205 45.2895 95.974 1.56687 0 -4.5 0 -0.692175 0.315157 0 0 255
3.03813 58.6366 96.7906 0.219128 0 -1.6 0 0.39004 0.49216 0 0 255
19.5896 46.1661 112.037 0.641578 0 -0.8 0 -0.287835 0.566389 2 2 255
22.3407 34.5877 102.824 1.07767 0.0716805 -4.5 0 0.503276 -0.83402 1 1 255
17.7307 53.196 95.8635 -0.148662 0 -1.6 0 0.453968 0.88721 2 2 255
5.309 64.7925 111.265 -0.367162 -0.329927 1.41441 0 0.501399 0.829693 17 17 255
4.8615 55.8543 116.59 0.0192704 0 3.90126 0 0.0101439 -0.388647 136 136 255
24.2951 43.3954 92.898 -0.266382 0 4.2 0 0.757585 0.219316 5 5 255
24.1287 37.4745 103.136 -0.240774 -0.0204702 -4.12761 0 0.820119 -0.324814 0 0 255
7.69163 66.3589 104.415 -0.221491 -0.60696 -0.8 0 -0.19915 0.792858 7 7 255
22.0813 37.7309 90.3134 0.00722989 0 -0.7 0 -0.136878 0.243057 0 0 255
-5.46712 66.511 114.126 0.0522168 0 -1.6 0 -0.500738 0.833133 4 4 255
18.0835 53.0382 98.4317 -0.145578 -0.715805 -0.7 0 0.664672 0.296403 2 2 255
26.897 42.07 93.1557 0.0992358 0.0494281 -0.7 0 0.10898 0.79558 53 53 254
24.949 48.347 106.649 0.349919 0 4.2 0 0.377175 0.910084 6 6 255
8.92 48.2783 116.67 1.22417 -0.0154692 -3.71421 0 0.218614 -0.741698 255 228 228
27.6384 36.5887 92.7103 -1.74864 -0.0886708 -3.5 0 0.408547 0.302927 1 1 255
3.76919 58.5033 116.86 -0.0575996 0 3.8 0 0.914442 0.0696221 143 143 255
-6.73987 65.0297 115.473 0.244174 0 -1.6 0 -0.674963 0.256424 11 11 255
-1.043 55.7449 115.248 -0.00609303 0 3.8 1 -0.779838 -0.538369 255 11 11
23.2757 57.232 100.88 0.214337 0 -3.2 0 0.607296 0.455353 28 28 255
10.2801 49.163 113.842 0.773459 0 -0.753004 0 0.683972 -0.457722 96 96 255
0.11825 33.6558 103.888 0.233017 0 -0.8 0 -0.491235 -0.705803 3 3 255
9.404 45.2188 91.369 -2.22292 -0.165547 -3.5 0 -0.186633 0.312183 0 0 255
19.1772 54.8945 111.188 -0.813463 -0.4098 3.34037 0 0.530931 -0.0110234 1 1 255
22.1632 43.5774 90.0745 0.00695794 0 4.2 0 0.648527 0.461837 0 0 255
2.3985 47.981 100.824 -1.12169 0 -2.65477 0 -0.188174 -0.453 17 17 255
27.5448 37.843 92.892 -0.774887 0 -2.2625 0 0.518334 -0.324196 4 4 255
-1.877 65.8033 112.178 0.331243 0 -2.58108 0 -0.131932 0.394794 33 33 255
10.639 49.9842 115.464 -0.555413 -0.47116 -0.890712 0 0.433329 -0.892669 58 58 255
16.658 54.8952 111.923 -0.0750187 0 4.00415 0 0.400126 -0.158272 9 9 255
7.58512 59.6605 96.5443 0.0765857 0 -0.7 0 -0.267772 0.963057 0 0 255
6.22925 62.7105 112.801 -0.238191 0 2.8 0 0.390524 0.334941 27 27 255
19.5707 51.596 110.669 0.67086 0 -4.03857 0 0.235005 0.284717 1 1 255
0.1735 53.224 101.42 1.26093 0.772745 -3.5 0 -0.848634 0.0104216 7 7 255
3.56337 57.785 96.8696 0.129047 0 -1.6 0 0.51427 -0.0211235 0 0 255
4.31575 63.784 103.358 -1.057 -0.603303 -0.908711 0 -0.953551 -0.0917603 1 1 255
21.5226 48.1726 112.278 1.18943 0 -4.5 0 0.129461 -0.00632859 0 0 255
17.943 51.492 111.559 1.15264 0.483986 4.2 0 0.250514 0.0276811 0 0 255
5.35725 32.0964 101.423 0.508112 0 -1.6 0 -0.26457 -0.89768 0 0 255
15.0962 41.1054 107.852 -0.819141 0 2.90812 0 -0.510323 -0.859585 21 21 255
-3.09575 63.0093 111.473 0.823319 0 -1.6 0 0.194334 -0.082293 202 202 255
14.4645 41.3244 103.852 -1.85766 -0.675307 -1.3 0 -0.00697737 -0.770064 10 10 255
0.0835 50.6999 108.089 -0.0718545 0 4.5 1 0.52245 -0.795877 255 2 2
8.20325 49.2181 95.6869 -0.271123 -0.00151564 3.8 0 0.555021 0.671229 0 0 255
16.9072 43.822 112.381 -0.0625686 0 -0.8 0 -0.76655 -0.62317 6 6 255
7.45275 54.884 96.6326 0.0670626 0 -0.7 0 -0.38078 -0.23609 1 1 255
15.0638 61.7415 98.8056 -1.421 -0.453452 -3.5 0 -0.157413 0.0578346 1 1 255
1.59125 44.8945 108.137 -0.641006 -0.954899 -0.7 1 -0.504094 0.702036 255 17 17
2.17975 50.2648 94.7663 0.0765239 0 3.8 0 -0.755174 -0.572394 0 0 255
1.52462 62.7547 98.4427 1.49664 0 -3.5 0 0.253788 0.555439 0 0 255
-2.211 39.1744 109.061 0.300701 0 -3.5 1 -0.576353 0.0856657 255 32 32
-0.301375 62.5054 110.031 -0.551416 -0.928191 -0.8 0 -0.845713 0.144 33 33 255
2.89175 45.4916 103.051 -0.673522 0 1.19733 0 -0.811437 -0.0441902 255 156 156
9.67525 48.6082 117.299 -1.58547 -0.0225682 -3.5 0 -0.0347083 -0.999388 186 186 255
12.4517 48.3898 90.7117 0.485887 0 2.20318 0 -0.213419 -0.239787 0 0 254
0.962625 33.2745 102.182 -0.00361136 0 -0.8 0 -0.425165 -0.696975 1 1 255
11.4823 40.3635 105.112 3.38635 0 -4.5 0 0.287652 -0.924477 2 2 255
-3.84925 60.5168 116.293 -0.180635 -0.497441 2.81831 0 -0.591967 -0.172985 255 210 210
20.3563 41.6806 114.185 0.308735 0 -0.8 0 0.143298 -0.916776 17 17 255
10.297 53.8573 116.414 -1.80189 0 -1.6 0 -0.909202 -0.140522 85 85 255
25.5907 39.394 105.769 -0.726646 -0.511927 -4.5 0 0.34364 -0.880386 0 0 255
10.1435 38.781 98.9399 0.590291 0.211995 -0.538843 0 -0.602304 -0.795628 7 7 254
5.72119 53.326 92.9341 0.0952381 0 3.8 0 0.223474 0.97083 0 0 255
11.1239 59.115 115.045 0.0978834 0 -1.6 0 -0.0835211 0.996171 3 3 254
12.4137 63.5257 106.291 -1.12603 -0.324753 -0.4 0 -0.802771 0.300763 13 13 255
20.9977 35.4622 93.1338 -0.119102 0 -0.7 0 -0.737396 -0.675303 0 0 255
15.1889 35.5059 99.6947 -0.158694 -0.170994 -1.32867 0 -0.526858 -0.846416 2 2 255
20.655 36.327 93.7897 -0.137291 0 1.80104 0 -0.869276 -0.449853 0 0 255
16.697 43.414 113.285 -0.956378 -0.76023 -0.8 0 -0.871381 -0.47267 10 10 255
-3.64225 66.5741 116.237 -1.15596 -0.855498 -3.5 0 -0.564402 0.317459 13 13 254
4.54825 32.2829 100.736 -0.920601 -0.0283624 -1.6 0 -0.0416891 -0.90357 0 0 255
-1.372 40.6395 108.376 -0.39596 -0.0088351 -3.5 1 -0.629467 0.679462 255 88 88
19.237 65.2288 101.007 0.459485 0 -3.5 0 0.902736 -0.163455 1 1 255
7.1765 49.5725 116.298 3.26589 0 -3.9 1 -0.36497 0.67167 255 142 142
9.93725 41.9829 110.852 -1.40483 -0.0374453 -3.9 0 0.126173 -0.866809 109 109 255
27.8476 45.2526 101.857 0.203322 0 -3.5 0 0.99838 0.0511602 5 5 255
0.784625 57.2119 96.0847 0.389225 0 -1.6 0 -0.435939 -0.0474339 0 0 255
15.992 51.1516 118.34 -0.254739 -0.407777 -3.5 0 0.582809 -0.591144 12 12 255
7.13825 42.375 96.0798 0.00263033 0 -0.7 0 -0.736827 -0.0333285 13 13 255
2.1455 41.7076 99.7377 0.301117 0 1.04685 0 -0.515047 0.855962 11 11 255
21.5985 49.0788 94.5855 -0.055919 0 3.8 0 0.647636 0.754705 6 6 255
21.4176 60.15 106.902 -0.314104 -0.422206 -0.876148 0 0.926923 0.0063724 10 10 255
15.024 33.95 103.946 -0.22479 -0.0820633 -3.5 0 -0.93639 0.211314 5 5 255
3.34363 60.7909 118.814 0.623344 0.0166699 -0.8 0 0.494255 0.0128673 55 55 255
7.0455 59.8591 100.788 0.116805 0 0.629181 0 -0.199268 0.699713 0 0 255
17.337 56.1789 111.428 0.061048 -0.048817 0.831716 0 0.641909 -0.0663731 16 16 255
-1.41 61.0075 98.9725 4.45377 0 -3.5 0 -0.867086 0.173427 0 0 255
28.3113 41.3153 104.864 0.404563 0 -4.5 0 0.998674 0.0294821 5 5 255
17.0315 39.139 106.295 -0.902732 -0.0985731 -2.71223 0 -0.820158 -0.440881 6 6 255
14.6939 60.5858 98.719 -0.174678 0 -2.44437 0 0.115274 0.139765 0 0 255
29.4734 39.1415 99.9779 -0.58438 0 -0.4 0 0.945152 -0.127354 13 13 255
21.5646 61.2955 107.391 -0.0811371 -0.527146 -2.99101 0 0.769004 -0.0891379 17 17 255
1.71 45.76 106.238 -0.480797 -0.187036 -0.7 1 -0.590132 0.610904 255 76 76
7.60875 37.4769 106.327 -0.825426 -0.276805 -1.75605 0 0.955556 -0.263018 44 44 255
19.3885 52.7075 110.594 0.156749 0 -0.339631 0 0.504071 -0.053173 0 0 255
6.984 43.147 111.984 0.933946 0.372949 -3.9 0 -0.503828 -0.563741 255 135 135
14.7443 50.3425 112.438 0.722983 0.0271798 1.8 0 0.692185 0.0411061 7 7 255
2.01925 52.0774 94.9445 0.0799751 0 3.8 0 -0.717649 0.523889 0 0 255
-0.80675 55.095 114.506 -0.0381237 0 3.8 1 -0.699639 -0.709028 255 2 2
21.4198 61.2365 102.848 0.151591 0 2.55761 0 0.545099 0.483313 21 21 255
23.3149 34.9835 106.323 1.56801 0 -4.5 0 0.822448 -0.335249 3 3 255
23.8879 39.7004 106.91 -0.0761233 -0.216799 -4.5 0 0.529616 -0.699268 1 1 255
-3.86975 63.6138 116.882 0.0923753 0 0.949824 0 -0.297196 0.328992 69 69 255
15.067 56.3097 114.114 0.133381 0 2.11336 0 0.826856 -0.311777 6 6 255
25.352 42.8321 93.6506 0.185829 0.0379172 2.83778 0 0.405896 0.535034 20 20 255
8.9255 57.8013 113.577 -0.295388 0 0.918635 0 0.341046 0.886369 6 6 255
12.195 41.3655 102.666 -0.621742 0 -3.20342 0 -0.0433075 -0.973881 5 5 255
2.9655 62.2409 106.831 1.57668 0 -2.07423 0 -0.947195 -0.0325805 10 10 255
12.9198 63.747 98.9877 0.562241 0 -4.5 0 -0.198479 -0.448822 1 1 255
2.9625 39.269 97.8852 -1.17744 -0.499077 -3.5 0 0.538094 -0.212986 5 5 255
21.6898 47.8369 96.6335 -0.0184914 0 3.54797 0 0.777504 0.598551 2 2 255
7.18925 36.9917 108.062 -1.48305 -0.0977403 -3.5 0 0.515349 -0.800918 20 20 255
27.2892 49.1376 104.386 0.412726 0 -3.5 0 -0.0992587 0.9017 34 34 255
-3.31675 60.1717 109.474 -0.0683716 0 -3.9 0 0.257087 0.959881 255 224 224
8.88113 58.35 114.698 -0.114913 0 -1.6 0 0.0504285 0.986715 9 9 254
-2.1155 50.0945 106.367 0.00146422 0 4.5 1 -0.395022 -0.63096 255 4 4
0.575 41.623 99.613 -0.194139 0 -3.5 0 -0.12442 0.985398 7 7 255
12.1225 48.925 117.719 -0.162048 0 -3.5 0 0.269035 -0.953201 74 74 255
1.05125 55.5168 100.28 0.509603 0 -1.6 0 -0.89899 -0.43442 0 0 255
7.4155 35.471 101.594 -0.308283 0 -0.873954 0 0.747294 0.206599 8 8 255
-2.26537 38.5805 106.973 0.197156 0 -3.5 0 -0.626654 -0.253287 255 168 168
-2.74537 58.6398 117.223 -1.8405 -0.0641388 3.8 1 -0.342639 -0.189657 255 146 146
11.3525 49.2132 116.809 -0.606217 0 -3.5 0 0.197695 -0.858662 70 70 255
5.50025 32.4305 104.314 0.263539 0 -1.6 0 -0.510059 -0.5214 0 0 255
22.6331 56.268 104.949 0.705779 0.521077 -3.2 0 0.844048 -0.02541 26 26 255
17.161 52.7098 91.7195 0.155674 0 -1.6 0 0.200581 0.757151 3 3 255
16.0884 55.7293 96.3538 -0.350972 -0.660286 -0.775803 0 0.839954 0.366356 0 0 255
22.1602 57.0667 99.769 -0.157312 0.30588 -3.2 0 0.486052 0.339081 24 24 255
26.7325 42.5666 107.324 1.37188 0 -4.5 0 0.294398 0.0223705 1 1 255
9.9595 51.9478 117.672 -0.992514 0 -3.5 0 -0.793484 0.605685 75 75 255
1.04613 61.7308 101.923 4.27062 0 -3.5 0 -0.0832211 0.325089 1 1 255
-7.19075 62.198 115.657 -0.930462 -0.344014 -1.6 0 -0.749003 0.138426 191 191 255
17.023 44.0262 91.9883 0.641331 0 3.8 0 -0.557632 -0.705968 0 0 255
3.58363 45.7 99.8499 0.176891 0 -1.80091 0 -0.986103 0.163929 24 24 255
9.89475 41.0103 95.465 -0.542568 -0.475897 -2.1221 0 0.00205634 -0.870641 37 37 255
14.4324 54.266 113.891 0.098553 -0.461701 0.28616 0 0.976638 -0.0785804 7 7 255
14.8445 43.4512 93.4174 -1.163 0 -3.5 0 0.221652 -0.527589 0 0 255
3.5875 49.3616 96.2113 0.1523 0 3.8 0 -0.892049 -0.438816 0 0 255
-0.60325 59.083 100.64 5.01742 0 -3.07702 0 -0.933359 -0.358909 0 0 255
23.0784 51.9585 102.076 0.409941 -0.378885 -0.7 0 0.868386 0.445622 39 39 255
11.9341 40.2446 96.5136 -0.237846 0 -0.4 0 -0.0218083 -0.487407 28 28 255
2.375 57.322 118.151 0.0444793 0 3.8 0 0.0576453 0.225237 229 229 255
-1.5635 60.1743 99.867 5.03474 0 -3.5 0 -0.940833 -0.338755 0 0 255
22.3205 60.6166 105.987 0.166241 0 0.751482 0 0.805051 -0.289362 14 14 255
18.88 63.7505 100.818 -0.274752 0 -3.5 0 0.893509 -0.407661 1 1 255
16.5325 36.2088 103.983 -0.468825 -0.343736 -3.5 0 -0.490664 -0.0750491 5 5 255
0.574875 62.0695 98.0201 1.33328 0 -3.5 0 -0.328154 0.5054 0 0 255
-1.10538 52.9803 110.441 -0.0098351 0 4.5 1 -0.589571 -0.360746 255 1 1
14.4089 36.2476 101.531 -0.452338 -0.168917 -2.21873 0 -0.870209 -0.193102 6 6 255
-1.70312 68.9378 114.51 -1.19979 0 -3.5 0 0.0872728 0.92641 8 8 255
21.4552 50.822 107.869 0.263456 0 -3.6107 0 0.910801 0.405789 11 11 255
12.8795 39.7147 96.8264 0.383283 0 -0.4 0 -0.0585107 -0.33943 23 23 255
25.629 47.8044 104.736 0.251399 0 -3.5 0 -0.380242 0.916887 12 12 255
26.8827 32.8517 92.8955 -0.822477 0 -3.5 0 0.253928 -0.168221 0 0 255
15.3155 32.0006 101.953 0.138527 0 -3.5 0 -0.768348 -0.522198 0 0 255
5.1845 45.1777 111.096 0.454316 0 -1.3 1 -0.706798 -0.371008 255 18 18
20.3477 64.9392 102.999 1.90538 0.47133 -3.5 0 0.669159 -0.247134 5 5 255
11.1728 58.6185 113.126 -0.223666 0 -0.291949 0 -0.705012 0.708557 2 2 255
19.9665 64.2615 107.598 -0.0750291 -0.129772 3.67604 0 -0.00391405 0.0408408 18 18 255
0.492 51.836 101.182 0.152263 0 -3.5 0 -0.908076 -0.0673837 31 31 255
2.4085 50.5988 92.4977 0.080066 0 3.8 0 -0.453027 -0.489485 0 0 255
28.249 46.258 102.728 0.1922 0 -3.5 0 0.955001 -0.241361 6 6 255
5.666 59.5433 99.9221 -0.298306 -0.166192 -1.6 0 0.343066 0.900848 0 0 254
-0.274 67.9047 107.954 0.278908 0 -0.7 0 -0.891182 0.236889 17 17 255
-0.284625 37.7684 99.3889 0.298198 0 -3.5 0 -0.55464 -0.588123 7 7 255
-0.786625 36.9999 108.173 0.451619 0.813938 -3.5 0 -0.12497 -0.98992 255 146 146
22.7015 55.4641 107.937 0.458385 0 -0.7 0 0.839214 -0.317018 10 10 255
14.1825 37.784 101.21 -1.10386 0 -3.5 0 -0.660798 -0.0770723 4 4 255
-5.35988 56.9992 114.716 0.0679553 0 1.8 1 -0.363933 0.163203 255 13 13
12.207 67.6957 100.159 1.4344 0.0257035 -4.5 0 -0.655897 0.704954 2 2 255
16.0841 45.3326 90.1094 0.376337 0 3.8 0 0.503563 -0.603355 0 0 255
12.8357 46.5858 112.926 0.160841 -0.0361285 3.60805 0 -0.0369219 -0.368824 87 87 255
18.6044 40.9113 109.724 0.501179 0 2.62718 0 0.142358 -0.671229 5 5 255
-7.81325 62.1775 109.597 1.30279 0 -3.9 0 -0.368643 0.694543 146 146 255
22.4176 48.1982 98.4778 0.651179 0 1.38775 0 0.74075 0.370074 3 3 255
3.94575 59.063 115.789 0.0159448 0 3.3 0 0.785333 -0.0396844 107 107 255
10.6475 46.195 92.0295 -2.8017 -0.46365 -0.852273 0 -0.246407 0.105187 0 0 254
0.1005 54.2645 101.88 0.846149 0.201731 -3.52907 0 -0.761047 0.0410259 11 11 255
20.6855 64.9812 108.051 0.263773 0 -1.6 0 -0.110486 -0.112648 19 19 255
4.9165 50.9006 90.9893 0.0320255 0 3.8 0 -0.0793631 -0.343868 0 0 255
12.7782 60.761 98.2678 -0.922317 -0.189764 -0.8 0 0.133689 0.583909 1 1 255
18.9862 52.8013 95.379 0.00444261 0 -1.6 0 0.679297 0.733655 3 3 255
22.7512 55.2095 109.038 0.879572 0.0221953 -0.7 0 0.907893 -0.162154 2 2 255
15.8159 43.1432 93.7653 -0.612197 -0.281815 -3.5 0 -0.176956 -0.528289 0 0 255
15.596 64.0135 110.702 -0.310811 -0.179583 -3.5 0 -0.014644 0.918989 40 40 255
21.0597 63.9316 103.724 0.68607 0.357632 -2.84671 0 0.326525 0.0505976 14 14 255
8.15337 61.8016 105.963 -0.579534 0 2.8 0 0.328361 0.444589 8 8 255
3.43825 46.5955 96.201 0.30452 0 -4.5 0 -0.840748 0.25037 0 0 255
5.44887 53.6706 96.5224 0.525221 0.763222 3.8 0 -0.218135 0.804006 0 0 255
-3.12937 51.1595 109.897 0.0775756 0 4.5 1 -0.499015 0.171918 255 4 4
9.7125 59.5628 96.3832 0.411376 0 -0.7 0 0.0305033 0.997227 0 0 255
14.6369 51.3685 112.788 -0.0413388 -0.486169 1.8 0 0.813349 -0.225898 12 12 255
23.1245 49.4531 103.195 0.357147 -0.74765 -0.8 0 0.91025 0.116385 28 28 255
6.93725 43.944 95.6075 -0.0807168 -0.230589 -3.27327 0 -0.631543 -0.456941 9 9 255
15.7135 63.1222 112.048 -1.243 -0.836388 -3.5 0 -0.244834 0.639704 24 24 255
6.64412 41.0402 97.6283 0.80093 0.0282523 -0.7 0 -0.75935 -0.647913 13 13 255
-6.02987 54.936 113.575 0.116648 0 1.8 1 -0.615339 -0.723099 255 4 4
3.07625 33.0542 102.172 -0.052022 0 -1.6 0 -0.33194 -0.940228 2 2 255
4.54275 45.7564 95.5096 1.33769 0 -4.5 0 -0.401796 0.143407 0 0 255
16.2132 66.119 107.386 -0.0158389 0 -0.4 0 0.336757 0.59001 7 7 255
22.4823 50.5257 110.424 2.47831 0 -4.5 0 0.817722 0.569133 4 4 255
25.4842 44.8544 97.097 -0.481327 0 -3.5 0 0.549741 0.557269 23 23 255
1.5385 52.0163 99.917 -0.27671 -0.375784 -3.5 0 -0.717037 -0.123926 0 0 255
-0.0795 40.4907 104.894 -0.342888 -0.900999 -3.5 0 -0.882789 0.449536 194 194 255
8.40238 60.4328 100.635 -0.318556 0 -0.631275 0 -0.375913 0.606546 1 1 255
-4.368 54.9873 111.529 0.543069 0 1.34227 1 -0.0509185 -0.93538 255 2 2
21.1545 52.9685 109.868 0.0576989 -0.150784 -3.06665 0 0.549146 0.0727861 2 2 255
-0.69925 34.4085 104.218 0.87021 0.351752 -0.8 0 -0.826225 -0.514845 7 7 255
-1.49975 49.223 106.918 -0.0994504 0 4.5 1 0.165473 -0.906579 255 4 4
20.3079 49.4506 111.842 0.523927 0 -4.5 0 -0.22056 0.154298 1 1 254
11.3415 59.0451 95.977 0.847462 0.627895 -0.7 0 0.765009 0.322757 0 0 255
4.70237 48.1691 94.8964 1.00868 0.652853 -4.5 0 -0.548671 -0.468831 0 0 255
21.508 39.965 110.543 0.810694 0 -4.5 0 -0.192916 -0.477959 4 4 255
21.2402 48.7409 97.1894 0.281254 0.96043 -0.7 0 0.789177 0.42241 2 2 255
4.5965 32.7374 103.478 0.639115 0 -0.914939 0 -0.462152 -0.753407 1 1 255
12.0725 52.3553 93.6151 -0.0818285 -0.165074 1.66692 0 -0.531963 0.687003 1 1 255
0.2225 38.5098 104.284 0.285156 0 -3.5 0 -0.969352 -0.178116 40 40 255
3.8005 47.6485 97.058 0.231932 0 -4.5 0 -0.956256 0.290473 0 0 255
7.79763 43.776 113.124 0.183568 0 -3.9 0 -0.104337 -0.657315 255 134 134
15.056 60.7955 113.798 0.218299 0 2.8 0 0.0465248 0.503621 5 5 255
15.2435 55.088 112.748 0.134895 0 2.8 0 0.622932 -0.431149 6 6 255
21.3167 35.8989 107.964 1.59757 0 -4.5 0 0.281305 -0.0780896 6 6 255
9.27875 45.7427 114.735 0.464276 0 -3.9 0 0.480774 -0.655059 255 133 133
26.0607 41.2835 107.431 0.50908 0 -4.5 0 0.153056 -0.167132 1 1 255
19.7456 66.3094 101.168 0.304617 0 -3.5 0 0.866066 0.0454936 3 3 255
20.441 60.7685 109.439 -1.23791 -0.204389 -3.5 0 0.459316 0.411596 20 20 255
2.38125 52.2747 112.983 0.104834 0 4.5 1 0.125113 -0.2077 255 18 18
21.2428 60.6292 101.377 0.0609247 0 3.8 0 0.544635 0.500515 26 26 255
-0.606875 56.3275 116.867 0.0358044 0 3.8 1 -0.629653 -0.470249 255 47 47
28.3002 44.9777 97.3402 -0.578834 0 -3.5 0 0.0952811 0.92623 15 15 254
1.49088 41.8111 102.013 0.552259 0 1.9 0 -0.796568 0.559635 69 69 255
6.841 57.9944 115.361 -0.502332 -0.000277648 3.35122 0 0.369951 0.462553 16 16 255
-0.68025 52.465 103.994 0.104383 0 4.5 0 -0.52961 -0.487278 255 237 237
16.5946 53.697 95.7282 -0.400595 0 -0.8 0 0.662124 0.720742 1 1 255
24.9312 48.2617 108.064 0.525964 0 4.2 0 0.453764 0.873733 3 3 255
11.4685 48.1375 91.2761 -0.446952 0 1.8 0 -0.38725 -0.397247 0 0 255
-0.708 61.541 110.548 0.925628 -0.730455 -0.8 0 -0.779591 0.362991 128 128 255
1.34375 40.8014 97.0884 2.16842 0.670096 -3.5 0 0.127192 0.0314993 1 1 255
4.11112 51.0568 107.098 -0.00373759 0 -0.4 1 -0.81892 -0.52361 255 4 4
15.3264 68.033 104.938 -1.02065 -0.0298082 -3.5 0 -0.528336 0.787265 2 2 255
20.2224 49.4806 95.8839 -0.163801 0 3.8 0 0.663143 0.74682 4 4 255
-3.09175 66.6806 112.535 -0.409239 0 -2.73514 0 0.0515536 0.483776 28 28 255
4.2415 53.7012 94.077 0.117496 0 3.8 0 -0.196398 0.980075 0 0 255
16.1028 34.618 98.8121 -0.070666 0 -0.803872 0 -0.47012 -0.834446 24 24 255
8.77612 33.4926 105.25 0.629481 0 -1.6 0 0.53208 -0.321516 1 1 255
27.7043 41.5023 92.2653 -0.0776676 0 -0.7 0 0.0815747 0.660465 48 48 255
27.2805 31.2778 93.7649 -1.0285 0 -3.5 0 0.62021 -0.631792 0 0 255
20.3729 57.522 110.217 0.162486 0 -0.7 0 0.103928 0.448853 3 3 255
5.81575 52.1499 113.895 0.0484067 0.00938836 3.71853 0 0.0621257 -0.462242 255 180 180
18.4724 35.6787 96.5452 0.309478 -0.536128 -0.8 0 -0.0652944 -0.741145 13 13 255
7.59462 50.8306 95.1901 -0.0756776 0 3.8 0 0.913784 -0.161394 0 0 255
23.4111 55.4164 104 1.06199 0.187596 -3.2 0 0.836976 -0.134695 33 33 255
22.6712 55.9468 100.284 -0.568895 0 -3.2 0 0.581979 -0.190537 11 11 254
17.4251 44.1484 115.528 0.805899 0.000400255 -0.8 0 -0.524666 0.272915 24 24 255
4.13175 50.3213 106.352 -0.172591 0 -0.4 1 -0.75783 -0.563026 255 8 8
13.1165 51.7555 119.429 0.506902 0 -3.5 0 0.113615 0.0363626 31 31 255
5.34875 53.2029 91.5101 0.0735692 0 3.8 0 0.191819 0.822773 0 0 255
4.07562 38.7108 100.549 -0.229291 -0.273827 0.101564 0 0.587166 -0.501086 13 13 255
4.36775 41.9367 109.941 -0.825548 -0.298663 -2.21108 1 -0.404557 -0.192001 255 29 29
-4.1115 64.6129 116.2 0.176919 0 -1.6 0 -0.167465 0.304959 42 42 255
13.4076 45.4246 89.3105 -0.100607 0 3.8 0 -0.530684 -0.515067 0 0 255
-4.79338 59.4891 103.899 0.755457 0 -3.5 0 -0.281228 -0.0505733 2 2 255
-7.9715 59.0345 110.21 0.505883 0 -3.9 0 -0.590877 -0.775458 255 238 238
0.807 60.5275 102.555 5.22133 0 -3.7815 0 0.00137501 0.777629 1 1 255
7.46275 39.9805 95.8698 0.48555 0.139671 -0.7 0 -0.352685 -0.666904 9 9 255
9.232 64.0644 101.347 0.285784 0 -0.8 0 0.101855 -0.294449 1 1 255
17.85 57.9185 98.275 0.0745189 0.161491 -0.7 0 0.446495 0.56474 4 4 255
-2.686 39.9757 108.21 0.375475 0.657091 -3.5 1 -0.73364 0.610836 255 80 80
2.60675 49.25 104.57 -1.69518 -0.0220531 -3.5 1 0.0428115 -0.0102765 255 27 27
-0.6625 40.4569 106.072 -0.688697 -0.00894552 -3.5 0 -0.75103 0.189861 255 242 242
21.0941 33.99 102.648 0.731793 0.656704 -3.81288 0 0.378752 -0.882718 2 2 255
7.17763 46.151 115.057 0.766399 0 -3.9 1 -0.611965 -0.638174 255 39 39
24.2341 33.4525 99.0584 2.28863 0 -3.5 0 -0.197404 -0.899675 1 1 255
14.1735 50.6695 119.072 0.513231 0 -3.5 0 0.464909 -0.603 41 41 255
23.7516 35.4099 104.088 0.291803 0 -4.5 0 0.727964 -0.674892 0 0 255
7.73787 64.374 101.274 0.517218 0 -0.8 0 -0.20528 -0.0267437 1 1 255
-0.703 68.538 113.262 -0.534376 0 -3.5 0 0.243916 0.874523 11 11 255
6.58187 62.7248 101.715 0.628003 0.318243 -0.8 0 -0.479313 -0.13497 0 0 255
9.832 42.6775 112.447 -1.28296 -0.375438 -3.9 0 0.0143103 -0.57302 174 174 255
4.80813 52.0934 90.7832 0.0563101 0 3.8 0 -0.231319 0.0673043 0 0 255
15.1135 54.1768 92.8083 0.150666 0 -0.900029 0 0.239639 0.434372 1 1 255
6.21075 40.9992 99.11 1.22321 0 0.618496 0 -0.407366 -0.601937 15 15 255
3.077 65.9311 116.37 -1.11901 -0.580337 -3.5 0 0.35337 0.690402 4 4 255
21.259 57.9279 100.3 -0.273258 0.0877774 -3.2 0 0.159526 0.693542 31 31 255
-4.58675 61.659 116.216 0.509497 0 0.754091 0 -0.237782 -0.366905 255 234 234
7.5285 57.0563 116.23 -0.0818339 0 4.2 0 0.0887253 0.545257 23 23 255
10.1566 63.996 104.791 -0.46358 -0.0859488 -0.145477 0 0.20722 0.38153 4 4 255
24.4829 38.6019 105.317 -0.624027 0 -4.5 0 0.637553 -0.693879 1 1 255
8.48538 67.4355 104.11 -0.357803 -0.952788 -0.8 0 -0.357248 0.704406 5 5 255
2.3625 64.0173 117.246 -0.283252 -0.0812192 -2.91184 0 0.143038 0.457331 12 12 254
4.496 65.6967 111.731 -1.27625 -0.295374 -0.8 0 0.749191 0.636951 17 17 255
18.195 41.4782 113.076 0.260706 0 -0.8 0 -0.215925 -0.966411 13 13 255
20.9872 32.2445 99.7538 0.540674 0 -4.5 0 -0.283646 -0.954536 1 1 255
18.56 60.946 110.702 -0.00558419 0 -3.5 0 0.681711 0.200398 11 11 255
27.6257 42.8413 106.707 2.40045 0 -4.5 0 0.746376 0.172043 2 2 255
29.1664 41.333 99.3969 -0.562687 0 -2.48515 0 0.888113 -0.432363 22 22 255
-1.4715 40.214 106.774 -0.356484 -0.010169 -3.5 0 -0.676333 0.409797 255 174 174
-2.95837 57.1051 106.176 0.996579 0 -3.5 0 -0.587733 -0.36259 255 196 196
6.18475 59.1015 97.6101 -0.268352 -0.173974 -1.20952 0 -0.0293375 0.983999 0 0 255
22.7148 58.5336 102.872 0.0868518 0 1.23573 0 0.916826 0.369375 16 16 255
28.4902 48.5001 104.715 0.657283 0.0311437 -3.5 0 0.725074 0.577371 27 27 255
11.0732 45.7869 112.451 0.632236 0 2.28037 0 0.307512 -0.425132 214 214 255
13.3357 67.605 98.915 0.491121 0 -4.5 0 -0.545207 0.524681 1 1 255
9.14913 49.1017 119.535 -1.61053 -0.675551 -3.5 0 -0.654244 -0.711669 255 224 224
16.661 64.0185 98.7022 0.101252 -0.143738 -4.17313 0 0.404417 -0.274207 0 0 255
-2.31288 67.2285 116.702 -1.90773 0 -3.5 0 -0.123933 0.474266 10 10 255
-4.031 51.1599 108.887 0.114291 0 4.5 1 -0.853169 0.317419 255 4 4
28.1881 33.2433 99.0176 -1.60367 0 -3.5 0 0.85693 -0.296504 1 1 255
26.9858 36.7497 100.489 0.176858 0 -3.38019 0 0.479514 -0.399019 5 5 255
0.660375 69.1429 105.647 0.189442 0 -0.7 0 -0.322064 0.688188 2 2 255
16.8174 51.3829 91.1765 0.299597 0 -1.6 0 0.125334 0.234843 3 3 255
27.79 36.748 97.2355 -1.16698 0 -3.5 0 0.982013 -0.0995889 4 4 255
-3.73062 61.8117 111.285 0.848482 -0.289496 -3.34713 0 0.547354 0.329179 255 210 210
22.1479 58.237 109.373 0.0457755 0 -0.7 0 0.539454 0.697436 4 4 255
19.296 67.8164 107.128 -1.17899 -0.433945 -1.6 0 -0.117934 0.570793 9 9 255
17.3388 65.4358 98.7318 0.596184 0.643582 -4.5 0 0.583913 -0.0680324 0 0 255
11.8042 58.42 117.993 0.0966543 0 -1.6 0 -0.0151427 0.564708 17 17 255
19.742 49.1134 93.051 -0.0435554 0 3.02629 0 0.433645 0.290624 9 9 255
13.677 64.9 98.1058 0.436477 0 -4.5 0 -0.248103 -0.314312 1 1 255
-6.83512 63.1755 115.321 0.216187 0 -1.6 0 -0.81998 0.126118 64 64 255
27.6528 32.6623 96.2268 -2.1337 -0.296576 -3.5 0 0.805862 -0.588534 0 0 255
-1.99713 37.5739 107.804 0.482416 0 -3.5 0 -0.64692 -0.736384 255 71 71
27.8608 49.3854 102.863 0.714302 0.805979 -3.5 0 0.255028 0.937621 29 29 255
-4.275 58.5316 104.243 0.537528 0 -3.5 0 -0.021003 -0.7008 14 14 255
4.075 40.5561 99.2069 0.734639 -0.00103418 -1.03877 0 0.56708 -0.252348 11 11 255
5.121 47.0443 95.016 0.853574 0.518084 -4.5 0 -0.547881 -0.131859 0 0 255
29.1695 39.1306 94.1572 -0.79222 -0.0550562 -0.7 0 0.896223 -0.440484 11 11 255
6.2315 47.8195 115.451 3.03004 0 -3.9 1 -0.89831 -0.3744 255 15 15
1.17313 43.7726 108.513 0.704776 -0.056415 -0.7 1 -0.652252 0.184024 255 30 30
13.6012 67.1338 101.93 0.740254 0 -4.5 0 -0.216317 0.791028 2 2 255
25.508 40.4772 92.815 -0.098561 0 -0.7 0 -0.249043 0.39321 8 8 255
11.1585 59.1502 116.88 0.054385 0 -1.6 0 -0.134092 0.974231 8 8 254
9.95187 47.8601 114.325 1.03556 0 -3.9 0 0.853386 0.079561 189 189 255
10.0972 63.7961 101.843 0.239752 0 -4.5 0 0.0534858 -0.347777 0 0 255
9.26538 63.4449 105.346 -0.954321 -0.893098 2.8 0 0.315163 0.247143 7 7 255
0.620375 69.0624 107.915 -0.0572522 -0.696498 -0.7 0 -0.799083 0.525392 8 8 255
9.7525 49.2335 115.17 1.34341 -0.454058 -3.5 0 0.881926 -0.460115 126 126 255
18.0195 37.2422 95.5255 0.206497 -0.313714 1.70669 0 -0.0485067 -0.639515 0 0 255
3.56713 52.8732 95.0892 0.171962 0 3.8 0 -0.436885 0.833324 0 0 255
3.7185 63.3446 104.684 0.887968 0 -3.5 0 -0.827285 -0.101792 3 3 255
18.7334 44.5279 90.7172 0.272747 0 4.2 0 -0.148203 0.541959 0 0 255
16.8438 43.0424 114.826 -0.727456 -0.881974 -0.8 0 -0.781401 -0.403401 19 19 255
10.3465 60.168 106.645 -0.242187 0 2.8 0 -0.382979 0.801561 6 6 255
13.812 54.8722 93.0622 0.0381309 0 -0.8 0 -0.197143 0.36025 1 1 255
18.8475 46.7812 111.746 0.0839906 0 2.8 0 0.0918222 0.195257 1 1 255
11.4085 63.49 105.302 -0.354406 0 -4.5 0 -0.466464 0.361905 3 3 255
16.0427 61.4985 112.872 -0.100915 0 2.8 0 0.438159 0.512244 3 3 254
-5.54362 60.1224 107.603 1.12042 0 -3.5 0 -0.757624 0.490425 66 66 254
14.5995 44.1065 110.931 -0.501926 -0.908836 3.8 0 0.0161813 -0.856427 9 9 255
7.74363 58.9432 114.162 -1.40644 -0.798499 2.8 0 0.61289 0.662679 22 22 255
12.1051 67.3931 101.214 1.00425 0.104659 -4.5 0 -0.472013 0.842994 3 3 255
-1.41788 55.1034 112.048 -0.147702 0.585862 -2.55764 1 -0.2918 -0.922041 255 1 1
20.9897 43.8573 89.6695 0.0885262 0 4.2 0 0.194789 0.549575 0 0 255
19.5723 36.0585 106.868 1.39284 0 -4.5 0 -0.816006 -0.507764 9 9 255
14.6149 69.3883 100.221 0.541867 0.854929 -4.5 0 -0.118722 0.947909 2 2 255
21.5234 34.2004 97.0641 -0.315131 -0.00422245 -4.24022 0 -0.0789347 -0.69016 1 1 254
23.261 48.6395 110.91 9.41886 0 -4.5 0 0.966677 0.0529036 1 1 255
20.6945 61.6037 108.327 -0.682191 -0.388009 -3.5 0 0.572151 0.490151 24 24 255
3.8585 44.2943 95.1693 11.1209 0 -4.5 0 -0.247691 0.00914172 2 2 255
14.873 44.2253 92.7454 -0.239619 0.117681 -1.43134 0 -0.0230622 -0.817274 0 0 255
9.56588 35.1345 103.965 0.108809 0 -1.6 0 0.963874 0.265458 4 4 255
15.4154 54.4709 116.833 0.872037 0.798975 -3.5 0 0.835215 0.527248 8 8 255
-2.31638 48.7368 107.892 -0.0385439 0 4.5 1 -0.0210788 -0.999323 255 4 4
8.35388 50.2634 115.982 1.00657 0.302713 -3.83555 0 -0.588594 0.786533 167 167 255
21.2013 60.4222 108.714 -1.17692 -0.268138 -3.5 0 0.895234 0.224776 10 10 255
8.29875 34.3155 105.871 0.363443 0 -1.6 0 0.451931 -0.0629497 3 3 255
1.72725 69.8115 106.806 -0.758261 -0.458789 -0.7 0 -0.0740307 0.913498 2 2 255
18.7003 36.7265 105.571 0.0255742 0.561308 -4.2186 0 -0.638441 -0.601787 11 11 255
0.85425 37.9619 98.9206 0.499782 0 -3.5 0 -0.115542 -0.78911 2 2 255
-7.424 59.1488 111.656 0.614763 0 -3.47864 1 -0.856398 -0.466497 255 107 107
-0.38275 54.7275 116.41 0.0271234 0 3.8 1 -0.596108 -0.625616 255 34 34
-0.65625 54.016 111.963 0.00480634 0 4.5 1 -0.776793 -0.476741 255 1 1
8.84 39.8455 107.475 -0.433681 0 -3.5 0 0.797074 -0.55982 37 37 255
20.3265 36.69 92.5775 -0.0362632 0 -0.7 0 -0.920489 -0.389365 0 0 255
24.0497 46.2152 95.6889 -0.202741 0 4.2 0 0.588268 0.801563 6 6 255
3.84 39.1371 99.3428 -1.15799 -0.490241 -3.5 0 0.775563 -0.390654 9 9 255
13.6132 60.8257 113.254 -0.165267 0 2.8 0 -0.275324 0.650364 3 3 255
10.7144 61.769 101.361 0.638498 0 2.8 0 -0.611992 0.613805 1 1 255
-1.82662 60.182 109.019 0.0980751 0 -0.8 0 -0.0940763 0.995406 158 158 255
29.161 34.171 93.866 -5.60308 0 -3.5 0 0.986814 -0.161839 1 1 255
3.47887 36.1239 100.615 0.163656 0 -0.8 0 0.153471 0.0672895 6 6 255
-1.0765 38.6479 100.643 0.309665 0 -3.5 0 -0.974365 -0.216678 14 14 255
7.24162 33.7023 105.857 0.278144 0 -1.6 0 -0.0998873 -0.557252 2 2 255
21.5685 51.7655 98.4197 -0.269093 0 -0.7 0 0.40414 0.441249 2 2 255
8.57625 54.4295 114.776 -0.291049 -0.0730816 3.68755 0 0.036285 -0.844862 51 51 255
10.6497 41.9422 109.814 0.40777 0 2.23648 0 0.26982 -0.899781 42 42 254
2.77725 41.7337 109.045 -0.823136 -0.0460387 -0.7 1 -0.413718 -0.166391 255 51 51
21.272 43.0456 115.008 -0.110931 0 -0.8 0 0.671076 -0.385225 11 11 255
17.2633 49.607 111.15 0.205177 0.0389733 -1.81936 0 0.0839932 0.188083 0 0 255
6.42425 52.0074 91.2849 0.0230306 0 3.8 0 0.519455 0.147545 0 0 255
14.382 44.4282 90.1123 0.173616 0 3.8 0 -0.0337743 -0.951318 0 0 255
29.8678 43.822 96.101 -1.70239 -0.578211 -3.5 0 0.793004 0.292371 54 54 255
-5.49725 58.4985 104.302 1.00015 0.292374 -3.5 0 -0.415109 -0.478867 14 14 255
6.105 43.2495 96.3065 0.473367 0 -0.947004 0 -0.0555536 -0.392945 9 9 255
7.48838 60.3699 112.228 -0.472933 0 2.8 0 0.705328 0.0594303 23 23 255
21.7673 54.728 110.097 -0.164255 -0.850442 -0.7 0 0.49037 -0.138746 0 0 255
21.7715 48.2137 93.6497 -0.0517291 0 3.8 0 0.808186 0.261219 9 9 255
8.27225 39.7205 99.7588 0.139776 0.15068 0.620367 0 -0.16367 -0.93362 16 16 255
21.0278 62.2612 102.991 0.245814 0 3.8 0 0.385066 0.338155 13 13 255
6.43075 50.1906 114.686 0.953154 0.52819 -3.84302 0 -0.403444 0.801011 255 111 111
27.2278 46.5293 108.506 0.375536 0 4.2 0 0.622362 0.36891 1 1 255
23.9377 35.5586 102.221 0.20747 0 -4.5 0 0.775254 -0.547051 0 0 255
-7.38825 64.2955 114.798 0.204071 0 -1.6 0 -0.967141 0.120548 7 7 255
9.28862 47.7 115.455 1.92213 0 -3.9 0 0.772583 -0.369092 255 250 250
-3.184 68.924 114.451 -1.34343 -0.456467 -3.5 0 -0.618213 0.763527 7 7 255
11.42 55.61 95.073 0.0581853 0 -0.8 0 0.0997355 0.3353 1 1 255
24.661 36.6312 101.805 -0.158584 -0.164935 -3.07847 0 0.705347 -0.359598 0 0 255
16.2241 59.6871 99.0335 -0.320053 0.0263252 -1.57828 0 0.232117 0.20398 1 1 255
29.7234 40.2904 96.0413 -1.21303 -0.794112 -0.7 0 0.982235 -0.179717 16 16 255
22.2498 34.6353 95.4108 -0.349508 0 -0.7 0 -0.226581 -0.961321 0 0 255
0.901 60.5701 97.1386 0.621664 0 -2.45552 0 -0.10948 0.47816 0 0 255
19.922 66.7956 102.495 0.356203 0 -3.5 0 0.811272 0.489212 5 5 255
3.6575 42.9391 109.896 -1.85789 -0.436868 -0.7 1 -0.373156 0.0429327 255 17 17
30.3415 44.4005 98.8818 -1.38608 -0.0175512 -3.5 0 0.681513 0.607958 22 22 255
5.3045 64.1318 101.845 -1.7511 -0.574379 -0.8 0 -0.328653 0.0585144 0 0 255
23.4024 38.6194 90.9594 0.16366 0.142247 -0.7 0 0.268914 0.200964 0 0 254
16.7938 60.9714 111.845 -0.309103 -0.172406 -0.922115 0 0.712971 0.147028 8 8 254
7.743 59.3585 99.943 -0.277834 0 -0.815391 0 -0.168873 0.846213 0 0 255
22.4445 43.9582 91.1052 -0.429434 -0.334302 4.2 0 0.62165 0.479658 2 2 255
26.6877 46.585 99.5642 0.271513 0.0340981 -3.5 0 0.54733 0.553034 11 11 255
2.84013 45.0617 96.9031 0.73239 0 -4.5 0 -0.969042 0.235281 1 1 255
10.1141 51.7816 116.383 -0.935133 -0.336972 -3.1568 0 -0.878552 0.474259 74 74 254
3.77813 61.1862 100.063 -0.95698 0 -3.5 0 0.694836 0.634449 0 0 255
9.108 59.364 98.9245 -0.602123 0 -0.8 0 -0.375073 0.853931 1 1 255
-5.37725 57.463 105.749 0.573616 0.284203 -3.5 0 -0.58013 -0.707802 137 137 255
19.1104 32.4935 102.953 0.141411 0.0609273 -3.5 0 0.721708 -0.682932 4 4 255
2.64337 55.9186 118.004 0.0248309 0 3.8 0 0.287157 -0.458218 241 241 255
5.86525 57.7699 115.615 -0.172195 0 3.30772 0 0.0799712 0.493625 30 30 255
16.586 64.1882 108.595 0.122871 0 -1.8838 0 0.310212 0.798511 32 32 254
15.16 63.6339 98.517 0.339991 0.197106 -4.5 0 -0.052647 -0.400012 0 0 255
18.9675 44.6353 115.847 0.264521 0.3814 -0.8 0 -0.26616 0.38023 33 33 255
29.762 40.6058 100.83 0.105073 0 -0.4 0 0.957845 0.0251223 11 11 255
22.2208 33.5013 101.133 1.56883 0.556092 -4.5 0 0.439024 -0.763742 1 1 255
1.95212 51.8519 92.59 0.0918312 0 3.8 0 -0.785024 0.0618094 0 0 255
2.59687 63.4546 101.347 1.24865 0 -3.5 0 0.505637 0.691129 1 1 255
16.0335 53.6842 111.67 0.0399319 -0.448872 4.2 0 0.342188 -0.157877 5 5 255
11.0363 40.8631 95.935 -0.58781 0 -3.00735 0 0.0592472 -0.861105 42 42 255
22.9989 33.5412 98.3483 3.4592 0 -4.5 0 0.468183 -0.713678 1 1 255
22.6755 54.1172 100.873 -0.173121 0 -0.7 0 0.873295 0.0431397 10 10 254
9.56513 40.5886 101.432 -0.251559 0 -0.7 0 0.762723 -0.575582 23 23 255
11.239 49.3286 90.2924 0.0592679 0 1.8 0 -0.315891 -0.309068 0 0 255
3.64575 65.7785 113.92 -0.328314 -0.352555 -2.6896 0 0.822327 0.567242 6 6 255
16.5392 47.1247 111.724 -0.76605 -0.436745 2.31846 0 0.125667 0.0270088 2 2 255
12.488 60.461 113.092 -0.0526436 0 2.8 0 -0.505417 0.586764 2 2 255
14.8785 66.8508 105.861 -0.225268 0 -0.4 0 -0.510464 0.771751 3 3 255
16.1529 53.3262 92.9816 0.381731 0 -1.1815 0 0.465224 0.751829 1 1 255
17.7339 62.4066 110.819 -0.953007 -0.494632 -3.5 0 0.822273 0.22065 36 36 255
20.7208 67.483 106.565 -0.398736 -0.346866 -1.6 0 0.451478 0.74523 12 12 255
4.40863 49.6567 107.098 -0.0428849 0 -1.26568 1 -0.995468 -0.0883921 255 7 7
-2.15675 53.6281 103.572 -1.26599 -0.193608 4.5 0 -0.570991 -0.305274 157 157 255
2.08625 52.7513 93.7365 0.104866 0 3.8 0 -0.661743 0.749354 0 0 255
20.5856 47.1319 111.968 0.29297 0 -2.62109 0 -0.271956 0.31093 0 0 255
19.2302 60.792 109.745 -0.376659 -0.464249 -3.5 0 0.615898 0.292581 21 21 255
22.5285 65.6755 103.496 0.345316 0 -1.6 0 0.303039 0.292943 16 16 255
9.72925 41.6413 93.5707 -1.58822 -0.16076 -3.5 0 -0.187202 -0.940093 37 37 255
1.01725 41.8539 103.505 -0.153736 -0.0439978 -3.5 1 -0.7936 0.59289 154 154 255
-1.32325 56.9813 102.179 0.844921 0 -3.9 0 -0.779108 -0.220402 5 5 255
28.1671 34.483 96.3747 -3.68874 0 -3.5 0 0.992524 -0.000810626 1 1 255
22.0196 53.2675 99.8048 -0.205726 0 -0.7 0 0.477413 0.519361 9 9 255
17.8468 37.9365 93.8295 0.375669 0 -4.5 0 -0.118256 -0.979314 0 0 255
27.5925 47.1281 106.117 0.370946 0.224189 2.07628 0 0.631953 0.547046 7 7 255
18.4207 59.334 110.61 0.565861 0.283563 -3.5 0 0.721286 0.0722541 7 7 255
6.88413 59.0051 99.1026 0.229748 0 -1.6 0 0.0257734 0.977141 0 0 255
26.6726 49.2329 103.244 0.979042 0.311157 -3.5 0 -0.445595 0.895217 42 42 255
-0.21925 62.2095 101.317 6.25862 0 -3.5 0 -0.583268 0.456049 0 0 255
9.44875 51.1063 119.723 -1.84846 -0.00869043 -3.5 0 -0.461853 0.676066 170 170 255
2.89825 44.6145 99.039 0.358983 0 -4.5 0 -0.948618 0.147886 19 19 255
13.8693 40.1836 101.676 0.0120552 0.0562477 -1.3 0 -0.737625 -0.493197 4 4 255
-6.0905 55.693 109.422 -0.514865 -0.458366 1.8 1 -0.657767 -0.700481 255 26 26
-8.13975 62.0308 111.04 0.442246 0 -3.9 0 -0.796307 0.52379 158 158 255
16.9792 68.2485 98.8846 0.704654 0.641243 -4.5 0 0.75714 0.596178 0 0 255
17.6904 56.7933 97.6653 0.266206 0.0472081 -0.7 0 0.276963 0.223445 2 2 255
9.159 34.7665 105.126 0.47171 0 -1.6 0 0.804834 0.128901 3 3 255
22.5667 35.1403 107.44 1.0306 0 -4.5 0 0.584184 -0.156484 6 6 255
6.21775 35.1156 106.561 -0.0679084 0 -0.8 0 0.0435736 -0.559353 16 16 255
12.4241 60.6179 110.359 -0.103026 0 2.8 0 -0.753295 0.634409 3 3 255
16.5625 65.8528 97.7355 0.752349 0.71451 -4.5 0 0.522604 -0.049709 0 0 255
27.9699 38.4981 102.973 0.102968 0 -0.4 0 0.278796 -0.729668 3 3 255
12.8875 54.8111 118.569 0.120342 0 -3.5 0 -0.0184618 0.452249 35 35 254
12.8026 56.4345 118.263 0.278621 0 -1.6 0 0.160849 0.072748 25 25 255
6.793 45.2796 94.5807 -0.238385 0 -4.5 0 -0.517031 -0.326804 1 1 255
5.29712 42.8309 110.335 0.141114 -0.279246 -2.71633 1 -0.393638 -0.154566 255 36 36
2.82838 42.7434 96.8325 2.79112 0 -4.5 0 -0.693544 -0.653293 6 6 255
13.3765 41.1958 103.583 -0.715812 -0.158849 -1.3 0 -0.12264 -0.955659 7 7 255
-6.77287 55.771 113.006 0.166183 0 1.8 1 -0.951838 -0.284289 255 8 8
24.1705 40.5034 108.537 0.762485 0 -4.5 0 0.800717 -0.377485 2 2 255
26.8953 35.265 92.253 -1.90429 -0.481708 -3.5 0 -0.0600011 -0.104556 0 0 255
4.0355 49.049 97.274 -0.0355739 0 3.8 0 -0.973342 -0.174976 0 0 255
13.5387 62.2976 111.155 -0.0707148 0 -3.5 0 -0.688163 0.497279 6 6 255
4.1545 42.8857 95.6048 0.657342 0 -4.5 0 0.00343192 -0.775177 6 6 255
8.90425 65.0729 100.994 0.213818 0 -0.8 0 -0.158334 -0.143663 1 1 255
20.5438 58.5755 100.773 -0.290166 0 3.8 0 0.151488 0.345531 31 31 255
8.243 64.253 105.754 0.19326 0.277881 -3.5 0 0.575886 0.100994 11 11 255
20.1161 53.6441 110.293 -0.235797 -0.784235 0.333262 0 0.408068 -0.110223 1 1 255
18.4272 40.369 90.6533 1.48897 0 4.2 0 -0.389026 -0.487346 0 0 255
27.9368 45.9598 107.205 0.34352 0 4.2 0 0.984288 0.0962696 4 4 255
1.96238 49.3587 100.562 -1.39051 0 -3.5 0 -0.189167 -0.227755 6 6 254
3.12812 68.9934 105.578 0.126709 0 -0.7 0 0.317797 0.643884 2 2 255
4.7285 62.842 115.773 -0.0755226 0 -0.8 0 0.918318 0.227653 13 13 255
11.2826 59.2656 110.326 -0.126792 0 2.8 0 -0.449222 0.850977 3 3 255
28.4158 38.9066 92.4371 -0.365709 0 -0.7 0 0.536933 -0.582088 17 17 255
12.4919 37.9453 100.346 -0.563054 -0.660953 -0.756425 0 -0.543669 -0.344911 2 2 255
22.5112 52.5466 102.813 0.337289 0 -0.792558 0 0.948974 0.264614 67 67 255
13.0225 36.6743 100.519 -1.38989 -0.488233 -0.8 0 -0.758222 -0.363594 2 2 255
-1.95775 55.0274 103.54 -0.485163 -0.784927 4.5 0 -0.786416 0.157582 152 152 255
22.7282 36.3505 106.987 5.36725 0 -4.5 0 0.679448 0.118292 3 3 255
3.29575 52.0342 108.009 -0.0450079 0 0.62002 1 -0.409348 -0.896354 255 2 2
6.87175 66.295 103.545 0.348978 -0.00590808 -0.8 0 -0.359951 0.925402 3 3 255
18.7216 45.3969 91.3512 1.01955 0 3.83554 0 0.0240112 0.458227 0 0 255
9.95837 40.0628 103.48 0.05967 0 -4.5 0 0.669713 -0.741241 13 13 254
30.845 43.6274 97.6797 -1.95507 -0.787246 -3.5 0 0.920412 0.296137 37 37 255
-0.184125 54.2303 115.007 0.0338338 0 3.8 1 -0.664912 -0.739517 255 10 10
21.4091 42.1895 113.922 0.444673 0 -0.8 0 0.637025 -0.696573 14 14 255
1.52612 59.6193 105.346 1.49816 0 1.94509 0 -0.332283 0.873919 5 5 255
11.0386 49.7361 95.2549 -0.527041 0 1.8 0 -0.920906 0.306573 0 0 255
7.99775 47.3452 116.585 2.05383 0.38896 -3.9 1 0.204782 -0.499423 255 103 103
19.0229 32.1086 101.968 0.418418 0 -3.5 0 0.59442 -0.802307 4 4 255
19.055 62.211 108.648 -0.0764467 0 -3.5 0 0.561889 0.530375 43 43 255
18.2068 48.4716 111.838 -0.587491 -0.523442 2.8 0 -0.015335 0.120422 0 0 255
16.7261 31.2999 101.624 0.281036 0 -3.5 0 -0.295944 -0.863981 1 1 255
10.6019 57.8654 117.852 0.165221 0 -1.6 0 -0.543781 0.464998 19 19 255
16.0154 49.1828 111.82 0.194799 0 1.8 0 0.487485 0.153835 4 4 255
17.0576 58.7619 113.683 0.291283 0 2.8 0 0.778926 0.055914 6 6 255
27.2927 33.5529 100.245 -1.50221 -0.0594337 -3.5 0 0.634936 -0.305731 1 1 255
24.8684 47.2752 98.1494 -1.29929 -0.0562824 -3.5 0 0.259114 0.764266 19 19 255
22.6155 38.5723 108.999 1.32765 0 -4.5 0 0.70306 -0.603186 3 3 255
-2.11925 66.1637 116.773 -2.21477 -0.40883 -3.5 0 0.0205706 0.0381669 16 16 255
8.421 55.3731 95.9651 0.273599 0 -0.7 0 -0.391584 -0.404053 2 2 255
24.386 63.9422 103.93 0.20416 0 -1.6 0 0.743219 -0.181764 58 58 255
2.739 63.8735 106.827 1.77407 0 -1.35643 0 -0.894709 -0.22199 11 11 255
0.784375 55.847 97.6578 0.383157 0 -1.6 0 -0.52123 -0.819987 0 0 255
26.614 31.006 95.301 -1.9134 0 -3.5 0 0.148008 -0.946776 0 0 255
15.9163 52.5306 118.868 -0.970996 0 -3.5 0 0.588758 0.208617 5 5 255
16.6021 57.6626 113.669 0.182023 0 2.8 0 0.628547 -0.303553 7 7 255
20.8836 50.5783 97.7644 -0.948654 -0.770919 -0.7 0 0.571976 0.143004 1 1 255
1.29212 52.1268 113.084 0.0780091 0 4.5 1 -0.254315 -0.578009 255 40 40
-3.79125 68.1599 113.302 -1.51082 -0.57826 -3.5 0 -0.575241 0.594627 15 15 255
2.39 67.199 111.487 -0.61537 -0.0755513 -0.7 0 0.437268 0.760547 9 9 255
10.9558 40.1283 104.293 0.483919 0 -4.5 0 0.322905 -0.939785 3 3 255
-0.131 68.6162 114.535 -0.277321 0 -3.5 0 0.340474 0.878392 12 12 255
19.7033 41.4095 88.5023 0.113386 0 4.2 0 0.091521 -0.353201 0 0 255
6.12925 37.3574 108.745 -2.01047 -0.558768 -3.5 0 -0.128295 -0.804778 74 74 255
0.152625 66.9156 108.725 0.345611 0 -0.7 0 -0.922702 -0.213911 24 24 255
23.193 48.7988 105.132 0.269805 0 -0.8 0 0.920782 0.387496 9 9 255
7.731 37.1425 101.928 -0.858409 -0.13307 1.9 0 0.724059 -0.238883 15 15 255
16.5452 53.1278 117.356 -1.00794 -0.434896 -3.5 0 0.871184 0.49025 4 4 255
20.0788 33.1118 101.851 1.04628 0.427695 -3.5 0 0.560789 -0.802621 3 3 255
23.4163 37.3476 90.4736 0.0789683 0.171233 -0.7 0 0.230436 0.0736524 0 0 255
7.6905 31.6864 101.417 0.132328 0 -1.6 0 0.435349 -0.56245 0 0 255
13.7098 66.4053 103.465 0.374323 -0.0420707 -4.05534 0 -0.213417 0.885895 2 2 254
11.4856 38.7146 96.8717 0.194718 0 -0.4 0 -0.224498 -0.288099 7 7 255
14.078 50.3343 116.912 0.617937 0 -3.5 0 0.506324 -0.748375 41 41 255
6.69912 30.946 102.205 0.173736 0 -1.6 0 -0.112415 -0.959302 0 0 255
15.0732 32.0525 103.18 0.508416 0.452715 -3.5 0 -0.886681 -0.447809 2 2 255
4.9225 61.7395 115.301 0.510249 0.22904 2.56494 0 0.896806 0.174332 22 22 255
25.0485 39.3944 92.2194 -0.135217 0 -0.7 0 0.151427 0.627587 3 3 255
-1.0085 54.5996 102.788 0.15991 0 -3.9 0 -0.599668 -0.118745 49 49 255
11.7135 45.5978 91.828 -3.12777 -0.211167 -0.1205 0 -0.453032 -0.0316133 0 0 255
6.4345 47.0665 94.465 -0.270509 -0.839413 -4.5 0 -0.459388 -0.217321 0 0 255
2.70525 51.4285 106.412 -0.128158 0 -0.4 1 -0.0111739 -0.878149 255 5 5
22.3126 36.406 90.3108 -0.0408641 0 -0.7 0 0.048642 -0.382942 0 0 255
15.4951 56.7458 95.0161 0.921494 0.242172 -0.8 0 0.49272 0.866178 0 0 255
8.48675 42.3075 92.5658 -1.83991 0 -3.5 0 -0.514362 -0.645015 18 18 255
22.9158 61.5928 106.708 0.218434 0 -1.6 0 0.604495 -0.473392 20 20 255
3.47362 33.027 100.164 -1.20282 -0.539924 -1.6 0 -0.555613 -0.62036 1 1 255
3.34775 52.6684 92.1276 0.0945575 0 3.8 0 -0.596943 0.521315 0 0 255
11.4475 59.6256 97.092 0.0796457 0 -0.70461 0 0.326209 0.63174 0 0 255
5.6385 41.0014 110.402 -0.410029 -0.206061 -3.5 0 -0.221608 -0.0333129 255 48 48
4.9565 32.1035 102.436 0.714918 0 -1.6 0 -0.587654 -0.808976 0 0 255
-7.04975 59.0988 113.277 0.451098 0.344132 1.52232 1 -0.841806 -0.195291 255 108 108
2.86138 41.2427 98.2781 3.94888 -0.397461 -3.5 0 0.416954 -0.157494 6 6 255
20.0917 33.5757 105.126 0.193941 -0.105397 -3.83324 0 0.273988 -0.924818 5 5 255
27.3027 45.4904 98.4839 0.00625014 0 -3.5 0 0.41164 0.825416 10 10 255
10.3857 52.6317 94.8845 -1.29444 -0.0420533 2.8 0 -0.656599 0.229149 0 0 255
7.68188 53.0182 113.454 -0.588038 -0.14671 1.3192 0 -0.171279 -0.399559 49 49 255
14.684 51.239 116.16 0.658537 0 -3.5 0 0.3933 -0.60428 20 20 255
4.03113 66.7436 109.922 0.495007 0 -0.7 0 0.68344 0.391673 6 6 255
5.11425 53.458 95.128 0.320041 0 3.8 0 0.0869697 0.988149 0 0 255
25.167 40.3008 106.96 -0.236691 -0.403197 -4.5 0 0.23745 -0.649394 1 1 255
-6.74125 64.4626 113.076 0.563244 0 -1.6 0 -0.906152 0.155027 11 11 255
9.20687 31.817 103.173 0.144906 0 -1.6 0 0.666012 -0.742438 0 0 255
0.15275 62.6969 99.0137 0.863403 0 -3.5 0 -0.531543 0.636403 0 0 255
6.36462 38.6049 110.229 -1.33523 0 -3.5 0 0.0889529 -0.435811 249 249 255
-1.016 67.755 112.471 -0.329962 -0.100293 -3.5 0 -0.0297894 0.588539 15 15 255
1.947 60.309 102.558 1.93657 0 2.8 0 -0.153161 0.798408 1 1 255
28.6546 41.4787 93.0586 -0.126432 0 -0.7 0 0.586588 0.745974 85 85 255
18.1292 43.1655 115.634 0.948016 0.0835968 -0.8 0 -0.172065 -0.566746 29 29 255
17.9635 68.3378 103.491 0.183001 0 -3.5 0 0.0716926 0.985663 3 3 255
7.052 37.5535 101.305 -0.865596 -0.000432514 0.654795 0 0.430004 -0.210443 20 20 255
26.179 30.8795 93.6823 -4.47734 0 -3.5 0 -0.257883 -0.882523 0 0 255
9.31588 46.3019 92.474 -1.73901 -0.123499 -3.5 0 -0.458091 0.398549 0 0 255
1.411 64.175 100.818 2.19007 0 -3.5 0 0.0231264 0.97621 0 0 255
11.2393 54.1121 95.2244 -0.149235 0 2.8 0 -0.503772 0.179262 1 1 255
3.81325 65.1761 104.117 0.512455 0 -3.5 0 -0.777492 0.242439 2 2 255
27.37 44.8506 105.252 -0.291111 -0.0292132 3.57392 0 0.982448 -0.183072 8 8 255
9.33838 40.8061 107.006 0.311965 0 -3.61381 0 0.581531 -0.808919 33 33 255
21.0432 65.6821 103.382 0.70783 0 -1.6 0 0.475176 0.138388 10 10 255
-0.0703125 38.1053 103.215 0.340416 0 -3.5 0 -0.978634 -0.104771 21 21 254
22.8689 45.3454 92.2971 -1.63072 -0.48929 4.2 0 0.447038 0.729897 5 5 255
12.9459 62.5261 99.3668 -0.266692 -0.380502 -3.1126 0 -0.231319 0.143969 1 1 255
19.3061 43.2308 88.9388 0.113081 0 4.2 0 -0.102047 0.520308 0 0 255
6.54063 41.1297 96.4193 0.73177 0.697857 -0.7 0 -0.730629 -0.358603 10 10 255
4.87625 39.8353 110.305 -2.00529 -0.575933 -3.5 0 -0.338309 -0.0521692 255 73 73
8.75587 50.7445 114.402 0.337832 0 1.0022 0 -0.565026 0.628962 93 93 254
21.8895 40.5718 89.1693 0.0391484 0 4.2 0 0.2771 -0.305775 0 0 255
-9.02375 60.999 110.139 1.23872 0 -3.9 0 -0.975418 0.204664 116 116 255
28.5152 36.9398 98.232 -1.22309 -0.332413 -3.5 0 0.902088 -0.386582 5 5 255
7.93288 47.0312 93.341 -2.12879 -0.0733782 -4.5 0 -0.486645 0.0969927 0 0 255
-3.77275 54.411 106.498 1.91696 0.889537 4.5 0 -0.918924 -0.179902 255 44 44
-7.575 61.307 114.808 -0.576547 -0.254 -1.6 0 -0.996446 0.0116685 198 198 255
15.216 45.673 112.132 -1.27941 -0.475386 3.8 0 0.359224 0.335767 3 3 255
5.04887 49.9748 91.6286 0.00772546 0 3.8 0 -0.0719089 -0.816142 0 0 255
8.074 49.1719 116.964 0.960997 -0.162766 -3.82456 1 -0.558407 0.0739948 255 157 157
-6.11812 62.2677 116.223 -0.555443 -0.730254 -1.6 0 -0.381215 -0.0339825 196 196 255
-0.88875 35.5264 104.529 1.14574 0.672517 -0.8 0 -0.882953 0.00498943 13 13 255
24.857 34.1847 97.6909 -2.03763 0 -3.5 0 -0.602003 -0.729519 0 0 255
-0.30125 66.7978 107.207 0.5182 0 -0.7 0 -0.92506 -0.373827 9 9 255
12.6981 50.2533 119.794 -0.0528116 0 -3.5 0 0.336871 -0.234155 65 65 255
19.863 54.6165 99.5991 -0.410782 -0.391283 -0.7 0 0.455237 -0.062181 7 7 255
3.22638 56.7331 96.9637 0.256631 0 -1.6 0 0.371075 -0.340523 0 0 255
17.9312 41.4156 110.753 0.46395 0 2.8 0 -0.0633155 -0.920965 5 5 255
19.7376 43.4439 115.831 -0.112396 0 -0.8 0 0.0269043 -0.483726 27 27 255
9.11337 40.7985 109.879 0.170067 0 -3.5 0 0.501159 -0.565695 78 78 255
-0.9615 59.8997 101.806 8.67297 0 -3.62969 0 -0.984246 0.174014 0 0 255
30.012 43.401 99.855 -1.13415 -0.281413 -3.5 0 0.756633 0.318995 19 19 255
19.8929 63.4347 103.044 0.533901 0.170439 2.51154 0 0.59034 -0.0451088 4 4 255
0.8665 54.024 115.706 0.0521835 0 3.8 1 -0.0284929 -0.90663 255 51 51
13.0592 55.5062 93.6705 0.0154319 0 -0.8 0 -0.557045 0.565404 1 1 255
1.587 61.1782 97.602 0.595022 0 -3.5 0 0.445287 0.411952 0 0 255
-1.21275 50.6302 109.721 0.0111928 0 4.5 1 0.576685 -0.478229 255 2 2
28.5837 48.6377 103.481 0.456113 0 -3.5 0 0.850397 0.494352 19 19 255
5.87675 60.7565 114.921 0.522305 0.408597 2.8 0 0.672158 0.410731 33 33 255
-2.396 61.2201 118.052 -0.00153975 0 1.8 0 -0.323273 -0.280708 193 193 255
25.7295 43.2648 107.469 0.668482 0 -3.17701 0 0.358688 -0.275896 1 1 255
0.79925 66.3541 105.459 0.724003 0 -0.7 0 -0.557868 -0.415063 3 3 255
29.4743 40.4961 93.6784 -0.38855 -0.239999 -0.7 0 0.969006 0.194472 55 55 255
24.4481 42.4535 108.099 -0.0456798 0 -4.5 0 0.750811 -0.195619 2 2 255
11.6966 37.7145 97.1229 -0.00497571 0 -0.4 0 -0.330936 -0.711349 1 1 255
4.18125 65.4786 115.241 -1.46457 -0.148668 -3.5 0 0.915714 0.39955 4 4 255
21.595 45.256 91.794 0.0143911 -0.688867 4.2 0 0.374516 0.672503 2 2 255
-0.151125 57.6043 100.299 0.837712 0 -1.6 0 -0.89013 -0.424681 0 0 255
27.0599 32.0661 97.3366 -5.7157 -0.183483 -3.5 0 -0.0641497 -0.994418 0 0 255
12.4575 56.98 99.03 -0.0557906 -0.290733 -0.732386 0 0.462594 -0.135325 0 0 255
7.27437 62.0291 108.295 -0.581486 0 2.8 0 0.78506 0.359747 10 10 255
0.42525 63.9084 100.221 19.0595 0 -3.5 0 -0.631544 0.774098 0 0 255
3.31013 66.6578 111.392 -0.240478 0 -0.792163 0 0.633035 0.727424 10 10 255
13.6997 63.8284 110.671 0.486637 0.90693 -3.5 0 -0.552869 0.644099 15 15 255
23.2746 56.6266 108.334 0.216312 0 -0.7 0 0.996673 -0.0680306 8 8 255
26.894 39.39 103.723 0.259372 0 -0.668385 0 0.10056 -0.852121 2 2 255
-1.27237 40.9394 99.0427 0.824316 0.829884 -3.5 0 -0.924583 0.380964 6 6 255
0.053375 39.7767 97.4358 -0.0890985 0 -3.5 0 -0.373933 -0.401934 2 2 255
6.56138 44.5894 112.551 0.404635 0 -3.9 1 -0.740194 -0.362222 255 47 47
23.0697 35.0065 102.155 0.864612 0.0118881 -4.5 0 0.522391 -0.800751 1 1 254
7.838 45.1435 114.467 0.340233 0 -3.9 0 -0.114792 -0.715302 255 69 69
-0.801875 58.1418 101.457 1.61863 0 -3.9 0 -0.885848 -0.102299 0 0 255
-1.1005 41.5511 107.2 -1.70143 -0.80786 -3.5 1 -0.745586 0.642059 255 147 147
28.8334 47.4735 103.616 -0.186197 0 -3.5 0 0.993211 -0.0848033 12 12 255
19.2822 35.2523 105.469 0.532339 -0.0316138 -3.7979 0 -0.763965 -0.106352 11 11 255
13.1804 68.3023 100.648 1.32701 0.639652 -4.5 0 -0.486531 0.844813 2 2 255
-0.71425 59.5892 105.627 2.98443 0 -3.9 0 0.34936 0.933988 5 5 255
5.851 55.472 116.714 -0.0150169 0 4.2 0 -0.129244 -0.0656326 82 82 255
24.2224 44.9569 93.9085 -0.291828 0 4.2 0 0.754222 0.478079 8 8 254
6.533 34.7546 100.442 0.164929 0 -1.6 0 0.386157 0.174719 4 4 255
-8.308 59.644 109.054 2.86988 0 -3.9 0 -0.69166 -0.553894 167 167 255
17.0403 38.3825 92.2825 1.61817 0 -4.5 0 -0.531954 -0.721458 0 0 255
28.5289 43.3149 102.356 -1.08247 -0.861247 -0.4 0 0.801487 0.488911 11 11 255
1.23 39.9125 109.316 0.332384 0 -3.5 0 0.0159224 0.321304 255 55 55
18.0653 31.1262 101.949 0.24092 0 -3.5 0 0.372142 -0.915553 2 2 255
19.6425 45.5752 114.868 0.445904 0 -0.8 0 -0.152245 0.942076 20 20 255
14.722 49.9123 91.306 0.584855 0.537065 3.8 0 0.13021 0.28652 1 1 255
4.50775 43.9045 109.941 -0.156838 -0.0715166 -0.960548 1 -0.556479 -0.0467331 255 16 16
18.1324 39.1226 107.728 0.192982 0 -3.07394 0 -0.654275 -0.621063 5 5 255
10.6823 50.8013 96.0592 -0.773744 0 2.74032 0 -0.648184 -0.19943 0 0 255
18.2345 50.4996 111.368 0.90445 0.0459355 -3.93569 0 -0.046446 0.114166 0 0 255
15.0518 51.6862 119.223 0.553897 0 -3.5 0 0.341679 -0.0675016 14 14 255
-2.53725 60.6183 108.116 -0.892449 -0.56586 -3.5 0 0.210963 0.889725 72 72 255
-1.69075 62.4359 111.897 0.146724 0 -1.55595 0 -0.379846 -0.0357745 190 190 255
6.01075 53.8551 115.473 0.00269884 0 4.2 0 -0.0863526 -0.802049 149 149 255
6.20038 49.1469 116.016 2.76188 0.389378 -3.9 1 -0.784612 0.261867 255 32 32
7.89213 63.1625 105.79 -0.175946 -0.0647682 -1.51736 0 0.417661 0.0194226 8 8 255
9.621 33.0254 102.221 0.0227233 0 -1.6 0 0.848481 -0.0890353 1 1 255
13.1978 44.8117 90.8935 -0.484384 0 3.8 0 -0.397342 -0.74749 0 0 255
3.20125 38.38 98.8518 -1.46028 -0.150404 -3.5 0 0.590469 -0.643737 7 7 255
11.7432 42.3801 110.591 -0.040848 -0.0684177 2.87505 0 0.302797 -0.75351 33 33 255
9.35925 61.5477 105.865 -1.28478 -0.209002 2.8 0 0.176053 0.3171 4 4 255
4.05125 48.162 95.9973 0.453661 0.167566 -1.94969 0 -0.942068 -0.168509 0 0 255
9.7835 56.1823 94.923 0.0908088 0 -0.7 0 0.063147 -0.16266 2 2 255
22.1493 32.545 99.8372 1.81231 0 -4.5 0 0.424166 -0.844158 2 2 255
2.514 43.9798 96.17 0.305151 0 -4.5 0 -0.943838 0.0738438 2 2 255
20.4188 46.1925 91.8958 0.670047 0.487779 4.16424 0 0.343802 0.510872 2 2 255
4.03375 47.1367 107.326 -0.59359 0 -1.3 1 -0.954004 0.294658 255 5 5
27.9459 34.1208 92.7829 -2.25094 0 -3.5 0 0.364687 -0.399195 0 0 255
20.0368 36.2765 108.249 2.40632 0.484951 -4.5 0 -0.200286 -0.596388 5 5 255
0.6595 56.432 100.505 0.749005 0 -1.6 0 -0.804483 -0.518411 0 0 255
21.4785 53.0978 104.78 0.301837 0 -2.7992 0 0.529024 0.20599 27 27 255
4.26725 64.0779 116.072 -1.02181 -0.336082 -2.29659 0 0.826812 0.244075 7 7 255
24.6241 63.3937 105.585 0.352605 0 -1.6 0 0.902423 -0.428519 52 52 255
-8.692 60.0825 111.065 0.465834 0 -3.9 1 -0.888069 -0.299658 238 238 255
2.72388 70.088 108.933 -0.258792 -0.748577 -0.7 0 0.454812 0.800633 1 1 255
-0.02675 47.7871 101.414 -1.3834 -0.673512 -3.5 0 -0.629571 -0.687163 217 217 255
-0.315625 66.898 111.712 0.251987 0 -3.5 0 -0.519171 0.462509 18 18 255
17.592 59.8525 111.396 0.101185 0 -2.88973 0 0.738574 0.148139 9 9 255
9.00062 50.7514 96.7012 -0.483536 0 3.8 0 0.109514 -0.269073 0 0 255
18.7085 31.9829 104.099 -0.203849 0 -3.5 0 0.58832 -0.768925 4 4 254
0.626125 37.176 108.609 0.244576 0.0307769 -3.5 0 0.103127 -0.796704 255 185 185
1.38863 46.8402 105.046 -0.715217 -0.0974328 -2.34793 0 -0.745305 0.22649 255 135 135
4.57875 49.2326 105.693 -0.267323 0 -0.4 1 -0.935691 -0.0586241 255 14 14
2.465 60.241 106.987 1.42564 0 2.8 0 -0.752131 0.622025 12 12 255
17.4823 53.1881 96.9915 -0.770531 0 -1.6 0 0.777066 0.590936 1 1 255
22.0578 51.7463 105.704 0.63353 0 -0.8 0 0.435126 0.614563 16 16 255
10.377 60.2325 108.938 -0.162975 0 2.8 0 -0.164203 0.98509 11 11 254
22.5201 34.6918 103.868 0.670682 0 -4.5 0 0.428103 -0.900224 1 1 255
11.4525 57.9535 96.0655 0.348156 0 -0.7 0 0.807359 -0.00302627 1 1 255
23.4504 47.724 98.9348 -0.217389 -0.427417 -3.5 0 0.305685 0.784117 12 12 255
-2.093 55.6055 113.594 -0.317716 0 2.75767 1 -0.125564 -0.901237 255 1 1
11.69 65.128 104.157 0.0367119 0 -4.5 0 -0.261234 0.558486 2 2 255
25.2601 48.6894 102.648 0.46648 0 -3.5 0 0.0380514 0.900983 26 26 255
22.2738 61.7916 103.607 0.296728 0 -1.6 0 0.570069 0.14677 23 23 255
4.48163 67.8023 106.749 0.110464 0 -0.7 0 0.696415 0.526617 3 3 255
22.0226 42.0527 89.4733 0.0468196 0 4.2 0 0.557284 0.246654 0 0 255
1.48025 64.145 108.481 1.21553 0 -0.8 0 -0.656644 -0.0939925 16 16 255
12.2615 58.587 115.551 0.330818 0 -1.6 0 0.216072 0.97566 6 6 255
27.5713 35.5826 99.7572 -0.646342 0 -3.5 0 0.648225 -0.087536 4 4 255
11.2345 44.5853 112.049 0.350537 -0.0284549 -2.49514 0 0.12813 -0.244455 150 150 255
28.7248 40.7537 98.0659 -0.820962 -0.11707 -3.15457 0 0.950543 -0.292688 15 15 255
23.8172 62.6864 104.589 0.647473 0 -1.6 0 0.7069 -0.568678 44 44 255
22.8124 65.5219 107.203 0.495823 0 -1.6 0 0.378245 0.233422 19 19 255
9.19494 49.4761 96.5433 -0.473168 0 2.2403 0 0.0654157 0.530307 0 0 254
11.5997 37.4976 98.7079 -0.100295 0 -0.4 0 -0.46398 -0.885341 2 2 255
22.1684 37.1425 107.327 2.03693 0 -4.5 0 0.662152 -0.0803595 3 3 255
17.2698 42.4593 93.2623 0.366275 0 3.8 0 -0.667041 -0.0929969 0 0 255
-6.96225 62.5518 113.58 0.518875 0 -1.6 0 -0.972128 0.191167 154 154 255
18.6289 51.9668 93.503 0.304735 0 -1.6 0 0.811667 0.482554 3 3 255
7.93694 61.0836 107.756 -0.221213 0 2.8 0 0.714073 0.676493 11 11 255
27.6353 44.4125 96.7961 -1.09782 0 -3.5 0 -0.211834 0.727774 25 25 255
15.362 67.5295 97.986 0.0594601 0 -4.5 0 0.0467631 0.233852 0 0 255
8.316 60.8865 106.832 -0.0338456 0 2.8 0 0.550984 0.686376 7 7 255
7.90175 67.3403 102.991 0.12545 -0.461475 -0.8 0 -0.564148 0.816943 5 5 254
-0.0368125 49.8486 103.972 -0.430054 0 -3.5 1 -0.858815 -0.50423 255 35 35
21.5502 52.505 109.03 0.348872 0 -3.47857 0 0.982857 -0.172524 5 5 255
7.72925 50.2444 114.358 1.95665 0 -3.9 0 -0.218319 0.860415 228 228 255
15.4862 57.3353 114.074 -0.109431 0 2.8 0 0.623181 -0.228749 5 5 255
5.5485 66.1104 105.047 0.269812 0 -2.94129 0 0.113975 0.95509 3 3 255
28.7747 37.905 100.568 -0.734911 0 -0.4 0 0.55118 -0.794551 10 10 254
16.9156 36.7119 95.7934 -0.912091 -0.433802 -0.8 0 -0.070126 -0.477628 36 36 255
25.6799 47.8214 105.782 0.289769 0 0.415182 0 0.0828801 0.995521 8 8 255
20.0222 61.4406 102.275 0.0806624 0 3.8 0 0.309528 0.632124 10 10 255
15.8555 49.0506 91.0456 0.189436 0.579795 3.64837 0 0.0535293 0.331834 0 0 255
16.1434 62.9757 98.5974 -1.01522 -0.94986 -3.5 0 0.057181 -0.0214247 0 0 255
25.7138 48.2531 103.539 0.50537 0 -3.5 0 -0.523432 0.799234 29 29 255
0.971062 37.3748 99.7807 0.477355 0 -3.5 0 -0.0488776 -0.711699 5 5 255
25.3685 43.925 95.858 -0.151447 0 4.2 0 0.682816 0.587495 33 33 255
13.6375 43.409 110.312 0.268889 0 3.8 0 0.241377 -0.697185 27 27 255
1.11069 41.2874 108.406 -0.22175 0 -3.5 1 -0.139737 0.445377 255 76 76
9.61887 33.8342 103.967 0.384036 0 -1.6 0 0.983093 0.0766275 3 3 255
12.8847 39.6115 100.447 -0.343617 0 -0.4 0 -0.437176 -0.0998325 3 3 255
26.0553 36.2625 101.013 -0.0676585 0 -3.5 0 0.448409 -0.159975 1 1 255
3.04606 69.9023 106.983 -0.69611 -0.405034 -0.7 0 0.311596 0.928514 1 1 255
6.26981 66.2611 106.379 0.117232 0 -3.5 0 0.53433 0.82442 5 5 255
23.4973 50.8399 99.9899 -0.919214 -0.404725 -0.7 0 0.880567 0.026193 7 7 255
4.45087 68.052 109.146 0.030707 0 -0.7 0 0.599823 0.521474 1 1 255
14.5251 52.1641 114.176 -0.398223 -0.110632 1.8 0 0.870388 -0.464322 19 19 255
19.3686 67.612 102.916 0.285342 0 -3.5 0 0.564439 0.795948 4 4 255
17.4354 67.4249 100.238 0.363564 0 -4.1291 0 0.648524 0.636138 0 0 255
12.295 55.889 96.06 -0.156465 -0.549817 -0.8 0 0.32444 0.936786 0 0 255
12.9505 62.1126 108.744 -0.139566 0 0.367578 0 -0.796343 0.534075 22 22 255
3.02413 53.3176 113.24 0.110614 0 4.33294 1 -0.0412772 -0.573726 255 49 49
1.13106 42.5696 105.539 0.439564 0.23948 -0.7 1 -0.95339 0.257822 255 172 172
4.86931 49.0414 112.166 0.882452 0 -3.5 1 -0.644 -0.220851 255 3 3
28.1012 46.1255 104.156 -0.253083 -0.299207 -3.5 0 0.912661 -0.37789 11 11 255
29.0813 38.894 95.628 -1.38514 -0.470465 -0.7 0 0.852477 -0.508492 4 4 254
4.90625 36.8521 100.89 -1.49328 -0.00374142 -0.8 0 0.0930601 0.0311857 13 13 255
1.18069 60.0391 104.122 2.81975 0 -3.9 0 0.0844337 0.972263 1 1 254
11.587 56.8045 96.404 -0.138109 -0.733729 -0.7 0 0.845777 0.441111 1 1 255
-6.31675 57.5574 113.815 0.794161 0.289689 1.8 1 -0.693315 0.0502974 255 29 29
22.5053 64.3443 103.8 0.656455 0 -1.6 0 0.166366 -0.0784389 15 15 255
0.412375 52.2421 102.819 0.218725 0 -3.5 0 -0.919304 -0.21227 219 219 255
5.4405 59.726 115.14 0.000264718 -0.486336 2.8 0 0.372514 -0.00108492 38 38 255
13.2577 49.2071 90.7876 0.575787 0 2.75677 0 0.243451 0.196828 0 0 255
17.3127 37.858 94.7122 0.239264 0 -4.5 0 -0.185388 -0.832396 1 1 255
-0.616188 59.3896 117.012 0.500439 0 3.8 0 -0.0870061 -0.034321 255 164 164
21.4158 55.5346 99.7617 -0.758244 0 -3.2 0 0.369492 -0.264897 12 12 255
16.0586 40.5626 109.336 0.181711 0 2.8 0 -0.646455 -0.654716 11 11 254
3.58013 68.813 108.842 -0.0868849 -0.55538 -0.7 0 0.645104 0.567354 1 1 255
16.9252 39.8259 108.116 0.245476 0 2.8 0 -0.464807 -0.861828 8 8 255
22.949 59.187 104.723 0.134623 0 3.8 0 0.96898 -0.0284599 15 15 255
7.02294 63.8139 109.116 -1.38347 0 2.8 0 0.808606 0.492002 7 7 255
20.3158 33.7812 103.722 0.24479 -0.311704 -3.94116 0 0.559896 -0.827331 3 3 255
22.711 49.637 99.7365 -0.629996 -0.213912 -0.7 0 0.826575 -0.011281 4 4 255
14.7139 57.3461 115.204 0.246827 0 -1.27547 0 0.93057 0.0356988 13 13 254
15.157 56.552 97.755 -0.216775 -0.143108 -0.720031 0 -0.418933 0.65449 0 0 254
3.85437 55.1221 115.84 0.0578606 0 3.8 0 0.0055807 -0.804946 234 234 255
4.64638 47.8597 111.947 0.334831 0 -1.3 1 -0.565487 -0.149627 255 4 4
17.9772 42.6632 92.1354 -0.0416321 0 3.88604 0 -0.920712 -0.230345 0 0 255
4.03888 64.6233 113.96 -0.325242 -0.159033 -2.95759 0 0.978234 0.124802 16 16 255
22.236 49.5847 107.369 0.294893 0 -4.5 0 0.794422 0.593075 12 12 255
28.0479 47.3846 102.143 0.233181 0 -3.5 0 0.936491 0.0875611 7 7 255
24.2219 34.2643 95.767 -1.10867 0 -1.46711 0 -0.520178 -0.697075 0 0 255
1.32487 57.7498 117.686 0.100157 0 3.8 0 -0.202896 0.266233 255 146 146
5.91119 37.6443 100.896 -1.37237 -0.321173 -0.8 0 0.103615 0.00826262 17 17 255
25.6856 37.2864 101.342 0.0590837 0 -2.86088 0 0.36689 -0.454616 2 2 255
19.3225 64.6215 101.932 0.824936 0.079867 -3.5 0 0.845243 -0.326504 2 2 255
0.365875 58.3237 96.5734 0.952123 0 -1.6 0 -0.481782 0.136386 0 0 255
20.7423 40.8335 110.794 0.994285 0 -4.5 0 -0.377624 -0.768915 2 2 255
4.22225 53.3374 92.8118 0.106957 0 3.8 0 -0.230606 0.948624 0 0 255
12.9633 65.3926 104.647 0.108861 0 -2.6258 0 -0.447733 0.730547 3 3 255
3.63269 46.6954 108.509 -0.359346 0 -1.3 1 -0.991051 0.115112 255 4 4
16.3996 39.6926 103.915 -1.01938 -0.101295 -3.5 0 -0.858028 -0.0705548 11 11 255
21.2315 38.8681 90.9451 0.00910589 0 1.46401 0 -0.419309 -0.281362 0 0 255
-2.15881 60.58 110.762 -0.0498091 -0.24795 -2.40486 0 -0.190068 0.885007 255 246 246
22.3331 47.0764 95.916 -0.0932059 0 4.0627 0 0.685989 0.7268 4 4 255
0.4785 66.5107 110.422 0.151168 -0.337674 -0.724827 0 -0.936941 0.273385 30 30 255
22.3924 34.9281 92.5786 -0.0988693 0 -0.7 0 -0.350007 -0.912737 0 0 255
-4.02 59.3683 115.934 -0.740705 -0.308302 3.8 0 -0.813663 -0.162794 255 129 129
13.097 65.8901 98.4679 0.582072 0 -4.5 0 -0.434367 0.165601 1 1 254
-0.147938 52.0563 110.299 -0.00707111 0 4.5 1 -0.400243 -0.69667 255 2 2
12.7625 49.363 118.845 -0.0428016 0 -3.5 0 0.451536 -0.816362 92 92 255
18.6319 66.1849 100.204 0.753954 0 -3.5 0 0.711944 0.34618 1 1 254
13.1045 49.3605 117.007 0.153221 0 -3.5 0 0.467565 -0.85336 62 62 255
1.18313 35.1374 105.205 0.21155 0 -0.8 0 -0.297589 -0.412995 8 8 255
17.9817 61.3251 100.628 -0.814197 -0.595134 -2.32009 0 0.821796 -0.06826 2 2 255
3.22275 48.0802 110.631 -0.292659 0 -1.3 1 -0.989566 -0.0520992 255 3 3
10.4233 41.6145 92.6127 -0.580947 0 -3.5 0 -0.308184 -0.895759 13 13 255
6.412 39.4795 99.9395 0.180253 0 1.9 0 -0.112238 -0.695819 19 19 254
6.79256 65.9679 105.368 0.342553 0 -3.5 0 0.223847 0.957706 7 7 255
23.3941 47.663 109.882 2.68447 0 -1.41003 0 0.738301 0.113957 1 1 255
17.2932 31.9345 100.729 0.258456 0 -3.5 0 -0.0518431 -0.689991 2 2 255
9.08412 57.4951 112.553 -0.358187 0 3.323 0 0.121256 0.991921 4 4 255
6.439 61.4699 112.917 -0.237281 0 2.8 0 0.614125 0.270979 29 29 255
9.34863 51.9761 114.47 -0.391796 0 1.8 0 -0.770299 0.0705092 60 60 255
24.8954 45.1076 95.7967 -0.243536 0 4.2 0 0.859573 0.455399 16 16 255
2.05425 65.4521 105.713 1.50765 0.649504 -0.7 0 -0.407012 -0.587351 4 4 255
16.1402 31.4535 103.183 0.516797 0 -3.5 0 -0.303144 -0.95156 1 1 255
8.95575 67.9054 102.352 1.1714 0.507524 -0.8 0 -0.151806 0.926811 4 4 255
10.0414 43.4777 91.3329 -1.03689 0 -3.5 0 -0.282709 -0.0838812 1 1 255
10.5086 48.8306 94.2314 -0.688611 0 1.8 0 -0.665707 0.733628 0 0 255
7.92569 31.2017 102.979 0.163086 0 -1.6 0 0.313541 -0.945606 0 0 255
4.35175 52.8786 113.679 0.118528 0 4.2 1 -0.44776 -0.557078 255 80 80
19.1439 41.9168 114.036 0.141318 0 -0.8 0 -0.0509721 -0.930109 15 15 254
22.8936 63.2228 103.704 0.613226 0 -1.6 0 0.299584 -0.104917 27 27 255
6.58475 65.4902 108.725 -1.67575 -0.530954 -3.5 0 0.811328 0.41598 6 6 255
29.2049 42.5191 95.2566 -0.976555 -0.144353 -2.22863 0 0.598161 0.211592 76 76 255
29.1873 41.1864 94.5971 -0.192879 -0.768535 -0.7 0 0.871094 0.414705 61 61 255
6.11175 33.9731 105.064 0.268986 0 -1.6 0 -0.417916 -0.51713 4 4 255
26.8317 38.1338 102.095 0.335378 0 -0.4 0 0.0956944 -0.78292 5 5 255
3.45044 50.3913 96.9887 -0.268904 0 3.8 0 -0.947274 -0.296643 0 0 255
15.0439 53.5458 118.463 -0.0286993 -0.370055 -3.5 0 0.489905 0.569554 10 10 255
16.0055 33.9254 105.495 0.478768 0.00692691 -3.5 0 -0.43888 0.654634 7 7 255
16.0526 46.9222 89.92 0.266935 -0.0279391 3.8 0 0.427918 0.323557 0 0 255
15.6244 31.3975 104.624 0.632563 0 -3.5 0 -0.400084 -0.892106 3 3 255
19.1514 62.5109 102.544 0.0316384 0 3.8 0 0.552889 0.214314 3 3 255
13.2819 63.0855 109.23 0.045598 0 -3.5 0 -0.937472 0.329609 19 19 255
14.2551 61.7044 111.833 -0.15293 -0.104216 -1.7551 0 -0.35181 0.702494 2 2 255
23.4206 51.425 105.078 1.46477 0.823968 -0.8 0 0.889369 0.339481 13 13 255
21.5678 59.133 101.467 -0.0723205 0 3.8 0 0.668393 0.393238 29 29 255
11.0901 50.1546 94.2288 -0.460897 0 1.8 0 -0.954166 0.0819671 0 0 255
6.81731 62.3665 106.483 -0.0641867 0 0.848294 0 0.761085 0.293824 9 9 255
15.8894 43.8773 110.917 0.160823 0 2.8 0 -0.489149 -0.639851 6 6 255
12.6143 41.4372 104.808 1.95425 0 -4.5 0 0.455077 -0.879619 3 3 255
12.6665 48.1056 113.495 0.45593 0 1.8 0 -0.0233152 -0.0806933 46 46 255
-1.44775 58.2567 117.083 -0.0876324 0 3.8 0 -0.314596 -0.213338 255 101 101
2.1225 68.8621 110.243 0.057584 0.0413999 -0.7 0 0.206832 0.649376 4 4 255
15.5067 40.7741 103.849 -1.16425 -0.85794 -1.3 0 -0.569865 -0.592899 14 14 255
12.3419 55.5811 98.1323 -0.548597 0 -0.7 0 0.454518 0.821164 0 0 254
19.6478 37.0615 95.1089 0.227543 0 4.2 0 -0.545623 -0.560922 0 0 255
14.6292 46.5435 112.43 -0.793502 -0.689879 3.24344 0 0.445824 -0.0791276 16 16 255
3.14313 53.1103 93.6104 0.11699 0 3.8 0 -0.408575 0.90962 0 0 255
2.2335 48.2435 104.962 -1.89933 -0.91536 -3.5 1 -0.0962071 0.117782 255 55 55
7.74569 44.2169 94.0449 -1.58028 -0.751029 -3.5 0 -0.906968 -0.0360862 6 6 255
15.5979 42.198 94.1624 0.802419 0 -4.19717 0 -0.165532 -0.228142 0 0 255
24.3204 47.7629 105.471 0.28077 0 4.2 0 0.269533 0.924907 7 7 255
15.9434 40.3498 107.114 -0.467368 0 2.8 0 -0.69909 -0.709026 13 13 255
1.97175 32.9789 102.323 0.024536 0 -0.8 0 0.0165559 -0.933484 1 1 255
13.2839 44.1908 111.798 -0.324847 -0.0402637 3.8 0 0.136578 -0.749452 50 50 255
26.1588 34.0791 92.9063 -1.32822 -0.123413 -3.5 0 0.0274513 -0.291469 0 0 255
-2.16944 64.8656 116.602 -0.676153 -0.370905 -1.03898 0 -0.0360328 0.234825 21 21 255
23.6481 36.1826 90.9291 -0.110296 0 -0.7 0 0.27598 -0.464999 0 0 255
0.51325 63.8059 109.152 0.593575 0 -0.8 0 -0.740492 0.0317254 19 19 255
2.28769 60.0874 104.498 1.51949 0 2.8 0 -0.442552 0.892851 3 3 255
10.9331 65.9453 99.7972 0.901981 0 -4.5 0 -0.701236 0.462139 2 2 255
1.741 42.18 108.533 0.491035 0.37911 -0.7 1 -0.542351 -0.0356553 255 65 65
-5.9465 57.5664 108.705 -0.461463 -0.0592407 -0.415991 0 -0.902695 -0.0836326 255 221 221
14.1953 48.9119 113.002 0.674323 0 1.8 0 0.52282 -0.00676602 20 20 255
3.3885 50.1505 104.946 -0.443226 0 -3.32785 1 -0.425466 -0.370609 255 19 19
26.064 32.6199 100.096 -0.567673 -0.878385 -3.5 0 -0.0256151 -0.93435 0 0 255
5.0405 56.9139 116.453 -0.0033903 0 4.2 0 0.292809 0.333948 93 93 255
10.1304 56.064 117.112 0.0332142 0 -1.6 0 -0.648294 -0.352492 38 38 255
-5.84175 58.6065 107.818 0.810473 0 -3.5 0 -0.980038 -0.027197 108 108 255
14.1827 65.7473 106.95 0.241533 0 -0.4 0 -0.698442 0.591357 6 6 254
15.5995 37.9722 95.8016 -0.186912 0 -0.8 0 -0.599496 -0.307943 38 38 255
16.5713 42.5206 110.991 0.422427 0 2.8 0 -0.597647 -0.498793 6 6 255
20.994 52.4355 107.558 0.248432 0 -0.765285 0 0.948802 0.189495 9 9 255
7.837 63.5477 111.378 -0.0434233 0 2.8 0 0.722129 0.578869 5 5 255
0.992688 67.0278 115.64 -0.104579 0 -3.5 0 0.371891 0.667051 11 11 255
6.5215 46.393 112.878 0.823938 0 -3.9 1 -0.829385 -0.249552 255 13 13
16.7577 41.4207 93.4001 2.04093 0 -4.5 0 -0.68975 0.299515 0 0 255
19.3458 68.0611 104.688 -0.136104 -0.213749 -1.92516 0 0.280363 0.952623 8 8 255
20.0399 60.5503 101.049 -0.0155006 0 3.8 0 0.0869735 0.4701 19 19 255
10.7008 65.4691 104.017 -0.316324 -0.692859 -1.6205 0 0.262613 0.36626 2 2 255
17.5812 68.1471 104.595 0.182065 0 -3.5 0 0.00424909 0.968279 4 4 255
15.435 58.6085 114.232 -0.388908 0 2.8 0 0.372459 0.187688 7 7 254
16.8881 67.5163 105.663 -0.0525949 0 -3.5 0 -0.132893 0.794559 3 3 255
-0.646125 39.7803 103.645 -1.27184 -0.0129857 -3.5 0 -0.974893 -0.0087474 60 60 255
19.928 67.367 104.061 0.15402 0 -1.6 0 0.569386 0.730952 11 11 255
22.1861 49.7019 98.5716 0.454246 0.119328 -0.7 0 0.763693 0.0239123 1 1 254
3.14112 55.7785 97.2943 0.185694 0 -1.6 0 0.0971276 -0.509939 0 0 255
14.6834 59.4044 98.5444 -0.10018 -0.232883 -0.8 0 0.290613 0.0339624 0 0 255
20.1144 50.0422 96.8377 -0.542767 0 -0.7 0 0.743554 0.39575 2 2 254
3.201 61.1806 102.57 0.381643 0 2.8 0 -0.530412 0.625753 1 1 255
3.8425 62.002 117.349 -0.785799 -0.316129 -0.8 0 0.798571 0.319098 13 13 255
12.696 41.7798 92.5793 0.0928822 0 -3.5 0 0.588366 -0.553872 0 0 255
-0.438375 65.57 111.509 1.041 0 -2.86284 0 -0.668055 0.39682 32 32 255
23.1839 50.1757 104.367 0.574508 -0.360152 -0.8 0 0.999664 0.0236094 17 17 255
23.528 51.0655 102.55 0.778694 -0.0029755 -0.7 0 0.898109 0.342684 39 39 255
10.7177 58.1905 111.763 -0.186608 0 2.8 0 -0.549677 0.785572 3 3 255
6.195 31.3074 103.902 0.173195 0 -1.6 0 -0.332642 -0.824405 0 0 254
22.9646 52.5233 100.27 -0.286204 0 -0.7 0 0.877149 0.410573 12 12 255
18.6127 33.9362 105.329 -1.89086 -0.890141 -3.5 0 -0.332583 0.0408679 7 7 255
14.8385 69.124 99.0078 0.658047 0.0026214 -4.5 0 -0.316315 0.815827 1 1 255
13.0732 38.1671 97.0036 -0.0362595 0 -0.4 0 -0.146696 -0.495037 3 3 255
14.3275 38.7566 96.6619 0.574148 0 1.74975 0 -0.430363 -0.226013 27 27 255
21.2626 54.4679 100.106 -0.590438 0 -0.7 0 0.420378 0.0678356 8 8 255
11.3698 61.001 106.843 -0.250419 0 2.8 0 -0.627977 0.724496 10 10 255
10.446 64.7607 100.597 0.566605 0 -4.24145 0 -0.491895 -0.416163 1 1 255
13.1995 58.6175 98.0297 -0.826114 -0.983962 -0.8 0 0.329609 -0.404093 0 0 255
-5.57888 56.8679 107.48 0.293476 0 -3.5 0 -0.878884 -0.331714 255 214 214
3.323 52.011 97.181 0.0166813 -0.105893 1.16209 0 -0.987893 0.150344 0 0 255
-2.03238 57.0762 104.772 0.717716 0 -3.9 0 -0.892443 -0.177245 178 178 255
10.4633 52.6177 118.947 -0.240888 0 -3.5 0 -0.577777 0.601653 79 79 255
3.70606 49.7345 109.202 -0.192309 0 3.44267 1 -0.790117 -0.138917 255 2 2
18.2104 37.744 106.792 0.566652 -0.385072 -4.03118 0 -0.75841 -0.479962 6 6 254
28.2302 36.8899 93.8645 -1.71384 -0.172349 -3.21305 0 0.962364 0.152671 2 2 255
8.51544 48.2789 93.7097 -1.44672 -0.0854432 -4.5 0 -0.121142 0.783503 0 0 255
19.2835 56.7842 98.1212 0.699307 0.768224 -0.7 0 0.574028 0.385745 5 5 255
23.3318 48.7588 106.823 0.307558 0 3.53185 0 0.57137 0.820548 7 7 255
0.212125 41.6553 106.124 -0.358944 0.480812 -1.89991 1 -0.64624 0.578488 255 186 186
19.7868 40.913 109.643 1.00291 0 -4.5 0 -0.345626 -0.573892 3 3 255
21.5904 58.9367 107.819 -0.186031 0 -0.7 0 0.87488 0.465632 7 7 255
12.7401 41.056 94.5107 0.0880734 0 -3.5 0 0.213694 -0.972298 7 7 255
-4.42588 60.7696 108.476 0.518975 0 -3.6232 0 0.0880328 0.986741 166 166 255
-6.87087 60.281 108.459 2.14678 0 -3.9 0 -0.303835 -0.021768 130 130 255
-4.7415 55.182 109.576 -0.0130471 0 -3.5 1 -0.346486 -0.926416 255 10 10
14.2216 64.4472 108.008 0.0968144 0 -2.99729 0 -0.646683 0.617366 18 18 255
0.921438 49.4414 105.22 -0.65592 -0.231526 -3.5 1 0.0717647 -0.577822 255 21 21
6.37319 47.6024 114.152 2.50449 0 -3.9 1 -0.930239 -0.341928 255 14 14
12.2736 47.0395 91.1235 -2.12113 -0.000596722 2.09563 0 -0.528611 -0.0903873 0 0 255
10.7662 50.9887 90.7253 0.0782762 0 1.8 0 -0.404332 0.473932 0 0 255
3.90394 53.2619 97.7694 0.0780731 0 3.8 0 -0.527884 0.40812 0 0 254
25.5226 48.7386 101.544 0.40705 0 -3.5 0 0.194931 0.972283 23 23 255
-1.15638 55.793 102.852 0.452549 0 -3.9 0 -0.678284 -0.196029 33 33 255
3.12287 59.6722 118.373 0.398816 -0.0135497 -0.8 0 0.436535 -0.486154 120 120 255
21.06 51.8362 110.568 0.293601 0 -4.5 0 0.470585 0.591196 5 5 255
-7.86925 60.7308 112.226 0.358553 0 -3.9 0 -0.893119 -0.00349821 255 228 228
10.5197 53.4795 117.539 -0.426525 0 -3.5 0 -0.920523 0.29359 86 86 255
7.41325 55.6794 116.62 -0.076827 0 4.2 0 0.239772 -0.218619 51 51 255
28.2348 38.1748 96.8321 -0.975722 -0.836023 -3.5 0 0.879571 -0.436701 3 3 255
9.615 48.2759 92.899 -0.522269 0 1.8 0 -0.828587 0.272904 0 0 255
7.98556 36.32 105.487 -0.0715011 0 -0.94044 0 0.746473 0.172302 12 12 255
18.08 53.9026 111.927 -1.89998 -0.38734 4.2 0 0.244806 -0.139195 4 4 254
15.9838 39.5192 94.6462 -0.270754 0 -4.5 0 -0.773694 -0.283239 0 0 255
10.4116 67.4174 102.489 0.926756 0.177662 -0.8 0 0.407064 0.904128 2 2 255
2.03025 60.8796 119.04 1.08398 0.720899 -0.8 0 -0.208514 0.00346156 67 67 255
17.695 63.7868 108.049 -0.322626 0 -0.7311 0 0.385395 0.714364 34 34 255
-0.29275 51.003 104.032 -0.0531731 0 1.67851 1 -0.829104 -0.100505 255 68 68
28.3845 35.2858 95.5346 -5.02537 0 -3.5 0 0.944799 0.159579 2 2 255
12.5895 64.455 105.612 -0.213584 -0.0116473 -0.630195 0 -0.634243 0.592922 5 5 255
-1.28625 64.4358 111.263 0.531945 0 -0.982795 0 -0.428369 0.112779 77 77 255
22.9129 67.0493 104.954 0.338462 0 -1.6 0 0.418133 0.795446 23 23 255
15.2196 52.8391 112.599 -0.497925 -0.0115779 1.8 0 0.890012 -0.0314785 8 8 255
-3.2955 55.044 110.538 0.343189 0 -3.5 1 -0.143484 -0.979087 255 3 3
4.06356 46.9386 99.0983 0.156987 0 -4.5 0 -0.974389 0.178617 2 2 255
2.38406 49.7354 93.5058 0.092663 0 3.8 0 -0.687158 -0.716634 0 0 254
17.8781 41.5319 90.4249 0.813096 0 4.2 0 -0.904833 -0.155679 0 0 255
-0.320563 41.3591 97.8411 0.574077 0 -3.5 0 -0.449608 0.680153 2 2 255
0.01375 62.0742 117.672 0.111433 0 1.41194 0 -0.108364 0.178079 73 73 255
-0.292125 57.5387 97.2294 0.691989 0 -1.6 0 -0.882799 -0.194677 0 0 255
2.04437 43.3095 101.757 0.34621 0 1.9 0 -0.839718 0.436235 146 146 255
23.8807 65.4168 104.214 0.296412 0 -1.6 0 0.575683 0.35512 30 30 255
4.05625 36.481 106.732 -0.757191 -0.103138 -0.8 0 -0.229917 -0.613815 44 44 255
10.8662 41.4701 101.663 -1.31504 0 -0.7 0 0.273597 -0.959413 15 15 255
0.446562 35.4194 101.429 0.484825 0.479728 -2.9403 0 -0.654017 -0.402544 8 8 255
22.148 54.8869 104.849 0.828894 0.383463 -3.2 0 0.678131 -0.336583 32 32 255
3.18875 46.4038 105.953 -0.483591 0 -0.7 1 -0.555763 0.642333 255 40 40
27.8201 40.0402 104.139 0.220214 0 -1.96505 0 0.671945 -0.607249 3 3 255
11.5403 61.5502 98.9244 -0.0810379 0 -0.8 0 -0.3532 0.670912 1 1 255
23.3174 48.3906 99.9331 0.188747 0 -2.24233 0 0.515566 0.592421 12 12 255
9.23656 32.4619 104.743 0.187859 0 -1.6 0 0.640966 -0.419139 1 1 255
-0.819812 60.2987 107.909 0.587397 -0.435071 -0.8 0 0.181909 0.940143 20 20 255
1.69325 67.2626 105.175 0.577665 0 -0.7 0 0.0525955 -0.0265081 2 2 255
17.7611 36.5088 104.545 -0.321364 -0.0133982 -3.5 0 -0.478298 -0.348087 8 8 255
-6.81337 60.6499 115.665 -1.14384 -0.126979 -1.6 0 -0.521341 -0.571407 255 208 208
-0.018375 49.5832 102.387 -1.21395 -0.0180388 -3.5 0 -0.998909 0.044959 255 189 189
20.0061 34.2809 106.529 3.18381 0 -4.5 0 -0.614205 -0.579703 9 9 255
6.73675 60.4387 113.541 -0.807176 -0.206506 2.8 0 0.783083 0.542002 36 36 255
4.93131 42.4921 97.7309 3.037 0 -1.71655 0 -0.159739 -0.929898 11 11 255
8.87788 39.7296 98.4348 0.0649166 0.0012177 -0.7 0 -0.264647 -0.951065 9 9 255
7.89313 45.5122 93.6328 -1.15489 -0.523814 -3.69122 0 -0.779958 0.016503 0 0 255
1.68325 59.9453 107.772 1.38724 -0.351469 -0.8 0 -0.34923 0.569545 10 10 255
17.105 44.629 90.8 0.283542 0 3.95128 0 0.0503203 -0.192626 0 0 255
1.55419 33.4284 104.627 0.108406 0 -0.8 0 -0.105708 -0.665462 3 3 255
22.127 60.231 102.981 0.106399 0 3.8 0 0.779827 0.297986 20 20 255
2.74406 50.3044 99.7486 -0.678781 0 -3.23818 0 -0.613564 -0.376065 0 0 254
11.2155 67.188 101.765 0.387639 0.0183102 -4.12544 0 -0.0620244 0.997175 3 3 255
18.2738 62.0439 109.88 0.0915359 0 -3.5 0 0.765147 0.420212 41 41 254
20.6856 41.7279 112.73 0.896357 0 -1.6932 0 0.207983 -0.958711 7 7 255
-4.2315 64.7536 111.305 1.04419 0 -1.6 0 -0.00291438 0.252499 67 67 254
0.758 53.6294 114.036 0.0590509 0 4.17357 1 -0.565868 -0.692586 255 22 22
2.60875 62.2463 99.1017 1.71639 0 -3.5 0 0.76002 0.441326 0 0 255
-3.94513 49.8242 107.762 0.062256 0 4.5 1 -0.760787 -0.520458 255 3 3
5.51275 42.4574 96.5309 0.508622 0 -2.96929 0 -0.318707 -0.772038 10 10 255
1.72088 47.2234 101.908 -1.83608 -0.205161 -3.5 0 -0.340856 -0.868954 207 207 255
19.6667 34.8201 97.5691 -0.136994 -0.603626 -1.81271 0 -0.32102 -0.770077 6 6 255
17.8375 49.2868 92.0454 -0.417682 -0.308766 2.46318 0 0.644842 0.0433628 2 2 255
13.166 58.6324 116.335 0.151609 0 -1.6 0 0.357237 0.92392 19 19 255
27.9636 42.1226 94.345 0.519234 -0.0936295 -1.88771 0 0.420596 0.780863 92 92 255
17.705 33.2415 99.8066 0.102424 0 -3.96721 0 -0.16119 -0.704917 14 14 255
-3.7235 51.6312 107.112 0.167386 0 4.5 1 -0.944106 0.0287038 255 10 10
12.2487 50.1501 90.0841 0.156143 0 1.8 0 0.196823 0.0943394 0 0 255
13.4405 35.8918 99.7745 -1.65789 -0.0473924 -0.8 0 -0.512264 -0.856865 3 3 255
3.22006 50.6538 112.451 0.149792 0 4.5 1 -0.178824 -0.549243 255 8 8
26.2324 45.235 108.688 0.454146 0 4.2 0 0.345423 -0.304836 1 1 255
17.4396 52.8351 93.2039 0.219061 0 -1.6 0 0.446645 0.870207 2 2 255
0.888875 50.4065 106.398 -0.172947 0 4.5 1 0.509181 -0.763308 255 7 7
20.4697 34.9616 95.5524 -1.66358 -0.297123 4.2 0 -0.516112 -0.786763 1 1 255
18.1688 51.2426 91.8279 0.148375 0 -1.6 0 0.686546 0.105467 4 4 255
24.7235 38.8284 103.766 -0.226365 0 1.8 0 0.550209 -0.801583 0 0 255
8.57187 49.6274 117.796 -2.10283 -0.852476 -3.5 1 -0.799109 -0.432129 255 223 223
9.54406 40.7487 108.812 0.580324 0 -3.5 0 0.737188 -0.667788 20 20 255
25.7665 46.505 98.3232 -1.74358 -0.684358 -3.5 0 0.50947 0.619629 16 16 255
0.0293125 63.2456 117.119 0.0713204 0 1.8 0 -0.104848 0.516675 32 32 255
8.35775 40.2574 105.926 -1.4981 0 -3.68268 0 0.675738 -0.737108 104 104 255
1.68519 50.6221 111.725 0.0538594 0 4.5 1 -0.623733 -0.720116 255 8 8
-3.87625 54.4568 112.605 0.114981 0 1.8 1 0.243583 -0.963429 255 1 1
26.5251 41.2668 92.5509 0.0319983 0 -0.7 0 -0.348369 0.508318 20 20 255
-4.26363 58.7948 114.623 -0.0540962 0 3.70254 1 -0.690297 -0.261278 255 76 76
12.9965 59.4955 113.758 -0.461333 0 2.8 0 -0.15224 0.566195 4 4 255
8.5795 60.1797 108.18 -0.15697 0 2.8 0 0.588873 0.759623 10 10 255
21.8395 59.183 106.539 -0.053874 0 3.8 0 0.876831 0.149376 11 11 255
-0.183938 52.7434 111.426 0.0390553 0 4.5 1 -0.755686 -0.513964 255 3 3
14.9768 37.596 102.153 -0.140554 0 -3.5 0 -0.893135 0.00785776 8 8 255
3.16706 58.216 117.755 0.00282383 0 3.8 0 0.326576 0.0394523 215 215 255
7.83275 38.3641 104.969 -0.57133 0 1.36756 0 0.877656 0.0454605 57 57 255
24.8881 64.5328 105.506 0.245409 0 -1.6 0 0.981415 0.185054 42 42 255
-1.70788 57.123 116.002 0.0793766 0 3.8 1 -0.464503 -0.660447 255 52 52
10.4874 48.6665 119.356 -1.26709 0 -3.5 0 0.127944 -0.896251 195 195 255
4.52112 62.1463 103.547 0.155833 0 -0.456588 0 -0.936739 0.245652 2 2 255
3.95662 45.2673 109.703 0.0791162 0 -1.3 1 -0.835259 -0.193562 255 8 8
9.291 38.8145 101.598 -0.354361 -0.65874 1.9 0 0.624116 -0.642607 17 17 255
24.2487 64.5084 107.179 0.141063 0 -1.6 0 0.724279 0.00196965 25 25 255
-0.58125 62.6133 100.308 5.71528 0 -3.5 0 -0.776244 0.628993 0 0 255
8.5905 51.8097 113.606 -1.12478 0 1.8 0 -0.375707 0.149278 68 68 255
-7.31588 62.2075 112.102 0.373454 0 -3.9 0 -0.864449 0.432876 212 212 255
21.8283 39.7114 90.0907 0.0458201 0 4.2 0 0.232896 -0.544376 0 0 255
18.846 55.9435 111.075 -0.129449 0 -0.7 0 0.323125 0.216279 10 10 255
8.6275 50.77 117.233 -1.32896 -0.0145902 -3.5 0 -0.831192 0.555312 146 146 255
25.9692 36.116 92.4037 -1.00246 -0.681482 -2.78035 0 0.295273 -0.0790713 0 0 254
15.4109 32.4523 105.559 0.598354 0 -3.5 0 -0.61877 -0.388233 7 7 255
-0.203313 67.3668 115.737 -0.610551 0 -3.5 0 0.199039 0.596736 12 12 255
24.1265 49.6265 101.212 -0.082946 -0.898171 -0.7 0 0.791023 0.403958 19 19 255
7.513 62.987 100.97 0.591004 0.829148 -0.8 0 -0.165356 0.0310259 0 0 255
24.0041 42.732 110.181 0.502874 0 -4.5 0 0.820492 -0.166433 3 3 255
13.7809 52.9507 92.7111 0.600043 0 -0.633814 0 -0.30652 0.511504 1 1 255
9.3 48.3965 94.563 -1.29387 0 -4.5 0 0.140738 0.954142 0 0 255
3.45487 55.6222 117.139 0.0269577 0 3.8 0 0.42032 -0.621142 183 183 255
15.7664 50.8652 117.327 -0.193072 -0.242708 -3.5 0 0.509682 -0.847507 24 24 255
5.96944 55.9395 97.2236 -2.00219 -0.582651 -1.6 0 -0.449563 -0.201017 0 0 254
2.83925 66.7182 112.842 -0.183586 0 -3.18561 0 0.624181 0.780597 9 9 254
-6.97944 63.1671 110.654 0.40155 0 -3.9 0 -0.496825 0.807704 138 138 255
18.7452 57.6496 99.5804 0.00136364 0 -0.7 0 0.514408 0.696688 12 12 255
22.156 32.7067 98.1149 3.02175 0 -4.5 0 0.487741 -0.684405 2 2 255
24.2078 49.1316 102.359 0.305564 0 -3.5 0 0.683028 0.57008 31 31 255
-5.05369 55.8799 114.898 0.0481067 0 1.8 1 -0.139892 -0.382621 255 5 5
14.0118 63.0546 99.0749 -0.293971 0.0193376 -3.9716 0 -0.193388 -0.156862 1 1 255
9.97281 49.0653 91.1995 -0.154738 0 1.8 0 -0.816749 -0.202478 0 0 254
-0.351187 53.3851 102.877 0.298765 0.00237683 -3.5 0 -0.757669 -0.38304 72 72 255
7.66619 42.6143 94.1158 -1.80089 -0.673088 -3.5 0 -0.894862 -0.350053 21 21 255
25.3438 31.4797 95.5655 -2.75115 0 -3.5 0 -0.532126 -0.630145 0 0 255
20.3895 49.6674 93.8539 -0.0360016 0 3.8 0 0.679081 0.675821 9 9 255
25.5331 46.4994 109.045 0.470921 0 4.2 0 0.414549 0.131606 1 1 255
8.78775 44.9261 113.579 0.396732 0 -3.9 0 0.440076 -0.69607 255 102 102
22.0841 34.6267 93.8027 -0.0876908 0 -0.7 0 -0.428263 -0.88369 0 0 255
12.8437 54.0052 93.4165 0.0220305 0 -0.8 0 -0.642112 0.208188 1 1 255
24.5115 33.0033 95.0742 -1.08014 0 -3.5 0 -0.81462 -0.45634 0 0 254
12.5075 41.4912 101.545 -0.815305 0 -1.3 0 -0.298853 -0.891733 7 7 255
-3.974 57.6666 115.197 -0.168507 -0.0377499 2.7234 1 -0.665834 -0.27676 255 47 47
9.4805 52.122 95.693 -0.147891 -0.821108 2.8 0 -0.442464 -0.19981 0 0 254
3.12906 66.1868 105.296 1.6666 0 -1.29705 0 -0.22834 0.304784 2 2 255
14.0272 56.2826 98.7617 -0.458501 0 -0.7 0 -0.319115 0.464726 0 0 255
9.73925 44.5631 112.661 0.445086 0 -3.9 0 0.363775 -0.328092 255 214 214
-2.852 64.5479 111.238 0.799543 0 -1.6 0 0.0371181 0.259744 76 76 255
4.95525 65.687 104.126 0.104722 0 -3.5 0 -0.293471 0.86696 2 2 254
-4.35962 63.0955 111.037 1.17266 0 -1.6 0 0.308947 0.328512 200 200 255
23.3034 46.7018 97.6081 -0.41837 -0.288665 0.833557 0 0.295881 0.839326 11 11 255
20.4377 39.7104 109.536 1.04045 0 -4.5 0 -0.506019 -0.284274 6 6 255
6.77575 45.666 113.636 0.535991 0 -3.9 1 -0.830382 -0.391333 255 37 37
17.3417 40.6253 91.546 2.83704 0 0.248326 0 -0.791055 0.261552 0 0 255
20.293 44.5645 116.229 -0.0588912 0 -0.8 0 0.339012 0.202199 17 17 255
21.2559 67.3203 105.699 0.543891 0 -1.6 0 0.28316 0.959007 16 16 255
5.61525 44.7561 95.0979 0.426439 0 -4.5 0 -0.138651 -0.305827 2 2 255
21.4242 64.2356 107.555 0.165391 0 -1.6 0 0.19189 -0.288566 21 21 255
-6.28381 58.7365 108.889 0.387444 0 -3.5 0 -0.769384 -0.315904 157 157 255
10.2535 59.1255 110.792 -0.145378 0 2.8 0 -0.00728654 0.684126 6 6 254
19.434 33.3836 98.6626 0.376288 0 -4.5 0 -0.338163 -0.722162 8 8 255
22.2205 46.6096 112.148 0.750915 -0.452541 -0.8 0 0.656646 0.477066 0 0 255
-6.01294 65.5231 111.979 0.425078 0 -1.6 0 -0.597977 0.424996 7 7 255
11.6458 49.8629 113.944 0.284933 0 1.8 0 0.116538 -0.819816 39 39 255
1.68306 38.1931 109.375 0.14561 0 -3.5 0 0.146143 -0.404039 255 144 144
10.0461 58.0933 113.727 -0.191827 0 0.435314 0 -0.353536 0.892549 4 4 255
3.2005 46.2015 97.3876 0.591571 0 -4.5 0 -0.920176 0.378192 0 0 255
16.8734 60.6464 99.2351 -0.76923 0 -3.5 0 0.676206 -0.167952 1 1 255
17.9681 45.026 114.682 1.02018 0.0275712 -0.8 0 -0.393786 0.886131 19 19 255
5.763 49.3485 114.613 1.19399 0.833623 -3.68454 1 -0.945722 0.0937896 255 33 33
1.443 51.5954 108.393 -0.112639 0 4.5 1 0.358435 -0.915976 255 2 2
1.056 47.0605 103.36 -2.77562 -0.756902 -3.5 0 -0.721222 -0.673119 255 156 156
7.9305 39.3964 110.01 -0.311113 0 -3.5 0 0.443109 -0.393412 126 126 255
1.3735 50.8833 100.064 -0.169897 0 -3.5 0 -0.521554 -0.146771 1 1 255
-5.12925 60.5645 106.47 0.531107 0 -3.5 0 -0.666954 0.739945 21 21 255
4.30275 52.9896 96.2671 0.848526 0 3.8 0 -0.581475 0.813524 0 0 255
16.7788 41.452 110.413 0.284911 0 2.8 0 -0.353641 -0.552587 6 6 255
30.7265 42.6683 99.0563 -1.70503 -0.126366 -3.5 0 0.893838 -0.373904 32 32 255
22.0224 37.8392 108.182 1.86197 0 -4.5 0 0.712978 -0.63416 1 1 255
28.9597 40.2518 92.0895 -0.210666 0 -0.7 0 0.618548 0.129424 48 48 255
21.316 45.7086 113.964 0.402735 -0.103908 -0.8 0 0.32129 0.798697 5 5 255
19.3392 51.123 93.9112 0.165903 0 -1.6 0 0.856327 0.494219 4 4 255
8.5915 36.7946 103.031 -0.525024 -0.763751 1.40858 0 0.898425 0.0748916 7 7 254
3.16987 44.1271 109.137 -0.272606 0.0642456 -0.7 1 -0.440906 0.360096 255 11 11
-5.84863 58.8672 106.397 1.26959 0.00360312 -3.5 0 -0.996164 0.0508449 40 40 255
18.2192 52.2617 92.2171 0.111176 0 -1.6 0 0.683275 0.531272 4 4 255
1.12962 67.8701 114.465 -0.114445 0 -3.5 0 0.503181 0.832214 12 12 255
-0.99975 39.4883 99.489 0.625622 0.0227055 -3.5 0 -0.962331 -0.213669 10 10 255
24.1982 33.9605 92.6264 0.773448 0.586496 -3.5 0 -0.34115 -0.667786 0 0 254
29.6478 42.328 100.376 -0.533128 -0.134364 -0.576774 0 0.949561 -0.032582 17 17 255
-1.5435 60.2579 106.02 0.73686 -0.031803 -3.5 0 0.492158 0.811681 2 2 255
2.21837 62.4707 107.89 1.32542 0 -0.8 0 -0.681948 -0.083119 14 14 254
13.9545 54.6885 118.198 0.273128 0 -3.5 0 0.505531 0.565684 22 22 255
23.4918 40.4847 91.587 -0.0399751 0 4.2 0 0.844817 0.0877127 0 0 255
22.9523 41.8591 110.544 0.859974 0 -4.5 0 0.655732 -0.27037 1 1 255
21.8785 44.122 114.037 0.481024 0 -0.8 0 0.855455 -0.0143551 4 4 255
-1.436 54.8664 110.94 -0.11358 0.437737 -2.8375 1 -0.526207 -0.687096 255 1 1
8.28225 51.8862 95.651 -0.0776627 -0.161991 3.64693 0 0.52749 0.271627 0 0 255
20.1017 44.1549 90.0772 0.202819 0 4.2 0 -0.0551135 0.651382 0 0 255
3.4445 46.8618 111.3 0.717795 0.600385 -1.3 1 -0.837755 -0.259701 255 5 5
-6.89687 58.2248 110.227 0.00263599 -0.237311 -0.32726 0 -0.90071 -0.373155 255 148 148
2.93587 64.8542 105.296 1.42506 0.20401 -1.16743 0 -0.804054 -0.225996 5 5 254
4.27675 50.2808 108.481 0.030005 0 -1.3 1 -0.95491 -0.0902223 255 4 4
25.4807 41.8565 93.2834 0.570285 0 1.09792 0 0.100805 0.365119 11 11 255
18.1245 67.1537 106.752 -0.734763 -0.00216941 -1.6 0 -0.32401 0.594567 6 6 255
13.2489 57.3527 118.054 0.206779 0 -1.6 0 0.438031 0.386471 27 27 255
0.457875 42.6881 107.497 -0.223708 -0.456293 -2.15617 1 -0.852246 0.443844 255 86 86
5.78394 36.2034 107.229 -0.487118 0 -0.8 0 -0.0839621 -0.668726 35 35 255
3.52619 37.8299 100.45 -0.328715 -0.238218 -0.8 0 0.428322 -0.386443 11 11 255
23.7626 41.7593 92.393 0.0347521 0 4.2 0 0.737755 0.110847 2 2 255
-0.26875 36.9512 101.785 1.1907 0.302429 -3.46618 0 -0.993567 -0.101582 12 12 254
22.6917 52.4011 104.583 1.11105 0.117603 -0.8 0 0.822797 0.49559 36 36 255
1.86475 39.842 97.6977 0.088252 -0.479037 -3.5 0 0.284857 -0.186572 1 1 254
13.3835 57.955 98.8275 -0.70213 -0.967498 -0.798878 0 -0.0406475 -0.412032 0 0 255
21.9298 42.8958 112.992 1.01099 0 -2.02398 0 0.859937 -0.415578 3 3 255
4.42325 54.1442 114.9 0.0931776 0 4.2 1 -0.346989 -0.640228 255 207 207
14.9888 36.3716 103.078 -1.3218 -0.492267 -3.5 0 -0.783913 0.201616 7 7 254
18.667 63.2822 101.758 -0.160755 0 -3.5 0 0.86707 -0.30272 1 1 255
23.5619 38.3854 105.885 0.154106 -0.0587895 -4.5 0 0.718228 -0.408224 1 1 255
28.803 44.179 95.704 -2.13804 0 -3.5 0 0.0154344 0.717839 50 50 255
-5.38725 62.4333 109.82 0.598341 0 -3.9 0 0.302506 0.657418 255 241 241
19.4541 50.3989 95.1676 0.0598601 0 0.933931 0 0.890239 0.455494 4 4 255
8.96469 34.5699 102.588 0.160241 0 -1.6 0 0.67556 0.311694 5 5 255
15.9389 69.108 99.7809 0.752659 0.00340575 -4.5 0 0.392254 0.915322 0 0 255
12.9692 51.0936 91.0043 1.1174 0.099907 1.8 0 0.181973 0.49894 1 1 255
9.87975 39.2188 100.54 -0.0834331 0.369477 -0.306003 0 0.356216 -0.733472 14 14 255
-6.30025 66.0169 113.297 0.263594 0 -1.6 0 -0.767154 0.61055 4 4 255
10.2171 45.9518 113.443 0.47591 0 -3.9 0 0.62591 -0.56666 255 193 193
13.4025 59.7571 97.8706 -1.66232 -0.948863 -0.8 0 0.328676 0.289737 0 0 255
23.0465 41.3419 90.1511 0.00526639 0 4.2 0 0.826508 -0.00240535 0 0 255
24.5856 45.8457 109.077 0.528733 0 4.2 0 0.359216 -0.148486 1 1 255
1.463 59.3717 117.677 0.14827 0 -0.8 0 -0.329896 -0.303365 255 230 230
22.912 45.3396 111.338 0.233111 0 -4.5 0 0.943674 0.217301 1 1 255
24.3095 34.515 100.808 -0.0982649 -0.650996 -3.5 0 0.212892 -0.57345 0 0 255
8.23987 41.5826 110.572 0.265792 0 -3.75675 0 0.110832 -0.630236 201 201 255
14.2764 55.5301 117.604 0.506429 0 -2.53133 0 0.657057 0.249635 24 24 254
12.0739 43.6791 111.748 0.135892 0 3.8 0 0.424378 -0.484634 75 75 255
-0.874375 60.5106 117.353 0.176757 0 1.8 0 0.0798436 -0.306255 185 185 255
4.94338 46.2228 111.576 0.432255 0.288944 -1.3 1 -0.577704 -0.388658 255 10 10
12.1607 44.0454 91.3932 -0.919167 0 -3.5 0 0.115965 -0.0355835 0 0 255
2.83719 45.1367 97.9408 0.871423 0 -4.5 0 -0.973602 0.207265 4 4 255
7.2415 64.1105 110.26 -0.182048 0 2.8 0 0.566232 0.824227 6 6 254
12.1193 62.2356 105.989 -0.553809 -0.0819427 0.576564 0 -0.650248 0.406666 6 6 255
16.079 54.079 94.7729 -0.371821 0 -0.8 0 0.895192 0.412755 0 0 255
15.7496 50.6757 111.455 0.33427 0.0724936 2.16246 0 0.41543 -0.0214847 1 1 254
24.955 32.5832 93.1385 -0.122683 0 -3.5 0 -0.525295 -0.399601 0 0 255
24.8511 43.9055 108.623 0.486155 0 0.947083 0 0.641078 -0.225087 2 2 255
27.8622 37.317 95.6575 -1.23787 0 -0.7 0 0.943612 -0.325832 2 2 255
23.1797 34.7818 96.4834 -0.580984 0 -0.7 0 0.0231516 -0.999641 0 0 255
3.59888 61.8833 104.938 0.956679 0 -2.87827 0 -0.888406 0.189718 6 6 255
-0.47025 40.7944 102.711 -1.07423 -0.507268 -3.5 0 -0.728866 0.684194 57 57 254
12.8648 40.9198 107.05 3.66839 0 3.8 0 0.167162 -0.972402 14 14 254
18.3819 59.0244 100.402 -0.134359 0 3.8 0 0.504389 0.471591 10 10 255
6.88212 42.2915 111.283 1.01795 0.129288 -3.9 0 -0.318428 -0.553399 255 145 145
11.5269 64.7887 99.0355 1.11148 0 -4.5 0 -0.698142 -0.0981153 1 1 255
14.3885 35.2765 102.517 -1.24446 -0.022094 -3.5 0 -0.986667 -0.162618 6 6 255
0.171875 47.8425 102.699 -1.81885 -0.116048 -3.5 0 -0.861602 -0.491366 255 174 174
-5.87875 64.1272 111.309 0.595733 0 -1.6 0 -0.408052 0.496684 49 49 255
14.3632 66.4374 104.649 -0.0107325 -0.149887 -4.30922 0 -0.71422 0.674027 3 3 255
15.5905 45.5135 89.2527 0.194904 0 3.8 0 0.474223 -0.435614 0 0 255
14.9048 68.2333 101.27 0.416454 0.0750716 -4.5 0 -0.0905129 0.782575 2 2 254
-0.405125 49.5919 105.842 -0.165456 0 4.5 1 -0.0863551 -0.991931 255 9 9
1.11981 64.2406 116.749 0.0709597 0 -1.01399 0 -0.149201 0.413845 16 16 255
28.4105 35.3639 98.5985 -0.73519 0 -3.5 0 0.989077 -0.0298815 5 5 255
29.014 40.774 103.08 -0.888715 -0.497573 -0.4 0 0.768182 -0.195994 6 6 255
7.79213 58.9917 98.4866 0.187784 0 -0.7 0 -0.0972632 0.992748 0 0 255
12.1215 52.8149 119.347 0.0314772 0 -3.5 0 -0.190142 0.278617 42 42 255
0.5595 59.1662 107.354 1.218 -0.872703 -0.8 0 0.0605856 0.901189 11 11 255
27.6085 44.9622 107.703 0.514817 0 4.2 0 0.790745 -0.323114 2 2 254
-4.32237 56.199 106.733 0.532872 0 -3.5 0 -0.449633 -0.40893 255 123 123
14.1687 53.2147 119.406 0.329164 0 -3.5 0 0.324072 0.265087 21 21 255
0.21875 38.6645 105.289 0.285439 0 -3.5 0 -0.959879 -0.171279 114 114 255
29.3193 37.8401 99.1032 -2.01338 -0.174962 -3.5 0 0.937835 -0.332652 11 11 255
7.37044 39.0364 100.797 0.0463666 -0.000715416 1.9 0 0.159395 -0.596974 22 22 255
7.61231 39.7128 96.8709 0.979109 -0.0692302 -0.7 0 -0.4511 -0.891598 11 11 255
-3.617 54.1816 108.339 0.971353 0 2.43993 1 -0.756213 -0.625699 255 13 13
0.4295 66.2807 116.589 -0.167231 0 -3.5 0 0.135493 0.392412 9 9 254
10.4831 39.6866 96.9783 -0.0787888 0 -0.4 0 -0.283533 -0.691027 15 15 255
-0.211625 41.3833 108.572 -1.27133 0 -3.5 1 -0.203618 0.563748 255 62 62
16.4551 68.0676 101.029 0.211713 0 -3.94161 0 0.279549 0.943026 1 1 255
2.23406 57.2514 95.9714 0.267996 0 -1.6 0 0.261335 -0.0965263 0 0 255
8.96437 40.0841 96.1571 -1.18508 -0.682463 -0.7 0 0.113698 -0.871158 12 12 255
3.56825 48.6727 100.168 -0.478626 0 3.8 0 -0.711744 -0.324031 2 2 254
7.2645 54.1093 115.438 -0.111827 0 4.2 0 0.325877 -0.802306 56 56 255
0.686 61.2139 117.81 0.141315 0 -0.8 0 -0.459007 -0.145861 160 160 255
-2.68987 49.923 110.225 0.0433356 0 4.5 1 -0.0990376 -0.309826 255 3 3
19.0769 51.8273 96.6276 -0.516068 -0.189959 -1.13742 0 0.758055 0.64923 2 2 255
27.9212 36.6128 99.6937 -0.399311 0 -3.5 0 0.703306 -0.479575 9 9 255
4.69037 56.697 97.677 -0.250481 0 -1.6 0 -0.00624498 -0.182114 0 0 255
21.5595 55.3392 106.623 0.306612 0.0984737 -1.49687 0 0.859958 -0.503713 22 22 255
1.16781 67.9021 110.967 -0.783363 -0.214495 -0.7 0 -0.472262 0.832422 13 13 255
13.9509 40.438 96.3018 0.299597 0.48806 0.434554 0 -0.393098 -0.593671 20 20 255
5.9565 44.1258 111.239 0.399841 0.106351 -3.9 1 -0.681994 -0.346509 255 52 52
19.8258 32.7407 99.989 0.715775 0 -4.5 0 0.0629103 -0.997017 3 3 255
20.2794 66.3406 107.672 0.0640989 0 -1.6 0 0.0224142 0.409525 12 12 255
-5.51894 65.7573 115.934 0.0360657 0 -1.6 0 -0.297436 0.572021 14 14 254
21.6168 66.7853 104.103 0.506944 0 -1.6 0 0.194709 0.749346 18 18 255
9.82094 53.6581 95.7297 0.542712 0.768837 2.8 0 -0.469843 0.0476132 1 1 254
17.6195 35.0911 97.5781 0.09976 0 -4.23369 0 -0.0897203 -0.821906 51 51 255
-2.88412 54.8624 105.328 0.155979 -0.164119 4.5 0 -0.886564 0.249746 255 150 150
19.0535 53.8241 98.9636 -0.479234 -0.995499 -0.7 0 0.431141 0.222606 4 4 255
15.4152 36.1872 96.0864 -0.1416 0 -0.8 0 -0.355452 -0.470179 132 132 255
28.3004 45.1695 99.4176 0.192963 0.466988 -3.5 0 0.673439 0.737941 9 9 255
-2.39175 68.574 112.707 -1.82464 -0.785249 -3.5 0 -0.24635 0.543925 15 15 255
8.456 43.8803 91.9346 -1.34882 -0.0527025 -3.5 0 -0.749506 -0.0628993 2 2 255
-2.58381 63.1746 117.758 0.026876 0 1.8 0 -0.215667 0.330122 74 74 255
3.38519 59.7455 98.2797 -0.207205 -0.747631 -1.6 0 0.282976 0.611224 0 0 255
-5.94037 59.6659 105.062 0.722658 0 -3.5 0 -0.910032 0.319599 4 4 255
27.3431 42.8988 95.188 -0.154771 -0.359652 -2.62616 0 0.184055 0.846951 66 66 255
11.4493 56.7634 97.7799 -0.438242 -0.514004 -0.7 0 0.954735 0.116315 0 0 255
-1.99038 52.421 104.761 -0.32362 0 4.5 0 -0.537675 -0.43934 255 95 95
17.9733 45.7786 112.145 0.416962 -0.0340493 -0.671033 0 -0.0963522 0.504504 2 2 255
9.97587 66.0055 100.918 0.376745 0 -3.36439 0 -0.223625 0.479418 2 2 255
3.624 47.8167 105.23 -0.542841 -0.252798 -2.10084 1 -0.513659 0.321133 255 27 27
14.8964 52.3556 115.691 0.276438 0 -3.5 0 0.717914 -0.273243 16 16 255
-0.711625 49.9064 107.912 -0.0797367 0 4.5 1 0.631751 -0.728253 255 3 3
25.7866 34.3671 101.003 -1.21385 -0.480072 -3.5 0 0.212005 -0.091746 0 0 255
23.982 36.519 103.592 0.155244 0 -4.5 0 0.99057 -0.0566338 0 0 255
25.4339 36.8577 91.8504 -0.109018 0 -0.7 0 0.617435 -0.278165 0 0 255
18.9961 60.6749 101.16 -0.127154 0 3.8 0 0.318071 0.384121 8 8 255
2.35488 54.4912 98.4168 -0.375362 -0.249856 -3.05729 0 -0.525742 -0.512151 0 0 255
8.76269 42.4055 111.54 -0.430321 -0.344829 -3.9 0 -0.0856288 -0.76525 228 228 255
14.3801 57.4492 117.118 0.276027 0 -1.6 0 0.806356 0.407857 28 28 255
1.4345 67.439 113.268 -0.0686897 0 -3.5 0 0.426826 0.901728 12 12 255
4.65475 60.0809 98.6859 -0.886501 -0.080834 -1.6 0 0.376121 0.770471 0 0 255
14.7425 32.6637 104.568 0.898342 0.179295 -3.5 0 -0.953029 -0.0619475 5 5 255
14.1498 58.5027 115.507 0.0343797 0 -1.6 0 0.354609 0.852555 13 13 255
4.35325 60.815 100.793 -0.906796 0 -3.5 0 0.687975 0.64332 0 0 255
-3.56194 60.9492 105.012 2.12052 0.0425757 -3.5 0 0.202363 0.899921 1 1 255
-6.57625 56.885 111.614 -0.0470575 -0.685647 1.8 1 -0.970663 -0.239759 255 30 30
8.4255 61.0794 108.801 -0.207949 0 2.8 0 0.656829 0.426547 9 9 255
29.1602 38.5479 102.138 -0.0110981 0 -0.4 0 0.696969 -0.478084 4 4 255
22.4074 53.8271 109.205 1.55683 0.382857 -0.7 0 0.794534 -0.410858 2 2 255
23.1224 48.6598 108.751 1.96864 0 -0.807533 0 0.658383 0.737947 5 5 255
1.57369 41.6837 100.649 0.327256 0 -2.38578 0 -0.658697 0.75028 26 26 255
4.99575 38.3381 109.921 -2.38398 -0.508371 -3.5 0 -0.386242 -0.645967 255 245 245
27.7252 44.5363 102.78 -0.220952 0 -3.5 0 0.956629 0.125979 7 7 255
2.9345 43.5105 98.386 0.804881 0 -4.5 0 -0.99569 0.0349837 9 9 255
24.3258 46.026 96.9147 -0.592983 -0.0146018 3.7484 0 0.558884 0.73196 16 16 255
15.2381 65.2489 97.4869 0.211234 0 -4.5 0 -0.027663 -0.0958536 0 0 255
15.5649 58.318 98.5084 -0.126351 0 -0.7 0 -0.175091 0.324649 1 1 255
4.86462 65.2809 110.009 -0.212546 -0.345005 -3.20791 0 0.618932 0.688495 9 9 255
-0.281875 60.2929 98.1506 3.72378 0 -1.6 0 -0.745212 0.239438 0 0 255
9.05981 57.7283 111.476 -0.142941 0 2.92214 0 0.235873 0.728441 4 4 255
23.2286 34.1949 94.5999 0.578353 0 -3.4155 0 -0.540308 -0.835433 0 0 255
15.3369 65.0377 108.279 0.0762515 0 -0.506972 0 -0.123364 0.644974 11 11 254
0.941688 55.1234 117.065 0.0368422 0 3.8 1 -0.176546 -0.64115 255 104 104
1.81894 41.915 97.8028 0.228692 0.382339 -3.5 0 0.0528901 0.766851 4 4 255
1.58537 51.3419 93.9536 0.0898289 0 3.8 0 -0.996626 -0.0577716 0 0 255
4.53644 37.8429 107.717 -1.11451 -0.0932809 -3.5 0 -0.187004 -0.74822 117 117 255
14.6643 55.0156 114.912 0.869315 0 -1.6 0 0.990345 -0.0216711 9 9 255
9.22287 65.7105 104.713 -0.95478 -0.088557 -0.8 0 0.284254 0.282925 7 7 255
26.7276 32.4239 99.0557 -0.670099 -0.520445 -3.5 0 -0.0331164 -0.948758 1 1 254
12.6126 36.9936 98.6464 -0.614854 -0.445002 -0.8 0 -0.649548 -0.721767 2 2 255
4.05788 60.081 116.48 -0.290105 -0.975259 -0.8 0 0.862469 -0.214039 55 55 255
1.87287 44.4842 103.562 -0.276443 0 -0.0596613 0 -0.780484 0.242032 255 175 175
28.1849 32.8176 94.151 -2.16086 0 -3.5 0 0.807795 -0.478869 0 0 255
13.9256 42.2622 105.736 0.765886 0 2.66231 0 0.382313 -0.917614 11 11 254
10.0177 41.0067 106.24 1.90478 0 -4.05161 0 0.157525 -0.956204 21 21 255
18.2995 41.6483 111.955 0.501048 0 -0.8 0 -0.448058 -0.892089 7 7 255
1.86319 36.1746 105.963 0.212182 0 -2.77941 0 -0.160351 -0.655731 20 20 255
7.99806 31.4159 104.387 0.153078 0 -1.6 0 0.202451 -0.826741 0 0 255
23.5327 44.4915 91.9675 -1.56899 -0.0320433 4.2 0 0.711936 0.255211 3 3 255
14.6113 57.6291 98.6297 -0.199111 -0.450582 -0.752939 0 -0.251372 -0.0453654 0 0 255
16.3631 66.8333 106.473 -0.083052 0 -0.4 0 0.0136548 0.772735 4 4 255
-5.41313 61.1519 108.917 0.687494 0 -3.9 0 -0.0827141 0.654503 177 177 255
14.7035 56.5208 94.0464 1.20702 0.689006 -0.8 0 0.130375 0.737987 0 0 255
3.40788 35.4024 105.652 -0.738004 -0.895089 -0.8 0 -0.124333 -0.590337 24 24 255
17.3265 48.6539 91.0254 -1.37135 -0.151389 3.8 0 0.557785 0.301594 0 0 255
7.09444 58.8064 95.0294 0.0767883 0 -0.7 0 -0.708218 0.407125 1 1 255
18.5476 32.5764 100.5 0.249576 0 -3.57958 0 0.136973 -0.828256 6 6 255
-1.31625 68.1553 115.678 -0.958541 0 -3.5 0 0.200088 0.621472 12 12 255
18.7511 65.7606 107.095 -0.168308 0 -1.6 0 -0.300611 0.111355 9 9 255
-0.718 39.4696 102.11 -0.2589 0 -3.5 0 -0.99236 0.00276053 26 26 255
27.2365 43.8932 104.273 1.62316 0 -4.17223 0 0.969336 0.162442 10 10 255
16.0015 44.5619 112.495 0.00643748 -0.401623 2.78424 0 -0.454767 -0.378663 8 8 255
16.8288 54.3338 97.34 -0.408268 0 -0.8 0 0.688597 0.259216 0 0 255
9.89275 51.1637 92.1497 -0.0410977 0 1.8 0 -0.771354 0.630707 0 0 254
7.3195 51.8522 92.5065 -0.0238281 0 3.8 0 0.962252 0.0267535 0 0 255
19.858 41.7254 111.557 1.86275 0.0716672 -4.5 0 -0.1381 -0.983129 5 5 255
13.7059 56.573 95.5735 0.142238 0 -0.8 0 -0.368301 0.927183 0 0 255
9.47425 60.6656 109.373 -0.136544 0 2.8 0 0.638216 0.769646 9 9 255
-0.03125 38.7276 109.321 0.395012 0 -3.5 1 0.0418103 -0.0307217 255 36 36
18.3615 46.6675 91.3726 -0.0649402 0 3.8 0 0.438777 0.228236 0 0 255
7.43225 51.0755 94.1025 -0.0517901 0 3.8 0 0.938953 -0.0083624 0 0 255
14.0188 41.2885 108.395 0.313466 0 3.8 0 0.102197 -0.93447 23 23 255
2.64862 60.5265 105.685 1.64819 0 2.8 0 -0.831688 0.54569 9 9 255
15.8101 55.2121 94.4221 -0.237022 -0.34803 -0.8 0 0.826217 0.369255 0 0 255
5.28569 35.3011 100.599 -0.112791 -0.172495 -1.45638 0 0.0826616 0.344746 6 6 255
0.396812 50.7964 102.009 -0.408141 0 -3.5 0 -0.966836 0.144632 227 227 255
14.793 56.27 96.834 -0.480328 -0.702322 -0.8 0 -0.154594 0.982827 0 0 255
8.01863 33.0449 101.35 0.356827 0 -1.6 0 0.573394 -0.0539832 3 3 255
9.15063 60.1534 110.782 -0.138762 0 2.8 0 0.720321 0.184345 13 13 255
8.75381 56.3069 116.315 -0.0246262 0 3.76144 0 -0.149079 -0.0111483 37 37 255
10.3107 59.9581 98.0338 -0.0796612 0 -0.8 0 -0.480814 0.804138 1 1 255
19.3726 45.2278 113.515 0.317976 0 -0.8 0 -0.295337 0.919237 8 8 254
11.3555 63.5569 101.267 0.58407 0 -4.5 0 -0.812968 -0.24678 1 1 255
9.66097 57.3867 116.61 0.53643 0 -1.6 0 -0.739016 0.335103 19 19 255
3.81381 68.1459 105.843 0.178805 0 -0.7 0 0.508338 0.237327 3 3 255
9.22975 59.2767 97.5383 -0.41654 0 -0.746768 0 -0.249169 0.964858 0 0 255
12.3519 49.1747 113.423 1.00564 0 1.8 0 0.0694465 -0.367989 33 33 255
0.144031 56.916 98.664 0.908095 0 -1.6 0 -0.862055 -0.496059 0 0 255
18.443 37.9086 94.7302 1.08261 0 2.64942 0 -0.139042 -0.856629 0 0 255
18.2695 54.9128 98.0573 -0.903543 -0.822955 -0.7 0 0.579911 -0.11408 2 2 255
2.68172 37.2154 107.669 0.0125182 0 -3.5 0 0.14764 -0.82397 93 93 255
1.90237 66.5602 115.454 0.0575418 0 -3.5 0 0.300183 0.715116 8 8 255
1.81113 50.7526 105.31 -0.339555 0 -3.31039 1 0.352143 -0.646771 255 17 17
7.21331 40.2679 98.6748 0.173498 0 -0.0971272 0 -0.517495 -0.819717 16 16 255
22.7723 46.5724 94.7831 -0.167574 0 3.89913 0 0.69685 0.626233 4 4 254
23.342 63.2885 107.178 0.364145 0 -1.6 0 0.277781 -0.231816 24 24 255
25.5298 47.7178 99.8077 0.00700474 0 -3.5 0 0.298629 0.753275 17 17 255
16.7385 53.253 94.431 -0.881682 0 -1.6 0 0.437881 0.881496 2 2 255
3.5635 50.9554 92.005 0.0751427 0 3.8 0 -0.497289 -0.312366 0 0 255
28.8259 39.9965 99.0665 -0.606457 -0.256276 -3.5 0 0.963386 0.0850889 9 9 255
3.62875 62.9324 101.731 0.327725 -0.40743 -2.87698 0 0.332566 0.769125 1 1 255
12.598 50.3485 115.394 0.213848 0 -2.8257 0 0.459562 -0.880603 30 30 255
11.4945 40.1917 100.149 0.429588 0 -0.486453 0 0.102114 -0.285985 9 9 255
1.23666 51.2569 110.421 -0.00766172 0 4.5 1 -0.58867 -0.804651 255 4 4
22.9335 49.8407 106.055 0.261801 0 -0.8 0 0.861387 0.315791 11 11 255
21.3449 63.1134 107.238 -0.280318 0 -1.6 0 0.281743 0.0508272 19 19 255
-2.85644 56.2852 114.42 -0.183724 0 2.28633 1 0.00121446 -0.584465 255 8 8
-0.055 37.34 106.388 0.219548 0 -3.5 0 -0.640443 -0.645678 190 190 255
9.19925 61.77 109.493 -0.0743745 0 2.8 0 0.845785 0.383958 7 7 255
7.04975 60.8955 101.466 0.217478 0 2.8 0 -0.423308 0.267008 0 0 255
4.39594 68.5498 107.524 -0.0851677 0 -0.7 0 0.774793 0.621456 2 2 255
-5.67584 63.955 116.222 0.766185 0 -1.6 0 -0.399403 0.195897 57 57 255
13.8854 41.5163 94.0336 0.436377 0 -3.5 0 0.179222 -0.800491 1 1 255
16.5545 40.3802 105.377 -0.590246 0 2.8 0 -0.851302 -0.518642 6 6 255
6.73491 53.4969 114.39 -0.0483842 0 4.2 0 0.306472 -0.728575 103 103 255
6.50206 49.8934 93.3816 0.0110629 0 3.8 0 0.495224 -0.637959 0 0 255
5.31484 60.1912 101.543 0.063057 -0.0857685 1.62919 0 0.282765 0.708041 0 0 255
22.1564 58.1184 106.439 0.0695389 0 0.107831 0 0.979452 0.188517 14 14 255
8.6585 39.4748 104.33 -0.530114 0 1.5884 0 0.647217 -0.482494 64 64 254
11.058 51.5194 119.568 -0.860417 -0.319168 -3.5 0 -0.00369196 0.337714 67 67 255
17.859 43.6323 90.3135 0.229904 0 4.2 0 -0.736716 0.261618 0 0 255
20.7616 42.3474 89.0094 0.0719846 0 4.2 0 0.25781 0.138826 0 0 254
11.6679 59.8325 111.631 -0.13445 0 2.8 0 -0.78433 0.608409 2 2 255
3.06059 33.3157 103.695 0.409788 0 -0.8 0 0.0120765 -0.911192 3 3 255
23.0964 39.088 107.928 1.0437 0 -4.5 0 0.759415 -0.603903 1 1 254
17.4141 42.2596 113.84 -0.951225 -0.482943 -0.8 0 -0.579469 -0.783404 14 14 255
23.2252 40.076 109.659 1.20742 0 -4.5 0 0.727328 -0.409547 3 3 255
-0.374563 40.7459 100.575 0.295307 0.0320839 -3.5 0 -0.656546 0.68451 22 22 255
1.83637 35.8973 100.521 0.448011 0 -1.29855 0 -0.192826 -0.163633 3 3 255
3.23669 44.6582 101.861 -0.592216 0 1.9 0 -0.909125 0.175011 201 201 255
22.8546 44.0054 111.37 0.435618 0 -3.26885 0 0.864105 -0.11042 1 1 255
-2.39416 58.4257 104.101 2.7774 0 -3.9 0 -0.589895 -0.159078 13 13 255
11.5288 41.0681 93.5304 -0.185528 0 -3.5 0 0.00377392 -0.976667 21 21 255
14.2565 64.421 109.037 -0.0349916 0 -3.5 0 -0.445141 0.868659 22 22 255
18.3197 39.6322 108.939 0.439797 0 2.8 0 -0.202117 -0.641522 5 5 255
5.6 38.6495 100.882 -0.131877 0 1.9 0 0.0988964 -0.342307 18 18 255
8.32741 56.3173 95.191 0.0590603 0 -0.7 0 -0.157506 -0.552444 2 2 255
-7.42394 61.0037 113.455 0.0431963 -0.292279 -2.75362 0 -0.953385 -0.148399 255 205 205
-2.4175 50.9686 105.92 0.0832995 0 4.5 1 -0.595898 -0.432956 255 13 13
24.1049 66.0005 105.845 0.223007 0 -1.6 0 0.783731 0.569739 22 22 255
2.62225 50.9515 109.415 -0.106682 0 4.5 1 -0.264303 -0.78165 255 2 2
17.189 44.685 113.494 -0.711576 -0.796672 -0.8 0 -0.359476 0.899142 11 11 255
22.8956 57.5933 103.698 0.214924 0 -2.87146 0 0.940198 0.170042 18 18 255
4.79637 62.5305 113.899 0.363134 0 -0.578405 0 0.771452 0.532344 32 32 255
22.916 61.239 104.607 0.382061 0 -1.09926 0 0.940222 -0.243588 20 20 255
11.538 55.3296 118.068 0.0430828 0 -1.76126 0 -0.470516 -0.0542601 41 41 255
4.53434 58.5892 97.5052 -1.27355 -0.129633 -1.6 0 -0.0130269 0.478569 0 0 255
19.1176 38.0088 108.574 0.504191 0 -4.5 0 -0.645676 -0.243982 4 4 255
3.10172 46.6947 101.136 -0.473953 0 3.8 0 -0.803114 -0.315982 78 78 255
25.9032 47.5144 107.241 0.360593 0 4.2 0 0.485777 0.825969 4 4 255
-0.0461562 61.3851 109.138 1.49027 0.0532725 -0.8 0 -0.61419 0.429513 23 23 255
13.3367 43.8994 92.4817 -0.173222 -0.141346 -3.5 0 0.469563 -0.576347 0 0 255
0.245687 51.0246 109.249 -0.0551169 0 4.5 1 0.130958 -0.904923 255 2 2
-0.787 35.7469 103.018 -0.0356795 -0.638199 -0.8 0 -0.975765 0.0915178 12 12 255
7.09994 32.489 104.923 0.368608 0 -1.6 0 -0.15375 -0.480673 0 0 255
28.1606 40.4001 105.872 0.835088 0 -4.5 0 0.742925 -0.64974 1 1 255
14.63 39.7525 102.578 -0.235506 -0.597825 -2.7278 0 -0.692687 -0.418317 11 11 255
-1.03094 64.3292 116.53 -0.176745 0 -2.37687 0 0.0458897 0.285549 17 17 255
29.7503 40.9009 101.865 -0.258375 0 -0.4 0 0.971304 0.0705838 9 9 255
11.7828 62.7728 99.8488 0.138553 0 -4.22523 0 -0.688809 -0.0188529 1 1 255
4.87803 63.675 112.612 -0.127709 0 2.8 0 0.592896 0.481039 29 29 255
3.72609 38.984 109.2 -1.33702 -0.448556 -3.5 0 -0.239232 -0.347229 255 146 146
15.0992 42.468 109.576 -0.0471327 0 2.8 0 -0.319696 -0.54135 12 12 255
12.5769 41.046 95.8487 -0.496628 0 -0.4 0 0.0334946 -0.895377 27 27 255
2.24431 54.8788 116.209 0.056745 0 3.8 0 0.231102 -0.850129 255 175 175
-4.19387 57.3768 105.875 0.837832 0 -3.5 0 0.0361221 -0.736096 164 164 255
1.69813 34.2669 100.789 0.105541 0 -0.8 0 -0.505619 -0.541013 2 2 255
3.1775 43.5394 100.242 0.258571 0 -3.61533 0 -0.896506 0.423336 45 45 255
9.324 54.522 115.631 -0.438342 -0.494449 -1.16405 0 -0.522896 -0.483505 63 63 255
21.5204 54.5703 107.297 0.508295 0 -0.7 0 0.700719 -0.38028 11 11 254
0.0125625 33.8176 102.826 -0.0843611 0 -0.8 0 -0.7694 -0.505057 4 4 255
21.7056 46.5224 93.3015 -0.0821828 0 4.07774 0 0.610799 0.51285 6 6 255
3.06881 49.5516 111.161 0.0303765 0 4.5 1 -0.770488 -0.579455 255 2 2
12.3361 55.048 94.4116 -0.0841367 0 -0.8 0 -0.616933 0.48682 1 1 255
-6.03425 55.2998 111.925 0.128064 0 1.8 1 -0.56614 -0.80197 255 7 7
4.89181 50.4507 113.106 0.610213 0.130362 -3.5 1 -0.558262 -0.295163 255 32 32
29.9005 41.9845 97.4395 -1.39765 -0.00107115 -3.5 0 0.920264 -0.389437 37 37 255
20.9422 52.5814 99.0657 -0.317025 0 -0.7 0 0.284901 0.574264 5 5 255
9.32963 38.1971 103.236 -1.79778 -0.142989 1.9 0 0.94804 -0.288231 15 15 255
7.46428 49.52 94.61 -0.125629 0 -4.5 0 0.761688 0.32904 0 0 255
22.4408 53.4297 104.203 0.365743 0 -0.891439 0 0.904619 -0.140559 48 48 255
21.4526 51.6494 106.522 0.200234 0 -0.8 0 0.773866 0.551258 13 13 255
2.06988 52.749 98.6978 -1.09508 0 -3.5 0 -0.768787 -0.14309 0 0 255
23.8233 56.2827 102.633 0.499531 0 -3.2 0 0.966708 -0.0992183 19 19 255
18.8248 48.0894 92.4577 -0.267568 0 3.8 0 0.418467 0.352507 5 5 255
6.72459 50.996 113.604 0.243243 -0.697765 -3.5 0 -0.201735 0.410049 255 230 230
-2.62844 53.1376 109.556 0.126561 0 4.5 1 -0.729701 0.0464216 255 4 4
19.6205 39.52 91.5371 0.281199 0 -1.16366 0 -0.210593 -0.595776 0 0 254
6.36237 52.8017 93.8409 0.116755 0 3.8 0 0.68109 0.72768 0 0 255
14.1158 36.0801 98.436 -0.39644 0 -0.8 0 -0.55423 -0.787182 4 4 255
25.6437 38.8526 102.683 0.366513 0.443608 -0.4 0 0.355703 -0.717083 1 1 255
-0.370781 68.4622 106.64 0.249204 0 -0.7 0 -0.957318 0.225072 6 6 255
16.426 38.7274 93.8407 0.440901 0 -4.5 0 -0.796593 -0.529099 0 0 255
18.1165 63.202 99.677 0.142365 0 -3.5 0 0.736374 -0.27039 0 0 255
7.83344 58.8118 112.19 -0.201818 0 4.2 0 0.805753 0.558767 17 17 255
6.15719 57.4556 96.3943 -0.0351348 0 -0.7 0 -0.76001 -0.109827 0 0 255
23.2766 48.1112 103.89 0.188634 0 -1.78549 0 0.722942 0.634578 16 16 254
4.28031 48.4545 98.1977 -0.29769 0 -4.5 0 -0.995869 -0.0904226 0 0 254
25.0554 43.9437 94.7708 -0.0666765 0 4.2 0 0.775914 0.581476 22 22 254
4.78438 34.3762 104.85 0.735507 0.887905 -0.8 0 -0.240811 -0.667944 13 13 255
20.5642 53.7939 105.805 0.263199 0 -3.2 0 0.915605 -0.179693 19 19 255
17.7306 58.4041 111.702 0.212723 0.24732 1.19159 0 0.822255 0.00686112 9 9 254
9.65495 58.0864 94.8746 0.14023 0 -0.7 0 0.376772 0.103185 2 2 255
17.5949 65.1479 107.125 0.00306622 -0.114755 0.17438 0 0.22096 0.458953 11 11 255
21.8856 50.9894 108.999 0.681747 0 -4.5 0 0.882486 0.436593 9 9 255
-5.93625 59.5842 114.219 0.158582 -0.568535 -1.513 1 -0.488702 -0.423856 255 102 102
2.84553 62.4133 118.233 -0.159773 0 -0.8 0 0.372349 0.474562 18 18 255
22.6906 34.2854 105.34 1.05058 0 -4.5 0 0.48386 -0.860555 2 2 255
8.47094 63.344 110.309 0.06209 0 2.8 0 0.814218 0.56132 4 4 255
11.3127 60.8625 108.826 -0.0679215 0 2.8 0 -0.663923 0.645223 12 12 255
19.546 40.5905 90.001 0.2878 0 4.2 0 -0.252011 -0.709178 0 0 254
6.9035 63.6705 107.496 -2.081 0.0878327 -2.23511 0 0.979134 0.0482632 9 9 255
1.23058 65.4249 108.117 1.31106 0 -0.751747 0 -0.802496 -0.47944 17 17 255
7.518 40.7771 110.347 0.0450281 0 -3.5 0 0.0577605 -0.295882 255 185 185
10.725 41.3662 108.126 5.97318 0 3.8 0 0.0313485 -0.985141 13 13 255
15.4238 41.8993 105.215 -0.569142 0 2.8 0 -0.554467 -0.82263 14 14 254
9.954 50.403 92.8085 -0.156993 0 1.8 0 -0.919475 0.149033 0 0 255
4.44075 62.5477 102.273 0.10466 0 -0.8 0 -0.354302 0.482881 0 0 255
15.5056 33.5195 101.299 0.108468 0 -3.5 0 -0.852819 -0.267846 1 1 255
16.0233 34.697 104.36 -0.513965 0 -3.5 0 -0.397863 0.45123 4 4 255
8.87769 61.7679 101.248 0.689601 0 -0.447023 0 -0.0502525 0.383957 0 0 255
0.076 36.5665 105.405 0.211827 0 -2.3188 0 -0.887471 -0.103683 27 27 255
25.5305 33.1418 96.6249 -3.56433 0 -3.5 0 -0.695652 -0.646803 0 0 255
3.39263 47.2713 109.671 -0.187772 0 -1.3 1 -0.985777 -0.110317 255 4 4
3.69635 46.238 109.582 -0.0226448 0 -1.3 1 -0.961226 -0.271108 255 5 5
13.1368 47.4227 90.6104 -0.434965 0 3.8 0 -0.531119 0.0652744 0 0 255
17.4015 34.1225 105.067 -0.216146 -0.289851 -3.5 0 0.0767376 0.592948 4 4 255
0.244716 58.8145 117.289 0.289782 0 3.8 0 -0.253261 0.0316111 255 132 132
6.85463 50.8593 93.0788 -0.0300372 0 3.8 0 0.813381 -0.480421 0 0 255
-3.02968 60.3348 116.91 -0.606628 -0.0263107 1.8534 0 -0.613982 -0.135413 249 249 255
16.7088 64.0081 109.732 0.0638562 0 -3.5 0 0.427747 0.886981 77 77 255
-3.12375 67.8641 115.459 -2.03759 -0.0991442 -3.5 0 -0.440417 0.674334 7 7 255
14.7475 55.931 115.784 0.977356 0 -2.12949 0 0.978973 0.20365 12 12 255
3 1469 1724 1241 0.378386
3 1034 1141 1469 0.725572
3 1724 1469 1141 0.646746
3 1141 1341 1724 0.726509
3 408 1141 2043 0.941892
3 2043 1914 310 0.884174
3 310 1914 1653 0.734213
3 1034 1712 1872 0.263246
3 1712 2079 1119 0.150252
3 2079 945 1934 0.539276
3 1934 945 1839 0.340659
3 1839 945 1241 0.192050
3 1381 2165 1762 0.576675
3 2233 1762 2165 0.635835
3 45 2233 1546 0.906730
3 1546 940 45 0.968118
3 1546 408 1256 0.981295
3 0 2202 2043 0.973330
3 1256 2043 2202 0.984869
3 2202 1240 1713 0.977199
3 1713 1240 401 0.963176
3 1240 441 401 0.926385
3 401 441 1697 0.855636
3 441 1653 1697 0.734953
3 1888 2021 1898 0.015465
3 2021 1033 1164 0.006917
3 1033 1095 1164 0.010256
3 2193 1095 442 0.072233
3 1699 2159 753 0.096358
3 1095 1033 2159 0.008055
3 2021 733 1033 0.004134
3 733 1888 55 0.007731
3 451 55 680 0.006936
3 680 1888 1711 0.103793
3 2079 1934 1711 0.490892
3 1447 680 1711 0.116238
3 885 493 51 0.760894
3 812 1863 1777 0.361361
3 1839 1971 118 0.115358
3 1971 1839 711 0.089684
3 711 1351 1971 0.019809
3 1839 1823 711 0.264774
3 762 1503 1381 0.281290
3 903 1091 1381 0.309579
3 762 1381 1091 0.167949
3 1091 1174 762 0.024931
3 1174 1091 789 0.015613
3 789 1091 2139 0.034713
3 2139 1385 103 0.171635
3 1385 90 1056 0.576814
3 1385 1056 103 0.502316
3 1585 1856 21 0.803581
3 2134 1856 940 0.971624
3 21 1856 1815 0.901394
3 1843 940 167 0.978355
3 640 10 1804 0.997291
3 10 977 1804 0.997267
3 977 2202 1741 0.993575
3 10 968 2202 0.992336
3 1713 401 1989 0.972314
3 1989 401 418 0.953914
3 1989 418 1380 0.953795
3 1983 418 1697 0.835247
3 1983 238 1380 0.862528
3 461 1699 753 0.218820
3 461 1276 2013 0.538706
3 1721 1276 753 0.136252
3 461 753 1276 0.211198
3 1228 547 1426 0.002229
3 753 2159 547 0.019926
3 547 282 1395 0.002023
3 282 18 1395 0.001412
3 1395 18 465 0.001584
3 1395 465 449 0.001608
3 449 465 1236 0.001126
3 18 1544 465 0.002132
3 1035 465 1544 0.001775
3 1544 1285 1650 0.004427
3 1650 1285 2100 0.010182
3 713 1431 470 0.004752
3 282 467 713 0.001278
3 1431 713 467 0.002714
3 1431 467 1904 0.003327
3 2042 657 1 0.002228
3 282 2159 467 0.002601
3 467 2159 657 0.003855
3 1 657 1033 0.002689
3 2042 55 451 0.002790
3 1759 405 1447 0.029734
3 885 51 1581 0.732224
3 812 1861 1738 0.271030
3 484 361 1738 0.038352
3 212 1351 762 0.014140
3 1351 212 1940 0.011361
3 212 491 1940 0.006157
3 491 789 2009 0.011924
3 2139 1031 2009 0.051925
3 874 103 164 0.237674
3 874 164 2019 0.110151
3 2019 164 2257 0.256571
3 339 1404 2257 0.599799
3 339 1951 1404 0.439416
3 1552 1632 156 0.756589
3 1815 1632 893 0.824433
3 1815 156 1632 0.836808
3 1815 48 1000 0.940087
3 1000 48 790 0.962024
3 672 623 1486 0.997167
3 523 1804 977 0.997643
3 977 1741 523 0.994222
3 1143 919 1810 0.996883
3 592 2214 961 0.991323
3 592 961 1999 0.995716
3 961 2214 1078 0.986917
3 1989 1380 761 0.971343
3 761 1380 300 0.968609
3 300 1380 754 0.929380
3 754 41 300 0.933006
3 754 1380 2013 0.871321
3 2013 335 754 0.747297
3 1380 238 2013 0.858978
3 754 374 427 0.675236
3 427 374 2024 0.603178
3 1221 1004 374 0.366457
3 2024 374 1004 0.580255
3 1004 1735 2024 0.840926
3 1846 1221 1328 0.155511
3 1221 1276 1328 0.177011
3 1846 1328 949 0.072888
3 1846 949 805 0.019175
3 1328 531 949 0.030793
3 1328 1721 531 0.040901
3 1721 1228 531 0.017528
3 890 1465 2115 0.000401
3 324 1426 1412 0.001207
3 1412 181 2115 0.000355
3 910 914 369 0.000356
3 181 369 443 0.000426
3 914 858 369 0.000403
3 369 858 2056 0.000143
3 369 2056 443 0.000184
3 443 2056 758 0.000134
3 105 2056 858 0.000187
3 105 918 2056 0.000126
3 105 1821 1353 0.000895
3 918 1353 821 0.000554
3 821 1779 611 0.000260
3 64 1779 1194 0.000400
3 2128 550 1779 0.001372
3 1194 1779 550 0.000664
3 1186 2245 286 0.002372
3 286 2245 807 0.002937
3 2128 902 683 0.002736
3 540 1680 422 0.003615
3 1111 1963 403 0.010121
3 1963 2100 879 0.017213
3 403 1963 879 0.019334
3 489 131 2178 0.018341
3 1905 489 81 0.043541
3 2178 81 489 0.035088
3 2178 541 1008 0.093150
3 2178 1008 823 0.062537
3 1649 484 2240 0.036667
3 1388 2240 1314 0.022080
3 484 1583 2240 0.067306
3 1583 484 1683 0.090737
3 1472 1683 799 0.048493
3 1861 520 799 0.077806
3 146 1013 520 0.062056
3 520 1777 146 0.037850
3 1777 1876 146 0.020041
3 146 253 24 0.020547
3 1013 24 1308 0.034161
3 1013 1308 619 0.056333
3 24 253 25 0.019106
3 24 25 1308 0.023627
3 253 782 25 0.008291
3 1308 25 294 0.014560
3 178 2009 472 0.030055
3 178 472 841 0.023291
3 2009 1031 472 0.043652
3 2259 1077 2085 0.014755
3 1298 583 2085 0.031650
3 1829 2085 583 0.030459
3 1990 1829 583 0.020005
3 1647 1298 110 0.035662
3 2019 1647 874 0.064226
3 1801 1746 385 0.068712
3 385 1746 647 0.073768
3 647 1746 1998 0.125410
3 1746 177 1951 0.268793
3 177 2019 1404 0.179152
3 1733 1998 608 0.197409
3 1570 440 14 0.763558
3 14 440 2060 0.736936
3 2060 1398 2192 0.805863
3 1283 1778 1398 0.972846
3 1307 1778 370 0.869207
3 1778 1283 100 0.993391
3 870 100 1283 0.996017
3 1778 100 1143 0.996860
3 1587 1810 919 0.997716
3 1587 919 592 0.997208
3 592 1401 2180 0.994403
3 1999 1401 592 0.994214
3 1999 636 1401 0.993717
3 2180 1401 814 0.994392
3 2029 814 1401 0.995089
3 636 1134 168 0.993057
3 2166 673 1780 0.992852
3 1780 1788 2166 0.990746
3 2166 1788 41 0.986085
3 41 1788 300 0.945294
3 2166 606 887 0.993504
3 606 2024 1735 0.963277
3 1846 805 931 0.045468
3 2210 19 620 0.000266
3 805 949 620 0.003290
3 69 2034 569 0.000073
3 620 2034 2210 0.000083
3 69 569 1302 0.000097
3 569 2115 1302 0.000053
3 1574 848 1747 0.000036
3 348 758 2056 0.000083
3 731 1574 348 0.000057
3 731 1182 510 0.000057
3 731 510 772 0.000058
3 1182 1400 510 0.000058
3 1400 1182 918 0.000052
3 1182 2056 918 0.000072
3 677 611 64 0.000127
3 611 1779 64 0.000237
3 64 2020 677 0.000075
3 2020 64 2038 0.000180
3 1194 2038 64 0.000507
3 2038 1194 2041 0.000497
3 2041 934 2038 0.000634
3 2041 550 2245 0.000818
3 1049 1186 15 0.000800
3 1049 15 1831 0.000832
3 661 1186 409 0.002280
3 409 350 661 0.004702
3 270 325 409 0.003751
3 325 350 409 0.005456
3 270 286 1862 0.003721
3 1862 286 1365 0.003300
3 286 807 1365 0.003936
3 1365 807 1111 0.004653
3 403 1915 1111 0.010048
3 1915 403 1301 0.015594
3 1603 1915 698 0.012855
3 1301 698 1915 0.016367
3 1301 879 1905 0.024284
3 1492 81 1649 0.040352
3 1492 1649 2240 0.035644
3 1107 935 599 0.037276
3 1107 599 577 0.007247
3 599 935 1314 0.051530
3 1314 1583 599 0.084712
3 2004 122 599 0.025351
3 122 2004 1633 0.012478
3 517 1309 1417 0.017766
3 352 739 1355 0.023274
3 2004 1583 1472 0.029635
3 619 2017 1355 0.040037
3 1355 2017 1048 0.030656
3 921 1048 629 0.017292
3 629 1048 2017 0.024272
3 921 1311 1048 0.014540
3 921 1176 2259 0.014458
3 2085 1311 921 0.023681
3 1665 1829 1990 0.019248
3 1829 1665 1311 0.026839
3 1311 1665 1900 0.024765
3 2119 1665 1990 0.018269
3 2119 1990 367 0.016273
3 1054 2119 367 0.010818
3 367 1061 125 0.017605
3 2234 47 1061 0.026599
3 125 1061 1467 0.018063
3 47 1467 1061 0.024587
3 647 1733 2234 0.056963
3 1998 1733 647 0.060549
3 608 1945 1722 0.418216
3 1945 1812 1722 0.451684
3 1945 1570 1812 0.632999
3 1570 913 1812 0.654670
3 1570 1945 2255 0.830152
3 1198 2192 1835 0.526183
3 456 1835 1657 0.279152
3 1657 1835 777 0.203499
3 1657 777 1432 0.213769
3 1835 2192 1563 0.414690
3 2192 655 690 0.799501
3 1398 1778 655 0.939603
3 1538 655 1307 0.904627
3 1778 1307 655 0.903323
3 1538 1307 998 0.937411
3 998 1307 148 0.981010
3 148 1307 1803 0.978360
3 1307 684 1803 0.948204
3 998 148 1791 0.987697
3 1791 1803 2200 0.996942
3 1803 2131 652 0.992280
3 980 1975 2029 0.990792
3 673 887 980 0.992383
3 1975 980 887 0.991721
3 1639 1715 668 0.946650
3 1975 606 1510 0.959662
3 668 1510 1763 0.834342
3 668 1970 1885 0.819105
3 2103 1763 1735 0.795407
3 2103 355 1763 0.364571
3 1763 355 268 0.227079
3 268 355 475 0.105531
3 355 1887 1268 0.003572
3 355 1268 475 0.027549
3 475 1268 729 0.035886
3 1887 931 974 0.001631
3 751 474 1698 0.000205
3 1698 1719 1889 0.000162
3 509 2034 69 0.000054
3 69 1302 509 0.000058
3 1302 681 509 0.000062
3 1391 1677 509 0.000101
3 806 772 2174 0.000174
3 2174 1070 77 0.000276
3 2174 2038 1070 0.000252
3 77 1070 802 0.000320
3 2038 934 1070 0.000833
3 802 1070 1979 0.000457
3 1234 934 1189 0.000739
3 856 2248 976 0.001374
3 2248 2137 1831 0.000912
3 1831 2137 1049 0.000535
3 1831 1037 536 0.001738
3 1831 1047 1037 0.002269
3 1047 1262 1037 0.002932
3 661 707 1047 0.003235
3 591 1509 92 0.014417
3 92 1509 1605 0.013323
3 591 325 1509 0.009716
3 1279 325 270 0.005298
3 1279 1596 780 0.008956
3 1596 1279 1514 0.007569
3 1279 1862 1514 0.004822
3 1862 1365 1858 0.005411
3 1915 1858 1365 0.004854
3 1858 1915 1603 0.007520
3 1603 1760 1858 0.004817
3 1603 1406 1760 0.008433
3 1406 1603 693 0.007485
3 752 1760 1406 0.004224
3 481 2112 1760 0.007110
3 481 1269 2112 0.005846
3 2219 1107 487 0.007788
3 2138 1555 1532 0.003052
3 2138 662 1555 0.001809
3 2138 1490 2112 0.008350
3 2138 295 559 0.005663
3 559 295 262 0.004061
3 295 1532 94 0.003301
3 295 94 262 0.005130
3 262 94 1612 0.010673
3 1532 517 1348 0.004863
3 2055 1348 1417 0.023395
3 1417 1062 2055 0.022012
3 776 1062 2188 0.077009
3 776 2188 494 0.044998
3 2188 290 1566 0.043307
3 1566 290 1213 0.016119
3 1566 1213 1410 0.008845
3 1213 290 1838 0.018766
3 1213 1838 306 0.013612
3 306 1410 1213 0.010498
3 1410 306 1054 0.005993
3 2119 1054 306 0.009880
3 1410 1467 230 0.009784
3 2171 230 1270 0.026896
3 230 1467 1270 0.020407
3 134 1270 1681 0.024147
3 1403 2068 1549 0.062023
3 1722 788 2068 0.149838
3 1722 1812 788 0.253862
3 788 456 525 0.326298
3 525 456 1657 0.359883
3 1199 1057 1003 0.032016
3 1199 1003 605 0.034677
3 1057 1726 2107 0.060046
3 777 1835 1563 0.346065
3 777 1563 39 0.362327
3 39 1432 777 0.215414
3 1929 415 1449 0.516083
3 39 1449 375 0.270707
3 415 2142 1449 0.357304
3 2142 1020 395 0.373567
3 415 1609 1020 0.792184
3 1791 562 998 0.971871
3 2203 1791 639 0.973510
3 652 2168 2200 0.995584
3 2200 2168 1701 0.993700
3 155 1701 1916 0.994860
3 2168 1884 1278 0.995648
3 580 1794 1331 0.993317
3 1010 1331 1026 0.988598
3 1794 1975 1715 0.976442
3 1639 1477 153 0.822312
3 1477 1885 240 0.642911
3 1477 240 506 0.561263
3 240 1885 354 0.564923
3 354 2069 240 0.580109
3 506 240 2069 0.669853
3 1782 1885 1970 0.731445
3 2157 703 2176 0.480907
3 729 797 1782 0.064753
3 797 2176 1782 0.073897
3 2176 797 1996 0.008819
3 1996 1268 1773 0.002349
3 1773 1268 1887 0.001496
3 570 2225 1996 0.000662
3 1259 2225 1617 0.000568
3 570 1617 2225 0.000287
3 909 1259 1617 0.000449
3 245 474 573 0.000228
3 573 1617 245 0.000385
3 573 909 1617 0.000311
3 869 751 1110 0.000181
3 1110 1889 1349 0.000533
3 1889 960 1349 0.000497
3 960 626 1349 0.000838
3 626 960 317 0.001081
3 960 1889 1719 0.000365
3 1677 1391 399 0.000130
3 399 1391 2002 0.000136
3 399 2002 1837 0.000328
3 1837 2223 132 0.001468
3 460 132 2223 0.001466
3 132 460 2164 0.003063
3 817 132 1299 0.003959
3 2164 1299 132 0.005451
3 392 2083 715 0.005316
3 2230 1458 2164 0.005162
3 802 962 331 0.000627
3 1195 976 85 0.003209
3 548 85 679 0.002439
3 548 679 2108 0.003395
3 85 2248 679 0.003083
3 1037 1262 1695 0.002825
3 1695 1262 2026 0.003000
3 2026 1651 1695 0.002344
3 2026 1262 707 0.004322
3 92 1605 2026 0.007294
3 1732 2026 1605 0.003479
3 1732 321 112 0.006128
3 321 267 195 0.005913
3 195 267 1060 0.007698
3 507 1670 321 0.004872
3 321 1670 112 0.005334
3 1670 458 112 0.005531
3 1670 1487 458 0.004821
3 1058 2065 1264 0.015295
3 1060 780 2065 0.014678
3 2065 780 109 0.026388
3 109 780 1596 0.021919
3 1530 1596 1514 0.007498
3 136 336 1530 0.013331
3 1596 1530 336 0.014261
3 336 136 2239 0.015989
3 1612 2055 1955 0.015089
3 494 1955 776 0.010405
3 2236 1955 1664 0.008418
3 1664 378 2236 0.008150
3 2236 378 139 0.008927
3 803 2171 1600 0.070015
3 1765 1600 2171 0.072043
3 2171 1270 1326 0.039790
3 2171 1326 1403 0.052799
3 1765 1403 437 0.086676
3 1403 1549 437 0.055280
3 437 1549 605 0.044421
3 1765 1121 2222 0.071115
3 1765 2222 1166 0.059206
3 13 1879 886 0.012825
3 437 1003 1121 0.039040
3 13 886 704 0.018681
3 315 1003 1057 0.029109
3 1057 2107 704 0.037901
3 704 2107 2111 0.039733
3 2111 2107 1658 0.048944
3 372 2173 1251 0.042860
3 454 2173 1725 0.155626
3 831 613 1725 0.180438
3 831 2196 57 0.163262
3 1512 1171 845 0.648433
3 1512 845 1135 0.406206
3 1135 845 1384 0.563428
3 1384 1826 1135 0.460010
3 1384 1798 1826 0.588721
3 1099 718 1450 0.973233
3 1099 1883 1716 0.982913
3 582 1883 2203 0.979550
3 2203 1883 2213 0.880823
3 1171 2213 1883 0.825828
3 582 2203 1540 0.989685
3 582 1564 1666 0.990979
3 1913 1818 1952 0.983211
3 927 1952 1818 0.986051
3 2251 1913 1593 0.993151
3 155 1462 1578 0.993945
3 864 1754 1477 0.772812
3 571 864 389 0.944768
3 864 506 389 0.856569
3 506 746 389 0.784702
3 389 746 736 0.883832
3 506 2069 746 0.808289
3 1238 905 1954 0.011603
3 2176 1996 1742 0.007334
3 1954 1880 1192 0.002049
3 1192 1880 959 0.000782
3 1192 959 771 0.000741
3 959 970 771 0.000627
3 970 1130 771 0.000906
3 1097 959 1457 0.000322
3 1457 983 1097 0.000210
3 1457 959 989 0.000442
3 1457 989 1259 0.000516
3 1259 909 1457 0.000656
3 573 820 1743 0.000412
3 2126 932 1205 0.000330
3 2062 869 1222 0.000139
3 1014 1638 1110 0.000534
3 1222 1110 1638 0.000391
3 1014 1576 1638 0.000542
3 83 834 1014 0.000994
3 1576 1014 834 0.001021
3 834 83 2216 0.000662
3 83 1349 2216 0.000721
3 544 2098 2216 0.000363
3 2216 2098 2092 0.000413
3 2098 1022 2207 0.000256
3 1022 2098 1911 0.000248
3 275 2011 420 0.002240
3 2098 544 1911 0.000400
3 817 1299 275 0.003037
3 1458 757 2164 0.004430
3 1299 2164 757 0.005584
3 275 1299 2011 0.003070
3 757 2011 1299 0.003889
3 2230 1484 648 0.002431
3 2230 299 1484 0.002179
3 2230 2 299 0.002951
3 2 962 299 0.001360
3 670 1484 982 0.001183
3 670 982 1338 0.000873
3 1696 670 1338 0.001288
3 1696 1338 1942 0.001069
3 1338 101 1942 0.001463
3 962 2108 1338 0.001080
3 101 1338 2108 0.001692
3 101 2108 1756 0.003537
3 1371 1756 2187 0.004017
3 1968 2187 2110 0.003738
3 1968 1695 1651 0.003065
3 63 1651 1122 0.006255
3 63 1122 941 0.008754
3 1690 1430 1126 0.004735
3 1430 1101 1974 0.004915
3 1430 1974 1126 0.006415
3 1101 1122 138 0.006767
3 1321 138 112 0.005293
3 458 1487 1577 0.006579
3 49 1577 1737 0.007163
3 1737 1117 836 0.011472
3 396 1117 1058 0.004528
3 396 1058 27 0.006043
3 27 1058 1106 0.010153
3 1117 1737 400 0.006472
3 1058 1264 1106 0.017375
3 2239 1264 109 0.019655
3 2136 2106 2095 0.018747
3 2106 139 1166 0.046413
3 1686 2150 1873 0.006113
3 564 1166 2222 0.051675
3 1879 654 929 0.006494
3 654 1215 2150 0.004234
3 654 835 604 0.006282
3 1215 654 1807 0.005477
3 1493 835 1103 0.005541
3 835 563 1103 0.008701
3 563 1292 1103 0.023663
3 372 1251 1919 0.032438
3 1133 1949 1906 0.027910
3 1906 1949 1250 0.073277
3 1906 1250 473 0.057258
3 1949 1251 1250 0.062880
3 1906 1984 1618 0.049635
3 1618 1984 1446 0.026108
3 1446 1984 1027 0.036153
3 1980 1027 1984 0.051391
3 1980 1250 454 0.081544
3 1980 1700 2147 0.113641
3 2147 1700 1237 0.172107
3 1700 901 382 0.127889
3 1700 1725 901 0.180065
3 382 901 1826 0.139598
3 1826 901 1193 0.117742
3 382 1826 165 0.267254
3 1798 165 1826 0.474031
3 165 1798 429 0.529497
3 429 1075 165 0.579750
3 825 429 1798 0.561415
3 429 825 365 0.359516
3 656 894 825 0.202907
3 365 825 894 0.185358
3 1104 1175 116 0.498218
3 825 1798 786 0.572052
3 786 1384 1287 0.751352
3 786 1798 1384 0.644269
3 1287 1384 718 0.939045
3 718 1384 845 0.897747
3 786 1287 1175 0.594824
3 1175 1287 174 0.710319
3 1175 174 116 0.671407
3 116 174 994 0.697602
3 994 174 1425 0.843253
3 1287 204 174 0.846933
3 174 204 1043 0.892750
3 174 1043 1425 0.850375
3 204 1099 1043 0.958827
3 1666 1423 1866 0.952229
3 1442 1897 1184 0.971564
3 819 709 571 0.985424
3 1100 342 1920 0.889848
3 1992 1920 1427 0.823142
3 342 736 1920 0.839157
3 1427 1920 1707 0.670450
3 746 115 1539 0.671044
3 2069 1748 543 0.529207
3 543 1748 1227 0.323944
3 1227 1748 1002 0.243936
3 1227 1002 714 0.186580
3 1748 2195 2048 0.084648
3 2048 2195 851 0.034211
3 1954 1192 2051 0.009270
3 2051 1460 1254 0.007254
3 3 2061 1009 0.003145
3 1096 881 1342 0.015403
3 1254 1766 744 0.014863
3 1766 1261 1781 0.014251
3 1766 1781 664 0.027037
3 1261 98 1781 0.014008
3 1781 98 1165 0.019666
3 1130 1870 98 0.006916
3 1870 1130 970 0.001155
3 1870 1330 1252 0.001206
3 1330 1768 1252 0.001024
3 1330 1379 1768 0.000571
3 970 1097 1870 0.000789
3 305 643 1743 0.000313
3 305 932 469 0.000241
3 469 932 2126 0.000342
3 469 2126 1383 0.000224
3 1383 2126 951 0.000307
3 1161 1028 147 0.000706
3 1028 834 147 0.000948
3 2143 2256 2098 0.000223
3 2207 1704 366 0.000282
3 2207 366 2143 0.000144
3 1704 1379 366 0.000222
3 2143 366 320 0.000107
3 2143 407 469 0.000133
3 2143 469 1383 0.000190
3 1768 1379 1362 0.000323
3 1768 1362 289 0.000288
3 575 1728 1845 0.000574
3 1845 1728 2244 0.000791
3 676 1345 558 0.001117
3 2244 558 2091 0.000772
3 1345 987 558 0.001610
3 558 987 2091 0.001619
3 2091 987 446 0.001925
3 1345 1364 142 0.003505
3 142 1364 2201 0.002305
3 142 2201 1853 0.002941
3 2201 2094 1399 0.001984
3 2094 2080 1399 0.001409
3 1399 2080 1115 0.001872
3 1115 2080 88 0.001210
3 88 2080 2101 0.000815
3 898 1333 2104 0.000639
3 2104 723 898 0.001010
3 607 1562 2054 0.001811
3 1333 2094 2104 0.000600
3 1484 2023 1545 0.002314
3 2023 1484 670 0.001959
3 1859 750 1635 0.000957
3 1696 1678 2077 0.001678
3 2077 1678 2054 0.002019
3 1678 1942 861 0.001000
3 952 669 1942 0.001233
3 861 1942 669 0.001194
3 818 861 1844 0.002972
3 669 1844 861 0.002403
3 1201 1844 1090 0.002511
3 46 1090 880 0.003453
3 46 1586 1090 0.001907
3 666 356 1507 0.000963
3 356 1074 1690 0.002277
3 1937 1974 1993 0.001819
3 394 1993 428 0.003018
3 108 145 340 0.004253
3 1359 108 1671 0.006072
3 228 1671 108 0.004526
3 1671 228 1673 0.008248
3 1011 1216 1673 0.004289
3 2078 1673 1216 0.004694
3 1972 1216 1011 0.007964
3 556 1660 49 0.014803
3 1972 49 1660 0.008152
3 556 1737 53 0.017235
3 1714 53 502 0.061690
3 1714 502 2161 0.060906
3 2161 502 1623 0.051615
3 502 836 416 0.052853
3 416 836 1956 0.022853
3 2237 416 1694 0.041151
3 1456 390 27 0.003382
3 396 27 390 0.003745
3 1456 1451 958 0.014062
3 1415 2136 2044 0.016344
3 1415 2044 1505 0.024719
3 417 1247 2150 0.004488
3 1271 1873 2150 0.004743
3 488 417 1260 0.009131
3 1623 1260 1418 0.024175
3 417 1624 1260 0.006197
3 1624 1148 505 0.005303
3 1103 252 1785 0.013549
3 1088 1919 252 0.048439
3 1785 252 1919 0.059590
3 2260 2036 1949 0.030100
3 2260 1949 1133 0.025720
3 2260 1133 586 0.014112
3 2260 586 2064 0.018024
3 1740 554 1533 0.029328
3 586 1133 476 0.014390
3 476 1133 1317 0.006648
3 1133 1906 1618 0.020342
3 1133 1618 1317 0.009167
3 849 1304 1446 0.021193
3 749 1590 1323 0.115391
3 749 1045 1588 0.144279
3 1588 1045 1389 0.134419
3 1446 1027 1045 0.046813
3 1045 1027 1389 0.083327
3 1588 1389 526 0.162330
3 526 1389 298 0.170368
3 526 298 1816 0.336280
3 1389 2147 298 0.161131
3 298 2147 1237 0.198488
3 1816 1075 429 0.498834
3 526 1816 1588 0.314243
3 1816 365 1588 0.241608
3 1588 365 889 0.169057
3 894 889 365 0.157196
3 889 1590 1588 0.128347
3 2114 455 2129 0.029185
3 943 1631 519 0.156917
3 943 1073 1495 0.337377
3 179 1860 1050 0.394166
3 1941 994 1851 0.765606
3 1851 994 1425 0.864408
3 1851 1425 990 0.823440
3 1425 1866 990 0.888521
3 867 1423 2006 0.852854
3 1423 867 990 0.801793
3 1967 2035 867 0.642038
3 1967 1253 2241 0.876301
3 2241 1253 1339 0.911143
3 1339 1253 1030 0.938924
3 406 1158 650 0.829150
3 333 406 650 0.836310
3 1158 1184 445 0.959600
3 1158 445 1652 0.898379
3 1184 1897 445 0.980942
3 1652 1100 1920 0.895030
3 1525 1652 1920 0.822516
3 1920 1992 1525 0.831933
3 843 1427 1068 0.754311
3 843 1068 1039 0.780375
3 1039 1068 479 0.769514
3 1427 1041 1068 0.549475
3 1041 1707 975 0.589836
3 402 1674 975 0.204262
3 975 1674 1985 0.171620
3 975 1985 1041 0.439555
3 1041 1985 555 0.416339
3 988 1674 1369 0.061023
3 1674 1964 2087 0.081542
3 2087 1964 2155 0.062089
3 1901 2155 1421 0.016988
3 888 237 2155 0.019100
3 1901 59 936 0.014463
3 1422 59 1901 0.009388
3 1422 12 59 0.004354
3 12 1422 1926 0.003832
3 1745 888 2061 0.006615
3 881 236 1926 0.005042
3 236 759 1140 0.004181
3 759 1454 1922 0.013327
3 152 759 1922 0.013603
3 2156 152 1152 0.012640
3 1152 152 1922 0.016489
3 1571 1543 2163 0.041584
3 1454 1147 1029 0.021419
3 1147 1096 537 0.020221
3 2163 537 1595 0.030527
3 532 1096 651 0.039809
3 532 651 1053 0.030103
3 664 1781 967 0.019315
3 967 1781 1373 0.021516
3 967 1988 2121 0.036701
3 1988 1036 1995 0.018772
3 768 143 1847 0.051446
3 768 1847 16 0.071701
3 850 1373 1165 0.025929
3 1036 768 1995 0.020334
3 906 1226 2160 0.076498
3 1226 1334 1594 0.067725
3 1334 70 2018 0.012146
3 70 1640 2018 0.006913
3 2018 1640 1768 0.001718
3 2018 794 1606 0.001326
3 1606 794 738 0.000697
3 1606 738 593 0.000598
3 794 1362 948 0.000309
3 1329 948 1717 0.000322
3 575 1845 1007 0.000817
3 948 1007 1717 0.000336
3 1007 1845 1212 0.000800
3 2091 121 1718 0.001462
3 121 446 193 0.003697
3 1938 193 114 0.003518
3 193 1938 121 0.001886
3 66 1938 587 0.006478
3 1519 66 1082 0.002715
3 66 587 755 0.010862
3 66 755 1082 0.008618
3 114 1833 587 0.004179
3 1833 512 587 0.003584
3 1853 1115 1833 0.003465
3 1833 1052 512 0.003366
3 1052 1217 512 0.002606
3 1052 2101 1217 0.001120
3 2101 898 1957 0.000669
3 1957 898 293 0.001060
3 293 1005 1957 0.000990
3 524 898 723 0.001737
3 524 723 1243 0.003604
3 1243 2117 524 0.002953
3 1243 1038 1705 0.006437
3 1705 1038 1840 0.010664
3 1840 700 1966 0.020320
3 594 1966 2033 0.028623
3 700 126 1179 0.006021
3 700 1179 1881 0.002602
3 1179 861 170 0.001052
3 170 818 1520 0.001260
3 1076 2221 1520 0.000736
3 1248 1076 2053 0.000525
3 394 1535 1993 0.001741
3 1993 1535 1242 0.001009
3 1535 394 603 0.002513
3 535 428 1359 0.004658
3 1534 535 1359 0.006047
3 1534 1668 1675 0.015336
3 1675 1668 1869 0.024146
3 1671 82 1668 0.011260
3 154 1668 82 0.017554
3 82 1671 1673 0.009395
3 82 1673 1918 0.012738
3 2078 1918 1673 0.009390
3 2059 1660 1714 0.018640
3 1714 2161 2059 0.024635
3 2161 956 1200 0.058856
3 956 1418 486 0.043715
3 486 966 956 0.030224
3 966 346 956 0.078597
3 346 52 2258 0.258749
3 52 1218 1775 0.113611
3 52 1775 312 0.121237
3 1218 199 1775 0.053224
3 1775 199 1065 0.030818
3 1188 199 1218 0.025094
3 368 1118 1188 0.009817
3 966 106 368 0.010993
3 1118 368 106 0.006713
3 1118 106 505 0.004123
3 705 1118 691 0.009388
3 691 1294 705 0.009417
3 1672 119 1807 0.010186
3 1672 1807 2040 0.017880
3 1561 1672 2040 0.020183
3 1561 1513 1672 0.009920
3 649 1305 1513 0.013459
3 1513 875 649 0.006842
3 875 992 649 0.008556
3 963 1533 455 0.040547
3 868 963 1654 0.035049
3 2114 1631 1654 0.059077
3 159 257 1654 0.054358
3 159 943 1637 0.063409
3 1637 943 383 0.072991
3 1950 1645 1495 0.209951
3 1950 1495 179 0.272625
3 179 360 1950 0.174089
3 1950 360 1455 0.115521
3 846 1157 360 0.134452
3 1455 360 1157 0.081762
3 1157 431 1455 0.041562
3 2035 1948 846 0.363072
3 846 1948 1394 0.214756
3 2241 1394 1948 0.315006
3 431 2242 117 0.029701
3 1886 578 62 0.024013
3 1354 1886 65 0.537469
3 2241 65 1886 0.599273
3 1374 1354 65 0.837884
3 1354 2049 1313 0.312081
3 2049 2063 1313 0.190598
3 2063 2049 2189 0.475498
3 1374 2189 2049 0.845761
3 333 1438 1878 0.885666
3 650 1525 1438 0.895265
3 2096 464 609 0.961275
3 1039 822 464 0.912324
3 822 207 308 0.936581
3 308 207 1093 0.933407
3 207 892 1093 0.863658
3 988 1369 2249 0.059569
3 2249 1369 595 0.037731
3 539 1153 1924 0.025397
3 1153 1901 936 0.020519
3 1924 490 1752 0.020827
3 490 1522 1752 0.026373
3 1752 1522 2156 0.009104
3 936 1140 1522 0.008284
3 936 59 1140 0.006457
3 2194 2156 377 0.004272
3 2156 1152 452 0.005584
3 452 1152 2102 0.007791
3 1152 1922 1543 0.025105
3 1434 2102 386 0.010927
3 1316 891 386 0.035208
3 386 891 1434 0.013884
3 1987 1571 2163 0.045203
3 2163 1595 1987 0.045076
3 1987 1595 1169 0.052709
3 1169 1595 2121 0.047399
3 1995 1767 1988 0.016198
3 89 1991 1322 0.023692
3 906 2160 1208 0.128159
3 1208 912 1991 0.069383
3 426 2160 1594 0.025479
3 2160 426 1682 0.003803
3 419 1606 593 0.001598
3 419 281 1606 0.002775
3 1594 281 419 0.007872
3 1682 2179 514 0.000144
3 560 1953 2179 0.000068
3 585 1453 1162 0.000042
3 1953 738 1329 0.000284
3 1953 1329 1453 0.000161
3 826 2253 1717 0.000174
3 826 1717 1007 0.000352
3 1212 1789 826 0.000771
3 826 1789 1550 0.000480
3 2253 826 644 0.000181
3 1441 1519 644 0.000733
3 644 1519 277 0.000349
3 644 277 1620 0.000175
3 1519 213 2082 0.001332
3 2082 213 1784 0.002066
3 755 512 1217 0.004468
3 755 1217 897 0.003725
3 1796 1899 1504 0.009528
3 1504 527 1796 0.007577
3 1504 1895 527 0.010374
3 1899 1793 1504 0.009460
3 1504 1793 304 0.004349
3 304 1793 2125 0.005751
3 2125 1005 775 0.002695
3 2117 1705 716 0.006015
3 1553 716 104 0.028546
3 716 1705 363 0.019693
3 716 363 104 0.028462
3 1705 1840 363 0.018552
3 104 363 1055 0.040673
3 40 1263 1055 0.067467
3 844 1573 916 0.002717
3 250 2221 1087 0.000930
3 996 844 1589 0.003443
3 1589 234 314 0.001011
3 1535 314 357 0.000813
3 1087 1248 357 0.000347
3 1248 2053 357 0.000343
3 357 2053 1507 0.000527
3 357 1507 710 0.000594
3 1589 1535 603 0.002954
3 603 1534 1183 0.008829
3 1225 1368 2010 0.035551
3 1675 1869 2010 0.044300
3 513 1869 61 0.028242
3 1219 2008 727 0.023494
3 1918 2231 2086 0.012717
3 2231 971 551 0.021890
3 2231 551 1200 0.043423
3 1734 2258 312 0.124828
3 52 312 2258 0.118267
3 312 671 1734 0.070014
3 671 930 1734 0.049309
3 671 312 1289 0.088494
3 1775 1289 312 0.113740
3 1224 1775 1065 0.042680
3 1233 1224 1065 0.017516
3 997 1224 596 0.022094
3 2229 1473 705 0.022472
3 248 1825 130 0.033654
3 309 1305 438 0.015471
3 438 1305 649 0.016762
3 857 438 801 0.021344
3 857 801 1825 0.035764
3 1825 801 1730 0.018675
3 438 992 801 0.016280
3 866 1265 795 0.001314
3 1265 566 795 0.001070
3 1730 166 866 0.001362
3 166 1730 471 0.005603
3 471 809 166 0.001500
3 471 574 809 0.001180
3 1445 574 1958 0.001273
3 1293 1958 868 0.004237
3 1293 653 1160 0.002937
3 1160 653 1290 0.001829
3 653 1214 1290 0.001826
3 653 257 1637 0.013449
3 1120 708 1645 0.019297
3 1524 1120 1645 0.038638
3 2099 56 646 0.039932
3 1524 1950 56 0.082746
3 56 1950 1455 0.093079
3 56 1455 646 0.032487
3 646 1455 431 0.031094
3 2099 1965 323 0.049442
3 2099 323 811 0.052167
3 811 323 1643 0.044090
3 1643 323 2243 0.039966
3 658 1144 578 0.039462
3 578 477 658 0.025601
3 578 327 477 0.014444
3 1144 658 1802 0.159810
3 1813 865 1729 0.067904
3 477 883 865 0.043075
3 80 883 1921 0.047576
3 80 1921 1246 0.048976
3 883 1313 1921 0.037449
3 1921 1313 2063 0.085703
3 1921 2063 1750 0.116857
3 1476 584 2118 0.140893
3 937 1476 84 0.877305
3 1476 2096 84 0.927920
3 84 2096 609 0.963165
3 1386 2249 2181 0.034196
3 1386 200 2249 0.026014
3 1591 200 793 0.007701
3 979 793 200 0.009946
3 793 979 2198 0.008436
3 979 2181 2198 0.008284
3 1752 2181 1924 0.025671
3 2156 2194 1752 0.010412
3 2198 2194 827 0.003784
3 827 2194 1644 0.004544
3 20 2194 377 0.003124
3 20 377 1336 0.002326
3 377 452 1336 0.003594
3 615 1336 842 0.001200
3 615 842 810 0.000401
3 810 842 722 0.000852
3 810 722 173 0.000733
3 842 272 722 0.002265
3 722 272 1434 0.003545
3 272 2102 1434 0.009663
3 197 2105 722 0.009103
3 173 722 1320 0.000843
3 2105 1320 722 0.001503
3 891 702 197 0.011115
3 2105 197 702 0.011748
3 702 1936 2105 0.013017
3 663 1316 1896 0.025170
3 1896 1316 2206 0.029661
3 1936 1896 1132 0.009395
3 1896 123 1132 0.010882
3 2146 1813 2206 0.059853
3 347 2206 1813 0.042914
3 2146 2206 1281 0.021008
3 2146 1281 598 0.024437
3 598 1281 1310 0.011637
3 2206 528 1281 0.021983
3 1310 1281 338 0.007372
3 1939 833 78 0.016480
3 78 833 1500 0.008040
3 833 89 1500 0.008752
3 1409 1691 1500 0.002789
3 2067 1500 1691 0.002986
3 1691 610 2067 0.004514
3 912 1322 1991 0.023312
3 1322 912 923 0.024287
3 1710 2191 2160 0.030048
3 557 2140 618 0.000326
3 637 618 1641 0.000019
3 2140 514 1641 0.000085
3 514 908 1641 0.000035
3 955 908 1131 0.000010
3 585 96 216 0.000048
3 585 216 1131 0.000036
3 1131 216 904 0.000031
3 942 1620 1770 0.000074
3 263 1620 1519 0.000305
3 277 1519 1620 0.000292
3 263 2097 1770 0.000205
3 2097 2082 2212 0.001881
3 1089 527 1849 0.021775
3 1849 527 1895 0.013538
3 1849 1895 1935 0.010512
3 1504 503 1895 0.007596
3 1504 304 503 0.005047
3 503 953 2000 0.005658
3 953 775 2000 0.004306
3 767 2000 696 0.007016
3 2205 1693 1230 0.013760
3 899 791 1024 0.047339
3 791 899 692 0.073795
3 1626 1055 1263 0.087325
3 999 1772 1626 0.057479
3 999 1518 871 0.035512
3 871 1518 1170 0.032727
3 1489 1170 957 0.043120
3 957 1611 1489 0.048084
3 1170 1518 1622 0.011477
3 1547 1368 1225 0.022941
3 1547 1225 1749 0.026638
3 1739 1869 513 0.042211
3 2167 1498 1820 0.031996
3 1498 61 727 0.022275
3 76 1498 727 0.028008
3 76 1871 1498 0.035397
3 1498 1871 2123 0.057162
3 1498 2123 1820 0.063588
3 2123 1871 2133 0.022248
3 1871 950 930 0.063591
3 930 2133 1871 0.025814
3 930 671 2133 0.033896
3 930 950 2086 0.028894
3 2008 2086 950 0.025567
3 2086 2231 930 0.017913
3 1129 2133 371 0.050473
3 1129 371 997 0.070507
3 1129 1136 863 0.034955
3 2133 863 1335 0.028071
3 863 1136 853 0.024132
3 1709 1136 747 0.008581
3 1709 747 1085 0.011746
3 596 217 747 0.006565
3 1085 747 1019 0.008330
3 217 1019 747 0.005390
3 596 130 9 0.005693
3 1019 1825 633 0.005600
3 633 566 1167 0.000883
3 633 1167 597 0.000870
3 954 1167 2046 0.002691
3 2046 1265 978 0.005101
3 1723 2232 1511 0.017212
3 1723 1511 978 0.005952
3 978 1511 2046 0.007751
3 770 1723 572 0.007951
3 981 770 572 0.003013
3 572 163 981 0.002159
3 163 1445 1290 0.001193
3 981 638 1223 0.001479
3 140 773 2109 0.008721
3 1882 359 1025 0.043875
3 1113 1358 1025 0.047422
3 1610 1358 2153 0.028506
3 2153 2073 1063 0.022591
3 2073 840 816 0.011941
3 2073 816 1662 0.010140
3 1890 2190 1554 0.016620
3 256 2099 811 0.047241
3 256 811 1554 0.038826
3 1643 1556 1554 0.028195
3 813 43 2071 0.016719
3 1630 171 828 0.004849
3 171 1965 172 0.010850
3 172 828 171 0.005844
3 2242 172 1965 0.012826
3 828 172 2072 0.005789
3 1144 1802 1367 0.158102
3 316 1255 1630 0.009370
3 338 878 316 0.006797
3 1255 316 878 0.007523
3 631 1255 878 0.012719
3 631 878 1855 0.010124
3 2130 1939 78 0.017889
3 78 1527 2130 0.009575
3 1273 1500 2067 0.003899
3 1273 2067 1275 0.005278
3 413 939 2184 0.008605
3 1275 920 939 0.006806
3 920 1969 1930 0.016373
3 920 1275 1790 0.005649
3 920 1790 602 0.009511
3 602 1969 920 0.014058
3 2246 8 588 0.003760
3 838 1790 2217 0.005466
3 2217 610 699 0.018767
3 699 610 2015 0.077181
3 1516 2015 1661 0.213640
3 1551 1516 1661 0.011029
3 1661 2220 1551 0.000246
3 1731 1661 186 0.003027
3 1661 2015 610 0.213275
3 1692 610 1691 0.012272
3 1692 923 2005 0.080310
3 1692 2005 186 0.048276
3 1731 186 557 0.001515
3 1731 618 637 0.000022
3 1731 637 2220 0.000023
3 1667 1867 637 0.000003
3 904 113 1131 0.000014
3 2148 1112 1912 0.000039
3 1112 721 1912 0.000199
3 1280 2097 1461 0.000912
3 1280 1461 721 0.000857
3 492 2097 2212 0.005757
3 1306 1679 767 0.005050
3 852 1849 1012 0.014870
3 767 1155 1306 0.005805
3 135 1306 1155 0.002374
3 2205 1155 767 0.008073
3 1230 457 2205 0.014995
3 1553 1024 1693 0.014658
3 1024 462 1210 0.012383
3 2211 712 462 0.021249
3 462 712 1210 0.016356
3 1210 712 60 0.028763
3 2208 2211 1023 0.088804
3 2170 28 2211 0.024063
3 1023 2211 28 0.033930
3 791 692 453 0.072737
3 2211 453 1071 0.040591
3 1557 1071 203 0.029492
3 1557 203 2172 0.026554
3 2172 203 1772 0.035087
3 2172 1772 1489 0.038931
3 1497 1611 1300 0.083385
3 1300 1611 1749 0.064000
3 1468 511 1497 0.075979
3 511 1335 2172 0.046713
3 2172 1335 915 0.033146
3 1557 915 1809 0.028383
3 2145 1809 1709 0.016465
3 954 938 1419 0.009318
3 954 247 938 0.008525
3 247 2197 938 0.015308
3 2232 972 730 0.013277
3 2047 730 1597 0.004761
3 1006 2047 622 0.004603
3 1597 622 2047 0.003540
3 622 1597 1850 0.004226
3 432 808 1875 0.001239
3 1875 808 1223 0.001114
3 1875 1223 140 0.001332
3 162 42 1909 0.001900
3 1909 42 1894 0.002460
3 1909 1894 362 0.011510
3 362 1894 1440 0.024861
3 1894 140 2109 0.008291
3 1440 1894 2109 0.022608
3 2109 1882 1440 0.033797
3 1440 1882 1202 0.048358
3 1358 1393 1202 0.111460
3 579 1393 1358 0.070494
3 756 1610 830 0.041848
3 1610 2153 1063 0.028956
3 2073 2093 1610 0.016117
3 2093 1776 1610 0.019924
3 830 1610 1776 0.027206
3 944 1392 1890 0.009319
3 2162 1556 1443 0.011716
3 2162 1443 2175 0.009154
3 2175 1443 1702 0.007690
3 1643 860 1556 0.019511
3 425 860 36 0.008968
3 860 1643 2141 0.011250
3 36 860 1579 0.012430
3 2141 1579 860 0.008820
3 2184 631 1239 0.010650
3 631 1855 1239 0.011650
3 1239 413 2184 0.008645
3 2184 1811 726 0.021089
3 1930 2247 917 0.008897
3 1930 917 726 0.010055
3 2247 87 854 0.008676
3 2247 854 1619 0.009699
3 1619 854 2039 0.012888
3 854 87 433 0.013915
3 854 1325 2039 0.011102
3 1969 2246 433 0.007145
3 926 433 2246 0.001953
3 588 97 2246 0.002012
3 1787 1598 588 0.008129
3 97 588 1598 0.003463
3 1787 588 231 0.016005
3 231 588 1015 0.009169
3 1015 632 2012 0.168251
3 632 766 2012 0.280375
3 1516 291 1021 0.004666
3 642 1021 291 0.003468
3 291 1636 642 0.001020
3 1551 2220 1231 0.000033
3 1231 319 2116 0.000044
3 319 641 552 0.000018
3 552 641 2215 0.000015
3 379 1266 2215 0.000005
3 2238 2215 1266 0.000013
3 1266 379 1867 0.000003
3 1867 1744 1266 0.000004
3 764 1744 1867 0.000003
3 1744 2238 1266 0.000008
3 1124 2149 1912 0.000206
3 1372 1912 2149 0.000080
3 1124 796 1491 0.000820
3 796 44 1491 0.001711
3 38 1190 796 0.002495
3 2076 1190 1370 0.008321
3 1124 1912 38 0.000628
3 1912 721 38 0.000698
3 1411 38 721 0.002001
3 1943 95 1923 0.002491
3 1370 1433 2076 0.014752
3 1433 1370 232 0.014736
3 232 198 1433 0.012619
3 232 2122 198 0.009751
3 778 1433 2226 0.020250
3 2226 1602 1523 0.040827
3 737 2122 1168 0.009945
3 2122 737 1582 0.007246
3 2122 1582 1146 0.007275
3 1864 58 1485 0.017747
3 737 91 882 0.004208
3 946 985 1676 0.002481
3 1676 1531 1560 0.006398
3 1688 457 1230 0.019906
3 60 911 1688 0.037485
3 911 567 1688 0.025153
3 1925 1466 1481 0.040560
3 1925 1684 1685 0.059997
3 1684 1625 2132 0.016491
3 1315 1684 2132 0.019685
3 1481 2132 1625 0.025521
3 922 2232 1567 0.020527
3 2209 1567 2132 0.029202
3 1706 2047 1006 0.007293
3 1706 1006 785 0.011669
3 1006 2177 785 0.008535
3 1006 622 2177 0.005957
3 2177 622 1850 0.003403
3 2177 1850 1172 0.002089
3 568 621 1946 0.003353
3 2158 534 568 0.005740
3 2158 1832 534 0.004849
3 2158 1928 617 0.002187
3 1284 1159 756 0.039478
3 1393 756 1159 0.036499
3 1284 756 830 0.047118
3 1159 1284 1928 0.020025
3 529 1776 1575 0.004596
3 1928 529 617 0.001781
3 1908 72 2154 0.004602
3 468 72 984 0.009575
3 984 17 468 0.014910
3 1708 1865 984 0.007891
3 17 984 1865 0.012104
3 2175 157 384 0.011322
3 384 157 466 0.008482
3 157 1464 466 0.006159
3 466 1464 1892 0.004803
3 993 1464 296 0.013938
3 296 1464 1764 0.017735
3 1464 133 1125 0.012003
3 1125 133 1702 0.014596
3 425 1139 1702 0.019263
3 1619 201 2254 0.011757
3 2254 201 725 0.010242
3 2254 725 1689 0.006076
3 201 542 725 0.014392
3 674 1621 218 0.007116
3 1621 1828 2039 0.009928
3 1621 1325 1604 0.002140
3 1604 1325 926 0.001773
3 1604 1439 218 0.002250
3 2084 1787 1874 0.025665
3 1783 1795 1127 0.003543
3 1783 1127 1874 0.006665
3 1874 1127 332 0.005401
3 332 1127 1841 0.004319
3 1181 1795 1852 0.001789
3 1852 1795 23 0.001366
3 1636 839 1795 0.001339
3 23 1795 839 0.001186
3 23 839 837 0.000326
3 839 1145 837 0.000205
3 1584 1852 837 0.000260
3 1584 624 239 0.000062
3 1332 1648 624 0.000233
3 239 624 1648 0.000112
3 1332 724 273 0.000168
3 273 79 781 0.000068
3 2238 1824 1580 0.000040
3 1312 2149 2238 0.000021
3 2238 2149 1376 0.000031
3 1376 2149 1491 0.000095
3 1580 1824 1187 0.000266
3 1187 781 1580 0.000279
3 1943 1907 614 0.000782
3 1187 590 561 0.001478
3 5 1923 778 0.004800
3 5 876 1917 0.017449
3 876 784 1917 0.043297
3 1805 1917 784 0.049803
3 876 2226 2022 0.070952
3 1933 734 1506 0.062913
3 1602 1146 2052 0.021327
3 1800 2052 1296 0.038826
3 2052 1864 1296 0.043571
3 1864 1485 1296 0.032900
3 1344 625 1800 0.019181
3 1191 1800 2124 0.032196
3 102 2124 706 0.021957
3 1560 1531 1830 0.013104
3 1485 1757 2124 0.038467
3 1531 412 1830 0.023511
3 1830 412 1842 0.051184
3 1830 1842 1720 0.071300
3 1720 1842 1488 0.070748
3 187 1720 1488 0.057912
3 187 1488 1521 0.067901
3 1521 1235 187 0.082449
3 1315 2132 1706 0.016524
3 1315 1706 1642 0.013354
3 1642 1706 785 0.013440
3 924 1517 760 0.022280
3 2177 659 1232 0.008954
3 107 1232 434 0.020251
3 659 1267 1232 0.006720
3 1232 1267 129 0.010882
3 1232 129 434 0.015428
3 1267 1982 1366 0.008856
3 1982 292 635 0.002934
3 1960 1405 292 0.003644
3 1792 1960 292 0.003396
3 1850 1944 1792 0.002665
3 1792 1944 1960 0.005614
3 900 1405 995 0.002962
3 1960 534 1832 0.005218
3 1832 1908 373 0.005304
3 1257 373 2154 0.007390
3 373 1908 2154 0.005454
3 191 1257 1350 0.004600
3 191 1350 995 0.002804
3 1257 2152 873 0.002997
3 832 873 1059 0.001798
3 1297 2152 2154 0.006085
3 2154 468 1297 0.009839
3 1501 993 1277 0.008317
3 1277 1245 872 0.009726
3 2235 1343 37 0.004703
3 1483 37 1559 0.004230
3 1343 246 1764 0.013635
3 1343 1764 1689 0.018147
3 1764 1429 1689 0.019854
3 1429 1764 1125 0.023531
3 1559 1197 1318 0.007484
3 1288 1197 1439 0.007566
3 1475 1439 1197 0.006943
3 1439 1475 218 0.005330
3 1064 485 2007 0.003500
3 485 1459 1204 0.002356
3 351 1044 381 0.002091
3 1459 1841 351 0.010859
3 351 1841 1209 0.005413
3 351 1209 1044 0.004026
3 381 1044 141 0.001950
3 141 1044 1387 0.000800
3 1209 1841 497 0.002024
3 1181 1852 2058 0.001060
3 1854 2058 31 0.000912
3 31 2058 1902 0.000300
3 1902 1584 239 0.000133
3 239 667 1902 0.000095
3 1648 459 2032 0.000735
3 1319 781 1187 0.000789
3 1319 1187 561 0.001384
3 1258 1827 787 0.001173
3 678 2032 260 0.002761
3 678 260 258 0.006311
3 616 678 258 0.013133
3 561 1327 260 0.004649
3 260 1327 258 0.008082
3 1327 1102 258 0.010919
3 616 1272 798 0.017193
3 190 1102 1805 0.026206
3 798 1272 515 0.013120
3 787 798 1703 0.006163
3 515 1272 111 0.029834
3 616 1893 1272 0.047518
3 1357 1614 1407 0.196511
3 1357 784 1786 0.178170
3 1613 1786 2022 0.213403
3 1786 784 2022 0.173379
3 151 2204 1613 0.092158
3 2204 1614 1613 0.099653
3 2204 1180 1614 0.068577
3 2204 151 1163 0.101405
3 1163 1282 2204 0.107664
3 1163 1933 358 0.079386
3 358 1933 1001 0.039952
3 1933 1506 1001 0.048851
3 1344 1001 625 0.022848
3 1506 625 1001 0.028458
3 1344 2016 1001 0.021245
3 2016 1344 1191 0.016046
3 847 86 2016 0.010571
3 158 2016 436 0.021291
3 86 436 2016 0.016707
3 933 847 1568 0.008446
3 210 1568 847 0.007402
3 210 34 689 0.009781
3 34 1191 689 0.014731
3 689 1191 102 0.021527
3 1568 689 4 0.020153
3 1568 4 1402 0.017531
3 1402 4 1094 0.024357
3 689 706 4 0.021625
3 4 706 187 0.018340
3 4 187 1094 0.033102
3 1094 187 1235 0.047682
3 706 1720 187 0.022805
3 1402 884 1072 0.074503
3 1428 933 1568 0.011020
3 933 1428 1541 0.016573
3 1428 1402 1072 0.029135
3 1072 884 107 0.084062
3 884 760 107 0.041160
3 2050 933 1541 0.015663
3 2088 1541 1366 0.022328
3 127 430 1066 0.008685
3 516 127 303 0.014986
3 1066 303 127 0.007248
3 430 1982 635 0.004499
3 430 635 1066 0.004385
3 1066 635 900 0.006693
3 2088 516 665 0.021505
3 665 516 859 0.017771
3 665 859 175 0.021743
3 175 391 665 0.024629
3 391 175 1978 0.021401
3 2183 1755 859 0.005847
3 1978 1755 1249 0.006222
3 1249 1755 1420 0.003417
3 2183 393 50 0.001245
3 50 393 832 0.001463
3 393 1350 832 0.001991
3 50 1797 1420 0.001559
3 2218 1797 779 0.000723
3 2031 694 745 0.002457
3 1059 1932 694 0.003051
3 2152 1892 688 0.003790
3 2031 380 1046 0.001023
3 2031 1046 1173 0.001195
3 1173 1046 1424 0.002201
3 2235 1483 1046 0.002493
3 774 1483 1042 0.003586
3 1042 1318 485 0.005931
3 1042 485 1204 0.005323
3 774 1204 1424 0.002846
3 2030 1947 381 0.001218
3 2030 301 1528 0.001661
3 2030 1295 1494 0.002177
3 1295 1656 2066 0.001761
3 2066 1656 141 0.002144
3 1854 31 1959 0.000343
3 1854 1959 495 0.000282
3 1959 1902 1646 0.000164
3 1703 482 1961 0.004102
3 1703 1961 1736 0.004197
3 397 1703 1736 0.005348
3 1961 1542 1727 0.004966
3 482 1098 1542 0.007807
3 1098 482 515 0.008544
3 1098 515 111 0.030971
3 111 1407 1098 0.044381
3 1098 1407 404 0.038246
3 404 1407 1614 0.095780
3 1098 404 1542 0.009962
3 1542 1180 297 0.006208
3 297 266 450 0.007877
3 450 266 2127 0.010442
3 297 1180 2204 0.019886
3 719 1891 1067 0.082392
3 1067 1891 1903 0.051283
3 1067 1903 1203 0.044418
3 1203 1903 2186 0.021984
3 1396 1185 158 0.040883
3 1396 158 436 0.032154
3 1396 436 1903 0.036625
3 1903 436 1437 0.023378
3 1903 1437 2186 0.025791
3 2186 1437 249 0.026939
3 1249 1420 1616 0.010108
3 2218 1420 1797 0.003179
3 779 2031 1178 0.000798
3 779 1178 2218 0.000760
3 2031 1173 1178 0.000868
3 1572 1528 1080 0.005168
3 1080 1616 1572 0.007431
3 1295 2066 1079 0.003165
3 1079 748 1977 0.004496
3 748 284 1229 0.002842
3 1229 480 1736 0.002185
3 284 1092 1229 0.001354
3 1229 1092 480 0.001406
3 1092 1413 735 0.000888
3 1413 2250 735 0.001097
3 2250 1848 735 0.001666
3 1092 180 2070 0.000421
3 2070 925 1463 0.000877
3 925 1646 1463 0.000479
3 1229 1736 533 0.004631
3 533 1083 1977 0.013717
3 1494 1977 2001 0.023159
3 2001 1977 1378 0.012843
3 1378 1986 2001 0.016769
3 1977 1083 1378 0.010351
3 1986 1378 1727 0.011221
3 1515 1986 862 0.046045
3 1515 862 435 0.025600
3 1986 2127 862 0.027795
3 862 1203 221 0.016585
3 221 1203 2186 0.008317
3 2186 2045 221 0.008627
3 2001 1080 1494 0.017278
3 1616 2218 1572 0.008989
3 1854 1848 2250 0.001601
3 1046 1483 1424 0.001619
3 463 1282 358 0.064470
3 358 1282 1163 0.067621
3 1232 107 760 0.022640
3 1232 760 2177 0.014671
3 1908 1832 2158 0.004637
3 1908 2158 617 0.002658
3 67 36 35 0.020118
3 67 35 726 0.013761
3 36 1579 35 0.017248
3 896 28 2170 0.028323
3 1557 1809 2145 0.027351
3 276 2145 581 0.031832
3 123 347 1729 0.010602
3 1729 1244 123 0.007693
3 1016 1154 2182 0.002138
3 1016 2182 1758 0.001689
3 2182 1154 1615 0.002932
3 1615 895 2182 0.000825
3 1615 1154 1246 0.009391
3 1615 1246 2227 0.025591
3 1154 1137 1246 0.005960
3 1246 1137 444 0.010589
3 1750 2081 576 0.048607
3 2081 311 269 0.020645
3 2081 1750 75 0.094909
3 2074 75 2118 0.046695
3 2074 1591 311 0.018732
3 269 1771 2151 0.006671
3 269 2151 2227 0.015639
3 2151 1644 969 0.004752
3 969 615 2151 0.004979
3 986 615 1340 0.000330
3 986 1340 895 0.000411
3 615 810 1340 0.000376
3 1687 1608 2075 0.000135
3 149 1340 1324 0.000090
3 1324 1340 173 0.000230
3 1320 144 1608 0.000357
3 144 1320 2105 0.000906
3 1526 1452 1936 0.007379
3 1526 1936 1132 0.009340
3 1132 1244 1526 0.007506
3 1352 2075 1608 0.000196
3 2182 1687 2075 0.000163
3 986 895 2227 0.001616
3 2151 986 2227 0.011089
3 2135 2249 584 0.108326
3 2135 584 937 0.363261
3 1637 1214 653 0.007875
3 1050 211 2035 0.398016
3 211 1050 1860 0.554585
3 1860 990 211 0.657320
3 1860 1851 990 0.739391
3 1537 1623 502 0.066799
3 851 888 2048 0.015628
3 1237 382 165 0.300357
3 382 1237 1700 0.163165
3 1074 1586 71 0.002060
3 1364 1345 2011 0.002635
3 951 2126 1051 0.000399
3 1205 1337 2126 0.000457
3 1826 1193 695 0.117302
3 1135 1375 1512 0.256027
3 546 1916 1220 0.988715
3 1026 1220 1010 0.990610
3 1490 682 538 0.006348
3 538 2112 1490 0.004812
3 538 1514 1862 0.004628
3 1269 1138 1529 0.004480
3 74 1138 1269 0.005916
3 74 1269 481 0.006716
3 74 481 1081 0.004196
3 1081 1138 74 0.004815
3 1081 487 1138 0.003104
3 1138 487 307 0.002847
3 487 1107 307 0.003954
3 93 1900 2119 0.020683
3 1900 93 2037 0.025836
3 2037 352 1900 0.028079
3 1353 918 105 0.000411
3 1196 1898 330 0.045705
3 1823 1241 1724 0.433261
3 1341 1141 408 0.861219
3 1914 1141 1034 0.746982
3 1141 1914 2043 0.877913
3 1653 1914 1872 0.464532
3 1653 1872 1659 0.313743
3 1872 1914 1034 0.541179
3 1898 1659 1119 0.096222
3 1898 1119 1888 0.044755
3 1119 1659 1872 0.133416
3 1119 1872 1712 0.138077
3 1711 1888 1119 0.101661
3 1119 2079 1711 0.244440
3 1503 1823 2165 0.555495
3 1823 1724 2165 0.510688
3 1381 1503 2165 0.548400
3 2233 2165 1341 0.728511
3 2043 1256 408 0.979139
3 1659 1697 1653 0.353810
3 442 2159 1699 0.081445
3 2159 442 1095 0.011450
3 657 2159 1033 0.003539
3 55 2042 733 0.003548
3 493 885 1711 0.549586
3 1447 1711 885 0.374875
3 1934 493 1711 0.637882
3 812 1084 1863 0.526502
3 1863 1084 1934 0.555339
3 1934 1084 493 0.651717
3 493 1084 51 0.591642
3 1863 1971 1777 0.165761
3 1971 1863 118 0.246110
3 118 1863 1934 0.505009
3 762 1351 1503 0.039138
3 1503 1351 711 0.054362
3 1503 711 1823 0.333090
3 2139 1091 1385 0.088406
3 1385 1091 903 0.247112
3 829 740 1585 0.739616
3 740 1056 90 0.661996
3 1056 740 829 0.599274
3 1806 740 2233 0.817565
3 1585 740 1806 0.773676
3 1856 1585 1806 0.807775
3 940 1856 45 0.966853
3 45 1856 1806 0.931040
3 45 1806 2233 0.921327
3 1815 1856 2134 0.960828
3 761 2214 1989 0.986139
3 1983 1380 418 0.887470
3 1069 238 1983 0.757248
3 1069 1983 2193 0.672363
3 1069 1699 2013 0.640240
3 238 1069 2013 0.794862
3 461 2013 1699 0.660286
3 1699 1069 442 0.400300
3 442 1069 2193 0.422463
3 1328 1276 1721 0.103768
3 547 1395 1426 0.001490
3 1426 1395 910 0.000714
3 1236 465 902 0.001089
3 902 465 1035 0.001529
3 683 1356 1680 0.001779
3 1680 1356 422 0.002332
3 1650 422 1356 0.003265
3 1650 1356 1544 0.003856
3 1544 1356 1035 0.002755
3 902 1035 1356 0.002010
3 902 1356 683 0.002056
3 540 422 1650 0.005291
3 2100 540 1650 0.012407
3 1769 1479 1981 0.020354
3 1981 1479 161 0.021978
3 1479 1285 161 0.021374
3 1981 161 470 0.027745
3 161 1285 470 0.009670
3 1769 1981 131 0.020642
3 1285 1479 2100 0.021111
3 1759 1904 405 0.007571
3 470 1431 1981 0.019022
3 1981 1431 1759 0.021409
3 1981 1759 131 0.025830
3 1904 1759 1431 0.007808
3 657 1904 467 0.003224
3 1904 657 2042 0.003095
3 2178 131 1759 0.012661
3 541 2178 1759 0.068104
3 541 1759 1150 0.127808
3 1150 1759 1447 0.063590
3 1581 541 1150 0.422453
3 885 1581 1150 0.585841
3 885 1150 1447 0.351155
3 1008 541 1581 0.365477
3 244 1581 185 0.540958
3 812 1448 185 0.463824
3 244 1008 1581 0.470214
3 244 185 1448 0.520239
3 1084 812 185 0.558471
3 1084 185 51 0.639507
3 51 185 1581 0.497330
3 1448 1008 244 0.401597
3 823 1008 769 0.126806
3 769 1008 1448 0.249236
3 769 1448 1738 0.240342
3 1738 1448 812 0.370567
3 361 823 769 0.062598
3 1738 361 769 0.068595
3 841 472 110 0.043504
3 841 110 1298 0.045080
3 110 472 1031 0.058461
3 1647 110 874 0.058222
3 1031 874 110 0.082046
3 829 2257 164 0.506100
3 829 164 1056 0.451858
3 1056 164 103 0.450178
3 1951 339 1552 0.591472
3 1552 339 893 0.682630
3 1552 893 1632 0.785403
3 1000 790 1142 0.944172
3 1486 870 790 0.995812
3 1486 2134 672 0.996596
3 48 2134 1486 0.994379
3 48 1486 790 0.994105
3 1123 344 1486 0.997521
3 1123 1486 623 0.997314
3 100 870 344 0.996830
3 1143 100 344 0.996239
3 1143 344 1123 0.997751
3 1486 344 870 0.997684
3 1910 1143 1123 0.998307
3 1910 1123 523 0.996982
3 1910 523 1741 0.995449
3 523 623 1804 0.997872
3 623 523 1123 0.997742
3 2214 701 1989 0.990741
3 1989 701 1713 0.983726
3 1713 701 1741 0.990787
3 1143 1910 919 0.998594
3 2214 919 1910 0.998638
3 2214 1910 701 0.995180
3 701 1910 1741 0.994608
3 919 2214 592 0.998131
3 285 1078 2214 0.988838
3 1788 285 761 0.978960
3 2214 761 285 0.990490
3 1788 761 300 0.968627
3 427 41 754 0.789483
3 1004 1846 1548 0.233689
3 1221 1846 1004 0.360311
3 620 949 254 0.002128
3 620 254 890 0.000713
3 1465 254 531 0.003477
3 324 1465 531 0.003604
3 949 531 254 0.012473
3 254 1465 890 0.001122
3 2115 1465 1412 0.000532
3 1412 1465 324 0.001396
3 369 181 910 0.000333
3 1426 910 1412 0.000534
3 1412 910 181 0.000433
3 2245 550 2128 0.001767
3 1680 2245 2128 0.002548
3 807 2245 1817 0.003123
3 540 1817 2245 0.003224
3 540 2245 1680 0.002650
3 683 1680 2128 0.002898
3 807 1817 1111 0.004482
3 1111 1817 1963 0.006781
3 1963 1817 540 0.006961
3 2100 1963 540 0.011861
3 353 1905 879 0.020891
3 353 879 2100 0.024603
3 489 1905 271 0.029599
3 489 271 1769 0.022799
3 1769 271 1479 0.021934
3 1479 271 353 0.034407
3 1479 353 2100 0.030538
3 353 271 1905 0.026390
3 131 489 1769 0.015688
3 1649 81 2178 0.042004
3 823 1649 2178 0.039467
3 484 1649 361 0.031017
3 361 1649 823 0.041719
3 2240 1583 1314 0.058000
3 1583 1683 1472 0.046986
3 1683 1738 799 0.079414
3 799 1738 1861 0.084310
3 484 1738 1683 0.056247
3 1013 619 799 0.055052
3 1013 799 520 0.073532
3 146 24 1013 0.055446
3 294 25 782 0.012002
3 294 782 178 0.012190
3 178 782 2009 0.014377
3 841 294 178 0.016577
3 2185 1990 583 0.016965
3 1647 2185 583 0.020434
3 1647 583 1298 0.023864
3 2019 2185 1647 0.050523
3 1998 1746 1951 0.228211
3 1945 1998 2255 0.551614
3 2255 1998 1552 0.619487
3 1552 1998 1951 0.325958
3 1998 1945 608 0.401185
3 2060 440 1000 0.854812
3 2060 1000 1142 0.887897
3 2131 1803 684 0.983016
3 2131 684 1587 0.993211
3 1810 1587 684 0.994326
3 592 2180 1587 0.994164
3 887 673 2166 0.990834
3 606 1735 1510 0.964652
3 1735 1763 1510 0.923708
3 1548 1735 1004 0.825731
3 1548 2103 1735 0.744602
3 2103 1548 931 0.245662
3 931 1548 1846 0.103056
3 974 931 19 0.001573
3 974 19 2210 0.000158
3 19 931 805 0.003116
3 2034 620 890 0.000252
3 2034 890 569 0.000150
3 620 19 805 0.001288
3 677 510 1400 0.000071
3 1400 611 677 0.000086
3 677 2020 510 0.000088
3 934 2041 2144 0.000745
3 741 2137 343 0.000706
3 343 2137 2144 0.000578
3 343 2144 2245 0.001018
3 2041 2245 2144 0.000772
3 1049 2245 1186 0.001145
3 343 2245 741 0.000769
3 741 2245 1049 0.000785
3 1047 1831 15 0.001377
3 1047 15 661 0.001935
3 661 15 1186 0.002095
3 765 698 1301 0.023647
3 1492 765 1301 0.028920
3 1492 1301 1905 0.024082
3 2240 765 1492 0.039419
3 1633 517 1555 0.004517
3 1555 517 1532 0.003254
3 2037 1838 1417 0.019716
3 2037 1417 1309 0.022917
3 2037 739 352 0.024515
3 739 2037 2004 0.028383
3 1309 2004 2037 0.022056
3 1355 739 1472 0.034196
3 1472 739 2004 0.026480
3 1829 1311 2085 0.029947
3 1976 1061 367 0.029003
3 1976 367 1990 0.019926
3 1801 385 1976 0.050847
3 2185 1801 1976 0.038625
3 2185 1976 1990 0.024235
3 47 2234 1681 0.020345
3 690 1929 1563 0.602152
3 690 1563 2192 0.542890
3 1609 1929 690 0.788377
3 1609 690 1538 0.864608
3 690 655 1538 0.914606
3 562 1609 1538 0.863266
3 562 1538 998 0.937951
3 2131 1587 2180 0.996448
3 2168 652 2131 0.993574
3 2168 2131 2180 0.994085
3 1884 2168 2180 0.996095
3 1884 814 580 0.996375
3 814 1884 2180 0.995473
3 1794 580 814 0.993907
3 2029 1794 814 0.994192
3 1975 1794 2029 0.990344
3 668 1715 1510 0.935119
3 1510 1715 1975 0.970144
3 243 570 1773 0.000239
3 243 1773 2210 0.000119
3 2210 1773 974 0.000144
3 974 1773 1887 0.000719
3 1698 570 243 0.000157
3 245 1698 474 0.000198
3 1698 243 2210 0.000068
3 751 1698 1889 0.000167
3 1719 1698 2210 0.000059
3 399 1719 2034 0.000111
3 399 2034 1677 0.000088
3 2034 1719 2210 0.000045
3 509 1677 2034 0.000043
3 2223 2002 2174 0.000355
3 2174 2002 806 0.000163
3 1391 806 2002 0.000204
3 1837 2002 2223 0.000694
3 2020 2174 772 0.000229
3 2020 772 510 0.000090
3 77 2223 2174 0.000343
3 1979 1070 1234 0.000804
3 934 1234 1070 0.000920
3 856 1189 934 0.000575
3 2144 2137 856 0.000549
3 934 2144 856 0.000600
3 1189 856 976 0.000794
3 2248 85 976 0.002599
3 741 1049 2137 0.000610
3 1279 1509 325 0.007802
3 1060 1509 780 0.009167
3 780 1509 1279 0.010146
3 538 1862 1858 0.004850
3 538 120 2112 0.005724
3 120 538 1858 0.005452
3 2240 698 765 0.028911
3 693 1603 698 0.010778
3 2240 693 698 0.016026
3 577 307 1107 0.002228
3 559 1490 2138 0.007933
3 1348 94 1532 0.005812
3 2055 1612 94 0.013056
3 1348 2055 94 0.018362
3 776 1955 2055 0.015642
3 1062 776 2055 0.027677
3 447 494 2188 0.041207
3 803 447 2188 0.047726
3 2188 1566 545 0.061903
3 230 1566 1410 0.014618
3 1270 47 1681 0.021086
3 47 1270 1467 0.017200
3 1326 2068 1403 0.050573
3 1270 134 1326 0.039645
3 2068 1326 134 0.036699
3 947 1549 2068 0.127578
3 788 947 2068 0.288908
3 1549 634 605 0.055381
3 634 947 525 0.165057
3 525 947 788 0.368678
3 947 634 1549 0.103869
3 634 525 1657 0.163282
3 634 1657 1199 0.108121
3 634 1199 605 0.078838
3 68 2196 2107 0.108471
3 68 2107 1726 0.113378
3 39 1929 1449 0.382473
3 39 1563 1929 0.490288
3 2142 1997 1449 0.102606
3 1346 395 1822 0.099475
3 395 1346 2142 0.098191
3 1512 2213 1171 0.641339
3 395 1020 2213 0.543505
3 395 2213 1822 0.207501
3 562 2203 1609 0.916116
3 1020 1609 2203 0.889473
3 1020 2203 2213 0.843245
3 2203 562 1791 0.959451
3 1540 2203 639 0.986933
3 1540 2200 504 0.996145
3 2200 1540 639 0.996675
3 2200 639 1791 0.996732
3 1593 504 2200 0.996546
3 155 1593 2200 0.994929
3 155 2200 1701 0.994288
3 1916 1701 763 0.995966
3 763 1701 2168 0.994332
3 1331 1278 160 0.995901
3 1010 1278 1331 0.993386
3 1331 160 580 0.994134
3 580 160 1884 0.995411
3 1884 160 1278 0.995963
3 1655 1026 196 0.977350
3 1655 196 2120 0.965470
3 2120 1331 1794 0.983256
3 1331 2120 196 0.981319
3 1331 196 1026 0.986205
3 1040 2120 1715 0.957444
3 1040 1715 1639 0.952027
3 1715 2120 1794 0.969484
3 1655 2120 1040 0.933585
3 2027 1478 1655 0.964398
3 2027 1655 1040 0.955516
3 1026 1478 1220 0.980446
3 1220 1478 546 0.974692
3 546 1478 2027 0.962888
3 2027 1040 1639 0.931581
3 1655 1478 1026 0.978274
3 1754 546 2027 0.975893
3 1754 2027 153 0.944899
3 153 2027 1639 0.883908
3 1462 546 1754 0.984241
3 1754 153 1477 0.782579
3 824 2069 354 0.628168
3 824 703 2157 0.746995
3 703 824 354 0.668914
3 703 354 1885 0.714795
3 1782 703 1885 0.638714
3 2176 703 1782 0.365955
3 1268 1996 797 0.005427
3 1268 797 729 0.016402
3 1996 1773 570 0.000626
3 2225 1742 1996 0.002495
3 1880 1742 2225 0.001514
3 989 1880 2225 0.000988
3 2225 1259 989 0.000554
3 1698 1617 570 0.000157
3 245 1617 1698 0.000277
3 1889 1110 751 0.000208
3 2216 1349 626 0.000673
3 2216 626 544 0.000685
3 1911 544 626 0.000535
3 626 317 720 0.001204
3 720 317 817 0.001873
3 1837 817 242 0.001697
3 960 242 317 0.000827
3 317 242 817 0.001844
3 1837 32 399 0.000747
3 1719 399 32 0.000398
3 1719 32 960 0.000484
3 960 32 242 0.000751
3 242 32 1837 0.001401
3 132 817 1837 0.002620
3 548 2108 1195 0.002451
3 1979 1195 2113 0.003859
3 2108 2113 1195 0.001954
3 1195 1979 1234 0.002716
3 1195 1234 1189 0.001593
3 85 548 1195 0.002939
3 1149 679 2248 0.003218
3 2187 1756 1149 0.002646
3 2187 1149 2110 0.003238
3 522 2110 1149 0.002122
3 679 1149 1756 0.002817
3 1105 2110 522 0.001695
3 1105 522 2248 0.001503
3 1105 2248 536 0.002174
3 2248 522 1149 0.002482
3 1037 1105 536 0.002017
3 1105 1695 2110 0.001376
3 1695 1105 1037 0.002067
3 1774 1651 2026 0.003742
3 1774 2026 1732 0.003765
3 1651 1774 1122 0.007416
3 112 138 1774 0.006102
3 112 1774 1732 0.006973
3 1774 138 1122 0.009533
3 1737 1487 400 0.006077
3 400 1487 1670 0.004586
3 1058 400 1670 0.004215
3 1058 1670 2065 0.007013
3 2065 1670 507 0.004071
3 109 1264 2065 0.038083
3 501 2239 1558 0.017840
3 501 1558 2136 0.017108
3 1558 2236 2136 0.011402
3 1612 1558 2239 0.017626
3 1955 2236 1558 0.008930
3 1955 1558 1612 0.013654
3 1166 139 378 0.035286
3 1166 378 1600 0.042782
3 1166 1600 1765 0.054407
3 2188 2171 803 0.078629
3 230 2171 545 0.059311
3 230 545 1566 0.043691
3 545 2171 2188 0.091418
3 1879 877 886 0.011725
3 877 2222 886 0.013888
3 1121 886 2222 0.038464
3 315 704 886 0.018598
3 704 315 1057 0.028451
3 1003 315 1121 0.025722
3 1121 315 886 0.017848
3 1250 1251 2173 0.073815
3 1250 2173 454 0.082960
3 831 1725 192 0.151832
3 192 1725 2173 0.128209
3 192 2173 1658 0.071621
3 2196 831 192 0.171121
3 2196 192 1658 0.109733
3 2196 1658 2107 0.105079
3 901 1725 1193 0.177041
3 1193 1725 613 0.191472
3 695 1193 1601 0.136037
3 1601 1193 57 0.136544
3 57 1193 613 0.150385
3 57 613 831 0.170957
3 1601 2196 675 0.103978
3 675 2196 1156 0.099794
3 1997 1156 68 0.107413
3 68 1156 2196 0.128272
3 1601 57 2196 0.125928
3 675 1156 2142 0.083431
3 2142 1156 1997 0.082115
3 1822 1601 1346 0.099344
3 675 1346 1601 0.096374
3 1346 675 2142 0.091332
3 1512 1375 2213 0.288872
3 2213 1375 1822 0.150385
3 1822 1375 1601 0.118667
3 582 1716 1883 0.980169
3 1564 582 1540 0.992176
3 504 1564 1540 0.992320
3 1564 1952 1666 0.988831
3 1578 1462 660 0.994116
3 864 571 1754 0.933891
3 1754 571 660 0.975620
3 1754 660 1462 0.987191
3 2157 1748 2069 0.553057
3 2157 2069 824 0.725079
3 2195 410 1238 0.076852
3 1238 410 905 0.048863
3 905 410 2157 0.124343
3 905 2157 2176 0.132827
3 2157 410 2195 0.210251
3 1742 1880 905 0.003371
3 1954 905 1880 0.003247
3 1742 905 2176 0.011036
3 1097 970 959 0.000468
3 983 1457 643 0.000278
3 643 573 1743 0.000367
3 573 643 909 0.000492
3 909 643 1457 0.000480
3 2256 2092 2098 0.000265
3 2207 2143 2098 0.000200
3 1834 1704 2207 0.000282
3 1834 2207 815 0.000354
3 498 2207 1022 0.000175
3 1474 1911 1857 0.000461
3 1022 1911 498 0.000248
3 498 1911 1474 0.000243
3 420 2011 1857 0.001258
3 420 1857 1911 0.000699
3 420 1911 302 0.000643
3 1857 2011 1345 0.001537
3 720 420 302 0.001060
3 275 720 817 0.003005
3 626 720 302 0.000960
3 626 302 1911 0.000525
3 275 420 720 0.001659
3 1177 1364 757 0.004360
3 2201 1364 1177 0.003488
3 1177 757 1458 0.005213
3 757 1364 2011 0.004659
3 1536 2201 1177 0.002701
3 1536 1177 1545 0.002118
3 1545 1177 648 0.002613
3 1536 2094 2201 0.001653
3 1545 648 1484 0.002806
3 2113 2108 962 0.001203
3 1756 669 952 0.002678
3 1371 2187 880 0.004552
3 1756 1371 669 0.002174
3 669 1371 1844 0.003123
3 941 71 63 0.004131
3 1690 1074 1430 0.004061
3 1430 1074 941 0.005243
3 145 1974 530 0.004756
3 145 530 340 0.004463
3 530 1974 1101 0.004420
3 1321 530 1101 0.005747
3 1972 340 530 0.005833
3 1972 530 1321 0.005405
3 1321 1101 138 0.005852
3 1577 1972 1321 0.004864
3 1577 1321 458 0.005642
3 1737 1577 1487 0.006439
3 1117 1956 836 0.013319
3 390 1694 1956 0.006700
3 390 1956 396 0.003294
3 1117 396 1956 0.005231
3 400 1058 1117 0.004623
3 1106 1264 1451 0.019088
3 1451 1264 2239 0.020897
3 958 1451 1628 0.019563
3 1508 958 1628 0.019762
3 1415 387 2239 0.023093
3 2239 387 1628 0.018652
3 1505 387 1415 0.023023
3 2136 1415 501 0.015445
3 501 1415 2239 0.022537
3 2239 1628 1451 0.020503
3 1508 1628 387 0.019244
3 2095 2044 2136 0.012644
3 2057 1686 1873 0.008271
3 2057 1873 564 0.008852
3 1686 2057 1599 0.005349
3 2106 564 1873 0.021834
3 1599 2057 2222 0.007958
3 2222 2057 564 0.013924
3 1879 1599 877 0.009543
3 877 1599 2222 0.012091
3 1686 1599 1879 0.006234
3 1686 1879 929 0.005897
3 2150 1686 929 0.003818
3 654 2150 929 0.006160
3 1807 654 604 0.005928
3 1493 604 835 0.008566
3 1980 2147 1027 0.088181
3 894 800 2129 0.055907
3 800 894 656 0.144971
3 1877 2129 800 0.048671
3 792 1108 1104 0.244648
3 1175 1104 1108 0.320589
3 1175 1108 656 0.329624
3 656 1108 800 0.179739
3 800 1108 792 0.164469
3 800 792 1877 0.096761
3 786 656 825 0.313850
3 656 786 1175 0.434361
3 1716 1866 1043 0.954085
3 1716 1043 1099 0.966079
3 1716 1666 1866 0.964999
3 2006 1423 927 0.925635
3 2006 927 1442 0.968089
3 1253 2006 1442 0.952582
3 1253 1442 1184 0.957116
3 1897 1442 1818 0.971806
3 709 819 1897 0.979678
3 709 1897 1818 0.983107
3 709 1818 1578 0.987607
3 1578 1818 2252 0.989390
3 571 709 660 0.988571
3 660 709 1578 0.993635
3 1707 1920 1539 0.821793
3 1539 1920 736 0.883643
3 1539 736 746 0.848847
3 54 1539 402 0.488121
3 402 1539 1227 0.471397
3 1227 1539 115 0.484849
3 543 1227 115 0.397668
3 1964 714 219 0.100228
3 1964 219 2155 0.101602
3 219 714 1002 0.099582
3 2155 2048 888 0.029272
3 2048 1002 1748 0.083047
3 1002 2048 219 0.066135
3 219 2048 2155 0.053356
3 2195 2051 549 0.037477
3 2195 549 851 0.047546
3 851 549 2061 0.012983
3 888 851 2061 0.007193
3 1238 2051 2195 0.036984
3 2061 549 1254 0.013289
3 2051 1254 549 0.018134
3 1926 1009 2061 0.002092
3 1926 2061 1342 0.003198
3 1926 1342 881 0.003827
3 744 1342 2061 0.010072
3 1254 744 2061 0.013292
3 744 651 1342 0.026324
3 1096 1342 651 0.020754
3 1766 651 744 0.033008
3 664 651 1766 0.028237
3 1373 1781 1165 0.021847
3 965 850 1165 0.020864
3 280 850 965 0.025195
3 280 965 1847 0.034509
3 965 1165 1870 0.011248
3 1870 1165 98 0.012059
3 1640 1847 965 0.027712
3 1640 965 1252 0.007659
3 1252 965 1870 0.004457
3 1768 1640 1252 0.002449
3 1330 1097 983 0.000234
3 1097 1330 1870 0.000687
3 366 1379 1330 0.000256
3 320 366 1330 0.000182
3 320 1330 983 0.000182
3 407 643 305 0.000172
3 643 407 320 0.000125
3 643 320 983 0.000206
3 469 407 305 0.000190
3 1728 137 1362 0.000228
3 137 1728 575 0.000294
3 1704 1728 1379 0.000224
3 1379 1728 1362 0.000198
3 2244 1728 1607 0.000427
3 1607 1728 1704 0.000345
3 1607 1704 1834 0.000289
3 2244 1607 1627 0.001021
3 627 1607 1834 0.000376
3 1286 1627 1607 0.001466
3 1286 1607 627 0.000522
3 1286 627 508 0.000836
3 508 627 1499 0.000468
3 1499 815 498 0.000251
3 815 1499 1834 0.000396
3 1834 1499 627 0.000406
3 2207 498 815 0.000204
3 1857 1444 1474 0.000495
3 1474 1444 1499 0.000526
3 1286 508 1444 0.001247
3 1474 1499 498 0.000187
3 508 1499 1444 0.000793
3 1627 1286 676 0.001825
3 676 1286 1444 0.001435
3 676 1444 1857 0.000844
3 558 1627 676 0.001240
3 2244 1627 558 0.001336
3 987 142 1853 0.002401
3 142 987 1345 0.002261
3 114 193 1833 0.002849
3 1833 193 987 0.002430
3 1833 987 1853 0.002872
3 987 193 446 0.003852
3 607 723 1562 0.001887
3 1562 723 2104 0.000894
3 478 2104 2094 0.000968
3 478 2094 1536 0.001327
3 1635 1536 1545 0.001613
3 1635 1545 2023 0.002009
3 670 1414 2023 0.001823
3 1414 1635 2023 0.001596
3 1859 1635 1414 0.000895
3 1859 1414 1927 0.000853
3 1696 1927 1414 0.001363
3 1696 1414 670 0.001302
3 1859 1927 2077 0.000656
3 2077 1927 1696 0.001799
3 1859 1562 750 0.000450
3 2104 750 1562 0.000473
3 1562 1859 2077 0.000510
3 1536 1635 478 0.001455
3 2104 478 750 0.000932
3 750 478 1635 0.001055
3 1562 2077 2054 0.000961
3 861 818 170 0.001583
3 1520 818 1844 0.002635
3 1520 1844 1201 0.002309
3 880 1090 1844 0.003618
3 880 1844 1371 0.004232
3 1507 2053 666 0.000783
3 428 145 108 0.003500
3 1974 145 1993 0.002588
3 428 1993 145 0.002658
3 1359 428 108 0.003812
3 1577 49 1972 0.006102
3 1714 1660 556 0.018758
3 53 1714 556 0.036997
3 1537 502 416 0.080018
3 1537 416 2237 0.061340
3 1694 416 1956 0.019287
3 1482 2237 1694 0.029662
3 1482 1694 1114 0.020146
3 1114 612 322 0.005741
3 322 612 1508 0.008329
3 1456 1508 612 0.007570
3 390 1456 612 0.003177
3 390 612 1114 0.003832
3 390 1114 1694 0.008236
3 1508 1456 958 0.011858
3 1505 1508 387 0.019346
3 1808 1482 322 0.016042
3 2095 1482 1808 0.030565
3 2095 1808 2044 0.020069
3 1508 1808 322 0.008598
3 1114 322 1482 0.021211
3 2044 1808 1505 0.020858
3 1505 1808 1508 0.022094
3 1247 488 1537 0.007560
3 1260 1623 488 0.015199
3 417 488 1247 0.006243
3 1247 1537 2237 0.016538
3 1537 488 1623 0.032095
3 2150 1247 1271 0.004640
3 1271 1247 2237 0.004847
3 1271 30 2095 0.012227
3 30 1482 2095 0.020632
3 1873 1271 2095 0.010139
3 1873 2095 2106 0.022470
3 2237 1482 30 0.017854
3 2237 30 1271 0.006528
3 486 1624 966 0.005904
3 1260 1624 486 0.005868
3 1260 486 1418 0.014924
3 106 966 1624 0.005496
3 106 1624 505 0.004401
3 604 1493 2040 0.011949
3 604 2040 1807 0.004888
3 2040 1493 1785 0.023814
3 1785 1493 1103 0.012096
3 1513 1561 875 0.012249
3 875 1561 2064 0.017651
3 2064 1561 2260 0.024090
3 2064 554 907 0.020561
3 907 554 1740 0.015447
3 554 2064 586 0.020135
3 1533 554 2028 0.036385
3 586 2028 554 0.025999
3 586 476 2028 0.023744
3 455 1533 2129 0.041499
3 2129 1533 189 0.047704
3 189 1533 2028 0.044784
3 189 2028 1347 0.050069
3 189 1323 2129 0.063979
3 1590 2129 1323 0.119713
3 1347 1323 189 0.048456
3 1588 1590 749 0.151772
3 1877 2114 2129 0.046657
3 255 421 792 0.226813
3 255 792 1104 0.282591
3 792 421 1877 0.114504
3 1877 421 2114 0.078517
3 519 1631 2114 0.099133
3 519 255 499 0.282337
3 499 255 1104 0.369515
3 255 519 421 0.161895
3 519 2114 421 0.114856
3 1073 943 519 0.274291
3 1073 519 1941 0.413933
3 1941 519 499 0.472293
3 1495 1073 1860 0.442531
3 1941 1860 1073 0.635060
3 179 1495 1860 0.414681
3 1851 1860 1941 0.798869
3 211 990 2035 0.508058
3 867 2035 990 0.585165
3 2241 1948 1967 0.669407
3 1030 1253 1184 0.962732
3 1339 326 1374 0.926811
3 1030 326 1339 0.949320
3 2189 1374 326 0.888393
3 2189 326 406 0.805022
3 2189 406 333 0.801653
3 1158 406 1030 0.910675
3 1030 406 326 0.929159
3 1652 650 1158 0.839243
3 1652 1525 650 0.826594
3 402 975 54 0.387221
3 1539 54 1707 0.621728
3 54 975 1707 0.494085
3 1985 1674 988 0.120762
3 539 1369 2087 0.028268
3 2087 1369 1674 0.056364
3 1522 1140 759 0.004099
3 1522 759 152 0.006833
3 1522 152 2156 0.009118
3 2163 1543 1922 0.031562
3 2163 1922 1029 0.028056
3 1029 1922 1454 0.022964
3 2163 1029 537 0.033721
3 537 1029 1147 0.024330
3 532 1595 537 0.021698
3 532 537 1096 0.022261
3 1595 532 1053 0.030839
3 664 967 2121 0.026885
3 664 2121 1053 0.026387
3 664 1053 651 0.026084
3 768 1036 143 0.021066
3 280 1847 850 0.034435
3 143 850 1847 0.026541
3 1373 850 143 0.023492
3 906 1995 768 0.044736
3 906 768 1226 0.117980
3 1226 768 16 0.074429
3 1594 2160 1226 0.034513
3 281 1594 1334 0.021637
3 948 1329 738 0.000373
3 948 738 794 0.000372
3 1007 948 137 0.000305
3 137 575 1007 0.000378
3 137 948 1362 0.000251
3 1550 1789 1938 0.001062
3 1441 1550 1938 0.002095
3 1441 66 1519 0.003728
3 66 1441 1938 0.005569
3 512 755 587 0.008305
3 1793 1217 2125 0.002320
3 2125 1217 1957 0.002049
3 1957 1217 2101 0.000924
3 2090 293 898 0.001175
3 2090 898 524 0.001413
3 2090 1005 293 0.001509
3 2090 524 2117 0.002013
3 607 1243 723 0.003699
3 1038 1243 607 0.003674
3 594 1840 1966 0.026379
3 1592 278 1881 0.005047
3 278 700 1881 0.004325
3 2033 1966 278 0.013391
3 2033 278 1592 0.009762
3 1592 1881 2221 0.002774
3 1966 700 278 0.012866
3 861 1179 1678 0.000746
3 1678 1179 2054 0.001773
3 2054 1179 126 0.003742
3 697 1592 1931 0.004571
3 1931 1592 2221 0.003494
3 1931 2221 916 0.002026
3 1592 697 2033 0.006123
3 1087 1076 1248 0.000403
3 2221 1076 1087 0.000629
3 2053 1076 1201 0.000771
3 1201 1076 1520 0.001004
3 1918 2078 2231 0.012232
3 2231 2078 971 0.010910
3 1200 551 2059 0.032921
3 1200 2059 2161 0.037324
3 1188 1065 199 0.016032
3 1473 1065 1188 0.016017
3 1473 1188 705 0.015561
3 705 1188 1118 0.009340
3 717 992 907 0.009550
3 717 907 1740 0.009527
3 2064 907 875 0.016665
3 875 907 992 0.013219
3 1207 801 717 0.014853
3 801 1207 1730 0.015461
3 1740 1207 717 0.015551
3 992 717 801 0.013089
3 471 1730 1207 0.008811
3 574 1207 233 0.004461
3 233 1207 1740 0.013366
3 868 1958 963 0.008128
3 1740 963 233 0.011424
3 233 963 1958 0.006903
3 233 1958 574 0.002650
3 257 159 1637 0.052502
3 431 1157 2242 0.028174
3 2242 1157 1799 0.057963
3 1799 1157 1394 0.082923
3 846 1394 1157 0.160147
3 1967 1948 2035 0.409302
3 65 2241 1339 0.839732
3 65 1339 1374 0.868563
3 500 2118 2063 0.173825
3 500 2063 2189 0.440102
3 1878 500 2189 0.655038
3 333 1878 2189 0.797658
3 1039 464 843 0.833236
3 1985 2135 555 0.230738
3 2181 2249 595 0.028387
3 988 2249 1985 0.077196
3 1924 2181 595 0.032402
3 1924 595 1369 0.023651
3 1924 1369 539 0.027858
3 452 377 2156 0.003623
3 1543 2102 1152 0.014359
3 1987 1360 1571 0.041162
3 2121 1595 1053 0.039676
3 1939 1819 1169 0.023826
3 1169 1819 1987 0.040066
3 1987 1819 1360 0.046092
3 1767 1169 2121 0.025916
3 1767 2121 1988 0.018591
3 1991 89 833 0.013938
3 1991 833 1767 0.017077
3 1991 1767 1995 0.020029
3 906 1208 1991 0.042046
3 906 1991 1995 0.030828
3 2191 912 1208 0.096855
3 2191 1208 2160 0.079521
3 514 2179 908 0.000077
3 1131 908 2179 0.000030
3 1131 2179 585 0.000028
3 585 2179 1453 0.000039
3 1453 2179 1953 0.000066
3 448 1453 1329 0.000125
3 448 1329 1717 0.000186
3 1007 1212 826 0.000548
3 1550 644 826 0.000299
3 644 1550 1441 0.000587
3 1784 213 1796 0.005979
3 527 1784 1796 0.009010
3 1005 2125 1957 0.001342
3 1480 775 1005 0.004254
3 1480 1005 2090 0.001600
3 1480 2090 2117 0.002230
3 40 363 1840 0.032676
3 594 1263 40 0.044692
3 594 40 1840 0.047968
3 1055 363 40 0.042377
3 1931 1622 697 0.003857
3 2033 697 1518 0.010779
3 2033 1518 1669 0.017623
3 1518 697 1622 0.006608
3 1397 1622 1931 0.004016
3 1573 1931 916 0.002275
3 996 1573 844 0.003854
3 314 1535 1589 0.001305
3 357 314 1087 0.000400
3 1087 314 234 0.000460
3 996 424 1573 0.005024
3 1573 424 928 0.006197
3 1368 928 424 0.011601
3 1368 424 1183 0.011954
3 2010 1368 1675 0.024710
3 1675 1368 1183 0.015393
3 1534 1675 1183 0.010308
3 727 61 1869 0.022094
3 727 1869 1219 0.022769
3 1734 1200 2258 0.100258
3 1200 1734 2231 0.037328
3 371 2133 671 0.037086
3 371 1289 997 0.077731
3 1289 371 671 0.068993
3 1224 997 1289 0.062857
3 1224 1289 1775 0.098302
3 596 1224 1233 0.014155
3 1473 2229 1233 0.021695
3 130 2229 248 0.022800
3 309 857 248 0.030045
3 248 2229 309 0.029938
3 248 857 1825 0.057005
3 438 857 309 0.015627
3 566 1825 795 0.002416
3 1723 978 804 0.005648
3 804 978 1265 0.003310
3 804 1265 866 0.002718
3 804 866 809 0.001761
3 166 809 866 0.001282
3 574 471 1207 0.005828
3 572 1723 804 0.007169
3 572 804 1445 0.002827
3 1445 804 809 0.001697
3 1160 1958 1293 0.002257
3 1958 1160 1445 0.001282
3 1290 1445 1160 0.001131
3 1214 1637 1382 0.008208
3 2169 2025 2089 0.008989
3 1382 2089 2025 0.006951
3 1382 2025 1214 0.002532
3 816 840 2089 0.022531
3 1662 816 1629 0.008810
3 1120 1629 2089 0.013740
3 1120 2089 708 0.013620
3 2089 1629 816 0.013944
3 2190 1662 1629 0.014561
3 2190 1120 1524 0.019218
3 1629 1120 2190 0.010990
3 2099 2190 56 0.048105
3 56 2190 1524 0.037419
3 2243 323 2071 0.048920
3 2243 2071 43 0.033224
3 1965 2071 323 0.028865
3 1799 1144 1367 0.037457
3 1799 1367 2242 0.021715
3 124 658 865 0.225694
3 124 865 1813 0.165304
3 1729 444 1137 0.008045
3 80 444 865 0.051689
3 80 865 883 0.046889
3 865 444 1729 0.032411
3 1246 444 80 0.031480
3 1750 2063 2118 0.125335
3 75 1750 2118 0.062865
3 500 1878 2118 0.365759
3 584 1476 937 0.467691
3 1985 2249 2135 0.110794
3 2074 2249 1591 0.038886
3 1591 2249 200 0.018483
3 1752 2198 2181 0.019258
3 2198 1752 2194 0.010873
3 969 1644 2194 0.004798
3 969 2194 20 0.004336
3 969 20 1336 0.002669
3 615 969 1336 0.003162
3 173 1340 810 0.000536
3 663 1936 702 0.016485
3 663 702 891 0.014956
3 1896 1936 663 0.012483
3 347 1896 2206 0.010772
3 1896 347 123 0.010177
3 338 1281 1211 0.024524
3 1211 1281 528 0.070949
3 1751 338 1211 0.040650
3 687 1751 1211 0.060033
3 687 1211 2130 0.033083
3 2130 1211 1939 0.035990
3 1939 1211 528 0.060621
3 1939 528 1819 0.024206
3 1819 528 2206 0.030050
3 923 912 2191 0.069881
3 923 2191 2005 0.086320
3 186 2005 557 0.018002
3 557 2005 2140 0.001887
3 2140 2005 2191 0.011086
3 2140 2191 1710 0.008481
3 1641 618 2140 0.000069
3 955 1641 908 0.000012
3 1502 1667 1641 0.000004
3 1502 1641 955 0.000005
3 1502 955 113 0.000006
3 113 955 1131 0.000010
3 904 1770 2148 0.000023
3 1770 216 942 0.000043
3 942 216 96 0.000054
3 904 216 1770 0.000028
3 1112 2148 1770 0.000022
3 263 1770 1620 0.000129
3 527 1089 1784 0.007817
3 1784 1089 2212 0.006714
3 1784 2212 2082 0.002563
3 503 1935 1895 0.006271
3 783 696 251 0.003715
3 783 251 1480 0.003275
3 2014 696 783 0.007600
3 2014 783 2117 0.007981
3 1480 2117 783 0.004010
3 1480 251 2000 0.003346
3 1480 2000 775 0.003812
3 2000 251 696 0.002924
3 2205 767 696 0.006529
3 2205 696 2014 0.007325
3 2205 2014 1390 0.012220
3 1390 2014 2117 0.008041
3 1693 2205 1390 0.019847
3 1693 1390 1553 0.017128
3 1553 1390 716 0.023797
3 716 1390 2117 0.008644
3 692 1055 1626 0.084922
3 692 899 1055 0.073666
3 1071 453 692 0.038936
3 1772 1071 1626 0.024365
3 692 1626 1071 0.030193
3 1489 1772 871 0.047509
3 871 1772 999 0.047902
3 1170 1489 871 0.047989
3 957 1397 928 0.013568
3 1397 957 1170 0.018665
3 1573 928 1397 0.005675
3 1573 1397 1931 0.003102
3 1622 1397 1170 0.010386
3 1547 1611 957 0.032976
3 1368 1547 957 0.023585
3 1368 957 928 0.014855
3 863 2133 1129 0.054434
3 915 1335 863 0.035151
3 915 863 853 0.026413
3 915 853 1809 0.026987
3 1809 853 1709 0.014846
3 1709 853 1136 0.012954
3 1019 217 9 0.008365
3 9 217 596 0.007229
3 9 1825 1019 0.015594
3 1825 9 130 0.025632
3 566 633 1825 0.001442
3 597 1167 954 0.000938
3 638 981 163 0.001920
3 638 163 1290 0.001161
3 638 1290 1116 0.001262
3 1223 773 140 0.002013
3 773 1223 638 0.001945
3 773 638 1116 0.002439
3 2109 773 2025 0.007209
3 2109 2025 2169 0.010213
3 2025 773 1116 0.003605
3 1610 756 579 0.045169
3 1610 579 1358 0.039078
3 2073 1662 1392 0.013579
3 1890 1392 1662 0.016150
3 256 1554 2190 0.019641
3 256 2190 2099 0.046272
3 1643 1554 811 0.029898
3 2141 2243 1634 0.016088
3 1634 2243 813 0.023662
3 813 2243 43 0.019868
3 1630 1255 813 0.010798
3 171 1630 2071 0.009422
3 171 2071 1965 0.016233
3 2071 1630 813 0.010116
3 2242 1367 2072 0.018754
3 2242 2072 172 0.011203
3 2072 1802 598 0.116892
3 598 1802 2146 0.190804
3 2072 1367 1802 0.092398
3 2146 1802 589 0.291759
3 124 1813 589 0.247560
3 124 589 1802 0.337900
3 124 1802 658 0.292535
3 2146 589 1813 0.167593
3 1855 878 1751 0.018162
3 338 1751 878 0.014466
3 565 1855 2130 0.009746
3 2130 1855 687 0.012795
3 687 1855 1751 0.022797
3 2130 1527 565 0.008237
3 1527 1239 565 0.004282
3 565 1239 1855 0.012325
3 413 1239 1527 0.003993
3 939 413 1273 0.005216
3 1527 1273 413 0.003855
3 939 1273 1275 0.004113
3 1811 2184 939 0.014778
3 1811 920 1930 0.019423
3 939 920 1811 0.014175
3 2246 1969 602 0.006451
3 8 2246 602 0.004185
3 8 602 838 0.004631
3 838 602 1790 0.005663
3 1015 588 8 0.004690
3 1015 8 838 0.004915
3 1015 838 2217 0.005111
3 1109 1516 1551 0.001156
3 1731 2220 1661 0.000206
3 1692 186 1661 0.050449
3 610 1692 1661 0.117146
3 923 1692 1691 0.012574
3 1565 2148 1744 0.000010
3 2148 1565 904 0.000012
3 904 1565 113 0.000011
3 113 1565 1502 0.000006
3 1280 721 1112 0.000213
3 1770 1280 1112 0.000074
3 1280 1770 2097 0.000200
3 2199 1461 492 0.012602
3 492 1461 2097 0.003985
3 2199 1411 1461 0.007381
3 1411 2199 1370 0.008679
3 2122 2199 1168 0.013945
3 2199 2122 232 0.009613
3 2199 232 1370 0.010476
3 1012 91 852 0.007879
3 2000 767 1679 0.007303
3 2000 1679 1935 0.006050
3 2000 1935 503 0.005714
3 1012 1935 1679 0.008201
3 1012 882 91 0.004790
3 882 1012 985 0.004024
3 985 1679 1676 0.003185
3 1676 1679 1306 0.002891
3 1679 985 1012 0.006264
3 1676 1306 135 0.002454
3 1210 1230 1693 0.015760
3 1210 1693 1024 0.017869
3 712 2211 2208 0.067275
3 1071 1557 2170 0.036024
3 1071 2170 2211 0.030337
3 915 1557 2172 0.026070
3 1547 1749 1611 0.041061
3 276 938 2003 0.038118
3 276 2003 600 0.056861
3 600 2003 896 0.053872
3 896 2003 1753 0.042567
3 938 2197 2003 0.029617
3 1753 2003 2228 0.044875
3 2228 2003 2197 0.048392
3 1663 2209 553 0.019741
3 2228 2197 99 0.032076
3 2197 1663 99 0.015425
3 99 1663 2228 0.027375
3 1663 553 2228 0.028745
3 1466 2228 553 0.033869
3 1663 2197 518 0.009312
3 922 2209 1663 0.016365
3 2232 922 1663 0.020569
3 2232 1663 1511 0.013135
3 2046 1511 518 0.007824
3 518 1511 1663 0.011719
3 730 2047 2232 0.018678
3 1944 1850 1597 0.002933
3 1944 1597 621 0.002361
3 1946 621 423 0.001309
3 423 621 1597 0.002034
3 1128 423 1597 0.000924
3 423 432 1875 0.001199
3 432 423 1128 0.001019
3 1946 423 1875 0.001505
3 1882 2109 2169 0.027039
3 756 1393 579 0.038983
3 1708 318 944 0.006295
3 944 318 1392 0.007596
3 2093 2073 1392 0.009373
3 2093 1392 318 0.006280
3 2093 318 1575 0.005325
3 1575 318 1708 0.003828
3 1865 1708 2162 0.009226
3 2162 1708 944 0.012199
3 496 1865 2162 0.010933
3 2175 496 2162 0.012112
3 425 1702 860 0.013005
3 860 1702 1443 0.012408
3 860 1443 1556 0.013762
3 1579 2141 1634 0.014287
3 35 1579 726 0.021888
3 726 1579 2184 0.025713
3 2184 1579 1634 0.057632
3 1930 726 1811 0.011836
3 67 726 917 0.009319
3 2247 1761 917 0.009784
3 917 1761 67 0.012175
3 1325 854 433 0.007782
3 1325 433 926 0.002045
3 2012 231 1015 0.103262
3 1021 2012 766 0.092982
3 1636 291 2116 0.000147
3 1109 2116 291 0.000343
3 1109 291 1516 0.001528
3 2116 1109 1551 0.000081
3 2116 1551 1231 0.000061
3 742 1636 2116 0.000098
3 742 2116 319 0.000033
3 1145 742 552 0.000043
3 839 1636 742 0.000169
3 839 742 1145 0.000223
3 552 742 319 0.000023
3 337 1145 73 0.000069
3 73 1145 552 0.000044
3 1580 79 73 0.000068
3 1580 73 2215 0.000048
3 1580 2215 2238 0.000018
3 552 2215 73 0.000018
3 1565 1744 764 0.000005
3 1565 764 1502 0.000006
3 1502 764 1667 0.000004
3 1667 764 1867 0.000002
3 1491 2149 1124 0.000260
3 95 1943 44 0.001670
3 95 44 1190 0.002578
3 95 1190 2076 0.004066
3 1190 44 796 0.002722
3 1411 1370 1190 0.007218
3 1411 1190 38 0.003047
3 778 1923 2076 0.004967
3 2076 1923 95 0.003151
3 1433 778 2076 0.011170
3 2052 1146 1582 0.013124
3 58 1864 1582 0.008797
3 58 1582 882 0.007252
3 882 1582 737 0.007085
3 1582 1864 2052 0.011728
3 946 1485 58 0.009881
3 946 58 985 0.003646
3 882 985 58 0.004962
3 1757 1485 946 0.014374
3 1757 946 1560 0.005882
3 1560 946 1676 0.003919
3 1685 911 1274 0.122485
3 1685 1274 1925 0.133535
3 1274 911 60 0.140575
3 1274 712 2208 0.161757
3 1925 1274 2208 0.124998
3 60 712 1274 0.109536
3 2228 1466 1753 0.058499
3 1753 1466 2208 0.083579
3 2208 1466 1925 0.069490
3 1481 553 2209 0.026367
3 1466 553 1481 0.038190
3 1842 1685 964 0.083523
3 964 1685 1684 0.059172
3 1567 2209 922 0.030524
3 1706 2132 1567 0.026211
3 2047 1706 1567 0.011232
3 2047 1567 2232 0.024012
3 568 1960 1944 0.006051
3 621 568 1944 0.003171
3 1960 568 534 0.004055
3 529 1928 1776 0.004716
3 1776 1928 1284 0.009450
3 2093 1575 1776 0.008074
3 617 529 1908 0.001766
3 72 468 2154 0.009333
3 384 1865 496 0.017617
3 384 496 2175 0.010871
3 1501 1892 1464 0.004699
3 1501 1464 993 0.011007
3 1125 1764 1464 0.018727
3 1429 7 1689 0.019149
3 7 1429 1761 0.025821
3 1761 1429 1139 0.019434
3 2247 7 1761 0.007777
3 2247 1619 2254 0.010091
3 674 725 542 0.008492
3 1604 218 1621 0.004064
3 1787 2084 1598 0.012449
3 2007 2084 1874 0.016605
3 1783 642 1795 0.002919
3 642 1783 1021 0.004925
3 1021 1783 2012 0.024555
3 1962 1127 1795 0.002208
3 1962 1795 1181 0.002237
3 1852 23 837 0.000380
3 1580 781 79 0.000071
3 614 1187 1824 0.000507
3 590 1187 614 0.000961
3 1943 614 1824 0.000369
3 590 614 1907 0.001285
3 743 1327 590 0.003660
3 1102 1327 743 0.006074
3 1907 743 590 0.002418
3 561 590 1327 0.002870
3 1917 743 1923 0.005437
3 1805 1102 1917 0.026263
3 1917 1923 5 0.006918
3 1907 1923 743 0.002593
3 1102 743 1917 0.009073
3 2022 784 876 0.088382
3 6 2022 2226 0.094514
3 6 2226 1523 0.048331
3 2022 734 1933 0.127196
3 6 1523 734 0.064957
3 6 734 2022 0.093274
3 685 1506 734 0.080779
3 685 734 1523 0.106340
3 625 1506 685 0.027928
3 973 625 685 0.030586
3 973 685 1523 0.074367
3 973 1523 1602 0.053551
3 1800 625 973 0.017399
3 2052 1800 973 0.048200
3 2052 973 1602 0.052924
3 1191 1344 1800 0.023364
3 1191 2124 102 0.031727
3 1830 1757 1560 0.018889
3 2124 1757 1830 0.047708
3 2124 1830 1720 0.036501
3 1842 412 1685 0.046218
3 150 2224 1642 0.015905
3 1642 2224 1315 0.015105
3 1842 2224 1488 0.053228
3 1488 2224 150 0.029051
3 1488 150 1521 0.038513
3 1842 964 2224 0.053879
3 2224 964 1684 0.029504
3 2224 1684 1315 0.027260
3 924 1521 150 0.028217
3 924 150 1642 0.017891
3 1517 924 1642 0.013865
3 760 1517 2177 0.018761
3 2177 1517 785 0.014448
3 1541 129 1366 0.027202
3 1366 129 1267 0.017451
3 1405 900 635 0.004931
3 292 1405 635 0.003520
3 995 1405 1408 0.003396
3 1832 1408 1960 0.005895
3 1405 1960 1408 0.004767
3 1257 191 1408 0.005557
3 373 1257 1408 0.006720
3 373 1408 1832 0.009832
3 1408 191 995 0.004648
3 832 1350 873 0.002189
3 873 1350 1257 0.004035
3 1483 2235 37 0.005703
3 1343 1559 37 0.006362
3 1139 1429 1125 0.028370
3 1139 1125 1702 0.018961
3 1042 1559 1318 0.007151
3 1288 1318 1197 0.008951
3 2007 1318 1288 0.008628
3 2007 1288 2084 0.007611
3 485 1318 2007 0.006109
3 1947 194 351 0.002417
3 1947 351 381 0.002332
3 351 194 1459 0.002695
3 1459 194 1204 0.002027
3 274 1387 1044 0.001483
3 274 1044 1209 0.001499
3 328 274 1962 0.001697
3 1569 2250 328 0.001416
3 1569 328 1962 0.001942
3 1962 274 497 0.001221
3 497 274 1209 0.001293
3 1387 274 328 0.001830
3 1387 328 2250 0.002320
3 1181 2058 1962 0.001279
3 1569 1962 2058 0.001353
3 1962 497 1127 0.001729
3 1127 497 1841 0.001877
3 1902 2058 1584 0.000227
3 1584 2058 1852 0.000266
3 1258 1646 1827 0.000449
3 1827 1646 667 0.000189
3 667 1646 1902 0.000160
3 667 2032 1827 0.000282
3 459 1648 1319 0.000675
3 787 1827 798 0.002005
3 798 1827 678 0.002151
3 798 678 616 0.011095
3 2032 678 1827 0.001364
3 1703 798 515 0.006322
3 1703 515 482 0.006520
3 1786 1613 1614 0.169487
3 1357 1786 1614 0.171148
3 158 1185 2016 0.028416
3 689 1568 210 0.012494
3 2124 1720 706 0.015647
3 665 391 1437 0.022692
3 665 1437 2088 0.020929
3 2050 2088 1437 0.021123
3 2088 127 516 0.018785
3 127 1366 430 0.011913
3 1366 127 2088 0.021343
3 859 1755 175 0.009684
3 175 1755 1978 0.011594
3 50 1420 1755 0.002427
3 50 1755 2183 0.002152
3 398 779 1797 0.001105
3 694 2031 398 0.002447
3 694 398 1059 0.002607
3 1059 398 1797 0.001745
3 779 398 2031 0.001385
3 521 745 694 0.002407
3 521 694 1932 0.002495
3 688 521 1932 0.003664
3 688 1932 2152 0.003495
3 2152 1932 873 0.002576
3 873 1932 1059 0.002218
3 1277 521 1501 0.006645
3 1501 521 688 0.004844
3 1501 688 1892 0.003773
3 774 1424 1483 0.002132
3 1947 1173 1424 0.001332
3 194 1947 1424 0.001850
3 194 1424 1204 0.003501
3 1178 1173 1947 0.001005
3 1178 1947 1528 0.001322
3 1528 1947 2030 0.001399
3 301 2030 1494 0.002432
3 1569 1854 2250 0.001644
3 1736 1083 533 0.007577
3 1736 1961 1083 0.006842
3 1961 1727 1378 0.006522
3 1961 1378 1083 0.008392
3 450 1727 297 0.006330
3 1727 1542 297 0.006527
3 2127 266 1496 0.016604
3 1496 2204 719 0.064705
3 297 2204 1496 0.016340
3 297 1496 266 0.010908
3 2127 1496 1067 0.021638
3 1067 1496 719 0.046826
3 1396 1903 1891 0.036799
3 2050 847 933 0.009435
3 847 2050 86 0.011376
3 86 2050 436 0.011580
3 436 2050 1437 0.014172
3 2218 1616 1420 0.006977
3 1572 2218 1178 0.002798
3 1572 1178 1528 0.001607
3 2001 1616 1080 0.015832
3 1528 1494 1080 0.007221
3 1528 301 1494 0.004392
3 533 1977 748 0.009145
3 533 748 1229 0.005313
3 2070 480 1092 0.000734
3 1515 2001 1986 0.034385
3 862 2127 1203 0.023997
3 1067 1203 2127 0.022741
3 1616 2001 1515 0.015248
3 2145 276 600 0.029328
3 2145 600 2170 0.034702
3 2145 2170 1557 0.041454
3 2170 600 896 0.056495
3 1137 1244 1729 0.006229
3 2227 895 1615 0.003493
3 2081 2227 576 0.057887
3 269 2227 2081 0.034156
3 2074 311 2081 0.026248
3 2074 2081 75 0.053385
3 986 2151 615 0.002826
3 1576 1337 1638 0.000474
3 1375 1135 695 0.150861
3 1375 695 1601 0.137167
3 695 1135 1826 0.139746
3 1010 1220 1916 0.991300
3 1010 1916 1278 0.993957
3 1278 1916 763 0.993605
3 1278 763 2168 0.995731
3 1490 559 682 0.008345
3 1760 120 1858 0.005537
3 120 1760 2112 0.005580
3 1665 2119 1900 0.021340
3 1712 1435 220 0.194656
3 1712 220 945 0.293866
3 1034 1469 1435 0.475995
3 945 220 1377 0.160204
3 1469 1241 1377 0.285022
3 1469 1377 1435 0.292948
3 220 1435 1377 0.236006
3 1712 945 2079 0.310844
3 1034 1435 1712 0.442141
3 1377 1241 945 0.171020
3 1341 2165 1724 0.621431
3 1341 408 1546 0.942821
3 1341 1546 2233 0.848582
3 310 441 1240 0.909812
3 1240 2202 0 0.975269
3 1240 0 310 0.933288
3 310 0 2043 0.945521
3 441 310 1653 0.788294
3 2021 1888 733 0.006895
3 55 1888 680 0.018651
3 1839 118 1934 0.495901
3 1823 1839 1241 0.404690
3 1385 903 1762 0.487208
3 1762 903 1381 0.456680
3 90 1762 740 0.625141
3 740 1762 2233 0.732939
3 1762 90 1385 0.625930
3 940 1843 2134 0.988302
3 10 2202 977 0.993606
3 968 10 640 0.994924
3 1843 968 640 0.994758
3 968 1843 167 0.988627
3 1546 167 940 0.971272
3 1843 640 672 0.996146
3 1843 672 2134 0.992627
3 2202 968 1256 0.989853
3 1256 968 167 0.987755
3 1256 167 1546 0.979265
3 1713 1741 2202 0.989508
3 1697 418 401 0.883533
3 1659 1898 1697 0.164122
3 1196 1697 1898 0.172278
3 1983 1697 1196 0.641807
3 2193 1983 1196 0.648499
3 1164 330 2021 0.008452
3 330 1164 1196 0.028391
3 330 1898 2021 0.014836
3 1196 1164 2193 0.079729
3 2193 1164 1095 0.036681
3 753 547 1228 0.009592
3 753 1228 1721 0.026601
3 2159 282 547 0.003670
3 18 713 1544 0.001576
3 470 1285 713 0.004500
3 1544 713 1285 0.003549
3 713 18 282 0.001601
3 733 2042 376 0.002877
3 2042 1 376 0.002147
3 376 1 1033 0.003864
3 376 1033 733 0.003507
3 265 451 680 0.010323
3 265 680 1447 0.030016
3 1447 405 265 0.024963
3 265 405 1904 0.007133
3 265 1904 451 0.004689
3 451 1904 2042 0.003568
3 1861 812 1777 0.231609
3 1971 1351 1876 0.007780
3 1971 1876 1777 0.029689
3 1174 212 762 0.012484
3 1174 789 491 0.014050
3 1174 491 212 0.011285
3 789 2139 2009 0.033681
3 1940 491 782 0.005438
3 874 2139 103 0.218695
3 2139 874 1031 0.183865
3 1815 893 21 0.832272
3 21 893 1585 0.689133
3 893 829 1585 0.665428
3 48 1815 2134 0.976783
3 1804 623 672 0.997886
3 1804 672 640 0.998122
3 1276 1221 335 0.404186
3 1221 374 335 0.385748
3 335 374 754 0.624706
3 2013 1276 335 0.524166
3 1228 1426 324 0.002503
3 1228 324 531 0.006028
3 449 858 914 0.000945
3 1821 858 449 0.001007
3 914 910 1395 0.001041
3 914 1395 449 0.001280
3 449 1236 1821 0.000795
3 858 1821 105 0.000742
3 411 225 1363 0.000969
3 1206 1363 364 0.003368
3 902 1206 364 0.003403
3 1363 1416 364 0.001265
3 225 1353 1416 0.000658
3 1363 225 1416 0.000839
3 364 1416 1236 0.001024
3 1416 1353 1821 0.000714
3 1416 1821 1236 0.001134
3 1236 902 364 0.001314
3 902 2128 1206 0.004251
3 1363 1206 411 0.003086
3 411 1206 1779 0.001333
3 1779 1206 2128 0.002568
3 821 411 1779 0.000313
3 411 821 225 0.000487
3 225 821 1353 0.000466
3 1777 520 1861 0.086500
3 1876 1351 1940 0.010472
3 782 253 1940 0.007212
3 1940 253 1876 0.006644
3 1876 253 146 0.013586
3 491 2009 782 0.007968
3 1077 841 1298 0.033386
3 1077 1298 2085 0.021824
3 1077 2259 841 0.015648
3 2257 1404 2019 0.345292
3 2019 1801 2185 0.060047
3 1801 2019 1746 0.097168
3 1746 2019 177 0.146465
3 177 1404 1951 0.332507
3 1815 1000 156 0.907219
3 156 440 1552 0.831286
3 440 156 1000 0.857009
3 1142 1283 1398 0.945543
3 1398 2060 1142 0.902447
3 1142 790 1283 0.979387
3 870 1283 790 0.988095
3 1810 684 370 0.986918
3 370 1778 1810 0.985580
3 1810 1778 1143 0.992452
3 1999 214 636 0.991912
3 1999 961 732 0.991948
3 1999 732 214 0.993645
3 732 961 1078 0.994162
3 732 1780 214 0.992211
3 214 1780 673 0.992519
3 214 673 1134 0.989861
3 214 1134 636 0.988038
3 168 1401 636 0.994069
3 2029 1401 168 0.994898
3 183 1780 732 0.993967
3 183 732 1078 0.994626
3 1078 285 183 0.989832
3 183 285 1788 0.993503
3 1788 1780 183 0.993625
3 2166 427 2024 0.902614
3 2166 41 427 0.955038
3 2024 606 2166 0.984384
3 890 2115 569 0.000169
3 181 443 2115 0.000170
3 2115 443 1747 0.000123
3 1747 443 758 0.000081
3 348 1574 758 0.000059
3 758 1574 1747 0.000044
3 1182 348 2056 0.000045
3 731 348 1182 0.000043
3 611 1400 821 0.000199
3 821 1400 918 0.000164
3 2041 1194 550 0.000800
3 286 409 1186 0.002157
3 409 286 270 0.002276
3 1301 403 879 0.019494
3 1905 81 1492 0.027060
3 1388 1314 935 0.024890
3 2004 599 1583 0.037257
3 1633 2004 1309 0.023315
3 1633 1309 517 0.010779
3 799 619 1472 0.036370
3 1472 619 1355 0.035097
3 629 2017 1176 0.014645
3 294 1176 1308 0.014094
3 294 2259 1176 0.009080
3 1176 921 629 0.011845
3 2017 1308 1176 0.022215
3 1308 2017 619 0.054159
3 2259 2085 921 0.020993
3 1976 385 1061 0.032578
3 1061 385 2234 0.025956
3 2234 385 647 0.039327
3 1722 855 1733 0.211502
3 1722 1733 608 0.209823
3 2234 1733 855 0.061679
3 1198 913 14 0.363971
3 913 1570 14 0.526204
3 14 2060 1198 0.700474
3 1198 2060 2192 0.674692
3 456 1198 1835 0.389474
3 1198 456 1812 0.403621
3 1198 1812 913 0.256566
3 1398 655 2192 0.833226
3 370 684 1307 0.847100
3 1791 148 1803 0.994362
3 980 168 1134 0.991004
3 980 1134 673 0.990923
3 168 980 2029 0.993215
3 606 1975 887 0.984673
3 1763 1970 668 0.742787
3 1887 355 931 0.005008
3 931 355 2103 0.081361
3 848 681 259 0.000051
3 681 1302 259 0.000049
3 259 1302 2115 0.000034
3 1747 259 2115 0.000039
3 259 1747 848 0.000034
3 1574 731 1994 0.000052
3 1574 1994 848 0.000063
3 848 1994 681 0.000144
3 681 1994 509 0.000093
3 509 1994 1391 0.000130
3 1994 731 772 0.000053
3 1994 772 806 0.000083
3 1994 806 1391 0.000171
3 2038 2174 2020 0.000161
3 2137 2248 856 0.000586
3 2248 1831 536 0.001167
3 325 591 350 0.009776
3 350 707 661 0.006844
3 350 92 707 0.008414
3 92 350 591 0.012525
3 270 1862 1279 0.004419
3 1365 1111 1915 0.004803
3 935 2219 1388 0.022456
3 1388 2219 693 0.009975
3 1388 693 2240 0.012838
3 1406 693 2219 0.008542
3 1406 2219 752 0.009735
3 1760 752 481 0.004581
3 2219 935 1107 0.036041
3 1633 1555 1470 0.003617
3 1633 577 122 0.006950
3 122 577 599 0.009326
3 577 1633 1470 0.003958
3 295 2138 1532 0.002474
3 1417 1348 517 0.014432
3 1417 1838 1062 0.018435
3 290 1062 1838 0.017776
3 1062 290 2188 0.037638
3 306 93 2119 0.015864
3 2037 93 1838 0.020858
3 93 306 1838 0.015700
3 1048 1311 352 0.021446
3 352 1311 1900 0.026944
3 1355 1048 352 0.022973
3 1410 1054 1467 0.008666
3 1467 1054 125 0.010643
3 1054 367 125 0.011258
3 855 1722 188 0.119970
3 855 188 2234 0.040760
3 1681 2234 188 0.026132
3 1681 188 134 0.041227
3 134 188 2068 0.072081
3 2068 188 1722 0.080111
3 1812 456 788 0.300288
3 1057 1432 1726 0.043465
3 1199 1657 1057 0.049386
3 1432 1057 1657 0.094596
3 1609 415 1929 0.782582
3 415 1020 2142 0.439526
3 1803 652 2200 0.996917
3 1477 668 1885 0.737792
3 1639 668 1477 0.810987
3 475 1471 268 0.360632
3 268 1471 1970 0.511343
3 268 1970 1763 0.505951
3 1471 475 729 0.285583
3 1471 729 1782 0.334997
3 1782 1970 1471 0.637127
3 751 869 474 0.000143
3 820 573 474 0.000236
3 820 474 2062 0.000189
3 2062 474 869 0.000172
3 392 460 2083 0.003301
3 460 392 2164 0.004442
3 460 2223 2083 0.000989
3 802 2113 962 0.000571
3 331 2083 802 0.000783
3 802 2083 77 0.000864
3 77 2083 2223 0.000873
3 715 2164 392 0.006349
3 2230 2164 715 0.007899
3 1979 2113 802 0.001695
3 976 1195 1189 0.002045
3 707 92 2026 0.006493
3 707 1262 1047 0.004649
3 1732 1605 267 0.006464
3 1605 1509 1060 0.012475
3 1605 1060 267 0.005267
3 267 321 1732 0.004337
3 195 507 321 0.005371
3 195 1060 2065 0.009717
3 195 2065 507 0.007001
3 538 682 1514 0.005612
3 1514 682 1530 0.006171
3 1530 682 559 0.009095
3 1269 1529 2138 0.003713
3 1269 2138 2112 0.007997
3 487 1081 2219 0.004962
3 1081 481 752 0.005402
3 1081 752 2219 0.005891
3 307 577 1529 0.002454
3 1529 577 1470 0.002621
3 662 1470 1555 0.002323
3 1470 662 1529 0.002495
3 1529 1138 307 0.003315
3 1529 662 2138 0.003631
3 262 1612 136 0.008122
3 136 1530 262 0.013174
3 262 1530 559 0.011199
3 136 1612 2239 0.014341
3 447 1664 494 0.016122
3 1955 494 1664 0.011106
3 1600 378 803 0.045631
3 803 378 447 0.025469
3 447 378 1664 0.014645
3 1403 1765 2171 0.086632
3 1765 437 1121 0.076850
3 1003 437 605 0.030082
3 1658 128 2111 0.059260
3 2111 128 1292 0.048161
3 1292 128 372 0.046666
3 128 2173 372 0.041171
3 1658 2173 128 0.062430
3 375 1449 1997 0.125636
3 1997 68 1726 0.127263
3 1997 1726 375 0.122720
3 375 1726 1432 0.139558
3 375 1432 39 0.258270
3 1171 1450 845 0.865735
3 1450 1171 1883 0.929078
3 1450 1883 1099 0.963041
3 1564 1913 1952 0.987147
3 1913 1564 504 0.991653
3 1913 504 1593 0.992889
3 1916 1462 155 0.991258
3 546 1462 1916 0.984086
3 1477 506 864 0.746060
3 959 1880 989 0.000808
3 1110 1222 869 0.000229
3 820 2062 1743 0.000237
3 2062 1205 1743 0.000180
3 1743 1205 932 0.000268
3 1349 83 1014 0.000914
3 1110 1349 1014 0.000754
3 2230 648 1458 0.004388
3 1177 1458 648 0.003955
3 2230 22 331 0.003657
3 2230 331 2 0.002740
3 22 2230 715 0.007652
3 22 715 2083 0.003834
3 22 2083 331 0.002870
3 2 331 962 0.001073
3 982 1484 299 0.001376
3 982 299 1338 0.001000
3 1338 299 962 0.000646
3 2108 679 1756 0.004955
3 1756 952 101 0.003175
3 1942 101 952 0.001093
3 1651 63 71 0.004055
3 1651 71 1968 0.004105
3 1695 1968 2110 0.002490
3 1968 71 1586 0.002743
3 1122 1101 1430 0.005914
3 1430 941 1122 0.004876
3 458 1321 112 0.005839
3 109 1596 336 0.024604
3 336 2239 109 0.015958
3 2236 139 2136 0.009899
3 2106 2136 139 0.016796
3 1166 564 2106 0.031046
3 13 563 835 0.009311
3 13 835 1879 0.006858
3 1879 835 654 0.007139
3 704 2111 13 0.019625
3 13 2111 563 0.019786
3 372 1919 1088 0.037973
3 372 1088 1292 0.040781
3 2111 1292 563 0.038647
3 1251 1949 1919 0.039825
3 2036 1919 1949 0.082639
3 473 1250 1980 0.056015
3 473 1980 1984 0.052572
3 473 1984 1906 0.037311
3 1725 1700 454 0.191040
3 454 1700 1980 0.145715
3 1450 718 845 0.945583
3 1287 718 204 0.944089
3 718 1099 204 0.975664
3 1716 582 1666 0.980178
3 1952 927 1423 0.963845
3 1952 1423 1666 0.969255
3 1818 1442 927 0.979039
3 2251 1578 2252 0.991744
3 819 342 1100 0.957129
3 819 389 342 0.938896
3 342 389 736 0.896853
3 389 819 571 0.960367
3 2069 543 746 0.759375
3 115 746 543 0.609216
3 2157 2195 1748 0.192449
3 1238 1954 2051 0.018182
3 1130 1261 206 0.009069
3 1130 206 1460 0.005181
3 1460 2051 1192 0.007880
3 1192 771 1460 0.002670
3 771 1130 1460 0.002763
3 1261 1130 98 0.010431
3 1261 1254 206 0.011595
3 206 1254 1460 0.009228
3 1254 1261 1766 0.013990
3 305 1743 932 0.000241
3 1028 1576 834 0.001034
3 1051 1028 1161 0.000601
3 951 1051 1161 0.000417
3 951 1161 345 0.000367
3 345 1161 2092 0.000366
3 1576 1028 169 0.001022
3 169 1028 1051 0.001002
3 1051 2126 1337 0.000471
3 1051 1337 169 0.000782
3 169 1337 1576 0.000886
3 1222 1205 2062 0.000231
3 1222 1638 1337 0.000305
3 1222 1337 1205 0.000335
3 147 2092 1161 0.000525
3 147 834 2216 0.000775
3 147 2216 2092 0.000580
3 2091 446 121 0.001357
3 676 1857 1345 0.000746
3 2201 1399 1853 0.003628
3 1115 1853 1399 0.002946
3 2094 1333 2080 0.000670
3 1333 2101 2080 0.000684
3 1696 1942 1678 0.001239
3 880 2187 46 0.003707
3 1968 46 2187 0.004627
3 46 1968 1586 0.002195
3 1586 1074 666 0.001525
3 666 1074 356 0.001804
3 1074 71 941 0.003686
3 1937 1126 1974 0.003381
3 1937 1690 1126 0.001947
3 1011 108 340 0.006105
3 1972 1011 340 0.007190
3 1673 228 1011 0.004816
3 108 1011 228 0.003958
3 1737 556 49 0.008508
3 836 502 53 0.046929
3 836 53 1737 0.016547
3 1456 27 1451 0.010620
3 1451 27 1106 0.010879
3 1624 417 1148 0.005238
3 1148 417 1215 0.003549
3 1215 417 2150 0.005289
3 1807 1148 1215 0.004676
3 1088 1103 1292 0.033913
3 252 1103 1088 0.014643
3 1919 2036 1785 0.078493
3 184 1317 1304 0.005460
3 184 1304 849 0.010780
3 184 1836 33 0.013583
3 1317 184 33 0.009941
3 1317 33 476 0.011941
3 184 849 1836 0.019337
3 33 1836 1347 0.020277
3 33 1347 2028 0.026875
3 33 2028 476 0.024743
3 1304 1317 1618 0.006174
3 1446 1304 1618 0.013544
3 1446 1045 849 0.030413
3 849 1045 1836 0.044706
3 1836 1323 1347 0.058726
3 749 1323 1836 0.085049
3 749 1836 1045 0.092502
3 2147 1389 1027 0.060194
3 1816 208 1075 0.530350
3 209 1237 334 0.547168
3 208 209 334 0.537514
3 208 334 1075 0.621921
3 208 1816 298 0.380945
3 208 298 209 0.421805
3 209 298 1237 0.373853
3 334 1237 165 0.589259
3 334 165 1075 0.566134
3 429 365 1816 0.384915
3 2129 1590 894 0.089680
3 894 1590 889 0.127471
3 499 116 994 0.614351
3 994 1941 499 0.638580
3 1104 116 499 0.509829
3 1425 1043 1866 0.913873
3 2006 1253 1967 0.898428
3 2006 1967 867 0.788222
3 1184 1158 1030 0.960742
3 1897 819 1100 0.975529
3 1897 1100 445 0.972806
3 1652 445 1100 0.952770
3 843 1992 1427 0.860528
3 1707 1041 1427 0.609298
3 402 1964 1674 0.134363
3 714 1964 1227 0.123740
3 1227 1964 402 0.188503
3 1901 2087 2155 0.053421
3 1901 1153 2087 0.042652
3 237 888 1745 0.006012
3 235 1745 1422 0.002609
3 235 1422 1901 0.005106
3 1009 1926 1422 0.001656
3 1009 1422 1745 0.001787
3 3 1009 1745 0.003408
3 3 1745 2061 0.006912
3 1147 1454 881 0.013535
3 1096 1147 881 0.016669
3 1454 759 236 0.007056
3 1454 236 881 0.006822
3 1036 1988 1373 0.016752
3 1036 1373 143 0.013444
3 1988 967 1373 0.024230
3 1334 1847 70 0.042447
3 1334 1226 16 0.073680
3 1334 16 1847 0.063172
3 1640 70 1847 0.032906
3 794 2018 289 0.000557
3 794 289 1362 0.000257
3 289 2018 1768 0.000713
3 320 407 2143 0.000122
3 951 345 1383 0.000246
3 1383 345 2143 0.000220
3 114 587 1938 0.003654
3 2101 1052 88 0.000864
3 88 1052 1115 0.001827
3 1115 1052 1833 0.002044
3 1333 898 2101 0.000528
3 2054 126 607 0.004325
3 607 126 1038 0.003743
3 126 700 1038 0.008058
3 1038 700 1840 0.016895
3 170 1881 1179 0.001477
3 1520 229 170 0.000820
3 170 229 1881 0.000995
3 229 2221 1881 0.001199
3 2221 229 1520 0.000861
3 2053 1201 1090 0.001855
3 1090 1586 2053 0.001455
3 1586 666 2053 0.001911
3 1690 1937 710 0.000951
3 356 1690 710 0.001234
3 356 710 1507 0.000699
3 394 428 535 0.003862
3 1671 1668 1359 0.009467
3 1668 1534 1359 0.009632
3 241 2059 971 0.009227
3 241 971 2078 0.008797
3 241 2078 1216 0.006288
3 1216 1660 241 0.007354
3 241 1660 2059 0.009886
3 1216 1972 1660 0.005399
3 1418 956 2161 0.032500
3 1623 1418 2161 0.038203
3 1218 202 368 0.078689
3 202 966 368 0.050946
3 368 1188 1218 0.027496
3 1218 52 202 0.135547
3 202 52 346 0.379002
3 202 346 966 0.160800
3 505 991 1118 0.006815
3 1118 991 691 0.006657
3 991 119 1672 0.014627
3 1807 119 1148 0.008671
3 1148 119 991 0.015328
3 1148 991 505 0.006346
3 991 1672 691 0.017631
3 2040 1785 2036 0.044437
3 1561 2040 2036 0.056909
3 1513 1305 1672 0.010253
3 1294 1672 1305 0.015290
3 1672 1294 691 0.012652
3 1533 963 1740 0.025836
3 455 2114 1654 0.038269
3 455 1654 963 0.041938
3 1631 159 1654 0.053643
3 943 159 1631 0.088900
3 1495 1645 383 0.191960
3 1495 383 943 0.201931
3 1050 846 360 0.183017
3 360 179 1050 0.286216
3 2035 846 1050 0.233079
3 1423 990 1866 0.886723
3 2241 1886 1394 0.249704
3 1799 1394 62 0.023797
3 1886 62 1394 0.030962
3 1354 1374 2049 0.769464
3 650 1438 333 0.860357
3 1992 1438 1525 0.875318
3 2096 1438 1992 0.916899
3 2096 1992 464 0.922724
3 464 1992 843 0.906501
3 479 207 1039 0.825108
3 479 892 207 0.804098
3 207 822 1039 0.926709
3 892 479 1068 0.669362
3 1041 555 1068 0.543449
3 2087 1153 539 0.041775
3 1421 2155 237 0.021722
3 1421 237 1745 0.009178
3 1421 1745 235 0.006941
3 1421 235 1901 0.009174
3 936 1522 490 0.018009
3 1153 936 490 0.023461
3 1153 490 1924 0.022190
3 1926 236 12 0.003232
3 12 1140 59 0.004084
3 1140 12 236 0.004524
3 2102 1543 1571 0.024304
3 386 2102 1571 0.018880
3 386 1571 1360 0.030765
3 386 1360 1316 0.031187
3 560 426 419 0.000535
3 560 419 593 0.000536
3 419 426 1594 0.005517
3 426 560 1682 0.000559
3 281 1334 1606 0.005736
3 1334 2018 1606 0.004698
3 738 1953 593 0.000285
3 593 1953 560 0.000176
3 560 2179 1682 0.000142
3 2244 2091 1845 0.000767
3 1845 2091 1718 0.001173
3 1845 1718 1212 0.001270
3 1718 121 1938 0.002323
3 1789 1212 1718 0.001416
3 1789 1718 1938 0.001034
3 1082 213 1519 0.003362
3 213 1082 1796 0.007916
3 1793 1899 897 0.008737
3 1899 1796 1082 0.010838
3 1899 1082 897 0.010397
3 897 1082 755 0.008848
3 1793 897 1217 0.003787
3 1243 1705 2117 0.003486
3 2033 1669 594 0.027479
3 594 1669 1263 0.038284
3 250 844 916 0.002177
3 2221 250 916 0.001575
3 1589 844 250 0.001997
3 1589 250 234 0.001613
3 234 250 1087 0.000634
3 1242 1937 1993 0.001069
3 1242 1535 357 0.000589
3 357 710 1242 0.000396
3 1242 710 1937 0.000490
3 1534 603 535 0.006682
3 535 603 394 0.005234
3 1183 996 603 0.008578
3 996 1183 424 0.010956
3 996 1589 603 0.004754
3 1918 2086 1086 0.010523
3 1086 2086 2008 0.012547
3 1086 2008 1219 0.022589
3 1219 154 1086 0.024816
3 154 1219 1869 0.031884
3 154 1869 1668 0.027352
3 154 82 1918 0.012018
3 154 1918 1086 0.023841
3 2059 551 971 0.019870
3 1065 1473 1233 0.017678
3 1294 1305 309 0.014374
3 1294 309 2229 0.011286
3 1294 2229 705 0.012538
3 438 649 992 0.010124
3 866 795 1730 0.001786
3 1730 795 1825 0.009597
3 574 1445 809 0.000953
3 868 1654 1293 0.013626
3 1654 257 1293 0.020305
3 653 1293 257 0.006088
3 383 1645 708 0.048698
3 1637 383 2089 0.032870
3 708 2089 383 0.011567
3 1382 1637 2089 0.010003
3 1524 1645 1950 0.091060
3 646 431 117 0.037059
3 2242 1965 117 0.034254
3 646 117 2099 0.032697
3 1965 2099 117 0.046989
3 62 578 1144 0.020139
3 1799 62 1144 0.021128
3 1886 327 578 0.030508
3 327 1886 1354 0.262791
3 327 1354 1313 0.210605
3 1313 883 327 0.044147
3 327 883 477 0.022741
3 658 477 865 0.070176
3 1878 1476 2118 0.501190
3 1878 2096 1476 0.902110
3 1438 2096 1878 0.910134
3 892 1068 555 0.539379
3 822 308 609 0.954476
3 822 609 464 0.948978
3 1093 892 2135 0.805860
3 2135 892 555 0.336238
3 979 1386 2181 0.020816
3 979 200 1386 0.025775
3 630 842 1336 0.000961
3 329 630 1336 0.001829
3 329 1336 452 0.002605
3 452 2102 329 0.005576
3 329 2102 272 0.004538
3 329 272 630 0.001402
3 272 842 630 0.001623
3 891 197 1434 0.007809
3 1434 197 722 0.006451
3 1316 663 891 0.021169
3 1316 1360 1819 0.049467
3 2206 1316 1819 0.023916
3 1767 833 1169 0.017590
3 1169 833 1939 0.020203
3 1409 1322 1691 0.003379
3 1409 1500 89 0.002921
3 89 1322 1409 0.004512
3 1710 2160 2140 0.006096
3 1682 2140 2160 0.002758
3 2140 1682 514 0.000235
3 1973 226 224 0.000079
3 1620 1973 224 0.000122
3 226 1973 1032 0.000043
3 226 1032 176 0.000063
3 224 226 176 0.000100
3 176 1032 448 0.000082
3 176 448 644 0.000162
3 176 644 224 0.000177
3 224 644 1620 0.000233
3 1973 1620 942 0.000067
3 96 1973 942 0.000053
3 96 1162 1973 0.000048
3 585 1162 96 0.000038
3 1162 1032 1973 0.000041
3 1032 1162 1453 0.000056
3 1032 1453 448 0.000064
3 2082 263 1519 0.000624
3 263 2082 2097 0.000702
3 304 953 503 0.008174
3 304 2125 953 0.007622
3 953 2125 775 0.006412
3 899 104 1055 0.038279
3 899 1553 104 0.032124
3 1553 899 1024 0.025024
3 999 1626 1263 0.065434
3 999 1263 1669 0.070899
3 1669 1518 999 0.035707
3 1749 1225 1739 0.042556
3 1739 1225 2010 0.035748
3 1739 2167 1749 0.055144
3 1739 2010 1869 0.045234
3 2167 513 61 0.037621
3 61 1498 2167 0.029365
3 2167 1739 513 0.051815
3 76 950 1871 0.043108
3 76 727 2008 0.030543
3 76 2008 950 0.033771
3 2231 1734 930 0.029957
3 1136 1129 997 0.032057
3 596 747 997 0.006596
3 747 1136 997 0.008268
3 1233 2229 130 0.016057
3 1233 130 596 0.006007
3 1265 2046 1167 0.002787
3 1265 1167 566 0.000893
3 1723 601 972 0.008464
3 2232 1723 972 0.018908
3 601 1723 770 0.008091
3 1445 163 572 0.001647
3 1116 1290 2025 0.001619
3 1214 2025 1290 0.001596
3 2153 1358 1113 0.045952
3 1113 1025 359 0.043447
3 359 840 1113 0.027220
3 840 2153 1113 0.027246
3 2169 2089 359 0.031455
3 840 359 2089 0.022699
3 2169 359 1882 0.037604
3 2153 840 2073 0.013410
3 1890 1662 2190 0.014438
3 1643 2243 2141 0.014401
3 1729 347 1813 0.043633
3 1016 1137 1154 0.003765
3 576 1246 1921 0.070567
3 1246 576 2227 0.057945
3 1750 576 1921 0.073292
3 2118 584 2074 0.043298
3 584 2249 2074 0.049635
3 937 84 26 0.961397
3 937 26 1093 0.957832
3 84 609 26 0.959321
3 26 609 308 0.967164
3 26 308 1093 0.947156
3 937 1093 2135 0.653015
3 1771 269 311 0.009809
3 1771 311 1591 0.010682
3 1591 793 1771 0.004187
3 205 827 1644 0.002106
3 205 1644 2151 0.002892
3 205 2151 1771 0.002654
3 205 1771 793 0.002186
3 205 793 2198 0.003455
3 205 2198 827 0.002853
3 1324 1608 1687 0.000083
3 1324 1687 149 0.000057
3 1320 1324 173 0.000225
3 1320 1608 1324 0.000159
3 1452 1526 313 0.005836
3 1452 313 1352 0.002121
3 1452 1352 144 0.000894
3 1452 144 2105 0.001859
3 1452 2105 1936 0.004384
3 1132 123 1244 0.010503
3 338 316 1310 0.005616
3 598 1310 828 0.004234
3 598 828 2072 0.004619
3 1310 1630 828 0.004215
3 316 1630 1310 0.005054
3 78 1500 1273 0.008517
3 78 1273 1527 0.005638
3 1790 1275 2067 0.006182
3 1790 2067 2217 0.005284
3 610 2217 2067 0.004258
3 1322 923 1691 0.008180
3 618 1731 557 0.000096
3 1641 1667 637 0.000008
3 1372 349 2148 0.000022
3 1372 2148 1912 0.000032
3 2212 1089 283 0.024677
3 2212 283 492 0.026294
3 492 283 1168 0.031053
3 492 1168 2199 0.028662
3 1849 283 1089 0.035365
3 283 1849 852 0.017468
3 283 852 1168 0.017489
3 1935 1012 1849 0.011941
3 791 11 1024 0.024141
3 1024 11 462 0.013439
3 2211 462 11 0.013922
3 182 791 453 0.082104
3 182 453 2211 0.031573
3 182 2211 11 0.030653
3 182 11 791 0.039427
3 1772 203 1071 0.034809
3 1489 1611 2172 0.051501
3 1497 2172 1611 0.059763
3 1300 1749 1814 0.115856
3 1300 1814 1468 0.138342
3 1300 1468 1497 0.167531
3 2167 1814 1749 0.069160
3 1820 2123 511 0.036568
3 1820 511 1468 0.075920
3 1820 1468 1814 0.057298
3 1820 1814 2167 0.037171
3 1335 2123 2133 0.053055
3 2123 1335 511 0.050675
3 279 597 954 0.001201
3 279 954 1419 0.002853
3 279 1419 581 0.011835
3 279 581 1085 0.011522
3 1085 581 1709 0.017298
3 1709 581 2145 0.019531
3 288 633 597 0.000979
3 288 597 279 0.001305
3 288 279 1085 0.002116
3 288 1085 1019 0.002677
3 1019 633 288 0.001609
3 954 2046 247 0.004742
3 518 2197 247 0.009513
3 2046 518 247 0.006681
3 1128 215 432 0.000857
3 1128 972 215 0.001927
3 432 215 808 0.002358
3 808 215 227 0.002891
3 730 1128 1597 0.002654
3 1128 730 972 0.005245
3 972 601 215 0.006282
3 215 601 227 0.005501
3 227 601 770 0.006699
3 227 770 981 0.003025
3 227 981 808 0.002021
3 808 981 1223 0.001630
3 140 1894 1875 0.002787
3 42 1875 1894 0.001509
3 1875 42 1946 0.001331
3 42 162 1946 0.002120
3 2158 1946 162 0.003258
3 1882 1025 1202 0.042347
3 1202 1025 1358 0.064949
3 2073 1610 1063 0.025566
3 686 2162 944 0.011134
3 944 1890 686 0.012563
3 686 1890 1554 0.013072
3 686 1554 1556 0.015401
3 2162 686 1556 0.013389
3 1634 813 2184 0.033275
3 631 2184 1255 0.021964
3 813 1255 2184 0.023062
3 87 1930 1969 0.020611
3 433 87 1969 0.012187
3 2247 1930 87 0.009515
3 632 1015 699 0.075373
3 2217 699 1015 0.010873
3 699 2015 632 0.481873
3 766 632 2015 0.340298
3 766 2015 1516 0.231451
3 1516 1021 766 0.032846
3 641 1436 379 0.000006
3 379 1436 483 0.000004
3 483 1436 2220 0.000012
3 1867 483 637 0.000003
3 1867 379 483 0.000003
3 379 2215 641 0.000005
3 1436 641 1231 0.000012
3 319 1231 641 0.000018
3 1231 2220 1436 0.000018
3 2220 637 483 0.000011
3 1744 349 728 0.000008
3 1744 2148 349 0.000008
3 1744 728 2238 0.000010
3 728 349 1372 0.000010
3 796 1124 38 0.001470
3 1461 1411 721 0.003038
3 1602 1433 198 0.016641
3 1602 198 1146 0.016965
3 1433 1602 2226 0.021242
3 198 2122 1146 0.009732
3 91 737 852 0.007178
3 852 737 1168 0.007894
3 457 1688 1531 0.017827
3 457 1531 135 0.004633
3 135 1155 457 0.004167
3 2205 457 1155 0.006951
3 135 1531 1676 0.004553
3 1688 1230 1210 0.026567
3 60 1688 1210 0.023809
3 28 896 1023 0.049121
3 2208 1023 1753 0.075536
3 1753 1023 896 0.077460
3 2172 1497 511 0.045455
3 938 276 1419 0.027528
3 1419 276 581 0.032110
3 1625 1684 1925 0.028994
3 1481 1625 1925 0.036854
3 568 1946 2158 0.004054
3 2158 162 1928 0.002835
3 1928 162 1909 0.004078
3 1909 362 1868 0.014382
3 1909 1868 1159 0.008400
3 1868 362 1440 0.035937
3 1159 1868 1393 0.014168
3 1868 1440 1202 0.077100
3 1868 1202 1393 0.052682
3 830 1776 1284 0.024303
3 1575 1708 984 0.006594
3 1575 984 529 0.003219
3 72 529 984 0.003533
3 529 72 1908 0.002224
3 157 2175 1464 0.006488
3 2175 133 1464 0.008169
3 2175 1702 133 0.008832
3 425 1761 1139 0.022232
3 1761 425 67 0.014480
3 67 425 36 0.015785
3 201 287 542 0.030499
3 542 287 1828 0.013328
3 287 201 1619 0.015699
3 287 1619 1828 0.018286
3 1621 674 1828 0.015734
3 2039 1828 1619 0.018319
3 1828 674 542 0.014813
3 1325 1621 2039 0.004914
3 926 97 1291 0.001629
3 926 1291 1604 0.000811
3 97 926 2246 0.001536
3 97 1598 1291 0.002788
3 1604 1291 1439 0.002347
3 231 2012 1787 0.063068
3 1787 2012 1874 0.047544
3 1874 2012 1783 0.028253
3 1636 1795 642 0.002022
3 341 724 624 0.000084
3 341 624 1584 0.000067
3 1584 837 341 0.000091
3 341 837 1145 0.000167
3 341 1145 337 0.000208
3 341 337 724 0.000169
3 337 79 273 0.000081
3 73 79 337 0.000058
3 337 273 724 0.000120
3 724 1332 624 0.000117
3 1312 728 1372 0.000018
3 1312 1372 2149 0.000031
3 1312 2238 728 0.000008
3 1376 1491 1943 0.000705
3 1376 1943 1824 0.000296
3 1376 1824 2238 0.000041
3 44 1943 1491 0.000958
3 1907 1943 1923 0.001423
3 778 2226 876 0.016693
3 5 778 876 0.008690
3 1800 1296 2124 0.046011
3 1296 1485 2124 0.032417
3 1531 567 412 0.020962
3 412 567 1685 0.051622
3 911 1685 567 0.058375
3 1531 1688 567 0.024389
3 1481 2209 2132 0.030800
3 1642 785 1517 0.014489
3 1792 292 1982 0.002485
3 1172 1982 1267 0.002723
3 1172 1267 659 0.005073
3 1172 659 2177 0.004433
3 1172 1850 1792 0.001977
3 1172 1792 1982 0.002810
3 1909 1159 1928 0.013802
3 2152 1257 2154 0.003711
3 1865 384 17 0.012838
3 468 17 466 0.020574
3 468 466 1297 0.011452
3 1892 1297 466 0.001974
3 466 17 384 0.017285
3 1245 993 222 0.015737
3 439 1245 222 0.016500
3 439 222 246 0.016431
3 2235 439 246 0.009367
3 993 296 222 0.016267
3 222 296 1764 0.018268
3 1764 246 222 0.015020
3 246 1343 2235 0.007381
3 439 2235 872 0.006236
3 439 872 1245 0.012585
3 1277 993 1245 0.012560
3 1689 725 1343 0.013742
3 1343 725 1475 0.014574
3 1343 1475 1559 0.011330
3 1475 1197 1559 0.008651
3 674 1475 725 0.007879
3 1475 674 218 0.005093
3 1439 2084 1288 0.008064
3 1439 1291 1598 0.002364
3 1439 1598 2084 0.004596
3 1841 1459 223 0.005584
3 1459 1064 223 0.002394
3 1841 223 332 0.009858
3 223 1064 332 0.004400
3 1459 485 1064 0.001976
3 1064 2007 1874 0.003797
3 1064 1874 332 0.005074
3 239 1648 667 0.000178
3 2032 667 1648 0.000240
3 781 1332 273 0.000234
3 1319 1332 781 0.000502
3 1319 1648 1332 0.000493
3 459 561 260 0.002774
3 459 1319 561 0.001344
3 2032 459 260 0.001910
3 616 258 190 0.030422
3 190 258 1102 0.021107
3 1893 616 190 0.046628
3 1893 190 1017 0.067184
3 1017 190 1805 0.043623
3 1893 1017 1357 0.162493
3 1805 784 1017 0.059954
3 1017 784 1357 0.137413
3 1163 151 1613 0.138399
3 1163 1613 1933 0.143777
3 2022 1933 1613 0.189480
3 34 210 2016 0.010709
3 34 2016 1191 0.016949
3 2016 210 847 0.011658
3 102 706 689 0.023923
3 884 1094 1235 0.119235
3 884 1402 1094 0.067929
3 1521 884 1235 0.086374
3 1521 924 884 0.038791
3 760 884 924 0.031818
3 1402 1428 1568 0.020537
3 1072 434 1428 0.043125
3 1072 107 434 0.040577
3 1428 434 1541 0.026853
3 1541 434 129 0.022817
3 1541 2088 2050 0.021464
3 430 1366 1982 0.010606
3 2183 303 414 0.002034
3 414 303 1066 0.003077
3 414 645 2183 0.002107
3 414 1066 645 0.001733
3 2183 645 393 0.002060
3 2183 859 303 0.004965
3 303 859 516 0.010091
3 1066 900 645 0.002226
3 645 900 995 0.002563
3 1350 645 995 0.003338
3 1350 393 645 0.002094
3 1797 832 1059 0.001369
3 1797 50 832 0.001234
3 1297 1892 2152 0.002399
3 1277 745 521 0.002803
3 745 1277 872 0.003302
3 380 2031 745 0.001325
3 380 745 872 0.001487
3 380 872 2235 0.003932
3 380 2235 1046 0.001759
3 1559 1042 1483 0.004486
3 774 1042 1204 0.003583
3 1295 2030 628 0.000952
3 1656 1295 628 0.001309
3 381 628 2030 0.000964
3 381 1656 628 0.001133
3 141 1656 381 0.001398
3 1387 2250 141 0.001443
3 2250 2066 141 0.001227
3 1569 2058 1854 0.001271
3 31 1902 1959 0.000108
3 261 787 1703 0.004962
3 261 1703 388 0.005747
3 261 388 1463 0.002646
3 261 1463 1258 0.001950
3 261 1258 787 0.002677
3 1646 1258 1463 0.000508
3 388 1703 397 0.005999
3 1961 482 1542 0.004587
3 1407 111 1893 0.108438
3 1893 1357 1407 0.163866
3 111 1272 1893 0.067671
3 1180 404 1614 0.049454
3 1180 1542 404 0.015078
3 1891 1282 1185 0.057887
3 1891 1185 1396 0.048072
3 1282 1891 2204 0.083603
3 1891 719 2204 0.081779
3 1282 463 1185 0.055107
3 1001 2016 463 0.021693
3 1185 463 2016 0.029156
3 463 358 1001 0.029642
3 249 391 2186 0.024237
3 391 1978 2186 0.021224
3 249 1437 391 0.019733
3 1249 2045 1978 0.004944
3 1079 1977 1295 0.004425
3 1494 1295 1977 0.004653
3 284 1079 264 0.002868
3 264 1413 1092 0.002079
3 264 1092 284 0.001674
3 284 748 1079 0.002489
3 264 1079 2066 0.003663
3 2066 1413 264 0.002937
3 2250 1413 2066 0.001364
3 1018 180 1303 0.000201
3 1018 1303 1361 0.000222
3 1018 1361 29 0.000330
3 925 1018 29 0.000336
3 1303 1848 495 0.000726
3 1361 1303 495 0.000247
3 1361 495 1959 0.000139
3 29 1361 1959 0.000173
3 925 29 1959 0.000203
3 925 1959 1646 0.000289
3 925 2070 1018 0.000583
3 1018 2070 180 0.000354
3 1092 735 180 0.000565
3 1303 180 735 0.000413
3 1303 735 1848 0.000720
3 1848 1854 495 0.000670
3 1151 397 1736 0.003650
3 1151 480 2070 0.000892
3 1151 2070 388 0.001817
3 1151 388 397 0.004672
3 480 1151 1736 0.000837
3 2070 1463 388 0.001567
3 1986 1727 450 0.009901
3 1986 450 2127 0.011804
3 1249 1616 1515 0.010344
3 1249 1515 2045 0.008604
3 1978 2045 2186 0.007793
3 221 435 862 0.016736
3 435 221 2045 0.009658
3 2045 1515 435 0.010388
3 1137 1016 1244 0.004041
3 1244 1016 1526 0.006626
3 2075 1758 2182 0.000307
3 2075 1352 1758 0.000271
3 2182 895 1687 0.000210
3 1687 895 1340 0.000199
3 1687 1340 149 0.000140
3 144 1352 1608 0.000243
3 1352 313 1758 0.000991
3 1758 313 1526 0.004530
3 1758 1526 1016 0.004213
3 841 2259 294 0.012832
3 2036 2260 1561 0.040308
3 155 1578 2251 0.993449
3 155 2251 1593 0.992636
3 7 2247 2254 0.007764
3 7 2254 1689 0.006114
3 440 1570 2255 0.869456
3 440 2255 1552 0.834000
3 1913 2251 2252 0.988810
3 1913 2252 1818 0.985003
3 448 1717 2253 0.000144
3 448 2253 644 0.000169
3 345 2092 2256 0.000255
3 345 2256 2143 0.000238
3 893 339 2257 0.658042
3 893 2257 829 0.563772
3 956 346 2258 0.180372
3 956 2258 1200 0.130546
