ply
format ascii 1.0
comment Generated by PyMesh
element vertex 2668

property float x
property float y
property float z
property float charge
property float hbond
property float hphob
property float nx
property float ny
property float nz
property uchar red
property uchar green
property uchar blue
element face 5332
property list uchar int vertex_indices
property float predict_score

end_header
69.149 6.398 48.412 -1.08474 -0.880208 -0.7 0 -0.140541 -0.571167 255 150 150
63.836 36.042 31.213 -0.793907 0 -3.2 0 -0.80484 0.309149 255 187 187
86.257 1.422 29.309 0.334234 0 -4.5 0 0.657308 0.447126 3 3 255
70.935 0.433 22.775 -1.26154 -0.611767 4.5 0 0.552441 -0.653637 159 159 255
74.364 26.2775 24.0755 0.726396 0 -4.5 0 -0.82548 0.31194 130 130 255
67.2 26.922 24.849 0.686036 2.94521e-05 4.5 0 -0.538608 0.610436 255 168 168
70.095 11.549 33.109 -0.418727 0 -1.3 0 -0.0347827 0.113302 255 38 38
69.0335 18.72 25.3505 0.536322 0 4.5 1 -0.848736 0.517015 255 34 34
72.906 22.0823 20.8382 0.469608 0.897122 -4.5 0 -0.422432 -0.167018 122 122 255
65.333 2.7935 26.7475 -1.3345 -0.95357 1.8 0 -0.90309 -0.336206 255 241 241
61.211 11.064 40.2535 -0.749774 -0.0302968 -0.7 1 -0.785154 0.611943 255 18 18
76.5105 3.931 48.821 -1.07981 -0.0182315 1.8 0 -0.0774567 -0.522519 97 97 255
83.179 28.107 23.876 -1.30153 -0.389342 -3.5 0 0.970068 0.242323 28 28 255
62.872 34.0355 28.8835 0.160516 0 -3.2 0 -0.903083 -0.389226 255 209 209
78.1755 4.9345 48.977 -0.442102 -0.361824 0.396948 0 -0.152998 -0.37693 97 97 255
87.697 -2.7605 31.7725 0.608385 0 -4.5 0 0.625272 -0.75033 2 2 255
73.1455 33.162 42.0555 -0.0163728 0.00441945 -3.5 0 -0.602992 0.455633 175 175 255
68.0405 0.378 24.391 -1.39108 0 4.5 0 -0.319172 -0.851129 158 158 255
87.1085 8.4575 32.1215 -0.182835 0 -3.5 0 0.766172 0.638507 67 67 255
67.09 35.5555 30.2045 -0.102937 0 -3.2 0 0.800633 0.411253 255 230 230
77.8845 24.835 38.025 0.260342 -0.372346 -0.9 0 0.96032 -0.258582 166 166 255
70.78 29.753 41.496 -0.863021 0 2.8 0 -0.799248 0.561407 233 233 255
70.902 8.5115 34.1495 -0.48062 0 -1.14977 0 -0.166579 0.0167855 255 44 44
73.462 3.526 21.538 -0.177566 0 -0.7 0 -0.338075 -0.282763 157 157 255
69.483 25.225 23.429 0.0574363 -0.382747 4.5 0 0.434106 0.765492 231 231 255
77.521 -2.965 24.877 -1.13609 0 -3.5 0 -0.232915 -0.351594 11 11 255
73.923 15.749 18.234 -0.932467 0 -3.5 0 0.342318 0.79049 255 224 224
63.825 7.961 44.662 -1.07514 -0 -0.7 0 -0.300517 0.0449824 255 89 89
88.507 13.238 35.862 -0.425752 0 -0.7 0 0.955863 0.0517885 168 168 255
64.397 25.7455 22.532 0.417147 0 -4.5 0 -0.752142 0.654686 255 62 62
69.5465 24.9165 22.315 -0.609926 -0.253996 4.5 0 0.305471 0.795048 154 154 255
74.359 30.136 25.728 0.57645 0 -3.5 0 0.164715 0.669993 255 232 232
64.326 25.669 26.34 0.129643 0 4.5 1 -0.7113 -0.000213314 255 41 41
65.6855 1.0705 36.713 0.296515 0.310214 -0.8 0 0.804426 -0.593882 167 167 255
83.43 10.36 24.233 -0.102884 0 4.2 0 0.806759 0.581704 20 20 255
86.35 23.4085 34.704 1.355 0 -3.9 0 0.846465 0.501704 255 240 240
77.76 22.9015 37.142 -0.325939 0 -0.9 0 0.911448 0.366805 106 106 255
79.4325 31.1725 38.468 -0.955152 -0.831469 -0.4 0 0.741657 0.578407 115 115 255
80.1235 11.4105 21.4375 -0.731462 -0.491473 -1.51176 0 0.826921 -0.116167 110 110 255
73.4555 -4.7245 41.9005 -0.115512 0 -3.5 0 -0.682011 0.59797 40 40 255
83.8145 9.0545 25.2145 -0.0888777 0 4.2 0 0.824806 0.542019 37 37 255
72.326 17.923 49.567 -1.70633 0 -3.5 0 -0.0148618 -0.735169 3 3 255
71.103 12.7595 53.438 -1.6606 0 -3.5 0 0.706463 0.155326 58 58 255
62.803 34.677 29.933 -0.0512199 0 -3.2 0 -0.95086 -0.0307518 255 178 178
66.742 7.052 47.612 0.449827 0.41745 -0.7 0 -0.879634 -0.395879 255 178 178
71.08 0.226 23.864 -1.42479 -0.533706 4.5 0 0.544357 -0.838677 193 193 255
69.324 13.1875 47.873 0.13583 0.882937 -3.5 0 -0.512543 0.660887 44 44 255
71.368 23.7065 45.1235 -0.37957 0 -3.2 0 0.664153 0.256923 98 98 255
81.448 14.308 47.948 -0.772428 0 0.20502 0 0.397649 -0.0185845 8 8 255
60.093 0.7595 37.623 -1.11799 -0.0760916 -0.8 0 -0.728443 -0.387534 255 156 156
69.6455 -3.4305 38.834 0.762891 0 -3.2 0 -0.55473 0.320555 146 146 255
65.308 34.831 27.952 0.0818566 0 -3.2 0 0.500605 0.140219 244 244 255
86.369 18.033 30.633 0.856054 0 -3.9 0 0.771949 0.471563 123 123 255
72.5885 1.0775 36.592 -0.539756 0 -1.3 0 -0.630229 0.000761668 135 135 255
85.1465 -1.568 27.0705 0.51497 0.409448 -4.5 0 0.437297 -0.539205 5 5 255
64.471 15.818 28.13 -0.00432451 0 3.8 1 -0.738089 -0.0701781 255 0 0
76.374 16.3135 50.0355 -2.23417 -0.318859 -3.5 0 -0.38599 0.14925 5 5 255
86.3325 12.8595 32.824 -0.943526 -0.593537 -0.7 0 0.413699 -0.502845 66 66 255
64.51 25.2175 21.69 1.32419 0 -4.5 0 -0.688367 0.657927 255 100 100
63.028 14.139 45.558 -0.445305 0 3.8 1 -0.157769 0.0812353 255 23 23
62.9065 15.737 31.5905 -0.0667378 0 3.8 1 -0.962492 0.0406305 255 0 0
67.4 10.117 28.696 -1.06488 -0.119076 -4.5 1 -0.679442 0.712354 255 34 34
85.1725 6.2015 29.0595 0.240103 0 1.8 0 0.59117 0.556106 13 13 255
69.5042 30.5999 26.2604 0.212903 0 4.5 0 -0.196518 0.80471 235 235 255
62.347 9.63912 43.5448 -0.285742 0 -0.7 0 -0.159955 0.0237279 255 44 44
60.4829 9.62088 36.4801 -0.26295 0 4.5 1 -0.969009 -0.0314941 255 18 18
70.6935 30.5515 25.8633 0.184735 0 4.5 0 -0.0954627 0.818869 99 99 255
87.727 10.33 34.95 -1.19081 -0.063425 -3.5 0 0.194756 -0.124247 107 107 255
70.0888 9.77975 39.85 -0.587001 0 2.8 0 0.165618 -0.869147 255 239 239
72.9342 -3.7905 34.1043 -0.201779 0 -3.2 0 -0.597727 0.220836 95 95 255
80.7663 -4.94625 38.028 -1.38514 0 -3.5 0 -0.154723 -0.580937 41 41 255
77.3285 11.7375 40.299 -1.02242 0 3.8 0 -0.655555 -0.263172 255 67 67
74.7897 30.1122 44.3515 -0.37943 0 2.55665 0 0.100098 -0.54081 32 32 255
68.5925 7.8485 38.2142 -0.529054 0 4.5 0 0.948134 0.285864 255 169 169
75.889 29.631 32.077 0.182629 0 -0.9 0 0.613222 0.77013 255 89 89
77.118 0.206 43.91 -0.137277 0 -3.9 0 -0.957075 0.238984 29 29 255
63.495 16.4595 32.196 -0.0661367 0 3.8 1 -0.664697 0.420965 255 0 0
85.722 21.429 36.855 1.13873 0 -3.9 0 0.540342 -0.213216 255 242 242
86.5725 5.314 33.5182 -0.140127 0.557438 -3.5 0 0.787285 -0.285516 10 10 255
68.7327 18.426 24.4403 -0.234007 0 2.96749 1 -0.887632 0.389121 255 58 58
82.8425 -3.265 29.0352 0.136401 0.0692099 -4.5 0 -0.485563 -0.872209 4 4 255
63.055 27.1628 30.4072 -0.0706739 0 4.5 1 -0.384987 -0.477685 255 8 8
73.207 33.1177 29.402 -0.865233 -0.0600769 -3.5 0 0.0710306 0.9593 255 153 153
64.814 29.364 39.467 2.3641 0 -3.9 1 -0.872096 0.268534 255 9 9
65.446 3.665 25.053 -1.30251 -0.0763392 1.8 0 -0.726675 0.0893935 239 239 255
76.722 20.716 20.414 0.619075 0 -4.5 0 0.45196 -0.678952 119 119 255
61.2542 16.7157 41.7163 -0.264555 0 3.8 1 -0.176136 0.983506 255 7 7
81.6992 -1.721 44.272 -0.445919 -0.0357484 -3.41708 0 0.420804 -0.830095 12 12 255
77.5013 1.19825 43.9202 0.0388814 0 -3.9 0 -0.987642 -0.102248 34 34 255
84.196 10.0815 32.4673 -0.531216 -0.879305 -3.5 0 0.129332 0.611835 47 47 255
64.7635 12.8868 33.9922 -0.226928 0 -0.489528 1 -0.8383 0.516048 255 8 8
64.9492 8.80375 32.3473 -0.20998 0 -0.8 1 -0.73667 -0.601003 255 27 27
66.6318 16.911 25.4667 0.0411089 0 -0.8 1 -0.911947 0.396129 255 5 5
82.193 4.32025 27.7875 0.162564 0 1.56153 0 -0.132753 -0.102019 38 38 255
75.9195 12.2212 35.2212 -0.466606 0 4.5 0 -0.896682 -0.322693 218 218 255
66.9525 24.3385 39.9925 0.0428633 0 -1.85346 1 -0.766001 0.0088354 255 9 9
82.1995 26.958 30.026 -0.0604952 0 4.2 0 0.949044 0.31039 141 141 255
78.4368 33.0375 25.3993 1.2989 0 -3.5 0 -0.2959 0.955204 255 213 213
79.111 -0.3235 48.1915 -0.49479 -0.212249 -0.8 0 -0.0429112 -0.709738 32 32 255
66.665 28.9212 41.0435 1.20711 0.0111009 -3.9 0 -0.164689 0.397329 255 29 29
71.2607 19.956 20.1362 0.210385 0 4.5 0 0.149088 0.614386 156 156 255
84.581 17.647 42.8963 -1.03721 -0.643471 -0.8 0 0.593283 0.695302 42 42 255
80.024 29.8574 42.1055 -1.43373 -0.327292 -3.5 0 0.563136 0.79415 72 72 255
68.9323 4.8185 47.261 -0.417553 0 -0.7 0 -0.381639 -0.65697 255 71 71
86.5742 14.3827 46.0762 -1.59148 0 -3.5 0 0.944933 0.0120884 7 7 255
80.0075 15.1978 29.3765 -0.429791 0 3.44329 0 0.358538 0.614346 121 121 255
80.503 -4.06525 32.1245 -0.549503 0 -0.7 0 0.898477 0.198279 47 47 255
61.2383 1.8055 38.7752 -0.151061 -0.00538208 -2.99601 0 -0.849023 -0.420443 255 197 197
88.944 10.46 38.3177 -0.0365226 0 -3.5 0 0.764825 0.508188 189 189 255
66.7633 9.524 24.7195 0.226188 0 -4.5 1 -0.957945 -0.0745285 255 169 169
83.823 0.101 44.819 -0.373686 -0.565118 -0.4 0 0.962243 -0.245103 4 4 255
72.151 12.087 52.4152 -0.790764 0 -3.5 0 0.755358 -0.00829127 120 120 255
67.6602 21.3092 26.8088 -0.0813859 0 4.2 1 -0.337517 -0.426044 255 5 5
67.1765 6.817 46.364 0.157864 0.30152 -0.7 0 -0.892317 -0.449259 255 130 130
67.2142 16.3288 18.9492 -0.00699988 0 4.5 0 -0.792626 -0.160244 255 232 232
81.5035 25.1805 24.6185 -1.30573 -0.316106 -3.5 0 0.712762 -0.701406 27 27 255
85.992 21.655 30.92 -1.41706 -0.0592619 -3.5 0 0.869463 -0.485594 241 241 255
75.7807 15.6516 49.3665 -2.60079 -0.61145 -3.5 0 -0.781559 -0.0661769 7 7 254
84.004 -0.166 43.8493 -1.85946 -0.904512 -0.4 0 0.997068 -0.0739259 5 5 255
80.104 10.151 22.037 -0.372767 0 4.10215 0 0.369775 -0.579344 25 25 255
64.616 7.782 26.028 -0.203228 0 -0.7 1 -0.200397 0.806424 255 32 32
71.351 13.7 49.848 -0.631522 0 -3.5 0 0.323414 0.94143 24 24 255
83.1175 26.9145 23.8333 -0.782754 0 -3.5 0 0.95407 -0.287883 18 18 255
84.8828 -1.73275 32.8745 0.756333 0 -4.5 0 -0.131828 -0.713284 7 7 255
73.8288 1.30625 39.8058 -0.616175 0 -1.3 0 0.136213 -0.342644 121 121 255
62.9767 15.6372 39.6582 -0.189648 0 3.8 1 -0.563856 0.331112 255 13 13
77.7655 16.415 22.0949 0.247594 0 -1.3 0 0.72998 -0.0442031 48 48 255
85.409 24.617 30.759 -1.03457 0 -3.5 0 0.536769 0.789699 190 190 255
76.889 -7.397 40.714 -1.04167 0 -3.5 0 0.796326 -0.281303 24 24 255
75.2048 29.2143 43.9427 -1.22602 0 2.8 0 0.0836209 -0.33469 42 42 255
83.393 -3.987 29.79 0.180466 0.89273 -4.5 0 -0.484956 -0.859179 2 2 255
69.23 13.4152 33.7905 -0.692255 0 -0.4 0 0.693492 -0.544856 255 14 14
67.808 1.055 25.124 -0.79544 0 4.5 0 -0.458565 -0.859728 175 175 255
82.8941 -0.4465 46.122 -0.142592 0 -0.4 0 0.527885 -0.743276 6 6 255
72.4515 33.859 46.3495 -1.60806 -0.727803 -3.5 0 -0.489055 0.625166 110 110 255
69.066 -3.8005 37.9565 -0.113707 0 -3.2 0 -0.947524 0.23702 229 229 255
65.806 2.279 28.932 0.298092 0.420359 1.8 0 -0.978868 -0.189355 255 178 178
68.121 1.772 38.287 -0.338347 0 4.5 0 0.537485 -0.806673 185 185 255
76.9285 19.907 46.646 -1.19242 -0.211903 -3.5 0 -0.23542 0.792461 7 7 255
85.8245 22.11 32.1055 -1.4834 -0.452078 -3.5 0 0.853375 -0.499239 255 177 177
75.094 13.448 39.701 -0.815861 0 3.8 0 -0.00896718 -0.792596 255 116 116
64.3465 11.35 30.4465 0.0815933 -0.376179 -0.8 1 -0.390868 -0.0645151 255 4 4
75.5102 16.2745 19.716 0.574238 0 -1.3 0 0.454132 0.59282 180 180 255
65.801 33.364 33.499 0.168436 0 -3.2 0 -0.460849 0.234841 255 101 101
81.8033 27.986 29.7625 0.0832871 0 4.2 0 0.975961 0.0624992 186 186 255
83.2945 21.442 45.259 -0.234596 0 4.2 0 0.997236 0.0674728 39 39 255
74.4765 8.5535 20.4045 -0.141069 0 -3.5 0 0.0282927 -0.06916 33 33 255
72.341 -1.226 25.561 0.130529 0.712468 -3.5 0 -0.321258 -0.329715 202 202 255
64.763 0.177125 39.159 1.41858 0.161625 -0.913454 0 0.741323 -0.625482 77 77 255
81.3416 30.3715 22.0714 -0.0554593 0 -3.5 0 0.83346 0.126552 35 35 255
74.4202 25.8895 22.0905 1.00416 0.866053 -4.5 0 -0.802798 0.527761 114 114 255
64.603 6.9975 25.3085 -0.178774 0 -0.7 1 -0.147756 0.358777 255 42 42
77.8465 -7.664 34.9137 -1.14274 -0.981037 -0.7 0 -0.412182 -0.713473 26 26 255
60.3527 3.30275 38.7907 0.0640719 0 -0.4 0 -0.754648 -0.488429 255 178 178
64.9715 9.0855 31.181 -0.18125 -0.367276 -0.761452 1 -0.890281 -0.455407 255 12 12
67.6315 24.0735 41.0445 0.0279346 0 2.86302 1 -0.789431 0.073315 255 24 24
77.7182 23.899 37.5732 -0.300995 -0.164494 -0.9 0 0.994916 -0.0874802 119 119 255
71.9573 32.3835 45.5495 -1.55412 -0.19375 -3.5 0 -0.872466 -0.484595 139 139 255
64.9857 4.05625 27.8948 -0.100403 0 0.613052 0 -0.693176 -0.682369 255 115 115
85.403 8.6255 44.46 -1.27356 -0.0389662 -3.5 0 0.588415 -0.359939 79 79 255
65.2373 13.942 33.8628 0.200958 0 -0.4 1 -0.899189 0.305843 255 4 4
77.146 32.879 44.033 -0.582394 0 -3.5 0 0.705541 0.506622 27 27 255
67.8867 2.792 20.4845 -0.432211 0 4.5 0 -0.589866 -0.415728 76 76 255
87.124 2.694 33.711 -0.230384 0 -4.5 0 0.865429 0.055474 4 4 255
77.1095 20.4837 45.5223 -0.807496 -0.751465 -1.69126 0 -0.449973 0.707229 6 6 255
74.4535 8.74825 49.0638 -0.421006 0 1.8 0 0.191981 0.49702 199 199 255
59.156 4.165 36.533 -0.202023 0 -0.4 0 -0.956196 0.239216 255 145 145
82.5222 -6.2005 34.0315 -1.53541 -0.206168 -3.5 0 0.740036 -0.285066 36 36 255
83.2067 27.4265 22.9778 -1.3309 0 -3.5 0 0.874482 -0.110959 13 13 255
84.479 20.5825 32.0825 -1.10381 0 -3.87632 0 0.968255 -0.245254 255 155 155
78.0707 32.4642 43.4385 -1.23144 -0.12336 -3.5 0 0.781361 0.331448 27 27 255
77.5447 32.911 38.43 0.0362093 0 -0.4 0 0.164969 0.764853 96 96 255
65.56 30.617 27.485 0.109047 0 4.5 0 -0.374266 0.584877 255 175 175
85.966 6.89425 42.624 -0.489616 0 -3.5 0 0.84029 -0.215997 41 41 255
62.0295 0.897 34.1605 -0.537619 -0.48113 -1.20729 0 -0.744041 -0.494117 255 186 186
71.0025 13.9058 17.8643 -1.65426 -0.655585 -3.5 0 -0.740664 0.0381771 255 127 127
75.7005 15.6155 18.348 -0.0360807 0 -3.5 0 0.405651 0.516127 151 151 255
70.045 28.901 43.345 -0.182122 0 2.8 0 -0.550453 0.780315 255 197 197
88.1777 -2.02075 32.5182 0.489735 0 -4.5 0 0.810148 -0.397233 3 3 255
65.349 19.0625 31.109 -0.00446477 0 4.2 1 -0.950682 0.309415 255 0 0
69.6375 1.4035 31.096 -0.174847 0 2.58282 0 -0.0108435 -0.914318 124 124 255
68.653 11.196 53.334 -1.64655 -0.716795 -3.5 0 -0.733679 -0.169397 56 56 255
85.374 11.29 45.6823 -1.00711 -0.706477 -3.5 0 0.474339 -0.83977 12 12 255
71.8055 -5.5345 34.359 -0.129271 0 -3.2 0 -0.0649407 -0.135287 96 96 255
81.3385 7.271 49.981 -0.618163 0 -0.8 0 0.700399 0.376163 51 51 255
72.3708 21.7518 44.7653 0.249257 0 -3.2 0 0.42175 0.426848 40 40 255
66.158 30.7135 33.161 -0.0145361 -0.0370104 -2.63325 1 -0.855619 -0.0131952 255 52 52
83.4955 20.107 37.477 -0.0585214 0 -3.9 0 0.301356 -0.0910391 228 228 255
65.3905 -0.9335 37.085 -0.317698 0 -0.8 0 0.659896 -0.749254 83 83 255
60.7178 14.931 40.5245 -0.215665 0 3.8 1 -0.545312 -0.0168361 255 11 11
70.829 9.12075 40.9207 -1.1641 0 2.45795 0 0.0366159 -0.558562 255 185 185
71.2935 31.9875 30.1775 -0.0244412 -0.386769 -3.2 0 -0.110431 0.988998 236 236 255
68.0285 16.0065 18.3295 -0.0736667 0 4.5 0 -0.466503 -0.136451 255 236 236
78.583 29.5842 32.0957 0.15203 0 4.2 0 -0.455758 0.889462 255 217 217
80.6582 23.7698 44.4555 0.00895554 0 4.2 0 0.284122 0.855581 30 30 255
87.4973 15.3445 35.8022 -0.257579 0 -0.7 0 0.203618 0.872379 76 76 255
73.0383 -8.16875 40.5093 -0.450297 0 -3.5 0 -0.682241 -0.721889 11 11 255
80.7525 21.5107 22.9185 -0.0235076 0 3.8 0 0.710365 -0.343133 24 24 255
80.5543 20.5765 24.9247 -0.0688418 0 3.8 0 0.705326 -0.636578 12 12 255
80.818 21.903 38.289 -0.0330254 0 3.8 0 0.315223 0.942946 105 105 255
86.0218 18.0667 28.6495 3.56469 0 -3.9 0 0.540805 0.513454 119 119 255
69.556 4.0575 19.9032 -0.349654 0 4.5 0 0.16578 0.101517 47 47 255
67.2702 14.0235 22.873 0.805167 0.223975 -0.8 1 -0.758124 -0.332356 255 19 19
67.1738 21.3762 23.085 0.314904 0 -4.5 1 -0.449747 -0.649639 255 93 93
78.5625 14.7701 50.1249 -1.469 0 -3.5 0 0.481231 -0.201741 9 9 255
60.394 7.846 38.099 -0.458712 0 4.5 1 -0.975919 0.081864 255 87 87
73.4057 6.50775 50.53 -0.410501 0 1.8 0 -0.538187 -0.0671727 165 165 255
76.9325 30.639 36.0955 -0.0474482 0 3.8 0 0.733793 0.604941 127 127 255
69.733 11.9775 20.2975 -0.252892 0 -4.5 0 -0.567606 -0.232433 255 118 118
66.4585 31.073 34.652 -0.416309 0.230226 -3.5 0 -0.946135 0.306394 255 84 84
76.986 5.5565 37.3322 -0.260911 0.709821 -1.3 0 -0.571849 0.111954 171 171 255
86.0062 -0.146 38.192 -0.266388 0 1.8 0 0.972547 -0.137047 19 19 255
64.455 17.0895 42.5788 -0.446671 -0.0749464 3.11281 1 -0.609831 0.679361 255 13 13
82.7777 9.65825 30.244 -1.03002 -0.615322 4.2 0 0.627901 0.759163 56 56 255
64.2842 12.8652 38.7988 0.0483805 0 3.8 1 -0.67381 0.473282 255 19 19
74.634 2.75025 32.0062 -0.343733 0 3.9104 0 -0.515942 0.3055 154 154 255
75.486 -4.054 41.797 -0.777621 0 -3.5 0 -0.00153561 0.643177 36 36 255
83.9388 1.4565 46.448 -0.335464 0 -0.4 0 0.834445 0.226549 16 16 255
72.555 11.9155 38.725 -0.865608 0 2.8 0 0.726921 -0.440746 255 198 198
85.9875 5.159 36.4715 -1.31659 -0.0573807 -3.5 0 0.829741 -0.541368 71 71 255
70.328 13.6892 18.8062 -1.15204 -0.418433 -3.06554 0 -0.892496 -0.170918 255 131 131
79.0645 29.5553 33.1473 0.084234 0 4.2 0 0.130152 0.898005 230 230 255
60.7425 10.9115 35.0672 -0.166502 0 4.5 1 -0.670163 0.371172 255 9 9
72.335 33.013 42.783 -0.411698 0.160395 -3.5 0 -0.853274 0.226536 227 227 255
83.9805 1.719 24.64 1.97291 0.213781 -3.9 0 0.21683 0.955583 9 9 255
82.481 3.275 49.2065 -1.46294 -0.582738 -0.8 0 0.712393 -0.461482 27 27 255
73.9938 5.915 42.6525 -0.979227 0 1.8 0 -0.810731 -0.346741 206 206 255
67.416 6.08 45.583 -0.188162 0 -0.7 0 -0.900322 -0.404324 255 99 99
75.5543 31.3592 34.5858 0.00183113 0 3.8 0 0.657438 0.597324 230 230 255
73.768 19.0265 19.3585 -1.01751 -0.0603612 -1.3 0 0.168392 0.284598 181 181 255
63.1875 6.388 26.5465 -0.259781 0 -0.7 0 -0.978946 0.108146 255 25 25
79.4605 -8.30475 34.582 -1.03658 -0.850057 -0.7 0 0.368144 -0.912719 21 21 255
87.949 13.119 33.622 -0.379636 0 -0.7 0 0.735865 -0.127473 65 65 255
63.5265 22.4002 19.8363 0.803657 0.810707 -4.5 0 -0.974928 -0.16638 255 232 232
72.0807 -2.58013 36.0251 -0.697585 0 -3.2 0 -0.335079 0.705294 149 149 255
80.608 12.2095 21.8768 -1.16058 -0.628731 -1.6 0 0.735129 0.156818 104 104 255
66.991 29.344 25.1265 -0.904497 -0.664714 4.5 0 -0.265385 0.307775 228 228 255
78.572 22.746 36.173 -0.490525 0 2.18482 0 0.532959 0.436877 175 175 255
73.8733 32.2407 38.0762 0.0734825 0 3.8 0 -0.21962 0.923695 160 160 255
79.353 32.331 22.714 0.694671 0.00231916 -3.5 0 -0.292441 0.701342 142 142 255
65.6785 35.8155 28.7015 -0.687433 0 -3.2 0 0.651234 0.331295 228 228 255
82.004 -2.22525 27.184 -0.172268 0.0440283 -4.09475 0 0.160713 -0.972618 7 7 255
81.256 12.0885 22.6935 -1.389 -0.40022 -1.6 0 0.883986 0.152669 49 49 255
85.7245 9.36275 30.7442 -1.19776 -0.192953 -3.5 0 0.438004 0.75456 56 56 255
82.26 14.5448 30.3848 -0.14012 0 2.89581 0 0.756418 -0.241692 107 107 255
83.308 9.7735 29.3675 -0.996922 -0.230955 4.2 0 0.777739 0.628583 37 37 255
80.663 13.1027 22.6597 -1.28022 -0.029211 -1.6 0 0.654728 0.65044 90 90 255
84.3398 5.57225 26.1185 0.0283122 0 2.99078 0 0.771256 -0.318039 10 10 255
80.746 -5.2905 31.1825 -0.308756 0 -0.7 0 0.76472 0.100051 26 26 255
86.4072 11.564 34.1893 -0.466527 0 -0.7 0 0.533645 -0.531529 73 73 255
76.662 12.345 18.781 -0.0744773 0 -0.8 0 0.0365126 -0.217841 29 29 255
85.657 11.8065 49.673 -1.67436 -0.279889 -3.5 0 0.124504 -0.370095 9 9 255
72.181 21.0475 51.034 -1.57652 -0.154548 -3.5 0 -0.204612 0.485688 2 2 255
72.181 21.7675 50.131 -1.70169 -0.200689 -3.5 0 0.348757 0.886489 3 3 255
69.739 14.2595 53.176 -1.74404 -0.51154 -3.5 0 -0.0670952 0.965024 11 11 255
79.945 -4.4165 23.935 -1.49796 -0.271646 -3.5 0 -0.104299 -0.483974 3 3 255
80.7797 -6.3945 31.062 -0.324926 0 -0.7 0 0.567587 -0.242729 18 18 255
75.215 4.559 20.534 -1.40617 -0.250818 -3.5 0 -0.324903 -0.176869 60 60 255
68.7375 28.8218 40.4635 -0.0332414 0 0.0282215 0 -0.0702382 0.774858 255 80 80
68.32 0.3395 22.239 -15.8385 0 4.5 0 -0.351796 -0.701636 135 135 255
64.869 8.3235 33.4832 -0.296906 0 -0.8 1 -0.639295 -0.475239 255 58 58
81.801 32.3 27.286 4.40865 0 -3.5 0 0.58499 0.486596 180 180 255
71.3272 1.4465 27.736 -0.650686 0 -2.56662 0 -0.386027 -0.903535 196 196 255
85.222 23.807 36.3695 1.34602 0 -3.9 0 -0.0278905 0.82363 223 223 255
65.434 13.253 28.943 0.00674019 0 3.8 1 -0.413326 -0.605052 255 2 2
82.9045 -2.217 34.2415 0.192376 0 -0.586957 0 0.861066 -0.466187 28 28 255
65.0005 32.6343 32.913 0.107058 0 -3.2 0 -0.732656 -0.054412 255 66 66
73.239 4.833 31.249 -0.631158 0 3.47388 0 -0.166408 -0.298702 191 191 255
85.443 16.5545 32.074 0.275034 0.457824 -1.15727 0 0.865492 0.371107 106 106 255
63.3555 35.8047 28.5522 0.0480491 0 -3.2 0 -0.68399 0.61841 227 227 255
81.008 13.1815 23.7995 -0.330683 0 -1.6 0 0.655604 0.535652 44 44 255
79.8005 -3.11775 46.151 -0.0161681 0 -3.9 0 0.537099 -0.705994 16 16 255
66.404 36.5648 32.5153 0.143185 0 -3.2 0 0.197533 0.658603 255 167 167
85.8692 17.0047 40.4775 -0.205656 -0.42695 -0.8 0 0.538214 0.465276 100 100 255
67.7753 4.3155 20.3283 -0.286533 0 4.5 0 -0.555579 0.280168 73 73 255
68.3455 23.569 46.8563 -0.20137 0 -3.2 0 -0.151615 0.550123 115 115 255
68.983 2.50725 20.2385 -0.48692 0 4.5 0 -0.0823498 -0.51852 65 65 255
65.175 4.8045 30.8363 -0.363176 0 -0.7 0 -0.981337 -0.128285 255 48 48
82.4665 -6.9955 35.133 -1.53496 -0.0389092 -3.5 0 0.476882 -0.874439 34 34 255
67.817 15.1267 19.2938 -0.042174 0 4.5 0 -0.719509 -0.62181 255 177 177
59.987 15.6958 42.5493 -0.262018 0 3.8 1 -0.91089 0.389032 255 6 6
85.5277 14.9595 31.3547 0.550651 -0.252192 -1.14008 0 0.215018 -0.496129 50 50 255
79.8875 11.5065 20.41 -0.210011 0 -0.8 0 0.909408 -0.0815958 128 128 255
72.9345 10.839 20.4245 -0.116769 0 -3.5 0 -0.0403614 -0.574701 255 254 254
86.5837 6.05725 37.2085 -1.01478 -0.705909 -3.5 0 0.65592 -0.754265 76 76 255
67.7445 14.9855 20.325 0.0592974 0 4.5 0 -0.822626 -0.563695 255 116 116
64.101 7.476 29.751 -1.02187 -0.947348 -0.7 1 -0.748741 -0.15659 255 6 6
73.066 -2.4075 35.7415 -0.214386 0 -3.2 0 -0.771076 0.478894 113 113 255
70.019 4.28375 46.9692 -0.390541 0 -0.7 0 0.0873142 -0.901211 255 85 85
64.316 24.41 27.6435 0.0752244 0 4.5 1 -0.599855 -0.65922 255 8 8
80.3865 9.54075 49.1628 -0.909529 -0.908762 -0.8 0 0.156905 0.252126 30 30 255
76.6655 2.0015 45.294 0.314633 -0.235505 1.17079 0 -0.721752 -0.662717 75 75 255
64.3712 31.385 31.3832 0.0713073 0 0.500436 1 -0.758641 0.218492 255 29 29
80.1325 33.1595 23.427 0.314602 0 -3.5 0 0.27852 0.862339 160 160 255
65.497 0.753 40.0925 -1.09529 0.165143 -2.19473 0 0.67024 -0.720843 61 61 255
88.0175 -0.5845 29.6465 0.196465 0.20381 -4.5 0 0.949629 0.124241 1 1 255
82.8235 6.376 44.56 -0.862959 0 -2.31848 0 0.687389 -0.273217 44 44 255
80.2245 28.766 44.7965 0.258399 0.682495 -3.5 0 0.736897 0.255701 39 39 255
63.0695 34.781 27.9145 0.230735 0 -3.2 0 -0.671262 0.0807851 255 242 242
74.834 -6.9635 35.1145 -0.23253 0.158893 -1.95698 0 -0.257029 -0.8974 24 24 255
86.52 18.068 29.542 4.09512 0 -3.9 0 0.943661 0.268618 105 105 255
60.3385 11.6213 37.775 -0.22312 0 4.5 1 -0.668474 0.743736 255 5 5
66.8727 23.003 46.6813 -0.498847 -0.731271 -3.47576 0 -0.388105 0.920661 114 114 254
72.136 32.8688 46.6777 -1.57512 -0.729161 -3.5 0 -0.747375 0.0377464 102 102 255
59.6203 7.35725 40.7057 0.580789 0.794067 -0.7 0 -0.934822 -0.34705 255 56 56
80.5768 32.3802 22.8388 0.732707 0.0738326 -3.5 0 0.554914 0.754548 95 95 255
67.3238 3.4215 40.7853 -0.476402 0 4.5 0 0.274823 -0.293187 164 164 255
66.3842 0.41225 33.794 -0.108494 0 -1.6 0 0.11772 -0.955848 143 143 255
73.8767 -4.80275 42.976 -0.371735 0 -3.5 0 -0.49424 0.719449 28 28 255
76.5395 -5.83725 44.7837 -2.48505 -0.127624 -3.5 0 -0.128843 0.460624 18 18 255
78.3958 -4.47075 30.3475 -0.341103 0 1.54365 0 -0.269669 -0.696818 54 54 255
75.8002 30.3843 44.3223 -0.472537 -0.0449577 -1.75414 0 0.261783 -0.455363 39 39 255
66.4798 1.481 25.834 -1.20762 0 1.8 0 -0.48149 -0.809483 198 198 255
59.6955 9.751 40.975 -0.756195 -0.942839 -0.7 1 -0.847081 0.531113 255 8 8
89.432 10.4768 37.2772 -0.424786 0 -3.5 0 0.808153 0.516065 224 224 255
76.6965 17.9825 48.126 -0.665569 -0.0997958 -3.79014 0 0.0900842 0.745465 6 6 255
75.045 24.4608 45.9782 0.149675 0 -3.9 0 -0.287824 0.178622 55 55 255
63.8585 4.06125 42.6587 -0.453597 0 -3.5 0 0.139702 -0.0184402 216 216 255
84.6068 6.98 25.9585 -0.0252524 0 4.2 0 0.95321 -0.302309 26 26 255
75.321 7.7455 38.833 -1.29193 -0.335638 -1.3 0 -0.832036 0.0991282 245 245 255
62.0175 26.6583 29.2757 -0.0390756 0 4.5 1 -0.990025 -0.140388 255 18 18
78.6235 26.783 44.4155 0.345655 0 -3.5 0 0.418556 -0.476069 68 68 254
63.21 6.06275 27.6285 -0.327035 0 -0.7 0 -0.990369 0.0293656 255 17 17
88.4335 15.1552 35.3005 -0.221975 0 -0.7 0 0.768404 0.591213 83 83 255
82.3313 19.357 42.847 -0.227125 0 1.70087 0 0.736086 0.549087 54 54 254
85.4695 18.018 41.033 -0.86851 -0.911371 -0.8 0 0.480545 0.833873 73 73 255
69.6957 1.88325 20.7588 -0.577778 0 4.5 0 0.307228 -0.644019 99 99 255
79.2858 30.0898 21.3022 0.267558 0 -3.5 0 -0.466657 -0.0716769 59 59 255
67.7387 12.127 23.35 0.862014 0 -4.5 1 -0.900662 0.0764156 255 37 37
67.7533 30.2752 25.6857 -1.0527 -0.213433 4.5 0 -0.103577 0.781537 244 244 255
85.7335 0.8165 38.33 -0.239552 0 1.8 0 0.873621 0.486517 23 23 255
67.812 0.542 29.7743 -0.238993 0 1.8 0 0.0809377 -0.916843 153 153 255
67.0443 16.0985 19.953 0.0425147 0 4.5 0 -0.943258 -0.324825 255 180 180
64.6455 12.82 36.355 -0.980225 -0.233617 -0.4 1 -0.790955 0.605888 255 6 6
81.7028 19.7682 27.8185 -1.2147 0 3.8 0 0.414087 -0.406159 142 142 255
89.5847 9.788 36.1138 -0.498213 -0.317383 -3.5 0 0.941708 0.28796 214 214 255
76.9385 -9.29675 42.397 -1.91081 -0.280501 -3.5 0 0.526763 -0.822913 29 29 255
71.0325 21.0085 20.951 0.809418 0.393406 4.5 0 0.196333 0.473868 145 145 255
70.484 8.463 49.1188 -0.278195 0 -0.7 0 -0.306317 -0.47321 240 240 255
64.4473 30.374 28.178 0.174595 0 4.5 0 -0.334031 0.508131 255 132 132
86.4035 6.7195 41.3068 -0.803389 0 -3.5 0 0.854573 -0.454003 26 26 255
65.449 16.936 32.797 0.129375 0 4.2 1 -0.86902 0.0324483 255 0 0
64.218 4.891 33.453 -0.462575 0 -1.6 1 -0.631469 0.527856 255 53 53
78.263 14.3927 20.7677 0.369547 0.0227181 -2.24644 0 0.728387 0.58972 95 95 254
73.9942 6.661 34.077 -0.194789 0 -1.3 0 0.515436 -0.406937 255 236 236
76.9815 30.074 35.069 -0.0716612 0.00641751 3.68272 0 0.65823 0.73881 160 160 255
65.7605 1.9315 27.144 -0.469593 -0.409362 1.8 0 -0.931685 -0.363259 255 245 245
63.733 16.8115 43.4445 -0.61489 -0.00617472 2.59209 1 -0.702772 0.606786 255 14 14
86.0898 4.47375 28.9765 -0.119936 0 1.8 0 0.869977 0.199123 4 4 255
79.195 30.9145 28.9147 0.486373 0 -3.5 0 0.00165725 0.884808 255 148 148
66.8613 17.1475 19.5327 0.0459858 0 4.5 0 -0.969211 0.0419177 255 210 210
82.9473 10.1335 25.461 -0.0183715 0 3.53689 0 0.871045 0.400515 39 39 255
81.414 18.4877 28.9167 -0.0058316 0 -3.9 0 -0.142469 -0.548493 167 167 255
65.7168 2.6945 30.182 0.0533957 0.445515 0.0997944 0 -0.968471 -0.197311 255 179 179
60.9665 1.3745 34.914 -0.224531 0 -0.8 0 -0.588213 -0.167517 255 177 177
67.36 0.76 33.692 -0.160381 0 -1.6 0 0.509973 -0.795375 106 106 255
68.191 8.12875 22.955 0.091683 0 -1.96992 0 -0.817331 0.0822732 206 206 255
79.9658 30.3848 38.916 -1.01641 -0.0740754 -0.4 0 0.9563 0.22101 155 155 255
77.122 13.9373 50.676 -1.57485 0 -3.5 0 0.0438327 -0.336439 11 11 255
77.4632 -6.995 44.181 -1.70056 -0.787831 -3.5 0 0.811824 -0.185106 15 15 255
66.5135 30.6122 27.0408 -0.472411 -0.101795 4.5 0 -0.29767 0.76389 255 176 176
67.0745 17.1125 24.584 0.0513638 0 -0.8 1 -0.699179 0.645804 255 15 15
72.686 -1.6255 29.2593 -0.310855 0 -3.5 0 -0.848776 -0.172983 128 128 255
82.123 4.32925 46.8235 -0.267074 -0.0841996 -0.859814 0 0.980413 0.118678 29 29 255
73.9973 -4.18825 33.3877 -0.324353 0 -3.2 0 -0.66677 -0.243406 94 94 255
73.0975 -3.19875 26.1915 -0.372512 0 -3.5 0 -0.0143439 -0.687857 176 176 255
62.1105 14.6082 45.1145 -0.388663 0 3.8 1 -0.57331 0.222454 255 16 16
76.3818 -5.00575 43.6772 -2.1026 -0.59387 -3.5 0 -0.394021 0.828817 12 12 255
67.6913 5.16825 45.2147 -0.340382 0 -0.7 0 -0.75924 -0.639873 255 83 83
83.528 16.1285 29.344 0.0655667 0 -3.9 0 -0.106319 -0.596853 146 146 255
70.684 3.71025 32.0892 -0.596515 0 1.93946 0 0.539393 -0.415199 235 235 255
73.9283 28.1295 23.9535 0.392741 0 0.17683 0 -0.0998939 0.109728 95 95 255
76.638 -3.8015 26.565 -0.853075 0 -3.5 0 -0.48463 -0.871241 32 32 255
72.621 -4.241 39.7977 -0.073359 0.550426 -3.5 0 -0.705809 0.295783 44 44 255
82.6803 26.5155 22.8237 -0.970103 0 -3.5 0 0.745946 -0.413 10 10 255
82.7645 21.2482 46.166 -0.254561 0 4.2 0 0.728203 0.250958 27 27 255
82.1858 -6.74025 36.1693 -1.83795 0 -3.5 0 0.399598 -0.833412 38 38 255
60.089 13.817 42.2282 -0.260227 0 3.8 1 -0.905777 -0.410185 255 7 7
66.8455 18.1017 20.0888 0.0885142 0 4.5 0 -0.981368 -0.029981 255 205 205
74.4085 13.6923 34.8932 -0.289908 0 -0.347905 0 -0.332 -0.575683 208 208 255
76.1693 22.334 19.479 -0.148959 0 -4.5 0 0.165114 0.0302455 69 69 255
73.9902 11.762 40.2465 -1.92111 -0.0533163 -3.5 0 0.368737 0.0762974 255 205 205
79.356 0.45425 48.8725 -0.347014 -0.38606 -0.8 0 -0.0655435 -0.554803 19 19 255
84.843 12.5325 49.56 -1.57798 -0.52877 -3.5 0 -0.520585 -0.0831303 10 10 255
64.4505 1.19525 43.2375 -1.62599 -0.0955444 -3.5 0 0.612498 0.000984829 80 80 255
74.054 -3.5015 28.0133 -0.816029 -0.150408 -3.5 0 0.0448654 -0.998986 126 126 255
62.9683 7.19325 44.176 -1.39525 -0.552403 -0.7 0 -0.51416 -0.217189 255 72 72
74.5472 20.9498 44.3302 -0.276831 -0.0746586 -0.0833465 0 0.202851 0.238667 13 13 255
77.9815 6.994 36.0215 -0.245847 0.22859 1.87187 0 -0.869475 -0.1038 133 133 255
70.2245 21.736 47.1 -0.110369 0.0230017 -3.46108 0 0.441558 0.771888 67 67 255
72.3012 7.33825 41.089 -2.67805 -0.557721 -3.5 0 -0.457946 -0.838985 255 147 147
68.0745 8.2605 34.5732 -0.605078 -0.139392 3.50489 0 0.54544 0.539308 255 36 36
62.803 35.0685 28.9792 0.196656 0 -3.2 0 -0.958866 0.265452 255 247 247
61.746 -0.233 36.102 -0.394952 0 -0.8 0 -0.444721 -0.84726 230 230 255
79.4952 1.99475 49.9173 -0.314523 0 -0.8 0 -0.14321 -0.201488 17 17 255
86.1578 5.4365 34.5583 -0.725101 -0.0424819 0.136766 0 0.96324 -0.165993 26 26 255
79.9045 -1.972 46.8335 -0.0905595 0 -3.9 0 0.490181 -0.480238 19 19 255
78.8555 26.833 38.9915 0.341382 0.134047 -1.57823 0 0.89897 -0.368469 218 218 255
79.5417 19.424 24.2425 -0.062346 0 3.8 0 0.636715 -0.484115 17 17 255
70.799 -5.758 34.5607 -0.0864687 0 -3.2 0 -0.445827 -0.148805 112 112 255
72.4743 13.1935 16.9185 -1.31663 -0.0167302 -3.5 0 -0.0907121 -0.429011 255 236 236
69.6273 0.122 22.5117 -3.74496 -0.0802229 4.5 0 0.125433 -0.836307 140 140 255
65.4242 0.72325 42.2508 -1.77082 -0.720948 -3.5 0 0.74108 -0.312062 55 55 255
75.583 9.07975 20.5485 -0.163938 -0.346747 -2.0783 0 -0.0548325 -0.188792 18 18 255
77.1602 9.99875 38.4485 -1.37351 0 4.5 0 -0.806793 0.55284 255 152 152
77.642 17.846 48.457 -1.21219 0 -3.5 0 -0.00480478 0.805607 6 6 255
79.618 30.2205 37.9258 -1.12296 -0.279763 -0.4 0 0.737247 0.111753 158 158 255
75.163 18.8838 20.8107 0.0246986 -0.163249 -1.3 0 0.585074 0.0480216 185 185 255
73.5407 -1.895 38.607 -0.426452 -0.0114997 -1.3 0 -0.389573 0.171815 102 102 254
63.195 35.666 30.1443 -0.820109 0 -3.2 0 -0.902684 0.344787 255 216 216
82.901 21.4147 44.2848 -0.188591 0 4.2 0 0.738709 0.36646 31 31 255
72.0805 22.4395 21.3015 0.494014 0.718338 -2.22045e-15 0 -0.45591 0.208381 127 127 255
87.2805 1.199 29.8722 0.244333 0 -4.5 0 0.759421 0.46709 1 1 254
88.449 10.5005 39.243 -0.193477 0 -3.5 0 0.692939 0.613721 173 173 255
76.2958 -9.2055 41.4835 -1.85231 -0.588042 -3.5 0 0.0317418 -0.8901 21 21 255
69.3333 -3.7445 36.5945 -0.796255 0 -3.2 0 -0.746256 0.473499 255 233 233
66.9433 8.2705 47.9422 0.44293 0.17675 -0.7 0 -0.79517 -0.153069 255 231 231
77.3815 1.881 48.9325 -0.307246 0 -0.8 0 -0.49414 -0.0215876 32 32 255
83.8203 6.16475 24.0413 -0.0873276 0 4.2 0 0.522347 -0.518962 20 20 255
83.275 -1.59175 35.7155 -0.117371 -0.45677 0.225766 0 0.905971 -0.353405 27 27 255
71.342 12.7808 17.4037 -1.90029 -0.345862 -3.5 0 -0.501997 -0.339073 255 151 151
75.0395 -8.762 41.347 -1.2945 0 -3.5 0 -0.116775 -0.975349 8 8 255
79.4727 -5.05925 25.1663 -2.0002 -0.714641 -3.5 0 -0.172785 -0.964605 4 4 255
66.3895 36.3923 30 -0.67458 0 -3.2 0 0.761277 0.517126 221 221 255
86.2495 11.2935 48.9058 -1.87053 -0.524689 -3.5 0 0.368666 -0.875552 9 9 255
86.002 8.2095 30.2655 -0.640583 -0.780781 -3.5 0 0.369669 0.40384 37 37 255
73.9082 0.5175 33.7005 -0.349777 0 3.8 0 -0.862856 0.43334 140 140 255
69.9555 -4.95275 35.2915 -0.720009 0 -3.2 0 -0.669371 0.127992 186 186 255
74.633 -4.471 42.2287 -0.498596 0 -3.5 0 -0.0937659 0.794915 38 38 255
64.0452 15.1567 28.9643 -0.0110433 0 3.8 1 -0.677675 -0.31499 255 0 0
87.3503 14.453 48.0998 -0.616516 0 -3.5 0 0.986168 0.0539247 3 3 255
78.9258 22.0615 40.4118 -0.0459352 0 3.83128 0 0.523616 0.850661 30 30 255
81.0975 -0.9225 46.5955 -0.718628 -0.231199 -0.778929 0 0.329006 -0.882733 17 17 255
82.3805 14.6707 47.939 -0.593015 0 -3.5 0 -0.130127 -0.0640811 5 5 255
79.373 -2.364 42.249 -0.762321 -0.623382 -3.9 0 0.126311 -0.971625 27 27 255
64.506 28.9475 38.441 1.30013 0.803937 -3.9 1 -0.997882 -0.0608235 255 4 4
70.817 13.701 53.2105 -1.8962 -0.122672 -3.5 0 0.591287 0.708533 27 27 255
81.4275 14.2625 29.2568 -0.175697 0 3.8 0 0.88202 -0.167237 92 92 255
77.0823 1.20175 26.283 -0.408877 0 -3.5 0 0.727774 0.0578687 88 88 254
79.472 15.165 28.3913 -0.444514 -0.408655 1.25106 0 0.75887 0.638952 139 139 255
82.127 30.5625 24.3545 0.90799 0.90803 -3.5 0 0.921075 0.149071 78 78 255
77.725 9.7465 19.8145 -1.00054 -0.725233 -0.8 0 0.308766 -0.72899 62 62 255
78.711 7.718 32.582 -0.302845 0 4.2 0 -0.920567 0.318599 51 51 255
83.845 7.56775 27.8065 0.171889 0.025331 4.2 0 0.913333 0.40353 34 34 255
64.185 23.593 22.8275 0.79799 0 -4.5 0 -0.952113 -0.253355 255 41 41
73.381 15.1655 16.7798 -1.14787 -0.309413 -3.5 0 0.297625 0.518007 255 215 215
64.5042 9.82475 45.1353 -0.222688 0 -0.7 0 -0.789736 -0.360911 255 135 135
74.0212 14.6397 35.6818 -0.205653 0 -1.09599 0 -0.172723 -0.899176 250 250 255
83.6035 18.689 42.9007 -0.326898 0 -0.8 0 0.573827 0.818796 57 57 255
78.6045 32.696 27.3127 1.0411 0 -3.5 0 -0.205173 0.790764 255 103 103
81.6953 27.4188 31.2175 -0.00164209 0 4.2 0 0.969495 0.121218 117 117 255
64.5435 29.977 31.8783 -0.353978 -0.00241152 4.5 1 -0.494167 0.141413 255 27 27
87.4457 5.08625 30.4355 -0.665541 -0.266104 -4.5 0 0.852625 -0.0659765 2 2 255
72.7885 21.0917 48.5095 -1.11019 0 -3.5 0 0.465538 0.819793 8 8 255
72.749 -4.9635 34.1418 -0.23607 0 -3.2 0 -0.272316 -0.264949 89 89 255
68.1085 2.91675 36.3418 -0.246441 0 -0.794103 0 0.801451 -0.590227 235 235 255
88.826 10.514 35.163 -1.45799 -0.837196 -3.5 0 0.524251 0.0335867 126 126 255
80.9962 12.3752 48.839 -0.579709 0 4.2 0 0.106139 0.202837 17 17 255
77.5013 6.182 36.5115 -0.253955 0.470383 1.25047 0 -0.828777 -0.0400788 133 133 255
86.693 9.89625 34.815 -0.446696 0 -3.5 0 0.499995 0.119918 126 126 254
64.493 21.867 28.1775 0.0548942 0 4.2 1 -0.812489 -0.0261952 255 2 2
73.5807 32.4528 30.262 -0.233123 0 -3.5 0 0.210669 0.757041 255 116 116
73.0297 6.31175 34.0093 0.171207 0 -1.3 0 -0.0851809 -0.692587 255 172 172
79.4335 8.788 49.639 -1.1787 -0.884542 -0.8 0 -0.123377 0.420689 50 50 255
70.7515 10.6213 53.397 -1.76197 0 -3.5 0 0.523115 -0.48617 157 157 255
83.4565 -4.84325 38.0055 -0.437859 0 -3.5 0 0.732553 -0.416574 19 19 255
78.9512 24.7875 43.3445 0.985395 0 3.63122 0 0.889444 0.385729 53 53 255
71.8962 30.8675 39.8875 -0.304505 0 3.8 0 -0.376191 0.925039 157 157 255
78.088 -2.9995 43.1265 -0.489487 0 -3.9 0 0.251002 -0.817604 21 21 255
72.9433 34.0513 42.6605 -1.21056 -0.428204 -3.5 0 -0.390103 0.534699 184 184 255
76.049 33.0518 45.4767 -0.477121 0 -3.5 0 0.586845 0.19939 28 28 255
78.9587 32.0565 39.2735 -0.125146 0 -0.4 0 0.751715 0.573849 112 112 255
77.2305 10.103 39.5265 -1.30286 0 1.71154 0 -0.67449 0.652481 255 117 117
75.8755 31.839 45.503 -0.464203 0 -3.5 0 0.671453 -0.206765 25 25 255
63.52 8.1955 28.91 -1.04364 -0.814265 -0.7 1 -0.956396 0.260185 255 8 8
77.4285 13.4585 18.8895 0.301096 0.268951 -3.5 0 0.462957 0.114107 62 62 255
87.815 6.005 32.9 0.38342 0.431476 -3.5 0 0.889336 -0.242145 13 13 255
88.0555 15.2585 34.298 -0.20171 0 -0.7 0 0.474996 0.82096 71 71 255
62.742 25.169 27.8805 0.0194004 0 4.5 1 -0.781731 -0.616316 255 9 9
77.2128 1.6645 42.9793 -0.187796 0 4.5 0 -0.853753 -0.471476 34 34 255
73.1755 35 43.173 -1.79578 -0.652748 -3.5 0 0.0146349 0.822935 144 144 255
75.9595 -9.3375 42.618 -1.97584 -0.00301783 -3.5 0 -0.183703 -0.957704 35 35 255
80.3355 16.5103 29.8375 -0.169216 0 -3.54622 0 0.165552 -0.0293573 139 139 255
85.8792 10.5922 34.2052 -0.463274 0 -1.15717 0 0.726793 -0.0667674 95 95 255
74.98 -0.842 24.7955 -0.491629 0 -3.5 0 -0.0596597 -0.18969 103 103 255
65.8897 23.4555 18.8645 -0.1387 0 -4.5 0 0.065317 0.606737 108 108 255
82.0225 30.936 27.3037 7.15355 0 -3.5 0 0.710207 -0.136173 141 141 255
70.8867 30.7943 37.9505 -0.490851 -0.346888 3.8 0 -0.088861 0.913973 255 189 189
65.1665 23.364 39.3268 -0.120988 0 4.5 1 -0.671191 0.250052 255 2 2
74.589 -8.199 37.123 -1.50791 -0.403144 -3.5 0 0.040777 -0.889704 33 33 255
86.4019 7.75775 42.2093 -1.19864 -0.288069 -3.5 0 0.781099 -0.251985 38 38 255
62.948 29.9615 28.134 0.0514402 0 4.5 0 -0.510131 0.311105 255 138 138
75.7387 8.6755 37.8633 -1.49985 -0.661736 -1.3 0 -0.915296 0.241748 255 248 248
78.5117 14.2865 23.0308 0.183446 0 -0.855415 0 0.764989 0.60184 103 103 254
84.9287 11.4058 48.945 -2.1804 -0.213725 -3.5 0 -0.450513 -0.753774 10 10 255
83.3175 9.1085 26.3605 -0.118345 0 4.2 0 0.847782 0.500466 63 63 254
77.127 9.1955 34.8155 -0.384027 0 4.5 0 -0.713361 -0.509548 199 199 255
82.953 10.1925 32.3715 -0.710167 0 4.03358 0 0.512514 0.421616 88 88 255
70.876 -6.701 36.888 -0.747023 0 -3.2 0 -0.194505 -0.923749 53 53 255
69.22 12.3785 48.7752 0.305176 0 -3.12299 0 -0.680528 0.638677 89 89 255
72.549 12.7775 38.04 -0.718815 0 2.8 0 0.682395 -0.461055 255 207 207
79.1103 12.0695 19.5972 -0.149293 0 -0.8 0 0.721381 0.240155 98 98 255
83.2432 8.6405 27.8795 -0.0611387 -0.00390287 4.2 0 0.89645 0.43906 58 58 255
85.4005 3.6485 27.021 0.0918972 0 1.8 0 0.597947 -0.110231 7 7 255
80.1527 22.6963 35.396 -0.452524 0 2.5 0 0.532365 0.384388 189 189 255
76.9642 25.7243 44.6317 1.30304 0.0609414 -3.86709 0 0.0876485 0.456966 66 66 255
87.9857 0.01575 33.1693 0.142809 0 -4.5 0 0.897941 0.124616 7 7 255
84.4795 13.4323 49.0708 -1.48704 0 -3.5 0 -0.546214 -0.103985 8 8 255
86.9805 12.2745 48.8255 -1.61344 -0.00504882 -3.5 0 0.820821 -0.182837 6 6 255
80.0977 -4.76175 26.271 -1.63365 -0.650817 -3.5 0 0.393332 -0.886497 6 6 255
65.9358 4.9865 25.1065 -0.590773 0 -0.18306 1 -0.66866 0.0557521 255 204 204
81.8603 29.8115 26.444 3.97268 0 -3.5 0 0.827263 -0.18673 91 91 255
72.4045 7.1915 20.6415 -1.60545 -0.189666 -3.5 0 -0.278555 -0.208552 79 79 255
72.5755 5.57 47.5775 -0.698237 0 1.8 0 -0.27426 -0.946043 255 240 240
63.6258 7.387 26.0228 -0.196307 0 -0.7 1 -0.668804 0.524217 255 29 29
79.6123 31.0368 31.0252 0.119673 0 4.2 0 -0.274872 0.8794 255 187 187
85.0768 21.389 31.7795 -1.46516 -0.0139665 -3.5 0 0.715927 -0.679547 255 180 180
84.217 -1.2395 33.5675 0.158763 0 -4.5 0 0.174764 -0.780128 13 13 255
74.104 5.136 21.0387 -0.674467 0 -2.20934 0 -0.294116 -0.0998202 83 83 254
77.298 14.9867 50.6198 -2.15418 -0.0487346 -3.5 0 0.0650249 0.160099 6 6 255
75.2503 30.433 31.8993 0.236887 0 -2.26097 0 0.583789 0.809609 255 75 75
72.3463 10.5025 34.2043 -0.28583 0 -1.3 0 0.00814517 0.347015 255 75 75
87.7445 0.44325 30.8333 0.531597 0 -4.5 0 0.900329 0.416432 1 1 255
79.406 27.256 40.0545 0.0151522 0 -3.5 0 0.818942 -0.444227 152 152 255
65.0803 21.669 48.2113 -2.01206 0 -3.5 0 -0.85482 0.339302 90 90 255
87.0645 4.675 32.785 -0.268078 0.788211 -3.52435 0 0.861342 -0.139993 3 3 255
79.34 18.3065 25.1787 -0.223856 0 3.18592 0 0.976614 -0.214871 17 17 255
67.2797 22.5112 48.2555 -2.16448 -0.0390911 -3.5 0 0.283197 0.775979 71 71 255
84.17 -3.804 30.421 0.253819 0.589293 -4.5 0 -0.121387 -0.927528 2 2 255
87.5055 14.0723 42.6403 -1.39869 0 -3.5 0 0.971608 -0.0762313 42 42 255
66.7485 31.3137 28.0068 0.516316 0.316811 -0.262941 0 -0.169759 0.624821 255 169 169
81.4955 12.2437 23.8482 -0.464013 -0.670677 -1.6 0 0.857981 0.334635 35 35 255
73.913 -3.0265 32.9935 -0.354851 0 3.8 0 -0.869215 -0.393972 115 115 255
80.3538 29.3892 40.3177 -0.643624 -0.429732 -3.5 0 0.914807 0.306322 145 145 255
72.38 19.2717 19.709 -0.769193 -0.707983 -0.0511905 0 -0.00913525 0.536367 176 176 255
79.674 -4.8225 37.784 -1.72448 -0.0973928 -3.5 0 -0.383268 -0.441329 51 51 255
77.5957 -6.476 42.9863 -2.48904 -0.398457 -3.5 0 0.957778 0.211837 24 24 255
82.7038 -4.3115 38.5105 -0.499034 0 -3.5 0 0.429367 -0.242409 28 28 255
80.5687 22.5483 46.032 -0.131834 0 4.2 0 -0.0110535 0.68524 21 21 255
79.77 -3.327 45 -0.242105 0 -3.9 0 0.435399 -0.900238 19 19 255
81.6015 -6.89575 34.1715 -1.55454 -0.841696 -3.5 0 0.376596 -0.863539 37 37 255
63.759 16.667 36.255 -0.0994508 0 1.8 1 -0.885841 -0.37637 255 1 1
84.1472 14.7823 49.4105 -0.5519 0 -3.5 0 -0.460546 0.111706 6 6 255
68.4755 23.1472 20.0648 0.331284 0 -4.5 0 0.582613 0.495079 95 95 255
74.047 32.831 28.468 -0.706374 -0.276696 -3.5 0 0.170526 0.957797 255 95 95
70.103 19.854 19.8358 0.247647 0 4.5 0 0.250335 0.533127 134 134 255
63.3 -0.342 43.0045 -2.1136 -0.454941 -3.5 0 -0.0660093 -0.929525 113 113 255
74.405 34.4478 43.4265 -1.49329 -0.456652 -3.5 0 0.284223 0.876414 105 105 255
79.0478 31.8503 27.988 1.5613 0 -3.5 0 -0.0317622 0.624469 255 145 145
83.3925 -2.37875 36.44 -0.191719 0 -3.5 0 0.975077 -0.0940203 24 24 255
84.4495 15.6798 36.4305 -0.991498 0 -3.9 0 0.732186 0.352856 76 76 255
76.2692 11.0385 40.9487 -1.21049 0 0.448112 0 -0.12093 0.116808 255 112 112
72.171 2.1965 31.8923 -0.598008 0 2.8 0 -0.0911573 -0.109777 155 155 255
80.25 29.449 21.1523 0.654353 0.538542 -3.5 0 0.122633 -0.296047 30 30 255
78.0845 -0.1545 48.546 -0.280135 0 -0.8 0 -0.420214 -0.661021 41 41 255
83.091 -6.15675 35.357 -2.4716 -0.240304 -3.5 0 0.911913 -0.408493 31 31 255
81.3155 27.6693 33.0762 -0.0307541 0 4.2 0 0.720773 0.153873 94 94 255
64.78 16.615 35.2583 0.0498429 0 1.8 1 -0.810626 -0.204519 255 0 0
69.1562 13.5344 34.8379 -0.266869 0 -0.4 0 0.682694 -0.707076 255 21 21
67.4721 8.72925 35.4426 -2.09926 0 4.5 0 0.951737 0.278 255 41 41
86.782 13.7087 37.2095 -0.418775 0 -0.7 0 0.343717 0.300443 118 118 255
72.761 31.9877 37.4899 -0.0354968 0 3.8 0 -0.423042 0.811892 207 207 255
77.8932 18.1807 22.9198 0.178028 0 -1.3 0 0.609517 0.540298 26 26 255
66.0271 32.5309 28.6728 0.573745 0 -3.2 0 0.00244944 0.166983 255 179 179
86.4413 13.0763 40.095 -1.00276 0 -3.5 0 0.76613 0.154747 129 129 255
76.7887 -7.37762 33.9383 -0.0133381 -0.0254269 -0.7 0 -0.462189 -0.87944 31 31 255
71.6825 14.3945 47.6838 -0.207754 0 -3.9 0 0.211394 0.245261 15 15 255
80.596 33.1884 26.0019 2.11835 0 -3.5 0 0.343909 0.936799 206 206 255
71.5795 21.293 48.5385 -1.27275 0 -3.5 0 0.127329 0.988054 9 9 255
72.1035 25.26 24.3245 0.472551 0 4.5 0 0.0142992 0.643422 75 75 255
85.4525 17.3423 34.746 -0.0900102 0 -3.9 0 0.983418 0.0426359 83 83 255
62.4096 3.23487 34.0042 -0.0963689 0 -1.2255 1 -0.679201 0.494142 255 102 102
83.424 17.1061 28.5411 0.0156649 0 -3.9 0 -0.247161 -0.418057 156 156 255
64.0121 22.8474 30.0736 -0.0252196 0 4.2 1 -0.911683 -0.0795397 255 1 1
86.4474 2.317 29.7776 0.232929 0 -4.5 0 0.778136 0.0516537 3 3 255
73.5971 12.5139 34.2301 0.311831 0 -4.5 0 -0.0447286 -0.478189 255 242 242
88.0924 -0.142063 32.1058 0.764748 0 -4.5 0 0.970389 0.227035 3 3 255
73.4001 2.114 32.0034 -0.425338 0 2.8 0 -0.297297 0.337352 179 179 255
65.992 8.574 44.8148 0.348301 0.0149183 1.53658 0 -0.513877 -0.515542 255 138 138
64.6025 19.5578 29.052 0.0204309 0 4.2 1 -0.934955 -0.327236 255 0 0
66.0362 13.2404 46.7931 -0.526909 0 -0.7 0 -0.305028 0.854161 202 202 255
65.626 1.19138 39.1275 0.275759 0 -0.8 0 0.684657 -0.725005 103 103 255
73.236 30.4765 25.7055 0.275573 0 4.5 0 0.181078 0.848047 155 155 255
64.1 17.828 43.5595 -1.1479 -0.135655 -3.5 1 -0.950086 0.295993 255 17 17
67.4594 6.68425 23.7769 -0.0974816 0 4.5 1 -0.880845 0.36905 246 246 255
72.274 2.60812 39.8016 -1.11534 -0.0386675 -1.3 0 -0.505664 -0.199889 135 135 255
65.4003 17.5177 45.5597 -0.715512 0 -3.5 0 -0.629998 -0.616117 255 113 113
68.9122 16.0233 47.9613 -1.59695 -0.622117 -3.5 0 -0.089184 -0.516282 21 21 255
77.9157 32.9881 24.4136 0.518611 0 -3.5 0 -0.584776 0.793602 255 186 186
63.6857 8.1835 33.9427 -0.240752 0 3.70565 1 -0.27509 -0.32408 255 76 76
82.1755 5.51575 25.8659 -0.000234055 0 4.2 0 -0.211917 -0.908551 35 35 255
67.7075 22.3901 41.4979 -0.0786786 0 4.5 1 -0.737098 0.146584 255 50 50
76.5257 31.2362 36.8688 0.0835786 0 3.8 0 0.566483 0.702416 149 149 255
72.811 -3.0055 34.8985 -0.186517 0 -3.2 0 -0.682707 0.572132 116 116 254
73.9225 8.734 33.5045 -0.401376 0 -1.3 0 0.811798 0.297358 255 189 189
65.2945 34.2706 32.769 -0.043491 0 -3.2 0 -0.473264 0.452328 255 80 80
65.371 22.185 27.6365 0.204703 0 4.2 1 -0.655306 0.0219419 255 5 5
68.5405 11.9116 22.172 0.705307 0 -4.5 0 -0.831654 0.0553468 255 65 65
67.125 31.9646 35.1019 -0.168493 0.0465615 -3.5 0 -0.679976 0.699988 255 188 188
83.2974 9.078 45.8395 -0.429017 0 4.2 0 0.733041 -0.456023 40 40 255
74.6075 19.6005 46.2005 2.16513 0.159199 -3.9 0 0.118327 0.978998 4 4 255
63.3485 9.66512 33.5951 -0.167734 0 3.48917 1 -0.663237 -0.0430964 255 24 24
81.7609 -5.107 38.1186 -0.916195 0 -3.5 0 -0.0249673 -0.60598 36 36 255
89.5415 9.437 37.8295 -0.138742 0 -3.5 0 0.908677 0.182062 218 218 255
72.8186 24.2901 22.4035 0.549526 0 -1.71805 0 -0.43183 0.817723 115 115 255
80.0749 11.8586 48.7924 -0.596303 0 4.2 0 -0.122798 0.114927 23 23 255
84.4555 24.9832 30.4373 -0.588907 0 -3.5 0 0.448166 0.832702 109 109 255
79.313 4.78575 49.3153 0.21023 0 -0.8 0 -0.314583 -0.263853 78 78 254
80.398 5.15675 49.8395 -0.199446 0 -0.8 0 -0.0481817 -0.370928 106 106 255
76.0999 -8.17663 40.6683 -1.41992 -0.409093 -3.5 0 0.42732 -0.667452 16 16 255
60.5369 10.4635 40.8091 -1.57092 -0.0511273 -0.7 1 -0.850256 0.510181 255 10 10
73.8865 7.748 50.537 -0.506216 0 1.8 0 -0.109078 0.53229 170 170 255
82.514 30.3805 25.5005 2.93403 0.177778 -3.5 0 0.987167 -0.144965 85 85 255
76.8111 17.8215 21.631 0.274571 0 -1.3 0 0.63484 0.219002 58 58 255
79.606 30.8686 29.8414 0.216858 0 4.2 0 -0.181335 0.983402 255 201 201
65.5055 9.34663 45.4709 0.201026 0 -0.7 0 -0.514346 -0.780198 255 162 162
81.9844 21.0454 27.657 0.12554 0 3.8 0 0.753616 -0.13555 132 132 255
73.381 5.1255 40.206 -0.404456 0.144446 -1.3 0 -0.693284 0.240447 222 222 255
79.3511 22.1427 38.4011 -0.122827 0 3.8 0 0.225668 0.956684 78 78 255
70.124 28.4756 24.6774 0.377836 0 4.5 0 -0.0252546 0.162031 138 138 255
73.093 8.98 49.679 -1.86269 0 -3.21855 0 0.22413 0.0610049 205 205 255
72.5555 -0.385125 29.1004 -0.173171 0 -3.5 0 -0.929413 -0.249335 139 139 255
86.0423 23.1192 32.1722 -1.78847 -0.654889 -3.5 0 0.993021 0.0120087 255 254 254
73.4327 14.055 38.3358 -0.353345 0 3.36038 0 0.388614 -0.75902 255 154 154
66.9805 9.6435 27.8452 -0.70403 0 -4.5 1 -0.474366 0.870458 255 34 34
81.4349 2.0845 26.373 0.097841 0 -3.9 0 -0.0454601 0.916866 12 12 255
83.1591 27.5441 24.7571 -0.619947 -0.112924 -3.5 0 0.976285 0.203008 39 39 255
70.1185 32.499 36.504 -0.373873 0 -3.5 0 0.32228 0.811379 183 183 255
87.1407 -0.92875 33.7779 0.388082 0 -4.5 0 0.414844 -0.22984 10 10 255
87.9139 -1.09913 33.1007 0.523762 0 -4.5 0 0.850318 -0.098237 7 7 255
73.9911 12.7649 40.2195 -1.14443 0 3.60894 0 0.348511 -0.432399 255 164 164
80.6598 24.6147 33.3288 0.500159 0 2.5 0 0.780208 0.486507 117 117 255
66.1316 26.1396 36.7394 -0.169356 0 -3.9 1 -0.999376 -0.0188988 255 0 0
87.5173 0.25925 28.7605 0.475114 0.178021 -4.5 0 0.77887 0.466095 2 2 255
75.5098 23.3804 45.7126 0.326334 0 -3.9 0 -0.0363543 -0.476899 42 42 255
84.0724 8.10825 24.5574 -0.0689156 0 4.2 0 0.928264 0.195696 23 23 255
75.7416 5.8955 50.1427 -0.224179 0 1.8 0 0.439632 -0.183939 170 170 255
74.7316 2.675 36.2337 -0.776596 0 -1.3 0 -0.510675 0.365746 149 149 255
83.244 -1.677 25.233 1.28394 0 -3.9 0 0.149688 -0.959619 8 8 255
71.649 1.893 37.4308 -0.441002 0 -1.3 0 -0.799868 0.036134 136 136 255
85.8765 15.9749 42.7974 -0.835127 -0.498228 -0.8 0 0.634029 0.567278 28 28 255
78.0246 -3.7525 45.0904 0.368829 0 -3.9 0 -0.124968 -0.953404 24 24 255
87.2316 12.4054 40.7134 -0.647687 0 -3.5 0 0.976199 0.0159204 111 111 255
67.7689 1.0115 32.5747 -0.110349 0 -1.6 0 0.537657 -0.843068 85 85 254
62.6366 -0.782125 36.4466 -0.287923 0 -0.8 0 -0.307757 -0.937866 148 148 255
80.7566 22.6539 23.2146 -0.0813015 0 3.8 0 0.856938 0.114642 27 27 255
78.7296 17.3995 23.3856 0.0945348 0 -1.3 0 0.902608 0.0884637 38 38 255
60.0859 14.5903 43.0561 -0.276447 0 3.8 1 -0.92315 -0.222793 255 6 6
84.3134 -0.755625 36.9528 -0.584685 -0.556302 1.8 0 0.776464 -0.477447 22 22 255
64.7171 14.3509 38.1732 -1.66441 0 3.8 1 -0.895803 0.00198648 255 11 11
62.9027 5.21688 34.5251 -0.815954 -0.0406735 4.5 1 -0.452987 0.0757089 255 63 63
65.1712 7.416 30.5314 -0.33776 -0.758003 -0.0849709 1 -0.830426 -0.0928476 255 9 9
69.722 20.905 49.045 -0.632887 0 -3.5 0 -0.414112 0.721187 16 16 255
68.7794 4.14962 37.1661 -0.343947 0 4.5 0 0.897762 -0.419638 229 229 255
73.6008 -7.8745 37.466 -1.33249 -0.160348 -3.5 0 -0.609237 -0.762495 32 32 255
81.0175 -7.07137 35.0691 -1.59032 -0.728418 -3.5 0 0.187297 -0.972968 45 45 255
68.7063 2.71325 35.3408 -0.205297 0 -1.6 0 0.738152 -0.540755 255 236 236
84.563 2.223 37.196 0.499269 0 1.8 0 0.925966 0.336419 46 46 255
60.8485 2.94425 40.4128 -0.278421 0 -3.5 0 -0.972704 -0.230429 255 235 235
69.103 10.169 50.086 -0.440973 0 -3.5 0 -0.900752 -0.396474 184 184 255
83.747 -1.1705 43.676 -1.0803 -0.297983 -0.4 0 0.733353 -0.676105 7 7 255
73.953 10.2118 31.4644 -0.490547 0 -1.3 0 0.928363 0.0612966 206 206 255
77.4597 -3.81 25.6365 -0.949759 0 -3.5 0 -0.388841 -0.742715 12 12 255
65.9528 20.7121 49.3018 -1.66974 -0.186598 -3.5 0 -0.400047 0.151093 56 56 255
78.7115 26.15 38.176 0.967055 0.625738 -0.9 0 0.931653 -0.36015 255 245 245
80.2155 21.6203 40.4347 -0.00928587 0 3.8 0 0.705546 0.707027 17 17 255
71.0006 5.11363 44.9193 -0.516955 0 -0.7 0 0.142902 -0.907936 255 209 209
60.1991 14.1433 41.1921 -0.235568 0 3.8 1 -0.812478 -0.246243 255 9 9
81.9234 -2.12475 30.7502 0.160667 0 -1.06866 0 0.0449218 -0.959008 9 9 255
76.9865 13.3317 38.7767 -0.771049 0 3.8 0 -0.670381 -0.73897 255 168 168
80.1255 21.21 46.8795 -0.248598 0 4.2 0 -0.310464 0.213309 12 12 255
75.6251 17.8814 48.6167 -0.182193 -0.0937807 -3.70594 0 0.0502775 0.474877 4 4 255
78.773 16.1168 49.8597 -0.999516 0 -3.5 0 0.316724 0.274561 6 6 255
62.6557 0.314875 40.5132 -0.805491 0 -3.5 0 -0.576149 -0.817324 140 140 255
62.8607 12.171 36.904 -0.173907 0 4.5 1 -0.173576 0.984544 255 6 6
85.0029 16.3886 44.4604 0.011373 0 -0.8 0 0.694902 0.686967 21 21 255
68.8884 4.62313 39.7605 -0.545545 0 4.5 0 0.84099 -0.177179 161 161 255
64.8621 3.87775 26.5662 -0.681509 -0.532215 1.40034 0 -0.839121 -0.543554 255 173 173
85.1042 21.2014 32.8904 -0.624048 -0.0130248 -3.81846 0 0.863524 -0.36961 255 161 161
88.1405 11.1776 37.7109 -0.764508 0 -3.5 0 0.508166 0.762691 195 195 255
81.8148 25.1397 23.156 -1.83789 -0.00301565 -3.5 0 0.689632 -0.682071 17 17 255
80.8154 11.099 22.3008 -1.09346 0 -1.6 0 0.71201 -0.0566613 43 43 255
60.3495 0.7325 35.581 -1.3415 0 -0.8 0 -0.642334 -0.485129 255 212 212
74.3705 32.591 39.9275 0.724967 0.809997 -0.4 0 -0.468327 0.790227 93 93 255
83.2544 -0.691375 45.1905 -0.476938 -0.057781 -0.4 0 0.71295 -0.617981 5 5 255
74.5814 3.39075 41.8649 -0.434098 0 2.73282 0 -0.601257 -0.758519 141 141 255
83.76 17.4275 36.74 -0.329122 0 -3.9 0 0.811813 -0.0129527 145 145 255
82.9252 12.9248 31.8916 0.497472 0 3.8 0 0.657753 -0.234942 56 56 255
83.097 24.8826 32.2459 -0.923931 -0.404262 -3.5 0 -0.0734581 0.775106 91 91 255
65.5575 10.4625 48.1455 -0.322724 0 -0.7 0 -0.226516 -0.520337 209 209 255
68.255 10.4567 48.9799 -0.496148 -0.610669 -1.71469 0 -0.675011 -0.16454 194 194 255
81.5663 13.8258 27.4077 -0.00610553 0 -1.6 0 0.923589 0.281839 90 90 255
64.1155 23.7195 28.4083 0.0440426 0 4.21322 1 -0.844508 -0.294785 255 4 4
77.512 4.96362 36.4588 -0.311198 0 3.8 0 -0.843327 0.20794 126 126 255
81.9914 13.5445 25.5872 0.263273 0 -1.6 0 0.880063 0.464416 56 56 255
65.7711 7.53562 25.8202 -0.141935 0 -0.7 1 -0.285128 0.572184 255 44 44
65.2633 22.0246 36.0892 -0.0430636 0 4.42814 1 -0.979806 -0.186463 255 0 0
77.2343 8.11438 36.3025 -0.357099 0 0.183392 0 -0.801111 -0.381573 196 196 255
66.1114 20.4856 20.288 0.256296 0 -4.5 0 -0.513386 -0.856863 223 223 255
70.0872 29.9425 24.958 0.176056 0 4.5 0 -0.20917 0.473819 99 99 255
67.6732 12.3472 28.6675 0.267436 0 -0.0638205 1 -0.820689 -0.23505 255 8 8
68.4374 7.67137 39.8402 -0.525702 0 4.42576 0 0.94325 0.144278 255 161 161
71.9454 0.691875 37.4416 -0.305405 0 -1.3 0 -0.819676 -0.265853 142 142 255
78.0312 23.2715 38.413 -1.25406 -0.498157 -0.9 0 0.947863 0.297162 88 88 255
79.8295 22.1751 41.2142 0.019428 0 4.2 0 0.375621 0.73651 19 19 255
63.984 24.205 29.6996 -0.0233057 0 4.37208 1 -0.906094 -0.153151 255 2 2
70.5683 22.4249 45.9216 -0.478563 0.0756596 -3.26803 0 0.647801 0.372719 95 95 255
70.8279 25.4775 24.4002 0.483043 0 4.5 0 0.113122 0.45739 106 106 255
85.1535 6.151 43.377 -0.391385 0 -3.5 0 0.557102 -0.358294 72 72 255
72.0555 0.1115 26.1265 -0.350677 0.529536 -3.17798 0 -0.962228 0.126035 168 168 255
65.5867 3.88238 30.4426 -0.095602 0.40934 0.70335 0 -0.947747 -0.166294 255 93 93
82.2036 13.4066 48.0464 -0.523949 0 4.2 0 0.127702 0.191698 9 9 254
78.9875 25.5891 41.6836 0.299176 0 -3.5 0 0.899351 -0.385496 89 89 255
61.2445 12.4139 42.8944 -0.300511 0 -0.7 1 -0.829488 -0.0721702 255 7 7
79.4258 31.0082 39.7417 -0.418714 0 -0.4 0 0.883476 0.45327 135 135 255
75.2921 27.0737 43.5695 0.117416 0 -3.9 0 0.100699 0.317476 45 45 255
66.6801 9.88988 29.9835 0.0110809 -0.148617 -3.20509 1 -0.478862 0.626858 255 28 28
67.0963 1.4675 23.006 -1.81013 0 4.5 0 -0.837669 -0.421566 150 150 255
67.417 23.6805 19.6785 0.0403738 0 -4.5 0 0.367534 0.647359 111 111 255
74.8098 1.63725 22.1658 0.0564398 -0.438428 -0.7 0 0.0602637 -0.904494 140 140 255
82.749 19.6143 44.2928 -0.316742 0 1.80284 0 0.936262 0.293067 50 50 255
81.571 22.0993 25.877 -0.00901579 0 3.8 0 0.960109 0.0782112 26 26 255
78.387 30.3078 30.1497 0.213153 0 0.348601 0 -0.320493 0.787348 255 129 129
77.5556 8.762 31.1051 -0.22358 0 4.3372 0 -0.514142 0.180878 80 80 255
80.438 4.107 49.659 -0.392719 0 -0.8 0 -0.215837 -0.0357273 53 53 255
60.31 9.884 42.1195 -0.846636 -0.0515724 -0.7 1 -0.881992 0.287493 255 5 5
75.8934 19.2806 47.1336 1.78655 -0.0753539 -3.8141 0 -0.0295963 0.875618 7 7 255
77.4156 -3.92125 28.3277 -0.452997 0 -3.5 0 -0.315465 -0.942465 41 41 255
70.4297 7.34075 21.4377 -0.386495 0 4.5 0 -0.0280007 0.361984 79 79 254
77.6295 2.68025 25.084 -0.62131 0 -3.5 0 0.21565 -0.960895 49 49 255
74.5161 3.89738 21.075 -0.366226 0.128849 -1.45395 0 -0.297826 -0.230088 110 110 255
71.4597 -0.255 25.3002 -0.482681 0.507529 0.35428 0 -0.732803 -0.609103 183 183 255
80.1413 25.2367 34.351 0.0340279 0 2.5 0 0.871913 0.402393 127 127 255
65.5232 30.4755 39.503 1.99265 0.0663159 -3.9 0 -0.610432 0.761405 255 24 24
81.5125 11.3071 23.4581 -0.663305 -0.773262 -1.6 0 0.801732 0.28144 32 32 255
78.302 -4.882 27.4975 -0.518686 0 -3.5 0 -0.124361 -0.968117 9 9 255
68.5072 12.7019 34.6893 0.359956 0 -0.550884 0 0.879188 -0.461894 255 20 20
60.675 4.4915 41.253 -0.188616 0 -3.5 0 -0.876902 -0.0363016 255 225 225
69.1299 7.12725 35.9741 -0.56049 0 4.5 0 0.868297 0.478529 255 73 73
81.7605 -0.2805 23.3365 1.43585 0.00571488 -3.9 0 -0.531059 -0.174872 7 7 255
67.838 22.1334 25.7006 0.79232 0 -3.05315 1 -0.427429 -0.831004 255 18 18
65.5078 18.6389 47.9043 -1.80957 -0.197963 -3.5 0 -0.650777 -0.717154 97 97 255
75.0204 14.0828 36.0392 -0.423053 0 3.8 0 -0.611744 -0.693513 255 233 233
65.1143 13.371 37.3052 -0.382999 -0.595793 1.71969 1 -0.933432 0.266 255 8 8
68.1216 22.426 43.5035 -0.663982 0 -3.2 1 -0.943404 0.0429786 255 221 221
72.9435 31.3253 39.8083 0.245753 0 -0.0166925 0 -0.509894 0.841226 144 144 255
78.256 24.4595 45.2175 1.21025 0.893778 -3.9 0 0.483627 0.482036 58 58 255
80.3329 27.4669 33.6186 0.0359722 0 4.2 0 0.547336 -0.039892 107 107 255
74.945 26.1663 44.3558 0.614923 0 -3.9 0 -0.0910423 0.533097 45 45 255
77.7376 30.7931 23.6268 0.930924 0 -3.5 0 -0.846695 0.143654 255 224 224
80.3255 -7.40025 33.8085 -1.11232 -0.74004 -0.7 0 0.584377 -0.811372 25 25 255
69.122 1.1015 21.568 -2.03647 0 4.5 0 0.052903 -0.63311 127 127 255
65.5427 24.109 19.6515 0.149026 0 -4.5 0 -0.0827448 0.739083 176 176 255
78.5161 1.20138 49.2765 -0.27016 0 -0.8 0 -0.330367 -0.301511 24 24 255
76.4944 -3.47275 27.749 -0.125627 0 -3.5 0 -0.481323 -0.869534 47 47 255
78.4855 5.695 21.7005 -0.943058 0 -3.5 0 0.727036 0.482602 30 30 255
69.4062 7.1675 37.3112 -0.578718 0 4.5 0 0.894024 0.439185 255 159 159
65.4549 22.5557 32.2711 -0.058009 0 4.2 1 -0.980413 0.138267 255 0 0
69.2025 6.21825 35.3161 -0.476361 0 4.5 0 0.991969 -0.113978 255 96 96
86.7125 15 43.6795 -2.14153 -0.783713 -3.5 0 0.747617 0.589331 22 22 255
76.881 -6.8245 35.3185 -0.164138 0 -0.7 0 -0.0703199 -0.906703 21 21 255
81.2045 -3.447 24.7825 -1.92112 -0.246513 -3.5 0 0.862286 -0.325966 5 5 255
65.171 31.5755 28.4937 0.311528 0.303951 0.650305 0 -0.279286 0.287374 255 155 155
74.4639 7.41138 33.6101 -0.636599 0 -1.3 0 0.783825 0.223709 255 253 253
66.4147 20.2313 40.842 -0.317015 0 4.5 1 -0.732974 0.245563 255 18 18
67.9551 14.1716 45.6254 0.450441 0.839026 -3.9 0 -0.700371 0.448676 130 130 255
64.8229 -0.515 38.2715 -0.264584 0 -0.8 0 0.489948 -0.725693 91 91 255
63.3794 11.8354 34.817 -0.13475 0 1.87147 1 -0.499985 0.802108 255 12 12
65.6521 25.6119 35.0116 -0.439795 0 -0.7 1 -0.905119 0.0781901 255 0 0
75.3545 0.7075 24.7255 0.0438018 -0.0819207 -3.24684 0 0.478291 -0.488036 117 117 255
72.0765 32.082 42.2385 0.461981 0.729857 -3.5 0 -0.889597 0.36759 158 158 255
68.2099 11.4341 27.0467 0.636006 0 -4.5 1 -0.973234 0.228213 255 14 14
76.1357 28.8943 24.2127 1.30037 0.389244 -4.5 0 -0.273103 0.756721 214 214 255
70.004 31.3253 28.9083 0.0402655 0 4.5 0 -0.0789278 0.987862 255 237 237
75.4136 14.7655 48.328 -1.42756 -0.061294 -3.77646 0 -0.676804 -0.220936 7 7 254
72.6406 18.8604 50.3146 -1.63623 0 -3.5 0 0.22842 -0.522726 2 2 255
76.8077 6.875 21.5432 -0.655103 0 -3.5 0 0.408673 0.39351 18 18 255
71.2865 4.31337 21.3923 -0.493556 0 3.02028 0 0.405315 -0.103552 84 84 255
83.4904 9.35475 31.321 -0.846587 -0.428109 -0.686945 0 0.291321 0.854399 72 72 255
77.5794 32.6256 26.1667 0.88613 0.391907 -3.5 0 -0.473051 0.880802 255 113 113
67.7266 16.1799 45.7982 -0.573829 -0.550338 -3.5 0 -0.637627 -0.603013 211 211 255
76.644 0.734125 40.4235 -0.343307 0 3.45791 0 -0.722034 -0.274552 29 29 255
64.2249 17.4408 35.5775 0.00860856 0 1.8 1 -0.77137 0.0961378 255 0 0
74.1497 34.208 41.967 -0.225815 -0.0554474 -3.5 0 -0.134256 0.877875 100 100 255
70.848 31.3083 26.6535 0.111383 0 4.5 0 -0.0653683 0.825508 152 152 255
79.895 15.853 49.6273 -0.657617 0 -3.5 0 0.528158 0.206974 9 9 255
77.5267 0.21825 42.9725 0.194534 0 -3.9 0 -0.98045 -0.055587 25 25 255
66.8542 10.6058 25.4107 0.344005 0 -4.5 1 -0.895887 0.327192 255 94 94
65.2635 17.854 42.4195 -0.746307 -0.301127 1.59788 1 -0.776902 0.441326 255 13 13
82.9219 20.255 45.2603 -0.299306 0 4.2 0 0.994236 -0.0863102 38 38 255
70.8965 24.6555 44.8032 -0.570916 0 -3.2 0 0.619898 0.464998 139 139 255
68.414 9.047 39.4917 -0.284147 0 3.37673 0 0.919885 -0.36277 255 146 146
75.086 -3.799 30.6203 -0.71255 -0.941712 -0.7 0 -0.705814 -0.630516 89 89 255
67.3205 0.98175 26.491 0.030215 0 1.8 0 -0.279653 -0.910534 227 227 255
81.8652 11.6245 30.2414 -0.363911 0 3.8 0 0.955282 0.119237 82 82 255
68.5989 32.5025 29.5308 0.526828 0 -3.2 0 0.56681 0.537846 255 100 100
77.249 30.8447 29.5532 0.263135 0 -3.5 0 0.159895 0.721281 255 74 74
63.6899 6.06325 25.6589 -0.242662 0 -0.7 1 -0.598753 -0.145004 255 54 54
83.5247 8.63163 22.7766 -0.113604 0 4.2 0 0.793941 0.0719607 22 22 255
73.3614 17.182 48.3797 -0.828199 -0.051528 -3.5 0 0.00662848 -0.678402 4 4 255
74.4587 6.827 50.797 -0.411011 0 1.8 0 0.174482 0.117684 150 150 255
86.8815 14.5955 36.627 -0.328561 0 -0.7 0 0.0469721 0.69276 103 103 254
87.3552 13.7385 32.9485 -1.13398 -0.801604 -0.7 0 0.66431 -0.206214 55 55 255
74.1805 22.717 19.9835 0.384914 0 -4.5 0 -0.404111 -0.154804 106 106 255
79.9639 27.2792 41.0052 -0.704914 -0.136093 -3.5 0 0.700404 -0.583152 119 119 255
84.275 6.775 28.7127 0.707934 0.101721 4.2 0 0.760428 0.506367 21 21 255
60.3725 4.06462 39.7975 -0.36602 0 -3.5 0 -0.878917 -0.345271 255 199 199
82.1117 2.6525 27.3195 0.224257 0 -1.53517 0 -0.307753 0.546657 17 17 255
64.5485 17.6887 38.649 -0.283937 0 1.8 1 -0.874988 0.160737 255 12 12
67.9191 11.8704 25.9715 0.745587 0 -4.5 1 -0.798118 0.384922 255 22 22
63.4357 24.5565 28.3318 0.0180738 0 4.5 1 -0.70643 -0.698505 255 5 5
61.8592 1.90325 33.0747 -1.65259 -0.241798 -1.6 0 -0.917563 0.074726 255 146 146
76.0967 11.1375 36.429 -0.635821 0 4.5 0 -0.929158 -0.0553577 255 254 254
78.628 11.3524 19.0814 -0.250719 0 -0.8 0 0.486229 -0.238362 57 57 255
66.7142 7.751 45.1815 0.140289 0.231839 1.60567 0 -0.788919 -0.444743 255 130 130
75.043 -7.049 44.28 -1.26653 -0.0202237 -3.5 0 -0.306349 -0.049328 13 13 255
83.1465 14.1885 31.6316 -0.0429854 0 1.87994 0 0.62553 -0.350952 84 84 255
79.1957 -8.0485 33.118 -1.16917 -0.345548 -0.7 0 0.070039 -0.974413 20 20 255
72.9057 6.159 39.8322 -0.693961 0.108573 -2.50105 0 -0.853916 0.51875 255 253 253
78.188 14.6915 21.912 0.278362 0 -0.821423 0 0.738342 0.635606 83 83 255
63.5207 7.1025 28.388 -1.04674 -0.300095 -0.7 1 -0.922752 -0.125973 255 9 9
64.9392 12.6845 47.8076 -0.46403 0 -0.7 0 -0.364337 0.739651 255 241 241
74.4857 8.25575 39.7233 -1.2178 -0.717248 -2.25791 0 -0.462766 0.0842894 255 242 242
63.9635 24.454 20.561 0.633036 0.370664 -4.5 0 -0.599908 0.625991 255 170 170
69.0088 28.2239 41.6386 -0.433462 0 2.10513 0 -0.266601 0.892799 255 123 123
64.279 0.2175 34.462 -0.201044 0 -1.13032 0 0.303421 -0.851832 205 205 255
61.7173 2.214 34.1355 -0.402846 -0.271067 -1.6 1 -0.804863 0.00889248 255 148 148
78.69 27.7995 22.0115 0.0310796 0.225289 -3.63432 0 -0.118346 0.29079 77 77 254
72.7533 31.2919 43.8643 -0.291123 0 -2.06725 0 -0.8982 -0.19557 78 78 255
84.3597 6.95275 24.6709 -0.0612587 0 4.2 0 0.909059 -0.233757 21 21 255
61.0213 2.80338 39.3491 -0.0532301 0 -1.25298 0 -0.88042 -0.423047 255 199 199
84.1122 -1.78262 38.9801 -0.314561 0 1.8 0 0.52613 -0.79164 26 26 255
72.2777 -2.46738 25.8878 -0.22188 0 -3.5 0 -0.449047 -0.3251 197 197 255
72.3721 -6.21438 39.3796 -0.308703 0 -3.5 0 -0.944673 -0.326925 24 24 255
64.1941 34.4748 27.6094 0.131727 0 -3.2 0 0.0341141 -0.155445 255 251 251
80.6314 30.5699 21.272 0.23902 0 -3.5 0 0.356799 0.159994 35 35 255
84.6878 3.10488 36.412 -0.386829 -0.368553 3.8 0 0.864966 0.0288119 34 34 255
72.298 21.3405 21.1798 0.453847 0.636516 -1.77019 0 -0.135299 0.198632 136 136 255
72.2162 31.3144 33.7682 -0.0757848 0 1.77983 0 0.153889 0.928723 109 109 254
76.2511 7.13613 32.1642 -0.373526 0 4.5 0 0.0926372 0.703155 84 84 255
64.3901 8.88437 44.7137 -0.301016 -0.00815333 -0.7 0 -0.363815 -0.252901 255 106 106
68.0768 6.12825 21.6978 -0.236254 0 4.5 0 -0.702237 0.409548 97 97 255
81.1461 22.9394 45.0251 -0.0488868 0 4.2 0 0.410499 0.78824 20 20 255
75.5345 27.0662 21.4002 0.727606 0 -4.5 0 -0.484684 0.785152 88 88 255
70.2422 1.6295 21.8638 -1.40815 0 4.5 0 0.54601 -0.49019 143 143 255
83.0219 1.04188 42.178 -0.572304 0 0.349388 0 0.996934 0.0748724 8 8 255
73.663 -0.47425 35.0459 -0.346973 0 2.53593 0 -0.947063 0.308458 114 114 255
87.162 3.542 32.8812 -0.235726 0 -4.5 0 0.920618 0.165069 3 3 255
65.2839 6.122 32.4929 -1.42974 0 2.5 1 -0.969038 0.179668 255 64 64
60.8112 6.47175 35.4964 -0.241006 0 1.81361 1 -0.817179 0.0799283 255 83 83
72.9206 25.531 43.7663 -0.0691203 0 -2.3136 0 -0.0975744 0.0454358 41 41 255
59.9823 6.67112 37.7351 -1.51641 -0.342481 -0.4 1 -0.848237 0.469296 255 114 114
77.3702 17.107 49.7257 -1.71441 0 -3.5 0 0.0774049 0.633905 4 4 255
65.063 19.6286 48.6151 -1.50409 0 -3.5 0 -0.815755 -0.173598 77 77 254
65.8225 21.8867 46.3375 -1.44779 -0.67931 -3.5 0 -0.66636 0.674318 215 215 255
76.2 -3.371 41.312 -0.530598 0 -3.5 0 0.335394 0.518978 33 33 255
64.341 26.6928 30.4858 -0.0783864 0 4.5 1 -0.52559 -0.33118 255 5 5
65.0665 1.805 42.493 -1.44081 -0.035521 -3.5 0 0.619903 0.335039 102 102 255
66.9557 1.59738 24.5555 -1.03771 -0.172712 2.97456 0 -0.70003 -0.704642 178 178 255
74.4825 17.6768 48.8268 -0.254961 -0.455392 -3.5 0 0.168407 -0.233169 4 4 255
77.6865 8.329 34.741 -0.363773 0 4.5 0 -0.808087 -0.240015 123 123 255
70.0145 4.7855 44.6635 -0.451604 0 -0.7 0 0.175322 -0.763729 255 140 140
61.0168 8.0025 43.3092 -0.245819 0 -0.7 0 -0.542685 -0.30419 255 16 16
67.2113 2.43362 40.4545 -0.48469 0 4.5 0 0.535217 -0.52483 135 135 255
78.1525 25.6481 44.3619 0.819585 0.0516903 -3.71176 0 0.587553 0.117386 74 74 255
73.8175 0.7195 35.724 -0.526783 0 -1.3 0 -0.69606 0.357795 132 132 255
78.2821 28.6529 36.6307 -0.0802687 0 -0.9 0 0.909677 0.308323 203 203 255
82.3606 22.7437 34.9391 0.237284 0 -3.9 0 -0.188993 0.838032 223 223 255
79.6996 21.9426 36.3503 -0.263799 0 3.61712 0 0.429844 0.70948 190 190 255
77.813 -0.72425 42.3288 -0.190814 0 -3.9 0 -0.964373 0.143117 16 16 255
86.9615 12.457 33.5124 -0.495905 -0.0931083 -0.7 0 0.438095 -0.562697 59 59 254
77.9528 -2.1705 40.0619 -0.675757 -0.0243226 -2.59 0 0.222929 -0.958625 23 23 255
78.595 -5.698 37.049 -1.18775 -0.231227 -3.5 0 -0.275673 -0.466556 47 47 255
72.5033 17.8288 19.3773 -0.98335 -0.0677604 -1.3 0 0.118414 0.22699 246 246 255
72.0065 -2.3795 38.5175 0.244236 0.304545 -3.2 0 -0.324315 0.457655 129 129 255
80.7152 -2.64325 30.6785 -0.790254 0.33703 1.51545 0 0.601421 -0.794402 21 21 255
80.72 13.4395 48.547 -0.708667 0 3.54781 0 0.310755 0.123938 13 13 255
76.7331 -5.69088 41.1348 -0.977947 0 -3.5 0 0.930388 0.36484 28 28 255
72.5468 10.9097 39.61 -1.3274 -0.00230193 2.29235 0 0.442042 -0.27797 255 226 226
86.843 6.173 34.0135 -0.0918747 0 -3.5 0 0.754702 -0.536472 33 33 255
73.4975 21.7179 44.494 0.0966962 0 -3.70411 0 0.143078 0.16813 29 29 255
74.8035 3.886 36.5265 -0.555271 0 -1.3 0 -0.279369 0.549503 189 189 255
63.4953 25.3183 29.9263 -0.0542223 0 4.5 1 -0.638811 -0.432726 255 4 4
72.8167 -0.3415 25.4145 -0.242342 0.631599 -2.10059 0 -0.032899 -0.499145 198 198 255
77.7667 11.5361 39.1637 -0.949792 0 4.19415 0 -0.996054 -0.00179158 255 79 79
74.0713 11.5933 48.6285 -0.709825 0 -2.44926 0 0.469633 0.340487 93 93 255
84.5573 11.2177 46.6032 -0.701596 -0.214053 0.354404 0 0.539633 -0.834156 12 12 255
88.1519 7.967 39.0326 0.0686615 0.157633 -3.5 0 0.66108 -0.53877 143 143 255
66.1151 1.40787 37.846 -0.288263 0.029055 4.16831 0 0.714277 -0.698591 152 152 255
74.4666 -3.054 26.5401 -0.749651 0 -3.5 0 -0.0839539 -0.858402 103 103 255
79.6121 -6.57825 30.7286 -0.355831 0 -0.7 0 -0.0607507 -0.417482 24 24 255
78.3626 27.5444 37.1414 0.128229 0 -0.9 0 0.991494 0.0973547 255 238 238
80.4551 2.94825 49.7551 -0.410995 -0.186957 -0.8 0 0.0722434 -0.031166 19 19 255
86.5451 12.0581 43.3981 -1.01774 0 -3.5 0 0.870645 -0.35365 45 45 255
64.1486 8.93188 33.1149 -0.249441 0 -0.8 1 -0.52071 -0.53084 255 42 42
71.8343 -6.56238 34.6126 -0.112686 0 -3.2 0 -0.0150458 -0.682462 62 62 255
79.1233 26.639 22.1292 -0.141317 -0.0174851 -4.15118 0 0.299381 0.0807416 42 42 255
73.7154 5.38375 31.9478 -0.616637 -0.308844 2.51455 0 -0.218635 -0.750891 195 195 255
84.5416 1.57812 27.0816 0.36948 0 -3.9 0 0.859501 0.246124 5 5 255
76.9615 15.0227 19.0432 0.514801 0.498967 -3.5 0 0.525528 0.568798 101 101 255
69.5543 4.75513 33.7286 -0.486796 0 0.293931 0 0.673891 -0.327403 255 150 150
77.3199 2.86538 21.0929 -1.95236 -0.672274 -3.5 0 -0.0265458 -0.825401 26 26 255
77.2193 5.44 49.2205 -0.611964 -0.303713 1.60361 0 0.0488324 -0.344082 143 143 255
75.8925 13.0915 36.025 -0.528463 0 4.15 0 -0.807365 -0.40409 255 237 237
63.6621 33.6328 28.2549 0.307332 0 -3.2 0 -0.432337 -0.616385 255 213 213
70.5592 32.3144 30.9856 -1.30343 -0.0710908 -3.2 0 0.392524 0.894729 255 213 213
74.6 28.2913 43.7385 -0.314935 -0.0248141 2.8 0 0.33694 -0.112915 35 35 255
76.9225 21.3043 44.7982 0.0458366 0.686158 -3.9 0 -0.460076 0.0746028 13 13 255
63.6775 12.8534 45.5573 -0.467701 0 0.7353 0 -0.766063 0.0438713 255 33 33
74.0985 30.8645 31.8001 0.278733 0 -1.20467 0 0.346125 0.887345 255 132 132
82.654 17.033 47.0405 -0.669959 -0.603085 -3.5 0 0.0803429 0.58442 5 5 255
84.5739 24.7299 33.4794 -1.90525 -0.0663061 -3.5 0 0.030556 0.904462 112 112 254
82.3565 -1.7925 43.3665 -0.755806 -0.565607 -0.4 0 0.418584 -0.895905 11 11 255
82.7887 19.5119 37.8616 -0.110123 0 -0.30104 0 0.607915 0.140791 198 198 255
76.0013 10.3715 30.1478 -0.0305737 0 4.5 0 -0.212364 -0.0653408 170 170 255
80.661 14.515 48.8145 -0.660783 0 -3.5 0 0.601682 -0.14173 13 13 255
65.0744 17.2084 39.6219 -0.227109 0.915053 3.8 1 -0.903836 0.259124 255 26 26
77.6489 30.4559 37.2853 -0.171719 -0.000507415 0.158324 0 0.581658 0.500229 123 123 255
64.1005 15.8413 44.3182 -0.8147 0 3.8 1 -0.313457 0.460063 255 16 16
89.0299 9.11725 38.8349 -0.0696788 0 -3.5 0 0.863032 -0.000875692 161 161 255
82.9201 27.9364 25.9774 -0.0857468 0 -3.5 0 0.831784 0.431057 60 60 255
79.8893 27.731 44.5805 0.0629937 0 -3.5 0 0.585502 -0.506409 55 55 255
72.4036 -3.25875 39.0924 -0.132237 0 -3.2 0 -0.267929 0.469497 75 75 255
70.6169 16.3004 47.614 -0.911695 -0.617911 -3.60441 0 -0.0518195 -0.184478 19 19 255
77.3777 2.78875 34.7235 -0.215202 0 3.8 0 -0.611516 0.791079 82 82 255
68.4153 3.55588 19.9702 -0.348147 0 4.5 0 -0.175581 -0.0962024 57 57 255
82.9615 26.1949 24.7668 -0.44379 0 -3.5 0 0.882068 -0.467888 30 30 255
63.8554 24.3419 21.9673 1.29771 0.175885 -4.5 0 -0.979772 0.152201 255 71 71
78.2982 31.4568 43.1058 -2.37111 -0.429484 -3.5 0 0.809729 0.156648 35 35 255
84.6544 7.99475 25.8446 -0.0723909 0 4.2 0 0.962302 0.269769 29 29 255
68.7145 5.951 42.7325 -0.433702 0 4.2 0 0.482532 -0.873309 255 150 150
69.1328 11.8095 33.3573 -0.422699 0 -0.8 0 0.57924 -0.0753215 255 27 27
82.9864 12.0898 48.1915 -0.58726 0 -1.56564 0 0.112124 -0.117374 10 10 255
78.4464 9.75587 33.2746 -0.314517 0 4.2 0 -0.879216 -0.352023 72 72 255
68.518 21.774 19.444 0.613175 0.753076 -4.5 0 0.481047 0.20275 80 80 255
65.295 19.778 36.7487 0.198272 0 1.8 1 -0.848408 0.522056 255 2 2
85.0634 7.72025 43.9468 -1.47082 -0.318057 -3.5 0 0.555479 -0.415024 75 75 255
74.2946 -7.66587 43.9388 -0.676637 0 -3.5 0 -0.359145 -0.433622 4 4 255
76.7995 11.8105 33.083 -0.216191 0 3.85887 0 -0.577477 -0.814184 83 83 255
70.6407 14.065 50.9002 -0.825064 0 -3.5 0 0.0321382 0.998918 23 23 255
85.5833 17.6303 42.3353 -1.08 -0.911155 -0.8 0 0.566607 0.66374 41 41 255
86.851 4.113 29.713 -0.637369 -0.069132 -4.5 0 0.787963 -0.0149114 2 2 255
65.288 27.1879 31.7959 -0.265303 0 2.24299 1 -0.892868 -0.154348 255 8 8
62.9676 15.9331 30.116 -0.0407674 0 3.8 1 -0.895315 0.136358 255 0 0
84.7506 3.05188 39.8985 -0.127411 0 -1.31454 0 0.947424 -0.192983 48 48 255
63.2685 29.165 31.617 -0.121216 0 4.5 1 -0.443338 -0.0844445 255 19 19
67.353 17.3342 21.0028 0.147629 0 4.5 0 -0.922459 -0.204346 255 151 151
84.8999 23.8386 29.7134 -1.25851 0 -3.5 0 0.548778 0.430877 106 106 255
68.0919 22.5544 47.4095 -0.500017 0 -3.32417 0 0.16657 0.627992 95 95 255
82.6621 -1.99413 31.4626 0.259937 0 -0.4 0 -0.188066 -0.965701 7 7 255
72.4362 32.293 30.2879 -0.587541 -0.0554257 -3.5 0 -0.247898 0.890414 236 236 255
67.1851 23.142 40.7622 -0.052915 0 4.5 1 -0.698077 0.259169 255 16 16
68.174 1.47425 31.041 -0.167545 0 0.35363 0 0.229471 -0.960126 114 114 255
73.2673 19.8695 46.215 0.447457 0.132092 -3.7 0 0.506138 0.837842 8 8 255
85.8559 -2.3385 27.9304 0.168473 0 -4.5 0 0.457861 -0.590277 3 3 255
68.843 11.0055 50.8635 -0.958675 0 -3.5 0 -0.980843 -0.109708 124 124 254
84.9658 5.263 39.1171 -0.419917 -0.111537 -3.5 0 0.784329 -0.549925 88 88 255
77.145 -6.8145 41.4955 -1.46116 0 -3.5 0 0.952467 0.189943 30 30 255
75.1608 1.49425 23.4951 -1.24209 -0.963831 -0.7 0 0.414777 -0.856887 136 136 255
83.7421 11.0592 32.7431 -0.598992 0 1.70331 0 0.290075 0.186307 49 49 255
64.1445 10.8089 44.8095 -0.303118 0 -0.7 0 -0.930057 -0.298131 255 124 124
69.4638 29.4495 40.1522 -1.23728 -0.0233198 3.8 0 -0.273531 0.693716 255 105 105
83.4617 16.5322 47.738 -0.314928 0 -3.5 0 -0.196175 0.640095 3 3 255
74.0285 31.3785 45.6595 -1.30163 0 -3.5 0 -0.334149 -0.567647 43 43 255
61.3385 0.446 35.238 -0.329179 0 -0.8 0 -0.55695 -0.553813 255 218 218
87.2145 7.047 35.143 -0.232049 0 -3.5 0 0.685811 -0.726839 52 52 255
60.192 5.32 39.963 -0.59324 0 -3.5 0 -0.901587 -0.0631593 255 183 183
71.1503 7.605 49.0091 -0.520139 0 -1.2207 0 -0.214424 -0.336805 248 248 255
75.9539 28.3954 23.3552 0.588194 0 -4.5 0 -0.261799 0.767536 143 143 255
76.4826 1.6585 25.261 -0.621409 0 -3.5 0 0.735821 -0.262338 87 87 255
81.7286 32.7573 26.2949 9.87741 0 -3.5 0 0.563546 0.823856 175 175 255
74.5426 13.9964 47.557 -0.714857 0 3.56306 0 -0.23325 -0.00120259 17 17 255
83.7755 24.9805 29.3136 -0.225108 0 -3.5 0 0.559325 0.634508 94 94 255
69.6657 25.7493 24.308 0.730839 0 -3.72285 0 0.432286 0.499884 243 243 255
75.1137 9.54862 39.8735 -1.19976 -0.65196 -3.2155 0 -0.111178 0.346259 255 239 239
80.713 30.9835 30.705 0.124238 0 4.2 0 0.359941 0.929879 245 245 255
75.7906 31.4573 35.8275 -0.0339814 0 3.8 0 0.707302 0.665576 177 177 255
72.8259 16.371 18.8517 -0.681329 0 -2.1166 0 0.103066 0.663394 255 200 200
82.1764 29.513 23.2437 -0.634586 -0.550379 -3.5 0 0.826166 0.463347 47 47 255
77.8392 12.2655 18.7087 -0.0941753 0 -0.8 0 0.269319 0.0273747 43 43 255
70.379 22.8285 21.6465 0.50771 -0.880641 4.5 0 0.163592 0.327554 134 134 255
85.767 -3.33875 28.8795 -0.26312 0 -4.5 0 0.503073 -0.794913 1 1 255
78.668 24.7703 21.706 0.925283 0.0937015 -4.5 0 0.650241 -0.128861 39 39 255
77.373 33.194 42.98 -1.09998 -0 -3.5 0 0.565584 0.811979 35 35 255
81.1695 5.53638 26.4354 -0.222409 0 -1.02558 0 0.274499 -0.894013 86 86 255
72.8978 12.421 51.1502 -0.675601 0 -3.5 0 0.90878 0.321608 88 88 254
78.7165 2.89862 24.2348 -0.51722 0 -3.5 0 0.463601 -0.872898 21 21 254
82.8025 4.724 48.1707 -1.56358 -0.452758 -0.8 0 0.977546 0.153156 35 35 255
78.8692 29.219 22.1439 0.180481 0 -3.5 0 -0.546218 -0.159522 87 87 254
70.4887 9.521 51.475 -1.04628 -0.860446 -3.5 0 -0.026441 -0.968164 188 188 255
64.8266 3.95187 31.5422 -0.0853681 0 -1.6 0 -0.78152 0.0975229 255 89 89
72.0755 14.162 35.367 -0.287468 0 -4.5 0 0.0375821 -0.963079 255 190 190
78.8653 -3.24506 44.0748 -0.297598 0 -3.9 0 0.276697 -0.898327 25 25 255
64.1311 11.7282 47.6491 -0.3766 0 -0.7 0 -0.883982 0.103482 255 198 198
81.6245 22.2675 46.1995 -0.175698 0 4.2 0 0.351108 0.742098 17 17 255
82.147 -0.52125 40.3172 -0.122349 0 1.8 0 0.149781 -0.90347 22 22 255
78.1485 1.9945 27.236 -0.392708 0 4.5 0 0.320046 -0.304913 85 85 255
64.9973 12.692 30.1133 -0.0742909 -0.0758173 1.80385 1 -0.357899 -0.411536 255 3 3
87.2278 6.70475 36.5091 -0.388282 -0.0499595 -3.5 0 0.445085 -0.876473 75 75 255
75.2455 34.1439 45.241 -0.549212 0 -3.5 0 0.452717 0.761408 59 59 255
66.4221 35.2684 29.4451 -0.595761 0 -3.2 0 0.710754 0.180507 239 239 255
71.4354 7.53 21.2705 -1.29856 -0.682982 -3.5 0 -0.363641 0.00518375 109 109 255
73.6679 0.151 39.3549 -0.473406 0 -1.3 0 -0.10066 -0.373835 107 107 255
78.2917 25.2979 36.8638 0.170632 0.127803 -0.257983 0 0.917407 -0.254035 240 240 255
65.9498 18.3474 27.7757 0.0676692 0 3.90302 1 -0.521722 -0.0958959 255 0 0
67.9753 7.76675 35.882 -0.843343 -0.0191167 4.5 0 0.719685 0.691826 255 45 45
66.0523 1.34662 29.4715 -0.105095 0 1.8 0 -0.850478 -0.511102 250 250 255
72.9719 1.901 22.8399 -0.780473 0 -0.7 0 -0.0673831 -0.847958 208 208 255
65.3434 25.7794 21.6161 0.972628 0 -4.5 0 -0.238795 0.838559 255 136 136
88.6927 9.59625 39.7559 -0.327372 0 -3.5 0 0.829786 0.0261668 127 127 255
66.3938 4.04825 40.9523 -0.452437 0 4.5 0 0.147343 -0.418939 255 236 236
72.8305 15.8565 17.527 -1.86557 -0.231521 -3.5 0 -0.0189258 0.83571 255 183 183
82.557 28.918 22.369 -0.972003 -0.198585 -3.5 0 0.741942 0.434376 23 23 255
71.942 34.1558 43.4 -1.58187 -0.0304053 -3.5 0 -0.850174 0.320826 217 217 255
74.8881 32.8905 36.1499 -0.0248862 0 3.8 0 0.510219 0.860008 171 171 255
81.2745 -5.2765 32.127 -0.377135 0 -0.7 0 0.914979 0.212411 40 40 255
80.5618 -3.02975 31.9484 -0.615554 0.42196 -0.4 0 0.834807 -0.434072 37 37 255
80.197 17.4638 29.4171 0.221404 0 -3.9 0 0.379341 -0.397635 146 146 255
86.2653 0.68025 28.3223 0.321428 0 -4.5 0 0.536794 0.60739 3 3 254
75.4078 2.74388 33.0789 -0.330225 0 3.8 0 -0.633537 0.563161 103 103 255
63.5737 25.0999 26.8865 0.0760831 0 4.5 1 -0.589087 -0.476156 255 15 15
82.578 25.7709 29.9509 -0.175105 0 0.973587 0 0.746448 0.659032 126 126 255
73.3562 14.112 34.9756 -0.0192171 0 -4.5 0 0.0129886 -0.645386 227 227 255
61.3631 1.60312 39.8969 -0.313982 0 -3.5 0 -0.849409 -0.521829 255 246 246
68.5484 21.0815 23.5161 0.411061 0 0.0648778 1 -0.623039 -0.381884 255 114 114
82.1199 26.1789 30.8727 -0.146112 0 4.2 0 0.778265 0.550682 98 98 255
68.3506 18.6286 23.4007 0.121318 0 3.65483 1 -0.80958 0.201042 255 83 83
80.2572 17.4982 48.3348 -0.446378 0 -3.5 0 0.500362 0.518785 7 7 255
73.9666 25.9914 44.1729 0.397087 0 -3.9 0 -0.361288 0.203374 40 40 255
72.6643 34.5578 45.49 -1.82125 -0.352143 -3.5 0 -0.497534 0.73858 121 121 255
76.8216 29.6336 32.8141 0.361196 0.199822 -0.9 0 0.376687 0.794399 255 147 147
78.6934 17.7974 27.7621 -0.985659 0 -2.44835 0 0.925408 -0.0162834 58 58 255
67.4518 17.4865 25.7885 -0.00189984 0 -0.8 1 -0.657367 0.720684 255 7 7
67.3428 2.68225 21.7075 -0.652103 0 4.5 0 -0.844154 -0.35666 109 109 254
79.7784 -5.38562 30.5894 -0.343208 0 -0.7 0 0.344326 -0.13948 33 33 255
72.603 28.8845 23.8159 0.270402 0 4.5 0 -0.0878342 -0.0321298 23 23 255
64.9745 29.9937 38.705 2.097 0.0866903 -3.9 0 -0.774378 0.632706 255 10 10
69.8485 8.259 34.2335 -0.554474 0 2.5 0 0.174306 0.362285 255 37 37
69.2104 9.97538 51.328 -1.73956 -0.432619 -3.5 0 -0.715405 -0.698601 185 185 255
70.308 21.5015 48.434 -0.492682 0 -3.5 0 -0.0310647 0.962958 32 32 255
72.8326 0.907125 31.9911 -0.17409 0 2.92599 0 -0.682112 -0.217406 145 145 255
76.3825 2.44175 24.5298 -1.04716 -0.309888 -2.60658 0 0.560995 -0.767393 80 80 255
74.0466 30.8993 26.3498 0.334326 0 -3.5 0 -0.130278 0.691126 255 174 174
66.3865 36.8426 31.2256 0.116109 0 -3.2 0 0.509887 0.859458 232 232 255
70.5628 -6.62138 35.4367 -0.0738413 0 -3.2 0 -0.465391 -0.781891 85 85 254
72.2425 12.8147 49.6015 -0.589476 0 -3.5 0 0.717754 0.694737 53 53 255
76.0312 17.1535 49.5443 -1.95394 -0.40777 -3.5 0 -0.387859 0.571078 6 6 255
83.6861 -0.59425 42.753 -1.29086 -0.272463 -0.4 0 0.820412 -0.423983 9 9 255
81.1683 -6.90263 31.903 -0.373205 0 -0.7 0 0.880442 -0.390285 21 21 255
73.3097 -1.54244 31.889 -0.368086 0 3.8 0 -0.93322 -0.310805 125 125 255
65.4287 36.7526 31.9988 0.058243 0 -3.2 0 -0.155819 0.849976 255 225 225
80.4911 -3.67425 27.966 -0.439946 0 -3.5 0 0.6285 -0.726359 12 12 255
77.2812 15.349 21.4867 0.423405 0 -1.77514 0 0.777515 0.470246 74 74 254
71.1019 30.5291 40.8433 -0.73733 -0.353947 3.51171 0 -0.658328 0.723827 189 189 255
74.4818 16.322 19.1577 0.0690145 0 -3.5 0 0.285416 0.704254 231 231 255
73.9808 33.0008 41.089 0.323992 0.0211544 -2.75811 0 -0.553501 0.650512 121 121 255
79.0745 33.4491 26.1971 0.907444 0 -3.5 0 -0.127275 0.976083 255 194 194
70.0535 31.8011 30.0594 -1.12756 -0.933337 -3.2 0 0.283456 0.813897 255 172 172
82.5325 20.6026 28.4871 -0.780502 0 -1.41203 0 0.61983 -0.0314642 161 161 255
79.7068 14.4882 49.5104 -0.863591 0 -3.5 0 0.392885 -0.315291 12 12 255
74.7887 -6.09725 34.321 0.432821 0.0562355 -0.7 0 -0.524065 -0.654948 36 36 255
78.9883 24.9359 35.8341 -0.228783 0 2.19775 0 0.68775 0.148741 255 254 254
72.8142 -1.61625 36.7028 -0.112205 0 -2.3318 0 -0.604978 0.543282 129 129 255
73.4609 -1.88937 34.6953 -0.268385 0 2.86403 0 -0.97497 0.190631 108 108 254
59.4196 4.188 38.1175 -0.565117 0 -0.4 0 -0.925822 -0.257952 255 164 164
73.1643 5.8625 43.4301 -0.777926 0 -1.96428 0 -0.628566 -0.395072 222 222 255
70.4565 11.9937 53.874 -1.3807 0 -3.5 0 0.223579 -0.111986 77 77 255
75.1185 -5.48925 32.7673 -0.696498 -0.204532 -0.7 0 -0.754437 -0.513657 65 65 255
70.4124 1.58763 25.5871 -1.16051 -0.538468 0.0133681 0 -0.0523304 -0.882355 224 224 255
68.3838 5.05888 41.225 -0.506718 0 4.26939 0 0.721919 -0.584097 255 251 251
65.68 1.02475 28.0462 -0.278653 0 1.8 0 -0.936655 -0.34587 255 242 242
80.0235 15.3081 25.8563 -0.0961031 0 -1.45794 0 0.665312 0.744374 90 90 255
82.0853 -0.56 46.929 -0.938529 -0.403468 -0.59211 0 0.464583 -0.818233 11 11 255
68.8195 4.1215 38.266 -0.400688 0 4.5 0 0.844802 -0.404418 200 200 255
60.7356 8.61312 36.1833 -0.278804 0 4.5 1 -0.980404 -0.110159 255 40 40
60.4878 10.3845 39.535 -0.733349 -0.499647 1.84416 1 -0.90188 0.407928 255 18 18
66.5727 12.8785 29.0553 0.0592925 0 3.8 1 -0.314598 -0.603452 255 4 4
67.1416 20.6777 19.2785 0.462224 0.570088 -4.5 0 -0.0439746 -0.260322 109 109 255
67.638 9.27287 34.5706 -0.435265 0 2.76947 0 0.891911 0.0072301 255 38 38
78.8777 -7.585 35.6355 -0.535793 -0.479719 -0.7 0 -0.169147 -0.746331 31 31 255
60.2815 5.767 36.0778 -0.230752 0 -0.4 1 -0.803381 0.426372 255 109 109
80.4465 -2.506 44.57 -0.264232 0 -3.9 0 0.592313 -0.783879 16 16 255
64.9065 15.367 37.382 -0.10522 0.167888 1.36837 1 -0.933213 -0.295231 255 4 4
66.4368 1.01137 26.9587 -0.299531 0 1.8 0 -0.521802 -0.747833 240 240 255
61.3201 16.2421 40.5204 -0.217831 0 3.8 1 -0.224713 0.642618 255 9 9
61.341 14.3462 44.026 -0.338145 0 3.8 1 -0.640498 -0.179173 255 10 10
67.4902 22.845 44.2082 -0.346737 0 -3.2 1 -0.778387 0.219311 252 252 255
64.0381 6.875 44.5291 -1.60103 -0.283049 -0.7 0 -0.0314095 -0.517836 255 90 90
77.0729 10.6842 40.4103 -1.17567 0 0.906257 0 -0.638846 0.426002 255 92 92
71.7295 -2.814 28.04 -0.236484 0 -3.5 0 -0.828828 -0.290968 173 173 255
71.373 9.537 34.4577 -0.386666 0 -1.3 0 -0.254092 0.190433 255 55 55
84.58 8.0145 29.81 -0.0121734 0.805963 3.69267 0 0.509654 0.362421 22 22 255
70.6476 7.49512 34.0736 -0.518993 0 2.5 0 0.16645 -0.149433 255 46 46
67.5451 23.7544 46.0747 -0.224986 0 -3.2 0 -0.662935 0.655206 148 148 255
66.4675 19.3085 43.0175 -0.201021 0 -3.5 1 -0.276675 0.893411 255 42 42
78.5005 2.6775 21.3692 -1.79998 -0.180715 -3.5 0 0.439168 -0.847341 18 18 255
68.0994 5.13413 20.99 -0.302068 0 4.5 0 -0.64864 0.494888 94 94 255
79.9186 8.3685 23.545 -0.370695 0 4.2 0 -0.245036 -0.427543 45 45 255
87.9218 8.59488 40.4625 -1.08677 -0.165652 -3.5 0 0.856909 -0.194944 74 74 255
72.9212 11.8429 33.8257 -0.0971404 0 -4.5 0 -0.238106 -0.186779 255 106 106
63.6259 23.2879 20.8226 0.917755 0.478419 -4.5 0 -0.998425 0.0287962 255 120 120
67.5961 -0.0815 27.5632 -0.326631 0 1.8 0 -0.096324 -0.958285 222 222 255
78.1096 33.0993 39.403 0.000199603 0 -0.4 0 0.442695 0.845095 87 87 255
65.5807 18.8685 40.5569 -1.48148 -0.140386 4.5 1 -0.876756 0.34299 255 15 15
64.5587 19.8864 27.7178 0.0360876 0 4.2 1 -0.757748 -0.287644 255 0 0
64.078 28.5592 26.6807 0.0530762 0 4.5 0 -0.472799 0.378696 255 94 94
80.0163 7.572 50.3278 -0.864348 0 -0.8 0 0.0104023 0.335858 63 63 255
79.614 29.7781 43.4961 -0.0419494 0 -3.5 0 0.524933 0.807532 43 43 255
82.0871 12.4307 24.7216 0.144655 0 -1.6 0 0.764517 0.391682 43 43 255
76.3335 -2.86125 24.784 -1.63129 -0.0813518 -3.5 0 -0.173195 -0.378274 17 17 255
70.452 12.6377 18.4802 -1.80384 -0.590853 -3.5 0 -0.87903 -0.219944 255 123 123
61.958 7.1555 43.1437 -0.209495 -0.198412 -0.7 0 -0.504975 -0.423103 255 64 64
63.404 6.854 34.111 -0.362717 0 4.5 1 -0.0514147 -0.0506 255 83 83
65.7787 27.968 34.0173 -0.248377 0 -0.7 1 -0.954747 0.24679 255 11 11
65.7048 2.7405 27.7603 -0.13935 -0.455541 1.8 0 -0.949503 -0.277978 255 177 177
64.145 32.49 28.8123 0.965185 0.120504 -3.2 0 -0.676513 -0.209895 255 138 138
60.6693 9.5785 35.374 -0.205003 0 4.5 1 -0.934693 0.0014511 255 18 18
66.5505 4.3185 24.2355 -0.636106 -0.20978 3.15152 0 -0.85279 0.122289 212 212 255
77.619 21.1295 21.196 0.687209 0.539688 -4.5 0 0.705982 -0.675166 87 87 255
83.2171 26.565 26.179 -0.109889 0 -3.5 0 0.94996 -0.180404 55 55 255
74.3893 5.67637 50.6826 -0.345027 0 1.8 0 -0.0741026 -0.330796 179 179 255
76.6045 9.248 20.1745 -0.821897 -0.915757 -0.8 0 0.0520149 -0.644543 41 41 255
63.4089 -1.13863 38.1502 -0.364567 0 -0.8 0 -0.0864607 -0.901057 143 143 255
85.0452 17.5789 47.0921 -0.343119 0 -3.5 0 0.328476 0.898117 8 8 255
65.0625 25.63 24.1425 0.517104 0 -4.5 1 -0.751521 0.655455 255 52 52
79.4019 10.3526 21.2464 -0.241154 0 -0.8 0 0.668241 -0.616223 67 67 254
77.5195 -5.5655 37.028 -0.662507 0 -3.37033 0 0.396544 -0.562999 31 31 255
74.1075 10.622 39.8975 -2.42278 -0.78393 -3.5 0 0.220718 0.181521 255 243 243
60.1724 15.6459 41.33 -0.230542 0 3.8 1 -0.863923 0.388015 255 8 8
73.938 0.1125 24.8075 0.0627216 0.139847 -0.963282 0 -0.0445434 -0.413208 168 168 255
71.2064 12.7666 37.1675 -0.87648 0 2.8 0 0.304796 -0.612534 255 159 159
66.836 30.9355 39.3935 0.821811 0.221293 -3.9 0 -0.0398189 0.857485 255 55 55
82.9705 18.2852 38.0525 -0.206109 0 -3.05391 0 0.823749 0.0996984 173 173 255
60.5989 11.2396 42.6017 -0.328598 0 -0.7 1 -0.905678 0.231293 255 7 7
82.2128 16.1868 29.3846 -0.0985303 0 -3.9 0 -0.132249 -0.114334 163 163 255
81.0416 5.746 25.1787 -0.0443349 0 4.2 0 0.198342 -0.945791 53 53 255
85.591 4.25925 35.994 -1.42359 -0.506696 3.8 0 0.753973 -0.393373 40 40 255
78.2399 -8.26038 34.1889 -1.6435 -0.889082 -0.7 0 -0.286228 -0.943956 27 27 255
81.8122 19.0379 46.4938 -0.55477 -0.2022 1.26977 0 0.304874 0.108572 13 13 255
70.2294 12.9571 19.8545 -0.314263 0 -3.65823 0 -0.814241 -0.335999 255 114 114
66.2404 1.63663 40.2896 -0.799939 -0.163723 0.328097 0 0.72227 -0.680023 96 96 255
87.7396 7.57312 31.6104 -0.548708 0 -3.5 0 0.870037 0.484556 34 34 255
68.2745 23.5805 41.8568 -0.0507809 0 2.8 1 -0.945854 -0.0545513 255 96 96
71.9908 0.817 24.158 -0.574952 0.411598 1.8574 0 0.233585 -0.830292 207 207 255
83.4845 9.77563 23.3076 -0.109444 0 4.2 0 0.656292 0.520577 18 18 255
87.2355 13.4417 40.9439 -1.95528 0 -3.5 0 0.921208 -0.135315 66 66 254
82.502 31.717 25.129 3.04838 0.0542342 -3.5 0 0.844419 0.376225 116 116 255
65.6497 22.0851 18.173 0.311881 0.00319353 -4.5 0 0.0591873 0.110879 88 88 255
61.3455 0.54225 38.0163 -0.812824 0 -0.8 0 -0.600692 -0.525079 255 204 204
62.3366 29.8997 29.0842 0.0189602 0 4.5 1 -0.894316 0.295661 255 72 72
77.8395 32.2785 23.6388 0.585708 0 -3.5 0 -0.674725 0.41895 255 241 241
87.0583 -2.8485 32.9507 0.102207 0 -4.5 0 0.249312 -0.804792 4 4 255
85.6145 24.4858 31.9761 -1.51573 -0.0374171 -3.5 0 0.706512 0.695145 208 208 255
69.081 16.899 48.544 -1.52345 -0.205052 -3.5 0 -0.136629 -0.551 16 16 255
67.3075 6.3225 44.4435 -0.243101 0 0.211985 0 -0.785541 -0.6025 255 110 110
75.907 12.984 18.4722 -0.207746 0 -3.5 0 0.356602 -0.268678 64 64 255
76.3555 26.9885 43.8737 0.120029 0.190841 -3.78679 0 -0.279859 0.381203 59 59 255
70.7159 14.448 35.0466 -0.123646 0 -4.5 0 0.133868 -0.984558 255 59 59
83.7142 7.3745 23.7892 -0.0854545 0 4.2 0 0.788336 -0.196509 24 24 255
86.2452 6.42413 39.783 -0.0224889 0 -3.5 0 0.727417 -0.680431 53 53 255
87.7357 5.2415 31.6147 -0.358846 0.0662884 -3.5 0 0.970614 -0.232963 3 3 255
63.09 1.55275 43.9345 -1.56929 0 -3.5 0 -0.0174103 0.364961 101 101 255
81.5335 5.5405 49.7033 -0.662271 0 -0.8 0 0.529884 0.0607 87 87 255
86.38 -0.447 27.1184 0.495141 0.54988 -4.5 0 0.611404 0.394928 4 4 255
65.5963 8.46813 26.8339 -0.174416 0 -0.7 1 -0.415699 0.725092 255 26 26
71.2832 5.60238 47.5018 -0.458049 0 0.526959 0 0.0686262 -0.91231 255 173 173
77.3035 5.2655 33.8214 -0.360406 0 4.32988 0 -0.665454 0.0910738 78 78 255
76.3266 9.21125 30.6437 -0.209436 0 4.5 0 -0.223744 0.273477 141 141 255
80.906 0.014 48.9663 -1.4541 -0.641143 -0.8 0 0.0540278 -0.513484 19 19 255
65.7458 14.4113 28.293 0.00994484 0 3.8 1 -0.312252 -0.48652 255 0 0
86.3235 23.5646 35.8509 4.3152 0 -3.9 0 0.700822 0.666678 255 242 242
77.5147 12.3968 38.4878 -0.825289 0 3.8 0 -0.916623 -0.35684 255 132 132
74.7097 -0.0385 39.3855 -0.340961 0 -1.3 0 -0.305404 0.0109593 86 86 255
80.3223 1.158 49.3963 -0.300117 -0.27969 -0.8 0 0.209596 -0.31862 14 14 255
86.297 13.9074 31.8265 -0.832613 -0.702707 -0.7 0 0.530595 -0.259335 50 50 255
73.5945 3.4375 31.4995 -0.775419 0 2.99363 0 -0.13947 0.192269 188 188 255
67.5697 24.424 21.0535 0.713844 0 -4.5 0 0.407228 0.692874 176 176 255
81.3345 21.3557 46.9845 -0.254791 0 4.2 0 0.191756 0.260697 15 15 255
68.907 9.313 22.0475 0.218219 0 -4.5 0 -0.525035 -0.162054 223 223 255
64.2722 37.2057 30.705 -0.403168 0.256532 -3.2 0 -0.373157 0.872871 249 249 255
74.5635 28.9256 24.5164 0.528109 0 1.98521 0 0.0946377 0.698266 202 202 255
84.8027 16.9583 45.294 0.150522 0 -3.39007 0 0.591725 0.777883 16 16 255
79.4311 16.0837 29.2119 -0.518214 0 -3.5 0 0.834665 0.0647976 143 143 255
85.4974 -2.61413 32.6356 0.801819 0.0897783 -4.5 0 -0.284781 -0.667929 6 6 255
65.6035 14.769 34.4325 0.302807 0 -0.4 1 -0.991452 0.069423 255 3 3
65.736 21.04 40.022 -0.201198 0 4.5 1 -0.823168 0.0272866 255 11 11
83.1357 15.1477 30.8657 -0.201816 0 -3.9 0 0.446196 -0.664685 90 90 255
89.2271 11.121 36.3095 -1.91697 0 -3.5 0 0.879956 0.473992 171 171 255
64.5888 12.7746 35.3001 -1.08762 0 -0.4 1 -0.695637 0.713049 255 10 10
72.0691 11.4719 19.5209 -0.824677 -0.785331 -3.64254 0 0.0397822 -0.893879 255 172 172
68.2865 30.4969 39.1244 -0.895828 -0.097064 -3.67548 0 0.135436 0.668791 255 100 100
72.9163 20.8818 45.1755 0.306109 0 -3.2 0 0.577186 0.613518 20 20 255
67.9309 19.4731 42.263 0.106566 0 0.982787 1 -0.608059 0.790952 255 63 63
86.0129 5.77838 40.7079 -0.0664067 0.203786 -3.5 0 0.922289 -0.36301 46 46 255
81.216 -2.44462 43.5466 -0.427132 0 -3.9 0 0.43546 -0.896952 18 18 255
74.2493 2.87475 43.55 -0.312732 0 1.8 0 -0.479415 -0.864749 53 53 255
68.9201 12.4761 53.7846 -1.97135 -0.839385 -3.5 0 -0.66593 0.0649347 24 24 255
64.4502 20.0877 34.1172 -0.0767274 0 4.2 1 -0.989067 -0.000589643 255 0 0
77.359 -0.02225 25.7997 -0.457993 0 -3.5 0 0.364927 0.540765 60 60 255
85.7503 8.12387 43.2329 -1.11678 0 -3.5 0 0.830865 -0.193951 70 70 255
69.511 18.2603 18.5175 0.00844908 0 4.5 0 0.0403356 0.405706 162 162 255
81.4333 29.0925 21.942 -0.324314 0.123546 -3.5 0 0.479488 0.083192 22 22 255
67.248 19.6951 43.5764 0.467802 0 -3.5 1 -0.378093 0.717291 255 84 84
65.8869 22.785 47.5555 -1.99545 -0.419362 -3.5 0 -0.554811 0.831959 98 98 254
76.9307 16.6156 21.4279 0.523452 0.387413 -1.3 0 0.682816 0.185801 50 50 255
65.7014 9.40425 28.0854 0.431883 0.167833 -0.7 1 -0.328431 0.892831 255 23 23
76.6223 6.76975 49.955 -0.335715 0 1.8 0 0.265265 0.0501221 174 174 255
62.977 16.6271 42.6382 -0.38836 0 3.8 1 -0.292767 0.952504 255 9 9
75.6085 -3.25375 28.2353 -0.407892 0.223939 -3.5 0 -0.129845 -0.98058 94 94 255
86.4156 4.04738 33.8686 -0.585443 -0.382577 -1.01237 0 0.902638 0.140151 9 9 255
78.0061 13.5724 49.973 -2.30582 -0.736677 -3.5 0 0.531302 -0.558496 16 16 255
81.6515 1.0135 23.6169 0.911842 0 -3.9 0 -0.543918 0.350736 10 10 255
71.1746 8.9765 50.1101 -0.308381 0 -3.5 0 0.0361778 -0.689599 192 192 255
87.1062 -2.44662 30.2775 0.437925 0 -4.5 0 0.656155 -0.741576 1 1 255
83.0393 -1.08063 23.0754 3.40222 0 -3.9 0 -0.300803 -0.586037 8 8 255
87.2369 7.36125 39.7584 -0.253419 -0.0529155 -3.5 0 0.741682 -0.628466 76 76 255
80.943 29.3822 41.5185 -1.40941 -0.630347 -3.5 0 0.894423 0.447026 106 106 255
60.354 2.36162 37.8725 -0.414845 -0.373762 -0.682207 0 -0.769006 -0.318484 255 158 158
80.7747 -4.719 24.7105 -2.02582 -0.0847447 -3.5 0 0.705362 -0.64128 4 4 255
64.8241 23.7342 38.3969 -0.096693 0 4.5 1 -0.8832 0.445937 255 2 2
73.1435 1.474 23.7395 -0.299563 0 -0.7 0 0.026767 -0.766981 230 230 255
66.0817 30.2596 40.4857 1.68003 0.783902 -3.9 0 -0.148499 0.620882 255 38 38
77.109 11.1925 37.4845 -0.830562 0 4.5 0 -0.848036 0.0959233 255 161 161
81.5393 19.0866 41.5274 -0.455088 0 3.8 0 0.808398 0.565121 34 34 255
78.474 32.1545 41.8102 -0.881803 -0.15333 -1.14945 0 0.848579 0.455456 41 41 254
76.0051 5.00763 49.445 -0.236814 -0.0637686 1.8 0 0.221362 -0.598968 188 188 255
61.74 11.8217 35.6565 -0.152566 0 4.5 1 -0.358829 0.88067 255 7 7
83.639 -3.093 27.6655 0.33916 0.104304 -4.5 0 -0.25957 -0.83439 4 4 255
88.4694 12.1605 35.9907 -1.2013 -0.040025 -2.914 0 0.926513 0.193727 169 169 255
78.5841 -4.21175 24.8645 -2.01033 0 -3.5 0 -0.575991 -0.616582 4 4 255
75.4473 11.9563 48.348 -0.695822 0 4.5 0 -0.332252 0.0472289 53 53 255
75.8959 30.3704 25.765 1.06804 0.185429 -4.10109 0 -0.270543 0.527985 255 130 130
84.6575 19.307 31.5303 0.0117157 0 -3.9 0 0.926165 0.336183 255 185 185
71.5719 6.18025 48.5114 -0.448922 0 0.288672 0 -0.21622 -0.651079 255 226 226
81.3804 15.3675 48.2369 -0.61709 0 -3.5 0 0.388561 0.135842 6 6 254
72.6865 5.5665 48.8209 -0.369217 0 1.8 0 -0.601452 -0.739412 232 232 255
63.2835 3.84313 33.6294 0.0334091 -0.239303 0.00476938 1 -0.640988 0.526437 255 73 73
73.8163 31.8184 39.4179 0.354706 0.570787 1.33638 0 -0.501591 0.864389 133 133 255
72.8702 31.1426 27.1109 -0.0160746 -0.126665 -0.0235484 0 -0.0528547 0.810166 206 206 255
70.337 18.8145 50.0584 -0.850965 -0.0104215 -3.5 0 -0.243599 -0.393741 4 4 255
79.1852 13.8833 21.3115 0.0365839 0 -0.8 0 0.744486 0.638263 99 99 255
84.0938 13.5044 32.3737 0.18774 0 -0.7 0 0.239736 -0.325558 65 65 255
78.6314 4.68825 21.0594 -1.89024 0 -3.5 0 0.802069 0.183816 25 25 255
83.709 8.27525 29.0362 0.274313 0.402749 4.2 0 0.838824 0.373366 31 31 255
80.043 15.0603 24.8369 0.00608402 0 -1.4992 0 0.648075 0.615281 59 59 255
73.6725 5.15812 46.8018 -0.125222 0 1.8 0 -0.498862 -0.826637 173 173 255
85.0153 2.06212 35.6942 -0.14855 0 3.48631 0 0.868966 -0.22794 19 19 255
83.9305 9.32 24.18 -0.0919018 0 4.2 0 0.963675 0.257662 19 19 254
74.199 -3.145 40.928 0.381506 0 -3.5 0 -0.242666 0.769485 57 57 255
70.5652 24.6928 23.468 0.317774 0 4.5 0 0.337244 0.815443 160 160 255
64.3579 35.7199 28.0863 0.00422576 0 -3.2 0 -0.0213368 0.586001 228 228 255
64.0451 17.7577 31.2926 -0.0459744 0 3.8 1 -0.796106 0.582674 255 0 0
73.6046 25.2184 24.2195 0.541057 0 -0.180132 0 -0.415201 0.616972 105 105 255
85.8777 19.7245 34.2363 0.00523598 0 -3.9 0 0.912036 -0.201457 226 226 255
80.029 0.407 26.4198 -0.692108 0 -3.9 0 -0.632944 0.569121 16 16 255
59.3309 8.40125 40.9541 0.626117 -0.0767376 -0.7 0 -0.972489 -0.0377232 255 14 14
70.8359 29.53 42.5584 -0.290922 0 2.8 0 -0.666335 0.69439 242 242 255
88.048 6.5865 31.5415 -0.313703 0 -3.5 0 0.996105 0.0657136 11 11 255
82.8355 18.559 46.1128 -1.0218 -0.00507421 -3.5 0 0.541704 0.426758 12 12 255
72.722 20.0886 50.9425 -2.23556 -0.25997 -3.5 0 0.412981 -0.00109228 2 2 255
66.6649 0.410125 32.4985 -0.112457 0 -1.6 0 0.110079 -0.981607 96 96 254
71.5127 30.7882 38.8128 -0.482397 0 3.8 0 -0.374831 0.903449 191 191 255
73.7451 17.4648 19.4301 -0.855993 -0.164982 -1.3 0 0.313733 0.270466 252 252 255
73.0109 7.6485 49.9743 -0.597354 0 1.8 0 -0.441708 0.35297 185 185 255
63.021 11.674 38.0595 -0.206259 0 4.5 1 -0.208122 0.961917 255 14 14
76.9368 -8.28525 43.5597 -1.95533 -0.281616 -3.5 0 0.46848 -0.616115 15 15 255
71.7978 6.39875 33.5975 -0.462385 0 -0.808338 0 0.0787965 -0.560553 255 96 96
64.2067 9.1265 28.382 0.172129 -0.512349 -0.7 1 -0.611729 0.72202 255 14 14
86.9664 13.9519 43.7959 -2.10204 -0.0282455 -3.5 0 0.920268 0.0344835 24 24 255
87.3753 -0.535375 28.1521 0.467036 0 -4.5 0 0.845629 0.0494713 3 3 255
64.7968 25.2665 30.4845 -0.045116 0 4.5 1 -0.676655 -0.123027 255 1 1
65.545 0.173 37.8049 -0.375159 0 -0.8 0 0.901344 -0.408736 100 100 255
68.0529 11.8655 35.682 -0.31279 0 0.908693 0 0.840688 -0.513549 255 26 26
72.359 32.1577 43.3853 -0.295958 0.0192678 -3.5 0 -0.984718 -0.118088 170 170 255
68.3626 20.4746 41.7091 0.108918 0 4.5 1 -0.869139 0.223591 255 111 111
73.5439 34.4132 45.946 -1.64813 -0.0155623 -3.5 0 0.151154 0.79311 112 112 255
78.8349 21.976 37.3869 -0.190063 0 3.8 0 0.515243 0.856978 88 88 255
67.666 31.7015 38.541 -1.64249 -0.132308 -3.5 0 -0.0922235 0.822942 255 92 92
80.7158 27.9551 42.6118 -0.671746 -0.196436 -3.5 0 0.932714 -0.297123 85 85 255
64.709 22.306 23.8827 0.246456 0 -4.5 1 -0.647517 -0.749478 255 24 24
81.3652 23.7687 43.5067 -0.0481124 0 4.2 0 0.548049 0.835516 19 19 255
60.8713 16.4312 42.8387 -0.297662 0 3.8 1 -0.447017 0.854244 255 6 6
74.0099 -5.44137 34.2363 0.0342743 0 -3.2 0 -0.419904 -0.591987 62 62 255
65.8788 25.9674 39.8092 0.734581 0 -3.9 1 -0.745326 -0.482419 255 10 10
72.1902 -6.953 40.4692 -0.359727 0 -3.5 0 -0.982019 -0.184766 16 16 255
68.7194 21.7103 25.239 0.60787 0 4.43239 1 -0.707287 -0.704758 255 48 48
73.6325 29.177 24.172 0.341852 0 4.5 0 0.372828 0.543044 109 109 255
73.6271 7.77075 20.442 -0.797192 0 -3.5 0 0.0145825 -0.131246 39 39 255
77.3346 2.20425 26.2596 -0.762663 0 -3.5 0 0.585781 -0.637981 82 82 254
76.8145 2.442 43.876 -0.249222 0 1.8 0 -0.633952 -0.769596 39 39 255
84.6188 18.5082 33.1978 0.289461 0 -3.9 0 0.996799 -0.024256 166 166 255
79.4866 13.4926 22.2512 -0.39511 0 -0.96456 0 0.612423 0.756366 118 118 255
78.6633 26.3202 36.141 0.0903977 0 -0.9 0 0.978572 0.0474647 255 207 207
82.166 27.2795 27.1765 0.365933 0 -3.5 0 0.805517 0.360421 94 94 255
79.0805 23.7155 22.26 0.544504 0.607815 -4.17002 0 0.596529 -0.106531 37 37 255
69.0875 16.6229 18.1807 -0.108438 0 4.5 0 -0.0308975 0.0812017 255 254 254
63.9383 11.128 46.2733 -0.314497 0 -0.7 0 -0.976098 -0.195226 255 150 150
87.665 3.9775 31.2014 -1.90414 -0.731232 -4.5 0 0.996453 -0.0826659 2 2 254
82.4873 8.18125 46.3086 -0.460594 0 4.2 0 0.872843 -0.354193 34 34 255
75.1807 -1.3405 40.054 -0.0594702 0 -1.3 0 -0.433594 0.252752 57 57 255
68.762 24.1116 21.4446 0.123184 -0.0498363 3.39312 0 0.374076 0.608799 165 165 255
75.7455 28.1173 43.5085 -0.456722 -0.492023 2.8 0 -0.0847151 -0.104614 53 53 255
72.5485 -5.40619 40.3731 -0.153449 0 -3.5 0 -0.938176 0.193655 33 33 255
81.9074 28.4305 31.4947 -0.0118451 0 4.2 0 0.944934 0.0294789 156 156 255
64.8654 4.54125 25.6979 -0.54272 0 -0.7 0 -0.679557 -0.219961 255 164 164
80.3671 -0.920375 47.755 -1.3727 -0.140031 -0.8 0 0.188922 -0.84313 21 21 255
80.3859 22.8444 41.9091 0.0736473 0 4.2 0 0.409314 0.452183 18 18 255
64.383 19.9123 32.712 -0.0587851 0 4.2 1 -0.9632 0.0501957 255 0 0
77.3903 26.704 44.5285 0.406447 0.793691 -3.5 0 -0.235355 -0.0660288 67 67 255
63.5944 13.4705 31.2701 0.0719394 0.193176 0.519538 1 -0.94895 -0.310703 255 1 1
85.157 -3.59925 31.1765 1.38097 0.109419 -4.5 0 0.0418053 -0.939247 2 2 255
78.849 32.808 40.5558 -0.165119 0 -0.4 0 0.812635 0.567487 76 76 255
64.31 16.5045 38.051 -0.181646 0 1.87396 1 -0.967277 -0.208072 255 7 7
72.0345 6.44063 43.8122 -0.754674 0 -3.5 0 -0.229058 -0.689431 255 240 240
71.2477 28.7612 44.0615 -0.146596 0 2.8 0 -0.294279 0.512913 160 160 255
69.3084 14.2179 47.015 -0.256965 0.321158 -3.5 0 -0.402288 0.186797 35 35 255
70.8765 6.00012 44.1084 -0.56394 0 -0.7 0 0.21769 -0.67617 255 170 170
81.024 21.4915 24.2712 -0.0684417 0 3.8 0 0.921225 -0.249966 19 19 255
82.55 4.467 49.5075 -1.77551 -0.499728 -0.8 0 0.841815 0.145818 50 50 255
85.2048 0.600625 27.3794 0.399588 0.145211 -4.21801 0 0.752994 0.473404 5 5 255
81.3886 23.0474 42.3839 -0.0335108 0 4.2 0 0.502986 0.495554 15 15 255
88.3371 -0.518 30.961 0.443007 0 -4.5 0 0.977425 0.177714 1 1 255
65.482 16.2345 34.2445 0.0526518 0 1.8227 1 -0.990453 -0.108593 255 1 1
77.3365 16.0662 50.3063 -1.54667 0 -3.5 0 -0.163728 0.264218 4 4 255
77.9611 30.3074 43.7981 -0.463357 0 -3.5 0 0.394012 0.506932 43 43 255
76.2915 2.56675 23.2896 -1.38411 -0.907869 -0.7 0 0.546218 -0.826973 93 93 255
81.2732 31.567 22.2555 0.939774 0.278142 -3.5 0 0.801366 0.436351 55 55 255
67.0885 3.7945 20.8682 -0.317962 0 4.5 0 -0.885095 0.0723004 103 103 254
63.1323 15.1958 44.8779 -0.521457 0 3.8 1 -0.0276705 0.649119 255 21 21
79.9314 20.5574 23.5896 -0.0100211 0 3.8 0 0.472668 -0.667998 15 15 255
65.0996 18.2354 39.4442 -0.994732 -0.457145 4.0796 1 -0.900281 0.22222 255 14 14
65.4399 28.6361 26.4556 -0.180245 -0.0183805 4.5 0 -0.446761 0.219203 255 131 131
68.7005 29.0475 25.036 0.284028 -0.105031 4.5 0 -0.130527 0.351008 214 214 255
71.4556 31.9971 29.0584 -0.541032 -0.674252 -3.5 0 -0.469393 0.882985 197 197 255
79.441 31.1051 21.3902 0.22294 0 -3.5 0 -0.463962 0.322096 72 72 255
77.974 6.85638 49.737 -0.335049 0 -0.395222 0 -0.217281 0.131587 120 120 254
78.2969 -0.12325 26.3965 -0.496362 -0.101173 -3.5 0 -0.00691103 0.821803 58 58 255
68.5364 25.4471 22.8458 0.286718 -0.369717 -0.645504 0 0.394486 0.745885 255 247 247
78.276 25.9233 39.796 0.530709 0 -2.89734 0 0.859932 -0.478116 185 185 255
66.3031 21.7655 22.3961 0.375464 0 -4.5 1 -0.560559 -0.747036 255 99 99
83.3395 -2.86875 37.9855 -0.341445 0 -2.77771 0 0.816554 -0.351285 27 27 255
76.7653 5.0205 20.0675 -1.87427 -0.622364 -3.5 0 0.143468 -0.154925 30 30 255
87.2268 10.1481 40.6525 -0.588905 0 -3.5 0 0.773076 0.309958 115 115 254
70.2116 2.42937 32.0321 -0.315787 0 2.07157 0 0.287245 -0.398204 133 133 255
75.719 32.5786 28.3104 0.15631 0 -3.5 0 0.149315 0.987255 255 66 66
67.677 26.5343 43.6567 -0.121857 0 2.8 1 -0.856373 0.0585246 255 88 88
80.2015 24.6117 35.2593 -0.282066 0 2.5 0 0.706435 0.354782 175 175 255
73.7268 20.042 45.2196 -0.19023 0.345913 -3.49695 0 0.336209 0.753343 8 8 255
74.956 -3.5545 29.6213 -1.04414 -0.42545 -3.5 0 -0.327471 -0.944564 125 125 255
87.2605 13.5195 47.302 -1.20582 0 -3.5 0 0.991546 -0.0820919 6 6 255
65.3374 0.581 34.5776 0.210009 0 -1.44647 0 0.314054 -0.943827 172 172 255
71.303 -2.22675 36.7632 -0.378357 0 -3.2 0 -0.399511 0.846775 168 168 255
69.0182 30.0627 25.5037 0.103293 0 4.5 0 -0.108229 0.733366 210 210 255
82.5696 25.5007 28.5819 -0.646133 0 -3.5 0 0.837085 0.501444 98 98 255
77.4211 7.51213 22.196 -0.15359 0.0325113 -2.91708 0 0.697779 0.192296 39 39 255
64.9661 5.15525 32.1905 -0.446869 -0.153208 -0.160779 0 -0.892642 0.357818 255 63 63
77.835 25.1655 39.2495 0.121576 -0.343477 -0.9 0 0.959237 -0.277816 181 181 255
66.8525 19.4989 41.5776 -0.339353 0 4.5 1 -0.546655 0.630083 255 31 31
79.5904 30.2358 32.0231 0.0888392 0 4.2 0 -0.0570235 0.821742 255 241 241
65.024 11.4071 48.6209 -0.406366 0 -0.7 0 -0.3537 -0.0292177 242 242 255
63.388 12.2098 35.8825 -0.165325 0 4.5 1 -0.334556 0.938455 255 7 7
63.5757 10.6735 43.9487 -0.276962 0 -0.7 0 -0.652392 -0.211266 255 84 84
86.7487 11.7142 47.9697 -1.92337 -0.351606 -3.5 0 0.845045 -0.529902 7 7 255
85.808 22.834 36.983 3.75175 0 -3.9 0 0.517431 0.248253 255 249 249
84.0495 12.1865 48.438 -2.07669 0 -3.5 0 -0.495687 -0.356414 9 9 255
80.4327 24.2765 22.9876 -0.68159 -0.0159467 -1.6114 0 0.607604 -0.406511 26 26 255
77.1117 32.3764 27.4399 1.09969 0 -3.5 0 -0.00127809 0.95404 255 66 66
71.1629 7.88963 41.3184 -1.30455 -0.0982587 0.855868 0 -0.313152 -0.706644 255 145 145
84.2836 -1.60275 25.1099 0.994182 0.458218 -3.9 0 0.530574 -0.842705 8 8 255
81.3108 20.4287 27.084 -0.119541 0 3.8 0 0.705371 -0.556977 73 73 255
79.5457 23.4589 35.7824 -0.520144 0 2.5 0 0.504897 0.142507 210 210 255
60.5264 4.66425 34.8452 -0.190038 0 -0.4 1 -0.483171 0.154657 255 116 116
77.245 -2.87225 45.5848 2.34283 0 -3.9 0 -0.835202 -0.441477 30 30 255
65.3163 19.8242 44.4194 -0.720567 0 -3.5 1 -0.53646 0.599754 255 73 73
83.798 1.26225 44.178 -0.262334 -0.096321 -0.4 0 0.966779 0.147032 8 8 254
72.8562 23.0777 20.5893 1.05461 0.499598 -4.5 0 -0.606622 -0.0306033 102 102 255
78.9875 25.8967 43.0564 0.412351 0 -3.5 0 0.851482 -0.39432 76 76 255
73.1071 13.4471 47.7571 -0.579373 0 -3.9 0 0.236728 0.440861 28 28 255
83.3974 23.309 34.2289 -0.22428 0 -3.64641 0 -0.31655 0.817037 178 178 255
82.6748 31.4296 26.1281 3.41553 0 -3.5 0 0.959258 0.198066 135 135 255
66.75 15.963 24.198 0.326213 0.0102514 -0.8 1 -0.925516 0.281735 255 22 22
85.4835 3.934 40.2707 -0.124325 0 -3.5 0 0.811829 -0.381316 55 55 255
86.0468 12.152 38.7875 -0.434095 0 -3.5 0 0.771828 0.597354 218 218 255
76.5099 -6.36438 38.1799 -0.0835188 0 -3.5 0 0.940933 -0.33718 35 35 255
85.6782 16.6798 48.1406 -0.39886 0 -3.5 0 0.349504 0.803586 6 6 255
71.9796 13.5339 50.825 -0.74957 0 -3.5 0 0.595314 0.803022 31 31 255
73.3831 23.875 20.2432 0.558522 0 -4.5 0 -0.562301 0.229101 91 91 255
80.5505 21.5035 41.4055 0.0895587 0 4.02223 0 0.761761 0.38791 12 12 255
74.9665 2.4655 21.138 0.207135 0.668711 -0.7 0 0.0127558 -0.55012 111 111 255
63.7103 31.465 29.3181 0.345001 0.299084 0.619 0 -0.729019 0.425735 255 61 61
84.6697 -3.2945 27.691 0.251242 0.015677 -4.5 0 0.248165 -0.701026 4 4 254
69.6817 -4.594 38.6787 -0.309464 0 -3.2 0 -0.673141 -0.281514 158 158 255
80.7115 -2.065 42.0788 -0.287242 -0.0648755 -3.9 0 0.445397 -0.833683 28 28 254
90.0196 7.99075 35.4915 0.59161 0.778807 -3.5 0 0.796295 -0.253261 105 105 255
81.0123 6.40487 50.4319 -0.476383 0 -0.8 0 0.436438 -0.109977 96 96 254
68.2709 11.6761 48.6546 -0.562947 0 -2.81762 0 -0.377768 0.441556 149 149 255
77.771 3.82675 34.0568 -0.245355 0 4.5 0 -0.859392 0.187765 73 73 254
73.3678 20.0225 20.2987 -0.337465 -0.181496 -1.3 0 -0.145012 0.549448 166 166 255
64.5166 32.4625 31.7776 -0.0482094 0 -3.2 0 -0.876129 -0.172918 255 32 32
77.3792 -8.21737 41.4945 -2.03028 -0.220075 -3.5 0 0.801239 -0.320278 22 22 255
84.418 4.1835 39.2935 -0.402728 0 -3.5 0 0.849551 -0.306844 76 76 255
66.0529 17.148 46.5691 -0.543502 0 -3.5 0 -0.601022 -0.672465 239 239 255
82.2681 29.3337 30.3096 0.0411509 0 4.2 0 0.981312 0.188024 206 206 255
70.0859 26.895 24.6666 0.611749 0 4.5 0 0.119586 0.0924641 151 151 255
75.8799 20.7092 44.223 -0.291255 0.0674973 -3.40799 0 -0.357922 0.367436 8 8 255
75.8617 18.193 21.0163 0.342761 0 -1.3 0 0.545382 0.216415 126 126 255
71.5407 22.37 45.052 -0.0243408 0 -3.2 0 0.624995 0.346059 70 70 255
75.4382 13.734 48.0895 -1.0521 0 4.5 0 -0.67167 0.146505 11 11 255
74.1708 -8.75813 40.1675 -0.533425 0 -3.5 0 0.0216472 -0.986135 12 12 255
76.9594 -1.28638 43.4806 -0.193472 0 -3.9 0 -0.967471 0.0632002 19 19 255
80.859 20.1539 46.8434 -0.256897 0 4.2 0 0.169091 -0.0757688 11 11 255
67.1316 20.213 22.2434 0.237793 0 4.5 1 -0.758783 -0.251737 255 104 104
84.0995 3.5075 38.524 -0.307425 0 1.8 0 0.98618 0.0677197 69 69 255
65.7132 0.43025 41.2393 -2.01274 -0.661643 -3.5 0 0.749884 -0.658969 52 52 255
82.503 25.7925 23.9005 -1.0355 0 -3.5 0 0.725591 -0.679151 18 18 255
73.1205 12.4904 48.8927 -0.693458 0 -3.5 0 0.543305 0.666345 55 55 255
70.177 13.992 51.9599 -1.92904 -0.751375 -3.5 0 -0.00326891 0.98803 21 21 255
80.1025 19.7695 27.475 -0.500547 0 3.8 0 0.32401 -0.837193 81 81 255
85.335 15.635 29.7505 0.140888 0 -3.9 0 0.445048 -0.823688 101 101 255
65.576 19.9837 27.1108 0.107998 0 4.2 1 -0.347322 -0.186336 255 0 0
76.1748 8.01125 31.1175 -0.285798 0 4.5 0 0.166108 0.621199 105 105 255
69.8041 5.50037 47.813 -0.479354 0 -0.7 0 0.0185499 -0.642061 255 130 130
75.5017 -8.42787 43.7529 -1.22056 0 -3.5 0 -0.111593 -0.683245 17 17 255
85.7944 5.70162 42.3473 -0.216236 0.213326 -3.5 0 0.826729 -0.328 38 38 255
75.4303 19.9007 44.7357 -0.885079 0 3.8 0 -0.0278185 0.749092 5 5 255
68.4283 33.597 29.8706 0.0781244 0 -3.2 0 0.558561 0.596314 255 121 121
66.0165 18.4037 49.0065 -2.13714 -0.33492 -3.5 0 -0.509973 -0.699757 39 39 255
72.5821 -7.10319 41.8471 -0.414034 0 -3.5 0 -0.932607 -0.280122 9 9 255
68.3824 0.57625 26.5924 -0.336102 0 1.8 0 0.0790253 -0.87661 250 250 255
72.4167 10.8834 50.57 -0.520526 0 -3.5 0 0.79385 -0.378945 147 147 255
72.7828 30.9321 32.5266 0.16263 0 -3.5 0 0.23075 0.964005 164 164 255
73.9798 -7.07688 36.0858 -0.487523 0 -3.2 0 -0.204183 -0.866796 36 36 255
79.4238 20.1741 46.4245 -0.230021 0 1.02611 0 -0.179902 0.365565 11 11 255
67.9585 16.5149 22.2355 0.397752 0 0.252879 1 -0.985301 0.153733 255 78 78
67.0102 13.496 23.8158 0.567919 0.0739709 -0.8 1 -0.888518 -0.443361 255 13 13
72.3965 32.8162 28.4525 -1.64891 -0.340632 -3.5 0 -0.359127 0.896725 255 249 249
83.3466 10.5872 47.6628 -0.551919 0 4.2 0 0.348033 -0.5593 15 15 255
64.4904 10.4406 47.457 -0.279123 0 -0.7 0 -0.714212 -0.504543 252 252 255
71.3917 29.7915 24.5365 0.190902 0 4.5 0 -0.238767 0.588729 27 27 255
86.5221 8.75725 31.2561 -1.03103 -0.107154 -3.5 0 0.631225 0.711539 59 59 255
81.9342 -2.68887 29.6078 -0.160732 -0.043188 -3.84207 0 -0.0527668 -0.956973 10 10 255
60.0467 10.7137 38.103 -0.280735 0 4.5 1 -0.979551 0.196101 255 11 11
68.3767 3.16825 37.5639 -0.321846 0 4.5 0 0.833002 -0.474631 174 174 255
71.1089 11.8605 18.2442 -1.89924 -0.0166058 -3.5 0 -0.437779 -0.785449 255 123 123
63.5703 4.883 27.8899 -0.254069 0 -0.7 0 -0.763268 -0.556749 255 47 47
78.2927 17.3528 22.4608 0.239727 0 -1.3 0 0.725695 0.239094 37 37 255
62.1452 27.7111 30.0193 -0.0499199 0 4.5 1 -0.885166 -0.225284 255 12 12
82.875 11.2805 24.874 -0.0579067 0 -1.6 0 0.910895 0.399265 43 43 255
82.9024 7.52225 22.3627 -0.145324 0 4.2 0 0.26028 -0.485151 33 33 255
69.8766 1.09637 28.0964 -0.469789 0 1.8 0 0.404973 -0.910366 222 222 255
74.7889 4.41888 48.6949 -0.0730733 0 1.8 0 -0.285278 -0.936489 229 229 255
73.1821 -3.03038 28.9281 -1.17948 -0.0857778 -3.5 0 -0.487383 -0.699936 127 127 255
77.48 21.6655 20.0865 1.05253 0.294878 -4.5 0 0.622588 -0.282509 68 68 255
74.3053 -2.74088 30.7297 -0.724944 0 -0.529095 0 -0.775923 -0.630375 103 103 255
79.3621 29.5601 44.5664 0.614106 0.357345 -3.5 0 0.112552 0.66577 39 39 255
74.353 32.0827 46.3284 -1.84671 -0.451826 -3.5 0 0.241331 -0.396028 56 56 255
81.6712 3.8675 49.8667 -1.61063 -0.0604134 -0.8 0 0.195153 -0.193773 38 38 255
79.301 -1.683 24.0387 -1.73337 -0.442678 -3.5 0 -0.24116 0.158365 8 8 255
66.783 3.85925 22.9147 -0.463265 0 4.5 0 -0.974461 -0.00186968 135 135 255
63.8836 22.6605 28.9785 0.00760609 0 4.2 1 -0.979986 -0.133767 255 1 1
65.3234 26.2932 23.0075 0.53288 0 -4.5 0 -0.340521 0.939725 255 81 81
81.4631 14.4324 26.2294 0.0488392 0 -1.6 0 0.770163 0.637683 74 74 255
60.4953 -0.01475 36.625 -1.84128 -0.787245 -0.8 0 -0.617955 -0.785826 255 201 201
81.7835 2.50525 48.8545 -0.797944 -0.0807017 -0.8 0 0.630223 -0.406164 14 14 255
68.8562 4.96381 20.2754 -0.299836 0 4.5 0 -0.248387 0.406744 57 57 255
77.2477 -4.495 27.0853 -0.490309 0 -3.5 0 -0.533928 -0.841543 16 16 255
71.2208 19.2041 50.3864 -1.56035 -0.0143397 -3.5 0 -0.161335 -0.424369 2 2 255
72.002 0.60675 29.2428 -0.492094 0 0.210984 0 -0.692819 -0.720348 164 164 255
88.5356 12.9952 34.6198 -0.339094 0 -0.7 0 0.953324 -0.0301554 126 126 254
74.2572 1.1595 23.9778 -0.51092 -0.543563 -0.7 0 0.0154027 -0.856449 197 197 255
82.2481 4.97963 45.9929 -1.23337 -0.898733 -1.3 0 0.996524 0.0169722 36 36 255
75.2479 -2.74088 40.5187 -0.543852 0 -2.87706 0 -0.361683 0.572262 50 50 255
83.8838 21.0912 29.224 -0.307333 0 -3.5 0 0.597317 -0.0877499 171 171 255
76.5625 2.96225 33.5905 -0.252673 0 4.24535 0 -0.485881 0.683931 84 84 255
76.5143 33.6698 44.716 -0.326315 0 -3.5 0 0.792924 0.395081 25 25 255
69.7004 9.3725 49.5228 0.108744 0 -3.5 0 -0.517794 -0.689099 233 233 255
69.8047 31.4818 27.3775 0.147621 0 4.5 0 -0.127081 0.95128 255 222 222
72.7965 20.211 47.1235 -0.281413 0 -3.5 0 0.641857 0.765068 14 14 255
62.3763 27.8433 28.739 -0.00510918 0 4.5 1 -0.911237 0.152827 255 39 39
68.162 9.592 22.7089 0.383446 0 -4.5 0 -0.733684 -0.165466 246 246 255
81.233 21.6712 35.648 -0.100991 0 -3.9 0 0.0553523 0.810332 230 230 255
77.8504 29.4112 32.7769 0.399954 0.618251 -0.9 0 0.00293451 0.974551 255 242 242
85.8438 9.72375 43.5288 -1.42047 0 -3.5 0 0.857445 -0.130426 78 78 255
71.1982 5.96575 21.4287 -0.518552 -0.211506 -2.97066 0 0.195699 0.0403336 88 88 255
77.5505 -7.48675 31.8153 -0.416116 0 -0.7 0 -0.357308 -0.663649 46 46 255
68.8449 7.86688 22.0294 -0.053396 0 4.5 0 -0.509473 0.359181 96 96 254
68.4261 10.9041 52.368 -2.44411 -0.0388735 -3.5 0 -0.892067 -0.441685 124 124 254
65.8114 22.2406 48.82 -2.05305 -0.412959 -3.5 0 -0.286898 0.612642 59 59 255
68.8514 11.52 49.7879 -0.441704 0 -3.5 0 -0.941474 0.218423 138 138 255
60.4365 15.4358 43.7586 -0.30629 0 3.8 1 -0.568307 0.332986 255 6 6
83.2763 4.27313 43.1591 -0.641874 0 -3.5 0 0.762438 -0.0505925 31 31 255
85.3701 -1.0035 38.219 -0.265423 0 1.8 0 0.721568 -0.64201 20 20 255
87.19 15.5498 42.205 -1.89626 -0.844437 -3.5 0 0.810291 0.498765 32 32 255
80.2172 -7.61163 32.8099 -0.688152 0 -0.7 0 0.600066 -0.799602 17 17 255
65.1806 2.52362 25.6934 -2.11842 -0.0525381 1.8 0 -0.879972 -0.433759 228 228 255
70.0297 13.8352 35.8415 -0.342836 0 2.64746 0 0.482625 -0.711758 255 40 40
80.8971 28.1629 41.0141 -1.64722 -0.103687 -3.5 0 0.878924 -0.329777 113 113 255
61.073 5.804 42.084 0.306681 0.807365 -0.7 0 -0.628505 -0.461829 255 134 134
79.643 32.9613 27.4185 1.06312 0 -3.5 0 -0.00459077 0.733459 255 170 170
67.5554 16.658 47.3685 -1.75388 -0.397126 -3.5 0 -0.577739 -0.618119 73 73 255
62.6632 -0.23325 42.0339 -1.45651 0 -3.5 0 -0.386075 -0.919283 96 96 255
82.3223 18.4015 41.724 -0.407537 0 -0.626294 0 0.397113 0.840181 58 58 255
73.391 7.48338 34.7344 0.42078 0.658924 -1.3 0 0.364571 -0.0712374 255 154 154
65.3551 3.2425 41.1768 -0.847272 0 -1.06922 0 0.513547 0.0718779 183 183 255
73.1016 21.2833 49.5214 -1.95504 -0.226843 -3.5 0 0.59734 0.801522 5 5 255
75.2862 6.38725 38.8495 -0.672992 0 -1.3 0 -0.654465 0.35788 227 227 255
79.0134 23.0366 41.9231 0.182472 0 4.2 0 0.210848 0.461381 25 25 255
65.2927 29.4568 37.4113 1.02319 0.24889 -3.9 1 -0.851806 0.147365 255 6 6
83.936 -1.72238 23.5958 1.91667 0.343089 -3.9 0 0.172805 -0.866361 7 7 255
66.7639 1.64313 38.7786 -0.30269 0 4.5 0 0.403408 -0.906299 171 171 255
60.2825 2.39925 35.4427 -0.481427 -0.00736728 -0.8 1 -0.658218 -0.136871 255 167 167
70.0975 24.205 21.8132 -0.689966 -0.106885 4.5 0 0.386052 0.521508 117 117 255
75.4801 2.48863 45.5074 -0.150894 0 1.8 0 -0.452371 -0.888124 57 57 255
82.2185 22.6006 43.1825 -0.115766 0 4.2 0 0.899672 0.247041 13 13 255
74.548 14.9645 17.7367 -0.84984 0 -3.5 0 0.456335 0.35623 228 228 255
59.9396 6.8505 39.4564 -0.440351 -0.225869 -0.49838 0 -0.995523 0.0803908 255 107 107
82.6565 3.34275 47.9178 -1.08606 -0.0274688 -0.8 0 0.995225 -0.0524665 24 24 255
84.4847 -1.10713 40.0864 -0.364105 0 1.8 0 0.384652 -0.732111 22 22 255
73.2729 11.7382 49.7169 -0.629817 0 -3.5 0 0.855658 0.117068 120 120 255
71.41 1.3615 22.9695 -1.9797 -0.0100512 4.5 0 0.484613 -0.551536 190 190 255
79.2921 9.61162 22.7595 -0.172362 0.143267 2.74354 0 0.156995 -0.775916 38 38 255
73.0731 14.1088 16.631 -1.97931 0 -3.5 0 0.273662 -0.127671 246 246 255
78.7298 -4.77187 26.0654 -1.26618 -0.520097 -3.5 0 -0.262165 -0.956321 6 6 254
64.4473 34.064 32.2475 -0.264097 0 -3.2 0 -0.716362 0.0798354 255 47 47
67.573 0.382 23.354 -5.52355 0 4.5 0 -0.620376 -0.779432 138 138 255
86.841 11.0878 41.3942 -0.541184 0 -3.5 0 0.975806 -0.0827483 111 111 255
80.2879 -3.19837 29.3878 -0.989287 -0.259452 0.660547 0 0.588301 -0.800241 18 18 255
83.3997 15.2153 48.4002 -0.534276 0 -3.5 0 -0.467549 0.236445 4 4 255
72.0033 7.512 34.3961 -0.273464 0.36058 -1.3 0 -0.234545 -0.251508 255 74 74
61.9775 29.1028 29.9287 -0.0277059 0 4.5 1 -0.960301 0.222884 255 16 16
65.0246 27.592 38.9963 1.47629 0 -3.9 1 -0.955714 -0.172966 255 3 3
63.4506 2.66975 42.9123 -1.21053 0 -3.5 0 0.202869 0.403139 131 131 255
59.1066 5.67837 38.4145 -1.80294 -0.306927 -0.4 0 -0.978649 0.1047 255 164 164
79.108 33.2856 23.985 0.631662 0 -3.5 0 -0.240625 0.916502 219 219 255
88.6543 14.2306 34.7734 -0.264892 0 -0.7 0 0.976395 0.128285 105 105 255
86.9693 -1.5075 27.7262 0.157155 0 -4.5 0 0.600904 -0.434559 4 4 255
64.461 6.26662 29.3123 -0.795387 -0.337791 -0.7 0 -0.801051 -0.305842 255 10 10
71.0167 17.992 18.8783 -0.142536 0 4.5 0 0.328803 0.21866 230 230 255
73.2523 -4.013 41.1359 0.542827 0.842145 -3.5 0 -0.677121 0.554848 51 51 255
75.7525 -7.9565 38.0145 -1.53078 -0.0530194 -3.5 0 0.665112 -0.741 32 32 255
66.1434 9.641 29.0058 0.201444 0.820929 -0.871232 1 -0.19988 0.950845 255 23 23
82.7835 2.7885 46.5245 0.0210727 0 -0.4 0 0.850582 0.418455 20 20 255
69.8792 13.5089 54.0283 -2.16008 -0.160149 -3.5 0 -0.000824107 0.426459 21 21 255
83.8385 8.26825 27.068 -0.0591743 0 4.2 0 0.805523 0.491641 47 47 255
71.5459 13.5134 48.528 -0.232211 0 -3.55756 0 0.464186 0.82987 27 27 255
64.1999 1.9825 31.9451 -0.00713341 -0.494112 -1.6 0 -0.396491 -0.168389 255 213 213
76.3767 11.746 31.334 0.148197 0 3.8 0 -0.117449 -0.903953 120 120 255
77.4961 28.0566 44.8426 0.374901 0.456121 -3.5 0 -0.448816 0.074768 56 56 255
86.4351 15.2699 32.0774 0.184944 -0.659663 -0.7 0 0.850795 0.412621 54 54 255
86.869 11.7795 37.9915 -0.584316 0 -3.5 0 0.574748 0.736592 196 196 255
80.0005 -7.76062 31.6971 -0.393243 0 -0.7 0 0.283293 -0.845091 19 19 255
78.7226 27.9924 38.2985 0.0461783 0 -3.5 0 0.941397 -0.0299315 255 224 224
86.9549 12.2376 46.6973 -2.2206 -0.159737 -3.5 0 0.721742 -0.681259 8 8 255
63.4645 0.404 43.879 -1.76339 -0.6779 -3.5 0 0.283735 -0.465046 94 94 255
73.5335 33.451 46.9265 -2.19286 0 -3.5 0 0.140913 0.282558 91 91 255
73.6637 19.1513 49.7082 -1.74594 -0.607074 -3.5 0 0.759077 -0.00226513 3 3 255
73.7634 20.0289 48.7038 -1.73185 -0.275277 -3.5 0 0.779581 0.622374 4 4 255
77.0655 30.0578 24.6204 0.877725 0.841108 -4.5 0 -0.657227 0.40393 255 187 187
82.7705 0.5215 47.4338 -0.741655 0 -0.4 0 0.779733 -0.248986 14 14 255
64.1129 20.5585 28.5365 0.00894766 0 4.2 1 -0.982036 -0.0249021 255 0 0
80.5255 25.6591 33.0215 0.191365 0 3.82547 0 0.7956 0.0628972 92 92 254
75.8786 -7.13812 34.4846 0.66034 0.654885 -0.7 0 -0.271834 -0.957795 24 24 255
71.9762 14.6754 16.7502 -1.43807 -0.700253 -3.5 0 -0.426484 0.219171 255 182 182
82.2209 -1.05988 42.391 -1.1229 -0.675289 -0.975694 0 0.362705 -0.814993 15 15 255
81.8185 23.7171 27.4051 -0.416349 0 -1.42984 0 0.836182 -0.186599 69 69 254
76.8583 -5.579 42.5033 -1.8456 0 -3.5 0 0.807538 0.473934 17 17 255
63.7315 17.7038 37.0951 -0.107125 0 1.8 1 -0.994331 0.0957691 255 3 3
71.4342 11.4537 52.946 -1.1661 0 -3.5 0 0.736291 -0.190636 137 137 255
77.8475 14.5505 19.5325 0.480076 0.796746 -3.5 0 0.772421 0.48545 91 91 255
68.6077 18.9526 49.3619 -0.78675 0 -3.5 0 -0.25562 -0.218383 14 14 255
79.4108 -6.56663 36.7765 -1.78737 -0.206498 -3.15829 0 -0.234936 -0.658424 49 49 255
77.9125 -2.062 46.96 4.02721 0 -3.9 0 -0.641917 -0.294141 29 29 255
71.2036 18.8584 19.4074 -0.0602472 -0.0513674 4.14966 0 0.198264 0.471939 175 175 255
66.0185 2.179 41.2352 -1.0087 0 -1.72972 0 0.797855 -0.0256294 80 80 254
76.2754 -7.19112 44.6604 -2.21437 -0.0127112 -3.5 0 0.121125 -0.241671 17 17 255
89.4465 9.03975 35.1997 -0.0153702 0.353538 -3.5 0 0.652297 0.157022 129 129 255
72.3385 8.114 40.0845 -2.51295 -0.00593579 -3.5 0 -0.360242 -0.436772 255 176 176
78.546 2.81975 22.7563 -1.19539 -0.653311 -3.5 0 0.479597 -0.876868 15 15 255
75.67 -3.31875 25.5233 -1.69091 -0.39472 -3.5 0 -0.417595 -0.80845 36 36 255
68.4916 8.33 37.3167 -0.557456 0 2.90124 0 0.818385 0.508265 255 82 82
77.2678 0.82425 45.0955 -0.227848 -0.184169 -3.32792 0 -0.98397 -0.160345 56 56 254
63.3778 28.9984 27.8845 0.0608758 0 4.5 0 -0.629771 0.332763 255 113 113
75.4548 -3.24763 26.9583 -0.909339 -0.00826379 -3.5 0 -0.191043 -0.981438 69 69 255
64.1815 23.4639 23.9638 0.321542 0 -4.5 1 -0.972352 -0.173034 255 21 21
68.8779 21.8695 47.449 -0.293034 0 -3.44344 0 0.182391 0.645962 66 66 255
64.9696 25.3571 34.0725 -0.187 0 -0.7 1 -0.983307 0.0779418 255 0 0
67.4334 21.4183 41.2429 -0.0544043 0 4.5 1 -0.633198 0.0930289 255 55 55
75.2048 -1.81275 25.1026 -1.34202 -0.299369 -3.5 0 -0.294439 -0.266879 48 48 255
65.0492 5.86525 30.3997 -0.42598 0 -0.7 0 -0.98421 -0.00714445 255 30 30
63.1382 11.6595 31.8325 1.49894 0.738945 -0.8 1 -0.994889 0.0422793 255 5 5
86.2834 23.6276 30.6092 -2.06985 -0.046958 -3.5 0 0.884413 0.360818 190 190 255
80.4825 -2.8635 24.1434 -1.42447 -0.678472 -3.5 0 0.326169 -0.134664 4 4 255
78.1256 29.4918 34.2549 0.572684 0.242713 -0.9 0 0.526979 0.829722 227 227 255
72.8371 35.314 44.4024 -2.50578 -0.0850849 -3.5 0 -0.343597 0.925089 143 143 255
73.3124 17.8754 49.318 -2.15459 0 -3.5 0 0.258604 -0.61921 3 3 255
66.0615 6.43638 43.2929 -0.41468 0 4.2 0 -0.131754 -0.740001 255 98 98
72.8115 30.1287 24.4506 0.226538 0 4.5 0 0.102748 0.762788 39 39 255
64.8391 27.7009 40.294 0.582276 0 -3.9 1 -0.936079 -0.192116 255 8 8
71.5612 21.0977 47.3592 0.201633 0.0805448 -3.5 0 0.378707 0.925334 29 29 255
63.945 18.6429 37.6157 -0.165262 0 1.8 1 -0.859396 0.480467 255 4 4
62.5433 28.7091 31.05 -0.0751872 0 4.5 1 -0.659401 -0.175859 255 13 13
64.867 2.76 31.566 0.486746 0 -1.6 0 -0.693555 -0.0466476 255 183 183
69.0732 27.2696 24.2138 1.07006 0.420256 3.91557 0 0.190597 0.36369 255 247 247
73.8915 2.24012 21.678 0.67053 0.167521 -0.7 0 -0.364876 -0.519167 155 155 255
84.2121 9.0305 30.0356 -0.480909 -0.221844 -1.33179 0 0.396535 0.771773 40 40 255
79.6055 15.325 26.823 -0.436708 -0.109342 -1.35273 0 0.695657 0.690865 122 122 255
68.4072 12.4388 52.2528 -1.54556 0 -3.5 0 -0.992666 0.116129 51 51 255
77.0766 0.663875 46.9336 -0.960275 -0.0480942 -0.8 0 -0.87761 -0.479282 86 86 255
66.3658 29.927 25.7722 -1.58851 -0.280976 4.5 0 -0.527766 0.556589 255 208 208
66.973 31.8927 37.2045 -1.54851 0 -3.5 0 -0.563243 0.816965 255 103 103
78.1028 3.63663 20.54 -1.75098 -0.732058 -3.5 0 0.390428 -0.249369 20 20 255
84.1395 18.1957 41.5845 -1.329 -0.493094 -0.8 0 0.225159 0.964715 62 62 255
76.4863 16.0783 20.3515 0.751749 0.0758498 -2.49522 0 0.663183 0.550106 108 108 254
73.3747 5.06913 49.7085 -0.309503 0 1.8 0 -0.625643 -0.676961 213 213 255
64.7616 35.966 32.3069 0.014956 0 -3.2 0 -0.484844 0.26141 255 109 109
84.9889 0.28325 25.1609 2.10461 0.0787534 -3.9 0 0.99757 0.0551785 8 8 255
85.179 16.3622 43.4194 -0.548063 -0.825291 -0.8 0 0.689391 0.631191 30 30 255
83.1041 -2.20213 26.8736 0.0796635 0.362822 -4.24641 0 -0.0411087 -0.889945 7 7 254
85.557 18.909 30.004 0.766797 0 -3.9 0 0.679989 0.719462 132 132 255
62.5363 25.7679 29.3458 -0.03744 0 4.5 1 -0.719414 -0.466251 255 10 10
79.0478 -2.25225 40.2272 -1.25553 -0.162001 -3.9 0 0.0363237 -0.998427 29 29 255
84.9866 11.1869 47.7158 -1.51286 -0.458206 -3.5 0 0.258071 -0.964954 10 10 255
73.4305 -6.091 34.9471 -0.113093 0 -3.2 0 -0.0799705 -0.675859 44 44 255
82.3128 20.049 46.4422 -0.34953 0 4.2 0 0.642144 -0.0493256 16 16 255
78.7499 -3.28487 24.2675 -1.71051 -0.0225681 -3.5 0 -0.406669 -0.185433 7 7 254
78.5117 22.5379 39.0624 -0.317232 -0.0556187 2.03396 0 0.620989 0.781841 43 43 255
64.8023 6.93538 33.7359 -0.429232 -0.255371 2.97709 1 -0.64176 -0.0524709 255 75 75
72.8997 -0.1865 30.4207 -0.224017 0 2.8 0 -0.848072 -0.453001 139 139 255
79.1807 3.78638 22.506 -1.70223 -0.630443 -3.5 0 0.921611 -0.291836 20 20 255
64.3175 14.0072 29.692 0.0101162 0 3.8 1 -0.654812 -0.430176 255 1 1
74.4197 6.94312 39.9595 -0.859612 -0.259096 -3.5 0 -0.512239 0.339274 244 244 255
75.0953 29.5575 25.3598 1.04362 0.0499124 -3.81031 0 -0.153527 0.686308 255 200 200
78.151 30.242 22.6955 0.147978 0 -3.5 0 -0.779735 0.111536 155 155 255
75.993 2.30475 21.9531 -0.451723 -0.101673 -0.7 0 0.352831 -0.875637 74 74 255
74.6722 4.58413 50.0909 -0.312114 0 1.8 0 0.115832 -0.771164 225 225 255
76.1745 14.6155 50.2537 -1.94354 -0.683375 -3.5 0 -0.64157 -0.06693 9 9 255
66.3467 9.764 47.9115 0.278323 0 -0.7 0 -0.443542 -0.375704 239 239 255
68.469 5.096 44.5254 -0.392395 0 -0.7 0 -0.294297 -0.878878 255 101 101
82.6644 18.0061 39.4026 -0.23277 0 2.40135 0 0.766865 0.639971 108 108 255
63.366 5.24225 26.7717 -0.270511 0 -0.7 0 -0.85266 -0.447771 255 70 70
78.3764 -2.35812 39.079 -0.453879 -0.16493 -2.84916 0 -0.0275357 -0.841695 41 41 254
88.3394 11.9668 34.5853 -0.409584 0 -0.7 0 0.764665 -0.193355 90 90 255
68.9179 20.3594 19.3436 0.248508 0 4.5 0 0.456333 0.273525 99 99 254
71.3885 31.4883 37.1522 -0.262691 0 1.01373 0 -0.107585 0.828901 255 244 244
82.3051 29.4883 24.7206 0.219459 0.342378 -3.5 0 0.956549 0.291567 57 57 255
81.0514 -1.02863 23.884 -0.158372 0 -3.9 0 -0.148593 -0.233447 5 5 255
65.45 27.5975 37.9825 1.23986 0 -3.9 1 -0.922934 -0.130733 255 1 1
81.365 23.5936 26.155 -0.166265 0 1.77323 0 0.940786 -0.0469709 38 38 255
79.001 -2.526 47.066 1.45975 0 -3.9 0 0.00189839 -0.645364 21 21 255
67.9408 14.6788 21.8111 0.269116 0 3.66648 0 -0.801185 -0.470812 255 60 60
71.4205 11.127 38.4535 -0.941542 0 2.8 0 0.389163 -0.576717 255 212 212
60.5146 6.14762 40.7788 0.0712378 0 -3.05342 0 -0.851342 -0.255678 255 146 146
74.7599 8.18925 32.1806 -0.533114 0 -1.3 0 0.669707 0.528126 171 171 255
64.9805 21.507 21.0905 -0.0456401 0 -4.5 0 -0.538797 -0.731281 255 148 148
65.8254 1.23187 30.8034 -0.174812 0 -1.6 0 -0.60408 -0.651295 211 211 255
65.8004 2.67613 24.5894 -1.62481 -0.555737 2.56833 0 -0.781823 -0.341183 192 192 255
73.9459 3.08906 44.6133 -0.279665 0 1.8 0 -0.692324 -0.694591 64 64 255
72.9068 31.9769 46.7844 -2.23331 -0.327634 -3.5 0 -0.278268 -0.703764 98 98 255
69.2201 9.16375 33.7184 -0.542207 0 1.97933 0 0.0950711 0.324148 255 38 38
85.7377 17.027 28.389 1.99945 0 -3.9 0 0.59457 -0.349688 141 141 255
71.2712 16.7773 18.9613 -0.44036 0 4.5 0 0.233024 0.357596 255 199 199
86.9528 15.8287 48.2294 -0.435917 0 -3.5 0 0.815525 0.481183 5 5 255
69.3021 -6.08862 36.2816 -0.605369 0.241609 -3.2 0 -0.72772 -0.636787 139 139 255
69.3802 17.9527 49.1769 -0.70694 0 -3.5 0 -0.150797 -0.592142 9 9 255
75.1529 16.4417 48.6426 -1.24315 -0.448987 -3.61827 0 -0.55741 -0.0983627 7 7 255
80.6406 29.0511 42.8551 -0.796052 -0.357243 -3.5 0 0.835532 0.479831 73 73 255
72.5048 23.6817 21.6 0.468072 0.0276186 -4.5 0 -0.684477 0.559158 113 113 255
81.8795 26.7423 28.8337 -0.115202 0 3.599 0 0.927467 0.368572 137 137 255
61.9863 -0.611 37.3775 -0.418088 0 -0.8 0 -0.478995 -0.864714 212 212 255
86.9792 -1.9945 33.4863 0.34913 0 -4.5 0 0.221259 -0.430743 7 7 255
82.8613 21.5074 37.403 0.16684 0 -3.9 0 0.065594 0.532415 190 190 255
68.9655 18.935 19.1327 0.124729 0 4.5 0 -0.11799 0.263626 138 138 255
63.6598 36.7971 29.9188 -0.515372 0.133377 -3.2 0 -0.662923 0.735511 215 215 255
71.2481 5.119 46.3821 -0.564959 0 -0.7 0 0.350403 -0.905667 255 146 146
80.9575 23.4931 34.6833 -0.320582 0 2.5 0 0.591398 0.487178 173 173 255
65.1992 29.6257 27.1838 -0.0967173 0 4.5 0 -0.502681 0.535315 255 143 143
65.1729 14.2168 36.7668 0.398887 0.678803 -0.4 1 -0.990137 0.0693704 255 4 4
73.5364 12.7215 17.3158 -0.844299 0 -3.5 0 0.209455 -0.485405 223 223 255
71.1192 5.23462 33.1754 -0.503872 0 2.5 0 0.490152 -0.519473 255 169 169
74.5314 -8.43787 38.7481 -1.43767 -0.508857 -3.5 0 -0.13995 -0.98262 19 19 255
87.7728 14.5374 41.36 -2.49208 0 -3.5 0 0.963691 0.0780293 46 46 255
60.8744 1.81463 41.2415 -0.460495 0 -3.5 0 -0.905371 -0.311172 230 230 255
81.433 26.639 32.443 -0.074663 0 4.2 0 0.81964 -0.137371 89 89 255
81.9444 12.8679 27.1437 0.391574 0 -1.6 0 0.886349 0.343322 74 74 255
85.7567 -1.56412 33.4753 0.508611 0 -4.5 0 -0.126765 -0.555538 10 10 255
62.3318 3.72925 42.3165 -0.366823 0 -3.5 0 -0.276302 0.217048 192 192 255
64.4172 24.7424 23.3784 0.964242 0 -4.5 1 -0.906701 0.325167 255 34 34
68.0876 20.2696 26.9381 0.182181 0 4.2 1 -0.383445 -0.103986 255 3 3
81.3805 -2.73575 28.5308 -0.259931 0 -3.72745 0 0.242976 -0.966047 9 9 255
72.0094 0.485875 27.9719 -0.444522 0 -3.5 0 -0.956072 -0.260744 152 152 255
76.5895 -4.98025 37.9559 -0.380857 0 -3.3932 0 0.830214 -0.197023 36 36 255
65.3502 26.5594 33.0632 -0.291675 0 -0.7 1 -0.995931 0.0899745 255 4 4
84.9801 20.6289 36.9974 0.369698 0 -3.9 0 0.503093 -0.23577 255 249 249
62.898 15.8775 43.8536 -0.497277 0 3.8 1 -0.238056 0.777103 255 13 13
77.6469 22.0373 45.1754 0.631111 0 4.2 0 -0.307024 0.180482 21 21 255
70.5745 14.3752 48.047 -0.487419 0 -3.87293 0 -0.186893 0.4513 25 25 255
84.2272 12.5306 32.6508 -0.204879 0 -0.7 0 0.257002 -0.221754 52 52 255
70.4066 32.3701 34.252 -0.144315 0 -3.5 0 0.42751 0.887716 119 119 255
78.3558 9.68978 20.7692 -0.366576 -0.458223 -0.8 0 0.481349 -0.820316 71 71 254
78.1803 31.2792 28.528 0.473241 0 -3.5 0 0.122107 0.751137 255 89 89
79.308 3.765 49.192 -0.258857 0 -0.8 0 -0.333911 0.0702474 46 46 255
65.5232 23.4629 33.3366 -0.102321 0 -0.360388 1 -0.992205 -0.00631912 255 0 0
67.568 9.046 23.7055 0.380094 0 -4.5 1 -0.813486 -0.221791 255 223 223
86.6087 14.3337 40.0633 -1.76303 -0.988847 -3.5 0 0.628455 0.106829 106 106 255
85.4323 1.64488 28.1555 0.251181 0 0.739905 0 0.783219 0.161769 4 4 254
72.9579 14.7711 47.6375 -0.332599 0 -3.9 0 0.0072911 -0.0779039 12 12 255
65.163 31.147 32.4936 -0.140178 0 -3.2 1 -0.720372 -0.137631 255 44 44
65.4085 29.1303 40.3807 1.94554 0 -3.9 0 -0.774564 0.233235 255 14 14
66.955 20.1028 26.9708 0.199251 0 4.2 1 -0.111421 -0.0496152 255 1 1
63.3859 9.32975 43.6963 -0.23025 0 -0.7 0 -0.453111 0.071833 255 82 82
72.3422 26.0686 24.9065 0.449435 0 4.5 0 0.018411 0.164534 46 46 255
78.4652 2.44963 49.2745 -0.256824 0 -0.8 0 -0.363968 0.194451 27 27 255
63.9862 -0.704188 35.6041 -0.301146 0 -0.8 0 0.206928 -0.888152 133 133 255
75.5461 2.69906 44.2851 -0.0579324 0 1.8 0 -0.1639 -0.986442 45 45 255
74.0545 29.2311 44.1264 -0.00809894 0 2.8 0 0.242095 -0.150393 30 30 255
65.1415 21.4404 31.3471 -0.0253329 0 4.2 1 -0.960088 -0.104483 255 1 1
82.6042 1.8145 47.517 -0.164349 0 -0.584557 0 0.807773 -0.00224792 15 15 255
69.1937 0.244 27.672 -0.431293 0 1.8 0 0.530271 -0.831521 233 233 255
79.2975 -4.69575 29.9548 -0.460252 0 -1.20471 0 0.106926 -0.72923 38 38 255
73.7795 19.6236 47.3893 -0.303061 0 -3.80338 0 0.378767 0.925357 5 5 255
84.111 17.454 44.0265 -0.484389 0 -1.83532 0 0.760597 0.63001 32 32 255
84.7908 17.5505 32.8756 0.311736 0 -3.9 0 0.959522 0.281599 121 121 255
68.2289 24.0391 43.8794 -0.857488 0 -3.2 1 -0.964464 0.133659 255 213 213
87.0186 14.8684 47.1244 -0.771886 0 -3.5 0 0.945577 0.161582 6 6 255
83.394 5.269 25.679 0.00971603 0 4.2 0 0.210192 -0.826542 16 16 254
64.8008 5.71631 33.6872 -0.399657 0 4.5 1 -0.750483 0.334849 255 65 65
64.2168 16.0327 39.0024 -0.268866 0 2.08465 1 -0.858792 0.361988 255 21 21
63.5973 3.4275 32.248 -0.101031 0 -1.6 0 -0.620549 0.367974 255 109 109
67.7367 28.3144 41.5211 0.0338986 0 -3.9 0 -0.194378 0.743651 255 69 69
71.848 -1.6825 37.706 0.00703627 0 -3.2 0 -0.799505 0.588585 147 147 255
65.0591 17.7144 34.9978 0.197248 0 1.8 1 -0.855199 0.0724891 255 0 0
64.557 18.893 33.461 -0.0499328 0 4.2 1 -0.914057 -0.367661 255 0 0
79.2183 -4.29563 28.7787 -0.549524 0 -3.5 0 0.204269 -0.947185 17 17 255
77.6804 -7.93269 33.1476 -0.855545 0 -0.7 0 -0.336214 -0.916988 36 36 255
81.4737 8.21175 48.0726 -1.10515 0 1.56777 0 0.871692 0.12321 34 34 255
61.5719 6.04838 34.8693 -0.252678 0 2.32167 1 -0.397799 -0.0221341 255 82 82
64.3948 13.7759 45.466 -0.649822 0 2.54798 0 -0.161429 0.46003 255 49 49
78.998 28.3621 34.3111 -0.00859637 0 2.9363 0 0.693511 0.461924 233 233 255
80.8919 22.6709 24.8275 -0.10635 0 3.8 0 0.947381 0.152432 23 23 255
72.2896 29.2852 43.9392 0.00472992 0 2.8 0 -0.372095 0.437763 57 57 255
83.5687 20.0835 29.1006 -0.20878 0 -3.70559 0 0.514862 0.196287 158 158 255
72.7064 5.09937 45.8498 -1.27547 -0.0708916 -0.7 0 -0.273493 -0.896581 228 228 255
79.4259 1.02488 27.1712 -0.749668 0 -1.24245 0 -0.374664 0.225671 40 40 255
69.5541 6.01088 34.1724 -0.700357 0 2.5 0 0.660318 -0.250047 255 89 89
84.0445 17.598 46.3505 -0.322514 0 -3.5 0 0.232723 0.922617 9 9 255
64.5235 23.8573 19.873 0.713736 0.000575706 -4.5 0 -0.559444 0.565616 247 247 255
81.6929 7.02569 23.2399 -0.167139 0 4.2 0 -0.314537 -0.621346 51 51 255
64.6077 22.4181 30.8955 -0.0342189 0 4.2 1 -0.857661 -0.111692 255 1 1
74.8727 27.918 23.3072 0.415523 0 -4.5 0 -0.523829 0.435675 141 141 255
76.18 -4.8375 42.388 -0.752906 -0.0465742 -3.5 0 0.422697 0.853878 17 17 255
64.5585 9.7065 46.388 -0.188976 0 -0.7 0 -0.683942 -0.705746 255 219 219
81.7044 21.1122 42.6012 -0.061361 0 4.2 0 0.742421 0.048464 13 13 255
67.402 26.8041 42.402 -0.0178179 0 2.8 1 -0.911699 0.10611 255 51 51
62.532 16.4464 41.5327 -0.274695 0 3.8 1 0.0154311 0.983383 255 7 7
67.2261 15.382 22.7601 0.546845 0.246558 -0.8 1 -0.899502 0.101493 255 30 30
75.0013 33.4229 45.9215 -1.08725 0 -3.5 0 0.480044 0.367727 61 61 255
70.1464 32.768 35.3606 -0.212777 0 -3.5 0 0.345659 0.937582 102 102 255
84.2889 6.54844 26.9688 0.113555 0 3.85982 0 0.980224 0.197217 20 20 255
69.6878 10.3234 33.2643 -0.627411 0 -0.92122 0 0.169952 0.204788 255 38 38
72.1452 5.65613 32.5484 -0.216369 0 1.87497 0 0.178043 -0.796068 255 221 221
82.6112 5.02987 44.4141 -1.49344 0 -1.3 0 0.870528 -0.0835587 35 35 255
70.7615 11.9935 37.7795 -1.47142 0 2.8 0 0.350239 -0.591281 255 128 128
79.6646 -2.76413 43.3761 -0.324412 0 -3.9 0 0.249223 -0.911646 22 22 255
79.9433 18.6949 28.5389 -0.626184 0 -0.0795143 0 0.32406 -0.5567 120 120 255
66.2647 12.4241 48.1079 -0.552356 0 -0.7 0 -0.0805149 0.535986 191 191 255
69.2042 8.74813 48.8991 -0.146753 -0.518561 -2.02952 0 -0.26164 -0.25497 255 215 215
64.0736 16.4014 29.2065 -0.00139445 0 3.8 1 -0.799295 0.309187 255 0 0
81.3496 12.2924 28.5823 -0.145563 0 1.33175 0 0.940083 0.305617 85 85 255
76.0335 0.095 39.799 0.0666891 0 -1.3 0 -0.485494 0.0520214 61 61 255
65.7838 24.9678 37.4142 -0.0714164 0 -0.208535 1 -0.961105 0.229546 255 2 2
87.2819 7.589 32.9865 0.105326 0 -3.5 0 0.890018 0.42281 57 57 255
69.7167 26.2801 44.8392 -0.389329 0.376389 -0.185974 0 0.218172 0.412352 195 195 255
80.5422 16.1125 48.7261 -0.583653 0 -3.5 0 0.636962 0.30129 8 8 255
69.3173 6.35437 41.9449 -0.547018 0 4.2 0 0.722293 -0.665118 255 142 142
70.566 0.5425 24.7715 -1.79441 0 4.5 0 -0.122911 -0.858311 206 206 255
79.2006 17.1397 28.507 -0.647184 0 -3.5 0 0.84988 -0.0800009 112 112 255
85.2311 18.2451 34.0566 -0.00310558 0 -3.9 0 0.915837 -0.0284412 131 131 255
67.7829 10.4946 27.0811 0.367143 0 -4.5 1 -0.827234 0.536686 255 41 41
81.9492 5.87075 24.6649 -0.0805359 0 4.2 0 -0.0159273 -0.879184 37 37 255
80.1564 -1.9935 40.707 -1.69017 0 -3.9 0 0.427024 -0.902759 37 37 255
82.6897 -1.693 39.1051 -0.222872 0 0.732029 0 0.14724 -0.67415 27 27 255
76.6126 24.5204 45.5719 1.4296 0 -3.9 0 0.227547 0.178391 46 46 255
76.6176 12.3805 37.1334 -0.729641 0 4.5 0 -0.816461 -0.201088 255 172 172
69.1473 10.9827 37.3008 -0.695399 0 2.8 0 0.630665 -0.445806 255 53 53
81.2906 -4.31494 38.6378 -0.718288 0 -3.5 0 0.0228982 -0.421768 45 45 255
84.3401 16.0588 39.7481 -0.464906 -0.196797 -0.488565 0 0.555048 0.334804 149 149 255
76.3965 2.0285 46.3289 0.0196806 0 1.23935 0 -0.802369 -0.591918 75 75 255
67.0645 22.6925 19.108 0.113509 0 -4.5 0 0.45481 0.202249 77 77 255
72.5983 4.10331 21.6051 -0.487103 0 -0.7 0 -0.122393 -0.270283 133 133 255
67.8689 17.5725 24.0301 0.0830676 0 -0.8 1 -0.730656 0.68034 255 37 37
85.4802 16.3815 33.6635 0.0977521 0 -2.76223 0 0.868334 0.491567 72 72 255
75.1768 1.37088 39.5161 -0.794706 0 2.68362 0 -0.164187 -0.362074 109 109 255
74.035 9.97019 48.8692 -1.14117 0 -3.5 0 0.510109 0.118395 188 188 255
74.0779 3.81494 45.6324 -0.195504 0 1.8 0 -0.619827 -0.645844 103 103 255
74.6367 19.948 20.1465 0.102399 0.333681 -2.93331 0 0.323528 0.0581656 172 172 255
84.4999 4.95813 42.7434 -0.38799 0 -3.5 0 0.470231 -0.445324 59 59 255
72.3891 20.3197 20.8026 0.239127 0 4.5 0 -0.0588939 0.531586 154 154 255
66.8519 15.2854 25.223 -0.0130829 0 -0.8 1 -0.899135 -0.335422 255 4 4
66.4664 23.396 39.827 -0.0298151 0 4.5 1 -0.599532 0.277996 255 7 7
68.437 27.7219 43.4434 -0.138532 0 2.8 0 -0.53977 0.682946 255 143 143
82.7061 18.0456 40.6827 -0.313343 0 -0.8 0 0.44078 0.882551 59 59 255
60.9948 9.64734 43.2947 -0.402959 0 -0.7 0 -0.576132 0.0646962 255 11 11
89.5538 7.14288 36.2276 0.170902 0 -3.5 0 0.566054 -0.791695 123 123 255
81.9447 19.4726 39.078 -0.135991 0 3.8 0 0.783665 0.354676 104 104 255
65.3102 24.8175 32.8779 -0.144077 0 -0.7 1 -0.979928 -0.0690698 255 0 0
65.0577 4.99725 41.9611 -0.398694 0 1.73317 0 0.409905 -0.419669 255 188 188
68.8767 4.95816 36.1667 -0.298256 0 4.5 0 0.922885 -0.361245 255 189 189
64.2744 22.5581 21.3744 0.936969 0 -4.5 0 -0.796394 -0.489272 255 106 106
83.1432 24.1604 33.3016 -1.39142 -0.791168 -3.5 0 -0.178803 0.752756 111 111 255
67.6765 10.5958 36.0611 -0.338206 0 -0.8 0 0.93203 -0.234102 255 33 33
83.1798 -5.49275 36.8149 -0.806295 0 -3.5 0 0.835144 -0.529499 30 30 255
65.0326 20.6583 32.0368 -0.0369059 0 4.2 1 -0.95802 0.140673 255 0 0
63.9859 14.245 39.0765 -0.210401 0 3.8 1 -0.651192 0.0888085 255 24 24
75.6748 13.9587 38.2375 -0.672718 0 3.8 0 -0.23983 -0.933682 255 148 148
86.4519 16.7658 41.6396 -0.157389 0 -0.8 0 0.812575 0.568988 52 52 255
68.0366 1.62762 21.7418 -2.40627 0 4.5 0 -0.54299 -0.551038 110 110 255
68.6184 9.08794 38.1413 -0.383585 0 2.8 0 0.877685 -0.365637 255 118 118
77.3269 0.879938 42.0049 -0.182743 0 4.5 0 -0.820517 -0.517952 29 29 255
83.1796 13.8166 48.2412 -0.630394 0 -3.5 0 -0.445475 -0.0624387 6 6 255
73.9518 13.5141 39.4051 -0.734102 0 3.8 0 0.26779 -0.794942 255 147 147
78.2667 -3.9445 29.0903 -0.508749 0 -1.53082 0 -0.214525 -0.951488 41 41 255
74.0087 1.92494 36.3523 -0.968763 0 -1.3 0 -0.432563 0.428145 156 156 255
85.9052 21.344 34.1712 0.814227 0 -3.9 0 0.906797 -0.170687 255 232 232
82.0856 10.5092 31.1096 -0.49889 0 3.89694 0 0.890034 0.413969 90 90 255
64.8853 16.9956 27.9211 0.00655634 0 3.8 1 -0.705072 0.179118 255 0 0
82.2819 10.5105 23.4254 -0.175344 0 4.2 0 0.511408 0.565634 24 24 255
80.399 4.458 27.2815 -0.736212 0 -3.5 0 0.578923 -0.334381 78 78 255
75.2572 30.9545 45.4622 -0.376324 0 -3.5 0 0.253798 -0.658382 31 31 255
73.0906 0.000125 32.7446 -0.337428 0 3.8 0 -0.945209 0.143 153 153 255
65.4365 20.8349 37.2028 0.150296 0 4.5 1 -0.98851 -0.071846 255 2 2
85.4086 13.098 32.4335 -0.775011 -0.407238 -0.7 0 -0.00509828 -0.439155 64 64 255
63.4319 33.273 30.2125 -0.124463 0 -3.2 1 -0.900445 -0.388834 255 104 104
78.4632 31.5653 22.8845 0.775358 0 -3.5 0 -0.675378 0.366088 171 171 255
74.5436 1.68263 35.5349 -0.594062 0 -0.609125 0 -0.67656 0.609609 138 138 255
84.225 2.637 26.627 0.203225 0 1.8 0 0.568324 0.0416842 7 7 255
76.8315 -1.13181 40.5713 -0.105505 0 -1.3 0 -0.644741 0.156771 24 24 255
72.7637 0.7215 39.6631 -0.417957 0 -1.3 0 -0.312865 -0.382666 118 118 255
70.0853 14.2391 34.2349 -0.503488 0 -2.38031 0 0.289696 -0.892148 255 24 24
85.0924 3.29331 41.0948 -0.140383 0 -3.5 0 0.706099 -0.666708 35 35 255
64.1515 12.7188 46.4552 -0.441714 0 -0.7 0 -0.664402 0.621064 255 157 157
65.6844 11.0869 30.5405 -0.804627 -0.944776 -0.8 1 -0.108486 -0.0261706 255 12 12
75.9235 1.7085 40.1113 -0.520608 0 4.5 0 -0.630094 -0.533143 64 64 255
69.0129 31.6848 28.8932 0.424078 0 0.106338 0 0.324124 0.857877 255 119 119
73.7431 -8.47888 41.5438 -0.64774 0 -3.5 0 -0.470628 -0.876773 8 8 255
65.7868 19.8209 39.9082 -0.975239 0 4.5 1 -0.908667 0.167562 255 10 10
81.3575 20.1339 39.8329 -0.108094 0 3.8 0 0.859917 0.429467 33 33 255
64.954 22.4788 22.7248 0.54374 0 -4.5 1 -0.666088 -0.738406 255 53 53
65.3806 20.8809 44.9605 -0.304498 0 -3.5 1 -0.514651 0.544463 255 169 169
64.4466 17.0961 32.2832 -0.0188063 0 3.8 1 -0.554935 0.346459 255 0 0
84.7588 18.6066 36.2508 -0.0177681 0 -3.9 0 0.673868 -0.29215 174 174 255
61.4622 3.24231 34.6604 -0.0374929 0 -0.4 1 -0.506978 0.138868 255 117 117
77.909 -6.46431 35.7864 -0.477424 -0.0943673 -0.846265 0 -0.182098 -0.729899 30 30 255
64.6757 17.0851 44.6012 -1.57128 0 -3.5 1 -0.690961 -0.21513 255 40 40
80.5839 21.4614 37.1235 -0.0820799 0 3.8 0 0.141709 0.989261 169 169 255
84.1714 3.13975 37.5089 0.394563 0 3.8 0 0.969154 0.181714 55 55 255
63.735 10.768 31.07 0.313388 0 -0.8 1 -0.802968 -0.259521 255 4 4
63.6365 15.1853 32.5566 -0.0694775 0 3.8 1 -0.673239 -0.047134 255 0 0
74.4043 9.03525 31.6845 -0.53812 0 -1.3 0 0.848402 0.389094 219 219 255
81.5434 25.8514 22.2246 -1.52822 -0.54107 -3.5 0 0.322794 -0.347864 18 18 255
82.3475 12.7825 30.7465 -0.0865906 0 3.8 0 0.838359 -0.15505 82 82 254
68.9499 10.7615 21.5427 0.475979 0 -4.5 0 -0.63272 -0.247684 255 135 135
67.6026 7.87719 24.0837 0.192484 0 -4.5 1 -0.867071 0.136641 255 250 250
69.2445 7.30662 34.8976 -0.566174 0 2.5 0 0.710514 0.379321 255 47 47
62.167 4.24363 34.7531 0.527723 0 -0.4 1 -0.361036 0.221513 255 75 75
66.5181 0.1975 28.3325 -0.276707 0 1.8 0 -0.432133 -0.894511 192 192 255
83.5916 5.83881 43.8045 -0.554862 0 -3.5 0 0.514025 -0.360344 58 58 255
79.5768 -4.6455 27.679 -0.588105 0 -3.5 0 0.426582 -0.873824 9 9 255
77.3033 11.3916 49.3851 -0.648727 0 4.5 0 0.0308841 -0.0346869 51 51 255
82.6615 -1.35738 44.709 -0.855034 0 -0.4 0 0.363588 -0.862215 11 11 255
75.7426 11.3846 19.2904 -0.34695 -0.0697842 -2.30298 0 -0.0494645 -0.58607 28 28 255
70.1799 13.215 33.0174 -0.617821 0 -4.04672 0 0.127379 -0.40909 255 28 28
67.7418 10.7869 34.9642 -0.355894 0 -0.8 0 0.903793 -0.29491 255 33 33
79.2199 26.5513 40.7639 0.363105 0 -3.5 0 0.754718 -0.57505 133 133 255
82.901 -2.84 30.2985 0.235856 0.287016 -4.5 0 -0.523696 -0.725252 4 4 255
70.2899 24.5874 45.7709 -0.858712 0 -3.2 0 0.544803 0.406838 136 136 255
69.6815 3.59 32.8316 -0.362461 0 -1.35055 0 0.705832 -0.370421 255 239 239
69.6085 23.2153 46.7023 -0.517106 0 -3.2 0 0.391874 0.402439 102 102 255
85.4937 13.2418 38.8821 -0.439492 -0.163548 0.601075 0 0.852177 0.353559 210 210 255
78.2135 0.76275 27.1725 -0.435854 0 -0.509859 0 0.178865 0.480094 70 70 254
64.1224 16.2349 40.8096 0.167907 0 3.8 1 -0.303536 0.919852 255 18 18
60.0434 9.07306 39.4295 -0.754979 -0.617666 -0.7 1 -0.951487 0.173063 255 34 34
66.8474 8.189 46.076 0.722126 0.781357 -0.7 0 -0.892255 -0.428934 255 181 181
74.9277 2.77475 40.8662 -0.4697 0 4.5 0 -0.419028 -0.775118 111 111 255
84.1953 23.3734 29.1593 -0.617046 0 -3.5 0 0.470238 0.120623 89 89 255
78.9715 -0.4805 25.2827 -2.39125 -0.544843 -3.5 0 -0.265446 0.782398 32 32 254
63.8905 5.76475 34.1628 -1.28291 0 4.5 1 -0.287859 0.0970467 255 72 72
78.7922 29.4924 37.4787 -0.649125 0 -0.4 0 0.741001 0.0528357 195 195 255
64.879 23.1825 36.7648 -0.0970116 0 4.5 1 -0.943574 0.254768 255 0 0
76.5974 3.88125 36.5751 -0.277407 0 -0.171944 0 -0.329064 0.600031 189 189 255
86.8051 9.05787 41.9933 -1.30598 -0.119075 -3.5 0 0.857491 -0.0088096 66 66 255
81.8288 21.3258 37.9634 -0.0231643 0 3.8 0 0.451382 0.813607 130 130 255
76.0882 30.82 29.9853 0.393108 0 -3.5 0 0.469567 0.647579 255 39 39
80.6251 6.80963 23.7894 -0.191509 0 4.2 0 -0.0750602 -0.497625 59 59 255
71.2806 3.01769 21.9572 -0.818178 0 4.15501 0 0.46104 -0.443951 146 146 255
67.6742 28.0839 24.8434 0.617941 -0.0547955 4.5 0 -0.419488 0.310068 255 236 236
82.3029 10.7726 29.4967 -1.31111 -0.287213 4.2 0 0.825191 0.543109 60 60 255
81.707 15.283 29.3315 -0.176316 0 -3.9 0 0.332141 -0.162113 119 119 255
76.1965 7.786 21.1235 -0.23862 0 -3.5 0 0.371499 -0.273233 21 21 255
71.5227 23.7433 22.221 0.349769 -0.439203 4.5 0 -0.0493288 0.725894 121 121 255
74.2767 4.80025 47.6867 0.499898 0 1.8 0 -0.543806 -0.838011 188 188 255
80.6487 8.25163 49.6814 -1.5888 -0.474416 -0.8 0 0.479105 0.407181 34 34 255
77.8411 9.07613 21.6584 0.570114 0.188364 -0.8 0 0.593418 -0.679166 57 57 255
78.916 19.1678 27.6391 -0.584765 0 -3.5 0 0.702893 -0.635335 50 50 255
81.137 14.4865 28.291 -0.177387 0 0.621059 0 0.79328 0.600707 99 99 255
76.1016 19.8624 21.1351 0.278445 0 -1.89823 0 0.624752 -0.378687 120 120 255
80.693 32.6961 27.2314 2.72351 0 -3.5 0 0.341957 0.703282 229 229 255
81.0566 -3.73113 33.0716 -0.894771 0 -0.631423 0 0.824043 -0.0973856 48 48 255
74.2246 12.5054 47.9564 -0.782977 0 -2.7759 0 -0.0552797 0.426506 38 38 255
81.0527 1.93362 24.4611 -0.154188 0 -3.9 0 -0.423883 0.762944 8 8 255
64.99 18.7815 29.7991 0.00837072 0 4.2 1 -0.982499 0.138038 255 0 0
64.6851 20.7946 47.1217 -0.952645 0 -3.5 0 -0.936331 0.348304 187 187 255
82.2859 6.4115 23.8464 -0.123739 0 4.2 0 0.0121504 -0.76381 32 32 255
62.2314 2.63175 42.6517 -1.11858 -0.183336 -3.5 0 -0.563183 0.229572 165 165 255
78.316 -6.24325 31.1572 -0.372853 0 -0.7 0 -0.226827 -0.407227 46 46 255
60.653 11.15 36.4103 -0.20506 0 4.5 1 -0.85457 0.464569 255 6 6
73.6654 25.2141 20.8673 0.690209 0.222328 -4.5 0 -0.574901 0.65436 97 97 255
82.3996 -3.00806 38.695 -0.411632 0 -3.5 0 0.366961 -0.216955 34 34 255
79.8938 27.078 43.4095 -0.3041 0 -3.5 0 0.703397 -0.625725 89 89 255
77.5603 -0.449813 46.4352 -0.304956 0 -3.47516 0 -0.904711 -0.249843 55 55 255
76.274 5.70837 33.3348 -0.395274 0 4.5 0 -0.280868 0.157697 100 100 255
85.7652 9.60325 33.2862 -0.284181 0 -3.5 0 0.809825 0.534598 99 99 255
67.3414 15.3912 26.2962 -0.212596 0 -0.8 1 -0.71154 -0.679401 255 1 1
70.9361 -2.723 38.7279 0.143598 0 -3.2 0 -0.248606 0.68312 124 124 254
79.4325 3.02944 25.1203 -0.339355 0 -3.5 0 0.82923 -0.504461 26 26 255
77.9556 3.65125 48.7565 -0.436009 -0.296586 1.36084 0 -0.233106 -0.0933525 59 59 255
62.1705 8.50275 43.7588 -0.347618 -0.108743 -0.7 0 -0.285893 0.0104972 255 34 34
74.0024 31.9141 27.5483 -0.335878 0 -3.5 0 -0.131348 0.729878 255 161 161
77.3969 2.82844 23.0809 -1.26195 -0.06619 -3.5 0 0.135296 -0.990778 33 33 255
71.9694 0.682562 31.007 -0.136061 0 2.8 0 -0.464874 -0.765027 155 155 255
69.049 12.77 21.0053 0.0512389 0 -4.5 0 -0.819616 -0.100001 255 98 98
86.462 17.0165 30.6795 0.783021 0 -3.9 0 0.96617 -0.159274 119 119 255
69.467 33.0031 30.8946 -0.0617392 -0.163594 -3.2 0 0.628669 0.762621 255 172 172
67.6218 15.0545 27.5909 -0.507375 0 -0.8 1 -0.554099 -0.577667 255 0 0
70.9974 21.2638 49.6555 -1.69696 -0.457732 -3.5 0 -0.326713 0.900119 5 5 255
71.0791 18.0261 49.4416 -1.04949 0 -3.5 0 -0.099686 -0.754633 5 5 255
84.1641 9.4055 45.1226 -0.795535 -0.108937 -3.5 0 0.527778 -0.386844 61 61 255
67.4134 4.53094 41.2711 -0.465469 0 4.24791 0 0.18663 -0.663637 255 246 246
76.0433 -0.773 25.1108 -0.889869 0 -3.5 0 0.239429 0.08029 68 68 255
75.7859 19.6196 45.7497 -0.34643 -0.016338 -3.5 0 -0.170883 0.935578 5 5 255
64.6659 24.6339 26.4981 0.148525 0 0.236579 1 -0.839923 -0.471791 255 17 17
86.5287 -0.22975 34.21 0.130201 0 -4.5 0 0.22346 -0.218495 10 10 255
67.095 18.353 26.983 0.0805093 0 4.2 1 -0.495368 0.14388 255 1 1
70.1008 28.9014 41.4627 -0.711103 -0.40545 3.39837 0 -0.661571 0.698821 255 187 187
81.9145 6.83866 48.5931 -0.560707 0 -0.8 0 0.918416 0.183982 61 61 255
78.395 9.06162 23.2473 -0.256602 -0.121217 4.2 0 0.498902 -0.469737 48 48 255
65.4394 21.2838 27.1334 0.14995 0 2.15585 1 -0.564458 0.0924993 255 1 1
82.5943 10.7072 26.3937 0.145315 0 -1.6 0 0.948926 0.278327 59 59 255
61.5902 0.99975 41.818 -1.28518 -0.330294 -3.5 0 -0.857158 -0.503711 177 177 255
84.2772 18.2197 28.2799 0.227001 0 -3.9 0 0.227269 0.24366 142 142 255
82.9719 2.4675 26.6348 0.291309 0 1.8 0 -0.153808 0.684697 8 8 255
65.4217 6.24259 25.3189 -0.258882 0 -0.7 1 -0.384294 0.0775919 255 89 89
78.1116 26.8423 21.4271 0.302723 0 -4.5 0 0.318763 0.498861 61 61 255
65.7411 18.4781 41.7725 -0.461838 -0.563308 4.43952 1 -0.796762 0.58983 255 15 15
72.5064 5.56025 21.4185 -0.619858 -0.15036 -1.13791 0 -0.1505 -0.190766 90 90 255
73.507 9.30775 39.9091 -1.9125 -0.341598 -3.5 0 -0.0391707 -0.0962578 255 223 223
83.5236 0.89775 41.0254 -0.643454 -0.0239582 2.26442 0 0.779219 -0.129564 10 10 255
79.7274 28.529 39.6198 -0.462514 -0.198846 -3.5 0 0.810449 -0.319805 185 185 255
82.1397 6.58725 45.6042 -0.961022 -0.0753629 -1.1903 0 0.902909 -0.19769 42 42 255
72.1756 -0.709875 28.0645 -0.0631419 0 -3.5 0 -0.864369 0.0262978 159 159 255
81.9424 -2.95156 33.8313 -0.0629129 0 -0.4 0 0.676979 -0.512424 40 40 255
75.5904 21.1976 19.6649 0.538406 0 -4.5 0 -0.0442775 -0.342834 129 129 255
67.5135 6.67863 22.7259 -0.155337 0 4.5 0 -0.827967 0.413173 159 159 255
80.072 13.6818 23.828 -0.0899161 0 -1.6 0 0.415746 0.766336 92 92 254
60.7718 6.92025 42.004 0.205776 0.14843 -0.7 0 -0.774001 -0.459509 255 65 65
69.1527 20.4578 24.2365 -0.248219 0 4.5 1 -0.927755 -0.101649 255 95 95
81.1711 17.2002 29.5275 -0.0618725 0 -3.9 0 -0.204666 -0.235124 172 172 255
90.1148 8.53269 37.0679 -0.635364 0 -3.5 0 0.99631 0.0357015 189 189 255
83.6521 1.26269 23.1288 2.95779 0 -3.9 0 0.164562 0.750781 12 12 255
73.4341 -2.57744 33.897 -0.225351 0 0.536859 0 -0.923795 0.0073239 107 107 255
66.9365 27.2846 41.5641 0.482739 0 -2.57217 1 -0.576015 0.0559851 255 25 25
84.141 1.797 25.8335 0.441493 0.0766492 -2.27201 0 0.615244 0.746131 7 7 255
83.7943 10.2902 45.991 0.152922 0.40972 4.2 0 0.714802 -0.587946 23 23 255
81.762 -0.479 48.4395 -1.80081 -0.12371 -0.8 0 0.522251 -0.611788 15 15 255
80.8545 29.1618 32.2231 0.0618132 0 4.2 0 0.569248 0.50372 157 157 255
78.7965 -7.54419 31.7776 -0.532124 0 -0.7 0 -0.163556 -0.788291 29 29 255
77.6292 10.9039 33.2518 -0.280739 0 3.8 0 -0.694409 -0.68703 77 77 255
59.556 4.29619 35.6209 -0.159629 0 -0.4 0 -0.792253 0.148075 255 151 151
68.083 8.99037 48.37 0.0126017 -0.45024 -0.7 0 -0.432288 -0.121221 253 253 255
83.0253 18.5787 45.1267 -1.39358 -0.0394484 -3.5 0 0.862424 0.491655 23 23 255
84.1019 14.9455 37.406 -0.170916 0 -0.172541 0 0.741036 0.58663 87 87 255
75.1228 10.3744 48.4837 -0.270055 0 4.5 0 -0.0308905 0.175709 143 143 255
81.7424 18.7479 40.2026 -0.26144 0 3.8 0 0.808084 0.567644 43 43 255
83.0271 -2.0845 32.8901 0.190424 0 -0.4 0 0.33254 -0.927849 12 12 255
76.8187 31.9275 37.6809 0.158 0 -0.4 0 0.315136 0.65612 126 126 255
84.1501 -1.92106 26.5047 0.256667 0.969212 -4.5 0 0.380341 -0.782052 7 7 255
78.9651 14.6031 24.0217 0.0885572 0 -1.3 0 0.612691 0.384111 74 74 255
72.7142 13.3855 34.6221 -0.0355972 0.725454 -4.5 0 -0.221521 -0.555867 255 218 218
70.0912 14.759 18.4405 -0.429197 0 4.5 0 -0.454205 -0.28968 255 154 154
85.496 14.4627 36.4696 0.0812235 0 -0.7 0 0.374065 0.72671 97 97 255
66.5312 14.8558 23.9128 1.38265 0.41098 -0.8 1 -0.981659 -0.059159 255 7 7
71.0598 0.899188 30.1256 -0.382967 0 2.8 0 -0.218746 -0.973522 175 175 255
80.6346 -6.51575 37.2276 -1.95538 0 -3.5 0 0.00367614 -0.761967 51 51 255
61.9577 14.8356 40.1748 -0.187993 0 3.8 1 -0.411543 0.0306426 255 9 9
65.3379 15.5641 35.5076 0.208427 0 0.0823115 1 -0.883258 -0.343796 255 1 1
88.496 7.859 34.928 -0.15129 0 -3.5 0 0.397282 -0.717463 73 73 254
74.119 1.37688 32.6619 -0.313562 0 3.8 0 -0.677758 0.541321 155 155 255
62.5385 16.0215 40.5455 -0.214623 0 3.8 1 -0.208519 0.803609 255 12 12
70.9075 1.44206 31.4473 -0.203872 0 2.8 0 -0.16009 -0.720101 130 130 255
66.54 20.6516 21.2425 0.210409 0 -0.257533 1 -0.77208 -0.517511 255 155 155
77.3365 10.6156 19.1954 -0.942386 0 -0.8 0 -0.0286129 -0.475923 37 37 255
83.6849 7.37687 44.2614 -0.745764 0 -3.5 0 0.455497 -0.378254 69 69 255
61.1754 13.4037 43.1441 -0.304406 0 3.8 1 -0.691389 -0.358297 255 9 9
63.7196 34.7109 31.1929 -0.634022 0 -3.2 0 -0.819203 0.00497449 255 73 73
74.4762 -8.58675 42.5815 -1.18082 -0.154596 -3.5 0 -0.352035 -0.910802 10 10 255
86.3607 -3.22481 31.7273 0.599804 0 -4.5 0 0.225345 -0.971892 2 2 255
73.7393 21.4913 20.6917 0.59111 0.519607 -4.5 0 -0.373984 -0.0132157 140 140 255
77.2222 10.3216 31.0068 -0.170979 0 3.8 0 -0.680988 -0.371606 83 83 254
77.6544 10.175 34.0424 -0.330211 0 4.5 0 -0.574289 -0.460398 113 113 255
77.8969 23.2712 20.5821 1.03192 0.25175 -4.5 0 0.693784 0.0353922 39 39 255
83.5174 23.0916 36.0695 3.9362 0 -3.9 0 -0.437048 0.798109 217 217 255
73.8337 4.11525 41.402 -0.585769 0 1.8 0 -0.869071 -0.135251 178 178 255
83.3668 3.03288 43.9153 -0.43931 0 -0.4 0 0.963252 0.243352 14 14 255
82.5995 21.8315 28.3665 -0.097569 0 -0.990087 0 0.660794 -0.0655183 123 123 254
81.3685 20.8175 25.729 -0.0652543 0 3.8 0 0.844396 -0.478487 23 23 255
63.7761 32.3142 30.0837 1.07645 0 -3.2 1 -0.991344 0.0397888 255 39 39
85.1061 9.69344 31.8417 -1.40702 -0.395388 -3.5 0 0.261248 0.876883 58 58 255
80.0994 -7.27719 35.5246 -0.303902 0.0243314 -0.7 0 0.31179 -0.866431 38 38 255
64.2246 27.5375 31.0133 -0.126558 0 4.5 1 -0.486517 -0.412625 255 10 10
63.7419 10.0905 32.5164 -0.215812 0 -0.8 1 -0.85136 -0.417586 255 15 15
75.7067 10.181 40.3735 -1.27618 0 -1.3 0 0.072309 0.518298 255 176 176
72.7416 9.98938 49.8187 -0.504307 0 -3.5 0 0.618499 -0.222918 186 186 255
63.5793 11.7481 33.3626 -0.00261959 0 -0.8 1 -0.87391 0.485231 255 12 12
86.5368 15.9071 46.672 -0.535777 0 -3.5 0 0.836878 0.539302 9 9 255
68.7482 20.7661 26.1303 -0.779678 0 4.2 1 -0.750708 -0.352613 255 17 17
75.0107 10.8802 30.3622 0.00697864 0.315281 -0.234932 0 0.498237 -0.439276 205 205 255
73.2754 6.92881 42.0912 -1.80614 -0.351788 -3.5 0 -0.492067 -0.820611 255 206 206
80.017 24.0706 43.3149 0.272826 0 4.2 0 0.360565 0.922836 31 31 255
68.1554 20.1466 23.1133 0.251673 0 4.5 1 -0.639789 -0.121584 255 93 93
73.6188 10.0941 20.5559 0.210924 0 -3.5 0 -0.0497799 -0.195205 111 111 255
63.9007 7.8905 27.3897 -0.948468 -0.0950223 -0.7 1 -0.791395 0.565891 255 19 19
81.3751 8.25912 22.3726 -0.192877 0 4.2 0 -0.310124 -0.31556 28 28 255
86.2175 5.95575 35.437 -1.00061 0 -3.5 0 0.88362 -0.464469 54 54 255
79.5215 12.755 21.0899 -0.283615 0 -0.8 0 0.745278 0.439967 129 129 255
66.8131 2.1825 35.5838 0.0794448 0.113647 -1.43935 0 0.54391 -0.797528 241 241 255
86.6255 11.3935 42.584 -0.733953 0 -3.5 0 0.908598 -0.207266 76 76 255
63.373 30.9754 30.3907 0.115348 0 4.5 1 -0.815393 0.535627 255 32 32
84.8886 19.6351 33.0462 -0.0638701 0 -3.9 0 0.921575 -0.0202598 255 251 251
67.0631 34.3059 29.9328 -0.240724 0 -3.2 0 0.584571 0.423982 255 183 183
73.6488 24.4313 44.5373 0.591576 0 -3.9 0 -0.414058 0.190106 52 52 255
65.1731 20.1249 30.5994 0.0184907 0 4.2 1 -0.989985 -0.123861 255 0 0
71.017 -4.53512 39.141 -0.336617 0 -3.2 0 -0.247434 -0.246651 71 71 255
78.7907 24.5785 42.12 0.314455 0 -0.584243 0 0.790825 0.179468 44 44 254
82.5714 1.75131 23.951 0.94859 0 -3.9 0 -0.0640306 0.86985 10 10 255
87.3341 6.97219 30.0318 0.606523 0.754885 -3.5 0 0.611562 0.310741 15 15 255
83.3806 18.4189 44.0229 -0.52887 0 -0.8 0 0.773201 0.619148 50 50 255
78.4257 -4.26438 37.2011 -0.974097 -0.159613 -3.3189 0 0.000407382 -0.446994 42 42 254
71.6196 21.4819 46.1484 1.05868 0.84961 -3.5 0 0.549437 0.726103 51 51 255
81.213 17.2659 47.4452 -0.517129 -0.0992115 -3.5 0 0.473861 0.409114 9 9 255
67.5442 9.07337 36.4657 -0.659246 0 4.31304 0 0.930763 0.0380901 255 51 51
62.864 12.893 44.9058 -0.406698 0 3.8 0 -0.586072 -0.314246 255 17 17
81.5396 23.8517 33.4575 -0.101864 -0.0350339 2.2199 0 0.226063 0.791397 158 158 255
85.8904 2.60519 28.6246 0.141538 0 1.8 0 0.843674 -0.215874 5 5 255
66.7151 2.41313 23.0828 -0.729438 0 4.5 0 -0.918941 -0.196783 166 166 255
65.9696 24.8434 39.0882 0.0957422 0 2.28643 1 -0.823569 0.0560099 255 6 6
62.0093 0.76075 43.4821 -2.4754 -0.567629 -3.5 0 -0.717374 -0.336154 133 133 255
73.2505 -7.292 38.9304 -0.785467 -0.107096 -3.5 0 -0.752291 -0.643479 21 21 255
61.9471 0.832875 39.1753 -0.261393 0 -3.2337 0 -0.768006 -0.585318 230 230 255
69.7771 4.28075 45.8623 -0.400615 0 -0.7 0 0.104485 -0.976765 255 113 113
72.5515 2.62581 22.2248 -0.565839 0 -0.7 0 -0.163435 -0.493508 192 192 255
74.6511 14.6876 37.1927 -0.443647 0 3.8 0 -0.305836 -0.948333 255 181 181
74.0904 23.3818 44.9063 0.65208 0 -3.9 0 -0.496626 -0.11602 55 55 254
81.0215 32.6287 24.8568 2.71206 0 -3.5 0 0.625591 0.725891 151 151 255
87.2178 11.2636 34.7245 -0.718979 0 -1.52973 0 0.286825 -0.356453 88 88 254
71.2653 31.719 27.608 -0.0941476 0 3.42391 0 -0.151971 0.898203 181 181 255
77.617 -8.00138 42.6963 -2.41373 -0.78274 -3.5 0 0.972464 -0.224407 24 24 255
85.8123 22.4587 29.7698 -1.73988 -0.715761 -3.5 0 0.73254 -0.123946 149 149 255
81.6886 22.2472 27.2693 0.516488 0 -0.126944 0 0.922485 -0.0518203 60 60 254
74.9001 32.6266 34.927 -0.0130248 0 3.8 0 0.603278 0.727274 165 165 255
70.2455 30.4925 39.4141 -1.48061 -0.319211 3.8 0 -0.239197 0.904086 255 197 197
79.7396 13.1838 48.6092 -0.938604 0 0.137369 0 0.157128 -0.130024 18 18 254
75.7916 2.53513 35.2968 -0.435664 0 -0.477468 0 -0.43469 0.773008 138 138 255
62.6121 13.7939 39.7815 -0.0863656 0 3.8 1 -0.525099 0.0680552 255 19 19
80.1168 -3.70712 30.884 -0.878795 0 3.8 0 0.913426 -0.184944 34 34 254
75.0623 10.3281 20.4739 -0.332842 -0.233209 -2.853 0 -0.218286 -0.422735 33 33 255
68.424 15.1195 46.92 -0.563828 0 -3.5 0 -0.691241 -0.274272 69 69 255
77.0898 -6.377 31.517 -0.580133 0 -0.7 0 -0.251232 -0.535823 65 65 255
82.5823 12.4158 25.9879 0.434505 0 -1.6 0 0.945069 0.314352 60 60 255
69.2073 14.1255 20.3453 0.0660514 0 3.76404 0 -0.629564 -0.650823 255 117 117
73.1236 12.6342 39.4646 -0.836679 0 2.8 0 0.728288 -0.376076 255 202 202
75.1198 6.67081 32.9575 -0.775973 0 1.9453 0 0.506767 0.211878 160 160 255
76.4174 -4.012 30.0467 -0.398266 -0.511081 -1.28215 0 -0.18323 -0.835933 83 83 255
67.2494 17.8267 48.2335 -1.29396 -0.692981 -3.5 0 -0.367306 -0.6899 53 53 255
70.1963 3.28713 20.3241 -0.454851 0 4.5 0 0.519534 -0.21014 70 70 255
85.2507 7.00063 29.7388 0.0710003 0.125121 -0.468736 0 0.398052 0.390319 15 15 255
85.9944 16.7891 46.0283 -0.367869 0 -3.5 0 0.605407 0.729799 15 15 255
63.3273 30.3006 31.3078 -0.0691807 0 4.5 1 -0.642305 0.386604 255 23 23
64.3333 18.7699 44.8862 -1.06343 -0.278038 -3.5 1 -0.998172 0.0592466 255 84 84
83.9573 2.93425 41.553 -0.536554 0.011367 -3.5 0 0.759483 -0.485744 12 12 255
79.21 11.3448 48.737 -0.523392 0 4.43068 0 0.0917974 0.0769877 29 29 255
60.9134 12.1434 41.5177 -0.296572 0 -0.674863 1 -0.940452 0.116242 255 10 10
59.4734 5.31187 37.1065 -0.988817 -0.387984 -0.4 0 -0.903704 0.319835 255 141 141
86.8577 -2.393 28.7465 -0.153729 0 -4.5 0 0.699473 -0.640526 2 2 254
85.1624 4.95031 27.1706 0.101548 0 1.8 0 0.74693 0.220453 7 7 255
69.7989 15.2542 47.5427 -0.598554 -0.0314957 -3.88451 0 -0.299577 -0.236385 24 24 255
78.2026 23.8219 36.4275 -0.193627 0 2.28713 0 0.780148 -0.0981926 188 188 255
81.5508 5.00769 27.4189 -0.262271 0 2.34974 0 -0.0918223 -0.762425 59 59 255
72.8765 -6.87719 37.1737 -0.64779 -0.0504701 -3.37661 0 -0.595039 -0.802982 32 32 255
67.6248 15.707 21.4011 0.213225 0 4.5 1 -0.985279 -0.158872 255 111 111
87.2803 14.9436 33.4631 -0.853975 -0.183721 -0.7 0 0.728131 0.39391 62 62 255
79.1568 23.4704 45.1017 0.255846 0 4.2 0 0.114191 0.489681 36 36 255
65.5511 15.5304 27.6344 0.00113981 0 3.8 1 -0.395916 -0.398484 255 0 0
80.3487 5.89537 24.1636 -0.173246 0 2.74176 0 0.535918 -0.525629 48 48 255
64.3265 12.3456 37.4743 -0.136011 -0.0497734 4.10264 1 -0.476332 0.877769 255 7 7
63.8404 11.7735 44.8273 -0.424244 0 1.33836 0 -0.797539 -0.358828 255 49 49
78.6441 6.31775 22.8488 -0.475834 0 -3.5 0 0.746391 0.410139 44 44 255
69.2315 20.02 25.3066 -0.662901 0 4.5 1 -0.992441 -0.105221 255 50 50
80.0639 33.3454 24.7706 0.975528 0 -3.5 0 0.180271 0.979864 208 208 255
86.0834 3.97075 27.8385 0.0302373 0 1.8 0 0.912624 0.165434 5 5 255
84.923 -0.971875 23.7078 2.57764 0.0722616 -3.9 0 0.889427 -0.38001 11 11 255
87.8399 9.18819 35.1139 -0.51027 -0.0722235 -3.5 0 0.200193 0.113326 119 119 255
84.4636 15.5682 30.681 -0.0309121 0 -3.9 0 0.116026 -0.876996 80 80 255
66.9336 18.713 21.7465 0.176998 0 4.5 0 -0.924858 -0.161161 255 133 133
81.2344 14.1854 24.5564 -0.0102692 0 -1.6 0 0.576523 0.580561 60 60 255
74.3685 34.7795 44.372 -1.77808 -0.0917304 -3.5 0 0.391634 0.920019 101 101 255
73.6776 6.60638 20.9351 -0.772707 -0.625241 -3.5 0 -0.0672608 -0.294001 61 61 255
76.9069 31.344 44.0803 -1.15316 -0.79207 -3.5 0 0.567571 -0.134035 32 32 255
75.0864 12.4838 34.2761 -0.365093 0 -4.5 0 -0.375867 -0.584342 214 214 255
64.3119 3.027 42.3184 -0.970661 0 -3.5 0 0.598875 0.127935 199 199 255
81.1817 9.85013 22.5217 -0.286883 0 4.2 0 0.189432 -0.00587529 16 16 255
73.4555 4.422 37.549 -0.501255 0 -1.3 0 -0.339042 0.535668 189 189 255
65.5598 7.597 44.4054 -0.320543 0 4.2 0 -0.0742163 -0.358676 255 99 99
65.5055 26.671 34.3925 -0.864751 -0.221079 -0.7 1 -0.966646 0.177183 255 2 2
76.1796 31.9831 26.3778 0.914471 0.725472 -3.5 0 -0.425838 0.731136 255 90 90
78.7276 18.7046 26.2883 -0.534112 0 3.8 0 0.928808 -0.263357 21 21 255
81.3526 -6.35681 33.1432 -0.905417 -0.00968508 -0.765717 0 0.827586 -0.467581 31 31 255
80.2054 32.0664 21.7185 0.594688 0.779159 -3.5 0 -0.000328782 0.706909 69 69 255
66.0036 16.5353 45.2532 -0.541343 0 -3.5 0 -0.488671 -0.505168 255 111 111
78.1462 13.5645 19.8132 0.634356 0.129409 -3.5 0 0.76489 0.353354 91 91 254
65.9246 5.4445 42.2279 -0.425711 0 4.2 0 -0.0609285 -0.736008 255 139 139
61.3149 13.3164 40.7571 -0.233529 0 3.8 1 -0.684788 -0.179571 255 10 10
87.126 12.3724 42.1684 -0.941464 0 -3.5 0 0.943232 -0.25712 64 64 255
79.3528 5.34237 23.1986 -0.48114 0 -3.5 0 0.845033 0.173755 34 34 255
76.763 29.1527 43.9671 -0.284173 0 -3.08733 0 -0.241179 0.0669183 56 56 255
78.2377 9.964 32.0028 -0.257774 0 3.8 0 -0.896289 -0.243499 69 69 255
86.1571 5.59281 29.4937 -0.155547 0.0654891 -3.5 0 0.60881 0.281242 6 6 255
73.8972 11.3039 19.8384 -0.508801 0 -3.5 0 -0.0914103 -0.803972 153 153 255
68.9571 1.72312 32.3372 -0.215851 0 -1.6 0 0.560864 -0.745881 144 144 255
66.3489 27.3738 25.7428 0.212936 0 4.5 0 -0.542226 0.306416 255 182 182
82.6525 -1.49366 23.9387 1.86986 0 -3.9 0 -0.209675 -0.844279 7 7 255
65.5131 25.9304 31.7541 -0.119806 0 1.12806 1 -0.940472 -0.15357 255 3 3
77.122 12.7721 49.6044 -1.65646 -0.0764857 0.709348 0 -0.185203 -0.50781 25 25 255
79.1104 6.33644 50.2479 -0.410766 0 -0.8 0 -0.241138 -0.295566 113 113 255
84.1085 3.62538 42.456 -0.668785 0 -3.5 0 0.707273 -0.395893 30 30 255
86.5143 12.7874 44.3182 -1.48799 -0.165357 -3.5 0 0.946392 -0.256541 20 20 255
71.9833 3.7785 37.948 -1.2746 -0.107779 -1.3 0 -0.558285 0.339686 173 173 255
74.8114 23.6137 19.7588 -0.103915 0 -4.5 0 -0.146903 0.217067 81 81 255
75.196 30.7785 33.376 0.108172 0 -0.704088 0 0.420184 0.782649 255 216 216
79.8643 4.7705 25.6805 -0.125938 0 -3.5 0 0.834863 -0.50203 61 61 255
80.0137 28.4319 21.8943 -0.0105573 0.76943 -3.5 0 -0.0401869 -0.211228 41 41 255
62.0714 4.96519 42.0999 0.20545 0.00801761 -3.35167 0 -0.560797 -0.106593 255 220 220
71.831 33.7578 44.8592 -1.83359 -0.530707 -3.5 0 -0.980962 0.174816 166 166 255
59.1731 3.10037 36.371 -0.296321 0 -0.4 0 -0.965981 -0.22785 255 148 148
73.626 5.586 38.6838 -0.245518 0.724543 -1.3 0 -0.271152 0.713135 234 234 255
67.1264 5.02763 22.0443 -0.290858 0 4.5 0 -0.838884 0.337699 115 115 254
77.5694 25.5654 20.6432 1.28979 0 -4.5 0 0.406997 0.193286 47 47 255
64.3031 20.1914 45.7811 -0.456527 0 -3.5 0 -0.891724 0.387572 255 162 162
66.2459 31.1081 35.9077 -1.48654 0 -3.5 0 -0.868658 0.487918 255 82 82
77.502 29.29 36.1405 -0.284497 0 1.68419 0 0.786714 0.565231 151 151 255
82.1818 7.39106 47.0202 -0.514432 0 -0.8 0 0.978154 0.0129441 36 36 255
80.8749 2.709 27.3423 0.0509921 0 -3.9 0 0.276318 0.542215 31 31 255
71.8665 26.8765 44.2691 -0.519985 0 2.8 0 0.0582336 -0.111431 71 71 255
72.9349 27.9514 44.8213 -0.192954 0 2.8 0 0.0670012 0.0510734 34 34 254
74.147 -1.0005 38.987 -0.424779 0 -1.3 0 -0.526947 0.0544534 79 79 255
87.9769 14.2171 36.3944 -0.351987 0 -0.7 0 0.661498 0.278029 123 123 255
70.6068 8.53906 21.9186 -0.153637 -0.547144 -0.176245 0 -0.29759 0.0329303 148 148 255
81.264 30.6866 27.9283 3.30265 0 -3.5 0 0.894466 0.158227 158 158 255
68.6925 13.5796 52.5884 -2.34243 0 -3.5 0 -0.777479 0.625301 14 14 255
82.4145 9.11031 47.3021 -0.487445 0 4.2 0 0.766143 -0.36318 26 26 255
83.7497 -4.0605 36.8765 -0.449679 0 -3.5 0 0.999311 -0.00984863 26 26 255
86.5988 15.5006 35.0308 -0.285088 0 -0.7 0 0.247626 0.947864 54 54 255
72.9866 -7.84375 43.2365 -0.388761 0 -3.5 0 -0.687318 -0.569233 4 4 255
81.4934 31.1779 23.7452 0.921255 0.394834 -3.5 0 0.837441 0.430767 78 78 255
82.1026 -5.85213 37.4931 -1.01835 0 -3.5 0 0.217597 -0.69204 29 29 255
62.4713 26.3163 27.6723 0.0227588 0 4.5 1 -0.866896 -0.0696533 255 22 22
86.1239 20.3885 35.816 0.351082 0 -3.9 0 0.876361 -0.337426 254 254 255
84.1363 -0.1085 22.493 2.71419 0.176785 -3.9 0 0.362187 -0.102404 12 12 255
65.0103 18.5433 28.3081 0.0305629 0 3.84131 1 -0.919084 -0.0744595 255 0 0
69.1051 33.0458 36.3309 -0.285856 0 -3.5 0 0.124029 0.90346 181 181 255
60.274 8.61175 42.5662 -0.341638 0 -0.7 0 -0.825151 -0.08083 255 7 7
65.4056 26.4839 38.5831 0.580228 0 -3.9 1 -0.959633 -0.277462 255 5 5
84.9715 23.9996 34.9069 3.75955 0 -3.9 0 0.0374558 0.979722 189 189 255
62.4381 8.97719 34.0149 -0.15811 0 4.5 1 -0.332213 -0.0139786 255 45 45
85.5485 24.0068 33.5537 -1.01705 -0.339954 -3.70741 0 0.796422 0.595844 218 218 255
81.6914 -4.52794 33.9283 -1.20331 0 -2.16619 0 0.776464 0.0638851 49 49 255
63.7474 -1.29156 37.2029 -0.353789 0 -0.8 0 -0.0233096 -0.999689 117 117 255
73.6842 26.9425 24.6656 0.525767 0 2.7481 0 -0.379222 -0.164251 75 75 255
61.0861 11.5409 39.0122 -0.31812 0 4.5 1 -0.642483 0.710774 255 14 14
85.0863 0.78925 37.1625 -0.0241765 0 1.8 0 0.955476 0.0710919 28 28 255
76.9529 -6.52975 40.0244 -0.659727 0 -3.5 0 0.942234 -0.182894 31 31 255
80.2555 28.5115 33.472 0.0276669 0 4.2 0 0.498485 0.436959 159 159 255
78.7781 28.3482 45.0794 0.0300207 0 -3.5 0 -0.00498644 0.00590376 45 45 255
71.7178 13.1438 52.1687 -1.12735 0 -3.5 0 0.652653 0.614388 54 54 255
70.6694 20.1523 50.2885 -1.65258 -0.401881 -3.5 0 -0.432767 0.190381 5 5 255
66.7881 18.902 49.6029 -2.72889 -0.303811 -3.5 0 -0.0772509 -0.184909 38 38 255
66.349 21.0945 18.5037 0.672433 0.886307 -4.5 0 0.10682 -0.662908 113 113 254
79.0735 -3.32481 38.2336 -0.459612 0 -3.5 0 -0.484859 -0.602269 47 47 255
81.1946 24.8057 32.3058 -0.513442 0 -3.5 0 0.374208 0.559637 102 102 254
78.5674 8.75819 33.4048 -0.325518 0 4.2 0 -0.991076 -0.116857 70 70 255
71.7562 13.7441 36.7495 -0.450889 0 0.907139 0 0.398431 -0.687732 255 157 157
72.5683 32.5509 35.0521 -0.0864638 0 3.8 0 -0.308755 0.794879 123 123 255
80.9782 20.3145 41.5671 -0.0229221 0 3.95591 0 0.88399 0.309565 19 19 255
68.8333 6.54913 21.0278 -0.228776 0 4.5 0 -0.38679 0.470738 73 73 255
85.4357 -0.0005625 39.6899 -0.307642 0 1.8 0 0.825852 -0.115025 22 22 255
66.596 5.61713 24.1613 -0.311564 0 4.5 1 -0.84685 0.216944 253 253 255
82.5139 25.8489 27.1354 -0.176904 0 -3.5 0 0.999038 -0.0438037 76 76 254
69.1245 0.947375 25.4256 -0.828489 0 4.5 0 0.079251 -0.949748 216 216 255
66.5586 21.9844 45.1839 -0.172385 0 -3.2 0 -0.736356 0.52324 222 222 255
76.9615 -1.08537 44.8331 0.102524 0 -3.9 0 -0.986869 -0.0142082 33 33 255
65.6391 20.3848 35.5826 0.175589 0 4.2 1 -0.964309 0.151499 255 1 1
79.7745 21.7015 22.5106 0.0934748 0 3.8 0 0.319861 -0.318627 28 28 255
65.546 7.879 31.9216 -0.317493 0 1.97885 1 -0.986948 -0.159176 255 27 27
87.3838 2.28725 30.7897 0.0629123 -0.0821756 -4.5 0 0.943577 0.0492237 1 1 255
67.2268 10.1514 23.5646 0.502959 0 -4.5 1 -0.836232 -0.139389 255 201 201
72.78 14.6337 36.9187 -0.350887 0 1.80962 0 0.431989 -0.857388 255 218 218
73.6378 27.0229 44.2528 0.100525 0 2.8 0 0.136819 -0.0877728 34 34 254
75.1811 32.4284 37.2986 0.0538991 0 3.8 0 0.465702 0.88375 160 160 255
71.1487 25.4656 44.2051 -0.492095 0 2.1577 0 0.388433 0.130743 103 103 255
82.3234 22.3677 45.1071 -0.154744 0 4.2 0 0.678837 0.726242 21 21 255
68.2113 4.84356 46.2029 -0.355831 0 -0.7 0 -0.583474 -0.797343 255 72 72
76.5949 9.93206 37.454 -0.96117 0 3.94651 0 -0.927693 0.320873 255 239 239
76.6305 9.879 49.367 -0.460373 0 4.5 0 -0.202828 0.0279431 115 115 255
66.1843 12.1284 30.2569 -0.0451221 -0.181598 2.93681 1 -0.26462 -0.580786 255 7 7
85.6382 1.27688 34.3838 0.00198979 0 2.80829 0 0.581548 -0.164494 10 10 255
86.0956 15.9953 30.9529 0.218525 0 -3.9 0 0.854851 -0.466718 74 74 254
69.877 -2.4865 37.4557 -0.087437 0 -3.2 0 -0.586226 0.807063 221 221 255
67.0681 21.3631 49.0791 -1.97564 -0.636595 -3.5 0 0.224175 0.341179 60 60 255
73.793 31.597 31.056 0.133673 0 -3.5 0 0.282617 0.763905 255 203 203
78.064 22.8534 41.3741 0.0367389 0 2.70118 0 0.668372 0.530044 35 35 255
62.1954 7.66875 33.914 -0.231025 0 4.5 1 -0.290188 -0.149108 255 78 78
80.067 26.9002 42.1949 0.0351724 0 -3.5 0 0.778793 -0.625572 103 103 254
68.5506 12.857 26.4196 0.241056 0 -2.77798 1 -0.989299 0.125872 255 6 6
77.6646 -1.708 24.8182 -1.24429 0 -3.5 0 -0.226739 0.295091 21 21 254
83.4764 -1.08063 34.6138 -0.0184235 -0.0263354 -0.101488 0 0.716374 -0.67088 21 21 255
79.2074 10.5717 20.0018 -0.348555 0 -0.8 0 0.623728 -0.529293 87 87 255
64.4238 9.2545 29.691 0.325852 -0.62329 -0.7 1 -0.911081 0.0198234 255 8 8
66.0792 30.4689 37.8589 0.415606 -0.777807 -3.51956 0 -0.702515 0.708851 255 35 35
85.0928 -0.584437 26.0834 0.464329 0.921348 -4.5 0 0.783825 -0.273012 7 7 254
82.3699 5.64687 47.8357 -0.545704 0 -0.8 0 0.967242 0.231193 52 52 255
71.0684 7.05994 42.8754 -0.705523 0 2.05466 0 0.168108 -0.835854 255 155 155
68.2964 30.9736 27.2903 0.188715 0 4.5 0 -0.0997746 0.848092 255 185 185
87.4368 7.611 41.1194 -1.5646 -0.199566 -3.5 0 0.799714 -0.478065 36 36 255
64.2638 0.033375 40.1134 -0.849429 0 -3.5 0 0.272476 -0.960414 64 64 255
84.342 2.04681 40.3761 -0.455991 0.699378 -3.5 0 0.867011 -0.215793 23 23 255
84.6781 19.5497 36.7762 0.0203341 0 -3.9 0 0.590934 -0.205106 240 240 255
84.2292 21.5396 37.6319 0.366448 0 -3.9 0 0.205992 0.0614615 202 202 255
84.4342 4.47131 37.1288 -0.514927 0.060516 0.486298 0 0.855204 -0.435821 64 64 255
66.2715 9.01856 46.9149 0.82316 0.612707 -0.7 0 -0.643148 -0.70419 255 239 239
84.9631 1.65031 38.6014 -0.0828789 0 1.8 0 0.914845 0.403551 42 42 255
60.7622 8.02137 34.6925 -0.223105 0 4.5 1 -0.835558 0.01374 255 44 44
64.775 21.4031 18.5991 0.48179 0 -4.5 0 -0.520954 -0.502407 146 146 255
67.2476 25.7981 22.0111 0.698142 0 -4.5 0 0.295885 0.797654 255 201 201
82.9609 23.8535 28.4753 -0.0841282 0 -3.5 0 0.679744 0.0182859 95 95 255
63.857 26.9389 26.7286 0.0938971 0 4.5 1 -0.497857 0.124679 255 69 69
84.9147 1.15231 23.7782 2.41214 0.575819 -3.9 0 0.773102 0.549965 12 12 255
74.4693 1.492 34.4827 -0.426674 0 3.8 0 -0.770432 0.635944 111 111 255
63.025 14.7264 30.4326 -0.0337144 0 3.8 1 -0.921347 -0.371531 255 0 0
75.2223 8.94425 30.7787 -0.254377 0 4.5 0 0.403395 0.417052 182 182 255
81.9026 -1.89244 24.7925 0.00277644 -0.0308223 -3.86083 0 0.525525 -0.721531 6 6 255
66.7604 22.3377 25.2487 0.495808 0 -4.5 1 -0.258391 -0.961013 255 30 30
86.434 3.259 34.6155 -0.586574 -0.496452 3.8 0 0.893993 -0.0203927 16 16 255
78.3665 31.3464 37.9791 -0.649716 -0.592484 -0.4 0 0.436793 0.483921 122 122 255
65.2204 37.1101 29.394 -0.602085 0.221111 -3.2 0 0.210274 0.859378 204 204 255
68.0579 5.99675 47.463 -0.630579 -0.620407 -0.7 0 -0.589528 -0.628354 255 110 110
67.6046 11.1511 22.9593 0.74588 0 -4.5 0 -0.78356 0.0530024 255 165 165
80.4496 30.9196 28.6827 0.759985 0 -2.0732 0 0.309143 0.831972 255 251 251
79.1319 21.9146 45.7149 -0.0569374 0 4.2 0 -0.364402 0.38661 19 19 255
73.8901 31.1226 33.4195 0.0118597 0 1.91841 0 0.0485008 0.88186 204 204 255
80.8011 -1.48812 45.698 -0.0716102 0 -3.50258 0 0.629394 -0.696099 16 16 255
79.8852 25.5098 22.1291 -0.595349 -0.221906 -3.5 0 0.341045 -0.170686 37 37 255
75.7785 -7.60825 39.355 -0.692706 -0.188949 -3.5 0 0.665606 -0.731938 27 27 255
72.1966 23.8318 44.3194 0.237794 0 -3.27713 0 0.306012 0.264394 64 64 255
83.8645 0.25425 46.0939 -0.275473 0 -0.4 0 0.862996 -0.370724 10 10 255
65.178 22.1384 33.3416 -0.0499571 0 4.2 1 -0.948863 0.288759 255 0 0
68.0684 34.3259 31.156 0.131479 0 -3.2 0 0.76046 0.635942 255 146 146
66.9264 19.4125 20.0066 0.214753 0 4.5 0 -0.852918 -0.189677 249 249 255
78.346 15.7519 23.0767 0.106746 0 -1.3 0 0.868928 0.0312339 60 60 255
63.7794 12.4851 30.8809 0.836247 0.196872 -0.8 1 -0.849871 -0.0546293 255 2 2
76.78 -2.483 40.8035 -0.491751 0 -3.09225 0 0.203778 -0.287177 24 24 255
76.3691 -4.243 40.0984 -1.20892 0 -3.5 0 0.986338 -0.00608412 30 30 255
72.3836 24.5117 23.6003 0.527029 0 4.5 0 -0.162283 0.84311 115 115 255
66.3744 26.2451 24.1742 0.511559 0 -4.5 0 -0.334625 0.901767 255 107 107
80.5188 1.95987 25.9317 -0.224074 0 -3.9 0 -0.476354 0.689333 17 17 255
64.91 18.9795 43.3462 -1.90751 0 -3.5 1 -0.652493 0.581581 255 20 20
68.8584 15.1711 18.3329 -0.181073 0 4.5 0 -0.267292 -0.568201 255 187 187
75.1884 33.5454 40.9494 0.368934 0 -0.71288 0 -0.0998063 0.903382 75 75 255
64.9573 0.869812 32.6801 0.417359 0 -1.6 0 -0.119252 -0.917659 226 226 255
85.7906 13.3525 49.5209 -1.8882 -0.470146 -3.5 0 0.141857 0.0686976 7 7 255
75.7933 33.884 42.4842 0.245735 0 -3.5 0 0.290593 0.949473 56 56 255
77.0873 20.6359 22.2957 0.263328 0 -1.22243 0 0.687392 -0.582388 52 52 255
78.8091 30.5003 42.5166 -0.448871 -0.053249 -3.5 0 0.731259 0.590502 49 49 255
84.2944 -3.90944 28.9284 0.169251 0.000987526 -4.5 0 0.0263701 -0.972088 2 2 255
64.9777 15.1835 33.234 -0.0251906 0 3.58853 1 -0.734305 0.145544 255 1 1
76.7341 23.4081 19.9214 0.319737 0 -4.5 0 0.345002 0.206001 41 41 255
68.564 3.56113 40.0508 -0.480811 0 4.5 0 0.671862 -0.372389 160 160 255
69.503 9.23487 40.5091 -0.655078 0 3.74258 0 0.507559 -0.650973 255 174 174
68.0576 7.31337 48.7858 -1.02228 -0.597344 -0.7 0 -0.340634 -0.230777 255 184 184
76.5489 -5.30541 39.2005 -0.184619 0 -3.43162 0 0.997159 0.0745337 40 40 255
81.1144 10.7879 49.0612 -0.543605 0 4.2 0 0.228603 0.0341359 23 23 255
79.2698 30.6588 40.7339 -0.0816307 0 -2.56785 0 0.81031 0.553678 102 102 255
85.3119 5.37862 28.242 0.175043 0 1.8 0 0.770878 0.518259 10 10 254
85.5226 10.7837 44.5524 -0.47325 -0.307424 -3.5 0 0.797374 -0.421406 47 47 255
75.8446 30.0486 31.0564 0.216464 0 -3.5 0 0.643196 0.671659 255 56 56
74.3731 5.66769 41.3553 -0.790136 0.156072 -0.420691 0 -0.956299 -0.141751 227 227 255
72.1843 -6.88344 35.8952 -0.074841 0 -3.2 0 -0.0567387 -0.995797 36 36 255
87.9764 -1.46162 30.1374 0.316484 0 -4.5 0 0.875056 -0.390743 1 1 255
76.6151 9.137 36.3708 -0.553341 0 4.5 0 -0.892208 -0.222031 255 249 249
80.8926 -3.64663 26.2837 -1.4177 0 -3.5 0 0.815159 -0.559874 8 8 255
63.5384 5.80325 43.0971 -0.608277 -0.160863 -0.7 0 -0.167361 -0.566945 255 145 145
82.6306 0.373375 22.5401 2.18129 0.644275 -3.9 0 -0.400199 0.0977274 10 10 255
77.066 19.0217 22.6971 0.146651 0 -1.3 0 0.747974 0.221214 39 39 255
81.639 1.28838 48.7874 -0.555101 0 -0.8 0 0.613025 -0.106115 16 16 255
75.0358 25.7636 20.668 0.658754 0 -4.5 0 -0.362719 0.550431 76 76 255
70.119 16.5572 18.4191 -0.212578 0 4.5 0 0.187823 0.166805 255 235 235
71.9401 30.3943 43.0839 0.0387524 0 2.8 0 -0.76632 0.397378 106 106 254
69.7704 9.60744 52.7611 -2.72603 -0.255486 -3.5 0 -0.111691 -0.921567 161 161 255
67.9186 11.1137 28.6753 0.022883 -0.291088 -3.9299 1 -0.93511 0.218078 255 28 28
69.4505 10.5822 53.7248 -2.36426 -0.806448 -3.5 0 -0.309013 -0.496517 118 118 255
81.8189 -0.554125 41.3293 -0.174413 -0.105576 -3.24272 0 0.388847 -0.892856 19 19 255
68.3344 22.0563 42.5736 -0.222712 0 2.25109 1 -0.984271 0.0386714 255 171 171
70.8146 -3.32522 35.7976 -0.726665 0 -3.2 0 -0.416965 0.617684 215 215 255
73.2128 30.0555 44.2855 -0.159985 -0.00728424 0.643711 0 -0.431623 -0.232649 36 36 255
73.8766 32.3859 34.3073 -0.0303793 0 3.8 0 0.103298 0.745726 150 150 255
77.6134 5.3255 20.5737 -1.62268 -0.03961 -3.5 0 0.410356 0.326216 20 20 255
69.887 -0.153625 23.5781 -3.03565 -0.657605 4.5 0 0.0514507 -0.990735 166 166 255
72.6569 -6.00513 41.6848 -0.330968 0 -3.5 0 -0.902553 0.315937 21 21 255
70.1531 1.70431 26.9989 -0.523608 0 -0.423477 0 0.306172 -0.941467 222 222 255
74.9199 26.7125 22.7306 0.931204 0 -4.5 0 -0.749416 0.595267 125 125 255
67.0275 10.8586 48.3821 -1.25443 -0.720777 -0.7 0 -0.286451 -0.0804334 196 196 255
74.1496 5.62388 32.8954 -0.77452 -0.723261 -0.432545 0 -0.0844839 -0.691543 173 173 255
65.0776 4.51237 29.102 0.00350262 0.0118374 -0.109837 0 -0.88551 -0.369696 255 64 64
73.2126 7.1125 40.3856 -1.64653 -0.272058 -3.5 0 -0.592645 -0.440252 255 215 215
81.8645 -2.21456 26.0839 -0.354733 0 -3.9 0 0.46968 -0.874468 7 7 255
73.8515 -1.811 25.7323 -0.469016 0 -3.5 0 -0.134223 -0.387437 153 153 255
78.6226 13.5575 49.1379 -1.97194 -0.592971 -3.5 0 0.427158 -0.394376 24 24 255
76.6673 26.8236 20.8829 1.03726 0 -4.5 0 0.0491314 0.643947 66 66 255
74.4545 11.705 18.2423 -0.402843 0 -3.5 0 0.233179 -0.694681 126 126 255
82.6123 1.93584 25.2971 1.03462 0 -3.9 0 0.0421722 0.981408 7 7 255
67.9595 29.5185 39.9258 1.48741 0 -3.9 0 0.207125 0.640395 255 66 66
81.3897 30.2359 31.3403 0.0543989 0 4.2 0 0.592619 0.627462 228 228 255
68.8416 26.5368 44.3729 -0.345789 0 2.8 0 -0.602581 0.398174 255 184 184
64.4467 17.7096 29.7431 -0.0116231 0 3.8 1 -0.84322 0.45043 255 0 0
79.8461 19.6105 25.9785 -0.197145 0 3.8 0 0.673289 -0.73938 22 22 255
85.8504 22.6709 33.4681 -0.34483 -0.0925453 -3.81408 0 0.975026 -0.11601 255 190 190
85.8274 -3.3765 30.1742 0.303656 0 -4.5 0 0.436291 -0.898605 1 1 254
68.0232 13.0988 28.0741 -0.132902 -0.03585 -1.3 1 -0.822922 -0.203509 255 2 2
69.0361 6.87319 38.8273 -0.599458 0 4.5 0 0.910002 0.364051 255 224 224
86.0182 4.45138 41.5563 0.504581 0.784119 -3.5 0 0.835292 -0.410093 37 37 255
85.599 18.6784 35.4869 -0.0716718 0 -3.9 0 0.884927 -0.306442 175 175 255
87.1198 11.4351 39.7622 -0.329167 0 -3.5 0 0.861842 0.503533 183 183 255
75.5478 -5.526 31.2558 -2.05674 -0.100171 -0.7 0 -0.653523 -0.560512 69 69 255
89.494 7.21138 37.6992 0.468981 0.197098 -3.5 0 0.618194 -0.678433 165 165 255
67.9474 17.6543 18.8614 0.0410494 0 4.5 0 -0.475947 0.298198 227 227 255
83.0383 -4.878 35.0561 -1.8259 -0.157096 -3.5 0 0.896535 -0.0183936 40 40 255
63.1019 0.334125 33.6232 -0.782593 0 -1.0093 0 -0.170508 -0.848485 255 220 220
82.0743 11.5741 27.7317 -0.0777872 0 -1.6 0 0.889315 0.381584 66 66 254
69.1958 3.10684 33.9945 0.198648 0 -1.6 0 0.895175 -0.336621 255 235 235
70.2807 9.78712 21.5301 0.635218 0.902705 -4.5 0 -0.349829 -0.416733 255 227 227
72.5468 4.01125 40.2794 -1.39995 -0.0740529 -1.3 0 -0.564452 0.126464 186 186 255
73.8292 -2.97163 39.6481 -0.182778 -0.101843 -3.23797 0 -0.568027 0.623941 57 57 255
64.8581 20.9641 19.8111 -0.0274651 0 -4.5 0 -0.553365 -0.831754 242 242 255
74.741 -3.89313 32.304 -0.675239 -0.0249796 -0.354537 0 -0.843337 -0.406006 92 92 254
65.982 24.7412 35.796 -0.238954 0 1.57228 1 -0.95326 0.255074 255 0 0
73.0384 -1.17537 33.3817 -0.34423 0 3.8 0 -0.993788 -0.0346748 129 129 255
66.4633 1.36219 34.7784 0.126908 0 -1.42009 0 0.626583 -0.699734 186 186 255
80.7862 23.9753 24.6799 -0.440818 0 -0.879125 0 0.935486 -0.288677 27 27 255
86.7781 13.8958 48.8658 -1.11383 0 -3.5 0 0.823585 0.0189458 4 4 255
76.0911 3.91913 33.0915 -0.352749 0 4.42022 0 -0.547464 0.0974891 97 97 254
71.3923 12.853 33.2125 -0.213506 0 -2.3288 0 -0.324244 -0.104218 255 42 42
74.6612 19.0721 48.1004 1.21658 0 -3.9 0 0.456211 0.730911 5 5 255
80.8376 -2.28312 39.3363 -0.457735 0 -3.5 0 0.232497 -0.604741 46 46 255
65.281 23.3764 27.2411 0.172664 0 2.32633 1 -0.794943 -0.424098 255 8 8
63.1577 16.8639 30.7554 -0.0481342 0 3.8 1 -0.827131 0.561861 255 0 0
76.0574 5.79763 20.2399 -2.04756 -0.147863 -3.5 0 0.0509424 0.400907 28 28 255
64.437 22.2397 38.2675 -0.143677 0 4.5 1 -0.97964 -0.153545 255 0 0
75.8155 12.2111 40.629 -1.10168 0 3.8 0 0.0549555 -0.307923 255 100 100
72.5192 31.8819 44.8453 -1.24873 0 -3.5 0 -0.77061 -0.610271 113 113 255
65.0836 15.3228 44.5272 -1.75279 0 3.8 0 -0.146235 0.219003 255 64 64
70.1746 6.72975 48.5044 -0.689333 0 -0.7 0 -0.0821132 -0.347157 255 192 192
72.1527 15.6315 47.7427 -0.436801 0 -3.9 0 0.00849934 -0.157853 12 12 255
75.8429 9.09463 39.0989 -1.68575 -0.460979 -1.3 0 -0.635788 0.667424 255 224 224
71.8423 -3.13919 26.7154 0.162273 0.0227109 -3.5 0 -0.732736 -0.563356 198 198 255
86.6262 12.0858 45.5733 -2.55455 -0.150222 -3.5 0 0.906387 -0.40713 12 12 255
75.0959 32.452 38.4995 0.279457 0.308558 -0.15069 0 -0.220402 0.942043 104 104 255
69.5798 21.1609 20.5238 0.556144 0 4.5 0 0.461632 0.471995 131 131 255
77.5033 28.8798 31.7348 0.161656 0 3.00401 0 0.0719153 0.997093 255 145 145
68.4742 13.7138 22.0676 0.400106 0 -3.79844 0 -0.777579 -0.310166 255 48 48
76.1581 -6.68138 32.7724 -0.215376 0.0280266 -0.7 0 -0.604904 -0.72407 45 45 255
75.1418 -5.38588 43.8201 -1.26653 -0.788408 -3.5 0 -0.244216 0.630587 21 21 255
75.9206 13.3196 48.9929 -1.42517 -0.0301785 -3.5 0 -0.759589 -0.126372 15 15 255
69.6035 -6.10862 37.6393 -0.865643 0.0978315 -3.2 0 -0.543457 -0.667518 129 129 255
67.0716 0.98625 30.9202 -0.149104 0 -1.6 0 0.0403263 -0.991109 134 134 255
78.7781 9.73913 49.0401 -0.189139 -0.486973 1.61751 0 0.0371537 0.179118 62 62 255
60.2226 9.02938 37.5003 -0.324506 0 4.5 1 -0.985978 -0.0825184 255 43 43
69.9863 5.48413 20.4967 -0.325061 0 4.5 0 0.360608 0.28018 61 61 255
78.8215 27.8232 35.8428 0.170833 0 -0.9 0 0.894467 0.360098 252 252 255
74.2158 4.26275 31.827 -0.520644 0 4.5 0 -0.546553 -0.222231 132 132 255
66.8863 2.12444 37.1772 -0.141184 0.123316 3.83725 0 0.597516 -0.785932 208 208 255
85.0684 -0.0049375 34.435 0.0796056 0 -4.5 0 0.391685 -0.549679 15 15 255
66.7894 11.4688 24.6895 0.298502 0 -4.5 1 -0.95935 0.275743 255 84 84
68.9069 25.273 45.6745 -0.491488 0.837061 -3.2 0 -0.24029 0.641957 186 186 255
67.6091 20.8254 44.0488 0.859151 0 -3.23992 1 -0.726555 0.282485 255 178 178
77.0547 29.5237 30.3598 0.184213 0 2.72811 0 0.18997 0.706952 255 81 81
62.504 2.63488 32.5482 -1.76911 -0.354909 -1.6 0 -0.616499 0.413925 255 138 138
64.9767 -0.246312 35.8371 -0.216921 0 -0.8 0 0.711598 -0.62303 130 130 255
78.4001 21.982 21.9554 0.565846 0.186542 1.36475 0 0.684819 -0.449515 40 40 255
86.6155 21.513 35.788 1.21545 0 -3.9 0 0.986553 -0.125844 255 207 207
88.363 -1.54219 31.6193 1.08275 0 -4.5 0 0.946193 -0.290103 1 1 255
83.8932 2.14613 45.5676 -0.24739 0 -0.4 0 0.925252 0.364876 15 15 255
62.6889 -0.665125 34.9658 -0.283637 0 -0.8 0 -0.284081 -0.853595 211 211 255
77.3263 18.634 47.5199 -0.583552 -0.291341 -3.5 0 0.0941469 0.650612 7 7 255
65.4498 26.5461 25.7422 0.24359 0 -4.16777 1 -0.64419 0.520053 255 82 82
64.3397 -0.07625 42.046 -2.12175 -0.105644 -3.5 0 0.419203 -0.869091 62 62 255
77.0291 1.06463 48.3286 -0.333169 0 -0.8 0 -0.783098 -0.393336 46 46 255
66.8925 33.7938 33.6326 0.119527 0 -3.2 0 -0.0570221 0.555195 255 150 150
61.91 16.046 43.5171 -0.385084 0 3.8 1 -0.164993 0.815463 255 10 10
65.4273 20.7847 38.9129 -0.135237 0 4.5 1 -0.956997 -0.0964089 255 4 4
84.5176 16.2352 28.7413 0.159184 0 -3.9 0 -0.107658 -0.675499 126 126 255
80.0051 -3.76725 38.8456 -0.61426 0 -3.5 0 -0.297591 -0.543346 51 51 255
80.4096 21.8455 39.3706 -0.0449193 0 3.8 0 0.480735 0.846677 47 47 254
76.1626 30.261 33.84 0.0581086 0 -0.9 0 0.516869 0.815907 255 207 207
84.7226 22.4659 37.1661 5.12581 0 -3.9 0 0.0460777 0.346997 207 207 255
71.4009 10.0239 51.4673 -0.808616 -0.0455606 -3.5 0 0.638945 -0.619932 166 166 255
72.5256 -3.83594 27.5553 0.61532 0.89258 -3.5 0 -0.197161 -0.980015 163 163 255
76.4845 13.2495 39.7253 -0.822068 0 3.8 0 -0.523895 -0.681821 255 98 98
62.7337 1.25038 32.2438 -1.57582 -0.141217 -1.6 0 -0.441129 -0.479855 255 170 170
75.2372 25.2778 45.2926 0.950587 0 -3.9 0 -0.244722 0.548764 55 55 255
59.6475 1.63244 36.4871 -1.29953 -0.675396 -0.8 1 -0.958368 -0.271484 255 163 163
67.2426 14.9551 45.0513 -1.11621 -0.637542 3.8 0 -0.49293 -0.0270465 255 247 247
77.3686 -4.60238 30.6273 -0.448995 -0.100283 -0.7 0 -0.0826815 -0.651997 65 65 255
82.0796 21.8976 36.2801 0.171776 0 -3.9 0 -0.331941 0.880001 216 216 255
75.0194 17.6414 20.2773 -0.129891 -0.31557 -1.3 0 0.592723 0.259018 186 186 255
72.6514 12.0244 17.8909 -1.75207 -0.016313 -3.5 0 -0.040423 -0.80893 255 212 212
83.4521 -0.500437 41.0306 -0.455574 0 1.8 0 0.508042 -0.749977 14 14 255
77.1429 31.8507 24.9992 0.961498 0.173189 -3.5 0 -0.834588 0.382019 255 132 132
78.564 -1.11287 47.3263 0.353808 0 -3.16259 0 -0.217568 -0.494469 32 32 255
82.3714 9.1495 22.2628 -0.156437 0 4.2 0 0.229629 0.313249 20 20 255
85.5648 15.3547 49.3744 -0.543671 0 -3.5 0 0.213917 0.411685 6 6 255
63.0511 27.8692 27.52 0.03776 0 4.5 1 -0.745563 0.256958 255 54 54
64.2876 22.966 18.8009 1.05162 0.187305 -4.5 0 -0.529002 0.372853 146 146 255
68.2125 25.0997 43.8379 -0.371089 0 2.8 0 -0.979863 -0.0123206 255 141 141
72.1321 11.0819 51.5534 -0.794289 0 -3.5 0 0.789943 -0.456102 138 138 255
68.678 2.5 38.7463 -0.394094 0 4.5 0 0.803795 -0.589955 169 169 255
71.1902 1.8855 38.5368 -0.264737 0 -1.3 0 -0.979279 -0.169315 130 130 255
68.2803 1.85975 33.8971 0.0487233 0 -1.6 0 0.602339 -0.70138 181 181 255
67.8083 17.9377 22.8487 0.208624 0 4.5 1 -0.964821 0.11621 255 84 84
85.7573 13.4987 37.5402 -0.408597 0 -0.219649 0 0.606402 0.578419 161 161 255
67.0541 14.0159 28.3303 -0.0649287 0 3.8 1 -0.357837 -0.411188 255 1 1
84.0501 17.4684 40.1186 -0.867396 0 -0.8 0 0.373745 0.697205 111 111 255
65.5704 24.0475 31.7938 -0.0388141 0 -0.7 1 -0.939349 0.0644115 255 0 0
75.6659 4.96962 37.5545 -0.28537 0 -1.3 0 -0.292479 0.528424 219 219 255
81.4598 12.9743 29.7013 -0.183916 0 3.8 0 0.899737 -0.0182042 90 90 255
67.5805 5.54238 43.3507 -0.392651 0 4.2 0 -0.0505923 -0.956696 255 132 132
75.6302 14.2092 18.2106 -0.208741 0 -3.5 0 0.445508 0.0379496 117 117 254
69.64 4.512 38.849 -0.547103 0 4.5 0 0.972713 -0.190395 206 206 255
82.3034 17.3052 28.9923 -0.0150238 0 -3.9 0 -0.338348 -0.382108 176 176 255
69.7951 1.07728 29.7589 -0.25373 0 2.8 0 0.142792 -0.942985 157 157 255
84.3333 16.9275 36.047 -0.394569 0 -3.9 0 0.771545 0.0331769 107 107 254
87.3221 2.67806 31.9671 0.076288 0 -4.5 0 0.989982 0.0432804 2 2 255
68.2583 21.8563 24.1361 0.705788 0 0.404586 1 -0.549546 -0.774954 255 87 87
85.618 5.81712 38.2277 -0.755495 -0.2999 -3.5 0 0.615938 -0.763263 81 81 255
72.795 -0.41725 36.8927 -0.039503 0 -1.3 0 -0.851517 0.0225437 130 130 255
71.8135 13.9455 34.1321 0.2682 0 -4.5 0 -0.392523 -0.73101 255 71 71
82.4149 3.88669 45.314 -0.180976 -0.183858 -1.23941 0 0.915563 0.337749 24 24 255
67.7023 12.9326 24.9003 0.648608 -0.762328 -1.56154 1 -0.91341 -0.0032407 255 14 14
69.4506 27.8713 44.2407 -0.019676 0 2.8 0 -0.413835 0.614399 255 244 244
61.9226 9.90788 34.4583 -0.140765 0 4.5 1 -0.494973 0.14521 255 20 20
64.4163 21.1424 29.3824 0.0191279 0 4.2 1 -0.939725 -0.206776 255 0 0
82.2023 28.7455 26.1082 0.3961 0 -3.5 0 0.866046 0.290236 66 66 255
73.7578 25.1426 22.7798 0.854474 0.0993084 -4.5 0 -0.69 0.703484 129 129 255
84.056 14.6173 31.8235 -0.399552 0 -2.37686 0 0.115745 -0.600546 63 63 255
70.7869 17.311 48.1064 -0.803007 0 -3.5 0 0.084051 -0.655234 13 13 255
69.6537 5.67613 37.5455 -0.509289 0 4.5 0 0.978428 -0.159039 255 193 193
81.2731 28.2258 28.5263 0.37079 0 4.2 0 0.97257 0.213781 154 154 255
67.159 25.7017 40.8081 0.106367 0 1.4772 1 -0.766273 -0.337307 255 21 21
85.5385 18.246 31.1908 0.295397 0 -3.9 0 0.834546 0.296589 188 188 255
77.668 6.573 33.364 -0.354939 0 4.5 0 -0.610597 0.616241 68 68 255
83.8867 -2.54463 31.9819 0.589765 0.451344 -4.5 0 -0.30482 -0.790216 4 4 255
64.5693 19.3276 47.0227 -0.712271 0 -3.5 0 -0.910439 -0.309262 229 229 255
86.9497 15.6624 40.5745 -1.5914 -0.0741427 -3.5 0 0.668743 0.387189 94 94 255
83.8329 22.4278 29.062 -0.451236 0 -3.5 0 0.487967 -0.13284 142 142 255
69.625 31.0789 37.9055 -1.53868 -0.229279 -3.5 0 0.21896 0.753172 255 161 161
76.4125 3.444 20.9517 -1.4329 -0.027347 -3.5 0 -0.00985768 -0.44842 52 52 255
84.3674 14.6145 38.4254 -0.279179 0 1.8 0 0.71996 0.682405 140 140 255
76.7949 31.622 28.8431 0.396951 0 -3.5 0 0.339228 0.733851 255 50 50
79.3774 16.8641 24.6918 0.0346762 0 -1.3 0 0.943636 0.222904 43 43 254
71.4365 31.5732 32.1341 -0.117295 0.368629 -3.5 0 0.361699 0.92037 193 193 255
73.5098 33.1936 36.4136 -0.0575506 0 3.8 0 -0.116894 0.988534 177 177 255
65.1517 18.2582 46.3158 -0.615948 0 -3.5 1 -0.691364 -0.590433 255 237 237
81.805 25.1446 25.9039 -0.3448 0 -3.5 0 0.788516 -0.589732 43 43 255
78.4874 18.6196 23.7784 -0.170794 0 1.92859 0 0.741684 0.175095 26 26 255
78.9488 16.7204 26.6881 -0.962991 -0.281478 -1.3 0 0.968335 0.239241 86 86 255
81.6165 29.8944 29.3781 0.175194 0 4.2 0 0.870481 0.456794 192 192 255
82.9945 -3.38889 34.9928 -0.374446 0 -3.5 0 0.864129 -0.0855725 39 39 255
71.69 4.913 38.815 -0.73944 0 -1.3 0 -0.640268 0.752688 223 223 255
77.7381 0.028125 41.3044 -0.817076 0 -3.9 0 -0.93417 -0.136128 19 19 255
67.8921 13.7319 47.0149 -0.393552 0 -0.7 0 -0.300628 0.713388 101 101 255
70.9622 10.3212 33.6286 -0.485803 0 -1.3 0 -0.315512 0.379531 255 40 40
75.329 7.42422 50.0793 -0.354151 0 1.8 0 0.319703 0.453376 145 145 255
69.5222 22.3485 21.0932 0.550299 0.201843 -0.413936 0 0.51329 0.351207 114 114 255
69.3441 7.76225 40.9061 -0.646408 0 4.2 0 0.608301 -0.336365 255 137 137
76.4797 22.7977 45.073 2.58316 0 -3.9 0 -0.0206618 -0.304809 26 26 255
75.1038 6.81191 20.8006 -0.181908 0 -3.5 0 0.00283616 0.0363159 39 39 255
62.4767 12.4646 39.5658 -0.19358 0 3.8 1 -0.59089 0.54928 255 23 23
73.9011 3.97062 42.7434 -0.434461 0 1.8 0 -0.872442 -0.369765 134 134 255
67.0185 35.624 32.364 0.352068 0 -3.2 0 0.563286 0.587546 255 155 155
82.5861 11.602 31.9921 -0.0372272 0 3.8 0 0.745925 -0.150913 67 67 254
85.5914 15.9879 35.1857 -0.169414 0 -2.20474 0 0.696022 0.4831 57 57 255
76.2624 6.736 37.392 0.428029 0.483247 -1.3 0 -0.69039 -0.110745 221 221 255
87.256 0.9595 33.8845 -0.0849031 0 -4.5 0 0.70459 0.104172 5 5 255
78.1245 7.2625 34.0375 -0.351045 0 4.5 0 -0.979576 0.0751157 95 95 255
82.2054 20.857 43.4996 -0.09198 0 4.2 0 0.888796 0.0481285 35 35 255
66.3898 16.4254 26.8595 -0.0585572 0 0.635982 1 -0.846414 -0.0838136 255 0 0
66.7866 8.09912 25.2617 0.108017 0 -4.5 1 -0.78711 0.171042 255 140 140
83.2008 8.28887 45.0446 -0.690689 0 4.2 0 0.694976 -0.431675 57 57 255
71.4626 15.6856 18.0284 -1.0938 -0.177791 -3.5 0 -0.280333 0.541328 255 156 156
84.2224 25.1157 31.8417 -1.48299 -0.0675676 -3.5 0 0.296356 0.941759 128 128 255
71.8118 -5.84875 38.3428 -0.647645 0 -3.2 0 -0.62145 -0.653139 29 29 255
77.6868 24.0492 39.7837 -0.912363 -0.072567 -0.9 0 0.985745 0.06663 81 81 255
66.5487 32.0874 33.9951 1.34238 0.549513 -3.37293 0 -0.672808 0.180403 255 122 122
87.3996 12.3619 37.0307 -0.838188 -0.0887618 -0.992505 0 0.597608 0.438801 179 179 255
65.584 22.1159 39.7808 -0.159563 0 4.5 1 -0.711718 0.0779246 255 6 6
82.7933 10.2832 27.9754 -1.29343 -0.462795 4.2 0 0.90189 0.430276 58 58 255
77.8386 5.27138 35.2192 -0.331276 0 3.8 0 -0.990831 0.134799 81 81 255
67.4119 26.2537 23.5832 0.501406 0 0.44655 0 -0.122991 0.86063 255 151 151
65.26 23.2771 35.012 -0.114011 0 4.2 1 -0.992176 0.124548 255 0 0
71.7194 9.91619 39.9029 -1.09468 0 2.29586 0 -0.0370652 -0.591129 255 214 214
85.0645 20.6908 30.5193 -0.620617 0 -3.54773 0 0.953094 -0.126638 228 228 255
64.7421 19.1526 35.5796 0.028562 0 1.8 1 -0.953163 0.290949 255 1 1
74.2708 10.9413 32.3805 0.100371 0.873967 -4.5 0 0.712265 -0.67647 220 220 255
71.7883 1.25031 26.4674 -0.623693 -0.488199 -0.929805 0 -0.684637 -0.663469 185 185 255
66.1296 21.89 23.815 0.389648 0 -4.5 1 -0.282915 -0.929515 255 44 44
68.6967 19.0937 26.5879 0.327592 0 0.340743 1 -0.664445 0.334757 255 10 10
68.8193 -4.90625 36.7176 -0.77773 0.161959 -3.2 0 -0.994558 -0.0779666 228 228 255
61.7999 11.9741 37.3179 -0.210045 0 4.5 1 -0.23521 0.971944 255 7 7
81.4048 -2.33791 32.1301 0.255165 0 -0.4 0 0.480955 -0.835459 21 21 254
68.8317 4.65137 35.0638 0.0192198 0 -1.6 0 0.931216 -0.165624 255 172 172
71.3845 -1.1305 27.1185 -0.318632 0.016174 -3.5 0 -0.999969 0.00753312 186 186 255
85.2186 14.4558 39.7228 -0.629605 0 1.8 0 0.616755 0.482117 181 181 255
81.2879 28.5928 27.3196 0.539632 0 -0.3555 0 0.902451 0.192003 101 101 255
74.5709 13.2771 17.5968 -0.67496 0 -3.5 0 0.48133 -0.159669 168 168 255
83.0915 1.96037 43.2504 -0.281843 0 -0.4 0 0.985862 -0.162013 9 9 255
66.2306 29.4549 33.5633 -0.217817 -0.0958944 0.71965 1 -0.969126 0.200033 255 30 30
81.9635 25.557 31.8783 -0.234654 0 -0.26194 0 0.567563 0.36567 88 88 254
78.3189 20.5746 46.147 -0.306525 0 4.2 0 -0.220123 0.553781 11 11 255
73.712 -1.927 30.7224 -0.663637 0 0.610044 0 -0.897981 -0.384653 114 114 255
77.6138 3.61284 35.4964 -0.28779 0 3.8 0 -0.789582 0.450106 120 120 255
73.1627 -6.20841 43.3207 -0.455501 0 -3.5 0 -0.680275 0.21894 14 14 254
84.4783 16.1643 48.5254 -0.456889 0 -3.5 0 -0.28103 0.65717 4 4 255
72.8461 9.05962 34.5504 -0.183168 0 -1.3 0 0.265471 0.173459 255 99 99
84.5744 0.196313 35.6986 -1.4071 0 1.8 0 0.873021 -0.482283 22 22 255
87.6048 1.27178 31.9938 0.310576 0 -4.5 0 0.959944 0.280061 1 1 255
72.3538 31.4575 41.0561 0.392986 0.256008 -3.5 0 -0.693696 0.682038 137 137 255
72.2655 7.47862 49.261 -0.756811 0 -0.296672 0 -0.509452 -0.280063 184 184 255
65.5789 33.6067 28.5071 -0.00996127 0 -3.2 0 0.378023 -0.0899452 255 229 229
80.8149 -1.33012 40.1994 -0.844809 0 -3.87016 0 0.601883 -0.741725 32 32 255
62.7643 10.9864 34.3349 -0.103917 0 2.44137 1 -0.628433 0.391007 255 15 15
69.2424 12.8036 50.5472 -0.882271 0 -3.5 0 -0.823404 0.530881 55 55 255
60.7283 7.31388 36.7783 -0.442751 0 4.5 1 -0.950549 0.168273 255 77 77
77.8644 7.5715 31.8707 -0.298231 0 4.2 0 -0.566605 0.434822 65 65 255
83.2414 16.3344 38.4645 -0.370466 0 -2.72923 0 0.923377 0.382668 126 126 255
68.3343 14.1993 26.1516 -0.156239 -0.380303 -0.8 1 -0.902695 -0.391188 255 3 3
79.464 18.5981 47.6207 -0.222292 0 -3.5 0 0.163505 0.665233 8 8 255
68.2515 32.3016 37.2323 -1.61455 0 -3.5 0 -0.26976 0.919292 255 209 209
75.2792 22.2147 44.4801 0.782291 0 -3.9 0 -0.126374 -0.372346 29 29 255
78.1256 29.3611 30.6777 0.269644 0 4.2 0 -0.48878 0.760678 255 140 140
64.7356 24.6734 24.9415 0.354238 0 -4.5 1 -0.985554 0.161603 255 28 28
65.3477 17.418 41.1582 0.172326 -0.0370498 3.8857 1 -0.840431 0.538141 255 26 26
77.2985 -2.28625 41.8722 -0.528406 0 -3.9 0 -0.620526 -0.770859 17 17 255
77.6205 28.6595 23.0978 0.0748585 0 -4.5 0 -0.555374 0.449537 172 172 255
69.6716 10.2114 38.4656 -0.751137 0 2.8 0 0.455326 -0.697836 255 196 196
68.2887 20.3144 48.8932 -1.19973 -0.00829537 -3.5 0 0.0584539 0.547804 45 45 254
64.9112 18.1695 32.5238 0.00613986 0 4.2 1 -0.990749 -0.108112 255 0 0
71.9822 30.5665 25.8602 0.178413 0 4.5 0 0.0252513 0.87881 74 74 255
64.0802 13.4412 32.4659 -0.0185578 0 2.83089 1 -0.886653 0.127086 255 3 3
65.3873 14.4555 35.553 0.324784 0 -0.4 1 -0.964481 0.239415 255 5 5
83.9749 -1.77828 37.5994 -0.257882 0 1.8 0 0.784641 -0.55498 27 27 255
77.559 33.2359 41.2549 -0.218354 0 -0.706474 0 0.348391 0.936692 50 50 255
77.547 -3.6905 43.8265 -0.472413 0 -3.9 0 -0.549435 -0.801329 25 25 254
62.8475 -0.401812 38.832 -0.330915 0 -0.8 0 -0.378579 -0.795926 154 154 255
67.3205 11.5699 30.0457 0.361495 0 3.8 1 -0.635805 -0.234981 255 18 18
68.417 33.0377 34.6463 -0.0242383 0 -3.5 0 -0.132135 0.952 211 211 255
68.4498 10.6774 33.9736 -0.0181714 0 -0.8 0 0.718409 -0.1116 255 31 31
73.6742 11.1774 33.4646 -0.242352 0 -4.11745 0 0.468613 -0.272471 255 194 194
76.6701 27.4603 22.259 1.1851 0 -4.5 0 -0.199756 0.766376 99 99 255
67.9268 24.4163 44.9652 -0.954212 0 -3.2 0 -0.898579 0.434622 255 250 250
86.3783 15.0221 44.9575 -1.11788 -0.450971 -3.5 0 0.951806 0.300785 15 15 255
69.1024 6.22506 40.1452 -0.617285 0 4.2 0 0.996617 -0.0381844 255 229 229
69.3207 12.2545 36.4845 -0.603244 0 2.8 0 0.542207 -0.576487 255 48 48
76.8032 -3.64906 38.2952 -0.439694 0 -1.3 0 0.746891 -0.502479 33 33 255
72.0465 17.1366 48.3098 -1.0257 -0.0938931 -3.82822 0 -0.121794 -0.604292 8 8 255
65.9827 24.8575 20.6071 0.586018 0 -4.5 0 0.127821 0.754432 231 231 255
66.4883 9.21787 26.4643 0.0102092 0 -4.5 1 -0.798679 0.555115 255 72 72
73.539 2.774 36.733 -0.72209 0 -1.3 0 -0.346854 0.353185 151 151 255
71.4271 32.1974 35.8388 -0.219884 0 3.8 0 -0.0263816 0.996513 143 143 255
65.3258 28.5623 32.3024 -0.680762 -0.319402 3.60086 1 -0.759778 -0.029744 255 20 20
79.0553 17.162 49.0939 -0.798715 0 -3.5 0 0.300327 0.611876 6 6 255
69.5133 6.06856 43.5528 -0.43746 0 0.0675668 0 0.269413 -0.8338 255 117 117
76.3311 13.4954 37.5566 -0.689408 0 3.95835 0 -0.706123 -0.648803 255 188 188
64.455 10.2452 30.4335 -0.0767201 0.0188866 -0.75133 1 -0.755664 0.114645 255 10 10
80.3362 0.00553125 24.6628 -0.394335 0 -3.77498 0 -0.658673 0.421442 8 8 255
82.6413 18.8059 28.2116 -0.159518 0 -3.9 0 0.051032 -0.221344 141 141 255
75.972 -6.80013 36.3068 -0.228877 0 -0.75141 0 0.380198 -0.924682 25 25 255
87.5547 7.401 34.212 -0.180353 0 -3.5 0 0.913263 -0.0183432 84 84 255
64.9165 21.4176 34.6104 -0.0652121 0 4.2 1 -0.946754 0.171431 255 1 1
71.9114 4.46447 31.6706 -0.558826 0 2.76033 0 0.368461 -0.327185 233 233 255
73.9961 2.65456 40.2229 -0.650133 0 -1.3 0 -0.277863 -0.494703 153 153 255
75.9485 33.8698 43.5313 -0.282131 0 -3.5 0 0.435578 0.898985 50 50 255
66.2506 22.1367 26.6025 0.322925 0 2.23226 1 -0.515356 -0.578889 255 7 7
79.6824 4.08309 24.2946 -0.292376 0 -3.5 0 0.898155 -0.361532 23 23 255
77.251 -4.458 43.8565 -0.640395 0 -3.5 0 0.705258 0.642329 12 12 254
85.3521 11.2485 33.0455 -0.346042 0 -0.7 0 0.504699 -0.118389 54 54 255
76.0925 2.25697 42.1898 -0.311514 0 4.42526 0 -0.564378 -0.810235 56 56 255
71.7432 -4.15163 34.6395 -0.403941 0 -3.2 0 -0.412301 0.398222 136 136 255
79.6888 26.2212 34.1656 0.159162 0 2.48206 0 0.782889 0.196358 181 181 255
62.2699 12.0134 43.9121 -0.331912 0 3.8 0 -0.510244 -0.179141 255 29 29
76.5936 24.7377 20.1914 0.472521 0 -4.5 0 0.201053 0.279575 55 55 255
77.6968 8.19162 49.1509 -0.192137 -0.0754854 2.03717 0 -0.0825658 0.228415 119 119 254
64.9585 19.5536 38.1657 -0.177972 0 1.8 1 -0.900739 0.352858 255 8 8
78.856 7.43616 23.5984 -0.276396 0 -1.51258 0 0.442729 0.0413395 54 54 255
66.4896 13.7423 45.5234 -0.691026 0 1.41891 0 -0.1885 0.747815 255 229 229
68.0366 25.0476 42.5778 -0.276956 0 2.8 1 -0.967933 -0.19301 255 93 93
72.219 8.93119 20.9347 -0.729642 -0.317377 -3.5 0 -0.337084 -0.0974766 138 138 255
76.3417 33.1484 39.2814 0.13353 0 -0.4 0 -0.116245 0.953544 68 68 254
67.199 32.7305 28.6915 0.78479 0.469912 -3.2 0 0.249823 0.507337 255 136 136
77.7945 20.2141 23.3773 0.0716719 0 3.8 0 0.522078 -0.300233 26 26 255
79.664 2.843 26.44 -0.268151 0 -3.5 0 0.467444 -0.567681 49 49 255
80.5875 18.5919 46.9007 -0.111263 0 4.2 0 0.254687 0.34282 10 10 255
65.9143 27.3923 41.1215 1.01094 0 -3.9 1 -0.533558 -0.155807 255 14 14
69.487 32.6437 33.6905 -0.0807143 0 -3.33495 0 0.43832 0.898565 209 209 255
75.8405 8.54781 49.0694 -0.250412 0 2.58432 0 -0.00547044 0.338692 151 151 255
65.2196 18.3467 34.0881 0.0955802 0 4.2 1 -0.966613 -0.256085 255 0 0
75.1178 31.9369 29.494 0.249473 0 -3.5 0 0.425114 0.745441 255 47 47
72.4185 4.74153 44.6349 -0.578667 0 1.8 0 -0.66916 -0.706579 177 177 255
65.8787 28.3994 36.5022 -0.0200733 0 -1.50802 1 -0.979787 -0.0194756 255 4 4
61.181 2.97741 42.0694 -0.377417 0 -3.5 0 -0.701013 0.0317491 231 231 255
76.2902 3.20803 48.0007 -0.707099 0 0.787295 0 -0.61573 -0.560339 88 88 255
65.0219 23.0573 25.2495 0.264514 0 -4.5 1 -0.748371 -0.603184 255 14 14
73.9711 16.185 47.9951 0.386995 0 -3.9 0 -0.203498 -0.311291 6 6 255
71.4905 27.7932 24.4058 0.335049 0 4.5 0 -0.11355 -0.057311 39 39 255
72.028 -0.358 38.1795 -0.25372 0 -1.3 0 -0.924841 -0.269912 141 141 255
68.0245 33.7749 32.5677 0.493926 0 -3.2 0 0.612085 0.729436 255 178 178
81.5772 27.5234 22.0141 -2.10389 -0.660236 -3.5 0 0.277317 -0.106181 17 17 255
70.8465 4.34247 38.9059 -0.598298 -0.438135 -1.3 0 -0.938913 0.288101 173 173 255
82.0674 10.321 48.159 -0.486888 0 4.2 0 0.588078 -0.20424 23 23 255
75.1244 3.65681 46.8113 -0.27471 0 1.8 0 -0.623349 -0.656525 93 93 255
70.4191 13.915 49.3434 -0.526801 0 -3.5 0 -0.326676 0.940745 36 36 255
75.6342 11.7253 33.8479 -0.303847 0 -4.5 0 -0.513824 -0.855911 167 167 255
71.1505 11.0085 20.181 0.415893 0 -4.5 0 -0.263868 -0.553668 255 188 188
83.6275 4.436 26.563 0.124665 0 1.8 0 -0.0969616 -0.351327 13 13 255
70.613 32.0374 32.7839 -0.435717 -0.248486 -3.23465 0 0.465796 0.884477 213 213 255
72.5601 27.2361 24.6654 0.404358 0 4.5 0 -0.0181348 -0.335464 21 21 255
88.2844 6.90378 36.3812 -0.15437 0 -3.5 0 0.149188 -0.95553 83 83 255
66.564 20.161 44.184 0.469422 0 -3.5 1 -0.27208 0.594424 255 106 106
78.7446 20.572 23.4287 0.0692306 0 3.8 0 0.224917 -0.63705 21 21 255
86.0919 2.17287 34.301 -0.292357 -0.164852 3.8 0 0.597696 -0.221369 6 6 255
66.0627 28.8888 34.8306 0.474906 0.0723145 -0.7 1 -0.982317 0.182321 255 14 14
73.1655 22.689 44.3742 0.319698 0 -3.70654 0 -0.146687 0.0810712 47 47 255
85.7371 11.5785 46.6511 -3.7508 -0.765005 -3.5 0 0.418245 -0.908207 8 8 255
63.078 30.805 28.755 0.0875917 0 4.5 0 -0.573802 0.702898 255 85 85
76.3088 0.43879 25.3143 -0.369806 0 -3.5 0 0.585458 0.0504902 73 73 255
76.1952 10.2451 35.2906 -0.453799 0 4.5 0 -0.919856 -0.39088 241 241 255
67.1655 13.001 47.853 -0.530254 0 -0.7 0 -0.12032 0.711689 144 144 255
74.1539 14.9358 47.6978 -0.293943 0 -3.9 0 -0.247708 -0.251162 9 9 255
82.528 15.688 48.1037 -0.489312 0 -3.5 0 -0.133187 0.308158 4 4 255
65.9521 29.5675 36.3849 -1.5881 -0.948813 -3.5 1 -0.944635 0.221133 255 19 19
80.211 26.8593 22.1329 -0.618894 -0.548882 -3.5 0 0.0115566 -0.0864846 33 33 255
68.6075 0.199482 28.7601 -0.313211 0 1.8 0 0.274858 -0.927629 196 196 255
87.7275 6.74117 37.8991 0.104089 0.0439668 -3.5 0 0.497165 -0.83519 116 116 254
3 2090 166 1064 0.669936
3 2151 1064 166 0.763563
3 166 2090 1080 0.716773
3 2090 851 2557 0.818346
3 2557 851 205 0.818343
3 2557 205 2392 0.831437
3 851 1532 1515 0.760018
3 1880 1515 304 0.902434
3 1532 966 1515 0.718613
3 1515 1651 304 0.811657
3 806 153 830 0.633417
3 806 830 658 0.572970
3 1064 2151 1217 0.749647
3 1217 2151 2426 0.749497
3 2426 2151 1510 0.697674
3 2426 1510 682 0.663404
3 2151 1976 1510 0.643104
3 1510 1850 354 0.738157
3 1510 1371 1850 0.718495
3 826 1850 571 0.786134
3 826 571 811 0.697804
3 811 571 2402 0.770762
3 1371 1863 1850 0.798741
3 1863 1371 1735 0.830891
3 1735 1371 849 0.806186
3 1735 849 2228 0.820260
3 2228 849 2248 0.871263
3 1371 1080 849 0.799288
3 2557 1074 2248 0.898078
3 1074 2557 2392 0.879365
3 1963 862 2178 0.980617
3 1651 737 2149 0.593263
3 1651 2149 1963 0.748621
3 1963 2149 1497 0.706249
3 806 658 737 0.574501
3 2634 737 658 0.531224
3 2634 1681 1912 0.411976
3 1912 1681 1947 0.402577
3 1912 1947 2054 0.329736
3 1681 658 1023 0.538889
3 1023 673 1947 0.438778
3 1023 107 2056 0.580739
3 2056 107 1148 0.607654
3 107 1217 1148 0.664864
3 2578 1148 1668 0.482488
3 1462 1668 1148 0.670351
3 682 393 1462 0.575464
3 682 964 393 0.582752
3 964 682 354 0.555972
3 354 826 964 0.679964
3 174 964 826 0.682971
3 2424 174 811 0.721484
3 826 811 174 0.685325
3 1850 826 354 0.725414
3 174 2424 2353 0.694392
3 964 174 2408 0.521687
3 2353 2408 174 0.497290
3 2353 2424 2285 0.645394
3 2285 1545 1654 0.443704
3 1654 1545 1601 0.488774
3 2424 2402 1545 0.621636
3 1545 2402 1727 0.682971
3 1727 2402 1236 0.774190
3 1236 650 342 0.897044
3 1727 1236 342 0.887105
3 1112 1885 2228 0.787001
3 650 2228 1885 0.830144
3 2228 2181 1112 0.862724
3 589 1112 2181 0.874441
3 589 2181 894 0.892681
3 601 2181 2465 0.954472
3 2181 2248 2465 0.946535
3 2465 2248 1116 0.950329
3 2018 2555 2021 0.955794
3 1116 65 1914 0.976074
3 1914 65 1441 0.982491
3 1441 2392 1075 0.958448
3 1075 2392 1880 0.938698
3 610 1075 1880 0.969071
3 1441 1075 2186 0.972486
3 2089 610 1133 0.990102
3 313 725 610 0.985696
3 610 725 1133 0.989533
3 1801 1133 725 0.988428
3 1925 64 1801 0.963974
3 1801 64 2614 0.951120
3 1709 1925 386 0.901890
3 862 1111 1925 0.954644
3 1111 386 1925 0.911085
3 1111 862 1963 0.927616
3 1497 2307 1111 0.753591
3 386 1111 2307 0.839110
3 2149 317 2307 0.450431
3 317 2117 1805 0.488751
3 857 2117 1531 0.291107
3 2117 317 1531 0.288276
3 317 1685 1531 0.339632
3 1161 1531 1912 0.223346
3 1161 384 1531 0.195990
3 384 1553 2411 0.179560
3 1553 546 2411 0.163022
3 546 1500 2411 0.150935
3 1500 2054 1947 0.235293
3 2241 673 2578 0.209326
3 644 2408 1712 0.282956
3 644 1712 2184 0.196111
3 1712 2408 825 0.405534
3 825 2408 2353 0.463571
3 1350 825 2285 0.466014
3 1350 2285 307 0.328644
3 2390 1260 1654 0.228217
3 1260 2285 1654 0.253251
3 2390 1654 1006 0.421968
3 2390 1006 1864 0.349224
3 136 353 2329 0.693167
3 990 1601 1727 0.766913
3 2329 277 1588 0.956241
3 1588 1355 848 0.859173
3 1588 2210 651 0.972107
3 91 2018 154 0.964667
3 2021 1589 2018 0.979063
3 1855 2018 1589 0.989563
3 1589 2021 2573 0.987834
3 2021 767 1188 0.972674
3 1360 767 1226 0.981833
3 767 2021 2555 0.969127
3 767 2555 1226 0.976701
3 2533 1914 301 0.994607
3 2533 2186 2502 0.972055
3 2129 2089 377 0.982888
3 2089 1133 713 0.989265
3 2089 713 377 0.986253
3 377 713 2001 0.985423
3 713 1133 2614 0.983347
3 2001 713 2614 0.981039
3 2614 64 1709 0.850516
3 2614 1709 1361 0.858942
3 1296 960 1750 0.652310
3 1709 27 840 0.816495
3 27 2120 840 0.855325
3 446 840 615 0.757638
3 446 615 1750 0.705241
3 1087 2307 1595 0.853017
3 2451 1595 2128 0.815597
3 1154 2451 1637 0.761342
3 1154 1637 368 0.843760
3 930 2451 1069 0.635916
3 2451 2128 1936 0.750924
3 306 1010 1503 0.435476
3 857 384 402 0.133472
3 384 2411 402 0.114079
3 1503 1573 863 0.217654
3 1573 1413 1140 0.138912
3 1573 1140 863 0.211150
3 294 1140 1413 0.117799
3 1140 1509 863 0.280356
3 581 294 148 0.138377
3 2241 148 294 0.111601
3 148 2241 766 0.138088
3 766 2241 2578 0.170923
3 766 1271 148 0.181272
3 1509 888 2396 0.368281
3 33 2403 2363 0.334043
3 355 2443 2363 0.266552
3 2033 2363 2443 0.409809
3 2443 355 643 0.159040
3 643 2136 2443 0.202690
3 656 2443 2355 0.569887
3 1875 2136 1343 0.312356
3 2136 180 1343 0.211463
3 180 1997 1343 0.219102
3 1101 1083 1428 0.516057
3 1083 1101 1864 0.419116
3 1083 1070 346 0.503443
3 312 1083 1494 0.419262
3 346 1494 1083 0.491204
3 1494 346 9 0.431838
3 1006 136 1070 0.565321
3 1114 1070 136 0.618499
3 158 1114 2329 0.735565
3 2329 1444 158 0.904137
3 1588 1536 2329 0.966776
3 1444 2329 820 0.977105
3 1536 820 2329 0.973383
3 1536 286 820 0.985639
3 820 2029 322 0.980506
3 514 2029 120 0.948485
3 1855 141 2598 0.992238
3 2234 2598 1267 0.981044
3 1629 2276 1309 0.997098
3 1629 1309 2255 0.998198
3 1309 2573 2255 0.998358
3 2255 2573 1856 0.998619
3 2276 2573 1309 0.996252
3 1856 2291 1848 0.999644
3 333 1676 2574 0.993313
3 1188 1360 333 0.983482
3 1992 667 189 0.971538
3 377 2001 647 0.989147
3 1128 1281 86 0.982926
3 1207 1753 2414 0.986817
3 2001 2614 2049 0.975376
3 1296 1839 2103 0.859280
3 2103 1839 908 0.912838
3 1636 689 2246 0.457665
3 689 1437 1750 0.419103
3 227 1154 368 0.782816
3 113 227 2262 0.790315
3 2218 2262 227 0.885010
3 2218 103 2262 0.896542
3 2238 2596 1773 0.775479
3 930 1069 1773 0.623102
3 1069 2293 676 0.339220
3 676 2293 2453 0.274733
3 2441 1442 1073 0.272101
3 1442 2396 455 0.408981
3 455 2033 656 0.515794
3 455 656 2535 0.466870
3 2535 1806 455 0.540026
3 653 455 1806 0.488514
3 900 2535 1875 0.677751
3 2355 1875 2535 0.654705
3 1743 1678 1266 0.815913
3 1528 1266 462 0.791420
3 2604 1759 1678 0.584634
3 1678 1759 1266 0.727288
3 1266 1759 462 0.735864
3 462 1759 2328 0.467719
3 1175 2604 552 0.380130
3 2604 1678 370 0.585626
3 2604 370 1343 0.313232
3 2604 1343 552 0.213601
3 1343 1997 552 0.203936
3 552 1997 1928 0.291578
3 1990 1928 1997 0.292379
3 858 132 793 0.369212
3 17 132 1524 0.269406
3 858 1524 132 0.278719
3 312 1655 858 0.363486
3 1524 858 717 0.289211
3 858 1655 2052 0.413255
3 510 84 1304 0.531366
3 510 1304 1950 0.778448
3 84 1494 1304 0.560924
3 1304 1494 677 0.514436
3 1304 677 1639 0.702085
3 1494 9 677 0.485057
3 1639 677 1444 0.856619
3 151 120 695 0.935724
3 2512 695 2591 0.923280
3 2029 1164 120 0.936579
3 1205 1540 624 0.945025
3 1540 61 624 0.938880
3 1540 1267 2598 0.974109
3 141 1840 2598 0.989226
3 141 997 1840 0.989728
3 2221 1840 997 0.987551
3 1076 2221 264 0.993490
3 997 264 2221 0.992289
3 2579 1076 700 0.980857
3 700 1076 2446 0.995046
3 700 2446 2344 0.995427
3 2100 429 55 0.999004
3 429 1766 55 0.999373
3 1824 1766 2340 0.999904
3 1766 943 2371 0.999823
3 60 76 2371 0.999810
3 1082 541 1993 0.998336
3 1993 2574 1082 0.996364
3 1676 1082 2574 0.996701
3 125 1996 1726 0.971347
3 1753 1996 1084 0.975547
3 1996 125 1992 0.988628
3 1996 1992 1084 0.983370
3 1084 1992 189 0.979935
3 212 1207 347 0.977577
3 212 347 583 0.975359
3 2282 212 583 0.974542
3 1693 347 1207 0.977932
3 583 347 1852 0.964591
3 1693 1207 2414 0.972723
3 1328 2414 366 0.968465
3 2414 1489 1085 0.980455
3 2414 1085 366 0.976812
3 908 1839 1736 0.926655
3 908 1736 2049 0.953438
3 2049 1736 59 0.960051
3 59 1736 1328 0.941909
3 1839 580 2619 0.510910
3 2376 2619 2427 0.684242
3 46 2495 499 0.114650
3 499 1395 1488 0.310943
3 2327 1764 689 0.271051
3 2327 689 1636 0.454919
3 1636 1977 2327 0.436210
3 1977 1636 416 0.506846
3 1636 2246 416 0.494741
3 416 2246 1881 0.577831
3 2295 2377 1765 0.696746
3 1421 0 2262 0.758141
3 2262 103 1421 0.849760
3 1673 1165 1421 0.714866
3 2377 1421 1233 0.657219
3 1165 1233 1421 0.618536
3 1235 513 1899 0.462417
3 1741 2632 1793 0.388597
3 1793 1656 2644 0.123017
3 2644 1656 1512 0.177111
3 1656 2503 1195 0.079129
3 1313 2025 1065 0.520082
3 2238 2499 1367 0.738528
3 390 1367 1576 0.724853
3 2499 1773 2586 0.754489
3 2345 2586 2453 0.504724
3 2493 2357 617 0.425616
3 2357 585 2605 0.362899
3 1836 585 2442 0.176834
3 2642 2442 585 0.258882
3 874 2639 1729 0.329571
3 1351 1922 1729 0.309895
3 639 2442 2144 0.307229
3 2642 2144 2442 0.319744
3 2493 2144 2642 0.414978
3 2471 653 1806 0.583011
3 2119 2152 2449 0.463157
3 2152 2493 818 0.457093
3 1576 2330 390 0.588910
3 2493 617 818 0.515334
3 390 2330 2025 0.721813
3 1954 822 2330 0.555393
3 319 822 2379 0.491462
3 2569 2525 68 0.445491
3 2294 2499 701 0.713206
3 2345 756 73 0.553434
3 73 756 1579 0.713825
3 73 1579 1816 0.773623
3 1816 1579 2048 0.863627
3 1579 738 1005 0.914073
3 1037 1862 1092 0.930679
3 738 2471 758 0.784926
3 738 758 1862 0.887907
3 1862 1743 1092 0.891399
3 1528 1092 1266 0.912530
3 1502 2548 1528 0.832510
3 1502 594 2548 0.768981
3 594 763 1652 0.508234
3 763 344 2079 0.472062
3 2079 344 2328 0.447515
3 2328 1919 2079 0.201619
3 2328 2395 1919 0.220709
3 2328 897 2395 0.226429
3 577 552 1040 0.350975
3 552 1928 1040 0.294680
3 1627 1040 1928 0.304170
3 1627 1828 1040 0.236144
3 1627 621 362 0.230104
3 362 621 1958 0.319148
3 2544 362 1451 0.189473
3 1451 362 1089 0.250390
3 362 1958 1089 0.333759
3 832 365 2380 0.408977
3 889 365 2332 0.281438
3 889 2332 1587 0.139203
3 1587 1578 889 0.105607
3 832 2380 2536 0.381285
3 484 2332 1129 0.303974
3 147 2536 731 0.367361
3 45 1519 1143 0.433007
3 883 1143 1220 0.408274
3 1519 2058 1007 0.391151
3 1893 844 326 0.283467
3 844 751 326 0.227001
3 751 1815 326 0.170776
3 1815 717 1033 0.254794
3 1033 2052 1458 0.193246
3 1458 1327 1033 0.214533
3 2153 1458 2203 0.208253
3 1327 2153 1096 0.231905
3 1961 841 2153 0.205665
3 109 2212 1702 0.570105
3 109 2591 787 0.647740
3 2212 109 2398 0.620777
3 787 2398 109 0.764863
3 1777 61 2315 0.937319
3 700 2315 2579 0.964877
3 2344 2230 700 0.993741
3 771 700 2230 0.990366
3 771 2230 809 0.983654
3 2560 1921 1797 0.994478
3 1921 2511 1797 0.997465
3 1824 2511 2100 0.999595
3 1797 2511 92 0.998001
3 2511 1824 1004 0.999877
3 1004 1824 2176 0.999909
3 1004 2176 1104 0.999912
3 1824 2340 2176 0.999960
3 2340 1909 2176 0.999985
3 2176 1909 579 0.999980
3 1104 2176 579 0.999946
3 1251 2340 2371 0.999971
3 1251 1848 2571 0.999956
3 1307 2571 1731 0.999654
3 1730 782 2527 0.999686
3 1730 2527 2630 0.999628
3 1731 2630 1197 0.999434
3 2630 2527 1197 0.999504
3 696 1829 2373 0.997809
3 935 1599 2617 0.990092
3 808 1330 2617 0.974518
3 1844 2617 1330 0.973867
3 1330 916 1103 0.970441
3 2566 1103 916 0.944346
3 788 2282 1952 0.975747
3 1094 2282 1373 0.938077
3 1847 1373 2155 0.781817
3 1373 2282 2086 0.930962
3 2086 2155 1373 0.861320
3 1852 2487 2086 0.858596
3 586 1852 2126 0.911378
3 1328 1736 2376 0.935754
3 2376 2427 2126 0.844125
3 1499 780 2074 0.159611
3 1401 1499 2081 0.177053
3 1153 2081 1499 0.049321
3 1426 2081 2193 0.065583
3 1663 1153 2470 0.021232
3 1663 2470 1934 0.022001
3 2470 587 923 0.042110
3 923 587 2093 0.040046
3 923 2093 1695 0.053406
3 46 2645 1695 0.066050
3 499 2556 2645 0.111222
3 1695 2645 1544 0.057446
3 566 1695 1544 0.032394
3 121 1385 1544 0.052949
3 1416 939 2556 0.050712
3 2556 2166 1416 0.039005
3 1488 955 2556 0.204979
3 659 955 1488 0.274593
3 659 1038 955 0.318041
3 1486 955 1038 0.313189
3 1475 989 1038 0.462551
3 1038 989 2314 0.319756
3 989 2421 2314 0.320107
3 2552 967 1233 0.412475
3 1233 1235 2552 0.424992
3 1899 2644 2635 0.161381
3 2644 1512 2635 0.097791
3 2635 1512 1786 0.136060
3 1786 1512 291 0.136451
3 1786 291 1607 0.233902
3 1607 291 1580 0.178231
3 1713 1512 1195 0.101981
3 1512 1656 1195 0.087762
3 124 2605 1836 0.256222
3 2605 585 1836 0.244632
3 124 1002 1791 0.209917
3 1922 922 874 0.204141
3 1729 1922 874 0.227970
3 1922 2040 922 0.153797
3 922 2040 373 0.127487
3 1302 2516 833 0.054018
3 1284 1302 833 0.049219
3 2040 1391 2389 0.213001
3 135 2532 1391 0.438280
3 2389 1391 2532 0.361176
3 2532 135 415 0.507646
3 53 2592 865 0.308450
3 865 2592 1821 0.363505
3 639 2144 2592 0.318311
3 637 881 2070 0.302032
3 2070 881 1888 0.377003
3 860 697 496 0.362987
3 2305 492 2219 0.506374
3 2305 2219 2660 0.521211
3 492 2379 2219 0.491994
3 1127 974 1954 0.534901
3 974 1127 2019 0.489114
3 2019 1127 381 0.523552
3 2019 381 2374 0.746937
3 381 1127 878 0.542402
3 381 878 2078 0.437403
3 2078 878 218 0.586191
3 1127 1954 878 0.526447
3 2525 1650 878 0.591920
3 1761 2569 1783 0.787593
3 2569 1816 1783 0.827786
3 1783 2048 1809 0.931190
3 1658 1037 22 0.919356
3 1658 22 1090 0.919180
3 1037 1092 22 0.918484
3 521 2496 1090 0.925160
3 1857 2528 2582 0.580793
3 2133 2558 2197 0.149003
3 839 1919 2475 0.157849
3 2366 1166 1919 0.203378
3 1473 2366 1019 0.165034
3 1473 1019 2254 0.135110
3 1473 2070 924 0.145474
3 2070 2254 1833 0.268483
3 2070 1833 637 0.275832
3 1821 1833 865 0.267272
3 426 2362 846 0.287389
3 865 846 2460 0.230128
3 1063 2362 1968 0.220961
3 234 593 2612 0.287382
3 2362 532 1968 0.207681
3 532 1049 1453 0.245612
3 1453 1348 792 0.203161
3 2360 792 2349 0.144626
3 792 2080 2349 0.159654
3 1348 1208 2080 0.251976
3 385 1451 2422 0.308007
3 2422 1451 1089 0.301004
3 365 889 2422 0.317742
3 889 1578 1582 0.100183
3 1578 372 1582 0.078781
3 1109 662 1578 0.028632
3 372 1578 662 0.049766
3 662 1465 372 0.033861
3 662 1109 25 0.022227
3 1229 662 1624 0.015971
3 25 1624 662 0.021712
3 25 1109 2231 0.024098
3 1624 25 2231 0.019673
3 2231 1587 1937 0.063673
3 1937 1587 484 0.099625
3 1937 1129 769 0.188087
3 1220 1129 883 0.447744
3 958 1469 719 0.331644
3 2058 1603 1007 0.391189
3 1464 1096 2201 0.150648
3 1464 2201 2393 0.098708
3 1483 2393 728 0.171985
3 728 1001 1483 0.190893
3 728 1485 2164 0.141691
3 1485 356 1178 0.253133
3 1178 356 1479 0.472976
3 1702 356 1861 0.490102
3 1479 2212 2263 0.433526
3 2263 2398 328 0.880676
3 328 2398 2463 0.941881
3 328 2463 1434 0.969831
3 809 787 1777 0.928957
3 2463 1797 1434 0.986217
3 1434 1797 1989 0.989031
3 1434 202 2385 0.960609
3 1649 202 1754 0.956343
3 1754 2097 1649 0.883987
3 1989 1380 1754 0.983379
3 1380 1989 1797 0.989454
3 1419 1708 1941 0.998452
3 1687 112 2023 0.992669
3 2636 2607 2370 0.984278
3 1945 1559 460 0.999211
3 460 1559 2466 0.999683
3 460 2466 1459 0.998311
3 1811 2039 2571 0.999848
3 1307 2272 1811 0.998694
3 1197 2603 2272 0.996611
3 1715 757 1747 0.995275
3 1701 2272 2524 0.999608
3 2524 1585 1701 0.999867
3 1804 1701 1585 0.999692
3 2603 696 2524 0.999554
3 696 1887 2524 0.999796
3 1769 1219 2053 0.992830
3 2053 2179 1769 0.993895
3 1219 488 2053 0.988912
3 2179 2053 1283 0.983383
3 488 1798 2053 0.993064
3 2415 1185 2520 0.995712
3 1103 764 1844 0.975758
3 1185 1844 764 0.977381
3 951 2520 591 0.974618
3 2520 1586 591 0.964895
3 2652 1094 1373 0.855633
3 854 1910 1203 0.317250
3 741 2477 2487 0.395600
3 741 2487 2081 0.180943
3 2081 1426 741 0.100555
3 741 853 2477 0.199496
3 1487 663 2225 0.099976
3 652 2570 2192 0.030746
3 2570 2193 1569 0.045621
3 2192 1239 1466 0.003157
3 1466 1239 1934 0.005665
3 2637 799 2589 0.008382
3 566 2378 1695 0.031687
3 1377 971 1705 0.044349
3 939 1416 2191 0.042164
3 436 2191 1416 0.061898
3 436 42 2191 0.095669
3 1066 1196 181 0.060260
3 181 2316 1066 0.120466
3 181 1196 1606 0.073519
3 1606 2166 2556 0.041797
3 2316 464 1066 0.227453
3 464 2421 1567 0.377250
3 1567 111 2191 0.194952
3 1567 2440 111 0.303457
3 1385 985 1045 0.091061
3 1045 985 1518 0.166087
3 1045 1518 1415 0.130844
3 985 2440 1518 0.245008
3 1518 2440 1429 0.242681
3 2020 1792 1518 0.344796
3 165 1792 620 0.442911
3 165 620 1263 0.449015
3 1263 611 165 0.398841
3 2497 165 611 0.344971
3 800 206 1120 0.369071
3 206 1263 2552 0.284848
3 1206 2497 636 0.280172
3 1899 2635 1450 0.460260
3 417 1924 2635 0.084426
3 11 2635 1924 0.079567
3 1711 753 394 0.040873
3 2207 1580 75 0.075725
3 1817 786 479 0.062483
3 1817 479 2611 0.064615
3 2503 685 2611 0.169562
3 685 1882 2611 0.156842
3 1882 1841 2611 0.119868
3 1817 1841 781 0.057457
3 1835 781 1768 0.056583
3 1768 1172 1299 0.164648
3 1172 1002 2162 0.161890
3 1299 1172 2162 0.179706
3 2358 1248 1471 0.130100
3 2358 1471 2162 0.108181
3 2162 1471 1299 0.143218
3 1248 1538 428 0.128779
3 428 1538 39 0.101262
3 428 39 308 0.078120
3 308 39 2324 0.059440
3 1427 1284 196 0.023046
3 196 1284 2055 0.027154
3 498 2516 2040 0.044748
3 1662 498 2389 0.162032
3 1662 1044 498 0.168624
3 1044 1662 427 0.263531
3 427 2319 2612 0.326432
3 2516 2303 2096 0.060777
3 2055 2096 654 0.059606
3 454 183 2612 0.314348
3 2612 69 454 0.206778
3 1282 1622 454 0.117263
3 1622 183 454 0.128747
3 1622 895 183 0.103689
3 1282 364 1067 0.155386
3 1067 364 2360 0.189782
3 364 69 1968 0.195408
3 364 1968 532 0.210918
3 2349 2386 1067 0.087185
3 1060 1067 2386 0.086040
3 2386 2349 2075 0.115555
3 2075 1484 2386 0.114415
3 2349 2080 2075 0.156042
3 2075 2080 2428 0.169665
3 1820 2080 727 0.092021
3 2080 1208 727 0.144135
3 727 1208 754 0.110511
3 727 754 1465 0.057277
3 1465 735 1732 0.019623
3 422 1522 1229 0.006114
3 1624 1457 1591 0.008477
3 1624 2231 1457 0.024887
3 1457 2599 1645 0.010436
3 1336 1884 1198 0.098503
3 1336 1198 1878 0.143531
3 1198 1884 2231 0.073506
3 2659 969 438 0.153669
3 2659 438 1198 0.147285
3 969 769 1041 0.233909
3 1041 769 1325 0.197887
3 1325 769 958 0.277844
3 1633 1325 958 0.194464
3 1325 1633 1927 0.108214
3 1633 901 1927 0.058753
3 1007 719 1469 0.396614
3 1633 1388 2481 0.173947
3 2481 901 1633 0.086361
3 2481 1388 730 0.200880
3 730 257 2481 0.148074
3 1603 23 730 0.263176
3 518 730 1788 0.192131
3 23 1788 730 0.259890
3 518 257 730 0.160551
3 518 2501 257 0.127652
3 2114 518 1953 0.141580
3 1953 512 2114 0.146254
3 1953 1788 777 0.161234
3 2393 777 2082 0.123968
3 2647 2621 2356 0.481425
3 1860 2647 2356 0.595233
3 1860 597 1929 0.835774
3 1860 1929 208 0.768628
3 2077 1929 2385 0.819619
3 2077 2385 1649 0.881870
3 2077 1649 285 0.828085
3 2077 279 2283 0.662917
3 279 192 2283 0.641712
3 1200 1295 2351 0.343640
3 2351 192 114 0.504645
3 1380 1789 2444 0.917383
3 1964 79 2105 0.883680
3 1339 1846 1653 0.814924
3 1846 2530 1279 0.934586
3 1279 2530 2636 0.960003
3 1279 1583 1846 0.947458
3 1846 1583 444 0.935614
3 1846 444 1807 0.908233
3 1807 444 927 0.865514
3 1583 1686 444 0.950242
3 1020 1939 289 0.976191
3 692 2370 460 0.989352
3 289 692 810 0.991072
3 692 1459 705 0.995173
3 573 705 1459 0.996168
3 810 692 705 0.992223
3 882 810 705 0.992585
3 573 2466 1747 0.998525
3 573 2448 705 0.996526
3 705 2448 1270 0.998309
3 705 1270 882 0.996789
3 1691 1804 1585 0.998900
3 1691 1585 2121 0.997798
3 2121 1585 768 0.999016
3 768 632 2121 0.998484
3 768 1585 2361 0.999491
3 2361 1585 2524 0.999614
3 1769 1646 632 0.997874
3 632 1646 2633 0.998546
3 1507 1646 1530 0.996230
3 1798 155 95 0.980954
3 2473 155 1142 0.935247
3 951 591 155 0.944644
3 155 591 1142 0.905617
3 591 1586 2318 0.761977
3 744 2318 2400 0.513575
3 1086 2584 1722 0.531424
3 2620 2439 1345 0.823302
3 1093 2399 2584 0.404496
3 275 2399 1093 0.239045
3 2399 275 1876 0.232424
3 2399 1876 1874 0.229776
3 389 1876 1584 0.142915
3 389 1584 1039 0.116177
3 1876 275 948 0.237232
3 275 1093 948 0.199038
3 948 1093 302 0.267736
3 948 302 527 0.167380
3 527 302 1203 0.157007
3 527 2225 2570 0.119461
3 1039 2570 652 0.065446
3 1933 652 2192 0.009719
3 1933 1039 652 0.020291
3 568 1039 1933 0.016358
3 1933 1504 568 0.014197
3 568 1504 453 0.017484
3 453 1504 1556 0.010638
3 1556 1504 1555 0.008650
3 1555 1259 775 0.003041
3 1259 1466 775 0.003151
3 1555 775 1594 0.006785
3 775 41 1594 0.004264
3 41 1934 2589 0.008343
3 1556 1719 1477 0.010783
3 1719 1556 2368 0.007151
3 1555 2368 1556 0.006970
3 1555 1594 859 0.005673
3 671 859 1664 0.006862
3 671 1664 1046 0.009158
3 1046 1664 117 0.016481
3 117 2388 1635 0.019253
3 117 1635 1323 0.010140
3 1323 56 117 0.011169
3 1635 519 1323 0.012857
3 204 1210 2333 0.025742
3 1059 204 2333 0.021294
3 2333 1210 2140 0.043733
3 2140 1867 2333 0.101596
3 1867 2140 1230 0.060797
3 1415 1518 885 0.166662
3 1230 885 1980 0.130222
3 1980 2220 1230 0.179485
3 2391 2220 2616 0.242168
3 463 2391 2616 0.126731
3 2616 2220 2629 0.317139
3 1206 2629 2497 0.233292
3 2616 1206 1335 0.294871
3 1225 1206 636 0.453221
3 902 1225 11 0.274579
3 1634 1450 1225 0.418180
3 1225 1450 2635 0.294515
3 1225 2635 11 0.260895
3 902 1924 14 0.150835
3 902 14 2141 0.260063
3 1700 1924 1711 0.089708
3 1700 1711 892 0.046252
3 892 724 1700 0.049026
3 607 1700 724 0.099918
3 724 892 1456 0.057685
3 892 2310 1463 0.026999
3 892 1463 1456 0.031053
3 2310 1173 1168 0.032392
3 1173 394 382 0.030851
3 382 394 753 0.032120
3 98 1168 382 0.043170
3 98 1305 1168 0.064684
3 554 2434 98 0.075105
3 1607 1918 554 0.137111
3 2434 554 1918 0.077011
3 1918 1571 2434 0.079096
3 2434 396 1305 0.044284
3 396 2267 1305 0.032658
3 1305 2267 432 0.038315
3 432 1072 1305 0.031686
3 539 1081 2267 0.032288
3 992 1762 539 0.043311
3 1081 539 1762 0.033974
3 1194 1081 1762 0.043586
3 1372 2577 641 0.056378
3 2609 367 309 0.029646
3 1372 2207 2577 0.066461
3 2277 1299 1471 0.056814
3 855 1471 1248 0.111330
3 216 1248 428 0.089676
3 2387 428 308 0.044601
3 2546 815 2387 0.042051
3 815 937 1422 0.006501
3 1422 937 2003 0.009518
3 2170 1427 1843 0.015679
3 654 1679 2055 0.033465
3 2055 1679 196 0.022153
3 196 1679 1408 0.014006
3 1408 1679 2269 0.036273
3 2269 1539 1383 0.082067
3 760 2601 1561 0.034844
3 1539 489 2601 0.067426
3 2601 489 1431 0.056635
3 489 654 1431 0.106832
3 2303 895 1622 0.092829
3 1431 2303 1622 0.080703
3 299 1561 2601 0.035603
3 1622 1060 299 0.049405
3 1561 299 1060 0.049791
3 760 1561 565 0.042372
3 565 152 760 0.051322
3 565 1137 152 0.070138
3 1733 565 2386 0.075167
3 2075 1913 1484 0.092306
3 1974 1484 1913 0.057790
3 1034 1913 1718 0.092303
3 735 1866 1732 0.018921
3 735 1522 1866 0.015858
3 509 1866 1522 0.012395
3 509 1522 422 0.012221
3 2306 1866 509 0.017371
3 2306 1051 1866 0.025622
3 1617 2331 638 0.016116
3 761 1591 2257 0.012988
3 2257 1591 1645 0.009208
3 1645 739 2138 0.011375
3 739 2308 2138 0.016308
3 1214 2138 2308 0.018390
3 2599 739 1645 0.011649
3 2308 739 1211 0.020824
3 2042 2308 1211 0.029094
3 2042 1967 2308 0.020876
3 2336 224 2042 0.016773
3 1967 2042 224 0.018206
3 2608 1923 986 0.024503
3 2281 1254 1742 0.049874
3 1878 1198 438 0.167567
3 729 986 2625 0.082748
3 1628 2608 986 0.025026
3 1628 986 1577 0.026176
3 1577 986 1927 0.031754
3 1628 1242 2131 0.056179
3 1628 2131 2608 0.046927
3 1242 1610 2322 0.032607
3 2322 1610 2481 0.031546
3 901 2481 1610 0.046510
3 2481 1341 2322 0.034726
3 776 2372 2501 0.030259
3 2501 1897 776 0.031791
3 2501 1287 1897 0.024631
3 146 1897 1287 0.016440
3 146 2028 403 0.046610
3 403 2028 2073 0.045118
3 403 2073 1121 0.028045
3 2028 2647 283 0.489289
3 1189 2647 1443 0.724420
3 2647 208 1139 0.811409
3 2647 1139 1443 0.824944
3 1443 1139 1110 0.781325
3 2135 2431 2335 0.342115
3 420 400 2431 0.594945
3 400 420 1562 0.660821
3 420 175 1562 0.743268
3 1562 175 2514 0.718270
3 175 1110 220 0.769117
3 1987 2312 2514 0.641618
3 2312 1295 1200 0.391507
3 2312 1537 1660 0.552493
3 873 1537 1572 0.457271
3 1572 534 873 0.432106
3 1572 1200 545 0.254894
3 545 1200 1671 0.236161
3 545 1671 1642 0.197487
3 1671 2351 2274 0.422942
3 2351 350 378 0.560546
3 2351 378 2274 0.467816
3 350 946 378 0.630481
3 378 946 2111 0.693452
3 1077 2274 698 0.350776
3 698 2194 1077 0.227283
3 698 2359 2194 0.273764
3 2274 2111 1998 0.683076
3 1998 2111 1411 0.756654
3 2444 1789 1026 0.874763
3 1411 1026 2027 0.823026
3 1411 2027 203 0.827871
3 1807 1653 1846 0.832926
3 1807 1100 233 0.781647
3 1100 823 1745 0.699788
3 1100 1745 233 0.704707
3 233 1745 2438 0.420338
3 823 1008 2590 0.678861
3 823 927 58 0.798878
3 1008 58 29 0.835209
3 58 927 29 0.863195
3 29 927 1686 0.923642
3 1008 1460 2250 0.781178
3 2250 1460 2523 0.732132
3 2280 1460 1124 0.879261
3 2280 1124 2410 0.848142
3 1686 1124 1460 0.909024
3 2410 1124 2565 0.910757
3 2280 2410 2137 0.769744
3 2410 2565 32 0.907640
3 2252 32 1020 0.946717
3 2173 2437 2252 0.944598
3 1619 856 81 0.991154
3 1804 1691 2139 0.997543
3 1691 1113 2594 0.982502
3 2017 2594 945 0.980953
3 2121 2633 2655 0.992335
3 1507 2235 2664 0.972774
3 1507 1036 2235 0.981211
3 733 1036 1707 0.964435
3 83 1707 1036 0.970407
3 83 435 1707 0.984525
3 1707 435 1530 0.989256
3 1707 1530 1597 0.991187
3 1597 1530 2179 0.990399
3 1597 2627 1707 0.976908
3 2473 1283 2053 0.979705
3 1752 1799 1728 0.828812
3 1752 1728 1969 0.931597
3 2339 2464 1799 0.511394
3 1345 2439 2339 0.824456
3 2439 2584 2339 0.666129
3 2399 2339 2584 0.540251
3 2584 2439 1722 0.555730
3 1771 2399 1874 0.335724
3 2216 2160 1771 0.196434
3 790 1874 47 0.250869
3 1874 706 47 0.225356
3 47 706 1406 0.203995
3 185 2046 1191 0.068407
3 1191 2046 1477 0.054531
3 1477 2046 1598 0.053790
3 1598 453 1477 0.021510
3 453 1598 568 0.022931
3 1719 2368 1938 0.011213
3 1938 2368 726 0.015491
3 1938 726 138 0.010732
3 726 2368 2409 0.014594
3 1046 405 315 0.014326
3 405 852 2595 0.009962
3 2561 405 2595 0.016933
3 852 56 1323 0.007153
3 852 672 2595 0.007414
3 785 672 1059 0.020297
3 204 1059 672 0.019545
3 672 785 2595 0.011523
3 1772 2595 785 0.016456
3 2595 1772 1027 0.016857
3 1234 1772 915 0.014602
3 1234 433 2663 0.011241
3 1059 2069 915 0.035294
3 2069 876 915 0.036230
3 457 2069 605 0.036788
3 457 2297 711 0.032194
3 2297 2643 932 0.032423
3 383 1364 494 0.016998
3 2297 605 2088 0.053709
3 2643 2297 290 0.054030
3 2643 290 1900 0.062907
3 2297 2088 290 0.068267
3 184 1900 1106 0.082089
3 463 1106 1900 0.088611
3 1106 463 1335 0.111076
3 2616 1335 463 0.155109
3 608 2141 607 0.201236
3 608 607 724 0.103198
3 1456 1162 724 0.129945
3 608 724 1162 0.191303
3 1162 1394 608 0.268745
3 1318 1162 1456 0.118185
3 1162 1943 1394 0.155676
3 987 2237 1318 0.101671
3 1516 225 1463 0.024993
3 1716 1516 1463 0.023103
3 1716 1463 2310 0.029112
3 1456 1463 225 0.040356
3 1716 1558 2271 0.027983
3 1558 1972 1072 0.019628
3 1072 2271 1558 0.024415
3 1072 133 2271 0.016005
3 432 1868 1072 0.025912
3 684 133 1868 0.012832
3 684 2271 133 0.009742
3 87 1194 912 0.028687
3 1868 87 912 0.018673
3 1392 1563 1194 0.040230
3 912 1194 1563 0.028809
3 1762 434 1392 0.061169
3 434 1779 1392 0.077595
3 1762 992 468 0.047423
3 468 2567 1762 0.034135
3 434 1762 2567 0.038779
3 1779 434 1620 0.058772
3 2567 1620 434 0.035928
3 1749 2278 855 0.045590
3 359 1265 2064 0.024727
3 359 1574 1265 0.033484
3 1574 2387 815 0.053632
3 1422 2003 481 0.038952
3 1399 957 2064 0.054010
3 957 1399 128 0.047222
3 2188 957 128 0.064349
3 128 1399 609 0.040024
3 609 2188 128 0.040804
3 957 2188 877 0.059912
3 877 1565 957 0.042093
3 1749 877 2278 0.044095
3 2296 2278 877 0.076938
3 2188 1383 2296 0.080569
3 1383 2188 2269 0.079983
3 2296 1383 1690 0.069873
3 1126 2601 1851 0.048457
3 1851 760 152 0.038393
3 750 655 2016 0.053349
3 817 1550 1493 0.034515
3 1137 1733 817 0.046435
3 1974 1550 817 0.044517
3 1048 2124 1493 0.037998
3 2124 167 540 0.077098
3 1015 248 2072 0.079307
3 875 2072 1526 0.058463
3 80 1873 1440 0.010152
3 1368 1984 638 0.016325
3 638 2138 1368 0.017837
3 1368 1615 2236 0.015693
3 1535 2236 1163 0.012469
3 2108 2253 1615 0.025648
3 1508 2175 2108 0.019206
3 1508 1214 2175 0.016815
3 2253 2175 1967 0.040149
3 503 2092 2107 0.013714
3 2134 2299 62 0.019268
3 1724 2648 590 0.022633
3 1135 1778 590 0.075939
3 2101 2608 2131 0.055772
3 1778 2101 1892 0.105116
3 2322 1354 755 0.052207
3 2104 755 1354 0.065096
3 1897 403 1121 0.040413
3 2073 1869 1999 0.035441
3 2073 2028 2135 0.174642
3 2335 2431 1677 0.476054
3 2335 1677 2539 0.284827
3 2539 1677 1521 0.409717
3 1677 400 1521 0.475163
3 400 1562 1521 0.398131
3 445 1514 1521 0.511865
3 1011 26 445 0.617098
3 1514 445 26 0.493260
3 26 1054 1514 0.526136
3 1794 229 1397 0.313596
3 1794 1397 2005 0.338201
3 1960 1794 2005 0.332312
3 1796 1397 534 0.347768
3 534 100 1796 0.313792
3 837 337 2498 0.283875
3 337 100 545 0.329834
3 2383 545 1642 0.265850
3 2383 1642 2498 0.223997
3 2498 1642 934 0.172547
3 1642 1671 1077 0.186441
3 1077 2194 1787 0.173447
3 1787 934 1077 0.146362
3 485 1745 752 0.277836
3 2590 1176 718 0.283033
3 1176 2590 2250 0.485307
3 1894 1602 2523 0.619438
3 2523 1602 1337 0.640445
3 1337 1602 973 0.598482
3 619 1602 1332 0.429654
3 236 1894 2137 0.456296
3 329 1352 236 0.418280
3 1332 236 1352 0.454936
3 2239 360 530 0.686099
3 360 1608 1675 0.693987
3 360 1675 172 0.683193
3 1675 1331 1105 0.796681
3 1608 2137 1331 0.642690
3 1675 1105 1581 0.741304
3 1105 2437 1581 0.853528
3 1478 320 1446 0.971438
3 320 1619 1446 0.962433
3 1446 1619 81 0.979558
3 1478 1149 1581 0.831004
3 1389 2035 2014 0.938518
3 292 2085 451 0.954464
3 292 451 1706 0.933965
3 1398 292 1706 0.950426
3 2541 2156 209 0.919012
3 2156 2664 2235 0.922131
3 598 2562 2580 0.357228
3 2580 2562 2177 0.263604
3 2177 2562 2480 0.600979
3 2480 1190 2068 0.768489
3 1277 1131 1190 0.804957
3 2337 1190 1131 0.857733
3 1609 2235 1277 0.877507
3 1131 1277 2235 0.906250
3 2235 733 1131 0.969707
3 2235 1036 733 0.976896
3 2068 961 1942 0.716919
3 1221 99 2337 0.921355
3 99 1728 2337 0.918780
3 99 1221 1707 0.952902
3 1969 99 2627 0.961963
3 824 1728 1799 0.754913
3 1942 824 2464 0.720407
3 1799 2464 824 0.635334
3 1256 177 1314 0.636889
3 1314 2313 1256 0.371503
3 1739 1314 2161 0.117773
3 2464 2160 1314 0.298820
3 1314 2160 2161 0.070824
3 790 2270 2216 0.216345
3 47 1406 2270 0.122655
3 2270 2656 2038 0.116061
3 2038 2656 2060 0.115848
3 185 1191 880 0.048923
3 2060 880 2563 0.091322
3 164 138 2543 0.014659
3 2561 2543 2409 0.019171
3 1410 670 2626 0.019287
3 2561 1027 2626 0.016320
3 1410 2626 1138 0.021573
3 2626 1027 2047 0.018263
3 1027 1772 2047 0.015299
3 910 2047 1234 0.010096
3 962 2663 1527 0.007231
3 2547 1527 542 0.008524
3 2663 433 1527 0.008628
3 542 1527 1818 0.011781
3 1818 507 542 0.012973
3 507 383 2286 0.021180
3 507 2286 542 0.017970
3 2286 508 2365 0.010899
3 508 1362 2365 0.008481
3 1552 1362 1621 0.016622
3 1621 1436 1971 0.032629
3 1621 494 1364 0.019504
3 1621 1364 1436 0.024262
3 1436 2167 1971 0.032964
3 2167 1436 2643 0.047982
3 2167 2158 1298 0.061348
3 2237 1470 2158 0.088931
3 1957 2158 1470 0.069059
3 1957 1760 296 0.073085
3 1760 1865 296 0.071741
3 2000 296 1865 0.113222
3 1470 2462 1760 0.045077
3 2011 2462 2407 0.033603
3 2271 110 1374 0.013658
3 1374 110 118 0.010125
3 2271 2407 217 0.026902
3 110 2271 684 0.006852
3 118 110 684 0.007139
3 845 1374 118 0.016977
3 2087 845 1955 0.016367
3 1047 1563 2432 0.023018
3 1779 1620 2369 0.081704
3 855 2278 2277 0.050468
3 2277 2278 2588 0.060039
3 2277 2588 871 0.041127
3 2588 1690 2045 0.066818
3 2195 535 2417 0.081512
3 1991 70 535 0.100592
3 535 70 2417 0.069737
3 2417 70 1784 0.094184
3 2016 1570 1079 0.080706
3 1570 1851 1079 0.078629
3 655 376 1991 0.140912
3 376 555 1810 0.056650
3 1810 555 2352 0.080277
3 167 2124 2183 0.084697
3 2183 1015 1906 0.104672
3 1959 1906 2534 0.069418
3 949 2534 668 0.018255
3 2476 1873 528 0.006137
3 528 1310 2476 0.005463
3 2290 2343 528 0.002697
3 2343 1310 528 0.003751
3 2290 80 1227 0.006425
3 2290 981 2343 0.002706
3 1390 2290 1227 0.005420
3 954 1390 54 0.006606
3 954 54 1535 0.009106
3 1163 1018 1269 0.007054
3 1018 1163 1319 0.006758
3 2051 2107 348 0.007451
3 2051 348 941 0.007253
3 2134 2043 452 0.005854
3 2134 452 941 0.004093
3 2043 1257 452 0.009268
3 1439 2043 425 0.081159
3 2043 2083 425 0.028430
3 2043 2134 2083 0.019345
3 62 2083 2134 0.021081
3 2299 2092 1757 0.020921
3 1757 2092 247 0.018568
3 318 1757 829 0.040023
3 1757 247 829 0.028588
3 2092 2648 247 0.011633
3 247 2648 1724 0.011482
3 247 1724 829 0.031006
3 829 418 1158 0.040645
3 798 1158 1448 0.051409
3 1158 418 1911 0.053078
3 1158 1911 1448 0.068288
3 1911 1778 1892 0.076415
3 2118 2030 1520 0.021533
3 1125 1698 2233 0.158604
3 1125 282 38 0.201854
3 681 38 235 0.179716
3 38 282 2032 0.311369
3 38 2032 235 0.256510
3 282 501 2032 0.259569
3 501 2233 813 0.148621
3 2127 979 475 0.173409
3 2127 475 1568 0.146053
3 250 979 1869 0.028567
3 1999 1869 979 0.024221
3 1155 250 1869 0.054800
3 1869 2335 1155 0.085573
3 2539 1155 2335 0.208242
3 475 1155 2452 0.120647
3 2539 2452 1155 0.197733
3 2452 176 899 0.226889
3 899 1054 142 0.273280
3 1612 142 2430 0.334573
3 899 1612 1568 0.201762
3 126 1204 1445 0.089639
3 613 1204 1405 0.140356
3 1612 1405 1204 0.135143
3 2309 1445 613 0.081636
3 2309 562 1445 0.047855
3 1904 1118 2288 0.174116
3 85 1118 1904 0.247870
3 1960 803 2145 0.231567
3 2005 1375 803 0.194557
3 1386 1375 1666 0.176419
3 1511 1898 980 0.273569
3 980 411 837 0.277110
3 543 1300 2498 0.168877
3 980 2498 1511 0.214321
3 1300 1511 2498 0.208289
3 1176 1300 543 0.229422
3 1300 2250 1337 0.573326
3 1337 30 1300 0.360768
3 1337 2250 2523 0.663600
3 973 24 1337 0.515465
3 30 1337 1249 0.342691
3 24 1249 1337 0.424027
3 2650 1710 2638 0.033932
3 707 2638 1710 0.072052
3 1710 569 707 0.103621
3 2638 619 699 0.111038
3 2638 699 1438 0.058856
3 1352 66 699 0.186942
3 1352 63 66 0.364385
3 66 63 784 0.290845
3 1842 1476 2239 0.722609
3 2239 2623 1842 0.774761
3 2623 1425 795 0.827421
3 2623 563 2553 0.633569
3 2553 563 762 0.608336
3 172 1675 339 0.666774
3 2658 2035 1389 0.919515
3 1115 1389 2014 0.879127
3 1115 904 2553 0.582006
3 2014 1831 1115 0.867934
3 904 1115 1831 0.588754
3 1523 1831 1398 0.935888
3 266 1523 1398 0.922307
3 2413 143 2518 0.743698
3 143 2413 595 0.823699
3 595 2413 2504 0.773503
3 595 2504 1523 0.875545
3 2640 2504 2413 0.714994
3 2640 2413 2580 0.520905
3 2580 1756 2628 0.272030
3 1756 1697 2628 0.197856
3 1756 2177 627 0.213455
3 1756 627 2593 0.145828
3 627 2480 1643 0.626514
3 1643 487 1261 0.530481
3 2068 467 1261 0.389294
3 1053 2551 467 0.263593
3 1942 21 1053 0.463770
3 2313 1053 1256 0.272897
3 21 1256 1053 0.379215
3 1942 177 1256 0.665237
3 2320 2161 1714 0.046376
3 963 2320 1827 0.047529
3 1714 2161 906 0.051375
3 1714 906 129 0.066703
3 906 2161 2214 0.054875
3 748 1028 2425 0.087582
3 2060 2563 634 0.096928
3 2543 2265 1694 0.034154
3 2500 1694 2099 0.052350
3 2543 1432 2265 0.026300
3 1432 670 2265 0.024286
3 2265 538 2099 0.056954
3 2099 538 194 0.065051
3 994 375 2217 0.033420
3 1978 789 1623 0.036877
3 1623 1258 1978 0.031540
3 1258 1623 1138 0.028747
3 1258 1138 2047 0.029112
3 1978 1258 1744 0.028444
3 1258 910 1744 0.011031
3 1123 1744 2547 0.008828
3 2084 1744 1123 0.026576
3 2084 1181 1744 0.031341
3 1384 1661 2022 0.014183
3 2022 1661 1723 0.014275
3 430 1349 1723 0.008540
3 1349 430 2365 0.005079
3 2381 1349 1552 0.016086
3 2585 2381 2143 0.023046
3 2143 1268 2585 0.032765
3 2381 2300 2143 0.042663
3 2300 893 2143 0.037711
3 2381 2657 182 0.022272
3 1482 2034 2300 0.130431
3 1482 1199 1889 0.121663
3 1889 1199 490 0.091598
3 173 1199 708 0.135126
3 936 708 1199 0.147522
3 2513 2000 1935 0.156899
3 1935 599 2513 0.116791
3 2000 1865 708 0.161226
3 1955 2202 2242 0.029444
3 2087 2242 1838 0.040674
3 2242 944 1838 0.045147
3 2247 2202 330 0.044124
3 537 1916 1784 0.063661
3 537 1784 602 0.080198
3 2168 1340 537 0.049878
3 831 1340 2575 0.081601
3 2168 2492 549 0.051192
3 2549 419 2232 0.065433
3 2232 265 1982 0.030773
3 1669 1183 1151 0.014029
3 1183 2004 1151 0.009423
3 2343 2091 1213 0.004464
3 1269 1018 633 0.006068
3 2304 295 1321 0.002868
3 295 633 522 0.002735
3 522 633 412 0.002717
3 412 2550 522 0.001959
3 1297 2211 941 0.003123
3 574 941 2211 0.005404
3 525 847 1297 0.006165
3 2457 1297 847 0.004005
3 525 1297 1160 0.006955
3 1770 1141 18 0.091776
3 18 1141 1439 0.118184
3 2043 1439 1141 0.053785
3 1920 2602 1770 0.260762
3 1920 1439 2015 0.170981
3 2015 1604 778 0.114676
3 213 1604 245 0.079309
3 213 245 1895 0.080680
3 1243 1091 805 0.042563
3 1243 805 443 0.051845
3 1543 443 1757 0.059584
3 1543 495 502 0.145749
3 1243 502 2521 0.102430
3 1543 929 40 0.084635
3 929 635 40 0.050547
3 40 635 1247 0.040984
3 635 929 829 0.051321
3 929 318 829 0.060720
3 1247 635 1158 0.038311
3 1247 798 1144 0.032560
3 2435 2118 1825 0.028019
3 734 1825 681 0.041856
3 2118 681 1825 0.042472
3 242 734 681 0.077658
3 242 531 734 0.047364
3 246 270 531 0.061024
3 270 246 1962 0.111480
3 1962 2112 270 0.104762
3 246 1291 1962 0.208795
3 235 2032 246 0.315867
3 1291 246 2032 0.286227
3 1291 2032 1240 0.220829
3 343 819 1240 0.148898
3 343 2032 2127 0.205176
3 343 2127 1568 0.198260
3 646 2484 2275 0.075520
3 1118 1452 2404 0.134561
3 1452 2292 2008 0.062389
3 2292 1452 380 0.067631
3 380 1452 1960 0.172644
3 1452 85 1960 0.253545
3 2292 380 2145 0.096319
3 2311 2615 2145 0.132390
3 1386 1666 1915 0.169980
3 2468 1666 604 0.211752
3 1511 1249 1898 0.184436
3 1249 707 2279 0.227013
3 2185 1035 371 0.076960
3 2185 371 1748 0.244213
3 371 1035 1286 0.073751
3 371 1286 1180 0.231189
3 1180 1748 371 0.314163
3 1596 1438 2572 0.033912
3 1238 2063 1926 0.425522
3 1926 2063 1435 0.412382
3 2063 773 1333 0.450457
3 2063 1333 1435 0.287861
3 1057 1931 905 0.690277
3 2273 2640 1931 0.761438
3 2628 1697 2649 0.266497
3 838 1697 2593 0.173001
3 2593 2199 838 0.220349
3 2266 2199 2321 0.197273
3 1014 2215 2067 0.331567
3 1643 1261 561 0.418276
3 561 1237 238 0.346564
3 561 238 2486 0.428197
3 1237 1261 745 0.287352
3 2551 770 1055 0.245009
3 1055 770 16 0.257421
3 1055 16 783 0.231453
3 469 223 1013 0.459502
3 223 770 1273 0.410333
3 223 1273 1013 0.470676
3 2313 1273 770 0.237201
3 2150 2375 157 0.420487
3 134 1029 2150 0.217166
3 134 1275 1029 0.252848
3 1275 1554 1755 0.172170
3 1455 963 1827 0.090454
3 2375 963 1455 0.129542
3 311 1827 72 0.058137
3 72 129 311 0.070807
3 2132 129 1301 0.107651
3 1301 129 906 0.085434
3 715 2214 748 0.090710
3 748 2425 1156 0.091227
3 1156 1308 2132 0.147571
3 2132 1308 1547 0.122561
3 2425 1781 505 0.113444
3 2425 2038 2060 0.121492
3 1781 634 2500 0.068742
3 1781 746 505 0.125133
3 505 746 864 0.135469
3 2229 1917 1376 0.187737
3 1306 1751 1387 0.024308
3 2418 665 1845 0.044018
3 1751 1320 1513 0.025572
3 194 842 1280 0.055859
3 1280 842 2217 0.037341
3 2217 410 2510 0.057838
3 2217 2510 1513 0.032580
3 2510 789 720 0.119824
3 448 1501 324 0.155183
3 2510 324 2200 0.064174
3 1800 1501 1611 0.120308
3 1501 448 1611 0.123460
3 1611 448 101 0.092034
3 1611 101 940 0.076241
3 448 1720 101 0.077847
3 1181 1720 1978 0.031489
3 2044 1978 1720 0.071067
3 2022 1723 2585 0.015349
3 759 2585 1268 0.034944
3 759 1268 1492 0.057721
3 1492 1268 529 0.055372
3 1492 529 1680 0.055059
3 529 1145 1680 0.112042
3 642 1145 2130 0.165599
3 2130 2143 893 0.060746
3 2130 2034 1525 0.179650
3 1889 1098 1342 0.128320
3 1342 1098 1009 0.156943
3 1009 1098 887 0.229246
3 1215 2240 1159 0.062660
3 340 2240 490 0.054826
3 1423 340 173 0.050427
3 490 173 340 0.066943
3 2346 1423 1795 0.078326
3 2346 1381 1193 0.026879
3 2667 1159 2459 0.180032
3 1838 2346 2142 0.109609
3 2346 1795 2142 0.118551
3 1381 944 1400 0.150552
3 1400 944 1412 0.092512
3 1412 944 2247 0.100494
3 1381 1838 944 0.120486
3 2247 657 1854 0.110241
3 330 2187 2247 0.052043
3 1491 648 2187 0.043316
3 648 2549 2187 0.048335
3 2549 2232 2397 0.043539
3 2232 1982 517 0.027482
3 1684 1940 2397 0.025322
3 1684 1183 1669 0.015763
3 1684 1669 628 0.017126
3 628 1669 629 0.018465
3 629 506 628 0.028688
3 178 15 2406 0.003279
3 1213 2406 2004 0.003061
3 576 506 629 0.018605
3 1321 522 576 0.002449
3 522 2550 576 0.002145
3 163 2508 2457 0.009151
3 2550 2457 2508 0.005099
3 2654 163 2259 0.009600
3 163 847 2259 0.011125
3 2259 847 1209 0.011675
3 476 525 1160 0.006078
3 879 476 2602 0.047778
3 476 1770 2602 0.062628
3 2602 1994 965 0.097788
3 1966 1575 335 0.344494
3 1187 335 456 0.274886
3 335 1575 456 0.318185
3 1575 2109 456 0.303257
3 2602 1575 1994 0.185557
3 335 1187 314 0.478021
3 1187 2519 314 0.447485
3 314 2519 679 0.396914
3 2519 1187 1228 0.394390
3 2519 1228 2163 0.346612
3 2163 1228 28 0.369329
3 28 1228 1468 0.431499
3 456 1641 1187 0.218197
3 1228 1187 1641 0.204314
3 1641 1468 1228 0.248322
3 1641 456 2062 0.208500
3 67 2062 456 0.167210
3 249 2610 870 0.127799
3 2062 249 870 0.109917
3 57 2610 1830 0.115884
3 57 1830 1174 0.139342
3 1696 2610 959 0.080066
3 1696 959 2505 0.076600
3 2505 687 1696 0.110514
3 1823 1895 794 0.143130
3 1823 794 2505 0.189717
3 2354 1895 2521 0.142720
3 351 1247 34 0.041843
3 351 34 1447 0.057414
3 1946 351 1447 0.102945
3 1447 34 1825 0.037917
3 1825 1108 1447 0.084377
3 694 2076 1108 0.117869
3 1108 2112 694 0.069277
3 1071 1244 2484 0.080988
3 1244 1071 1461 0.136473
3 1071 2484 1605 0.163100
3 2484 526 2490 0.020821
3 526 2123 2490 0.016633
3 2123 526 2341 0.030276
3 526 2484 2489 0.053181
3 526 2489 398 0.046194
3 398 198 2341 0.029508
3 2013 2341 198 0.022916
3 645 1738 1317 0.050082
3 1738 645 2364 0.032992
3 2364 1365 680 0.049265
3 2364 645 1365 0.040763
3 680 1365 1858 0.036178
3 645 1294 1365 0.049233
3 1858 1365 2268 0.043513
3 982 1294 2008 0.070350
3 2404 2008 1294 0.068542
3 982 2008 2154 0.055308
3 2334 2154 2311 0.087274
3 2583 843 2326 0.220118
3 968 2583 1748 0.196050
3 2326 1748 2583 0.275375
3 150 2326 843 0.193632
3 150 2311 2468 0.268470
3 2468 2311 1915 0.191752
3 968 1748 772 0.337888
3 31 1286 582 0.359374
3 31 582 1042 0.474729
3 1231 31 1042 0.692674
3 544 1344 1926 0.833903
3 1344 544 2631 0.869542
3 950 1333 191 0.362417
3 905 191 1057 0.600051
3 2266 2321 2146 0.257195
3 228 2146 2321 0.351453
3 228 2067 976 0.408373
3 2260 171 1102 0.257407
3 171 2622 1102 0.104315
3 2382 1983 2215 0.272294
3 2215 238 2382 0.220500
3 2622 2382 683 0.163369
3 2284 683 1055 0.187371
3 783 2606 2287 0.129620
3 2113 547 480 0.212029
3 547 783 469 0.254847
3 547 469 480 0.269520
3 2113 1593 1275 0.221122
3 1593 1029 1275 0.230426
3 2606 2113 999 0.117274
3 999 1755 470 0.059951
3 470 473 1474 0.045343
3 170 161 2115 0.049494
3 161 1474 2115 0.046137
3 983 161 170 0.048339
3 983 2606 161 0.067554
3 1474 161 2606 0.056672
3 2576 983 1224 0.080362
3 1224 1311 2576 0.090442
3 2289 928 1324 0.092828
3 2115 1324 928 0.070652
3 2289 1324 1107 0.082892
3 1107 1324 1454 0.072145
3 1454 1324 2132 0.101500
3 921 1917 1278 0.143984
3 804 2229 1872 0.229393
3 1872 2229 712 0.196536
3 523 1872 397 0.330300
3 1872 712 1338 0.247087
3 1338 712 2517 0.245845
3 1306 1506 2041 0.056504
3 1306 704 1506 0.030801
3 431 704 665 0.046234
3 2418 431 665 0.040123
3 618 1853 1276 0.241049
3 1276 1853 868 0.215729
3 1370 868 504 0.388913
3 1803 1981 1638 0.111328
3 2559 1785 2482 0.219987
3 1814 1492 2478 0.100823
3 2478 1703 2537 0.244420
3 564 1703 1145 0.119820
3 564 1145 642 0.179688
3 2519 560 2445 0.204585
3 564 642 2348 0.302664
3 1549 2348 413 0.417702
3 1525 2348 642 0.232362
3 413 2348 1342 0.267069
3 108 413 919 0.343836
3 108 919 603 0.368737
3 603 919 2350 0.297424
3 919 887 2350 0.325107
3 2350 887 2667 0.422633
3 998 2667 284 0.151397
3 998 284 2031 0.103728
3 284 2667 2459 0.154879
3 2031 219 1136 0.109244
3 2031 1136 2259 0.077954
3 219 2459 1136 0.112028
3 2187 836 657 0.105777
3 2187 1246 836 0.057167
3 836 1246 1136 0.048587
3 1136 1246 2259 0.029398
3 2187 2549 1246 0.058290
3 879 2602 965 0.075141
3 2651 1994 1802 0.149419
3 603 1966 335 0.533770
3 560 801 2445 0.252390
3 801 560 2163 0.259757
3 801 2169 1988 0.127029
3 1988 2169 2506 0.118066
3 2098 232 802 0.129717
3 802 232 870 0.111769
3 870 57 802 0.104910
3 1548 1790 2169 0.122959
3 1548 1174 281 0.073635
3 1548 281 2223 0.083889
3 2223 281 2110 0.095201
3 1418 2223 2110 0.125392
3 1174 1830 281 0.122034
3 281 1830 2469 0.118864
3 1241 1696 687 0.105907
3 1186 244 1896 0.188974
3 2354 1683 1767 0.156110
3 2076 694 1683 0.127385
3 1683 1461 691 0.143360
3 2450 1903 437 0.149231
3 1763 1031 1902 0.154344
3 334 2600 1763 0.264883
3 352 1763 2600 0.299914
3 2454 352 2600 0.263859
3 1058 2600 334 0.319577
3 1058 334 616 0.326387
3 1417 1369 334 0.244949
3 1369 2341 2013 0.044713
3 721 2066 2013 0.068410
3 1369 2013 2066 0.080997
3 2066 616 1369 0.136651
3 2066 2012 616 0.199551
3 721 2013 1317 0.034071
3 2013 198 1317 0.026909
3 1317 198 1329 0.025645
3 2066 721 1647 0.058826
3 1647 721 1738 0.042214
3 1564 1647 2488 0.103241
3 1647 1738 2364 0.051093
3 1647 2364 2488 0.067287
3 1414 680 374 0.019800
3 1858 374 680 0.019899
3 2665 2641 1858 0.039874
3 896 2665 2268 0.072950
3 1951 896 2154 0.067401
3 2268 2154 896 0.060160
3 988 2148 827 0.142203
3 827 2583 2568 0.213172
3 1632 2568 749 0.402406
3 1231 1042 2122 0.835231
3 1344 2122 1926 0.837554
3 2122 1344 1366 0.883327
3 1366 1344 2483 0.892563
3 1366 2483 1699 0.887025
3 2631 2226 909 0.912234
3 520 909 2266 0.784068
3 1891 520 2301 0.908980
3 2146 2419 520 0.794871
3 1030 520 2419 0.852654
3 193 1358 2564 0.628571
3 1481 1592 221 0.448596
3 221 1592 1737 0.464241
3 2394 1592 2157 0.425997
3 2157 345 207 0.221571
3 1592 2419 345 0.458818
3 207 345 976 0.245380
3 2157 207 917 0.245202
3 1886 917 2260 0.263703
3 2157 866 2394 0.351860
3 1551 1886 1956 0.477487
3 1956 357 533 0.256258
3 1956 533 1496 0.270703
3 357 714 533 0.328337
3 533 714 2298 0.372602
3 533 2298 1216 0.250467
3 37 471 714 0.191377
3 1311 714 471 0.180925
3 37 2260 471 0.253286
3 2576 2622 2284 0.127645
3 714 1311 2298 0.260224
3 1311 1224 2298 0.095616
3 1216 2298 102 0.183889
3 1956 1496 804 0.253497
3 1956 804 523 0.262496
3 1551 397 664 0.556418
3 664 397 1338 0.496918
3 664 1292 1551 0.635771
3 891 1551 1292 0.624289
3 2394 891 1292 0.537444
3 1338 1356 664 0.541049
3 20 664 1356 0.473739
3 703 20 1356 0.276678
3 703 1356 2517 0.169101
3 1061 2094 1370 0.477558
3 2094 1061 1003 0.540033
3 1292 1061 2613 0.596917
3 2613 732 1560 0.200925
3 631 1560 732 0.197853
3 747 2613 1682 0.238783
3 1560 1682 2613 0.140839
3 631 1674 2050 0.297925
3 1370 504 1674 0.334532
3 1803 1132 913 0.287735
3 2447 1638 1800 0.160715
3 2559 2482 1979 0.165879
3 1979 550 2559 0.145238
3 2537 2445 2482 0.321481
3 2456 2506 570 0.112756
3 477 2098 2169 0.102482
3 570 2347 2456 0.207191
3 2347 570 1776 0.224275
3 1776 1253 2347 0.301298
3 1253 1776 2036 0.279196
3 1776 570 1790 0.167655
3 1790 1548 268 0.171523
3 268 1548 2223 0.147108
3 268 2223 1930 0.228761
3 1232 2474 2526 0.594581
3 1618 2526 2474 0.396017
3 2526 1618 1948 0.291606
3 1948 2416 572 0.340625
3 1134 369 1896 0.252333
3 369 2416 2110 0.205195
3 369 2110 1896 0.268411
3 1896 2110 1186 0.199473
3 2110 281 2469 0.104698
3 2526 1472 2479 0.393519
3 2479 2065 2526 0.391341
3 2479 1472 2012 0.268232
3 2012 1472 1058 0.271171
3 1058 616 2012 0.359150
3 2204 2251 1564 0.159024
3 2251 2204 1353 0.148324
3 1353 972 2251 0.169984
3 2488 1119 2204 0.112622
3 2204 1119 1293 0.135019
3 122 626 926 0.054549
3 122 926 1414 0.028089
3 926 2488 1414 0.055146
3 12 122 168 0.042527
3 122 374 168 0.022619
3 168 374 2641 0.019210
3 374 1858 2641 0.023108
3 12 1644 626 0.083591
3 626 1644 2467 0.092543
3 1644 978 440 0.140293
3 440 612 1644 0.163327
3 978 1012 1201 0.040576
3 2171 978 149 0.097858
3 1201 149 978 0.056221
3 2641 1201 1012 0.026268
3 149 1201 553 0.043665
3 1201 2641 2148 0.040742
3 553 1201 2148 0.055067
3 2171 149 1326 0.104465
3 149 835 1326 0.069415
3 1334 1832 2125 0.153521
3 1150 1832 749 0.519594
3 1150 749 2433 0.715394
3 1150 588 1533 0.523297
3 779 588 2433 0.743563
3 2433 2122 779 0.819604
3 1366 449 779 0.831029
3 449 1056 779 0.783162
3 1366 1699 449 0.844286
3 449 1699 548 0.786987
3 614 722 515 0.644280
3 796 2401 722 0.841665
3 515 722 2564 0.746453
3 796 1891 2401 0.904954
3 2301 2401 1891 0.919779
3 1891 2483 2631 0.928053
3 1699 349 548 0.752583
3 2338 1358 1973 0.427313
3 2189 1358 221 0.423391
3 2613 1737 2394 0.527202
3 1737 2613 2189 0.325695
3 2613 747 2189 0.276412
3 2189 556 1973 0.202193
3 1973 556 1303 0.214309
3 1973 1303 2338 0.343434
3 556 1682 1303 0.188446
3 96 450 1025 0.177480
3 1152 2182 622 0.503241
3 2182 35 2342 0.549514
3 35 2182 2180 0.409519
3 2182 911 2180 0.230685
3 1808 1378 911 0.211734
3 2180 911 1378 0.277092
3 622 2342 139 0.614661
3 1822 2405 2174 0.480864
3 2405 77 2174 0.474359
3 1692 77 2420 0.469742
3 1692 2420 2244 0.407574
3 2420 1670 2244 0.356833
3 2244 187 1692 0.449072
3 2243 1692 187 0.545132
3 187 913 2243 0.447803
3 2243 1849 2347 0.408670
3 1132 686 1849 0.312361
3 2456 686 2559 0.263499
3 2174 1692 2243 0.553887
3 1822 1253 678 0.608724
3 678 1253 2036 0.572322
3 139 516 116 0.602539
3 622 1590 1152 0.424855
3 1152 1590 127 0.537304
3 1590 947 127 0.306953
3 2065 1883 947 0.190964
3 972 947 1883 0.163134
3 947 972 606 0.128351
3 1293 1667 2204 0.202243
3 2538 1293 2467 0.167307
3 2061 1146 2171 0.242974
3 1146 440 2171 0.172532
3 2061 305 293 0.296477
3 305 2125 239 0.153856
3 305 239 293 0.212241
3 239 2125 1832 0.218434
3 239 1832 1150 0.384611
3 97 1056 2106 0.534234
3 1056 567 2106 0.434802
3 1905 970 567 0.349581
3 449 548 1498 0.763277
3 548 2264 1498 0.651737
3 1498 2264 1905 0.536180
3 2264 548 349 0.619650
3 2264 349 614 0.590883
3 2264 614 975 0.518377
3 1905 2165 486 0.392755
3 2264 2491 2165 0.353039
3 2538 2467 511 0.142974
3 486 511 612 0.159240
3 2491 2338 1402 0.388125
3 1667 144 96 0.302182
3 1402 1303 144 0.391666
3 144 1303 450 0.375531
3 144 450 96 0.343407
3 96 1025 1021 0.255836
3 972 1021 2515 0.244760
3 1883 2479 2251 0.200385
3 703 2517 1625 0.117353
3 1625 2418 618 0.079112
3 1665 102 1107 0.127704
3 983 2287 2606 0.074995
3 1859 2505 794 0.139174
3 1159 2667 1215 0.164158
3 675 1616 1720 0.050574
3 1981 1845 1223 0.051226
3 1223 1845 2200 0.035764
3 2510 1751 1513 0.028215
3 2190 2132 1547 0.106073
3 2500 634 2563 0.064215
3 2038 2425 1028 0.086880
3 1425 2037 2273 0.764292
3 2504 2273 19 0.612819
3 2037 19 2273 0.719469
3 19 2037 1000 0.486186
3 2037 2553 1000 0.520297
3 240 1250 2261 0.413508
3 269 1672 1250 0.372036
3 2261 1250 1672 0.404781
3 1672 269 409 0.507191
3 1523 266 595 0.896299
3 2002 1614 1 0.836374
3 1 1614 1179 0.690239
3 1050 1179 1614 0.572924
3 1179 1050 1043 0.401559
3 1179 1043 2261 0.403014
3 2261 1043 423 0.351810
3 2588 1640 871 0.053166
3 138 726 2409 0.016057
3 414 421 609 0.018029
3 2269 609 1408 0.032707
3 421 1408 609 0.015771
3 2003 421 414 0.025840
3 421 1843 1408 0.012375
3 1487 524 663 0.128198
3 234 1351 1062 0.269635
3 1062 1351 1729 0.259182
3 1062 1729 2460 0.263981
3 2509 860 2197 0.190253
3 2007 860 496 0.322672
3 2582 2528 2646 0.458715
3 2646 812 94 0.381513
3 812 1782 903 0.585395
3 1782 812 1222 0.572846
3 2374 630 140 0.743533
3 1813 140 1819 0.745868
3 2078 218 500 0.613217
3 218 1650 500 0.623644
3 1761 2587 1130 0.807245
3 736 2587 1272 0.954958
3 736 1272 2581 0.946778
3 2496 2367 6 0.933558
3 2367 2496 1099 0.927837
3 2367 1099 2461 0.870631
3 1986 575 379 0.381865
3 1813 1819 623 0.758913
3 500 623 2078 0.669632
3 1819 2078 623 0.730338
3 500 2198 2213 0.524886
3 2198 2587 1495 0.913597
3 931 736 2581 0.949037
3 669 1813 2597 0.584799
3 2116 575 2582 0.541454
3 938 2646 1546 0.179156
3 938 1546 2006 0.156526
3 2133 1975 2006 0.109190
3 1761 1783 2587 0.929755
3 2126 1401 586 0.755776
3 659 1488 690 0.300633
3 1977 690 2327 0.425634
3 690 1488 1395 0.320462
3 2327 1395 1764 0.346431
3 2557 849 1080 0.849256
3 2557 1080 2090 0.811759
3 1880 2392 205 0.884666
3 1880 205 1515 0.839549
3 1515 205 851 0.768064
3 1651 966 737 0.563632
3 966 1651 1515 0.718656
3 1023 658 830 0.569314
3 107 1023 830 0.618097
3 1217 830 153 0.656943
3 830 1217 107 0.597109
3 354 682 1510 0.562644
3 571 1850 1863 0.845950
3 2228 650 1735 0.847427
3 1735 650 1863 0.886550
3 2557 2248 849 0.873487
3 1116 2248 1074 0.938580
3 1116 1074 65 0.956073
3 65 1074 2392 0.933168
3 1651 1963 304 0.840643
3 2149 737 2634 0.515505
3 1685 2149 2634 0.466069
3 1912 1685 2634 0.358460
3 2056 673 1023 0.417030
3 673 2056 2578 0.257358
3 1148 2578 2056 0.399611
3 644 1668 393 0.338822
3 644 393 2408 0.323524
3 393 1668 1462 0.490657
3 1545 2285 2424 0.626345
3 1601 1545 1727 0.629778
3 650 1236 1863 0.888810
3 1863 1236 571 0.861485
3 571 1236 2402 0.830133
3 848 1355 1725 0.853965
3 1725 1355 342 0.897980
3 1725 342 1885 0.888862
3 1626 848 1725 0.833908
3 1626 1885 1112 0.849780
3 1885 1626 1725 0.879532
3 260 2210 1626 0.894234
3 2210 260 91 0.944731
3 91 260 894 0.914867
3 894 260 589 0.864486
3 589 260 1626 0.810088
3 1112 589 1626 0.806661
3 1626 2210 848 0.884460
3 601 2018 894 0.947672
3 601 894 2181 0.935337
3 601 2465 2555 0.956001
3 601 2555 2018 0.969081
3 2186 1075 10 0.969498
3 10 1075 610 0.970357
3 10 610 2089 0.975165
3 64 1925 1709 0.885542
3 2149 2307 1497 0.628096
3 1595 2307 1805 0.796894
3 1595 1805 2128 0.795591
3 1805 2307 317 0.555652
3 1912 1531 1685 0.289722
3 825 2403 1712 0.298809
3 1350 2403 825 0.244455
3 2390 952 643 0.231848
3 2136 643 952 0.170352
3 1864 331 2390 0.290101
3 136 1006 353 0.631525
3 353 1006 1654 0.538583
3 353 1654 1601 0.526624
3 710 2329 353 0.851491
3 710 353 1601 0.648629
3 710 1601 990 0.778299
3 2329 710 277 0.935657
3 277 710 990 0.868186
3 1588 277 1355 0.910366
3 1355 277 990 0.855814
3 1536 651 286 0.990916
3 1588 651 1536 0.978298
3 651 2210 2234 0.982275
3 2234 2210 154 0.981266
3 154 2210 91 0.962816
3 286 651 2234 0.985936
3 2598 2234 154 0.985858
3 154 2018 2598 0.983890
3 1855 2598 2018 0.986439
3 90 160 2573 0.991474
3 2291 1856 2573 0.997711
3 2291 2573 160 0.994856
3 2574 160 90 0.982977
3 2021 90 2573 0.984957
3 1188 2574 90 0.981544
3 1188 90 2021 0.974225
3 1188 767 1360 0.979049
3 2071 2502 2129 0.965306
3 2089 2129 2502 0.979248
3 2089 2502 10 0.958878
3 10 2502 2186 0.941454
3 2049 2614 2103 0.973543
3 2103 960 1296 0.844605
3 960 2103 1361 0.856522
3 1361 2103 2614 0.924589
3 840 446 1709 0.766468
3 1709 446 1361 0.758490
3 960 1361 446 0.776809
3 960 446 1750 0.644304
3 2120 578 840 0.770094
3 840 578 615 0.776994
3 1595 2120 1087 0.835270
3 814 2120 1595 0.811052
3 814 1595 1154 0.766623
3 1595 2451 1154 0.787571
3 2596 1637 2451 0.798284
3 2596 2451 930 0.746698
3 1069 1936 2293 0.378105
3 1936 1069 2451 0.624001
3 306 2293 1936 0.321905
3 1010 306 1936 0.385618
3 1503 1010 1805 0.586693
3 1503 1805 2117 0.556634
3 1805 1010 2128 0.630993
3 2128 1010 1936 0.641033
3 1573 1503 857 0.163596
3 857 1503 2117 0.330197
3 1509 1140 581 0.249199
3 294 581 1140 0.138150
3 581 1271 888 0.212345
3 581 888 1509 0.297881
3 2396 888 33 0.340234
3 2396 33 2363 0.461069
3 33 1271 2403 0.235805
3 1271 33 888 0.274884
3 2363 1350 307 0.337964
3 1350 2363 2403 0.311130
3 900 1875 1678 0.634310
3 1343 370 1875 0.363104
3 1875 370 1678 0.586857
3 2455 180 952 0.254720
3 2455 952 2390 0.228763
3 180 2136 952 0.239874
3 1449 2455 2666 0.418014
3 1449 2666 1717 0.466883
3 793 1428 1083 0.561978
3 1083 312 793 0.428904
3 1114 9 346 0.583600
3 1070 1114 346 0.585817
3 677 9 1114 0.608098
3 677 1114 158 0.680847
3 677 158 1444 0.773918
3 1164 2029 1267 0.965800
3 1205 1164 1267 0.968854
3 997 141 2276 0.994581
3 1629 264 997 0.996734
3 997 2276 1629 0.995315
3 1993 557 1322 0.998053
3 1993 1322 1184 0.996127
3 1184 1322 2291 0.996934
3 2574 1184 160 0.988832
3 160 1184 2291 0.994558
3 1993 1184 2574 0.993894
3 1676 743 649 0.988158
3 743 1676 333 0.988361
3 2102 1360 674 0.988720
3 1360 2102 333 0.989273
3 333 2102 743 0.985123
3 1812 649 743 0.980973
3 1812 743 214 0.972251
3 214 743 2102 0.985093
3 214 2102 1264 0.977854
3 1812 214 2502 0.924550
3 1812 2502 2071 0.923561
3 2502 214 1264 0.953548
3 1264 2102 2533 0.982187
3 2533 2102 674 0.987934
3 2502 1264 2533 0.971541
3 667 1992 2129 0.987721
3 2129 1992 2071 0.982830
3 1085 1489 647 0.986420
3 1085 647 2001 0.986934
3 908 2049 2103 0.944155
3 2246 689 1750 0.469508
3 1881 2246 615 0.611488
3 615 2246 1750 0.567300
3 578 1881 615 0.671031
3 1881 578 814 0.660972
3 814 578 2120 0.765020
3 113 1881 814 0.695165
3 113 814 227 0.763891
3 1154 227 814 0.752745
3 1673 288 2057 0.803764
3 2632 1741 666 0.422203
3 666 1741 1673 0.531197
3 666 1673 2057 0.720841
3 1065 2632 1313 0.431582
3 1316 1313 666 0.565189
3 666 1313 2632 0.502959
3 2238 2025 1313 0.538666
3 2596 2238 1316 0.750471
3 1313 1316 2238 0.613344
3 930 1773 2596 0.812152
3 2586 1069 676 0.347652
3 2586 676 2453 0.305559
3 455 653 1442 0.358930
3 2033 2396 2363 0.480137
3 455 2396 2033 0.458804
3 1806 2535 758 0.776686
3 1806 758 2471 0.750294
3 758 2535 1743 0.790455
3 900 1743 2535 0.765531
3 1862 758 1743 0.878306
3 1092 1743 1266 0.886035
3 1467 1928 1990 0.327936
3 1689 1958 621 0.256119
3 1689 621 1467 0.263907
3 2455 1449 1990 0.416378
3 1990 1449 262 0.423474
3 1990 262 1467 0.414046
3 1467 262 1689 0.312328
3 2529 262 2325 0.376619
3 2529 1689 262 0.351081
3 1717 2325 1449 0.463072
3 1449 2325 262 0.428624
3 1068 2325 2205 0.471813
3 1068 2205 1774 0.454894
3 2205 2325 1428 0.435274
3 1428 2325 1717 0.476862
3 132 17 2205 0.356087
3 132 2205 793 0.448588
3 793 2205 1428 0.474326
3 2052 717 858 0.339097
3 1458 2052 1117 0.384403
3 1458 1117 2203 0.350334
3 1117 2052 1655 0.365397
3 1117 1655 84 0.449857
3 2203 1117 510 0.486136
3 84 510 1117 0.469216
3 510 1950 2203 0.727031
3 2512 1861 2203 0.679556
3 1861 584 2203 0.590479
3 695 2512 1950 0.860226
3 1950 2512 2203 0.738637
3 695 1950 151 0.888154
3 1164 2591 695 0.938636
3 1164 695 120 0.925394
3 2591 1164 1205 0.949517
3 1777 2591 624 0.910083
3 1205 624 2591 0.943767
3 716 61 1540 0.943389
3 716 2598 1840 0.965050
3 1540 2598 716 0.959973
3 2315 61 716 0.915255
3 2315 716 2579 0.925920
3 2221 2579 1840 0.971316
3 716 1840 2579 0.954495
3 2221 1076 2579 0.981832
3 2560 2344 1932 0.997333
3 2344 2446 1932 0.998067
3 1932 1921 2560 0.997329
3 2511 1921 1932 0.998551
3 2511 1932 2100 0.999001
3 2446 1169 1932 0.998068
3 1932 1169 2100 0.998066
3 429 2100 1169 0.998809
3 429 1169 1629 0.999147
3 1629 1169 264 0.997911
3 1824 55 1766 0.999681
3 2340 1766 2371 0.999848
3 2630 1731 2571 0.999718
3 1322 2630 341 0.999373
3 1730 2630 557 0.999179
3 1730 557 782 0.999140
3 1322 557 2630 0.998891
3 1322 341 2291 0.998709
3 2291 341 1848 0.999613
3 1848 341 2571 0.999915
3 2571 341 2630 0.999604
3 1812 1726 649 0.952010
3 649 1726 1082 0.982455
3 1312 1082 1726 0.986349
3 1082 1312 541 0.994748
3 1676 649 1082 0.986398
3 808 1312 1726 0.971841
3 916 808 1726 0.964887
3 916 1726 2566 0.904662
3 2566 1726 1879 0.923293
3 1879 1726 1996 0.948338
3 1753 1879 1996 0.983477
3 1879 1753 1207 0.988236
3 2566 1879 212 0.957446
3 2566 212 788 0.972410
3 788 212 2282 0.974084
3 212 1879 1207 0.984535
3 1852 347 918 0.965524
3 918 347 1693 0.971105
3 918 1693 1328 0.977038
3 1328 1693 2414 0.972542
3 2619 2376 1736 0.785379
3 2619 1736 1839 0.811415
3 2619 580 2495 0.427765
3 2495 765 2619 0.269183
3 2619 765 2427 0.363231
3 2074 765 2495 0.133180
3 46 1695 1315 0.059969
3 46 1315 2495 0.093040
3 2495 1315 2074 0.083339
3 2074 1315 2093 0.049957
3 2074 2093 587 0.042587
3 2556 499 1488 0.218391
3 499 2495 1395 0.202613
3 1395 2495 2661 0.185660
3 1764 1395 2661 0.309850
3 416 2295 1977 0.559002
3 1475 690 1977 0.418200
3 690 1475 659 0.435993
3 1475 1977 1765 0.530178
3 1765 1977 2295 0.597256
3 1212 1475 338 0.418681
3 338 2377 967 0.523684
3 2377 338 1765 0.567173
3 1765 338 1475 0.493901
3 1421 2377 0 0.665746
3 1233 1165 513 0.626667
3 1233 513 1235 0.598232
3 513 1165 1741 0.667933
3 1741 1165 1673 0.669861
3 1741 1245 513 0.435548
3 513 1245 1899 0.375974
3 1793 2644 1741 0.167889
3 1245 1741 2644 0.295902
3 1065 2503 2632 0.397893
3 226 2503 1065 0.388365
3 226 1065 2025 0.443359
3 1367 390 2025 0.808033
3 1367 2025 2238 0.691732
3 1367 2525 1576 0.731717
3 2525 1367 190 0.585981
3 2525 190 68 0.592568
3 68 190 2294 0.560509
3 2294 190 2499 0.711635
3 2499 190 1367 0.726068
3 2586 701 2499 0.704464
3 701 2586 2345 0.633157
3 2010 617 2357 0.352202
3 685 2503 2010 0.400587
3 685 2010 2605 0.374597
3 2357 2605 2010 0.348285
3 2460 1729 2639 0.340016
3 2460 2639 702 0.322486
3 2453 1073 2471 0.535428
3 653 2471 1073 0.489302
3 653 1073 1442 0.334822
3 2449 2152 1505 0.414377
3 2449 1505 2507 0.489342
3 319 2507 1505 0.436784
3 319 1505 1630 0.423483
3 1630 1505 2152 0.467997
3 319 1630 822 0.518631
3 2330 822 1630 0.520916
3 2330 1630 818 0.455037
3 818 1630 2152 0.495238
3 2010 2302 617 0.360474
3 617 2302 818 0.529584
3 818 2302 2330 0.570338
3 2302 2025 2330 0.603856
3 226 2025 2302 0.437292
3 226 2302 2503 0.350360
3 2503 2302 2010 0.265695
3 2379 822 974 0.539979
3 822 1954 974 0.517346
3 791 1816 2294 0.735973
3 2294 2569 68 0.524215
3 2569 2294 1816 0.600455
3 1816 791 73 0.680273
3 2345 73 701 0.606893
3 701 73 791 0.680173
3 701 791 2294 0.756822
3 559 2048 1005 0.909726
3 1005 2048 1579 0.890456
3 391 559 1005 0.918372
3 391 1005 1862 0.924072
3 391 1862 1037 0.931963
3 738 1862 1005 0.903374
3 22 1092 1528 0.911476
3 22 1528 1090 0.892450
3 1090 1528 2548 0.861789
3 1652 763 2079 0.374569
3 1652 2079 839 0.217021
3 2604 897 1759 0.609322
3 1759 897 2328 0.264719
3 897 267 2395 0.256444
3 2395 267 1175 0.263167
3 2604 1175 267 0.417490
3 897 2604 267 0.561224
3 2395 215 2366 0.247303
3 2366 215 1019 0.173277
3 1019 215 1995 0.303664
3 1019 1995 2254 0.234340
3 1995 215 577 0.343970
3 1175 577 215 0.392301
3 1175 215 2395 0.359633
3 426 2254 1995 0.232500
3 1828 426 1995 0.340867
3 1828 1995 577 0.376722
3 1828 577 1040 0.242319
3 2544 1049 1828 0.275081
3 2544 1627 362 0.193266
3 1828 1627 2544 0.330205
3 621 1627 1467 0.295286
3 1467 1627 1928 0.323640
3 2332 484 1587 0.161794
3 2332 883 1129 0.337463
3 883 2332 147 0.423891
3 1143 883 731 0.324188
3 1143 731 1774 0.366394
3 1143 1774 45 0.399318
3 883 147 731 0.394628
3 1068 1774 2529 0.438021
3 1068 2529 2325 0.398035
3 709 731 2536 0.347281
3 731 709 2529 0.345608
3 731 2529 1774 0.374816
3 2529 709 1689 0.267705
3 2536 1689 709 0.360677
3 1007 1220 1143 0.448810
3 1007 1143 1519 0.466119
3 1893 2058 1519 0.400842
3 844 1893 1519 0.312384
3 717 2052 1033 0.260899
3 2153 1327 1458 0.240882
3 1096 2153 841 0.210515
3 1096 841 2201 0.199850
3 356 1961 1861 0.407290
3 1861 1961 584 0.421377
3 1777 787 2591 0.807060
3 771 2315 700 0.967050
3 2315 771 1777 0.956664
3 2463 809 2230 0.972553
3 2560 2463 2230 0.984016
3 2560 2230 2344 0.994738
3 1032 92 2511 0.996829
3 1032 2511 1941 0.998021
3 1941 1004 1419 0.999160
3 2511 1004 1941 0.999693
3 1104 1419 1004 0.999490
3 2039 1909 179 0.999978
3 2039 179 2571 0.999945
3 2571 179 1251 0.999942
3 2340 1251 1909 0.999985
3 1909 1251 179 0.999974
3 1829 2208 935 0.995313
3 696 2603 2208 0.997303
3 696 2208 1829 0.996132
3 2527 935 2208 0.996786
3 2617 1829 935 0.993451
3 2415 2373 1829 0.995782
3 2415 1829 2617 0.987360
3 1844 2415 2617 0.977363
3 916 1330 808 0.959152
3 1952 1103 2566 0.967856
3 788 1952 2566 0.968463
3 1357 764 1103 0.975303
3 1094 1357 1952 0.965304
3 1952 1357 1103 0.966966
3 1094 1952 2282 0.969063
3 586 2487 1852 0.806530
3 1401 2487 586 0.635588
3 1328 2376 918 0.966514
3 918 2376 1852 0.959587
3 1852 2376 2126 0.938006
3 1499 1401 780 0.378849
3 780 2126 2427 0.647957
3 2126 780 1401 0.594184
3 2074 2427 765 0.261643
3 780 2427 2074 0.288933
3 1569 2193 2081 0.050115
3 1663 1569 2081 0.028209
3 1663 2081 1153 0.020391
3 2589 2470 923 0.028894
3 2378 2589 923 0.033690
3 2378 923 1695 0.035665
3 1695 2093 1315 0.057651
3 1544 2645 121 0.053104
3 1377 1705 566 0.028690
3 1377 566 1544 0.033400
3 1045 1544 1385 0.059741
3 1475 1038 659 0.479447
3 2440 1567 2421 0.339308
3 1429 2440 2421 0.234001
3 2020 1429 2421 0.353126
3 620 2020 1212 0.421319
3 1212 2020 2421 0.323143
3 2552 1263 620 0.315897
3 2552 620 1212 0.370968
3 967 2552 338 0.462428
3 338 2552 1212 0.367700
3 1899 1245 2644 0.256685
3 1289 88 1580 0.067461
3 88 75 1580 0.075612
3 1512 1713 1289 0.071526
3 1512 1289 291 0.100333
3 291 1289 1580 0.090265
3 1882 685 2605 0.282942
3 1841 1882 1791 0.243815
3 1791 1882 2605 0.291895
3 1791 2605 124 0.240979
3 1172 1791 1002 0.179680
3 2639 1002 1836 0.251719
3 2162 1002 408 0.210340
3 408 2639 874 0.312080
3 2639 408 1002 0.219254
3 922 2358 408 0.130852
3 922 408 874 0.198941
3 408 2358 2162 0.130511
3 373 1538 2358 0.098357
3 373 2358 922 0.075262
3 2516 1302 373 0.079169
3 373 2040 2516 0.060681
3 373 1302 1538 0.085071
3 637 1821 2592 0.270231
3 2545 1888 693 0.382443
3 2545 693 2522 0.194230
3 2449 1888 881 0.467397
3 458 2522 693 0.175268
3 458 693 210 0.212938
3 458 210 2507 0.417557
3 2507 210 2449 0.364496
3 1888 2449 210 0.411328
3 1888 210 693 0.273139
3 2522 388 2509 0.156131
3 2509 388 697 0.300543
3 2509 697 860 0.287288
3 697 388 2507 0.354927
3 458 2507 388 0.295646
3 458 388 2522 0.202875
3 496 697 2305 0.479777
3 2305 697 2507 0.521639
3 1222 812 2219 0.485811
3 1222 2219 404 0.654925
3 404 2219 2379 0.554418
3 472 404 2379 0.641357
3 472 2379 2019 0.659833
3 974 2019 2379 0.570961
3 551 2019 2374 0.764143
3 630 381 2078 0.575737
3 381 630 2374 0.753920
3 2525 878 1954 0.576867
3 1272 1809 1871 0.950083
3 1809 1272 1783 0.953269
3 1783 1272 2587 0.952974
3 1078 1871 1809 0.928260
3 1078 1809 2048 0.903972
3 1078 2048 559 0.908987
3 2581 1871 1078 0.923179
3 1658 2581 1078 0.938904
3 1658 1078 391 0.931843
3 1658 391 1037 0.929261
3 391 1078 559 0.940864
3 1758 2581 1658 0.934935
3 1758 1658 2496 0.925178
3 2496 1658 1090 0.892363
3 1099 2496 521 0.937115
3 2582 1099 521 0.762051
3 2582 521 2548 0.781139
3 2582 575 1099 0.677934
3 661 2528 1857 0.427385
3 1420 1167 2256 0.300740
3 839 1420 1652 0.142314
3 1652 1420 1857 0.238096
3 2256 1857 1420 0.288577
3 723 2558 2133 0.139560
3 2558 723 1420 0.147276
3 2558 1420 839 0.155966
3 1167 1420 723 0.177391
3 2509 442 2475 0.120824
3 2475 442 2558 0.090353
3 2197 442 2509 0.115752
3 839 2475 2558 0.141852
3 2558 442 2197 0.073443
3 2509 2475 2522 0.139448
3 2522 2475 1166 0.118574
3 1166 2475 1919 0.171642
3 2522 1166 1396 0.142258
3 1396 1166 2366 0.131436
3 1473 1396 2366 0.166893
3 2522 1396 2545 0.143433
3 2545 1396 924 0.151719
3 924 1396 1473 0.130664
3 2545 924 2070 0.221058
3 1888 2545 2070 0.319347
3 2254 2070 1473 0.255688
3 1821 637 1833 0.324246
3 846 865 2254 0.198108
3 1833 2254 865 0.217190
3 846 2254 426 0.208145
3 1062 2460 287 0.220291
3 2460 1063 287 0.179548
3 234 1062 287 0.261288
3 1063 846 2362 0.210873
3 846 1063 2460 0.217618
3 234 287 593 0.224614
3 593 287 1063 0.227994
3 1968 593 1063 0.219437
3 69 593 1968 0.208985
3 2544 1453 1049 0.173678
3 2360 1453 792 0.151939
3 2080 792 1348 0.218550
3 372 1465 754 0.060028
3 1582 372 754 0.099450
3 1582 754 1208 0.138029
3 889 385 2422 0.254287
3 385 889 1582 0.218185
3 385 1582 1208 0.181566
3 769 1469 958 0.329078
3 1220 1469 1129 0.480627
3 1129 1469 769 0.304101
3 1007 1469 1220 0.476576
3 777 1788 1893 0.247168
3 777 1893 2082 0.164663
3 1893 1788 2058 0.373032
3 1483 1001 1953 0.203910
3 512 1953 1001 0.195079
3 2621 1001 2164 0.289777
3 2621 2164 2356 0.480447
3 728 2164 1001 0.179397
3 2164 1178 2356 0.468772
3 1178 2164 1485 0.189103
3 1479 356 1702 0.534955
3 2212 1479 1702 0.656124
3 597 2263 328 0.877656
3 2385 597 328 0.928281
3 2385 328 1434 0.956098
3 809 2463 2398 0.957380
3 771 809 1777 0.964864
3 1929 597 2385 0.859282
3 1649 2385 202 0.927642
3 1433 946 2097 0.746384
3 1433 2097 1754 0.894332
3 1433 1754 1380 0.940832
3 1032 2531 1789 0.974720
3 1032 1941 2531 0.995436
3 2531 1941 1708 0.996206
3 7 2531 2105 0.964348
3 1687 2531 1708 0.995535
3 2105 2531 2023 0.964579
3 2023 2531 1687 0.990352
3 2607 112 1708 0.993751
3 1708 112 1687 0.996097
3 1945 2607 1708 0.995815
3 2636 2530 2258 0.961849
3 2636 2258 2607 0.981933
3 596 2607 1945 0.989117
3 460 596 1945 0.995093
3 1715 1747 2466 0.991940
3 1811 1715 2039 0.999807
3 2039 1715 2466 0.999458
3 757 1715 1811 0.999388
3 757 1811 2272 0.999542
3 2208 2603 2527 0.997675
3 2527 2603 1197 0.995670
3 2361 2524 1887 0.999503
3 951 1798 2520 0.984589
3 1844 1185 2415 0.989447
3 1202 1192 1094 0.888804
3 1094 1192 1357 0.946240
3 1192 1274 1357 0.892430
3 764 1357 1586 0.950504
3 1586 1357 1274 0.875531
3 2318 1274 2400 0.569381
3 2318 1586 1274 0.757843
3 1192 1202 2400 0.833058
3 1192 2400 1274 0.813579
3 2652 2400 1202 0.761197
3 1086 744 2400 0.535114
3 1086 2400 2206 0.519658
3 302 2206 854 0.293560
3 302 854 1203 0.218500
3 2192 2570 1569 0.020680
3 2589 1934 2470 0.014321
3 1705 2637 2378 0.011072
3 1705 2378 566 0.022246
3 2662 2637 1705 0.014774
3 2388 774 1407 0.012204
3 1407 774 971 0.013695
3 1705 971 2662 0.023877
3 1407 971 1907 0.032189
3 1907 971 1377 0.067045
3 1415 1907 1377 0.090617
3 1045 1415 1544 0.080948
3 1544 1415 1377 0.065454
3 2020 1518 1429 0.329530
3 885 1518 1792 0.259880
3 1792 1980 885 0.297311
3 2629 2220 1980 0.312228
3 2629 1980 165 0.323917
3 165 1980 1792 0.450266
3 2629 165 2497 0.325987
3 417 1711 1924 0.063381
3 2207 1918 1580 0.092303
3 2611 479 1289 0.078586
3 2611 1289 1713 0.076710
3 1289 479 88 0.063437
3 88 786 75 0.059298
3 786 88 479 0.070268
3 781 1835 2494 0.033574
3 781 2494 1817 0.045525
3 1172 1768 1791 0.158944
3 1791 1768 1841 0.173790
3 781 1841 1768 0.092946
3 2324 39 1302 0.074132
3 1302 39 1538 0.086014
3 2516 2096 2055 0.056935
3 2516 2055 833 0.048624
3 833 2055 1284 0.040562
3 593 69 2612 0.205666
3 1060 1622 1282 0.078171
3 1282 1067 1060 0.098087
3 532 2360 364 0.264807
3 1913 2075 2428 0.120181
3 310 1913 2428 0.140582
3 310 2428 1820 0.102078
3 2080 1820 2428 0.110370
3 1732 727 1465 0.025696
3 662 1229 1522 0.012357
3 1591 1457 1645 0.010009
3 2281 1908 2599 0.017744
3 2599 1254 2281 0.015701
3 1254 2599 1884 0.021667
3 1742 1254 1884 0.045255
3 1742 1884 1878 0.076539
3 1878 1884 1336 0.104946
3 2659 1198 1937 0.108824
3 438 969 1288 0.145123
3 1288 969 1041 0.154608
3 1288 1041 729 0.132864
3 1927 729 1041 0.088477
3 1927 1041 1325 0.138445
3 1007 1603 719 0.290310
3 2058 1788 23 0.352165
3 2058 23 1603 0.358183
3 2501 518 2114 0.123746
3 1483 777 2393 0.145080
3 777 1483 1953 0.152784
3 2501 2114 1287 0.091993
3 2263 597 1860 0.861306
3 1139 208 1929 0.773311
3 220 1139 1987 0.741483
3 1987 2077 2283 0.684147
3 2077 1987 1139 0.754091
3 2077 1139 1929 0.784240
3 1139 220 1110 0.740319
3 2444 2111 946 0.759530
3 2444 946 1433 0.761858
3 2444 1433 1380 0.886888
3 7 2105 79 0.911288
3 7 79 1789 0.906195
3 7 1789 2531 0.947361
3 1026 1789 79 0.877681
3 1964 1026 79 0.844604
3 2027 1026 1964 0.793674
3 2458 1024 1964 0.726027
3 1285 2458 2105 0.842627
3 1285 2105 2023 0.918163
3 1964 2105 2458 0.825141
3 2458 1285 2258 0.882654
3 2458 2258 2530 0.909567
3 2258 1285 740 0.928158
3 740 1285 2023 0.952596
3 2258 740 2607 0.979029
3 112 2607 740 0.981385
3 112 740 2023 0.977781
3 1686 927 444 0.937756
3 2565 1686 1583 0.968451
3 1939 2565 2636 0.969613
3 1939 2636 2370 0.974482
3 692 289 2370 0.986838
3 1939 2370 289 0.975328
3 460 2370 596 0.988196
3 596 2370 2607 0.980797
3 2139 2448 1804 0.998376
3 2448 2139 1270 0.998022
3 2272 1701 757 0.999939
3 757 1701 2448 0.999547
3 757 2448 1747 0.999606
3 1804 2448 1701 0.999179
3 2361 632 768 0.999067
3 1769 632 2361 0.998730
3 1769 2361 1887 0.996347
3 2633 1646 1507 0.996256
3 1530 1646 2179 0.995469
3 95 2473 2053 0.978930
3 1798 95 2053 0.987346
3 2473 95 155 0.976606
3 2620 1142 744 0.751980
3 2620 744 1722 0.655181
3 1722 744 1086 0.415376
3 2318 744 1142 0.518201
3 2318 1142 591 0.858112
3 1598 2046 389 0.123258
3 1598 389 1039 0.099686
3 389 706 1876 0.171833
3 706 389 2046 0.142870
3 2570 1039 1584 0.101529
3 2570 1584 948 0.148074
3 2570 948 527 0.149715
3 948 1584 1876 0.144167
3 671 2368 859 0.005625
3 1555 859 2368 0.006722
3 2637 1664 859 0.023680
3 2637 859 799 0.009929
3 799 859 1594 0.005704
3 117 774 2388 0.014132
3 774 117 1664 0.015351
3 774 1664 2637 0.015518
3 2088 605 2069 0.037711
3 2088 2069 2333 0.045604
3 2088 2333 1867 0.075231
3 1230 2140 2388 0.048039
3 885 1230 1907 0.128479
3 1907 1230 2388 0.064494
3 1415 885 1907 0.120721
3 2388 1407 1907 0.031700
3 290 2088 2391 0.063788
3 290 2391 463 0.060156
3 2616 2629 1206 0.265829
3 902 2141 1335 0.272406
3 1206 902 1335 0.412536
3 1225 902 1206 0.457052
3 607 2141 14 0.200518
3 607 14 1924 0.149779
3 607 1924 1700 0.168571
3 382 1168 1173 0.023472
3 1305 98 2434 0.074571
3 432 2267 1868 0.044559
3 87 1868 2267 0.024567
3 87 2267 1081 0.027574
3 87 1081 1194 0.024466
3 641 2577 992 0.050042
3 468 992 2577 0.056359
3 869 2567 1409 0.027586
3 2494 1835 2567 0.029653
3 2494 2567 869 0.033866
3 1817 2494 786 0.049252
3 869 786 2494 0.037694
3 2277 2567 1835 0.034697
3 1471 855 2277 0.045876
3 1299 2277 1835 0.053572
3 1749 855 216 0.034578
3 1749 367 2609 0.018948
3 2387 367 1749 0.026564
3 2387 1749 428 0.029471
3 428 1749 216 0.055259
3 609 2269 2188 0.030363
3 2601 1383 1539 0.057215
3 1431 2096 2303 0.081119
3 2096 1431 654 0.063683
3 1733 1137 565 0.064583
3 2072 248 1034 0.057050
3 1526 2072 1732 0.042881
3 1526 1732 1051 0.030985
3 1732 2072 1718 0.046273
3 1718 2072 1034 0.083975
3 310 1820 1718 0.086251
3 310 1718 1913 0.094728
3 1718 1820 1732 0.045070
3 727 1732 1820 0.053088
3 2257 638 2331 0.014387
3 2257 2331 2306 0.014240
3 2257 2306 761 0.015548
3 1214 1508 2138 0.011882
3 1834 1949 2648 0.016737
3 807 2648 1949 0.020589
3 807 1949 625 0.017706
3 2336 625 1949 0.013943
3 2281 625 2336 0.012054
3 2281 2336 1908 0.013120
3 2625 986 1923 0.056847
3 1742 996 2625 0.102941
3 1742 2625 2281 0.059231
3 1288 996 438 0.236562
3 996 1288 2625 0.161693
3 1288 729 2625 0.140749
3 1878 438 996 0.193488
3 1878 996 1742 0.143932
3 755 2131 1242 0.058631
3 776 2322 2372 0.033848
3 403 1897 146 0.025727
3 2028 283 2135 0.317899
3 2431 2135 1189 0.614610
3 1189 2135 283 0.502777
3 2647 1189 283 0.692363
3 2514 175 1987 0.778513
3 220 1987 175 0.717386
3 1660 2514 2312 0.658971
3 873 977 1660 0.598173
3 977 873 1262 0.511067
3 1537 873 1660 0.542137
3 2514 1660 977 0.696974
3 2514 977 1011 0.643874
3 534 1572 100 0.298129
3 545 100 1572 0.289405
3 2351 1671 1200 0.288817
3 1998 698 2274 0.577058
3 1653 2359 698 0.551644
3 1653 698 1998 0.649727
3 1026 1411 2111 0.839733
3 1026 2111 2444 0.807129
3 1339 203 2530 0.870359
3 203 1339 1411 0.764120
3 1411 1339 1998 0.762177
3 1998 1339 1653 0.736644
3 2458 2530 203 0.874028
3 2458 203 1024 0.733033
3 1024 2027 1964 0.808027
3 2027 1024 203 0.834018
3 752 1745 823 0.490746
3 2590 752 823 0.478689
3 58 1008 823 0.714091
3 2280 2523 1460 0.812347
3 5 1894 2523 0.686637
3 5 2523 2280 0.765745
3 2565 1124 1686 0.938583
3 2137 1894 5 0.566851
3 2137 5 2280 0.655575
3 1105 1331 2252 0.791848
3 2252 1331 2137 0.778150
3 2252 2137 2410 0.754400
3 32 2252 2410 0.838069
3 1939 1020 32 0.952007
3 1939 32 2565 0.945030
3 2017 81 856 0.983943
3 942 2017 2139 0.986063
3 1270 2139 856 0.993035
3 856 2139 2017 0.981547
3 942 2139 1691 0.991161
3 2594 2017 942 0.981562
3 2594 942 1691 0.973422
3 451 945 2594 0.957602
3 2594 1113 2541 0.959055
3 2541 1113 2655 0.965799
3 2121 2655 1113 0.989978
3 1507 2664 2633 0.979551
3 2473 2627 1283 0.978362
3 1969 2627 2473 0.967245
3 1969 2473 1752 0.967748
3 2620 1752 2473 0.941671
3 2439 2620 1722 0.746634
3 2464 2339 1771 0.598216
3 1771 2339 2399 0.573988
3 2216 1771 790 0.414816
3 1874 790 1771 0.315718
3 1406 706 2046 0.134436
3 185 1406 2046 0.130707
3 1347 1191 953 0.022530
3 1347 953 600 0.009240
3 1719 600 953 0.009204
3 1719 953 1477 0.015061
3 1191 1477 953 0.028926
3 1039 568 1598 0.027057
3 1938 600 1719 0.010611
3 315 2409 671 0.013413
3 315 671 1046 0.009336
3 671 2409 2368 0.012379
3 405 2409 315 0.010306
3 405 2561 2409 0.013621
3 2047 1772 1234 0.012923
3 915 48 1234 0.021395
3 433 1234 48 0.013293
3 433 48 711 0.011359
3 711 48 876 0.015132
3 876 48 915 0.026643
3 2069 457 876 0.034020
3 2333 2069 1059 0.022595
3 932 711 2297 0.022683
3 1364 932 1436 0.019315
3 1436 932 2643 0.026454
3 1734 2167 2643 0.042375
3 1734 2643 1900 0.051323
3 1943 1162 2237 0.186137
3 2237 1162 1318 0.151472
3 363 1470 2237 0.069188
3 363 2237 987 0.055669
3 1541 2462 1516 0.057624
3 1516 2462 363 0.056244
3 1516 363 987 0.050217
3 1470 363 2462 0.054265
3 1716 1541 1516 0.030432
3 1868 133 1072 0.013020
3 1563 1392 2317 0.035032
3 468 2577 2567 0.027244
3 877 1749 1565 0.033726
3 2045 1690 1126 0.073256
3 2045 1126 872 0.067466
3 1126 1690 1383 0.069591
3 2601 1126 1383 0.050969
3 1851 1570 872 0.086249
3 1126 1851 872 0.061780
3 760 1851 2601 0.048348
3 540 655 750 0.072008
3 540 750 2124 0.065106
3 2124 750 1493 0.039844
3 875 2534 1016 0.054029
3 875 1016 2072 0.057016
3 2072 1016 106 0.091016
3 2072 106 1015 0.084570
3 668 2534 875 0.026282
3 668 1440 1873 0.013726
3 1440 668 875 0.019808
3 80 1440 1688 0.013610
3 1688 1440 1526 0.029829
3 1688 1526 1051 0.019952
3 1526 1440 875 0.033392
3 1227 80 1688 0.008849
3 1617 1227 1688 0.013708
3 1617 1688 241 0.016342
3 241 1688 2331 0.016002
3 2306 2331 1688 0.018945
3 1051 2306 1688 0.025311
3 1617 241 2331 0.013792
3 2257 2138 638 0.013903
3 1535 54 2236 0.011348
3 2236 54 1984 0.013950
3 2236 1984 1368 0.021651
3 1984 54 1390 0.010781
3 1319 1163 2236 0.010544
3 1319 2236 1615 0.013259
3 1319 1615 1970 0.016156
3 898 1970 1834 0.012894
3 1834 1970 1949 0.013060
3 1949 1970 2336 0.013459
3 2336 1970 224 0.016170
3 348 2107 2299 0.011743
3 348 2299 2134 0.008049
3 984 590 2095 0.126398
3 984 2095 1826 0.221010
3 93 2095 2648 0.060932
3 2648 2095 590 0.042118
3 625 2159 807 0.041806
3 2648 807 93 0.044159
3 93 807 2159 0.042868
3 93 2159 1826 0.090545
3 93 1826 2095 0.135893
3 2147 1826 2625 0.135758
3 2625 1826 2159 0.091183
3 2147 2625 1923 0.074883
3 2147 1923 2608 0.051180
3 2281 2625 2159 0.067094
3 2281 2159 625 0.040886
3 1826 2147 984 0.246520
3 984 2147 1135 0.153616
3 984 1135 590 0.097079
3 2101 1135 2147 0.107279
3 2101 2147 2608 0.072318
3 1778 1135 2101 0.088847
3 1892 2101 2618 0.150908
3 2104 2618 2131 0.109423
3 2131 2618 2101 0.081348
3 755 2104 2131 0.066392
3 776 1354 2322 0.050251
3 1897 1901 1354 0.076735
3 1897 1354 776 0.037128
3 1698 1901 1121 0.159966
3 1121 1901 1897 0.078584
3 2135 2335 1869 0.093157
3 1869 2073 2135 0.063262
3 2539 1514 2452 0.389220
3 1514 2539 1521 0.493444
3 1262 1054 977 0.638626
3 977 1054 26 0.582490
3 977 26 1011 0.576016
3 142 1054 1262 0.509869
3 142 1262 2430 0.470308
3 1405 1612 2430 0.313288
3 407 1405 2430 0.408734
3 1904 1405 407 0.303203
3 1904 407 1794 0.387424
3 1904 1794 1960 0.327477
3 1794 407 2430 0.356554
3 837 2005 1796 0.272197
3 1375 2005 8 0.236450
3 837 8 2005 0.252284
3 1397 1796 2005 0.326799
3 1375 8 411 0.224441
3 837 411 8 0.251060
3 837 1796 337 0.253544
3 2383 2498 337 0.263451
3 545 2383 337 0.276023
3 1077 934 1642 0.121925
3 2274 1077 1671 0.292127
3 973 1602 1403 0.535575
3 619 2638 1403 0.176616
3 619 1403 1602 0.296299
3 1332 1894 236 0.402577
3 63 1352 2239 0.569042
3 63 2239 1476 0.634828
3 2239 1352 329 0.488379
3 2239 530 2623 0.695252
3 172 530 360 0.630774
3 1331 1675 1608 0.696774
3 339 1675 1581 0.745399
3 339 1581 491 0.679653
3 1478 1581 2437 0.860021
3 1398 1831 2014 0.968128
3 1398 2014 292 0.932775
3 292 2035 2085 0.927391
3 2035 292 2014 0.949584
3 451 2594 1706 0.927705
3 2518 1706 186 0.877843
3 2518 186 209 0.817252
3 209 186 2541 0.906569
3 2541 186 2594 0.944758
3 2594 186 1706 0.937790
3 598 2518 209 0.760191
3 598 209 2156 0.766526
3 2580 2413 2518 0.650857
3 598 2580 2518 0.573644
3 487 2480 2068 0.759281
3 961 2068 1190 0.805977
3 961 1190 2337 0.793805
3 258 961 2337 0.838018
3 258 2337 1728 0.852346
3 824 258 1728 0.839718
3 258 824 961 0.837066
3 961 824 1942 0.762389
3 1739 2313 1314 0.178373
3 850 2160 2216 0.055704
3 850 2216 2270 0.134212
3 850 2270 2038 0.097255
3 185 2270 1406 0.098124
3 2060 2656 880 0.096547
3 387 2563 880 0.053481
3 387 880 1347 0.030170
3 387 1347 1424 0.010837
3 1347 880 1191 0.022558
3 1424 1347 1938 0.009289
3 1938 1347 600 0.008490
3 387 1424 1404 0.012327
3 387 1404 2563 0.029201
3 1404 1424 1938 0.010057
3 2563 907 2500 0.041657
3 907 1404 164 0.015056
3 164 1404 1938 0.010996
3 1404 907 2563 0.023223
3 1694 2500 907 0.028732
3 1694 907 2543 0.033215
3 2543 907 164 0.016837
3 1432 2543 2561 0.020263
3 1432 2561 2626 0.019435
3 1432 2626 670 0.021226
3 2047 1138 2626 0.026249
3 1744 910 962 0.008514
3 1744 962 2547 0.005386
3 1527 2547 962 0.007390
3 433 711 1818 0.011744
3 433 1818 1527 0.013777
3 1364 507 1818 0.013222
3 507 1364 383 0.018783
3 1364 1818 932 0.013578
3 932 1818 711 0.014121
3 886 1621 1971 0.023686
3 182 2657 886 0.014012
3 182 886 2300 0.027899
3 2300 886 1971 0.037777
3 599 1935 1971 0.076055
3 599 1971 2167 0.045283
3 1734 1943 2158 0.074462
3 1734 2158 2167 0.080129
3 2513 1298 1957 0.066485
3 2158 1957 1298 0.054666
3 1957 296 2000 0.094798
3 1957 2000 2513 0.117635
3 1795 1865 1490 0.097736
3 1490 1865 1760 0.082755
3 2011 1490 2462 0.039280
3 2462 1490 1760 0.047798
3 1541 2407 2462 0.042986
3 2540 845 2087 0.015504
3 845 2540 1374 0.020316
3 2432 1955 845 0.018449
3 2432 845 1047 0.017227
3 2432 2317 995 0.025943
3 1563 2317 2432 0.026937
3 1780 995 2554 0.058459
3 1780 2432 995 0.036739
3 1916 1780 2369 0.078711
3 2369 1780 2554 0.073071
3 1392 2554 2317 0.049952
3 2317 2554 995 0.054088
3 1779 2554 1392 0.066575
3 2369 2554 1779 0.084300
3 1640 1620 871 0.049773
3 2369 1620 1640 0.076113
3 2369 1640 2417 0.117090
3 2417 1640 2195 0.118854
3 2277 871 2567 0.036309
3 2567 871 1620 0.047958
3 1690 2588 2296 0.079228
3 2296 2588 2278 0.082199
3 872 535 2045 0.122321
3 2045 535 2195 0.095137
3 2172 70 1991 0.075769
3 655 1991 2016 0.115781
3 2492 2168 2352 0.072217
3 2492 2183 1959 0.118326
3 2352 2183 2492 0.090208
3 1906 1959 2183 0.118416
3 1016 2534 1906 0.075339
3 1016 1906 106 0.091998
3 106 1906 1015 0.106362
3 949 668 1873 0.012237
3 1982 2534 949 0.018432
3 1982 949 2476 0.014424
3 1873 2476 949 0.011032
3 2091 954 1535 0.006588
3 1018 1319 1704 0.007794
3 1704 1319 898 0.008599
3 1834 503 2051 0.015899
3 1834 2051 1704 0.012615
3 1834 1704 898 0.009534
3 1970 898 1319 0.010272
3 412 633 1018 0.005496
3 412 1018 2 0.005295
3 412 2 574 0.004607
3 574 2 1704 0.007747
3 574 1704 2051 0.008599
3 1704 2 1018 0.007690
3 941 574 2051 0.010184
3 2134 941 348 0.005569
3 1160 1297 452 0.004831
3 1160 452 1257 0.005337
3 1091 2083 805 0.033295
3 2083 1091 425 0.047852
3 805 2083 62 0.031126
3 443 805 1757 0.051828
3 2299 1757 805 0.041979
3 2299 805 62 0.036044
3 635 829 1158 0.047514
3 1746 1911 1892 0.102109
3 1097 1746 1892 0.141462
3 1097 1892 2618 0.121792
3 2030 1746 1097 0.092738
3 1944 1097 2618 0.064844
3 1901 1944 1354 0.123596
3 1354 1944 2618 0.105024
3 1354 2618 2104 0.111598
3 1097 1944 1520 0.074860
3 1097 1520 2030 0.044557
3 1520 1944 1901 0.107131
3 1125 119 1520 0.065331
3 2118 1520 119 0.029989
3 1698 1125 1520 0.120134
3 1520 1901 1698 0.135133
3 681 2118 119 0.040652
3 38 681 1125 0.134256
3 1125 681 119 0.063509
3 1155 475 250 0.088710
3 250 475 979 0.056296
3 1612 899 142 0.178481
3 1568 1612 1052 0.221550
3 1052 1612 1204 0.109384
3 1052 1204 126 0.068823
3 613 1445 1204 0.049441
3 2489 2309 2624 0.045089
3 2309 2489 562 0.052406
3 1904 2288 2309 0.125761
3 2309 2288 2624 0.079474
3 1960 85 1904 0.257460
3 411 980 1898 0.262944
3 411 1898 1666 0.258855
3 411 1666 1375 0.230573
3 2250 1300 1176 0.481925
3 24 973 1249 0.419714
3 1249 973 707 0.427283
3 1403 707 973 0.363634
3 707 1403 2638 0.115854
3 2572 1438 66 0.115556
3 66 1438 699 0.059229
3 784 2572 66 0.158820
3 773 1476 1842 0.713809
3 2037 1425 2623 0.751154
3 2553 2037 2623 0.600453
3 563 530 762 0.655948
3 762 530 172 0.643556
3 530 563 2623 0.697780
3 1389 1115 762 0.833571
3 1389 762 339 0.853212
3 172 339 762 0.654196
3 1523 2002 1831 0.937350
3 2640 2580 2628 0.456156
3 2486 2199 2593 0.243064
3 561 2486 2593 0.495338
3 561 2593 1643 0.496537
3 1643 2593 627 0.337862
3 1261 487 2068 0.510743
3 2480 487 1643 0.716840
3 745 1261 467 0.229757
3 745 467 2551 0.272968
3 2313 770 2551 0.233660
3 2313 2551 1053 0.258467
3 1942 1256 21 0.532867
3 1273 2313 828 0.146473
3 1273 828 2375 0.262102
3 2320 828 2313 0.101596
3 2320 2313 1739 0.083143
3 828 2320 2375 0.103014
3 963 2375 2320 0.075872
3 72 1827 2320 0.060372
3 72 2320 1714 0.056064
3 1028 748 2214 0.080636
3 2160 2214 2161 0.059096
3 850 2214 2160 0.057711
3 1028 2214 850 0.060227
3 2038 1028 850 0.079342
3 1694 2265 2099 0.058510
3 842 194 538 0.047352
3 842 538 994 0.028282
3 2217 842 994 0.032979
3 1978 720 789 0.065017
3 720 1978 2044 0.073417
3 2585 1723 104 0.019028
3 104 1723 1349 0.011725
3 104 1349 2381 0.014555
3 2585 104 2381 0.016894
3 182 2300 2381 0.036084
3 1935 2300 1971 0.076178
3 2034 1482 1889 0.164261
3 490 1199 173 0.079296
3 2000 708 936 0.148799
3 1423 708 1795 0.169358
3 2142 1490 2011 0.031483
3 1490 2142 1795 0.071410
3 2142 2540 2087 0.016055
3 2142 2011 2540 0.029145
3 1955 2242 2087 0.018026
3 944 2242 2247 0.066911
3 2247 2242 2202 0.072593
3 648 1491 2575 0.040671
3 1340 831 1780 0.048841
3 1340 1916 537 0.065257
3 1916 1340 1780 0.041989
3 2172 602 70 0.070808
3 602 1784 70 0.082314
3 2575 1340 549 0.040797
3 549 1340 2168 0.043772
3 648 2575 419 0.056601
3 648 419 2549 0.035269
3 419 2575 549 0.050159
3 419 2492 265 0.070018
3 2232 419 265 0.046096
3 549 2492 419 0.054719
3 1959 1982 265 0.042595
3 1959 265 2492 0.088779
3 2534 1982 1959 0.036606
3 517 1982 123 0.021199
3 517 123 1684 0.016250
3 123 2476 1183 0.012661
3 2476 123 1982 0.011580
3 1183 1684 123 0.014757
3 2304 2406 1213 0.002538
3 2304 1213 2091 0.003955
3 522 1321 295 0.001524
3 2457 2211 1297 0.004339
3 2550 2211 2457 0.003275
3 459 67 2109 0.249185
3 459 2109 2602 0.195866
3 459 2602 1920 0.374027
3 483 1920 2610 0.117007
3 2610 1920 2015 0.082698
3 2610 89 959 0.069088
3 2015 89 2610 0.079165
3 2505 959 497 0.107518
3 2505 497 1823 0.205654
3 1823 497 778 0.233414
3 2015 778 89 0.124264
3 89 778 959 0.102049
3 959 778 497 0.148505
3 1604 213 778 0.103486
3 778 213 1823 0.164229
3 1243 245 1604 0.041972
3 1243 1604 1091 0.037702
3 443 1543 502 0.104508
3 443 502 1243 0.069707
3 1946 2521 495 0.120394
3 495 2521 502 0.153720
3 351 1946 495 0.114726
3 351 495 40 0.103040
3 351 40 1247 0.046633
3 40 495 1543 0.115135
3 1825 734 1108 0.074687
3 1108 734 531 0.076742
3 1108 531 270 0.068971
3 1108 270 2112 0.092829
3 1985 1962 493 0.253794
3 2275 1985 493 0.169392
3 1291 1240 493 0.204465
3 819 493 1240 0.176923
3 1291 493 1962 0.241787
3 2275 493 819 0.176110
3 2484 1985 2275 0.061821
3 1052 126 2275 0.120071
3 1568 1052 343 0.178052
3 343 1052 819 0.170078
3 819 1052 2275 0.148830
3 2404 2209 2653 0.035889
3 2404 2653 2288 0.057877
3 2404 2288 1118 0.123202
3 2288 2653 2624 0.052916
3 2008 2404 1452 0.075851
3 2311 2154 2615 0.112119
3 604 1666 1898 0.220407
3 2279 604 1898 0.231532
3 2279 1898 1249 0.232612
3 604 2279 2468 0.244425
3 2185 1252 1710 0.109104
3 2468 1252 4 0.265465
3 4 1252 2185 0.228505
3 2650 2185 1710 0.077119
3 1710 1252 569 0.147084
3 2326 2468 4 0.258726
3 2326 4 1748 0.273046
3 1748 4 2185 0.257547
3 1238 582 2572 0.214311
3 2572 2063 1238 0.212523
3 1057 191 773 0.467585
3 773 191 1333 0.435132
3 1931 1057 795 0.709634
3 1931 795 1425 0.767804
3 795 1057 1842 0.829037
3 1842 1057 773 0.672099
3 2485 2649 1697 0.378396
3 1697 838 2485 0.245745
3 2485 838 1430 0.223078
3 1697 1756 2593 0.144829
3 2226 2485 1430 0.325273
3 1430 838 2266 0.214633
3 2266 838 2199 0.214564
3 976 2067 2215 0.289545
3 592 2215 1983 0.343411
3 2215 592 976 0.348603
3 2382 238 1237 0.259282
3 2382 1237 683 0.174436
3 1055 683 1237 0.224678
3 1055 1237 745 0.283943
3 1055 745 2551 0.345793
3 469 783 16 0.349344
3 469 16 223 0.407872
3 223 16 770 0.479368
3 2115 473 1827 0.055216
3 2132 1324 2115 0.094481
3 2132 2115 311 0.093564
3 311 2115 1827 0.065842
3 129 2132 311 0.098307
3 1714 129 72 0.075606
3 1156 715 748 0.095661
3 715 1156 1301 0.106677
3 2132 1301 1156 0.130728
3 2214 715 906 0.065254
3 1301 906 715 0.092059
3 1308 1156 505 0.129060
3 505 1156 2425 0.118717
3 864 1308 505 0.162571
3 321 1308 864 0.163587
3 1917 321 1376 0.144739
3 1376 321 864 0.150211
3 1376 864 466 0.125026
3 466 864 746 0.134684
3 466 746 2099 0.105328
3 466 2099 2026 0.091486
3 712 1376 466 0.102355
3 712 466 2041 0.090103
3 2041 466 2026 0.079245
3 712 2229 1376 0.187270
3 2041 2026 1306 0.053313
3 704 1306 1387 0.026112
3 704 1387 665 0.031223
3 665 2200 1845 0.019578
3 1387 2200 665 0.020495
3 2200 1387 1751 0.022307
3 324 2510 720 0.120655
3 324 720 2044 0.114394
3 324 2044 448 0.140066
3 1501 1223 324 0.084516
3 324 1223 2200 0.068211
3 1981 1223 1800 0.080913
3 1800 1223 1501 0.087742
3 675 1720 1181 0.037647
3 675 1181 2084 0.037577
3 640 940 1616 0.071103
3 640 1616 759 0.035530
3 759 1616 2585 0.053087
3 2585 1616 675 0.045704
3 2585 675 2084 0.034999
3 1814 940 640 0.062628
3 1492 1814 640 0.072480
3 1492 640 759 0.040756
3 2034 2130 893 0.165141
3 1342 1525 1889 0.184946
3 1889 1525 2034 0.171651
3 2348 1525 1342 0.333044
3 1215 887 1098 0.184384
3 1215 1098 2240 0.085437
3 2667 887 1215 0.249298
3 1159 340 1193 0.044792
3 340 1159 2240 0.051917
3 1423 2346 1193 0.040023
3 1423 1193 340 0.038627
3 956 2459 1193 0.255200
3 956 1193 1381 0.118317
3 1193 2459 1159 0.120283
3 1400 956 1381 0.169803
3 2245 956 1400 0.157123
3 2245 1400 1412 0.175675
3 2459 956 2245 0.165334
3 2245 1412 1854 0.168375
3 657 2247 2187 0.073608
3 517 2397 2232 0.038567
3 2550 506 576 0.005112
3 2222 1940 2508 0.010879
3 2654 2222 2508 0.006575
3 163 2654 2508 0.008619
3 525 78 1209 0.011184
3 78 525 476 0.008500
3 525 1209 847 0.006311
3 395 2259 1209 0.035354
3 395 1209 78 0.033317
3 395 78 879 0.033782
3 879 78 476 0.014162
3 2602 2109 1575 0.184308
3 1549 679 2519 0.384704
3 1920 483 459 0.234157
3 459 483 2062 0.252766
3 459 2062 67 0.184361
3 2062 483 249 0.191719
3 249 483 2610 0.143679
3 57 870 2610 0.159869
3 1696 1830 2610 0.094498
3 1823 213 1895 0.123481
3 2450 1859 794 0.187971
3 2450 794 1767 0.175880
3 2354 1767 1895 0.126351
3 794 1895 1767 0.133864
3 1946 2354 2521 0.114410
3 1985 2484 1244 0.086096
3 2112 1962 1985 0.171598
3 2112 1985 1244 0.132757
3 1903 1461 1071 0.191382
3 1605 1903 1071 0.314378
3 2490 1605 2484 0.167153
3 2489 2484 646 0.062568
3 1031 2490 2123 0.058798
3 1031 2123 1902 0.063312
3 1417 1763 1902 0.162596
3 2341 1417 1902 0.070374
3 2341 1902 2123 0.045198
3 1369 1417 2341 0.078940
3 1329 198 398 0.019920
3 2209 1329 2653 0.047971
3 115 2488 2364 0.083558
3 115 2364 680 0.049073
3 2268 1365 1294 0.092494
3 2268 1294 982 0.102276
3 2268 982 2154 0.082752
3 2615 2154 2008 0.115209
3 2583 1951 2334 0.135015
3 2583 2334 843 0.171184
3 2468 2326 150 0.252395
3 1252 2468 2279 0.305651
3 1252 2279 569 0.182680
3 1631 772 1180 0.496557
3 1180 772 1748 0.328955
3 1231 1631 31 0.732040
3 31 1631 1180 0.622022
3 31 1180 1286 0.385300
3 1926 1042 1238 0.647095
3 1238 1042 582 0.520700
3 2122 1042 1926 0.780619
3 905 2485 191 0.470336
3 191 2485 950 0.441267
3 2226 950 2485 0.282484
3 2266 909 1430 0.352053
3 1430 909 2226 0.497561
3 2419 2146 228 0.677280
3 2419 976 345 0.372732
3 976 2419 228 0.486456
3 592 207 976 0.285353
3 917 207 592 0.252695
3 1983 2260 917 0.202303
3 1983 917 592 0.233337
3 547 2606 783 0.133650
3 2113 2606 547 0.161180
3 2115 1474 473 0.048268
3 2298 1224 2289 0.107452
3 2298 2289 102 0.141712
3 2289 1224 928 0.073050
3 1107 102 2289 0.080823
3 1338 397 1872 0.328851
3 2517 1356 1338 0.323355
3 2041 1506 2227 0.066669
3 2041 2227 2517 0.097888
3 712 2041 2517 0.160984
3 1506 704 2227 0.042864
3 2227 704 431 0.049600
3 1625 2517 431 0.079276
3 2418 1625 431 0.055353
3 2227 431 2517 0.092354
3 703 1276 36 0.089393
3 1276 237 36 0.204253
3 156 703 36 0.206016
3 156 36 2094 0.207536
3 2094 36 237 0.336973
3 2094 237 1370 0.473288
3 1370 237 868 0.425632
3 868 237 1276 0.278789
3 618 1276 1625 0.095219
3 1625 1276 703 0.086827
3 868 1480 504 0.395029
3 1853 1480 868 0.537742
3 504 1480 1674 0.368748
3 1674 1480 867 0.444188
3 867 1480 2429 0.512852
3 2429 1480 1853 0.453240
3 1890 2429 1853 0.371632
3 1890 1853 199 0.268249
3 1845 1981 1803 0.076598
3 1638 1981 1800 0.101880
3 2537 2482 1785 0.400024
3 1785 2478 2537 0.379149
3 1877 2537 1703 0.414248
3 1877 1703 564 0.251456
3 1877 564 2348 0.418365
3 1877 2348 1382 0.568722
3 1877 1382 2445 0.443691
3 1549 2519 1382 0.414978
3 2348 1549 1382 0.345336
3 2445 1382 2519 0.365517
3 1994 2651 998 0.123103
3 998 965 1994 0.095540
3 879 965 2031 0.138357
3 2031 965 998 0.106743
3 395 879 2031 0.086012
3 395 2031 2259 0.070656
3 836 1136 2245 0.078961
3 836 2245 1854 0.046829
3 2245 1136 2459 0.098944
3 836 1854 657 0.074234
3 2222 2397 1940 0.022396
3 2397 2222 2549 0.026567
3 2549 2222 1246 0.036384
3 1988 2482 2445 0.308802
3 1988 2445 801 0.260235
3 2169 2098 1548 0.079911
3 2506 2169 1790 0.082400
3 2506 1790 570 0.102037
3 1241 2469 1830 0.142155
3 1696 1241 1830 0.150040
3 2469 1241 816 0.135922
3 816 1241 687 0.106316
3 816 687 1859 0.128257
3 1186 2469 816 0.141240
3 244 1186 816 0.251084
3 244 816 1859 0.232975
3 1896 244 437 0.212421
3 437 244 2450 0.189500
3 2450 244 1859 0.184371
3 1903 2450 1767 0.177991
3 1903 1767 691 0.198559
3 691 1767 1683 0.198344
3 437 1903 1896 0.174548
3 439 1903 1605 0.214135
3 439 1605 2490 0.340340
3 105 1903 439 0.181060
3 105 439 1182 0.308460
3 1775 1182 2490 0.277943
3 2490 1182 439 0.326850
3 1031 1763 1775 0.145503
3 1031 1775 2490 0.155218
3 1017 1775 1763 0.300423
3 352 1017 1763 0.318209
3 1017 352 1965 0.360762
3 2454 1965 352 0.396979
3 1740 1058 1472 0.322693
3 2600 1058 1740 0.301893
3 1369 616 334 0.273909
3 1738 721 1317 0.056702
3 1564 2066 1647 0.136107
3 1564 2012 2066 0.156246
3 1414 2488 115 0.053943
3 680 1414 115 0.031499
3 827 2148 896 0.105770
3 827 896 1951 0.098696
3 988 827 2568 0.210058
3 2583 827 1951 0.137983
3 1632 988 2568 0.322118
3 1557 749 2568 0.508197
3 1557 2568 772 0.454141
3 772 2568 968 0.376454
3 2433 749 1557 0.735326
3 1557 2122 2433 0.744387
3 2122 1557 1231 0.798270
3 1231 1557 1631 0.658141
3 520 1891 909 0.936919
3 1891 2631 909 0.953518
3 1030 74 520 0.852954
3 520 74 2301 0.896962
3 2384 2401 2301 0.839897
3 2564 2401 2384 0.778143
3 1481 2384 1030 0.564164
3 1030 2384 74 0.669177
3 74 2384 2301 0.878788
3 193 2384 1481 0.583653
3 2384 193 2564 0.693634
3 1358 193 221 0.527466
3 221 193 1481 0.438718
3 1737 1592 2394 0.556762
3 345 2157 1592 0.270500
3 866 2157 1886 0.312135
3 1886 2157 917 0.250839
3 891 2394 866 0.437983
3 1886 1551 891 0.572542
3 1886 891 866 0.490725
3 1872 523 804 0.237672
3 1061 1292 1003 0.583236
3 1003 1292 664 0.550954
3 156 2094 20 0.247994
3 156 20 703 0.275719
3 664 20 1003 0.380765
3 1003 20 2094 0.303030
3 631 2196 1560 0.197148
3 1682 1560 2542 0.177978
3 2542 1560 2196 0.169952
3 2050 1808 2196 0.244640
3 688 2542 2196 0.186863
3 688 2196 1808 0.184945
3 2050 2196 631 0.221032
3 867 1378 2050 0.367893
3 1674 867 2050 0.424768
3 1808 2050 1378 0.307709
3 2180 1378 2009 0.426372
3 867 2009 1378 0.511661
3 1670 2429 1890 0.405342
3 187 2244 1670 0.371728
3 187 1670 913 0.430320
3 913 1670 1803 0.302949
3 1890 1803 1670 0.309715
3 2559 686 1132 0.309529
3 2559 1638 2447 0.320511
3 1638 2559 1132 0.341617
3 1785 2559 2447 0.253479
3 2482 1988 1979 0.241068
3 550 1979 1988 0.136677
3 550 1988 2506 0.151039
3 550 2506 2456 0.113255
3 1849 2456 2347 0.307421
3 1290 2036 1776 0.335269
3 1776 1721 1290 0.316247
3 268 1930 2474 0.272077
3 1790 268 1721 0.179794
3 1790 1721 1776 0.174432
3 1721 268 2474 0.251498
3 1290 1721 2474 0.267938
3 2036 1290 2474 0.385748
3 1232 2036 2474 0.579771
3 1134 2454 369 0.357906
3 572 369 2454 0.405535
3 369 572 2416 0.236185
3 1186 2110 2469 0.109705
3 1134 1965 2454 0.363151
3 1017 1965 482 0.264874
3 482 1896 105 0.228357
3 1182 482 105 0.287826
3 105 1896 1903 0.180996
3 1134 1896 1965 0.312287
3 1965 1896 482 0.330934
3 1017 482 1182 0.256307
3 1017 1182 1775 0.227418
3 2526 1740 1472 0.424895
3 1883 2065 2479 0.130724
3 2251 2479 2012 0.295561
3 1564 2251 2012 0.147379
3 122 12 626 0.042098
3 440 978 2171 0.140205
3 779 1056 97 0.731108
3 588 779 97 0.655535
3 796 1699 2483 0.883387
3 614 349 722 0.698822
3 722 349 796 0.791559
3 796 349 1699 0.796250
3 2564 722 2401 0.755929
3 796 2483 1891 0.909173
3 1973 1358 2189 0.358637
3 450 1303 1682 0.194437
3 1025 2542 2515 0.183499
3 2542 1025 450 0.143567
3 2542 450 1682 0.149339
3 688 2515 2542 0.204149
3 622 2182 2342 0.646307
3 516 139 678 0.768913
3 1822 678 2342 0.651155
3 2342 678 139 0.736748
3 1692 2174 77 0.639008
3 2456 1849 686 0.258922
3 2526 116 516 0.481589
3 2526 516 169 0.651374
3 2526 169 1232 0.689681
3 2036 1232 169 0.681414
3 2036 169 678 0.720824
3 678 169 516 0.729533
3 2204 1667 1353 0.183535
3 1353 1667 1021 0.257528
3 1353 1021 972 0.209510
3 1021 1667 96 0.307565
3 144 1667 2472 0.358170
3 144 2472 2491 0.394495
3 2472 1667 1293 0.278159
3 2538 2472 1293 0.245682
3 2467 1644 612 0.146123
3 511 2467 612 0.138324
3 305 2061 2171 0.177832
3 305 2171 1326 0.135969
3 1905 2264 2165 0.432647
3 2472 2538 2165 0.237928
3 2472 2165 2491 0.299722
3 2165 2538 511 0.200688
3 2165 511 486 0.256251
3 567 2061 2106 0.385821
3 2061 567 970 0.382431
3 144 2491 1402 0.400732
3 2515 1021 1025 0.208797
3 1720 1616 101 0.082081
3 101 1616 940 0.083794
3 2504 2640 2273 0.710454
3 2588 2045 1640 0.078688
3 1640 2045 2195 0.076534
3 2003 1843 421 0.012674
3 933 2133 2197 0.157998
3 2007 933 860 0.146790
3 860 933 2197 0.147394
3 1975 2133 933 0.125757
3 2007 1975 933 0.132745
3 1975 2007 2646 0.228452
3 2582 2646 2116 0.416953
3 2116 2646 94 0.369655
3 2116 94 903 0.418735
3 379 575 2116 0.367807
3 379 2116 903 0.408725
3 379 903 742 0.504337
3 903 94 812 0.545535
3 2597 903 1782 0.667671
3 903 2597 742 0.615086
3 2597 1171 669 0.644311
3 669 1171 2423 0.739769
3 1171 2597 1782 0.689823
3 884 2423 1171 0.781112
3 884 1171 1222 0.791960
3 1782 1222 1171 0.793559
3 71 2423 884 0.863283
3 71 884 1088 0.903308
3 1088 884 472 0.904940
3 1088 472 2019 0.784287
3 404 472 884 0.860562
3 404 884 1222 0.797596
3 2374 71 551 0.853220
3 2019 551 1088 0.686351
3 1088 551 71 0.816465
3 2423 71 2374 0.898998
3 1813 2423 140 0.795220
3 2374 140 2423 0.856619
3 2078 1819 630 0.602228
3 630 1819 140 0.712242
3 1761 1130 1650 0.578651
3 1495 2587 558 0.950867
3 736 558 2587 0.958922
3 2581 1272 1871 0.933511
3 1758 931 2581 0.935757
3 931 1758 6 0.922622
3 6 1758 2496 0.907527
3 736 931 131 0.971334
3 736 131 558 0.977617
3 131 931 1870 0.968015
3 1870 931 6 0.930178
3 1870 6 2367 0.928936
3 1870 1837 131 0.967043
3 1837 558 131 0.975551
3 1837 1870 2461 0.947507
3 2461 1870 2367 0.921713
3 1157 2461 991 0.871768
3 1157 991 2198 0.745566
3 1157 2198 1495 0.889929
3 991 2461 1986 0.771914
3 2213 2198 991 0.556199
3 1986 1022 991 0.537903
3 447 1022 379 0.410364
3 447 379 742 0.420303
3 379 1022 1986 0.370114
3 447 2059 2213 0.621908
3 991 1022 447 0.462709
3 991 447 2213 0.439972
3 2213 623 500 0.579319
3 742 2059 447 0.589179
3 2059 623 2213 0.708526
3 1813 623 2059 0.739249
3 1813 2059 2597 0.623280
3 2597 2059 742 0.585570
3 1837 2461 1157 0.915645
3 558 1837 1157 0.953062
3 1495 558 1157 0.928189
3 669 2423 1813 0.712340
3 1975 2646 938 0.177371
3 914 2006 1546 0.152267
3 914 1546 2024 0.343355
3 2006 914 1167 0.265502
3 2528 2024 1546 0.336799
3 2528 1546 2646 0.246972
3 1857 2256 661 0.313943
3 2256 2024 661 0.333615
3 2024 2528 661 0.548242
3 914 2024 2256 0.454432
3 914 2256 1167 0.458427
3 2133 2006 723 0.132992
3 723 2006 1167 0.189628
3 1395 2327 690 0.381887
3 2536 1958 1689 0.281355
3 1565 1749 2609 0.023488
3 2293 2441 2453 0.347401
3 2441 1073 2453 0.334525
3 1532 2090 1064 0.613862
3 1532 1064 806 0.629286
3 806 966 1532 0.628632
3 1532 851 2090 0.708660
3 1976 2151 166 0.654004
3 1371 1510 1976 0.680200
3 1080 1976 166 0.773314
3 1976 1080 1371 0.762007
3 1255 304 1963 0.936130
3 1255 1963 2178 0.978095
3 304 1255 1880 0.957001
3 966 806 737 0.567372
3 1064 1217 153 0.659229
3 1064 153 806 0.651378
3 1681 2634 658 0.444556
3 1023 1947 1681 0.457446
3 1462 49 2426 0.673288
3 682 1462 2426 0.561813
3 1462 1148 49 0.656720
3 1217 49 1148 0.715205
3 49 1217 2426 0.728921
3 2402 2424 811 0.686640
3 1885 342 650 0.907058
3 2248 2181 2228 0.905774
3 222 1914 1226 0.993442
3 222 1226 2555 0.984524
3 222 2555 2465 0.974052
3 222 2465 1116 0.974570
3 222 1116 1914 0.982605
3 65 2392 1441 0.975200
3 1255 2178 725 0.990331
3 1255 725 313 0.984050
3 1255 313 1880 0.982417
3 610 1880 313 0.977895
3 2178 1801 725 0.992532
3 2178 862 1801 0.988562
3 862 1925 1801 0.981965
3 1111 1963 1497 0.859065
3 2149 1685 317 0.429413
3 1553 1161 2054 0.173346
3 546 1553 2054 0.266857
3 1500 546 2054 0.311301
3 1553 384 1161 0.147193
3 1161 1912 2054 0.252866
3 673 1500 1947 0.221891
3 2411 1500 2241 0.107054
3 2241 1500 673 0.103158
3 1122 1668 2184 0.288680
3 2578 1668 1122 0.336397
3 1668 644 2184 0.312639
3 964 2408 393 0.402235
3 2353 2285 825 0.537578
3 1260 2390 643 0.104566
3 342 1355 1727 0.896610
3 1355 990 1727 0.853195
3 1588 848 2210 0.939467
3 894 2018 91 0.945805
3 2533 1226 1914 0.990721
3 1441 301 1914 0.990585
3 2186 2533 301 0.988063
3 301 1441 2186 0.987271
3 1801 2614 1133 0.974948
3 1087 386 2307 0.837124
3 1087 2120 27 0.792746
3 1087 27 386 0.799290
3 386 27 1709 0.861769
3 384 857 1531 0.179395
3 1413 2411 2241 0.068180
3 294 1413 2241 0.097447
3 1413 1573 402 0.110536
3 402 1573 857 0.103880
3 402 2411 1413 0.079322
3 1122 2184 766 0.238898
3 1122 766 2578 0.262579
3 188 2403 1271 0.173142
3 1271 766 188 0.113302
3 188 766 2184 0.154762
3 188 2184 1712 0.189411
3 188 1712 2403 0.192318
3 355 307 1260 0.168053
3 1260 643 355 0.135455
3 307 2285 1260 0.251060
3 307 355 2363 0.318777
3 2443 2136 2355 0.370760
3 2355 2136 1875 0.476861
3 2390 331 2455 0.260627
3 331 1864 2666 0.339560
3 2666 1864 1101 0.364733
3 1864 1070 1083 0.436232
3 1864 1006 1070 0.442288
3 136 2329 1114 0.746055
3 286 474 820 0.988503
3 286 2234 474 0.985405
3 474 2234 1267 0.979607
3 2029 474 1267 0.975894
3 474 2029 820 0.984972
3 1589 2276 1855 0.992521
3 1855 2276 141 0.992397
3 2276 1589 2573 0.996318
3 333 2574 1188 0.987726
3 1226 2533 674 0.989215
3 1226 674 1360 0.984753
3 377 667 2129 0.978555
3 377 647 667 0.987945
3 667 647 1128 0.986675
3 667 1128 189 0.981480
3 1128 280 1281 0.983784
3 86 1281 2414 0.989198
3 1753 86 2414 0.986177
3 280 1128 647 0.988823
3 1437 993 1296 0.608243
3 1296 993 1839 0.735842
3 1839 993 821 0.613629
3 580 1839 1764 0.407229
3 1839 821 1764 0.443808
3 1296 1750 1437 0.526816
3 2218 368 1637 0.859518
3 2218 227 368 0.859123
3 2057 861 666 0.725521
3 1637 861 2057 0.744039
3 1637 2596 861 0.760849
3 1637 2057 2218 0.835937
3 2596 1316 861 0.744620
3 861 1316 666 0.652365
3 306 863 2293 0.242223
3 2293 863 2441 0.296873
3 1509 2441 863 0.383059
3 306 1503 863 0.223034
3 581 148 1271 0.187382
3 1509 2396 137 0.393930
3 1509 137 2441 0.383720
3 2441 137 1442 0.310152
3 2396 1442 137 0.363530
3 2443 656 2033 0.506943
3 2535 656 2355 0.622199
3 1743 900 1678 0.744902
3 180 2455 1990 0.264784
3 180 1990 1997 0.270355
3 2666 1101 1717 0.404414
3 1717 1101 1428 0.481796
3 312 858 793 0.395845
3 1494 1655 312 0.339180
3 1655 1494 84 0.338206
3 1444 820 322 0.973597
3 1444 322 1639 0.957622
3 1950 1304 797 0.889066
3 230 797 1639 0.937652
3 230 1639 322 0.952895
3 230 322 2029 0.963725
3 1639 797 1304 0.765134
3 151 797 514 0.932757
3 514 797 230 0.949833
3 514 230 2029 0.945953
3 514 120 151 0.937068
3 151 1950 797 0.888477
3 1540 1205 1267 0.959075
3 264 1169 1076 0.997988
3 2446 1076 1169 0.998075
3 1629 2255 429 0.999354
3 429 2255 943 0.999362
3 429 943 1766 0.999520
3 1856 1848 76 0.999841
3 1856 76 60 0.999811
3 1856 60 2255 0.999712
3 2255 60 943 0.999591
3 943 60 2371 0.999845
3 782 557 541 0.999346
3 782 541 1566 0.998958
3 1566 541 1312 0.996583
3 1993 541 557 0.999084
3 1812 2071 1726 0.961294
3 1726 2071 125 0.961071
3 125 2071 1992 0.976297
3 1084 86 1753 0.985678
3 1084 189 1128 0.979657
3 1084 1128 86 0.981916
3 1489 2414 1281 0.987384
3 1489 1281 280 0.988939
3 1489 280 647 0.990140
3 2049 1085 2001 0.975914
3 1764 1359 689 0.402272
3 1359 1764 821 0.471769
3 1359 821 993 0.573810
3 1359 993 1437 0.523451
3 1359 1437 689 0.401575
3 1881 44 416 0.568382
3 416 44 2295 0.572923
3 2295 44 2262 0.644217
3 2262 44 113 0.749558
3 113 44 1881 0.717947
3 0 2295 2262 0.698227
3 0 2377 2295 0.701183
3 288 1421 103 0.855632
3 288 103 2218 0.836417
3 288 2218 2057 0.833118
3 288 1673 1421 0.830761
3 2632 1656 1793 0.130812
3 1656 2632 2503 0.163687
3 2238 1773 2499 0.764120
3 1773 1069 2586 0.599461
3 2642 585 2357 0.282113
3 2642 2357 2493 0.421798
3 2442 639 2639 0.257925
3 1836 2442 2639 0.220065
3 2639 639 702 0.236655
3 2493 2119 2144 0.372852
3 2471 756 2345 0.524988
3 2471 738 756 0.765826
3 756 738 1579 0.876643
3 1502 1528 462 0.778547
3 1502 462 344 0.644441
3 1502 344 763 0.562547
3 1502 763 594 0.600563
3 462 2328 344 0.550252
3 552 577 1175 0.400674
3 832 2332 365 0.347428
3 1089 2536 2380 0.420469
3 2536 1089 1958 0.376177
3 147 832 2536 0.393089
3 832 147 2332 0.407414
3 3 45 2323 0.338903
3 3 2323 401 0.292348
3 3 401 844 0.312250
3 3 844 1519 0.272756
3 3 1519 45 0.345028
3 45 1774 2323 0.379518
3 751 401 259 0.301560
3 2323 17 1524 0.283971
3 259 1524 1815 0.248362
3 259 1815 751 0.276745
3 751 844 401 0.278465
3 401 1524 259 0.236873
3 1524 401 2323 0.236721
3 1774 2205 2323 0.419921
3 17 2323 2205 0.332172
3 1524 717 1815 0.329900
3 2153 2203 1961 0.259199
3 584 1961 2203 0.435322
3 109 1702 2512 0.657658
3 1861 2512 1702 0.462849
3 2512 2591 109 0.744841
3 61 1777 624 0.928439
3 55 1824 2100 0.999551
3 1251 2371 1848 0.999950
3 2371 76 1848 0.999834
3 1312 808 1566 0.978830
3 782 1566 2527 0.999517
3 1566 1599 2527 0.996044
3 2527 1599 935 0.995682
3 808 1599 1566 0.988342
3 808 2617 1599 0.989508
3 583 1852 2086 0.955605
3 583 2086 2282 0.958779
3 1085 2049 366 0.975070
3 59 1328 366 0.948748
3 59 366 2049 0.967607
3 587 1499 2074 0.063499
3 1499 587 1153 0.036042
3 1153 587 2470 0.031528
3 499 2645 46 0.099422
3 939 2645 2556 0.062809
3 939 121 2645 0.051854
3 939 1385 121 0.034967
3 1212 989 1475 0.422912
3 989 1212 2421 0.317930
3 967 2377 1233 0.549215
3 1954 1576 2525 0.626210
3 1954 2330 1576 0.596410
3 2345 2453 2471 0.536168
3 2119 2493 2152 0.456476
3 124 1836 1002 0.246182
3 2040 1922 50 0.198061
3 1922 2224 50 0.280101
3 2040 50 1391 0.178884
3 50 2224 135 0.417221
3 1391 50 135 0.359537
3 2224 415 135 0.529652
3 1351 2224 1922 0.330823
3 2224 1351 2319 0.423943
3 2224 2319 415 0.621403
3 53 702 639 0.263579
3 53 639 2592 0.227368
3 2144 2119 2592 0.313414
3 2449 881 2119 0.406604
3 2119 881 637 0.303873
3 2119 637 2592 0.283306
3 319 2379 492 0.531386
3 492 2507 319 0.487516
3 2507 492 2305 0.548192
3 2569 1650 2525 0.477502
3 1650 2569 1761 0.640387
3 1816 2048 1783 0.888969
3 2548 521 1090 0.851932
3 1857 2582 594 0.623489
3 594 2582 2548 0.730763
3 594 1652 1857 0.541737
3 2079 1919 839 0.173387
3 2395 2366 1919 0.249135
3 2362 426 1828 0.310567
3 1049 2362 1828 0.293741
3 532 2362 1049 0.246542
3 385 1208 1348 0.288252
3 385 1348 1451 0.241614
3 1451 1348 1453 0.270339
3 1451 1453 2544 0.186236
3 2380 365 2422 0.378872
3 2380 2422 1089 0.358833
3 1109 1578 1587 0.063393
3 1109 1587 2231 0.033697
3 484 1129 1937 0.249734
3 326 1815 276 0.131726
3 326 2082 1893 0.229929
3 2082 326 276 0.132260
3 274 1096 1464 0.132180
3 274 1464 925 0.120876
3 925 276 162 0.123293
3 162 276 1815 0.136814
3 2082 276 925 0.119980
3 201 2082 925 0.102041
3 201 925 1464 0.090301
3 274 162 1327 0.156717
3 274 1327 1096 0.188551
3 274 925 162 0.121103
3 162 1815 1033 0.185189
3 162 1033 1327 0.181817
3 2201 728 2393 0.125826
3 1485 2201 841 0.161330
3 1961 1485 841 0.179119
3 2201 1485 728 0.127850
3 1961 356 1485 0.275569
3 2212 2398 2263 0.745852
3 2398 787 809 0.929095
3 2560 1797 2463 0.987541
3 202 1989 1754 0.976601
3 1989 202 1434 0.984043
3 1797 92 1380 0.993616
3 1380 92 361 0.978214
3 361 92 1032 0.982415
3 1419 1945 1708 0.998651
3 1559 1945 1104 0.999523
3 1104 1945 1419 0.998715
3 579 1559 1104 0.999937
3 2466 1559 579 0.999922
3 1909 2039 2466 0.999951
3 2466 579 1909 0.999956
3 2571 1307 1811 0.999653
3 1197 1307 1731 0.999609
3 2272 1307 1197 0.998081
3 2524 2272 2603 0.999705
3 2373 1887 696 0.999290
3 1887 2373 1219 0.998412
3 1887 1219 1769 0.996003
3 1798 488 2520 0.995160
3 2373 2415 2520 0.998711
3 2373 2520 488 0.998799
3 2373 488 1219 0.998214
3 1844 1330 1103 0.983096
3 1586 1185 764 0.941298
3 1586 2520 1185 0.984471
3 1094 2652 1202 0.858003
3 1847 854 2206 0.534719
3 2400 1847 2206 0.598897
3 2155 1910 854 0.563050
3 2155 854 1847 0.613082
3 2155 2086 2477 0.687898
3 2155 2477 1910 0.576539
3 2487 2477 2086 0.593807
3 2487 1401 2081 0.270776
3 1426 2193 853 0.068822
3 1426 853 741 0.074942
3 2193 2570 2225 0.127243
3 2193 2225 663 0.101861
3 2193 663 853 0.068814
3 1663 1239 1569 0.016681
3 1569 1239 2192 0.009216
3 1239 1663 1934 0.006332
3 2589 2378 2637 0.008736
3 939 2191 1385 0.037783
3 436 254 1542 0.021940
3 1542 254 2166 0.015458
3 1542 2166 1196 0.029706
3 2166 1606 1196 0.029972
3 1196 1066 1542 0.046280
3 1542 1066 42 0.082220
3 1542 42 436 0.056187
3 1416 254 436 0.036476
3 254 1416 2166 0.017165
3 1606 1486 181 0.110308
3 1486 1606 955 0.213846
3 2556 955 1606 0.142271
3 464 2316 2314 0.278468
3 2314 2316 1486 0.349644
3 2314 1486 1038 0.291677
3 2314 2421 464 0.339973
3 2316 181 1486 0.184956
3 464 1567 1066 0.323697
3 1066 1567 42 0.197225
3 1567 2191 42 0.146479
3 985 2191 111 0.179789
3 985 1385 2191 0.098728
3 2440 985 111 0.263234
3 620 1792 2020 0.422123
3 206 611 1263 0.366142
3 206 800 611 0.305575
3 2497 611 800 0.260504
3 1235 1899 1613 0.418777
3 1613 2552 1235 0.373646
3 1613 206 2552 0.251561
3 206 1613 1120 0.371054
3 2497 800 636 0.261587
3 800 1120 636 0.276263
3 1613 1899 1450 0.454465
3 417 2635 2412 0.071521
3 2412 2635 1786 0.085996
3 1786 1607 2412 0.150798
3 417 2412 753 0.054624
3 1711 417 753 0.049237
3 1580 1918 1607 0.201477
3 75 1409 2207 0.039486
3 1409 75 786 0.037300
3 2503 2611 1195 0.149911
3 1195 2611 1713 0.104256
3 2611 1841 1817 0.067886
3 2358 1538 1248 0.110894
3 1284 2324 1302 0.028409
3 2324 1284 1427 0.022387
3 2389 498 2040 0.138485
3 1662 2389 2532 0.392209
3 427 1662 2532 0.378290
3 427 2532 415 0.605376
3 427 415 2319 0.448025
3 183 399 2612 0.215026
3 2612 399 427 0.268832
3 427 399 1044 0.274459
3 1044 2303 498 0.059385
3 498 2303 2516 0.052106
3 2319 234 2612 0.322948
3 1351 234 2319 0.389497
3 2460 53 865 0.232255
3 53 2460 702 0.298257
3 496 2646 2007 0.278166
3 812 2646 2660 0.448037
3 812 2660 2219 0.492922
3 1650 218 878 0.623163
3 1986 1099 575 0.652839
3 1099 1986 2461 0.714895
3 69 364 454 0.121616
3 454 364 1282 0.163100
3 1453 2360 532 0.184261
3 2360 2349 1067 0.150227
3 735 1465 1522 0.016199
3 1465 662 1522 0.017004
3 2231 1884 2599 0.027225
3 2231 2599 1457 0.025556
3 2231 1937 1198 0.087513
3 1633 958 719 0.209967
3 1388 1603 730 0.295348
3 1633 719 1388 0.191199
3 1388 719 1603 0.235521
3 1953 518 1788 0.242215
3 2393 201 1464 0.088715
3 201 2393 2082 0.091713
3 2621 512 1001 0.228827
3 1287 2114 512 0.098730
3 512 2621 1287 0.110914
3 1178 1860 2356 0.745187
3 1860 1178 2263 0.615059
3 1479 2263 1178 0.318930
3 285 1649 2097 0.805673
3 2097 946 332 0.712933
3 2097 332 279 0.714186
3 2097 279 285 0.715466
3 285 279 2077 0.738485
3 279 114 192 0.531886
3 1295 192 2351 0.494766
3 114 279 332 0.553633
3 361 1032 1789 0.959638
3 361 1789 1380 0.957904
3 2530 1846 1339 0.885558
3 1279 2636 1583 0.969240
3 1583 2636 2565 0.971692
3 2466 573 1459 0.998226
3 1459 692 460 0.995226
3 2448 573 1747 0.998314
3 1769 2179 1646 0.994455
3 1798 951 155 0.970137
3 1093 2584 2206 0.392883
3 2206 2584 1086 0.471237
3 302 1093 2206 0.246513
3 2225 527 1487 0.142103
3 1487 1203 524 0.108657
3 524 1203 1910 0.252207
3 527 1203 1487 0.107118
3 524 1910 853 0.244178
3 524 853 663 0.156469
3 853 1910 2477 0.252026
3 1259 1504 253 0.008784
3 1259 253 252 0.006279
3 252 253 1933 0.005551
3 252 1933 2192 0.002462
3 1259 252 2192 0.003939
3 1259 2192 1466 0.001872
3 1259 1555 1504 0.008339
3 1504 1933 253 0.008274
3 1466 1934 41 0.006482
3 41 775 1466 0.004476
3 1594 41 799 0.008128
3 2589 799 41 0.007977
3 358 519 1635 0.016382
3 1635 2388 2140 0.028260
3 1635 2140 358 0.023286
3 358 2140 1210 0.037695
3 1210 204 358 0.018857
3 358 204 519 0.011792
3 1867 1230 2220 0.122905
3 1867 2391 2088 0.063837
3 1867 2220 2391 0.184362
3 1634 1613 1450 0.619089
3 1634 1225 636 0.431177
3 1634 636 1120 0.304513
3 1634 1120 1613 0.439465
3 11 1924 902 0.147478
3 892 394 1173 0.029432
3 394 892 1711 0.033494
3 892 1173 2310 0.024450
3 382 554 98 0.058156
3 554 382 753 0.037558
3 554 753 2412 0.070181
3 2412 1607 554 0.116823
3 271 396 1648 0.031181
3 539 271 1648 0.038799
3 1571 2207 1372 0.064136
3 1571 1372 641 0.050343
3 1571 641 1648 0.041245
3 1648 641 539 0.040728
3 271 539 2267 0.033315
3 271 2267 396 0.029087
3 1648 396 2434 0.051623
3 1571 1648 2434 0.047112
3 1571 1918 2207 0.060523
3 539 641 992 0.048593
3 786 869 1409 0.032255
3 2207 1409 2577 0.058476
3 1768 1299 1835 0.081524
3 855 1248 216 0.105571
3 308 2324 2546 0.044910
3 2387 308 2546 0.056197
3 2546 937 815 0.013068
3 1427 2546 2324 0.025488
3 2170 1843 2003 0.005722
3 937 2170 2003 0.005289
3 2170 937 2546 0.006649
3 2170 2546 1427 0.013489
3 1427 196 1843 0.017174
3 1539 1679 489 0.049796
3 489 1679 654 0.050387
3 1539 2269 1679 0.058694
3 895 2303 1044 0.079561
3 895 1044 399 0.158475
3 895 399 183 0.181324
3 299 2601 1431 0.058149
3 1622 299 1431 0.047826
3 1060 2386 1561 0.063026
3 565 1561 2386 0.064012
3 1484 1974 1733 0.077259
3 1733 2386 1484 0.111781
3 890 1913 1034 0.069511
3 1218 255 1591 0.005760
3 1218 509 422 0.012040
3 1218 422 255 0.010800
3 255 422 1229 0.005198
3 255 1229 1624 0.006423
3 255 1624 1591 0.004323
3 1218 1591 761 0.007391
3 1218 761 2306 0.010288
3 1218 2306 509 0.011245
3 1645 2138 2257 0.010504
3 1211 739 2599 0.012704
3 2599 1908 1211 0.014077
3 2336 2042 1908 0.018810
3 1908 2042 1211 0.023777
3 729 1927 986 0.043401
3 1628 1095 1610 0.048208
3 1628 1610 1242 0.045318
3 1610 1095 901 0.036244
3 1095 1628 1577 0.037277
3 1927 1095 1577 0.027378
3 1927 901 1095 0.027527
3 1341 2372 2322 0.034768
3 2481 257 1341 0.101720
3 1341 257 2372 0.066745
3 2501 2372 257 0.110217
3 1287 2621 146 0.119857
3 2028 146 2621 0.117820
3 2621 2647 2028 0.340433
3 2647 1860 208 0.720431
3 420 1443 1110 0.719035
3 420 1110 175 0.776894
3 1443 420 2431 0.727798
3 1443 2431 1189 0.771880
3 192 1295 2283 0.509033
3 2283 1295 1987 0.660128
3 2312 1987 1295 0.606898
3 1537 1200 1572 0.332335
3 2312 1200 1537 0.377828
3 350 2351 114 0.491491
3 114 332 350 0.641472
3 350 332 946 0.610224
3 378 2111 2274 0.632216
3 927 823 1100 0.796230
3 927 1100 1807 0.837960
3 1460 1008 29 0.867260
3 29 1686 1460 0.901763
3 2252 1020 2173 0.965477
3 2173 1020 478 0.979145
3 478 1020 810 0.988143
3 810 1020 289 0.984096
3 882 856 1619 0.991465
3 1619 478 882 0.984933
3 810 882 478 0.987775
3 478 1619 2173 0.971695
3 882 1270 856 0.994542
3 2121 1113 1691 0.994307
3 632 2633 2121 0.996303
3 83 1036 435 0.991696
3 1507 435 1036 0.993430
3 435 1507 1530 0.995884
3 1597 2179 1283 0.981804
3 1597 1283 2627 0.976117
3 1142 2620 2473 0.899067
3 1345 2339 1799 0.756064
3 1799 1752 1345 0.829420
3 1345 1752 2620 0.900006
3 706 1874 1876 0.245114
3 1556 1477 453 0.012233
3 56 1046 117 0.013501
3 405 1046 852 0.010431
3 852 1046 56 0.009386
3 204 672 519 0.013998
3 519 672 1323 0.009279
3 852 1323 672 0.007501
3 915 1772 785 0.022637
3 915 785 1059 0.023482
3 457 605 2297 0.052484
3 290 463 1900 0.050971
3 2141 1106 1335 0.169855
3 987 1318 1516 0.073291
3 225 1318 1456 0.075377
3 225 1516 1318 0.073456
3 2310 1558 1716 0.036083
3 1972 1168 1305 0.028812
3 1072 1972 1305 0.029195
3 1972 1558 2310 0.030395
3 1972 2310 1168 0.041534
3 1194 1762 1392 0.053765
3 536 359 2064 0.045593
3 359 536 2609 0.023079
3 359 2609 1574 0.025545
3 1574 2609 309 0.029567
3 309 2387 1574 0.064854
3 2387 309 367 0.024628
3 2609 536 1565 0.021748
3 1409 2567 2577 0.039419
3 815 1422 1574 0.012996
3 1265 1574 1422 0.017925
3 2064 1265 336 0.028173
3 1399 2064 336 0.035208
3 1399 336 414 0.041054
3 336 481 414 0.084232
3 414 609 1399 0.042972
3 336 1265 1422 0.044420
3 336 1422 481 0.111044
3 481 2003 414 0.046516
3 196 1408 1843 0.031519
3 877 2188 2296 0.082691
3 817 231 1137 0.036548
3 750 231 1493 0.024709
3 1493 231 817 0.027509
3 2016 231 750 0.047474
3 231 2016 1079 0.060638
3 231 1079 1137 0.054543
3 1137 1079 152 0.046686
3 152 1079 1851 0.054778
3 1733 1974 817 0.054077
3 1048 1493 1550 0.043855
3 1550 890 256 0.020167
3 1550 256 1048 0.037177
3 1550 1974 890 0.050742
3 1034 248 256 0.047603
3 1034 256 890 0.045407
3 1974 1913 890 0.058177
3 1048 256 248 0.033161
3 1048 248 1015 0.042830
3 1048 1015 2124 0.058722
3 1051 1732 1866 0.022840
3 638 1984 1617 0.018037
3 2108 1368 1508 0.016287
3 2108 1615 1368 0.019788
3 1508 1368 2138 0.011964
3 2308 1967 2175 0.023780
3 2308 2175 1214 0.017432
3 2253 1970 1615 0.012563
3 1967 224 2253 0.023202
3 2253 224 1970 0.017500
3 2648 503 1834 0.016386
3 503 2648 2092 0.014694
3 2107 2092 2299 0.012504
3 1242 2322 755 0.058251
3 1999 1121 2073 0.045513
3 441 1698 1121 0.128675
3 441 1121 1999 0.081935
3 400 1677 2431 0.549815
3 445 1521 1562 0.613509
3 445 1562 1011 0.648367
3 2514 1011 1562 0.717794
3 534 229 873 0.370698
3 229 1262 873 0.470967
3 2430 1262 229 0.366666
3 1794 2430 229 0.306532
3 229 534 1397 0.310318
3 100 337 1796 0.302281
3 1147 2194 2249 0.188356
3 2194 1147 1787 0.143934
3 2359 2249 2194 0.331634
3 2249 2438 1147 0.214097
3 1147 485 1787 0.156667
3 485 2438 1745 0.313671
3 2438 485 1147 0.160084
3 2359 1653 1807 0.662717
3 2438 2249 233 0.323817
3 233 2249 2359 0.377716
3 233 2359 1807 0.650968
3 485 752 718 0.205209
3 485 718 1787 0.168628
3 718 752 2590 0.275005
3 1008 2250 2590 0.521844
3 1332 1602 1894 0.484260
3 1608 360 2239 0.574882
3 1608 2239 329 0.577128
3 329 236 1608 0.434534
3 1608 236 2137 0.516267
3 2252 2437 1105 0.892638
3 320 1478 2173 0.947057
3 1619 320 2173 0.970783
3 2437 2173 1478 0.918238
3 81 2017 1600 0.976230
3 81 1600 1446 0.988533
3 1446 1529 1478 0.969284
3 1529 1446 1600 0.986994
3 2085 2035 1529 0.964101
3 2085 1529 1600 0.971527
3 2085 1600 945 0.950717
3 945 1600 2017 0.961958
3 1529 1149 1478 0.955007
3 1149 1529 2035 0.959569
3 945 451 2085 0.953681
3 1609 2562 2156 0.684143
3 598 2156 2562 0.691467
3 1609 2156 2235 0.831516
3 1609 1277 2562 0.796947
3 2480 2562 1277 0.733457
3 2480 1277 1190 0.790452
3 1221 2337 1131 0.898433
3 1221 1131 733 0.910438
3 1707 1221 733 0.938175
3 99 1707 2627 0.970849
3 1728 99 1969 0.925701
3 177 2464 1314 0.527265
3 2464 1771 2160 0.249000
3 790 47 2270 0.165679
3 138 164 1938 0.010923
3 2409 2543 138 0.018743
3 2561 2595 1027 0.011321
3 457 711 876 0.018048
3 508 2286 251 0.009608
3 424 508 251 0.019564
3 424 251 494 0.013405
3 251 383 494 0.027015
3 424 494 1621 0.023551
3 1362 424 1621 0.020449
3 424 1362 508 0.018622
3 251 2286 383 0.019665
3 1900 184 1734 0.066031
3 1943 1734 184 0.096806
3 184 1394 1943 0.135092
3 1394 184 1106 0.128087
3 1394 1106 2141 0.163940
3 1394 2141 608 0.283515
3 2158 1943 2237 0.071901
3 1470 1760 1957 0.100754
3 1716 217 1541 0.037024
3 1541 217 2407 0.036436
3 1374 2407 2271 0.020185
3 1716 2271 217 0.031130
3 660 1047 118 0.009856
3 118 684 660 0.010288
3 660 684 1868 0.014943
3 660 1868 912 0.018819
3 912 1047 660 0.020521
3 912 1563 1047 0.023213
3 1047 845 118 0.014931
3 2064 957 536 0.096661
3 1565 536 957 0.050863
3 872 1570 535 0.132178
3 1991 535 1570 0.112003
3 1991 1570 2016 0.089439
3 555 278 167 0.048068
3 167 278 540 0.069259
3 167 2352 555 0.063599
3 278 555 376 0.058816
3 278 376 655 0.076217
3 540 278 655 0.082466
3 167 2183 2352 0.092270
3 1015 2183 2124 0.075185
3 528 130 2290 0.004318
3 1873 130 528 0.005988
3 130 1873 80 0.007013
3 130 80 2290 0.004877
3 1390 954 981 0.004383
3 1390 981 2290 0.004950
3 1984 1390 1617 0.011931
3 1227 1617 1390 0.011234
3 1535 1163 1269 0.009219
3 2253 2108 2175 0.030604
3 503 2107 2051 0.010130
3 2043 1141 1257 0.021745
3 418 829 1724 0.033194
3 1724 1778 1911 0.036712
3 1724 1911 418 0.033705
3 1724 590 1778 0.052603
3 501 282 2233 0.297104
3 1125 2233 282 0.185117
3 813 2233 1999 0.132485
3 441 1999 2233 0.135054
3 441 2233 1698 0.142388
3 501 2127 2032 0.207348
3 813 1999 979 0.066198
3 979 2127 501 0.143374
3 979 501 813 0.106487
3 1054 176 1514 0.413101
3 1514 176 2452 0.304261
3 899 176 1054 0.240613
3 2309 613 1904 0.114012
3 1405 1904 613 0.190616
3 803 1960 2005 0.245191
3 803 1375 1386 0.147036
3 837 2498 980 0.288348
3 1787 543 934 0.149362
3 934 543 2498 0.201673
3 543 718 1176 0.254884
3 718 543 1787 0.122072
3 1332 1352 699 0.408722
3 619 1332 699 0.342550
3 795 1842 2623 0.878651
3 1149 2035 2658 0.890949
3 1581 1149 491 0.734045
3 1149 2658 491 0.775343
3 762 1115 2553 0.620931
3 266 1706 2518 0.851734
3 266 1398 1706 0.910193
3 2177 1756 2580 0.228836
3 2480 627 2177 0.476331
3 467 2068 1053 0.386574
3 1053 2068 1942 0.572018
3 2464 177 1942 0.618331
3 2161 2320 1739 0.074235
3 1177 994 538 0.031491
3 1177 538 670 0.029999
3 670 538 2265 0.032861
3 670 1410 1177 0.016616
3 1623 1177 1410 0.021109
3 1177 1623 375 0.036844
3 1177 375 994 0.044919
3 375 1623 789 0.044072
3 1410 1138 1623 0.029791
3 2047 910 1258 0.015095
3 1123 2547 1384 0.012272
3 2022 1123 1384 0.013819
3 1123 2022 2084 0.021821
3 2436 542 2286 0.015809
3 2436 2547 542 0.013039
3 2436 2286 2365 0.010318
3 1384 2547 2436 0.011447
3 430 1723 1661 0.008820
3 1661 2365 430 0.008080
3 1661 1384 2436 0.013919
3 1661 2436 2365 0.009047
3 1552 1349 1362 0.016834
3 2365 1362 1349 0.011999
3 1552 2657 2381 0.018262
3 2300 1199 1482 0.199225
3 1199 2300 159 0.188738
3 159 2300 1935 0.144618
3 159 936 1199 0.149248
3 936 159 2000 0.143638
3 1935 2000 159 0.157188
3 2167 1298 599 0.048728
3 599 1298 2513 0.106506
3 1865 1795 708 0.160017
3 2540 2011 1374 0.016382
3 2407 1374 2011 0.021180
3 2432 1517 2202 0.036240
3 2432 2202 1955 0.021024
3 2432 1780 1517 0.051300
3 1517 1780 831 0.036396
3 1517 831 2202 0.056394
3 2202 831 1491 0.035293
3 1491 831 2575 0.055385
3 2369 1784 1916 0.089274
3 2369 2417 1784 0.126380
3 2172 376 1810 0.057347
3 376 2172 1991 0.067308
3 465 537 2172 0.042410
3 465 2168 537 0.036081
3 537 602 2172 0.050972
3 2168 465 1810 0.034858
3 1810 465 2172 0.043398
3 1810 2352 2168 0.080530
3 1310 2004 2476 0.006408
3 2476 2004 1183 0.007975
3 2091 981 954 0.004371
3 2343 981 2091 0.002691
3 2304 2091 1269 0.005548
3 1535 1269 2091 0.008823
3 1269 633 295 0.004765
3 1269 295 2304 0.004852
3 2550 412 2211 0.002207
3 2211 412 574 0.004732
3 452 1297 941 0.003047
3 1770 1257 1141 0.052424
3 1439 1920 18 0.139187
3 1770 18 1920 0.182052
3 243 1439 425 0.122778
3 243 425 1604 0.095243
3 243 1604 2015 0.102522
3 243 2015 1439 0.126288
3 1604 425 1091 0.060104
3 929 1543 1757 0.050128
3 929 1757 318 0.052244
3 2030 2118 2435 0.026395
3 798 2435 1144 0.049029
3 1158 798 1247 0.034356
3 1144 2435 1825 0.037044
3 1448 2435 798 0.051655
3 1448 1911 1746 0.073034
3 1448 1746 2030 0.092687
3 1448 2030 2435 0.051817
3 242 235 246 0.170252
3 242 246 531 0.092827
3 681 235 242 0.099627
3 343 1240 2032 0.224049
3 1568 475 899 0.128655
3 899 475 2452 0.141520
3 126 1445 2275 0.099119
3 2275 1445 646 0.097232
3 646 1445 2489 0.068650
3 2489 1445 562 0.055487
3 1452 1118 85 0.174531
3 1960 2145 380 0.205918
3 2145 2615 2292 0.086745
3 1915 2145 1386 0.173416
3 1386 2145 803 0.225724
3 1915 2311 2145 0.128041
3 1511 30 1249 0.263128
3 1300 30 1511 0.244484
3 707 569 2279 0.157193
3 1438 1596 1035 0.029095
3 1286 1035 1596 0.061428
3 1035 2638 1438 0.029590
3 2572 784 2063 0.204889
3 1476 773 2063 0.472624
3 1476 2063 784 0.386082
3 63 1476 784 0.452397
3 1931 1425 2273 0.703039
3 2002 43 1831 0.851606
3 2002 409 43 0.786469
3 43 409 392 0.520238
3 43 392 13 0.522130
3 43 13 1831 0.568217
3 1831 13 904 0.642346
3 904 834 2553 0.539344
3 2553 834 51 0.463671
3 2553 51 240 0.442674
3 2553 240 1000 0.496575
3 240 51 1250 0.517434
3 269 392 409 0.453049
3 1250 51 834 0.494359
3 266 2518 143 0.799825
3 266 143 595 0.840447
3 1614 2002 1523 0.928194
3 423 1043 2504 0.510632
3 423 2504 19 0.466867
3 423 19 1000 0.451509
3 1614 1523 2504 0.850927
3 2504 1043 272 0.602245
3 272 1043 1050 0.470281
3 272 1050 1614 0.784868
3 272 1614 2504 0.830703
3 2628 1931 2640 0.739779
3 2199 2486 2321 0.331595
3 2067 2321 2486 0.296912
3 2067 2486 1014 0.279553
3 1261 1237 561 0.260138
3 2375 2150 1273 0.365559
3 1455 1554 1657 0.155749
3 1554 134 303 0.184990
3 1657 1554 303 0.178031
3 1657 303 157 0.209573
3 1657 157 2375 0.210908
3 1657 2375 1455 0.213412
3 1455 1755 1554 0.134658
3 1554 1275 134 0.254121
3 2150 303 134 0.177417
3 303 2150 157 0.251361
3 1455 1827 473 0.048127
3 634 1781 316 0.089298
3 316 1781 2425 0.110707
3 316 2425 2060 0.135958
3 316 2060 634 0.098757
3 746 1781 2099 0.069090
3 2099 1781 2500 0.061585
3 2099 194 2026 0.079968
3 194 1280 2026 0.054282
3 2026 1280 1320 0.040919
3 2026 1320 1306 0.039501
3 1306 1320 1751 0.023819
3 145 2217 375 0.067393
3 145 375 789 0.093442
3 410 145 2510 0.070275
3 789 2510 145 0.095840
3 145 410 2217 0.057404
3 448 2044 1720 0.092227
3 1744 1181 1978 0.027192
3 2022 2585 2084 0.028030
3 2143 2130 1268 0.043957
3 529 2130 1145 0.123060
3 2130 529 1268 0.068669
3 893 2300 2034 0.092715
3 1098 1889 2240 0.096456
3 2240 1889 490 0.081645
3 708 1423 173 0.075698
3 2346 1838 1381 0.063456
3 2142 2087 1838 0.035753
3 2247 1854 1412 0.142077
3 211 330 2202 0.059951
3 211 2202 1491 0.036842
3 211 1491 2187 0.026795
3 211 2187 330 0.030364
3 517 1684 2397 0.029984
3 178 1669 1151 0.007227
3 1151 2004 15 0.004500
3 1151 15 178 0.005307
3 178 629 1669 0.012182
3 2343 1213 2004 0.002557
3 1310 2343 2004 0.004656
3 576 629 2406 0.006154
3 2406 629 178 0.004973
3 2406 15 2004 0.003459
3 2406 2304 1321 0.002556
3 2406 1321 576 0.003364
3 506 2508 628 0.015460
3 2550 2508 506 0.005808
3 2508 1940 628 0.018072
3 2457 847 163 0.006305
3 1257 1770 476 0.031809
3 1257 476 1160 0.011764
3 1393 1575 1966 0.244153
3 1393 1966 1802 0.219979
3 1802 1994 1393 0.164990
3 1393 1994 1575 0.196439
3 67 456 2109 0.241824
3 245 1243 2521 0.085670
3 1895 245 2521 0.077017
3 1247 1144 34 0.031195
3 1144 1825 34 0.031352
3 1447 1108 2076 0.102879
3 1946 1447 2076 0.124722
3 694 2112 1461 0.108480
3 1461 2112 1244 0.147166
3 2489 2624 398 0.039183
3 398 2341 526 0.036202
3 2404 1294 2209 0.061814
3 2209 1294 645 0.070968
3 2292 2615 2008 0.096081
3 2334 2311 843 0.098180
3 843 2311 150 0.180930
3 2468 1915 1666 0.292721
3 2572 582 1596 0.089058
3 582 1286 1596 0.171702
3 82 544 1435 0.631957
3 950 1435 1333 0.401248
3 950 82 1435 0.488496
3 82 950 461 0.606636
3 82 461 2631 0.888082
3 2631 544 82 0.876981
3 544 1926 1435 0.847165
3 2485 905 1931 0.561368
3 228 2321 2067 0.339689
3 1983 2382 171 0.197407
3 1983 171 2260 0.235260
3 2622 171 2382 0.150964
3 2486 238 2215 0.314244
3 2486 2215 1014 0.398471
3 2284 2622 683 0.168410
3 2284 1055 783 0.137872
3 783 2287 2284 0.141286
3 2113 480 1593 0.239782
3 1593 480 1013 0.267341
3 1593 1013 2150 0.477843
3 2150 1029 1593 0.255065
3 1013 480 469 0.431603
3 1013 1273 2150 0.448168
3 1755 999 1275 0.171053
3 2113 1275 999 0.244672
3 473 470 1455 0.051244
3 1455 470 1755 0.069361
3 170 928 1224 0.051815
3 170 1224 983 0.064030
3 170 2115 928 0.055995
3 2190 321 921 0.090366
3 2132 2190 1454 0.096222
3 1917 921 321 0.159457
3 321 2190 1308 0.097814
3 1308 2190 1547 0.103639
3 1917 2229 1278 0.238182
3 2418 199 618 0.107534
3 618 199 1853 0.242564
3 2200 1751 2510 0.034150
3 1513 1320 1280 0.019257
3 1280 2217 1513 0.023348
3 1611 2447 1800 0.146548
3 325 1611 940 0.111864
3 325 940 1814 0.083177
3 325 1814 273 0.152621
3 325 273 2447 0.187141
3 325 2447 1611 0.186879
3 2447 273 1785 0.276227
3 2478 1785 273 0.225072
3 2478 273 1814 0.144743
3 1680 1703 2478 0.142445
3 1680 2478 1492 0.064348
3 1680 1145 1703 0.079073
3 1525 642 2130 0.210699
3 887 919 1009 0.280823
3 1342 1009 413 0.294152
3 413 1009 919 0.285155
3 2459 219 284 0.186222
3 284 219 2031 0.156912
3 1684 628 1940 0.022559
3 1966 2350 1802 0.468473
3 2350 1966 603 0.418157
3 314 679 108 0.367938
3 314 603 335 0.579853
3 314 108 603 0.373399
3 679 1549 413 0.363681
3 679 413 108 0.407497
3 2163 560 2519 0.212762
3 1468 232 2098 0.138279
3 1468 2098 1534 0.220299
3 1468 1534 28 0.288156
3 2163 28 1534 0.231923
3 2163 195 801 0.191535
3 2169 801 195 0.124316
3 2062 870 1641 0.101393
3 1641 870 232 0.106532
3 1468 1641 232 0.156667
3 1174 1548 2098 0.065118
3 1174 2098 802 0.069222
3 57 1174 802 0.127597
3 2505 1859 687 0.098445
3 2354 1946 2076 0.118768
3 2354 2076 1683 0.124793
3 694 1461 1683 0.127979
3 1461 1903 691 0.168605
3 1417 334 1763 0.242185
3 1317 197 645 0.051431
3 197 1317 1329 0.021995
3 197 1329 2209 0.037436
3 197 2209 645 0.078515
3 2665 1858 2268 0.057989
3 2334 1951 2154 0.160265
3 2583 968 2568 0.218006
3 1631 1557 772 0.525118
3 2631 2483 1344 0.901573
3 461 2226 2631 0.928162
3 2226 461 950 0.664824
3 2266 2146 520 0.793191
3 1481 2419 1592 0.495812
3 2419 1481 1030 0.611324
3 357 406 37 0.254463
3 37 406 2260 0.175915
3 37 714 357 0.262201
3 357 1956 406 0.420959
3 406 1956 1886 0.468533
3 1886 2260 406 0.237814
3 2622 2576 1102 0.094383
3 2260 1102 471 0.296306
3 2576 2284 2287 0.120626
3 983 2576 2287 0.084646
3 1474 999 470 0.049165
3 999 1474 2606 0.056385
3 2576 1311 1102 0.088979
3 1102 1311 471 0.182951
3 1216 1665 1278 0.217197
3 1216 1278 1496 0.195255
3 1216 1496 533 0.233156
3 1496 1278 2229 0.198702
3 1496 2229 804 0.184443
3 1216 102 1665 0.178493
3 297 1454 2190 0.061609
3 297 2190 921 0.067096
3 297 921 1278 0.086050
3 297 1278 1665 0.100817
3 297 1665 1107 0.091762
3 297 1107 1454 0.054325
3 397 1551 1956 0.490358
3 523 397 1956 0.367384
3 1370 1674 1346 0.303002
3 1061 1370 1346 0.483623
3 1061 1346 2613 0.323729
3 2613 1346 732 0.302008
3 631 732 1674 0.242005
3 1346 1674 732 0.304902
3 2429 2009 867 0.373181
3 1845 1890 2418 0.116133
3 2418 1890 199 0.207006
3 1890 1845 1803 0.111991
3 1132 1803 1638 0.236595
3 1877 2445 2537 0.379411
3 323 1534 477 0.159011
3 323 195 2163 0.164889
3 323 2163 1534 0.167561
3 1534 2098 477 0.174701
3 323 477 195 0.165147
3 195 477 2169 0.101632
3 1930 300 52 0.176862
3 1930 1418 1659 0.280935
3 300 1930 1659 0.231967
3 300 1659 200 0.269170
3 300 200 1618 0.149858
3 1659 1418 2416 0.229014
3 200 1659 1948 0.333117
3 1659 2416 1948 0.315547
3 200 1948 1618 0.186839
3 300 1618 52 0.210459
3 52 1618 2474 0.318930
3 52 2474 1930 0.259536
3 1930 2223 1418 0.196023
3 1418 2110 2416 0.160465
3 2600 1740 1948 0.212587
3 572 2600 1948 0.264310
3 572 2454 2600 0.287088
3 1564 2488 2204 0.112041
3 1119 926 626 0.062862
3 1119 626 920 0.102131
3 1119 920 1293 0.143575
3 1119 2488 926 0.100503
3 1414 374 122 0.023776
3 1012 168 2641 0.020353
3 1644 1012 978 0.081211
3 1012 1644 12 0.081217
3 1012 12 168 0.031699
3 553 2148 988 0.072123
3 149 553 835 0.048532
3 835 553 327 0.067498
3 327 553 988 0.071355
3 1632 1832 1334 0.266734
3 1632 1334 327 0.149765
3 1632 327 988 0.213145
3 327 1334 835 0.083770
3 749 1832 1632 0.474767
3 2433 588 1150 0.677526
3 779 2122 1366 0.877314
3 515 1358 2338 0.574551
3 515 2338 975 0.511843
3 515 975 614 0.573317
3 1358 515 2564 0.738509
3 1737 2189 221 0.412081
3 2394 1292 2613 0.624252
3 747 1682 556 0.133378
3 747 556 2189 0.193020
3 2515 911 1152 0.267363
3 911 2515 688 0.174916
3 911 688 1808 0.142032
3 1152 911 2182 0.236113
3 2405 1170 1363 0.634590
3 2405 1822 2342 0.590291
3 2405 2342 35 0.602431
3 2405 35 1170 0.710486
3 2405 1363 77 0.660362
3 1170 263 1363 0.461560
3 1170 2180 263 0.452346
3 1363 263 2420 0.418520
3 263 2009 2420 0.428035
3 1363 2420 77 0.377667
3 1170 35 2180 0.368363
3 263 2180 2009 0.430372
3 2429 1670 2009 0.435285
3 2009 1670 2420 0.383606
3 1132 2243 913 0.476489
3 2243 1132 1849 0.418686
3 2559 550 2456 0.207007
3 2174 2243 2347 0.449024
3 2347 1253 2174 0.512723
3 2174 1253 1822 0.384826
3 2065 1590 622 0.360358
3 2065 622 116 0.425737
3 1590 2065 947 0.236814
3 622 139 116 0.534182
3 116 2526 2065 0.320210
3 1948 1740 2526 0.289418
3 2251 972 1883 0.193962
3 626 2467 920 0.104234
3 1293 920 2467 0.124506
3 612 440 1146 0.154862
3 612 1146 1379 0.217246
3 2125 305 1326 0.143261
3 1326 835 2125 0.088248
3 2125 835 1334 0.060647
3 239 1150 1533 0.338967
3 1533 588 97 0.574554
3 97 2106 1533 0.407171
3 1498 1056 449 0.771682
3 1905 1056 1498 0.605282
3 1905 567 1056 0.470465
3 2491 2264 975 0.350561
3 2491 975 2338 0.450012
3 1402 2338 1303 0.439579
3 2515 606 972 0.189962
3 127 2515 1152 0.479679
3 2515 127 606 0.315441
3 947 606 127 0.224296
3 1379 261 486 0.249871
3 1379 970 261 0.359309
3 261 970 1905 0.393820
3 261 1905 486 0.411788
3 1379 486 612 0.192858
3 1379 1146 970 0.310919
3 2061 970 1146 0.273197
3 2106 293 1533 0.364487
3 2106 2061 293 0.326961
3 1533 293 239 0.369634
3 2261 423 240 0.423399
3 240 423 1000 0.396313
3 1179 2261 1672 0.408548
3 1 1179 1672 0.454693
3 1 1672 409 0.386861
3 1 409 2002 0.793445
3 938 2006 1975 0.141575
3 1130 2198 1650 0.593463
3 500 1650 2198 0.543255
3 2587 2198 1130 0.766630
3 834 904 298 0.515251
3 1250 834 298 0.524341
3 1250 298 269 0.411062
3 269 298 392 0.484613
3 298 904 13 0.619376
3 298 13 392 0.589522
3 1931 2628 2649 0.533064
3 1931 2649 2485 0.492912
3 2156 2541 2655 0.948804
3 1035 2185 2650 0.040228
3 1035 2650 2638 0.018005
3 1847 2400 2652 0.712148
3 1847 2652 1373 0.766576
3 496 2305 2660 0.485005
3 496 2660 2646 0.419674
3 2350 998 2651 0.170811
3 2350 2651 1802 0.207921
3 398 2624 2653 0.039395
3 398 2653 1329 0.024045
3 185 880 2656 0.066961
3 185 2656 2270 0.068860
3 1246 2222 2654 0.019393
3 1246 2654 2259 0.017990
3 1621 886 2657 0.015824
3 1621 2657 1552 0.013879
3 769 969 2659 0.166609
3 769 2659 1937 0.144958
3 2350 2667 998 0.280266
3 331 2666 2455 0.315613
3 910 1234 2663 0.011608
3 910 2663 962 0.007965
3 580 1764 2661 0.353693
3 580 2661 2495 0.284521
3 339 491 2658 0.722482
3 339 2658 1389 0.855717
3 774 2637 2662 0.013431
3 774 2662 971 0.019246
3 2148 2641 2665 0.064126
3 2148 2665 896 0.094280
3 2655 2633 2664 0.984037
3 2655 2664 2156 0.948883
