ply
format ascii 1.0
comment Generated by PyMesh
element vertex 2837

property float x
property float y
property float z
property float charge
property float hbond
property float hphob
property float nx
property float ny
property float nz
property uchar red
property uchar green
property uchar blue
element face 5670
property list uchar int vertex_indices
property float predict_score

end_header
39.494 19.513 31.145 -0.463368 0 -0.7 0 -0.882015 0.44991 13 13 255
58.848 35.769 33.081 0.0611917 0.721999 -3.5 0 0.549089 0.735497 56 56 255
50.7695 32.675 31.3725 -0.622155 0 -3.5 0 -0.938818 0.229104 194 194 255
50.031 8.717 27.1815 -0.415167 0 4.5 0 0.752923 0.373568 110 110 255
64.4715 28.4815 37.5825 -0.839791 -0.838127 -3.51343 1 0.95027 -0.278655 255 22 22
54.3815 14.05 45.469 0.252705 0.0223069 -1.38729 0 0.398193 0.329605 174 174 255
41.923 23.379 28.6 -1.09145 -0.626683 -3.5 0 -0.40671 -0.26442 129 129 255
64.006 29.373 22.7235 -1.40636 -0.0203825 -3.5 0 0.736165 0.46907 94 94 255
51.0425 5.3365 39.894 0.213788 0.295693 -3.4116 0 -0.472913 -0.839727 24 24 255
60.035 22.641 19.985 -0.247622 0 -0.7 0 0.108789 0.935182 255 194 194
52.1635 24.2475 50.8135 0.197771 0 -3.5 0 0.6517 -0.514063 255 156 156
37.654 4.1965 28.882 0.603649 0 -4.5 0 -0.889913 -0.415939 10 10 255
55.2375 25.95 39.6695 -0.820114 0 -0.9 0 -0.67005 -0.730479 48 48 255
43.633 18.5935 49.873 0.256443 0 -3.5 0 -0.791786 -0.584364 13 13 255
59.6765 -2.869 27.244 -1.59727 -0.932462 -0.4 0 0.419512 0.0649402 91 91 255
49.595 1.985 34.5985 -1.14202 -0.960459 -0.7 0 -0.556759 -0.830497 86 86 255
57.906 2.6905 34.7725 -0.109065 0 4.5 0 0.777163 0.40943 197 197 255
64.236 12.937 18.796 -0.157364 0 -3.5 0 0.75581 -0.102465 168 168 255
55.851 33.515 28.4875 -1.38715 -0.769808 -3.5262 0 -0.604318 -0.0252484 27 27 255
59.294 12.5345 46.9155 0.231762 0 4.5 0 -0.160924 -0.371505 255 141 141
64.037 14.718 27.618 -0.149602 0 4.5 1 0.29832 0.576661 255 7 7
57.8375 29.737 20.4005 -1.82679 -0.0328494 -3.5 0 0.255297 -0.0683313 9 9 255
61.058 9.486 32.75 0.573183 0.94793 -0.707419 1 0.27216 0.33467 255 3 3
46.3128 19.8178 50.796 -0.118067 0 -3.5 0 0.736874 -0.331046 63 63 255
49.114 5.4 36.7525 0.184656 0.0669313 -3.22616 0 -0.0900425 -0.632415 44 44 255
61.4125 34.931 30.082 -0.637547 0 2.8 0 0.220234 0.973682 137 137 255
53.405 9.282 19.481 -0.384741 0 -1.3 0 0.646137 0.0533203 221 221 255
42.82 2.5905 24.9865 -0.180008 0.169659 -2.45233 0 -0.745379 -0.142188 28 28 255
35.709 21.534 49.705 1.46589 0 -0.4 0 -0.919587 -0.291603 3 3 255
65.407 8.052 25.233 -0.257237 0 -0.4 1 0.424176 -0.415714 255 153 153
58.506 -4.2595 27.9285 -1.55593 -0.9326 -0.4 0 -0.619653 -0.684263 60 60 255
62.117 21.117 17.486 -0.283973 0 -0.7 0 0.240889 0.220978 255 45 45
52.3205 16.786 30.365 -0.573105 0 3.88033 0 0.53323 -0.249593 20 20 255
46.064 1.0175 16.4065 -1.52725 -0.756841 -3.5 0 -0.770993 -0.454259 170 170 255
59.968 1.9885 28.864 -0.297651 0 1.8 0 0.987739 -0.109775 98 98 255
43.313 19.538 49.782 -0.346547 0 -3.5 0 -0.962676 -0.209351 13 13 255
57.587 14.964 46.423 1.15939 0.810283 4.5 0 -0.351322 -0.114161 255 208 208
38.553 17.2845 30.114 -1.31624 -0.898034 -3.5 0 -0.713585 -0.079301 36 36 255
56.9 0.899 28.146 -0.477467 0 1.8 0 -0.621294 -0.63915 48 48 255
58.4485 1.853 35.058 -0.136908 0 4.5 0 0.838952 0.161131 160 160 255
56.5345 35.756 28.2345 -1.08529 0 -3.5 0 -0.382084 0.569851 20 20 255
53.545 18.748 14.422 -0.32592 0 1.8 0 0.653534 -0.177303 255 44 44
61.7332 30.5685 29.4435 -0.922687 0.00724874 -3.2 1 0.873812 -0.43023 245 245 255
54.6652 3.25325 26.8145 -0.3604 0 2.8 0 0.0378429 -0.7751 28 28 255
63.0402 34.2313 30.25 -0.25245 0 2.8 0 0.67844 0.716322 255 237 237
41.378 7.756 34.2098 0.85327 0 1.81598 0 -0.852957 0.000523485 37 37 255
47.6805 28.5917 46.03 -0.0453567 0 4.2 0 -0.150111 0.987464 117 117 255
49.9625 13.9255 32.1177 -0.200764 0 3.8 0 0.478492 -0.634902 17 17 255
54.533 0.095 32.555 -0.29424 0 4.5 0 -0.809426 -0.577574 67 67 255
43.4002 21.813 33.81 -0.174189 0 -3.9 0 -0.925818 0.377963 19 19 255
56.652 36.465 29.321 -1.2808 0 -3.5 0 -0.269342 0.882781 34 34 255
46.6572 29.462 28.166 -0.279109 0 4.2 0 -0.920806 -0.14472 22 22 255
55.0665 15.7577 17.104 -0.733232 -0.00644982 -0.7 0 -0.321523 -0.717535 255 69 69
59.9735 1.7905 32.6465 -1.83219 -0.200595 1.8 0 0.599827 -0.243744 210 210 255
54.872 8.16825 27.6 -0.506054 0 2.5 0 -0.618347 -0.0434888 255 191 191
51.569 18.9275 13.594 -0.294087 0 1.8 0 -0.145752 0.217692 255 26 26
47.9805 28.882 30.4545 -0.204809 0 4.2 0 -0.751272 -0.269378 25 25 255
40.4375 13.4545 32.484 -0.377148 -0.0221545 -3.5 0 -0.0843366 0.572098 58 58 255
57.602 36.867 31.9955 -0.256458 0 -3.5 0 0.449514 0.830998 27 27 255
44.7625 7.8485 19.3945 -0.45368 0 -3.5 0 -0.229314 0.323969 170 170 255
57.5703 25.6357 45.2425 -0.129762 0 4.5 0 -0.570203 0.742328 32 32 255
54.3848 14.7177 23.4657 -2.71881 -0.27635 -3.5 0 0.308736 -0.95108 192 192 255
48.5532 8.21625 42.898 0.225341 0 -0.8 0 -0.686375 0.0464839 33 33 255
65.3842 14.9995 25.509 -0.500272 0 4.5 1 0.678452 0.728187 255 13 13
63.7175 7.156 20.4335 -0.0235816 0 -0.8 0 0.423111 0.104966 32 32 255
51.2298 33.651 36.1147 -1.5418 -0.4344 -0.4 0 -0.9608 -0.0907904 75 75 255
53.5925 31.7115 38.7928 -0.197965 0 3.8 0 -0.824036 0.260353 13 13 255
67.244 15.574 21.785 -0.89654 -0.212285 -0.7 1 0.950949 0.189848 255 5 5
42.3475 20.373 21.025 -1.94815 -0.00280474 -3.5 0 -0.547932 0.278725 33 33 255
50.21 1.112 13.613 -0.666652 0 -3.5 0 0.403203 -0.906029 124 124 255
59.785 1.8495 27.856 -0.377161 0 1.8 0 0.854919 -0.279904 77 77 255
57.2205 16.7875 29.095 -0.641735 0 2.8 0 -0.259114 -0.932732 133 133 255
59.1452 11.7347 26.583 -1.28667 -0.0467836 4.5 0 -0.668238 0.68731 255 213 213
46.4098 27.1012 34.2603 1.58988 0 -3.9 0 0.613387 0.459963 55 55 255
48.5822 1.722 12.8263 -0.466764 0 -3.5 0 -0.443289 -0.460526 101 101 255
51.1 2.99075 12.4963 -1.64523 0 -3.5 0 0.220368 -0.0967456 87 87 255
67.2435 22.7488 43.309 -0.0223089 0 4.5 1 0.917386 -0.240045 255 99 99
67.1576 13.6283 20.9266 0.866869 0.200827 -0.7 0 0.715944 -0.233791 255 23 23
52.3797 27.5263 20.18 -2.24271 -0.581357 -3.5 0 0.586329 0.493847 27 27 255
62.9198 26.0812 26.3365 0.0749213 0 -3.5 1 0.369177 0.0602819 255 37 37
53.3265 2.71425 14.114 -2.41974 -0.715534 -3.5 0 0.889979 -0.403658 72 72 255
44.3915 11.649 38.7815 0.17066 0 -1.6 0 -0.867074 0.303432 162 162 255
53.6473 10.2545 45.2118 -0.0645018 0 -3.5 0 -0.299456 -0.0210128 89 89 255
64.8865 15.8125 35.259 -0.0919872 0 3.8 1 0.819567 0.520363 255 0 0
61.503 33.172 33.527 -0.0334479 0 2.8 0 0.331508 0.72334 255 127 127
61.2145 6.8935 33.8625 -0.403982 0 -0.7 1 0.485168 0.305035 255 18 18
66.699 10.411 21.2245 -1.60769 -0.558042 -0.4 0 0.76809 0.083799 202 202 255
58.3765 20.6975 45.8545 0.405183 0 4.5 0 -0.0806713 -0.259142 255 162 162
52.444 2.65025 26.9975 -0.297044 0 2.8 0 0.574969 -0.771494 56 56 255
43.1572 27.2985 35.828 0.846187 0 -3.9 0 -0.87685 0.383577 39 39 255
60.9905 11.4215 16.2655 -1.65791 -0.00124733 -3.5 0 0.0587352 -0.0664279 255 172 172
44.103 23.904 47.2812 -0.478744 0 -3.5 0 -0.597082 0.720016 9 9 255
59.724 5.233 20.346 -0.345207 0 -0.8 0 -0.845829 -0.338385 60 60 255
64.2755 28.0312 39.667 -0.555324 0.161951 -1.90804 1 0.976502 -0.16719 255 74 74
63.1935 9.60375 18.0615 -0.491705 0 -3.5 0 0.482817 -0.474173 60 60 255
54.2537 23.6255 42.9142 -0.337154 0 4.44889 0 0.202315 0.978754 93 93 255
45.806 21.4785 17.682 -1.45787 -0.498747 -0.8 0 -0.750631 0.507784 52 52 255
58.0065 -3.4625 28.2715 -2.12163 -0.775961 -0.4 0 -0.877711 -0.209401 71 71 255
57.855 12.6315 25.1395 -0.725851 0 4.5 0 -0.679667 0.571472 124 124 255
37.443 16.86 27.683 -0.619386 0 -3.5 0 -0.930227 0.35918 19 19 255
64.0458 18.0572 30.783 -0.106472 0 1.8 1 0.587322 -0.805802 255 1 1
50.166 17.493 24.7135 -1.44499 0 -1.3 0 0.452696 -0.0321002 49 49 255
46.2655 14.0485 13.318 -0.985025 0 -0.8 0 0.196725 -0.851259 255 100 100
60.322 24.0235 47.5718 0.0610412 0 4.5 0 0.182268 0.144576 178 178 255
57.7892 5.10875 36.6693 0.0996763 0 -4.5 0 0.386516 -0.803372 255 200 200
64.4603 13.7545 28.0452 -0.154623 0 4.5 1 0.2105 0.553357 255 1 1
53.976 15.3035 20.9545 -0.995132 0 -3.5 0 -0.101991 -0.994768 255 128 128
41.866 21.874 22.874 -0.634299 0 -3.5 0 -0.853506 0.106726 14 14 255
45.8397 13.8147 37.816 0.646379 0 -1.6 0 -0.905097 0.423905 32 32 255
58.1396 -0.87575 28.3809 -2.16821 0 -0.4 0 -0.710494 0.081301 83 83 255
61.771 17.145 19.2475 -0.101251 0 4.2 0 0.135944 0.0215504 255 162 162
41.3128 5.77475 32.8027 1.86151 0.399359 -2.88946 0 -0.880906 -0.439606 19 19 255
40.9745 8.315 23.4195 -1.12483 0 1.8 0 -0.96486 -0.255696 55 55 255
63.9888 25.909 25.919 -0.814968 0 -3.5 1 0.669243 0.0719802 255 33 33
42.6565 26.575 35.114 -0.00984239 0 -3.9 0 -0.9718 0.151041 33 33 255
68.882 29.598 47.235 -0.181173 0.791306 -3.2 0 0.812987 0.096426 36 36 255
42.8778 22.92 28.4 -1.3757 -0.50417 -3.5 0 -0.269133 -0.272758 122 122 255
60.4915 -2.192 31.2595 -0.39166 0 -0.4 0 0.967013 0.1163 55 55 255
45.318 26.962 27.918 -0.482952 0 -0.8 0 -0.407057 0.791919 40 40 255
49.903 9.2855 19.8312 -0.848498 0 -1.3 0 0.0458615 0.331779 229 229 255
63.163 17.8215 30.0215 0.0415197 0 -0.4 1 0.658595 -0.748426 255 2 2
48.8375 11.7465 30.3228 -0.369033 0 4.5 0 0.835889 0.538961 37 37 255
59.235 11.8647 17.1642 -1.84991 -0.740933 -3.5 0 -0.963304 -0.107261 255 50 50
43.2972 18.844 37.6755 -0.0138151 0 -3.9 0 -0.989625 -0.115517 87 87 255
60.071 17.0035 41.6278 -1.15608 0 4.2 1 0.470327 -0.858632 255 3 3
47.671 4.229 14.0685 -0.64936 0 -3.5 0 -0.536946 0.356297 122 122 255
46.003 9.253 40.655 -0.951226 -0 -1.6 0 -0.760201 -0.156821 118 118 255
43.6035 28.4385 36.298 1.5143 0.453651 -3.9 0 -0.800121 0.548901 50 50 255
48.3778 23.869 51.823 0.724844 0 -3.5 0 -0.265986 -0.0808595 103 103 255
49.414 18.5835 15.006 -0.885265 -0.824536 1.8 0 -0.0552214 0.405347 255 77 77
43.9435 -1.0235 28.133 -1.37973 0 -3.5 0 -0.442069 -0.520427 30 30 255
38.923 11.067 29.024 -0.888115 -0.129728 -4.5 0 -0.819713 0.274241 18 18 255
61.3623 34.54 31.4083 -0.639216 0 2.8 0 0.113842 0.932865 255 254 254
60.2335 23.262 21.024 -0.415267 0 -0.865861 0 0.361163 0.718342 255 188 188
59.646 -1.852 27.5035 -1.87188 -0.686302 -0.4 0 0.287216 0.154562 76 76 255
51.2687 28.5403 36.1842 0.183387 0.792708 -0.741643 0 -0.804001 0.564539 91 91 255
66.1835 30.0082 34.79 1.44273 0.681421 -3.9 0 0.976121 0.05106 255 13 13
43.8254 19.2616 39.0311 0.0459027 0 -3.9 0 -0.910321 0.173467 64 64 255
44.698 10.3265 16.3085 -0.724749 -0.48597 -2.12544 0 -0.297716 -0.92614 158 158 255
40.604 24.2003 48.3128 0.493138 0 -0.4 0 0.262749 0.816261 17 17 255
63.1075 32.105 34.721 0.204357 0 -3.9 0 0.184086 0.931818 255 74 74
45.2607 22.318 52.5755 0.345742 0 -3.5 0 0.0380558 0.0610359 15 15 255
53.1717 1.67775 19.3127 -0.732282 0 -3.2 0 0.713827 -0.194226 81 81 255
42.525 1.026 22.805 -0.697152 0 -0.7 0 -0.896329 0.0307338 49 49 255
63.479 21.858 32.527 0.221059 0 3.12064 1 0.990781 -0.020267 255 0 0
60.485 30.2278 25.9174 -0.413341 0 -3.2 0 -0.262341 0.801017 80 80 255
50.942 25.364 42.7635 -0.548229 0 4.5 0 0.457307 0.664347 237 237 255
46.93 2.6315 37.1575 -1.50654 -0.217766 -3.5 0 0.721567 -0.591633 39 39 255
53.0134 23.8288 41.8846 -1.03811 -0.823413 4.5 0 0.373711 0.783657 196 196 255
47.3995 20.6055 41.7655 0.473444 -0.0492274 -3.84836 0 -0.988134 -0.146019 42 42 255
64.4995 24.1185 40.5355 -0.246231 0 4.5 1 0.768935 0.0376144 255 21 21
62.535 10.2435 29.6187 -0.148777 0 -0.8 1 0.627941 -0.777339 255 9 9
62.7755 12.8328 36.9815 0.00811964 0 3.8 1 0.471695 -0.82297 255 0 0
59.166 23.725 21.43 -0.213225 0.0239431 -3.5 0 0.331642 0.259659 192 192 255
44.4 8.4725 39.678 -0.0437504 0 4.2 0 -0.170003 -0.149611 118 118 254
61.2905 11.629 44.446 0.100748 0 4.5 0 0.925081 -0.238618 255 41 41
50.7477 7.994 27.6378 -0.390097 0 4.5 0 0.655819 0.306129 126 126 255
62.0155 11.926 35.453 0.0502827 0 3.8 1 0.384737 -0.862727 255 0 0
47.583 26.1338 42.4033 -0.660495 0 3.15111 0 -0.252054 0.933133 36 36 255
53.715 3.0905 29.61 -0.84008 0 -0.846399 0 0.524526 -0.840572 56 56 255
56.4793 25.6926 18.4331 -1.26565 -0.353032 -3.5 0 -0.0226282 0.638966 89 89 255
51.7385 29.2857 36.9897 0.198111 0.370915 -0.9 0 -0.832279 0.528826 90 90 255
46.995 3.95 31.2735 0.0151041 0 -3.9 0 0.0491889 -0.78356 11 11 255
50.095 9.213 44.586 0.798104 0.838386 -3.5 0 -0.512882 0.134027 57 57 255
41.9585 10.3068 33.0568 0.731682 0.300839 4.2 0 -0.723496 0.177462 28 28 255
41.36 20.4268 23.8263 -0.725892 0 -3.5 0 -0.942996 0.295889 28 28 255
61.1655 27.1893 21.649 -1.19088 -0.0288696 -3.5 0 0.0907603 -0.0369553 63 63 255
41.4842 24.268 28.1947 -1.28841 -0.301137 -3.5 0 -0.820598 0.232134 90 90 255
46.3237 18.218 42.0045 1.10668 0.223791 -3.9 0 -0.465556 0.559193 18 18 255
51.111 13.6805 22.923 -0.970291 0.107061 -0.352856 0 0.807757 0.230563 223 223 255
60.504 13.487 16.6565 -1.44057 -0.0172671 -3.5 0 0.179296 0.63506 255 82 82
61.081 25.4515 21.4503 -1.79233 -0.396441 -3.5 0 0.468351 -0.0591641 131 131 255
53.1035 34.35 30.601 -0.235693 0.0589291 -3.5 0 -0.320916 0.495933 74 74 255
41.067 25.2205 22.4045 -2.01449 -0.0156986 -3.5 0 -0.950287 0.013031 10 10 255
52.348 26.8105 39.0926 -0.635231 0 -0.9 0 -0.346208 -0.75446 176 176 255
41.5895 24.773 27.0998 -1.90847 -0.809468 -3.5 0 -0.693148 0.717337 64 64 255
56.73 15.72 25.298 -1.03502 0 2.8 0 -0.366358 -0.928623 85 85 255
51.6805 -1.92075 30.0212 -0.143976 0.00318584 -3.5 0 -0.00105112 -0.722667 87 87 255
61.8133 12.0545 16.5758 -1.22855 0 -3.5 0 0.40476 0.22685 199 199 255
47.7147 6.3685 41.5872 -0.210689 0 -0.8 0 -0.657292 -0.706665 34 34 255
63.9095 7.79525 25.1513 -0.456109 -0.0982064 2.02122 1 0.280187 -0.540862 255 91 91
47.4095 26.9755 43.4985 -0.142413 0 4.2 0 -0.368311 0.483418 32 32 255
60.513 -3.6945 29.6559 -1.2506 -0.248169 -0.4 0 0.812037 -0.583606 72 72 255
39.852 10.3615 31.1995 -0.541582 -0.826042 -4.0498 0 -0.704371 -0.170596 59 59 255
60.636 5.0975 29.261 0.458311 0.374651 1.8 0 0.915539 -0.298149 255 124 124
50.305 32.7495 34.467 -0.134818 0 -3.5 0 -0.88897 0.348295 182 182 255
59.815 17.0098 18.6572 0.1936 0.209649 2.40651 0 0.680997 -0.21355 255 44 44
56.766 32.874 27.9568 -1.37388 -0.815689 -3.5 0 -0.1843 -0.377495 23 23 255
62.363 31.159 31.303 -0.538829 0 2.24236 1 0.566995 -0.621176 255 138 138
59.845 12.5463 36.5933 -0.340347 -0.305667 1.31669 1 0.452123 -0.890022 255 1 1
61.6797 31.7603 36.5947 -0.753233 -0.264376 -1.1649 0 0.0836425 0.98748 255 182 182
40.6565 6.528 32.9375 0.748204 0 1.8 0 -0.689846 -0.563179 32 32 255
50.7985 8.978 19.4495 -0.679417 0 -1.3 0 -0.0569832 0.371839 186 186 255
61.6037 29.714 44.1577 -0.432582 0 -3.2 0 -0.442316 0.668093 88 88 255
55.1195 9.335 27.3345 -0.422532 0 2.5 0 -0.36005 0.0821699 255 239 239
53.1825 19.8528 14.4163 -0.40994 0 1.8 1 0.501171 0.462453 255 54 54
64.7448 15.5223 34.1818 -0.112692 0 3.8 1 0.783982 0.432694 255 0 0
45.9308 3.632 14.971 -0.457624 0 -3.5 0 -0.930219 0.089262 155 155 255
39.7118 9.239 21.32 -0.309716 0 1.8 0 -0.969174 -0.0748407 129 129 255
63.9082 33.535 31.072 0.0729971 0 2.8 0 0.957557 0.287602 255 175 175
65.1188 14.7845 34.9575 -0.0911525 0 3.8 1 0.98436 0.0461327 255 0 0
62.434 18.3612 32.3605 0.41909 0 2.5402 1 0.681858 -0.694199 255 1 1
57.6177 10.428 20.2975 -0.639869 0 4.5 0 -0.675591 0.202187 255 247 247
43.9305 22.9325 19.586 -0.622847 0 4.2 0 -0.692971 -0.0519358 12 12 255
59.639 3.2145 25.866 -0.236224 0 -1.6 0 0.0542638 -0.959135 92 92 255
63.0085 20.3722 17.7932 -0.348981 0 -0.7 0 0.630811 -0.0625508 255 74 74
48.741 0.2035 21.8022 -0.680865 -0.262754 -0.7 0 0.62659 -0.749073 110 110 255
54.255 2.8835 18.3335 -0.652672 0 -3.2 0 0.890684 -0.0241889 93 93 255
62.7095 34.1635 28.3472 -0.212306 0 2.8 0 0.634711 0.402851 155 155 255
46.361 22.242 52.3652 0.379181 0.0450911 -3.5 0 0.363929 0.0094421 25 25 255
53.8698 0.59075 17.3643 -0.803997 0.107301 -3.2 0 0.666349 -0.745376 42 42 255
54.0612 3.179 16.126 -0.481132 0 -3.2 0 0.817246 0.118195 103 103 255
43.5728 17.9202 35.12 0.367621 0.239675 -0.7 0 -0.136749 -0.818087 41 41 255
64.6943 20.027 38.888 -0.0598508 0 4.2 1 0.884937 0.0270756 255 1 1
46.5143 24.4452 31.8143 -0.230858 0 3.8 0 -0.502884 0.823966 35 35 255
50.122 30.4797 26.5205 -0.257917 0 4.2 0 0.534956 0.690547 97 97 255
61.1408 29.8037 30.1982 -0.564457 0 -3.2 1 0.976318 -0.182713 255 205 205
47.485 19.22 45.427 0.22815 0 -3.99997 0 -0.58428 -0.723145 32 32 255
59.166 22.7868 20.7428 0.464411 0.223223 -2.157 0 0.256997 0.834547 217 217 255
44.4217 18.3395 19.3158 -1.07023 -0.00150333 -1.3 0 -0.8763 0.380635 107 107 255
68.5147 29.3055 44.93 -0.309614 0 -3.2 0 0.969865 -0.0427366 237 237 255
61.4085 21.316 46.8755 0.823142 0.442329 4.5 0 0.2835 -0.0573085 255 54 54
51.178 27.923 49.619 -0.371154 0 -3.5 0 0.606069 0.691644 255 145 145
60.892 32.0815 39.7875 -0.382905 0 -3.5 0 -0.292696 0.948762 180 180 255
44.2455 15.9923 12.932 -0.632719 -0.0229067 -0.8 0 -0.555144 0.279132 255 99 99
62.8462 4.935 32.167 -0.323543 0 -0.7 0 0.981641 -0.138084 255 47 47
66.246 32.0028 47.7752 0.180218 0 -3.2 0 -0.0608046 0.580535 16 16 255
43.5617 5.599 36.2023 -0.0684002 0 -2.7102 0 -0.727628 -0.3926 26 26 255
49.3275 31.5115 27.0995 -0.244979 0 4.2 0 0.375757 0.91956 129 129 255
60.311 33.815 33.2 -0.183003 0 2.8 0 0.551644 0.76579 255 232 232
41.413 5.268 33.86 1.60643 0.815501 -3.9 0 -0.862368 -0.274798 14 14 255
60.7812 12.4528 16.275 -2.08523 -0.00918944 -3.5 0 0.146879 0.248445 255 156 156
38.185 20.2658 49.2383 1.04322 0 -0.4 0 -0.07487 -0.935601 2 2 255
41.2368 5.39625 21.5725 -0.360567 0 -3.5 0 -0.917459 0.0970354 226 226 255
63.0935 17.5155 36.3763 -0.046858 0 4.15943 1 0.990894 0.0039658 255 0 0
64.299 21.274 26.2655 -0.224816 0 3.8 1 0.562702 0.527767 255 25 25
42.8018 3.441 24.2598 -0.105095 0 -0.4 0 -0.864881 -0.479302 41 41 255
58.02 13.5107 46.303 0.477267 0 4.5 0 -0.29058 -0.0613498 255 179 179
49.3409 11.6768 15.1229 0.427954 0 -3.9 0 0.830183 -0.209494 204 204 255
61.4305 31.9295 37.6387 -1.14396 -0.689591 -3.5 0 -0.0268736 0.992836 255 247 247
52.6953 10.8263 20.5863 -1.35914 -0.230619 -1.3 0 0.436711 0.453654 255 224 224
67.9455 29.6005 43.9275 -0.176593 0 -3.2 0 0.750281 0.244992 255 141 141
54.796 27.07 16.713 -1.41608 -0.247182 -3.5 0 -0.65665 0.754143 66 66 255
47.7135 4.03325 32.4243 0.134031 0 -3.5 0 -0.283127 -0.958256 25 25 255
57.375 30.8075 20.396 -1.68857 -0.0973204 -3.5 0 -0.078582 0.412871 7 7 255
57.375 31.5275 21.299 -1.80759 -0.134428 -3.5 0 -0.0245009 0.982593 12 12 255
59.379 -3.9535 27.297 -1.67595 -0.689039 -0.4 0 0.0565285 -0.462212 76 76 255
59.379 -4.6735 28.2 -1.82593 -0.728139 -0.4 0 0.121947 -0.960147 60 60 255
47.2055 22.3545 16.5007 -0.417093 -0.565592 -0.8 0 -0.178157 0.88762 59 59 255
66.2295 29.598 47.4295 -0.705252 0 -3.2 0 -0.430605 -0.402366 32 32 255
54.0115 5.8 44.3675 -0.640203 0 -3.5 0 -0.239285 -0.898596 126 126 255
62.1355 30.753 28.3225 -0.833529 0.0693078 -3.2 0 0.992566 0.111502 198 198 255
46.1935 27.914 23.5955 -0.851295 0 -3.5 0 0.092925 0.960537 13 13 255
62.2438 31.485 29.275 -0.659203 0.404156 -0.634299 0 0.963833 -0.245003 167 167 255
42.086 20.2878 46.9697 -1.39434 -0.433116 -3.5 0 -0.712503 -0.687606 20 20 255
55.404 24.0855 13.948 -1.49722 -0.273501 -3.5 0 -0.259445 -0.302017 255 64 64
46.448 4.06875 32.236 0.364644 0 -3.5 0 0.350887 -0.936274 16 16 255
44.435 20.6035 52.203 0.651343 0.123804 -3.5 0 -0.0629879 -0.107229 12 12 255
55.39 15.282 23.587 -2.06895 -0.537099 -3.5 0 0.449176 -0.880657 232 232 255
64.5345 22.1835 34.986 -0.103699 0 4.2 1 0.995852 -0.05298 255 0 0
42.976 27.4445 20.0825 -1.61406 -0.0131609 -3.5 0 -0.128465 0.596197 11 11 255
61.9232 33.9987 32.419 -0.357198 0 2.8 0 0.229492 0.807027 255 181 181
54.107 3.80675 41.2562 0.0828166 0.693369 -3.5 0 0.223507 -0.855171 105 105 255
43.256 13.073 32.1995 -0.553401 -0.124268 0.351292 0 -0.0210858 0.673945 44 44 255
66.015 21.0215 44.2255 0.0439522 0 4.5 1 0.53522 -0.444856 255 93 93
49.992 25.4295 38.497 0.149514 0.0068916 2.5 0 0.559914 0.34844 84 84 255
41.561 17.0245 20.5365 -0.212686 0 -3.5 0 -0.399998 0.38396 188 188 255
64.002 30.458 24.518 -1.37854 0 -3.5 0 0.667393 0.722816 111 111 255
57.1085 -2.63275 34.1408 -0.156005 0 4.5 0 0.292441 -0.948099 34 34 255
46.7165 30.4963 26.605 -0.33228 0 4.2 0 -0.78113 0.475379 39 39 255
61.6775 10.7874 32.8826 1.22936 0.386302 -0.8 1 0.209063 -0.611298 255 1 1
67.8043 21.2162 24.8708 -0.308699 0 3.8 1 0.645613 0.740482 255 4 4
66.847 10.787 26.8295 -0.250454 0 4.5 1 0.69279 -0.717179 255 8 8
39.001 8.554 30.7545 -0.256914 -0.111318 -4.16387 0 -0.917781 -0.0348363 24 24 255
52.6925 18.9622 13.8462 -0.297161 0 1.8 0 0.344551 0.113353 255 28 28
62.512 3.4 24.2945 -1.46114 -0.109077 -1.6 0 0.135561 -0.990262 122 122 255
44.505 17.5175 38.1105 0.285372 0 -3.9 0 -0.810589 -0.524822 79 79 255
43.382 3.9415 35.7095 -1.41555 -0.807856 -3.5 0 -0.802114 -0.419546 26 26 255
42.3428 11.5597 19.6768 -0.726442 -0.0912608 3.14031 0 -0.671005 0.450639 123 123 255
41.165 15.3625 24.0785 -0.154393 0 -3.5 0 -0.680786 -0.55251 79 79 255
44.7332 22.8213 36.8205 -0.364632 0 -3.9 0 -0.857028 -0.341998 34 34 255
66.8435 26.6225 42.5125 -0.0468285 0 4.5 1 0.659609 0.292386 255 94 94
48.0908 28.0072 21.7897 -0.643728 0 -3.5 0 -0.473422 0.805965 10 10 255
43.5625 19.8255 38.0952 -0.0101048 0 -3.9 0 -0.909283 0.406282 88 88 255
68.1245 19.63 23.7327 -0.289214 0 3.8 1 0.848999 -0.225285 255 5 5
65.097 29.0165 41.2885 0.619237 0 -3.2 1 0.699312 -0.0933959 255 138 138
41.116 24.5765 21.5655 -2.35364 -0.157817 -3.5 0 -0.863398 -0.423557 14 14 255
45.5835 27.558 44.655 -0.165067 0 4.2 0 -0.717247 0.426087 14 14 255
59.5525 15.7852 43.5998 0.258927 0 1.48763 1 0.815223 -0.0862087 255 13 13
46.771 9.668 41.4132 -1.37681 -0.813181 -1.6 0 -0.561591 0.0656497 95 95 255
52.6652 -1.9125 28.2798 -0.158467 0 -3.5 0 0.747828 -0.594338 78 78 255
60.5345 19.494 46.88 0.343467 0 -4.5 0 -0.226013 0.233469 255 16 16
55.9525 33.2552 41.3155 -0.1374 0 3.8 0 -0.119918 0.605668 12 12 255
40.285 24.3088 49.7435 1.21205 0 -0.4 0 0.338577 0.883852 13 13 255
45.5795 25.5715 20.2397 -0.712486 0 4.2 0 0.0573497 0.748467 12 12 255
43.2912 19.116 50.7352 0.232754 0 -3.5 0 -0.908877 -0.388857 8 8 255
41.633 8.8055 34.8305 0.392419 0 4.2 0 -0.95899 0.269661 47 47 255
40.991 4.314 20.987 -0.634527 0 -3.5 0 -0.964577 -0.115106 255 236 236
39.4255 20.7103 48.8937 -0.206962 -0.456642 -0.4 0 0.230692 -0.964823 4 4 255
55.322 30.258 41.443 -0.17283 0 -0.9 0 -0.310875 0.433773 7 7 255
64.1675 23.7055 36.7665 -0.166646 0 -0.7 1 0.975813 0.136666 255 0 0
38.3703 10.0005 28.6383 -1.28012 -0.869804 -4.5 0 -0.866545 0.44004 9 9 255
49.152 27.419 50.9845 0.383078 0.811447 -3.5 0 -0.384935 0.561075 255 198 198
55 36.1055 36.6357 -0.0739543 0 -0.4 0 0.16961 0.54083 14 14 255
52.187 1.434 20.0123 -0.427814 0 -3.2 0 0.431957 -0.438631 90 90 255
50.775 13.1545 32.861 0.119601 0 4.14404 0 0.155626 -0.18231 17 17 255
43.8548 1.61775 26.1355 -0.657093 0.396641 -4.21222 0 -0.305481 -0.928892 22 22 255
52.588 0.486 28.37 -0.0935239 0 -3.5 0 0.935317 0.136624 55 55 255
61.0452 4.19725 30.396 -0.0502351 0 0.551079 0 0.80561 -0.310168 255 185 185
51.4695 29.6915 32.486 -0.922161 0 -3.5 0 -0.735898 -0.65503 203 203 255
44.002 18.075 37.41 0.0934015 0 -3.9 0 -0.628914 -0.769356 90 90 255
49.2692 5.32625 40.045 0.166277 -0.89102 -0.8 0 -0.286278 -0.954767 29 29 255
50.0055 28.1248 50.4075 0.219322 0 -3.5 0 0.163897 0.719974 255 140 140
56.781 11.2498 23.5135 -0.668847 0 4.5 0 -0.985511 -0.132131 158 158 255
57.7105 5.87675 39.5607 0.33735 0 -4.5 0 0.624892 -0.704627 255 88 88
49.2235 26.285 38.7245 -0.041513 0 1.61099 0 0.535636 0.471869 91 91 255
45.297 18.245 50.841 0.37019 0 -3.5 0 0.348323 -0.852001 29 29 255
46.276 3.518 34.1995 -0.679871 0 -3.5 0 0.199232 -0.915949 21 21 255
47.6628 17.8538 43.2427 0.3684 0 3.8 0 -0.792471 -0.126536 21 21 255
42.359 10.146 35.787 0.0477658 0 4.2 0 -0.674974 0.734743 65 65 255
54.294 17.9035 46.732 0.311324 0 4.5 0 0.086211 0.429956 69 69 254
60.8325 32.0438 35.961 -0.860561 0 3.8 0 0.520515 0.845973 255 177 177
53.697 34.625 36.801 -0.0703429 -0.00737925 -0.4 0 -0.102891 0.540405 11 11 255
54.0195 36.4103 36.159 -0.0426164 0 -0.4 0 -0.135167 0.812498 21 21 255
59.9448 0.20175 30.423 -0.920029 -0.139722 0.744163 0 0.988196 -0.0691753 46 46 255
49.5115 16.5675 49.624 0.469265 0 -4.5 0 -0.00724285 -0.328105 148 148 255
52.3325 25.332 51.2535 0.107264 0 -3.5 0 0.71939 0.126008 255 112 112
38.2835 12.941 32.5705 0.259574 0.674423 -3.5 0 -0.71494 0.0391039 73 73 254
62.0708 27.5935 44.9007 -0.0121873 0 -3.2 0 -0.302225 0.410074 166 166 255
63.9263 25.2213 34.4533 -0.0452138 0 4.5 1 0.784423 0.360061 255 2 2
65.9665 12.3923 23.4982 -0.723271 0 -0.7 1 0.889595 -0.297126 255 31 31
60.3525 11.0625 45.7325 0.105055 0 4.5 0 0.496184 -0.320249 255 75 75
55.6297 22.7225 15.08 -0.76356 -0.467475 -3.5 0 -0.160099 -0.46212 255 54 54
60.678 13.77 39.554 -0.0697951 0 -0.8 1 0.690362 0.402911 255 3 3
54.788 1.779 31.024 -0.388099 0.965456 4.5 0 -0.264849 -0.292172 55 55 255
63.6483 20.8283 37.1888 -0.0645054 0 4.2 1 0.995852 -0.0766622 255 0 0
55.1785 5.642 44.068 -1.35407 -0.0154306 -3.5 0 0.164056 -0.965897 204 204 255
42.709 -1.50625 30.0705 -1.8063 -0.299889 -3.5 0 -0.905321 -0.40363 2 2 255
57.5662 9.43425 25.8625 -0.343882 0 -1.6 0 -0.958528 0.0734091 255 207 207
62.7425 30.1432 44.6577 0.0940573 0 -3.2 0 -0.584011 0.60783 119 119 255
52.517 3.4405 24.9965 -0.370378 0 3.7723 0 0.931483 -0.0291988 97 97 255
65.0387 27.1472 24.6175 -0.537214 0 -3.5 0 0.999719 0.0127016 255 100 100
57.5018 15.817 15.5905 -0.531072 0 -0.7 0 0.170255 -0.361982 255 45 45
57.0392 17.1485 30.035 -0.376105 0 -0.945744 0 -0.217115 -0.975991 200 200 255
63.636 3.981 24.28 -1.29718 -0.606234 -1.6 0 0.769729 -0.62357 109 109 254
55.1073 -1.25825 36.0008 -0.173779 0 4.5 0 -0.517929 -0.538945 66 66 255
40.4963 12.467 32.8372 -0.771135 -0.417688 -3.5 0 -0.196381 -0.0828261 110 110 255
46.2178 27.4468 27.7847 -0.404475 0 -0.8 0 -0.512407 0.605035 29 29 255
46.339 8.996 16.653 -1.30527 -0.711674 -3.9 0 -0.369392 -0.749801 136 136 255
53.126 30.539 38.2055 -0.341449 0 0.87215 0 -0.787343 0.547482 50 50 255
64.778 19.043 30.374 -0.170398 0 1.8 1 0.90427 -0.359466 255 4 4
63.551 11.294 31.1475 -0.697052 -0.447974 -0.8 1 0.868149 -0.471592 255 1 1
44.1595 19.1575 16.7415 -0.822981 0 -0.8 0 -0.93496 0.322576 131 131 255
65.9405 21.7905 40.8755 -0.0804434 0 4.5 1 0.499815 0.170757 255 18 18
58.851 3.824 33.418 -0.454649 0 -0.7 1 0.351525 -0.199365 255 180 180
58.8107 34.9485 33.6732 0.378872 0.134097 -0.151979 0 0.53171 0.66111 109 109 255
50.2448 30.769 27.8065 -0.131737 0 4.2 0 0.23871 0.927754 103 103 255
53.325 9.6035 22.9473 -0.957371 0 -1.3 0 0.756744 -0.347336 255 217 217
67.8705 14.3322 26.4065 -0.256321 0 4.5 1 0.673751 0.729567 255 1 1
52.406 5.4495 18.2595 0.0774899 0.227688 -3.2 0 0.514628 0.839933 148 148 255
49.4915 0.794 24.5735 -0.613127 -0.373192 1.87009 0 0.512838 -0.821651 166 166 255
60.3625 22.6518 21.8717 -0.250092 -0.0936999 -0.521321 0 0.8431 0.472322 255 99 99
50.8908 26.8395 33.28 -0.802404 0 3.8 0 -0.419375 0.903991 56 56 255
51.0148 5.7845 20.7025 -0.492687 0 -2.26419 0 0.788207 -0.471124 137 137 255
38.4655 23.3277 47.6558 0.672567 0 -0.4 0 -0.473451 0.12843 8 8 255
54.1743 1.5375 17.9485 -1.23491 0 -3.2 0 0.872633 -0.337184 56 56 255
62.9385 22.027 45.8005 -0.0859723 0 4.27359 0 0.46981 -0.5059 255 96 96
59.5755 34.488 33.0145 0.262865 0.209696 0.2543 0 0.638905 0.718341 198 198 255
43.5025 19.6493 51.9113 0.782844 0.766573 -3.5 0 -0.766593 -0.2623 7 7 255
61.049 4.7245 26.7465 0.339562 0 -1.6 0 0.658106 -0.534338 255 253 253
50.8647 26.942 18.9263 -1.99608 -0.0208673 -3.5 0 -0.00439141 0.553273 13 13 255
52.303 13.229 23.387 -0.809475 0.644068 -1.3 0 0.821167 0.556213 145 145 255
43.4215 -2.54975 29.631 -1.49451 -0.278533 -3.5 0 -0.406388 -0.913176 7 7 255
43.6785 18.5312 45.902 -1.39863 -0.466213 -3.5 0 -0.38408 -0.847755 36 36 255
48.6862 20.4228 50.021 0.702762 0.332141 -4.5 0 0.27042 -0.375372 76 76 254
38.8155 23.7307 51.7427 0.611587 0 -0.4 0 0.27146 0.324703 3 3 255
60.7518 5.21125 27.6335 -0.101962 0 -1.6 0 0.843971 -0.42735 255 162 162
58.8805 1.726 27.4132 -0.362731 0 1.8 0 0.300838 -0.433662 57 57 255
44.6517 6.82425 38.9162 -0.100251 0 4.2 0 0.0244461 -0.661173 92 92 255
52.2965 13.2225 32.2155 0.0745796 0.719366 -4.5 0 -0.696903 -0.22261 59 59 255
53.9733 21.4105 47.9543 0.187074 0 4.5 0 0.451188 -0.724899 39 39 255
59.2352 15.1073 27.5053 -0.471504 0 2.8 0 -0.760648 -0.533562 255 177 177
41.562 4.063 21.773 -0.743886 0 -3.5 0 -0.828721 -0.0899198 203 203 255
48.794 13.3655 14.6475 1.26767 -0.887503 -0.8 0 0.575212 -0.404508 255 133 133
43.8143 7.56775 39.3947 -0.0479081 0 4.2 0 -0.333606 -0.352438 130 130 255
48.2095 27.0023 48.9823 -0.135816 0 -3.5 0 -0.756666 0.409382 91 91 255
47.065 5.277 15.8862 -0.889216 0 -3.5 0 -0.660901 0.72671 173 173 255
45.0265 22.3705 43.388 -0.443047 -0.282592 -3.5 0 -0.580862 0.0257154 19 19 255
60.1177 8.95825 33.3275 0.0552174 0.295292 -3.03297 1 0.55588 0.418416 255 4 4
37.186 24.6178 50.1063 0.870945 0 -0.4 0 -0.620057 0.718186 5 5 255
43.5272 28.7202 21.1665 -0.564342 0 -3.5 0 0.154216 0.922234 12 12 255
52.031 4.26475 37.7465 0.12516 0 -0.990427 0 -0.41741 -0.651728 77 77 255
53.459 0.8745 18.5875 -0.718006 0 -3.2 0 0.762673 -0.422371 57 57 255
44.539 17.816 49.7945 0.269437 0.609242 -3.5 0 -0.213922 -0.965164 20 20 255
51.41 34.7313 36.2235 -1.05645 -0.391456 -0.4 0 -0.796007 0.524439 48 48 255
63.0732 12.4475 34.3753 -0.0241272 0 3.8 1 0.394671 -0.916567 255 0 0
46.1185 9.6025 15.876 -0.51443 0 -3.9 0 -0.18918 -0.826788 143 143 255
58.5062 8.03475 45.1548 -0.145225 0 4.5 0 -0.000687636 -0.804888 255 231 231
53.8828 6.791 28.1618 -0.820607 0 2.8 0 -0.196707 0.502578 252 252 255
37.7077 7.82 28.2185 -0.0349103 0 -4.5 0 -0.923566 0.253885 5 5 255
50.862 21.7913 48.7192 0.181129 0 0.0324832 0 0.50858 -0.485628 99 99 255
40.506 17.1747 22.6493 -0.78067 0 -3.5 0 -0.877939 -0.138406 50 50 255
61.113 7.0975 29.3535 -0.981084 0 -0.7 0 0.956913 0.0318766 255 36 36
52.7385 28.123 20.996 -1.78048 -0.162027 -3.5 0 0.654865 0.603214 22 22 255
45.924 2.29325 37.517 -1.42637 -0.115297 -3.5 0 0.0261171 -0.963407 32 32 255
39.1865 9.79825 26.2027 -0.338573 0 -4.5 0 -0.640918 0.442803 3 3 255
56.5633 12.3215 29.0478 -0.684798 0 -0.740124 0 0.395809 0.703275 255 182 182
55.779 15.3255 20.9123 -0.840576 0 0.352597 0 -0.466203 -0.884606 255 79 79
68.5417 28.7097 46.7395 -0.300498 0.253364 -3.2 0 0.70757 -0.616298 77 77 254
52.9173 7.667 21.5205 -0.692123 0 -1.3 0 0.765897 -0.618389 192 192 255
60.4442 12.539 37.543 -0.15251 0 0.368336 1 0.27734 -0.925794 255 1 1
43.0135 25.4615 34.6942 0.154545 0 -3.9 0 -0.93934 -0.00101348 27 27 255
46.5145 0.339 17.0718 -1.35248 -0.178457 -3.5 0 -0.347745 -0.929005 130 130 255
45.6598 8.6405 39.8705 -0.482968 0 1.26127 0 -0.558425 -0.204409 111 111 255
62.401 14.8862 49.0845 -0.0231831 0 -4.5 0 0.068924 0.173436 255 102 102
56.7875 16.547 46.333 0.678328 0.109515 4.5 0 -0.198679 -0.131934 246 246 255
57.9258 36.9977 29.9242 -2.0009 -0.232948 -3.5 0 0.0328104 0.99304 45 45 255
57.507 37.0445 30.997 -0.590547 -0.483306 -3.5 0 0.199541 0.979728 30 30 255
41.4132 21.2262 47.0275 -1.28389 -0.0366896 -3.37101 0 -0.643712 -0.292653 16 16 255
54.4383 24.8468 14.9225 -2.46146 -0.196727 -3.5 0 -0.918728 -0.0136019 255 96 96
63.4103 13.7502 49.076 0.252697 0 -4.5 0 0.415176 -0.212694 255 75 75
44.192 13.9323 31.9295 -0.486892 0 4.2 0 -0.537628 0.231582 10 10 255
37.4113 15.0568 28.8495 0.428783 0.652834 -3.5 0 -0.89202 -0.335965 19 19 255
49.7155 26.3598 19.1595 -2.54519 -0.311392 -3.5 0 -0.438444 0.327985 6 6 255
57.301 12.27 46.216 0.123298 0 4.5 0 -0.228157 0.0175201 255 248 248
61.3828 9.34112 17.1905 -2.05138 -0.258038 -3.5 0 0.325403 -0.744676 61 61 255
56.85 25.8323 46.5185 -0.109738 0 4.5 0 -0.563911 0.825821 29 29 255
61.332 4.70225 34.566 -0.113863 0 -0.7 1 0.212687 -0.217164 255 42 42
58.685 -3.06825 27.4115 -1.91315 -0.898238 -0.4 0 -0.458772 -0.00467502 83 83 255
64.3282 8.16325 20.4457 0.168072 0 -3.5 0 0.461235 -0.310982 49 49 255
44.7434 18.5082 46.3196 -1.48716 -0.218297 -3.5 0 -0.0113948 -0.99428 62 62 255
59.1866 0.203875 33.6671 -0.0846501 0 4.5 0 0.797726 0.0475823 121 121 255
42.816 -0.4195 28.6353 -0.60274 0.26978 -3.81594 0 -0.570333 -0.592625 5 5 255
54.6242 20.6702 41.7315 -0.461376 0 4.2 0 -0.527142 0.266927 160 160 255
43.3587 10.3885 36.484 0.0881456 0 4.2 0 -0.624947 0.734753 58 58 255
59.8175 6.60575 20.4335 -0.118745 0 -0.8 0 -0.900608 -0.158693 84 84 255
39.7455 10.587 28.0065 -0.608288 -0.10337 -4.5 0 -0.693398 0.608574 11 11 255
50.4593 1.44 21.7213 -0.371456 0 -3.2 0 0.491813 -0.811929 88 88 255
40.9827 9.324 23.172 -0.098286 0 1.8 0 -0.937412 0.182896 67 67 255
52.085 24.4975 42.2892 -0.669788 0 4.5 0 0.42444 0.792567 234 234 255
54.1895 5.3685 26.375 -0.66591 0 2.8 0 -0.00718787 0.409324 86 86 255
61.0293 10.6095 44.8075 0.0799959 0 4.5 0 0.93682 -0.328801 255 42 42
59.1973 32.0202 27.9498 -0.585519 0 2.8 0 -0.543186 -0.428098 32 32 255
47.5715 26.8298 20.7808 -0.722412 0 -3.5 0 -0.436415 0.503615 8 8 255
56.212 1.622 28.41 -0.380564 0 1.8 0 -0.733471 -0.484762 38 38 255
45.8923 18.6405 48.3677 0.0435182 0.174644 -3.57897 0 -0.492204 -0.853448 53 53 255
41.445 6.2815 20.8905 -0.319663 0 -3.5 0 -0.97219 0.217757 255 246 246
63.0042 14.3217 29.9595 -0.429958 -0.0025078 -0.54346 1 0.905158 0.407308 255 1 1
45.0255 24.8557 51.3618 0.21297 0 -3.5 0 0.0267239 0.793629 10 10 255
43.674 22.7845 33.806 -0.150377 0 -3.9 0 -0.939077 -0.0441699 33 33 255
41.898 6.4635 23.22 -0.371998 -0.172306 1.8 0 -0.97398 -0.223018 80 80 255
56.9753 5.40375 37.275 0.238351 0 -4.5 0 0.312281 -0.871185 234 234 255
52.105 27.471 39.8223 -0.544842 0 -0.9 0 -0.61909 -0.540661 157 157 255
37.2093 15.7222 27.964 -0.128655 0 -3.5 0 -0.996877 -0.0195991 19 19 255
52.268 17.684 48.7025 0.875669 0.147285 -4.5 0 0.473127 0.668564 49 49 255
59.7783 9.159 38.9972 0.467533 -0.110361 -0.998881 1 0.933012 -0.359103 255 8 8
41.7875 5.676 23.9025 0.0703422 0 -0.4 0 -0.897732 -0.112149 51 51 255
54.173 4.415 17.6562 -0.196872 0 -3.2 0 0.727548 0.604432 151 151 255
45.2255 15.5157 38.9248 0.824589 0 -3.9 0 -0.806918 -0.47753 63 63 255
44.9045 24.4955 32.837 -0.128739 0 -3.9 0 -0.614785 0.363469 30 30 255
52.376 20.702 16.639 -0.425085 0 1.25831 0 -0.237696 0.949348 255 90 90
43.08 14.1105 31.6265 -0.444874 -0.0639722 -1.86847 0 -0.0100862 0.35269 15 15 255
59.396 8.247 34.5925 -0.0304341 -0.0338763 -4.5 1 0.80388 0.397958 255 6 6
66.9057 20.892 22.9788 -0.356414 0 3.8 1 0.652432 0.597614 255 12 12
53.946 20.761 37.5723 -0.784128 0 -2.23624 0 -0.202546 0.617083 7 7 255
43.2482 10.7315 35.2475 0.031793 -0.0402168 4.2 0 -0.722985 0.663045 35 35 255
63.016 15.6575 48.7035 0.292887 0 -4.5 0 0.194965 0.2689 255 74 74
48.488 16.051 42.8915 0.740144 0 3.8 0 -0.43684 -0.696795 56 56 255
38.0933 13.8575 31.005 0.0652057 0 -3.5 0 -0.836666 0.473999 33 33 255
62.998 11.959 17.1303 -0.654011 0 -3.5 0 0.519949 0.137154 100 100 255
52.589 0.433 19.3703 -0.286758 0 -3.2 0 0.50278 -0.578483 79 79 255
54.4313 15.4342 45.3377 0.557986 0 3.6299 0 0.416405 -0.359181 173 173 255
43.1777 22.756 44.839 -0.341315 0 -3.5 0 -0.810414 0.493364 15 15 255
40.5158 1.86025 25.9212 0.193564 0 -4.5 0 -0.366474 -0.599058 19 19 255
62.417 13.413 46.2095 -0.0131543 0 -4.5 0 0.561443 -0.430627 255 43 43
65.0085 21.289 44.7682 0.0802662 0 4.5 1 0.216223 -0.562499 255 61 61
62.9295 16.034 43.927 0.284908 0 -4.5 1 0.285119 -0.673234 255 15 15
37.9185 24.9195 49.2635 1.01951 0 -0.4 0 -0.0593663 0.988599 10 10 255
52.612 19.6332 26.9242 -0.98338 0 3.8 0 -0.0163796 -0.998753 33 33 255
43.087 18.943 20.713 -1.15994 0 -3.5 0 -0.372707 0.292261 56 56 255
63.8428 12.7878 35.6785 -0.0210018 0 3.8 1 0.432528 -0.821078 255 0 0
64.1087 26.4072 37.124 -1.01704 -0.960544 -0.7 1 0.837678 -0.157418 255 9 9
62.2397 34.671 30.8542 -0.43049 0 2.8 0 0.243269 0.946824 244 244 255
49.056 0.165 18.959 -0.253112 0 -3.2 0 0.155049 -0.987713 116 116 255
50.899 9.105 27.953 -0.329875 0.0588141 4.04373 0 0.406748 0.279827 91 91 255
38.8498 10.0095 27.5592 -0.345721 0 -4.5 0 -0.7736 0.599486 4 4 255
50.7842 14.0597 47.865 0.11169 0 -4.5 0 -0.142018 -0.744411 201 201 255
57.6405 35.5158 27.732 -1.61585 -0.0199394 -3.5 0 0.107436 0.471713 23 23 255
49.4762 9.46925 43.651 0.9636 0.399968 -3.5 0 -0.626635 0.404997 60 60 255
54.7895 23.1441 37.0444 -0.785193 0 -0.9 0 -0.549655 0.151889 40 40 255
58.7168 7.782 21.7302 -0.244713 0 4.5 0 -0.568744 -0.802359 116 116 255
64.349 29.903 32.4613 0.32674 0 -3.9 1 0.57535 -0.148765 255 44 44
54.5985 34.1628 37.2595 -0.00705637 0 1.69998 0 -0.0750627 0.718686 6 6 255
46.635 27.6745 44.247 -0.17153 0 4.2 0 -0.516735 0.550421 29 29 255
41.4795 5.16275 31.646 1.25407 0 -1.84482 0 -0.821768 -0.268159 13 13 255
38.697 5.76275 26.1455 0.0349672 0 -4.5 0 -0.498412 -0.14397 10 10 255
63.9945 30.16 23.4325 -1.716 -0.36304 -3.5 0 0.525353 0.709257 85 85 255
53.8065 24.8785 45.123 -0.220913 0 4.5 0 0.42806 0.858612 147 147 255
64.155 24.9128 26.3078 -1.43708 0 -3.5 1 0.627325 0.161424 255 22 22
62.5023 17.3713 33.9575 0.117989 0 4.2 1 0.789757 -0.0198556 255 0 0
60.1423 9.24225 17.1963 -2.06811 -0.266619 -3.5 0 -0.415661 -0.745019 159 159 255
49.535 28.837 46.6655 -0.051471 0 4.2 0 0.159876 0.979605 206 206 255
40.544 14.7255 21.4825 -0.465377 0 -3.5 0 -0.926236 -0.28949 142 142 255
66.288 21.3552 22.1007 -0.386956 0 3.8 1 0.63808 0.456166 255 22 22
59.9195 -0.7485 27.7372 -2.00184 -0.695068 -0.4 0 0.50806 0.244523 53 53 255
51.3265 -0.44475 18.281 -0.0636829 0 -3.2 0 -0.219099 -0.96322 95 95 255
51.9485 34.0257 37.0197 -1.25195 -0.0952495 -0.4 0 -0.456801 0.0375007 35 35 255
58.4415 12.047 46.523 0.171702 0 4.5 0 -0.210394 -0.069891 255 169 169
63.418 28.789 21.505 -2.10063 -0.348055 -3.5 0 0.471061 0.354395 78 78 255
62.533 16.3365 33.7407 0.0852572 0 3.08873 1 0.603205 0.532291 255 0 0
63.9308 30.804 41.4905 0.435408 0 -3.2 0 0.372493 0.928022 255 199 199
48.5755 9.42875 42.9175 0.339953 0 -0.8 0 -0.635231 0.341422 41 41 255
50.859 24.7482 18.9785 -2.04722 -0.0302712 -3.5 0 0.238793 -0.145055 80 80 255
45.4905 16.7307 37.1387 0.155482 0 -3.9 0 -0.853838 -0.411213 63 63 255
47.2135 18.541 46.3877 0.475584 0 -4.5 0 -0.551322 -0.495935 43 43 255
43.9645 6.016 18.096 -0.509336 0 -3.5 0 -0.0074714 0.254967 223 223 255
62.433 32.6325 33.6497 0.026751 0 -0.733812 0 0.390111 0.78586 255 77 77
58.3495 25.3635 47.039 -0.00477571 0 4.5 0 -0.0712981 0.491945 53 53 255
60.15 26.0775 21.0185 -1.77133 -0.104661 -3.5 0 0.0634386 0.0862775 69 69 255
61.43 6.2715 29.843 -0.299554 0 -0.7 0 0.893941 -0.143813 255 50 50
51.365 33.772 30.815 -0.016647 0 -3.5 0 -0.744265 0.437104 168 168 255
52.3288 2.93275 24.1178 -0.416132 0 3.8 0 0.950222 -0.21302 106 106 255
44.6007 14.4522 12.218 -1.65525 -0.446732 -0.8 0 -0.304938 -0.157655 255 109 109
50.2125 27.265 34.7965 -0.75354 0 2.5 0 -0.429347 0.686657 66 66 255
51.7281 29.037 24.6135 -1.50378 0 -3.5 0 0.181993 0.941151 51 51 255
61.9577 4.57425 26.1105 -0.2992 -0.644775 -1.6 0 0.326041 -0.54587 250 250 255
64.0938 16.1523 45.5735 0.723962 0 -4.5 0 0.844414 -0.310562 255 27 27
43.4997 25.9795 29.1735 -1.08224 -0.907794 -0.8 0 -0.370225 0.639098 79 79 255
41.0355 25.8057 21.5667 -1.08214 0 -3.5 0 -0.993597 0.108807 9 9 254
59.9193 9.778 41.7897 0.525341 0.361768 1.85175 1 0.885468 -0.463446 255 22 22
39.6685 5.457 26.072 0.206135 0.0183878 -4.5 0 -0.286365 -0.140899 26 26 255
44.545 0.956 25.835 -0.941307 0 -3.5 0 -0.806545 -0.586764 35 35 255
37.8555 15.8185 29.423 0.371242 0.446624 -3.5 0 -0.706591 0.18517 26 26 255
58.692 12.2145 25.8132 -0.724097 0 4.5 0 -0.504187 0.466691 204 204 255
38.2118 9.3715 29.8078 -1.24499 -0.0480504 -4.5 0 -0.964925 -0.0503401 14 14 255
51.8295 27.4225 49.0445 -0.104771 0 -3.5 0 0.717233 0.678922 255 186 186
58.1665 -2.083 27.9673 -1.48206 0 -0.4 0 -0.752042 0.0949147 88 88 255
50.8008 24.912 38.2175 0.0239069 0.0603854 2.5 0 0.378967 0.330243 96 96 255
61.2345 12.7135 44.0775 0.142592 0 4.5 0 0.825613 -0.0373314 255 41 41
43.5945 15.5133 18.4538 -0.459915 -0.224954 -1.02224 0 -0.809537 0.547953 255 241 241
44.2853 4.186 18.5093 -1.50585 -0.0798812 -3.5 0 -0.0769185 -0.000886442 152 152 255
41.39 18.597 34.7088 -0.798404 -0.940005 -0.7 0 -0.659292 0.0914831 11 11 255
62.9934 10.9319 32.3575 0.500352 -0.622378 -0.8 1 0.70646 -0.395237 255 0 0
58.555 14.6665 23.078 -0.642873 0 4.2 0 -0.925873 -0.11802 220 220 255
45.7998 2.32825 36.5047 -1.242 -0.0436138 -3.5 0 -0.0879334 -0.988874 23 23 255
50.337 12.5365 43.1068 0.648651 0.446729 -1.3 0 -0.704936 -0.461023 116 116 255
46.717 3.94 14.279 -0.490342 0 -3.5 0 -0.536499 0.402864 146 146 255
52.1925 29.761 39.014 -0.278492 0 -0.9 0 -0.629784 0.763588 103 103 255
59.101 35.514 31.261 -0.746791 -0.0118194 -3.5 0 0.715407 0.647989 63 63 255
47.209 16.2075 47.195 0.697342 0 -4.5 0 -0.910779 -0.410639 82 82 255
40.488 1.42975 30.756 0.643887 0.620008 -4.5 0 -0.460653 -0.416415 6 6 255
51.2985 27.862 19.9578 -1.75652 0 -3.5 0 0.19526 0.745792 21 21 255
51.318 4.75525 20.0088 -0.349856 0 -3.2 0 0.726652 0.0123439 144 144 255
52.1258 0.473 27.4037 -0.231592 0 -3.5 0 0.79089 0.0371839 77 77 255
40.13 13.252 27.3465 -0.815978 -0.00140543 -3.5 0 -0.856126 -0.399076 27 27 255
52.4625 33.1415 37.0085 -0.833987 -0.127904 -0.4 0 -0.639216 -0.15856 57 57 255
59.7195 33.493 35.758 -0.860919 -0.614516 3.58307 0 0.5478 0.803023 228 228 255
44.597 24.0605 51.8298 0.233045 0 -3.5 0 -0.168308 0.47133 12 12 255
66.2965 20.0995 26.7663 -0.250048 0 3.8 1 0.267402 0.303505 255 6 6
40.878 16.195 20.4085 0.015505 0.668854 -3.5 0 -0.6972 0.317653 172 172 255
66.3015 20.161 41.9697 -0.0102526 0 4.5 1 0.502681 -0.819868 255 39 39
49.4512 28.766 48.113 0.452843 0.811019 -3.5 0 -0.0137367 0.999177 234 234 255
45.0793 24.7432 46.6635 -0.394911 0 3.39587 0 -0.865169 0.445182 10 10 255
66.8965 30.2995 43.2995 -0.317056 0 -3.2 0 0.604086 0.438292 255 192 192
43.9038 26.856 20.0355 -1.7758 -0.0297892 -3.5 0 0.498167 0.362119 12 12 255
64.3255 14.1515 47.085 0.569997 0.276334 -4.5 0 0.846264 -0.378122 255 52 52
41.97 2.73125 19.1025 -1.3634 0 -3.5 0 -0.578741 -0.435228 255 157 157
63.5795 25.4265 36.8025 -0.882402 -0.553638 -0.7 1 0.867759 0.0820538 255 5 5
63.671 20.3743 18.8097 -0.386473 0 -0.7 0 0.938484 -0.028829 255 63 63
55.362 29.3568 21.8923 -1.75103 -0.827257 -3.5 0 -0.768077 0.439025 5 5 255
45.9762 -1.4965 30.5925 -0.884817 0 -3.5 0 0.178676 -0.739989 50 50 255
63.5028 25.5518 45.9878 0.0841179 -0.121323 1.45543 0 0.249788 0.389804 255 235 235
41.6635 3.8725 32.046 0.6266 0 -3.9 0 -0.735887 -0.246543 6 6 255
42.8778 1.22775 30.8468 -0.57833 -0.102456 -3.91256 0 -0.427388 -0.354905 3 3 255
67.1158 14.8333 20.879 -0.451672 0 -0.7 0 0.832876 0.120506 255 10 10
44.998 20.9495 43.9355 -0.235704 0 -3.5 0 -0.488488 -0.309284 28 28 255
48.35 5.919 38.098 0.020718 0 -3.5 0 -0.350935 -0.850416 53 53 255
42.3182 14.7812 18.723 -0.444317 0 -0.4 0 -0.897063 0.165869 234 234 255
63.9271 20.6466 35.9639 -0.0331715 0 4.2 1 0.94815 -0.153406 255 1 1
53.634 18.664 46.239 0.309264 0 4.5 0 -0.0570512 0.360749 49 49 255
46.7192 20.6712 40.6965 -0.295137 0 -3.9 0 -0.802075 0.154715 32 32 255
59.4038 29.9074 26.8062 -0.919055 0 -3.2 0 -0.655384 0.67073 80 80 255
41.0186 10.958 32.3311 -0.348757 0 -3.5 0 -0.481254 -0.0111387 60 60 255
63.1395 17.9102 31.2186 0.14685 0 1.8 1 0.559996 -0.743076 255 1 1
49.1087 10.6839 19.4005 -0.57602 0 4.5 0 0.597602 -0.378749 198 198 255
52.3102 14.5367 47.887 0.431354 0 -4.5 0 0.288092 -0.704418 200 200 255
63.5356 24.7116 23.6949 -0.554165 0 -3.5 1 0.641531 -0.325099 255 80 80
46.1581 21.7178 15.9564 -0.788417 -0.0227644 -0.8 0 -0.505467 0.803363 105 105 255
56.5096 14.4583 31.4182 -0.436713 0 -1.3 0 0.229922 0.432479 255 111 111
56.3256 23.0343 47.8848 0.0940371 0 4.5 0 -0.15822 -0.489578 81 81 255
45.7539 1.27525 17.6886 -1.54444 0 -3.5 0 -0.86471 -0.457993 116 116 255
48.9429 28.4552 30.8582 -0.235696 0 4.2 0 -0.484623 -0.196675 54 54 255
45.2499 23.2437 52.0799 0.476534 0 -3.5 0 -0.0493403 0.4023 13 13 255
42.327 21.3102 21.9559 -0.873738 -0.799284 -2.91576 0 -0.770966 0.343667 19 19 255
56.8503 29.2571 41.7957 -0.0830537 0 -0.9 0 0.396556 0.417062 22 22 255
51.2426 18.289 48.4331 0.767232 0.712804 -4.5 0 0.575304 0.610588 31 31 255
39.606 12.983 28.2801 -0.174828 0 -3.5 0 -0.75797 -0.327605 25 25 255
49.0363 12.1195 31.3355 -0.31572 0 4.5 0 0.859364 0.315203 29 29 255
59.3586 6.36487 37.2815 0.43371 0 -4.5 1 0.665042 -0.663118 255 48 48
55.7812 36.7945 31.202 -0.192145 0 -3.5 0 -0.268351 0.926754 24 24 255
57.2449 10.8562 25.9511 -0.664602 0 4.5 0 -0.991215 0.131462 239 239 255
44.942 5.2515 18.226 -0.561124 0 -3.5 0 0.0124344 -0.0248078 163 163 255
50.0696 31.2301 30.322 -0.236966 0 4.2 0 -0.492134 0.825167 101 101 255
50.7949 28.9561 22.7934 -0.600901 0 -3.5 0 0.251527 0.949864 50 50 255
62.7349 13.756 18.342 -0.926171 0 -3.1242 0 0.0920133 0.397013 255 240 240
50.5418 28.9902 23.942 -0.366791 0 -3.5 0 0.0365629 0.98772 42 42 255
50.5103 4.14775 12.627 -0.864336 0 -3.5 0 0.152668 0.464723 78 78 255
53.057 5.91375 44.0337 -0.371251 0 -3.5 0 -0.299258 -0.858943 87 87 255
50.968 18.954 47.738 0.635695 0 -4.5 0 0.846937 0.333013 25 25 255
41.229 10.4943 22.9715 0.283105 0 1.8 0 -0.883549 0.373773 71 71 254
54.7571 4.18538 26.1956 -0.383946 0 2.8 0 0.0701888 -0.210099 43 43 255
59.0936 12.6937 17.7764 -2.87059 0 -3.5 0 -0.988911 -0.0493362 255 55 55
36.235 22.472 50.934 2.66194 0 -0.4 0 -0.789212 0.305864 3 3 255
41.7617 20.6734 32.5822 -0.327471 0 -0.7 0 -0.0655228 0.997641 8 8 255
50.2134 24.6039 39.0493 0.469655 0.791817 2.5 0 0.590883 0.660319 80 80 255
65.3313 16.6645 20.603 -0.349356 0 -0.7 0 0.288344 0.546315 255 68 68
58.8261 13.8771 46.7878 0.47102 0.261577 -1.69567 0 -0.568324 -0.168176 255 143 143
45.543 -1.922 29.74 -1.50086 0 -3.5 0 0.261044 -0.957753 74 74 255
60.9815 31.9818 38.6095 -0.724983 0 -3.5 0 -0.147605 0.988608 208 208 255
53.4338 15.5918 30.4842 -0.461509 0 -4.5 0 0.0191777 0.111087 38 38 255
59.9949 11.9052 46.3153 0.197636 0 4.5 0 0.21879 -0.611373 255 112 112
62.4355 29.9023 22.988 -2.24955 -0.378968 -3.5 0 -0.164294 0.811061 66 66 255
53.7697 27.9341 22.0426 0.718147 -0.129354 -3.72505 0 0.0919156 0.528509 14 14 255
42.7755 22.0853 45.5141 -0.912777 0 -3.5 0 -0.837306 0.497408 18 18 255
52.3491 4.91337 16.0252 -1.15052 -0.749986 -3.45624 0 0.443584 0.88725 129 129 255
64.5908 28.8239 33.5175 1.3073 0 -3.9 1 0.777876 -0.4457 255 15 15
40.7557 19.6087 24.965 -0.67246 0 -3.5 0 -0.723179 0.662288 20 20 255
55.2569 24.5184 41.7804 -0.369651 0 4.2 0 -0.864067 0.475673 50 50 255
62.193 4.31938 20.3786 -0.356939 0 -0.8 0 -0.00219506 -0.873951 36 36 255
49.8577 24.8668 19.211 -2.04301 -0.792317 -3.5 0 -0.241901 0.0165768 32 32 255
51.8506 22.7284 49.1006 0.150843 0 -2.72764 0 0.200798 -0.614226 130 130 255
58.7515 26.539 44.0477 -0.194721 0 4.5 0 -0.743288 0.66345 81 81 255
48.006 28.4114 43.5094 -0.18116 0 4.2 0 -0.317084 0.617729 64 64 255
54.563 18.0198 15.634 -0.429685 0 -0.584442 0 0.177289 -0.341412 255 62 62
45.7817 14.0304 39.1049 0.651238 0 -1.6 0 -0.981947 -0.118645 49 49 255
51.414 3.715 37.17 0.207302 0 -0.7 0 -0.391269 -0.509 109 109 255
44.9227 28.2556 22.9695 -0.425033 0 -3.5 0 0.411982 0.907291 9 9 255
63.0202 24.9778 22.7838 -0.536123 0 -3.5 0 0.562443 -0.374454 255 147 147
40.5115 15.0665 24.798 -0.392927 0 -3.5 0 -0.527887 -0.470311 83 83 255
48.0311 27.0704 35.4787 0.0678835 0 2.5 0 0.192224 0.795867 55 55 255
67.7704 30.4765 44.5299 -0.703205 0 -3.2 0 0.768166 0.441582 255 251 251
48.7145 2.52012 31.9794 -0.14769 0 -3.5 0 -0.771385 -0.295103 59 59 255
59.7007 8.32012 44.8614 -0.0336243 0 4.5 0 0.535387 -0.782912 255 135 135
46.277 2.8395 35.025 -0.732086 0 -3.5 0 0.161654 -0.899999 20 20 255
50.0645 16.5788 26.7563 -1.07227 0 4.5 0 0.89346 0.425809 20 20 255
52.8315 4.03 14.5223 -2.1241 -0.663514 -3.5 0 0.776516 0.576855 103 103 255
58.1845 31.2045 40.7396 -0.213619 0 3.8 0 0.418137 -0.00929244 64 64 255
57.7474 28.7402 41.7663 -0.0949378 0 -0.9 0 0.135252 0.491064 45 45 255
41.3031 3.35325 19.6628 -1.24038 0 -3.5 0 -0.906139 -0.283936 255 173 173
59.3753 14.1637 47.6295 1.21951 0.607364 -3.77187 0 -0.676741 -0.303843 255 119 119
63.62 15.022 37.237 -0.0327409 0 3.8 1 0.933265 -0.029204 255 0 0
63.4509 32.7545 32.1702 -0.0770669 0 2.8 0 0.91848 0.15284 255 118 118
46.9644 19.6943 44.6592 -0.00425411 0 -3.5 0 -0.37032 -0.925734 35 35 255
59.7962 6.54938 36.1732 0.19313 0 -4.5 1 0.83648 -0.53073 255 61 61
56.9333 7.37563 25.3855 0.188639 0 -1.6 0 -0.936596 0.164909 255 228 228
60.7356 10.5445 32.6423 0.455772 0.763209 -0.8 1 0.223545 -0.43196 255 2 2
54.0137 23.7932 48.7943 0.0108809 0 4.5 0 0.597895 0.456 116 116 255
43.0563 12.4495 14.8632 -0.406053 0 -0.4 0 -0.476761 -0.486137 255 236 236
47.8789 24.2269 18.8851 -0.735646 0 4.2 0 0.343964 0.628987 14 14 255
49.2426 0.10925 23.068 -1.51535 -0.0499276 -0.7 0 0.775337 -0.631455 127 127 255
46.202 28.75 36.535 2.43551 0 -3.9 0 0.440765 0.81042 82 82 255
63.0865 7.6835 25.7085 -1.00995 -0.243032 4.5 1 0.497896 -0.385675 255 69 69
64.8119 13.812 35.493 -0.0646572 0 3.8 1 0.840224 -0.34152 255 0 0
44.142 3.9205 36.752 -1.5861 -0.372913 -3.5 0 -0.755153 -0.23192 40 40 255
59.7159 22.0545 46.8909 0.636294 0.00872557 4.5 0 -0.219056 -0.352006 255 162 162
49.8065 18.9645 49.809 0.372819 0 -4.5 0 0.432671 0.0971971 82 82 255
65.2575 20.4995 21.3285 -0.416713 0 3.8 0 0.307644 0.31419 255 29 29
56.7756 9.8015 45.5451 -0.267109 0 4.5 0 -0.184174 -0.234094 138 138 255
50.1953 11.6059 31.6326 -0.30387 0 4.5 0 0.317332 0.73386 26 26 255
53.1655 24.1555 43.193 -0.286583 0 4.5 0 0.487483 0.841236 157 157 255
59.6039 2.7925 33.0839 -0.528884 0 -0.425469 1 0.299188 -0.321964 255 231 231
60.103 9.1665 40.2195 0.705949 0.422032 -0.8 1 0.768484 -0.638383 255 8 8
40.7248 16.0104 21.7366 -0.127317 0 -3.5 0 -0.97742 0.192166 137 137 255
50.8228 28.6175 34.942 -0.228722 0.0194289 -2.59008 0 -0.934058 0.23988 70 70 255
48.8442 -0.86875 28.3259 -0.639315 0 -3.5 0 0.039708 -0.9237 221 221 255
64.5857 31.305 36.5489 1.17893 -0.220679 -3.79553 0 0.524633 0.830695 255 61 61
43.563 26.5362 37.0655 0.759388 0 -3.9 0 -0.766783 0.268293 33 33 255
47.6151 16.6022 43.2181 0.651737 0 -1.60398 0 -0.524413 -0.332595 34 34 255
55.1981 33.5145 38.2293 -0.0868475 0 3.8 0 -0.105012 0.969912 7 7 255
62.0718 21.894 18.1715 -0.339403 0 -0.7 0 0.190576 0.862311 255 36 36
47.1932 1.19825 31.0058 -0.171385 0 -3.5 0 -0.201338 0.0902849 28 28 255
55.7736 34.8382 28.4927 -1.45453 -0.171586 -3.5 0 -0.632291 0.0978971 18 18 255
46.5246 25.8115 20.4975 -0.719333 0 4.2 0 -0.149472 0.678516 10 10 255
51.1645 6.87563 23.3889 -0.64535 0 3.8 0 0.983632 -0.0840164 218 218 255
41.9512 14.2775 16.357 -0.243598 0 -0.4 0 -0.980451 0.102274 239 239 255
60.7622 -2.464 30.3055 -0.697112 0 -0.4 0 0.994622 -0.0120165 70 70 255
42.0806 14.3176 31.8279 -0.411445 0 -3.09785 0 -0.0128912 0.373493 15 15 255
50.2895 27.009 32.372 -0.525154 0 3.8 0 -0.230765 0.918048 86 86 255
49.786 10.255 27.6625 -0.503814 0 4.5 0 0.548387 0.494301 58 58 255
48.088 13.2331 40.7228 0.592 0 -1.4389 0 -0.160981 -0.257014 76 76 255
62.965 10.6182 30.5382 -0.0789815 0 -0.8 1 0.716291 -0.697784 255 3 3
39.048 7.8245 31.813 0.0522339 0 1.8 0 -0.94553 -0.0318231 29 29 255
64.6311 28.2393 24.5417 -0.985055 0 -3.5 0 0.883454 0.300901 255 166 166
52.5443 11.6672 28.6625 -1.02799 0 -1.3 0 -0.654997 0.658496 63 63 255
51.4287 8.08113 23.1415 -0.932746 0 -1.3 0 0.685045 -0.413634 255 234 234
53.7972 28.6635 23.7255 2.52533 0 -3.9 0 -0.0588373 0.985257 48 48 255
57.5235 7.83425 23.7663 -0.335986 0 -0.0116354 0 -0.874065 -0.130756 203 203 255
53.1184 2.30075 29.1852 -0.439194 0 -3.5 0 0.814497 -0.518389 54 54 255
47.3429 31.2409 27.2987 -0.2709 0 4.2 0 -0.455657 0.886342 64 64 255
41.6048 12.8457 20.7694 -0.311783 0.791382 -3.5 0 -0.847537 -0.0600754 126 126 254
46.3721 22.0068 17.0131 -1.67178 -0.831137 -0.8 0 -0.637549 0.720731 53 53 255
59.3014 9.3185 36.8498 0.660583 0 -4.5 1 0.855104 0.465229 255 7 7
46.1915 28.4252 45.7747 -0.0877585 0 4.2 0 -0.352989 0.911878 45 45 255
51.3092 27.2115 38.6172 -0.165334 0 -0.9 0 -0.655915 -0.249535 163 163 255
66.7988 18.3021 22.7113 -0.322046 0 -0.7 1 0.721139 0.245644 255 8 8
56.114 -2.6845 34.5993 -0.205177 0 4.5 0 -0.226724 -0.949695 34 34 255
61.4206 22.0319 22.1882 -0.899635 -0.286127 2.91636 0 0.328763 0.71569 255 67 67
62.8577 24.593 29.2482 -0.342184 0 4.5 1 0.707493 0.494143 255 12 12
46.1516 3.56838 16.1305 -0.366049 0 -3.5 0 -0.981655 0.171344 182 182 255
62.3713 10.1023 17.5193 -1.71377 -0.200029 -3.5 0 0.493901 -0.443847 70 70 255
56.704 15.3945 46.2085 1.07208 0.512855 4.5 0 -0.409727 -0.171542 255 220 220
46.9764 27.4861 35.2127 2.43425 0 -3.9 0 0.639448 0.495227 54 54 255
53.3148 19.4153 29.0368 -0.667268 0 3.8 0 0.0139452 -0.916101 36 36 255
50.436 22.7745 51.179 0.305261 0 -3.5 0 0.448004 -0.761332 189 189 255
49.1398 22.5504 18.0729 -0.481028 0.0278953 3.63952 0 0.288846 0.772927 56 56 255
38.126 22.6255 51.933 1.31398 0 -0.4 0 0.133321 -0.00937997 1 1 255
40.0439 8.98938 20.217 -0.321376 0 1.8 0 -0.845034 -0.247349 150 150 255
52.2752 0.6715 31.2455 0.0168554 0.0211044 -3.39497 0 0.334843 -0.728183 47 47 255
60.254 10.0962 42.9772 0.196374 0 4.5 1 0.946497 -0.0507073 255 30 30
44.6369 22.0696 36.0375 0.321209 0 -3.9 0 -0.905236 -0.103435 43 43 255
51.6565 15.8726 29.3711 -0.637282 0 4.5 0 0.800429 -0.24746 19 19 255
47.5392 7.27625 42.1969 -0.0822122 0 -0.8 0 -0.756503 -0.274229 40 40 255
47.0664 11.2855 14.4209 0.0340012 0 -3.9 0 -0.0296554 -0.255458 193 193 255
49.0677 22.6035 51.201 0.564328 0 -3.5 0 0.108509 -0.707063 126 126 255
53.0013 12.5417 29.6725 -0.610349 0 -1.3 0 -0.774668 0.573451 90 90 255
51.0866 3.59425 21.6125 -0.373582 0 -3.2 0 0.949847 0.312693 94 94 255
51.9907 6.52075 20.537 -0.333814 0 -1.3 0 0.770187 -0.579472 143 143 255
52.2825 -1.57925 27.3965 -0.0165789 0.0128528 -3.5 0 0.515583 -0.278825 98 98 254
59.4538 12.1229 28.2675 -0.430101 0 1.62361 0 -0.697486 0.629028 255 120 120
40.776 19.223 28.658 -0.732395 0 -3.5 0 -0.436309 0.899792 14 14 255
62.776 27.1706 45.6177 0.661804 0.00429747 -3.2 0 -0.108339 0.350396 230 230 255
45.9976 13.7747 36.3784 0.158265 0 2.94047 0 -0.941889 0.333706 25 25 255
47.3148 27.493 37.5612 -0.662251 0.0540297 -3.5805 0 0.293445 0.937623 66 66 255
40.3963 8.25825 20.8675 -0.327877 0 1.8 0 -0.773728 -0.632969 147 147 255
49.5235 14.5705 45.1335 0.83426 0.279881 -4.11276 0 -0.798172 -0.580513 86 86 255
52.1479 16.8941 15.8632 0.601392 0 1.8 0 0.338551 -0.690227 255 52 52
43.9873 -1.47525 23.1255 -0.409371 0 -0.7 0 -0.156925 -0.934654 96 96 255
45.397 26.7817 47.2173 -0.0964687 0 4.2 0 -0.800799 0.387884 11 11 255
41.6325 25.3705 23.2351 -1.72741 -0.44695 -3.5 0 -0.9397 0.10524 10 10 255
42.4209 28.4796 21.0695 -0.602093 0 -3.5 0 -0.3084 0.784222 12 12 255
42.7945 15.5278 16.3555 -0.110996 0 -0.4 0 -0.765523 0.617412 255 221 221
61.0425 13.7397 44.0698 0.181888 0 4.5 1 0.764172 0.178004 255 41 41
57.27 10.4773 21.8897 -0.614178 0 4.5 0 -0.987768 0.052782 230 230 255
49.393 28.2815 43.566 -0.167579 0 4.2 0 0.376316 0.625567 153 153 255
55.5275 23.8425 40.8885 -0.406307 0 4.2 0 -0.768625 0.200053 61 61 255
39.3633 15.8615 25.0123 -0.17031 0 -3.5 0 -0.671707 -0.28525 68 68 255
59.289 8.115 43.9695 -0.0358563 0 4.5 0 0.434213 -0.890545 255 142 142
52.031 11.547 32.035 -0.26911 0 1.59439 0 -0.473286 0.70685 94 94 255
43.3548 21.1841 51.9499 0.261038 0.00919475 -3.5 0 -0.70001 -0.0830676 9 9 255
56.8124 24.7641 19.2084 -0.588782 0 -3.5 0 0.193041 0.719579 121 121 255
52.4772 29.3065 41.29 0.340877 0.896953 -0.9 0 -0.601699 0.399768 62 62 255
43.289 9.56375 19.589 -0.259509 0 1.8 0 0.17246 -0.51657 120 120 255
62.0206 28.9056 44.6311 -0.28727 0 -3.2 0 -0.420663 0.270075 129 129 255
46.6645 7.729 18.2372 -0.509351 -0.0425589 -2.20519 0 -0.540434 -0.296178 166 166 255
64.0932 23.1127 35.7357 -0.100473 0 4.21799 1 0.970408 0.190934 255 0 0
38.1512 22.4163 48.0382 0.965954 -0.176315 -0.4 0 -0.568359 -0.151842 4 4 255
54.0588 29.2105 27.3948 0.569319 0.926087 -3.9 0 0.35122 0.371239 80 80 255
54.4907 1.802 16.7512 -0.897984 0.126306 -3.2 0 0.968994 -0.152365 60 60 255
50.3047 20.4705 15.5845 -0.334936 0 1.8 0 -0.0268296 0.848678 255 89 89
58.2347 21.5273 46.4183 0.27615 0 4.5 0 -0.0593111 -0.653449 203 203 255
61.1213 11.5747 35.0267 0.126747 0 3.8 1 0.152106 -0.957671 255 1 1
44.5005 26.5404 26.5794 -0.57628 0 -3.10859 0 -0.552232 0.790884 63 63 255
55.3911 13.7581 45.5696 -0.176189 -0.201366 -1.08475 0 -0.0696912 0.496871 170 170 255
64.9768 21.7892 22.1625 -0.518326 0 3.8 1 0.0950813 0.87363 255 29 29
63.7696 23.5295 26.3818 -1.52621 -0.869648 -3.5 1 0.791972 -0.0805873 255 21 21
63.129 30.7475 23.926 -2.01684 -0.744991 -3.5 0 -0.0361725 0.986497 87 87 255
50.096 13.4362 25.9762 -1.47107 -0.511565 -1.3 0 0.457076 -0.733716 26 26 255
67.9935 13.5457 27.421 -0.226233 0 4.5 1 0.869529 0.11222 255 0 0
61.8507 22.1131 19.2078 -0.413621 0 -0.7 0 0.266159 0.962345 255 36 36
41.6319 7.82987 36.3779 0.148299 0 4.2 0 -0.908151 -0.273863 67 67 255
62.5139 34.5817 29.4578 -0.25261 0 2.8 0 0.538741 0.829222 188 188 255
47.5595 13.3341 14.119 0.000711694 0 -2.08121 0 0.115115 -0.612148 255 128 128
52.1296 16.7709 49.258 0.781322 0 -4.5 0 0.415147 0.197921 111 111 255
54.8672 20.2297 38.3041 -0.588302 0 3.37285 0 -0.468887 0.692336 55 55 255
54.1143 32.5606 28.7761 1.52475 0.0114503 -3.9 0 -0.0965438 0.646461 62 62 254
45.0635 24.993 19.5565 -0.776068 0 4.2 0 -0.0988498 0.449473 9 9 255
50.783 24.6653 41.6645 -0.517183 -0.496123 4.35004 0 0.419541 0.769975 233 233 255
59.1992 31.0426 40.6029 -0.227843 0 2.89406 0 -0.0709956 0.430785 95 95 255
44.7795 19.554 52.1987 0.647744 0.0787823 -3.5 0 0.0349101 -0.253139 12 12 255
59.5351 11.7105 38.0986 -0.326584 0 -0.8 1 0.57817 -0.572541 255 1 1
41.491 19.839 21.7265 -1.73461 0 -3.5 0 -0.792325 0.352853 23 23 255
47.0215 7.21975 41.036 -0.104609 0 -0.8 0 -0.912466 -0.402001 61 61 255
64.4135 17.3153 46.3216 1.30667 0 -4.5 1 0.98692 0.146157 255 33 33
52.1511 4.40513 25.1456 -0.370025 0 3.8 0 0.785883 0.392206 122 122 255
50.991 15.079 26.4967 -0.422092 0 -1.3 0 0.919132 0.0667033 37 37 255
47.6398 25.612 29.6174 -0.608131 0 3.8 0 -0.703332 0.602022 34 34 255
53.5064 33.5011 37.5471 -0.187492 0 2.77598 0 -0.444456 0.35469 16 16 255
53.83 24.441 47.814 -0.12563 0 4.5 0 0.48602 0.796304 145 145 255
57.2743 11.4412 27.6956 -0.728163 0 2.5 0 -0.123581 0.887937 255 173 173
50.3045 27.9411 35.73 -0.412466 0 2.5 0 -0.555353 0.828885 91 91 254
44.7173 18.0613 35.9478 -0.251843 0 -3.9 0 -0.528945 -0.787905 46 46 255
43.6698 25.451 37.3815 -0.210613 0 -3.9 0 -0.928536 -0.175812 22 22 255
56.3511 36.5961 33.1404 0.505257 0 -3.5 0 0.164658 0.91494 18 18 255
42.2293 14.2262 19.5748 -0.598621 0 -3.5 0 -0.73434 -0.263495 206 206 255
51.0097 13.6931 25.4719 -0.215004 0 -1.3 0 0.653272 -0.581935 39 39 255
58.3455 36.1104 32.2369 0.358508 0.18239 -3.5 0 0.634192 0.74434 39 39 255
62.954 5.375 19.1952 -0.398708 0 -0.8 0 0.440121 -0.397977 18 18 255
49.5554 10.3977 42.6944 0.669537 0 -0.8 0 -0.508986 0.600162 62 62 255
45.9092 27.5478 26.5783 -0.883766 -0.255332 -3.14719 0 -0.679477 0.660834 40 40 255
45.1494 26.9044 45.5279 -0.126615 0 4.2 0 -0.972143 0.00657549 11 11 255
41.6815 17.381 34.4675 -0.629549 -0.845546 -0.7 0 -0.491943 -0.670885 15 15 255
52.3671 16.3411 24.7383 -1.2574 -0.457091 -3.5 0 0.00198011 0.00548562 68 68 255
52.2598 24.7079 20.3056 -1.51454 -0.0360714 0.942 0 0.630067 0.111232 88 88 255
56.1162 33.9535 40.2682 -0.137315 0 3.8 0 -0.14712 0.964277 11 11 255
57.488 3.5435 35.3765 -0.0374688 0 4.5 0 0.855395 -0.167094 238 238 255
60.7294 5.6655 34.4907 -0.0790388 0 -0.7 1 0.24803 -0.0990273 255 42 42
63.508 22.2108 26.3585 0.150008 0 3.8 1 0.86656 0.180563 255 28 28
51.9557 25.4502 19.4809 -2.73517 -0.626565 -3.5 0 0.712759 -0.166655 60 60 255
60.413 6.441 19.517 -0.00856845 0 -0.8 0 -0.591009 -0.0398434 39 39 255
38.3302 18.2491 26.134 -0.239608 0 -3.5 0 -0.886826 0.292462 24 24 255
62.3413 17.2475 41.2935 0.141128 0 4.2 1 0.197773 -0.886443 255 4 4
63.6987 19.6895 20.0047 -0.434563 0 -0.7 0 0.878762 -0.375024 255 134 134
50.6619 5.62712 38.9666 0.35751 0 -2.78512 0 -0.354612 -0.930959 28 28 255
57.5586 4.08612 26.2911 -0.161756 0 -0.0147262 0 -0.399698 -0.637239 67 67 254
52.6289 6.31925 27.512 -0.789715 0 2.8 0 0.136351 0.759757 152 152 255
60.1732 -1.09613 30.5144 -1.04729 -0.170678 -0.4 0 0.966079 0.257092 45 45 255
36.0607 21.4727 50.711 2.3406 0 -0.4 0 -0.834245 -0.34857 2 2 255
60.5611 14.7664 39.3894 0.00750049 0 0.214747 1 0.553034 -0.0830633 255 1 1
66.119 14.9392 24.3571 -0.859899 -0.447309 -0.7 1 0.761498 0.417566 255 13 13
51.8305 8.981 45.401 0.0925199 0 -3.5 0 -0.440217 0.0236409 74 74 255
63.5103 27.3237 26.483 -0.273157 0 -3.5 1 0.553793 -0.0275479 255 65 65
52.8861 28.9816 26.3925 -0.505315 -0.1127 -3.68462 0 0.540636 0.735553 91 91 255
49.9295 10.46 19.9325 -0.755314 0 4.28422 0 0.267927 -0.139335 251 251 255
41.9019 19.949 28.0829 -0.500912 0 -3.5 0 -0.626691 0.691815 22 22 255
66.8758 31.1096 44.0965 -0.561479 0 -3.2 0 0.57089 0.583179 255 243 243
60.548 20.657 46.899 0.712758 0.365877 -0.609262 0 -0.218954 -0.130997 255 53 53
46.8099 17.0691 42.771 1.46163 0 -2.8564 0 -0.353816 0.0320223 34 34 255
44.1558 18.2022 50.653 0.360351 0 -3.5 0 -0.450593 -0.846596 14 14 255
44.0655 12.941 32.788 -0.582459 0 4.2 0 -0.591403 0.682097 30 30 255
55.421 14.7708 45.087 0.777343 0 3.63305 0 -0.237547 -0.00282545 187 187 255
53.7938 21.0643 15.9736 -0.849255 0 -2.46963 0 -0.195776 0.715743 255 84 84
40.593 11.2795 25.4223 -1.70824 -0.014187 3.8 0 -0.830622 0.217023 20 20 255
57.8672 14.572 16.6838 -0.580618 0 -0.7 0 0.0254992 -0.853881 255 63 63
63.6452 16.9505 26.4767 -0.0402493 0 3.8 1 0.697877 -0.219614 255 23 23
53.6987 16.4006 24.8958 -2.90431 -0.301679 -3.5 0 -0.124007 -0.314322 85 85 255
52.9044 12.3392 31.2104 -0.506808 0 -1.3 0 -0.878672 0.297274 103 103 254
47.0713 27.7719 22.8445 -0.692626 0 -3.5 0 -0.258773 0.92026 16 16 255
53.0745 2.55487 28.0814 -0.519503 0 2.8 0 0.548832 -0.782888 40 40 255
36.4254 21.7495 48.9344 2.82431 0 -0.4 0 -0.607696 -0.184286 3 3 255
57.6756 8.77888 45.3414 -0.208067 0 4.5 0 -0.106094 -0.507472 170 170 255
62.9331 21.7922 19.5556 -0.461505 0 -0.7 0 0.482571 0.873616 255 31 31
42.0137 26.9691 24.0667 -0.647508 0 -3.5 0 -0.879582 0.270843 15 15 255
65.0579 8.89487 25.7682 -0.272292 0 3.17697 1 0.531208 -0.530606 255 98 98
42.0936 2.14412 31.2943 0.112313 0.308822 -4.3353 0 -0.301403 -0.560082 4 4 255
50.5639 10.757 43.0269 0.875509 0.332936 -1.0375 0 -0.638125 0.443898 104 104 255
59.9125 9.99288 32.8814 0.181795 -0.479196 -4.5 1 0.594217 -0.030619 255 5 5
52.1726 13.3422 17.4254 -0.358163 0 1.8 0 0.5737 -0.662339 255 98 98
59.5503 7.88462 38.5796 0.724171 0 -4.5 1 0.845581 -0.262176 255 19 19
41.7331 24.9958 24.4281 -1.91079 -0.052809 -3.5 0 -0.971706 0.226254 12 12 254
62.16 15.3516 38.8415 0.0235526 0 3.99784 1 0.344777 -0.63319 255 1 1
54.6237 -0.46725 35.4059 -0.185508 0 4.5 0 -0.908762 -0.379811 100 100 255
45.0392 20.803 18.0885 -0.793116 0 -0.526904 0 -0.878159 0.414052 51 51 255
58.496 3.169 26.4925 -0.207438 0 0.0927665 0 -0.201031 -0.74781 55 55 255
53.645 23.568 36.497 -0.749439 0 -0.9 0 -0.112443 0.0934532 41 41 255
63.9369 21.6642 34.1637 -0.0285779 0 4.2 1 0.970443 -0.106864 255 0 0
45.7066 0.247625 25.0518 -0.404153 0 0.194433 0 0.0575466 -0.998314 91 91 254
44.1345 17.8146 17.0515 -0.461082 -0.448001 -1.03745 0 -0.974466 0.118778 249 249 255
59.3251 8.81162 45.6625 -0.0379753 0 4.5 0 0.329567 -0.484815 255 140 140
50.3874 19.0504 26.3668 -1.0733 0 3.8 0 0.56999 -0.811635 11 11 255
40.8887 6.01875 31.9286 1.00277 0 1.8 0 -0.645407 -0.692004 22 22 255
53.4815 23.6842 20.494 -0.863153 0 4.5 0 -0.0131268 0.619964 160 160 255
51.3307 23.3433 50.4212 0.341325 0 -3.5 0 0.570311 -0.703367 249 249 255
41.0843 9.33313 19.0305 -0.380447 0 1.8 0 -0.464085 -0.227651 131 131 255
50.4844 19.3019 48.5506 0.618527 0 -4.5 0 0.824639 0.209879 43 43 255
52.562 15.5787 48.9791 0.646649 0 -4.5 0 0.335343 -0.389956 179 179 255
53.7936 19.5944 38.9136 -0.787149 0 0.872365 0 0.0620689 0.903921 80 80 254
52.3073 29.8582 37.613 -0.0502763 0 -0.9 0 -0.716439 0.686879 82 82 255
44.8343 0.009625 26.0163 -0.559967 0 -1.34439 0 -0.605806 -0.725265 63 63 255
65.382 5.91 23.0868 -0.495954 -0.0193591 -0.447448 1 0.580675 -0.691036 84 84 254
53.543 1.014 30.979 -0.338383 0 -1.12131 0 0.525048 -0.761102 55 55 255
50.3035 6.07125 41.9496 -0.818155 -0.469663 -0.8 0 -0.082821 -0.802353 29 29 255
43.9955 17.2406 34.3061 0.204862 -0.481099 -0.7 0 -0.341034 -0.743981 12 12 254
43.8332 23.3365 36.045 -0.0975541 0 -3.9 0 -0.792166 -0.346263 25 25 255
53.4943 1.11238 34.3452 -0.247207 0 2.03924 0 -0.403793 -0.908839 118 118 254
50.096 11.074 30.4118 -0.362725 0 4.5 0 0.405308 0.89494 37 37 255
43.19 20.5911 48.9863 -0.389857 -0.0729075 -3.5 0 -0.90286 -0.322253 21 21 255
51.659 13.0431 45.8423 0.542987 0 -4.5 0 -0.100306 -0.925549 114 114 255
48.0467 3.48425 31.3915 -0.400157 0 -3.5 0 -0.601213 -0.455161 23 23 255
67.8124 24.3738 43.9049 -0.0203533 0 4.5 0 0.946432 0.0962428 255 118 118
45.6377 13.383 13.8872 -0.445682 0 -0.8 0 0.271661 -0.748047 255 151 151
49.6441 12.6879 42.3316 0.568559 0 -1.3 0 -0.828245 -0.355864 115 115 255
45.9552 4.02025 38.326 -1.47902 0 -3.5 0 -0.0965723 0.158363 51 51 255
60.5661 4.69613 20.0569 -0.360447 0 -0.8 0 -0.469461 -0.85086 48 48 255
54.2023 6.23675 27.3657 -0.909203 0 2.8 0 -0.163645 0.712852 177 177 255
42.743 27.365 24.844 -0.444873 0 -3.5 0 -0.469475 0.491505 25 25 255
64.867 31.255 46.673 0.0376714 0 -3.2 0 -0.786479 -0.00516006 28 28 255
42.0814 21.2646 46.1524 -1.29263 0 -3.5 0 -0.835125 0.0515635 23 23 255
64.416 26.0515 45.627 0.422461 0.024148 3.84483 0 0.272677 0.0972104 255 213 213
48.9095 5.6065 41.322 -0.712223 -0.331904 -0.8 0 -0.383922 -0.904842 22 22 255
62.811 17.7319 19.2609 -0.3646 -0.163005 -0.7 0 0.537069 -0.14435 255 183 183
41.6208 11.7244 20.5338 -0.536976 0.222197 0.484444 0 -0.875276 0.393053 105 105 255
48.213 17.1852 45.4104 0.74763 0 3.8 0 -0.938308 -0.308689 31 31 255
67.5595 18.473 23.6064 -0.292026 0 3.8 1 0.884597 -0.253505 255 5 5
60.828 15.0615 18.9425 -0.639329 0 4.2 0 0.132955 0.319724 255 128 128
53.444 21.013 42.0525 -0.47442 0 3.95147 0 0.138613 0.00793663 195 195 255
58.8155 30.1462 27.7755 -0.711416 0 -3.2 0 -0.535402 0.589469 63 63 255
45.3324 28.3659 37.2504 2.04065 0 -3.9 0 0.0502505 0.718435 61 61 255
64.1572 31.7323 34.6825 1.28658 0 -3.9 0 0.361203 0.929098 255 59 59
52.718 15.938 21.9489 -1.94077 -0.351471 -3.5 0 -0.171119 -0.974689 255 162 162
64.0731 21.6587 31.5421 -0.0858572 0 1.8 1 0.930355 0.24599 255 0 0
54.2555 4.55925 16.6485 -0.319299 0 -3.2 0 0.7695 0.566208 152 152 255
59.6345 13.9205 40.409 0.235565 0 -0.8 1 0.7591 0.378048 255 7 7
49.0882 13.8933 42.0993 0.548067 0 -1.3 0 -0.833601 -0.332217 106 106 255
66.32 12.5515 20.8808 0.135328 0.488167 -0.818913 0 0.751814 -0.334985 255 81 81
51.7544 34.3353 34.022 -0.00771252 0.228314 -1.20271 0 -0.844222 0.527241 89 89 255
63.5566 12.9826 47.0654 0.34895 0 -4.5 0 0.507206 -0.67803 255 47 47
38.2315 6.2675 29.4495 0.36618 0 -4.5 0 -0.692589 0.242491 9 9 255
51.015 28.808 38.5098 0.0643182 0 -0.9 0 -0.849403 0.485418 135 135 255
63.5915 30.6469 42.4992 0.657188 0 -3.2 0 -0.0686474 0.997604 231 231 255
54.8479 3.28713 29.5231 -0.607417 0 2.8 0 -0.10125 -0.978715 41 41 255
42.9733 26.3255 36.1514 0.73923 0 -3.9 0 -0.924359 0.00332054 36 36 255
60.0532 9.03063 43.1129 0.121436 0 4.5 0 0.711906 -0.611398 255 46 46
48.2793 2.816 12.6962 -0.476998 0 -3.5 0 -0.625013 0.00900524 118 118 255
50.8155 5.687 15.1725 -1.8141 -0.0159345 -3.5 0 0.105378 0.980868 113 113 254
46.5073 12.9618 14.3927 0.752345 0 -2.31008 0 -0.0157545 -0.342645 255 206 206
51.4781 12.3841 32.7057 -0.0424119 0.372317 -0.903749 0 -0.175634 0.349004 47 47 255
54.1862 36.9357 35.2321 -0.11029 0 -0.4 0 0.0183353 0.989393 23 23 255
63.903 22.2324 30.4848 -0.340928 0 2.28939 1 0.965387 0.214704 255 1 1
68.0235 24.1635 42.8755 -0.049533 0 4.5 1 0.987769 -0.134632 255 88 88
42.2765 3.45525 22.6268 -0.789179 -0.162682 -3.5 0 -0.862488 -0.256405 105 105 255
42.599 25.6524 28.1806 -0.212815 -0.139909 -0.8 0 -0.586193 0.803945 82 82 255
52.2115 14.292 23.688 -0.918563 0.135631 -2.0086 0 0.701071 -0.711513 89 89 255
65.3305 22.9767 41.1885 -0.0921964 0 4.5 1 0.521246 0.108675 255 11 11
49.1893 11.9932 40.7969 0.531586 0 -1.6 0 -0.634952 0.0237221 68 68 255
59.0335 5.74375 36.4945 0.249737 0 -4.5 1 0.606965 -0.76261 255 77 77
63.5166 23.1203 29.7141 -0.903598 0 4.5 1 0.92151 0.224373 255 5 5
59.8237 17.9611 17.989 0.00457392 0.692686 -0.7 0 0.644894 -0.446658 255 40 40
52.8317 21.4225 48.4222 0.202387 0 4.5 0 0.0933212 -0.73797 59 59 255
57.7293 13.1926 22.582 -0.774922 0 4.27665 0 -0.930787 0.311275 255 229 229
50.755 31.8775 30.7572 -0.23264 0 -0.899181 0 -0.866587 0.471089 151 151 255
38.9616 12.7136 29.1914 0.134657 0.0927603 -3.5 0 -0.750583 -0.240186 24 24 255
58.653 2.7685 33.9115 -0.197749 0 4.5 1 0.722938 0.23275 204 204 255
62.0856 11.902 34.3293 0.0798304 0 3.8 1 0.463655 -0.871741 255 0 0
62.5793 12.6511 36.0163 0.0224873 0 3.8 1 0.390903 -0.859767 255 0 0
63.1063 34.2116 31.6092 -0.0778434 0 2.8 0 0.542502 0.723628 255 177 177
44.3867 24.1635 39.8139 -1.68968 -0.800531 -3.5 0 -0.743775 -0.438065 11 11 255
51.4352 12.6683 18.3285 -0.41088 0 1.8 0 0.452196 -0.834103 255 131 131
39.2174 15.9819 29.953 -0.464577 -0.556337 -3.5 0 -0.537356 0.0691914 32 32 255
60.3906 26.4884 46.4756 0.00913402 0 4.5 0 0.269535 0.556724 124 124 255
58.2435 -1.76937 34.3032 -0.0384572 0 4.5 0 0.685677 -0.61533 50 50 255
66.265 29.1775 41.9845 0.146479 0 -3.2 0 0.684033 0.16197 255 183 183
37.9299 12.9288 30.3298 0.667355 0.151705 -3.5 0 -0.937393 -0.266955 34 34 255
41.2178 27.4067 21.6068 -0.683344 0 -3.5 0 -0.940466 0.317734 9 9 255
59.5756 30.3302 41.3052 -0.192244 0 -3.5 0 -0.530868 0.518704 116 116 255
63.8983 18.9508 33.7853 -0.0575742 0 4.2 1 0.840059 -0.437632 255 0 0
55.8666 27.8901 26.1895 -0.285464 0 -3.2 0 -0.24867 0.949598 47 47 255
42.5868 6.21225 35.8921 0.304011 0 4.2 0 -0.727281 -0.561963 27 27 255
56.2541 14.3929 45.6469 0.627799 0 4.5 0 -0.476278 0.119394 210 210 255
41.108 5.724 25.2857 0.022816 0 -0.4 0 -0.641502 -0.103223 33 33 255
61.5701 5.85725 27.2978 -0.111542 0 -1.6 0 0.745427 -0.232037 255 121 121
51.4635 5.836 23.5825 -0.495337 0 3.8 0 0.934984 0.289132 185 185 255
63.41 14.526 46.29 0.351869 0 -4.5 1 0.524091 -0.426634 255 46 46
62.3643 24.3118 28.1217 -0.378967 -0.0771116 0.706199 1 0.729351 0.680485 255 19 19
43.8647 28.022 20.3918 -0.646757 0 -3.5 0 0.254634 0.598537 12 12 255
62.4173 11.4788 33.148 0.140337 -0.290369 -0.8 1 0.582309 -0.584445 255 0 0
48.2743 16.7405 49.338 0.948836 0 -4.5 0 -0.395628 -0.303066 115 115 255
49.8129 14.4435 31.1664 -0.32721 0 3.8 0 0.369218 -0.918458 20 20 255
42.0985 23.3909 21.7787 -1.72491 -0.837259 -3.5 0 -0.630481 -0.642915 17 17 255
50.1601 22.2717 18.0685 -0.511846 0 4.5 0 0.345668 0.579609 182 182 255
39.0875 19.2278 26.4775 -0.299575 0 -3.5 0 -0.516877 0.854797 17 17 255
63.698 13.6661 28.6987 -0.172659 0 1.63999 1 0.673438 0.581236 255 2 2
49.0327 30.911 25.855 -0.322404 0 4.2 0 0.287522 0.632505 89 89 255
40.8281 20.1534 26.8738 -0.394502 0 -3.5 0 -0.76592 0.579214 11 11 255
60.941 4.37038 22.823 -0.232952 0 -0.8 0 -0.599258 -0.7602 152 152 255
65.2063 28.4443 36.0465 2.54969 0.0046537 -3.9 1 0.762419 -0.616598 255 10 10
54.1048 0.94525 36.2705 -0.163994 0 4.5 0 -0.738848 -0.462604 131 131 255
56.2005 15.8811 24.008 -1.32621 -0.0621113 0.713285 0 0.0505341 -0.989896 202 202 255
49.8556 16.8801 25.5475 -1.28863 0 0.0264471 0 0.873914 0.340713 28 28 255
52.1165 29.256 25.7725 -1.1247 -0.334113 0.147247 0 0.308236 0.861578 63 63 254
44.2132 0.45775 31.8353 -1.85359 -0.879844 -3.5 0 -0.395201 -0.243713 6 6 255
45.1535 3.1685 34.269 -0.87879 0 -3.52444 0 -0.0197447 -0.994017 14 14 254
46.0225 2.48 16.6052 -0.793354 -0.0100541 -3.5 0 -0.953552 0.0896628 159 159 255
53.4835 14.8527 46.1637 0.905917 0.579352 -4.5 0 0.844499 -0.0775424 167 167 255
64.0967 17.8263 20.892 -0.319163 0 -0.7 0 0.472467 0.271316 255 146 146
58.826 32.969 27.5555 -0.645123 0 2.8 0 -0.322994 -0.318908 34 34 255
44.1305 20.653 30.49 -0.0434655 0 1.8 0 -0.573207 0.817279 14 14 255
58.556 36.4022 31.011 -1.2046 -0.76307 -3.5 0 0.605339 0.755965 39 39 255
62.1978 30.4142 24.857 -1.33376 0 -3.33666 0 -0.219586 0.971969 101 101 255
55.0214 13.6567 29.5449 -0.569786 0 -1.3 0 0.050057 0.815346 195 195 255
59.0317 36.7829 29.35 -1.65485 -0.175521 -3.5 0 0.580077 0.813401 51 51 255
52.6473 8.10888 28.4716 -0.323846 0.431458 0.0318795 0 0.065408 -0.0355895 255 233 233
65.7962 9.72275 26.842 -0.25029 0 4.5 1 0.601469 -0.72739 255 50 50
51.6413 28.9786 39.4478 -0.181007 0 -0.9 0 -0.853309 0.211442 149 149 255
48.2974 10.4349 18.6961 -0.668856 0 -2.22449 0 0.885375 -0.239045 146 146 255
64.0545 22.8964 33.84 -0.0370101 0 4.38099 1 0.969479 -0.233872 255 0 0
62.0114 6.50425 19.0072 -0.39932 0 -0.8 0 0.107294 0.0200217 19 19 255
52.9146 12.7677 45.6391 0.175588 -0.762187 -1.3 0 -0.231589 -0.675061 136 136 255
43.7849 22.0455 34.824 -0.103259 0 -3.9 0 -0.895382 -0.123473 27 27 255
58.0045 -3.80888 29.3851 -1.52738 -0.420476 -0.4 0 -0.737397 -0.605582 57 57 255
42.0522 25.0868 25.6423 -2.04106 -0.837613 -3.5 0 -0.717565 0.604507 32 32 255
50.9619 1.2825 16.1178 -0.895858 0 -3.41427 0 0.0283724 -0.91074 87 87 255
66.6348 20.3862 43.295 0.0150337 0 4.5 1 0.720512 -0.627803 255 93 93
51.373 0.031875 19.2472 -0.0297845 0 -3.2 0 -0.00272179 -0.835337 99 99 255
56.1538 28.4639 27.0511 -0.09978 0 -3.2 0 -0.0781356 0.732973 53 53 255
58.5294 13.5174 25.3194 -0.649459 0 2.8 0 -0.910248 0.0391108 108 108 255
58.6695 26.9171 45.2346 -0.129864 0 4.5 0 -0.528356 0.848388 48 48 255
62.8371 16.9265 48.3232 0.541635 0 -4.5 0 0.0895217 0.328426 255 55 55
54.2607 10.116 27.5037 -1.03664 -0.0909614 -1.3 0 -0.0436855 -0.0694455 195 195 255
42.4723 17.9061 35.097 0.251094 -0.171608 -0.7 0 -0.270641 -0.591176 26 26 255
54.4176 4.83725 41.8155 0.101512 0.21061 -3.5 0 0.476604 -0.697475 124 124 255
45.166 26.0818 46.3732 -0.134568 0 4.2 0 -0.989781 0.0275816 12 12 254
55.2256 31.2219 27.9603 1.22006 0 -3.9 0 0.153681 0.256244 60 60 255
60.8234 12.4745 46.9331 0.252268 0.312369 -2.32955 0 -0.0278607 -0.919299 255 107 107
41.543 20.46 22.752 -1.15263 -0.130745 -3.5 0 -0.895849 0.334324 16 16 255
51.8936 12.1339 23.9247 -0.556579 0.943643 -1.3 0 0.415223 0.124412 124 124 255
56.8848 29.6612 28.1357 0.0873935 0 -3.9 0 0.114818 0.503864 47 47 255
63.6247 20.9858 20.073 -0.468897 0 -0.7 0 0.840896 0.539644 255 44 44
43.6301 20.286 20.6644 -1.1015 0 1.42424 0 -0.488168 0.0606872 33 33 255
41.889 4.9755 22.4487 -0.214676 0 -3.37225 0 -0.934341 -0.103037 136 136 255
61.3325 11.4715 33.628 0.313069 0 1.92976 1 0.17809 -0.870389 255 1 1
60.2976 12.2501 43.1704 0.203711 0 3.99921 1 0.876798 0.000858178 255 42 42
60.0871 2.51025 29.8614 -0.392793 0 1.8 0 0.936958 -0.219269 189 189 255
65.6615 19.581 21.5732 -0.381453 0 3.8 0 0.562165 -0.0678768 255 22 22
49.644 2.3125 33.4204 -0.622148 -0.427654 -2.11421 0 -0.718301 -0.690015 76 76 255
42.0165 6.03725 18.8372 -0.475367 0 -3.5 0 -0.462915 0.498618 255 168 168
60.0144 18.4722 47.0802 -0.152486 -0.14755 -2.10346 0 -0.26139 0.364475 255 27 27
56.5349 -0.080375 29.8137 -0.717636 0 3.4756 0 -0.623952 -0.0123105 71 71 255
55.7815 2.38637 37.125 -0.107008 0 4.5 0 0.326577 0.0206169 142 142 255
63.294 31.5186 31.7749 -0.157667 0 2.8 1 0.845476 -0.304505 255 111 111
43.9969 10.6147 37.5764 0.152863 0 2.36921 0 -0.767408 0.592333 123 123 254
52.8418 8.584 45.6605 -0.2827 0 -3.5 0 -0.392288 -0.005066 65 65 255
62.1968 13.4132 49.1738 0.367716 0 -4.5 0 -0.0975878 -0.38644 255 104 104
42.5955 13.2725 19.8458 -0.841847 -0.147096 2.81997 0 -0.779457 -0.241438 177 177 255
63.4198 16.0001 37.0098 -0.0429998 0 3.8 1 0.955245 0.237969 255 0 0
51.6299 25.48 45.0954 -0.265477 0 4.5 0 0.607309 0.756245 197 197 255
58.1263 6.78025 39.8343 0.453916 0 -4.5 0 0.789946 -0.498009 255 49 49
47.7967 27.2675 38.5768 -1.36383 -0.847891 -3.5 0 0.299948 0.916492 57 57 255
60.7586 8.60825 18.6386 -0.396784 0.3342 -1.93729 0 -0.191781 -0.747997 49 49 255
46.1855 27.8662 38.089 -1.00035 -0.287159 -3.59335 0 0.00605959 0.948123 39 39 255
44.9202 17.772 37.0238 0.252097 0 -3.9 0 -0.670075 -0.713658 71 71 255
61.0161 29.048 22.187 -1.09198 -0.0279793 -3.5 0 0.249247 0.757525 42 42 255
42.1213 19.0926 21.0089 -1.42545 -0.376024 -3.5 0 -0.518634 0.225948 50 50 255
44.1613 11.896 35.6343 -1.08092 -0.791899 4.2 0 -0.776624 0.536368 46 46 255
44.4157 19.8671 17.7246 -0.600595 0 -0.8 0 -0.909551 0.403247 79 79 255
56.9275 29.3239 20.5859 -2.11897 -0.00494337 -3.5 0 -0.284825 -0.243891 8 8 255
53.4496 27.2241 21.3943 -1.52588 -0.447104 -3.58932 0 0.482821 0.448349 19 19 255
41.0332 23.9001 25.4953 -1.68241 0 -3.5 0 -0.888146 0.438433 32 32 254
67.424 31.209 47.5311 -0.0053109 0 -3.2 0 0.605617 0.242923 19 19 255
51.1716 31.8265 35.4661 0.0119231 0 -3.5 0 -0.746958 -0.040346 111 111 255
53.6635 9.7185 21.8525 -1.1495 -0.20061 -1.3 0 0.9936 -0.112933 255 202 202
53.7785 0.801125 32.9523 -0.280825 0 4.5 0 -0.456053 -0.88974 77 77 255
53.2607 22.2108 18.5338 -0.713747 0 0.490325 0 -0.517084 0.591016 255 181 181
52.032 18.8185 25.0987 -1.60163 -0.145374 0.349631 0 -0.158914 -0.565633 48 48 255
59.3815 9.71988 37.921 0.768845 -0.750963 -1.70772 1 0.889219 0.293042 255 5 5
64.7896 25.8304 24.963 -0.52805 0 -3.5 1 0.988686 -0.0966108 255 59 59
64.2164 31.4944 38.7515 -1.04361 0 -3.5 0 0.690079 0.68978 255 189 189
63.6256 32.4795 30.7138 -0.156954 0 2.8 1 0.89241 -0.382686 255 182 182
64.6554 19.139 31.4901 -0.0924505 0 1.8 1 0.891425 -0.282223 255 0 0
47.3927 8.57475 41.659 -0.309261 0 -0.8 0 -0.757013 0.0147524 53 53 255
62.9123 31.7083 35.9034 -0.0401184 0 -3.7034 0 -0.00912964 0.997234 255 108 108
51.331 16.852 24.592 -1.22247 0 -1.3 0 0.247481 0.344261 57 57 255
65.499 31.9614 47.1043 0.35238 0 -3.2 0 -0.640714 0.467766 19 19 255
59.1245 8.70925 40.2094 0.831042 0 -3.09369 1 0.700347 -0.701932 255 18 18
38.7223 18.6945 28.0485 -0.378942 0 -3.5 0 -0.640442 0.763883 19 19 255
45.599 22.286 40.419 -0.327271 0 -3.5 0 -0.937409 -0.201955 17 17 255
46.9613 -1.69625 29.851 -1.33247 -0.384771 -3.5 0 0.00968841 -0.959379 142 142 255
40.463 9.03775 22.3053 -0.296626 0 1.8 0 -0.895594 -0.142042 98 98 254
52.2185 12.209 21.0791 -1.11286 0 -1.3 0 0.751847 0.488673 255 189 189
58.6689 10.4563 36.3121 0.208939 0 -3.86067 1 0.998576 0.0527582 255 3 3
57.706 -0.00275 28.7157 -0.868123 -0.00622456 0.720807 0 -0.602099 -0.371473 61 61 255
62.7269 16.1483 29.414 -0.680585 -0.232366 -0.4 1 0.977284 0.131342 255 4 4
39.9374 10.0972 20.775 -0.318229 0 1.8 0 -0.87704 0.462292 148 148 255
59.4895 34.123 34.4575 -0.0781226 0 2.8 0 0.505918 0.752515 215 215 255
63.2383 14.2461 32.0955 -0.230817 0 3.3185 1 0.845735 0.240611 255 0 0
48.4286 4.50462 13.277 -0.488299 0 -3.5 0 -0.489596 0.609119 111 111 255
61.442 13.4738 38.75 -0.0239804 0 0.272895 1 0.801067 -0.137139 255 2 2
39.7868 1.18275 28.5958 -0.305173 0 -4.5 0 -0.696813 -0.715892 14 14 255
56.5415 27.2288 21.6665 -1.26161 0 -3.70301 0 -0.123888 -0.114338 9 9 255
41.7057 2.73825 22.013 -2.00651 -0.528079 -3.5 0 -0.796181 -0.113697 136 136 255
47.7901 15.2055 11.9319 -0.248438 0 -0.8 0 0.35503 -0.315254 255 35 35
49.636 12.186 16.3547 0.0696821 0 -3.9 0 0.901415 -0.372261 255 243 243
57.8307 13.7261 31.0417 -0.655894 0 -1.12756 0 -0.257165 0.522938 255 58 58
40.1414 4.488 25.8827 0.530308 0.926547 -4.5 0 -0.417023 0.0251247 31 31 255
39.39 18.17 31.6615 -0.399685 0 -0.7 0 -0.921062 -0.231124 22 22 255
50.0342 0.397625 18.3171 -0.272337 0 -3.2 0 -0.137922 -0.981987 131 131 255
48.608 22.605 17.199 0.0242258 0.435872 -0.8 0 0.350615 0.852354 71 71 255
50.6056 23.7272 51.7461 0.257912 0 -3.5 0 0.460736 -0.319374 255 224 224
52.6865 -0.068375 18.1173 -0.315892 0 -3.2 0 0.374676 -0.925302 68 68 255
46.7251 21.5845 41.1426 -0.113554 -0.163282 -3.5 0 -0.791118 -0.513808 33 33 255
55.2919 35.0951 36.7211 0.0228152 0 -0.4 0 0.318579 0.442303 12 12 255
50.1045 7.23925 43.3973 0.117054 0 -0.8 0 -0.100761 -0.64668 31 31 255
50.4548 27.9352 44.3375 -0.166542 0 4.2 0 0.799077 0.523472 226 226 255
52.6712 1.02475 32.3088 0.00171341 0.548929 -0.7 0 0.130225 -0.988011 69 69 255
42.868 9.32425 38.2842 0.0333017 0 4.2 0 -0.789211 0.418938 158 158 255
61.4975 9.07725 27.699 -0.441847 -0.0980228 3.15444 1 0.739135 -0.518349 255 50 50
61.682 26.1815 46.0295 0.0803866 0 4.5 0 0.173792 0.531875 198 198 255
51.8995 30.5435 36.062 0.604402 0.0895735 -1.03469 0 -0.795786 0.176298 60 60 255
58.5536 14.2889 24.5494 -0.573611 0 3.58898 0 -0.99429 -0.0882077 96 96 255
52.9255 25.0305 37.028 -0.413258 0 0.8 0 0.465413 -0.394116 147 147 255
52.8905 -0.52275 28.197 -0.852016 0 -3.5 0 0.928566 0.0736658 68 68 254
47.9717 26.1185 32.549 -0.250407 0 3.8 0 -0.439673 0.88424 55 55 255
57.2295 6.7365 24.351 -0.171742 0 -1.6 0 -0.784268 -0.24145 210 210 255
41.61 23.6105 49.8004 0.150626 0 -1.96835 0 -0.0344946 0.737176 13 13 255
43.9585 24.5858 36.4933 0.259292 0 -3.9 0 -0.873158 -0.258925 19 19 255
38.732 11.5996 31.3237 -0.253166 0 -3.5 0 -0.771234 -0.528731 53 53 255
50.4548 17.7297 49.2767 0.685112 0.510353 -4.5 0 0.431975 0.163607 87 87 255
46.4795 26.241 43.4079 -0.232966 0 4.2 0 -0.661387 0.570341 13 13 255
49.1265 24.8254 52.1444 0.250215 0 -3.5 0 -0.0339076 0.080498 209 209 255
47.062 27.269 21.7135 -0.663945 0 -3.5 0 -0.340661 0.786051 9 9 255
49.6437 13.5337 15.7653 1.18702 0 0.837658 0 0.738187 -0.3622 255 158 158
53.0565 15.6391 20.7418 -1.39932 -0.275359 -3.5 0 0.0268491 -0.935749 255 104 104
58.5848 -0.7005 34.395 -0.049037 0 4.5 0 0.824809 -0.121828 81 81 254
64.4197 24.5723 45.9627 -0.167679 0 4.5 0 0.563322 0.080869 255 191 191
56.3224 34.3664 35.854 0.27909 0.00726759 -0.4 0 0.640717 0.458544 22 22 255
43.1835 23.616 35.2935 -0.120368 0 -3.9 0 -0.930377 -0.215387 24 24 254
47.1015 26.3841 48.2185 -0.0620597 0 0.819362 0 -0.485897 0.475616 27 27 255
43.7491 1.62462 31.7577 -0.717753 -0.278902 -3.60035 0 -0.271398 -0.480546 3 3 255
57.0719 36.0511 33.7676 0.508003 0.0194569 -2.11781 0 0.446594 0.82017 25 25 255
51.2386 6.71212 27.461 -0.398037 0 3.52289 0 0.560234 0.607939 124 124 255
51.9745 5.339 15.139 -1.59625 -0.731596 -3.5 0 0.536067 0.841289 123 123 255
44.913 26.3634 20.7494 -0.896359 0 0.260286 0 0.47736 0.521131 11 11 255
55.3425 10.64 27.8932 -0.733928 -0.2057 -0.313957 0 -0.0239223 0.296213 237 237 255
40.423 12.1064 27.4005 -0.801537 -0.303205 0.554503 0 -0.946603 0.000727019 26 26 255
51.1973 27.2768 34.3504 -0.81042 -0.515763 0.706441 0 -0.650742 0.573743 59 59 255
47.5325 25.3557 31.8027 -0.270035 0 3.8 0 -0.657226 0.677465 45 45 255
52.8085 32.9067 29.559 0.3314 0.528138 -3.86273 0 -0.227477 0.648371 71 71 254
58.9487 29.1239 20.9266 -1.05768 0 -3.5 0 0.465404 0.101364 12 12 255
55.4115 5.94375 26.7822 -0.566275 0 2.20994 0 -0.328038 0.501799 165 165 255
39.7715 8.41775 32.8425 0.166469 0 1.8 0 -0.739755 0.256989 42 42 255
60.2994 13.1497 47.5829 0.489332 0.481949 -3.39658 0 -0.453364 -0.55842 255 128 128
60.3756 7.99925 33.8237 0.22622 0 -0.7 1 0.50785 0.476732 255 6 6
45.5117 15.7207 12.4039 -0.547051 -0.262103 -0.8 0 -0.277261 0.174905 255 71 71
55.339 26.0484 41.0341 -0.486102 0 -0.9 0 -0.76379 -0.483331 56 56 255
49.984 24.3025 40.5317 0.0298706 0.523673 2.76312 0 0.597505 0.774862 153 153 255
66.0677 27.1429 45.2581 0.299684 0 -3.2 0 0.109109 -0.560943 255 223 223
45.6679 7.572 39.3155 -0.128198 0 4.2 0 0.0468869 -0.692561 88 88 255
46.7806 -0.75775 23.2897 -0.885583 0 -0.7 0 0.137342 -0.913456 113 113 255
58.559 15.3195 16.4141 -0.564125 0 -0.7 0 0.679137 -0.288377 255 31 31
66.233 32.615 46.4417 0.361305 0 -3.2 0 -0.128604 0.979482 31 31 255
53.3386 11.7285 45.293 -0.664512 -0.452866 -1.3 0 -0.487768 -0.287603 102 102 255
60.2118 32.7945 35.132 -0.706551 -0.402116 3.5246 0 0.740326 0.632187 255 203 203
60.59 23.0225 47.2335 0.201595 -0.0107342 4.5 0 0.10338 -0.234451 255 190 190
47.64 0.691 14.4035 -0.428587 0 -3.5 0 -0.397568 -0.875591 183 183 255
39.7434 2.946 26.006 0.252988 0 -4.5 0 -0.604061 -0.25349 35 35 255
55.5863 18.3556 46.377 0.29255 0 4.5 0 0.0273286 0.248135 156 156 255
45.9996 22.6423 41.5196 -0.754843 -0.207249 -3.5 0 -0.899845 -0.370282 16 16 255
51.6011 21.2512 18.2111 0.0438897 0 2.87434 0 0.155972 0.669934 255 194 194
61.5914 33.309 27.8749 -0.405128 0 2.8 0 0.256602 0.160616 91 91 255
44.569 0.03075 25.0047 -0.411403 0 -0.7 0 -0.386588 -0.794581 72 72 255
54.6787 15.1169 24.4236 -2.41097 -0.065297 -3.5 0 0.174042 -0.711091 127 127 255
51.6274 28.4529 21.0697 -2.1796 0 -3.5 0 0.169908 0.931585 24 24 255
41.0424 13.8856 20.7278 0.0772884 0 -3.5 0 -0.843914 -0.457659 144 144 255
40.2121 19.5745 26.0769 -0.308585 0 -3.5 0 -0.58612 0.802103 13 13 255
56.837 33.5552 36.322 0.0957355 0 3.13833 0 0.382043 0.885145 34 34 255
64.4262 25.4449 37.9844 -1.0943 -0.667535 -0.7 1 0.971712 0.0173878 255 15 15
57.5793 9.30062 23.0007 -0.43254 0 4.5 0 -0.95323 -0.291276 151 151 255
56.3507 37.1394 32.1591 -0.102365 0 -3.5 0 -0.00205021 0.988549 22 22 255
41.3498 9.035 33.7456 0.439288 0 1.8 0 -0.68289 0.433044 36 36 255
48.2785 6.0555 40.261 0.0802277 -0.0783967 -0.8 0 -0.693058 -0.713383 40 40 255
58.6776 15.0716 46.858 0.495671 0.175481 -1.41736 0 -0.562684 -0.0984092 255 121 121
63.0062 3.70925 25.3904 -1.32415 -0.373317 -1.6 0 0.359541 -0.75863 133 133 255
58.738 4.97388 34.1096 0.109753 0 -1.33444 1 0.321269 -0.700403 255 97 97
48.3565 21.932 50.6405 0.853402 0.418068 -4.5 0 0.287265 -0.544094 88 88 255
50.317 10.284 24.813 -0.522021 0 -1.3 0 0.433668 0.123114 166 166 255
62.647 15.4403 30.4126 0.0516466 0 -0.4 1 0.969645 0.217997 255 1 1
37.5385 23.3703 51.4827 1.72789 0 -0.4 0 -0.511907 0.446869 3 3 254
44.9486 15.1716 33.5653 0.141956 0 3.8 0 -0.898147 -0.207042 6 6 255
50.6408 14.3135 15.8532 0.894524 0 1.8 0 0.594179 -0.369585 255 98 98
36.7321 24.2336 48.9886 0.492428 0 -0.4 0 -0.663307 0.574814 8 8 255
39.5117 19.9956 32.3705 -0.297255 0 -0.7 0 -0.888454 0.406132 11 11 255
65.0098 10.12 19.1886 -0.267169 0 -3.5 0 0.675942 -0.270746 101 101 255
63.4538 13.621 36.8584 -0.0130996 0 3.8 1 0.688507 -0.491325 255 0 0
51.6096 5.83012 26.4834 -0.410714 0 3.56539 0 0.510152 0.757873 133 133 255
38.9246 3.297 26.9469 0.242893 0 -4.5 0 -0.75935 -0.485696 22 22 255
39.7406 11.6622 28.6379 -0.413922 0 -3.68933 0 -0.806168 0.0999277 21 21 255
56.4745 5.38375 38.4328 -0.0724544 -0.342023 -3.57506 0 0.361031 -0.929917 254 254 255
57.4622 29.0792 25.4086 0.682124 0.816002 -3.5 0 -0.427697 0.878108 32 32 255
37.6813 4.38588 27.8019 0.702182 0 -4.5 0 -0.896306 -0.324658 9 9 255
57.6188 12.9595 30.3267 -0.766485 0 -1.05341 0 -0.0552494 0.736054 255 90 90
66.8497 7.3625 23.3186 -0.252938 0 -0.4 1 0.902441 -0.367085 82 82 255
52.986 25.978 37.907 -0.455368 0 -0.9 0 0.0402518 -0.739422 162 162 255
45.0675 20.177 15.2425 -0.620476 0 -0.8 0 -0.54406 0.724347 196 196 255
64.079 23.5664 39.6828 -0.181806 0 0.388211 1 0.937696 -0.0445282 255 9 9
47.6527 19.0149 44.0131 0.134317 0 3.8 0 -0.891309 -0.414535 23 23 255
41.5254 13.1243 25.0546 -1.41389 0 -3.5 0 -0.507333 -0.234682 34 34 255
55.3853 17.1917 26.9958 -1.07435 0 2.8 0 -0.658618 -0.663626 30 30 255
51.89 26.666 19.316 -2.22805 -0.682411 -3.5 0 0.625736 0.254775 30 30 255
41.7616 15.4544 31.6081 -0.292666 0 -1.89741 0 -0.345692 -0.223469 11 11 255
61.1421 28.1456 44.6449 -0.884167 -0.931882 -3.2 0 -0.296163 0.404684 113 113 255
62.6507 23.8489 23.3083 -0.470887 -0.3575 1.7681 0 0.470163 -0.0767312 255 67 67
57.8647 16.2804 31.3091 -0.662668 0 -1.50995 0 -0.437613 -0.521968 255 135 135
45.1842 23.038 38.3402 -0.817096 -0.121665 -3.56629 0 -0.947394 -0.263638 28 28 255
66.6289 16.1957 23.5391 -0.627428 0 -0.7 1 0.871886 0.02483 255 8 8
64.7838 24.804 33.661 -0.102462 0 4.5 1 0.939557 0.12021 255 2 2
63.2144 25.3452 35.3657 -0.145359 -0.235502 3.2161 1 0.96353 0.162748 255 5 5
63.7188 26.3468 34.0762 0.0760074 0 4.5 1 0.95033 0.00418937 255 4 4
54.9066 -0.929375 30.6336 -0.684091 -0.764698 4.5 0 -0.892332 -0.0554822 54 54 255
66.48 22.9575 41.4642 -0.0801222 0 4.5 1 0.366785 0.084548 255 31 31
66.5742 32.1828 44.9865 -0.172718 0 -3.2 0 0.391617 0.81599 101 101 255
66.0896 18.6278 22.0321 -0.346097 0 3.15866 0 0.642175 0.214364 255 16 16
52.7627 25.8036 47.3936 -1.30596 -0.303427 -2.27063 0 0.860232 0.504662 193 193 255
40.2854 15.6145 30.7013 -0.303221 -0.0165846 -3.34468 0 -0.568925 -0.0316562 23 23 254
59.4482 22.1213 17.69 0.30331 0.495086 -0.7 0 0.554655 0.6129 255 87 87
47.2051 28.3321 44.9528 -0.0880621 0 4.2 0 -0.341688 0.921596 88 88 254
60.2808 7.26975 37.3252 0.119653 0 -4.5 1 0.913487 -0.332886 255 39 39
55.3602 35.78 28.9191 -0.558077 0 -3.5 0 -0.559504 0.510698 17 17 255
37.6655 20.738 51.4915 2.03599 0 -0.4 0 -0.143812 -0.790077 1 1 255
52.0332 35.3825 35.3937 -0.745469 -0.35906 -0.4 0 -0.763099 0.643365 49 49 255
64.9678 18.3542 21.4438 -0.369795 0 -0.637471 0 0.423179 0.166062 255 68 68
53.2897 4.45 15.813 -0.5672 0 -3.2 0 0.587192 0.620697 121 121 255
59.8741 28.4409 43.1176 -1.18025 -0.630472 -3.2 0 -0.845319 0.380952 62 62 255
48.2697 27.4186 36.5682 -0.0378156 0 2.5 0 0.217302 0.975799 70 70 255
63.9178 31.5231 35.7627 1.42851 0 -3.9 0 0.276482 0.960252 255 77 77
64.3818 22.9403 45.7141 -0.30879 -0.0980485 4.5 0 0.436052 -0.313884 255 126 126
67.607 11.887 27.5532 -0.225087 0 4.5 1 0.773544 -0.439007 255 1 1
59.713 0.63325 28.3873 -0.720924 -0.0586041 0.71751 0 0.822587 0.0197036 46 46 255
62.5472 32.287 37.8805 -1.74286 -0.849438 -3.5 0 -0.0460708 0.990121 255 204 204
66.4583 28.288 46.6143 -0.400691 0 -3.2 0 -0.136397 -0.626908 124 124 255
63.8589 31.4827 44.9473 0.752008 0.47224 -3.2 0 -0.761353 0.639592 114 114 254
45.9971 13.3364 40.1533 0.514504 0 -1.6 0 -0.82172 -0.13881 65 65 255
49.9868 0.78225 19.8175 0.0566857 0 -3.2 0 0.131739 -0.940709 99 99 255
55.269 -1.925 30.769 -1.19549 -0 4.5 0 -0.771186 -0.607059 47 47 255
42.4674 0.0765 22.495 -0.559479 0 -0.7 0 -0.963695 -0.209166 53 53 255
55.4766 26.1388 21.5162 0.0353675 0 -3.9 0 0.0364362 0.436431 18 18 255
64.4445 17.2395 39.5074 -0.00860296 0 4.2 1 0.938336 -0.322239 255 4 4
45.4124 27.8336 46.0838 -0.0920572 0 4.2 0 -0.837155 0.522245 13 13 255
47.5225 1.47588 13.6034 -0.403514 0 -3.5 0 -0.646525 -0.406344 161 161 255
46.0508 24.7255 50.9185 0.682235 0 -3.5 0 0.0270291 0.822209 14 14 255
60.0636 -0.052625 31.5446 -0.231798 0.0420162 -0.215412 0 0.999769 0.0101034 53 53 255
55.762 18.0705 15.571 -0.398365 0 -0.7 0 0.0542917 -0.0628355 255 71 71
49.9269 15.7306 48.7901 0.638333 0 -4.5 0 -0.0700315 -0.580914 183 183 255
52.9347 16.9721 48.4459 0.946844 0 -4.5 0 0.727869 0.445354 74 74 255
50.6009 -2.12375 28.9463 -0.220594 0 -3.5 0 -0.45661 -0.866624 151 151 255
64.9445 13.8464 34.2704 -0.107297 0 3.8 1 0.922346 -0.236584 255 0 0
52.521 9.218 23.442 -0.775689 0 -1.3 0 0.566489 -0.435488 255 215 215
61.2495 20.2453 17.5917 -0.214024 -0.0469715 -0.7 0 0.277938 -0.19964 255 51 51
52.001 4.492 23.9242 -0.454316 0 3.8 0 0.909539 0.311243 140 140 255
62.3853 25.6756 29.5903 -0.197281 0 4.5 1 0.559294 0.463219 255 15 15
58.9632 1.77287 33.3312 -0.44234 0 4.5 1 0.790459 -0.0294638 179 179 255
47.3085 21.7525 15.5565 -0.422474 0 -0.8 0 0.111521 0.727094 152 152 255
41.735 7.38863 35.2781 0.580054 0 4.2 0 -0.944132 -0.251043 31 31 255
49.109 4.919 14.031 -0.526663 0 -3.5 0 -0.0682216 0.88636 121 121 255
49.4048 21.7873 17.0473 -0.00763629 0.541995 0.316529 0 0.532837 0.625861 172 172 255
56.8271 25.951 15.1514 -1.66171 0 -3.5 1 0.596368 0.5278 244 244 255
41.6562 6.42025 22.043 -0.126362 -0.362411 -0.885759 0 -0.964737 -0.171544 151 151 255
63.6385 24.3913 36.2393 -0.239468 0 0.361835 1 0.921414 0.33693 255 1 1
62.486 19.4683 17.886 -0.360061 0 -0.7 0 0.187292 -0.415686 255 113 113
55.1274 24.3536 20.1119 -0.720824 0 -3.84346 0 -0.486274 0.812551 141 141 255
59.4906 -4.44325 30.8569 -0.56778 0 -0.4 0 0.244889 -0.961621 42 42 255
43.7732 16.1216 13.8224 -0.117947 0 -0.8 0 -0.829752 0.389129 255 147 147
56.1939 25.1152 20.668 -0.603416 0 -3.9 0 0.0264441 0.797712 62 62 255
61.5421 12.8491 45.1781 0.153553 0 4.5 0 0.912671 -0.251541 255 44 44
41.236 21.52 24.238 -0.705704 0 -3.5 0 -0.968455 0.0761314 25 25 255
66.093 18.7323 26.409 -0.220473 0 3.8 1 0.268511 -0.619394 255 8 8
51.9813 7.09575 28.2076 -0.455165 0 3.48927 0 0.229977 0.33477 206 206 255
58.9066 3.60663 24.9861 -0.164629 0 -1.6 0 -0.281433 -0.840869 116 116 255
51.1835 29.9795 26.5147 -0.274465 0 4.2 0 0.214962 0.812734 82 82 254
60.6465 9.254 44.3683 0.0494879 0 4.5 0 0.888456 -0.458493 255 54 54
59.6345 12.7747 16.5378 -2.00635 -0.564349 -3.5 0 -0.607522 0.104318 255 48 48
55.5853 14.811 31.0037 -0.338729 0.0974189 -3.77208 0 0.456383 0.406216 255 253 253
62.2653 30.4728 42.9857 0.459734 0 -3.2 0 -0.276469 0.920032 136 136 255
61.9142 16.3272 40.5395 0.0983992 0 4.2 1 0.125563 -0.725346 255 4 4
50.2025 18.862 25.3385 -1.20805 0 3.8 0 0.581136 -0.603396 28 28 255
41.6017 9.0255 36.0636 0.113969 0 4.2 0 -0.91227 0.298523 103 103 255
57.4265 15.684 23.0435 -0.85556 0 3.5 0 -0.349471 -0.821562 255 218 218
38.508 20.5091 50.2393 2.9399 0 -0.4 0 0.350271 -0.879284 2 2 255
39.2684 22.5969 51.0884 2.35014 0 -0.4 0 0.65785 -0.175014 4 4 255
57.5629 13.9599 21.8585 -0.788955 0 4.2 0 -0.804642 -0.378367 255 158 158
63.1356 18.2121 33.9945 0.0370568 0 4.2 1 0.642894 -0.652852 255 0 0
44.7496 14.449 32.6357 -0.368987 0 3.8 0 -0.862626 -0.0519102 8 8 255
63.6261 19.633 36.9591 -0.0643626 0 4.2 1 0.996974 -0.0728066 255 0 0
51.791 4.42475 40.4922 0.414128 0.0365933 -3.5 0 -0.559427 -0.82857 58 58 255
52.7767 4.15088 41.31 0.149387 0 -3.5 0 -0.362341 -0.769987 74 74 255
55.5838 4.982 26.2121 -0.375403 0 2.4581 0 -0.213964 0.114333 86 86 255
51.797 24.921 37.8645 -0.331084 0 2.5 0 0.38717 0.0939053 125 125 255
40.0238 6.38725 25.5985 0.05237 0 -4.5 0 -0.308726 -0.165635 15 15 255
59.068 10.752 38.023 -0.00583241 -0.808644 -0.8 1 0.761761 0.00558935 255 2 2
55.7071 33.8677 37.346 -1.23519e-05 0 3.8 0 0.258038 0.877267 13 13 255
45.4716 12.3974 14.5538 0.0388512 0 -3.42366 0 0.0254357 -0.367723 255 232 232
62.5955 22.0403 22.632 -1.82744 -0.0143823 3.8 0 0.344438 0.725268 255 46 46
62.9535 3.80175 23.0425 -0.576043 0 -0.8 0 0.364574 -0.924846 97 97 254
43.1992 19.5972 45.1656 -0.972759 0 -3.5 0 -0.606887 -0.433609 33 33 255
60.3436 33.2625 34.1724 -0.181711 0 2.8 0 0.592572 0.652321 255 163 163
40.8484 4.8945 20.1122 -0.534613 0 -3.5 0 -0.991392 0.067976 255 190 190
44.6805 15.035 41.3467 2.74375 0.108353 -3.9 0 -0.67105 -0.701204 30 30 255
62.7916 6.69588 25.5693 -0.152375 -0.656534 2.64414 1 0.679533 0.0289216 255 102 102
67.1892 26.8329 43.4883 0.0527671 0 0.893713 1 0.942734 0.0931193 255 100 100
60.9263 6.15487 28.4025 -0.354202 -0.068438 -1.24937 0 0.966858 -0.241187 255 89 89
63.7593 15.7994 26.7206 -0.208236 0 4.11141 1 0.488671 0.477974 255 16 16
65.9665 12.2075 24.738 -0.550934 0 4.5 1 0.906031 -0.172931 255 29 29
60.6711 2.83075 32.763 -0.57452 0 0.272984 1 0.530496 -0.633695 255 211 211
59.5332 12.982 26.4276 -0.706998 0 4.21329 0 -0.875992 0.00598597 250 250 255
42.0095 1.34825 21.8724 -1.43334 -0.237144 -3.5 0 -0.899506 -0.317771 105 105 255
57.9525 11.5483 26.3283 -0.745022 0 4.36403 0 -0.515192 0.811193 255 246 246
58.4852 16.4702 46.9103 -0.143057 -0.661198 4.5 0 -0.442557 -0.12333 255 95 95
57.8565 26.3505 46.2166 -0.100707 0 4.5 0 -0.399576 0.840545 30 30 255
54.7254 11.9826 27.977 -0.735527 0 -1.3 0 -0.0119388 0.425934 165 165 255
59.3133 -4.38137 29.6339 -1.7763 -0.735162 -0.4 0 0.0439055 -0.999026 55 55 255
65.5771 12.7203 19.7166 1.00439 0.499678 -0.7 0 0.709201 -0.100533 255 170 170
52.3633 1.05262 33.2848 0.131695 0.582174 -0.7 0 -0.0481403 -0.981532 105 105 255
40.806 19.5485 23.633 -1.24734 -0.135602 -3.5 0 -0.783264 0.609509 16 16 255
64.42 9.67375 27.5123 -0.239127 0 4.5 1 0.207999 -0.670866 255 29 29
41.739 3.75975 18.6984 -0.777121 0 -3.5 0 -0.630986 -0.319516 255 148 148
56.864 5.1655 25.7135 -0.262492 0 -1.6 0 -0.517099 -0.298869 100 100 254
47.8628 5.21125 14.5712 -0.795822 0 -3.5 0 -0.376914 0.748771 150 150 255
51.4711 18.7799 46.8484 0.438124 0 -4.5 0 0.705112 0.370268 28 28 255
44.1932 2.72937 33.4652 -0.193468 0 -3.9 0 0.0557085 -0.835733 5 5 255
41.357 21.9422 48.8988 -0.319377 -0.260117 -0.4 0 0.155095 -0.795628 10 10 255
48.555 5.831 39.106 0.237853 0.470152 -0.8 0 -0.564113 -0.825464 53 53 255
56.3742 14.5901 17.439 -0.567197 0 -0.7 0 -0.284023 -0.958712 255 74 74
64.7915 23.7889 32.7202 -0.137916 0 4.5 1 0.936162 -0.344108 255 2 2
56.0921 15.4993 22.7035 -1.18191 -0.849123 -3.5 0 0.103911 -0.948151 255 196 196
60.7521 24.8674 46.9576 0.0807958 0 4.5 0 0.250818 0.408308 140 140 255
57.4893 7.69287 44.0317 -0.501147 -0.256427 0.723262 0 0.423069 -0.854492 225 225 255
43.157 6.879 18.7388 -0.434974 0 -3.5 0 -0.259353 0.468685 245 245 255
66.7327 16.2724 21.0126 -0.45572 0 -0.7 0 0.709938 0.404064 255 13 13
56.0405 30.05 23.3 -1.46646 -0.00688342 -3.5 0 -0.593404 0.711825 12 12 255
43.046 11.3015 33.7415 0.361682 0.263646 4.2 0 -0.718599 0.399694 36 36 255
63.8116 21.9877 38.2634 -0.0974028 0 0.429552 1 0.98951 -0.0948301 255 0 0
52.0628 8.9035 28.0893 -0.27983 0.770995 -1.3 0 0.0856009 -0.0486714 143 143 255
62.111 11.019 16.7768 -1.2399 0 -3.5 0 0.493509 -0.229402 155 155 255
66.4209 9.623 23.664 -1.14222 -0.625448 -0.4 1 0.838956 0.100964 255 242 242
57.3375 26.2081 16.639 -2.17449 0 -3.5 0 0.785168 0.603036 144 144 255
43.193 15.8175 19.5763 -0.628603 -0.5802 -1.69611 0 -0.561091 0.449023 210 210 255
54.893 15.3505 18.015 -0.750234 0 -0.7 0 -0.284112 -0.956843 255 59 59
66.8175 11.709 22.237 -0.380241 0.0952138 -0.554603 0 0.997071 -0.0764576 255 126 126
61.6794 31.6366 35.2121 -0.0854706 0 -3.9 0 0.158501 0.961894 255 102 102
54.0228 18.4296 30.1098 -0.530634 0 -1.61734 0 -0.151955 -0.622175 40 40 255
45.8372 20.9705 40.0462 -0.234973 0 -3.69397 0 -0.710701 0.110559 23 23 255
55.5961 16.0252 24.9398 -1.42325 0 -1.92006 0 -0.106417 -0.891692 92 92 255
65.913 11.058 27.7939 -0.21298 0 4.5 1 0.282563 -0.542004 255 6 6
48.386 31.4299 26.4202 -0.296292 0 4.2 0 -0.152253 0.940717 111 111 255
45.795 19.7255 14.513 -0.335343 0 -0.8 0 -0.0671692 0.414843 255 243 243
54.073 10.8909 22.2202 -2.17193 -0.454168 -1.3 0 0.999223 0.0339007 255 226 226
37.5033 5.39612 29.1373 0.321883 0 -4.5 0 -0.904269 0.014842 7 7 255
55.282 28.5713 24.1553 0.71745 0 -3.9 0 -0.0699539 0.921842 36 36 255
64.1514 19.5505 44.7324 0.221068 0 -4.5 1 0.902689 0.0192545 255 27 27
57.4813 30.0292 40.805 -0.407591 0 -0.35766 0 0.337578 0.204384 46 46 255
58.8425 -1.195 27.6108 -1.81741 -0.511457 -0.4 0 -0.354268 0.17523 71 71 255
40.9945 20.9664 48.0569 -0.657769 -0.313431 -0.745084 0 -0.151304 -0.977382 11 11 255
47.7565 -0.454 21.152 -0.0961525 0.241675 -0.7 0 0.42974 -0.852656 105 105 255
44.0626 18.7868 40.1499 0.138839 0 -3.9 0 -0.921519 0.156767 30 30 255
64.9775 4.5335 21.3619 -1.99645 -0.188362 -0.8 0 0.402853 -0.886661 45 45 255
42.2651 -0.3295 29.5198 -0.532645 0.0158061 -3.76343 0 -0.62801 -0.776669 2 2 255
53.3675 1.31638 35.5361 -0.193278 0 3.53868 0 -0.399085 -0.813435 110 110 255
55.974 5.1895 39.522 -0.164445 -0.6716 -3.64033 0 0.431936 -0.892559 255 253 253
63.1125 26.5745 36.133 -0.433942 -0.83098 -0.980659 1 0.9127 -0.261714 255 8 8
61.6992 25.1024 22.1879 -1.0714 -0.727738 -3.5 0 0.482548 -0.411319 255 179 179
50.6457 16.0091 25.6381 -0.900911 0.148726 -1.3 0 0.673694 0.589911 40 40 255
45.5462 18.9953 51.5057 0.205584 0 -3.5 0 0.579038 -0.471355 36 36 255
52.4161 26.8639 48.1685 -1.16638 0 -3.5 0 0.845037 0.534042 255 244 244
49.9318 8.33075 26.0877 -0.473847 0 4.5 0 0.915483 0.401068 165 165 255
41.164 2.9795 31.246 0.365952 0.178387 -4.1805 0 -0.462388 -0.348846 5 5 255
44.6736 -0.912375 31.3524 -1.89621 -0.0576009 -3.5 0 0.00869395 -0.397488 11 11 255
51.9567 3.7515 12.6834 -1.88064 0 -3.5 0 0.304491 0.405408 69 69 254
63.3332 24.2255 47.0165 -1.27168 -0.354045 4.5 0 0.306909 0.318598 255 251 251
59.2246 21.2341 46.2505 0.66334 0 4.26756 0 -0.218339 -0.391817 255 159 159
63.8408 13.7525 32.7755 -0.20657 0 3.8 1 0.751937 -0.292324 255 0 0
46.1805 27.4309 47.6273 -0.0255206 0 4.2 0 -0.502796 0.465234 20 20 255
40.1157 7.50737 25.5389 0.156797 0 -4.5 0 -0.454416 -0.0968936 12 12 255
58.4801 30.6981 22.5635 -1.80473 0 -3.5 0 0.417712 0.885018 25 25 255
64.8422 16.4051 46.992 0.883445 0.327569 -4.5 0 0.984105 0.157026 255 55 55
57.509 35.3295 34.316 0.569411 0.591542 -1.51499 0 0.612357 0.575445 27 27 255
59.9375 12.588 42.1001 0.218932 0 -0.8 1 0.973684 0.227832 255 41 41
48.4094 26.1758 41.813 -1.10373 -0.591816 2.15613 0 0.206379 0.955987 76 76 255
43.3105 13.8605 13.793 -0.877968 -0.692172 -0.724156 0 -0.647892 -0.331885 255 235 235
47.004 14.8457 41.9165 1.52466 0.332372 -3.9 0 0.158608 -0.708908 82 82 255
45.273 21.868 38.9909 -0.369933 0 -3.66603 0 -0.937028 0.157819 33 33 255
45.041 21.9765 37.4948 -0.421242 0 -3.9 0 -0.962814 0.203329 52 52 255
51.73 0.2525 17.0756 -0.352099 0 -3.2 0 -0.150048 -0.840866 71 71 255
52.3884 10.4844 44.7431 0.614574 0 -3.5 0 -0.261315 0.264596 77 77 255
51.0461 6.18913 21.9514 -0.560454 0 -1.3 0 0.90618 -0.422051 159 159 255
63.2066 21.5007 18.4867 -0.386979 0 -0.7 0 0.664693 0.643916 255 30 30
64.0375 21.2834 29.4811 -0.507613 -0.226282 2.75948 1 0.902434 0.250189 255 11 11
48.823 0.95025 13.6155 -0.45409 0 -3.5 0 -0.184101 -0.855558 151 151 255
63.6862 15.748 33.538 -0.0963696 0 3.8 1 0.427907 0.69829 255 0 0
50.2535 0.8825 17.3045 -0.427081 0 -3.2 0 -0.18598 -0.910913 104 104 255
63.4803 30.1725 25.3256 -1.59628 -0.636934 -3.4772 0 0.647182 0.597799 205 205 255
48.4027 28.3635 47.4836 0.0460232 0.256579 0.548362 0 -0.26656 0.923444 129 129 255
54.6995 15.7335 19.4858 -0.897431 -0.143177 -2.12808 0 0.0284918 -0.998828 255 75 75
66.7667 9.055 21.4296 -1.20084 0 -0.4 0 0.811125 -0.258071 139 139 255
63.0085 16.556 27.3025 -0.429919 -0.252287 3.32918 1 0.908357 -0.0298321 255 14 14
53.5308 10.197 20.5505 -0.702462 0 -1.3 0 0.741403 0.486459 255 223 223
37.4717 15.7247 26.9845 -0.0763402 0 -3.5 0 -0.847336 -0.046337 17 17 255
64.1848 27.5036 36.7774 0.0571413 0.350355 -2.89767 1 0.890321 -0.441997 255 11 11
66.0928 8.397 24.5826 -0.157892 0 -0.4 1 0.799598 -0.0106269 255 245 245
45.8745 27.8003 22.4602 -0.536329 0 -3.5 0 0.235795 0.89653 10 10 255
44.9478 25.3211 40.6781 -1.35205 -0.0366555 -3.5 0 -0.697631 0.0431001 8 8 255
65.346 9.3825 20.2809 -0.361112 0 -1.22335 0 0.616104 -0.343005 103 103 255
55.2677 29.4748 27.8166 0.394536 0.130125 -3.9 0 0.156005 0.375523 55 55 255
62.0672 26.3985 21.8743 -1.0064 -0.389327 -3.5 0 0.37949 -0.324059 183 183 255
38.0026 12.7828 31.4171 0.264003 0 -3.5 0 -0.946188 -0.169248 53 53 255
53.5236 36.4015 31.8215 -1.57301 0 -3.5 0 -0.56375 0.781869 30 30 255
63.5306 30.7296 43.8854 0.267898 0 -3.2 0 -0.4943 0.86493 151 151 255
56.366 3.4395 36.5575 -0.0685356 0 4.5 0 0.603081 0.0828425 135 135 255
49.5267 7.7025 18.0912 0.0135972 0 -1.3 0 0.456028 0.548699 153 153 255
58.6615 6.41525 23.7983 0.0177531 0 -1.6 0 -0.602287 -0.33299 167 167 255
41.2821 11.3343 22.17 -0.224859 0 1.8 0 -0.88549 0.392932 94 94 255
58.083 -0.0935 35.4873 -0.116851 0 4.5 0 0.727329 -0.0079501 63 63 255
48.3638 26.8748 29.8651 -0.2081 0 3.8 0 -0.801992 0.357422 33 33 255
49.63 1.30575 12.4964 -0.449082 0 -3.5 0 0.0199421 -0.797284 107 107 255
50.2305 28.788 49.0139 0.359652 0.118025 -3.5 0 0.306331 0.943875 255 200 200
64.589 16.1485 19.9315 -0.805104 -0.049606 -0.7 0 0.327392 0.597935 255 95 95
49.1416 3.74738 12.2338 -0.506168 0 -3.5 0 -0.232434 0.448385 89 89 255
47.6804 28.3599 24.0702 -0.744501 0 -3.5 0 -0.292423 0.893707 22 22 254
46.3952 24.0492 18.1033 -0.58694 0 4.2 0 -0.245698 0.48559 17 17 255
55.119 24.4535 45.5069 -0.182697 0 4.5 0 0.0510937 0.922276 73 73 254
63.229 15.3741 27.5592 -0.16435 -0.0430772 0.167062 1 0.777013 0.420553 255 9 9
63.6186 20.7149 28.4866 -0.286258 0.941408 3.8 1 0.948105 0.29857 255 50 50
39.2835 18.7529 25.1268 -0.54904 -0.602695 -3.5 0 -0.683929 0.620651 22 22 255
42.925 22.7885 21.5385 -0.318567 0.250716 3.97508 0 -0.760507 -0.280176 15 15 255
51.8252 5.03175 39.0962 0.616094 0 -3.5 0 -0.540121 -0.836339 40 40 255
47.1063 -1.72525 28.6365 -0.618684 0 -3.5 0 0.237918 -0.956809 162 162 255
53.9025 7.32237 46.3224 -1.65426 -0.303097 -3.5 0 -0.351097 -0.249233 58 58 255
53.265 28.5934 24.749 -0.290636 -0.0639603 -3.83391 0 0.238872 0.969914 63 63 254
44.4335 16.099 39.7425 1.31189 0.411106 -3.9 0 -0.917666 -0.282425 56 56 255
52.1155 8.2685 19.3045 -0.478642 0 -1.3 0 0.235433 -0.0370433 168 168 255
39.0549 18.5397 30.4375 -1.17054 -0.0526973 -3.5 0 -0.890508 0.414278 24 24 255
52.6991 20.8024 15.3541 -0.53801 0 1.8 0 0.0586109 0.885814 255 62 62
50.1613 11.5525 42.3856 0.624054 0.17966 -1.02812 0 -0.758712 0.0770767 91 91 255
41.003 20.402 25.5543 -0.463826 0 -3.5 0 -0.942962 0.280154 26 26 255
60.52 11.2557 43.7865 0.156151 0 4.5 0 0.850146 -0.132425 255 36 36
57.569 31.9515 41.403 -0.171071 0 3.8 0 0.448507 -0.071066 37 37 255
65.3709 20.8259 40.5604 -0.0547177 0 4.46 1 0.674215 -0.311187 255 13 13
66.3292 6.37262 22.2735 -0.434194 -0.36337 -0.574597 0 0.907449 -0.398679 43 43 255
61.9902 22.2108 46.5843 0.18359 -0.661785 4.5 0 0.427352 -0.269476 255 103 103
46.9347 12.3363 40.7116 0.348555 0 -1.6 0 -0.330992 -0.0381333 82 82 255
64.8412 28.8605 38.5713 -1.95661 -0.745015 -3.5 1 0.983003 -0.181272 255 51 51
67.1926 14.0606 25.4434 -0.328197 0 4.5 1 0.804641 0.400907 255 4 4
64.7374 24.3294 25.4279 -1.76535 -0.517677 -3.5 1 0.988629 -0.0565983 255 35 35
64.8016 11.7791 19.0724 0.0404584 0 -3.5 0 0.637838 0.0135924 181 181 255
64.3412 20.4923 34.6945 -0.0923115 0 4.2 1 0.994905 0.059117 255 1 1
57.4689 0.925375 35.9772 -0.111508 0 4.5 0 0.669549 -0.086339 95 95 255
51.455 11.9621 19.9665 -0.684201 0 1.66263 0 0.694746 -0.415434 255 178 178
51.5434 31.2992 28.7299 0.537158 0 -3.19776 0 -0.300325 0.782892 92 92 255
64.4545 31.8487 45.7785 0.421353 0.154129 -3.2 0 -0.74743 0.468109 64 64 255
50.9624 33.802 31.7459 -0.116955 0 -3.5 0 -0.835862 0.535918 167 167 255
38.5368 14.8069 30.1251 -0.00648227 0.267877 -3.5 0 -0.705166 0.272645 24 24 255
55.8576 23.7458 44.6924 -0.151149 0 4.5 0 -0.333665 0.855718 68 68 255
53.7121 13.549 46.2756 0.214492 0.489415 -2.94984 0 0.449566 -0.0244784 171 171 255
53.8365 2.4525 30.6886 -0.970037 0 -3.5 0 0.351254 -0.615452 56 56 255
43.927 12.8855 34.3327 -1.58358 -0.396626 4.2 0 -0.680244 0.629996 50 50 255
57.9351 10.8792 46.5764 0.0432766 0 4.5 0 -0.0937577 -0.179082 255 224 224
47.715 9.6695 41.928 -0.146557 -0.53258 -1.39255 0 -0.561578 0.374073 53 53 255
50.3051 26.7224 38.357 -0.0679807 0 2.5 0 0.0599904 0.194101 121 121 254
55.7185 17.7208 28.7482 -0.660967 0 2.8 0 -0.826184 -0.56108 22 22 255
60.5527 3.7085 33.8268 -0.19584 0 -0.7 1 -0.0676095 -0.556695 255 97 97
40.0052 11.2987 31.9601 -0.305467 -0.0390722 -3.5 0 -0.455507 -0.414357 89 89 255
63.711 17.0308 20.3172 -0.378898 0 -0.7 0 0.580926 0.382793 255 147 147
53.7603 15.2765 22.2779 -1.73466 -0.111608 -3.5 0 -0.135267 -0.891029 255 231 231
55.0364 17.1256 46.5985 0.333135 0 4.5 0 0.245591 -0.143451 124 124 255
51.8291 30.6206 27.7919 0.502855 0 -0.178506 0 -0.107246 0.748085 85 85 255
55.0829 24.9495 37.067 0.0509392 0 -0.9 0 -0.579672 -0.263117 53 53 255
41.182 18.5995 22.0543 -0.828134 -0.0452028 -3.5 0 -0.791946 0.175226 28 28 255
48.7619 11.4277 18.1391 -0.123477 0 0.679507 0 0.789856 -0.596801 203 203 255
51.8898 28.8732 31.977 -1.04366 0 -0.81485 0 -0.89758 -0.102753 179 179 255
62.0482 6.6915 30.947 -0.930065 -0.407148 -0.7 0 0.871421 0.0200494 255 16 16
62.4536 3.84387 32.2915 -0.269073 0 -0.7 0 0.793906 -0.607754 255 82 82
49.4372 15.2524 43.1984 0.499228 0 2.3701 0 -0.862226 -0.411026 77 77 254
67.0471 21.2031 41.7256 -0.0520633 0 4.5 1 0.789149 -0.300118 255 59 59
44.296 17.8248 13.8921 -0.962511 -0.0884793 -0.8 0 -0.632765 0.360491 255 165 165
41.4886 7.13975 23.9091 -0.853499 -0.363181 1.8 0 -0.905868 -0.395001 58 58 255
39.5686 22.9841 47.1766 -0.294703 -0.0509109 -0.4 0 -0.0359876 0.30859 12 12 255
61.453 25.4412 28.9783 -0.0861013 0 4.5 1 0.727145 0.416414 255 25 25
51.99 25.3055 43.0988 -0.263231 0 4.5 0 0.523181 0.715319 219 219 255
39.04 6.048 30.023 0.80293 0 -4.5 0 -0.629668 0.0488695 13 13 255
49.0182 13.1217 41.1215 0.520026 0 -1.45469 0 -0.696688 -0.396566 96 96 255
55.0838 -0.1285 36.6247 -0.152899 0 4.5 0 -0.372782 -0.41271 122 122 254
48.1418 3.72575 33.8021 -0.298544 0 -3.5 0 -0.284935 -0.90564 28 28 255
52.1758 17.8377 47.3734 0.401812 0 -4.5 0 0.56941 0.758056 21 21 255
54.3606 11.0878 45.7601 -0.695442 -0.0276083 -1.3 0 -0.247499 -0.347592 99 99 255
40.2573 23.0249 50.4811 1.42466 0 -0.4 0 0.482666 0.0804673 8 8 255
57.2842 9.72575 21.0646 -0.557168 0 4.5 0 -0.9693 -0.0615348 222 222 255
55.607 -1.387 29.973 -1.31622 -0 4.5 0 -0.589555 -0.0966904 67 67 255
53.0887 3.79588 40.2048 -0.358573 0 -3.5 0 -0.143272 -0.98956 110 110 255
53.8769 9.061 20.61 -0.284292 0 -1.3 0 0.978564 -0.205548 255 251 251
48.263 17.5938 13.0457 -0.277029 0 -0.8 0 0.448939 0.673194 255 60 60
64.7991 27.5475 23.694 -0.698669 0 -3.5 0 0.945356 -0.0393845 255 210 210
56.3133 23.9058 38.2915 0.00952788 0 2.41436 0 -0.896614 -0.0743483 82 82 255
63.1244 22.9941 46.9883 -1.20238 -0.411521 4.5 0 0.423604 -0.400385 255 194 194
46.373 28.4228 34.7043 2.61698 0.0734882 -3.9 0 0.688267 0.5614 65 65 255
45.4835 9.7595 16.6793 -0.512651 0 -3.9 0 -0.573983 -0.772338 148 148 255
62.3273 5.84963 26.5898 -0.0518897 -0.0141048 -1.6 0 0.68358 0.0157021 255 166 166
64.4799 22.2477 23.6933 -0.794859 0 3.8 1 0.321803 0.855435 255 32 32
62.2055 12.6355 46.8027 0.242572 0 -4.5 0 0.407829 -0.881668 255 65 65
45.1165 19.6265 40.567 0.131066 0 -3.9 0 -0.436308 0.525371 14 14 255
57.2649 33.6589 37.8125 -0.100045 0 3.8 0 0.384907 0.922024 23 23 255
42.7658 19.5917 46.0887 -1.58219 -0.058435 -3.5 0 -0.804704 -0.577892 25 25 255
59.9082 0.613 32.5295 -0.440575 -0.452028 2.64603 0 0.850173 0.0397746 126 126 255
56.3332 16.8857 28.0413 -1.00528 0 2.8 0 -0.525301 -0.833115 38 38 255
45.2928 26.953 33.5827 0.591848 0 -3.9 0 -0.0604615 0.394213 36 36 255
59.7477 19.8943 46.2971 0.529528 0 -4.5 0 -0.445805 0.110082 255 28 28
54.4958 25.8965 17.0435 -2.2584 0 -3.5 0 -0.912244 0.172668 163 163 255
58.5825 1.065 34.325 -0.153322 0 4.5 0 0.856502 0.0367544 127 127 255
58.3225 15.323 27.0205 -0.889106 0 2.8 0 -0.536021 -0.76303 202 202 255
65.536 23.9282 45.183 0.00411867 0 4.5 0 0.453751 -0.0212752 255 144 144
53.8853 3.98275 18.5392 -0.509046 0 -3.2 0 0.725853 0.425098 140 140 255
40.3465 16.957 31.417 -0.364592 0 -0.7 0 -0.664682 -0.497531 23 23 255
50.6217 26.5634 43.6989 -0.197882 0 4.2 0 0.661723 0.602956 208 208 255
41.4996 19.8906 33.6335 -0.639575 0 -0.7 0 -0.491125 0.51993 6 6 255
53.9821 33.2146 38.585 -0.150615 0 3.8 0 -0.629831 0.623035 6 6 254
55.0884 15.399 22.0369 -1.29035 -0.528632 -3.5 0 0.0263779 -0.996056 255 166 166
61.7745 3.7705 22.8265 -0.428588 0 -0.8 0 -0.31953 -0.936 126 126 254
53.4475 12.023 28.2235 -1.0414 -0.15445 -1.3 0 -0.431607 0.666137 96 96 255
47.8792 15.6228 47.7185 1.20304 0 -4.5 0 -0.631523 -0.718099 120 120 255
59.499 -1.1385 33.2658 0.374689 0.367023 -0.4 0 0.724045 -0.228073 72 72 254
64.3495 27.3388 25.7498 -0.479725 0 -3.5 1 0.773028 0.153722 255 68 68
61.2475 15.6993 48.7777 -0.0278349 0 -4.5 0 -0.196036 0.289072 255 81 81
52.2394 15.3256 23.0443 -1.40091 -0.0121781 -2.51996 0 0.214058 -0.67445 204 204 255
62.815 29.428 22.0833 -2.04818 -0.770369 -3.5 0 -0.0485176 0.765196 59 59 255
51.9755 33.4685 30.007 0.030909 0.630367 -3.5 0 -0.366586 0.517582 109 109 255
54.2635 0.4555 35.2275 -0.200885 0 4.5 0 -0.823873 -0.563351 117 117 255
61.6744 31.5856 27.8919 -0.780056 0.339878 -3.2 0 0.620029 0.224463 102 102 255
48.612 2.94 34.8785 -0.578153 0 -3.5 0 -0.508571 -0.833792 35 35 255
46.4455 4.426 15.349 -0.619742 0 -3.5 0 -0.801301 0.58838 188 188 255
44.6645 12.51 38.106 0.557984 0 -1.6 0 -0.848798 0.524458 81 81 255
64.3317 28.0378 22.5763 -1.65978 0 -3.5 0 0.873643 -0.0282792 159 159 255
68.7185 29.9872 46.0353 -1.01077 0 -3.2 0 0.928696 0.368483 100 100 255
64.2439 31.192 32.6744 0.269131 0 -3.9 1 0.662897 0.322564 255 61 61
65.6381 21.8331 23.1924 -0.483231 0 3.8 1 0.417064 0.892435 255 18 18
51.067 0.447125 32.2704 0.142742 0.226499 -2.52102 0 0.0645565 -0.864493 80 80 255
45.9118 17.3125 12.532 -0.301363 0 -0.8 0 -0.161641 0.484281 255 65 65
51.9468 26.7875 46.7332 -1.50332 -0.35939 -3.5 0 0.68317 0.649152 255 242 242
38.7122 11.867 29.834 -0.196996 0 -3.5805 0 -0.952964 -0.161223 30 30 255
59.7875 20.3752 16.7463 0.0478918 0.418211 -0.7 0 0.40467 0.197735 255 41 41
49.7529 1.21012 22.943 -0.61566 0 2.8157 0 0.683125 -0.729896 113 113 255
65.366 16.927 24.6665 -0.282784 0 -0.682306 1 0.666273 -0.291845 255 23 23
53.7817 28.9333 41.7158 -0.00743619 0.167037 -0.9 0 -0.33663 0.0129248 37 37 255
44.2725 19.4539 14.4593 -1.76654 -0.0240889 -0.8 0 -0.591417 0.6007 221 221 255
44.2955 19.7664 15.8936 -1.20804 -0.5991 -0.8 0 -0.776744 0.629768 163 163 255
45.2497 2.0695 31.5119 -0.911993 -0.570508 -3.54953 0 0.589561 -0.249034 5 5 255
54.6244 1.68275 36.9816 -0.1284 0 4.5 0 -0.278019 -0.192836 146 146 255
67.3306 32.3206 46.7299 0.295971 0 -3.2 0 0.550845 0.80593 28 28 255
41.657 23.8311 48.6828 0.00854616 0 -1.98489 0 0.130444 0.961988 16 16 255
39.4827 9.314 31.2148 -0.447332 -0.725529 -4.5 0 -0.767369 0.326783 40 40 255
50.291 8.857 24.7619 -0.522831 0 -1.3 0 0.690064 0.0606496 217 217 255
48.3389 22.0535 16.0385 0.952625 0.364591 -0.8 0 0.352511 0.688772 140 140 255
54.507 2.972 17.2124 -0.632835 0 -3.2 0 0.993746 0.107543 114 114 255
44.7911 13.5276 12.8716 -1.63238 -0.122161 -0.8 0 -0.176602 -0.732979 255 165 165
67.9185 20.7292 23.5544 -0.315438 0 3.8 1 0.719875 0.460575 255 6 6
66.3715 15.768 20.145 -0.36108 0 -0.7 0 0.519224 0.372876 255 31 31
46.4883 30.4322 27.8471 -0.294363 0 4.2 0 -0.860426 0.439963 31 31 255
64.1049 23.9984 34.7955 -0.0918873 0 4.4526 1 0.932616 0.219731 255 1 1
65.9091 29.5659 36.0238 2.25358 0.133947 -3.9 1 0.913498 -0.157981 255 19 19
55.6636 16.1084 45.7855 0.529072 0 4.5 0 -0.0802817 -0.493472 183 183 255
60.9959 21.4737 17.5676 0.357403 0.272062 -0.7 0 0.183364 0.553337 255 44 44
51.157 -0.0485 26.6607 -1.3336 -0.136477 -3.5 0 0.394627 -0.348276 140 140 255
53.4272 11.5347 23.5506 0.219859 0.0473519 -1.3 0 0.646648 0.0617165 188 188 255
42.8515 13.0979 24.1561 -0.68717 0 -2.60641 0 -0.900641 -0.190373 55 55 255
48.4147 27.4538 20.2232 -0.791433 0 -3.5 0 -0.468051 0.566545 5 5 255
55.1715 33.637 39.4066 -0.138931 0 3.8 0 -0.468308 0.874265 8 8 255
57.5462 3.95487 34.415 0.10911 0 -2.69632 1 0.858013 -0.129351 255 214 214
59.9045 5.73712 21.6406 -0.0608063 0 -0.8 0 -0.896047 -0.443849 104 104 254
49.6195 23.3639 51.9696 0.300942 0 -3.5 0 0.0438219 -0.440501 185 185 255
61.8889 9.4985 30.9574 0.175933 -0.00928814 -0.797046 1 0.863224 -0.415864 255 4 4
43.6175 -1.81775 30.9071 -2.30768 -0.784403 -3.5 0 -0.41057 -0.477977 3 3 255
56.5686 7.593 26.4815 -0.469094 0 1.12791 0 -0.729552 0.0913969 255 177 177
50.9557 29.3078 25.609 -0.498383 0 4.2 0 0.0822557 0.920277 45 45 255
41.2158 0.10175 28.572 0.493464 0.080727 -4.5 0 -0.467939 -0.880503 5 5 255
45.232 2.68225 35.466 -1.32776 -0.0185911 -3.5 0 -0.284685 -0.940868 21 21 255
63.193 14.6255 28.597 -0.694001 -0.0562051 -0.182202 1 0.920134 0.31409 255 3 3
60.4613 -3.91062 28.1507 -2.15448 -0.947185 -0.4 0 0.774801 -0.544172 85 85 254
46.2215 23.4132 51.8558 0.823205 0.295517 -3.5 0 0.0812378 0.450191 17 17 255
61.5163 18.0872 18.8703 -0.172847 0.00338092 -0.7 0 0.218089 -0.483543 255 156 156
63.3607 6.31125 19.7908 -0.462184 0 -0.8 0 0.51346 0.117393 19 19 255
55.921 11.7323 28.1313 -0.711668 0 -1.3 0 0.0742762 0.475073 255 251 251
56.8575 -2.5155 30.0005 -1.27536 -0.442858 2.06556 0 -0.641598 -0.529647 60 60 255
43.5288 15.0218 31.7523 -0.757903 0 2.57096 0 -0.300148 -0.321003 5 5 254
45.0488 18.7022 41.1507 0.544541 0 -3.9 0 -0.510485 0.569106 14 14 255
60.4384 -1.12013 32.0957 0.486351 0.687728 -0.4 0 0.97184 0.0863112 60 60 255
59.9249 8.01937 36.1861 0.329058 0 -4.5 1 0.887698 0.420198 255 22 22
47.9795 18.3878 44.93 0.270466 0 1.05788 0 -0.927534 -0.352026 27 27 255
68.1086 27.9075 44.358 0.315412 0 -3.2 0 0.893643 -0.311872 255 159 159
61.5995 12.3836 48.1149 0.812208 0.847899 -4.5 0 -0.245826 -0.875675 255 121 121
52.439 28.1798 40.8664 0.339475 1.06064e-05 -0.9 0 -0.652 -0.369918 109 109 255
50.329 27.9872 46.8548 -0.222322 0.046594 1.30504 0 0.658603 0.74896 255 229 229
38.7526 15.0096 26.0195 0.163174 0.794048 -3.5 0 -0.667661 -0.356547 36 36 255
47.6586 28.9639 24.8995 -0.575248 0 4.2 0 -0.505496 0.585249 25 25 255
43.8715 28.9074 23.4415 -0.414623 0 -3.5 0 0.174696 0.979098 14 14 255
44.8541 -2.093 28.7544 -1.64647 -0.0844542 -3.5 0 -0.00640925 -0.929057 61 61 255
41.6488 28.534 22.1502 -0.468079 0 -3.5 0 -0.735581 0.677183 11 11 255
56.7062 16.1466 26.4125 -1.31059 0 2.8 0 -0.474066 -0.821541 49 49 255
46.2089 26.8034 40.2661 -1.10958 0 -3.5 0 -0.0755777 0.748299 16 16 255
51.9354 22.0516 36.9338 -0.335549 0 -3.19644 0 0.685369 0.197512 57 57 255
42.2142 26.0532 24.8603 -0.770965 0 -3.5 0 -0.758912 0.353726 20 20 255
58.3886 30.8604 21.14 -2.23927 -0.822214 -3.5 0 0.645311 0.6613 14 14 254
63.7145 12.6135 17.779 -0.418145 0 -3.5 0 0.630503 0.122966 156 156 255
62.1746 9.18325 18.1168 -0.747959 -0.517114 -3.5 0 0.317533 -0.70018 46 46 255
59.2313 16.232 42.377 -0.279822 0 4.47104 1 0.785123 -0.599881 255 6 6
51.6979 14.9202 48.581 0.0338576 0 -4.5 0 -0.00602404 -0.619332 204 204 255
61.0003 7.44825 19.0475 1.04911 0.393218 -0.8 0 -0.366153 -0.147764 38 38 255
58.2426 25.0966 17.4945 -0.641824 0 -3.5 0 0.920309 0.388047 255 254 254
60.5251 10.2607 40.7709 1.34169 0.647914 -0.8 1 0.939697 -0.279817 255 11 11
61.0283 11.5938 39.7718 0.0399465 0 -0.8 1 0.971791 -0.222549 255 8 8
63.0412 18.9316 18.5379 -0.375712 0 -0.7 0 0.693352 -0.443347 255 156 156
66.3037 13.9213 20.1898 -0.0155978 0.084031 -0.7 0 0.612106 -0.1138 255 50 50
54.9191 22.0046 41.367 -0.448635 0 4.2 0 -0.519702 -0.0954115 164 164 255
57.6273 8.40875 21.5483 -0.423867 0 4.5 0 -0.80413 -0.579737 132 132 255
56.4296 13.6306 30.3694 -0.436169 0 -1.3 0 0.39433 0.703353 255 169 169
37.9385 7.219 26.708 0.0348402 0 -4.5 0 -0.884499 0.016448 3 3 255
52.9651 4.97612 17.2066 -0.192903 0 -3.2 0 0.373322 0.927697 144 144 255
46.7323 14.0369 40.9688 0.899806 0 -1.65873 0 -0.264938 -0.63442 63 63 255
52.2296 13.304 18.9851 -0.547015 0 1.8 0 0.796186 -0.604738 255 98 98
61.0698 12.576 36.59 0.00880442 0 3.8 1 0.125863 -0.923802 255 0 0
42.7294 20.1914 48.0095 -1.38029 -0.878196 -3.5 0 -0.573819 -0.684173 22 22 255
55.5062 4.71763 38.108 -1.49637 -0.108899 -3.5 0 0.542499 -0.770391 147 147 255
61.1164 12.6964 39.9631 0.0184904 0 -0.8 1 0.938654 0.0782344 255 7 7
57.5675 25.1355 15.7673 -1.06095 0 -3.5 1 0.872686 0.211111 255 215 215
53.0059 21.398 36.8491 -0.698577 0 -0.9 0 0.0712331 0.449685 9 9 255
44.2584 22.019 52.468 0.294537 0 -3.5 0 -0.23318 0.0731221 12 12 255
63.2533 4.80875 20.329 -0.460086 0 -0.8 0 0.365619 -0.730544 36 36 255
63.43 19.756 45.8348 0.326218 0 -4.5 0 0.570925 0.55789 255 29 29
53.5301 24.5409 21.0333 -0.696297 0 1.78074 0 -0.0741606 0.334718 92 92 255
67.0273 8.9525 22.8948 -0.910418 -0.627786 -0.4 0 0.980837 -0.112783 147 147 255
57.1828 -2.32875 35.2243 -0.148921 0 4.5 0 0.317783 -0.831209 36 36 255
52.684 19.3895 45.7365 0.302445 0 3.95695 0 0.247682 -0.0239918 47 47 255
67.885 11.945 26.5818 -0.250648 0 4.5 1 0.874264 -0.404603 255 4 4
49.717 8.205 43.8792 0.493539 0.268904 -2.05637 0 -0.486658 -0.288217 42 42 255
50.997 0.867375 20.2582 -0.269506 0 -3.2 0 0.271434 -0.731194 91 91 255
49.4639 5.83425 15.5574 0.127985 0 -3.5 0 0.142229 0.940894 145 145 255
49.0036 6.03025 42.3838 -0.348738 0 -0.8 0 -0.187616 -0.777019 22 22 255
60.9702 9.97 16.4543 -2.05865 -0.0279126 -3.5 0 0.142368 -0.413933 203 203 255
59.0475 7.80137 20.6986 -0.188707 0 4.5 0 -0.652882 -0.643154 107 107 255
54.915 23.46 15.1915 -1.74869 -0.312338 -3.5 0 -0.790942 -0.389712 255 68 68
67.0815 14.2769 27.7966 -0.226635 0 4.5 1 0.362168 0.740376 255 0 0
42.86 0.486875 20.8901 -1.29161 -0.799949 -0.977965 0 -0.764997 -0.510222 107 107 255
40.504 12.7153 25.7188 -1.08113 -0.356274 -3.18004 0 -0.780879 -0.186366 32 32 254
58.1157 14.9272 25.6639 -0.736105 0 2.8 0 -0.768912 -0.630348 90 90 255
47.5391 20.4644 14.6342 -0.352224 0 -0.8 0 0.241313 0.332209 255 213 213
63.308 4.64925 25.6835 -1.37833 -0.628744 -1.6 0 0.696929 -0.260192 200 200 255
54.8232 9.80325 45.2573 -0.937112 0 -3.3322 0 -0.0423463 -0.0505791 114 114 254
59.3071 29.7787 24.562 -0.293541 0 -3.5 0 0.0267185 0.986639 40 40 255
42.689 12.5465 22.6515 -0.648266 0.0957418 -0.375998 0 -0.850238 0.135398 80 80 255
57.4666 32.9604 41.3051 -0.149904 0 3.8 0 0.379972 0.424876 27 27 255
42.0175 14.5974 15.3871 -0.325577 0 -0.4 0 -0.922753 0.323572 255 245 245
50.792 11.812 24.333 -0.593497 0 -1.3 0 0.414305 -0.0359201 117 117 255
52.988 36.6705 34.955 -0.135041 0 -0.4 0 -0.535404 0.814368 32 32 255
44.7038 19.6385 18.7135 -0.680253 0 -0.8 0 -0.983206 0.182243 58 58 255
64.4678 31.1698 43.0465 0.124561 0 -3.2 0 -0.309929 0.841726 196 196 255
60.9673 28.1698 21.599 -1.03557 0 -3.5 0 0.0560191 0.258608 40 40 255
55.0456 36.8205 31.9515 -0.00341233 0 -3.5 0 -0.203976 0.975654 20 20 255
44.1975 18.6271 51.6063 0.977618 0.0758089 -3.5 0 -0.219488 -0.73107 13 13 255
42.7627 23.9685 20.682 -1.66707 -0.521021 -3.5 0 -0.575379 -0.647589 16 16 255
56.6645 35.922 35.06 0.414593 0.238234 -0.4 0 0.598881 0.61739 27 27 255
52.4065 9.76575 19.5101 -0.483618 0 -1.3 0 0.152842 0.489103 231 231 255
51.776 17.537 29.4037 -0.718854 0 4.00626 0 0.75954 -0.156323 12 12 255
53.5324 15.8544 48.277 1.49167 0.798696 -4.5 0 0.840325 -0.102369 137 137 255
57.0431 24.4099 48.0526 0.0157128 0 4.5 0 -0.0588458 0.374183 73 73 255
50.7291 7.30788 18.8913 -0.364968 0 -1.3 0 0.467342 0.27876 170 170 255
61.7127 23.772 47.2057 -0.508808 -0.616926 4.5 0 0.159545 0.0625118 255 249 249
43.542 23.7906 20.0035 -0.931902 -0.0361148 3.72132 0 -0.539769 -0.294577 12 12 255
49.783 8.41 19.239 -0.278426 0 -1.3 0 0.330019 0.592313 176 176 255
49.3604 25.1684 39.6354 -0.0548351 0.175642 2.04134 0 0.736494 0.624287 84 84 255
38.7427 4.536 26.4002 0.259981 0.0405871 -4.5 0 -0.666937 -0.195012 15 15 255
68.4051 19.7141 24.9036 -0.265981 0 3.8 1 0.99044 -0.0244925 255 3 3
64.0039 18.8568 47.0494 0.394775 0 -4.5 0 0.686478 0.565985 255 42 42
61.7998 12.7944 37.6698 0.000632111 0 3.8 1 0.444489 -0.851814 255 1 1
57.6309 -1.57475 35.7814 -0.130217 0 4.5 0 0.569506 -0.379301 45 45 255
50.0003 0.916 16.0335 -0.509385 0 -3.5 0 0.269936 -0.962144 116 116 255
44.935 6.874 18.734 -0.347685 0 -3.5 0 0.0069489 0.465621 214 214 255
50.7605 1.32175 23.974 -0.477775 0 3.8 0 0.44055 -0.860648 155 155 255
47.5592 22.9726 17.6426 -0.592112 0 1.55236 0 0.0472998 0.76873 28 28 255
49.008 27.387 35.473 -0.537056 0 2.5 0 -0.240113 0.900268 72 72 255
62.7552 9.34875 27.1474 -0.337758 0 4.5 1 0.25081 -0.73649 255 48 48
66.1565 30.83 47.7658 0.102489 0 -3.2 0 -0.390003 -0.0906296 16 16 255
57.6138 17.4205 46.6997 -0.0835681 -0.710665 4.5 0 -0.396074 -0.0757154 255 136 136
42.3968 13.608 14.4684 -0.356174 0 -0.4 0 -0.675983 -0.238555 253 253 255
52.3411 23.9794 41.0495 -1.81215 -0.368715 4.5 0 0.542335 0.732738 255 243 243
64.3735 24.9795 24.2665 -1.06131 -0.25974 -3.5 1 0.796831 -0.224711 255 68 68
54.553 6.13387 45.2583 -1.4971 -0.0166263 -3.5 0 -0.0654863 -0.814819 130 130 255
42.724 5.443 35.0695 2.43405 0 -3.9 0 -0.748028 -0.306808 19 19 255
63.3299 13.618 30.8351 -0.532343 0 -0.8 1 0.920246 0.386449 255 0 0
65.494 27.2936 41.7854 -0.273787 -0.0263155 2.91636 1 0.530372 0.0239901 255 120 120
53.878 33.5695 29.956 0.0544153 0.437353 -3.5 0 -0.388187 0.475595 50 50 255
64.2002 20.212 27.273 -0.0126072 0.0456365 3.8 1 0.734072 0.517151 255 54 54
48.127 9.89575 17.3013 -0.900133 0 -3.9 0 0.886819 -0.433655 128 128 255
46.4123 27.625 39.2005 -1.69305 -0.00132014 -3.5 0 -0.027944 0.905838 29 29 255
38.1649 14.2598 29.107 0.0541321 0.645208 -3.5 0 -0.906556 -0.398643 21 21 255
43.0836 23.9326 34.2901 -0.150362 0 -3.9 0 -0.870334 -0.0240902 30 30 255
63.333 27.4346 21.5828 -2.41109 -0.226186 -3.5 0 0.478045 -0.345899 129 129 255
50.165 2.05325 35.978 -0.304044 -0.886491 -0.7 0 -0.244568 -0.647331 128 128 255
65.0358 19.5761 40.0801 -0.0269534 0 4.2 1 0.930415 -0.334798 255 4 4
62.6531 29.8336 27.3266 -0.353048 0 -3.2 0 0.881834 0.247867 255 244 244
64.7142 15.4435 46.609 0.712876 0.511685 -4.5 0 0.830987 -0.346948 255 44 44
65.8405 26.0085 41.5534 -0.253429 0 4.5 1 0.450684 0.30918 255 76 76
48.6707 28.9324 44.3973 -0.119088 0 4.2 0 -0.0858371 0.962137 103 103 255
59.8959 27.4989 44.1405 -0.508595 -0.0984738 -0.992388 0 -0.6697 0.627582 74 74 255
54.4888 25.801 16.0454 -1.95106 0 -3.5 0 -0.935399 0.262422 255 243 243
56.6224 36.8232 30.5675 -0.691426 0 -3.5 0 -0.208113 0.951063 30 30 255
64.2773 12.7876 34.5826 -0.0659406 0 3.8 1 0.673654 -0.732395 255 0 0
49.0629 13.827 30.4514 -0.386815 0 4.5 0 0.860395 -0.509548 24 24 255
41.629 11.734 32.9958 -0.541996 -0.637389 -3.5 0 -0.500273 -0.107588 66 66 255
62.494 15.4572 31.7921 0.011737 0 -0.4 1 0.952386 0.303906 255 0 0
45.9345 26.0422 44.4873 -0.145893 0 4.2 0 -0.881905 0.0471932 13 13 255
47.0374 0.36425 18.5444 -0.464769 -0.669038 -2.72605 0 -0.324703 -0.903145 91 91 255
43.1214 13.2729 18.7062 -0.528306 0 3.96433 0 -0.961859 -0.273279 216 216 255
39.1077 12.3438 32.703 0.567573 0.636764 -3.5 0 -0.34813 -0.305531 84 84 255
42.7293 10.9879 17.0278 -1.16468 -0.0932638 -0.4 0 -0.823814 -0.56611 203 203 255
48.5276 26.2353 39.8047 -0.454264 0 -3.5 0 0.563274 0.763777 60 60 255
53.6403 2.5185 36.639 -0.0943864 0 1.74821 0 -0.210719 -0.575641 124 124 255
51.7735 1.898 24.2065 -0.430234 0 3.8 0 0.761477 -0.613019 113 113 255
42.2438 24.8592 19.355 -2.13224 -0.792462 -3.5 0 -0.46496 -0.447874 12 12 255
45.921 7.31225 18.8092 -0.445295 0 -2.79154 0 -0.489312 -0.00968064 173 173 255
65.808 5.466 21.0439 -1.97455 -0.386477 -0.8 0 0.842077 -0.512159 39 39 255
54.0648 27.0485 40.824 -0.534681 0 -0.9 0 -0.49434 -0.581825 79 79 255
42.6367 4.43225 34.5493 2.33079 0 -3.9 0 -0.714275 -0.556077 18 18 255
51.6753 26.2216 38.1167 -0.29389 0 1.70222 0 0.00470409 -0.398683 151 151 255
44.9026 17.3975 12.9467 -0.358339 0 -0.8 0 -0.501748 0.542814 255 108 108
50.6706 13.0647 45.4934 0.94882 0.536908 -4.5 0 -0.531965 -0.83991 114 114 255
42.995 -0.796625 23.4549 -0.390981 0 -0.7 0 -0.71844 -0.485216 55 55 255
61.068 3.064 31.4811 -0.632229 -0.354302 0.514446 0 0.748744 -0.617372 255 189 189
60.6635 -1.14025 28.9566 -2.56632 0 -0.4 0 0.95325 0.29872 54 54 254
51.4109 19.3386 27.5216 -0.971724 0 3.8 0 0.331895 -0.907934 16 16 255
52.0805 21.0095 37.6925 -0.392484 0 -3.5 0 0.492281 0.694932 45 45 255
52.7966 29.9995 27.216 0.597239 0.222024 -3.9 0 0.230432 0.572327 78 78 255
51.0353 13.2674 46.941 0.209942 0 -4.5 0 -0.113263 -0.887002 165 165 255
38.6245 4.48387 30.2458 0.858945 0 -4.5 0 -0.599886 -0.00733942 9 9 255
50.3744 -1.19975 27.3015 -1.2078 -0.661714 -3.5 0 -0.300574 -0.741339 193 193 255
45.2329 4.82812 37.6725 -1.41613 0 -3.5 0 -0.27861 0.0886622 59 59 255
51.5624 23.1646 37.736 -0.228299 0 2.5 0 0.866349 -0.23121 101 101 255
55.5126 26.6064 17.8681 -2.25162 -0.521381 -3.5 0 -0.287522 0.574703 59 59 255
40.5976 15.0041 20.362 0.368307 0.4798 -3.5 0 -0.829849 -0.0426242 153 153 255
46.3605 3.05 38.15 -1.91056 -0.246788 -3.5 0 0.251977 -0.392346 40 40 255
65.7055 6.60075 20.9953 -1.19996 -0.769016 -0.8 0 0.719509 0.0482926 30 30 255
38.5127 21.3366 51.4935 2.95842 0 -0.4 0 0.506991 -0.401188 2 2 255
55.5496 36.2286 35.6689 0.0705816 0 -0.4 0 0.523023 0.721314 16 16 255
64.0941 23.7275 31.0409 -0.222206 0 4.5 1 0.914093 -0.092975 255 2 2
41.4827 22.6768 24.3865 -1.32985 0 -3.5 0 -0.956878 0.136396 17 17 255
63.7887 28.3402 32.7005 0.347662 0 -3.9 1 0.647377 -0.105205 255 27 27
50.9393 26.0014 18.5849 -2.79858 -0.127721 -3.5 0 0.110986 -0.012316 32 32 255
64.079 27.492 33.3218 0.128856 0 -2.72461 1 0.96955 -0.0887406 255 8 8
56.2995 27.3717 17.009 -2.43809 -0.0820396 -3.5 0 0.321492 0.913878 51 51 255
50.183 11.8282 19.4762 -0.536568 0 3.99757 0 0.421956 -0.528299 255 232 232
44.7336 16.3854 34.0394 0.406483 0 1.89497 0 -0.747669 -0.433737 4 4 255
55.9509 -1.80737 35.8677 -0.16119 0 4.5 0 -0.178635 -0.651893 37 37 255
57.9665 32.4098 28.6038 -1.07944 0 -3.02989 0 -0.163914 -0.439978 24 24 255
53.893 0.9685 16.1239 -0.64138 0.91389 -3.2 0 0.615726 -0.606098 45 45 255
52.0851 -0.716875 30.6115 -0.0679472 0.454922 -3.5 0 0.229187 -0.438361 55 55 255
49.5531 5.8605 38.3011 0.188165 0.4954 -0.8 0 -0.151326 -0.980436 37 37 255
60.3635 9.74375 45.6009 0.0485562 0 4.5 0 0.626543 -0.300219 255 62 62
41.09 4.61675 25.143 -0.0293519 0.117181 -1.16192 0 -0.729762 -0.0393805 46 46 255
46.1759 10.4311 14.706 -0.32556 0 -3.9 0 -0.0824359 -0.594353 160 160 255
63.8414 21.3045 45.0093 0.148256 0 2.90366 0 0.427343 -0.245241 255 49 49
56.3462 15.895 15.5169 -0.419093 0 -0.7 0 -0.297307 -0.241611 255 48 48
62.8249 17.1001 28.4556 -0.402163 0.0156513 2.59829 1 0.938665 -0.276678 255 8 8
59.1806 29.4287 25.8568 -0.255912 0.0650288 -3.28366 0 -0.41003 0.910638 61 61 255
50.3975 13.4038 44.246 0.625099 0.46972 -3.28587 0 -0.717948 -0.656034 90 90 255
62.3899 28.4377 21.2979 -2.11479 -0.536456 -3.5 0 -0.0562687 0.11174 60 60 255
54.991 19.4697 45.7347 0.275754 0 4.5 0 0.0148115 0.228596 86 86 254
49.8662 26.032 42.0303 -1.53329 0 4.2 0 0.455948 0.711965 175 175 255
67.3831 19.2229 26.4885 -0.240511 0 3.8 1 0.565913 -0.29081 255 3 3
51.222 27.212 31.885 -0.815988 0 3.8 0 -0.466086 0.625425 147 147 255
49.6526 12.1974 18.2022 -0.302377 0 1.8 0 0.449223 -0.849931 255 186 186
60.9439 12.1143 38.5965 -0.0284077 0 -0.8 1 0.792478 -0.546994 255 3 3
64.3301 26.0168 32.5961 -0.099717 0 4.5 1 0.87761 0.471582 255 3 3
52.7513 21.2301 17.9089 -0.585766 0 -3.5 0 -0.280028 0.794425 255 143 143
60.046 3.063 28.8905 0.324627 0.0153575 1.8 0 0.961894 -0.208971 177 177 255
60.0206 35.3954 29.3757 -1.10657 -0.61641 -3.25424 0 0.496126 0.80304 56 56 255
44.1144 24.8404 49.4879 -0.43518 0 -3.5 0 -0.418614 0.908058 13 13 255
44.5024 -2.37788 30.3932 -2.09316 0 -3.5 0 0.226934 -0.887751 20 20 255
56.3786 24.5572 39.145 -0.252585 0 -0.14481 0 -0.982484 -0.176704 94 94 255
60.6437 16.5308 43.7771 0.305698 0 -4.5 1 0.255608 -0.621632 255 9 9
64.0469 14.9836 18.6856 -1.91195 -0.821515 -0.7 0 0.33871 0.309687 255 171 171
49.1401 26.9425 43.0402 -0.43272 0 4.2 0 0.0606456 0.638176 108 108 254
57.1159 31.0185 22.712 -1.60803 -0.0107198 -3.5 0 -0.0959363 0.879468 20 20 255
62.374 27.398 26.935 0.218539 0 -3.24399 1 0.670103 -0.308053 255 73 73
52.9793 8.42737 22.265 -0.81788 0 -1.3 0 0.713329 -0.497857 255 226 226
50.8805 1.60012 12.978 -0.965208 0 -3.5 0 0.400243 -0.704417 77 77 255
58.2719 13.3434 23.8468 -0.701112 0 4.5 0 -0.86942 0.466144 102 102 255
61.2458 11.9733 45.7904 0.130596 0 4.5 0 0.678176 -0.632509 255 66 66
50.8833 22.8372 49.6242 0.482974 0 -3.5 0 0.467038 -0.768713 145 145 255
64.1738 18.5327 45.8655 0.596207 0 -4.5 1 0.960679 0.25838 255 33 33
62.8916 32.0844 38.9786 -1.38149 -0.248139 -3.5 0 0.36449 0.925255 255 219 219
59.5639 27.0356 21.3865 -0.871991 -0.210687 -3.5 0 0.0803416 -0.0115326 29 29 255
50.216 26.312 51.223 0.453247 0 -3.5 0 0.200921 0.466991 255 126 126
64.0875 13.0951 48.152 1.25622 0.406646 -4.5 0 0.796379 -0.559688 255 54 54
41.4935 12.7349 21.8368 -0.386839 0.464176 -3.00932 0 -0.937756 0.068605 110 110 254
55.6814 -0.038625 30.6057 -0.709689 -0.282614 4.5 0 -0.604795 0.126478 61 61 255
54.8543 18.7304 29.02 -0.59198 0 2.8 0 -0.594619 -0.780579 38 38 255
41.095 17.687 21.1855 -0.454488 0 -3.5 0 -0.826716 0.306578 108 108 255
48.249 15.0384 46.0911 1.66257 0.670236 -4.5 0 -0.764887 -0.549627 84 84 255
53.8105 19.8934 41.5288 -0.464885 0 3.82748 0 -0.0805316 0.790546 167 167 255
49.5389 0.91825 21.0529 -0.121667 0 -3.2 0 0.565349 -0.824104 98 98 255
50.319 31.4134 29.325 -0.144894 0 4.2 0 -0.267339 0.94006 93 93 254
39.217 7.11412 30.7598 0.136234 0 1.8 0 -0.906891 -0.324512 17 17 255
51.3921 23.7418 19.4426 -1.12494 0 3.88004 0 0.570857 0.124385 129 129 255
47.9109 -0.677625 27.6495 -0.237085 0 -3.5 0 0.266108 -0.79636 169 169 255
39.047 21.4029 47.4416 -1.68125 -0.346968 -0.4 0 -0.351165 -0.483549 7 7 254
55.9431 28.5177 21.3097 -1.72924 -0.0449272 -3.5 0 -0.517333 -0.0879075 6 6 255
47.0527 -0.92875 21.763 -0.418784 0.018903 -0.7 0 0.326261 -0.923707 106 106 254
67.2002 24.6835 44.8242 0.00431958 0 4.5 0 0.509068 -0.0326576 255 152 152
52.7897 18.1571 46.427 0.355569 0 4.5 0 0.19689 0.633141 33 33 255
59.9805 8.66225 37.7704 0.414922 0 -4.5 1 0.959486 0.281517 255 18 18
45.054 23.334 39.442 -1.05013 -0.715856 -3.5 0 -0.823024 -0.54212 16 16 255
40.7788 23.5263 26.6252 -1.96121 -0.0169528 -3.5 0 -0.973223 0.124554 52 52 255
50.9009 25.4781 51.6628 0.230217 0 -3.5 0 0.229149 0.305269 255 156 156
62.1307 6.537 33.6423 -0.683129 -0.606208 -0.7 1 0.557971 0.251894 255 31 31
53.0757 13.3427 30.8214 -0.147148 0.769456 -4.5 0 -0.848834 0.0587514 86 86 255
39.6385 6.94938 32.1036 0.288991 0 1.8 0 -0.71677 -0.52701 29 29 255
64.4577 19.106 35.0146 -0.0925287 0 4.2 1 0.97968 -0.198894 255 0 0
49.6404 13.8619 43.5101 0.630204 0 -1.3 0 -0.855575 -0.397721 98 98 254
56.3727 23.4417 14.7288 -1.7077 -0.780587 -3.5 1 0.314402 -0.42554 255 58 58
48.4726 26.1804 20.0785 -1.31721 0 -3.5 0 -0.396235 0.418315 5 5 255
45.6613 11.296 39.7023 0.133917 0 -1.6 0 -0.673256 0.132319 147 147 255
51.0298 16.84 49.3638 1.17058 0.2234 -4.5 0 0.176154 0.0668747 125 125 255
42.546 9.79725 37.1382 0.0384623 0 4.2 0 -0.723725 0.587367 124 124 254
51.0694 10.1094 44.3466 0.767896 0.00296374 -3.5 0 -0.495945 0.405921 95 95 255
65.4521 15.1835 19.5683 -0.370096 -0.275789 -0.7 0 0.459638 0.184443 255 70 70
52.6606 28.1935 22.098 -1.32183 0.0265093 -3.72659 0 0.253796 0.889843 26 26 255
46.6678 28.3442 27.657 -0.320047 0 4.2 0 -0.859475 0.137506 23 23 254
52.8325 19.4185 28.1187 -0.826343 0 3.8 0 0.252411 -0.916117 22 22 255
55.1789 25.4294 18.0829 -1.62061 -0.204664 -3.5 0 -0.739165 0.36571 165 165 255
49.8413 12.7102 32.289 -0.233901 0 4.15637 0 0.616545 0.179818 19 19 255
52.5865 10.4365 27.5735 -0.541495 -0.0133619 -1.3 0 -0.404656 0.129289 93 93 255
61.7178 21.7961 20.8428 -0.500308 0 -0.7 0 0.373168 0.927074 255 51 51
59.031 30.059 21.55 -1.83015 -0.0135097 -3.5 0 0.634186 0.63188 21 21 255
64.7018 5.46175 20.103 -1.83828 -0.33373 -0.8 0 0.42679 -0.243048 23 23 255
58.7969 4.49725 23.8924 -0.18637 0 -1.6 0 -0.522414 -0.478069 128 128 255
54.9834 32.9251 40.9022 -0.140799 0 3.8 0 -0.73131 0.424946 9 9 255
48.2518 9.0705 18.4317 -0.829438 0 -3.44236 0 0.749225 0.303288 142 142 255
53.9435 17.237 16.0678 -0.592289 -0.369683 0.843364 0 0.0906111 -0.68681 255 78 78
54.3854 36.1114 30.8221 -0.864249 -0.00843769 -3.5 0 -0.423933 0.780665 28 28 255
60.3755 29.1865 43.849 -1.38592 -0.0202966 -3.2 0 -0.600273 0.511224 71 71 255
50.9618 33.4658 33.8555 -0.0524757 0.0734775 -3.30841 0 -0.768058 0.634107 138 138 255
45.6025 28.2964 33.8894 1.49044 0.834311 -3.9 0 0.250936 0.5281 48 48 255
58.0421 33.1755 37.2467 -0.264562 0 3.8 0 0.266214 0.941668 60 60 255
49.0122 10.7554 16.096 -0.208493 0 -3.9 0 0.702055 -0.675877 164 164 255
60.1328 11.5407 33.9726 0.615636 0 3.8 1 0.424692 -0.794664 255 3 3
38.3406 8.6885 26.8757 -0.0747698 0 -4.5 0 -0.864976 0.322363 2 2 255
66.7815 12.0384 28.3316 -0.207132 0 4.5 1 0.494919 -0.400749 255 1 1
49.5095 9.8875 25.3768 -0.526691 0 3.8 0 0.810666 0.257252 154 154 255
53.3285 8.2475 20.2049 -0.233784 0 -1.3 0 0.741249 -0.521796 179 179 255
37.978 17.6005 27.2254 0.0463785 0 -3.5 0 -0.90297 0.377941 23 23 255
61.7046 5.42725 30.7149 -0.271476 0 -0.7 0 0.805531 -0.136364 255 52 52
58.8041 19.4475 46.0406 0.304168 0 4.00815 0 -0.182095 0.283881 255 75 75
59.6736 33.1941 37.0202 -1.68043 -0.108774 3.8 0 0.259391 0.885645 130 130 255
59.9717 28.4655 21.1933 -0.701664 0 -3.5 0 0.346617 0.140149 18 18 255
53.4232 11.173 27.4307 -1.47133 -0.777579 -1.3 0 -0.0504933 0.327533 138 138 255
44.4588 17.3116 41.7523 3.01851 0.29612 -3.9 0 -0.855066 0.176859 15 15 255
64.4446 29.3787 24.2929 -2.80917 -0.00381507 -3.5 0 0.960455 0.275155 180 180 255
49.2282 25.5646 41.0315 -0.75845 -0.0625467 -2.36147 0 0.636407 0.699041 114 114 254
42.7152 -0.9285 22.2275 -0.437721 0 -0.7 0 -0.715848 -0.673703 61 61 255
61.113 22.3714 20.0011 -0.395197 0 -0.7 0 0.447526 0.889908 255 78 78
40.441 21.6842 47.1704 -1.44995 -0.679609 -0.4 0 -0.0717488 -0.282991 11 11 255
51.6044 32.1842 29.8851 0.0983417 0.0313997 -3.63498 0 -0.562205 0.578587 118 118 255
61.0629 32.3754 34.3597 -0.160046 0 2.8 0 0.395108 0.75533 255 94 94
58.382 33.8646 27.3565 -1.79544 -0.646373 -2.25974 0 0.0530004 -0.0717315 24 24 255
67.5394 23.1416 41.8601 -0.0743169 0 4.5 1 0.828237 -0.112862 255 56 56
41.6905 1.5725 20.302 -2.38784 -0.0146475 -3.5 0 -0.697421 -0.601682 227 227 255
62.2842 3.70925 21.4596 -0.328411 0 -0.8 0 0.037885 -0.957593 65 65 254
62.8353 16.4298 19.0081 -1.10733 -0.536809 -0.7 0 0.224189 0.37622 255 156 156
59.1425 8.861 42.2179 0.233001 0 4.5 0 0.688097 -0.720345 255 45 45
55.674 8.476 26.8835 -0.80313 0 2.5 0 -0.489748 0.112857 255 198 198
39.5127 17.1073 30.5802 -0.788852 -0.425769 -3.5 0 -0.668253 -0.323958 32 32 255
43.6674 24.9596 38.9969 -2.11256 -0.174792 -3.5 0 -0.969027 -0.080149 11 11 255
58.6125 11.5474 27.8994 -0.670452 0 2.5 0 -0.381018 0.922635 255 155 155
52.1001 17.8482 14.0245 -0.176414 0 1.8 0 0.265405 -0.576826 255 31 31
43.4069 -1.8525 28.7914 -2.26243 -0.60594 -3.5 0 -0.540752 -0.538313 7 7 255
43.0317 6.6415 37.035 0.0437223 0 4.2 0 -0.697929 -0.580248 64 64 255
56.6196 4.57312 36.4926 -0.0236163 0 -0.703959 0 0.518311 -0.488819 145 145 255
61.8143 3.57675 33.3703 -0.232771 0 -0.7 1 0.461764 -0.769284 255 91 91
64.2015 14.774 33.005 -0.152301 0 3.8 1 0.685455 0.278373 255 0 0
52.3988 13.2304 46.6063 0.931673 0.0545312 -4.5 0 0.2015 -0.798474 155 155 255
44.8768 2.99837 37.4217 -2.06364 -0.806925 -3.5 0 -0.638892 -0.55572 41 41 255
41.3462 4.90037 18.5415 -0.476588 0 -3.5 0 -0.595836 0.122261 255 154 154
58.1805 27.2215 42.3565 -0.14891 0 -0.9 0 -0.200888 0.337236 57 57 255
58.0279 26.9805 21.7229 -0.772662 0 -3.5 0 -0.0822599 -0.228246 16 16 255
60.9801 31.0172 41.4227 -0.220906 0 -3.5 0 -0.313059 0.703076 133 133 255
58.6939 32.3208 38.5095 -0.333134 0 3.8 0 0.476477 0.836238 57 57 255
58.6794 22.5285 47.0861 0.214212 0 4.5 0 0.20573 -0.460742 194 194 255
62.7414 28.468 45.2171 0.301374 0 -3.2 0 -0.462723 0.196703 199 199 255
58.5981 26.5022 43.0123 -0.242343 0 3.29586 0 -0.650168 0.580423 84 84 255
47.3059 3.31756 34.5573 -0.507943 0 -3.5 0 0.0122774 -0.903566 27 27 255
44.1051 16.146 41.1235 2.49563 0.0962047 -3.9 0 -0.975281 -0.179647 22 22 255
54.873 36.758 33.833 -0.235962 0 -1.37343 0 0.169067 0.979875 20 20 254
56.2879 25.1912 45.6976 -0.153533 0 4.5 0 -0.568463 0.78072 45 45 255
51.6413 27.4849 33.0111 -1.70784 -0.129378 1.38443 0 -0.800065 0.599043 113 113 255
47.2347 24.8836 30.8162 -0.332682 0 3.8 0 -0.607929 0.784547 37 37 255
47.3074 28.8242 28.7114 -0.182257 0 4.2 0 -0.802604 -0.211647 26 26 255
59.405 25.3832 21.1047 -1.46087 -0.89568 -3.5 0 0.160371 0.0483391 95 95 255
46.6971 25.2339 29.2999 -0.507174 0 -0.144001 0 -0.27347 0.729113 42 42 255
45.8398 14.8624 38.2799 0.504811 0 -3.9 0 -0.943744 -0.242983 47 47 255
57.8304 9.68719 45.8973 -0.0921258 0 4.5 0 -0.166681 -0.412688 250 250 255
45.3913 -1.06575 20.3385 -0.957849 0 -0.7 0 0.0281491 -0.884404 93 93 255
47.73 5.444 37.424 -0.114179 -0.408964 -3.5 0 0.0531951 -0.537003 45 45 255
39.4377 8.53788 25.8412 -0.135664 0 -4.5 0 -0.562651 0.103243 5 5 255
54.7637 26.9115 21.848 1.11782 0 -3.9 0 0.0828313 0.302532 11 11 255
47.3973 5.59275 17.359 -0.557765 0 -2.41132 0 -0.780376 0.44625 177 177 255
53.032 31.8608 37.2384 -0.0448472 0 -1.50645 0 -0.823639 0.117183 35 35 254
41.3475 7.89525 19.7882 -0.343311 0 1.8 0 -0.575985 -0.37384 177 177 255
58.4147 5.18044 35.2793 0.303337 0 -4.5 1 0.641075 -0.741879 255 118 118
42.4492 16.267 32.5314 -0.312557 0 -0.7 0 -0.29254 -0.654982 5 5 255
51.421 24.4185 51.4726 0.209239 0 -3.5 0 0.444789 -0.209156 255 154 154
46.1544 25.7308 48.3524 -0.51762 0 -2.19512 0 -0.433597 0.673614 17 17 255
56.0488 19.3595 46.0059 0.312741 0 4.5 0 -0.162168 0.218232 170 170 255
62.0478 8.21725 26.4725 -0.984061 0 4.5 1 0.652308 -0.322161 255 63 63
66.2949 20.8996 26.1116 -0.292499 0 3.8 1 0.299155 0.721424 255 3 3
45.1992 23.6485 19.0065 -0.599144 0 4.2 0 -0.531906 0.263542 13 13 255
51.3906 15.7183 16.1138 0.167073 0 1.8 0 0.540651 -0.359416 255 70 70
60.9647 19.1691 17.9763 -0.495449 0 -0.7 0 0.358471 -0.467582 255 76 76
59.1632 15.4008 28.684 -0.394395 0 2.18633 0 -0.713124 -0.695061 255 128 128
42.393 14.3422 17.7198 -0.329468 0 -0.4 0 -0.937559 0.273339 248 248 255
59.3504 11.66 18.5516 -2.02801 0 -3.5 0 -0.990682 -0.109248 255 85 85
63.4798 32.0554 32.9538 0.188513 0 -2.41394 0 0.693923 0.719563 255 76 76
56.1027 30.3247 28.1363 0.472701 0 -3.9 0 0.309155 0.225696 44 44 255
62.581 33.2492 32.7014 -0.116303 0 2.8 0 0.525982 0.603356 255 114 114
54.6891 16.9142 25.3946 -1.58151 0 -0.28216 0 -0.416738 -0.542649 67 67 255
59.0238 14.3903 26.7435 -0.485854 0 2.8 0 -0.783986 -0.428824 225 225 255
50.873 1.59187 14.4198 -1.5229 0 -3.5 0 0.366301 -0.92627 121 121 255
64.2951 21.7295 35.9901 -0.0828936 0 4.2 1 0.972091 -0.11692 255 0 0
59.6779 5.72706 35.0128 0.119789 0 -4.00278 1 0.52305 -0.669634 255 62 62
43.3895 24.8081 35.6859 0.567587 0 -3.9 0 -0.903613 -0.276282 29 29 255
47.1506 26.1596 28.677 -0.735931 0 0.0320091 0 -0.440644 0.426788 30 30 255
47.9651 0.321875 25.6751 0.0722466 0 -3.5 0 0.0218562 -0.997869 151 151 255
38.1147 5.7455 27.0776 0.597974 0 -4.5 0 -0.87809 -0.109139 4 4 255
64.7255 26.3178 41.0243 -1.36398 0 4.5 1 0.757989 0.1875 255 94 94
58.0979 25.5311 43.9829 -0.178494 0 4.5 0 -0.749235 0.658166 59 59 255
43.9869 26.6681 34.0621 1.04897 0 -3.9 0 -0.563737 0.247833 30 30 255
40.2917 5.84844 30.9751 0.812077 0 -1.50612 0 -0.650165 -0.41312 15 15 255
57.8534 14.4432 17.9459 -0.661455 0 -0.7 0 -0.231997 -0.97268 255 61 61
47.2086 10.2256 15.2124 -0.225596 0 -3.9 0 0.301375 -0.709193 149 149 255
53.2589 17.455 47.1618 0.411716 0 1.12887 0 0.42076 0.527418 47 47 255
63.6556 17.6453 34.9261 -0.0602087 0 4.2 1 0.940701 -0.249508 255 0 0
55.4448 20.4899 45.8998 0.225868 0 4.5 0 0.0365103 -0.295811 98 98 255
45.9175 22.6585 18.2458 -0.691074 -0.111657 3.63681 0 -0.59994 0.315807 27 27 255
41.4289 6.13713 19.8309 -0.432272 0 -3.5 0 -0.896939 0.307168 255 207 207
59.1362 12.7619 19.2026 -1.5173 0 3.63147 0 -0.939255 -0.179133 255 92 92
58.6724 11.2866 37.243 -0.0433867 0 -1.3 1 0.944866 -0.27713 255 2 2
64.4148 11.0926 28.1771 -0.168783 0 4.5 1 0.450556 -0.516112 255 7 7
60.4301 12.5246 41.1476 0.126666 0 -0.8 1 0.813986 0.363064 255 19 19
42.9636 16.9326 33.5285 -0.383503 -0.326845 -0.7 0 -0.182491 -0.821117 10 10 255
47.7116 16.8526 46.4347 1.34944 0 -4.5 0 -0.819009 -0.235816 56 56 255
45.3885 -0.57075 24.0238 -0.386639 0 -0.7 0 0.146201 -0.821373 119 119 255
55.9601 8.88212 45.4382 -0.865778 -0.0846318 -3.5 0 0.0358331 -0.0933392 112 112 255
41.8813 27.5163 20.6936 -1.04318 -0.0668606 -3.5 0 -0.522553 0.578018 9 9 255
66.3142 14.6829 26.0024 -0.327286 0 4.5 1 0.364321 0.926422 255 5 5
48.985 31.1429 29.8959 -0.187952 0 4.2 0 -0.388288 0.87738 64 64 254
53.2735 14.245 23.374 -0.977796 0 -3.5 0 0.0376163 -0.966876 129 129 255
43.6429 16.8412 19.2778 -1.32873 -0.0775502 -1.3 0 -0.894033 0.260614 203 203 255
42.094 1.371 26.235 -0.0735844 0.983335 -4.5 0 -0.281365 -0.761098 12 12 255
60.0661 19.2671 17.1915 0.190052 0.657844 -0.7 0 0.729839 -0.317096 255 31 31
39.1967 14.0375 27.9156 -0.235515 0 -3.5 0 -0.629509 -0.660081 22 22 255
64.3139 27.8014 40.7147 -0.15761 -0.691353 4.5 1 0.898731 -0.0719731 255 112 112
62.3479 12.9167 17.5501 -1.20236 -0.114833 -3.5 0 0.349069 0.602566 173 173 255
44.3652 27.6774 37.2521 1.5183 0.0450365 -3.9 0 -0.578144 0.408381 47 47 255
41.1281 14.1593 24.8075 -1.15775 -0.403166 -3.5 0 -0.565406 -0.385361 57 57 255
56.1378 33.6747 38.7269 -0.113195 0 3.8 0 0.0611752 0.998124 14 14 255
52.8474 25.0658 48.3309 -0.435377 -0.155188 2.47936 0 0.858351 0.454095 217 217 255
61.9172 28.1045 28.2424 -0.734896 0 -3.2 1 0.853867 -0.151612 255 142 142
45.565 3.16375 31.5354 0.0886472 0 -3.9 0 0.664563 -0.523975 8 8 255
52.5368 14.2029 30.9888 -0.0635394 0.267179 -4.5 0 -0.394048 -0.504117 43 43 255
52.5433 30.6244 36.9592 0.114193 0 -3.5 0 -0.807706 0.396333 52 52 255
43.9431 -0.683 24.1474 -0.386755 0 -0.7 0 -0.294382 -0.621587 88 88 255
61.406 27.8878 30.1833 -0.227254 0 4.5 1 0.916156 0.350172 255 82 82
57.6329 25.2861 43.0594 -0.249265 0 4.2 0 -0.54358 0.663431 59 59 255
64.882 29.391 37.2406 0.634848 -0.200088 -3.80871 1 0.902841 -0.306719 255 25 25
43.6573 26.1139 27.1495 -0.873041 -0.937745 -0.8 0 -0.48372 0.874853 85 85 255
44.0639 27.1686 25.3158 0.110936 0 -3.38373 0 -0.413796 0.652341 47 47 255
53.9722 22.1702 36.8299 -0.965889 0 -0.9 0 -0.308784 0.278432 11 11 255
53.4954 30.5058 39.2923 -0.549064 0 -0.259556 0 -0.701311 0.608777 38 38 255
49.4292 11.1274 24.9034 -0.604719 0 0.909435 0 0.735265 0.173965 78 78 254
57.7476 30.0507 28.4941 0.0748181 0 -3.31651 0 -0.141779 0.578062 46 46 255
49.682 11.4745 29.4045 -0.44088 0 4.5 0 0.733858 0.671311 36 36 255
58.3296 14.2656 19.1268 -0.706704 0 4.2 0 -0.553539 -0.774302 255 64 64
54.8892 33.3548 29.1344 -0.117811 0 -3.5 0 -0.540637 0.229357 33 33 255
54.4536 19.0934 15.6221 -0.629421 0 0.0922378 1 0.483627 0.0981984 255 61 61
46.5776 -0.239375 26.7743 -0.497496 0 -2.28256 0 0.174262 -0.852132 111 111 254
63.026 18.2711 41.8236 0.160356 0 -0.458151 1 0.822193 -0.567211 255 11 11
43.3834 20.7584 50.425 0.406138 0 -3.5 0 -0.992984 -0.108199 10 10 255
62.9864 15.5056 45.1958 0.457538 0 -4.5 1 0.466223 -0.653088 255 30 30
50.6871 18.4739 28.0179 -0.950671 0 3.8 0 0.648563 -0.507063 9 9 254
59.798 8.05962 19.8445 0.268087 0.116409 2.52156 0 -0.572392 -0.459641 79 79 254
38.8832 7.51769 29.6249 0.349571 0 -4.5 0 -0.87043 -0.027272 13 13 255
57.7407 6.88375 41.3275 -0.252701 0 -4.5 0 0.758058 -0.550299 255 91 91
52.3655 15.5414 30.4746 -0.532939 0 -0.104951 0 0.375016 -0.156781 25 25 255
52.3939 1.752 27.9401 -0.162182 0 -3.5 0 0.871015 -0.263861 55 55 255
47.0513 4.41419 37.5575 -1.34984 -0.198138 -3.5 0 0.55546 0.0736495 48 48 255
47.0423 3.8225 33.596 -0.157896 0 -3.5 0 0.143342 -0.94672 26 26 255
63.6301 8.77763 26.2004 -0.4906 0 4.5 1 0.286368 -0.718629 255 66 66
49.9027 4.74475 13.3577 -0.904632 -0.0889344 -3.5 0 -0.00498144 0.841505 66 66 255
46.4485 -0.334625 19.9334 -0.182345 -0.100953 -0.7 0 0.104675 -0.854251 86 86 255
55.9313 2.683 27.7882 -0.345531 0 2.61177 0 -0.486877 -0.798174 30 30 255
54.435 32.4025 39.655 -0.170285 0 3.8 0 -0.815938 0.329265 6 6 255
54.3153 23.6952 41.628 -0.42565 0 4.2 0 -0.318383 0.765235 109 109 254
56.0496 23.5381 40.0908 -0.329635 0 4.2 0 -0.941318 0.030437 95 95 255
41.9127 14.4591 23.8331 -0.625039 0 -3.5 0 -0.798415 -0.551031 85 85 255
53.0607 5.4325 42.3517 -0.1498 0 -3.5 0 -0.170134 -0.768975 89 89 255
53.961 19.4505 27.8045 -0.713396 0 3.8 0 -0.357742 -0.933353 46 46 255
38.7475 2.9455 28.1108 0.501253 0 -4.5 0 -0.813825 -0.564631 18 18 255
58.3701 16.4139 29.5883 -0.454934 0 0.215559 0 -0.634702 -0.772677 255 195 195
50.8879 27.3601 46.2418 -0.659615 -0.702464 -1.53519 0 0.709567 0.679549 255 225 225
62.4767 32.9318 28.3302 -0.334649 0 2.8 0 0.796961 -0.252729 177 177 255
50.1544 29.0898 31.1999 -0.496797 0 4.2 0 -0.402528 -0.120459 135 135 255
37.7511 21.3001 48.541 2.03219 -0.0659001 -0.4 0 -0.381329 -0.478392 2 2 255
52.1969 11.2794 30.5519 -0.436311 0 -1.3 0 -0.675367 0.730313 82 82 255
48.993 28.9977 24.4161 -0.192959 0 -3.5 0 -0.0982389 0.898451 28 28 254
49.2438 16.5991 13.7513 0.0864845 0 -0.8 0 0.783691 0.107407 255 78 78
60.1278 29.841 42.286 -0.32732 0 -3.5 0 -0.638783 0.562793 89 89 255
42.8529 12.3065 33.3198 -0.280335 -0.127247 0.348431 0 -0.315139 0.575854 51 51 255
43.2725 21.4627 49.6162 0.526701 0 -3.5 0 -0.807008 -0.517873 16 16 255
54.7848 28.0004 21.9832 0.799653 0.0246763 -3.77945 0 -0.36743 0.1911 7 7 255
59.5687 15.1702 40.0067 0.632801 0 0.594104 1 0.753814 -0.0745823 255 5 5
62.2837 16.9564 31.3642 0.00153178 0 -0.4 1 0.939617 -0.149643 255 0 0
45.2729 15.2769 34.6667 0.0247813 0 3.8 0 -0.89188 -0.0664266 12 12 255
51.7313 9.4925 24.1933 -0.659165 0 -1.3 0 0.500994 -0.158731 234 234 255
57.1135 7.19037 42.7094 -0.693379 0 -3.52706 0 0.775537 -0.600572 255 186 186
54.097 24.4756 36.5305 -0.411644 0 -0.9 0 -0.0721072 -0.28363 94 94 254
63.3988 18.1558 37.6582 -0.0178496 0 4.2 1 0.962811 -0.172174 255 0 0
59.8035 31.6565 39.8346 -0.303531 0 -3.5 0 -0.0329477 0.924384 116 116 255
52.2101 1.67262 15.3592 -1.53256 0 -3.33492 0 0.273033 -0.854314 85 85 255
56.2315 30.7695 21.3285 -2.47417 -0.873579 -3.5 0 -0.744331 0.537019 8 8 255
44.2755 21.1332 35.418 -0.0950255 0 -3.9 0 -0.866997 0.196204 38 38 255
63.9764 22.7693 31.9338 -0.0420662 0 4.5 1 0.955121 -0.295644 255 1 1
54.6117 28.9697 22.8867 -0.311086 0 -3.9 0 -0.372484 0.920481 17 17 254
64.0007 10.3494 18.5502 -0.336588 0 -3.5 0 0.651294 -0.188722 83 83 255
58.6466 0.394875 27.9895 -0.87396 0 0.554153 0 -0.149869 -0.121358 51 51 255
57.0132 8.58712 26.2257 -0.429295 0 -1.17631 0 -0.76422 0.260084 255 185 185
47.6246 30.2394 25.5541 -0.38121 0 4.2 0 -0.349867 0.570715 46 46 255
56.9152 14.8342 19.1466 -0.64371 0 -0.7 0 -0.40423 -0.912761 255 61 61
64.0697 14.4595 36.3372 -0.034198 0 3.8 1 0.809295 0.0365742 255 0 0
42.6508 24.5112 28.9813 0.404034 0.0226953 -0.8 0 -0.539001 0.0888594 100 100 255
47.124 15.761 42.6715 1.54478 0.299548 -3.9 0 -0.0148257 -0.496915 69 69 255
56.6881 6.53775 26.0033 -0.138716 0 -1.6 0 -0.767309 0.0998455 219 219 255
52.8475 0.603 16.37 -0.878864 0 -3.2 0 0.0578193 -0.850936 56 56 255
65.9088 11.3704 20.5793 -0.180537 0 -3.5 0 0.817815 -0.0594687 241 241 255
57.1165 28.8396 27.2909 0.00710335 0 -3.28217 0 -0.20274 0.84343 44 44 255
57.5909 12.1169 29.34 -0.723395 0 1.41235 0 -0.102096 0.811412 255 118 118
55.6653 36.471 30.164 -0.549271 0 -3.5 0 -0.373219 0.863507 24 24 255
47.9357 11.444 40.6536 0.504176 0 -1.6 0 -0.191347 0.314504 79 79 255
51.2318 19.9495 47.274 0.385368 0 -4.5 0 0.707693 -0.301215 47 47 255
66.0279 17.9719 25.3894 -0.230299 0 3.8 1 0.439225 -0.675432 255 19 19
55.7235 17.0565 30.203 -0.477583 0.170783 0.338476 0 -0.245029 -0.789813 93 93 255
43.772 20.7633 29.476 -0.3665 0 1.8 0 -0.623896 0.662588 28 28 255
40.7481 18.3759 33.6389 -1.28141 -0.122004 -0.7 0 -0.773737 -0.126712 8 8 255
46.7072 19.3166 14.5702 0.137174 0 -0.8 0 0.0964148 0.245101 255 201 201
54.0345 22.016 17.407 -1.16331 0 -3.5 0 -0.640674 0.596425 255 102 102
44.5214 11.7045 36.8944 0.309147 0 3.8809 0 -0.882525 0.455825 81 81 255
49.1068 26.8473 31.9171 -0.341897 0 3.8 0 -0.527023 0.812624 56 56 255
55.2849 5.09613 40.9419 0.103 0.209506 -3.5 0 0.478769 -0.829202 189 189 255
43.1145 21.5083 44.5768 -0.425181 0 -3.5 0 -0.719651 -0.0186596 26 26 255
51.8309 28.4767 23.2952 -0.610229 0.42053 -3.69044 0 0.167613 0.97309 48 48 255
42.5481 12.4736 16.8673 -0.750651 -0.311498 -0.4 0 -0.94174 -0.163867 217 217 255
43.2401 -0.248437 30.7568 -1.37417 -0.032514 -3.5 0 -0.571238 -0.251618 3 3 255
57.2705 10.3269 22.9914 -0.546826 0 4.5 0 -0.973866 -0.216925 175 175 255
42.417 21.4686 48.6313 -0.412743 0.124099 -3.5 0 -0.426889 -0.618838 18 18 255
45.2455 9.56513 39.6756 -0.323633 -0.341019 0.86958 0 -0.496472 0.168283 165 165 255
60.778 17.048 19.008 0.141165 0.22232 -0.7 0 0.319808 -0.130334 255 100 100
42.4816 10.6846 18.4621 -0.470167 0 0.781151 0 -0.557915 0.0460202 155 155 255
42.5965 25.1171 26.6332 -1.13866 -0.246936 -2.02941 0 -0.603241 0.797087 66 66 254
51.0278 5.10763 22.9263 -0.4666 0 3.8 0 0.874093 0.118328 151 151 255
62.6309 27.9287 31.972 -0.00359198 0 0.574983 1 0.642752 0.245499 255 36 36
50.6139 19.4643 14.7592 -0.189138 0 1.8 0 -0.326283 0.542817 255 53 53
47.2989 26.1345 33.5569 -0.0562677 0 0.167633 0 0.132895 0.879292 48 48 255
50.5698 5.98387 18.2071 -1.05122 0.120854 -1.62256 0 0.483826 0.697732 167 167 255
55.1289 -1.98756 34.2198 -0.21997 0 4.5 0 -0.770805 -0.63572 44 44 255
56.1953 19.4182 16.0912 -0.443153 0 -1.3609 1 0.111577 0.241102 255 79 79
64.075 18.0586 26.9816 -0.264457 0 3.8 1 0.630373 -0.522695 255 27 27
56.9072 30.7556 28.7568 0.43235 0 -3.9 0 0.204222 0.129009 30 30 255
44.4999 19.9595 39.6099 0.00818628 0 -3.9 0 -0.690828 0.497645 28 28 255
45.206 3.06312 32.7166 0.0548429 0 -3.9 0 0.575553 -0.810073 12 12 254
41.1871 21.2603 26.8999 -0.711367 0 -3.5 0 -0.827371 0.0123273 33 33 255
61.9081 15.8658 44.1801 0.371987 0 -4.5 1 0.208974 -0.624192 255 16 16
42.8417 20.7648 33.3469 -0.168209 0 -2.29209 0 -0.474579 0.798684 10 10 254
42.986 15.2124 14.4674 -0.38651 0 -0.762159 0 -0.806257 0.35549 255 244 244
52.6389 2.92375 37.0176 -0.0539683 0 -0.7 0 -0.241929 -0.659476 101 101 255
51.5446 15.6799 21.7999 -1.60681 -0.0845127 -2.20638 0 0.541819 -0.839588 255 167 167
51.8304 5.97169 19.2522 -0.356946 0.575832 -2.78696 0 0.940169 0.297521 150 150 255
43.8664 16.0287 32.7889 0.0108484 0 2.14496 0 -0.497266 -0.597338 3 3 255
65.2887 31.021 34.1802 1.19492 0.00719442 -3.9 0 0.698975 0.646365 255 41 41
46.7793 19.4304 49.9618 0.08071 0 -3.91869 0 0.536175 -0.526898 55 55 255
44.7728 19.1245 44.873 -1.02198 -0.698373 -3.5 0 -0.0340541 -0.828316 46 46 255
56.312 13.152 46.17 0.132539 0 4.5 0 -0.17773 0.103957 213 213 255
58.0271 21.363 16.4705 -0.039521 0 -3.5 1 0.409165 -0.000413158 255 50 50
56.6419 3.09588 27.0788 -0.261824 0 1.93571 0 -0.31882 -0.50952 36 36 255
53.1654 -1.42362 29.7144 -0.16134 0.472216 -3.5 0 0.76709 -0.527225 64 64 254
50.8686 1.4015 33.6957 -0.064929 0 -0.7 0 -0.344147 -0.901235 110 110 255
45.5656 8.76584 18.1696 -1.20281 -0.0368624 -3.9 0 -0.711904 -0.550558 152 152 255
54.3466 0.296875 33.7492 -0.236922 0 4.5 0 -0.815331 -0.57851 75 75 255
62.9449 12.5907 48.2266 0.570671 0 -4.5 0 0.271926 -0.906614 255 62 62
59.46 9.661 18.7035 -1.29181 0 0.61007 0 -0.758264 -0.453271 183 183 255
68.0194 13.0739 26.3301 -0.256997 0 4.5 1 0.954334 -0.0544633 255 2 2
53.9222 13.1506 29.2017 -0.586349 0 -1.3 0 -0.382527 0.69332 111 111 255
59.0231 6.8845 38.618 1.02488 0 -4.5 0 0.720396 -0.516021 255 33 33
61.2916 31.809 40.8683 -0.229533 0 -3.5 0 -0.244407 0.793711 169 169 255
63.7103 32.1731 37.3414 -1.94309 -0.0306289 -3.5 0 0.444147 0.895203 255 136 136
59.561 10.4561 16.9946 -2.32115 -0.851389 -3.5 0 -0.765521 -0.201966 255 129 129
39.5285 14.6772 30.9683 -0.387427 0 -3.5 0 -0.303799 0.675573 29 29 255
45.8203 25.339 49.3488 0.296556 0 -3.5 0 -0.252777 0.951198 15 15 255
44.6905 16.394 38.4065 0.295245 0 -3.9 0 -0.872606 -0.354437 75 75 254
63.5549 11.157 29.3193 -0.233789 0 -0.8 1 0.713903 -0.676084 255 6 6
63.0539 15.5037 38.4011 2.66521e-05 0 3.8 1 0.769595 -0.497727 255 1 1
64.2046 12.5158 29.5793 -0.244052 0 -0.8 1 0.910642 0.00226486 255 1 1
51.8301 7.22856 22.2414 -0.789682 0 -1.3 0 0.691173 -0.582356 193 193 255
64.2105 26.6405 39.7772 -0.0767009 -0.0627184 -0.7 1 0.998465 0.0378255 255 74 74
56.6134 26.2749 41.9891 -0.372144 0 2.49399 0 -0.407831 0.230759 44 44 255
56.4862 22.0286 46.6044 0.165132 0 4.5 0 -0.00685119 -0.652405 85 85 255
50.5519 12.8354 17.3854 -0.150488 0 1.8 0 0.496781 -0.689291 255 126 126
59.4881 25.0594 47.2632 0.0424657 0 4.5 0 0.0939013 0.416289 93 93 255
56.1824 11.2242 45.8148 -0.445905 -0.158508 2.04096 0 -0.155448 -0.278014 170 170 255
57.5584 36.2605 32.8833 0.105136 0 -3.5 0 0.36927 0.786619 25 25 255
38.84 13.8772 32.239 0.297516 0.00263995 -3.5 0 -0.406083 0.60877 55 55 255
57.9446 4.46306 25.0301 -0.135714 0 -1.6 0 -0.670357 -0.534861 99 99 255
52.2804 26.4137 49.7353 0.288521 0 -3.5 0 0.873815 0.408135 255 165 165
52.4901 29.7733 40.1779 0.291839 0.0440898 -0.9 0 -0.682767 0.663899 91 91 254
62.8943 28.6017 26.9132 -0.147732 0 -3.3722 1 0.808586 -0.0103961 255 154 154
59.7113 16.3027 40.4862 0.157559 0 4.2 1 0.588414 -0.620528 255 3 3
54.9317 7.04612 27.6109 -0.691974 0 2.5 0 -0.547155 0.197349 255 194 194
49.2743 6.2675 17.0948 -0.628773 0 -1.3 0 0.483439 0.682079 160 160 255
46.9857 17.5607 12.982 -0.250923 0 -0.8 0 0.108916 0.698468 255 63 63
58.914 22.6932 19.2221 0.113977 0.770613 -3.13225 0 0.600945 0.798979 255 228 228
44.9846 12.6976 36.7043 0.295642 0 -1.6 0 -0.803029 0.593779 39 39 255
47.7771 25.1946 19.6272 -0.937353 0 4.2 0 -0.0748543 0.5282 8 8 255
40.0566 10.8551 26.8416 -1.63192 -0.937147 3.8 0 -0.803053 0.4984 11 11 255
41.0066 21.8702 25.4958 -0.884597 0 -3.5 0 -0.994263 0.0257461 26 26 255
47.3682 9.50231 16.5129 -1.24581 -0.623809 -3.9 0 0.424696 -0.711175 122 122 255
51.5737 12.7961 22.1534 -0.856799 0 -0.378767 0 0.580492 0.790102 255 225 225
42.6951 20.316 28.9438 -0.459236 0 0.670895 0 -0.420944 0.881628 28 28 255
56.7451 14.8389 21.7995 -0.852697 0 4.2 0 -0.459981 -0.796217 255 134 134
46.2383 28.4334 25.7461 -1.33602 0 -3.5 0 -0.601246 0.789719 32 32 255
61.6573 30.7167 26.5089 -0.387861 0 -3.2 0 0.260117 0.916008 129 129 255
63.7026 26.9187 22.5834 -1.69246 -0.0587156 -3.5 0 0.655319 -0.472716 225 225 255
42.9708 4.03737 18.454 -1.25802 0 -3.5 0 -0.130912 -0.179204 255 216 216
50.686 4.84375 20.7875 -0.585883 0 -3.2 0 0.899097 0.162014 115 115 255
51.9899 -2.40062 29.0553 -0.142807 0 -3.5 0 0.222622 -0.958792 91 91 255
56.7001 30.4172 41.3187 -0.263514 0 1.36557 0 0.287548 0.163445 14 14 255
53.7386 3.69294 26.1856 -0.248039 0 2.8 0 0.430863 -0.29068 61 61 255
63.531 28.9299 25.6758 -1.30537 -0.444972 -3.5 0 0.776219 0.279096 255 147 147
61.4238 30.6052 30.8535 -0.580404 0 0.978279 1 0.822504 -0.474419 255 179 179
45.3915 17.7397 42.5373 1.33339 0.678026 -3.9 0 -0.315623 0.450996 24 24 255
41.4206 7.28013 20.6229 -0.33909 0 -0.342651 0 -0.948002 -0.317497 212 212 255
51.205 17.2896 14.8409 0.384538 0 1.8 0 0.316447 -0.715565 255 46 46
49.2813 28.4279 21.435 -0.851142 0 -3.5 0 -0.263947 0.876572 6 6 255
51.0288 29.6115 33.508 -0.268811 0 -3.5 0 -0.850395 -0.50298 152 152 255
59.2184 14.0981 17.3206 -0.900852 -0.115482 -2.20348 0 -0.375948 -0.206157 255 52 52
61.4616 9.5785 29.4574 -0.107563 0 2.33204 1 0.841998 -0.537821 255 25 25
63.3677 21.7153 27.7257 -0.231973 0.363157 3.8 1 0.954132 0.296023 255 36 36
65.2915 14.3905 27.7974 -0.237279 0 4.5 1 0.0482085 0.637293 255 3 3
57.7831 23.4383 48.3242 0.0834892 0 4.5 0 0.191505 -0.266854 102 102 255
52.0648 17.7824 24.7756 -2.30485 -0.863019 -3.5 0 -0.119121 -0.22979 64 64 254
60.7325 22.0754 18.7 -0.0488847 0 -0.7 0 0.160108 0.937804 255 94 94
59.8503 11.1266 42.1821 0.463345 0 -0.8 1 0.994066 -0.0209352 255 25 25
59.1225 12.8585 29.0432 -0.13132 0 -0.8 0 -0.607451 0.540244 255 97 97
65.4715 28.793 34.942 2.67419 0 -3.9 1 0.763305 -0.601484 255 8 8
49.6704 29.3839 25.4112 -0.183637 0 1.75679 0 0.263079 0.675625 49 49 255
45.6432 25.0108 45.3721 0.0460042 0 4.2 0 -0.883501 0.351263 14 14 255
44.0356 24.2274 33.4601 -0.0719614 0 -3.9 0 -0.68172 0.149602 34 34 255
43.7933 28.0034 34.9932 2.10906 0 -3.9 0 -0.707216 0.599191 42 42 255
58.0098 24.682 18.547 -0.497738 0 -3.5 0 0.698816 0.583131 203 203 255
57.4847 1.79525 27.2275 -0.371151 0 1.8 0 -0.200535 -0.491881 47 47 255
48.395 11.9993 14.3343 0.856266 0 -3.9 0 0.456334 -0.234514 243 243 255
48.3269 1.66925 31.4111 -0.254929 0 -3.5 0 -0.499964 -0.104589 49 49 255
59.5065 6.852 22.4923 0.525566 0.887536 -0.8 0 -0.822514 -0.491319 139 139 255
40.5459 8.12562 33.6039 0.353995 0 1.8 0 -0.669399 -0.0670111 43 43 255
46.4451 3.77925 17.1231 -0.207824 0 -3.5 0 -0.882561 0.436218 177 177 255
63.2914 33.2562 29.6588 -0.316422 0 2.8 0 0.910315 0.154129 251 251 255
49.6657 27.6451 31.2892 -0.382792 0 4.2 0 -0.518125 0.383496 79 79 255
57.2168 33.5876 40.4614 -0.152485 0 3.8 0 0.430911 0.875746 29 29 255
53.0312 7.1315 45.0648 -1.67005 -0.0138572 -3.5 0 -0.54549 -0.544453 80 80 255
46.289 -1.903 27.7934 -0.510549 0 -3.5 0 0.21725 -0.805275 127 127 255
67.3232 10.0101 22.2204 -2.18241 -0.385081 -0.4 0 0.996411 0.0456168 212 212 255
59.0244 34.9098 28.2899 -1.9616 -0.56531 -2.9216 0 0.445088 0.505502 27 27 255
49.6194 14.8104 14.862 2.97026 -0.540849 -0.8 0 0.759441 -0.239484 255 110 110
57.1006 16.3836 27.6269 -1.1616 0 2.8 0 -0.453271 -0.83813 104 104 255
43.4595 20.1496 34.7151 -0.123074 0.285952 -1.34776 0 -0.767516 0.415868 32 32 255
64.1564 17.975 44.9509 0.638418 0 -4.5 1 0.992863 0.0059744 255 22 22
62.5293 16.7495 30.4112 0.243718 0 -0.4 1 0.966594 -0.220166 255 2 2
64.0227 17.7269 47.6305 0.94774 0 -4.5 0 0.723316 0.360919 255 53 53
44.9151 13.8644 33.7202 -0.503422 -0.0809393 3.86157 0 -0.890959 0.373868 24 24 255
60.1131 34.8775 30.6028 -0.677283 0 2.49699 0 0.275119 0.915379 149 149 255
64.9594 13.8619 19.4137 0.121289 0.195858 -0.7 0 0.636406 -0.0423609 255 190 190
50.9902 8.69225 44.724 0.582458 0.113748 -3.5 0 -0.409777 -0.282006 69 69 254
67.2304 28.7721 43.3606 0.135556 0 -3.2 0 0.738404 0.0404553 255 137 137
54.7576 24.1523 18.3659 -0.888956 0 -3.5 0 -0.827241 0.559272 233 233 255
61.4619 27.1141 28.8188 -0.328572 0 4.5 1 0.999323 -0.0358053 255 76 76
52.4398 7.39631 19.8624 -0.28149 0 -1.3 0 0.762426 -0.406914 143 143 255
61.5054 34.5974 28.4587 -0.308093 0 2.8 0 0.177973 0.783944 89 89 254
55.2967 -1.29631 31.9547 -1.03755 -0.0124282 4.5 0 -0.89317 -0.44931 56 56 255
49.1411 1.00937 17.0025 -0.463648 0 -3.46718 0 0.0840463 -0.985976 149 149 255
58.9682 10.7925 35.1086 0.583631 0 -1.3 1 0.901073 -0.340963 255 4 4
46.11 19.4206 45.5867 -0.447997 -0.0664134 -3.5 0 0.0367648 -0.874509 39 39 255
51.8185 22.132 18.6842 -0.50513 0 4.5 0 0.13033 0.561883 235 235 255
51.7352 14.9895 25.565 -0.0678401 0.905798 -1.3 0 0.705472 -0.0657722 50 50 255
45.4977 22.5407 30.7755 -0.724601 0 -3.6684 0 -0.925156 0.347034 31 31 255
47.3288 26.6935 40.0145 -1.6184 -0.273213 -3.5 0 0.0809673 0.911541 30 30 255
48.7304 3.40731 32.9481 -0.47942 0 -3.5 0 -0.746683 -0.647313 46 46 255
62.6652 13.8767 38.0619 -0.00664972 0 3.8 1 0.627406 -0.368606 255 0 0
64.3422 18.7725 43.824 0.140372 0 -4.12623 1 0.863875 -0.500332 255 23 23
56.9733 16.8263 31.0798 -0.161249 0 -4.5 0 -0.131742 -0.819784 255 248 248
65.7442 21.9287 25.1992 -0.397019 0 3.8 1 0.433982 0.76895 255 7 7
44.1162 20.7882 44.3822 -0.753621 0 -3.5 0 -0.332045 -0.358078 32 32 255
51.2701 10.9815 31.0093 -0.294781 0 4.5 0 0.0106195 0.916496 49 49 255
48.3479 26.2888 50.2801 0.489532 0.0367963 -3.5 0 -0.771028 0.51398 146 146 255
56.3721 1.27363 29.4945 -0.166446 0 3.46848 0 -0.807664 -0.365588 48 48 255
52.7932 35.4476 36.2259 -0.770542 -0.155299 -0.4 0 -0.332266 0.558134 24 24 255
46.663 25.8398 42.0536 -0.483042 0 -2.49427 0 -0.574981 0.808878 15 15 255
41.8608 4.38844 33.0776 1.7628 0.151502 -3.9 0 -0.822587 -0.491712 9 9 255
43.1588 5.259 18.3046 -0.696205 0 -3.5 0 -0.154077 0.0214554 255 246 246
44.2178 20.7365 38.3661 -0.0868063 0 -3.9 0 -0.803016 0.520258 62 62 255
45.562 23.841 31.262 -0.320907 0 -3.9 0 -0.798377 0.506895 32 32 255
63.5495 18.5554 29.0177 -0.274281 -0.0143977 2.36861 1 0.820204 -0.571161 255 13 13
65.6739 9.45431 24.8678 -0.199644 0 -0.4 1 0.932146 -0.211047 255 107 107
58.2201 29.0502 26.938 -0.198979 0.0382854 -3.23677 0 -0.409902 0.861702 65 65 255
57.3936 8.52363 24.8745 -0.00160279 0 3.46533 0 -0.960745 0.217342 255 211 211
43.6505 -0.58925 20.9268 -1.41347 -0.47587 -0.7 0 -0.510589 -0.721528 84 84 255
52.7287 4.61387 19.2048 -0.236632 0 -3.2 0 0.677768 0.445255 150 150 255
56.46 -0.381 36.255 -0.123136 0 4.5 0 0.269614 -0.26646 69 69 255
48.2655 -1.80562 30.2254 -1.87813 -0.0491283 -3.5 0 0.260896 -0.937474 170 170 255
46.446 6.14288 37.2596 -0.284054 0 -3.5 0 0.112897 -0.193355 54 54 255
59.8135 5.30337 22.9403 0.0655279 0 -0.8 0 -0.709684 -0.528075 157 157 255
64.0013 19.9695 38.0216 -0.0609746 0 4.2 1 0.911166 -0.00040615 255 0 0
53.0735 14.2835 18.0693 -0.551378 0 1.8 0 0.815918 -0.558183 255 71 71
46.3032 18.3976 14.0185 -0.174404 0 -0.8 0 0.0434811 0.671317 255 100 100
55.712 15.2784 18.8372 -0.652808 0 -0.7 0 -0.357995 -0.919891 255 57 57
44.0827 18.0301 38.9464 0.263453 0 -3.9 0 -0.893543 -0.436894 70 70 255
65.6287 23.935 41.2035 -0.12875 0 4.5 1 0.445016 0.0667592 255 17 17
48.8913 28.1152 49.7226 0.393839 0 -3.5 0 -0.620922 0.66921 251 251 255
59.9967 34.5015 32.1046 -0.260529 0.164881 0.751193 0 0.514749 0.793171 190 190 255
46.581 7.43675 38.1734 -0.125937 0 4.2 0 -0.227344 -0.79464 69 69 255
59.0574 27.83 42.303 -0.225502 -0.0954732 -1.18151 0 -0.526016 0.496295 70 70 255
52.7494 25.8704 20.6865 -1.73725 -0.151764 -3.72821 0 0.692524 0.0375848 34 34 255
52.2901 25.2554 44.2589 -0.217625 0 4.5 0 0.516252 0.833599 190 190 255
42.0411 8.80262 19.1057 -0.382031 0 1.8 0 0.157392 -0.488387 116 116 254
44.683 29.1984 36.4331 2.56609 0.555282 -3.9 0 -0.315668 0.879126 67 67 255
62.263 4.25494 31.1598 -0.266286 0 -0.7 0 0.751432 -0.262375 255 82 82
43.1497 23.9721 50.6131 -0.340836 0 -3.5 0 -0.630617 0.54202 14 14 255
41.3304 16.9919 32.5509 -0.449588 0 -0.7 0 -0.537045 -0.636103 13 13 255
60.4721 10.7236 39.0761 -0.0724297 -0.633381 -0.8 1 0.818026 -0.305887 255 4 4
58.0768 20.077 16.4596 0.183402 -0.115044 -1.00909 1 0.116181 0.243244 255 60 60
61.0712 29.5537 23.4029 -1.00809 0 -3.5 0 -0.159352 0.948479 57 57 255
38.2604 18.3266 29.0956 -1.62347 -0.01079 -3.5 0 -0.745298 0.640617 26 26 255
47.6934 27.6519 48.2363 0.0375121 0 4.2 0 -0.533993 0.57445 100 100 255
51.1514 13.5246 21.032 -0.927676 0 4.5 0 0.894976 0.338371 255 152 152
65.1123 20.4896 26.4743 -0.221466 0 3.8 1 0.212884 0.614351 255 16 16
41.3144 10.3492 24.2418 -0.310091 -0.00136461 2.04886 0 -0.864746 0.334316 27 27 255
57.0679 27.9823 42.2159 -0.189311 0 -0.9 0 0.127641 0.115625 28 28 255
48.9109 4.16713 36.5763 0.194478 0.357244 -1.26979 0 -0.0578344 -0.361738 57 57 255
54.399 23.8088 44.5346 -0.201667 0 4.5 0 0.307069 0.869206 114 114 255
58.1266 9.31675 19.9126 -0.534676 0 4.5 0 -0.628211 -0.243884 195 195 255
42.6976 24.2666 48.6549 -0.454402 0 -3.5 0 -0.399839 0.873168 13 13 255
58.8619 29.4544 41.0724 -0.227404 0 -3.30738 0 -0.345528 0.480706 82 82 254
60.904 17.454 42.5884 0.159886 0 2.53279 1 0.269938 -0.954399 255 3 3
59.2313 15.0615 30.0723 -0.0164243 0 -0.626149 0 -0.871224 -0.208788 255 56 56
64.2514 20.0084 20.9504 -0.485906 0 3.8 0 0.741346 0.056814 255 65 65
56.0586 22.8638 38.3816 -0.376234 0 2.27875 0 -0.93243 0.166774 117 117 255
53.9725 29.9567 40.9935 -0.0660769 0.0347431 -0.9 0 -0.353755 0.713659 22 22 255
41.9886 4.32225 23.714 -0.137889 0 -0.4 0 -0.914739 -0.314707 61 61 255
52.8068 5.00219 26.0364 -0.35721 0 2.8 0 0.351701 0.598115 131 131 255
50.5871 32.6274 32.6505 0.109317 0 -3.5 0 -0.963904 0.240886 187 187 255
56.605 28.953 24.3768 -0.629267 0.092895 -3.5 0 -0.40429 0.714115 20 20 255
53.417 2.74259 19.07 -1.14398 0 -3.2 0 0.697918 0.0162527 108 108 255
55.131 16.246 30.617 -0.290935 0.999826 -4.5 0 0.241489 -0.143385 110 110 254
58.6218 31.2867 28.6931 -0.520868 0 -3.25334 0 -0.414361 0.0707894 34 34 255
63.7677 18.872 36.2873 -0.0651412 0 4.2 1 0.93848 -0.18437 255 1 1
40.5863 20.638 32.9649 -0.273116 0 -0.7 0 -0.427368 0.693514 6 6 254
64.8254 20.51 30.4977 -0.196712 0 1.8 1 0.970279 0.237974 255 3 3
62.5289 8.27806 31.8218 0.127968 -0.502338 -0.7 1 0.934888 0.099956 255 4 4
62.1744 31.2689 30.3016 -0.714177 0 2.8 1 0.743884 -0.649945 255 237 237
60.1143 7.07731 34.9466 0.127852 0 -4.5 1 0.92386 0.202099 255 35 35
49.9182 20.0319 49.4251 0.464493 0 -4.5 0 0.463099 -0.0554683 73 73 255
49.2977 11.0332 28.374 -0.478519 0 4.5 0 0.671856 0.578835 32 32 255
62.7834 6.3405 32.467 -1.25247 -0.862639 -0.7 1 0.989367 0.0770018 255 18 18
41.0678 7.82356 22.2916 -1.16674 -0.319655 1.8 0 -0.879638 -0.465702 119 119 255
64.0658 19.8049 28.7825 -0.25106 0 2.08106 1 0.974773 0.164026 255 30 30
38.6839 16.6542 25.9193 0.283113 0 -3.5 0 -0.805141 -0.0306445 37 37 255
44.6734 10.2688 17.4912 -0.1956 -0.184876 -2.82184 0 -0.570676 -0.81418 164 164 255
60.2939 4.4295 28.1847 0.0247138 0.886968 1.8 0 0.949491 -0.313791 255 240 240
41.819 22.5545 49.998 0.126674 0 -2.57794 0 -0.207866 -0.497675 12 12 255
63.5346 17.4419 40.7251 0.0807406 0 4.2 1 0.619867 -0.531435 255 7 7
50.7757 20.9462 17.3258 -0.327968 0 1.8 0 0.163961 0.877164 255 165 165
48.15 14.7899 41.6534 0.824596 0 -2.17833 0 -0.301757 -0.59827 87 87 255
47.5296 23.1029 51.8252 1.42278 0.874589 -3.5 0 0.212427 -0.160074 48 48 255
66.5526 17.2073 24.2052 -0.306881 0 3.26354 1 0.727976 -0.47046 255 10 10
47.3209 21.1385 50.5619 0.650779 0.728898 -4.29626 0 0.494978 -0.439183 57 57 255
64.8012 6.94438 20.5065 -1.0132 -0.0282811 -0.8 0 0.367691 0.217002 28 28 255
58.3724 22.8661 16.7682 -0.223965 0 -3.5 0 0.739272 0.155005 255 76 76
43.9793 25.2409 19.4276 -2.12395 0 -3.5 0 0.343876 0.0125894 10 10 255
63.3392 26.5691 31.9988 -0.0897972 0 4.5 1 0.724292 0.367995 255 9 9
50.2383 31.2489 34.1514 0.0528831 0 -3.5 0 -0.96181 -0.166975 183 183 255
52.0858 7.53512 44.5498 -0.353987 0 -3.5 0 -0.485199 -0.488099 83 83 255
46.3431 10.9633 40.6576 -0.686036 -0.274296 -1.6 0 -0.617021 0.17742 130 130 255
66.8913 26.1337 44.6099 0.0889705 0 3.61309 0 0.716865 -0.236087 255 166 166
49.8856 22.226 50.0085 0.649378 0 -3.5679 0 0.547007 -0.554788 115 115 255
45.0125 29.195 35.2567 2.65106 0 -3.9 0 0.0229887 0.95986 58 58 255
48.7569 25.8008 51.7108 0.208157 0 -3.5 0 -0.339759 0.430413 207 207 255
37.2235 23.1963 48.4071 1.66312 0 -0.4 0 -0.565692 0.0577442 5 5 255
65.1224 15.8189 24.9381 -0.483616 0 -0.7 1 0.819236 0.254315 255 24 24
66.9232 12.6007 25.2609 -0.350304 0 4.5 1 0.738534 -0.221948 255 7 7
37.8609 14.7435 27.3059 0.0731335 0.00516038 -3.5 0 -0.677421 -0.676421 19 19 255
49.5456 2.54125 12.0881 -0.532947 0 -3.5 0 -0.0240811 -0.126707 93 93 255
53.0176 16.2282 16.9416 -0.459255 -0.427318 -0.621954 0 0.372106 -0.596083 255 77 77
49.0747 13.1461 26.3296 -1.20793 -0.342501 2.41537 0 0.734955 -0.642434 23 23 255
57.6939 -4.2345 30.508 -0.579893 0 -0.4 0 -0.508577 -0.857466 42 42 255
65.6351 31.0125 35.5959 2.13553 0.273022 -3.9 0 0.735957 0.645806 255 31 31
42.8209 28.8674 22.2694 -0.506071 0 -3.5 0 -0.100365 0.994682 15 15 255
63.6063 31.175 40.323 -0.228308 0 -3.5 0 0.615047 0.720495 255 209 209
53.8985 22.6085 48.8675 0.102256 0 4.5 0 0.400638 -0.324043 93 93 255
45.2337 6.26737 37.9234 -0.185373 0 3.48584 0 0.155894 -0.640687 69 69 255
51.8097 19.4165 25.9882 -1.14339 0 3.8 0 0.0889695 -0.955931 26 26 255
47.4268 8.21025 17.3612 -0.748561 -0.559894 -3.9 0 0.339327 -0.443992 143 143 255
50.6231 -0.915125 30.4284 -0.29931 0 -3.5 0 -0.0788627 -0.70343 100 100 255
66.8431 13.6003 24.0732 -0.792941 -0.554184 -0.7 1 0.969359 -0.241694 255 10 10
44.4115 12.6445 14.2443 0.00437718 -0.276965 -0.617639 0 -0.152722 -0.588985 255 213 213
44.2147 23.0409 29.061 -0.570181 0 -0.548962 0 -0.635466 0.0150408 84 84 255
53.2848 17.6286 14.9677 -0.224965 0 1.8 0 0.409498 -0.662808 255 54 54
46.5957 14.5454 12.2144 -0.402821 0 -0.8 0 0.125788 -0.593774 255 74 74
44.11 -0.102312 19.3234 -1.42872 -0.744442 -0.7 0 -0.368739 -0.600011 102 102 255
42.2191 11.5895 23.464 -0.0990375 0 2.90878 0 -0.828322 0.535352 55 55 255
63.3306 21.2663 21.3703 -0.673803 0 -0.7 0 0.384985 0.856027 255 41 41
51.4331 -2.35963 27.5936 0.452825 0.914768 -3.5 0 0.0208727 -0.879005 117 117 255
56.9034 17.7455 15.6806 -0.891319 -0.448781 -0.7 0 -0.0491697 0.0768835 255 54 54
43.33 18.7183 36.3315 -0.0240651 0.441818 -1.0525 0 -0.830244 -0.428822 71 71 255
52.9791 15.091 24.5553 -1.14557 -0.474533 -2.9024 0 0.23616 -0.590969 83 83 255
46.2405 24.8104 18.9845 -0.633292 0 4.2 0 -0.118765 0.717593 11 11 255
48.8775 18.1418 49.6029 0.647339 0 -4.5 0 -0.177628 -0.0287893 103 103 255
63.3921 16.6932 37.7334 -0.0209428 0 3.88044 1 0.976298 -0.0303985 255 0 0
63.6931 16.5551 34.4546 -0.0696501 0 3.8 1 0.63163 0.582748 255 0 0
59.8885 13.2841 42.8465 0.198589 0 4.5 1 0.803011 0.191645 255 43 43
63.8879 16.3264 35.7541 -0.0604387 0 3.8 1 0.846457 0.403513 255 0 0
63.0471 24.4016 26.9613 -0.672157 -0.0617033 -3.5 1 0.606323 0.367512 255 19 19
45.975 -1.51388 22.046 -0.44549 0 -0.7 0 0.211892 -0.973337 119 119 254
53.4577 36.4591 33.4492 -0.407466 -0.283356 -3.12936 0 -0.542028 0.825074 32 32 255
51.8884 20.0171 14.2909 -0.34546 0 1.8 0 -0.140954 0.696415 255 34 34
55.5941 28.8283 42.5101 0.201669 0 -0.9 0 -0.105892 0.232126 15 15 255
51.1424 2.41831 22.2358 -0.386301 0 -0.458536 0 0.892676 -0.449525 93 93 255
56.6199 34.2881 27.4811 -2.74622 -0.0531934 -3.5 0 -0.459937 0.052295 23 23 255
60.9639 27.0938 45.3382 -0.0689447 0 4.5 0 -0.050442 0.782095 124 124 255
57.2814 25.7449 21.6626 -0.565628 0 -3.831 0 0.0762004 0.406525 28 28 255
60.2105 4.1835 24.0053 0.412842 0 -1.52103 0 -0.270166 -0.837438 172 172 255
47.7114 26.2971 34.7794 0.0592644 0 -2.55214 0 0.110633 0.861849 55 55 255
56.7786 10.4393 27.0039 -0.754405 0 2.5 0 -0.628748 0.412234 255 215 215
42.5918 8.15856 37.624 0.112038 0 4.2 0 -0.879436 -0.0909094 141 141 255
39.684 18.5501 32.6276 -0.357164 0 -0.7 0 -0.725648 -0.30873 14 14 255
52.4022 10.6206 23.8804 -0.402559 0.00296715 -1.3 0 0.473896 -0.106896 204 204 255
49.7231 18.0814 26.6768 -1.07834 0 3.8 0 0.959271 -0.182015 10 10 255
56.3204 27.0532 15.8879 -1.85705 -0.258518 -3.5 1 0.114217 0.828945 126 126 254
66.6482 22.6991 44.299 0.00560179 0 4.5 1 0.738271 -0.272402 255 119 119
63.8347 22.1669 37.0786 -0.0928824 0 3.6529 1 0.98465 -0.150356 255 0 0
48.8753 9.38769 19.492 -0.564354 0 4.5 0 0.585326 0.176929 188 188 255
49.9896 14.0654 27.2112 -0.811221 0 3.61634 0 0.755209 -0.635845 27 27 255
43.7531 21.7581 28.7599 -0.539988 0 1.8 0 -0.702033 0.162878 77 77 255
62.2961 9.86544 32.1945 0.609713 0.379709 -0.8 1 0.802065 -0.302034 255 1 1
62.411 17.342 42.5698 0.196887 0 -4.5 1 0.323065 -0.924848 255 5 5
65.6217 25.8763 44.9766 0.30814 0 4.5 0 0.36809 -0.0256969 255 170 170
61.7666 14.3298 45.4333 0.183983 0 -4.31911 1 0.727705 -0.220278 255 37 37
56.2387 0.967 36.8928 -0.120268 0 4.5 0 0.327038 -0.171493 118 118 255
45.7139 26.8061 21.4704 -0.681891 0 -3.5 0 0.0759076 0.687175 11 11 255
44.6159 28.3854 34.2379 2.44942 0.281121 -3.9 0 -0.467313 0.508909 41 41 255
52.424 35.1875 34.0965 0.115566 0 -0.4 0 -0.785903 0.587642 65 65 255
52.5709 35.0975 31.4918 -0.469385 -0.026 -3.5 0 -0.586531 0.667316 93 93 255
42.4306 19.1934 35.0648 0.564412 0 -0.7 0 -0.53371 0.485611 19 19 255
51.8684 13.219 20.1947 -0.789305 0 1.8 0 0.941728 -0.0877239 255 127 127
66.8372 19.8528 22.858 -0.34013 0 3.8 1 0.678541 -0.0109523 255 11 11
39.815 19.0082 28.2735 -0.836578 -0.00764734 -3.5 0 -0.365014 0.923906 15 15 255
61.089 30.2635 42.4232 -0.323877 0 -3.22981 0 -0.345549 0.820084 105 105 255
63.296 16.3068 39.9751 0.057369 0 4.2 1 0.450108 -0.726688 255 5 5
55.9575 28.0869 25.1346 0.308984 0.0414832 -3.74822 0 -0.290227 0.892052 33 33 255
50.6494 28.0563 37.5563 -0.0312905 0 0.274678 0 -0.671924 0.673202 125 125 255
44.2202 10.5046 18.5931 -0.100496 0 -3.45542 0 -0.143485 -0.880337 162 162 255
44.9695 1.15 31.9443 -1.34032 -0.157576 -3.5 0 0.213672 0.054455 9 9 255
41.486 26.6505 20.3035 -1.48984 -0.0094302 -3.5 0 -0.748261 0.295728 10 10 255
43.4856 26.0336 25.8704 -0.329315 0 -3.5 0 -0.568076 0.671506 57 57 255
57.3887 19.0661 15.8809 -0.796595 -0.87204 -0.7 0 0.0200591 0.298522 255 60 60
44.7933 21.7432 30.8305 -1.08668 0 -2.10308 0 -0.842772 0.528149 29 29 255
53.7473 19.9908 46.0853 0.260031 0 4.5 0 0.0881567 -0.284453 55 55 255
54.8643 12.1943 46.4031 -1.69146 -0.465518 -1.3 0 -0.15892 -0.127765 142 142 255
62.4716 18.6472 47.6922 1.08278 0 -4.5 0 0.0588323 0.566123 255 36 36
53.16 -0.1315 30.3018 -0.267862 0.168858 -3.5 0 0.944561 -0.198489 50 50 255
52.5737 25.453 45.8964 -0.425463 0 4.5 0 0.569419 0.771378 201 201 255
41.6617 6.45563 34.1368 1.91705 0.117997 -3.9 0 -0.823772 -0.279544 25 25 255
54.9439 21.5443 46.7926 0.183847 0 4.5 0 0.29271 -0.610804 59 59 254
52.3618 2.00087 13.056 -2.1986 -0.83186 -3.5 0 0.485017 -0.616033 82 82 255
62.3282 30.9831 41.7694 -0.12257 0 -3.4622 0 0.0331738 0.869994 207 207 255
66.2905 11.2125 24.9445 -0.359222 0 4.5 1 0.879845 -0.31511 255 35 35
44.16 24.9132 50.6975 0.0526405 0 -3.5 0 -0.341151 0.896441 12 12 255
67.1351 13.226 23.134 -0.384725 -0.321605 -0.7 1 0.79798 -0.364285 255 12 12
49.3018 14.1751 46.6502 1.09266 0.0123907 -4.5 0 -0.565417 -0.8076 148 148 255
41.862 12.906 33.016 -0.851364 -0.134113 -3.5 0 0.0424219 0.44173 61 61 255
62.1782 25.2245 46.3326 -0.198807 0 4.5 0 0.174641 0.43254 221 221 255
56.9007 -3.23481 31.1384 -0.75209 0 -0.4 0 -0.558472 -0.813102 42 42 255
51.6477 3.52012 20.3908 -0.470927 0 -3.2 0 0.755288 0.305373 123 123 255
54.2296 35.3586 29.9831 -0.454804 0 -3.5 0 -0.625521 0.424125 37 37 255
50.2716 28.7277 21.8576 -0.926264 0 -3.5 0 0.0159791 0.958437 25 25 255
60.3387 32.1663 37.7294 -0.838747 -0.870246 3.8 0 0.430569 0.884201 183 183 255
56.6944 24.8964 14.4097 -2.6066 0 -3.5 1 0.605837 0.0780614 255 133 133
49.4379 26.5391 33.9808 -0.585197 0 2.82999 0 -0.272466 0.94557 57 57 255
42.7266 2.67875 32.5375 0.304633 0 -3.9 0 -0.539865 -0.603903 3 3 254
50.2035 5.3255 40.9944 -0.693383 -0.845742 -0.967449 0 -0.143559 -0.975384 27 27 255
55.2417 3.41756 37.1944 -0.140022 0 4.5 0 0.247435 -0.275504 137 137 255
50.2713 5.446 16.6781 -0.563815 -0.707405 -2.64119 0 0.38993 0.915431 142 142 255
61.333 7.781 30.2922 -0.342396 -0.481218 0.899771 1 0.92916 -0.0163736 255 16 16
63.5781 25.0923 30.6057 -0.215743 0 4.5 1 0.745046 0.390178 255 6 6
63.5137 18.7377 20.4363 -0.415736 0 -0.7 0 0.808202 -0.114889 255 164 164
42.3655 12.212 15.7615 -1.21168 -0.620999 -0.4 0 -0.916102 -0.336207 239 239 255
64.0655 18.5981 38.7404 -0.00358584 0 4.2 1 0.909313 -0.207496 255 2 2
67.3926 15.0533 22.9626 -1.31907 -0.93068 -0.7 1 0.912872 0.114548 255 8 8
38.7747 7.64288 25.9251 -0.0332895 0 -4.5 0 -0.502729 0.100639 4 4 255
57.1031 26.126 17.7655 -1.44332 -0.139035 -3.5 0 0.492599 0.682829 89 89 255
51.2887 27.717 47.9765 -0.684974 -0.331722 -3.5 0 0.559956 0.794856 255 212 212
54.0871 2.90738 28.02 -0.650382 0 2.8 0 0.22528 -0.968123 42 42 255
40.0078 1.481 27.3695 -0.290811 0 -4.5 0 -0.681076 -0.643196 24 24 255
47.6711 0.7035 15.8947 -1.03441 0 -3.5 0 -0.126906 -0.965834 177 177 255
63.4552 12.8048 32.7863 -0.493805 -0.98426 -0.8 1 0.880923 -0.464723 255 0 0
65.3375 29.9595 33.5261 0.914503 0 -3.9 1 0.801806 -0.095924 255 22 22
58.5649 23.6774 17.7865 -0.296347 0 -3.5 0 0.914243 0.37198 255 151 151
57.4733 22.437 47.5238 0.152086 0 4.5 0 0.00539811 -0.70999 134 134 255
58.6157 25.9195 21.6469 -1.20176 -0.781596 -3.5 0 -0.203211 0.323609 38 38 255
36.9787 21.7724 51.7203 3.79908 0 -0.4 0 -0.379073 -0.0796882 2 2 255
43.6328 14.8405 12.9261 -2.02195 -0.110309 -0.8 0 -0.71814 0.0651407 255 164 164
64.5483 27.2989 38.4828 0.560938 -0.0670425 -0.7 1 0.990107 -0.140311 255 32 32
42.773 22.185 50.655 0.154707 0 -3.5 0 -0.890112 -0.208793 12 12 255
51.1679 21.6483 39.21 -0.138963 0.94428 -3.5 0 0.972777 0.228484 105 105 254
44.4255 17.2669 40.2504 1.92447 0 -3.9 0 -0.99252 -0.107127 48 48 255
38.3927 3.45213 29.3768 0.805373 0 -4.5 0 -0.772991 -0.508493 11 11 255
56.5126 25.0614 47.3321 -0.0563791 0 4.5 0 -0.27189 0.707683 44 44 255
48.1304 15.9854 48.6756 1.21256 0 -4.5 0 -0.46624 -0.646482 133 133 255
59.3257 10.8062 46.058 0.0966883 0 4.5 0 0.228671 -0.301873 255 133 133
64.0336 16.2927 48.1835 0.964323 0.0149888 -4.5 0 0.552866 0.219216 255 74 74
57.4574 34.2846 34.9013 0.364407 0.543138 0.468649 0 0.46072 0.585771 57 57 255
60.7992 4.53844 21.5256 -0.287151 0 -0.8 0 -0.588966 -0.797668 83 83 255
63.8324 5.39206 24.6835 -1.11816 0 -1.6 0 0.858497 -0.0560235 225 225 255
53.8198 23.1413 19.3293 -0.841352 0 -3.5 0 -0.532216 0.690719 216 216 255
54.8329 18.4482 27.0537 -0.847904 0 2.8 0 -0.738753 -0.563262 43 43 255
37.9907 17.05 29.2335 -0.929059 -0.0511967 -3.5 0 -0.866654 0.200254 29 29 255
64.44 15.1525 47.9542 0.82618 0.220649 -4.5 0 0.816269 -0.0125166 255 73 73
67.7412 27.6315 45.6756 0.205761 0 -3.2 0 0.555284 -0.695771 204 204 255
65.0293 32.387 44.6739 0.219358 0.429742 -3.2 0 -0.230088 0.933631 104 104 255
43.6738 8.39738 19.81 -0.106809 0 -3.5 0 -0.0439791 0.0245127 125 125 254
47.9241 -1.07256 31.1842 -1.91855 -0.150519 -3.5 0 0.0363165 -0.616292 108 108 255
59.0577 16.8846 16.9966 -0.907556 -0.19602 -0.7 0 0.892307 -0.235962 255 24 24
64.0601 9.13125 19.3875 -0.25024 0 -3.5 0 0.500947 -0.575721 53 53 255
39.9702 14.1652 25.723 -1.08975 -0.463303 -3.5 0 -0.637237 -0.54818 44 44 255
54.4707 4.02275 37.8005 -0.464186 0 -0.768009 0 0.221446 -0.820109 161 161 255
68.012 31.473 45.7783 -0.259189 0 -3.2 0 0.84776 0.523064 100 100 255
43.777 1.186 19.21 -0.516688 -0.382481 -2.60331 0 -0.420405 -0.403273 193 193 255
45.6684 18.2413 49.4286 0.585317 0.484398 -3.5 0 0.122903 -0.989665 45 45 255
65.5436 31.5404 43.6343 0.0344055 0 -3.2 0 0.28621 0.754635 207 207 255
55.4657 20.551 40.4372 -0.406495 0 4.2 0 -0.813962 0.480262 183 183 255
44.935 23.519 44.2593 0.153248 0 -3.5 0 -0.624381 0.611809 13 13 255
58.8597 17.6631 47.3683 -1.05461 -0.0586876 4.5 0 -0.303997 0.183001 255 63 63
46.6685 29.3317 26.3886 -0.446114 0 4.2 0 -0.944235 0.245491 28 28 255
44.2746 5.58431 37.1589 -0.339613 0 -3.5 0 -0.586716 -0.467527 52 52 255
43.3229 6.86462 38.5988 -0.0730809 0 4.2 0 -0.569547 -0.616482 108 108 255
48.1893 6.14087 16.0881 -0.818792 0 -3.5 0 -0.271237 0.877636 154 154 255
43.3226 0.57225 27.5064 -0.35397 0.53174 -4.21994 0 -0.369618 -0.714524 26 26 255
49.8865 17.5767 14.0328 -0.291809 -0.00409086 1.47397 0 0.0508475 -0.0058102 255 66 66
57.3184 2.30775 36.0539 -0.087798 0 4.5 0 0.685995 0.178454 152 152 255
52.3505 34.9692 32.946 -0.218837 0.359522 -3.5 0 -0.750439 0.660436 81 81 255
64.6728 16.4295 25.8501 -0.232159 0 3.8 1 0.774127 0.149347 255 20 20
49.1224 2.62906 35.7832 -0.301717 -0.586219 -0.7 0 -0.411806 -0.826192 82 82 255
51.4318 14.2153 32.1321 0.024243 0.0118911 -4.5 0 -0.247914 -0.686748 21 21 255
45.9868 15.8395 36.8504 0.0686051 0 1.43178 0 -0.949682 -0.269807 43 43 255
42.5745 1.45475 25.0082 -0.259611 0.261994 -1.94817 0 -0.605439 -0.76157 22 22 255
49.1559 0.70625 14.7009 -0.487712 0 -3.5 0 0.107683 -0.991595 146 146 255
57.3385 5.996 40.777 -0.147226 0 -4.5 0 0.606908 -0.743712 255 160 160
50.4955 4.789 21.8415 -0.49791 0 -1.54492 0 0.985873 0.0520876 113 113 255
48.2857 -0.843938 22.8402 -2.08152 -0.521097 -0.7 0 0.448307 -0.892384 123 123 255
49.266 12.636 29.103 -0.48205 0 4.5 0 0.96329 -0.201772 31 31 255
45.9044 6.1585 18.6169 -0.305019 0 -1.68204 0 -0.216065 0.224001 188 188 255
55.4969 24.7398 19.1901 -0.837595 0 -3.5 0 -0.35238 0.852089 135 135 255
62.6251 20.8066 45.6405 0.430214 0 -4.5 0 0.557776 0.065346 255 41 41
50.5885 7.78475 24.382 -0.591758 0 -0.751325 0 0.90677 0.127907 226 226 255
58.2115 8.26538 42.4305 0.11118 0 -4.5 0 0.610032 -0.792285 255 127 127
64.8709 19.305 27.4811 -0.229193 0 3.8 1 0.645495 -0.11564 255 29 29
67.2664 25.1915 41.7935 -0.0874615 0 4.5 1 0.693359 0.306164 255 53 53
60.8204 15.7108 39.7411 0.111139 0 4.2 1 0.211427 -0.594024 255 1 1
48.1257 30.0409 30.7143 -0.202767 0 4.2 0 -0.579247 0.181144 52 52 255
61.0272 25.8445 27.8185 0.297269 0 1.79488 1 0.973534 0.0965995 255 43 43
40.666 20.6801 31.3167 -0.380361 0 -0.7 0 -0.324282 0.905066 12 12 255
48.0934 0.510125 17.6744 -1.01236 -0.319798 -3.5 0 0.0570225 -0.966743 129 129 255
43.2274 8.66488 39.0906 0.00869395 0 4.2 0 -0.673626 0.110578 161 161 255
42.8514 2.44675 22.9791 -0.953814 0 -0.7 0 -0.875022 -0.0974511 63 63 255
51.3613 20.5479 15.7339 -0.339123 0 1.8 0 -0.154605 0.916507 255 67 67
55.4505 2.73038 30.1961 -0.36106 0.226517 3.54602 0 -0.547138 -0.634419 41 41 255
57.1349 22.2306 15.6593 -0.360844 0 -3.5 1 0.391694 -0.353431 255 62 62
66.6153 13.04 28.86 -0.199054 0 4.5 1 0.247824 0.076195 255 0 0
57.76 11.4309 20.811 -0.703088 0 4.5 0 -0.811738 0.219459 255 200 200
55.6208 23.6881 43.3122 -0.236155 0 4.34141 0 -0.327213 0.929774 70 70 255
64.4612 23.599 38.0885 -0.200249 0 -0.7 1 0.994552 -0.090547 255 5 5
63.6538 12.3164 31.5241 -1.16704 -0.787271 -0.8 1 0.941604 -0.0567131 255 0 0
59.5058 16.2811 47.5783 0.754723 0 -4.5 0 -0.432469 0.132683 255 60 60
49.4574 29.0111 45.2308 -0.103515 0 4.2 0 0.333945 0.940407 201 201 255
40.8324 10.4485 19.381 -0.38433 0 1.8 0 -0.676372 0.526881 132 132 255
51.5746 26.5243 50.6966 0.283097 0 -3.5 0 0.502699 0.581809 255 98 98
59.7832 4.72913 34.034 -0.112294 0 -0.7 1 -0.0849043 -0.515707 255 87 87
44.4376 19.1426 19.9686 -0.661083 0 3.16301 0 -0.772827 0.195966 50 50 255
38.2578 8.66663 28.5005 -0.0788859 -0.0283437 -4.5 0 -0.980281 0.192381 4 4 255
46.8693 16.3197 12.0785 -0.292612 0 -0.8 0 -0.0244399 0.264958 255 47 47
60.7863 -2.66475 28.7337 -1.42496 -0.0647098 -0.4 0 0.934219 -0.00537367 86 86 255
48.2619 7.11806 17.3532 -0.0465699 0 -1.68493 0 -0.0562077 0.436873 156 156 255
49.5449 14.6389 47.8271 0.517292 0 -4.5 0 -0.334212 -0.703787 171 171 255
53.3434 15.1867 19.6637 -0.929049 0 -0.385819 0 0.474068 -0.817636 255 80 80
37.6786 6.55363 28.2269 0.21562 0 -4.5 0 -0.992026 0.110666 4 4 254
54.1005 25.6675 21.2025 -0.213815 0 -3.9 0 0.0364205 0.446034 48 48 255
48.8354 23.7192 19.1755 -0.923123 0 4.32963 0 0.183149 0.511198 24 24 255
54.6092 0.3865 31.389 -0.336655 0 4.5 0 -0.737855 -0.403432 62 62 255
46.1931 21.1138 14.7828 -0.465708 0 -0.8 0 -0.328567 0.55917 186 186 255
55.1888 16.726 16.2515 -0.465403 -0.149713 -0.7 0 -0.312413 -0.427846 255 60 60
58.9699 24.1248 47.6199 0.0691613 0 4.5 0 0.169509 0.203381 105 105 255
53.1712 14.5155 47.2656 0.496285 0.432556 -4.5 0 0.725081 -0.471821 170 170 255
48.7829 28.7521 22.6812 -0.532531 0 -3.5 0 -0.302893 0.928218 19 19 255
44.3426 24.1709 37.6783 -0.917137 0 -3.56737 0 -0.869222 -0.464178 18 18 254
54.5163 4.18988 39.7469 -0.0629499 -0.196307 -3.5 0 0.473415 -0.878025 146 146 255
57.0565 18.6059 46.4338 0.286739 0 4.5 0 -0.185215 0.20749 255 192 192
58.7612 -4.105 31.8121 -0.511127 0 -0.4 0 -0.0456368 -0.765773 35 35 255
59.3563 18.8495 16.0264 0.55605 -0.033801 -0.7 0 0.571223 0.0787542 255 33 33
61.0095 29.9105 25.0283 -0.454638 0 -3.30765 0 -0.273677 0.929971 72 72 255
39.6231 24.1231 50.7444 1.24168 0 -0.4 0 0.537703 0.632376 8 8 255
36.1512 23.0166 49.7238 1.93783 0 -0.4 0 -0.935468 0.349869 4 4 255
48.5578 -0.14125 26.672 -0.315638 0.318877 -3.5 0 -0.0826307 -0.888573 196 196 255
61.2949 5.29588 19.2276 -0.375876 0 -0.8 0 -0.25988 -0.425986 26 26 255
64.3652 25.0652 39.5754 -0.45609 0 -0.7 1 0.981641 -0.030575 255 42 42
58.9956 13.6169 30.0985 -0.353579 0 -0.8 0 -0.731898 0.38804 255 65 65
50.391 23.4245 18.8717 -0.855344 0 4.5 0 0.145645 0.36922 101 101 255
48.966 10.8774 41.5371 0.498111 0 -0.878266 0 -0.508805 0.576505 57 57 255
58.3603 7.77156 23.0114 -0.229737 0 3.93169 0 -0.708554 -0.606763 137 137 255
41.1452 2.85731 20.748 -2.31495 -0.607202 -3.5 0 -0.962059 -0.261878 255 249 249
58.3561 33.5137 35.5636 -0.268727 -0.149317 3.46415 0 0.0973272 0.918223 134 134 255
48.0196 18.3087 14.3986 -0.160132 -0.0294956 -0.713676 0 0.25082 0.5434 255 94 94
51.158 33.1543 35.164 -0.591861 -0.43304 -0.572599 0 -0.854737 0.133202 115 115 255
60.7135 1.67087 31.5934 -2.32335 -0.175658 1.8 0 0.955049 -0.289092 151 151 255
39.672 18.4824 23.5048 -2.51772 -0.3064 -3.5 0 -0.856783 0.274294 27 27 255
41.4057 22.7029 47.6082 -0.385243 -0.52926 -3.29566 0 -0.0941128 0.534375 15 15 255
56.548 14.8752 16.272 -0.482015 0 -0.7 0 -0.391013 -0.724243 255 71 71
62.5089 15.0005 18.5159 -1.67973 -0.290728 -0.7 0 -0.0315886 0.295791 255 167 167
67.7744 13.4414 21.9866 1.26403 0.106791 -0.7 0 0.971932 -0.167605 255 15 15
56.4313 -2.56113 32.9234 -0.291591 0 4.5 0 -0.385434 -0.922355 37 37 255
65.1087 24.9861 40.9702 -0.404442 0 -0.7 1 0.596459 0.0734725 255 44 44
59.8389 0.745375 29.5406 -0.801203 -0.345969 0.74709 0 0.994043 0.0458596 64 64 255
54.1953 25.9242 37.8978 -0.607935 0 -0.9 0 -0.167926 -0.8031 108 108 255
60.8833 16.8395 40.767 0.164505 0 4.2 1 0.070123 -0.854839 255 2 2
56.47 5.992 42.0565 0.0995839 0 -4.5 0 0.53223 -0.810645 255 218 218
41.0188 15.7824 22.7728 -0.314951 0 -3.5 0 -0.932091 -0.360734 94 94 255
56.4486 8.03625 45.1074 -0.828328 -0.262689 0.615889 0 0.409584 -0.316865 124 124 254
52.3831 20.7023 41.1359 -0.483225 0 3.8 0 0.744153 0.306516 162 162 255
57.5218 23.876 15.9276 -1.03902 0 -3.5 1 0.827556 -0.0193668 255 101 101
65.7846 14.9323 26.8757 -0.269999 0 4.5 1 0.405714 0.896965 255 3 3
64.987 30.4881 37.0166 1.36433 -0.0632534 -3.86934 0 0.899122 0.318463 255 75 75
61.9074 17.5127 32.7914 -0.00762924 0 -0.4 1 0.899955 -0.355091 255 1 1
43.8869 22.8406 43.9741 -0.228389 0 -3.5 0 -0.533131 0.278998 15 15 255
51.8926 14.7083 16.777 -0.0484023 0 1.8 0 0.54335 -0.365804 255 75 75
65.0449 12.7554 28.7264 -0.197866 0 4.5 1 0.270881 0.185562 255 1 1
38.6636 10.5159 30.2852 -1.28553 -0.448743 -4.5 0 -0.922472 0.0761159 30 30 255
43.5546 22.7818 51.7308 0.213509 0 -3.5 0 -0.602324 0.280784 13 13 255
41.4034 25.247 20.3958 -2.07052 -0.0322662 -3.5 0 -0.844858 -0.31386 11 11 255
54.2909 28.255 26.9262 -0.393441 0 3.8 0 0.222465 0.758094 81 81 255
43.0449 1.2025 23.9943 -0.421178 0 -0.7 0 -0.94673 -0.167645 42 42 255
67.7152 29.3836 47.6138 -0.462383 0.241671 -3.2 0 0.316312 -0.0860929 27 27 255
44.1502 18.098 18.1227 -1.34368 -0.630238 -1.19665 0 -0.967658 0.239597 164 164 255
42.1144 15.7983 19.876 -0.477238 0 -3.5 0 -0.457016 0.278815 210 210 255
66.6026 21.5082 24.3288 -0.383348 0 3.8 1 0.404115 0.911878 255 6 6
60.0613 14.9126 48.4541 0.738952 0.00918342 -4.5 0 -0.57518 0.0130197 255 90 90
48.9395 12.1182 28.2779 -0.533127 0 4.5 0 0.921467 -0.260287 28 28 255
50.0675 15.8551 15.1666 1.73758 0.00391402 1.65299 0 0.622732 -0.297209 255 84 84
64.578 22.8087 25.1038 -0.731468 -0.086091 -0.106212 1 0.829319 0.509918 255 23 23
54.6483 5.659 42.7785 -0.764489 -0.110683 -3.5 0 0.125646 -0.956002 139 139 255
36.8334 20.6987 49.5195 2.96695 0 -0.4 0 -0.446128 -0.868707 2 2 254
59.8657 3.07512 26.9781 -0.2655 0 -1.56184 0 0.649779 -0.696046 108 108 255
65.859 28.2917 41.7085 -0.0133677 0 -3.2 1 0.618111 0.00495335 255 142 142
58.6016 17.3014 15.6353 -1.45464 -0.963652 -0.7 0 0.459809 -0.0830856 255 33 33
44.428 28.4437 21.9983 -0.542934 0 -3.5 0 0.489695 0.803462 11 11 255
52.6109 23.0296 36.7033 -0.565487 0 -0.572585 0 0.315968 -0.0653325 68 68 255
44.7641 26.4349 39.8166 -1.52661 0 -3.5 0 -0.621453 0.628143 10 10 255
55.7181 31.544 41.5023 -0.16764 0 3.8 0 -0.26174 0.0496434 11 11 255
47.888 17.3535 44.208 0.362388 0 3.8 0 -0.904034 -0.317211 24 24 255
52.9653 4.10825 38.3785 0.0446347 0 -0.944413 0 -0.254127 -0.92644 111 111 255
48.8018 16.0029 44.8493 0.864111 0.117761 -3.04312 0 -0.858949 -0.466728 55 55 255
51.829 2.21213 20.621 -0.413308 0 -3.2 0 0.716191 -0.242347 96 96 255
52.922 3.5995 13.1877 -2.32133 -0.141237 -3.5 0 0.820549 0.361189 80 80 254
60.5138 -3.75509 31.2386 -0.407492 0 -0.4 0 0.805184 -0.457897 46 46 255
55.3595 13.124 28.3573 -0.532442 0 -1.3 0 0.195111 0.666357 187 187 255
59.7501 14.5014 28.6232 -0.566999 0 -0.337502 0 -0.967462 -0.230429 255 93 93
65.5914 22.2611 45.3392 0.0162905 0 4.5 0 0.402171 -0.306539 255 84 84
54.5265 27.9086 25.8816 -0.410323 -0.0506027 1.5217 0 0.231924 0.969677 71 71 254
41.3569 0.863875 27.0266 -0.0918109 0.0502864 -4.5 0 -0.26255 -0.847965 9 9 255
44.3746 2.99763 35.968 -1.70067 -0.531415 -3.5 0 -0.578196 -0.810994 29 29 255
40.6118 19.4825 29.6103 -0.765357 0 -0.7 0 -0.465501 0.848138 17 17 255
51.8454 3.54463 22.91 -0.443126 0 3.8 0 0.875981 0.0692697 114 114 255
51.1026 26.5875 45.3378 -0.362358 0 4.2 0 0.78413 0.484248 243 243 255
58.4508 32.3187 40.4109 -0.191819 0 3.8 0 0.674083 0.532691 63 63 255
60.8181 14.9487 44.2163 0.209937 0 4.5 1 0.610896 -0.0217836 255 28 28
46.675 19.2588 41.3047 0.391159 0 -3.9 0 -0.686131 0.428581 20 20 255
53.6592 19.1084 26.0506 -1.25862 0 3.8 0 -0.427947 -0.73936 54 54 255
46.7506 7.95706 40.4051 -0.45622 0 -0.951663 0 -0.655648 -0.587439 90 90 255
44.1585 18.749 47.184 -0.857838 -0.62253 -3.5 0 -0.434463 -0.869742 36 36 254
45.1258 13.3046 34.9003 -0.759802 -0.0981433 4.2 0 -0.749575 0.518305 35 35 255
53.205 22.6536 41.2943 -0.928823 -0.00722221 4.5 0 0.484038 0.0395422 220 220 255
53.6739 17.15 30.6194 -0.390013 0.00399543 2.07674 0 0.0640603 -0.210787 29 29 255
53.352 2.60831 15.1743 -1.30908 -0.423787 -3.45632 0 0.875511 -0.0221711 77 77 255
64.7988 24.9494 31.8869 -0.178959 0 4.5 1 0.925481 0.173294 255 3 3
48.7243 7.04313 43.2321 0.025284 0 -0.8 0 -0.493077 -0.237974 28 28 255
52.8787 32.0778 28.118 1.68359 0.642601 -3.9 0 -0.29422 0.645231 76 76 255
47.0619 28.1534 36.1064 1.52402 0.433268 -3.9 0 0.601079 0.799145 65 65 255
38.1382 24.5999 50.9558 0.944329 0 -0.4 0 0.0711562 0.892482 7 7 255
49.6664 -1.31056 29.6451 -0.697013 -0.119741 -3.5 0 -0.155377 -0.959878 180 180 255
56.9602 11.4936 24.7211 -0.68098 0 4.5 0 -0.923269 0.305401 145 145 255
46.3196 4.72219 18.1046 -0.525751 0 -3.5 0 -0.444941 0.243529 163 163 255
48.5484 0.18525 20.013 0.632161 0.104919 -2.46696 0 0.343301 -0.938284 101 101 255
45.8929 25.6969 41.3096 -0.596925 0 -3.5 0 -0.553897 0.527977 11 11 254
42.9014 17.5269 20.0141 -0.555811 0 -3.5 0 -0.467278 0.335169 133 133 255
47.4598 24.8515 51.2446 0.601182 0 -3.5 0 -0.362522 0.553212 36 36 255
58.2438 15.412 24.06 -0.670059 0 2.8 0 -0.631563 -0.772859 163 163 255
53.0462 20.8406 46.6538 0.240485 0 4.5 0 0.269224 -0.754607 54 54 254
45.7899 20.8277 51.9642 0.557029 0 -3.5 0 0.422453 -0.288318 31 31 255
48.0861 14.0792 13.4654 -0.454652 -0.671547 -0.8 0 0.349712 -0.708734 255 56 56
65.878 7.01956 24.3376 -0.226523 0 -0.4 1 0.472883 -0.545001 231 231 255
53.1466 11.9628 21.5355 -1.90709 -0.120716 -1.3 0 0.624122 0.548569 255 210 210
62.2525 32.3728 40.0318 -0.314859 0 -3.5 0 0.185006 0.95403 240 240 255
56.5396 6.24331 43.9732 -1.86834 -0.684231 -3.5 0 0.653004 -0.653419 216 216 255
50.7463 14.2902 22.1383 -1.23329 0 1.59979 0 0.962985 -0.244551 255 208 208
67.1873 21.5428 43.1969 -0.0201604 0 4.5 1 0.903718 -0.246846 255 101 101
62.4894 4.88225 33.9814 -0.161147 0 -0.7 1 0.839624 -0.168137 255 42 42
53.8737 16.2931 46.87 0.479376 0.416144 -4.02683 0 0.788509 -0.240961 123 123 255
55.1712 25.475 14.313 -2.35811 -0.884163 -3.5 0 -0.268781 0.546912 255 190 190
56.1372 4.03862 26.3964 -0.186651 0 2.8 0 -0.0449603 -0.519945 45 45 255
67.8973 20.2843 25.8614 -0.262481 0 3.8 1 0.539911 0.524738 255 3 3
46.4963 28.4114 46.8356 -0.0402464 0 4.2 0 -0.337893 0.862451 51 51 255
42.0169 13.9957 22.6584 -0.619625 0 -3.5 0 -0.813086 -0.416601 127 127 255
63.845 4.359 21.6572 -0.406858 -0.333485 -0.8 0 0.339268 -0.929885 68 68 255
43.2012 12.0014 18.6268 -0.550901 0 0.61056 0 -0.95407 0.178704 199 199 255
48.7477 0.167812 31.4344 -0.711834 -0.375534 -3.5 0 -0.0680706 -0.427213 93 93 255
44.8137 26.2188 28.6825 -1.363 -0.396292 -0.8 0 -0.180001 0.844986 64 64 255
52.2122 23.3029 19.8134 -0.911313 0 4.5 0 0.279953 0.579191 171 171 255
59.5814 15.777 18.3824 -0.450876 0 3.76094 0 0.688593 0.162015 255 58 58
54.9715 24.4328 46.9239 -0.0953895 0 4.5 0 0.0357678 0.926268 61 61 255
57.4189 -1.71925 29.1724 -1.25018 -0.0063716 -0.125702 0 -0.733851 -0.116555 84 84 255
54.8802 19.7987 39.5612 -0.517648 0 4.2 0 -0.510816 0.859532 162 162 255
43.4434 3.59025 34 1.19608 0 -3.67887 0 -0.524549 -0.774214 14 14 254
51.7437 5.57075 41.8444 0.0791193 0.482766 -3.5 0 -0.326256 -0.741183 54 54 255
64.6166 19.7127 41.6341 0.0407134 0 4.36267 1 0.663407 -0.747708 255 14 14
52.578 18.6572 29.4928 -0.706208 0 3.8 0 0.447967 -0.579983 21 21 255
64.3426 6.42462 24.3171 0.0186026 0 -0.656534 1 0.555406 -0.40278 255 227 227
62.7302 10.3423 28.4002 -0.262315 0 -0.106929 1 0.459158 -0.783174 255 25 25
54.099 8.98331 45.6746 -1.15588 -0.0289304 -3.5 0 0.0301378 0.29597 82 82 255
52.9357 0.961187 29.5429 -0.137791 0 -3.5 0 0.930148 -0.0984106 49 49 255
47.3514 29.9884 29.2668 -0.223416 0 4.2 0 -0.850731 0.238425 30 30 255
44.3153 10.3457 38.9265 0.0579226 0 3.57634 0 -0.671793 0.332257 183 183 255
67.6431 18.3803 25.194 -0.261292 0 3.8 1 0.662109 -0.689243 255 4 4
48.7384 14.8153 13.163 0.539252 -0.0662021 -0.8 0 0.747306 -0.363942 255 78 78
43.5841 21.6952 20.8326 0.0279738 0.162255 4.2 0 -0.756266 -0.00659072 15 15 255
51.5592 5.44706 25.0134 -0.43336 0 3.8 0 0.83578 0.533082 142 142 255
64.2796 16.7752 44.5535 0.290596 0 -4.5 1 0.863638 -0.352468 255 20 20
43.2005 20.836 32.1605 -0.31328 0 -0.950942 0 -0.45092 0.851327 12 12 255
51.5526 21.9928 40.1022 -0.524827 -0.685231 3.43922 0 0.827941 0.0606799 172 172 255
61.2929 28.7854 29.4355 -0.745522 0 -3.2 1 0.952254 -0.0436291 255 183 183
62.7332 7.84669 19.4606 -0.167395 0 -3.5 0 0.446324 -0.268531 33 33 255
58.6029 7.70897 40.084 0.543736 0 -4.5 0 0.804574 -0.499577 255 35 35
55.9714 32.1519 28.2154 -0.0777181 0 -3.9 0 -0.0048289 0.0768729 36 36 255
49.5137 0.21025 25.8619 -0.78428 -0.125684 -3.5 0 0.261229 -0.854295 208 208 255
51.1509 5.19663 17.1586 -0.533121 0.019735 -3.22225 0 0.273325 0.956196 142 142 255
46.1113 18.3908 46.8665 0.060399 0 -4.04251 0 -0.267317 -0.925381 63 63 254
44.3304 20.6858 19.8267 -0.574607 0 4.2 0 -0.875685 0.00221349 22 22 255
63.6856 23.4037 24.0395 -1.27042 0 -3.5 1 0.670665 0.203991 255 46 46
67.2121 17.0834 22.2889 -0.359133 0 -0.7 1 0.952304 0.209571 255 6 6
57.0708 12.1195 22.9659 -0.74189 0 4.5 0 -0.953701 0.276792 220 220 255
57.9821 36.5019 28.5979 -1.88962 -0.0198426 -3.5 0 0.13274 0.738339 38 38 255
47.7875 7.17863 39.4214 0.104382 0.203294 -0.428376 0 -0.756765 -0.653674 72 72 255
62.346 16.0181 32.7787 0.027115 0 -0.4 1 0.831082 0.451528 255 0 0
44.6757 26.6959 38.1131 -1.22227 -0.488868 -3.61802 0 -0.660884 0.574795 24 24 255
49.0017 12.1468 25.4583 -0.816474 0 3.8 0 0.678259 -0.347714 40 40 255
51.6237 5.004 13.8741 -1.88144 -0.0142284 -3.5 0 0.38311 0.798583 80 80 255
42.7267 28.3291 24.0444 -0.432223 0 -3.5 0 -0.521481 0.692742 19 19 255
45.003 10.8201 15.0476 -0.491175 0 -3.2133 0 -0.289523 -0.603085 194 194 255
63.0849 23.3225 27.8267 -0.81058 -0.768187 4.5 1 0.946873 0.303741 255 17 17
55.0686 7.1725 46.2939 -1.93766 -0.616926 -3.5 0 0.375046 -0.233763 94 94 255
53.9125 8.55869 28.2553 -0.0356734 0 -0.308494 0 -0.294818 -0.125168 255 235 235
57.8325 29.8319 24.1601 -0.472442 0.283336 -3.5 0 -0.12146 0.889929 32 32 255
63.9609 27.5358 34.9242 0.679336 0.408655 -2.83606 1 0.837754 -0.54592 255 7 7
40.2477 16.2847 24.042 -0.0952703 0 -3.5 0 -0.75033 -0.416956 69 69 255
48.5281 16.4019 12.4751 -0.196182 0 -0.8 0 0.530122 0.273308 255 45 45
64.214 4.71 23.158 -0.231851 0 -0.8 0 0.703875 -0.653666 81 81 255
48.9427 27.1901 38.0621 0.177617 0 2.5 0 0.0761829 0.91938 95 95 255
53.3893 17.6663 25.2405 -2.66199 -0.2977 -3.5 0 -0.388986 -0.333107 67 67 254
43.6794 16.0467 17.3908 0.160295 0.0795898 -0.66873 0 -0.903382 0.416927 255 209 209
42.4962 9.93394 34.2653 0.447465 0 4.2 0 -0.711919 0.542799 29 29 255
51.811 28.6514 33.4594 -0.770912 -0.260201 -2.11339 0 -0.923364 -0.201866 126 126 255
57.5968 5.65172 24.7996 -0.0405075 0 -1.6 0 -0.70848 -0.276013 144 144 255
63.8302 19.0203 32.4925 0.0100008 0 1.8 1 0.709417 -0.687041 255 1 1
48.0748 25.9729 30.9749 -0.301488 0 3.8 0 -0.782689 0.620887 46 46 255
54.3605 20.1602 15.8875 -1.2795 0 -2.53596 0 0.315804 0.242688 255 72 72
58.9869 9.09244 35.1436 0.579265 0 -4.5 1 0.948766 0.315617 255 7 7
47.3024 25.4847 49.8093 0.015918 0 -3.5 0 -0.443364 0.795609 26 26 255
50.5367 20.4706 48.4617 0.388714 0 -4.5 0 0.784727 -0.181409 56 56 255
63.3337 10.9733 17.7344 -0.657407 0 -3.5 0 0.617105 -0.250302 84 84 255
45.3976 12.902 39.0657 0.664289 0 -1.6 0 -0.840173 0.376163 84 84 255
50.3739 17.0055 27.7495 -0.946941 0 4.5 0 0.845752 0.121678 11 11 255
45.6911 23.7134 42.7999 -1.82808 0 -3.5 0 -0.964978 0.190555 12 12 255
53.7925 15.2002 18.0163 -0.781705 0 -0.7 0 0.363574 -0.840438 255 62 62
45.1997 20.6594 16.4708 -0.647261 0 -0.8 0 -0.748425 0.653306 120 120 255
47.9449 27.9662 29.4885 -0.142106 0 4.2 0 -0.788558 -0.186236 28 28 255
42.7966 21.4968 28.0872 -0.732983 -0.373812 -1.05555 0 -0.579321 0.148282 61 61 254
41.433 20.3445 30.12 -0.458662 0 -0.7 0 -0.298045 0.917261 21 21 255
53.5378 24.8248 46.9357 -0.284728 0 4.5 0 0.5078 0.854101 125 125 255
60.3178 33.4162 27.7141 -0.459073 0 2.8 0 0.178083 0.308423 43 43 255
40.6521 9.66956 32.4998 0.297435 0 1.8 0 -0.644769 0.382803 47 47 255
55.2752 23.1531 47.8621 0.0620392 0 4.5 0 0.280735 -0.133406 59 59 255
40.6716 10.5069 21.7426 -0.189261 0 1.8 0 -0.815273 0.508844 120 120 255
45.4824 23.8391 40.6667 -0.909206 0 -3.5 0 -0.851916 -0.238101 10 10 254
63.5523 17.6634 43.4025 0.258324 0 -4.5 1 0.656364 -0.460137 255 13 13
63.7475 21.7091 22.6674 -1.06051 0 3.8 1 0.131581 0.84458 255 38 38
41.414 3.35128 25.2757 0.0266929 0 -4.5 0 -0.461536 -0.383805 31 31 255
39.3984 21.6232 50.3418 2.20407 0 -0.4 0 0.569936 -0.59204 5 5 255
48.4824 -0.25225 24.1876 -1.76886 -0.601974 -0.7 0 0.403542 -0.871082 151 151 255
56.1598 15.6971 31.5324 0.0542733 0.130802 -4.5 0 0.273134 -0.217381 255 210 210
51.7788 6.51062 43.5532 -0.150006 0 -3.5 0 -0.406428 -0.678537 67 67 255
49.6616 1.09438 32.3052 0.212882 0 -3.5 0 -0.589028 -0.476318 96 96 255
63.9282 18.6452 40.6982 0.0737372 0 4.2 1 0.839592 -0.423844 255 6 6
53.3716 12.6646 22.9126 -0.72564 -0.199782 -1.3 0 0.700457 0.697031 196 196 255
56.4525 21.0279 16.2234 0.270178 0 -3.4007 1 0.151558 -0.153996 255 73 73
59.2155 10.5389 34.1075 0.231465 -0.359115 -3.88326 1 0.888895 -0.0783082 255 5 5
45.687 15.2881 42.7499 2.01006 0.481706 -3.9 0 -0.32232 -0.397355 45 45 255
54.4715 30.9289 40.1595 -0.304462 0 3.8 0 -0.738663 0.319775 8 8 255
59.3889 11.757 35.8092 -0.145635 -0.122595 -1.3 1 0.551329 -0.745473 255 2 2
41.3575 0.68325 30.3993 0.398908 0.157437 -4.5 0 -0.457209 -0.671448 5 5 255
55.0742 21.7754 15.8934 -0.488749 0 -3.5 0 -0.416381 -0.114505 255 78 78
47.3908 3.02078 36.1096 -0.971694 -0.100918 -3.5 0 0.339787 -0.917709 35 35 255
59.8539 13.2145 28.0204 -0.671124 0 -0.8 0 -0.986075 0.162767 255 149 149
45.4538 -1.10278 27.064 -0.608625 0 -3.5 0 -0.248229 -0.736564 82 82 255
65.0379 29.4745 46.1713 -0.633438 0 -3.2 0 -0.634889 -0.176374 92 92 255
60.0073 -2.5765 32.3433 0.0182165 0.0389164 -0.4 0 0.631786 -0.335776 39 39 255
51.1662 13.184 24.4332 -0.833524 0 -1.3 0 0.651092 -0.3779 58 58 255
54.181 31.139 27.6971 2.11838 0 -3.9 0 0.186428 0.336305 68 68 255
61.1973 7.98275 28.2917 -1.80178 0 2.5 1 0.97555 -0.122292 255 54 54
42.5915 20.3028 31.005 -0.0827681 0 -0.7 0 -0.0957699 0.987161 18 18 255
59.1049 10.9141 19.273 -1.21111 0 4.5 0 -0.866545 0.0434391 255 169 169
59.9458 29.9657 23.4258 -0.590913 0 -3.5 0 0.322305 0.945927 34 34 255
60.5864 24.3644 21.7136 -1.08779 -0.534995 -3.5 0 0.502645 -0.212529 255 243 243
51.5982 2.52378 36.365 -0.0205423 0 -0.7 0 -0.182715 -0.662027 119 119 255
46.4377 2.33406 30.7453 -0.497817 0 -3.73042 0 0.138801 -0.0280316 9 9 255
41.8895 22.4883 28.1192 -1.56929 -0.950649 -3.5 0 -0.624018 -0.265736 84 84 255
48.4462 11.9898 26.8299 -0.647165 0 3.8 0 0.998187 0.0479448 32 32 255
55.7673 27.4848 42.2325 -0.251259 0 -0.9 0 -0.313682 -0.34872 37 37 255
46.348 25.4172 32.6733 -0.167439 0 -3.56494 0 -0.293726 0.641227 36 36 255
46.5406 1.86475 15.3623 -0.622909 0 -3.5 0 -0.859702 -0.354244 175 175 255
42.9841 26.0901 18.904 -2.38212 -0.415591 -3.5 0 0.0104271 0.308749 12 12 255
41.7274 23.3901 22.9067 -1.21524 -0.022334 -3.5 0 -0.970633 -0.213665 13 13 255
61.094 14.0621 18.3153 -0.998221 -0.948362 -3.5 0 0.287855 0.63978 255 145 145
47.22 2.83594 13.9481 -0.424756 0 -3.5 0 -0.711567 0.0322316 129 129 255
43.5756 16.4843 15.5833 0.0476419 0 -0.4 0 -0.912814 0.404875 255 181 181
51.6652 14.6477 30.4608 -0.410568 0 -2.89202 0 0.260857 -0.835964 20 20 255
61.6724 25.7729 26.8586 0.567764 0 -3.3753 1 0.640286 0.251402 255 39 39
53.6363 26.6575 39.6267 -0.861938 0 -0.9 0 -0.376174 -0.838386 102 102 255
46.6485 0.014875 31.2279 -1.15505 0 -3.5 0 0.0805472 -0.0849029 33 33 255
44.539 25.6577 33.4735 0.233353 0 -3.9 0 -0.526263 0.245905 26 26 255
60.3377 31.3732 27.4378 -1.11512 0 -3.2 0 -0.394557 0.434292 63 63 255
57.7873 33.1954 39.1126 -0.181221 0 3.8 0 0.552434 0.831468 40 40 255
40.3856 9.28362 25.3778 -0.167637 0 3.8 0 -0.679345 0.198947 9 9 255
61.3259 3.7415 25.3589 -0.270294 -0.0788651 -1.6 0 0.109856 -0.986446 156 156 255
66.3 10.637 23.819 -0.645083 -0 -0.4 1 0.946337 0.101991 255 128 128
58.338 5.73281 38.1125 0.361653 0 -4.5 0 0.429681 -0.868109 255 115 115
58.2556 15.2196 31.4118 -0.931838 0 -0.917356 0 -0.515397 -0.0741135 255 60 60
51.1054 10.5118 19.9364 -0.713606 0 -1.3 0 0.0671558 0.149722 243 243 255
61.2668 17.0169 47.975 0.659935 0 -4.5 0 -0.245684 0.388113 255 44 44
61.2281 28.862 30.9741 -0.248781 0 -0.0783161 1 0.88461 0.169291 255 109 109
54.1528 14.2414 30.3026 -0.368706 0 -3.90977 0 -0.230776 0.33305 102 102 255
46.8052 17.6403 48.6587 0.322587 0 -4.5 0 -0.711446 -0.570317 80 80 255
51.426 23.6208 39.3405 -0.282015 -0.0610583 3.04162 0 0.820277 0.570183 159 159 255
41.7747 11.9134 25.0305 -0.841192 -0.48426 1.6225 0 -0.655413 0.249905 31 31 255
59.0381 15.4399 41.1746 0.00808156 0 4.45011 1 0.989631 -0.0792848 255 8 8
45.3416 16.9893 35.4407 -0.0206621 0 2.68406 0 -0.838602 -0.448045 25 25 255
49.8727 27.8861 20.2075 -1.26031 0 -3.5 0 -0.214616 0.730094 6 6 255
49.2007 10.0687 26.6794 -0.527305 0 4.33189 0 0.905108 0.407752 82 82 255
64.4177 27.7687 45.8528 0.724034 0.27679 -3.2 0 -0.117158 -0.135206 249 249 255
44.9276 22.0194 18.8499 -0.634324 0 4.2 0 -0.732096 0.12141 23 23 255
50.5508 4.68575 37.1604 0.212579 0.698527 -1.2047 0 -0.40755 -0.587006 75 75 255
50.5805 6.82225 26.0846 -0.410735 0 4.5 0 0.856734 0.497965 135 135 255
64.2582 22.1524 39.9661 -0.0773028 0 3.35274 1 0.789925 0.197782 255 3 3
46.017 14.6122 35.4147 -0.0378224 0 3.8 0 -0.91257 0.0142686 17 17 255
65.4966 30.4211 41.9293 0.135738 0 -3.2 0 0.511546 0.585356 255 203 203
57.128 20.6309 45.943 0.280797 0 4.5 0 0.0296111 -0.168202 212 212 255
47.6146 18.9956 49.4544 0.423807 0 -4.5 0 0.094206 -0.417639 69 69 255
50.2595 13.6766 28.9664 -0.525846 0 4.5 0 0.797386 -0.594029 25 25 255
50.6472 14.4209 29.6801 -0.479386 0 4.5 0 0.639151 -0.768731 22 22 255
52.7168 24.2547 49.6956 0.0956558 0 -3.5 0 0.818797 -0.0308561 255 241 241
43.0317 22.9152 47.1224 -1.01098 0 -3.5 0 -0.567316 0.683748 14 14 255
66.3843 7.95988 21.6644 -0.15341 0 -0.4 0 0.76461 -0.190871 65 65 255
63.9113 29.7288 45.5389 -0.100449 0 -3.2 0 -0.537916 0.155186 158 158 255
58.1616 28.236 21.057 -1.22283 0 -3.5 0 0.0314894 -0.346766 11 11 255
44.8606 24.9055 48.1535 -0.732201 0 -1.37894 0 -0.676803 0.735517 10 10 255
55.5585 25.2905 37.9958 -0.248502 0 -0.9 0 -0.667763 -0.685422 53 53 255
62.4932 8.06594 33.0308 0.282268 -0.444329 -0.7 1 0.624958 0.319033 255 5 5
44.9224 28.3447 24.4502 -0.338424 0 -3.5 0 -0.0985088 0.944954 22 22 255
48.6331 31.0701 28.4055 -0.17886 0 4.2 0 -0.195115 0.957405 84 84 255
52.0838 20.2628 39.2246 -0.469559 0 -0.45633 0 0.746308 0.665481 101 101 255
38.4544 24.3547 48.2524 1.14576 0 -0.4 0 -0.0413825 0.855338 12 12 255
45.3602 3.01281 18.0509 -1.06379 -0.109091 -3.5 0 -0.619106 0.0697108 149 149 255
44.5519 23.9618 45.6893 -0.099616 0 -3.5 0 -0.654188 0.728428 11 11 255
56.7304 24.3993 43.7148 -0.199722 0 4.34146 0 -0.624386 0.771188 42 42 255
64.6332 29.4843 40.2094 -0.244165 0 -3.5 0 0.99301 0.112833 255 118 118
51.3305 10.5375 28.6543 -0.04447 -0.0297093 1.46941 0 -0.0440829 0.812064 49 49 255
44.8475 9.68725 19.1791 -0.142241 -0.29229 -3.15615 0 -0.607784 -0.433378 153 153 255
52.1236 2.59063 25.5068 -0.367138 0 3.8 0 0.725341 -0.67488 80 80 255
61.3406 23.3574 22.954 -0.714418 -0.831422 1.32838 0 0.522459 -0.0135188 255 79 79
61.7918 19.7035 46.6772 0.549948 0 -4.5 0 0.259113 0.272905 255 28 28
46.2084 21.6709 42.8231 -0.965787 -0.926051 -3.5 0 -0.758575 -0.381114 31 31 255
52.8518 19.4973 40.1006 -0.593176 0 3.8 0 0.325718 0.935169 150 150 255
46.845 19.667 43.1968 0.0861261 0 -3.5 0 -0.955548 -0.291598 30 30 255
64.1263 26.0193 23.4719 -0.643618 0 -3.5 0 0.747919 -0.305335 255 150 150
48.5595 20.0637 15.1475 -0.274749 0 -0.8 0 0.311396 0.490544 255 162 162
61.0933 13.6844 48.7161 0.492601 0.132173 -4.5 0 -0.44608 -0.238025 255 128 128
51.144 1.39966 26.0724 -0.627313 0 3.10494 0 0.738162 -0.557992 130 130 255
58.1213 -2.42291 32.9688 -0.0714351 0 -0.4 0 0.212145 -0.822545 36 36 255
44.2861 20.3688 36.6628 0.491352 0 -3.9 0 -0.895906 0.441581 75 75 255
57.4688 9.69581 24.4284 -0.405331 0 4.5 0 -0.983379 -0.180931 197 197 255
51.5377 14.9594 20.7181 -1.11402 0 1.8 0 0.68317 -0.439545 255 97 97
50.3377 30.4267 31.7958 -0.575987 0 4.2 0 -0.898371 0.0722563 156 156 255
43.3971 10.5556 15.8221 -1.89274 -0.13411 -0.4 0 -0.433593 -0.773028 222 222 255
45.6014 0.787562 18.7174 -0.625737 -0.40065 -3.13434 0 -0.392435 -0.569096 115 115 255
63.8893 20.5937 32.9622 0.00661741 0 1.8 1 0.996499 0.0753259 255 0 0
55.7782 25.0771 40.3056 -0.49273 0 4.2 0 -0.923072 -0.306548 56 56 255
50.9207 1.54119 35.0835 -0.973932 -0.12862 -0.7 0 -0.246815 -0.9184 124 124 255
51.1062 29.8079 34.9985 0.31831 0.329495 -1.32386 0 -0.926851 0.0475533 95 95 254
40.8875 7.536 24.776 -0.116926 -0.331332 0.640778 0 -0.896623 -0.0969968 30 30 255
44.0792 19.0924 48.5456 -0.240576 -0.0548172 -3.5 0 -0.555222 -0.813532 32 32 255
44.1295 -1.44384 22.0035 -0.554268 0 -0.7 0 -0.241088 -0.933136 89 89 255
43.4562 18.0615 15.5901 -2.34058 0 -0.8 0 -0.983308 0.181898 227 227 255
51.6743 21.0013 47.7666 0.213934 0 0.298642 0 0.344047 -0.626324 73 73 255
39.1764 2.29437 29.3632 0.306191 0 -4.5 0 -0.771752 -0.549915 10 10 255
50.8769 15.5898 27.6001 -0.819831 0 4.5 0 0.970679 -0.119459 22 22 254
41.5618 26.9257 22.8326 -0.884626 0 -3.5 0 -0.915258 0.184008 13 13 255
59.2545 13.9571 41.999 -0.0685952 0 4.5 1 0.940769 0.327659 255 23 23
59.2264 26.6861 46.497 -0.0468769 0 4.5 0 -0.0368731 0.695787 57 57 255
45.0635 14.812 39.8972 1.18587 0.246626 -3.9 0 -0.831355 -0.547149 45 45 255
55.8872 21.5187 38.4745 -0.49492 0 -0.9 0 -0.788899 0.390751 112 112 255
44.5728 22.4583 32.5036 -0.166432 0 -3.9 0 -0.78283 0.369045 28 28 255
54.63 23.3406 16.9997 -0.884125 0 -3.5 0 -0.968064 0.174731 255 163 163
51.7871 12.1893 44.5343 0.772797 0 -1.3 0 -0.589911 -0.38644 100 100 255
57.9215 13.1535 20.8765 -0.747065 0 4.2 0 -0.894488 -0.337094 255 104 104
65.1367 19.7846 43.7296 0.0848129 0 4.5 1 0.540065 -0.677041 255 51 51
56.0153 21.6564 39.8826 -0.338275 0 4.2 0 -0.914829 0.13025 145 145 255
62.2371 26.7109 30.1662 -0.168019 0 4.5 1 0.737601 0.435409 255 27 27
45.2718 24.1491 30.1441 -0.402459 0 -0.8 0 -0.529806 0.477012 57 57 255
40.041 3.5825 30.9425 1.39113 0.690514 -4.5 0 -0.551681 -0.137468 8 8 255
57.5684 24.0825 19.9776 -0.155286 0 -3.70064 0 0.474171 0.813166 124 124 255
40.9837 22.4036 26.9036 -1.27216 -0.0575559 -3.5 0 -0.9323 -0.126701 41 41 255
42.8138 1.92654 19.2056 -1.69628 -0.00541563 -3.5 0 -0.346298 -0.462769 255 203 203
40.9126 14.4822 31.4344 -0.0903972 0 -3.5 0 -0.264954 0.478589 19 19 255
61.4604 13.254 17.1885 -1.84141 -0.397423 -3.5 0 0.488168 0.630384 255 194 194
55.477 17.916 29.7192 -0.503846 0 -0.853448 0 -0.673875 -0.618848 31 31 255
63.3776 17.5174 27.666 -1.2992 0 3.8 1 0.79436 -0.493189 255 18 18
53.9956 27.9549 41.3413 -0.500552 0 -0.9 0 -0.404014 -0.400006 52 52 255
52.2454 1.20806 34.4943 -0.222993 0 -0.7 0 -0.129883 -0.980376 115 115 255
66.0173 10.3891 25.9933 -0.275735 0 4.5 1 0.836379 -0.515357 255 36 36
54.7049 -0.692777 34.0843 -0.208545 0 4.5 0 -0.936055 -0.34558 65 65 255
66.1726 17.4403 21.3121 -0.367765 0 -0.7 0 0.473932 0.463114 255 22 22
38.8714 17.5576 25.5261 -0.0795397 0 -3.5 0 -0.829624 -0.0420607 45 45 255
62.663 29.7096 32.0239 0.0145837 0 -3.9 1 0.501695 -0.133723 255 82 82
46.8465 0.0611964 24.5427 -0.486161 -0.058615 -0.7 0 0.0424382 -0.94881 115 115 255
3 2545 838 1983 0.003901
3 2274 838 2497 0.009651
3 2497 1158 2274 0.009185
3 612 1155 2497 0.008764
3 816 2396 612 0.005769
3 1255 1196 2545 0.005316
3 1196 1255 1714 0.005696
3 2690 1255 298 0.006149
3 1255 232 298 0.004740
3 298 232 1983 0.004307
3 298 1983 1777 0.008090
3 1777 1983 755 0.007659
3 755 2274 364 0.009744
3 2773 364 2274 0.015841
3 477 389 2582 0.014169
3 2582 2496 2773 0.019619
3 2773 2496 293 0.030255
3 1155 2396 715 0.003494
3 715 375 1155 0.002516
3 1714 1256 715 0.004507
3 375 715 1256 0.005026
3 1256 1461 2496 0.011402
3 293 2496 1461 0.016279
3 755 364 1777 0.014462
3 364 1452 1777 0.020210
3 2511 139 1523 0.038887
3 139 293 1523 0.035633
3 1523 293 1092 0.023600
3 1523 1092 2228 0.032373
3 2228 1092 2214 0.032177
3 293 1461 1092 0.023274
3 1092 2256 2214 0.022983
3 2399 2256 1989 0.027468
3 1297 2256 2690 0.016584
3 2034 1329 1594 0.037428
3 1594 1329 254 0.034086
3 1329 418 254 0.033819
3 1329 1833 418 0.022656
3 254 418 886 0.039460
3 418 1833 2511 0.028848
3 418 2511 886 0.036675
3 886 2511 2763 0.036381
3 2034 1594 875 0.051470
3 1958 875 35 0.026148
3 875 1594 2802 0.055106
3 875 2802 35 0.042519
3 1594 254 2573 0.047003
3 2573 254 1477 0.035766
3 254 886 1477 0.052148
3 623 886 2763 0.042458
3 623 2763 2775 0.022979
3 2763 2228 91 0.018716
3 1000 2767 737 0.018721
3 2363 1748 2214 0.031809
3 2214 2532 557 0.029787
3 257 748 778 0.018786
3 778 748 368 0.013446
3 748 2399 1958 0.021562
3 748 1958 368 0.013592
3 295 827 1631 0.019850
3 2059 23 1339 0.122950
3 2592 1339 23 0.099684
3 2059 316 2424 0.079914
3 13 35 2802 0.030963
3 1921 2744 2639 0.143338
3 2639 2060 2169 0.100872
3 2169 2060 652 0.066246
3 652 2060 2785 0.092111
3 2785 2060 575 0.069775
3 2029 623 472 0.039898
3 472 2775 2528 0.020983
3 2528 2775 2427 0.017968
3 1683 2134 1000 0.035057
3 1883 737 2767 0.020158
3 1883 2767 2077 0.026096
3 2077 1217 2670 0.040364
3 448 1217 2363 0.022001
3 2077 2363 1217 0.022861
3 2363 2077 1748 0.021938
3 557 1217 448 0.019105
3 557 1552 1217 0.022835
3 2589 1217 1552 0.035579
3 557 2532 592 0.032539
3 141 1599 2592 0.023521
3 2592 257 778 0.031357
3 592 209 1552 0.028602
3 1552 209 2260 0.049968
3 209 2262 2260 0.060279
3 2262 23 2059 0.125643
3 374 2248 2271 0.180400
3 665 1095 863 0.136919
3 595 863 1095 0.061583
3 1095 1794 595 0.097504
3 2404 1494 2479 0.288440
3 1494 549 1770 0.159336
3 549 1921 1770 0.121046
3 2699 2118 1828 0.054616
3 2401 1863 1828 0.026626
3 2401 1828 1331 0.039569
3 1828 1558 1331 0.021420
3 1828 2118 1558 0.026176
3 2528 575 2179 0.041906
3 2783 387 2675 0.041566
3 387 2528 2427 0.024685
3 2675 387 2427 0.029826
3 46 2605 1368 0.165801
3 2470 46 501 0.414662
3 1368 501 46 0.236585
3 1368 2605 2220 0.186129
3 561 1368 2220 0.319393
3 561 2220 2205 0.350126
3 2220 1348 1105 0.047700
3 2181 2589 2273 0.151078
3 2260 128 2589 0.084705
3 128 2273 2589 0.089802
3 128 1097 2273 0.268796
3 1097 128 1543 0.327678
3 128 2260 723 0.145435
3 1543 128 723 0.299455
3 1152 2271 723 0.234046
3 723 2271 713 0.320591
3 1760 630 861 0.275620
3 1295 2019 608 0.061446
3 595 454 1459 0.039218
3 595 1459 608 0.031887
3 608 1459 1295 0.038219
3 1459 454 1221 0.045440
3 454 772 1221 0.127170
3 325 1794 1095 0.274998
3 1794 325 1220 0.354441
3 585 486 1705 0.424750
3 486 2479 2365 0.323613
3 1770 734 2365 0.212490
3 734 1770 2555 0.147870
3 467 2555 2553 0.076363
3 1770 1921 2555 0.098846
3 2011 677 826 0.083226
3 2011 826 2699 0.126303
3 677 2011 467 0.104855
3 677 467 2553 0.057867
3 1356 2699 1591 0.139553
3 1591 1209 1416 0.139958
3 1209 2811 634 0.110885
3 1209 634 2673 0.128641
3 2811 1405 458 0.138161
3 458 1405 2078 0.144524
3 2401 1405 1863 0.074249
3 2203 2401 1331 0.082583
3 2203 1331 137 0.116563
3 137 1331 2048 0.064902
3 2570 1318 1475 0.028801
3 1054 1318 1135 0.029244
3 2783 2675 1135 0.033132
3 1054 1135 2686 0.020554
3 2686 2675 2587 0.015522
3 1096 2184 2675 0.014663
3 2184 2587 2675 0.014526
3 2184 1096 158 0.034217
3 1096 1683 493 0.022483
3 493 1683 287 0.024391
3 1096 2675 1683 0.012188
3 287 1683 799 0.018876
3 493 1193 632 0.094540
3 493 702 1193 0.132340
3 632 1193 1675 0.117631
3 743 1081 1488 0.376266
3 1980 2470 1565 0.559278
3 1512 1980 2387 0.593917
3 1565 501 561 0.523978
3 1565 561 2387 0.551803
3 501 1368 561 0.363405
3 2387 1391 535 0.533321
3 535 222 2472 0.755427
3 2472 312 1764 0.832882
3 2472 1764 1785 0.840041
3 1764 302 2273 0.651540
3 302 2181 2273 0.502585
3 713 861 1076 0.435640
3 861 713 1760 0.361495
3 2762 861 630 0.507455
3 2762 630 2285 0.312326
3 579 1738 2353 0.091437
3 2591 2353 2359 0.086466
3 1738 320 1134 0.209338
3 1459 1221 1911 0.053303
3 772 864 1221 0.228607
3 876 1705 1698 0.247959
3 734 1736 1698 0.167852
3 545 1736 1790 0.206851
3 1409 2503 797 0.121450
3 880 902 1456 0.245829
3 2018 1416 2269 0.206849
3 1793 2269 1416 0.183047
3 1505 2100 2026 0.105887
3 2078 1871 458 0.150451
3 310 276 2203 0.171386
3 310 123 2300 0.187454
3 212 2300 998 0.110927
3 123 2791 2300 0.205468
3 998 2300 2339 0.073152
3 2791 283 2187 0.174948
3 1783 1054 2686 0.027056
3 2686 935 1783 0.026017
3 2686 2587 1377 0.013879
3 935 2686 1377 0.022012
3 2173 1572 2587 0.036872
3 2173 2184 158 0.048488
3 743 1753 632 0.197230
3 1354 1753 1739 0.250288
3 1739 1830 1354 0.220997
3 2173 1354 1688 0.095391
3 1830 1688 1354 0.120611
3 776 1830 1739 0.338689
3 1830 1642 1688 0.125299
3 1488 1739 1753 0.377782
3 1488 2567 1024 0.403559
3 1024 2210 1488 0.366500
3 1454 1488 2210 0.479414
3 2567 1081 1980 0.492731
3 2567 1980 1512 0.607138
3 1512 1190 2357 0.420707
3 1190 2681 2357 0.336413
3 1190 1340 1937 0.420346
3 1340 2387 535 0.605125
3 656 2762 2285 0.327940
3 656 787 2762 0.364143
3 2762 787 1937 0.466256
3 2762 1937 2092 0.592124
3 2613 787 656 0.156936
3 2613 656 2684 0.139906
3 1637 2403 2684 0.121025
3 2613 2684 2403 0.110061
3 656 2285 2684 0.150499
3 2684 589 1637 0.142694
3 1637 2127 2487 0.178835
3 2487 2127 1859 0.226904
3 2127 2394 1859 0.230446
3 1859 2394 1346 0.367731
3 1346 2394 759 0.416417
3 2085 759 2394 0.204343
3 589 2684 2085 0.111350
3 2085 2684 2359 0.128383
3 2492 1884 1134 0.379318
3 1655 2428 2492 0.791912
3 415 1655 2492 0.662950
3 415 1134 1440 0.353057
3 1440 1134 320 0.222785
3 1440 2601 1534 0.284833
3 2488 2601 1636 0.301291
3 320 1911 1440 0.116880
3 2601 1440 1911 0.150736
3 1911 1221 2601 0.120423
3 1636 2601 1221 0.161281
3 2488 864 585 0.409467
3 972 2488 1429 0.330898
3 762 1429 2354 0.319834
3 2488 1852 1429 0.347530
3 1429 1852 986 0.358077
3 1429 986 2354 0.333698
3 2354 986 1129 0.279032
3 762 2354 2061 0.291921
3 762 2061 947 0.371290
3 424 2088 1432 0.464588
3 1460 1129 82 0.140369
3 82 1360 2622 0.156944
3 1796 2815 844 0.253782
3 1796 844 488 0.231127
3 797 511 488 0.093484
3 1433 62 511 0.078480
3 1433 1048 62 0.074087
3 289 1433 2018 0.161405
3 2503 2018 1433 0.128093
3 1048 289 2572 0.167388
3 126 2572 289 0.226482
3 2572 781 1048 0.135503
3 413 2035 154 0.219793
3 126 2269 413 0.228542
3 413 2269 2035 0.281525
3 81 2625 1793 0.482278
3 2026 1019 81 0.289872
3 2625 81 1019 0.325620
3 1019 1083 2625 0.262194
3 1019 2026 434 0.131894
3 1795 434 319 0.154078
3 1032 2100 2574 0.104822
3 1993 2756 2748 0.020114
3 1993 2748 1723 0.009076
3 998 871 212 0.046922
3 2001 2153 2791 0.086107
3 2153 2001 987 0.063910
3 872 2490 1093 0.037579
3 2490 1844 791 0.024008
3 791 1844 2647 0.023323
3 791 2647 676 0.048719
3 2647 2551 1666 0.023768
3 2551 1572 1666 0.026021
3 1028 896 2647 0.057061
3 1934 2647 896 0.079532
3 896 1028 732 0.088302
3 896 732 2581 0.141423
3 732 1026 2660 0.157355
3 1026 1666 1688 0.085481
3 1688 1666 2173 0.079986
3 1688 1642 315 0.136704
3 2660 315 1434 0.234234
3 2745 2575 2632 0.538764
3 744 1973 627 0.139830
3 1973 2575 148 0.342458
3 148 1657 439 0.505087
3 669 439 1454 0.401281
3 497 2210 2357 0.377901
3 497 2681 1396 0.207971
3 2613 1396 2681 0.107594
3 2403 1865 2613 0.074454
3 1396 2613 1865 0.108292
3 2403 2487 517 0.110329
3 2810 517 2087 0.140785
3 2087 1302 2810 0.177285
3 1302 103 1639 0.371628
3 2367 1302 1639 0.402710
3 1131 1639 103 0.552843
3 1859 664 1131 0.554225
3 1415 1131 221 0.859083
3 1639 1415 1469 0.566664
3 1469 1415 366 0.760402
3 1415 221 2782 0.898678
3 2782 221 825 0.945735
3 825 291 2782 0.965020
3 1346 1481 825 0.919712
3 291 825 1481 0.966529
3 87 759 2758 0.459468
3 2758 2492 1824 0.705901
3 1481 1824 1015 0.949758
3 1481 1015 291 0.971405
3 1284 2469 2428 0.870746
3 1284 2428 1655 0.866214
3 1284 1655 710 0.715784
3 710 36 1149 0.693088
3 36 710 947 0.503452
3 947 2061 36 0.441722
3 616 237 507 0.708724
3 424 1432 507 0.554688
3 507 1432 2405 0.722581
3 507 2405 19 0.725354
3 19 2405 620 0.744381
3 1872 2405 1432 0.590794
3 2405 1872 857 0.648706
3 2522 1923 2622 0.201411
3 2088 667 1872 0.332425
3 2522 2653 2597 0.210676
3 2653 1659 2597 0.354683
3 2147 1403 1020 0.096588
3 2147 1020 2268 0.147618
3 1403 2622 1020 0.127635
3 819 2160 2268 0.138791
3 819 1796 2160 0.159818
3 1080 2693 1607 0.102105
3 1607 2579 1080 0.048835
3 870 2693 1080 0.075104
3 1610 2376 870 0.041482
3 1610 2579 721 0.050597
3 2376 1610 888 0.033126
3 2645 781 2572 0.159414
3 1125 2286 2207 0.163142
3 1966 1708 881 0.124028
3 384 2459 2431 0.310930
3 2431 2459 2320 0.313080
3 2459 1083 2320 0.309004
3 2320 1083 1795 0.333186
3 2320 1253 769 0.226551
3 1253 319 296 0.130725
3 296 319 2663 0.106240
3 296 2663 1147 0.062563
3 1307 465 1032 0.053204
3 1431 1988 1307 0.107874
3 1681 1988 2366 0.163812
3 2157 1431 2574 0.100345
3 2574 1993 2157 0.040755
3 1156 2157 1993 0.030724
3 2215 1881 1920 0.013290
3 2023 2321 2215 0.013419
3 2023 541 1489 0.012187
3 541 2339 1489 0.014416
3 2052 2243 1489 0.011170
3 49 2052 2153 0.027311
3 2052 49 2631 0.019734
3 449 2813 49 0.066821
3 2135 449 1668 0.077775
3 449 49 987 0.043339
3 1668 449 1104 0.060281
3 987 1104 449 0.056954
3 1104 987 872 0.046453
3 872 1093 1104 0.032393
3 1901 791 910 0.062167
3 791 676 910 0.060113
3 127 89 1934 0.095368
3 676 1934 89 0.067433
3 89 127 2136 0.085801
3 2336 2136 2272 0.114570
3 2272 2212 660 0.144566
3 660 2212 896 0.219372
3 711 1470 2581 0.146416
3 711 2581 639 0.090758
3 639 2581 1201 0.109215
3 1201 1652 639 0.137593
3 1652 1201 2660 0.157926
3 2660 1434 2346 0.248883
3 2346 1434 703 0.293060
3 2346 703 907 0.304661
3 866 547 349 0.116458
3 349 547 1949 0.131192
3 349 1949 1878 0.070019
3 1878 1949 66 0.057395
3 982 2093 547 0.260664
3 2093 982 1564 0.270313
3 1564 982 452 0.291869
3 452 2730 1564 0.278749
3 2730 174 1170 0.319713
3 1088 1709 2550 0.263304
3 1703 2772 865 0.132976
3 773 865 2615 0.161596
3 2523 2772 2632 0.221692
3 2523 1771 2784 0.297425
3 1586 2818 2426 0.373033
3 1974 744 2798 0.117017
3 2768 12 2730 0.046877
3 2798 627 1122 0.107207
3 2730 1122 1694 0.138851
3 2776 2084 627 0.045052
3 1122 627 2084 0.094646
3 2084 2720 1122 0.085796
3 2776 627 2466 0.094969
3 2466 95 2226 0.159188
3 1906 60 995 0.074634
3 1865 426 60 0.062477
3 60 426 1285 0.043881
3 60 1285 995 0.051930
3 426 2403 1285 0.073031
3 1285 2403 517 0.062001
3 1285 517 2810 0.071762
3 995 1676 631 0.132568
3 1676 1812 1200 0.092967
3 1676 995 2315 0.136970
3 1676 2315 1178 0.232591
3 1812 1676 1178 0.138692
3 2315 1085 730 0.403852
3 938 2367 1085 0.368441
3 2367 1345 571 0.483255
3 730 571 887 0.552526
3 571 1345 1102 0.529771
3 1102 1469 1203 0.683573
3 1485 1203 2561 0.771873
3 1469 366 1203 0.642546
3 1601 1326 1732 0.951896
3 1326 1761 2154 0.945846
3 1326 1601 1761 0.953772
3 1761 1601 1645 0.929291
3 1645 1601 2355 0.916591
3 1761 2156 782 0.927350
3 782 2156 1351 0.881049
3 1351 2156 2406 0.851075
3 2156 996 2406 0.880580
3 996 2741 466 0.890039
3 996 2355 2741 0.915909
3 2355 2782 2741 0.954314
3 291 2741 2782 0.967137
3 2540 2788 1497 0.835468
3 2540 2469 1149 0.833204
3 2540 1119 2788 0.779179
3 1119 649 616 0.748159
3 19 1119 616 0.745582
3 19 620 1119 0.728906
3 1119 620 1002 0.787204
3 1119 1002 1563 0.749346
3 331 620 2405 0.784014
3 331 2405 1729 0.864086
3 331 1729 441 0.902435
3 331 441 1759 0.889571
3 1759 441 155 0.916241
3 441 1411 155 0.932771
3 1247 1729 857 0.862423
3 911 746 2451 0.826189
3 746 397 1303 0.539370
3 1995 1303 2597 0.452610
3 2597 1303 2522 0.334977
3 1963 1995 2520 0.804906
3 336 2544 2520 0.351806
3 336 2597 1659 0.384965
3 250 607 2544 0.204858
3 2147 607 250 0.170104
3 2147 2693 607 0.151153
3 607 2693 1976 0.137908
3 1976 2693 2617 0.138400
3 1976 2617 1262 0.150746
3 2617 870 2376 0.059416
3 2617 2376 1261 0.114561
3 2376 8 1261 0.050554
3 2376 311 1728 0.042105
3 311 888 1148 0.035891
3 1401 812 2753 0.071116
3 2197 1966 1874 0.090827
3 147 2704 1966 0.092299
3 2225 2704 2438 0.086175
3 544 1853 1549 0.045436
3 1549 1853 2564 0.078126
3 2564 1853 663 0.082586
3 1853 1708 663 0.121868
3 663 1708 2430 0.111003
3 2431 2286 378 0.156299
3 2431 2320 1848 0.241302
3 663 227 277 0.050896
3 946 1230 2358 0.038518
3 1660 946 2358 0.035937
3 296 45 1230 0.076253
3 296 1147 45 0.068902
3 1147 2142 45 0.084248
3 1118 1147 2683 0.074447
3 164 2663 1681 0.035495
3 1681 346 1437 0.215324
3 1437 346 1686 0.238217
3 346 57 1686 0.236813
3 1686 57 2090 0.128749
3 1881 2215 1177 0.017811
3 1843 1073 1407 0.057304
3 37 1843 1407 0.075667
3 1073 0 1407 0.038143
3 0 2457 1407 0.020626
3 1407 2457 2565 0.030491
3 1407 2565 2219 0.048796
3 613 2631 2457 0.021604
3 2457 2631 2712 0.024992
3 2631 613 2052 0.019896
3 2352 2631 2813 0.041624
3 2329 2352 2292 0.137118
3 459 2732 2721 0.051575
3 459 2813 2135 0.068684
3 2135 1668 2732 0.055319
3 2732 1668 411 0.054957
3 2732 411 1907 0.047860
3 1668 1104 411 0.050358
3 411 1104 1901 0.048181
3 2136 2336 1907 0.079968
3 1480 2336 1814 0.084303
3 1480 1814 73 0.095639
3 73 2042 1480 0.090435
3 1814 1470 73 0.135013
3 1652 523 2374 0.112276
3 2027 2374 687 0.107261
3 673 2800 2122 0.151275
3 523 789 673 0.142720
3 907 866 161 0.212611
3 2800 161 1086 0.136041
3 1086 1941 1878 0.074570
3 2800 1086 1038 0.153717
3 1878 555 1038 0.140835
3 2508 1038 555 0.197308
3 66 1972 1490 0.008560
3 2700 66 1949 0.028169
3 2234 1949 2093 0.068255
3 299 2234 2312 0.016137
3 1517 2312 2234 0.020739
3 2829 2312 1517 0.048566
3 2312 2829 2720 0.058799
3 2720 2829 1694 0.101866
3 2224 2720 2084 0.048763
3 1944 2084 2776 0.049793
3 1906 631 1861 0.203745
3 2224 594 2312 0.026521
3 943 2229 1987 0.195118
3 647 1855 2208 0.118906
3 1200 1812 1987 0.137089
3 1812 2343 1987 0.144474
3 1178 752 1812 0.175251
3 1812 752 193 0.141176
3 339 193 752 0.210492
3 1860 730 2751 0.421021
3 1860 2751 2765 0.514635
3 2707 2751 1207 0.384873
3 2751 1124 1207 0.503997
3 1207 1124 2414 0.408176
3 2332 887 1102 0.672316
3 1102 1485 2332 0.673252
3 1780 2332 1485 0.662078
3 1485 2561 2325 0.771163
3 1485 2325 1780 0.721625
3 2561 264 2325 0.826144
3 2599 2325 264 0.801761
3 2561 475 264 0.884845
3 1671 2618 2695 0.987242
3 2687 476 2051 0.980299
3 1959 2630 526 0.956628
3 1959 526 1673 0.942359
3 1673 526 1351 0.928989
3 1673 2413 565 0.892670
3 2406 996 466 0.859241
3 466 414 2413 0.826352
3 2068 905 1765 0.911953
3 1474 1241 474 0.918266
3 1474 1759 1241 0.917090
3 1474 1563 1002 0.778255
3 1474 1002 1759 0.818761
3 538 1411 1010 0.918815
3 1010 1353 2306 0.905022
3 718 911 529 0.962693
3 911 1841 529 0.945945
3 1582 529 671 0.970422
3 1841 2451 2635 0.848390
3 2635 2451 1963 0.860118
3 2635 1963 1025 0.914922
3 1963 2443 1025 0.864689
3 1025 2443 314 0.860655
3 1025 314 2072 0.924321
3 2491 2028 999 0.287576
3 2443 2028 1335 0.473261
3 1595 2491 2421 0.338537
3 2491 1464 2554 0.274236
3 2054 2554 391 0.204264
3 635 2054 391 0.212231
3 1401 2753 391 0.060753
3 635 2753 2716 0.274864
3 2716 2054 635 0.202486
3 1670 2799 2716 0.324526
3 2799 15 2065 0.236296
3 2065 15 1013 0.159002
3 2065 1013 2694 0.276257
3 15 1503 1013 0.100075
3 1862 1503 2704 0.052234
3 2438 2704 1503 0.061808
3 2694 2174 641 0.175813
3 1862 2704 643 0.054978
3 1549 970 643 0.025861
3 2049 970 1296 0.013530
3 1549 2564 970 0.031227
3 970 2564 2616 0.046587
3 970 2616 1296 0.021627
3 277 1695 2616 0.054895
3 1695 277 1660 0.050175
3 2185 230 111 0.029418
3 230 2358 111 0.031155
3 111 2358 191 0.049246
3 191 2358 2142 0.081434
3 859 1788 1908 0.038831
3 1381 2090 468 0.087418
3 2090 57 2076 0.076525
3 941 1513 1094 0.087042
3 1094 1513 2531 0.054191
3 1381 468 941 0.079285
3 468 2076 1427 0.052292
3 1843 37 937 0.086536
3 937 37 2412 0.076724
3 937 2412 532 0.056218
3 2219 2342 1053 0.040415
3 2342 2219 2565 0.030310
3 2022 2712 975 0.035338
3 2292 2820 2010 0.207623
3 1946 2610 761 0.149766
3 761 2610 118 0.086496
3 2042 1090 2721 0.087978
3 1114 2721 1090 0.107719
3 2667 1090 2027 0.127803
3 687 2145 2027 0.148939
3 591 2145 1982 0.212859
3 2794 2267 2237 0.474142
3 2508 1813 185 0.377521
3 904 2508 65 0.228260
3 1038 2508 185 0.337093
3 1813 904 2436 0.188283
3 2310 1197 1626 0.070928
3 1197 2183 1626 0.056693
3 2183 322 1079 0.026025
3 322 506 786 0.030881
3 506 555 786 0.058719
3 1490 786 1878 0.030780
3 1490 678 492 0.007231
3 1540 1936 678 0.021575
3 678 1490 1540 0.008912
3 1540 1490 1972 0.013003
3 1540 1972 1808 0.016909
3 803 292 2146 0.022620
3 2146 2734 1936 0.052384
3 1412 2552 2114 0.022332
3 594 2114 2312 0.018674
3 2114 2552 299 0.013414
3 2312 2114 299 0.014721
3 1412 646 2568 0.142357
3 1857 1987 2343 0.178765
3 2343 1250 2361 0.261007
3 2343 2361 1857 0.315597
3 193 339 1250 0.182459
3 1383 339 1208 0.201493
3 339 2765 1208 0.232343
3 1208 2765 1425 0.180626
3 1425 2765 2707 0.225849
3 1051 1425 885 0.042357
3 1128 1425 1051 0.040414
3 1128 2415 1425 0.101786
3 1188 2415 1128 0.099251
3 2422 824 1188 0.338294
3 2422 640 824 0.523432
3 1507 2422 2536 0.084327
3 1037 2536 2422 0.052416
3 1654 2536 1037 0.024820
3 1654 249 2536 0.028005
3 2707 1207 249 0.119069
3 2536 1207 408 0.066666
3 2414 408 1207 0.166679
3 408 2414 220 0.240047
3 408 220 1507 0.293727
3 220 640 1507 0.420196
3 640 241 824 0.681773
3 824 241 563 0.701309
3 241 2161 563 0.748870
3 940 2161 2547 0.698820
3 2161 1562 1276 0.835039
3 281 1276 2453 0.864030
3 1276 1562 2270 0.760107
3 2453 1276 878 0.871685
3 2270 878 1276 0.716556
3 1562 2414 2270 0.560582
3 878 2270 1780 0.748147
3 918 2325 76 0.821333
3 2599 76 2325 0.759643
3 76 2599 1837 0.838146
3 76 1837 918 0.800850
3 1449 2599 991 0.774954
3 1837 1187 2204 0.960489
3 560 2618 1413 0.980739
3 1413 2618 1671 0.988428
3 1671 2755 1413 0.990603
3 213 2383 2199 0.997758
3 2383 1671 2695 0.993840
3 2383 2695 1214 0.993627
3 1214 2695 2257 0.986223
3 2304 1214 2080 0.996762
3 2344 2080 1214 0.994114
3 2080 2344 849 0.997797
3 2080 849 2175 0.999337
3 2344 2257 1251 0.985926
3 1959 474 2333 0.914967
3 2569 2306 2809 0.941817
3 901 1919 333 0.988309
3 333 1919 1596 0.985955
3 2130 1582 1583 0.974870
3 1582 2216 1583 0.986368
3 1583 2216 1743 0.991865
3 455 2216 671 0.994545
3 1782 455 847 0.963259
3 924 2738 104 0.733938
3 2738 1165 451 0.604121
3 2738 451 104 0.680439
3 1335 2738 314 0.824787
3 314 2443 1335 0.630736
3 1165 1335 1595 0.340284
3 1595 2421 2377 0.285033
3 1384 2377 1017 0.263826
3 2491 2554 2421 0.336304
3 965 1521 1689 0.225472
3 2716 2799 1334 0.184807
3 1689 1334 965 0.189937
3 2799 2065 2830 0.224373
3 1289 2830 2065 0.211166
3 2067 1040 48 0.106456
3 1082 1510 717 0.092275
3 1510 2065 2694 0.196226
3 2694 641 2140 0.148337
3 1967 317 2049 0.045259
3 2049 1296 1520 0.010650
3 1520 1296 1106 0.004609
3 1520 1106 2348 0.012062
3 1296 2375 1106 0.005024
3 2348 1106 969 0.006677
3 572 1342 2375 0.008350
3 1342 843 2375 0.006546
3 2702 843 550 0.010544
3 843 1342 550 0.012221
3 572 2821 1342 0.013499
3 2821 2806 550 0.014297
3 1788 691 1774 0.035152
3 1706 1455 906 0.025265
3 273 1774 691 0.038952
3 1962 273 534 0.031828
3 273 691 1524 0.069351
3 534 273 2531 0.050686
3 1524 2531 273 0.062329
3 534 2475 1962 0.018240
3 906 1962 399 0.023376
3 2475 399 1962 0.013110
3 301 2475 534 0.007586
3 2475 301 485 0.007332
3 2475 485 1818 0.004807
3 301 436 485 0.018187
3 436 131 1164 0.033126
3 2531 1513 131 0.044648
3 1513 941 930 0.065125
3 930 941 1667 0.054214
3 2277 1667 422 0.026263
3 941 468 1667 0.062788
3 468 1427 1667 0.039857
3 1667 1427 422 0.039187
3 422 1427 532 0.051457
3 1822 99 2412 0.049528
3 809 1822 1053 0.023467
3 809 1053 959 0.037574
3 959 2342 1142 0.025602
3 1142 2342 962 0.018768
3 2342 729 962 0.025058
3 2050 2103 962 0.022819
3 962 2103 1410 0.016429
3 962 1410 1142 0.025958
3 959 1142 1399 0.025386
3 2823 2050 2718 0.077635
3 1784 175 1036 0.093478
3 1036 175 2038 0.105603
3 2038 175 920 0.148668
3 167 2010 175 0.136207
3 920 175 2010 0.159472
3 6 2010 167 0.233607
3 116 2010 6 0.288908
3 989 1036 2038 0.078656
3 2724 1717 848 0.023285
3 848 738 2724 0.015339
3 989 1574 848 0.035827
3 841 848 1574 0.020911
3 2650 1570 2808 0.029487
3 884 2770 2650 0.037068
3 2770 884 1947 0.049156
3 2770 798 2108 0.094338
3 798 1947 761 0.108913
3 798 761 118 0.103419
3 2429 1799 51 0.041445
3 347 1902 1799 0.040659
3 1799 1902 2678 0.045418
3 118 2610 1902 0.063911
3 1870 1902 2610 0.078518
3 602 1926 2794 0.182966
3 2455 2794 1926 0.134120
3 2 2237 1426 0.391570
3 2 520 929 0.358507
3 602 929 1773 0.220873
3 602 1773 1926 0.143636
3 520 2338 1500 0.254112
3 2436 2310 1382 0.060042
3 1382 2310 1630 0.052422
3 916 1864 2310 0.052266
3 916 1626 323 0.050210
3 1626 2183 323 0.076201
3 1715 916 323 0.032571
3 1715 1079 1103 0.031183
3 1715 1103 1633 0.043519
3 1936 1476 1267 0.026768
3 2506 1815 1825 0.225876
3 1858 1815 1476 0.071030
3 1825 1815 1858 0.115926
3 223 1998 2073 0.278645
3 618 2596 1206 0.530247
3 1206 2596 1762 0.509271
3 223 2073 2596 0.407245
3 2284 1045 2596 0.488559
3 1762 2596 1045 0.547763
3 2284 2361 510 0.596677
3 510 908 2757 0.551054
3 2757 908 1628 0.518186
3 510 2757 2777 0.672727
3 2757 2425 563 0.471913
3 2757 1628 2425 0.492921
3 2425 1628 2415 0.336464
3 2415 1628 1208 0.246262
3 563 2161 2757 0.652978
3 2757 2161 940 0.569046
3 2757 940 2547 0.650619
3 2547 281 1662 0.743845
3 281 1674 1662 0.805850
3 922 353 2755 0.987928
3 2755 353 1413 0.990964
3 2199 1308 2755 0.999429
3 1260 1997 2242 0.999350
3 650 2009 1023 0.999883
3 2307 1023 2009 0.999940
3 2009 2175 1161 0.999391
3 1583 1743 1596 0.985509
3 1065 1596 1743 0.992603
3 1065 1743 1646 0.996966
3 2175 1065 1646 0.997181
3 779 1743 2216 0.995809
3 1266 779 2216 0.996981
3 1266 2216 1043 0.992265
3 1043 2216 455 0.991295
3 1043 455 1782 0.976947
3 1782 1560 701 0.978619
3 1560 1194 2247 0.909891
3 2247 1194 653 0.864234
3 598 924 1194 0.911073
3 653 1194 924 0.920447
3 1900 924 1880 0.855360
3 2435 16 804 0.385037
3 1880 104 804 0.688445
3 1384 1017 2435 0.267971
3 1017 2377 1521 0.329039
3 2334 1422 2435 0.209711
3 1017 1521 2334 0.277219
3 965 1501 850 0.328510
3 1501 965 1334 0.245910
3 850 1501 2832 0.181828
3 2067 48 2166 0.146942
3 2166 48 2484 0.139092
3 1211 2166 1186 0.096186
3 1463 1211 1186 0.097930
3 1767 1463 1186 0.103874
3 2356 2064 1089 0.116511
3 2196 2609 2417 0.220674
3 2417 2609 2731 0.171642
3 2694 2140 2609 0.205780
3 2731 680 2717 0.022628
3 2717 2348 2731 0.019865
3 1545 1343 2032 0.006569
3 2032 969 573 0.004904
3 2032 2702 1333 0.004425
3 2032 1333 337 0.005046
3 1548 1066 2563 0.017593
3 2389 1978 1163 0.051889
3 1904 1167 2481 0.004074
3 1167 11 1324 0.011943
3 2481 1167 1324 0.014430
3 2481 1324 906 0.013588
3 2481 1818 1589 0.005702
3 1818 399 2475 0.003908
3 1818 1875 2385 0.005219
3 1875 405 2735 0.007796
3 2735 405 2102 0.006994
3 485 2102 405 0.006785
3 2735 831 2223 0.024187
3 2746 831 1616 0.073322
3 1174 2746 1616 0.059197
3 2102 1112 831 0.035829
3 1616 831 1112 0.058833
3 1616 1112 554 0.052455
3 554 2420 1616 0.073098
3 1373 1822 2253 0.038815
3 2253 1822 809 0.071846
3 2834 1399 2510 0.069695
3 2510 1399 626 0.048716
3 2834 2657 745 0.151878
3 2657 2510 401 0.097259
3 401 2510 1443 0.052802
3 401 1443 1769 0.088593
3 2510 1290 780 0.028394
3 780 1290 1003 0.019572
3 1003 165 1242 0.046654
3 1003 107 593 0.017802
3 1632 2533 1691 0.021496
3 1632 286 2533 0.032487
3 2533 286 528 0.016040
3 286 173 528 0.015284
3 173 738 528 0.018525
3 528 738 2808 0.020975
3 942 528 2808 0.019062
3 528 942 2349 0.020744
3 2349 942 1924 0.014976
3 1570 2650 2283 0.030102
3 2650 1568 2283 0.044995
3 1568 2549 2283 0.026750
3 1568 2770 636 0.017642
3 1394 2770 2108 0.043952
3 2108 2429 1567 0.046938
3 2007 961 2133 0.123776
3 2489 1985 605 0.060956
3 698 2771 1321 0.253350
3 1926 1773 2771 0.132036
3 2771 1773 356 0.157219
3 2771 356 228 0.221459
3 1500 1834 520 0.290587
3 1834 1500 1115 0.159849
3 1115 2580 1834 0.181962
3 1115 1500 172 0.149325
3 172 1500 2338 0.216513
3 2370 172 2338 0.132943
3 2370 1811 2017 0.052250
3 1382 1630 1811 0.039790
3 599 1630 1146 0.046586
3 792 1146 1630 0.033641
3 792 1864 1107 0.048212
3 1107 1864 1633 0.061314
3 792 1107 2089 0.035951
3 792 2089 1146 0.042422
3 2089 1107 1352 0.038108
3 2089 1352 355 0.060012
3 1352 1633 2407 0.054356
3 556 1062 2506 0.441315
3 1130 1062 556 0.508917
3 1130 1272 1062 0.572353
3 1130 2372 321 0.476396
3 321 2372 190 0.489242
3 190 2372 239 0.513954
3 239 1206 190 0.619378
3 1049 190 1206 0.713683
3 1049 1202 140 0.848745
3 140 1202 897 0.865295
3 1202 2074 675 0.832900
3 675 2074 2526 0.819715
3 675 2526 2282 0.938059
3 2526 2777 1417 0.823454
3 2526 1945 1533 0.933268
3 1533 1945 964 0.971230
3 1945 1417 4 0.939866
3 1417 2777 2398 0.873293
3 2398 2777 93 0.892862
3 2500 1144 2083 0.901345
3 2500 2467 1144 0.968135
3 2467 1235 1144 0.994725
3 1144 1235 567 0.992636
3 2467 2326 300 0.999709
3 754 300 2326 0.999591
3 2326 1899 754 0.999452
3 2326 335 1899 0.999781
3 1789 2242 1912 0.998441
3 234 2242 1997 0.999348
3 83 2305 2307 0.999974
3 2307 2305 1912 0.999941
3 1789 1912 944 0.998575
3 2305 196 1365 0.999979
3 200 2009 662 0.999963
3 2305 1365 509 0.999967
3 1347 1679 2391 0.999904
3 662 1161 480 0.999863
3 1161 152 933 0.999281
3 1161 933 480 0.999560
3 933 152 1593 0.998963
3 1646 1593 152 0.998591
3 157 933 1593 0.999123
3 933 157 395 0.999319
3 932 395 157 0.998819
3 395 480 933 0.999661
3 760 1009 932 0.998037
3 954 932 1009 0.998579
3 1009 270 954 0.997858
3 1593 2701 760 0.997706
3 1817 760 2701 0.995500
3 2168 1817 2701 0.991848
3 701 2669 1058 0.991731
3 2701 1058 2168 0.990896
3 2698 2669 462 0.990393
3 2247 2669 1560 0.970163
3 2247 1900 805 0.878502
3 1786 805 427 0.910569
3 1786 2600 2250 0.937503
3 1850 427 1436 0.917718
3 1436 427 805 0.932187
3 2600 225 2250 0.940102
3 1447 1850 1700 0.772296
3 1700 1850 1280 0.641223
3 1700 1280 2509 0.500525
3 2509 1280 53 0.491145
3 1280 1436 670 0.629860
3 1280 670 53 0.502871
3 16 39 931 0.333071
3 1436 2473 670 0.736935
3 1483 1422 1388 0.148795
3 2195 2334 1457 0.269095
3 2195 1457 345 0.183576
3 965 850 1457 0.268066
3 850 345 1457 0.196714
3 2195 1647 1388 0.076909
3 1211 2515 2166 0.080408
3 2368 2515 1211 0.073389
3 2368 1211 1556 0.114070
3 1556 1463 2614 0.156590
3 869 2623 697 0.102939
3 307 1089 553 0.122168
3 1089 727 553 0.166381
3 553 727 1536 0.156142
3 2289 2583 1222 0.381423
3 1402 2196 1055 0.387354
3 2417 570 1055 0.214135
3 617 1055 570 0.132035
3 570 2417 2731 0.110533
3 617 570 1749 0.074404
3 570 1343 1749 0.026454
3 1749 1343 1545 0.012272
3 1402 1569 2148 0.269069
3 1569 1847 130 0.036084
3 2148 1569 2706 0.248764
3 130 2706 1569 0.138096
3 432 1333 2563 0.004913
3 2563 1333 1548 0.006548
3 1847 337 432 0.005305
3 432 337 1333 0.004316
3 1929 2689 2441 0.035009
3 473 2563 2389 0.024147
3 1133 2389 1163 0.065863
3 1643 1133 1163 0.051442
3 1643 1072 1133 0.053895
3 1643 1904 495 0.010930
3 495 1904 1589 0.008217
3 2385 1349 1265 0.017906
3 2801 2735 2223 0.044668
3 438 2801 609 0.087552
3 2223 609 2801 0.093709
3 1056 438 2685 0.173718
3 609 2685 438 0.192474
3 1387 2296 1766 0.150305
3 638 1935 2420 0.122857
3 2420 745 638 0.138399
3 2420 2277 1566 0.067836
3 1566 2253 745 0.085398
3 2606 2521 502 0.279669
3 2657 638 745 0.179583
3 502 1711 1141 0.242477
3 1141 1711 793 0.282595
3 2538 559 266 0.364534
3 266 559 1769 0.302530
3 559 672 1769 0.389878
3 266 1769 2588 0.350117
3 1031 1769 1443 0.064633
3 1443 780 1031 0.051260
3 1031 479 2588 0.137643
3 68 1007 1031 0.102585
3 2628 68 593 0.038690
3 593 1400 2628 0.033027
3 2628 2752 2640 0.028360
3 1887 203 1640 0.016361
3 2265 1640 1691 0.021467
3 1887 775 2302 0.016601
3 2302 294 682 0.025253
3 1110 564 953 0.030607
3 564 260 953 0.021508
3 2349 1924 260 0.019887
3 953 260 1924 0.022582
3 953 739 390 0.026692
3 1110 2549 2335 0.022780
3 2335 2549 1376 0.022641
3 1376 2549 636 0.018202
3 1376 1098 2335 0.018521
3 1567 2007 1985 0.039517
3 2489 2371 2121 0.018661
3 2749 2371 1140 0.026631
3 603 2030 2371 0.093725
3 2030 1140 2371 0.062619
3 2030 1798 1140 0.074668
3 2030 603 605 0.114444
3 605 524 2030 0.110837
3 605 1547 524 0.091339
3 1424 2580 1441 0.137432
3 1704 2580 2710 0.118873
3 2580 774 2710 0.175452
3 1001 2710 774 0.149234
3 2370 1195 1954 0.034648
3 1954 1195 681 0.031930
3 681 1195 40 0.023271
3 40 1195 50 0.029489
3 2017 50 1195 0.053873
3 1678 2017 599 0.050895
3 417 416 1678 0.056239
3 58 976 417 0.063382
3 416 417 976 0.077079
3 795 58 2089 0.046929
3 2206 548 795 0.111703
3 976 795 548 0.056879
3 2206 355 367 0.249771
3 367 355 229 0.412974
3 229 355 1062 0.425864
3 2206 229 84 0.654468
3 1272 84 229 0.724382
3 1893 516 140 0.853807
3 516 84 1835 0.840228
3 516 1835 140 0.860848
3 1202 675 897 0.882862
3 897 2282 2058 0.893413
3 136 2392 2058 0.972814
3 2132 2392 136 0.983840
3 1533 964 2132 0.981223
3 1744 1185 329 0.993733
3 2656 964 1374 0.987632
3 481 1374 2398 0.974779
3 481 1144 567 0.986732
3 1183 984 1300 0.997043
3 1532 259 984 0.999369
3 1532 754 259 0.999608
3 259 854 984 0.999272
3 1300 984 2002 0.997088
3 1421 854 1899 0.999075
3 1421 1899 578 0.999155
3 578 2242 1421 0.994798
3 1421 1789 2797 0.998738
3 2797 1789 944 0.999046
3 2797 944 2666 0.999023
3 944 1258 2666 0.998272
3 1992 2527 2646 0.999528
3 1365 1851 2646 0.999965
3 1992 1682 2155 0.997975
3 1851 1347 1063 0.999915
3 351 542 2330 0.998363
3 2245 2330 2769 0.995193
3 542 270 2330 0.997937
3 2330 22 2769 0.996272
3 2698 462 388 0.990516
3 388 1120 2769 0.992296
3 151 690 1544 0.992075
3 402 1446 519 0.946339
3 1823 1446 2250 0.977800
3 2250 2213 1823 0.938730
3 2250 225 2213 0.949216
3 2255 308 1746 0.513499
3 1447 1700 2213 0.771273
3 1011 2509 2517 0.240838
3 2517 34 1011 0.207601
3 2509 324 2517 0.106053
3 1701 2517 815 0.070084
3 324 815 2517 0.075356
3 2509 1478 1218 0.121309
3 1478 53 1228 0.340585
3 431 1478 1483 0.323559
3 1228 1483 1478 0.342339
3 1478 431 1495 0.236247
3 1559 1478 1495 0.167195
3 1101 939 1495 0.152587
3 1495 939 2790 0.089545
3 2493 2281 1238 0.074638
3 1287 2281 988 0.088444
3 1556 988 2281 0.095952
3 1556 2614 988 0.154004
3 97 536 428 0.148211
3 536 1328 428 0.167034
3 536 2614 109 0.196083
3 1328 134 428 0.150470
3 428 134 14 0.180604
3 134 2477 14 0.153926
3 1218 1559 815 0.093485
3 1559 2708 117 0.114866
3 117 2708 2558 0.076378
3 117 2558 685 0.108187
3 2558 182 685 0.125962
3 182 2558 1238 0.086072
3 182 1238 1287 0.091762
3 2493 2708 2790 0.050403
3 1238 2281 1287 0.079974
3 182 1551 2477 0.194689
3 685 1701 117 0.127010
3 504 1205 1701 0.063017
3 2517 1701 1205 0.078453
3 34 1205 70 0.103506
3 1205 504 2005 0.068531
3 70 1205 377 0.119297
3 2005 377 1205 0.102551
3 377 2005 2138 0.115557
3 2005 1328 109 0.128433
3 2005 109 1059 0.112042
3 2138 2005 1059 0.082716
3 2138 1059 38 0.094123
3 2138 444 2063 0.069165
3 444 2182 1971 0.065876
3 2388 1971 909 0.062882
3 2388 43 1971 0.039476
3 43 2388 2115 0.054046
3 1965 2623 307 0.100349
3 307 553 1965 0.118097
3 2388 88 2780 0.096061
3 553 1536 2789 0.186583
3 727 2298 1707 0.249730
3 2298 1222 1707 0.325280
3 2789 1536 2637 0.407210
3 2637 1650 2789 0.479793
3 2498 674 1776 0.461632
3 2148 2706 1956 0.186323
3 1903 1956 2836 0.253432
3 1922 1138 1942 0.296956
3 2706 2433 867 0.131702
3 2836 1922 1126 0.176556
3 1942 1138 2535 0.112678
3 2803 2309 736 0.226381
3 736 2309 1922 0.290984
3 736 1942 1699 0.132254
3 1212 143 1282 0.099858
3 1282 143 2460 0.101680
3 2460 1068 1282 0.139351
3 382 1008 233 0.382567
3 450 456 1451 0.113893
3 1451 2251 1234 0.178148
3 112 1056 2251 0.180153
3 733 2251 1056 0.231061
3 733 1879 2119 0.340904
3 751 2416 2211 0.228984
3 1879 2211 2416 0.219967
3 1304 1879 2416 0.330676
3 2471 2685 890 0.287472
3 1141 793 1022 0.278115
3 1141 1766 2606 0.300866
3 740 1891 2662 0.625680
3 2537 2662 1928 0.490348
3 1627 1033 2537 0.163727
3 219 2537 1928 0.324959
3 219 1928 2588 0.243157
3 1627 2640 851 0.066128
3 2752 851 2640 0.057157
3 851 1033 1627 0.086039
3 1395 1651 1914 0.034990
3 1651 700 1914 0.055995
3 1651 248 700 0.078827
3 658 1651 1395 0.042843
3 248 1651 1075 0.088656
3 1395 1887 2302 0.024142
3 2483 658 2101 0.021763
3 2483 2101 629 0.021925
3 423 629 2101 0.011358
3 2101 682 1792 0.016791
3 1792 682 443 0.017358
3 1539 1792 443 0.011770
3 1792 1539 2749 0.005224
3 2749 423 1792 0.005260
3 423 2749 370 0.006650
3 2749 551 370 0.015464
3 551 1176 370 0.041460
3 1176 551 78 0.065964
3 78 551 1140 0.052741
3 2209 1176 78 0.055342
3 403 1035 2209 0.045118
3 2482 2209 1035 0.042711
3 1035 403 1798 0.037764
3 1035 1798 622 0.052979
3 1778 1990 569 0.011961
3 403 1140 1798 0.044715
3 1990 622 2003 0.015420
3 2003 1798 2030 0.069234
3 1404 695 2030 0.131633
3 1404 2030 524 0.104895
3 695 1404 1325 0.121168
3 524 1547 968 0.093050
3 1547 1246 968 0.129131
3 756 2710 1379 0.108890
3 1001 2636 1894 0.084942
3 2636 2047 1894 0.069837
3 187 2636 18 0.044160
3 187 18 2314 0.052664
3 1836 974 1725 0.051888
3 442 1725 974 0.068762
3 1836 2682 974 0.052726
3 2150 2682 1836 0.050684
3 487 2314 40 0.039396
3 40 2314 681 0.028239
3 2150 487 2644 0.049957
3 2644 50 416 0.090839
3 2165 1747 25 0.133572
3 1747 548 2158 0.136835
3 1747 2158 25 0.181179
3 132 482 2158 0.394806
3 2158 482 25 0.370885
3 25 482 770 0.382554
3 482 44 770 0.450904
3 44 482 934 0.555360
3 2144 770 44 0.464667
3 651 1018 1046 0.811392
3 1018 651 1893 0.812823
3 1018 1893 1508 0.848621
3 1893 2058 1508 0.883286
3 1508 491 2835 0.861658
3 1508 2835 1018 0.825584
3 491 1718 2835 0.896980
3 491 625 1718 0.947563
3 1718 625 1720 0.968498
3 2266 1718 1720 0.978887
3 1720 1744 2266 0.986969
3 1720 1185 1744 0.993223
3 1744 2578 2380 0.994276
3 2797 2244 899 0.999028
3 2244 350 2252 0.986446
3 2244 1047 350 0.997436
3 2189 100 120 0.994318
3 120 100 583 0.996906
3 120 583 2155 0.997303
3 2155 583 1992 0.998126
3 1060 1154 1550 0.994892
3 1661 960 447 0.996500
3 2126 2530 2464 0.998917
3 1661 2468 2081 0.998360
3 151 2621 2079 0.974962
3 2079 2621 1918 0.974234
3 2621 1291 1918 0.973182
3 1291 2621 1653 0.950939
3 1746 70 2546 0.178368
3 70 377 2546 0.115872
3 377 2138 2546 0.111371
3 2546 2138 852 0.108813
3 2546 852 204 0.125152
3 204 852 1245 0.140749
3 2063 1971 2603 0.058310
3 1263 1293 2603 0.139664
3 43 2115 610 0.065821
3 2236 2115 783 0.190593
3 783 2115 340 0.159051
3 340 1226 783 0.266865
3 340 521 1226 0.205398
3 2780 340 2115 0.125074
3 521 340 2780 0.195864
3 521 1690 2566 0.257137
3 1690 2789 1650 0.254081
3 2313 437 2556 0.165958
3 1515 1650 360 0.297050
3 360 2691 1515 0.240174
3 2691 659 1515 0.317064
3 659 206 1772 0.212918
3 437 1772 1210 0.159739
3 2445 1330 206 0.203963
3 2586 206 1330 0.201396
3 1779 2445 1126 0.190972
3 1126 2309 1779 0.203537
3 1873 1970 1779 0.141461
3 1970 1330 1779 0.207205
3 1831 2193 2803 0.112713
3 1831 1212 1615 0.113962
3 1615 1212 1282 0.135897
3 1838 1615 1282 0.284696
3 1615 1838 2423 0.365152
3 2423 2295 1615 0.247917
3 2824 1838 566 0.599773
3 566 1838 2505 0.593924
3 566 2505 648 0.755060
3 2505 297 648 0.574887
3 2505 1068 382 0.428687
3 297 2505 382 0.535024
3 648 1273 1292 0.624204
3 2119 1879 1915 0.508426
3 1304 2416 59 0.271228
3 138 1471 2254 0.306718
3 2795 138 2254 0.268354
3 138 2795 2651 0.317004
3 1471 138 2651 0.347533
3 2651 2795 2291 0.530847
3 2291 2795 657 0.579831
3 2795 2382 657 0.476789
3 657 2382 1656 0.521570
3 2382 684 1624 0.529092
3 1624 740 2727 0.635574
3 2727 2804 1450 0.664948
3 1450 1239 2727 0.797284
3 2053 2727 1239 0.677377
3 1518 1322 1450 0.504425
3 1450 1322 2201 0.780127
3 1450 2201 1697 0.814082
3 1518 1171 1322 0.444955
3 1171 2485 1322 0.348095
3 1519 1171 1518 0.413860
3 2485 1171 2677 0.401975
3 1519 352 2677 0.266402
3 2677 352 1033 0.154765
3 2804 352 1519 0.280010
3 2677 700 587 0.173973
3 248 587 700 0.096187
3 248 1229 587 0.129349
3 1229 2485 587 0.269624
3 1229 1526 2787 0.350456
3 2787 1526 1232 0.470488
3 2787 1232 2258 0.578285
3 2258 758 2787 0.748429
3 1232 1075 714 0.168430
3 714 958 1232 0.136523
3 2502 2170 958 0.351529
3 2170 1775 2611 0.350795
3 1775 2502 512 0.243356
3 512 2502 629 0.141125
3 512 807 1775 0.189198
3 2611 802 860 0.256772
3 2482 1035 1876 0.033106
3 1213 1067 2316 0.019400
3 1778 569 2000 0.010347
3 569 1306 2000 0.014270
3 1166 2238 2345 0.043546
3 1325 2238 2003 0.027011
3 2003 695 1325 0.034005
3 569 1990 2003 0.008380
3 945 993 2015 0.057202
3 2015 1166 945 0.044363
3 2345 945 1166 0.047557
3 1005 2015 1379 0.099101
3 993 1379 2015 0.089350
3 2191 1951 895 0.126768
3 1894 2047 1951 0.070675
3 1166 2191 1735 0.103252
3 442 974 2733 0.078920
3 974 2682 2733 0.086410
3 2682 2165 1137 0.109835
3 1137 1981 1502 0.192615
3 1981 253 1502 0.256162
3 1502 253 251 0.301731
3 253 1981 2246 0.314168
3 2246 1981 1046 0.501124
3 1981 2144 1046 0.485033
3 253 2246 42 0.406301
3 253 42 251 0.360614
3 2246 1018 188 0.685614
3 2819 2380 1227 0.982365
3 2819 1227 1453 0.957247
3 2380 925 707 0.987183
3 1716 2380 2578 0.993616
3 1300 2002 1716 0.993521
3 917 2002 899 0.998199
3 925 917 1363 0.996039
3 925 1363 2125 0.992015
3 2452 2222 1664 0.927490
3 1363 2244 2252 0.982328
3 2222 2452 558 0.980896
3 558 2452 1243 0.975722
3 558 1243 1740 0.991638
3 2452 2046 2020 0.929392
3 1060 1550 1397 0.988362
3 2046 2437 2020 0.944144
3 2126 2525 2437 0.992587
3 1819 2464 1320 0.998404
3 981 1968 842 0.844104
3 661 1968 1885 0.849891
3 1653 1885 1968 0.883700
3 29 180 2594 0.769105
3 1275 661 1885 0.871744
3 1885 949 1275 0.892958
3 1472 1275 949 0.788180
3 2409 1472 1619 0.603816
3 1472 525 1619 0.537907
3 1472 949 525 0.670512
3 1619 525 1150 0.365075
3 525 2736 1150 0.288396
3 2736 204 1245 0.280756
3 2091 1293 2665 0.200230
3 2665 1293 2012 0.280433
3 2012 1091 2665 0.373141
3 2012 654 1091 0.467322
3 2012 1293 1263 0.221254
3 2012 1263 1117 0.265923
3 883 2096 1117 0.435732
3 1842 2096 54 0.672950
3 440 610 2115 0.087570
3 2236 814 883 0.367661
3 2629 1226 950 0.291123
3 1226 2039 950 0.345354
3 1226 2566 2039 0.269194
3 2112 725 2369 0.175797
3 2566 2313 725 0.187132
3 2556 2369 2313 0.179704
3 725 2313 2369 0.169989
3 304 2556 1608 0.148831
3 1608 992 304 0.165354
3 2586 1970 2458 0.178225
3 2586 2458 483 0.229835
3 1970 2295 2796 0.188893
3 1684 2796 590 0.186547
3 1684 590 412 0.179680
3 2796 2295 2423 0.279996
3 566 1292 2111 0.740604
3 1292 566 648 0.720578
3 2111 1854 2186 0.651908
3 2186 1854 1014 0.677626
3 2186 1304 515 0.537902
3 1304 1649 515 0.482148
3 753 2288 2478 0.345149
3 2104 1665 2288 0.190836
3 2288 1665 1809 0.230720
3 2288 1809 2478 0.332393
3 2478 1809 1385 0.229088
3 1385 1809 1641 0.269806
3 1444 1665 1816 0.313336
3 2104 1816 1665 0.237257
3 1816 2104 1910 0.257647
3 348 396 2104 0.213137
3 1910 2104 396 0.279110
3 2254 1471 348 0.271274
3 396 348 1471 0.217528
3 1731 722 1910 0.316755
3 722 1731 2651 0.272249
3 1268 2651 2291 0.541648
3 1528 1355 2397 0.557349
3 2053 1355 1656 0.416791
3 2053 2397 1355 0.536312
3 2397 1239 224 0.779071
3 1239 1697 224 0.772945
3 224 1697 1511 0.787921
3 224 1511 1121 0.853581
3 1121 1511 2476 0.911333
3 1511 2098 2476 0.896363
3 1511 1697 2201 0.873955
3 2201 1322 2024 0.638214
3 2024 1322 2485 0.420098
3 2041 2787 758 0.829985
3 758 2461 2041 0.897888
3 958 2170 1136 0.508182
3 2611 2410 2170 0.382888
3 1041 2170 2410 0.444975
3 2814 1041 2410 0.671953
3 2814 2162 1801 0.510294
3 1482 1801 1710 0.178739
3 2448 160 1801 0.240499
3 1801 160 1710 0.146868
3 2316 1240 1213 0.065209
3 2766 1034 21 0.017263
3 21 1575 1116 0.024654
3 1116 1575 1805 0.027751
3 1805 1575 1350 0.040865
3 1350 2714 1805 0.056341
3 1754 2000 1306 0.023609
3 2714 1350 2655 0.059477
3 2714 2655 1621 0.062331
3 2238 1166 2655 0.048183
3 1166 1735 2655 0.073205
3 1735 145 2495 0.173684
3 2495 1621 1735 0.092242
3 2116 2094 820 0.778429
3 1938 1755 2094 0.786400
3 1755 820 2094 0.844535
3 1938 1672 2633 0.627583
3 251 1672 2109 0.375717
3 251 2109 1502 0.267108
3 1502 2109 2733 0.170295
3 251 42 2633 0.500730
3 2819 1453 2163 0.940239
3 2729 2308 79 0.952963
3 2308 498 79 0.955203
3 79 498 113 0.946194
3 79 113 820 0.925316
3 498 1419 113 0.955448
3 113 1419 1044 0.939600
3 1419 1658 1044 0.913725
3 1044 1658 2786 0.813426
3 586 2641 1179 0.878154
3 2641 1419 2543 0.922357
3 1509 2543 2178 0.972806
3 1419 764 2543 0.934806
3 764 2308 2652 0.971339
3 2125 1664 235 0.907927
3 2178 1886 2539 0.989957
3 2626 1740 1243 0.995011
3 2604 1644 271 0.991826
3 284 2341 1529 0.987590
3 2341 892 704 0.985070
3 2626 1243 2020 0.990242
3 2261 1516 818 0.960376
3 2276 2070 1606 0.992987
3 1204 1819 1320 0.995950
3 1320 981 272 0.985781
3 1204 1320 272 0.991867
3 2831 981 2190 0.878198
3 2190 981 842 0.790913
3 2190 842 1375 0.805716
3 1375 842 29 0.757903
3 344 2659 2409 0.148555
3 275 1270 344 0.239587
3 1270 275 1492 0.238666
3 275 2736 1492 0.284188
3 2317 963 1492 0.322486
3 2317 1807 2198 0.251001
3 963 2317 2198 0.404033
3 2091 2665 1807 0.199370
3 1386 1807 2665 0.269446
3 1386 2665 1091 0.382634
3 1386 696 2504 0.324405
3 490 2504 1587 0.206149
3 2192 2792 696 0.445167
3 2006 654 1546 0.613822
3 2006 1546 1842 0.630500
3 2792 600 2584 0.324913
3 194 54 2654 0.623887
3 194 2654 997 0.475840
3 997 2654 1803 0.366341
3 2654 980 1309 0.514675
3 2450 950 683 0.515531
3 2450 694 1994 0.527591
3 1994 694 1224 0.629460
3 950 2039 683 0.325242
3 683 2039 1361 0.371966
3 683 1361 2082 0.386342
3 1756 2082 409 0.414842
3 726 2082 363 0.271524
3 2194 2369 2239 0.310163
3 2239 2556 142 0.177875
3 2556 304 142 0.189682
3 142 392 2239 0.147858
3 2239 392 365 0.134783
3 365 392 210 0.075921
3 1077 210 392 0.093589
3 1359 2013 1077 0.111054
3 210 1077 2013 0.087578
3 1359 1366 990 0.141558
3 990 1366 1648 0.180868
3 1366 505 1074 0.217985
3 2458 1074 483 0.273346
3 505 992 1074 0.217077
3 1074 992 1210 0.206850
3 1074 1210 483 0.214132
3 2458 2390 2167 0.346871
3 1132 2390 2722 0.388173
3 971 708 2722 0.355951
3 590 2774 971 0.244623
3 2774 590 2796 0.243655
3 971 2774 2143 0.279224
3 2111 540 2774 0.277712
3 601 540 2186 0.294044
3 1504 708 2143 0.373148
3 601 515 2447 0.346575
3 1877 2447 753 0.316734
3 2478 2432 1877 0.303958
3 1294 1504 386 0.378536
3 1504 1294 546 0.312041
3 1064 1294 1231 0.289053
3 1294 1609 1231 0.301848
3 2097 2432 2478 0.322791
3 1638 2097 1385 0.366650
3 1638 1385 1641 0.363400
3 1722 584 1444 0.453866
3 1742 1444 1070 0.526670
3 1742 1070 2086 0.658634
3 936 1742 2086 0.744831
3 2139 1099 1070 0.532266
3 2627 383 2593 0.889279
3 383 2139 771 0.619245
3 771 2593 383 0.820945
3 2139 914 771 0.660645
3 722 2651 1268 0.383709
3 1528 2294 879 0.789259
3 102 879 2294 0.810996
3 522 2294 1528 0.795855
3 2294 522 1121 0.845255
3 1121 2476 2294 0.892142
3 1069 2476 2658 0.938599
3 2434 2507 129 0.789032
3 1618 2507 2024 0.718959
3 2120 1846 2293 0.939120
3 2120 735 1888 0.924987
3 1219 633 1955 0.857483
3 1219 1955 2045 0.829098
3 2668 1408 830 0.855597
3 830 1408 460 0.860397
3 460 2025 830 0.813289
3 2258 1136 1745 0.690455
3 830 2025 2703 0.818882
3 2668 2703 2697 0.824474
3 2463 332 1791 0.902153
3 1791 332 1613 0.908680
3 332 2703 1613 0.868324
3 2814 1677 1613 0.805854
3 1613 1677 419 0.810507
3 1677 2602 419 0.715050
3 1677 2324 2602 0.354598
3 2602 2324 1233 0.419387
3 2324 1312 1233 0.362937
3 2386 1581 1312 0.176508
3 1710 160 2386 0.119059
3 2386 749 2137 0.252449
3 1869 2822 2395 0.105881
3 2316 1856 2395 0.045490
3 2766 1826 1763 0.020607
3 2395 1763 518 0.066408
3 1629 1826 1030 0.067349
3 1826 1805 1030 0.041386
3 1737 1629 1499 0.092344
3 1030 1499 1629 0.097771
3 1805 2714 1030 0.062496
3 496 1499 621 0.115090
3 1499 496 7 0.184708
3 496 1829 7 0.195167
3 1829 1367 692 0.499025
3 692 1367 2116 0.553832
3 692 2116 1496 0.772196
3 2116 1367 2094 0.595419
3 2094 1367 1672 0.509972
3 1672 1367 2109 0.408186
3 1367 977 2109 0.280910
3 2109 977 2495 0.188569
3 692 1496 341 0.817372
3 341 1467 692 0.767055
3 2786 2110 1467 0.595098
3 1506 1467 2110 0.419674
3 2110 2786 1380 0.479753
3 1380 1669 2110 0.336624
3 171 1337 2715 0.511694
3 1337 637 1179 0.765939
3 2781 1179 706 0.913451
3 706 1179 1269 0.901772
3 1179 637 586 0.832606
3 1179 2641 1269 0.912021
3 1269 2641 2688 0.916023
3 2688 763 2297 0.946037
3 763 1473 1509 0.939108
3 2297 763 666 0.942954
3 2297 666 2232 0.925363
3 2232 1006 2297 0.876435
3 2341 503 463 0.963005
3 503 1509 463 0.968094
3 463 1509 2539 0.979659
3 463 2539 1529 0.987053
3 666 1012 2232 0.956766
3 568 2232 811 0.829506
3 1012 2341 1189 0.967815
3 1189 704 2642 0.982226
3 1305 2833 2642 0.980518
3 1305 2642 67 0.986610
3 67 2642 2384 0.989730
3 67 2384 2514 0.989183
3 2642 1182 2384 0.993109
3 1182 2642 2261 0.988978
3 2261 2642 892 0.992324
3 2642 704 892 0.990641
3 67 2514 574 0.989416
3 574 2514 77 0.985537
3 574 77 1585 0.972089
3 1585 77 903 0.899922
3 903 1288 1585 0.841637
3 903 2514 1315 0.917898
3 2014 1315 86 0.518564
3 86 1315 2149 0.459233
3 2514 2364 1315 0.976417
3 2149 1315 2737 0.582422
3 2014 86 1378 0.348401
3 1370 1378 86 0.290884
3 2764 1370 1603 0.232795
3 1603 1169 2764 0.155804
3 1169 1603 1375 0.240453
3 1311 1375 1603 0.484850
3 868 2620 2659 0.168810
3 2659 2607 1332 0.127913
3 1600 1839 628 0.092639
3 1600 628 796 0.046025
3 1839 2408 628 0.101373
3 1839 1492 2408 0.140798
3 963 2198 2408 0.252760
3 2408 2198 1542 0.218781
3 2408 1542 882 0.131134
3 2141 1542 2198 0.320281
3 1462 1587 2033 0.339037
3 1145 1587 2504 0.218080
3 2792 2033 1145 0.301455
3 2584 2643 313 0.257278
3 2643 1758 928 0.297385
3 176 2590 1617 0.159635
3 98 1283 533 0.395161
3 98 533 994 0.240538
3 1617 994 1897 0.232605
3 1283 600 2319 0.538284
3 1283 2319 788 0.603929
3 1827 1493 1286 0.271250
3 1286 1493 2071 0.265930
3 2778 484 688 0.078095
3 2754 1341 156 0.234634
3 156 1309 1244 0.303270
3 484 3 688 0.200491
3 1153 1525 1994 0.450396
3 1994 1224 2322 0.501935
3 357 1039 1323 0.641653
3 1039 357 1756 0.646225
3 1406 1821 2164 0.282897
3 1406 192 2740 0.380144
3 1372 1634 240 0.524516
3 936 1592 1423 0.763340
3 2340 2200 2480 0.843965
3 1100 2480 106 0.768459
3 106 2480 1369 0.796810
3 1592 936 846 0.793178
3 2086 1157 2529 0.852320
3 1888 1157 2542 0.804387
3 1888 2542 2120 0.841588
3 2542 1157 2151 0.827774
3 1888 735 2279 0.864158
3 2279 2293 1810 0.811359
3 2486 1219 2299 0.873624
3 2299 1733 2486 0.915786
3 2045 2351 2299 0.817499
3 2697 2045 2668 0.846114
3 2697 2463 2062 0.909218
3 2524 2463 1791 0.837489
3 2373 2524 1791 0.828975
3 2524 2373 1597 0.724127
3 1597 2373 1233 0.530678
3 2373 2602 1233 0.632099
3 2524 1597 1581 0.745710
3 1581 1597 1312 0.432281
3 2524 2393 2264 0.823354
3 2099 2137 2822 0.453258
3 9 133 1832 0.785348
3 2129 1832 768 0.885258
3 2129 768 679 0.904743
3 1832 1804 768 0.927841
3 768 1804 840 0.941647
3 2297 840 1804 0.915161
3 768 840 1362 0.960997
3 205 1236 31 0.850084
3 1225 1236 1889 0.817911
3 2232 1012 1198 0.946410
3 1198 1012 1189 0.953805
3 1198 1189 2833 0.947493
3 1305 1530 615 0.948041
3 1392 1530 1797 0.908260
3 1797 1752 1392 0.807842
3 2159 1797 1585 0.862339
3 1585 1288 2159 0.832181
3 1288 1420 2159 0.492525
3 17 2159 1420 0.458023
3 1576 17 2004 0.190346
3 1420 2004 17 0.234899
3 1420 1288 2014 0.457157
3 1160 2004 1420 0.162775
3 2004 1160 2419 0.141971
3 2764 1713 2263 0.064205
3 1713 1414 1693 0.060316
3 1414 868 1693 0.077931
3 1693 868 2659 0.145239
3 1806 1554 2263 0.031531
3 1554 1806 1600 0.044875
3 1600 796 1554 0.028380
3 1332 1600 1806 0.072750
3 1554 985 2634 0.033586
3 2419 2634 1577 0.074797
3 1580 985 808 0.047508
3 808 435 1580 0.089025
3 1580 435 1961 0.146415
3 425 1027 500 0.092701
3 1580 1961 1027 0.062262
3 500 1027 2069 0.178539
3 2069 2227 2713 0.476793
3 2069 2713 2075 0.602047
3 2227 2465 2713 0.546994
3 2643 742 2033 0.361360
3 2643 2465 742 0.500819
3 1257 2107 2816 0.761234
3 2816 2107 407 0.826954
3 1369 407 1491 0.789140
3 1491 1301 258 0.625889
3 2590 176 966 0.281928
3 966 176 1319 0.185609
3 258 1319 1139 0.303351
3 176 1571 1319 0.111200
3 1484 1571 1617 0.148521
3 176 1617 1571 0.101027
3 1897 1484 1617 0.323756
3 1484 1897 381 0.509630
3 788 2016 1845 0.732432
3 406 2016 788 0.690370
3 406 788 1555 0.650526
3 1555 2559 406 0.440368
3 2319 1555 788 0.602239
3 2559 1555 1286 0.346723
3 1588 2559 978 0.464061
3 978 1249 1588 0.598877
3 2559 2071 978 0.190777
3 978 2071 2743 0.266185
3 2071 724 2743 0.178649
3 2743 724 1787 0.217868
3 2743 1787 1940 0.160975
3 1493 693 724 0.173473
3 2807 2760 2328 0.043031
3 724 1984 835 0.179052
3 2180 1984 2778 0.141507
3 2180 2778 874 0.101716
3 874 2778 1952 0.073360
3 2719 2750 1950 0.085114
3 766 2709 794 0.061539
3 1625 1994 1004 0.333122
3 1004 1994 2322 0.330776
3 794 2709 2171 0.091820
3 2301 1927 61 0.210488
3 1439 61 1927 0.342781
3 106 1491 1439 0.661243
3 1439 1927 1498 0.391977
3 1139 1896 834 0.201169
3 1139 1319 1896 0.173207
3 1896 2411 2661 0.108338
3 1175 1571 1479 0.049264
3 2152 1979 71 0.335984
3 1979 1484 1890 0.623755
3 2231 1890 2560 0.877707
3 2501 2560 2705 0.829165
3 1588 1249 588 0.651069
3 1479 71 2021 0.153063
3 2021 2240 2576 0.067645
3 2240 619 2576 0.056575
3 2761 2807 720 0.045861
3 2128 801 2661 0.153387
3 1042 2128 2661 0.117643
3 1042 2661 2571 0.127339
3 2571 2287 1042 0.090118
3 2411 1435 1768 0.051087
3 2674 1635 720 0.026264
3 1635 2674 1960 0.017975
3 2619 1635 1960 0.012590
3 2287 2571 478 0.075290
3 1960 1800 2619 0.023711
3 712 1800 1977 0.056146
3 2739 1979 2231 0.909025
3 2328 766 794 0.066070
3 1950 2648 2719 0.058104
3 2719 2280 2541 0.058057
3 1299 2202 1314 0.875876
3 2200 2529 2676 0.886462
3 2676 2529 2279 0.869972
3 2279 2529 1888 0.877379
3 2676 1810 52 0.839162
3 52 1810 2486 0.847078
3 52 2486 2512 0.871131
3 2512 2486 1733 0.900151
3 1733 2299 342 0.940562
3 2548 342 2299 0.945736
3 342 2548 1127 0.943746
3 1127 2548 2418 0.935820
3 1127 2418 2612 0.955730
3 2418 2494 1930 0.963287
3 2494 2351 2217 0.918931
3 2264 1192 2062 0.876881
3 1514 2062 1192 0.908624
3 1514 1225 1930 0.924064
3 1514 1930 2494 0.943065
3 1225 1889 1930 0.910036
3 1553 1584 889 0.579299
3 973 615 1438 0.746781
3 2036 1840 893 0.766979
3 2513 893 1840 0.639736
3 604 2513 1752 0.668453
3 1752 1576 604 0.540879
3 1933 604 1576 0.275633
3 469 178 1933 0.196668
3 178 469 1310 0.243605
3 2672 1310 469 0.207183
3 94 2672 2004 0.144898
3 94 709 2672 0.142731
3 709 94 1577 0.114546
3 709 1577 425 0.109741
3 709 1611 1310 0.193946
3 1310 1611 90 0.598021
3 1611 2075 90 0.701857
3 1248 2075 122 0.912916
3 122 2075 1892 0.883647
3 1248 231 2075 0.878373
3 2075 231 90 0.804399
3 90 231 178 0.752064
3 231 1933 178 0.314803
3 2725 170 2123 0.883109
3 2612 2123 1127 0.955640
3 170 1248 2123 0.902174
3 1127 2123 832 0.915949
3 1248 611 2123 0.911563
3 832 2123 1909 0.886151
3 611 1892 1916 0.870003
3 2008 1299 1909 0.864848
3 893 2612 2036 0.798684
3 429 2419 1378 0.109514
3 1225 1535 31 0.932921
3 31 1535 679 0.935586
3 679 1535 2129 0.907212
3 240 2595 1372 0.619863
3 1323 1039 2595 0.599689
3 1372 2595 1039 0.581496
3 1039 1465 1372 0.595690
3 1763 166 171 0.082122
3 1380 171 166 0.240287
3 1669 1380 1737 0.167125
3 166 1737 1380 0.121895
3 1506 508 7 0.179210
3 508 1499 7 0.110108
3 2043 2056 359 0.280954
3 359 2056 2194 0.261439
3 2164 726 2056 0.257635
3 913 2638 1109 0.247163
3 1590 359 2194 0.293469
3 1590 2194 1486 0.333331
3 2194 2239 1486 0.266979
3 1527 757 211 0.141655
3 1527 207 757 0.149731
3 757 207 365 0.147680
3 207 2239 365 0.149089
3 757 1726 2577 0.090068
3 2577 1726 1999 0.115888
3 2577 1999 80 0.124035
3 80 1999 2360 0.169058
3 1726 2013 1999 0.097941
3 2360 1999 1898 0.311677
3 1648 69 1898 0.298914
3 69 2442 1390 0.309930
3 1364 1390 2442 0.356289
3 1364 1216 74 0.255152
3 1364 74 1390 0.208455
3 74 1216 912 0.204951
3 546 125 2726 0.213073
3 125 1064 2726 0.227690
3 912 2726 1064 0.222938
3 912 1393 2278 0.239205
3 1969 606 1393 0.086874
3 1969 1064 1231 0.189117
3 1609 913 1231 0.248780
3 1969 1231 913 0.167163
3 2649 1109 645 0.193994
3 1199 624 1590 0.262288
3 211 2577 1199 0.161691
3 645 1199 2577 0.179097
3 645 2577 2557 0.232095
3 80 2557 2577 0.194029
3 645 2557 2649 0.137467
3 2557 1344 2649 0.150374
3 1344 2360 75 0.171757
3 75 2360 1757 0.099889
3 75 1757 2278 0.182222
3 2360 1898 1757 0.150120
3 75 2278 606 0.238542
3 2143 708 971 0.359814
3 2091 1245 813 0.159636
3 813 1245 852 0.129894
3 813 852 2063 0.075070
3 2063 852 2138 0.072860
3 1956 1903 2498 0.233597
3 625 2392 2132 0.981708
3 261 132 2206 0.581267
3 282 2489 2121 0.014603
3 2235 2689 1730 0.072658
3 2391 954 2468 0.999291
3 2391 1679 395 0.999712
3 1825 1858 2372 0.153009
3 618 1998 223 0.298663
3 2771 1531 2624 0.066604
3 1531 51 2624 0.043702
3 1868 2678 2624 0.059353
3 2624 2678 56 0.048562
3 1036 1717 2103 0.048826
3 2331 2051 1751 0.988595
3 1862 317 1967 0.062346
3 951 1959 1673 0.917060
3 1468 2768 1442 0.114416
3 2768 2730 2518 0.121127
3 1948 489 853 0.024836
3 489 2812 2233 0.169868
3 2818 1974 2233 0.307415
3 1468 1442 2233 0.139521
3 2233 1442 489 0.099919
3 2581 1470 2272 0.143217
3 2274 1983 838 0.006153
3 2690 1714 1255 0.005325
3 755 1983 2274 0.005317
3 612 2396 1155 0.006045
3 1461 1256 2690 0.009998
3 2690 1256 1714 0.005722
3 1833 1452 2511 0.022519
3 2763 2511 2228 0.025589
3 2228 2511 1523 0.030784
3 2399 2214 2256 0.026964
3 2256 1092 1461 0.021185
3 1989 2256 2034 0.032845
3 2034 2256 1297 0.033426
3 2034 1297 1329 0.021843
3 1989 2034 875 0.043799
3 1989 875 1958 0.032334
3 1594 2573 2802 0.043519
3 2775 91 562 0.022009
3 562 2767 1000 0.019519
3 2767 562 91 0.016864
3 2767 91 2228 0.017037
3 2077 2767 1748 0.025073
3 2214 2399 2532 0.024737
3 1989 1958 2399 0.024677
3 2592 778 1339 0.046943
3 2759 2059 2424 0.122864
3 2303 2759 2744 0.200123
3 2303 2744 955 0.222088
3 2744 2759 2424 0.097896
3 2639 2744 445 0.121442
3 430 2639 2573 0.138746
3 2573 2639 2802 0.113996
3 2802 2639 445 0.090317
3 2802 445 2424 0.105446
3 2424 445 2744 0.103857
3 1921 514 1561 0.071523
3 2169 514 2639 0.087355
3 2639 514 1921 0.145547
3 217 1561 514 0.060850
3 217 514 2169 0.059339
3 217 2169 652 0.071324
3 2179 575 2060 0.064840
3 2134 2427 2775 0.024454
3 1000 2134 562 0.024852
3 562 2134 2775 0.022553
3 1105 1348 1883 0.037600
3 2670 1883 2077 0.042262
3 1883 2670 1105 0.052940
3 592 1552 557 0.016194
3 2260 2262 1152 0.121012
3 374 2759 2248 0.150133
3 2759 374 2059 0.112123
3 2059 374 2262 0.105150
3 2671 2271 2248 0.143555
3 863 2671 2248 0.084433
3 2303 1095 665 0.197880
3 2479 1220 2404 0.347265
3 1561 2553 891 0.037820
3 1561 891 1921 0.052255
3 1173 2553 1561 0.031059
3 1173 1561 652 0.056574
3 217 652 1561 0.064233
3 318 1173 2785 0.046084
3 318 2785 826 0.045863
3 826 2785 168 0.045222
3 826 168 2118 0.048205
3 652 2785 1173 0.068610
3 2553 1173 318 0.031510
3 677 2553 318 0.043356
3 677 318 826 0.046783
3 2699 826 2118 0.081449
3 1475 168 2570 0.028949
3 2785 2570 168 0.035404
3 2118 168 1558 0.034482
3 1558 168 1475 0.023174
3 149 2785 2783 0.074025
3 580 149 1078 0.082733
3 1078 149 2783 0.105326
3 2785 580 2570 0.054685
3 580 2785 149 0.072936
3 387 2783 575 0.067832
3 387 575 2528 0.028435
3 1683 2675 2134 0.036609
3 2134 2675 2427 0.031201
3 46 2470 1193 0.279370
3 46 1193 702 0.169264
3 46 702 2605 0.119395
3 385 2205 2220 0.341200
3 2181 2205 385 0.360366
3 2181 385 2670 0.066001
3 2670 385 1105 0.063285
3 385 2220 1105 0.069167
3 2181 2670 2589 0.058238
3 1152 723 2260 0.162265
3 1760 713 2271 0.329819
3 630 1760 400 0.240109
3 630 400 2805 0.194731
3 400 1760 2271 0.223739
3 2805 400 2671 0.149303
3 2671 400 2271 0.170711
3 2805 2591 927 0.149676
3 2671 608 2019 0.055764
3 2671 2019 2805 0.106000
3 863 608 2671 0.064687
3 595 608 863 0.043560
3 1295 1459 1781 0.039667
3 1781 1459 1911 0.051442
3 585 1579 486 0.394904
3 1736 734 1790 0.138820
3 1448 2555 467 0.129415
3 734 2555 1448 0.148265
3 734 1448 1790 0.129772
3 891 2553 2555 0.060404
3 891 2555 1921 0.095358
3 2259 1448 467 0.142889
3 2259 467 2011 0.150279
3 1448 902 1790 0.192002
3 902 1448 2259 0.165670
3 1356 2259 2011 0.190158
3 902 2259 1456 0.233153
3 689 1456 2259 0.170055
3 689 2259 1591 0.173453
3 689 1591 1416 0.145354
3 1356 1591 2259 0.153495
3 2811 1209 1591 0.096262
3 2811 1591 1274 0.064076
3 1274 1591 2699 0.086723
3 1871 634 458 0.088616
3 2811 458 634 0.103103
3 2401 2078 1405 0.139612
3 1357 2187 1318 0.068408
3 1357 1318 1054 0.034206
3 2187 2048 1318 0.062242
3 1475 1318 2048 0.039003
3 1135 1078 2783 0.050901
3 580 1318 2570 0.056594
3 1318 580 1078 0.052990
3 1318 1078 1135 0.034535
3 2686 1135 2675 0.020608
3 158 181 1753 0.082102
3 1753 181 632 0.103282
3 1096 181 158 0.046602
3 493 632 181 0.058806
3 493 181 1096 0.030643
3 1488 1753 743 0.333924
3 2387 1980 1565 0.629926
3 1605 2591 2019 0.124213
3 1295 1605 2019 0.070297
3 1781 579 1605 0.091374
3 1781 1605 1295 0.064957
3 2019 2591 2805 0.138638
3 2353 2591 1605 0.100484
3 2353 1605 579 0.101924
3 2359 2353 1913 0.130483
3 1913 2353 1738 0.145165
3 1884 1913 1738 0.216483
3 1884 1738 1134 0.235004
3 1911 320 1781 0.069129
3 1781 320 579 0.078911
3 585 864 1579 0.453040
3 2815 986 876 0.219914
3 876 986 1852 0.228614
3 1129 986 2815 0.184224
3 1698 2815 876 0.195697
3 545 2815 1736 0.181042
3 1698 1736 2815 0.192127
3 844 2815 1409 0.205982
3 844 1409 797 0.202142
3 1409 545 880 0.287552
3 545 1409 2815 0.181001
3 923 2018 2503 0.114012
3 880 923 1409 0.159059
3 1409 923 2503 0.105467
3 2018 923 689 0.122559
3 923 1456 689 0.119765
3 1416 2018 689 0.164631
3 880 1456 923 0.180689
3 108 2100 1505 0.060449
3 634 1871 108 0.069689
3 634 108 2673 0.084755
3 2673 108 1505 0.072805
3 731 2100 108 0.048851
3 731 108 1871 0.048592
3 731 1871 2440 0.083543
3 731 2440 2756 0.036767
3 2440 1871 2078 0.123724
3 2756 2440 2748 0.041461
3 513 2440 2078 0.147147
3 1029 2748 513 0.090829
3 513 2748 2440 0.084582
3 1029 276 310 0.168529
3 276 1029 513 0.125224
3 276 513 2078 0.174218
3 2203 276 2401 0.147871
3 2078 2401 276 0.150056
3 790 1029 2300 0.148643
3 2300 1029 310 0.214429
3 212 790 2300 0.126186
3 2153 2339 2300 0.059974
3 2791 2153 2300 0.135336
3 719 280 872 0.078980
3 280 719 1358 0.087418
3 2791 1358 719 0.127011
3 1358 2791 2187 0.151809
3 2791 719 2001 0.090274
3 280 1181 2490 0.046642
3 1181 1783 2490 0.037725
3 1181 1358 1357 0.067121
3 1357 1358 2187 0.102621
3 280 1358 1181 0.084987
3 1054 1783 1181 0.044386
3 1054 1181 1357 0.054070
3 1666 1572 2173 0.046966
3 1354 158 1753 0.146551
3 158 1354 2173 0.069205
3 1123 1642 1830 0.209544
3 2745 614 1642 0.176699
3 2745 1642 1123 0.209893
3 1123 776 2745 0.445748
3 1657 2745 776 0.594472
3 776 1123 1830 0.336286
3 439 1657 776 0.529473
3 146 439 776 0.509193
3 146 1454 439 0.473952
3 146 776 1739 0.450743
3 1488 1454 146 0.470912
3 1739 1488 146 0.426828
3 2210 1024 2357 0.376331
3 2357 1024 2567 0.402828
3 2357 2567 1512 0.521296
3 787 2681 1937 0.291275
3 1937 2681 1190 0.288538
3 1937 1340 2092 0.497451
3 2613 2681 787 0.150631
3 2758 759 2085 0.241138
3 2085 2359 2758 0.154142
3 2758 2359 1913 0.167107
3 2758 1913 1884 0.310703
3 1824 2492 2428 0.849765
3 1655 415 710 0.622929
3 1534 710 415 0.483720
3 1534 415 1440 0.338956
3 829 1534 471 0.350505
3 947 710 829 0.381534
3 947 829 762 0.367701
3 5 762 829 0.326071
3 471 5 829 0.370723
3 2601 471 1534 0.292746
3 1534 829 710 0.409772
3 1429 762 5 0.326471
3 2601 972 471 0.338994
3 471 972 5 0.347537
3 5 972 1429 0.342593
3 2601 2488 972 0.286513
3 424 2061 2088 0.388402
3 2088 2061 2354 0.301025
3 1923 667 1620 0.201504
3 667 2088 1620 0.279392
3 2622 1923 1620 0.220442
3 1460 1620 2088 0.226155
3 1460 82 1620 0.184090
3 1620 82 2622 0.237362
3 1360 82 2815 0.141173
3 2815 82 1129 0.191281
3 1796 1360 2815 0.228400
3 1360 1796 819 0.150232
3 844 797 488 0.134301
3 1607 488 62 0.068003
3 1607 62 2579 0.054574
3 62 488 511 0.066738
3 1048 1433 289 0.101942
3 1125 2572 413 0.196859
3 1125 413 154 0.185876
3 413 2572 126 0.202640
3 1793 2625 2035 0.397186
3 1793 2035 2269 0.420868
3 1795 1083 1019 0.294001
3 1795 1019 434 0.147634
3 465 319 434 0.090427
3 465 434 1032 0.075242
3 1032 434 2026 0.084863
3 2100 1032 2026 0.092773
3 1993 2574 2756 0.038707
3 2756 2574 731 0.033460
3 731 2574 2100 0.048799
3 1156 1723 2057 0.005069
3 1723 1156 1993 0.011255
3 1920 2057 871 0.008956
3 871 2057 1723 0.004732
3 998 1920 871 0.021192
3 212 871 790 0.038709
3 790 871 2748 0.043267
3 2748 871 1723 0.012918
3 790 2748 1029 0.097479
3 2153 2052 2339 0.032972
3 1489 2339 2052 0.016002
3 987 719 872 0.071943
3 987 2001 719 0.059866
3 1093 2490 791 0.037511
3 1934 676 2647 0.072216
3 2581 732 1201 0.110865
3 1201 732 2660 0.179143
3 315 2660 1688 0.170690
3 1026 1688 2660 0.140239
3 265 1434 315 0.185908
3 265 315 1642 0.165676
3 265 1642 614 0.141481
3 1434 1696 703 0.258359
3 1696 1434 537 0.266660
3 537 1434 265 0.182910
3 1696 174 703 0.386900
3 1264 1696 537 0.200250
3 537 265 614 0.156096
3 2745 1264 537 0.169728
3 614 2745 537 0.158198
3 1709 2745 2400 0.197771
3 2400 2745 2632 0.293951
3 1703 2400 2772 0.180881
3 2772 2400 2632 0.203205
3 2523 2632 2575 0.429117
3 2575 894 2523 0.413078
3 433 1771 894 0.359303
3 433 894 1586 0.379836
3 1586 894 2575 0.418942
3 1771 2523 894 0.343158
3 2818 1586 1973 0.184702
3 2818 1973 744 0.162527
3 2575 1973 1586 0.325230
3 95 1973 669 0.196414
3 439 669 148 0.340489
3 1973 148 669 0.302660
3 2466 627 1973 0.135720
3 2466 1973 95 0.142887
3 2226 95 669 0.233894
3 2226 669 2210 0.362964
3 2226 2210 497 0.326723
3 1428 2226 1396 0.135053
3 1428 1396 1865 0.113955
3 497 1396 2226 0.196468
3 2087 517 2487 0.138356
3 2367 938 1302 0.315388
3 1415 1639 1131 0.674703
3 366 1415 2449 0.902090
3 1601 2449 2782 0.947663
3 1601 2782 2355 0.959657
3 2782 2449 1415 0.919336
3 1859 1346 664 0.577331
3 1824 1346 87 0.832967
3 87 1346 759 0.673667
3 1346 1824 1481 0.915228
3 2758 1824 87 0.757325
3 291 1015 2741 0.968384
3 2741 1015 2469 0.918281
3 2469 1015 2428 0.922835
3 1149 1284 710 0.730014
3 2469 1284 1149 0.881009
3 616 649 1149 0.739307
3 616 1149 237 0.702804
3 237 1149 36 0.708170
3 237 36 2061 0.612844
3 507 237 424 0.633095
3 424 237 2061 0.523104
3 1923 2522 839 0.263551
3 1923 839 667 0.215235
3 667 839 1872 0.327612
3 1303 397 839 0.384593
3 1303 839 2522 0.307219
3 2268 2693 2147 0.211328
3 2693 2268 2160 0.159728
3 1125 2207 2572 0.163770
3 2572 2207 2645 0.168240
3 2683 1147 2663 0.050508
3 2683 2663 164 0.043686
3 465 1307 2663 0.052870
3 465 2663 319 0.075556
3 1681 2663 1988 0.046912
3 1307 1988 2663 0.042449
3 263 2366 1988 0.135879
3 263 1988 828 0.113639
3 828 1988 1431 0.097198
3 421 828 1259 0.032575
3 2157 1259 828 0.035850
3 2157 828 1431 0.067921
3 1156 2057 1259 0.006592
3 1156 1259 2157 0.013933
3 828 421 461 0.032065
3 263 828 461 0.043657
3 263 461 2366 0.054209
3 461 421 1557 0.010701
3 1557 1259 2057 0.005739
3 1259 1557 421 0.010282
3 686 2366 461 0.031204
3 686 461 1557 0.013632
3 686 1557 1177 0.014650
3 1177 1557 1881 0.010676
3 2057 1881 1557 0.005096
3 1920 1881 2057 0.006165
3 2243 2052 613 0.015254
3 2135 2813 449 0.083567
3 1901 1104 1093 0.036627
3 791 1901 1093 0.051487
3 1878 1941 349 0.076154
3 866 349 1941 0.099849
3 1949 547 2093 0.155191
3 1170 1696 1264 0.287465
3 1696 1170 174 0.378766
3 2518 1170 1088 0.321023
3 1088 1170 1264 0.348389
3 853 1996 2550 0.139217
3 2550 1996 1088 0.293150
3 1088 1996 2518 0.365122
3 2550 1948 853 0.058860
3 1598 1948 2550 0.019184
3 1598 2550 1573 0.035041
3 1573 1709 2400 0.198836
3 1709 1573 2550 0.128125
3 1573 1703 1598 0.026254
3 1703 1573 2400 0.172177
3 2812 1948 464 0.010460
3 464 1948 1598 0.006886
3 464 1598 1703 0.008807
3 773 2812 464 0.013661
3 865 773 464 0.029858
3 865 464 1703 0.018595
3 2523 2784 2772 0.210319
3 865 2772 2784 0.246530
3 865 2784 2615 0.353571
3 433 2426 1771 0.262641
3 1771 2426 2615 0.340819
3 2426 433 1586 0.254431
3 2784 1771 2615 0.364947
3 744 1974 2818 0.104408
3 12 2768 2798 0.087217
3 2730 12 1122 0.126899
3 1122 12 2798 0.119698
3 2720 1694 1122 0.105657
3 1428 1865 2776 0.122195
3 1428 2466 2226 0.162415
3 2776 2466 1428 0.137932
3 1944 2776 1906 0.068057
3 60 1906 2776 0.058254
3 60 2776 1865 0.086687
3 1676 1200 2208 0.109092
3 1676 2208 1861 0.134795
3 631 1676 1861 0.187501
3 1861 2208 1855 0.166245
3 752 1178 328 0.274023
3 752 328 1860 0.302398
3 328 1178 2315 0.295597
3 730 1860 328 0.377193
3 730 328 2315 0.386755
3 571 730 2367 0.524058
3 1085 2367 730 0.488307
3 887 571 1102 0.601232
3 1485 1102 1203 0.704446
3 475 2561 1732 0.904351
3 1732 2449 1601 0.931257
3 2449 1732 366 0.891360
3 366 1732 1203 0.853375
3 1203 1732 2561 0.850700
3 475 2817 264 0.825423
3 475 1732 2817 0.901279
3 2817 1732 1326 0.933343
3 2176 2817 1326 0.930055
3 2154 2176 1326 0.956656
3 782 2630 2154 0.950811
3 782 2154 1761 0.949558
3 1759 1002 620 0.815701
3 1759 620 331 0.820767
3 1010 1411 2130 0.925261
3 1010 2130 1353 0.924419
3 1353 2130 1919 0.934608
3 718 2130 1411 0.931681
3 1841 911 2451 0.884421
3 746 1303 2451 0.566997
3 2451 1303 1995 0.511968
3 2451 1995 1963 0.746623
3 2028 2520 2544 0.327850
3 2028 2544 999 0.267937
3 1976 999 2544 0.239421
3 607 1976 2544 0.196367
3 870 2617 2693 0.077557
3 1401 1261 8 0.053709
3 1401 8 812 0.045977
3 812 8 2376 0.040246
3 1728 812 2376 0.043553
3 1728 2753 812 0.082498
3 24 2753 1728 0.070155
3 24 1728 1874 0.077020
3 2225 2753 24 0.129542
3 2225 24 1874 0.071452
3 576 1874 1728 0.103120
3 576 1728 1298 0.107512
3 2207 1298 2645 0.158717
3 2645 1298 1148 0.096962
3 576 1298 2207 0.116527
3 576 2207 1874 0.094047
3 1874 2207 2197 0.105568
3 1966 2197 1708 0.114872
3 1708 2197 2286 0.114941
3 2286 2197 2207 0.112690
3 2225 1874 2704 0.093071
3 2704 1874 1966 0.082585
3 2430 1708 2286 0.125048
3 2430 2286 2431 0.136863
3 227 663 2430 0.057620
3 227 1848 946 0.051069
3 1848 2430 2431 0.107447
3 1848 227 2430 0.074014
3 1660 277 227 0.043953
3 227 946 1660 0.036105
3 2142 2358 45 0.086265
3 45 2358 1230 0.047248
3 1681 582 164 0.078048
3 164 582 2683 0.064053
3 1437 2683 582 0.168514
3 1681 1437 582 0.160648
3 2825 686 1177 0.018911
3 1191 2825 1177 0.033706
3 1191 1177 2215 0.037011
3 1191 2215 1487 0.042651
3 2825 1191 2076 0.042169
3 1191 1487 1843 0.047465
3 2076 1191 937 0.058341
3 937 1191 1843 0.058622
3 1843 1487 1073 0.059152
3 975 2712 2631 0.019094
3 975 2631 2352 0.021587
3 2022 975 2352 0.034944
3 2022 2352 2329 0.062755
3 2820 2292 2172 0.091060
3 2172 2292 2352 0.064917
3 2188 2820 2172 0.060807
3 2188 2172 2813 0.054477
3 2172 2352 2813 0.035263
3 1867 2820 214 0.073440
3 214 2820 2188 0.060262
3 214 2188 2721 0.073494
3 2135 2732 459 0.048074
3 2732 1907 1480 0.059456
3 1480 1907 2336 0.063584
3 2318 2042 73 0.123038
3 2318 639 1652 0.113359
3 639 2318 711 0.088559
3 711 2318 73 0.085363
3 711 73 1470 0.125231
3 2042 2318 1090 0.107148
3 1090 2318 2374 0.114912
3 2374 2318 1652 0.130777
3 2027 1090 2374 0.105819
3 362 687 2374 0.134340
3 1866 362 1113 0.102740
3 1113 2374 523 0.115212
3 362 2374 1113 0.082424
3 2122 2664 673 0.157633
3 673 2664 1113 0.101523
3 673 1113 523 0.119084
3 1113 2664 1866 0.174322
3 135 2800 673 0.127694
3 135 673 789 0.169194
3 161 2800 135 0.173132
3 161 135 2346 0.227850
3 161 2346 907 0.230490
3 2346 135 789 0.202950
3 1941 1086 161 0.125710
3 1941 161 866 0.133622
3 555 1878 786 0.055397
3 2700 1949 2234 0.021018
3 299 2552 2700 0.014265
3 299 2700 2234 0.011242
3 1855 2224 2084 0.073249
3 1906 1861 1944 0.175496
3 1944 1861 2084 0.170147
3 2084 1861 1855 0.124092
3 594 2224 647 0.072844
3 1987 2208 1200 0.149450
3 2208 2229 647 0.111095
3 2229 2208 1987 0.173267
3 2765 2751 2707 0.351951
3 1124 2751 2332 0.665106
3 2332 2751 887 0.621113
3 2270 2414 1124 0.567664
3 1780 2270 2332 0.699583
3 2332 2270 1124 0.664960
3 2695 2618 1957 0.980531
3 1957 2618 2176 0.966000
3 1957 2176 2687 0.967216
3 2817 2176 2618 0.940611
3 2154 2687 2176 0.967900
3 1957 2687 2331 0.981131
3 1957 2331 2257 0.983833
3 810 2257 2331 0.988002
3 2331 2687 2051 0.986780
3 782 1351 526 0.939737
3 782 526 2630 0.959304
3 565 951 1673 0.901691
3 466 2413 2406 0.825637
3 2333 474 1241 0.913790
3 2333 1241 538 0.921896
3 2809 1353 1919 0.924513
3 1353 2809 2306 0.909059
3 2809 1919 901 0.965496
3 1582 2130 529 0.966456
3 529 2130 718 0.932386
3 1052 671 529 0.970161
3 1052 529 1841 0.945255
3 1052 1841 2635 0.925786
3 2072 2635 1025 0.949954
3 2520 2028 2443 0.539367
3 1335 2028 2491 0.332233
3 1335 2491 1595 0.229724
3 391 2554 1401 0.115230
3 1401 2554 1261 0.133566
3 2753 635 391 0.166448
3 2174 2694 1013 0.140086
3 2174 1503 1458 0.041204
3 1458 1503 1862 0.049424
3 1013 1503 2174 0.073565
3 1967 1458 1862 0.056833
3 317 1862 643 0.048109
3 2049 317 970 0.025890
3 970 317 643 0.033110
3 2185 2375 2616 0.007014
3 2616 2375 1296 0.008490
3 1908 2821 494 0.021151
3 1908 494 859 0.036286
3 111 859 494 0.037508
3 111 494 2185 0.030057
3 2185 494 572 0.015393
3 572 494 2821 0.013147
3 191 859 111 0.047240
3 183 1094 2531 0.125272
3 183 1437 1094 0.141998
3 1094 1437 1686 0.151248
3 1437 183 2683 0.150550
3 2683 183 1524 0.090567
3 1524 183 2531 0.075671
3 2076 937 1427 0.052625
3 1427 937 532 0.058512
3 729 2342 2565 0.029201
3 962 729 823 0.027922
3 962 823 2050 0.022599
3 2680 823 729 0.029915
3 2680 729 2565 0.030929
3 2718 2050 2679 0.126751
3 2679 2050 823 0.069124
3 2106 2679 823 0.067325
3 2106 823 2680 0.049089
3 2022 2106 2712 0.040978
3 2712 2106 2680 0.059208
3 2679 2022 2329 0.093133
3 2679 2329 116 0.226045
3 2679 116 2718 0.196113
3 2010 116 2292 0.253139
3 2292 116 2329 0.239047
3 1574 989 2350 0.061364
3 1574 2350 884 0.052905
3 1946 2350 2038 0.164536
3 2038 2350 989 0.110640
3 1947 884 2350 0.092079
3 1947 2350 761 0.143724
3 761 2350 1946 0.159665
3 2820 1867 1870 0.071223
3 1870 1867 785 0.062233
3 785 1867 2667 0.086298
3 2667 1867 1114 0.082015
3 214 2721 1114 0.075014
3 214 1114 1867 0.070463
3 1389 2667 2027 0.084162
3 1389 2027 2145 0.094179
3 1389 2145 2678 0.057674
3 2678 2145 591 0.080898
3 2678 591 56 0.052151
3 1866 1741 687 0.256069
3 687 1741 2145 0.248034
3 1866 687 362 0.123174
3 309 1445 2664 0.403061
3 1741 1445 1982 0.315756
3 1982 1445 309 0.366799
3 1866 1445 1741 0.384385
3 1741 1982 2145 0.245166
3 2794 1982 309 0.407751
3 2794 309 2122 0.460852
3 2122 309 2664 0.357364
3 2664 1445 1866 0.293707
3 2794 2122 2267 0.345225
3 1813 1426 2237 0.301409
3 904 1813 2508 0.203790
3 2337 904 1197 0.165190
3 2310 2337 1197 0.087187
3 492 1079 322 0.009725
3 322 786 492 0.014735
3 492 786 1490 0.006714
3 1079 492 1267 0.019517
3 1267 678 1936 0.020784
3 678 1267 492 0.015874
3 647 2229 1327 0.107171
3 2114 1327 1412 0.049661
3 1412 1327 646 0.100222
3 646 1327 777 0.126696
3 777 1327 2229 0.157434
3 777 2229 943 0.220643
3 594 647 1327 0.051821
3 594 1327 2114 0.048067
3 2568 646 777 0.135332
3 2568 777 1998 0.177444
3 2073 1998 1857 0.300195
3 1998 777 1857 0.245000
3 1857 777 943 0.250377
3 2073 1857 2361 0.305175
3 908 2361 1250 0.416604
3 1383 1628 908 0.424533
3 1628 1383 1208 0.296457
3 1383 908 1250 0.312500
3 339 1383 1250 0.250225
3 2422 1507 640 0.208005
3 2161 1276 2547 0.782450
3 1276 281 2547 0.792963
3 150 2500 2516 0.929895
3 150 2516 2204 0.964727
3 2204 1187 922 0.966172
3 2257 2695 1957 0.985313
3 810 1251 2257 0.987240
3 2333 741 2569 0.917331
3 1959 2333 2051 0.951414
3 1959 2051 476 0.969655
3 2051 2333 2569 0.934803
3 538 741 2333 0.929720
3 1751 2051 2569 0.965038
3 2569 288 1751 0.967795
3 288 2809 2747 0.973195
3 2809 288 2569 0.964224
3 2230 1751 1578 0.990178
3 1578 1751 288 0.979183
3 2230 1578 124 0.992996
3 2747 1578 288 0.981991
3 2095 124 1578 0.990940
3 2095 1578 2747 0.985599
3 2454 2519 2095 0.996832
3 2454 2095 1991 0.997046
3 1991 2095 2747 0.992198
3 901 1991 2809 0.975828
3 2809 1991 2747 0.980542
3 1991 817 2454 0.998195
3 333 817 901 0.997052
3 901 817 1991 0.996297
3 847 455 2635 0.982504
3 2635 455 1052 0.984168
3 1052 455 671 0.992790
3 2072 847 2635 0.971578
3 598 2072 2738 0.904989
3 924 598 2738 0.855473
3 1849 104 451 0.325021
3 2377 1384 1849 0.160731
3 2377 1849 1595 0.136281
3 451 1165 1595 0.358906
3 451 1595 1849 0.330463
3 1335 1165 2738 0.692213
3 1689 2421 2554 0.274863
3 1689 1521 2377 0.369286
3 1689 2554 2054 0.225823
3 2421 1689 2377 0.345161
3 2716 1334 1689 0.174155
3 2716 1689 2054 0.147908
3 1040 1289 1082 0.175420
3 2830 1289 873 0.273743
3 873 1289 1040 0.199723
3 873 1040 2067 0.183903
3 869 2484 1040 0.133291
3 869 1040 1082 0.128880
3 869 1082 717 0.119050
3 48 1040 2484 0.133180
3 869 717 2356 0.079882
3 1727 2356 717 0.085011
3 2289 1727 717 0.093216
3 2289 717 1510 0.086337
3 2609 2140 680 0.101995
3 2174 243 877 0.062702
3 2174 877 641 0.075022
3 641 877 2140 0.063910
3 1458 1967 243 0.064341
3 1458 243 2174 0.066706
3 2717 2140 877 0.029039
3 2717 877 162 0.019514
3 1939 2717 162 0.012805
3 1939 162 256 0.025520
3 1967 256 243 0.047766
3 243 256 162 0.032610
3 243 162 877 0.026601
3 2049 256 1967 0.039396
3 256 2049 1939 0.019527
3 2049 1520 1939 0.016312
3 573 969 1106 0.003943
3 2702 573 843 0.010689
3 843 573 1106 0.008212
3 843 1106 2375 0.005514
3 2821 550 1342 0.013723
3 1455 1706 2821 0.015432
3 1774 1455 1908 0.029283
3 1774 1908 1788 0.031958
3 1908 1455 2821 0.022524
3 906 1455 1962 0.027548
3 1774 1962 1455 0.033638
3 273 1962 1774 0.032872
3 2102 485 436 0.015160
3 1112 2102 1164 0.050050
3 1112 1164 596 0.058465
3 436 1164 2102 0.026994
3 1513 930 131 0.043128
3 131 930 1164 0.043138
3 1164 930 596 0.046880
3 1931 596 930 0.047408
3 1931 930 1667 0.039977
3 1931 1667 2277 0.037495
3 1399 1142 626 0.029957
3 626 1142 1410 0.031528
3 1290 626 165 0.032691
3 165 1410 1242 0.095695
3 1242 1410 2103 0.079710
3 626 1410 165 0.062054
3 2724 1242 1717 0.028271
3 841 738 848 0.021671
3 841 2808 738 0.029724
3 2108 798 2429 0.076238
3 1799 2429 798 0.043947
3 1799 798 347 0.052132
3 1868 51 1799 0.050252
3 1389 2678 1902 0.048215
3 1389 1902 785 0.056642
3 1389 785 2667 0.054343
3 1870 785 1902 0.081595
3 2624 1926 2771 0.093059
3 2237 2 929 0.360408
3 2237 929 2794 0.321005
3 2794 929 602 0.248886
3 1773 929 1834 0.264265
3 1834 929 520 0.300520
3 2337 2310 2436 0.092663
3 904 2337 2436 0.171192
3 1633 1864 1715 0.031436
3 1143 1103 1267 0.035959
3 1476 1143 1267 0.035328
3 1267 1103 1079 0.026869
3 1633 1103 2407 0.065984
3 2407 1103 1143 0.056471
3 2407 1143 2506 0.100282
3 2506 1143 1815 0.130613
3 1815 1143 1476 0.048299
3 1858 2734 2568 0.129051
3 1998 1858 2568 0.114132
3 1206 239 618 0.541852
3 618 239 2372 0.386936
3 2777 2284 510 0.728260
3 908 510 2361 0.494792
3 2777 2757 285 0.744672
3 285 2757 2547 0.690006
3 93 2777 1932 0.820588
3 1905 1932 1662 0.761326
3 1662 1932 285 0.754046
3 1662 285 2547 0.685856
3 285 1932 2777 0.771641
3 1674 1905 1662 0.832958
3 1905 2516 2500 0.886448
3 2516 1905 1674 0.846085
3 2083 1905 2500 0.797741
3 1172 2467 2500 0.968507
3 1172 2500 150 0.959112
3 2755 1172 922 0.984410
3 922 1172 2204 0.979583
3 2204 1172 150 0.977866
3 1308 2467 1172 0.997398
3 1308 1172 2755 0.997065
3 2383 1997 2199 0.998158
3 2199 1997 1260 0.998914
3 2175 849 817 0.998814
3 333 1596 1065 0.994237
3 333 1065 817 0.997948
3 817 849 2454 0.998580
3 1065 2175 817 0.997370
3 410 1593 1646 0.997899
3 410 1646 1743 0.996009
3 410 1743 779 0.997267
3 779 1266 1917 0.997303
3 1058 2701 1917 0.992941
3 1058 1917 1043 0.995199
3 1058 1043 701 0.991030
3 1043 1917 1266 0.995308
3 1782 701 1043 0.978814
3 2473 805 1900 0.925254
3 1151 2473 1900 0.897065
3 1151 1900 1880 0.854049
3 931 354 1541 0.526665
3 354 1151 1541 0.689964
3 1151 1880 1541 0.769475
3 804 16 1541 0.493584
3 16 931 1541 0.350074
3 670 2473 354 0.697806
3 670 354 931 0.489826
3 804 1541 1880 0.645138
3 2473 1151 354 0.830440
3 2435 804 1384 0.308449
3 1384 804 1849 0.328415
3 1849 804 104 0.426387
3 2832 1501 2067 0.132819
3 2067 1501 873 0.192358
3 2064 2356 1727 0.123413
3 1186 2166 2484 0.116519
3 1727 2289 177 0.138047
3 2583 2609 2196 0.238037
3 2609 2583 2289 0.287879
3 1520 2348 2717 0.013155
3 2717 680 2140 0.028374
3 1520 2717 1939 0.008477
3 2032 573 2702 0.005963
3 1548 1333 2702 0.006245
3 2389 2563 1066 0.045966
3 2481 1589 1904 0.007363
3 1387 609 2296 0.145293
3 2223 2296 609 0.078039
3 2296 2223 2746 0.048679
3 2746 2223 831 0.039859
3 554 1112 596 0.059695
3 2420 554 1931 0.049776
3 2420 1931 2277 0.048467
3 596 1931 554 0.037843
3 745 2253 2834 0.130670
3 2521 2657 401 0.121801
3 1769 672 2521 0.196469
3 1769 2521 401 0.133622
3 780 1443 2510 0.026862
3 1290 165 1003 0.042391
3 1400 593 107 0.039170
3 1400 107 2724 0.029578
3 1400 2724 957 0.027064
3 2628 1400 1640 0.030426
3 2628 1640 203 0.025908
3 1640 1400 1632 0.028147
3 1632 1400 957 0.031545
3 1640 1632 1691 0.034884
3 636 2549 1568 0.016775
3 252 1376 636 0.017010
3 252 636 2770 0.020873
3 252 2770 1394 0.031845
3 836 1376 252 0.029978
3 1394 836 252 0.034500
3 836 1394 2489 0.053020
3 1985 2007 2133 0.061818
3 605 1985 1547 0.074416
3 1547 1985 2133 0.059099
3 356 1424 1441 0.172271
3 1424 356 1773 0.169932
3 1834 1424 1773 0.199588
3 774 2580 1115 0.115347
3 774 1115 1663 0.097671
3 774 1663 1954 0.106615
3 172 1663 1115 0.132583
3 1663 172 2370 0.101922
3 599 2017 1811 0.043985
3 599 1811 1630 0.047603
3 355 2407 1062 0.251796
3 1352 2407 355 0.054482
3 2407 2506 1062 0.212329
3 1272 1835 84 0.797492
3 1835 1272 1130 0.760632
3 1835 1316 140 0.847348
3 1316 1835 321 0.800090
3 321 1835 1130 0.793191
3 190 1316 321 0.698093
3 1049 140 1316 0.833318
3 1049 1316 190 0.815126
3 1202 1049 2074 0.810393
3 1945 2526 1417 0.913315
3 1374 964 1945 0.970916
3 1374 1945 4 0.967112
3 2398 1374 4 0.973253
3 2398 4 1417 0.940577
3 2083 2398 93 0.898280
3 2083 93 1932 0.805360
3 2083 1932 1905 0.769053
3 567 1235 1184 0.993662
3 1184 1235 1532 0.995290
3 1184 1532 329 0.996150
3 300 754 1235 0.998916
3 1235 754 1532 0.999062
3 335 2326 1308 0.999893
3 335 1308 2199 0.999772
3 1308 2326 2467 0.999653
3 578 1899 335 0.999560
3 578 335 1260 0.999168
3 578 1260 2242 0.994773
3 1260 335 2199 0.999363
3 1023 2307 234 0.999926
3 1023 234 2304 0.999843
3 2304 234 1997 0.999621
3 2242 234 1912 0.998720
3 1912 234 2307 0.999696
3 1258 944 1912 0.998633
3 1258 1912 499 0.999522
3 499 1912 2305 0.999904
3 499 509 2646 0.999813
3 2527 1258 499 0.999016
3 2527 499 2646 0.999644
3 2646 509 1365 0.999946
3 2305 509 499 0.999924
3 1161 662 2009 0.999863
3 954 2391 932 0.999282
3 932 2391 395 0.999522
3 655 1009 1817 0.995551
3 845 655 1817 0.989401
3 845 1817 2698 0.988673
3 1817 1009 760 0.997402
3 1009 655 270 0.997208
3 2168 2698 1817 0.990169
3 189 779 1917 0.997479
3 410 779 189 0.997141
3 410 189 1593 0.997447
3 1593 189 2701 0.996112
3 2701 189 1917 0.995078
3 2669 2168 1058 0.992720
3 462 2669 2247 0.979483
3 388 462 1120 0.992392
3 2247 1120 462 0.983034
3 85 2769 1120 0.987432
3 85 1120 2247 0.984477
3 85 805 1786 0.940407
3 805 85 2247 0.935300
3 2769 85 1786 0.974682
3 1228 53 670 0.395662
3 1483 1228 39 0.328910
3 39 1228 931 0.341503
3 670 931 1228 0.366437
3 1101 431 1483 0.200892
3 1101 1483 1388 0.177512
3 2195 1388 1422 0.095310
3 2195 1422 2334 0.152621
3 268 2790 939 0.082633
3 2790 2515 2368 0.076255
3 1059 109 2614 0.187980
3 1059 2182 38 0.104027
3 2182 1059 1016 0.091207
3 1016 2614 1463 0.172724
3 2614 1016 1059 0.168301
3 1767 2182 1016 0.107808
3 334 2182 2484 0.129533
3 334 2484 869 0.105922
3 2623 869 2356 0.087305
3 2484 1767 1186 0.115387
3 2182 1767 2484 0.114360
3 159 909 1430 0.113796
3 909 2462 1430 0.090254
3 2462 334 1430 0.108656
3 159 1430 697 0.122372
3 1430 869 697 0.113186
3 2462 2182 334 0.081161
3 2388 909 159 0.082084
3 2388 159 697 0.127425
3 869 1430 334 0.116731
3 837 2388 697 0.096835
3 1965 837 697 0.083523
3 1965 697 2623 0.097078
3 1089 307 2356 0.105304
3 2356 307 2623 0.099288
3 1707 1222 2583 0.383219
3 1707 2583 674 0.431673
3 674 2583 2196 0.400254
3 1776 674 1402 0.402984
3 1776 1402 2148 0.310122
3 1402 674 2196 0.413322
3 1402 1055 617 0.313772
3 1402 617 1569 0.134261
3 2433 130 432 0.020172
3 2433 432 2563 0.012968
3 432 130 1847 0.013056
3 1929 2433 2563 0.017523
3 2441 531 306 0.036303
3 306 531 2433 0.063045
3 2441 306 2433 0.030960
3 2441 2433 1929 0.021669
3 1138 867 531 0.108770
3 1138 531 2441 0.065049
3 1138 2441 2535 0.063180
3 2433 531 867 0.072401
3 236 2535 27 0.066659
3 236 27 2689 0.051255
3 2689 27 2441 0.047378
3 2460 2535 236 0.085944
3 2235 236 2689 0.057371
3 2441 27 2535 0.057138
3 1072 1643 495 0.036260
3 1072 495 530 0.045994
3 530 495 1265 0.025405
3 1730 1072 948 0.089304
3 948 1072 530 0.071904
3 948 530 1265 0.064777
3 2801 948 1349 0.035257
3 456 948 2801 0.071592
3 456 2801 1451 0.088375
3 1265 1349 948 0.034711
3 2801 112 1451 0.060454
3 1875 2801 1349 0.025525
3 2385 1875 1349 0.008100
3 2735 2801 1875 0.016050
3 438 112 2801 0.077141
3 1056 112 438 0.130108
3 1387 2685 609 0.241539
3 890 2685 1387 0.180291
3 890 1387 1766 0.204771
3 890 1766 699 0.230585
3 2746 1538 2296 0.076126
3 1538 1622 2296 0.116498
3 1622 1538 2606 0.137882
3 2606 1538 1975 0.123544
3 1975 1538 1935 0.155157
3 1174 1935 1538 0.078129
3 1174 1538 2746 0.076386
3 2296 1622 1766 0.152754
3 1766 1622 2606 0.225571
3 279 1935 638 0.155524
3 1975 2521 2606 0.259905
3 2521 1975 279 0.157467
3 1975 1935 279 0.143094
3 1566 745 2420 0.124991
3 2521 279 2657 0.105256
3 279 638 2657 0.220760
3 672 502 2521 0.224316
3 793 2538 577 0.557447
3 2538 793 1711 0.411863
3 1313 539 577 0.490258
3 2662 1891 539 0.616743
3 2662 539 1928 0.525646
3 1928 539 1313 0.495502
3 577 2538 1313 0.354210
3 1891 577 539 0.505831
3 1928 1313 2588 0.317208
3 2588 1313 2538 0.406621
3 1031 2588 1769 0.170055
3 2474 479 1007 0.109186
3 1031 1007 479 0.077463
3 2474 1007 2640 0.041200
3 2628 2640 1007 0.029042
3 2628 1007 68 0.036463
3 775 1887 1640 0.015817
3 775 1640 2265 0.017144
3 2302 775 294 0.024343
3 294 775 1110 0.023621
3 2265 1110 775 0.017439
3 1110 2265 564 0.022398
3 682 294 2335 0.027243
3 1110 2335 294 0.021389
3 2335 443 682 0.021073
3 1098 443 2335 0.018984
3 282 1098 836 0.028390
3 282 836 2489 0.031041
3 836 1098 1376 0.022045
3 1985 2489 1394 0.044301
3 1985 1394 1567 0.045092
3 2749 2121 2371 0.010412
3 215 1246 2133 0.111202
3 215 2133 961 0.133190
3 2133 1246 1547 0.087552
3 356 1441 1246 0.218331
3 356 1246 215 0.220753
3 356 215 228 0.264439
3 1704 1246 1441 0.208976
3 1704 1441 2580 0.097564
3 2370 1954 1663 0.056493
3 50 2017 1678 0.054011
3 416 50 1678 0.098939
3 58 795 976 0.075693
3 2158 2206 132 0.436771
3 2158 548 2206 0.242865
3 229 2206 367 0.502031
3 651 934 1895 0.717018
3 651 1895 1893 0.826744
3 1893 1895 516 0.846521
3 2282 897 675 0.925669
3 1720 625 2656 0.987598
3 2656 625 2132 0.984857
3 1185 1720 2656 0.990491
3 2656 1374 1336 0.983599
3 1184 1185 2656 0.982410
3 1184 2656 1336 0.981668
3 1184 329 1185 0.992128
3 1184 1336 567 0.985456
3 567 1336 481 0.983354
3 481 1336 1374 0.980272
3 2002 984 144 0.999158
3 2002 144 899 0.999028
3 899 144 2797 0.999391
3 2797 144 984 0.999550
3 2797 984 854 0.999672
3 1421 2797 854 0.999634
3 583 2666 201 0.997374
3 583 201 1992 0.996246
3 1992 201 2527 0.997427
3 1258 2527 2666 0.995762
3 2666 2527 201 0.994285
3 1682 1992 2646 0.999671
3 1154 2155 1682 0.997676
3 1682 2646 1063 0.999795
3 1063 2646 1851 0.999919
3 447 1154 1661 0.998654
3 1682 1063 1661 0.999550
3 1682 1661 1154 0.999020
3 2468 1661 2391 0.999079
3 2391 1661 1063 0.999682
3 2391 1063 1347 0.999738
3 2330 690 351 0.997024
3 2245 1544 2330 0.995267
3 2330 1544 690 0.994779
3 388 2769 22 0.992858
3 388 845 2698 0.988667
3 845 388 22 0.990999
3 845 22 655 0.992656
3 655 2330 270 0.996707
3 2330 655 22 0.996096
3 2124 1544 2379 0.983118
3 1544 2124 151 0.985393
3 2124 2379 2711 0.943710
3 1544 2245 2379 0.991697
3 402 2711 2379 0.939814
3 1446 402 2379 0.965490
3 1446 2379 2245 0.984654
3 1823 519 1446 0.943462
3 184 519 1823 0.884415
3 184 1823 308 0.803193
3 184 308 2255 0.592252
3 308 1823 2213 0.840293
3 1011 1746 308 0.459523
3 1011 308 1700 0.553168
3 1011 1700 2509 0.462476
3 1700 308 2213 0.691457
3 1746 1011 34 0.301822
3 1205 34 2517 0.109616
3 815 324 1218 0.069178
3 1218 324 2509 0.112655
3 1478 1559 1218 0.124172
3 1495 431 1101 0.193739
3 2708 1495 2790 0.068815
3 2515 2790 268 0.064087
3 2368 2493 2790 0.067125
3 117 1701 815 0.112726
3 117 815 1559 0.119391
3 1971 2063 444 0.059520
3 909 1971 2462 0.057797
3 2182 2462 1971 0.072964
3 88 2388 837 0.072123
3 88 837 1965 0.068088
3 2780 88 2789 0.182497
3 2789 1965 553 0.165349
3 1965 2789 88 0.132519
3 1707 1536 727 0.237743
3 2691 360 2637 0.381617
3 2637 360 1650 0.388144
3 1903 2691 2637 0.353258
3 1903 2637 2498 0.348020
3 2498 1776 1956 0.248567
3 1956 1776 2148 0.238692
3 855 1138 1922 0.211795
3 1138 855 867 0.138949
3 867 855 2706 0.171672
3 2706 855 1956 0.159693
3 1956 855 2836 0.212502
3 1922 2836 855 0.183580
3 1922 2309 1126 0.255329
3 919 1068 2460 0.209126
3 2235 919 236 0.127152
3 236 919 2460 0.103968
3 382 1068 919 0.254009
3 919 2235 1008 0.201664
3 919 1008 382 0.340459
3 1008 450 1234 0.230523
3 1234 233 1008 0.307500
3 1234 450 1451 0.155082
3 2235 456 450 0.151300
3 2235 450 1008 0.139144
3 446 233 1234 0.392537
3 446 1234 2119 0.431254
3 2119 2251 733 0.338160
3 2251 2119 1234 0.377681
3 1915 446 2119 0.505290
3 2416 751 2779 0.164033
3 2347 2779 751 0.348802
3 2347 751 2211 0.201341
3 278 2471 890 0.156969
3 278 890 699 0.184536
3 278 699 2608 0.312298
3 2608 699 1022 0.300695
3 1022 699 1141 0.203338
3 1685 2608 1022 0.433699
3 1891 1685 577 0.434865
3 577 1685 1022 0.383465
3 577 1022 793 0.492159
3 2031 2608 1685 0.480075
3 2031 1685 1891 0.394007
3 2727 740 2662 0.628589
3 856 2727 2662 0.658082
3 2727 856 2804 0.578468
3 856 2662 2537 0.573199
3 352 2804 856 0.335735
3 352 856 2537 0.298111
3 352 2537 1033 0.211565
3 2640 1627 2474 0.037606
3 2474 1627 219 0.130346
3 219 1627 2537 0.201681
3 479 2474 2588 0.119387
3 2588 2474 219 0.151448
3 2677 851 96 0.152553
3 96 851 2752 0.074961
3 700 2677 96 0.131052
3 1914 700 96 0.095004
3 1914 96 2752 0.064648
3 2752 1887 1914 0.042440
3 714 1075 1651 0.056898
3 714 1651 2483 0.052222
3 714 2483 2502 0.088472
3 2483 1651 658 0.030039
3 2502 2483 629 0.073505
3 1792 423 2101 0.007081
3 2209 807 1176 0.080261
3 1876 1035 622 0.021459
3 1876 622 1990 0.020684
3 2003 622 1798 0.031034
3 2562 1325 1404 0.112287
3 2534 2562 821 0.210946
3 2534 821 756 0.199220
3 1704 756 821 0.245255
3 821 2562 1404 0.160108
3 1704 821 968 0.131431
3 1704 968 1246 0.158532
3 945 2562 2534 0.165932
3 993 945 2534 0.149814
3 993 2534 1379 0.120679
3 1379 2534 756 0.110856
3 1001 1894 1379 0.129423
3 1001 1379 2710 0.128946
3 1725 2241 2047 0.052350
3 187 1725 2636 0.045747
3 2636 1725 2047 0.043843
3 1951 2047 2241 0.058414
3 1951 2241 895 0.056685
3 2314 18 681 0.052980
3 681 18 1954 0.047446
3 1954 18 2636 0.068638
3 1954 2636 774 0.112887
3 442 2241 1725 0.045769
3 2165 2682 1747 0.107576
3 1747 2682 2150 0.064126
3 1747 2150 2644 0.058401
3 188 1018 2835 0.806487
3 2266 2819 2040 0.970821
3 2266 2040 1718 0.971664
3 2819 2266 2380 0.986331
3 2380 2266 1744 0.990457
3 1664 2252 2452 0.883720
3 2189 2252 350 0.979867
3 2046 2452 2189 0.933046
3 2189 2452 2252 0.933702
3 2155 1734 2189 0.990459
3 2155 2189 120 0.993477
3 1060 2155 1154 0.997138
3 447 1550 1154 0.995916
3 1397 1550 960 0.990285
3 1397 960 20 0.989278
3 20 960 105 0.994254
3 20 105 2126 0.995755
3 1550 447 960 0.996252
3 2126 105 2530 0.997859
3 2530 960 2081 0.996540
3 960 2530 105 0.996459
3 2530 2081 1918 0.997447
3 1918 2081 2079 0.994733
3 2079 2081 351 0.995557
3 2621 2124 1084 0.919482
3 1084 1653 2621 0.899725
3 2711 1084 2124 0.910580
3 2124 2621 151 0.962085
3 1084 2711 1885 0.889394
3 1653 1084 1885 0.881192
3 1885 2711 949 0.862318
3 949 2711 1277 0.832918
3 1277 402 519 0.909611
3 402 1277 2711 0.876703
3 376 949 1277 0.736501
3 376 1277 184 0.770528
3 376 184 2255 0.667756
3 519 184 1277 0.821339
3 369 949 376 0.624903
3 2546 369 2255 0.398176
3 376 2255 369 0.605473
3 2255 1746 2546 0.398054
3 2063 2603 813 0.089166
3 1293 2091 813 0.200753
3 1293 813 2603 0.134193
3 2313 2566 1690 0.197502
3 2313 1690 1650 0.241696
3 1772 437 1515 0.170549
3 1772 1515 659 0.197735
3 2313 1650 1515 0.166439
3 2313 1515 437 0.165370
3 1772 206 2586 0.215589
3 1779 1330 2445 0.253657
3 1615 2193 1831 0.141058
3 2824 2423 1838 0.448414
3 1014 1915 1304 0.616564
3 1304 1915 1879 0.498502
3 59 1649 1304 0.439035
3 2779 59 2416 0.263743
3 59 2779 1692 0.357965
3 1692 2779 2066 0.280588
3 2254 2066 2779 0.312202
3 2254 2779 2347 0.378107
3 1687 2254 2347 0.322292
3 1687 2347 2037 0.376642
3 2037 2347 2211 0.285756
3 2608 2031 1687 0.501936
3 2608 1687 2037 0.396111
3 278 2608 2037 0.312332
3 278 2037 2471 0.245477
3 2727 2053 1624 0.518737
3 1697 1239 1450 0.685276
3 2677 1171 1519 0.316973
3 1229 248 1526 0.168644
3 2258 1232 958 0.425979
3 2502 958 714 0.159834
3 2611 1775 802 0.243971
3 802 1775 807 0.164423
3 2410 2611 860 0.446085
3 1602 2209 2482 0.069909
3 2209 1602 802 0.103310
3 2209 802 807 0.089379
3 802 1602 860 0.185076
3 2448 1237 1240 0.217616
3 1240 1237 2482 0.120559
3 1240 2482 1213 0.048476
3 1876 1213 2482 0.028868
3 1213 1876 1067 0.019093
3 1067 1876 1990 0.017738
3 1067 1990 1778 0.014577
3 2345 2238 1325 0.041951
3 2345 1325 2562 0.093144
3 2562 945 2345 0.098552
3 2191 1166 2015 0.092373
3 1951 2191 2015 0.127348
3 1951 2015 1005 0.103806
3 1951 1005 1894 0.090421
3 2191 581 1735 0.163298
3 2191 895 581 0.157751
3 895 2733 581 0.153180
3 2733 2241 442 0.063747
3 2241 2733 895 0.127880
3 2733 2682 1502 0.104543
3 1502 2682 1137 0.109512
3 216 2117 2742 0.645471
3 2835 2117 188 0.778460
3 2246 188 2117 0.647025
3 42 2246 2117 0.517325
3 42 2117 216 0.529658
3 42 216 2633 0.571894
3 2633 216 2742 0.639680
3 1943 2633 2742 0.762978
3 1943 2742 2819 0.894446
3 2819 2742 2040 0.928186
3 2040 2742 2835 0.857933
3 1453 952 2456 0.949968
3 2308 2729 952 0.952285
3 707 952 1453 0.969212
3 707 1453 1227 0.965123
3 952 2729 2456 0.941847
3 707 2652 952 0.979521
3 952 2652 2308 0.974232
3 1716 925 2380 0.993489
3 2002 917 1716 0.996353
3 1716 917 925 0.995786
3 2125 1398 1664 0.845223
3 1398 2125 1363 0.950320
3 2252 1398 1363 0.950961
3 1664 1398 2252 0.859972
3 235 1664 2222 0.930292
3 235 2222 2178 0.990616
3 2222 558 1886 0.990549
3 2020 1243 2452 0.967016
3 2828 833 2046 0.953423
3 833 1371 1278 0.953241
3 1371 833 2828 0.960465
3 1397 1278 1371 0.969032
3 20 2126 1278 0.985485
3 20 1278 1397 0.961994
3 1397 1371 1060 0.986058
3 1060 1371 1734 0.991443
3 1734 1371 2828 0.966834
3 1060 1734 2155 0.994889
3 2046 833 2437 0.950683
3 2437 1278 2126 0.976334
3 1278 2437 833 0.955355
3 1516 2020 2437 0.954081
3 1516 2437 2275 0.934300
3 63 2275 2437 0.950531
3 63 2437 2525 0.984785
3 1925 63 2525 0.991791
3 1918 1320 2530 0.994097
3 2530 1320 2464 0.998270
3 180 29 842 0.810677
3 180 842 1968 0.827336
3 180 1968 661 0.880539
3 2620 2594 180 0.764360
3 1275 2409 2620 0.623041
3 1275 2620 661 0.845074
3 180 661 2620 0.867187
3 1472 2409 1275 0.771805
3 2736 525 369 0.410224
3 2736 369 2546 0.294714
3 369 525 949 0.678359
3 1546 654 2012 0.599975
3 2096 2012 1117 0.504315
3 2096 1842 1546 0.686376
3 2012 2096 1546 0.728640
3 398 2096 883 0.532830
3 398 883 814 0.271775
3 1162 814 2236 0.330860
3 2629 2754 1162 0.215901
3 2629 1162 2236 0.250528
3 1226 2629 783 0.309628
3 2236 783 2629 0.278647
3 2444 1361 2039 0.253490
3 2112 2444 725 0.191617
3 725 2444 2566 0.197792
3 2039 2566 2444 0.217145
3 992 1608 1210 0.204532
3 2586 483 1210 0.195014
3 2586 1210 1772 0.198711
3 1684 2458 1970 0.162040
3 1970 2796 1684 0.172330
3 1649 59 1692 0.341306
3 2447 515 1649 0.459425
3 2447 1649 1692 0.382565
3 2447 1692 753 0.356719
3 2066 753 1692 0.326639
3 2327 1641 1809 0.311045
3 2327 983 584 0.285258
3 983 2327 1809 0.300158
3 983 1809 1665 0.286597
3 1444 983 1665 0.250887
3 983 1444 584 0.316770
3 1268 2291 879 0.634671
3 879 2291 1528 0.607731
3 1355 1528 2291 0.635388
3 1355 2291 1656 0.546007
3 1656 2291 657 0.567916
3 1239 2397 2053 0.550557
3 2201 2098 1511 0.908146
3 1466 2098 2507 0.863949
3 2507 2098 2201 0.823239
3 2507 2201 2024 0.780404
3 2258 2461 758 0.825309
3 1136 2258 958 0.570776
3 1745 1136 2170 0.702477
3 2025 1745 1041 0.696776
3 2025 1041 2814 0.785969
3 1041 1745 2170 0.622993
3 2448 2162 1237 0.327580
3 1237 2162 2410 0.474860
3 1237 2410 2482 0.251448
3 2482 2410 1602 0.171858
3 1602 2410 860 0.372071
3 2316 2822 1240 0.088283
3 2448 1240 2822 0.195359
3 2448 2822 749 0.280410
3 1067 1856 2316 0.021784
3 1116 2766 21 0.026147
3 1735 1621 2655 0.076741
3 2218 2714 1621 0.072966
3 2218 1621 2495 0.091701
3 977 2218 2495 0.138709
3 2163 1755 1938 0.816930
3 1943 2819 2163 0.908204
3 1943 2163 2633 0.783616
3 2633 2163 1938 0.705816
3 251 2633 1672 0.530286
3 1453 2456 2163 0.921272
3 2163 2456 1755 0.873281
3 1755 2456 2729 0.885760
3 1755 2729 79 0.884048
3 1755 79 820 0.899835
3 1496 820 113 0.923017
3 1044 1496 113 0.921726
3 2786 1658 586 0.824164
3 637 2786 586 0.786243
3 2688 1473 763 0.932020
3 1473 2688 2641 0.917298
3 1509 1473 2543 0.955298
3 2543 1473 2641 0.941582
3 235 2178 2543 0.980696
3 235 2543 806 0.969384
3 235 806 2125 0.924753
3 806 2543 764 0.953140
3 2125 806 2652 0.905264
3 2652 806 764 0.964133
3 2222 1886 2178 0.991847
3 1189 2341 704 0.977976
3 2261 2626 2020 0.986158
3 1516 2261 2020 0.966042
3 818 1182 2261 0.977012
3 63 1925 818 0.974948
3 63 818 2275 0.965884
3 2275 818 1516 0.955177
3 2384 1182 818 0.978098
3 2384 818 2290 0.974562
3 2290 818 1418 0.986736
3 1418 818 1925 0.985932
3 2276 2290 1418 0.988745
3 2276 1418 2070 0.993909
3 2737 1315 330 0.879091
3 2362 2737 1279 0.891292
3 2737 330 1279 0.896540
3 1315 2364 330 0.960468
3 2362 1279 2276 0.974650
3 2276 1279 2290 0.976081
3 2290 1279 330 0.975887
3 2290 330 2364 0.978800
3 2362 2831 2190 0.893671
3 2362 2190 2737 0.801426
3 2737 2190 1311 0.718246
3 1311 2190 1375 0.642325
3 2659 2620 2409 0.259070
3 2659 1270 2607 0.158795
3 1270 2659 344 0.190042
3 2141 2198 1386 0.360120
3 1807 1386 2198 0.360316
3 2141 2504 490 0.269059
3 1386 2504 2141 0.237577
3 1145 2504 696 0.358225
3 338 2792 2192 0.655060
3 338 2192 2006 0.665189
3 2792 338 600 0.467237
3 600 338 2319 0.546283
3 2319 338 2006 0.633903
3 2319 2006 1842 0.625323
3 1111 2319 1842 0.559198
3 1111 1842 194 0.532284
3 1111 194 997 0.456784
3 1111 997 1827 0.373448
3 980 2654 1244 0.659359
3 1244 2654 398 0.635245
3 1244 398 814 0.285902
3 398 2654 2096 0.745866
3 54 2096 2654 0.638274
3 1309 980 1244 0.454195
3 156 1244 1108 0.236515
3 156 1108 2754 0.211691
3 1108 1244 814 0.260752
3 1162 2754 1108 0.238689
3 1162 1108 814 0.277131
3 1341 2754 2450 0.422599
3 1341 2450 1525 0.425755
3 1525 2450 1994 0.512135
3 694 2450 683 0.534192
3 1756 1224 694 0.597951
3 1756 694 2082 0.517379
3 2082 694 683 0.437484
3 2112 552 363 0.278155
3 363 552 726 0.292111
3 726 552 2056 0.261129
3 2056 552 2194 0.277164
3 2112 363 2444 0.218685
3 2444 363 1361 0.258707
3 1361 363 2082 0.298025
3 2194 552 2369 0.321783
3 2369 552 2112 0.267106
3 990 2013 1359 0.138408
3 2458 2167 1074 0.352086
3 1074 2167 1366 0.319952
3 1366 2167 1648 0.223318
3 2442 2167 2390 0.300188
3 1132 2442 2390 0.306659
3 2774 2796 2423 0.286875
3 2585 2143 2774 0.345166
3 2585 2774 540 0.261525
3 2585 540 601 0.255211
3 2111 2186 540 0.405140
3 386 1504 1877 0.376402
3 1877 1504 2143 0.389547
3 1877 2143 2585 0.338011
3 1877 2585 2447 0.388313
3 2447 2585 601 0.335717
3 1064 125 1294 0.246428
3 1294 125 546 0.274553
3 2097 1609 2432 0.293881
3 913 1609 2378 0.257902
3 2378 1609 2097 0.324095
3 2378 2097 2043 0.258456
3 2056 1638 2164 0.342714
3 1638 2043 2097 0.364853
3 2043 1638 2056 0.384893
3 119 2327 822 0.502705
3 822 2327 584 0.410095
3 1641 2327 119 0.404883
3 1641 119 192 0.416446
3 2740 192 119 0.419775
3 2740 119 822 0.509485
3 822 584 1722 0.481506
3 1423 2740 1722 0.565187
3 1423 1722 1742 0.667318
3 1423 1742 936 0.671726
3 822 1722 2740 0.564604
3 1722 1444 1742 0.537085
3 1157 2086 1099 0.761495
3 1099 2086 1070 0.687778
3 2151 1157 1099 0.734600
3 2627 2151 1099 0.745670
3 2627 1099 383 0.733468
3 383 1099 2139 0.625033
3 102 2294 771 0.849584
3 879 102 771 0.751056
3 879 771 914 0.685846
3 2593 771 2294 0.850588
3 1268 879 914 0.639629
3 1268 914 722 0.516071
3 2151 2627 1986 0.778488
3 2542 2151 1986 0.830803
3 2120 2542 2434 0.888356
3 2120 2434 1846 0.918515
3 2434 2542 1986 0.812441
3 2507 2434 1986 0.806464
3 2507 1986 1466 0.855970
3 2787 129 2507 0.854252
3 2787 2507 1618 0.839588
3 2434 129 2041 0.879176
3 2041 129 2787 0.871519
3 633 2293 1955 0.877969
3 2668 2045 1955 0.916347
3 2703 2668 830 0.822018
3 1745 2025 460 0.817825
3 1745 460 2258 0.783914
3 2461 2258 460 0.785349
3 1408 2461 460 0.879062
3 2814 2703 2025 0.860204
3 2137 749 2822 0.282544
3 2316 2395 2822 0.098351
3 2395 1856 1763 0.043096
3 1763 1856 2766 0.025241
3 166 1629 1737 0.092394
3 1826 1629 1763 0.048683
3 1763 1629 166 0.081241
3 621 1499 2218 0.110967
3 2218 1499 1030 0.134992
3 2218 1030 2714 0.094070
3 1380 1337 171 0.363905
3 2781 2715 1337 0.798745
3 1179 2781 1337 0.875044
3 2781 706 361 0.811491
3 2715 2781 361 0.823408
3 133 2715 361 0.686219
3 133 361 1832 0.810506
3 1832 361 1804 0.885598
3 1804 361 706 0.818008
3 2297 1804 1269 0.911788
3 1269 1804 706 0.893261
3 2297 1269 2688 0.914476
3 2341 463 1529 0.982687
3 568 1006 2232 0.877729
3 2833 1189 2642 0.979459
3 903 2014 1288 0.701729
3 1315 2014 903 0.727845
3 2764 1378 1370 0.168898
3 1600 1332 2607 0.105502
3 1600 2607 1839 0.111651
3 1492 963 2408 0.213678
3 435 1542 2141 0.240127
3 435 2141 1612 0.218597
3 1612 2141 490 0.267678
3 1612 1961 435 0.134370
3 1961 1612 2227 0.202685
3 1145 2033 1587 0.284423
3 1758 1087 543 0.203867
3 543 1087 2590 0.361377
3 1257 543 1254 0.587729
3 543 2590 1254 0.477164
3 928 1758 543 0.374017
3 928 543 1257 0.591850
3 2107 1257 1254 0.705885
3 1617 2590 1087 0.164551
3 1617 1087 994 0.117099
3 994 1087 1758 0.097977
3 994 1758 98 0.093094
3 2705 1281 72 0.630563
3 72 1281 533 0.498288
3 994 533 1281 0.361110
3 994 1281 1897 0.345952
3 1845 2705 72 0.664807
3 1845 72 1283 0.604388
3 1845 1283 788 0.683510
3 533 1283 72 0.512843
3 1555 2319 1111 0.515749
3 1286 1555 1111 0.486178
3 1286 1111 1827 0.339466
3 1984 693 2778 0.087845
3 2249 1952 2778 0.068341
3 688 2249 2778 0.046914
3 3 484 156 0.243946
3 3 156 1341 0.268021
3 1309 484 2778 0.137806
3 156 484 1309 0.236098
3 1341 1820 2750 0.317497
3 2750 688 3 0.160758
3 2750 3 1341 0.205448
3 1820 1525 1153 0.350544
3 1341 1525 1820 0.391704
3 1057 1423 2340 0.657473
3 2340 1423 1592 0.766697
3 2740 1423 240 0.513067
3 2740 240 1634 0.457113
3 240 1057 2595 0.651120
3 1057 240 1423 0.593437
3 2793 2480 1100 0.876381
3 2480 2793 2340 0.809080
3 2279 735 2293 0.854455
3 1219 2486 633 0.883085
3 633 2486 1810 0.883391
3 633 1810 2293 0.886028
3 2351 2045 2217 0.824716
3 2217 2045 2697 0.824496
3 2062 2217 2697 0.888827
3 2524 2264 2463 0.838701
3 2264 2393 1192 0.803765
3 2129 1192 2099 0.757285
3 2393 2099 1192 0.677271
3 2137 2099 2393 0.558868
3 153 218 2822 0.344553
3 2099 2822 218 0.417477
3 2099 218 9 0.417254
3 218 133 9 0.519931
3 133 218 153 0.430554
3 133 153 2715 0.548560
3 1869 2715 153 0.380171
3 1869 153 2822 0.181602
3 1225 31 1236 0.884149
3 1889 1236 1553 0.749536
3 2381 1584 811 0.571104
3 2232 1198 2381 0.810259
3 2232 2381 811 0.742344
3 973 2381 1198 0.713791
3 1438 615 1392 0.803524
3 1392 615 1530 0.899229
3 2159 1752 1797 0.792194
3 1752 2159 1576 0.514117
3 1576 2159 17 0.435017
3 1378 2419 1160 0.129873
3 429 1378 2764 0.141877
3 429 2764 2263 0.079753
3 2634 2419 429 0.089500
3 2634 429 64 0.089824
3 64 429 2263 0.067437
3 2634 64 1554 0.048657
3 2263 1554 64 0.052688
3 1580 2634 985 0.047701
3 1577 1027 425 0.086660
3 1027 1577 2634 0.077608
3 1027 2634 1580 0.056800
3 2069 1027 1961 0.118135
3 2227 2069 1961 0.267662
3 1892 2075 2713 0.813411
3 2816 2465 2643 0.783522
3 1257 2816 928 0.800423
3 928 2816 2643 0.683451
3 1369 2202 407 0.884233
3 407 2202 2008 0.899627
3 407 2008 2816 0.875481
3 1301 1491 2107 0.690641
3 2107 1491 407 0.786029
3 966 258 1301 0.567677
3 2590 966 1254 0.475273
3 1254 966 1301 0.535806
3 1254 1301 2107 0.652619
3 1319 258 966 0.333282
3 1484 2152 1571 0.129340
3 381 2560 1890 0.765810
3 1890 1484 381 0.662927
3 2560 381 2705 0.700462
3 1897 2705 381 0.622344
3 1281 2705 1897 0.617428
3 2705 728 2131 0.764303
3 2016 2131 728 0.803198
3 2016 728 1845 0.776868
3 1845 728 2705 0.708646
3 1168 2131 2016 0.783172
3 1588 1168 406 0.738121
3 1588 406 2559 0.524936
3 406 1168 2016 0.814135
3 1249 2743 2240 0.298362
3 978 2743 1249 0.392798
3 1964 619 2743 0.073219
3 1940 1964 2743 0.082149
3 2807 2328 784 0.059425
3 2280 766 2328 0.042719
3 2280 2328 2541 0.045222
3 2541 2328 2760 0.040864
3 2541 2446 1952 0.064863
3 2446 2541 2760 0.055944
3 597 874 121 0.074663
3 874 1952 121 0.090435
3 2446 2760 1680 0.062678
3 121 1952 2446 0.064921
3 597 121 2446 0.063892
3 668 874 597 0.056796
3 1680 1802 597 0.041712
3 1802 668 597 0.046206
3 47 1802 1680 0.034709
3 47 1680 956 0.032603
3 956 1680 2761 0.047017
3 2761 1680 2760 0.056196
3 2446 1680 597 0.060069
3 835 1787 724 0.183055
3 874 668 2180 0.045960
3 835 747 915 0.254951
3 835 1984 747 0.248100
3 1787 835 379 0.164167
3 1787 379 1940 0.117623
3 379 835 915 0.187399
3 915 747 2180 0.070390
3 915 2180 668 0.061843
3 2180 747 1984 0.163831
3 2439 379 915 0.057229
3 2439 915 305 0.031202
3 2439 1940 379 0.057987
3 2439 305 47 0.037493
3 47 305 1802 0.027382
3 1802 305 915 0.038004
3 1802 915 668 0.045525
3 2728 1940 2439 0.041200
3 2761 2728 956 0.034261
3 956 2728 47 0.048076
3 47 2728 2439 0.025039
3 2541 1952 2249 0.062790
3 2750 2719 2249 0.059781
3 2750 2249 688 0.082889
3 2541 2249 2719 0.065256
3 1950 1820 1153 0.239892
3 1950 2750 1820 0.214294
3 2648 2709 766 0.057047
3 2709 2648 1625 0.144710
3 1625 2648 1950 0.125324
3 1625 1950 1153 0.204479
3 1625 1004 2709 0.183787
3 2171 921 2301 0.116866
3 2301 921 1927 0.128438
3 921 2709 371 0.134702
3 371 2709 1004 0.169084
3 371 1004 2696 0.234535
3 2171 2709 921 0.081264
3 2105 2696 2595 0.484818
3 2105 2595 1057 0.626628
3 2221 2340 2793 0.813230
3 2340 2221 2105 0.664159
3 2340 2105 1057 0.610095
3 2598 2221 2793 0.770530
3 2598 2793 2055 0.777166
3 2055 2793 1100 0.811915
3 898 2055 1100 0.769537
3 1439 898 106 0.736133
3 106 898 1100 0.752359
3 2598 2055 1498 0.441871
3 1498 2055 898 0.554097
3 1498 898 1439 0.595371
3 169 2598 1498 0.352469
3 169 1498 921 0.272189
3 169 921 371 0.296680
3 169 371 2105 0.451186
3 2105 371 2696 0.425244
3 921 1498 1927 0.193569
3 2598 169 2221 0.613557
3 2221 169 2105 0.644969
3 801 2171 2301 0.110142
3 801 2301 834 0.149520
3 2661 834 1896 0.162652
3 2152 1479 1571 0.061334
3 2231 1979 1890 0.810758
3 2231 2560 2501 0.912840
3 2705 2131 2501 0.832711
3 1071 2501 1168 0.885557
3 1071 1168 1588 0.853822
3 1168 2501 2131 0.860624
3 2231 1071 2739 0.923525
3 588 1071 1588 0.840632
3 2501 1071 2231 0.905020
3 1180 2739 2692 0.799256
3 2692 2739 588 0.872132
3 1071 588 2739 0.897514
3 2692 1249 2240 0.435531
3 2692 588 1249 0.645799
3 2177 2021 343 0.327394
3 343 2021 71 0.299109
3 2692 2240 2021 0.305655
3 2692 2021 2177 0.451110
3 1435 1479 2021 0.041355
3 1435 2021 2827 0.040943
3 1635 2619 32 0.024874
3 1635 32 1964 0.033431
3 1964 720 1635 0.036328
3 1964 32 2576 0.043281
3 1964 2576 619 0.040918
3 2576 32 2619 0.059502
3 2761 720 2728 0.042378
3 2728 720 1964 0.043233
3 2728 1964 1940 0.047919
3 2674 2807 644 0.023688
3 644 2807 784 0.056486
3 644 784 1338 0.070608
3 967 644 1338 0.044797
3 967 1338 1050 0.090012
3 2128 1050 801 0.143521
3 801 1050 2171 0.107876
3 2171 1050 1338 0.101676
3 834 2661 801 0.146192
3 2128 1042 1252 0.095260
3 101 2128 1252 0.103101
3 858 1252 2287 0.029154
3 2287 1252 1042 0.048504
3 1050 2128 101 0.140441
3 2411 2571 2661 0.104156
3 478 2571 1977 0.086234
3 478 1977 1800 0.078495
3 2571 2411 1977 0.153375
3 2576 2619 1317 0.071751
3 2576 1317 2021 0.066034
3 1435 2827 1768 0.041641
3 1977 1768 712 0.093869
3 1977 2411 1768 0.073200
3 2619 712 1317 0.072025
3 1317 712 1768 0.104888
3 1800 712 2619 0.035161
3 2323 2674 644 0.018338
3 1252 858 2323 0.024757
3 1252 2323 967 0.032268
3 1252 967 101 0.054417
3 101 967 1050 0.093337
3 644 967 2323 0.023258
3 2674 2323 1960 0.015255
3 1702 1960 858 0.014813
3 858 1960 2323 0.015240
3 478 1702 2287 0.045629
3 2287 1702 858 0.028898
3 1800 1960 1702 0.029529
3 1800 1702 478 0.044746
3 1180 2177 1979 0.655176
3 1180 1979 2739 0.890710
3 1979 343 71 0.412436
3 343 1979 2177 0.534647
3 2692 2177 1180 0.594674
3 2280 2648 766 0.033271
3 2648 2280 2719 0.052768
3 2676 1314 1369 0.915451
3 1369 1314 2202 0.908140
3 2200 2676 2480 0.906742
3 2480 2676 1369 0.895234
3 2512 1299 1314 0.843161
3 52 2512 1314 0.867310
3 52 1314 2676 0.893216
3 2612 186 2036 0.853908
3 186 2612 2418 0.964937
3 2036 186 926 0.873025
3 926 186 2418 0.959507
3 1930 926 2418 0.952384
3 1514 2494 2217 0.914216
3 2217 2062 1514 0.915158
3 1553 2036 1889 0.803743
3 1930 1889 926 0.932064
3 926 1889 2036 0.882172
3 110 2036 1553 0.738683
3 1840 2036 110 0.703205
3 1840 110 889 0.662148
3 889 110 1553 0.620118
3 2381 1438 889 0.641121
3 973 1438 2381 0.613012
3 2381 889 1584 0.656660
3 1840 889 1438 0.685895
3 1392 1840 1438 0.773267
3 2725 893 2513 0.735765
3 1933 2826 2725 0.529799
3 1933 2725 604 0.479935
3 604 2725 2513 0.680922
3 1310 2672 709 0.141993
3 2612 2725 2123 0.874068
3 2725 2612 893 0.795678
3 1916 1953 2123 0.871607
3 1916 2123 611 0.865241
3 1953 1909 2123 0.896596
3 2816 1916 2713 0.760125
3 2816 2713 2465 0.764110
3 2713 1916 1892 0.715605
3 1953 2816 2008 0.870950
3 1909 1953 2008 0.900281
3 1916 2816 1953 0.833058
3 2378 2043 2638 0.283565
3 2378 2638 913 0.271929
3 624 1109 2638 0.302584
3 624 2638 1590 0.228947
3 1590 2638 359 0.226229
3 2577 211 757 0.114948
3 990 1898 1999 0.206477
3 1898 990 1648 0.217187
3 990 1999 2013 0.149854
3 2442 69 1648 0.234898
3 2726 912 1216 0.312478
3 1199 645 624 0.212238
3 624 645 1109 0.267560
3 1898 69 1757 0.240337
3 1903 2836 2691 0.296474
3 2168 2669 2698 0.989911
3 1998 618 2372 0.261478
3 1998 2372 1858 0.146152
3 51 1868 2624 0.050993
3 2103 1717 1242 0.043762
3 124 2095 2519 0.996283
3 1751 2230 2331 0.994189
3 2331 2230 2519 0.994344
3 2331 2519 810 0.992949
3 810 2519 1251 0.992646
3 124 2519 2230 0.996206
3 2106 2022 2679 0.067398
3 2518 1442 2768 0.067639
3 489 1442 1996 0.068496
3 1996 1442 2518 0.140926
3 853 489 1996 0.102789
3 2812 489 1948 0.014755
3 2818 2233 2812 0.394667
3 2768 1468 1750 0.162411
3 1750 2233 1974 0.268791
3 2233 1750 1468 0.227677
3 2798 2768 1750 0.129502
3 2798 1750 1974 0.142491
3 2426 2818 2812 0.469979
3 2426 2812 2615 0.460362
3 2615 2812 773 0.233690
3 2071 1493 724 0.170931
3 838 28 2497 0.007377
3 28 816 2497 0.007469
3 838 2545 28 0.005395
3 2545 816 28 0.006368
3 816 612 2497 0.009515
3 232 1255 2545 0.005430
3 232 2545 1983 0.003614
3 1158 2497 389 0.011383
3 1158 389 477 0.015051
3 477 2773 1158 0.023417
3 1158 2773 2274 0.020448
3 1155 2582 389 0.005499
3 1155 389 2497 0.009534
3 477 2582 2773 0.027618
3 1714 2396 1196 0.003686
3 1714 715 2396 0.003317
3 2396 816 1196 0.002079
3 2545 1196 816 0.002119
3 139 1452 2773 0.040170
3 139 2511 1452 0.029618
3 1452 364 2773 0.019586
3 139 2773 293 0.031453
3 2256 1461 2690 0.013104
3 1452 1833 1777 0.018775
3 1777 1833 1329 0.020206
3 1777 1329 298 0.015692
3 298 1329 2690 0.009132
3 2690 1329 1297 0.013962
3 375 2496 2582 0.012443
3 375 2582 1155 0.005353
3 375 1256 2496 0.013742
3 2767 2228 1748 0.020689
3 1748 2228 2214 0.033541
3 748 1599 2532 0.020515
3 748 257 1599 0.021863
3 2399 748 2532 0.023250
3 316 2059 1339 0.096052
3 316 1339 1631 0.041959
3 316 1631 827 0.044575
3 827 295 13 0.018445
3 13 295 35 0.019428
3 35 295 1958 0.017079
3 393 2802 2424 0.054120
3 393 2424 316 0.057391
3 393 316 827 0.028379
3 393 827 13 0.031653
3 2802 393 13 0.033448
3 1271 2179 373 0.086234
3 2060 373 2179 0.063611
3 430 373 2060 0.102242
3 430 2060 2639 0.174691
3 2573 373 430 0.070852
3 373 2573 1477 0.052841
3 373 1477 1271 0.051144
3 886 623 2029 0.048183
3 886 2029 1271 0.055056
3 886 1271 1477 0.053461
3 1271 2029 2179 0.079990
3 2775 472 623 0.023836
3 2763 91 2775 0.023081
3 448 2363 557 0.020353
3 2363 2214 557 0.032888
3 257 2592 1599 0.024109
3 1599 141 592 0.024459
3 2532 1599 592 0.029674
3 778 368 1631 0.013803
3 295 1631 368 0.014620
3 778 1631 1339 0.025078
3 295 368 1958 0.013571
3 2592 209 141 0.039090
3 592 141 209 0.030672
3 209 2592 2262 0.085632
3 23 2262 2592 0.146303
3 2303 2248 2759 0.138985
3 2248 2303 665 0.186894
3 863 2248 665 0.125835
3 2404 955 2744 0.190026
3 2744 1921 549 0.151850
3 549 2404 2744 0.198133
3 2404 549 1494 0.177191
3 2785 575 2783 0.060337
3 2528 2179 2029 0.049474
3 2528 2029 472 0.035058
3 1683 1000 799 0.031445
3 1000 1215 799 0.017461
3 1215 2605 702 0.037317
3 2605 1215 1348 0.033882
3 1348 1215 737 0.024410
3 1348 737 1883 0.029258
3 1000 737 1215 0.024600
3 2220 2605 1348 0.063977
3 1217 2589 2670 0.038538
3 2260 2589 1552 0.047324
3 2262 374 1152 0.141182
3 1152 374 2271 0.210180
3 2805 927 630 0.124309
3 454 1794 772 0.175264
3 595 1794 454 0.100249
3 2303 955 325 0.223873
3 1095 2303 325 0.257073
3 1220 325 2404 0.364882
3 2404 325 955 0.269629
3 2479 486 1579 0.432678
3 2479 1579 1220 0.322819
3 1494 2365 2479 0.303956
3 1494 1770 2365 0.249972
3 1356 2011 2699 0.162860
3 1274 2699 1863 0.039987
3 1863 2699 1828 0.018833
3 1405 2811 1863 0.061926
3 1863 2811 1274 0.048286
3 1475 2048 1558 0.023446
3 1331 1558 2048 0.038370
3 1215 287 799 0.022352
3 287 1215 702 0.028928
3 287 702 493 0.048298
3 2470 1675 1193 0.245639
3 1675 2470 743 0.260191
3 743 2470 1081 0.446989
3 1081 2470 1980 0.467353
3 501 1565 2470 0.488314
3 2205 1391 561 0.511433
3 561 1391 2387 0.595882
3 312 2472 222 0.813411
3 312 222 1391 0.685745
3 312 1391 2205 0.708752
3 1391 222 535 0.601054
3 302 2205 2181 0.589029
3 302 1764 312 0.714886
3 302 312 2205 0.593448
3 1097 1785 2273 0.453739
3 2273 1785 1764 0.724640
3 1785 1076 1882 0.652547
3 1076 1785 1097 0.600133
3 1076 1097 1543 0.405903
3 713 1076 1543 0.455099
3 1543 723 713 0.330850
3 927 2591 380 0.077925
3 927 2285 630 0.141978
3 2684 2285 380 0.078324
3 380 2285 927 0.088435
3 579 320 1738 0.121718
3 1794 1220 864 0.370454
3 1794 864 772 0.343221
3 1579 864 1220 0.397355
3 1705 486 2365 0.400001
3 585 1705 1852 0.335692
3 1852 1705 876 0.228432
3 2365 734 1698 0.243510
3 2365 1698 1705 0.304350
3 545 1790 880 0.280839
3 880 1790 902 0.209424
3 1209 2673 1793 0.156173
3 1209 1793 1416 0.135194
3 283 123 137 0.118256
3 137 123 2203 0.158395
3 2203 123 310 0.149682
3 2791 123 283 0.206080
3 137 2048 2187 0.103709
3 137 2187 283 0.192033
3 2184 2173 2587 0.038125
3 632 1675 743 0.190596
3 1081 2567 1488 0.440413
3 1340 1190 1512 0.431994
3 1512 2387 1340 0.576043
3 535 2472 2092 0.709571
3 535 2092 1340 0.598014
3 326 2472 1785 0.831430
3 326 1785 1882 0.744174
3 326 1882 10 0.722689
3 326 10 2762 0.714420
3 326 2762 2092 0.801382
3 326 2092 2472 0.858438
3 861 2762 10 0.655143
3 861 10 1076 0.705246
3 1882 1076 10 0.666109
3 589 2127 1637 0.178854
3 2127 589 2394 0.194330
3 589 2085 2394 0.171721
3 2591 2359 380 0.076183
3 380 2359 2684 0.069750
3 1134 415 2492 0.442896
3 1636 1221 864 0.286288
3 1636 864 2488 0.332384
3 585 1852 2488 0.336920
3 1129 1460 2354 0.207581
3 1460 2088 2354 0.220928
3 2503 1433 797 0.096689
3 511 797 1433 0.089043
3 2269 289 2018 0.197501
3 126 289 2269 0.268500
3 1793 2673 81 0.256076
3 2026 81 1505 0.257436
3 1505 81 2673 0.299560
3 280 2490 872 0.035700
3 1377 2551 1844 0.018771
3 935 1377 1844 0.018494
3 1783 1844 2490 0.027914
3 1783 935 1844 0.026428
3 2551 2647 1844 0.021546
3 1572 2551 2587 0.019424
3 2587 2551 1377 0.014811
3 2647 1666 1028 0.059679
3 1666 1026 1028 0.076382
3 732 1028 1026 0.106890
3 2745 1657 2575 0.549429
3 148 2575 1657 0.436790
3 669 1454 2210 0.328875
3 497 2357 2681 0.336487
3 1637 2487 2403 0.096234
3 1859 1131 2487 0.327465
3 2487 1131 103 0.363384
3 2487 103 2087 0.207394
3 1302 2087 103 0.255019
3 1131 664 825 0.807628
3 1131 825 221 0.870877
3 825 664 1346 0.789168
3 2492 2758 1884 0.531402
3 1824 2428 1015 0.947568
3 1432 2088 1872 0.464222
3 2653 2622 1403 0.089184
3 1403 1659 2653 0.116223
3 2522 2622 2653 0.151983
3 1403 2147 1659 0.141513
3 1360 819 1020 0.123415
3 1360 1020 2622 0.113655
3 1020 819 2268 0.158049
3 1607 163 488 0.073843
3 488 163 1796 0.162867
3 1796 163 2160 0.125080
3 2160 163 1607 0.087083
3 2160 1607 2693 0.145408
3 870 1080 1610 0.031929
3 1610 1080 2579 0.054184
3 1048 721 2579 0.066728
3 1048 2579 62 0.057505
3 721 179 1610 0.060465
3 1610 179 888 0.042504
3 1148 888 179 0.051134
3 1048 781 721 0.126519
3 179 721 781 0.093014
3 179 781 1148 0.087475
3 1148 781 2645 0.126712
3 2459 384 154 0.296095
3 2459 154 2035 0.303213
3 154 384 378 0.190636
3 154 378 1125 0.195196
3 1125 378 2286 0.139816
3 2625 1083 2459 0.355684
3 2625 2459 2035 0.330202
3 1795 319 1253 0.209452
3 1253 2320 1795 0.324182
3 2574 1431 1032 0.121633
3 1032 1431 1307 0.099904
3 1920 800 2215 0.028482
3 800 1920 998 0.045965
3 800 998 541 0.034675
3 2023 800 541 0.023558
3 2215 800 2023 0.019479
3 2339 541 998 0.032055
3 2153 987 49 0.041655
3 49 2813 2631 0.032982
3 2212 127 1934 0.113360
3 1934 896 2212 0.129793
3 127 2212 2136 0.099989
3 2272 2136 2212 0.081857
3 2581 660 896 0.129685
3 2730 452 174 0.266700
3 174 452 703 0.375125
3 703 452 982 0.332525
3 1264 2745 1088 0.224316
3 1709 1088 2745 0.202512
3 744 627 2798 0.078817
3 2403 426 1865 0.055801
3 2810 995 1285 0.056432
3 1302 938 2810 0.132663
3 938 2315 2810 0.107004
3 2810 2315 995 0.100641
3 995 631 1906 0.115157
3 938 1085 2315 0.297253
3 1469 1102 1345 0.508688
3 1639 1345 2367 0.462842
3 1469 1345 1639 0.549974
3 1645 2156 1761 0.903924
3 1645 2355 2156 0.914186
3 2156 2355 996 0.908885
3 2469 2540 2741 0.856994
3 2540 1497 2741 0.876050
3 2540 1149 649 0.802224
3 1119 2540 649 0.776102
3 19 616 507 0.667092
3 1247 1411 441 0.930959
3 441 1729 1247 0.925664
3 1247 746 911 0.896737
3 1247 642 746 0.822794
3 642 1247 857 0.834735
3 2405 857 1729 0.832729
3 1247 911 718 0.942067
3 1247 718 1411 0.931221
3 839 397 1872 0.503981
3 1872 397 857 0.571785
3 857 397 642 0.601388
3 746 642 397 0.676974
3 2597 336 2520 0.586568
3 2520 1995 2597 0.653433
3 250 1659 2147 0.182784
3 1659 250 336 0.353848
3 336 250 2544 0.323735
3 888 311 2376 0.059100
3 1148 1298 311 0.079609
3 311 1298 1728 0.069845
3 147 1712 404 0.078354
3 1712 881 1853 0.093324
3 404 1712 1853 0.069599
3 544 404 1853 0.059237
3 404 544 2704 0.047050
3 404 2704 147 0.065635
3 147 1966 1712 0.070223
3 1966 881 1712 0.087708
3 1708 1853 881 0.099031
3 2431 378 384 0.222319
3 2320 769 1848 0.193217
3 769 946 1848 0.097368
3 946 769 1230 0.060952
3 1230 769 296 0.088932
3 1253 296 769 0.122363
3 2142 1147 1118 0.085594
3 686 57 2366 0.066108
3 57 346 2366 0.189274
3 1681 2366 346 0.207007
3 2215 2321 1487 0.036542
3 1487 2321 1073 0.048849
3 2457 0 1159 0.020882
3 1159 0 1073 0.025085
3 1159 1073 2321 0.034020
3 2243 1159 2321 0.022726
3 2243 2321 2023 0.017588
3 2243 2023 1489 0.008358
3 2243 613 2457 0.009972
3 2243 2457 1159 0.010961
3 2188 2813 459 0.067582
3 2188 459 2721 0.063444
3 89 910 676 0.080628
3 114 411 1901 0.065268
3 114 1901 910 0.080612
3 114 910 89 0.070219
3 114 89 2136 0.065115
3 114 2136 1907 0.052842
3 114 1907 411 0.055926
3 1814 2336 2272 0.067027
3 2272 1470 1814 0.094391
3 2581 2272 660 0.156121
3 2660 2346 789 0.216182
3 2660 789 1652 0.182819
3 789 523 1652 0.159347
3 547 866 907 0.244847
3 547 907 982 0.312251
3 982 907 703 0.291826
3 1878 1038 1086 0.101303
3 1972 66 2700 0.017951
3 1564 1517 750 0.120005
3 2234 750 1517 0.054850
3 750 2234 2093 0.115576
3 750 2093 1564 0.201364
3 1694 1564 2730 0.250625
3 1170 2518 2730 0.258766
3 647 2224 1855 0.076544
3 193 2343 1812 0.155098
3 730 887 2751 0.456643
3 264 2817 991 0.803827
3 991 2817 560 0.894196
3 2618 560 2817 0.958724
3 2630 1959 476 0.959477
3 2630 476 2687 0.969171
3 2687 2154 2630 0.966287
3 2413 1673 1351 0.894033
3 2413 1351 2406 0.852342
3 2741 1497 466 0.875988
3 414 466 1497 0.847715
3 414 1497 2788 0.765278
3 2068 1474 905 0.914621
3 2068 420 1021 0.876796
3 1021 414 2788 0.728935
3 414 1021 420 0.835018
3 414 420 2413 0.786728
3 474 905 1474 0.907696
3 905 474 951 0.918439
3 1563 2068 1021 0.817545
3 1563 1021 2788 0.715200
3 1563 2788 1119 0.665921
3 2068 1563 1474 0.850077
3 1759 155 1241 0.904083
3 1241 155 538 0.906839
3 538 155 1411 0.932107
3 2520 2443 1963 0.738067
3 262 2491 999 0.214166
3 262 999 1976 0.215537
3 262 1976 1262 0.147803
3 262 1262 1464 0.168398
3 262 1464 2491 0.287996
3 1261 1464 1262 0.167874
3 1261 2554 1464 0.188840
3 2617 1261 1262 0.096743
3 2753 2225 1670 0.136074
3 2753 1670 2716 0.333641
3 2225 2438 1670 0.159642
3 2799 1670 2438 0.308760
3 2799 2438 15 0.246016
3 15 2438 1503 0.109813
3 544 1549 643 0.028799
3 2704 544 643 0.052237
3 663 277 2564 0.057354
3 2616 2564 277 0.050749
3 2358 230 1660 0.025469
3 1660 230 1695 0.040552
3 230 2185 1695 0.018758
3 2616 1695 2185 0.014589
3 2142 1118 1788 0.093865
3 191 2142 1788 0.080360
3 191 1788 859 0.062023
3 1118 2683 1524 0.107776
3 1686 2090 327 0.150175
3 327 1381 1686 0.149901
3 1094 1686 1381 0.110953
3 2090 1381 327 0.133931
3 2090 2076 468 0.071765
3 1381 941 1094 0.062357
3 37 1407 2219 0.064114
3 37 2219 2412 0.059584
3 2457 2712 2680 0.039238
3 2457 2680 2565 0.039462
3 527 2610 920 0.157549
3 527 2010 2820 0.159545
3 527 2820 2610 0.160139
3 2610 1946 920 0.187361
3 527 920 2010 0.142749
3 920 1946 2038 0.178480
3 2721 2732 1480 0.043427
3 2042 2721 1480 0.067235
3 1114 1090 2667 0.111128
3 2267 2122 2800 0.322968
3 2267 2800 1038 0.250521
3 185 2267 1038 0.350820
3 185 1813 2237 0.313407
3 185 2237 2267 0.412131
3 506 2183 394 0.045196
3 506 394 65 0.080810
3 555 506 2508 0.114216
3 65 2508 506 0.129234
3 322 2183 506 0.033601
3 394 2183 1197 0.084974
3 394 1197 904 0.117021
3 394 904 65 0.151292
3 66 1490 1878 0.020858
3 803 1540 1808 0.024432
3 1808 292 803 0.022478
3 803 1936 1540 0.012779
3 1972 2700 1808 0.011517
3 1808 2700 2552 0.016305
3 1808 2552 292 0.019012
3 292 2552 1623 0.026168
3 292 1623 2146 0.030898
3 1936 803 2146 0.033496
3 1623 2552 1412 0.045982
3 2312 2720 2224 0.038366
3 1857 943 1987 0.244022
3 2343 193 1250 0.181284
3 1860 2765 752 0.339549
3 339 752 2765 0.332460
3 2422 1188 1522 0.115566
3 249 1654 2707 0.045369
3 1654 1051 885 0.036999
3 2707 1654 885 0.046060
3 2422 1522 1037 0.057885
3 1522 1188 1128 0.039393
3 220 2414 1562 0.458464
3 220 241 640 0.697652
3 1562 2161 241 0.823242
3 220 1562 241 0.682162
3 1780 2325 878 0.672268
3 2325 918 878 0.758594
3 878 918 2453 0.838546
3 2516 2453 2204 0.950448
3 1449 1187 1837 0.882792
3 2599 1449 1837 0.864675
3 560 1449 991 0.845434
3 264 991 2599 0.763168
3 1449 560 1413 0.938386
3 1449 1413 353 0.956904
3 1449 353 1187 0.920510
3 1187 353 922 0.965895
3 1671 213 2755 0.995916
3 213 1671 2383 0.994994
3 1214 2257 2344 0.984607
3 2383 1214 2304 0.994354
3 1959 951 474 0.916807
3 565 1765 905 0.897613
3 565 905 951 0.892107
3 565 2413 1765 0.900727
3 1765 2413 420 0.868563
3 1765 420 2068 0.889188
3 1010 2306 538 0.906773
3 538 2306 741 0.908673
3 2569 741 2306 0.916647
3 2130 1596 1919 0.975185
3 2130 1583 1596 0.979546
3 2216 1582 671 0.986949
3 2072 314 2738 0.890535
3 2065 1510 1289 0.217161
3 1289 1510 1082 0.168856
3 2185 572 2375 0.008482
3 2821 2402 2806 0.019749
3 2821 1706 2402 0.018177
3 1524 691 1118 0.074165
3 1118 691 1788 0.068609
3 534 2531 301 0.033170
3 301 131 436 0.019430
3 2531 131 301 0.030208
3 2277 422 453 0.029659
3 453 422 532 0.042081
3 453 532 2412 0.049957
3 2219 1053 1822 0.051106
3 2219 1822 2412 0.064564
3 1053 2342 959 0.038584
3 6 2718 116 0.240475
3 6 167 2718 0.253077
3 1784 2718 167 0.152358
3 2718 1784 2823 0.115822
3 1784 167 175 0.116148
3 989 848 1036 0.027534
3 1717 1036 848 0.024234
3 884 841 1574 0.027007
3 884 2650 841 0.046070
3 2650 2808 841 0.039393
3 1947 798 2770 0.072292
3 118 1902 347 0.063637
3 118 347 798 0.077502
3 2820 1870 2610 0.124994
3 1982 2455 591 0.127528
3 591 2455 56 0.056343
3 2455 1982 2794 0.186859
3 1426 2338 520 0.354429
3 2 1426 520 0.418454
3 1813 2436 1426 0.246023
3 1426 2436 2338 0.260992
3 2310 1626 916 0.065811
3 1715 1864 916 0.032690
3 303 1079 1715 0.030958
3 303 1715 323 0.024980
3 303 323 2183 0.031237
3 303 2183 1079 0.028672
3 1936 2734 1476 0.035336
3 1476 2734 1858 0.055404
3 2734 2146 2568 0.126082
3 2568 2146 1623 0.078778
3 2568 1623 1412 0.085713
3 2596 618 223 0.428700
3 2596 2073 2361 0.374155
3 2596 2361 2284 0.489606
3 1425 2415 1208 0.194236
3 2707 885 1425 0.101090
3 824 2425 1188 0.349861
3 2415 1188 2425 0.251365
3 824 563 2425 0.541475
3 115 2536 408 0.041503
3 408 1507 115 0.101075
3 1507 2536 115 0.069335
3 1207 2536 249 0.058690
3 2453 2516 1674 0.900234
3 281 2453 1674 0.866708
3 918 1837 2453 0.917049
3 2453 1837 2204 0.956167
3 213 2199 2755 0.998791
3 2304 1997 2383 0.998814
3 2080 650 2304 0.999691
3 1023 2304 650 0.999787
3 2080 2175 650 0.999540
3 2009 650 2175 0.999625
3 1251 849 2344 0.987303
3 849 1251 2454 0.994975
3 2454 1251 2519 0.994490
3 1194 1560 1782 0.934071
3 1782 847 1194 0.949071
3 1194 847 2072 0.944822
3 598 1194 2072 0.951053
3 924 1900 653 0.865575
3 924 104 1880 0.789609
3 2435 1017 2334 0.255138
3 873 1501 1334 0.299144
3 1727 177 2064 0.102350
3 2064 177 2113 0.147019
3 2694 2609 1510 0.181516
3 1510 2609 2289 0.166051
3 680 2731 2609 0.067639
3 2731 2348 1343 0.025952
3 1343 2348 969 0.034323
3 1343 969 2032 0.010424
3 2702 550 2806 0.015570
3 2702 1066 1548 0.012284
3 1066 2702 2806 0.016829
3 2806 1978 1066 0.032653
3 2389 1066 1978 0.050744
3 2402 1978 2806 0.024132
3 11 1167 2402 0.029631
3 2402 1167 1978 0.027876
3 1324 11 2402 0.019252
3 1324 2402 1706 0.015153
3 1706 906 1324 0.018801
3 399 2481 906 0.007151
3 399 1818 2481 0.004100
3 405 1818 485 0.003870
3 1818 405 1875 0.004898
3 2102 831 2735 0.013396
3 99 1822 1373 0.028898
3 99 1373 453 0.028295
3 99 453 2412 0.046946
3 453 1373 2277 0.029406
3 1399 809 959 0.043157
3 626 1290 2510 0.035340
3 2834 2510 2657 0.071525
3 1003 1242 107 0.032056
3 1242 2724 107 0.025187
3 1036 2103 1784 0.071423
3 738 173 2724 0.021122
3 2724 173 286 0.026952
3 2724 286 957 0.036730
3 1632 957 286 0.040785
3 942 2808 1570 0.020237
3 1570 2283 739 0.024348
3 1570 739 1924 0.016624
3 1570 1924 942 0.016617
3 2770 1568 2650 0.037694
3 2108 1567 1394 0.058988
3 51 1531 2429 0.031760
3 1531 2771 698 0.094241
3 698 269 1531 0.065687
3 1531 269 2429 0.064681
3 1799 2678 1868 0.047118
3 2455 1926 2624 0.067195
3 2455 2624 56 0.043899
3 269 698 2007 0.094299
3 1321 2007 698 0.127260
3 269 2007 2429 0.081471
3 2007 1321 961 0.150606
3 2436 1382 2338 0.093848
3 2338 1382 1811 0.051500
3 2338 1811 2370 0.105004
3 1864 792 1630 0.024809
3 1864 1630 2310 0.034822
3 1107 1633 1352 0.062144
3 1825 2372 556 0.310405
3 1130 556 2372 0.498582
3 2506 1825 556 0.476581
3 2074 1762 1045 0.643728
3 2074 1206 1762 0.579096
3 1049 1206 2074 0.703632
3 2074 1045 2526 0.740906
3 2777 1045 2284 0.641346
3 1045 2777 2526 0.709015
3 1235 2467 300 0.999170
3 2305 83 196 0.999970
3 196 83 200 0.999976
3 200 83 2009 0.999983
3 2009 83 2307 0.999974
3 200 662 1223 0.999976
3 200 1223 196 0.999987
3 1851 196 1223 0.999976
3 196 1851 1365 0.999984
3 1851 1223 1347 0.999935
3 1347 1223 1679 0.999947
3 1646 152 2175 0.998432
3 2175 152 1161 0.999001
3 1593 760 157 0.998732
3 932 157 760 0.998410
3 2669 701 1560 0.988790
3 653 1900 2247 0.865541
3 2600 427 1850 0.927444
3 427 2600 1786 0.890619
3 2473 1436 805 0.887789
3 1850 1436 1280 0.750799
3 2600 1850 1447 0.911608
3 2600 1447 225 0.895103
3 39 2435 1422 0.288703
3 39 1422 1483 0.223055
3 39 16 2435 0.378094
3 965 1457 1521 0.290621
3 1521 1457 2334 0.235534
3 850 2832 2044 0.105967
3 850 2044 345 0.106067
3 345 1724 2195 0.099388
3 1724 345 2044 0.068333
3 2044 705 1724 0.067675
3 1724 705 1604 0.070597
3 1647 1724 1604 0.065467
3 1724 1647 2195 0.072219
3 1604 268 939 0.072125
3 268 1604 705 0.066111
3 1767 1016 1463 0.158081
3 1463 1556 1211 0.099122
3 1222 177 2289 0.228741
3 177 1222 2113 0.238967
3 2113 290 2064 0.131783
3 2064 290 1089 0.133000
3 727 1089 290 0.158007
3 1055 2196 2417 0.349881
3 1343 570 2731 0.037181
3 1749 1545 372 0.009421
3 1569 1749 372 0.045705
3 1569 372 1847 0.010549
3 372 1545 337 0.005072
3 372 337 1847 0.006391
3 1749 1569 617 0.077238
3 1545 2032 337 0.003986
3 473 2689 1929 0.028721
3 473 1929 2563 0.021116
3 2389 1133 473 0.049373
3 473 1133 2689 0.069549
3 1978 1167 1163 0.030879
3 1163 1167 1643 0.020341
3 1904 1643 1167 0.011597
3 1818 2385 1589 0.005005
3 1589 2385 495 0.010250
3 495 2385 1265 0.011887
3 1616 2420 1935 0.072715
3 1616 1935 1174 0.057274
3 1566 2277 1373 0.033473
3 1373 2253 1566 0.046374
3 1711 559 2538 0.334738
3 1711 502 672 0.236146
3 1711 672 559 0.303671
3 593 780 1003 0.039233
3 1031 780 68 0.091756
3 593 68 780 0.059266
3 203 1887 2752 0.029171
3 2628 203 2752 0.025371
3 1691 2533 2349 0.022215
3 2723 1691 2349 0.022999
3 260 2723 2349 0.023416
3 2723 260 564 0.029097
3 2723 564 2265 0.020980
3 1691 2723 2265 0.026080
3 2533 528 2349 0.019493
3 2549 390 2283 0.028016
3 2283 390 739 0.025822
3 953 1924 739 0.024746
3 2549 953 390 0.018746
3 953 2549 1110 0.023541
3 2007 1567 2429 0.055544
3 605 2371 2489 0.044288
3 2371 605 603 0.090987
3 228 961 1321 0.246424
3 961 228 215 0.223855
3 1321 2771 228 0.312537
3 2580 1424 1834 0.229227
3 1195 2370 2017 0.030891
3 599 1146 1678 0.051202
3 1678 1146 417 0.049941
3 417 1146 58 0.047714
3 2089 58 1146 0.036465
3 355 2206 1 0.177622
3 355 1 2089 0.085912
3 2089 1 795 0.060107
3 795 1 2206 0.117154
3 1062 1272 229 0.547086
3 516 1895 84 0.836113
3 140 897 1893 0.873263
3 2282 1533 136 0.961293
3 2282 2526 1533 0.945702
3 1533 2132 136 0.980826
3 136 2058 2282 0.966332
3 2656 2132 964 0.990791
3 481 2398 1144 0.981992
3 1144 2398 2083 0.955127
3 984 1183 1532 0.998423
3 1532 1183 329 0.996680
3 1899 259 754 0.999697
3 259 1899 854 0.999447
3 1789 1421 2242 0.995591
3 954 542 2468 0.998805
3 2468 542 351 0.999037
3 662 480 1679 0.999882
3 1679 1223 662 0.999943
3 395 1679 480 0.999789
3 954 270 542 0.998387
3 2250 2245 2769 0.992932
3 2769 1786 2250 0.980037
3 2250 1446 2245 0.991061
3 2213 225 1447 0.840008
3 53 1478 2509 0.333743
3 1647 939 1101 0.111593
3 1647 1101 1388 0.122325
3 939 1647 1604 0.084635
3 2515 2044 2166 0.087574
3 2044 2515 705 0.081946
3 705 2515 268 0.056669
3 1556 2281 2368 0.092211
3 2281 2493 2368 0.073580
3 2614 536 97 0.165881
3 2614 97 988 0.129543
3 1328 536 109 0.191796
3 134 1328 504 0.109631
3 2477 134 504 0.154998
3 2477 504 1701 0.139770
3 2005 504 1328 0.091097
3 2182 444 38 0.084034
3 2138 38 444 0.095602
3 2113 1222 2298 0.225120
3 2298 727 290 0.193039
3 2298 290 2113 0.158622
3 674 2498 1707 0.495563
3 1707 2498 2637 0.521080
3 1707 2637 1536 0.394154
3 130 2433 2706 0.091294
3 2535 143 1212 0.084212
3 2535 1212 1699 0.089213
3 1699 1942 2535 0.096097
3 1922 1942 736 0.229019
3 2535 2460 143 0.102869
3 1730 456 2235 0.097577
3 456 1730 948 0.088805
3 2689 1133 1730 0.127347
3 1072 1730 1133 0.076068
3 112 2251 1451 0.096439
3 198 716 733 0.250760
3 733 1056 198 0.211750
3 198 1056 2685 0.231787
3 198 2685 1061 0.283065
3 198 1061 716 0.295668
3 2685 2471 1061 0.294733
3 1061 2471 716 0.290236
3 716 2471 862 0.250823
3 1879 716 862 0.319696
3 716 1879 733 0.365236
3 1879 862 2211 0.207522
3 1766 1141 699 0.256810
3 2606 502 1141 0.418497
3 740 684 1891 0.447442
3 1891 684 2031 0.391834
3 266 2588 2538 0.458433
3 658 1395 2302 0.031599
3 1887 1395 1914 0.036320
3 2302 2101 658 0.019129
3 2302 682 2101 0.018268
3 282 1539 1098 0.013510
3 443 1098 1539 0.012957
3 2749 1539 2121 0.007722
3 2121 1539 282 0.012565
3 551 2749 1140 0.031608
3 78 1140 403 0.044337
3 2209 78 403 0.048242
3 2030 695 2003 0.092929
3 1404 524 968 0.108439
3 1404 968 821 0.130553
3 756 1704 2710 0.123087
3 1001 774 2636 0.103732
3 2314 487 1836 0.056086
3 1836 487 2150 0.044699
3 2314 1836 187 0.048742
3 187 1836 1725 0.034740
3 40 50 2644 0.081555
3 40 2644 487 0.042236
3 979 2644 416 0.116362
3 979 1747 2644 0.093322
3 1747 979 548 0.106324
3 548 979 976 0.093105
3 979 416 976 0.099356
3 261 1895 934 0.681720
3 261 934 482 0.611018
3 261 482 132 0.587848
3 2206 84 261 0.661492
3 84 1895 261 0.739927
3 934 651 199 0.702157
3 651 1046 199 0.741526
3 1046 2144 199 0.641442
3 44 199 2144 0.550822
3 199 44 934 0.647156
3 897 2058 1893 0.857143
3 2392 491 1508 0.912605
3 2392 1508 2058 0.944487
3 2392 625 491 0.945115
3 1744 329 1183 0.994286
3 1744 1183 2578 0.993621
3 2578 1183 1300 0.995259
3 2244 2797 1047 0.998660
3 1047 2797 2666 0.999007
3 350 1047 100 0.998476
3 350 100 2189 0.996489
3 100 1047 2666 0.998464
3 100 2666 583 0.998330
3 1661 2081 960 0.997060
3 351 2081 2468 0.998682
3 351 690 2079 0.995403
3 690 151 2079 0.988753
3 34 70 1746 0.242303
3 2708 1559 1495 0.091583
3 2558 2493 1238 0.079590
3 2558 2708 2493 0.068082
3 1551 247 246 0.140001
3 1551 246 14 0.156421
3 14 246 428 0.193300
3 246 247 30 0.095748
3 246 30 428 0.161879
3 428 30 97 0.142227
3 14 2477 1551 0.210279
3 182 1287 1551 0.175690
3 1551 1287 247 0.130454
3 247 1287 30 0.106116
3 1287 988 30 0.089863
3 97 30 988 0.117565
3 1701 685 2477 0.154453
3 182 2477 685 0.178010
3 1971 43 2603 0.059743
3 610 2603 43 0.061320
3 1263 2603 610 0.085669
3 2115 2388 2780 0.121988
3 521 2780 1690 0.149619
3 1690 2780 2789 0.237190
3 206 659 2445 0.252697
3 659 2691 2445 0.273826
3 2445 2691 1126 0.273573
3 1873 1779 2309 0.251463
3 1873 2309 2803 0.176315
3 2803 736 1831 0.132725
3 1831 1699 1212 0.104269
3 736 1699 1831 0.122450
3 1838 1282 2505 0.389257
3 2505 1282 1068 0.303509
3 382 233 297 0.451642
3 233 1273 297 0.499183
3 1273 233 446 0.625550
3 1915 1273 446 0.625828
3 297 1273 648 0.621233
3 862 2037 2211 0.226197
3 2037 862 2471 0.288628
3 2795 1687 2382 0.464050
3 2795 2254 1687 0.422594
3 2382 1687 2031 0.308197
3 740 1624 684 0.493413
3 684 2382 2031 0.485723
3 1519 1518 2804 0.329781
3 1518 1450 2804 0.482842
3 2677 1033 851 0.166690
3 248 1075 1526 0.141965
3 1232 1526 1075 0.248239
3 2502 1775 2170 0.335736
3 370 1719 423 0.020280
3 1719 370 1176 0.043630
3 807 1719 1176 0.070507
3 1719 807 512 0.115225
3 1719 512 629 0.101347
3 629 423 1719 0.029016
3 2003 1306 569 0.013680
3 1306 2003 2238 0.024171
3 1379 1894 1005 0.079153
3 25 770 2165 0.275697
3 208 1981 1137 0.282173
3 208 1137 2165 0.201790
3 208 2165 770 0.222095
3 2144 208 770 0.416269
3 208 2144 1981 0.403637
3 1046 1018 2246 0.674985
3 1718 2040 2835 0.910215
3 1227 2380 707 0.971261
3 1300 1716 2578 0.992371
3 917 899 2244 0.997996
3 917 2244 1363 0.996679
3 2464 1614 2126 0.998790
3 1291 1968 981 0.883948
3 1291 1653 1968 0.912963
3 2546 204 2736 0.181463
3 1245 2317 2736 0.452519
3 1263 610 440 0.125454
3 1263 440 1117 0.174547
3 1117 440 883 0.238191
3 2236 440 2115 0.153220
3 440 2236 883 0.237037
3 521 2566 1226 0.240308
3 2556 437 1608 0.193152
3 1608 437 1210 0.187973
3 2586 1330 1970 0.171236
3 1873 2295 1970 0.140239
3 2295 1873 2193 0.154110
3 2295 2193 1615 0.192292
3 1873 2803 2193 0.232377
3 1854 2111 1292 0.759595
3 1854 1292 1273 0.703562
3 1854 1273 1915 0.684192
3 1014 1854 1915 0.707628
3 2186 1014 1304 0.676820
3 2254 348 2066 0.303744
3 753 2066 348 0.274050
3 753 348 2288 0.325073
3 2288 348 2104 0.266621
3 396 2651 1731 0.348614
3 396 1471 2651 0.313924
3 396 1731 1910 0.320936
3 1656 1624 2053 0.420526
3 1656 2382 1624 0.508655
3 2485 1229 1618 0.281589
3 2485 1618 2024 0.469332
3 2677 587 2485 0.366441
3 1229 2787 1618 0.595965
3 2814 2410 2162 0.602145
3 749 160 2448 0.230294
3 2448 1801 2162 0.371361
3 1856 1034 2766 0.028495
3 1856 1067 1034 0.026714
3 1067 1778 1034 0.016646
3 1034 1778 2000 0.012774
3 1575 244 245 0.023714
3 1575 245 1754 0.033138
3 21 1034 244 0.008093
3 1754 245 2000 0.025824
3 244 1034 2000 0.007691
3 245 244 2000 0.015497
3 1754 1350 1575 0.025385
3 244 1575 21 0.021725
3 2238 2655 1754 0.053362
3 2238 1754 1306 0.046545
3 1350 1754 2655 0.071847
3 581 2733 1735 0.154760
3 1735 2733 145 0.126588
3 2495 145 2109 0.164736
3 2733 2109 145 0.169372
3 1938 2094 1672 0.669960
3 2308 764 498 0.967678
3 498 764 1419 0.952896
3 1658 1419 2641 0.890593
3 1658 2641 586 0.889042
3 2125 2652 925 0.979810
3 925 2652 707 0.986469
3 2178 2539 1509 0.980725
3 2604 1886 558 0.994520
3 558 1740 2604 0.993423
3 2626 1644 1740 0.994834
3 1740 1644 2604 0.994006
3 2604 271 2539 0.993382
3 1886 2604 2539 0.994078
3 284 1644 2626 0.992022
3 284 2626 892 0.992953
3 284 892 2341 0.987507
3 1614 767 358 0.998319
3 358 767 2070 0.996129
3 2070 1418 358 0.995283
3 358 1418 1925 0.995716
3 358 1925 2525 0.995110
3 358 2525 1614 0.997736
3 1204 767 1819 0.998630
3 2464 1819 767 0.998419
3 2464 767 1614 0.998810
3 2525 2126 1614 0.997940
3 767 1204 2070 0.998703
3 2070 1204 1606 0.996526
3 1320 1918 1291 0.980078
3 1320 1291 981 0.955528
3 29 2594 1375 0.458032
3 344 1619 1150 0.216581
3 1150 275 344 0.249924
3 344 2409 1619 0.245046
3 1150 2736 275 0.186593
3 2736 2317 1492 0.377921
3 1807 2317 1245 0.216148
3 1245 2091 1807 0.215102
3 654 2192 696 0.509426
3 654 696 1091 0.467901
3 1386 1091 696 0.368291
3 654 2006 2192 0.651971
3 194 1842 54 0.566070
3 2629 2450 2754 0.271684
3 2629 950 2450 0.344469
3 409 2082 726 0.331803
3 409 726 2164 0.277634
3 2239 2369 2556 0.270220
3 392 142 470 0.104823
3 392 470 1077 0.123904
3 470 142 304 0.178446
3 992 470 304 0.200498
3 1077 992 505 0.194611
3 505 1359 1077 0.160804
3 1077 470 992 0.172078
3 505 1366 1359 0.146264
3 2458 412 2390 0.299937
3 2390 412 33 0.353067
3 33 2722 2390 0.438667
3 412 2458 1684 0.196297
3 412 590 33 0.248929
3 590 971 33 0.266652
3 971 2722 33 0.368988
3 2774 2423 2111 0.407869
3 2186 515 601 0.369439
3 2478 1877 753 0.339106
3 1609 1294 2432 0.286901
3 386 2432 1294 0.277529
3 386 1877 2432 0.326724
3 2478 1385 2097 0.278902
3 238 1816 2139 0.352266
3 2139 1816 1910 0.281052
3 2139 1070 238 0.437148
3 238 1070 1816 0.414855
3 1070 1444 1816 0.399524
3 2139 1910 722 0.307065
3 722 914 2139 0.476927
3 522 1528 2397 0.672205
3 224 1121 2397 0.826144
3 2397 1121 522 0.827133
3 1069 2627 2593 0.943884
3 1069 2593 2294 0.941692
3 1069 2294 2476 0.904138
3 2658 1986 2627 0.912329
3 2658 2627 1069 0.921354
3 2098 2658 2476 0.892993
3 2098 1466 2658 0.869485
3 1466 1986 2658 0.932423
3 274 1846 55 0.959370
3 274 55 2311 0.972900
3 2311 55 2041 0.952466
3 2041 55 2434 0.912087
3 2434 55 1846 0.943814
3 195 1955 41 0.884342
3 195 41 274 0.895078
3 195 274 2311 0.942888
3 2461 2311 2041 0.917991
3 274 41 1846 0.948577
3 1846 41 2293 0.919799
3 2120 2293 735 0.942301
3 2293 41 1955 0.916583
3 2461 1408 2311 0.898880
3 2311 1408 195 0.905800
3 2668 195 1408 0.864427
3 195 2668 1955 0.871698
3 2814 1613 2703 0.831353
3 2703 332 2463 0.896605
3 2814 1801 1482 0.499614
3 1677 2814 1482 0.551293
3 1312 2324 1721 0.132920
3 1710 1721 242 0.052284
3 1721 2324 242 0.077842
3 1710 242 1482 0.102251
3 242 1677 1482 0.270835
3 1710 2386 1721 0.099848
3 1312 1721 2386 0.142677
3 2324 1677 242 0.144041
3 749 2386 160 0.144075
3 1116 1805 1826 0.024939
3 1116 1826 2766 0.020135
3 1829 267 1367 0.283908
3 267 496 765 0.129516
3 267 765 1367 0.228554
3 1367 765 977 0.266306
3 267 1829 496 0.229030
3 765 496 621 0.149755
3 765 621 2218 0.141908
3 977 765 2218 0.115719
3 820 1496 2116 0.855911
3 1044 2786 341 0.811495
3 1044 341 1496 0.899857
3 341 2786 1467 0.720106
3 2786 637 1380 0.603410
3 1337 1380 637 0.567276
3 1509 503 763 0.956106
3 503 666 763 0.938867
3 666 503 1012 0.945963
3 1012 503 2341 0.967742
3 1529 271 1644 0.992108
3 1529 1644 284 0.989014
3 1529 2539 271 0.986470
3 2626 2261 892 0.990472
3 2364 2514 2384 0.980707
3 2364 2384 2290 0.981335
3 2514 903 77 0.954606
3 1370 86 2149 0.369964
3 1311 2149 2737 0.472120
3 1311 1603 2149 0.306957
3 1603 1370 2149 0.309195
3 2362 1606 272 0.988802
3 272 1606 1204 0.995047
3 2362 2276 1606 0.984535
3 868 2594 2620 0.346435
3 1375 2594 1169 0.236622
3 1492 1839 1270 0.157012
3 1270 1839 2607 0.164137
3 490 1587 1612 0.169390
3 1612 1587 2227 0.271098
3 2227 1587 1462 0.335750
3 2792 1145 696 0.326294
3 2584 98 1758 0.171427
3 2584 1758 2643 0.168726
3 313 2792 2584 0.287431
3 2033 2792 313 0.297271
3 98 2584 1283 0.321425
3 2584 600 1283 0.471433
3 1827 1803 1493 0.134711
3 1827 997 1803 0.243374
3 1493 1803 693 0.122977
3 693 1803 2778 0.094554
3 2654 1309 1803 0.187979
3 1803 1309 2778 0.131553
3 1756 357 1224 0.626587
3 1224 357 2322 0.536098
3 2164 1821 409 0.293601
3 1039 1756 1465 0.555103
3 1465 1756 409 0.528574
3 1465 409 1821 0.415986
3 1406 2164 1638 0.238776
3 2043 359 2638 0.396444
3 207 1527 1486 0.228202
3 1486 1527 457 0.269198
3 2239 207 1486 0.237161
3 1486 457 1590 0.314131
3 757 365 1726 0.071776
3 1726 365 210 0.085559
3 1726 210 2013 0.075003
3 1648 2167 2442 0.213764
3 1216 1364 1132 0.372039
3 1216 1132 2722 0.438670
3 2722 2726 1216 0.312703
3 2442 1132 1364 0.291067
3 197 2722 708 0.274393
3 197 708 1504 0.426769
3 197 1504 546 0.336384
3 546 2726 197 0.303850
3 2722 197 2726 0.179087
3 1969 1393 1064 0.121463
3 1393 912 1064 0.232546
3 1109 2649 913 0.199079
3 913 2649 1969 0.168061
3 1638 1641 192 0.314241
3 1638 192 1406 0.302403
3 2740 1634 1406 0.406181
3 2086 2529 846 0.816761
3 2086 846 936 0.741050
3 2340 1592 2200 0.831509
3 2529 1157 1888 0.855692
3 2299 1219 2045 0.851118
3 2463 2697 2703 0.847310
3 2373 1791 255 0.890846
3 2373 255 2602 0.818825
3 2602 255 419 0.823622
3 255 1791 1613 0.940212
3 255 1613 419 0.895633
3 1233 1312 1597 0.454120
3 1581 2137 2393 0.544486
3 1581 2393 2524 0.805827
3 1581 2386 2137 0.297683
3 518 1763 171 0.088677
3 518 171 2715 0.260106
3 518 2715 1869 0.176023
3 518 1869 2395 0.090770
3 1669 1737 508 0.141014
3 508 1737 1499 0.091533
3 508 1506 1669 0.249908
3 1669 1506 2110 0.379321
3 1829 692 1467 0.627348
3 1829 1467 1506 0.388662
3 1829 1506 7 0.255322
3 9 1832 2129 0.787419
3 9 2129 2099 0.584813
3 840 2297 1006 0.918285
3 811 1584 568 0.801123
3 568 1362 1006 0.933911
3 1006 1362 840 0.953819
3 205 568 1584 0.879280
3 205 1584 1236 0.694723
3 1530 1305 574 0.978350
3 1797 1530 1585 0.936732
3 574 1585 1530 0.959224
3 67 574 1305 0.988910
3 2014 1378 1160 0.237170
3 2014 1160 1420 0.325587
3 1169 1414 2764 0.087497
3 2594 868 1169 0.145621
3 1414 1169 868 0.109280
3 1414 1713 2764 0.094093
3 1693 1332 1806 0.050831
3 1713 1693 1806 0.044963
3 1713 1806 2263 0.037115
3 1332 1693 2659 0.087287
3 796 2499 985 0.026493
3 796 628 2499 0.044507
3 796 985 1554 0.031669
3 882 2499 628 0.059566
3 2408 882 628 0.086200
3 985 2499 808 0.043259
3 882 92 2499 0.073160
3 92 882 1542 0.122731
3 1542 435 92 0.194052
3 92 435 808 0.140273
3 92 808 2499 0.065242
3 1462 2033 742 0.430125
3 1462 202 2227 0.416415
3 2227 202 2465 0.545690
3 2643 2033 313 0.400039
3 2559 1286 2071 0.241645
3 2760 2807 2761 0.042029
3 693 1984 724 0.145727
3 1994 1625 1153 0.391853
3 1004 2322 1537 0.239598
3 1004 1537 2696 0.214913
3 1323 2595 2696 0.543548
3 1323 2696 1537 0.409678
3 357 1323 1537 0.588949
3 357 1537 2322 0.398203
3 1465 1821 26 0.423272
3 1465 26 1372 0.527293
3 1821 1406 26 0.342105
3 26 1406 1634 0.359959
3 26 1634 1372 0.519302
3 1369 1491 106 0.774508
3 1592 846 2200 0.881189
3 2200 846 2529 0.805808
3 1810 2676 2279 0.812840
3 1733 342 2512 0.862441
3 2548 2351 2494 0.932134
3 2418 2548 2494 0.931075
3 2299 2351 2548 0.913355
3 2062 2463 2264 0.911284
3 1192 2129 1535 0.879725
3 1535 1514 1192 0.897442
3 1514 1535 1225 0.925868
3 1362 679 768 0.945213
3 1362 568 205 0.929435
3 205 31 1362 0.914841
3 1362 31 679 0.948154
3 1553 1236 1584 0.664605
3 973 1198 615 0.780907
3 1840 1392 1752 0.687609
3 1840 1752 2513 0.628803
3 2004 2672 1576 0.161455
3 469 1576 2672 0.194418
3 1933 1576 469 0.147238
3 2419 94 2004 0.107482
3 1577 94 2419 0.086331
3 425 500 1611 0.184437
3 1611 500 2075 0.591334
3 425 1611 709 0.130041
3 500 2069 2075 0.518857
3 611 122 1892 0.882207
3 2725 2826 170 0.743701
3 122 611 1248 0.922015
3 1248 170 231 0.902325
3 1462 742 2465 0.517372
3 1462 2465 202 0.584200
3 1299 2008 2202 0.863630
3 1139 61 258 0.393278
3 1491 258 61 0.513871
3 1491 61 1439 0.545423
3 2301 61 1139 0.254966
3 2301 1139 834 0.176549
3 1571 1175 1319 0.077119
3 1319 1175 1896 0.092254
3 1896 1175 2411 0.058899
3 2152 1484 1979 0.384795
3 2743 619 2240 0.134241
3 784 2328 794 0.080544
3 784 794 2171 0.086198
3 784 2171 1338 0.092980
3 1479 1435 1175 0.034516
3 1175 1435 2411 0.051689
3 2152 71 1479 0.110863
3 2807 2674 720 0.032825
3 1909 1299 832 0.849766
3 832 1299 2512 0.824095
3 832 2512 342 0.845468
3 832 342 1127 0.927670
3 1310 90 178 0.448406
3 900 457 1527 0.280126
3 900 1527 211 0.279823
3 211 1199 900 0.320285
3 900 1199 1590 0.294140
3 900 1590 457 0.321751
3 2557 2360 1344 0.151485
3 2557 80 2360 0.080138
3 2278 1757 1390 0.106115
3 1390 74 2278 0.140144
3 69 1390 1757 0.138650
3 74 912 2278 0.182398
3 2278 1393 606 0.200379
3 2649 1344 1969 0.102184
3 606 1969 1344 0.074429
3 606 1344 75 0.167774
3 1522 1128 226 0.042832
3 226 1128 1051 0.041778
3 226 1654 1037 0.026522
3 226 1037 1522 0.025875
3 226 1051 1654 0.025478
3 2103 2050 2823 0.069737
3 2103 2823 1784 0.064020
3 2111 2423 2824 0.618475
3 2111 2824 566 0.740108
3 57 686 2825 0.043561
3 57 2825 2076 0.056181
3 809 1399 2834 0.050116
3 809 2834 2253 0.065796
3 1334 2799 2830 0.188115
3 1334 2830 873 0.239378
3 1317 1768 2827 0.087374
3 1317 2827 2021 0.074624
3 231 170 2826 0.764076
3 231 2826 1933 0.436247
3 272 981 2831 0.963134
3 272 2831 2362 0.978856
3 2189 1734 2828 0.969373
3 2189 2828 2046 0.966259
3 1564 1694 2829 0.181551
3 1564 2829 1517 0.121320
3 2166 2044 2832 0.094813
3 2166 2832 2067 0.125220
3 2117 2835 2742 0.764450
3 2691 2836 1126 0.238947
3 615 1198 2833 0.912821
3 615 2833 1305 0.962065
